name,address,latitude,longitude,games,cabs,game_counts,source
AMFマーズ,横浜市中区長者町6-106,35.4428479,139.6311041,gitadora;iidx;jubeat;nostalgia;sdvx,gitadora_dm_arena;gitadora_gf_arena;iidx_lm;sdvx_vm,,eagate
Amusement&Game MAGHREB,多摩市落合1-39-2マグレブビル1F,35.6240240,139.4231960,gitadora;iidx;jubeat;polaris_chord;popn;sdvx,gitadora_dm_arena;gitadora_gf_arena;iidx_lm;popn_pikapika;sdvx_vm,,eagate
AMパークイオンモール奈良登美ヶ丘店,奈良県生駒市鹿畑町３０２７イオンモール専門店街３階,34.7260080,135.7505666,chunithm;ddr;iidx;maimai_dx;other;sdvx,sdvx_vm,,allnet;eagate;ziv
BOX.Q3,名古屋市中村区則武1-16-8第一Uコーポ1F,35.1731010,136.8766030,iidx;other;popn,iidx_lm,,eagate;ziv
CLUB EXA2号館,立川市羽衣町2-11-2プランドール立川1F,35.6961682,139.4292280,nostalgia,,,eagate
G-stage浜町,長崎県長崎市浜町2-26,32.7448472,129.8775421,chunithm;gitadora;iidx;maimai_dx;ongeki;other;popn;sdvx,iidx_lm;popn_pikapika;sdvx_vm,,allnet;eagate;ziv
GAMESPOT VERSUS,荒川区西日暮里5-15-10,35.7319100,139.7680400,iidx;sdvx,iidx_lm;sdvx_vm,,eagate
GAME・パフェ萩,山口県萩市大字椿東3000-5,34.4165984,131.4100396,chunithm;gitadora;iidx;other;popn;project_diva,,,allnet;eagate;ziv
GiGO ALCO越谷ショッピングスクエア,埼玉県越谷市越ケ谷１‐１６‐６,35.8868319,139.7880353,chunithm;gitadora,,,allnet;eagate
K-1BOWL,日立市石名坂町2-2-10,36.5134320,140.6050820,gitadora;nostalgia,,,eagate
Let's Waku2 ベル店,福井市花堂南2-16-1,36.0338395,136.2120541,popn,,,eagate
M's PARK刈谷店,愛知県刈谷市稲場町３−２０６,35.0054807,137.0014037,chunithm;ddr;gitadora;iidx;jubeat;maimai_dx;ongeki;other;popn;sdvx;taiko,ddr_gold;iidx_lm;popn_pikapika;sdvx_vm,chunithm:4;ddr:1;gitadora:2;iidx:1;jubeat:2;maimai_dx:1;ongeki:1;popn:1;sdvx:1;taiko:1,allnet;eagate;ziv
M's PARK豊田店,愛知県豊田市寿町３−２１、２２,35.0566411,137.1400157,chunithm;ddr;gitadora;iidx;jubeat;maimai_dx;nostalgia;ongeki;other;popn;project_diva;reflec;sdvx,ddr_gold;iidx_lm;popn_pikapika;sdvx_vm,,allnet;eagate;ziv
PALOイオンモール津南,津市高茶屋小森町145イオンモール津南3F,34.6696431,136.5178517,chunithm;maimai_dx;ongeki;polaris_chord,,,eagate
SOYUGameField奈良橿原店,奈良県橿原市曲川町7-20-1　イオンモール橿原3F,34.5055231,135.7624537,chunithm;maimai_dx;ongeki;other;polaris_chord,,,allnet;eagate;ziv
あそVIVA本店,福知山市字堀小字上高田2146-1あそVIVA1F,35.2897191,135.1348229,iidx;other;polaris_chord;popn;sdvx,iidx_lm;sdvx_vm,,eagate;ziv
あそビレッジ山形店,山形県山形市成沢西５−３−２７,38.2085455,140.3177274,chunithm;maimai_dx;other;popn,,,allnet;eagate;ziv
あそＶＩＶＡ阪急茨木店,大阪府茨木市永代町６−２スポーツプラザ茨木２Ｆ,34.8179736,135.5763883,chunithm;ddr;gitadora;iidx;maimai_dx;nostalgia;ongeki;polaris_chord;popn;sdvx,ddr_gold;iidx_lm;popn_pikapika;sdvx_vm,,allnet;eagate
えの木　高松店,香川県高松市藤塚町３丁目３−３,34.3358800,134.0537325,chunithm;ddr;gitadora;iidx;jubeat;maimai_dx;ongeki;other;popn;project_diva;sdvx,ddr_gold;gitadora_dm_arena;gitadora_gf_arena;iidx_lm;popn_pikapika;sdvx_vm,,allnet;eagate;ziv
ふぇすたらんど倉敷マスカット店,岡山県倉敷市松島１１６３−２山陽マルナカマスカット店別館３Ｆ,34.6277433,133.8024727,chunithm;maimai_dx;ongeki;other;reflec,,,allnet;eagate;ziv
ふぇすたらんど可部,広島県広島市安佐北区可部7-4-13マルナカ可部店内,34.5233926,132.5115150,chunithm;maimai_dx;ongeki;other;polaris_chord;popn,popn_pikapika,,allnet;eagate;ziv
ゆりの木ボウル,青森県八戸市鷹匠小路１０,40.5066344,141.4932406,gitadora;iidx;maimai_dx;popn;sdvx,iidx_lm;sdvx_vm,,allnet;eagate
アップルグランリバー大井川店,静岡県焼津市下江留１３２７,34.8097010,138.2733246,chunithm;ddr;gitadora;iidx;maimai_dx;nostalgia;ongeki;polaris_chord;popn;project_diva;sdvx,ddr_gold;gitadora_dm_arena;gitadora_gf_arena;iidx_lm;popn_pikapika;sdvx_vm,,allnet;eagate
アップル島田店,静岡県島田市宝来町8-5,34.8266008,138.1874106,chunithm;gitadora;iidx;sdvx,gitadora_dm_arena;iidx_lm;sdvx_vm,,allnet;eagate
アップル新北街道店,静岡県静岡市葵区沓谷5-13-4,34.9982997,138.4134498,chunithm;ddr;gitadora;iidx;maimai_dx;ongeki;other;popn;project_diva;sdvx,ddr_gold;gitadora_dm_arena;iidx_lm;sdvx_vm,,allnet;eagate;ziv
アドアーズ上野アメ横,東京都台東区上野４−９−１４上野Ｋ．ＫビルＢ１〜４階,35.7100380,139.7742682,chunithm;gitadora;iidx;jubeat;ongeki;popn;project_diva;reflec;sdvx;taiko,iidx_lm;sdvx_vm,gitadora:2;iidx:2;jubeat:4;popn:2;project_diva:1;reflec:2;sdvx:2;taiko:1,allnet;eagate;ziv
アドアーズ中野,東京都中野区中野５−５２−１５　ブロードウェイ１８５,35.7091924,139.6656938,chunithm;iidx;maimai_dx;other;polaris_chord;sdvx;taiko,iidx_lm;sdvx_vm,chunithm:3;iidx:1;maimai_dx:1;polaris_chord:2;sdvx:1;taiko:2,allnet;eagate;ziv
アドアーズ亀戸店,東京都江東区亀戸５−２−６サンエービル１〜５階,35.6989635,139.8259037,chunithm;iidx;maimai_dx;popn;sdvx,popn_pikapika;sdvx_vm,,allnet;eagate
アドアーズ仙川,東京都調布市仙川町２−２１−１２　ＶＩＣビル７,35.6624923,139.5840936,chunithm;iidx;sdvx,iidx_lm;sdvx_vm,,allnet;eagate
アドアーズ大和店Ａ館,神奈川県大和市大和東１−４−３大黒屋ビル１、２階,35.4705555,139.4623450,chunithm;iidx;maimai_dx;sdvx,sdvx_vm,,allnet;eagate
アドアーズ新小岩,東京都葛飾区新小岩１−４４−４　ＶＯＲＴ新小岩ビル,35.7162968,139.8582264,chunithm;iidx;maimai_dx;ongeki;sdvx,iidx_lm;sdvx_vm,,allnet;eagate;ziv
アドアーズ札幌北４２条,北海道札幌市東区北４２条東７−１−１　嶋ビル２階,43.1119643,141.3551602,chunithm;gitadora;iidx;maimai_dx;nostalgia;other;taiko,gitadora_dm_arena;gitadora_gf_arena,chunithm:2;gitadora:2;iidx:4;maimai_dx:2;nostalgia:1;taiko:2,allnet;eagate;ziv
アドアーズ横須賀,神奈川県横須賀市本町３−２７横須賀ＡＰＴ１階,35.2806953,139.6622793,chunithm;iidx;maimai_dx;sdvx,sdvx_vm,,allnet;eagate
アドアーズ橋本,神奈川県相模原市緑区橋本３−３−１ＳＩＮＧビル２Ｆ,35.5945224,139.3488614,chunithm;gitadora;iidx;maimai_dx;sdvx,gitadora_dm_arena;gitadora_gf_arena;sdvx_vm,,allnet;eagate
アドアーズ船橋,千葉県船橋市本町１−３１−２６セブン船橋Ｂ１Ｆ〜３Ｆ,35.7005813,139.9844903,chunithm;iidx;maimai_dx;nostalgia;polaris_chord;popn;sdvx;taiko,iidx_lm;popn_pikapika;sdvx_vm,,allnet;eagate
アドアーズ蕨,埼玉県蕨市塚越1-4-4ラ・セーヌビル2階,35.8278164,139.6915592,chunithm;iidx;maimai_dx;ongeki;popn;sdvx,iidx_lm;sdvx_vm,,allnet;eagate
アピナ上尾店,埼玉県上尾市緑丘３−３−１１−２　Ｐ・Ａ・Ｐ・Ａ上尾ＳＣ別棟,35.9882466,139.5808223,chunithm;gitadora;iidx;jubeat;maimai_dx;nostalgia;ongeki;other;polaris_chord;popn;project_diva;sdvx,iidx_lm;popn_pikapika;sdvx_vm,,allnet;eagate;ziv
アピナ上田店,長野県上田市秋和３５９−１,36.4159917,138.2235105,chunithm;gitadora;iidx;jubeat;maimai_dx;nostalgia;ongeki;other;polaris_chord;popn;sdvx,iidx_lm;sdvx_vm,,allnet;eagate;ziv
アピナ上越インター店,新潟県上越市富岡３４３９,37.1542725,138.2556584,chunithm;gitadora;maimai_dx;ongeki;other;popn,popn_pikapika,,allnet;eagate;ziv
アピナ下館店,茨城県筑西市玉戸１０１２−３,36.2954256,139.9456893,chunithm;gitadora;iidx;jubeat;maimai_dx;nostalgia;ongeki;other;polaris_chord;project_diva;sdvx,iidx_lm;sdvx_vm,,allnet;eagate;ziv
アピナ伊那店,長野県伊那市大字西町５０９３,35.8328702,137.9499861,chunithm;ddr;gitadora;iidx;jubeat;maimai_dx;nostalgia;ongeki;other;polaris_chord;project_diva,iidx_lm,,allnet;eagate;ziv
アピナ佐久インター店,長野県佐久市岩村田北１−１３−１,36.2844797,138.4823375,chunithm;drs;gitadora;iidx;jubeat;maimai_dx;ongeki;other;polaris_chord;popn;sdvx,iidx_lm;popn_pikapika;sdvx_vm,,allnet;eagate;ziv
アピナ八王子みなみ野店,東京都八王子市みなみ野１−２−１アクロスモール３Ｆ,35.6306170,139.3292720,chunithm;gitadora;iidx;maimai_dx;ongeki;other;polaris_chord;popn;sdvx,iidx_lm;popn_pikapika;sdvx_vm,,allnet;eagate;ziv
アピナ印西店,千葉県印西市原１−２ビッグホップガーデンモール印西２Ｆ,35.8033914,140.1649455,chunithm;iidx;jubeat;ongeki;other;polaris_chord;popn;sdvx;taiko,iidx_lm;sdvx_vm,,allnet;eagate;ziv
アピナ各務原店,岐阜県各務原市蘇原花園町２丁目９番地１,35.4120854,136.8480680,chunithm;maimai_dx;ongeki;other;sdvx,sdvx_vm,,allnet;eagate;ziv
アピナ名古屋栄店,愛知県名古屋市中区錦３‐１７‐１５ドン・キホーテ栄本店Ｂ１,35.1702098,136.9063906,chunithm;iidx;maimai_dx;other;popn;sdvx;taiko,iidx_lm;popn_pikapika;sdvx_vm,chunithm:9;iidx:3;maimai_dx:6;popn:1;sdvx:4;taiko:6,allnet;eagate;ziv
アピナ四日市店,三重県四日市市泊小柳町４−３４,34.9393248,136.6068238,chunithm;gitadora;iidx;jubeat;maimai_dx;nostalgia;ongeki;other;polaris_chord;popn;project_diva;reflec;sdvx,gitadora_dm_arena;gitadora_gf_arena;iidx_lm;popn_pikapika;sdvx_vm,,allnet;eagate;ziv
アピナ塩尻店,長野県塩尻市広丘野村１７９４−１,36.1415524,137.9538308,chunithm;gitadora;iidx;jubeat;maimai_dx;ongeki;other;project_diva,iidx_lm,,allnet;eagate;ziv
アピナ大須賀店,静岡県掛川市西大渕３３５９,34.6767312,137.9696162,jubeat;ongeki;other;reflec,,,allnet;eagate;ziv
アピナ太田店,群馬県太田市内ケ島町９０７−１,36.2829707,139.3984248,chunithm;ddr;gitadora;iidx;jubeat;maimai_dx;nostalgia;ongeki;other;polaris_chord;popn;project_diva;reflec;sdvx,iidx_lm;popn_pikapika;sdvx_vm,,allnet;eagate;ziv
アピナ姫路店,兵庫県姫路市東郷町１４５４−３姫路リオス２階,34.8269676,134.7151601,chunithm;dance_evo;drs;gitadora;iidx;jubeat;maimai_dx;nostalgia;ongeki;other;polaris_chord;popn;project_diva;reflec;taiko,iidx_lm;popn_pikapika,,allnet;eagate;ziv
アピナ宇都宮店,栃木県河内郡上三川町磯岡４２１ー１ジョイフル本田宇都宮店２階,36.4801944,139.9082222,chunithm;maimai_dx;ongeki;sdvx,sdvx_vm,,allnet;eagate
アピナ富山南店,富山県富山市堀川町３５５−３　マイプラザ内,36.6649370,137.2173196,chunithm;gitadora;iidx;jubeat;maimai_dx;nostalgia;ongeki;polaris_chord;project_diva;sdvx;wacca,iidx_lm;sdvx_vm,,allnet;eagate;ziv
アピナ富山新庄店,富山県富山市荒川３−２−１２,36.6953333,137.2480711,chunithm;gitadora;jubeat;maimai_dx;nostalgia;ongeki;other,,,allnet;eagate;ziv
アピナ富山豊田店,富山県富山市豊田町２丁目１２−６６,36.7210181,137.2355046,chunithm;ddr;drs;gitadora;iidx;jubeat;maimai_dx;nostalgia;ongeki;other;polaris_chord;popn;project_diva;reflec;sdvx,ddr_gold;gitadora_dm_arena;gitadora_gf_arena;iidx_lm;popn_pikapika;sdvx_vm,,allnet;eagate;ziv
アピナ富谷店,宮城県富谷市大清水１丁目３３‐１　１０９シネマズ富谷１階,38.3648779,140.8752317,chunithm;ddr;gitadora;maimai_dx;ongeki;other;polaris_chord;popn;sdvx,ddr_gold;sdvx_vm,,allnet;eagate;ziv
アピナ小山店,栃木県小山市駅南町４−２７−１８,36.3004010,139.8091238,chunithm;drs;gitadora;iidx;jubeat;maimai_dx;nostalgia;ongeki;other;polaris_chord;popn;sdvx,iidx_lm;popn_pikapika;sdvx_vm,,allnet;eagate;ziv
アピナ川越店,埼玉県川越市泉町１−１　ウニクス南古谷シネマ棟１Ｆ,35.9038204,139.5153346,chunithm;gitadora;iidx;maimai_dx;ongeki;other;polaris_chord;popn;sdvx,iidx_lm;popn_pikapika;sdvx_vm,,allnet;eagate;ziv
アピナ新千歳空港店,北海道千歳市美々1292番地33新千歳空港国内線旅客ﾀｰﾐﾅﾙﾋﾞﾙ4F,42.7871266,141.6805602,jubeat;ongeki;other;project_diva;taiko,,jubeat:1;ongeki:1;project_diva:1;taiko:2,allnet;eagate;ziv
アピナ本巣店,本巣市政田字下西浦1986イオンタウン本巣内,35.4326960,136.6400994,other;popn,,,eagate;ziv
アピナ松本店,長野県松本市双葉１９−１０,36.2105026,137.9615503,chunithm;dance_evo;ddr;drs;gitadora;iidx;jubeat;maimai_dx;nostalgia;ongeki;other;polaris_chord;popn;project_diva;reflec;sdvx,ddr_gold;gitadora_dm_arena;gitadora_gf_arena;iidx_lm;popn_pikapika;sdvx_vm,,allnet;eagate;ziv
アピナ橋本店,神奈川県相模原市緑区西橋本５−１−１ラ・フロール駐車場棟１階,35.5973214,139.3373139,chunithm;gitadora;iidx;maimai_dx;nostalgia;ongeki;other;polaris_chord;popn;project_diva;sdvx,iidx_lm;popn_pikapika;sdvx_vm,,allnet;eagate;ziv
アピナ浜松店,静岡県浜松市中央区葵西２−２７−１０,34.7674101,137.7081848,chunithm;gitadora;iidx;maimai_dx;ongeki;other;polaris_chord;sdvx,iidx_lm;sdvx_vm,,allnet;eagate;ziv
アピナ焼津店,静岡県焼津市道原５８５,34.8335667,138.3059799,chunithm;gitadora;iidx;maimai_dx;nostalgia;ongeki;other;popn;reflec;sdvx;taiko,iidx_lm;sdvx_vm,chunithm:3;gitadora:2;iidx:1;maimai_dx:1;nostalgia:1;ongeki:2;popn:1;reflec:1;sdvx:2;taiko:1,allnet;eagate;ziv
アピナ磐田店,静岡県磐田市西貝塚横須賀道北3690イオンタウン磐田内,34.7270625,137.8772654,chunithm;gitadora;maimai_dx;nostalgia;ongeki;other;popn;reflec,,,allnet;eagate;ziv
アピナ米子店,鳥取県米子市米原二丁目１３２０番地１メガドン・キホーテ３階,35.4422830,133.3300695,chunithm;iidx;maimai_dx;ongeki;sdvx,iidx_lm;sdvx_vm,,allnet;eagate
アピナ荻窪店,東京都杉並区上荻１−１３−１０ハクサンビル,35.7050135,139.6181738,chunithm;ddr;iidx;maimai_dx;ongeki;other;polaris_chord;popn;sdvx,ddr_gold;iidx_lm;popn_pikapika;sdvx_vm,,allnet;eagate;ziv
アピナ豊橋,愛知県豊橋市藤沢町１４１ホリデイ・スクエアＡＭ棟１階,34.7445532,137.3713362,chunithm;iidx;maimai_dx;ongeki;other;polaris_chord;popn;sdvx,iidx_lm;popn_pikapika;sdvx_vm,,allnet;eagate;ziv
アピナ野々市バッティングスタジアム,石川県野々市市若松町５−５,36.5367471,136.6110606,chunithm;jubeat;other;popn;project_diva;reflec;taiko,,,allnet;eagate;ziv
アピナ野々市店,石川県野々市市白山町４−１イオンタウン野々市店内,36.5273856,136.6121969,chunithm;gitadora;iidx;maimai_dx;ongeki;other;taiko,iidx_lm,,allnet;eagate;ziv
アピナ野田七光台店,千葉県野田市七光台４−２,35.9823488,139.8501379,chunithm;nostalgia;other;popn;taiko,,,allnet;eagate;ziv
アピナ鈴鹿店,三重県鈴鹿市庄野羽山4-20-1イオンタウン鈴鹿2階,34.8721888,136.5270464,chunithm;gitadora;maimai_dx;nostalgia;ongeki;other,,,allnet;eagate;ziv
アピナ長岡店,新潟県長岡市堺東町２２,37.4579741,138.8131975,chunithm;drs;gitadora;iidx;jubeat;maimai_dx;nostalgia;ongeki;other;polaris_chord;popn;project_diva;sdvx,gitadora_dm_arena;gitadora_gf_arena;iidx_lm;popn_pikapika;sdvx_vm,,allnet;eagate;ziv
アピナ長野大橋店,長野県長野市若里７−９−１２,36.6265335,138.2002093,chunithm;gitadora;iidx;maimai_dx;nostalgia;ongeki;other;sdvx,iidx_lm;sdvx_vm,,allnet;eagate;ziv
アピナ長野川中島店,長野県長野市川中島町御厨９６７−１,36.5980241,138.1574813,chunithm;gitadora;iidx;maimai_dx;ongeki;other;polaris_chord;popn;sdvx,iidx_lm;popn_pikapika;sdvx_vm,,allnet;eagate;ziv
アピナ飯田店,長野県飯田市座光寺３７２８−１,35.5299738,137.8597012,chunithm;gitadora;iidx;jubeat;maimai_dx;nostalgia;ongeki;other;popn;project_diva;reflec;sdvx,iidx_lm;sdvx_vm,,allnet;eagate;ziv
アピナ鶴岡店,山形県鶴岡市文下字広野１−１,38.7581392,139.8443827,chunithm;drs;gitadora;iidx;jubeat;maimai_dx;nostalgia;ongeki;other;polaris_chord;popn;sdvx,iidx_lm;sdvx_vm,,allnet;eagate;ziv
アポロゲームセンター沖洲店,徳島県徳島市南沖洲１−９３,34.0671378,134.5828205,chunithm;ddr;gitadora;iidx;maimai_dx;nostalgia;other,iidx_lm,,allnet;eagate;ziv
アミパラがいな店,鳥取県米子市日ノ出町１−８−１３,35.4377737,133.3391965,chunithm;ddr;gitadora;iidx;maimai_dx;ongeki;other;polaris_chord;popn;sdvx,gitadora_dm_arena;gitadora_gf_arena;iidx_lm;popn_pikapika;sdvx_vm,,allnet;eagate;ziv
アミパラここじゃ店,広島県東広島市西条町下見６−１０−１９,34.4075855,132.7155369,chunithm;ddr;gitadora;iidx;maimai_dx;ongeki;other;polaris_chord;popn;sdvx,ddr_gold;gitadora_dm_arena;gitadora_gf_arena;iidx_lm;popn_pikapika;sdvx_vm,,allnet;eagate;ziv
アミパラテクノランド店,岡山県岡山市北区大和町１−７−１２,34.6791764,133.9274976,chunithm;ddr;drs;gitadora;iidx;maimai_dx;ongeki;other;polaris_chord;popn;sdvx;taiko,gitadora_dm_arena;gitadora_gf_arena;iidx_lm;popn_pikapika;sdvx_vm,chunithm:3;ddr:1;drs:1;gitadora:2;iidx:2;maimai_dx:3;ongeki:3;polaris_chord:1;popn:1;sdvx:2;taiko:2,allnet;eagate;ziv
アミパラ下関駅南店,山口県下関市東大和町１丁目３ー１５,33.9453095,130.9205149,chunithm;ddr;gitadora;iidx;maimai_dx;ongeki;polaris_chord;popn;sdvx,gitadora_dm_arena;gitadora_gf_arena;iidx_lm;popn_pikapika;sdvx_vm,,allnet;eagate
アミパラ丸亀店,香川県丸亀市飯野町西分字川縁甲５８４−１　ハローズ棟内,34.2848078,133.8210303,chunithm;ddr;gitadora;iidx;maimai_dx;ongeki;other;sdvx,sdvx_vm,,allnet;eagate;ziv
アミパラ佐世保店,長崎県佐世保市大塔町１８−１５,33.1500003,129.7803082,chunithm;ddr;drs;gitadora;iidx;jubeat;maimai_dx;ongeki;other;polaris_chord;popn;sdvx,iidx_lm;sdvx_vm,,allnet;eagate;ziv
アミパラ倉敷店,岡山県倉敷市西中新田624-1アミパラボウル1F,34.5835441,133.7713238,chunithm;ddr;gitadora;iidx;maimai_dx;ongeki;other;polaris_chord;popn;sdvx,ddr_gold;gitadora_dm_arena;gitadora_gf_arena;iidx_lm;popn_pikapika;sdvx_vm,,allnet;eagate;ziv
アミパラ周南久米店,山口県周南市大字久米２８３４　イオンタウン周南久米,34.0367490,131.8427470,chunithm;maimai_dx;other;sdvx,sdvx_vm,,allnet;eagate;ziv
アミパラ大東店,大阪府大東市南新田２丁目３番５号,34.7011363,135.6385970,chunithm;ddr;gitadora;iidx;maimai_dx;ongeki;polaris_chord,ddr_gold;iidx_lm,,allnet;eagate
アミパラ岡山店,岡山県岡山市北区青江１丁目１３ー８,34.6362117,133.9199885,chunithm;ddr;gitadora;iidx;jubeat;maimai_dx;ongeki;other;popn;project_diva;sdvx,gitadora_dm_arena;gitadora_gf_arena;iidx_lm;popn_pikapika;sdvx_vm,,allnet;eagate;ziv
アミパラ広島店,広島市西区西観音町3-17,34.3935043,132.4360428,other;sdvx,sdvx_vm,,eagate;ziv
アミパラ東岡山店,岡山市中区高屋308-1フレスポ高屋2F,34.6724377,133.9671516,gitadora,,,eagate
アミパラ橿原店,奈良県橿原市十市町1222-1ツインゲート橿原１F,34.5294150,135.7968476,chunithm;ddr;gitadora;iidx;maimai_dx;ongeki;other;polaris_chord;popn;sdvx,gitadora_dm_arena;gitadora_gf_arena;iidx_lm;popn_pikapika;sdvx_vm,,allnet;eagate;ziv
アミパラ津山店,岡山県津山市河辺１０００−１イオンモール津山２Ｆ,35.0650815,134.0464219,chunithm;iidx;maimai_dx;ongeki;other;sdvx,iidx_lm;sdvx_vm,,allnet;eagate;ziv
アミパラ鈴鹿店,三重県鈴鹿市西条町字東澤430-1,34.8752638,136.5711436,chunithm;iidx;maimai_dx;ongeki;polaris_chord,iidx_lm,,allnet;eagate
アミパラ高知店,高知県南国市篠原１９４−１,33.5679737,133.6344573,chunithm;ddr;gitadora;iidx;maimai_dx;ongeki;other;polaris_chord;project_diva;sdvx,ddr_gold;iidx_lm;sdvx_vm,,allnet;eagate;ziv
アミュージアム南アルプス店,南アルプス市小笠原1423-1トライアル南アルプス店1F,35.6180690,138.4672320,jubeat;nostalgia;reflec,,,eagate
アミュージアム津島店,愛知県津島市大字津島字北新開351番地ﾖｼﾂﾞﾔ津島本店ｼﾈﾏ館2F,35.1746003,136.7464136,chunithm;maimai_dx;ongeki;other;popn,,,allnet;eagate;ziv
アミューズジョイBOX,那覇市首里儀保町3-16,26.2244989,127.7195189,iidx,,,eagate
アミューズスペースミール,兵庫県三田市対中町５−２１,34.8806357,135.2295503,chunithm;gitadora;iidx;jubeat;nostalgia;other;popn;project_diva;sdvx,gitadora_dm_arena;gitadora_gf_arena;iidx_lm;sdvx_vm,,allnet;eagate;ziv
アミューズパーク郡山,福島県郡山市安積町日出山2丁目80,37.3744131,140.3839021,chunithm;iidx;jubeat;other;sdvx,iidx_lm;sdvx_vm,,allnet;eagate;ziv
アミューズビバ,茨城県ひたちなか市東大島２−１１−１１,36.4063750,140.5318511,chunithm;ddr;gitadora;iidx;jubeat;maimai_dx;nostalgia;ongeki;polaris_chord;popn;project_diva;sdvx,ddr_gold;iidx_lm;popn_pikapika;sdvx_vm,,allnet;eagate
アミューズメントエース津田沼,千葉県船橋市前原西２−１５−１ファシービル,35.6922777,140.0201815,chunithm;ddr;gitadora;iidx;jubeat;maimai_dx;nostalgia;ongeki;other;polaris_chord;popn;sdvx;taiko,ddr_gold;gitadora_dm_arena;gitadora_gf_arena;iidx_lm;popn_pikapika;sdvx_vm,,allnet;eagate;ziv
アミューズメントクラブ浦和,埼玉県さいたま市浦和区仲町1-10-7,35.8602600,139.6535399,chunithm;jubeat;maimai_dx;nostalgia;ongeki;project_diva,,,allnet;eagate
アミューズメントスペースASO：VIBA！,東京都渋谷区恵比寿1-10-5三恵エビスビル2F,35.6467821,139.7110171,chunithm;iidx;maimai_dx;ongeki;other;polaris_chord;popn;sdvx;taiko,iidx_lm;popn_pikapika;sdvx_vm,chunithm:2;iidx:1;maimai_dx:1;ongeki:1;polaris_chord:1;popn:1;sdvx:1;taiko:2,allnet;eagate;ziv;otogesetchi
アミューズメントスペースコミ丸四日市店,三重県四日市市鵜の森1-3-19,34.9664199,136.6164714,chunithm;ddr;iidx;maimai_dx;nostalgia;ongeki;polaris_chord;popn;sdvx,ddr_gold;gitadora_dm_arena;iidx_lm;popn_pikapika;sdvx_vm,,allnet;eagate
アミューズメントスペース遊ランド士別,北海道士別市大通東８,44.1739175,142.3943263,chunithm;jubeat;ongeki;other,,,allnet;eagate;ziv
アミューズメントスペース遊ランド春光店,北海道旭川市春光1条7丁目2-25,43.7981968,142.3740362,chunithm;drs;groove_coaster;iidx;jubeat;maimai_dx;nostalgia;ongeki;other;popn;sdvx;taiko,iidx_lm;sdvx_vm,,allnet;eagate;ziv
アミューズメントスペース遊ランド稚内店,北海道稚内市港５丁目８−１５,45.4006983,141.6808192,chunithm;gitadora;iidx;jubeat;nostalgia;ongeki;other;popn;project_diva;reflec;sdvx,sdvx_vm,,allnet;eagate;ziv
アミューズメントパフェパレパレ田宮店,徳島県徳島市南田宮２−２−４６,34.0861319,134.5427222,chunithm;gitadora;jubeat;maimai_dx;ongeki;other;popn,,,allnet;eagate;ziv
アミューズメントパレスワンダーヴュー阿見店,稲敷郡阿見町大字阿見2958ショッピングセンターマイ･アミ2F,36.0422309,140.2100215,gitadora;iidx;sdvx,iidx_lm;sdvx_vm,iidx:3,eagate;ziv
アミューズメントパークMGレインボー店,高松市多肥下町字凹原630マルナカパワシティレインボー店2F,34.2996539,134.0588105,iidx;other;popn,iidx_lm,,eagate;ziv
アミューズメントパークＭＧキスケ,愛媛県松山市宮田町４　キスケボックス内１階,33.8413598,132.7528735,chunithm;ddr;gitadora;iidx;jubeat;maimai_dx;nostalgia;ongeki;other;polaris_chord;popn;project_diva;sdvx,ddr_gold;gitadora_dm_arena;gitadora_gf_arena;iidx_lm;sdvx_vm,,allnet;eagate;ziv
アミューズメントパークＭＧジアス,広島県福山市柳津町１−７−６０,34.4406368,133.2606430,chunithm;gitadora;ongeki;other;polaris_chord;popn;sdvx,sdvx_vm,,allnet;eagate;ziv
アミューズメントパークＭＧ伊予三島,愛媛県四国中央市中之庄町７５−１　アイランド三島内,33.9745392,133.5287779,chunithm;gitadora;iidx;ongeki;other;polaris_chord;popn;sdvx,iidx_lm;sdvx_vm,,allnet;eagate;ziv
アミューズメントパークＭＧ大街道,愛媛県松山市大街道１−４−１７,33.8378938,132.7698832,chunithm;iidx;maimai_dx;ongeki;other;popn;sdvx,iidx_lm;sdvx_vm,,allnet;eagate;ziv
アミューズメントパークＭＧ東予,愛媛県西条市周布７１５−１　フジ東予店　別棟,33.9204600,133.0775400,chunithm;ddr;gitadora;nostalgia;ongeki;polaris_chord;popn;project_diva,,,allnet;eagate
アミューズメントパークＭＧ西条,愛媛県西条市新田字北新田２３５フジグラン西条　別棟,33.9251294,133.1826449,chunithm;ongeki;other;sdvx,sdvx_vm,,allnet;eagate;ziv
アミューズメントヒカリ,宇都宮市江野町7-13ヒカリビル1F,36.5600400,139.8816700,gitadora;iidx;nostalgia;popn,,,eagate
アミューズメントフィールドバイヨン,埼玉県ふじみ野市うれし野２−１６−１LCモールうれし野２Ｆ,35.8561384,139.5223952,chunithm;gitadora;iidx;jubeat;maimai_dx;nostalgia;popn;sdvx,gitadora_dm_arena;gitadora_gf_arena;iidx_lm;sdvx_vm,,allnet;eagate
アミューズメントワールドメトロポリス小牧,愛知県小牧市村中新町３３,35.2959343,136.9056166,chunithm;iidx;maimai_dx;ongeki;other;polaris_chord;popn;sdvx;taiko,iidx_lm;popn_pikapika;sdvx_vm,chunithm:2;iidx:2;maimai_dx:2;ongeki:2;polaris_chord:1;sdvx:2;taiko:2,allnet;eagate;ziv
アミューズメントＣＵＥ京都円町店,京都府京都市中京区西ノ京西円町４０,35.0188326,135.7311504,chunithm;ddr;gitadora;iidx;jubeat;maimai_dx;nostalgia;ongeki;popn;reflec;sdvx;taiko,gitadora_dm_arena;gitadora_gf_arena;iidx_lm;sdvx_vm,chunithm:4;ddr:1;gitadora:2;iidx:2;jubeat:1;maimai_dx:2;nostalgia:1;ongeki:2;popn:1;reflec:1;sdvx:1;taiko:3,allnet;eagate;ziv
アミューズメントＣＵＥ奈良三条店,奈良県奈良市三条町478-1,34.6817818,135.8221376,chunithm;ddr;drs;gitadora;iidx;jubeat;maimai_dx;ongeki;other;popn;project_diva;sdvx;taiko;wacca,gitadora_dm_arena;gitadora_gf_arena;iidx_lm;sdvx_vm,chunithm:2;ddr:1;drs:1;gitadora:2;iidx:2;jubeat:2;maimai_dx:2;ongeki:4;popn:2;project_diva:1;sdvx:2;taiko:1;wacca:1,allnet;eagate;ziv
アミューズメントＣＵＥ奈良大和高田店,奈良県大和高田市東中２−１１−１６,34.4997760,135.7355951,chunithm;ddr;gitadora;iidx;jubeat;maimai_dx;ongeki;other;popn;sdvx,gitadora_dm_arena;gitadora_gf_arena;iidx_lm;sdvx_vm,,allnet;eagate;ziv
アミューズメントＦＵＮＦＵＮ越谷店,埼玉県越谷市南荻島２７７０−１,35.9128551,139.7712022,chunithm;iidx;ongeki,iidx_lm,,allnet;eagate
アミューズランドモナコ川越店,埼玉県川越市新富町2-4-1,35.9132940,139.4831383,chunithm;ddr;gitadora;iidx;jubeat;maimai_dx;ongeki;other;polaris_chord;popn;project_diva;reflec;sdvx;taiko,iidx_lm;popn_pikapika;sdvx_vm,ddr:2;gitadora:5;iidx:3;jubeat:7;popn:2;project_diva:3;reflec:6;sdvx:6;taiko:2,allnet;eagate;ziv
アミューズランドモナコ調布駅前店,東京都調布市布田４−２−２２,35.6512163,139.5443517,chunithm;iidx;maimai_dx;ongeki;polaris_chord;sdvx,iidx_lm;sdvx_vm,,allnet;eagate
アルゴ,神戸市中央区下山手通1-1-8,34.6939218,135.1914556,ddr;gitadora;iidx;nostalgia;polaris_chord;popn;sdvx,ddr_gold;gitadora_dm_arena;gitadora_gf_arena;iidx_lm;popn_pikapika;sdvx_vm,,eagate
アル・プラザボウル鯖江,福井県鯖江市下河端町１６字下町６−１,35.9683629,136.1886629,chunithm;iidx;reflec,iidx_lm,,allnet;eagate
アレックス,山口県宇部市西宇部南３−５−５３,33.9993804,131.2201177,chunithm;iidx;maimai_dx;ongeki;other;sdvx,iidx_lm;sdvx_vm,,allnet;eagate;ziv
アーチ北山バッティングセンター,豊橋市北山町字西ノ原40-20,34.7328155,137.3977467,jubeat;other,,,eagate;ziv
イスカンダル,千葉県木更津市潮見４−１−２,35.3696837,139.9175383,chunithm;iidx;maimai_dx;ongeki;other;sdvx;taiko,iidx_lm;sdvx_vm,,allnet;eagate;ziv
イミグランデ大和店,神奈川県大和市鶴間2-12-27,35.4914957,139.4548227,chunithm;ddr;gitadora;iidx;jubeat;popn;sdvx,gitadora_dm_arena;gitadora_gf_arena;iidx_lm;sdvx_vm,,allnet;eagate
イミグランデ日吉店３,神奈川県横浜市港北区日吉2−2−4,35.5544916,139.6466110,chunithm;ddr;gitadora;iidx;jubeat;maimai_dx;ongeki;popn;sdvx,ddr_gold;gitadora_dm_arena;gitadora_gf_arena;iidx_lm;popn_pikapika;sdvx_vm,,allnet;eagate
イミグランデ本厚木店,神奈川県厚木市中町３−２−１,35.4394850,139.3615862,chunithm;ddr;gitadora;iidx;jubeat;ongeki;popn;project_diva;sdvx,iidx_lm;sdvx_vm,,allnet;eagate
イミグランデ溝口店２,神奈川県川崎市高津区溝口1-14-7第2カスタムビル,35.6004909,139.6144708,chunithm;gitadora;iidx;jubeat;maimai_dx;ongeki;popn;sdvx,gitadora_dm_arena;gitadora_gf_arena;iidx_lm;sdvx_vm,,allnet;eagate
インターパークプラスワン 宇都宮店,宇都宮市インターパーク6-5-1,36.4882211,139.9053211,ddr;drs;gitadora;iidx;jubeat;nostalgia;polaris_chord;popn;sdvx,ddr_gold;gitadora_dm_arena;gitadora_gf_arena;iidx_lm;popn_pikapika;sdvx_vm,,eagate
インターワールド伊勢崎店,群馬県伊勢崎市宮子町３４２５−４,36.3315214,139.1625033,chunithm;gitadora;iidx;jubeat;maimai_dx;nostalgia;ongeki;polaris_chord;popn;project_diva;sdvx,gitadora_dm_arena;gitadora_gf_arena;iidx_lm;sdvx_vm,,allnet;eagate
イーグルボウル,十和田市東四番町3-39,40.6088200,141.2211200,popn,,,eagate
ウェアハウス一橋学園店,東京都小平市学園東町１丁目４番３９号平山ビル３Ｆ,35.7234026,139.4807157,chunithm;iidx;jubeat;maimai_dx;ongeki;project_diva;sdvx,iidx_lm;sdvx_vm,,allnet;eagate
ウェアハウス三橋店,埼玉県さいたま市西区三橋６ー９５５ー１,35.9157914,139.5958473,chunithm;gitadora;iidx;jubeat;maimai_dx;nostalgia;ongeki;other;popn;project_diva;reflec;sdvx,iidx_lm;sdvx_vm,,allnet;eagate;ziv
ウェアハウス上尾店,埼玉県上尾市二ツ宮１０４４,35.9812984,139.5998607,chunithm;gitadora;iidx;maimai_dx;ongeki;sdvx,iidx_lm;sdvx_vm,,allnet;eagate
ウェアハウス保木間店,東京都足立区保木間１ー１ー１９,35.7891796,139.8033169,chunithm;gitadora;iidx;jubeat;maimai_dx;ongeki;popn;sdvx,iidx_lm;sdvx_vm,,allnet;eagate
ウェアハウス入谷店,東京都足立区入谷７ー８ー１１,35.8011192,139.7610034,chunithm;ddr;gitadora;iidx;jubeat;maimai_dx;nostalgia;ongeki;popn;reflec;sdvx,iidx_lm;sdvx_vm,,allnet;eagate
ウェアハウス四万十店,高知県四万十市右山五月町８−１３アピアさつき２F,32.9871096,132.9392991,chunithm;gitadora;iidx;jubeat;maimai_dx;ongeki;other;popn;project_diva;sdvx,iidx_lm;sdvx_vm,,allnet;eagate;ziv
ウェアハウス岩槻店,埼玉県さいたま市岩槻区加倉３ー３ー６３,35.9411790,139.6861123,chunithm;gitadora;iidx;jubeat;maimai_dx;nostalgia;ongeki;other;reflec;sdvx,iidx_lm;sdvx_vm,,allnet;eagate;ziv
ウェアハウス草加店別館,埼玉県草加市稲荷２ー３６ー３３,35.8298831,139.8205853,chunithm;ddr;drs;gitadora;iidx;jubeat;maimai_dx;ongeki;project_diva;reflec;sdvx,iidx_lm;sdvx_vm,,allnet;eagate
ウェアハウス越谷店,埼玉県越谷市南荻島８４１ー１,35.9119605,139.7637724,chunithm;gitadora;iidx;jubeat;maimai_dx;ongeki;popn;sdvx,iidx_lm;sdvx_vm,,allnet;eagate
エースレーン堅田,滋賀県大津市今堅田２−４０−１０,35.1246449,135.9194342,chunithm;gitadora;maimai_dx;ongeki;other;popn;sdvx,sdvx_vm,,allnet;eagate;ziv
エースレーン守山,滋賀県守山市播磨田町２３１−４ＡＣＴ守山３番館内,35.0678892,135.9958577,chunithm;iidx;maimai_dx;nostalgia;ongeki;other;sdvx,iidx_lm;sdvx_vm,,allnet;eagate;ziv
エースレーン草津,草津市野路3-1-11,34.9996569,135.9463199,ddr;gitadora;iidx;jubeat;other;popn;sdvx,ddr_gold;gitadora_dm_arena;gitadora_gf_arena;iidx_lm;sdvx_vm,,eagate;ziv
エースレーン近江八幡店,滋賀県近江八幡市出町７３６アクトビル１Ｆ,35.1318688,136.1023034,chunithm;ddr;gitadora;iidx;jubeat;maimai_dx;ongeki;sdvx,ddr_gold;gitadora_dm_arena;gitadora_gf_arena;iidx_lm;sdvx_vm,,allnet;eagate
オリエンタルバッティング可児店,岐阜県可児市今渡６９５−１,35.4295361,137.0390542,chunithm;ddr;gitadora;iidx;maimai_dx;ongeki;sdvx,sdvx_vm,,allnet;eagate
オレンジハット沖之郷店,太田市沖之郷町447-3,36.2952560,139.4371920,popn,,,eagate
カプコサーカス新潟東店,新潟県新潟市東区大形本町３−１−２　ジャスコシティ新潟東,37.9248691,139.1146199,chunithm;iidx;maimai_dx;ongeki;other;popn,,,allnet;eagate;ziv
キッズサーカスシピィ店,福井県越前市新町７−８シピィ２階,35.9043403,136.1521819,chunithm;gitadora;jubeat;maimai_dx,,,allnet;eagate
キッズサーカス奈良柏木店,奈良県奈良市柏木町４５６−１,34.6718191,135.7991956,chunithm;maimai_dx;ongeki;other;polaris_chord,,,allnet;eagate;ziv
キャッツアイミュンヘン大橋店,北海道札幌市豊平区平岸１条２３丁目８０１−１,43.0139790,141.3550130,chunithm;iidx;maimai_dx;other;sdvx,sdvx_vm,,allnet;eagate;ziv
キャッツアイ八千代店,千葉県八千代市緑が丘西２丁目１３番地３　ｉｓｍ緑ヶ丘内,35.7335775,140.0724747,chunithm;gitadora;iidx;maimai_dx;ongeki;popn;taiko,,,allnet;eagate
キャッツアイ宮の沢店,北海道札幌市手稲区西宮の沢５条２丁目１１−１５,43.0963919,141.2576566,chunithm;iidx;maimai_dx;other;taiko,iidx_lm,chunithm:2;iidx:2;maimai_dx:1;taiko:2,allnet;eagate;ziv
キャッツアイ恵庭店,北海道恵庭市住吉町２丁目９−１,42.8759049,141.5835042,chunithm;gitadora;iidx;jubeat;maimai_dx;ongeki;other;popn,gitadora_dm_arena;gitadora_gf_arena,,allnet;eagate;ziv
キャッツアイ新川店,北海道札幌市北区新川二条７丁目１ー７,43.1007366,141.3102954,chunithm;gitadora;iidx;jubeat;maimai_dx;ongeki;other,gitadora_dm_arena;gitadora_gf_arena,,allnet;eagate;ziv
キャッツアイ新札幌店,北海道札幌市厚別区厚別東五条１ー２−１０,43.0452612,141.4757970,chunithm;ddr;gitadora;iidx;jubeat;maimai_dx;ongeki;other;polaris_chord;popn;project_diva;reflec;sdvx,gitadora_dm_arena;gitadora_gf_arena;iidx_lm;sdvx_vm,,allnet;eagate;ziv
キャッツアイ東苗穂店,北海道札幌市東区東苗穂６条２丁目１−２５,43.0923402,141.4069974,chunithm;gitadora;iidx;jubeat;maimai_dx;ongeki;other,,,allnet;eagate;ziv
キャッツアイ栄通店,北海道札幌市白石区栄通１９丁目１１−４３,43.0253476,141.4366311,chunithm;iidx;maimai_dx;other,,,allnet;eagate;ziv
キャッツアイ清田店,北海道札幌市清田区清田１条１−２０−１,43.0029841,141.4363969,chunithm;gitadora;iidx;maimai_dx;ongeki;other;popn;sdvx,iidx_lm;sdvx_vm,,allnet;eagate;ziv
キャッツアイ篠路店,北海道札幌市北区篠路１条４丁目６ー３０,43.1406639,141.3572109,chunithm;gitadora;iidx;maimai_dx;ongeki;other;popn;project_diva,,,allnet;eagate;ziv
キャッツアイ苫小牧駅前店,北海道苫小牧市木場町１丁目３番地２,42.6417399,141.5976863,chunithm;iidx;maimai_dx;other,iidx_lm,,allnet;eagate;ziv
キャッツアイ静内店,北海道日高郡新ひだか町静内木場町２丁目１−４１,42.3414196,142.3556497,chunithm;iidx;maimai_dx;other,,,allnet;eagate;ziv
キャロム坂戸店,埼玉県坂戸市関間2-151-1,35.9526038,139.3985338,chunithm;gitadora;iidx;jubeat;maimai_dx;ongeki;popn,,,allnet;eagate
キャロム所沢店,埼玉県所沢市下安松969-1,35.7915180,139.5041488,chunithm;gitadora;iidx;maimai_dx;reflec,,,allnet;eagate
キャロム青梅店,東京都青梅市千ケ瀬町4-326-1,35.7860653,139.2699665,chunithm;gitadora;iidx;maimai_dx;ongeki;popn,,,allnet;eagate
キョーイチアミューズメントパーク吉祥院,京都市南区吉祥院石原長田町1-2,34.9658897,135.7248239,reflec,,,eagate
ギガステーション戸田店,埼玉県戸田市大字美女木943-7,35.8341511,139.6533792,maimai_dx;ongeki;sdvx,sdvx_vm,,allnet;eagate
クァトロブーム小杉,富山県射水市三ケ2602,36.7193930,137.0916633,chunithm;ddr;gitadora;jubeat;maimai_dx;ongeki;other;sdvx,sdvx_vm,,allnet;eagate;ziv
ゲーム　アルカナ,愛知県稲沢市朝府町２−３３,35.2518633,136.7788012,chunithm;iidx;maimai_dx;ongeki;other;popn,,,allnet;eagate;ziv
ゲームえの木,高知市旭町3-104,33.5561172,133.5064153,gitadora;iidx,gitadora_gf_arena;iidx_lm,,eagate
ゲームアイビス太子,兵庫県揖保郡太子町太田２１４９,34.8322249,134.6000040,chunithm;iidx;maimai_dx;ongeki;other;sdvx,iidx_lm;sdvx_vm,,allnet;eagate;ziv
ゲームインプリンス,静岡県静岡市清水区天神1-2-6,35.0241515,138.4798096,chunithm;iidx;maimai_dx;polaris_chord,,,allnet;eagate
ゲームガリバー,千葉県柏市柏１‐１‐１１,35.8616855,139.9711177,chunithm;gitadora;iidx;maimai_dx;nostalgia;polaris_chord;popn;sdvx;taiko,iidx_lm;sdvx_vm,,allnet;eagate
ゲームキングジョイ,愛知県名古屋市中区栄３‐３‐３２,35.1679815,136.9049511,chunithm;dance_evo;ddr;drs;gitadora;groove_coaster;iidx;jubeat;maimai_dx;nostalgia;ongeki;other;polaris_chord;popn;reflec;sdvx;taiko;wacca,ddr_gold;gitadora_dm_arena;gitadora_gf_arena;iidx_lm;popn_pikapika;sdvx_vm,chunithm:10;dance_evo:1;ddr:3;drs:1;gitadora:2;groove_coaster:1;iidx:9;jubeat:3;maimai_dx:4;nostalgia:3;ongeki:10;polaris_chord:8;popn:4;reflec:2;sdvx:9;taiko:5;wacca:1,allnet;eagate;ziv
ゲームコーナー東部,宮城県仙台市若林区六丁の目中町26-60 斎喜東部ビル2F,38.2509985,140.9439369,chunithm;dance_evo;ddr;drs;gitadora;iidx;jubeat;maimai_dx;nostalgia;ongeki;polaris_chord;popn;project_diva;reflec;sdvx;wacca,ddr_gold;gitadora_dm_arena;gitadora_gf_arena;iidx_lm;popn_pikapika;sdvx_vm,wacca:2,allnet;eagate;ziv
ゲームサファリ大山,東京都板橋区大山東町60-10やすだ大山駅前店2F,35.7490330,139.7022392,chunithm;iidx;jubeat;maimai_dx;nostalgia;ongeki;popn;sdvx,iidx_lm;popn_pikapika;sdvx_vm,,allnet;eagate
ゲームシティ川口店,埼玉県川口市栄町1-10-5,35.8025278,139.7256101,chunithm;gitadora;iidx;maimai_dx;nostalgia;ongeki;other;polaris_chord;popn;sdvx,iidx_lm;popn_pikapika;sdvx_vm,,allnet;eagate;ziv
ゲームスタジオキューブ高円寺店,東京都杉並区高円寺南4-26-12-B1,35.7049297,139.6495132,chunithm;iidx;ongeki;popn;sdvx,iidx_lm;popn_pikapika;sdvx_vm,,allnet;eagate
ゲームスペースA-3,福島県西白河郡西郷村字豊作西15-16-17,37.1245560,140.1826120,chunithm;gitadora;iidx;jubeat;nostalgia;other;popn;project_diva,iidx_lm,,allnet;eagate;ziv
ゲームスポットアップル,富山県魚津市吉島二丁目４０７−１,36.8266707,137.4139941,chunithm;ddr;iidx;jubeat;nostalgia;ongeki;popn;sdvx,iidx_lm;popn_pikapika;sdvx_vm,,allnet;eagate
ゲームセンター　スペース1,福岡県小郡市小郡1466-3,33.3926311,130.5419638,chunithm;jubeat;other,,,allnet;eagate;ziv
ゲームセンターテクノポリス,新潟県長岡市要町1-8-50,37.4249811,138.8377295,chunithm;iidx;nostalgia;popn;sdvx,iidx_lm;popn_pikapika;sdvx_vm,,allnet;eagate
ゲームセンターベティ,石川県七尾市舟尾町ウ-38,37.0671949,136.9069915,chunithm;ddr;drs;gitadora;iidx;jubeat;maimai_dx;nostalgia;ongeki;other;popn;project_diva;reflec;sdvx,iidx_lm;sdvx_vm,chunithm:2;ddr:2;drs:1;gitadora:2;iidx:4;jubeat:1;maimai_dx:1;nostalgia:1;popn:2;project_diva:1;reflec:1;sdvx:1,allnet;eagate;ziv
ゲームゾーントレジャー北町店,山形市北町2-2-45山形ファミリーボウル内,38.2687380,140.3293290,gitadora;iidx;jubeat;nostalgia;other;popn;sdvx,iidx_lm;sdvx_vm,,eagate;ziv
ゲームゾーン岡谷店,長野県岡谷市中央町２−２−１イルプラザ１Ｆ,36.0600624,138.0486341,chunithm;ddr;jubeat;maimai_dx;popn;project_diva;reflec,,,allnet;eagate
ゲームパドック プラスワン,古河市小堤1916-1,36.2067047,139.7580433,chunithm;gitadora;iidx;jubeat;maimai_dx;nostalgia;ongeki;popn;project_diva;sdvx,gitadora_dm_arena;iidx_lm;popn_pikapika;sdvx_vm,,eagate
ゲームパニックつくば,茨城県土浦市中村東1-1-1サンタスワールド内,36.0463834,140.1682228,chunithm;ddr;drs;gitadora;iidx;jubeat;maimai_dx;nostalgia;ongeki;other;polaris_chord;popn;project_diva;sdvx,ddr_gold;gitadora_dm_arena;gitadora_gf_arena;iidx_lm;popn_pikapika;sdvx_vm,,allnet;eagate;ziv
ゲームパニック三郷,埼玉県三郷市ピアラシティ1-1-200,35.8421860,139.8548677,chunithm;ddr;gitadora;iidx;maimai_dx;ongeki;other;polaris_chord;popn;sdvx,ddr_gold;gitadora_dm_arena;gitadora_gf_arena;iidx_lm;popn_pikapika;sdvx_vm,,allnet;eagate;ziv
ゲームパニック大須,愛知県名古屋市中区大須3-30-93　メガタウンB1F,35.1600309,136.9053767,chunithm;ddr;gitadora;iidx;maimai_dx;nostalgia;ongeki;other;polaris_chord;popn;sdvx;taiko,ddr_gold;gitadora_dm_arena;gitadora_gf_arena;iidx_lm;popn_pikapika;sdvx_vm,chunithm:8;ddr:3;gitadora:2;iidx:7;maimai_dx:3;nostalgia:1;ongeki:4;polaris_chord:4;popn:2;sdvx:8;taiko:3,allnet;eagate;ziv
ゲームパニック大高,愛知県名古屋市緑区忠治山２０１番地,35.0485212,136.9497129,chunithm;ddr;drs;gitadora;iidx;jubeat;maimai_dx;nostalgia;ongeki;other;polaris_chord;popn;project_diva;sdvx;taiko,ddr_gold;gitadora_dm_arena;gitadora_gf_arena;iidx_lm;popn_pikapika;sdvx_vm,chunithm:6;ddr:3;drs:1;gitadora:4;iidx:6;jubeat:1;maimai_dx:2;nostalgia:1;ongeki:4;polaris_chord:2;popn:1;project_diva:1;sdvx:6;taiko:4,allnet;eagate;ziv
ゲームパニック新宿歌舞伎町,東京都新宿区歌舞伎町1-20-1　ﾋｭｰﾏｯｸｽﾊﾟﾋﾞﾘｵﾝ1階2階,35.6958088,139.7015128,chunithm;ddr;drs;gitadora;iidx;maimai_dx;nostalgia;ongeki;other;polaris_chord;popn;project_diva;sdvx;taiko,ddr_gold;gitadora_dm_arena;gitadora_gf_arena;iidx_lm;popn_pikapika;sdvx_vm,chunithm:1;ddr:3;drs:1;gitadora:2;iidx:10;maimai_dx:1;nostalgia:2;ongeki:4;polaris_chord:4;popn:2;project_diva:1;sdvx:8;taiko:4,allnet;eagate;ziv
ゲームパニック甲府,山梨県甲府市国母5-20-24,35.6420402,138.5473613,chunithm;ddr;gitadora;iidx;jubeat;maimai_dx;ongeki;other;polaris_chord;popn;sdvx,ddr_gold;gitadora_dm_arena;gitadora_gf_arena;iidx_lm;popn_pikapika;sdvx_vm,chunithm:3;ddr:2;gitadora:2;iidx:3;jubeat:1;maimai_dx:2;ongeki:3;polaris_chord:2;popn:1;sdvx:4,allnet;eagate;ziv
ゲームパニック秋葉原,東京都千代田区外神田1-13-1　Akihabara ex,35.6988516,139.7716001,chunithm;ddr;gitadora;iidx;maimai_dx;ongeki;other;polaris_chord;popn;sdvx,ddr_gold;gitadora_dm_arena;gitadora_gf_arena;iidx_lm;popn_pikapika;sdvx_vm,chunithm:1;ddr:3;gitadora:2;iidx:1;maimai_dx:1;ongeki:1;polaris_chord:4;popn:1;sdvx:1,allnet;eagate;ziv
ゲームパーク石神井公園,東京都練馬区石神井町3-17-16,35.7427831,139.6045209,chunithm;iidx;sdvx,sdvx_vm,,allnet;eagate
ゲームピコ鵜沼店,岐阜県各務原市鵜沼西町３丁目３０９　イオンタウン各務原鵜沼内,35.4016224,136.9337710,chunithm;iidx;maimai_dx;sdvx,iidx_lm;sdvx_vm,,allnet;eagate
ゲームファクトリーマグマ草加店,埼玉県草加市氷川町2125-1,35.8282375,139.8025135,chunithm;gitadora;iidx;maimai_dx;ongeki;popn;sdvx,iidx_lm;popn_pikapika;sdvx_vm,,allnet;eagate
ゲームフィールド仙台長町店,宮城県仙台市太白区長町７丁目２０番３号ザ・モール仙台長町店３階,38.2259896,140.8767364,chunithm;maimai_dx;ongeki;other;polaris_chord,,,allnet;eagate;ziv
ゲームフェイス八尾店,大阪府八尾市天王寺屋2-68,34.6039833,135.6123516,chunithm;maimai_dx;ongeki;polaris_chord,,,allnet;eagate
ゲームプラザセントラル八王子店,東京都八王子市東町12-15第5セントラル,35.6580006,139.3381762,chunithm;iidx;maimai_dx;popn;sdvx,iidx_lm;popn_pikapika;sdvx_vm,,allnet;eagate
ゲームプラザセントラル浦安店,千葉県浦安市北栄1-16-15,35.6651795,139.8933456,chunithm;iidx;maimai_dx;ongeki;polaris_chord;popn;sdvx,iidx_lm;popn_pikapika;sdvx_vm,,allnet;eagate
ゲームメガつくば店,茨城県つくば市小野崎１７７−２,36.0768508,140.1047378,chunithm;gitadora;iidx;jubeat;maimai_dx;ongeki;other;popn;sdvx,iidx_lm;sdvx_vm,,allnet;eagate;ziv
ゲームメガ日立店,茨城県日立市東多賀町５−１０−１０,36.5482340,140.6305081,chunithm;ddr;gitadora;iidx;jubeat;maimai_dx;ongeki;other;polaris_chord;popn;project_diva;sdvx,ddr_gold;gitadora_dm_arena;gitadora_gf_arena;iidx_lm;sdvx_vm,,allnet;eagate;ziv
ゲームメガ水戸けやき台店,茨城県水戸市酒門町３２７６−１,36.3379624,140.4832287,chunithm;gitadora;iidx;jubeat;maimai_dx;nostalgia;ongeki;popn;project_diva;sdvx,iidx_lm;sdvx_vm,,allnet;eagate
ゲームワンダーランド2東店,伊勢崎市東小保方町3464-1,36.3285600,139.2472670,gitadora;iidx;jubeat;popn;sdvx,iidx_lm;sdvx_vm,,eagate
ゲームＷ,東京都豊島区南長崎5-27-6,35.7292370,139.6828715,chunithm;iidx;jubeat;maimai_dx;nostalgia;polaris_chord;sdvx,sdvx_vm,,allnet;eagate
コミ丸アリババ大垣店,岐阜県大垣市池尻町９４０−１,35.3840722,136.5956108,chunithm;ddr;gitadora;iidx;jubeat;maimai_dx;ongeki;other;polaris_chord;popn;stepmaniax,ddr_gold;gitadora_dm_arena;gitadora_gf_arena;iidx_lm;popn_pikapika,,allnet;eagate;ziv
コムテックスクウェア,愛知県名古屋市中区金山1-16-8,35.1439706,136.8999023,chunithm;ddr;gitadora;iidx;jubeat;maimai_dx;nostalgia;ongeki;polaris_chord;popn;project_diva;reflec;sdvx,ddr_gold;gitadora_dm_arena;gitadora_gf_arena;iidx_lm;popn_pikapika;sdvx_vm,,allnet;eagate
コムテックタワー,愛知県名古屋市中村区名駅４−１０−２０,35.1694446,136.8859667,chunithm;ddr;gitadora;iidx;maimai_dx;ongeki;other;polaris_chord;popn;sdvx;taiko,ddr_gold;gitadora_dm_arena;gitadora_gf_arena;iidx_lm;sdvx_vm,chunithm:5;ddr:1;gitadora:2;iidx:3;maimai_dx:2;ongeki:3;polaris_chord:4;popn:2;sdvx:5;taiko:3,allnet;eagate;ziv
サンシャイン,岩手県盛岡市大通２ー７ー２１ジュリアンビル１階,39.7031919,141.1454343,chunithm;iidx;maimai_dx;ongeki;other;popn,,,allnet;eagate;ziv
サービスエリアイン高岡,富山県高岡市石瀬８５７−１,36.7607712,137.0465972,chunithm;ddr;iidx;polaris_chord;sdvx,iidx_lm;sdvx_vm,,allnet;eagate
サープラ下通りあそびタウン,熊本県熊本市中央区手取本町４番１２号,32.8026613,130.7093307,chunithm;iidx;maimai_dx;ongeki;sdvx;taiko,iidx_lm;sdvx_vm,,allnet;eagate;ziv
サープラ下関長府あそびタウン,山口県下関市ゆめタウン１ー１,34.0302255,131.0129312,chunithm;ddr;sdvx,ddr_gold;sdvx_vm,,allnet;eagate
サープラ天文館あそびタウン,鹿児島県鹿児島市千日町５ー６,31.5892294,130.5557189,chunithm;iidx;maimai_dx;ongeki;other,iidx_lm,,allnet;eagate;ziv
サープラ山口あそびタウン,山口県山口市湯田温泉６ー８ー３,34.1646973,131.4517994,chunithm;drs;gitadora;iidx;maimai_dx;ongeki;other;sdvx,iidx_lm;sdvx_vm,,allnet;eagate;ziv
サープラ沼津あそびタウン,静岡県沼津市大手町１ー１ー５,35.1040524,138.8611071,chunithm;ddr;drs;gitadora;iidx;maimai_dx;ongeki;popn;sdvx,ddr_gold;iidx_lm;sdvx_vm,,allnet;eagate
サープラ焼津あそびタウン,静岡県焼津市八楠３-１８-５,34.8785023,138.3077720,iidx;maimai_dx;ongeki;sdvx,iidx_lm;sdvx_vm,,allnet;eagate
サープラ都城あそびタウン,宮崎県都城市上川東４−５９９７ー４,31.7489243,131.0789474,chunithm;iidx;other,,,allnet;eagate;ziv
サープラ隼人あそびタウン,鹿児島県霧島市隼人町見次４２７−１,31.7411825,130.7376746,chunithm;iidx;other,iidx_lm,,allnet;eagate;ziv
サープラＯＺ浜松あそびタウン,静岡県浜松市中央区宮竹町３２２−１,34.7222912,137.7654904,ddr;gitadora;iidx;maimai_dx;ongeki;sdvx,ddr_gold;iidx_lm;sdvx_vm,,allnet;eagate
ザ・インドアゲーム,大阪府大阪市旭区中宮5-6-19大阪工大正門前,34.7295402,135.5440250,chunithm;ddr;iidx;jubeat;maimai_dx;nostalgia;ongeki;polaris_chord;popn;project_diva;sdvx,ddr_gold;iidx_lm;sdvx_vm,,allnet;eagate
シルクハット伊勢佐木町,神奈川県横浜市中区伊勢佐木町３-９６日活会館３階,35.4426850,139.6300831,chunithm;iidx;maimai_dx;ongeki;other;popn;sdvx,iidx_lm;popn_pikapika;sdvx_vm,,allnet;eagate;ziv
シルクハット八王子,東京都八王子市旭町２−５　八王子ツインタワービル３階,35.6564021,139.3384065,chunithm;ddr;gitadora;iidx;jubeat;maimai_dx;nostalgia;ongeki;other;polaris_chord;popn;sdvx,ddr_gold;gitadora_dm_arena;gitadora_gf_arena;iidx_lm;popn_pikapika;sdvx_vm,,allnet;eagate;ziv
シルクハット大船,神奈川県鎌倉市大船１−２４　大船駅前ビル１〜３Ｆ,35.3532239,139.5325263,chunithm;iidx;maimai_dx;ongeki;other;polaris_chord;popn;sdvx,iidx_lm;popn_pikapika;sdvx_vm,,allnet;eagate;ziv
シルクハット川口,埼玉県川口市栄町３−１−１６イート川口ビル４Ｆ,35.8030675,139.7174452,chunithm;iidx;maimai_dx;ongeki;other;popn;sdvx,iidx_lm;popn_pikapika;sdvx_vm,,allnet;eagate;ziv
シルクハット川崎ダイス,神奈川県川崎市川崎区駅前本町８番地ダイスビル地下２階,35.5314724,139.7003541,chunithm;ddr;gitadora;iidx;jubeat;maimai_dx;nostalgia;ongeki;polaris_chord;popn;sdvx;taiko,ddr_gold;gitadora_dm_arena;gitadora_gf_arena;iidx_lm;popn_pikapika;sdvx_vm,,allnet;eagate;ziv
シルクハット本厚木,神奈川県厚木市中町３−４−２２第二会田ビル２階,35.4400309,139.3630066,chunithm;gitadora;iidx;maimai_dx;ongeki;other;polaris_chord;popn;sdvx,iidx_lm;popn_pikapika;sdvx_vm,,allnet;eagate;ziv
シルクハット津田沼,千葉県習志野市津田沼１−２−１十三ビル地下１階,35.6903923,140.0222009,chunithm;iidx;maimai_dx;ongeki;other;polaris_chord;popn;sdvx;taiko,iidx_lm;popn_pikapika;sdvx_vm,,allnet;eagate;ziv
シルクハット海老名マルイ,神奈川県海老名市中央１ー６ー１海老名マルイ３階,35.4527279,139.3934008,chunithm;iidx;maimai_dx;sdvx,iidx_lm;sdvx_vm,,allnet;eagate
シルクハット秋葉原,東京都千代田区外神田１丁目１０番地９号,35.6987160,139.7710022,chunithm;ddr;gitadora;iidx;maimai_dx;ongeki;other;popn;sdvx;taiko,ddr_gold;gitadora_dm_arena;gitadora_gf_arena;iidx_lm;popn_pikapika;sdvx_vm,chunithm:10;ddr:2;gitadora:1;iidx:15;maimai_dx:5;ongeki:4;popn:2;sdvx:11;taiko:5,allnet;eagate;ziv;otogesetchi
シルクハット蒲田西口,東京都大田区西蒲田７−２−３第二醍醐ビル地下１階〜２階,35.5630730,139.7159650,chunithm;ddr;gitadora;iidx;maimai_dx;ongeki;other;popn;sdvx;taiko,ddr_gold;gitadora_dm_arena;gitadora_gf_arena;iidx_lm;popn_pikapika;sdvx_vm,chunithm:6;ddr:1;gitadora:1;iidx:7;maimai_dx:4;ongeki:4;popn:2;sdvx:6;taiko:3,allnet;eagate;ziv;otogesetchi
シーサイドリゾートアミューズメントパーク,栃木県宇都宮市睦町７−３,36.5632663,139.8603778,chunithm;gitadora;iidx;jubeat;maimai_dx;ongeki;other;polaris_chord;popn;project_diva;sdvx;taiko,iidx_lm;popn_pikapika;sdvx_vm,chunithm:2;gitadora:2;iidx:2;jubeat:1;maimai_dx:1;ongeki:1;polaris_chord:2;popn:1;project_diva:1;sdvx:1,allnet;eagate;ziv
ジョイジャングル宮古南店,宮古島市平良字久貝1072-11,24.7858399,125.2814398,iidx,,,eagate
ジョイジャングル石垣,沖縄県石垣市真栄里２３９−１８,24.3351754,124.1796341,chunithm;iidx;jubeat,,,allnet;eagate
ジョイジャングル美浜,沖縄県中頭郡北谷町美浜１５−６８,26.3172082,127.7571399,chunithm;ddr;gitadora;iidx;jubeat;nostalgia;pump_it_up;taiko,,,allnet;eagate;ziv
ジョイプラザ豊岡店,兵庫県豊岡市加広町７−３２コープデイズ豊岡内,35.5508414,134.8163318,chunithm;iidx;maimai_dx,iidx_lm,,allnet;eagate
ジョイランド敦賀店,敦賀市木崎40-土三田12USAアリーナ内,35.6447376,136.0430148,gitadora;iidx;sdvx,iidx_lm;sdvx_vm,,eagate
スクウェアワンサイスポ店,埼玉県所沢市南永井1116,35.8236537,139.5314124,chunithm;ddr;gitadora;iidx;jubeat;nostalgia;other;taiko,,chunithm:1;ddr:1;gitadora:2;iidx:1;jubeat:4;nostalgia:1;taiko:1,allnet;eagate;ziv
スタジオプリモ本八幡店,千葉県市川市八幡２−１５−１０パティオ５階,35.7213241,139.9275016,chunithm;iidx;jubeat;maimai_dx;nostalgia;ongeki;project_diva;sdvx;taiko,iidx_lm;sdvx_vm,,allnet;eagate
スポラ九品寺,熊本県熊本市中央区九品寺5丁目10-15,32.7904656,130.7148881,chunithm;drs;gitadora;iidx;jubeat;ongeki;other;popn,iidx_lm,,allnet;eagate;ziv
スポラ菊陽,熊本県菊池郡菊陽町津久礼駄飼代２６１７−２,32.8644516,130.8090616,chunithm;drs;gitadora;iidx;jubeat;maimai_dx;ongeki;other,,,allnet;eagate;ziv
スポーツウェーブ鉄腕24,千葉県千葉市中央区浜野町1025-59,35.5541062,140.1260538,chunithm;ddr;gitadora;iidx;maimai_dx;ongeki;other;popn;sdvx;taiko,ddr_gold;gitadora_dm_arena;gitadora_gf_arena;iidx_lm;popn_pikapika;sdvx_vm,,allnet;eagate;ziv
スポーツウェーブ鉄腕24稲毛長沼店,千葉県千葉市稲毛区長沼原町697番地,35.6620233,140.1265534,chunithm;ddr;iidx;jubeat;maimai_dx;nostalgia;other;popn;sdvx;taiko,ddr_gold;iidx_lm;popn_pikapika;sdvx_vm,,allnet;eagate;ziv
スーパーウェーブ柏,千葉県柏市十余二２４９−５,35.8820708,139.9593512,chunithm;iidx;maimai_dx;ongeki;polaris_chord;sdvx;taiko,iidx_lm;sdvx_vm,,allnet;eagate
スーパーウェーブ静岡,静岡県静岡市清水区鳥坂８６０,35.0132017,138.4341497,chunithm;iidx;maimai_dx;ongeki;sdvx,iidx_lm;sdvx_vm,,allnet;eagate
スーパーヒーロー倉吉,倉吉市見日町633,35.4383329,133.8393183,ddr;gitadora;iidx;jubeat;popn,ddr_gold;gitadora_dm_arena;gitadora_gf_arena;iidx_lm,,eagate;ziv
ソニックワールド伊万里店,佐賀県伊万里市二里町八谷搦１８９−３,33.2785889,129.8722284,chunithm;iidx;other;sdvx,iidx_lm;sdvx_vm,,allnet;eagate;ziv
ソニックワールド大村店,長崎県大村市古賀島町３８３−１,32.9273122,129.9395836,chunithm;iidx;maimai_dx;ongeki;other;sdvx,iidx_lm;sdvx_vm,,allnet;eagate;ziv
ソユーゲームフィールドいわき小名浜店,いわき市小名浜字辰巳町79イオンモールいわき小名浜3F,36.9465614,140.9056129,other;polaris_chord,,,eagate;ziv
ソユーゲームフィールド上大岡店,神奈川県横浜市港南区上大岡西１−１８−３　ミオカリスト館６階,35.4077804,139.5952989,chunithm;maimai_dx;ongeki;polaris_chord,,,allnet;eagate
ソユーゲームフィールド堺鉄砲町店,堺市堺区鉄砲町1イオンモール堺鉄砲町3F,34.5943108,135.4791565,jubeat,,,eagate
ソユーゲームフィールド旭川西店,旭川市緑町23-2161-3イオンモール旭川西3F,43.7942983,142.3255915,chunithm;maimai_dx;ongeki;other;popn,,,eagate;ziv
ソユーゲームフィールド旭川駅前店,北海道旭川市宮下通７−２−５ｲｵﾝﾓｰﾙ旭川駅前４F,43.7640056,142.3571151,chunithm;drs;groove_coaster;maimai_dx;ongeki;other;polaris_chord;taiko;wacca,,,allnet;eagate;ziv
ソユーゲームフィールド発寒,北海道札幌市西区発寒8条12丁目1　イオン札幌発寒SC3F,43.0964222,141.2764949,chunithm;drs;maimai_dx;ongeki;polaris_chord,,,allnet;eagate
ソユーゲームフィールド盛岡南,岩手県盛岡市本宮７−１−１イオンモール盛岡南２Ｆ,39.6835670,141.1286694,chunithm;maimai_dx;ongeki;polaris_chord;wacca,,,allnet;eagate;ziv
ソユーゲームフィールド菖蒲店,埼玉県久喜市菖蒲町菖蒲６００５番地１　モラージュ菖蒲３Ｆ,36.0756627,139.6098695,chunithm;maimai_dx;ongeki;polaris_chord;popn,popn_pikapika,,allnet;eagate
ソユーゲームフィールド長野店,長野県長野市三輪９−４３−２４イオンタウン長野三輪店,36.6695676,138.2072749,chunithm;jubeat;maimai_dx;ongeki,,,allnet;eagate
ソユースペースファンタジーインフィニ,青森県弘前市城東北３−１０−１さくら野百貨店弘前店４Ｆ,40.6066860,140.4958836,chunithm;iidx;jubeat;maimai_dx;ongeki;other;polaris_chord;popn;reflec,iidx_lm,,allnet;eagate;ziv
ソユートイズニューヨーク守谷店,守谷市百合ケ丘3-249-1イオンタウン守谷2F,35.9448689,139.9912010,chunithm;jubeat;maimai_dx;ongeki;polaris_chord;reflec,,,eagate
ソユーファミリーゲームフィールド花巻店,岩手県花巻市高木第１６地割６８−６　銀河モール１Ｆ,39.3864097,141.1359548,chunithm;gitadora;iidx;jubeat;maimai_dx;ongeki;other;popn;reflec,iidx_lm,,allnet;eagate;ziv
ソユーファミリーゲームフィールド防府店,山口県防府市鐘紡町７−１イオンタウン防府1F,34.0483850,131.5902076,chunithm;maimai_dx;ongeki;other;polaris_chord,,,allnet;eagate;ziv
ソユーフォレストハンター松前店,愛媛県伊予郡松前町筒井８５０ＡＭ棟１階,33.7878677,132.7148652,chunithm;maimai_dx;ongeki;other;polaris_chord,,,allnet;eagate;ziv
タイトーFステーションおやまゆうえん店,小山市喜沢1475-52ハーヴェストウォーク内,36.3346780,139.8077850,gitadora;iidx;popn,,,eagate
タイトーFステーションイオン新潟西店,新潟市西区小新南2-1-10イオン新潟西店3F,37.8683290,138.9948190,groove_coaster;iidx;other;taiko,,,eagate;ziv
タイトーFステーション南紀,新宮市佐野3-11-19スーパーセンターオオクワ1F,33.6721299,135.9704993,gitadora;groove_coaster;popn;taiko,,,eagate;ziv
タイトーFステーション向ヶ丘遊園店,神奈川県川崎市多摩区登戸2718-1,35.6164678,139.5650747,chunithm;gitadora;iidx;maimai_dx;ongeki;polaris_chord;popn;sdvx,gitadora_dm_arena;gitadora_gf_arena;iidx_lm;popn_pikapika;sdvx_vm,,allnet;eagate;ziv
タイトーFステーション郡山アティ店,郡山市駅前1-16-7郡山アティ7F,37.3969187,140.3875023,groove_coaster;iidx;jubeat;museca;reflec;taiko,,,eagate;ziv
タイトーステーション 上野アメ横店,東京都台東区上野４−１０−１７,35.7105338,139.7744242,chunithm;ddr;gitadora;iidx;jubeat;maimai_dx;other;popn;taiko,gitadora_dm_arena;gitadora_gf_arena;iidx_lm,,allnet;eagate;ziv
タイトーステーション 仙台クリスロード店,宮城県仙台市青葉区中央２−３−２５,38.2610006,140.8756067,chunithm;ddr;drs;gitadora;iidx;jubeat;maimai_dx;nostalgia;ongeki;other;polaris_chord;popn;project_diva;sdvx;taiko,ddr_gold;gitadora_dm_arena;gitadora_gf_arena;iidx_lm;popn_pikapika;sdvx_vm,chunithm:2;ddr:2;drs:1;gitadora:2;iidx:3;jubeat:2;maimai_dx:2;nostalgia:2;ongeki:2;polaris_chord:4;popn:2;sdvx:3;taiko:1,allnet;eagate;ziv
タイトーステーション 千歳店,北海道千歳市北栄２−１２−５,42.8333942,141.6450539,chunithm;groove_coaster;iidx;maimai_dx;ongeki;other;polaris_chord;popn;project_diva;sdvx;taiko,sdvx_vm,,allnet;eagate;ziv
タイトーステーション 和光店,埼玉県和光市丸山台１−４−５,35.7866435,139.6138036,chunithm;ddr;gitadora;iidx;jubeat;maimai_dx;nostalgia;other;popn;project_diva,,,allnet;eagate;ziv
タイトーステーション 大宮店,埼玉県さいたま市大宮区大門町１−１,35.9074467,139.6255974,chunithm;ddr;gitadora;iidx;jubeat;maimai_dx;nostalgia;ongeki;other;polaris_chord;popn;project_diva;reflec;sdvx;taiko,ddr_gold;gitadora_dm_arena;gitadora_gf_arena;iidx_lm;popn_pikapika;sdvx_vm,,allnet;eagate;ziv
タイトーステーション 小田原店,神奈川県小田原市栄町１−３−１２,35.2549374,139.1561373,chunithm;gitadora;groove_coaster;iidx;maimai_dx;nostalgia;ongeki;other;polaris_chord;popn;project_diva;taiko,popn_pikapika,,allnet;eagate;ziv
タイトーステーション 所沢店,埼玉県所沢市日吉町３−７,35.7880928,139.4723684,chunithm;ddr;gitadora;groove_coaster;iidx;jubeat;maimai_dx;ongeki;other;popn;sdvx,iidx_lm;popn_pikapika;sdvx_vm,,allnet;eagate;ziv
タイトーステーション 柏店,千葉県柏市柏２−３−１フーサワビル,35.8613823,139.9727044,chunithm;ddr;gitadora;groove_coaster;iidx;maimai_dx;ongeki;other;popn;project_diva;sdvx;taiko,gitadora_dm_arena;gitadora_gf_arena;iidx_lm;popn_pikapika;sdvx_vm,,allnet;eagate;ziv
タイトーステーション 池袋西口店,東京都豊島区西池袋１−１５−９第一西池ビル,35.7305503,139.7097415,chunithm;ddr;drs;gitadora;iidx;jubeat;maimai_dx;nostalgia;ongeki;other;polaris_chord;popn;reflec;sdvx,gitadora_dm_arena;gitadora_gf_arena;iidx_lm;popn_pikapika;sdvx_vm,,allnet;eagate;ziv
タイトーステーション 渋谷店,東京都渋谷区渋谷１−２４−１２渋谷東映プラザ,35.6598520,139.7019928,chunithm;ddr;gitadora;iidx;maimai_dx;other;popn;sdvx;taiko,ddr_gold;gitadora_dm_arena;gitadora_gf_arena;iidx_lm;popn_pikapika;sdvx_vm,chunithm:3;ddr:1;gitadora:2;iidx:2;maimai_dx:1;popn:2;sdvx:3;taiko:4,allnet;eagate;ziv;otogesetchi
タイトーステーション 町田店,東京都町田市原町田６−２１−２３　松山ビル１階,35.5427132,139.4484861,chunithm;ddr;drs;gitadora;iidx;jubeat;maimai_dx;ongeki;polaris_chord;popn;sdvx;taiko,ddr_gold;gitadora_dm_arena;gitadora_gf_arena;iidx_lm;popn_pikapika;sdvx_vm,,allnet;eagate;ziv
タイトーステーション 盛岡マッハランド店,岩手県盛岡市上堂１−２−３８マッハランド内,39.7231654,141.1264518,chunithm;gitadora;groove_coaster;iidx;maimai_dx;nostalgia;other;popn;sdvx;taiko,iidx_lm;sdvx_vm,,allnet;eagate;ziv
タイトーステーション 秋葉原店,東京都千代田区外神田４−２−２貴三ビル,35.7002219,139.7717179,chunithm;ddr;drs;gitadora;iidx;jubeat;maimai_dx;nostalgia;ongeki;other;polaris_chord;popn;sdvx;taiko,ddr_gold;gitadora_dm_arena;gitadora_gf_arena;iidx_lm;popn_pikapika;sdvx_vm,chunithm:3;ddr:1;drs:1;gitadora:6;iidx:2;jubeat:1;maimai_dx:1;nostalgia:1;ongeki:2;polaris_chord:2;popn:2;sdvx:2;taiko:4,allnet;eagate;ziv
タイトーステーション 船橋店,千葉県船橋市本町１−６−１,35.6998912,139.9859705,chunithm;gitadora;iidx;maimai_dx;nostalgia;ongeki;other;popn;taiko,iidx_lm;popn_pikapika,,allnet;eagate;ziv
タイトーステーション 藤沢店,神奈川県藤沢市南藤沢２１−１,35.3372817,139.4873362,chunithm;ddr;iidx;maimai_dx;ongeki;popn;taiko,iidx_lm;popn_pikapika,,allnet;eagate;ziv
タイトーステーション 金沢店,石川県金沢市片町２−１−７宇都宮片町ビル,36.5613365,136.6529997,chunithm;ddr;gitadora;groove_coaster;iidx;jubeat;maimai_dx;nostalgia;other;popn;taiko,,,allnet;eagate;ziv
タイトーステーション 難波店,大阪府大阪市中央区難波千日前１５−１２,34.6633633,135.5031909,chunithm;iidx;maimai_dx;popn;sdvx;taiko,iidx_lm;sdvx_vm,,allnet;eagate;ziv
タイトーステーションイオンタウン水戸南店,東茨城郡茨城町長岡3480-101イオンタウン水戸南ショッピングC,36.3109170,140.4422070,iidx;other;popn;taiko,,,eagate;ziv
タイトーステーションイオンモール釧路昭和,釧路市昭和中央4-18-1イオンモール釧路昭和2F,43.0270250,144.3602010,ddr;iidx;jubeat,,,eagate;ziv
タイトーステーションパールシティ稲沢店,稲沢市井之口大坪町80-1パールシティ稲沢2F,35.2374440,136.8193550,gitadora;popn;sdvx;taiko,,,eagate;ziv
タイトーステーションフェドラ大須店,愛知県名古屋市中区大須３−３０−３１,35.1594771,136.9054347,chunithm;crossbeats;dance_evo;ddr;drs;gitadora;groove_coaster;iidx;jubeat;maimai_dx;museca;nostalgia;ongeki;other;polaris_chord;popn;project_diva;reflec;sdvx;taiko,ddr_gold;gitadora_dm_arena;gitadora_gf_arena;iidx_lm;popn_pikapika;sdvx_vm,chunithm:5;crossbeats:1;ddr:1;drs:2;gitadora:2;groove_coaster:1;iidx:5;jubeat:2;maimai_dx:3;museca:1;nostalgia:1;ongeki:4;polaris_chord:2;popn:2;project_diva:1;reflec:1;sdvx:6;taiko:3,allnet;eagate;ziv
タイトーステーション仙台名掛丁店,宮城県仙台市青葉区中央１−７−１３,38.2619434,140.8792076,chunithm;gitadora;iidx;jubeat;maimai_dx;ongeki;other;polaris_chord;popn;taiko,gitadora_dm_arena;gitadora_gf_arena;popn_pikapika,chunithm:4;gitadora:2;iidx:2;jubeat:1;maimai_dx:1;taiko:1,allnet;eagate;ziv
タイトーステーション国分寺店,東京都国分寺市本町３−５−１１,35.7018475,139.4798890,chunithm;ddr;drs;gitadora;groove_coaster;iidx;jubeat;maimai_dx;nostalgia;ongeki;other;popn;sdvx,iidx_lm;popn_pikapika;sdvx_vm,,allnet;eagate;ziv
タイトーステーション大阪日本橋店,大阪府大阪市浪速区日本橋４−９−１４,34.6603931,135.5061456,chunithm;ddr;drs;gitadora;groove_coaster;iidx;jubeat;maimai_dx;nostalgia;ongeki;other;polaris_chord;popn;sdvx;taiko,gitadora_dm_arena;gitadora_gf_arena;iidx_lm;popn_pikapika;sdvx_vm,,allnet;eagate;ziv
タイトーステーション広島本通店,広島県広島市中区本通３−５せらかぐ本通ビル,34.3927984,132.4603900,chunithm;ddr;gitadora;groove_coaster;iidx;jubeat;maimai_dx;nostalgia;other;popn;taiko,gitadora_dm_arena;gitadora_gf_arena,chunithm:1;ddr:1;gitadora:4;groove_coaster:1;iidx:2;jubeat:3;maimai_dx:1;nostalgia:1;popn:2;taiko:2,allnet;eagate;ziv
タイトーステーション広島紙屋町店,広島県広島市中区紙屋町２−２−２１,34.3940539,132.4560508,chunithm;gitadora;groove_coaster;iidx;jubeat;maimai_dx;nostalgia;ongeki;other;polaris_chord;popn;reflec;taiko,gitadora_dm_arena;gitadora_gf_arena;iidx_lm;popn_pikapika,chunithm:1;gitadora:2;groove_coaster:1;iidx:1;jubeat:3;maimai_dx:2;nostalgia:1;ongeki:1;polaris_chord:1;popn:2;reflec:2;taiko:1,allnet;eagate;ziv
タイトーステーション戸塚西口店,神奈川県横浜市戸塚区戸塚町４０２３,35.3995319,139.5318297,chunithm;gitadora;iidx;maimai_dx;ongeki;other;popn;taiko,gitadora_dm_arena;gitadora_gf_arena;iidx_lm;popn_pikapika,,allnet;eagate;ziv
タイトーステーション新宿東口店,東京都新宿区新宿３−２２−７　指田ビル,35.6932802,139.7015308,chunithm;ddr;groove_coaster;iidx;jubeat;maimai_dx;ongeki;other;popn;reflec;sdvx;taiko,iidx_lm;sdvx_vm,chunithm:4;ddr:1;groove_coaster:1;iidx:3;jubeat:2;maimai_dx:1;ongeki:1;popn:3;reflec:4;sdvx:1;taiko:4,allnet;eagate;ziv;otogesetchi
タイトーステーション新宿歌舞伎町店,東京都新宿区歌舞伎町１の２３の１,35.6940294,139.7008896,chunithm;maimai_dx;nostalgia;ongeki;polaris_chord;popn;sdvx,popn_pikapika;sdvx_vm,,allnet;eagate
タイトーステーション新浜松ザザシティ店,静岡県浜松市中央区鍛冶町１５サザンシティ西館２Ｆ,34.7049378,137.7293310,chunithm;groove_coaster;iidx;jubeat;maimai_dx;nostalgia;ongeki;other;popn;taiko,,,allnet;eagate;ziv
タイトーステーション札幌狸小路２丁目店,北海道札幌市中央区南３条西２丁目−１４,43.0573356,141.3554530,chunithm;groove_coaster;iidx;maimai_dx;ongeki;other;polaris_chord;popn;sdvx;taiko,iidx_lm;popn_pikapika;sdvx_vm,,allnet;eagate;ziv
タイトーステーション横浜西口五番街店,神奈川県横浜市西区南幸１−１２ー９,35.4646858,139.6195818,chunithm;gitadora;groove_coaster;iidx;maimai_dx;nostalgia;ongeki;other;polaris_chord;popn;sdvx,gitadora_dm_arena;gitadora_gf_arena;iidx_lm;popn_pikapika;sdvx_vm,chunithm:6;gitadora:2;groove_coaster:2;iidx:7;maimai_dx:1;nostalgia:1;ongeki:3;polaris_chord:4;popn:3;sdvx:6,allnet;eagate;ziv
タイトーステーション池袋ロサ店,豊島区西池袋1-37-12ロサ会館1F,35.7324830,139.7093050,chunithm;gitadora;iidx;polaris_chord;popn;reflec;sdvx;taiko,,,eagate;ziv
タイトーステーション海老名ビナウォーク店,神奈川県海老名市中央１−１８−１　ビナウォーク６番館２Ｆ,35.4527589,139.3956832,chunithm;ddr;gitadora;iidx;jubeat;maimai_dx;nostalgia;ongeki;polaris_chord;popn;sdvx;taiko,ddr_gold;gitadora_dm_arena;gitadora_gf_arena;iidx_lm;popn_pikapika;sdvx_vm,,allnet;eagate;ziv
タイトーステーション溝の口,神奈川県川崎市高津区溝口１−１１−８ＯＫＫＡ６３４ビル３階,35.6002204,139.6124232,chunithm;ddr;gitadora;groove_coaster;iidx;jubeat;maimai_dx;nostalgia;ongeki;other;polaris_chord;popn;project_diva;sdvx;taiko,ddr_gold;gitadora_dm_arena;gitadora_gf_arena;iidx_lm;popn_pikapika;sdvx_vm,chunithm:6;ddr:1;gitadora:2;iidx:6;jubeat:4;maimai_dx:2;nostalgia:2;ongeki:4;polaris_chord:1;popn:2;sdvx:4;taiko:4,allnet;eagate;ziv;otogesetchi
タイトーステーション福岡天神店,福岡県福岡市中央区天神２−６−３５サザンクロスビル,33.5896519,130.3973464,chunithm;groove_coaster;iidx;maimai_dx;ongeki;other;polaris_chord;popn;sdvx;taiko,iidx_lm;popn_pikapika;sdvx_vm,,allnet;eagate;ziv
タイトーステーション立川北口店,東京都立川市曙町２−４−５クリサス立川２・３Ｆ,35.6991102,139.4120958,chunithm;ddr;drs;gitadora;groove_coaster;iidx;jubeat;maimai_dx;nostalgia;ongeki;other;polaris_chord;popn;project_diva;sdvx,ddr_gold;gitadora_dm_arena;gitadora_gf_arena;iidx_lm;popn_pikapika;sdvx_vm,,allnet;eagate;ziv
タイトーステーション豊田ＧＡＺＡ,愛知県豊田市喜多町１−１４０ＧＡＺＡ３階,35.0880302,137.1572653,chunithm;ddr;groove_coaster;iidx;maimai_dx;nostalgia;ongeki;other;popn;sdvx;taiko,iidx_lm,,allnet;eagate;ziv
タイトーステーション錦糸町楽天地店,東京都墨田区江東橋４−２７−１４楽天地ビルＢ１Ｆ,35.6964979,139.8158070,chunithm;ddr;gitadora;iidx;jubeat;maimai_dx;nostalgia;ongeki;polaris_chord;popn;sdvx,ddr_gold;iidx_lm;sdvx_vm,chunithm:2;ddr:1;gitadora:2;iidx:2;jubeat:1;maimai_dx:1;nostalgia:1;ongeki:2;popn:1;sdvx:2,allnet;eagate;ziv
タイトーステーション青森アムゼ店,青森市緑3-9-2アムゼ内,40.8079137,140.7533047,groove_coaster;other;popn;taiko,,,eagate;ziv
タイトー小田原シティーモール店,神奈川県小田原市前川１２０　フレスポ小田原シティーモール２Ｆ,35.2810794,139.1943117,chunithm;gitadora;iidx;jubeat;other;popn;taiko,popn_pikapika,,allnet;eagate;ziv
タイトー新宿南口ゲームワールド店,東京都新宿区新宿３−３５−８,35.6898660,139.7022542,chunithm;ddr;gitadora;groove_coaster;iidx;jubeat;maimai_dx;nostalgia;ongeki;other;polaris_chord;popn;sdvx;taiko,ddr_gold;gitadora_dm_arena;gitadora_gf_arena;iidx_lm;popn_pikapika;sdvx_vm,chunithm:4;ddr:1;gitadora:2;groove_coaster:1;iidx:9;jubeat:2;maimai_dx:1;nostalgia:1;ongeki:5;polaris_chord:4;popn:4;sdvx:9;taiko:1,allnet;eagate;ziv;otogesetchi
タイトーＢＩＧＢＯＸ高田馬場店,東京都新宿区高田馬場１−３５−３　ＢＩＧＢＯＸ６Ｆ,35.7129463,139.7042567,chunithm;dance_evo;ddr;drs;gitadora;iidx;jubeat;maimai_dx;ongeki;other;polaris_chord;popn;reflec;sdvx;taiko,gitadora_dm_arena;gitadora_gf_arena;iidx_lm;popn_pikapika;sdvx_vm,chunithm:6;dance_evo:1;ddr:1;drs:1;gitadora:2;iidx:2;jubeat:1;maimai_dx:2;ongeki:2;polaris_chord:1;popn:1;reflec:6;sdvx:2;taiko:4,allnet;eagate;ziv;otogesetchi
タイトーＦステーションイオンモール富士宮,静岡県富士宮市浅間町１−８　イオンモール富士宮３Ｆ,35.2204706,138.6119827,chunithm;iidx;maimai_dx;ongeki;sdvx,iidx_lm;sdvx_vm,,allnet;eagate;ziv
タイトーＦステーションイオン近江八幡店,滋賀県近江八幡市鷹飼町南３−７　１階,35.1218227,136.1029734,chunithm;ddr;gitadora;iidx;maimai_dx;other;popn;sdvx;taiko,iidx_lm;sdvx_vm,chunithm:3;ddr:1;gitadora:1;iidx:1;maimai_dx:1;popn:1;sdvx:1;taiko:2,allnet;eagate;ziv
タイトーＦステーションオリナス錦糸町店,東京都墨田区太平４ー１ー２　オリナスモール地下１Ｆ,35.7003101,139.8152653,chunithm;ddr;drs;gitadora;iidx;jubeat;maimai_dx;nostalgia;ongeki;polaris_chord;popn;sdvx,ddr_gold;gitadora_dm_arena;gitadora_gf_arena;iidx_lm;popn_pikapika;sdvx_vm,chunithm:1;ddr:2;drs:1;gitadora:2;iidx:5;jubeat:1;maimai_dx:1;nostalgia:1;ongeki:1;polaris_chord:1;popn:1;sdvx:5,allnet;eagate;ziv
タイトーＦステーションクレアモール川越店,埼玉県川越市新富町２−１−１３,35.9138263,139.4829221,chunithm;gitadora;iidx;ongeki;polaris_chord;popn;sdvx;taiko,gitadora_dm_arena;gitadora_gf_arena;iidx_lm;popn_pikapika;sdvx_vm,,allnet;eagate;ziv
タイトーＦステーションセントポルタ大分店,大分県大分市中央町２−１−１,33.2354219,131.6063391,chunithm;gitadora;iidx;maimai_dx;nostalgia;ongeki;popn;sdvx;taiko,iidx_lm;sdvx_vm,,allnet;eagate;ziv
タイトーＦステーションニシムタ出水店,鹿児島県出水市六月田町３４７番地,32.1052481,130.3454411,chunithm;iidx;maimai_dx;nostalgia;ongeki;popn;project_diva;sdvx;taiko,iidx_lm;sdvx_vm,,allnet;eagate;ziv
タイトーＦステーション三宮西館店,兵庫県神戸市中央区三宮町２丁目１１−１センタープラザ西館,34.6911162,135.1911671,chunithm;maimai_dx;sdvx;taiko,sdvx_vm,,allnet;eagate;ziv
タイトーＦステーション上越店,新潟県上越市富岡３５２４　Ｊーｍａｘシアター内１Ｆ,37.1481920,138.2590468,chunithm;ddr;gitadora;iidx;maimai_dx;nostalgia;ongeki;polaris_chord;project_diva;sdvx,ddr_gold;iidx_lm;sdvx_vm,,allnet;eagate;ziv
タイトーＦステーション今治ワールドプラザ,愛媛県今治市東村１の１４の２今治ワールドプラザ内,34.0426810,133.0278780,chunithm;maimai_dx;popn,popn_pikapika,,allnet;eagate
タイトーＦステーション八戸店,青森県八戸市三日町２７,40.5093072,141.4905810,chunithm;gitadora;groove_coaster;iidx;maimai_dx;ongeki;popn;sdvx;taiko,,,allnet;eagate;ziv
タイトーＦステーション市川妙典店,千葉県市川市妙典４ー１ー１　イオン市川妙典店２番街２Ｆ,35.6925377,139.9266786,chunithm;ddr;gitadora;iidx;maimai_dx;nostalgia;ongeki;polaris_chord;popn;project_diva;sdvx;taiko,ddr_gold;gitadora_dm_arena;gitadora_gf_arena;iidx_lm;popn_pikapika;sdvx_vm,chunithm:1;ddr:1;gitadora:2;iidx:4;maimai_dx:1;nostalgia:1;ongeki:1;polaris_chord:1;popn:1;sdvx:4,allnet;eagate;ziv
タイトーＦステーション静岡,静岡県静岡市葵区呉服町２−５−４　ふしみや第２ビル,34.9744541,138.3832431,chunithm;gitadora;groove_coaster;iidx;maimai_dx;ongeki;popn;sdvx;taiko,gitadora_dm_arena;gitadora_gf_arena;iidx_lm;popn_pikapika;sdvx_vm,,allnet;eagate;ziv
タイトーＦ郡山オリエントパーク店,福島県郡山市安積町荒井字大久保３５−１,37.3744762,140.3487551,chunithm;ddr;iidx;maimai_dx;ongeki;other;polaris_chord;sdvx;taiko,ddr_gold;iidx_lm;sdvx_vm,,allnet;eagate;ziv
タカダバッティングセンター,富士市田島75-1,35.1509840,138.6958050,iidx;pump_it_up,,,eagate;ziv
タカラ島 亀岡店,亀岡市篠町野条上又11-1アルプラザ亀岡店3F,35.0013970,135.6029062,gitadora;jubeat;other;popn,,,eagate;ziv
タロフォフォ,兵庫県西宮市田中町５−２１,34.7366936,135.3365065,gitadora;iidx;jubeat;other;popn;project_diva,,,allnet;eagate;ziv
ダイナソアエイジ,愛知県大府市東新町三丁目８８番地,35.0310080,136.9562745,chunithm;maimai_dx;other;popn,,chunithm:2;maimai_dx:1;popn:1,allnet;eagate;ziv
チャリオット五井店,千葉県市原市五井中央西２−１−２,35.5136111,140.0898121,chunithm;gitadora;iidx;maimai_dx;ongeki;popn;project_diva;sdvx;taiko,gitadora_dm_arena;gitadora_gf_arena;iidx_lm;sdvx_vm,,allnet;eagate
チャリオット辰巳店,千葉県市原市市原500-1,35.5249124,140.1219330,chunithm;gitadora;popn,,,allnet;eagate
テクノワールド,岩手県奥州市江刺愛宕字梁川１２７−１,39.1792419,141.1621682,chunithm;ddr;gitadora;iidx;jubeat;maimai_dx;nostalgia;ongeki;other;polaris_chord;popn;project_diva;sdvx,ddr_gold;iidx_lm;popn_pikapika;sdvx_vm,,allnet;eagate;ziv
テクモピアパルテロン宇都宮店,宇都宮市今泉町237福田屋ショッピングプラザ宇都宮2F,36.5742650,139.9005810,iidx,iidx_lm,,eagate
テクモピア座間店,神奈川県座間市ひばりが丘４−１１−４８,35.4800807,139.4320181,chunithm;iidx;maimai_dx;ongeki;sdvx,iidx_lm;sdvx_vm,,allnet;eagate
テクモピア船橋南口店,千葉県船橋市本町１ー７ー６ドリーム船橋ビル３Ｆ,35.6990191,139.9858078,chunithm;iidx;maimai_dx;ongeki;sdvx;taiko,iidx_lm;sdvx_vm,,allnet;eagate
トップラン岩岡,兵庫県神戸市西区岩岡町古郷１４７４−１,34.7176826,134.9289029,chunithm;maimai_dx;ongeki;project_diva;reflec;sdvx,sdvx_vm,,allnet;eagate
トップラン東大阪,大阪府東大阪市東鴻池町１−６−３０イオンタウン東大阪店２Ｆ,34.6938172,135.6175909,chunithm;maimai_dx;ongeki;popn;project_diva;reflec,,,allnet;eagate
トムソーヤのなかまたち鷹巣店,北秋田市栄字中綱31-1イオンタウン鷹巣店,40.2298090,140.3847140,gitadora;popn,,,eagate
トム・ソーヤのなかまたち湯沢店,秋田県湯沢市字上萩生田162イオンスーパーセンター湯沢店内,39.1504850,140.4694260,chunithm;gitadora;nostalgia;other;popn;project_diva,,,allnet;eagate;ziv
トヤマレジャーランド呉羽店,富山県富山市高木字貝塚2054,36.7154246,137.1579952,chunithm;ddr;gitadora;iidx;maimai_dx;ongeki;other;popn;sdvx,ddr_gold;gitadora_dm_arena;gitadora_gf_arena;iidx_lm;popn_pikapika;sdvx_vm,,allnet;eagate;ziv
トライセン中津店,大分県中津市下池永６７−３,33.5896776,131.2110360,chunithm;gitadora;iidx;jubeat;maimai_dx;ongeki;other;popn;sdvx,gitadora_dm_arena;gitadora_gf_arena;iidx_lm;sdvx_vm,,allnet;eagate;ziv
トライセン萩原,大分県大分市萩原４−２２７−７,33.2491774,131.6436745,chunithm;gitadora;iidx;jubeat;maimai_dx;ongeki;other;popn;reflec,gitadora_dm_arena;gitadora_gf_arena;iidx_lm,,allnet;eagate;ziv
ドライブイン古城,倉敷市福田町福田2111-1,34.5513949,133.7675318,gitadora;iidx;nostalgia,,,eagate
ドリームキャンディ,三重県伊賀市小田町７１１−１,34.7752694,136.1227939,chunithm;gitadora;iidx;maimai_dx;nostalgia;ongeki;reflec;sdvx,iidx_lm;sdvx_vm,,allnet;eagate
ニコアプレイランド,二戸市米沢字荒谷25,40.2829310,141.2942920,iidx;other,,,eagate;ziv
ネオブラボー,山口県防府市高倉１−３−３０,34.0549567,131.5591985,chunithm;iidx;maimai_dx;ongeki;other;sdvx,iidx_lm;sdvx_vm,,allnet;eagate;ziv
ハイパーメッセ,福岡県北九州市小倉南区北方４−６−７,33.8391643,130.8741119,chunithm;drs;maimai_dx;ongeki;other,,,allnet;eagate;ziv
ハローズガーデン新三田,兵庫県三田市けやき台１‐６‐２イオン三田２番街,34.9081575,135.1861575,chunithm;iidx;maimai_dx;ongeki,iidx_lm,,allnet;eagate
バイパスレジャーランド加賀店,石川県加賀市箱宮町ヲ1-1,36.3251944,136.4113866,chunithm;ddr;iidx;jubeat;maimai_dx;nostalgia;other;popn;sdvx,ddr_gold;iidx_lm;popn_pikapika;sdvx_vm,,allnet;eagate;ziv
バイパスレジャーランド御経塚店,石川県野々市市御経塚4丁目46,36.5479275,136.6012300,chunithm;iidx;other;popn;sdvx,iidx_lm;popn_pikapika;sdvx_vm,,allnet;eagate;ziv
バイパスレジャーランド藤江新館,石川県金沢市藤江南2-105,36.5837815,136.6206855,chunithm;ddr;gitadora;iidx;jubeat;maimai_dx;nostalgia;ongeki;other;polaris_chord;popn;sdvx,ddr_gold;gitadora_dm_arena;gitadora_gf_arena;iidx_lm;popn_pikapika;sdvx_vm,,allnet;eagate;ziv
バンダイナムコＣｒｏｓｓＳｔｏｒｅ京都,京都市南区西九条鳥居口町イオンＭ京都ＳＡＫＵＲＡ館４階,34.9828149,135.7546262,chunithm;maimai_dx;nostalgia;ongeki;other;popn;taiko,popn_pikapika,chunithm:1;nostalgia:1;taiko:5,allnet;eagate;ziv
パスカランド博多店,福岡県福岡市東区東浜１−１−１ゆめタウン博多店２階,33.6122355,130.4123165,chunithm;maimai_dx;ongeki;other;popn,popn_pikapika,,allnet;eagate;ziv
パスカランド福重店,福岡県福岡市西区拾六町１丁目７番１号ＭＥＧＡドンキ福重店３Ｆ,33.5672500,130.3148720,chunithm;iidx;maimai_dx;ongeki;other;popn;sdvx,iidx_lm;popn_pikapika;sdvx_vm,,allnet;eagate;ziv
パスカランド鳥栖,佐賀県鳥栖市本鳥栖町５３７−１フレスポ鳥栖店２階,33.3758911,130.5168476,chunithm;maimai_dx;ongeki;other;popn,popn_pikapika,,allnet;eagate;ziv
パスカランド黒崎店,福岡県北九州市八幡西区西曲里町３−１,33.8597850,130.7602544,chunithm;maimai_dx;ongeki;other;popn,popn_pikapika,,allnet;eagate;ziv
パスカワールドグリーンランド店,熊本県荒尾市本井手１５７４−５４,32.9878473,130.4712114,chunithm;ddr;gitadora;iidx;jubeat;maimai_dx;nostalgia;ongeki;other;polaris_chord;popn;sdvx,gitadora_dm_arena;gitadora_gf_arena;iidx_lm;popn_pikapika;sdvx_vm,,allnet;eagate;ziv
パラダイス・シティ,神奈川県横浜市旭区二俣川1-43-28,35.4648265,139.5318128,chunithm;iidx;maimai_dx,,,allnet;eagate
パルケ・デ・アミーゴ！山形店,山形県山形市嶋北１−３−１,38.2836662,140.3216001,chunithm;iidx;jubeat;ongeki;other,,,allnet;eagate;ziv
パルケ上賀茂店,京都府京都市北区上賀茂西河原町１の１,35.0669415,135.7460749,chunithm;ddr;drs;gitadora;iidx;maimai_dx;nostalgia;ongeki;other;popn;taiko,iidx_lm,chunithm:2;ddr:1;drs:1;gitadora:2;iidx:1;maimai_dx:1;nostalgia:1;ongeki:1;popn:1;taiko:3,allnet;eagate;ziv
パレパレ稲毛長沼店,千葉県千葉市稲毛区長沼原町731-17フレスポ稲毛Ａ２棟４,35.6575891,140.1277036,chunithm;gitadora;maimai_dx;ongeki;popn;project_diva;taiko,,,allnet;eagate
ビッグボウル杉戸,埼玉県北葛飾郡杉戸町大字杉戸２３３８,36.0401850,139.7208181,chunithm;iidx;maimai_dx;nostalgia;sdvx,iidx_lm;sdvx_vm,,allnet;eagate
ビデオゲームミュージアムロボット深谷店,埼玉県深谷市上柴町西４−１２−１,36.1796392,139.2988013,iidx;jubeat;popn;project_diva;sdvx,iidx_lm;sdvx_vm,,allnet;eagate
ビバーチャ,広島県広島市中区南竹屋町１０−１７,34.3793334,132.4612792,chunithm;gitadora;iidx;jubeat;maimai_dx;ongeki;other;popn,,,allnet;eagate;ziv
ピノキオランド本渡,熊本県天草市船之尾町279-6,32.4583537,130.1882685,chunithm;iidx;maimai_dx;ongeki;other,iidx_lm,,allnet;eagate;ziv
ピノッキースパティオ益田店,島根県益田市高津7丁目21-12ゆめタウン益田店2F,34.6911678,131.8158974,chunithm;iidx;other,,,allnet;eagate;ziv
ピンクパンサー下妻店,茨城県下妻市小島884-10,36.1702653,139.9665309,chunithm;gitadora;iidx;maimai_dx;ongeki;sdvx,sdvx_vm,,allnet;eagate
ピンクパンサー土浦店,茨城県土浦市木田余４５８５−３,36.1065463,140.2151975,chunithm;ddr;gitadora;iidx;jubeat;maimai_dx;ongeki;project_diva;sdvx,ddr_gold;iidx_lm;sdvx_vm,,allnet;eagate
ファンタジスタ,岡山県倉敷市新倉敷駅前５−１９４,34.5583269,133.6767549,chunithm;gitadora;iidx;jubeat;nostalgia;other;popn;sdvx,iidx_lm;popn_pikapika;sdvx_vm,,allnet;eagate;ziv
ファンタジードーム八戸,青森県八戸市江陽２−１４−１,40.5218721,141.5027091,chunithm;iidx;jubeat;maimai_dx;nostalgia;ongeki;other;popn;reflec,iidx_lm,,allnet;eagate;ziv
ファンタジープラザ名古屋,愛知県名古屋市北区玄馬町２３４−１ﾄﾞﾝｷﾎｰﾃ名古屋本店２階,35.2264606,136.9089964,chunithm;ddr;gitadora;iidx;jubeat;maimai_dx;ongeki;other;popn;reflec;sdvx;taiko,ddr_gold;gitadora_dm_arena;gitadora_gf_arena;iidx_lm;popn_pikapika;sdvx_vm,chunithm:2;ddr:1;gitadora:2;iidx:3;jubeat:1;maimai_dx:1;ongeki:2;popn:1;reflec:1;sdvx:4;taiko:3,allnet;eagate;ziv
フェスタ古河店,古河市松並2-18-10マーケットシティ古河内,36.2096015,139.7086044,chunithm;iidx;maimai_dx;ongeki;polaris_chord;popn;sdvx,iidx_lm;popn_pikapika;sdvx_vm,,eagate
フクイレジャーランドワイプラザ店,福井県福井市新保北1-303　ヤスサキワイプラザＢ棟2Ｆ,36.0861836,136.2493644,chunithm;iidx;jubeat;maimai_dx;ongeki;other;polaris_chord;popn;sdvx,iidx_lm;popn_pikapika;sdvx_vm,,allnet;eagate;ziv
フタバボウル泉大津店,大阪府泉大津市松之浜町１−２−５３,34.5108583,135.4156272,chunithm;maimai_dx;ongeki;other;sdvx,sdvx_vm,,allnet;eagate;ziv
フリスポ下館,茨城県筑西市神分４７２,36.3024911,139.9565286,ddr;gitadora;iidx;ongeki;popn;sdvx,popn_pikapika;sdvx_vm,,allnet;eagate
フリスポ佐原,千葉県香取市佐原イ−４２００,35.9011456,140.4935107,chunithm;ddr;gitadora;iidx;maimai_dx;ongeki;polaris_chord;popn;sdvx;taiko,iidx_lm;sdvx_vm,,allnet;eagate
フレスパランドカッタの湯,山口県宇部市海南町1675,33.9584481,131.2615249,chunithm;iidx;maimai_dx;ongeki;other;polaris_chord;sdvx,iidx_lm;sdvx_vm,,allnet;eagate;ziv
ブラックジャックアクア店,広島県広島市安佐南区大町東４−１２−１１,34.4689057,132.4624719,chunithm;iidx;other;popn,iidx_lm,,allnet;eagate;ziv
ブラックジャック東広島店,広島県東広島市西条町御薗宇６１２０,34.4141987,132.7533558,chunithm;iidx;other,iidx_lm,,allnet;eagate;ziv
プラサカプコン大曲店,秋田県大仙市和合字坪立１７７イオン大曲ＳＣ２Ｆ,39.4385014,140.5088973,chunithm;iidx;maimai_dx;ongeki;other;popn,,,allnet;eagate;ziv
プラサカプコン横須賀店,神奈川県横須賀市若松町2-30モアーズシティ4F,35.2782938,139.6700409,chunithm;iidx;maimai_dx;ongeki;other,,,allnet;eagate;ziv
プラサカプコン甲府店,山梨県中巨摩郡昭和町西条３７１７,35.6428959,138.5462509,chunithm;iidx;maimai_dx;ongeki;other;popn;project_diva,,,allnet;eagate;ziv
プラサカプコン石巻店,宮城県石巻市茜平4丁目104番地 ｲｵﾝ石巻ｼｮｯﾋﾟﾝｸﾞｾﾝﾀｰ2F,38.4476841,141.2652783,chunithm;maimai_dx;ongeki;other;popn,,,allnet;eagate;ziv
プレイゾーン　バンブー,新潟県南魚沼市竹俣６０ー５,37.0510088,138.8681410,chunithm;iidx;nostalgia;ongeki;popn,,,allnet;eagate
プレイドーム松山,愛媛県松山市余戸南４丁目９−４０,33.8093947,132.7280617,chunithm;iidx;other;project_diva,iidx_lm,,allnet;eagate;ziv
プレイハウス　エリナ,新潟県新潟市西蒲区津雲田６４０,37.7175185,138.8906472,chunithm;ddr;gitadora;iidx;jubeat;museca;nostalgia;ongeki;popn;sdvx,ddr_gold;iidx_lm;popn_pikapika;sdvx_vm,,allnet;eagate
プレイランドイン黒部,富山県黒部市沓掛645,36.8889558,137.4644997,chunithm;gitadora;iidx;jubeat;sdvx,sdvx_vm,,allnet;eagate
プレイランド大和鶴間,神奈川県大和市下鶴間１−３−１イトーヨーカドー大和鶴間店３Ｆ,35.4905089,139.4571330,chunithm;maimai_dx;ongeki;polaris_chord,,,allnet;eagate
ペップ魚町,福岡県北九州市小倉北区魚町２−４−２０,33.8839068,130.8803109,chunithm;ddr;gitadora;iidx;jubeat;maimai_dx;nostalgia;ongeki;other;popn;project_diva;reflec;sdvx,iidx_lm;sdvx_vm,,allnet;eagate;ziv
ホムスタ加古川店,加古川市尾上町安田351-1メガコート,34.7455290,134.8355115,iidx;popn,iidx_lm,,eagate
ホムスタ玉津店,神戸市西区丸塚2-9-18メガパレス2F,34.6792248,134.9831791,gitadora;iidx;polaris_chord;popn;sdvx,iidx_lm;sdvx_vm,,eagate
ポート２４八事店,愛知県名古屋市昭和区広路町北石坂102番地4,35.1371097,136.9641401,chunithm;ddr;gitadora;iidx;jubeat;maimai_dx;nostalgia;ongeki;other;popn;sdvx;taiko,ddr_gold;iidx_lm;sdvx_vm,chunithm:4;ddr:1;gitadora:2;iidx:4;jubeat:2;maimai_dx:2;nostalgia:1;ongeki:4;popn:1;sdvx:2;taiko:3,allnet;eagate;ziv
ポート２４幸田店,愛知県額田郡幸田町相見沖原1-3,34.8902431,137.1631359,chunithm;gitadora;iidx;maimai_dx;ongeki;other;popn;project_diva;sdvx,iidx_lm;popn_pikapika;sdvx_vm,,allnet;eagate;ziv
ポート２４浜松店,静岡県浜松市中央区坪井町4183-1,34.6801467,137.6443581,chunithm;drs;gitadora;iidx;jubeat;maimai_dx;nostalgia;ongeki;other;popn;project_diva;sdvx,gitadora_dm_arena;gitadora_gf_arena;iidx_lm;sdvx_vm,,allnet;eagate;ziv
マックスプラザ善通寺,香川県善通寺市中村町１７９８−２,34.2436048,133.7640148,chunithm;gitadora;groove_coaster;iidx;jubeat;maimai_dx;nostalgia;ongeki;polaris_chord;popn;project_diva;sdvx;wacca,iidx_lm;sdvx_vm,,allnet;eagate;ziv
マトリクス前橋,群馬県前橋市小相木町５５８−１,36.3729424,139.0596370,chunithm;gitadora;iidx;ongeki;popn;sdvx,gitadora_dm_arena;gitadora_gf_arena;iidx_lm;popn_pikapika;sdvx_vm,,allnet;eagate
ミラクルイン中村橋,東京都練馬区貫井１−１−２ＹＫビル２Ｆ,35.7371368,139.6383560,chunithm;iidx;ongeki;other;popn;sdvx,iidx_lm;sdvx_vm,,allnet;eagate;ziv
ムー大陸西尾シャオ店,愛知県西尾市下町御城下２３−１シャオ２Ｆ,34.8677828,137.0454315,chunithm;iidx;maimai_dx;ongeki;sdvx,iidx_lm;sdvx_vm,,allnet;eagate
メカランド サルビア,鳥取市南隈860,35.5198034,134.2034528,iidx;jubeat;other;popn;reflec,,,eagate;ziv
メジャーロード白根,新潟県新潟市南区上下諏訪木論地９４８−２,37.7605971,139.0222139,chunithm;iidx;maimai_dx;ongeki,,,allnet;eagate
メジャーロード見附店,新潟県見附市上新田町字下野沖516番地1,37.5430983,138.8914470,chunithm;gitadora;iidx;jubeat;maimai_dx;ongeki;other;popn;sdvx,sdvx_vm,,allnet;eagate;ziv
メジャーロード黒埼,新潟県新潟市西区山田３３０３番地（３３０２番地）,37.8682204,139.0173416,chunithm;gitadora;iidx;jubeat;maimai_dx;ongeki;other;sdvx,sdvx_vm,,allnet;eagate;ziv
モンキートリック,大阪府寝屋川市香里南之町32-5　YNレジデンス香里2F,34.7834753,135.6288626,chunithm;ddr;gitadora;iidx;jubeat;maimai_dx;ongeki;polaris_chord;popn;sdvx,ddr_gold;gitadora_dm_arena;gitadora_gf_arena;iidx_lm;popn_pikapika;sdvx_vm,,allnet;eagate
モーリーファンタジーf広島祇園,広島県広島市安佐南区祇園３−２−１　イオン広島祇園ＳＣ３Ｆ,34.4440456,132.4615509,chunithm;gitadora;maimai_dx;ongeki;other;popn,,,allnet;eagate;ziv
モーリーファンタジー三笠店,北海道三笠市岡山１０５９−１スーパーセンター１Ｆ,43.2435815,141.8055111,chunithm;maimai_dx;ongeki;other;popn,,,allnet;eagate;ziv
モーリーファンタジー下妻,茨城県下妻市掘篭９７２−１イオン下妻店2F,36.1900459,139.9897216,chunithm;maimai_dx;popn,,,allnet;eagate
モーリーファンタジー新瑞橋,愛知県名古屋市南区菊住１丁目７ー１０イオンモール新瑞橋店３階,35.1147088,136.9352500,chunithm;maimai_dx;ongeki;polaris_chord,,,allnet;eagate
モーリーファンタジー本荘,秋田県由利本荘市石脇田中１３８番地,39.3915017,140.0274931,chunithm;maimai_dx;nostalgia;ongeki;other;popn;sdvx,sdvx_vm,,allnet;eagate;ziv
モーリーファンタジー米子駅前３Ｆ,鳥取県米子市末広町311　イオン３F,35.4228224,133.3329143,gitadora;maimai_dx;ongeki;other;popn,,,allnet;eagate;ziv
モーリーファンタジー米沢,山形県米沢市春日2-13-4　2F,37.9230092,140.1086180,chunithm;gitadora;maimai_dx;ongeki;other;popn,,,allnet;eagate;ziv
モーリーファンタジー能代,秋田県能代市柳町１１−１　３Ｆ,40.2090900,140.0246518,maimai_dx;nostalgia;other;popn,,,allnet;eagate;ziv
モーリーファンタジー那覇,沖縄県那覇市金城５−１０−２　イオン那覇店３F,26.1970331,127.6658532,chunithm;dance_evo;iidx;jubeat;maimai_dx;nostalgia;ongeki;polaris_chord;popn;reflec;sdvx,iidx_lm;sdvx_vm,,allnet;eagate;ziv
モーリーファンタジーｆ 岐阜,岐阜県岐阜市正木中１−２−１マーサ２１北館３Ｆ,35.4484474,136.7449465,chunithm;drs;gitadora;iidx;jubeat;maimai_dx;ongeki;other;polaris_chord;popn;reflec;sdvx;taiko,iidx_lm;sdvx_vm,chunithm:3;drs:1;gitadora:2;jubeat:2;maimai_dx:3;ongeki:2;popn:1;reflec:1;sdvx:1;taiko:3,allnet;eagate;ziv
モーリーファンタジーｆ加西北条,兵庫県加西市北条町北条３０８−１イオン加西北条２Ｆ,34.9304411,134.8284644,chunithm;gitadora;maimai_dx;other;popn,,,allnet;eagate;ziv
モーリーファンタジーｆ富士南,静岡県富士市鮫島１１８−１０　イオンタウン富士南２Ｆ,35.1397246,138.6758022,chunithm;maimai_dx;ongeki;polaris_chord;popn;sdvx,sdvx_vm,,allnet;eagate
ユーズランド三光店,大分県中津市三光佐知1032イオンモール三光2F,33.5604305,131.1920613,chunithm;iidx;maimai_dx;nostalgia;ongeki;other;polaris_chord;sdvx,sdvx_vm,,allnet;eagate;ziv
ユーズランド下田店,青森県上北郡おいらせ町中野平４０−１イオンモール下田１Ｆ,40.6014566,141.4177839,chunithm;ddr;drs;gitadora;iidx;jubeat;maimai_dx;nostalgia;ongeki;other;polaris_chord;popn;project_diva;sdvx,ddr_gold;gitadora_dm_arena;gitadora_gf_arena;iidx_lm;popn_pikapika;sdvx_vm,,allnet;eagate;ziv
ユーズランド倉敷店,岡山県倉敷市水江１番地イオンモール倉敷２Ｆ,34.6032479,133.7454021,chunithm;ddr;drs;iidx;maimai_dx;ongeki;other;polaris_chord;popn;sdvx,ddr_gold;iidx_lm;popn_pikapika;sdvx_vm,,allnet;eagate;ziv
ユーズランド和歌山店,和歌山県和歌山市ふじと台２３番地イオンモール和歌山２Ｆ,34.2761543,135.1492010,chunithm;iidx;maimai_dx;ongeki;other;polaris_chord;sdvx,iidx_lm;sdvx_vm,,allnet;eagate;ziv
ユーズランド大河原店,宮城県柴田郡大河原町小島２−１フォルテ２Ｆ,38.0656136,140.7373892,chunithm;iidx;maimai_dx;ongeki;other;polaris_chord,,,allnet;eagate;ziv
ユーズランド太田店,群馬県太田市石原町８１番地イオンモール太田２Ｆ,36.2941440,139.4004362,chunithm;gitadora;iidx;maimai_dx;ongeki;polaris_chord;popn;sdvx,gitadora_dm_arena;gitadora_gf_arena;iidx_lm;popn_pikapika;sdvx_vm,,allnet;eagate
ユーズランド日の出店,東京都西多摩郡日の出町大字平井237-3イオンモール日の出３Ｆ,35.7348561,139.2752446,chunithm;maimai_dx;ongeki;popn,popn_pikapika,,allnet;eagate
ユーズランド春日部店,埼玉県春日部市下柳４２０−１イオンモール春日部２Ｆ,35.9885734,139.7898122,chunithm;iidx;jubeat;maimai_dx;nostalgia;ongeki;sdvx,iidx_lm;sdvx_vm,,allnet;eagate
ユーズランド東浦店,愛知県知多郡東浦町緒川旭１３−２イオンモール東浦２Ｆ,34.9781318,136.9742667,chunithm;iidx;maimai_dx;ongeki;other;polaris_chord;popn;sdvx;taiko,iidx_lm;popn_pikapika;sdvx_vm,chunithm:5;iidx:2;maimai_dx:2;ongeki:5;polaris_chord:3;sdvx:2;taiko:6,allnet;eagate;ziv
ユーズランド水戸内原店,茨城県水戸市内原２−１イオンモール水戸内原２Ｆ,36.3739629,140.3583896,chunithm;ddr;gitadora;iidx;maimai_dx;ongeki;polaris_chord;popn;sdvx,ddr_gold;gitadora_dm_arena;gitadora_gf_arena;iidx_lm;popn_pikapika;sdvx_vm,,allnet;eagate
ユーズランド越谷店,埼玉県越谷市レイクタウン4-2-2イオンレイクタウンKAZE3F,35.8778002,139.8245962,chunithm;iidx;maimai_dx;ongeki;popn;sdvx,iidx_lm;popn_pikapika;sdvx_vm,,allnet;eagate
ユーズランド高岡店,富山県高岡市下伏間江３８３イオンモール高岡２Ｆ,36.7241123,137.0170194,chunithm;ddr;iidx;maimai_dx;ongeki;polaris_chord;popn;sdvx,ddr_gold;iidx_lm;popn_pikapika;sdvx_vm,,allnet;eagate
ユーズランド高崎店,群馬県高崎市棟高町１４００番地イオンモール高崎２Ｆ,36.3904820,139.0065304,chunithm;ddr;drs;gitadora;iidx;jubeat;maimai_dx;ongeki;polaris_chord;popn;sdvx,ddr_gold;gitadora_dm_arena;gitadora_gf_arena;iidx_lm;popn_pikapika;sdvx_vm,,allnet;eagate
ラウンドワンさいか屋横須賀店,神奈川県横須賀市大滝町１丁目１３番,35.2821494,139.6695932,chunithm;dance_around;ddr;drs;gitadora;iidx;jubeat;maimai_dx;nostalgia;ongeki;polaris_chord;popn;project_diva;sdvx,ddr_gold;gitadora_dm_arena;gitadora_gf_arena;iidx_lm;popn_pikapika;sdvx_vm,,allnet;eagate
ラウンドワンさいたま・上里店,埼玉県児玉郡上里町大字金久保３９４−１,36.2599800,139.1374381,chunithm;dance_around;drs;gitadora;iidx;maimai_dx;nostalgia;ongeki;other;polaris_chord;popn;sdvx,gitadora_dm_arena;gitadora_gf_arena;iidx_lm;popn_pikapika;sdvx_vm,,allnet;eagate;ziv
ラウンドワンさいたま・栗橋店,埼玉県久喜市小右衛門１９２−１,36.1235137,139.7151734,chunithm;dance_around;ddr;gitadora;iidx;jubeat;maimai_dx;museca;nostalgia;ongeki;other;polaris_chord;popn;sdvx,ddr_gold;gitadora_dm_arena;gitadora_gf_arena;iidx_lm;popn_pikapika;sdvx_vm,dance_around:1;ddr:1;gitadora:2;maimai_dx:4;museca:1;popn:2,allnet;eagate;ziv
ラウンドワンさいたま・鴻巣店,埼玉県鴻巣市箕田３１６３−７,36.0806388,139.4902256,chunithm;dance_around;dance_evo;ddr;drs;gitadora;iidx;jubeat;maimai_dx;nostalgia;ongeki;polaris_chord;popn;sdvx,ddr_gold;gitadora_dm_arena;gitadora_gf_arena;iidx_lm;popn_pikapika;sdvx_vm,,allnet;eagate;ziv
ラウンドワンみえ川越インターチェンジ店,三重県三重郡川越町南福崎８５１−１,35.0229015,136.6835299,chunithm;ddr;gitadora;iidx;maimai_dx;ongeki;other;polaris_chord;popn;sdvx,ddr_gold;gitadora_dm_arena;gitadora_gf_arena;iidx_lm;popn_pikapika;sdvx_vm,,allnet;eagate;ziv
ラウンドワンららぽーと和泉店,大阪府和泉市あゆみ野４−４−７　４階　４２１００番,34.4356803,135.4479088,chunithm;iidx;maimai_dx;ongeki;other;popn;sdvx,iidx_lm;popn_pikapika;sdvx_vm,,allnet;eagate;ziv
ラウンドワンららぽーと新三郷店,埼玉県三郷市新三郷ららシティ3-1-1ららぽーと新三郷2F20000番,35.8594806,139.8671397,beatstream;chunithm;dance_around;dance_evo;ddr;gitadora;iidx;jubeat;maimai_dx;ongeki;polaris_chord;popn;sdvx,ddr_gold;gitadora_dm_arena;gitadora_gf_arena;iidx_lm;popn_pikapika;sdvx_vm,beatstream:2;chunithm:1;dance_evo:1;ddr:1;maimai_dx:1;sdvx:3,allnet;eagate;ziv
ラウンドワンららぽーと湘南平塚店,神奈川県平塚市天沼１０−１３階 ３３２８０番,35.3379406,139.3560477,chunithm;ddr;iidx;maimai_dx;ongeki;other;polaris_chord;popn;sdvx,ddr_gold;iidx_lm;popn_pikapika;sdvx_vm,,allnet;eagate;ziv
ラウンドワンわらび店,埼玉県蕨市北町５−１−６,35.8307831,139.6742333,chunithm;ddr;drs;gitadora;iidx;jubeat;maimai_dx;nostalgia;ongeki;other;polaris_chord;popn;project_diva;sdvx,ddr_gold;gitadora_dm_arena;gitadora_gf_arena;iidx_lm;popn_pikapika;sdvx_vm,,allnet;eagate;ziv
ラウンドワンアリオ柏店,千葉県柏市大島田１丁目６番地１セブンパークアリオ柏　１０７０,35.8323319,140.0119419,chunithm;dance_around;ddr;drs;gitadora;iidx;maimai_dx;ongeki;polaris_chord;popn;sdvx;taiko,ddr_gold;gitadora_dm_arena;gitadora_gf_arena;iidx_lm;popn_pikapika;sdvx_vm,,allnet;eagate
ラウンドワンダイバーシティ東京プラザ店,東京都江東区青海1-1-10ダイバーシティ東京プラザ6階61000,35.6256894,139.7763086,chunithm;crossbeats;dance_around;dance_evo;ddr;drs;gitadora;iidx;jubeat;maimai_dx;ongeki;other;polaris_chord;popn;project_diva;sdvx;taiko,ddr_gold;gitadora_dm_arena;gitadora_gf_arena;iidx_lm;popn_pikapika;sdvx_vm,chunithm:4;crossbeats:2;dance_around:3;dance_evo:1;ddr:1;drs:1;gitadora:4;iidx:2;jubeat:2;maimai_dx:2;ongeki:2;polaris_chord:2;popn:3;project_diva:1;sdvx:1;taiko:6,allnet;eagate;ziv
ラウンドワンモレラ岐阜店,岐阜県本巣市三橋１１００,35.4552106,136.6727657,chunithm;dance_around;ddr;drs;gitadora;iidx;jubeat;maimai_dx;nostalgia;ongeki;other;polaris_chord;popn;sdvx,ddr_gold;gitadora_dm_arena;gitadora_gf_arena;iidx_lm;popn_pikapika;sdvx_vm,,allnet;eagate;ziv
ラウンドワンヨロッカ春日井店,愛知県春日井市六軒屋町東丘２２テナント区画番号３０１０,35.2587361,136.9816772,chunithm;ddr;gitadora;iidx;maimai_dx;ongeki;other;polaris_chord;popn;sdvx;taiko,ddr_gold;gitadora_dm_arena;gitadora_gf_arena;iidx_lm;popn_pikapika;sdvx_vm,chunithm:3;ddr:1;gitadora:2;iidx:2;maimai_dx:2;ongeki:2;polaris_chord:2;sdvx:2;taiko:2,allnet;eagate;ziv
ラウンドワン三宮駅前店,兵庫県神戸市中央区小野柄通6-1-17,34.6939326,135.1973748,chunithm;ddr;gitadora;iidx;maimai_dx;ongeki;other;polaris_chord;popn;sdvx;taiko,ddr_gold;gitadora_dm_arena;gitadora_gf_arena;iidx_lm;popn_pikapika;sdvx_vm,chunithm:8;ddr:1;gitadora:2;iidx:3;maimai_dx:3;ongeki:6;polaris_chord:4;popn:1;sdvx:4;taiko:3,allnet;eagate;ziv
ラウンドワン上尾店,埼玉県上尾市大字平塚９１７−１,35.9857321,139.6078402,chunithm;dance_around;ddr;drs;gitadora;iidx;maimai_dx;nostalgia;ongeki;other;polaris_chord;popn;sdvx,ddr_gold;gitadora_dm_arena;gitadora_gf_arena;iidx_lm;popn_pikapika;sdvx_vm,,allnet;eagate;ziv
ラウンドワン中川１号線店,愛知県名古屋市中川区法蔵町２−２３,35.1236443,136.8636045,chunithm;dance_around;ddr;drs;gitadora;iidx;jubeat;maimai_dx;ongeki;other;polaris_chord;popn;sdvx;taiko,ddr_gold;gitadora_dm_arena;gitadora_gf_arena;iidx_lm;popn_pikapika;sdvx_vm,chunithm:4;dance_around:2;ddr:1;drs:1;gitadora:2;iidx:2;jubeat:1;maimai_dx:2;ongeki:4;polaris_chord:4;popn:1;sdvx:2;taiko:1,allnet;eagate;ziv
ラウンドワン京都伏見店,京都府京都市伏見区下鳥羽平塚町１３１,34.9359432,135.7463208,chunithm;ddr;gitadora;iidx;maimai_dx;ongeki;other;polaris_chord;popn;sdvx,ddr_gold;gitadora_dm_arena;gitadora_gf_arena;iidx_lm;popn_pikapika;sdvx_vm,,allnet;eagate;ziv
ラウンドワン京都河原町店,京都府京都市中京区河原町通三条下ル山崎町２５０,35.0070244,135.7686902,chunithm;dance_around;ddr;drs;gitadora;iidx;jubeat;maimai_dx;nostalgia;ongeki;other;polaris_chord;popn;project_diva;sdvx;taiko,ddr_gold;gitadora_dm_arena;gitadora_gf_arena;iidx_lm;popn_pikapika;sdvx_vm,chunithm:8;dance_around:1;ddr:2;drs:2;gitadora:4;iidx:5;jubeat:1;maimai_dx:8;nostalgia:1;ongeki:6;polaris_chord:4;popn:5;project_diva:1;sdvx:6;taiko:5,allnet;eagate;ziv
ラウンドワン仙台泉店,宮城県仙台市泉区大沢二丁目１２番４号　１階,38.3520265,140.8795076,chunithm;dance_around;ddr;gitadora;iidx;maimai_dx;ongeki;polaris_chord;popn;sdvx,ddr_gold;gitadora_dm_arena;gitadora_gf_arena;iidx_lm;popn_pikapika;sdvx_vm,,allnet;eagate
ラウンドワン仙台苦竹店,宮城県仙台市宮城野区苦竹１−７−１０,38.2680832,140.9172451,chunithm;dance_around;ddr;gitadora;iidx;jubeat;maimai_dx;nostalgia;ongeki;other;polaris_chord;popn;sdvx,ddr_gold;gitadora_dm_arena;gitadora_gf_arena;iidx_lm;popn_pikapika;sdvx_vm,,allnet;eagate;ziv
ラウンドワン伊丹店,兵庫県伊丹市昆陽７丁目２９,34.7790734,135.3934676,chunithm;ddr;gitadora;iidx;maimai_dx;ongeki;other;polaris_chord;popn;project_diva;sdvx,ddr_gold;gitadora_dm_arena;gitadora_gf_arena;iidx_lm;popn_pikapika;sdvx_vm,,allnet;eagate;ziv
ラウンドワン佐賀店,佐賀県佐賀市兵庫北４−２−１,33.2752276,130.3010551,chunithm;dance_around;ddr;drs;gitadora;iidx;maimai_dx;ongeki;other;polaris_chord;popn;sdvx,ddr_gold;gitadora_dm_arena;gitadora_gf_arena;iidx_lm;popn_pikapika;sdvx_vm,,allnet;eagate;ziv
ラウンドワン入間店,埼玉県入間市小谷田３−７−２５,35.8279801,139.3760089,chunithm;dance_around;ddr;gitadora;iidx;jubeat;maimai_dx;nostalgia;ongeki;other;polaris_chord;popn;sdvx,ddr_gold;gitadora_dm_arena;gitadora_gf_arena;iidx_lm;popn_pikapika;sdvx_vm,,allnet;eagate;ziv
ラウンドワン函館店,北海道函館市西桔梗町８４８−１１,41.8246380,140.7175148,chunithm;dance_around;ddr;gitadora;iidx;maimai_dx;nostalgia;ongeki;other;polaris_chord;popn;sdvx,ddr_gold;gitadora_dm_arena;gitadora_gf_arena;iidx_lm;popn_pikapika;sdvx_vm,,allnet;eagate;ziv
ラウンドワン前橋店,群馬県前橋市天川大島町１１０１−１,36.3687628,139.1052489,chunithm;ddr;drs;gitadora;iidx;maimai_dx;ongeki;other;polaris_chord;popn;sdvx,ddr_gold;gitadora_dm_arena;gitadora_gf_arena;iidx_lm;popn_pikapika;sdvx_vm,,allnet;eagate;ziv
ラウンドワン加古川店,兵庫県加古川市尾上町安田325番6号,34.7470428,134.8369253,chunithm;dance_around;ddr;gitadora;iidx;jubeat;maimai_dx;nostalgia;ongeki;other;polaris_chord;popn;sdvx,ddr_gold;gitadora_dm_arena;gitadora_gf_arena;iidx_lm;popn_pikapika;sdvx_vm,,allnet;eagate;ziv
ラウンドワン千日前店,大阪府大阪市中央区難波１−３−１,34.6675295,135.5027825,beatstream;chunithm;crossbeats;dance_around;ddr;drs;gitadora;iidx;jubeat;maimai_dx;museca;nostalgia;ongeki;other;polaris_chord;popn;project_diva;reflec;sdvx,ddr_gold;gitadora_dm_arena;gitadora_gf_arena;iidx_lm;popn_pikapika;sdvx_vm,beatstream:1;chunithm:8;crossbeats:1;dance_around:1;ddr:5;drs:1;gitadora:4;iidx:7;jubeat:1;maimai_dx:4;museca:1;nostalgia:1;ongeki:4;polaris_chord:2;popn:3;project_diva:2;reflec:5;sdvx:8,allnet;eagate;ziv
ラウンドワン千種店,愛知県名古屋市千種区新栄3-20-17タイホウ千種駅前南ビル1階,35.1680713,136.9280046,chunithm;ddr;drs;gitadora;iidx;jubeat;maimai_dx;ongeki;other;polaris_chord;popn;sdvx;taiko,ddr_gold;gitadora_dm_arena;gitadora_gf_arena;iidx_lm;popn_pikapika;sdvx_vm,chunithm:2;ddr:1;drs:1;gitadora:2;iidx:1;jubeat:2;maimai_dx:1;ongeki:2;polaris_chord:2;popn:2;sdvx:1;taiko:3,allnet;eagate;ziv
ラウンドワン半田店,愛知県半田市瑞穂町６−７−８,34.8853760,136.9413762,chunithm;ddr;gitadora;iidx;maimai_dx;ongeki;polaris_chord;popn;sdvx,ddr_gold;gitadora_dm_arena;gitadora_gf_arena;iidx_lm;popn_pikapika;sdvx_vm,,allnet;eagate
ラウンドワン南砂店,東京都江東区南砂６−７−１５トピレックプラザ４Ｆ,35.6718431,139.8369781,chunithm;dance_around;ddr;drs;gitadora;iidx;jubeat;maimai_dx;nostalgia;ongeki;other;polaris_chord;popn;project_diva;reflec;sdvx;taiko,ddr_gold;gitadora_dm_arena;gitadora_gf_arena;iidx_lm;popn_pikapika;sdvx_vm,ddr:2;gitadora:2;iidx:2;jubeat:2;popn:3;project_diva:2;reflec:3;sdvx:2;taiko:1,allnet;eagate;ziv
ラウンドワン博多半道橋店,福岡県福岡市博多区半道橋２−２−８,33.5840670,130.4383464,chunithm;dance_around;ddr;gitadora;iidx;maimai_dx;ongeki;other;polaris_chord;popn;sdvx,ddr_gold;gitadora_dm_arena;gitadora_gf_arena;iidx_lm;popn_pikapika;sdvx_vm,,allnet;eagate;ziv
ラウンドワン吉祥寺店,東京都武蔵野市吉祥寺本町1-11-22,35.7063020,139.5807799,chunithm;ddr;gitadora;iidx;jubeat;maimai_dx;nostalgia;ongeki;other;polaris_chord;popn;sdvx,ddr_gold;gitadora_dm_arena;gitadora_gf_arena;iidx_lm;popn_pikapika;sdvx_vm,,allnet;eagate;ziv
ラウンドワン名古屋西春店,愛知県北名古屋市宇福寺神明１５,35.2548498,136.8436265,chunithm;ddr;gitadora;iidx;maimai_dx;ongeki;other;polaris_chord;popn;sdvx;taiko,ddr_gold;gitadora_dm_arena;gitadora_gf_arena;iidx_lm;popn_pikapika;sdvx_vm,chunithm:2;ddr:1;gitadora:2;iidx:2;maimai_dx:2;ongeki:2;polaris_chord:4;popn:1;sdvx:2;taiko:1,allnet;eagate;ziv
ラウンドワン和歌山店,和歌山県和歌山市小雑賀７３９−３,34.1984612,135.1859700,chunithm;ddr;gitadora;iidx;maimai_dx;ongeki;other;polaris_chord;popn;sdvx,ddr_gold;gitadora_dm_arena;gitadora_gf_arena;iidx_lm;popn_pikapika;sdvx_vm,,allnet;eagate;ziv
ラウンドワン城東放出店,大阪府大阪市城東区今福南3-4-38,34.6964966,135.5593162,chunithm;ddr;gitadora;iidx;maimai_dx;ongeki;other;polaris_chord;popn;sdvx,ddr_gold;gitadora_dm_arena;gitadora_gf_arena;iidx_lm;popn_pikapika;sdvx_vm,,allnet;eagate;ziv
ラウンドワン堺中央環状店,大阪府堺市東区石原町２−２４１,34.5569759,135.5365126,chunithm;ddr;gitadora;iidx;jubeat;maimai_dx;ongeki;other;polaris_chord;popn;sdvx,ddr_gold;gitadora_dm_arena;gitadora_gf_arena;iidx_lm;popn_pikapika;sdvx_vm,,allnet;eagate;ziv
ラウンドワン堺駅前店,大阪府堺市堺区戎島町4-44-3,34.5834551,135.4684377,chunithm;dance_around;ddr;gitadora;iidx;maimai_dx;ongeki;other;polaris_chord;popn;sdvx,ddr_gold;gitadora_dm_arena;gitadora_gf_arena;iidx_lm;popn_pikapika;sdvx_vm,chunithm:2;ongeki:2,allnet;eagate;ziv
ラウンドワン大分店,大分県大分市萩原２−１３−１７,33.2489675,131.6402343,chunithm;ddr;drs;gitadora;iidx;maimai_dx;ongeki;other;polaris_chord;popn;sdvx,ddr_gold;gitadora_dm_arena;gitadora_gf_arena;iidx_lm;popn_pikapika;sdvx_vm,,allnet;eagate;ziv
ラウンドワン大宮店,埼玉県さいたま市大宮区宮町４−９０−７,35.9108281,139.6254402,chunithm;dance_around;ddr;drs;gitadora;iidx;jubeat;maimai_dx;nostalgia;ongeki;other;polaris_chord;popn;sdvx,ddr_gold;gitadora_dm_arena;gitadora_gf_arena;iidx_lm;popn_pikapika;sdvx_vm,,allnet;eagate;ziv
ラウンドワン大野城店,福岡県大野城市御笠川１−１８−１６,33.5464190,130.4822611,chunithm;dance_around;ddr;drs;gitadora;iidx;jubeat;maimai_dx;nostalgia;ongeki;other;polaris_chord;popn;sdvx,ddr_gold;gitadora_dm_arena;gitadora_gf_arena;iidx_lm;popn_pikapika;sdvx_vm,,allnet;eagate;ziv
ラウンドワン奈良・ミナーラ店,奈良県奈良市二条大路南１−３−１ミ・ナーラ５階,34.6849116,135.8025405,chunithm;dance_around;ddr;gitadora;iidx;maimai_dx;nostalgia;ongeki;other;polaris_chord;popn;sdvx,ddr_gold;gitadora_dm_arena;gitadora_gf_arena;iidx_lm;popn_pikapika;sdvx_vm,,allnet;eagate;ziv
ラウンドワン姫路飾磨店,兵庫県姫路市飾磨区中島１−２５４,34.7923295,134.6870919,chunithm;ddr;gitadora;iidx;maimai_dx;ongeki;other;polaris_chord;popn;sdvx,ddr_gold;gitadora_dm_arena;gitadora_gf_arena;iidx_lm;popn_pikapika;sdvx_vm,,allnet;eagate;ziv
ラウンドワン宇都宮店,栃木県宇都宮市江曽島町２０７２−１,36.5406864,139.8868934,chunithm;ddr;gitadora;iidx;jubeat;maimai_dx;nostalgia;ongeki;other;polaris_chord;popn;sdvx,ddr_gold;gitadora_dm_arena;gitadora_gf_arena;iidx_lm;popn_pikapika;sdvx_vm,,allnet;eagate;ziv
ラウンドワン守口店,大阪府守口市佐太東町２−６−１４ジャガーグリーン２Ｆ,34.7560955,135.5885314,chunithm;dance_around;ddr;drs;gitadora;iidx;jubeat;maimai_dx;nostalgia;ongeki;other;polaris_chord;popn;project_diva;sdvx,ddr_gold;gitadora_dm_arena;gitadora_gf_arena;iidx_lm;popn_pikapika;sdvx_vm,,allnet;eagate;ziv
ラウンドワン宮崎店,宮崎県宮崎市中村東３−４−６０,31.8953441,131.4175947,chunithm;dance_around;ddr;drs;gitadora;iidx;jubeat;maimai_dx;nostalgia;ongeki;other;polaris_chord;popn;sdvx,ddr_gold;gitadora_dm_arena;gitadora_gf_arena;iidx_lm;popn_pikapika;sdvx_vm,,allnet;eagate;ziv
ラウンドワン富士店,静岡県富士市八代町４−１５,35.1531225,138.6938123,chunithm;dance_around;ddr;gitadora;iidx;jubeat;maimai_dx;nostalgia;ongeki;other;polaris_chord;popn;sdvx,ddr_gold;gitadora_dm_arena;gitadora_gf_arena;iidx_lm;popn_pikapika;sdvx_vm,,allnet;eagate;ziv
ラウンドワン小倉店,福岡県北九州市小倉北区西港町15-65,33.8975963,130.8598416,chunithm;ddr;gitadora;iidx;maimai_dx;ongeki;other;polaris_chord;popn;sdvx,ddr_gold;gitadora_dm_arena;gitadora_gf_arena;iidx_lm;popn_pikapika;sdvx_vm,,allnet;eagate;ziv
ラウンドワン岡山妹尾店,岡山県岡山市南区妹尾３４１３−１,34.6230198,133.8695548,chunithm;ddr;drs;gitadora;iidx;maimai_dx;ongeki;other;polaris_chord;popn;sdvx,ddr_gold;gitadora_dm_arena;gitadora_gf_arena;iidx_lm;popn_pikapika;sdvx_vm,,allnet;eagate;ziv
ラウンドワン岸和田店,大阪府岸和田市八阪町２−１１−１,34.4565318,135.3885664,beatstream;chunithm;dance_around;ddr;gitadora;groove_coaster;iidx;jubeat;maimai_dx;nostalgia;ongeki;other;polaris_chord;popn;project_diva;reflec;sdvx;taiko,ddr_gold;gitadora_dm_arena;gitadora_gf_arena;iidx_lm;popn_pikapika;sdvx_vm,beatstream:4;ddr:1;gitadora:2;groove_coaster:2;iidx:1;jubeat:2;popn:1;project_diva:1;reflec:2;sdvx:2;taiko:1,allnet;eagate;ziv
ラウンドワン川崎大師店,神奈川県川崎市川崎区殿町１−５−１,35.5380415,139.7416951,chunithm;dance_around;ddr;drs;gitadora;iidx;maimai_dx;ongeki;other;polaris_chord;popn;sdvx,ddr_gold;gitadora_dm_arena;gitadora_gf_arena;iidx_lm;popn_pikapika;sdvx_vm,,allnet;eagate;ziv
ラウンドワン市原店,千葉県市原市八幡北町３−５−１,35.5474925,140.1233713,chunithm;ddr;drs;gitadora;iidx;jubeat;maimai_dx;nostalgia;ongeki;other;polaris_chord;popn;sdvx;taiko,ddr_gold;gitadora_dm_arena;gitadora_gf_arena;iidx_lm;popn_pikapika;sdvx_vm,,allnet;eagate;ziv
ラウンドワン市川鬼高店,千葉県市川市鬼高４−１−３,35.7112207,139.9274795,chunithm;dance_around;ddr;drs;gitadora;iidx;jubeat;maimai_dx;nostalgia;ongeki;other;polaris_chord;popn;project_diva;sdvx;taiko,ddr_gold;gitadora_dm_arena;gitadora_gf_arena;iidx_lm;popn_pikapika;sdvx_vm,,allnet;eagate;ziv
ラウンドワン広島店,広島県広島市中区立町３−１１,34.3937013,132.4601039,chunithm;dance_around;ddr;drs;gitadora;iidx;jubeat;maimai_dx;nostalgia;ongeki;other;polaris_chord;popn;sdvx;taiko,ddr_gold;gitadora_dm_arena;gitadora_gf_arena;iidx_lm;popn_pikapika;sdvx_vm,ddr:1;gitadora:2;iidx:2;jubeat:4;popn:4;sdvx:3;taiko:2,allnet;eagate;ziv
ラウンドワン府中本町駅前,東京都府中市本町１−１３−３カネタビル,35.6672709,139.4774004,chunithm;dance_around;ddr;drs;gitadora;groove_coaster;iidx;jubeat;maimai_dx;nostalgia;ongeki;other;polaris_chord;popn;project_diva;reflec;sdvx;taiko,ddr_gold;gitadora_dm_arena;gitadora_gf_arena;iidx_lm;popn_pikapika;sdvx_vm,ddr:1;gitadora:4;groove_coaster:2;iidx:2;jubeat:4;popn:4;project_diva:2;reflec:4;sdvx:4;taiko:1,allnet;eagate;ziv
ラウンドワン徳島・万代店,徳島県徳島市万代町４−１９−１,34.0647908,134.5646739,chunithm;ddr;gitadora;iidx;maimai_dx;ongeki;other;polaris_chord;popn;sdvx,ddr_gold;gitadora_dm_arena;gitadora_gf_arena;iidx_lm;popn_pikapika;sdvx_vm,,allnet;eagate;ziv
ラウンドワン所沢店,埼玉県所沢市東町５丁目２２　６階,35.7888614,139.4695620,chunithm;dance_around;ddr;gitadora;iidx;jubeat;maimai_dx;ongeki;other;polaris_chord;popn;sdvx,ddr_gold;gitadora_dm_arena;gitadora_gf_arena;iidx_lm;popn_pikapika;sdvx_vm,,allnet;eagate;ziv
ラウンドワン新潟店,新潟県新潟市中央区美咲町２−１−３８,37.8881096,139.0176867,chunithm;dance_around;ddr;gitadora;iidx;jubeat;maimai_dx;nostalgia;ongeki;other;polaris_chord;popn;sdvx,ddr_gold;gitadora_dm_arena;gitadora_gf_arena;iidx_lm;popn_pikapika;sdvx_vm,,allnet;eagate;ziv
ラウンドワン旭川店,北海道旭川市永山三条１−４−７,43.7863735,142.3974371,chunithm;dance_around;ddr;drs;gitadora;iidx;maimai_dx;ongeki;polaris_chord;popn;sdvx,ddr_gold;gitadora_dm_arena;gitadora_gf_arena;iidx_lm;popn_pikapika;sdvx_vm,,allnet;eagate;ziv
ラウンドワン朝霞店,埼玉県朝霞市膝折町２−１６−１０,35.7902754,139.5796457,chunithm;dance_evo;ddr;gitadora;iidx;maimai_dx;ongeki;polaris_chord;popn;sdvx,ddr_gold;gitadora_dm_arena;gitadora_gf_arena;iidx_lm;popn_pikapika;sdvx_vm,,allnet;eagate;ziv
ラウンドワン札幌すすきの店,北海道札幌市中央区南五条西3-6-1,43.0545356,141.3545240,chunithm;dance_around;ddr;drs;gitadora;iidx;jubeat;maimai_dx;nostalgia;ongeki;other;polaris_chord;popn;project_diva;sdvx;taiko,ddr_gold;gitadora_dm_arena;gitadora_gf_arena;iidx_lm;popn_pikapika;sdvx_vm,chunithm:10;dance_around:2;ddr:3;drs:2;gitadora:4;iidx:9;jubeat:3;maimai_dx:4;ongeki:6;polaris_chord:8;popn:4;project_diva:1;sdvx:8;taiko:4,allnet;eagate;ziv
ラウンドワン札幌北２１条店,北海道札幌市東区北二十一条東１−１−２１,43.0867627,141.3497046,chunithm;dance_around;ddr;gitadora;iidx;maimai_dx;nostalgia;ongeki;other;polaris_chord;popn;sdvx;taiko,ddr_gold;gitadora_dm_arena;gitadora_gf_arena;iidx_lm;popn_pikapika;sdvx_vm,,allnet;eagate;ziv
ラウンドワン札幌白石本通店,北海道札幌市白石区本通１６丁目北１−５０,43.0367922,141.4328781,chunithm;ddr;gitadora;iidx;maimai_dx;ongeki;other;polaris_chord;popn;sdvx,ddr_gold;gitadora_dm_arena;gitadora_gf_arena;iidx_lm;popn_pikapika;sdvx_vm,,allnet;eagate;ziv
ラウンドワン東大阪店,大阪府東大阪市若江南町１−２−１２,34.6530441,135.6063264,chunithm;ddr;gitadora;iidx;jubeat;maimai_dx;ongeki;other;polaris_chord;popn;sdvx,ddr_gold;gitadora_dm_arena;gitadora_gf_arena;iidx_lm;popn_pikapika;sdvx_vm,,allnet;eagate;ziv
ラウンドワン東淀川店,大阪府大阪市東淀川区菅原７−１４−２８,34.7427577,135.5250375,chunithm;dance_around;ddr;gitadora;iidx;jubeat;maimai_dx;nostalgia;ongeki;other;polaris_chord;popn;sdvx,ddr_gold;gitadora_dm_arena;gitadora_gf_arena;iidx_lm;popn_pikapika;sdvx_vm,,allnet;eagate;ziv
ラウンドワン松山店,愛媛県松山市東長戸１−３−１０,33.8665121,132.7515765,chunithm;ddr;gitadora;iidx;maimai_dx;ongeki;other;polaris_chord;popn;sdvx,ddr_gold;gitadora_dm_arena;gitadora_gf_arena;iidx_lm;popn_pikapika;sdvx_vm,,allnet;eagate;ziv
ラウンドワン板橋店,東京都板橋区相生町１６−１３,35.7766273,139.6786153,chunithm;dance_around;ddr;drs;gitadora;iidx;jubeat;maimai_dx;ongeki;other;polaris_chord;popn;sdvx,ddr_gold;gitadora_dm_arena;gitadora_gf_arena;iidx_lm;popn_pikapika;sdvx_vm,,allnet;eagate;ziv
ラウンドワン梅田店,大阪府大阪市北区小松原町４−１６,34.7030460,135.5010682,beatstream;chunithm;dance_around;ddr;drs;gitadora;groove_coaster;iidx;jubeat;maimai_dx;nostalgia;ongeki;other;polaris_chord;popn;project_diva;reflec;sdvx;taiko,ddr_gold;gitadora_dm_arena;gitadora_gf_arena;iidx_lm;popn_pikapika;sdvx_vm,beatstream:8;dance_around:2;ddr:3;gitadora:6;groove_coaster:4;iidx:5;jubeat:2;popn:2;project_diva:4;reflec:8;sdvx:7;taiko:5,allnet;eagate;ziv
ラウンドワン横浜綱島店,神奈川県横浜市港北区樽町２−６−４０Ｔ-PLATZ内,35.5319981,139.6371792,chunithm;ddr;gitadora;iidx;maimai_dx;ongeki;other;polaris_chord;popn;sdvx;taiko,ddr_gold;gitadora_dm_arena;gitadora_gf_arena;iidx_lm;popn_pikapika;sdvx_vm,chunithm:2;ddr:2;gitadora:2;iidx:1;maimai_dx:1;ongeki:2;polaris_chord:2;popn:3;sdvx:3;taiko:1,allnet;eagate;ziv;otogesetchi
ラウンドワン横浜駅西口店,神奈川県横浜市西区南幸２−８−１６,35.4639294,139.6179961,chunithm;dance_around;ddr;drs;gitadora;groove_coaster;iidx;jubeat;maimai_dx;ongeki;other;polaris_chord;popn;project_diva;sdvx;taiko,ddr_gold;gitadora_dm_arena;gitadora_gf_arena;iidx_lm;popn_pikapika;sdvx_vm,chunithm:8;dance_around:5;ddr:3;drs:2;gitadora:2;groove_coaster:2;iidx:6;jubeat:2;maimai_dx:6;ongeki:8;popn:3;project_diva:1;sdvx:8;taiko:4,allnet;eagate;ziv
ラウンドワン武蔵村山店,東京都武蔵村山市伊奈平３−１−１,35.7353291,139.3823619,chunithm;dance_around;ddr;drs;gitadora;iidx;maimai_dx;ongeki;other;polaris_chord;popn;sdvx,ddr_gold;gitadora_dm_arena;gitadora_gf_arena;iidx_lm;popn_pikapika;sdvx_vm,,allnet;eagate;ziv
ラウンドワン池袋店,東京都豊島区東池袋１−１４−１,35.7301352,139.7152049,chunithm;dance_around;ddr;drs;gitadora;iidx;jubeat;maimai_dx;nostalgia;ongeki;other;polaris_chord;popn;project_diva;sdvx;taiko,ddr_gold;gitadora_dm_arena;gitadora_gf_arena;iidx_lm;popn_pikapika;sdvx_vm,chunithm:16;dance_around:2;ddr:3;drs:2;gitadora:4;iidx:11;jubeat:1;maimai_dx:6;nostalgia:1;ongeki:4;polaris_chord:2;popn:7;project_diva:1;sdvx:11;taiko:4,allnet;eagate;ziv
ラウンドワン沖縄・南風原店,沖縄県島尻郡南風原町字兼城５５２番地,26.1951082,127.7209626,chunithm;ddr;drs;gitadora;groove_coaster;iidx;jubeat;maimai_dx;nostalgia;ongeki;other;polaris_chord;popn;project_diva;sdvx;wacca,ddr_gold;gitadora_dm_arena;gitadora_gf_arena;iidx_lm;popn_pikapika;sdvx_vm,,allnet;eagate;ziv
ラウンドワン沖縄・宜野湾店,沖縄県宜野湾市真志喜３−２８−８,26.2758542,127.7310091,chunithm;ddr;drs;gitadora;groove_coaster;iidx;jubeat;maimai_dx;nostalgia;ongeki;other;polaris_chord;popn;sdvx;taiko;wacca,ddr_gold;gitadora_dm_arena;gitadora_gf_arena;iidx_lm;popn_pikapika;sdvx_vm,,allnet;eagate;ziv
ラウンドワン津・高茶屋店,三重県津市高茶屋小森町２７７−８,34.6724656,136.5194702,chunithm;dance_around;ddr;gitadora;iidx;maimai_dx;ongeki;other;polaris_chord;popn;sdvx;taiko,ddr_gold;gitadora_dm_arena;gitadora_gf_arena;iidx_lm;popn_pikapika;sdvx_vm,chunithm:2;dance_around:1;ddr:1;gitadora:2;iidx:1;maimai_dx:2;ongeki:2;polaris_chord:2;popn:2;sdvx:2;taiko:2,allnet;eagate;ziv
ラウンドワン浜大津アーカス店,滋賀県大津市浜町２−１浜大津アーカス内,35.0108080,135.8666001,chunithm;ddr;gitadora;iidx;maimai_dx;ongeki;other;polaris_chord;popn;sdvx,ddr_gold;gitadora_dm_arena;gitadora_gf_arena;iidx_lm;popn_pikapika;sdvx_vm,,allnet;eagate;ziv
ラウンドワン浜松店,静岡県浜松市中央区天王町諏訪１９８１−１７,34.7379036,137.7641716,chunithm;dance_around;ddr;drs;gitadora;iidx;maimai_dx;ongeki;other;polaris_chord;popn;sdvx,ddr_gold;gitadora_dm_arena;gitadora_gf_arena;iidx_lm;popn_pikapika;sdvx_vm,,allnet;eagate;ziv
ラウンドワン熊本店,熊本県熊本市西区春日7-25-15,32.7850486,130.6775472,chunithm;dance_around;ddr;drs;gitadora;iidx;maimai_dx;nostalgia;ongeki;other;polaris_chord;popn;sdvx,ddr_gold;gitadora_dm_arena;gitadora_gf_arena;iidx_lm;popn_pikapika;sdvx_vm,,allnet;eagate;ziv
ラウンドワン町田店,東京都町田市森野１−１３−１４,35.5439665,139.4432308,chunithm;ddr;gitadora;iidx;jubeat;maimai_dx;ongeki;other;polaris_chord;popn;project_diva;sdvx,ddr_gold;gitadora_dm_arena;gitadora_gf_arena;iidx_lm;popn_pikapika;sdvx_vm,,allnet;eagate;ziv
ラウンドワン盛岡店,岩手県盛岡市盛岡駅西通２−１０−３５,39.7003942,141.1331774,chunithm;ddr;gitadora;iidx;maimai_dx;nostalgia;ongeki;other;polaris_chord;popn;sdvx,ddr_gold;gitadora_dm_arena;gitadora_gf_arena;iidx_lm;popn_pikapika;sdvx_vm,,allnet;eagate;ziv
ラウンドワン福山店,広島県福山市明神町１−９−２８,34.4892062,133.3924382,chunithm;dance_around;ddr;drs;gitadora;iidx;maimai_dx;ongeki;polaris_chord;popn;sdvx,ddr_gold;gitadora_dm_arena;gitadora_gf_arena;iidx_lm;popn_pikapika;sdvx_vm,,allnet;eagate;ziv
ラウンドワン福岡天神店,福岡県福岡市中央区天神２−６−１２,33.5894630,130.3967853,chunithm;dance_around;ddr;drs;gitadora;iidx;jubeat;maimai_dx;ongeki;polaris_chord;popn;sdvx,ddr_gold;gitadora_dm_arena;gitadora_gf_arena;iidx_lm;popn_pikapika;sdvx_vm,chunithm:1;dance_around:2;ddr:3;drs:3;gitadora:4;iidx:1;maimai_dx:1;polaris_chord:1;sdvx:1,allnet;eagate;ziv
ラウンドワン福島店,福島県福島市太田町14-18,37.7525491,140.4561307,chunithm;ddr;gitadora;iidx;jubeat;maimai_dx;nostalgia;ongeki;other;polaris_chord;popn;sdvx,ddr_gold;gitadora_dm_arena;gitadora_gf_arena;iidx_lm;popn_pikapika;sdvx_vm,,allnet;eagate;ziv
ラウンドワン秋田店,秋田県秋田市卸町１−１−２,39.7020319,140.1094121,chunithm;ddr;gitadora;iidx;jubeat;maimai_dx;nostalgia;ongeki;other;polaris_chord;popn;sdvx,ddr_gold;gitadora_dm_arena;gitadora_gf_arena;iidx_lm;popn_pikapika;sdvx_vm,,allnet;eagate;ziv
ラウンドワン習志野店,千葉県習志野市芝園１−４−５,35.6602102,140.0226100,chunithm;ddr;drs;gitadora;iidx;maimai_dx;nostalgia;ongeki;other;polaris_chord;popn;sdvx;taiko,ddr_gold;gitadora_dm_arena;gitadora_gf_arena;iidx_lm;popn_pikapika;sdvx_vm,,allnet;eagate;ziv
ラウンドワン草加店,埼玉県草加市谷塚上町２０４番１,35.8124211,139.7879027,chunithm;ddr;gitadora;iidx;maimai_dx;ongeki;other;polaris_chord;popn;sdvx,ddr_gold;gitadora_dm_arena;gitadora_gf_arena;iidx_lm;popn_pikapika;sdvx_vm,,allnet;eagate;ziv
ラウンドワン豊中店,大阪府豊中市名神口１−１−１,34.7574026,135.4656578,chunithm;ddr;gitadora;iidx;maimai_dx;ongeki;other;polaris_chord;popn;sdvx,ddr_gold;gitadora_dm_arena;gitadora_gf_arena;iidx_lm;popn_pikapika;sdvx_vm,,allnet;eagate;ziv
ラウンドワン豊橋店,愛知県豊橋市大岩町字岩田２７−２,34.7237006,137.4326113,chunithm;dance_around;ddr;gitadora;iidx;maimai_dx;ongeki;other;polaris_chord;popn;sdvx,ddr_gold;gitadora_dm_arena;gitadora_gf_arena;iidx_lm;popn_pikapika;sdvx_vm,,allnet;eagate;ziv
ラウンドワン郡山店,福島県郡山市向河原町４−５５,37.4023215,140.3956360,chunithm;ddr;gitadora;iidx;maimai_dx;nostalgia;ongeki;other;polaris_chord;popn;sdvx,ddr_gold;gitadora_dm_arena;gitadora_gf_arena;iidx_lm;popn_pikapika;sdvx_vm,,allnet;eagate;ziv
ラウンドワン金沢店,石川県金沢市横川6-120-1,36.5420630,136.6259888,chunithm;dance_around;ddr;drs;gitadora;iidx;jubeat;maimai_dx;nostalgia;ongeki;polaris_chord;popn;sdvx,ddr_gold;gitadora_dm_arena;gitadora_gf_arena;iidx_lm;popn_pikapika;sdvx_vm,dance_around:2;ddr:1;drs:2,allnet;eagate;ziv
ラウンドワン長野店,長野県長野市大字東和田８２７番地６,36.6511151,138.2254058,chunithm;dance_around;ddr;gitadora;iidx;jubeat;maimai_dx;nostalgia;ongeki;other;polaris_chord;popn;sdvx,ddr_gold;gitadora_dm_arena;gitadora_gf_arena;iidx_lm;popn_pikapika;sdvx_vm,,allnet;eagate;ziv
ラウンドワン青森店,青森県青森市浜田３−１−１,40.7986939,140.7484106,chunithm;dance_around;ddr;drs;gitadora;iidx;jubeat;maimai_dx;nostalgia;ongeki;other;polaris_chord;popn;sdvx;taiko,ddr_gold;gitadora_dm_arena;gitadora_gf_arena;iidx_lm;popn_pikapika;sdvx_vm,chunithm:4;dance_around:1;ddr:1;drs:1;gitadora:2;jubeat:2;maimai_dx:3;ongeki:4;polaris_chord:4;popn:1;sdvx:2;taiko:2,allnet;eagate;ziv
ラウンドワン静岡・駿河店,静岡県静岡市駿河区向手越１丁目１０−１,34.9509793,138.3605224,chunithm;dance_around;ddr;gitadora;iidx;maimai_dx;ongeki;other;polaris_chord;popn;sdvx,ddr_gold;gitadora_dm_arena;gitadora_gf_arena;iidx_lm;popn_pikapika;sdvx_vm,,allnet;eagate;ziv
ラウンドワン高松店,香川県高松市松島町２−７−４３,34.3389079,134.0670672,chunithm;dance_around;ddr;drs;gitadora;iidx;maimai_dx;ongeki;other;polaris_chord;popn;sdvx,ddr_gold;gitadora_dm_arena;gitadora_gf_arena;iidx_lm;popn_pikapika;sdvx_vm,,allnet;eagate;ziv
ラウンドワン高槻店,大阪府高槻市辻子３−６−４,34.8326157,135.6300541,chunithm;dance_around;ddr;gitadora;iidx;maimai_dx;ongeki;polaris_chord;popn;sdvx,ddr_gold;gitadora_dm_arena;gitadora_gf_arena;iidx_lm;popn_pikapika;sdvx_vm,,allnet;eagate
ラウンドワン高知店,高知県高知市南宝永町４−１２,33.5578349,133.5543516,chunithm;dance_around;ddr;drs;gitadora;iidx;jubeat;maimai_dx;nostalgia;ongeki;other;polaris_chord;popn;project_diva;sdvx,ddr_gold;gitadora_dm_arena;gitadora_gf_arena;iidx_lm;popn_pikapika;sdvx_vm,,allnet;eagate;ziv
ラウンドワン鳴海店,愛知県名古屋市緑区鳴海町杜若２８,35.0989113,136.9527377,chunithm;dance_around;drs;gitadora;iidx;jubeat;maimai_dx;ongeki;other;polaris_chord;popn;sdvx;taiko,gitadora_dm_arena;gitadora_gf_arena;iidx_lm;popn_pikapika;sdvx_vm,,allnet;eagate;ziv
ラウンドワン鹿児島宇宿店,鹿児島県鹿児島市宇宿2-2-2,31.5447366,130.5434185,chunithm;dance_around;ddr;drs;gitadora;iidx;jubeat;maimai_dx;nostalgia;ongeki;other;polaris_chord;popn;project_diva;sdvx,ddr_gold;gitadora_dm_arena;gitadora_gf_arena;iidx_lm;popn_pikapika;sdvx_vm,,allnet;eagate;ziv
ラウンドワンＪＲ尼崎駅前店,兵庫県尼崎市潮江１−４−５プラストいきいき館４階,34.7334158,135.4329719,chunithm;iidx;maimai_dx;ongeki;other;popn;sdvx,iidx_lm;popn_pikapika;sdvx_vm,,allnet;eagate;ziv
ラッキーバッティングドーム八千代店,千葉県八千代市大和田新田1088,35.7245286,140.0673411,chunithm;drs;gitadora;iidx;jubeat;maimai_dx;nostalgia;ongeki;polaris_chord;popn;sdvx;taiko,gitadora_dm_arena;gitadora_gf_arena;iidx_lm;popn_pikapika;sdvx_vm,,allnet;eagate
ラッキー中央店・フェリシダ,千葉県千葉市中央区富士見2-8-1,35.6102534,140.1182646,chunithm;ddr;drs;gitadora;iidx;jubeat;maimai_dx;nostalgia;ongeki;polaris_chord;popn;project_diva;pump_it_up;reflec;sdvx;taiko,ddr_gold;gitadora_dm_arena;gitadora_gf_arena;iidx_lm;popn_pikapika;sdvx_vm,,allnet;eagate;ziv
ラッキー佐倉店,千葉県佐倉市井野1475,35.7184529,140.1362184,chunithm;gitadora;iidx;maimai_dx;nostalgia;ongeki;polaris_chord;popn;sdvx;taiko,gitadora_dm_arena;gitadora_gf_arena;iidx_lm;popn_pikapika;sdvx_vm,,allnet;eagate
ル･モンド 巣鴨店,豊島区巣鴨2-5-9,35.7340420,139.7396620,jubeat;popn,,,eagate
ロックンボウル,秋田県秋田市広面字長沼３０１,39.7172790,140.1434433,chunithm;ddr;gitadora;iidx;maimai_dx;other;popn,iidx_lm;popn_pikapika,,allnet;eagate;ziv
三冠王バッティングセンター,長崎県佐世保市相浦町２６８９−１,33.1907601,129.6529090,chunithm;ddr;gitadora;iidx;jubeat;maimai_dx;nostalgia;popn;project_diva;reflec;sdvx,iidx_lm;sdvx_vm,ddr:1;gitadora:4;iidx:1;jubeat:1;popn:1;reflec:1;sdvx:2,allnet;eagate;ziv
三郷ヤングボウル,三郷市戸ヶ崎5-131,35.7970590,139.8599740,gitadora;jubeat,,,eagate
上越レジャーランボウル,新潟県上越市下門前薬島827-2,37.1641021,138.2489784,chunithm;ddr;iidx;maimai_dx;ongeki;other;sdvx,ddr_gold;iidx_lm;sdvx_vm,,allnet;eagate;ziv
世田谷オークラボウル,東京都世田谷区桜３−２４−１,35.6405200,139.6386376,chunithm;iidx;maimai_dx;ongeki,,,allnet;eagate
八街ヤングボウル,千葉県八街市八街ほ-380番地11,35.6520813,140.3195367,chunithm;jubeat;maimai_dx;ongeki;taiko,,,allnet;eagate
加須バッティングセンター,加須市志多見1382-20,36.1349616,139.5536828,iidx,,,eagate
北上ヤングボウル,北上市柳原町2-3-3,39.2932750,141.1093960,gitadora;jubeat;other,,,eagate;ziv
千葉レジャーランド成東店,千葉県山武市姫島111-1,35.5884397,140.3901993,chunithm;ddr;iidx;jubeat;maimai_dx;ongeki;other;polaris_chord;popn;sdvx;taiko,ddr_gold;iidx_lm;popn_pikapika;sdvx_vm,,allnet;eagate;ziv
千葉レジャーランド野田店,千葉県野田市吉春776-1,35.9715710,139.8653064,chunithm;ddr;gitadora;iidx;jubeat;maimai_dx;nostalgia;ongeki;other;polaris_chord;popn;project_diva;sdvx;taiko,ddr_gold;gitadora_dm_arena;gitadora_gf_arena;iidx_lm;popn_pikapika;sdvx_vm,,allnet;eagate;ziv
半田メトロポリス,愛知県半田市旭町３−１１−１,34.8746637,136.9216480,chunithm;gitadora;iidx;maimai_dx;nostalgia;ongeki;other;polaris_chord;popn;project_diva;sdvx;taiko,gitadora_dm_arena;gitadora_gf_arena;iidx_lm;sdvx_vm,chunithm:3;gitadora:4;iidx:3;maimai_dx:2;nostalgia:1;ongeki:3;polaris_chord:1;popn:1;project_diva:1;sdvx:3;taiko:3,allnet;eagate;ziv
名古屋レジャーランド内田橋店,愛知県名古屋市南区内田橋2-26-22,35.1137608,136.9098442,chunithm;ddr;gitadora;iidx;jubeat;maimai_dx;nostalgia;ongeki;other;polaris_chord;popn;project_diva;sdvx;taiko,ddr_gold;gitadora_dm_arena;gitadora_gf_arena;iidx_lm;popn_pikapika;sdvx_vm,chunithm:4;ddr:2;gitadora:4;iidx:4;jubeat:1;maimai_dx:2;nostalgia:1;ongeki:4;polaris_chord:4;popn:1;project_diva:1;sdvx:4;taiko:4,allnet;eagate;ziv
埼玉レジャーランド大宮ラクーン店,埼玉県さいたま市大宮区宮町1-60 RAKUUN５階,35.9077510,139.6256804,chunithm;ddr;gitadora;iidx;maimai_dx;ongeki;other;polaris_chord;popn;sdvx;taiko,ddr_gold;gitadora_dm_arena;gitadora_gf_arena;iidx_lm;popn_pikapika;sdvx_vm,,allnet;eagate;ziv
埼玉レジャーランド大宮駅東口店,埼玉県さいたま市大宮区宮町1-8大宮セントラルビルB1F-2F,35.9079906,139.6245492,chunithm;ddr;gitadora;iidx;maimai_dx;ongeki;polaris_chord;popn;sdvx,ddr_gold;gitadora_dm_arena;gitadora_gf_arena;iidx_lm;popn_pikapika;sdvx_vm,,allnet;eagate
埼玉レジャーランド春日部店,埼玉県春日部市大字増富字谷際163-1,35.9593592,139.7292399,chunithm;ddr;gitadora;iidx;jubeat;maimai_dx;ongeki;other;polaris_chord;popn;sdvx,ddr_gold;gitadora_dm_arena;gitadora_gf_arena;iidx_lm;popn_pikapika;sdvx_vm,,allnet;eagate;ziv
大垣メトロポリス,岐阜県大垣市三塚町西沼５２３−１,35.3670652,136.6292333,chunithm;iidx;maimai_dx;nostalgia;ongeki;other;polaris_chord;sdvx,iidx_lm;sdvx_vm,,allnet;eagate;ziv
大慶園,市川市大町359,35.7630430,139.9693300,ddr;drs;gitadora;iidx;jubeat;nostalgia;popn;taiko,popn_pikapika,,eagate
大田原スポーツランド,栃木県那須塩原市一区町１０４−６０,36.8519301,139.9933560,chunithm;gitadora;iidx;jubeat;maimai_dx;ongeki;other;popn;project_diva,iidx_lm,,allnet;eagate;ziv
太宰府Jボウル,太宰府市都府楼南5-6-12ゲームコーナー,33.5012920,130.5136994,gitadora;jubeat;other,,,eagate;ziv
宇土パスカワールド,熊本県宇土市善道寺町綾織９５,32.6834753,130.6681987,other,gitadora_dm_arena;gitadora_gf_arena;iidx_lm;popn_pikapika;sdvx_vm,,allnet;eagate;ziv
安城メトロポリス,愛知県安城市浜富町６−８,34.9551953,137.0973455,chunithm;ddr;gitadora;iidx;maimai_dx;ongeki;other;polaris_chord;popn;sdvx,ddr_gold;gitadora_dm_arena;gitadora_gf_arena;iidx_lm;popn_pikapika;sdvx_vm,,allnet;eagate;ziv
宮西スタジアム２,愛媛県松山市宮西二丁目４の４１,33.8485225,132.7514682,chunithm;gitadora;jubeat;maimai_dx;nostalgia;ongeki;other;popn,,,allnet;eagate;ziv
富山レジャーランド掛尾店,富山県富山市掛尾町３６０−１,36.6660317,137.2088901,chunithm;ddr;iidx;maimai_dx;popn;sdvx,ddr_gold;iidx_lm;popn_pikapika;sdvx_vm,,allnet;eagate
小倉メトロポリス,福岡県北九州市小倉北区西港町２７−５,33.8966075,130.8582112,chunithm;gitadora;iidx;ongeki;other,iidx_lm,,allnet;eagate;ziv
小川ヤングボウル,埼玉県比企郡小川町青山７４９,36.0502869,139.2618426,chunithm;nostalgia,,,allnet;eagate
岐阜レジャーランド穂積店,岐阜県瑞穂市稲里630番地,35.3843322,136.6846639,chunithm;ddr;drs;gitadora;iidx;jubeat;maimai_dx;ongeki;other;polaris_chord;popn;project_diva;sdvx,ddr_gold;gitadora_dm_arena;gitadora_gf_arena;iidx_lm;popn_pikapika;sdvx_vm,,allnet;eagate;ziv
嶺宝スポーツセンター,福島県いわき市小名浜住吉折返２−２,36.9742495,140.8905580,chunithm;drs;gitadora;iidx;jubeat;maimai_dx;nostalgia;ongeki;other;popn;sdvx,gitadora_dm_arena;gitadora_gf_arena;iidx_lm;popn_pikapika;sdvx_vm,,allnet;eagate;ziv
常盤平ボウリングセンター,松戸市常盤平2-8-2,35.8029445,139.9501294,gitadora,,,eagate
彦根パスカ,滋賀県彦根市西沼波町１６６,35.2586299,136.2654728,chunithm;gitadora;iidx;jubeat;maimai_dx;nostalgia;ongeki;other;popn;sdvx,iidx_lm;sdvx_vm,,allnet;eagate;ziv
新宿スポーツランド本館,東京都新宿区新宿3-22-12,35.6931260,139.7018295,chunithm;gitadora;iidx;maimai_dx;ongeki;other;polaris_chord;popn;project_diva;sdvx;taiko,gitadora_dm_arena;gitadora_gf_arena;iidx_lm;popn_pikapika;sdvx_vm,chunithm:4;gitadora:2;iidx:4;maimai_dx:2;ongeki:2;polaris_chord:4;popn:1;sdvx:4;taiko:5,allnet;eagate;ziv;otogesetchi
星狩物語岸和田店,大阪府岸和田市作才町1-3-2,34.4544936,135.3850002,chunithm;ddr;gitadora;iidx;maimai_dx;other;popn;reflec;sdvx,ddr_gold;iidx_lm,,allnet;eagate;ziv
最後の５ドル,福岡県糟屋郡粕屋町大字仲原2706仲原ファミリープラザ2F,33.6091366,130.4453675,chunithm;gitadora;iidx;jubeat;maimai_dx;ongeki;other;sdvx,gitadora_dm_arena;gitadora_gf_arena;iidx_lm;sdvx_vm,,allnet;eagate;ziv
東京レジャーランド亀有店,東京都葛飾区亀有3-21-2,35.7654165,139.8480115,chunithm;ddr;gitadora;iidx;maimai_dx;ongeki;popn;sdvx,ddr_gold;gitadora_dm_arena;gitadora_gf_arena;iidx_lm;popn_pikapika;sdvx_vm,chunithm:4;iidx:2;maimai_dx:2;ongeki:2;sdvx:2,allnet;eagate;ziv
東京レジャーランド吉祥寺店,東京都武蔵野市吉祥寺本町1-3-7　YSビル地下１階〜4階,35.7035980,139.5787046,chunithm;ddr;gitadora;iidx;maimai_dx;ongeki;other;popn;sdvx,ddr_gold;gitadora_dm_arena;gitadora_gf_arena;iidx_lm;popn_pikapika;sdvx_vm,,allnet;eagate;ziv
東京レジャーランド池袋店,東京都豊島区東池袋１−２９−１サントロペ池袋２階３階,35.7304887,139.7164445,chunithm;ddr;gitadora;iidx;jubeat;maimai_dx;nostalgia;ongeki;other;polaris_chord;popn;project_diva;sdvx;taiko,ddr_gold;gitadora_dm_arena;gitadora_gf_arena;iidx_lm;popn_pikapika;sdvx_vm,chunithm:10;ddr:5;gitadora:2;iidx:7;jubeat:1;maimai_dx:4;nostalgia:1;ongeki:4;popn:4;project_diva:1;sdvx:8;taiko:8,allnet;eagate;ziv
東京レジャーランド秋葉原2号店,東京都千代田区外神田4-3-3ミナミビル6F・7F,35.7008302,139.7718494,chunithm;ddr;gitadora;iidx;jubeat;maimai_dx;ongeki;other;polaris_chord;popn;sdvx;taiko,ddr_gold;gitadora_dm_arena;gitadora_gf_arena;iidx_lm;popn_pikapika;sdvx_vm,chunithm:4;ddr:7;gitadora:2;iidx:6;jubeat:3;maimai_dx:3;ongeki:4;polaris_chord:2;popn:2;sdvx:8;taiko:3,allnet;eagate;ziv
東京レジャーランド秋葉原店,東京都千代田区外神田1-9-5,35.6987469,139.7701470,chunithm;ddr;gitadora;iidx;maimai_dx;ongeki;other;polaris_chord;popn;project_diva;sdvx;taiko,ddr_gold;gitadora_dm_arena;gitadora_gf_arena;iidx_lm;popn_pikapika;sdvx_vm,chunithm:8;ddr:4;gitadora:2;iidx:12;maimai_dx:2;ongeki:5;polaris_chord:4;popn:4;project_diva:1;sdvx:8;taiko:3,allnet;eagate;ziv
東武イーストモールアミューズメントランド,北海道北見市端野町３区５７２番地１,43.8414261,143.9286964,chunithm;gitadora;iidx;maimai_dx;ongeki;sdvx,gitadora_dm_arena;gitadora_gf_arena;iidx_lm;sdvx_vm,,allnet;eagate
柏駅前ヤングボウル,千葉県柏市柏１−３−１,35.8606968,139.9712677,chunithm;jubeat;ongeki;sdvx,sdvx_vm,,allnet;eagate
楽市楽座　イオンモール大和郡山店,奈良県大和郡山市下三橋町741-333イオンモール大和郡山店,34.6518656,135.8020009,chunithm;gitadora;iidx;jubeat;maimai_dx;other;project_diva,,,allnet;eagate;ziv
楽市楽座くりえいと宗像,福岡県宗像市くりえいと１−４−４,33.8105202,130.5635801,chunithm;iidx;maimai_dx;other;sdvx,iidx_lm;sdvx_vm,,allnet;eagate;ziv
楽市楽座イオンモール京都桂川店,京都府京都市南区久世高田町376-1イオンモール京都桂川店３階,34.9633145,135.7077191,chunithm;iidx;maimai_dx;taiko,,,allnet;eagate;ziv
楽市楽座イオンモール今治店,愛媛県今治市にぎわい広場1-1,34.0441092,132.9619560,chunithm;iidx;maimai_dx;other,,,allnet;eagate;ziv
楽市楽座イオンモール土浦店,茨城県土浦市上高津３６７イオンモール土浦ＳＣ３階,36.0800877,140.1808547,chunithm;ddr;iidx;maimai_dx,,,allnet;eagate
楽市楽座イオンモール大阪ドーム店,大阪府大阪市西区千代崎３−１３−１,34.6708753,135.4776338,chunithm;iidx;maimai_dx,,,allnet;eagate
楽市楽座イオンモール宮崎店,宮崎県宮崎市新別府町江口８６２−１イオンモール宮崎店２Ｆ,31.9233540,131.4546728,chunithm;iidx;maimai_dx;other;sdvx,iidx_lm;sdvx_vm,,allnet;eagate;ziv
楽市楽座イオンモール扶桑店,愛知県丹羽郡扶桑町南山名高塚5番地イオンモール扶桑2階,35.3612155,136.9005082,chunithm;ddr;iidx;maimai_dx;nostalgia;ongeki;popn,ddr_gold;iidx_lm,,allnet;eagate
楽市楽座イオンモール東員店,三重県員弁郡東員町大字長深字築田５１０−１,35.0617824,136.5793554,chunithm;iidx;maimai_dx;sdvx,sdvx_vm,,allnet;eagate
楽市楽座イオンモール松本店,長野県松本市中央四丁目９番５１号,36.2340216,137.9781532,chunithm;ddr;iidx;maimai_dx;sdvx,sdvx_vm,,allnet;eagate
楽市楽座イオンモール沖縄ライカム店,沖縄県中頭郡北中城村字沖縄ﾗｲｶﾑ1ｲｵﾝﾓｰﾙ沖縄ﾗｲｶﾑ4階,26.3142859,127.7964644,chunithm;groove_coaster;iidx;maimai_dx;ongeki;sdvx;taiko,sdvx_vm,,allnet;eagate;ziv
楽市楽座イオンモール福岡伊都店,福岡県福岡市西区北原1-3-1イオンモール福岡伊都SC別館,33.5770481,130.2564028,chunithm;ddr;drs;gitadora;iidx;jubeat;maimai_dx;nostalgia;ongeki;other;polaris_chord;popn;sdvx,ddr_gold;gitadora_dm_arena;gitadora_gf_arena;iidx_lm;popn_pikapika;sdvx_vm,,allnet;eagate;ziv
楽市楽座サンストリート浜北店,静岡県浜松市浜名区平口２８６１サンストリート浜北,34.7957494,137.7611092,chunithm;ddr;drs;gitadora;iidx;jubeat;maimai_dx;ongeki;popn;project_diva;sdvx,ddr_gold;gitadora_dm_arena;gitadora_gf_arena;iidx_lm;popn_pikapika;sdvx_vm,,allnet;eagate
楽市楽座広島店,広島県広島市南区段原南１−３−５２広島段原ＳＣ７階７００１,34.3852255,132.4760186,chunithm;maimai_dx;nostalgia;other,,,allnet;eagate;ziv
楽市楽座砂津店,福岡県北九州市小倉北区砂津3-1-1チャチャタウン小倉B棟3F,33.8832387,130.8890874,chunithm;iidx;maimai_dx;other;sdvx,sdvx_vm,,allnet;eagate;ziv
楽市楽座行橋店,福岡県行橋市西泉６−１−１,33.7170085,130.9716317,chunithm;iidx;maimai_dx;nostalgia;other,iidx_lm,,allnet;eagate;ziv
楽市楽座黒崎店,福岡県北九州市八幡西区桜ヶ丘町１−３フレスポ黒崎２階,33.8656842,130.7560629,chunithm;ddr;drs;gitadora;iidx;jubeat;maimai_dx;nostalgia;ongeki;other;popn;project_diva;sdvx,ddr_gold;gitadora_dm_arena;gitadora_gf_arena;iidx_lm;popn_pikapika;sdvx_vm,,allnet;eagate;ziv
楽市街道 名古屋店,愛知県北名古屋市中之郷新明４５−１,35.2398490,136.8488049,chunithm;ddr;gitadora;iidx;maimai_dx;other;sdvx;taiko,gitadora_dm_arena;gitadora_gf_arena;iidx_lm;sdvx_vm,chunithm:3;ddr:1;gitadora:2;iidx:1;maimai_dx:2;sdvx:1;taiko:2,allnet;eagate;ziv
楽市街道くるめ店,福岡県久留米市新合川2-7-10久留米アミューズメントビル内,33.3197842,130.5426705,chunithm;gitadora;maimai_dx;other,,,allnet;eagate;ziv
楽市街道箱崎店,福岡県福岡市東区箱崎５丁目１番８号,33.6242624,130.4196214,chunithm;ddr;gitadora;iidx;jubeat;maimai_dx;nostalgia;ongeki;other;popn;project_diva;sdvx,ddr_gold;gitadora_dm_arena;gitadora_gf_arena;iidx_lm;popn_pikapika;sdvx_vm,,allnet;eagate;ziv
永山コパボウル,多摩市永山1-3-4ヒューマックスパビリオン6F,35.6315068,139.4479486,ddr;gitadora;iidx;popn;sdvx,ddr_gold;iidx_lm;sdvx_vm,,eagate
江戸川ヤングボウル,東京都江戸川区中央4-22-25,35.7112564,139.8694347,chunithm;maimai_dx;other;sdvx,sdvx_vm,,allnet;eagate;ziv
沼津バッティングスタジアム,静岡県沼津市岡一色１９−２,35.1214134,138.8770793,chunithm;iidx;nostalgia;ongeki,,,allnet;eagate
沼津バッティングセンター,沼津市岡一色字三竹道19-2,35.1211993,138.8770362,popn,,,eagate
滋賀レジャーランド大津店,滋賀県大津市におの浜３−１−４３　イオンタウンアヤハプラザ内,35.0039335,135.8834052,chunithm;ddr;iidx;maimai_dx;ongeki;other;popn;project_diva;sdvx,ddr_gold;iidx_lm;sdvx_vm,,allnet;eagate;ziv
社スポーツレーン,兵庫県加東市社1189-1,34.9161091,134.9614520,chunithm;iidx;maimai_dx,,,allnet;eagate
神奈川レジャーランド厚木店,神奈川県厚木市戸室5-31-1,35.4481120,139.3431770,chunithm;dance_evo;ddr;drs;gitadora;iidx;jubeat;maimai_dx;nostalgia;ongeki;other;polaris_chord;popn;project_diva;reflec;sdvx,ddr_gold;gitadora_dm_arena;gitadora_gf_arena;iidx_lm;popn_pikapika;sdvx_vm,,allnet;eagate;ziv
福井レジャーランド板垣店,福井県福井市下馬３−１０２,36.0423089,136.2337626,chunithm;ddr;gitadora;iidx;jubeat;maimai_dx;ongeki;other;polaris_chord;popn;sdvx,ddr_gold;gitadora_dm_arena;gitadora_gf_arena;iidx_lm;popn_pikapika;sdvx_vm,,allnet;eagate;ziv
群馬レジャーランド伊勢崎店,群馬県伊勢崎市連取町3066-1,36.3182128,139.1723709,chunithm;ddr;gitadora;iidx;jubeat;maimai_dx;ongeki;other;polaris_chord;popn;sdvx,ddr_gold;gitadora_dm_arena;gitadora_gf_arena;iidx_lm;popn_pikapika;sdvx_vm,,allnet;eagate;ziv
群馬レジャーランド前橋店,群馬県前橋市日吉町４ー３７ー１,36.4049826,139.0794233,chunithm;ddr;gitadora;iidx;maimai_dx;ongeki;polaris_chord;popn;sdvx,ddr_gold;gitadora_dm_arena;gitadora_gf_arena;iidx_lm;popn_pikapika;sdvx_vm,,allnet;eagate
群馬レジャーランド太田店,群馬県太田市西矢島町162-2,36.2681054,139.3759251,chunithm;ddr;gitadora;iidx;jubeat;maimai_dx;nostalgia;ongeki;other;polaris_chord;popn;sdvx,ddr_gold;gitadora_dm_arena;gitadora_gf_arena;iidx_lm;popn_pikapika;sdvx_vm,,allnet;eagate;ziv
群馬レジャーランド渋川店,群馬県渋川市八木原1364,36.4741949,139.0153797,chunithm;ddr;gitadora;iidx;maimai_dx;nostalgia;ongeki;other;polaris_chord;popn;sdvx,ddr_gold;gitadora_dm_arena;gitadora_gf_arena;iidx_lm;popn_pikapika;sdvx_vm,,allnet;eagate;ziv
群馬レジャーランド藤岡店,群馬県藤岡市中2002-1,36.2743443,139.0718665,chunithm;ddr;gitadora;iidx;jubeat;maimai_dx;nostalgia;ongeki;other;polaris_chord;popn;project_diva;sdvx,ddr_gold;gitadora_dm_arena;gitadora_gf_arena;iidx_lm;popn_pikapika;sdvx_vm,,allnet;eagate;ziv
群馬レジャーランド高崎駅東口店,群馬県高崎市江木町３３３−１高崎ＥＸビル,36.3298716,139.0128575,chunithm;ddr;drs;gitadora;iidx;jubeat;maimai_dx;nostalgia;ongeki;other;polaris_chord;popn;sdvx,ddr_gold;gitadora_dm_arena;gitadora_gf_arena;iidx_lm;popn_pikapika;sdvx_vm,,allnet;eagate;ziv
茂原ヤングボウル,茂原市高師4-5,35.4349830,140.2931460,jubeat;nostalgia,,,eagate
葛飾ヤングボウル,葛飾区青戸5-13-3,35.7483255,139.8540342,gitadora;jubeat;nostalgia,,,eagate
豊川メトロポリス,愛知県豊川市下長山町上アライ１４−１,34.8025832,137.3845019,chunithm;iidx;jubeat;maimai_dx;nostalgia;ongeki;other;polaris_chord;sdvx,iidx_lm;sdvx_vm,,allnet;eagate;ziv
遊スペース マジカル,兵庫県神戸市中央区琴ノ緒町５−２−３,34.6955046,135.1950389,chunithm;gitadora;iidx;jubeat;maimai_dx;nostalgia;ongeki;polaris_chord;popn;sdvx,gitadora_dm_arena;gitadora_gf_arena;iidx_lm;popn_pikapika;sdvx_vm,,allnet;eagate
遊ランド富良野店,北海道富良野市弥生町５番５０号,43.3442505,142.3785285,chunithm;jubeat;other;reflec,,,allnet;eagate;ziv
遊ランド西御料店,北海道旭川市西御料５条２丁目,43.7238720,142.3688685,chunithm;iidx;jubeat;nostalgia;other;popn;project_diva;sdvx,sdvx_vm,,allnet;eagate;ziv
遊道楽嘉瀬店,佐賀県佐賀市嘉瀬町中原２４８８−１,33.2422048,130.2565009,chunithm;gitadora;iidx;jubeat;maimai_dx;ongeki;other;popn;project_diva;sdvx,iidx_lm;popn_pikapika;sdvx_vm,,allnet;eagate;ziv
金沢メトロポリス,石川県金沢市無量寺４−１２１−１,36.6011250,136.6140067,chunithm;iidx;other;popn;taiko,iidx_lm,,allnet;eagate;ziv
館山ヤングボウル,千葉県館山市北条1564,34.9907318,139.8673618,chunithm;gitadora;maimai_dx;nostalgia;ongeki;taiko,,,allnet;eagate
Ａ．Ｃ．グランド,岐阜県岐阜市茜部大川1-77,35.3830948,136.7461877,chunithm;ddr;drs;gitadora;groove_coaster;iidx;jubeat;maimai_dx;nostalgia;ongeki;other;polaris_chord;popn;project_diva;pump_it_up;reflec;sdvx;taiko,ddr_gold;gitadora_dm_arena;gitadora_gf_arena;iidx_lm;popn_pikapika;sdvx_vm,chunithm:4;ddr:1;drs:1;gitadora:4;groove_coaster:1;iidx:4;jubeat:2;maimai_dx:2;nostalgia:2;ongeki:2;polaris_chord:2;popn:1;project_diva:1;pump_it_up:1;reflec:1;sdvx:4;taiko:2,allnet;eagate;ziv
ＡＤＸマミー出川店,愛知県春日井市不二ヶ丘１丁目５番地,35.2673215,137.0126718,chunithm;gitadora;iidx;jubeat;maimai_dx;ongeki;other;popn;sdvx,iidx_lm;popn_pikapika;sdvx_vm,chunithm:2;gitadora:3;iidx:4;jubeat:1;maimai_dx:1;ongeki:1;popn:1;sdvx:1,allnet;eagate;ziv
ＡＤＸマミー岡崎店,愛知県岡崎市井田新町６−１,34.9770308,137.1617195,chunithm;ddr;gitadora;iidx;jubeat;maimai_dx;ongeki;other;popn;sdvx,iidx_lm;popn_pikapika;sdvx_vm,,allnet;eagate;ziv
ＡｍｕｓｅｍｅｎｔｃｉｔｙＧ−ＳＴＡ,鹿児島県薩摩川内市向田本町４９番,31.8158073,130.3074018,chunithm;gitadora;iidx;maimai_dx;ongeki;other,iidx_lm,,allnet;eagate;ziv
ＦｅｅｄｙＡｒｃａｄｅ新潟亀田インター,新潟県新潟市江南区下早通柳田１ー１ー１　イオンモール２階,37.8760671,139.0812391,chunithm;ddr;gitadora;maimai_dx,,,allnet;eagate
ＦｅｅｄｙＤｉｎｅｒ＆Ａｒｃａｄｅ綾川,香川県綾歌郡綾川町萱原８２２−１　イオン綾川ＳＣ３Ｆ,34.2516659,133.9310040,chunithm;ddr;iidx;maimai_dx;ongeki;polaris_chord;popn,iidx_lm,,allnet;eagate
ＦｅｅｄｙＤｉｎｅｒ＆Ａｒｃａｄｅ茨木,大阪府茨木市松ケ本町８ー３０ー５　イオンＳＣ４Ｆ,34.8106152,135.5585385,chunithm;iidx;maimai_dx;ongeki;polaris_chord;sdvx,iidx_lm;sdvx_vm,,allnet;eagate
ＦＥＳＴＡコスモタウン佐伯店,大分県佐伯市鶴岡西町２丁目１６３番地 コスモタウン佐伯内,32.9609481,131.8662463,chunithm;maimai_dx;ongeki;other;polaris_chord;sdvx,sdvx_vm,,allnet;eagate;ziv
ＦＥＳＴＡフリーモールわさだ店,大分県大分市大字木上字鉾手２１０２番地,33.1847361,131.5680652,chunithm;maimai_dx;ongeki;other;polaris_chord;sdvx,sdvx_vm,,allnet;eagate;ziv
ＦＥＳＴＡ人吉店,熊本県人吉市宝来町１３０７−１ＨＩＴＯＹＯＳＨＩ−ＲＥＸ内,32.2120330,130.7482963,chunithm;iidx;jubeat;maimai_dx;ongeki;other;polaris_chord;reflec;sdvx,iidx_lm;sdvx_vm,,allnet;eagate;ziv
ＦＥＳＴＡ山鹿店,熊本県山鹿市方保田字鳥越3468-1,33.0046941,130.7230284,chunithm;maimai_dx;ongeki;other;polaris_chord;sdvx,sdvx_vm,,allnet;eagate;ziv
Ｇ−ｐａｌａ小倉,福岡県北九州市小倉南区上葛原1−14−1,33.8396527,130.9113355,chunithm;ddr;iidx;jubeat;maimai_dx;ongeki;other;polaris_chord;popn;project_diva;sdvx,ddr_gold;iidx_lm;sdvx_vm,,allnet;eagate;ziv
Ｇ−ｐａｌａ日田,大分県日田市友田997-1,33.3258135,130.9116595,chunithm;iidx;jubeat;maimai_dx;nostalgia;ongeki;other;polaris_chord;reflec;sdvx,iidx_lm;sdvx_vm,,allnet;eagate;ziv
Ｇ−ｐａｌａ時津,長崎県西彼杵郡時津町野田郷５９号,32.8243546,129.8478119,chunithm;iidx;maimai_dx;ongeki;other,iidx_lm,,allnet;eagate;ziv
Ｇ−ＳＴＡＧＥ七隈店,福岡県福岡市城南区七隈８−４−８,33.5512334,130.3643444,chunithm;gitadora;iidx;maimai_dx;ongeki;other;popn;sdvx,iidx_lm;popn_pikapika;sdvx_vm,,allnet;eagate;ziv
Ｇ−ＳＴＡＧＥ小倉,福岡県北九州市小倉北区浅野2-14-5あるあるCITY2階,33.8875419,130.8847304,chunithm;gitadora;iidx;jubeat;maimai_dx;nostalgia;ongeki;other;polaris_chord;popn;sdvx,gitadora_dm_arena;gitadora_gf_arena;iidx_lm;popn_pikapika;sdvx_vm,,allnet;eagate;ziv
Ｇ−ＳＴＡＧＥ飯塚店,福岡県飯塚市枝国６８０−２,33.6364868,130.6760254,chunithm;iidx;maimai_dx;ongeki;other;popn;sdvx,iidx_lm;popn_pikapika;sdvx_vm,,allnet;eagate;ziv
ＧＡＭＥＢＡＮＫ仙台泉店,宮城県仙台市泉区大沢２−５−４,38.3527525,140.8774030,chunithm;ddr;drs;gitadora;iidx;jubeat;maimai_dx;nostalgia;ongeki;other;popn;project_diva;sdvx,gitadora_dm_arena;iidx_lm;sdvx_vm,,allnet;eagate;ziv
ＧｉＧＯ　ＭＯＭＯテラス京都伏見,京都府京都市伏見区桃山町山ノ下３２　ＭＯＭＯテラス別館２Ｆ,34.9373547,135.7951229,chunithm;jubeat;maimai_dx;ongeki;other;project_diva,,,allnet;eagate;ziv
ＧｉＧＯあべのアポロ３Ｆ,大阪府大阪市阿倍野区阿倍野筋１‐５‐３１　アポロビル３Ｆ,34.6465681,135.5117823,chunithm;ddr;gitadora;iidx;maimai_dx;ongeki;other;polaris_chord;popn;sdvx,ddr_gold;gitadora_dm_arena;gitadora_gf_arena;iidx_lm;popn_pikapika;sdvx_vm,,allnet;eagate;ziv
ＧｉＧＯいわきエブリア,福島県いわき市鹿島町米田字日渡５いわきエブリア２階,36.9937290,140.9051075,jubeat;ongeki,,,allnet;eagate
ＧｉＧＯすすきの,北海道札幌市中央区南３条西４丁目１ー１,43.0564347,141.3528307,chunithm;ddr;iidx;maimai_dx;ongeki;popn;sdvx,ddr_gold;iidx_lm;popn_pikapika;sdvx_vm,,allnet;eagate
ＧｉＧＯひたちなか,茨城県ひたちなか市田中後４０−２,36.3475077,140.5800894,chunithm;gitadora;iidx;maimai_dx;ongeki;other;polaris_chord;sdvx,iidx_lm;sdvx_vm,,allnet;eagate;ziv
ＧｉＧＯアドバンスモール松阪,三重県松阪市田村町２３５−１,34.5538974,136.5146608,chunithm;maimai_dx;nostalgia;ongeki;other;polaris_chord;project_diva;taiko,,chunithm:2;maimai_dx:1;nostalgia:1;ongeki:2;polaris_chord:2;project_diva:1;taiko:2,allnet;eagate;ziv
ＧｉＧＯアルパーク北棟,広島県広島市西区草津南４ー７ー１アルパーク北棟２Ｆ,34.3755120,132.3933319,chunithm;drs;gitadora;iidx;jubeat;maimai_dx;nostalgia;ongeki;other;polaris_chord;project_diva;sdvx,iidx_lm;sdvx_vm,,allnet;eagate;ziv
ＧｉＧＯイオンタウン刈谷,愛知県刈谷市東境町京和１,35.0388079,137.0267692,chunithm;iidx;maimai_dx;ongeki;other;sdvx;taiko,iidx_lm;sdvx_vm,chunithm:2;iidx:1;maimai_dx:2;ongeki:2;sdvx:1;taiko:1,allnet;eagate;ziv
ＧｉＧＯイオンタウン小郡,山口県山口市小郡前田町３−６イオンタウン小郡内,34.0869865,131.3986628,chunithm;maimai_dx;nostalgia;ongeki;other;project_diva,,,allnet;eagate;ziv
ＧｉＧＯイオンモール岡山,岡山県岡山市北区下石井１−２−１イオンモール岡山６Ｆ,34.6620437,133.9177953,chunithm;iidx;maimai_dx;ongeki;other;polaris_chord;popn;sdvx,iidx_lm;popn_pikapika;sdvx_vm,,allnet;eagate;ziv
ＧｉＧＯイオンモール新発田,新潟県新発田市住吉町５‐１１‐５イオンモール新発田店２Ｆ,37.9425520,139.3088201,chunithm;ddr;iidx;maimai_dx;ongeki;polaris_chord;popn;sdvx,iidx_lm;sdvx_vm,,allnet;eagate
ＧｉＧＯイオンモール日根野,大阪府泉佐野市日根野２４９６−１イオンモール日根野２Ｆ,34.3924081,135.3341508,chunithm;drs;iidx;nostalgia;polaris_chord;popn,iidx_lm,,allnet;eagate
ＧｉＧＯイオンモール苫小牧,北海道苫小牧市柳町３丁目１番２０号イオンモール苫小牧２階,42.6563187,141.6420372,chunithm;gitadora;iidx;jubeat;maimai_dx;ongeki;other;polaris_chord;popn;sdvx,iidx_lm;popn_pikapika;sdvx_vm,,allnet;eagate;ziv
ＧｉＧＯイオン仙台中山,宮城県仙台市泉区南中山１−３５−５７別館３Ｆ,38.2978961,140.8270835,chunithm;ddr;iidx;maimai_dx;ongeki;other;sdvx,ddr_gold;iidx_lm;sdvx_vm,,allnet;eagate;ziv
ＧｉＧＯイオン新浦安ショッピングセンター,千葉県浦安市入船１−４−１イオン新浦安ＳＣ４Ｆ,35.6489954,139.9149219,chunithm;iidx;maimai_dx;other;sdvx;taiko,iidx_lm;sdvx_vm,,allnet;eagate;ziv
ＧｉＧＯイオン札幌手稲駅前ＳＣ,北海道札幌市手稲区前田１条１１丁目３階,43.1205333,141.2454205,chunithm;ddr;iidx;maimai_dx;ongeki;polaris_chord;popn;sdvx,ddr_gold;iidx_lm;sdvx_vm,,allnet;eagate
ＧｉＧＯエイスクエア草津,滋賀県草津市西渋川１−２３−２３エイスクエアＳＡＲＡ南館２階,35.0242214,135.9597829,chunithm;iidx;maimai_dx;ongeki;other;polaris_chord;sdvx,iidx_lm;sdvx_vm,,allnet;eagate;ziv
ＧｉＧＯサントムーン柿田川,静岡県駿東郡清水町玉川６１−２サントムーン柿田川２Ｆ,35.1097737,138.9030008,chunithm;iidx;maimai_dx;nostalgia;ongeki;other;polaris_chord;popn;sdvx,iidx_lm;popn_pikapika;sdvx_vm,,allnet;eagate;ziv
ＧｉＧＯショッピングセンターチェリオ鹿嶋,茨城県鹿嶋市宮中２９０−１ショッピングセンターチェリオ１階,35.9595986,140.6437542,chunithm;iidx;maimai_dx;ongeki;other;polaris_chord;sdvx,iidx_lm;sdvx_vm,,allnet;eagate;ziv
ＧｉＧＯスマーク伊勢崎,群馬県伊勢崎市西小保方町３６８スマーク伊勢崎３Ｆ　３０２区画,36.3391744,139.2330425,chunithm;drs;iidx;jubeat;maimai_dx;nostalgia;ongeki;other;polaris_chord;project_diva;sdvx,iidx_lm;sdvx_vm,,allnet;eagate;ziv
ＧｉＧＯセンター南,神奈川県横浜市都筑区茅ヶ崎中央３−２５,35.5446019,139.5746394,chunithm;iidx;maimai_dx;ongeki;other;polaris_chord;popn;sdvx;taiko,iidx_lm;popn_pikapika;sdvx_vm,chunithm:2;iidx:2;maimai_dx:2;ongeki:2;polaris_chord:2;popn:1;sdvx:2;taiko:3,allnet;eagate;ziv;otogesetchi
ＧｉＧＯデイズタウンつくば,茨城県つくば市竹園１-９−２デイズタウンつくば地下１Ｆ,36.0777294,140.1153316,chunithm;ddr;drs;gitadora;iidx;jubeat;maimai_dx;nostalgia;ongeki;other;polaris_chord;popn;project_diva;reflec;sdvx,ddr_gold;gitadora_dm_arena;gitadora_gf_arena;iidx_lm;popn_pikapika;sdvx_vm,ddr:3;drs:1;iidx:2;jubeat:8,allnet;eagate;ziv
ＧｉＧＯトナリエ四日市,三重県四日市市安島１丁目３番３１号トナリエ四日市５階,34.9686061,136.6166547,chunithm;crossbeats;drs;groove_coaster;iidx;jubeat;maimai_dx;ongeki;other;polaris_chord;project_diva;sdvx;taiko,iidx_lm;sdvx_vm,,allnet;eagate;ziv
ＧｉＧＯドリームタウン白樺,北海道帯広市白樺１６条西２丁目ドリームタウン白樺１階,42.9194181,143.1743325,chunithm;ddr;gitadora;iidx;maimai_dx;ongeki;other;polaris_chord;popn;project_diva;sdvx,ddr_gold;iidx_lm;popn_pikapika;sdvx_vm,,allnet;eagate;ziv
ＧｉＧＯヒタチエ,茨城県日立市幸町１丁目１６番１号ヒタチエ５階,36.5918049,140.6590163,chunithm;drs;iidx;jubeat;maimai_dx;ongeki;popn;reflec,,,allnet;eagate
ＧｉＧＯフジモール吹上,埼玉県鴻巣市袋９０ー１　２階,36.0994301,139.4732970,chunithm;gitadora;iidx;maimai_dx;ongeki;polaris_chord;sdvx,iidx_lm;sdvx_vm,,allnet;eagate
ＧｉＧＯマーケットスクエアささしま,愛知県名古屋市中村区平池町４丁目６０番地１４号,35.1626230,136.8849364,chunithm;ddr;gitadora;iidx;jubeat;maimai_dx;nostalgia;ongeki;other;polaris_chord;popn;project_diva;sdvx;taiko,ddr_gold;gitadora_dm_arena;gitadora_gf_arena;iidx_lm;popn_pikapika;sdvx_vm,chunithm:6;ddr:2;gitadora:2;iidx:4;jubeat:1;maimai_dx:5;nostalgia:2;ongeki:4;polaris_chord:2;popn:1;project_diva:1;sdvx:4;taiko:3,allnet;eagate;ziv
ＧｉＧＯマーゴ関,岐阜県関市倉知５１６,35.4796478,136.9006802,chunithm;iidx;maimai_dx;nostalgia;ongeki;other;polaris_chord;project_diva;sdvx,iidx_lm;sdvx_vm,,allnet;eagate;ziv
ＧｉＧＯ一関,岩手県一関市山目字中野９２ー１,38.9337343,141.1183423,chunithm;maimai_dx;other;polaris_chord;popn,,,allnet;eagate;ziv
ＧｉＧＯ万代シテイバスセンタービル,新潟県新潟市中央区万代１丁目６番１号,37.9163632,139.0556101,chunithm;iidx;maimai_dx;ongeki;polaris_chord;sdvx,iidx_lm;sdvx_vm,,allnet;eagate
ＧｉＧＯ三宮北口,兵庫県神戸市中央区北長狭通一丁目８番１号,34.6931201,135.1921928,chunithm;gitadora;iidx;maimai_dx;ongeki;other;polaris_chord;popn;sdvx,iidx_lm;popn_pikapika;sdvx_vm,,allnet;eagate;ziv
ＧｉＧＯ上田,長野県上田市大字上田１８４７−１,36.4127733,138.2619352,chunithm;nostalgia;ongeki;other;project_diva,,,allnet;eagate;ziv
ＧｉＧＯ中間,福岡県中間市上蓮花寺３−１−１,33.8230744,130.7216062,chunithm;iidx;maimai_dx;ongeki;other;polaris_chord;project_diva;sdvx,iidx_lm;sdvx_vm,,allnet;eagate;ziv
ＧｉＧＯ久居,三重県津市久居明神町字風早２５３４−１,34.6842048,136.4668428,chunithm;maimai_dx;nostalgia;ongeki;other;project_diva,,,allnet;eagate;ziv
ＧｉＧＯ今福,大阪府大阪市城東区今福東１−９−３４,34.7009266,135.5574414,chunithm;jubeat;maimai_dx;nostalgia;ongeki;other;polaris_chord;project_diva,,,allnet;eagate;ziv
ＧｉＧＯ仙台,宮城県仙台市青葉区中央２−５−５三経６０ビル,38.2616214,140.8767359,chunithm;ddr;drs;iidx;maimai_dx;nostalgia;ongeki;other;polaris_chord;popn;project_diva;sdvx,ddr_gold;iidx_lm;popn_pikapika;sdvx_vm,,allnet;eagate;ziv
ＧｉＧＯ仙台一番町,宮城県仙台市青葉区一番町４丁目５番１３号サンシャインビル１階,38.2641347,140.8711617,chunithm;ddr;gitadora;iidx;maimai_dx;ongeki;other;polaris_chord;popn;sdvx,ddr_gold;gitadora_dm_arena;gitadora_gf_arena;iidx_lm;popn_pikapika;sdvx_vm,,allnet;eagate;ziv
ＧｉＧＯ伊勢,三重県伊勢市中須町６６６,34.4921013,136.6780636,chunithm;crossbeats;groove_coaster;iidx;jubeat;maimai_dx;nostalgia;ongeki;other;polaris_chord;project_diva;sdvx;taiko,iidx_lm;sdvx_vm,chunithm:4;crossbeats:1;groove_coaster:1;iidx:1;jubeat:1;maimai_dx:2;nostalgia:2;ongeki:4;polaris_chord:2;project_diva:2;sdvx:1;taiko:1,allnet;eagate;ziv
ＧｉＧＯ会津若松,福島県会津若松市町北町上荒久田字宮下１４２,37.5183115,139.9221731,chunithm;ddr;iidx;maimai_dx;ongeki;other;polaris_chord;popn;sdvx,ddr_gold;iidx_lm;popn_pikapika;sdvx_vm,,allnet;eagate;ziv
ＧｉＧＯ入間,埼玉県入間市東藤沢２−１８,35.8192054,139.4181179,chunithm;gitadora;iidx;jubeat;maimai_dx;nostalgia;ongeki;other;polaris_chord;project_diva;sdvx,iidx_lm;sdvx_vm,,allnet;eagate;ziv
ＧｉＧＯ八戸,青森県八戸市城下４−２５−１４,40.5199277,141.4982922,chunithm;iidx;maimai_dx;ongeki;other;sdvx,iidx_lm;sdvx_vm,,allnet;eagate;ziv
ＧｉＧＯ八柱,千葉県松戸市日暮１−１−１八柱駅第２ビル２Ｆ,35.7913772,139.9377874,chunithm;ddr;iidx;jubeat;maimai_dx;ongeki;other;polaris_chord;popn;sdvx;taiko,ddr_gold;iidx_lm;popn_pikapika;sdvx_vm,,allnet;eagate;ziv
ＧｉＧＯ八王子高倉,東京都八王子市高倉町５５‐４,35.6650608,139.3664651,chunithm;iidx;jubeat;maimai_dx;nostalgia;ongeki;polaris_chord;popn;project_diva;sdvx,iidx_lm;popn_pikapika;sdvx_vm,,allnet;eagate
ＧｉＧＯ別府,大分県別府市餅ヶ浜町１６１−２,33.2955437,131.5030742,chunithm;iidx;maimai_dx;ongeki;other;project_diva;sdvx,iidx_lm;sdvx_vm,,allnet;eagate;ziv
ＧｉＧＯ利府,宮城県宮城郡利府町加瀬字新前谷地５５−１,38.3280286,140.9756113,chunithm;ddr;iidx;maimai_dx;ongeki;other;popn;sdvx,ddr_gold;iidx_lm;popn_pikapika;sdvx_vm,,allnet;eagate;ziv
ＧｉＧＯ北岡崎,愛知県岡崎市錦町２番地４,34.9733728,137.1599159,chunithm;ddr;drs;gitadora;iidx;jubeat;maimai_dx;nostalgia;ongeki;other;polaris_chord;popn;project_diva;sdvx,ddr_gold;gitadora_dm_arena;gitadora_gf_arena;iidx_lm;popn_pikapika;sdvx_vm,,allnet;eagate;ziv
ＧｉＧＯ北見,北海道北見市西三輪５丁目１番地１６号,43.7965975,143.8426114,chunithm;ddr;gitadora;iidx;jubeat;maimai_dx;ongeki;other;polaris_chord;popn;sdvx;taiko,ddr_gold;iidx_lm;sdvx_vm,,allnet;eagate;ziv
ＧｉＧＯ名取,宮城県名取市飯野坂字土城堀５７−１,38.1565615,140.8883654,chunithm;iidx;maimai_dx;ongeki;other;sdvx,iidx_lm;sdvx_vm,,allnet;eagate;ziv
ＧｉＧＯ名張,三重県名張市希央台３番町１５,34.6235067,136.1035133,chunithm;drs;maimai_dx;nostalgia;ongeki;other,,,allnet;eagate;ziv
ＧｉＧＯ大宮西口,埼玉県さいたま市大宮区桜木町二丁目３番地２,35.9069124,139.6221862,chunithm;iidx;maimai_dx;ongeki;sdvx,iidx_lm;sdvx_vm,,allnet;eagate
ＧｉＧＯ大森,東京都大田区山王２−１−５大森駅ララビル２Ｆ,35.5900117,139.7284234,chunithm;ddr;gitadora;iidx;jubeat;maimai_dx;ongeki;other;polaris_chord;popn;project_diva;sdvx;taiko,ddr_gold;gitadora_dm_arena;gitadora_gf_arena;iidx_lm;popn_pikapika;sdvx_vm,chunithm:4;ddr:1;gitadora:1;iidx:3;maimai_dx:3;ongeki:4;polaris_chord:2;popn:2;sdvx:4;taiko:3,allnet;eagate;ziv;otogesetchi
ＧｉＧＯ大阪第４ビル,大阪府大阪市北区梅田１−１１−４駅前第４ビルＢ１Ｆ,34.6997459,135.4995034,chunithm;iidx;ongeki;other;polaris_chord;sdvx,iidx_lm;sdvx_vm,,allnet;eagate;ziv
ＧｉＧＯ大阪道頓堀本店,大阪府大阪市中央区道頓堀１丁目８番２２号道頓座ビル１〜３Ｆ,34.6684903,135.5016990,chunithm;ddr;gitadora;iidx;maimai_dx;ongeki;polaris_chord;project_diva;sdvx;taiko,ddr_gold;gitadora_dm_arena;gitadora_gf_arena;iidx_lm;sdvx_vm,chunithm:6;ddr:2;gitadora:2;iidx:3;maimai_dx:8;ongeki:2;polaris_chord:4;project_diva:1;sdvx:4;taiko:8,allnet;eagate;ziv
ＧｉＧＯ天童,山形県天童市南町１−５−２６,38.3429386,140.3741282,chunithm;ddr;drs;gitadora;iidx;jubeat;maimai_dx;nostalgia;ongeki;other;polaris_chord;popn;project_diva;sdvx,ddr_gold;iidx_lm;sdvx_vm,,allnet;eagate;ziv
ＧｉＧＯ姫路駅前,兵庫県姫路市駅前町２５４姫路ＯＳビルＢ１Ｆ,34.8288891,134.6911463,chunithm;iidx;maimai_dx;ongeki;polaris_chord;popn;sdvx;taiko,iidx_lm;popn_pikapika;sdvx_vm,chunithm:4;iidx:2;maimai_dx:3;ongeki:4;polaris_chord:2;popn:1;sdvx:1;taiko:3,allnet;eagate;ziv
ＧｉＧＯ宇都宮,栃木県宇都宮市東宿郷５−１−７,36.5583104,139.9088155,chunithm;ddr;drs;gitadora;iidx;jubeat;maimai_dx;nostalgia;ongeki;other;polaris_chord;popn;project_diva;sdvx,ddr_gold;gitadora_dm_arena;gitadora_gf_arena;iidx_lm;popn_pikapika;sdvx_vm,,allnet;eagate;ziv
ＧｉＧＯ安城,愛知県安城市百石町２−３５−１３,34.9473926,137.0731591,chunithm;iidx;maimai_dx;ongeki;other;sdvx,iidx_lm;sdvx_vm,,allnet;eagate;ziv
ＧｉＧＯ室蘭,北海道室蘭市東町４丁目３１番２号１階,42.3421726,141.0259566,chunithm;maimai_dx;ongeki;other;popn,,,allnet;eagate;ziv
ＧｉＧＯ小山,栃木県小山市東城南１−１−１８,36.2989766,139.8101635,chunithm;iidx;maimai_dx;nostalgia;ongeki;other;polaris_chord;project_diva;sdvx,iidx_lm;sdvx_vm,,allnet;eagate;ziv
ＧｉＧＯ尾西,愛知県一宮市篭屋３−９−７アソビックスびさい１Ｆ,35.3092178,136.7715210,chunithm;gitadora;iidx;maimai_dx;ongeki;other;polaris_chord;sdvx;taiko,iidx_lm;sdvx_vm,chunithm:3;gitadora:2;iidx:2;maimai_dx:3;ongeki:2;polaris_chord:2;sdvx:2;taiko:2,allnet;eagate;ziv
ＧｉＧＯ岡山藤崎,岡山県岡山市中区藤崎５９９−１２,34.6088660,133.9766043,chunithm;maimai_dx;ongeki;other;project_diva,,,allnet;eagate;ziv
ＧｉＧＯ岡谷,長野県岡谷市塚間町２−１−２１,36.0652155,138.0530269,chunithm;maimai_dx;nostalgia;ongeki;other;project_diva,,,allnet;eagate;ziv
ＧｉＧＯ川口,埼玉県川口市東領家２−２−１０,35.7948508,139.7475285,chunithm;drs;maimai_dx;nostalgia;ongeki;other;polaris_chord;project_diva,,,allnet;eagate;ziv
ＧｉＧＯ布施,大阪府東大阪市長堂１−１−１ロンモール布施内,34.6641110,135.5627449,chunithm;ddr;drs;gitadora;iidx;jubeat;maimai_dx;nostalgia;ongeki;other;polaris_chord;popn;project_diva;sdvx,ddr_gold;iidx_lm;popn_pikapika;sdvx_vm,,allnet;eagate;ziv
ＧｉＧＯ帯広稲田,北海道帯広市稲田町南八線西１２−１スズランボウル１・２階,42.8902056,143.1964602,chunithm;iidx;maimai_dx;ongeki;other;polaris_chord;sdvx,iidx_lm;sdvx_vm,,allnet;eagate;ziv
ＧｉＧＯ幕張,千葉県千葉市美浜区ひび野１−８メッセ・アミューズ・モール１Ｆ,35.6499867,140.0426445,chunithm;ddr;gitadora;iidx;jubeat;maimai_dx;ongeki;other;polaris_chord;popn;project_diva;sdvx;taiko,ddr_gold;iidx_lm;popn_pikapika;sdvx_vm,chunithm:4;gitadora:2;maimai_dx:2;ongeki:2;project_diva:2;sdvx:1,allnet;eagate;ziv
ＧｉＧＯ広,広島県呉市広中町１−９,34.2285551,132.6294083,chunithm;gitadora;iidx;jubeat;maimai_dx;ongeki;other;polaris_chord;popn;sdvx,iidx_lm;sdvx_vm,,allnet;eagate;ziv
ＧｉＧＯ延岡,宮崎県延岡市平原町５−１４９２−８,32.5498259,131.6778907,chunithm;maimai_dx;nostalgia;ongeki;other;project_diva,,,allnet;eagate;ziv
ＧｉＧＯ成増,東京都板橋区成増２ー１７ー２４五曠第６ビル,35.7774582,139.6312607,chunithm;ddr;gitadora;iidx;maimai_dx;nostalgia;ongeki;polaris_chord;popn;project_diva;sdvx,ddr_gold;iidx_lm;popn_pikapika;sdvx_vm,,allnet;eagate
ＧｉＧＯ所沢,埼玉県所沢市日吉町８−１,35.7884760,139.4718990,chunithm;iidx;maimai_dx;nostalgia;ongeki;other;polaris_chord;project_diva;sdvx,iidx_lm;sdvx_vm,,allnet;eagate;ziv
ＧｉＧＯ掛川,静岡県掛川市細田２４８,34.7738744,137.9853301,chunithm;maimai_dx;nostalgia;ongeki;other,,,allnet;eagate;ziv
ＧｉＧＯ新宿西口,東京都新宿区西新宿１−１２−５Ｂ１Ｆ・１Ｆ,35.6895292,139.6973700,chunithm;iidx;maimai_dx;ongeki;other;polaris_chord;popn;sdvx;taiko,iidx_lm;popn_pikapika;sdvx_vm,chunithm:6;iidx:4;maimai_dx:2;ongeki:4;polaris_chord:2;popn:1;sdvx:4;taiko:3,allnet;eagate;ziv;otogesetchi
ＧｉＧＯ新庄,山形県新庄市金沢１０６８,38.7646694,140.3084662,chunithm;gitadora;iidx;jubeat;maimai_dx;other;polaris_chord;popn;sdvx,iidx_lm;sdvx_vm,,allnet;eagate;ziv
ＧｉＧＯ新杉田,神奈川県横浜市磯子区杉田１−１−１らびすた新杉田２Ｆ,35.3860689,139.6188885,chunithm;iidx;maimai_dx;ongeki;other;polaris_chord;popn;project_diva;sdvx,iidx_lm;popn_pikapika;sdvx_vm,,allnet;eagate;ziv
ＧｉＧＯ日光,栃木県日光市芹沼１４４８−１,36.7410949,139.7101397,chunithm;maimai_dx;nostalgia;ongeki;other;polaris_chord;project_diva,,,allnet;eagate;ziv
ＧｉＧＯ日和田,福島県郡山市日和田町字西中島７−１,37.4482007,140.3804128,chunithm;drs;maimai_dx;ongeki;other;project_diva,,,allnet;eagate;ziv
ＧｉＧＯ日立,茨城県日立市田尻町３−２６−１,36.6264312,140.6698583,chunithm;gitadora;jubeat;maimai_dx;nostalgia;ongeki;other;project_diva,,,allnet;eagate;ziv
ＧｉＧＯ明石,兵庫県明石市魚住町清水２４６４−１,34.7200565,134.8968320,chunithm;drs;gitadora;maimai_dx;ongeki;other;sdvx,,,allnet;eagate;ziv
ＧｉＧＯ春日井,愛知県春日井市岩野町４１８０,35.2695446,136.9605146,chunithm;drs;groove_coaster;iidx;jubeat;maimai_dx;nostalgia;ongeki;other;project_diva;sdvx;taiko;wacca,iidx_lm;sdvx_vm,chunithm:3;drs:1;groove_coaster:1;iidx:1;jubeat:1;maimai_dx:2;nostalgia:1;ongeki:4;project_diva:1;sdvx:1;taiko:1;wacca:1,allnet;eagate;ziv
ＧｉＧＯ本厚木,神奈川県厚木市中町４−１５−９,35.4390462,139.3619056,chunithm;gitadora;iidx;jubeat;maimai_dx;ongeki;other;polaris_chord;sdvx,iidx_lm;sdvx_vm,,allnet;eagate;ziv
ＧｉＧＯ本藤沢,神奈川県藤沢市本藤沢５‐６‐８,35.3580369,139.4681074,chunithm;iidx;jubeat;maimai_dx;ongeki;polaris_chord;popn;sdvx,iidx_lm;sdvx_vm,,allnet;eagate
ＧｉＧＯ札幌駅西口,北海道札幌市北区北６条西６丁目１‐１,43.0675310,141.3462795,chunithm;ddr;gitadora;iidx;maimai_dx;ongeki;other;popn;sdvx;taiko,ddr_gold;gitadora_dm_arena;gitadora_gf_arena;iidx_lm;popn_pikapika;sdvx_vm,chunithm:2;ddr:1;gitadora:2;iidx:4;maimai_dx:2;ongeki:2;sdvx:4;taiko:2,allnet;eagate;ziv
ＧｉＧＯ松山,愛媛県松山市枝松５−７−３２,33.8282598,132.7865030,chunithm;maimai_dx;nostalgia;ongeki;other,,,allnet;eagate;ziv
ＧｉＧＯ松江,島根県松江市嫁島町１２−１５,35.4500922,133.0478147,chunithm;maimai_dx;nostalgia;ongeki;other;project_diva,,,allnet;eagate;ziv
ＧｉＧＯ枚方,大阪府枚方市須山町８３−１サンシャインプラザ枚方内,34.8196428,135.6755727,chunithm;iidx;maimai_dx;nostalgia;ongeki;other;project_diva;sdvx,iidx_lm;sdvx_vm,,allnet;eagate;ziv
ＧｉＧＯ柳津,岐阜県岐阜市柳津町上佐波西３‐６８,35.3759691,136.7145600,chunithm;gitadora;iidx;maimai_dx;ongeki;other;popn;sdvx;taiko,gitadora_dm_arena;gitadora_gf_arena;iidx_lm;sdvx_vm,chunithm:3;gitadora:2;iidx:1;maimai_dx:2;ongeki:3;popn:1;sdvx:1;taiko:1,allnet;eagate;ziv
ＧｉＧＯ桑名,三重県桑名市江場１５７８,35.0531263,136.6824919,chunithm;iidx;maimai_dx;ongeki;other;polaris_chord;sdvx;taiko,iidx_lm;sdvx_vm,,allnet;eagate;ziv
ＧｉＧＯ武雄,佐賀県武雄市武雄町富岡１２５１７−１,33.1993539,130.0346461,chunithm;drs;jubeat;maimai_dx;nostalgia;ongeki;other;polaris_chord;project_diva,,,allnet;eagate;ziv
ＧｉＧＯ水戸,茨城県水戸市宮町１−７−４４コムボックス３１０,36.3694663,140.4745213,chunithm;ddr;drs;gitadora;iidx;jubeat;maimai_dx;nostalgia;ongeki;other;polaris_chord;popn;project_diva;sdvx,ddr_gold;iidx_lm;popn_pikapika;sdvx_vm,,allnet;eagate;ziv
ＧｉＧＯ水戸南,茨城県水戸市千波町２０１７−１,36.3503245,140.4430002,chunithm;ddr;gitadora;iidx;jubeat;maimai_dx;nostalgia;ongeki;other;polaris_chord;popn;project_diva;sdvx,iidx_lm;popn_pikapika;sdvx_vm,,allnet;eagate;ziv
ＧｉＧＯ水沢,岩手県奥州市水沢佐倉河字鐙田４−１,39.1526569,141.1493722,chunithm;maimai_dx;ongeki;other;polaris_chord,,,allnet;eagate;ziv
ＧｉＧＯ池上,東京都大田区池上６−２−３松山ビル２Ｆ,35.5726635,139.7021271,chunithm;maimai_dx;nostalgia;ongeki;other,,,allnet;eagate;ziv
ＧｉＧＯ海田,広島県安芸郡海田町南大正町３−３５,34.3676366,132.5336741,chunithm;iidx;maimai_dx;ongeki;other;polaris_chord;project_diva;sdvx,iidx_lm;sdvx_vm,,allnet;eagate;ziv
ＧｉＧＯ海老名,神奈川県海老名市中央一丁目４番３１号海老名プラザビル１階,35.4515535,139.3925418,chunithm;iidx;maimai_dx;ongeki;other;polaris_chord;project_diva;sdvx,iidx_lm;sdvx_vm,,allnet;eagate;ziv
ＧｉＧＯ渋谷宮益坂,東京都渋谷区渋谷１−１４−１４ＥＳＴ１階・７階,35.6600164,139.7025897,chunithm;ddr;iidx;jubeat;maimai_dx;nostalgia;ongeki;other;polaris_chord;popn;project_diva;sdvx;taiko,ddr_gold;iidx_lm;popn_pikapika;sdvx_vm,chunithm:5;ddr:1;iidx:2;jubeat:1;maimai_dx:2;nostalgia:2;ongeki:4;polaris_chord:2;popn:1;project_diva:1;sdvx:2;taiko:4,allnet;eagate;ziv;otogesetchi
ＧｉＧＯ港北インター,神奈川県横浜市都筑区東方町３２１‐６,35.5192486,139.5847936,chunithm;gitadora;iidx;maimai_dx;ongeki;polaris_chord;popn;sdvx,gitadora_dm_arena;gitadora_gf_arena;iidx_lm;popn_pikapika;sdvx_vm,,allnet;eagate
ＧｉＧＯ生桑,三重県四日市市生桑町字川原崎２９９−１,34.9864590,136.6016295,chunithm;jubeat;maimai_dx;nostalgia;ongeki;other;project_diva,,,allnet;eagate;ziv
ＧｉＧＯ町田,東京都町田市原町田６−１３ー１７アーバンミサワビルＢ１,35.5438675,139.4469818,chunithm;ddr;iidx;maimai_dx;ongeki;other;polaris_chord;popn;project_diva;sdvx,ddr_gold;iidx_lm;popn_pikapika;sdvx_vm,,allnet;eagate;ziv
ＧｉＧＯ相模原,神奈川県相模原市中央区中央２−１−５,35.5735451,139.3710572,chunithm;ddr;gitadora;iidx;maimai_dx;ongeki;other;polaris_chord;popn;project_diva;sdvx,ddr_gold;iidx_lm;popn_pikapika;sdvx_vm,,allnet;eagate;ziv
ＧｉＧＯ相模大野,神奈川県相模原市南区相模大野３−１３−２東和ビル２Ｆ・３Ｆ,35.5321942,139.4358387,chunithm;ddr;gitadora;iidx;jubeat;maimai_dx;nostalgia;ongeki;other;polaris_chord;popn;project_diva;sdvx,ddr_gold;gitadora_dm_arena;gitadora_gf_arena;iidx_lm;popn_pikapika;sdvx_vm,,allnet;eagate;ziv
ＧｉＧＯ石岡,茨城県石岡市東大橋中峯１９７６−１,36.1986319,140.3033861,chunithm;jubeat;maimai_dx;nostalgia;ongeki;other;polaris_chord;project_diva,,,allnet;eagate;ziv
ＧｉＧＯ神栖,茨城県神栖市神栖１ー８−１,35.8979951,140.6444094,chunithm;gitadora;iidx;jubeat;maimai_dx;nostalgia;ongeki;other;polaris_chord;popn;sdvx,iidx_lm;sdvx_vm,,allnet;eagate;ziv
ＧｉＧＯ神楽坂,東京都新宿区神楽坂２−１１第２カグラヒルズ１Ｆ,35.7010372,139.7420111,chunithm;iidx;maimai_dx;ongeki;other;polaris_chord;popn;sdvx;taiko,iidx_lm;popn_pikapika;sdvx_vm,chunithm:4;iidx:2;maimai_dx:2;ongeki:3;polaris_chord:2;popn:1;sdvx:2;taiko:4,allnet;eagate;ziv
ＧｉＧＯ福井,福井県福井市丸山１−４１０,36.0733531,136.2429894,chunithm;gitadora;iidx;maimai_dx;nostalgia;ongeki;other;project_diva;sdvx,iidx_lm;sdvx_vm,,allnet;eagate;ziv
ＧｉＧＯ福岡天神,福岡県福岡市中央区天神２−７−６ＤＡＤＡビル,33.5898893,130.3966097,chunithm;ddr;drs;gitadora;iidx;maimai_dx;nostalgia;ongeki;other;polaris_chord;popn;project_diva;sdvx,ddr_gold;gitadora_dm_arena;gitadora_gf_arena;iidx_lm;popn_pikapika;sdvx_vm,,allnet;eagate;ziv
ＧｉＧＯ福島南,福島県福島市黒岩字中島７−２,37.7277789,140.4671413,chunithm;ddr;iidx;maimai_dx;ongeki;other;polaris_chord;popn;sdvx,ddr_gold;iidx_lm;popn_pikapika;sdvx_vm,,allnet;eagate;ziv
ＧｉＧＯ福生,東京都福生市福生１０７６−１,35.7447000,139.3242870,chunithm;gitadora;iidx;maimai_dx;ongeki;other;polaris_chord;project_diva;sdvx,iidx_lm;sdvx_vm,,allnet;eagate;ziv
ＧｉＧＯ秋田,秋田県秋田市茨島１−１−１６,39.7042342,140.1045893,chunithm;iidx;maimai_dx;nostalgia;ongeki;other,iidx_lm,,allnet;eagate;ziv
ＧｉＧＯ秋葉原３号館,東京都千代田区外神田１‐１１‐１１外神田１丁目ビルディング,35.6992573,139.7709038,chunithm;ddr;drs;gitadora;iidx;jubeat;maimai_dx;nostalgia;ongeki;other;polaris_chord;popn;project_diva;reflec;sdvx;taiko,ddr_gold;gitadora_dm_arena;gitadora_gf_arena;iidx_lm;popn_pikapika;sdvx_vm,chunithm:12;ddr:4;drs:2;gitadora:2;iidx:8;jubeat:1;maimai_dx:3;nostalgia:1;ongeki:6;polaris_chord:8;popn:1;project_diva:1;reflec:1;sdvx:8;taiko:6,allnet;eagate;ziv
ＧｉＧＯ立川,東京都立川市柴崎町３−２−１サザンビル１・２Ｆ,35.6975104,139.4146195,chunithm;iidx;maimai_dx;ongeki;other;polaris_chord;popn;project_diva;sdvx;taiko,iidx_lm;popn_pikapika;sdvx_vm,chunithm:4;project_diva:2;taiko:2,allnet;eagate;ziv
ＧｉＧＯ立石,東京都葛飾区立石７丁目３番６号リ・セブン,35.7396004,139.8494377,chunithm;iidx;maimai_dx;ongeki;sdvx,iidx_lm;sdvx_vm,,allnet;eagate
ＧｉＧＯ竹の塚,東京都足立区竹の塚６−８−６ピーくんＰｌａｚａ−ｂ,35.7947506,139.7924968,chunithm;iidx;maimai_dx;ongeki;other;polaris_chord;sdvx,iidx_lm;sdvx_vm,,allnet;eagate;ziv
ＧｉＧＯ米沢,山形県米沢市大字花沢字タナコ原１７７,37.9109365,140.1336702,chunithm;iidx;maimai_dx;ongeki;other;polaris_chord;popn;sdvx,iidx_lm;sdvx_vm,,allnet;eagate;ziv
ＧｉＧＯ綱島,神奈川県横浜市港北区綱島西２−６−２９,35.5363864,139.6328782,chunithm;ddr;gitadora;iidx;jubeat;maimai_dx;nostalgia;ongeki;other;polaris_chord;popn;project_diva;sdvx;taiko,ddr_gold;gitadora_dm_arena;gitadora_gf_arena;iidx_lm;popn_pikapika;sdvx_vm,chunithm:2;ddr:1;gitadora:2;iidx:2;jubeat:1;maimai_dx:1;ongeki:3;polaris_chord:2;popn:1;sdvx:2;taiko:3,allnet;eagate;ziv;otogesetchi
ＧｉＧＯ総本店,東京都豊島区東池袋一丁目１３番６号,35.7295307,139.7147102,chunithm;ddr;drs;gitadora;iidx;jubeat;maimai_dx;nostalgia;ongeki;other;polaris_chord;popn;project_diva;sdvx;taiko,ddr_gold;gitadora_dm_arena;gitadora_gf_arena;iidx_lm;popn_pikapika;sdvx_vm,chunithm:1;ddr:3;drs:1;gitadora:2;iidx:1;jubeat:1;maimai_dx:6;ongeki:6;polaris_chord:8;popn:1;sdvx:1;taiko:1,allnet;eagate;ziv
ＧｉＧＯ自由が丘,東京都目黒区自由が丘２ー１０ー９,35.6084441,139.6675657,chunithm;gitadora;iidx;maimai_dx;ongeki;popn;project_diva;sdvx;taiko,iidx_lm;popn_pikapika;sdvx_vm,chunithm:4;gitadora:2;iidx:2;maimai_dx:2;ongeki:4;popn:1;project_diva:1;sdvx:2;taiko:3,allnet;eagate;ziv;otogesetchi
ＧｉＧＯ船堀,東京都江戸川区船堀１ー６ー１１,35.6848536,139.8638638,chunithm;gitadora;iidx;maimai_dx;nostalgia;ongeki;other;polaris_chord;project_diva;sdvx,iidx_lm;sdvx_vm,,allnet;eagate;ziv
ＧｉＧＯ西那須野,栃木県那須塩原市南郷屋２−１０６−２７,36.8951190,139.9822381,chunithm;gitadora;iidx;maimai_dx;nostalgia;ongeki;other;polaris_chord;project_diva;sdvx,iidx_lm;sdvx_vm,,allnet;eagate;ziv
ＧｉＧＯ調布,東京都調布市布田４丁目２ー４,35.6509849,139.5442311,chunithm;ddr;gitadora;iidx;maimai_dx;ongeki;polaris_chord;sdvx,ddr_gold;iidx_lm;sdvx_vm,,allnet;eagate
ＧｉＧＯ諫早,長崎県諫早市小川町９０−１,32.8315106,130.0552128,chunithm;maimai_dx;nostalgia;ongeki;other;polaris_chord;popn,,,allnet;eagate;ziv
ＧｉＧＯ豊橋飯村,愛知県豊橋市飯村町字西山２５−１２１,34.7490943,137.4138729,chunithm;iidx;maimai_dx;ongeki;other;polaris_chord;sdvx,iidx_lm;sdvx_vm,,allnet;eagate;ziv
ＧｉＧＯ豊田,愛知県豊田市深田町１−６５−１,35.0678723,137.1238001,chunithm;ddr;gitadora;iidx;maimai_dx;nostalgia;ongeki;other;polaris_chord;popn;sdvx,ddr_gold;iidx_lm;popn_pikapika;sdvx_vm,,allnet;eagate;ziv
ＧｉＧＯ豊科,長野県安曇野市豊科南穂高１１１５,36.3031122,137.9227144,chunithm;maimai_dx;nostalgia;ongeki;other;project_diva,,,allnet;eagate;ziv
ＧｉＧＯ赤羽,東京都北区赤羽１−７−９赤羽第一葉山ビルＢ１,35.7789607,139.7222842,chunithm;gitadora;iidx;jubeat;maimai_dx;ongeki;other;polaris_chord;popn;sdvx,iidx_lm;popn_pikapika;sdvx_vm,,allnet;eagate;ziv
ＧｉＧＯ赤羽駅前,東京都北区赤羽１−２−４,35.7782507,139.7215917,chunithm;ddr;gitadora;iidx;maimai_dx;ongeki;other;polaris_chord;popn;sdvx,ddr_gold;gitadora_dm_arena;gitadora_gf_arena;iidx_lm;popn_pikapika;sdvx_vm,,allnet;eagate;ziv
ＧｉＧＯ足利朝倉,栃木県足利市朝倉町２４４‐１,36.3224907,139.4503431,chunithm;drs;gitadora;iidx;jubeat;maimai_dx;nostalgia;ongeki;polaris_chord;popn;sdvx,gitadora_dm_arena;gitadora_gf_arena;iidx_lm;popn_pikapika;sdvx_vm,,allnet;eagate
ＧｉＧＯ金山,愛知県名古屋市熱田区金山１−１９ー２,35.1426808,136.9021522,chunithm;gitadora;iidx;maimai_dx;ongeki;other;polaris_chord;popn;sdvx;taiko,iidx_lm;popn_pikapika;sdvx_vm,chunithm:8;gitadora:2;iidx:1;maimai_dx:2;ongeki:4;polaris_chord:2;sdvx:1;taiko:2,allnet;eagate;ziv
ＧｉＧＯ長久手,愛知県長久手市武蔵塚７０５,35.1714145,137.0454605,chunithm;ddr;gitadora;iidx;maimai_dx;ongeki;other;popn;sdvx;taiko,gitadora_dm_arena;gitadora_gf_arena;iidx_lm;popn_pikapika;sdvx_vm,chunithm:3;ddr:1;gitadora:2;iidx:2;maimai_dx:2;ongeki:3;popn:1;sdvx:2;taiko:2,allnet;eagate;ziv
ＧｉＧＯ難波アビオン,大阪府大阪市浪速区難波中２−３−１５　ＭＭＯビルＢ１Ｆ〜３Ｆ,34.6627327,135.5033112,chunithm;ddr;drs;gitadora;iidx;maimai_dx;nostalgia;ongeki;polaris_chord;popn;project_diva;pump_it_up;reflec;sdvx,ddr_gold;gitadora_dm_arena;gitadora_gf_arena;iidx_lm;popn_pikapika;sdvx_vm,chunithm:1;gitadora:2;iidx:4;maimai_dx:1;ongeki:1;polaris_chord:1;project_diva:1;pump_it_up:1;reflec:1;sdvx:1,allnet;eagate;ziv
ＧｉＧＯ高城,大分県大分市牧１−１６１−８,33.2417094,131.6372654,chunithm;drs;gitadora;iidx;jubeat;maimai_dx;nostalgia;ongeki;other;polaris_chord;popn;project_diva;sdvx,iidx_lm;sdvx_vm,,allnet;eagate;ziv
ＧｉＧＯ高山,岐阜県高山市上岡本町７−７,36.1426267,137.2436265,chunithm;maimai_dx;nostalgia;ongeki;other;project_diva;taiko,,chunithm:2;maimai_dx:2;nostalgia:1;ongeki:1;project_diva:1;taiko:1,allnet;eagate;ziv
ＧｉＧＯ高田馬場,東京都新宿区高田馬場４−７−５高田馬場グランド東京,35.7136018,139.7037221,chunithm;ddr;iidx;maimai_dx;ongeki;other;polaris_chord;popn;sdvx;taiko,iidx_lm;popn_pikapika;sdvx_vm,chunithm:6;iidx:2;maimai_dx:3;ongeki:3;polaris_chord:2;popn:1;sdvx:2;taiko:1,allnet;eagate;ziv;otogesetchi
ＧｉＧＯ龍ヶ崎,茨城県龍ケ崎市藤ケ丘４−２−８,35.9385388,140.1959422,chunithm;drs;maimai_dx;ongeki;other;project_diva,,,allnet;eagate;ziv
Ｈｅｙ,東京都千代田区外神田１−１０−５廣瀬本社ビル１階〜４階,35.6990241,139.7710638,chunithm;gitadora;iidx;other;polaris_chord;popn;sdvx;taiko,iidx_lm;sdvx_vm,chunithm:2;gitadora:2;iidx:2;polaris_chord:2;popn:1;sdvx:2;taiko:2,allnet;eagate;ziv;otogesetchi
ＭＥＧＡＧＥＴ室蘭,北海道室蘭市中島本町２ー８ー１,42.3535264,141.0145420,chunithm;iidx;maimai_dx;ongeki;other;sdvx,iidx_lm;sdvx_vm,,allnet;eagate;ziv
ＭＥＧＡＧＥＴ釧路,北海道釧路郡釧路町木場２丁目１ー１,43.0089190,144.4080035,chunithm;iidx;maimai_dx;ongeki;sdvx,iidx_lm;sdvx_vm,,allnet;eagate;ziv
ｎａｍｃｏアミュプラザ長崎新館店,長崎県長崎市尾上町１番１号　アミュプラザ長崎新館４階,32.7516252,129.8709304,chunithm;iidx;maimai_dx;other;sdvx,iidx_lm;sdvx_vm,,allnet;eagate;ziv
ｎａｍｃｏイオンタウン郡山店,福島県郡山市松木町２ー８８イオンタウン郡山内,37.3892958,140.3906753,chunithm;jubeat;maimai_dx;ongeki;other;popn;sdvx,sdvx_vm,,allnet;eagate;ziv
ｎａｍｃｏフェドラＰ＆Ｄ佐野店,栃木県佐野市高萩町１３４０番地,36.2973133,139.6056474,chunithm;gitadora;iidx;maimai_dx;ongeki;polaris_chord;popn;sdvx,gitadora_dm_arena;gitadora_gf_arena;iidx_lm;popn_pikapika;sdvx_vm,,allnet;eagate
ｎａｍｃｏワンダーシティ南熊本店,熊本県熊本市中央区九品寺６−９−１,32.7868920,130.7147318,chunithm;ongeki;other;polaris_chord;popn;sdvx,iidx_lm;popn_pikapika;sdvx_vm,,allnet;eagate;ziv
ｎａｍｃｏ博多バスターミナル店,福岡県福岡市博多区博多駅中央街２ー１博多バスターミナル７階,33.5915216,130.4198918,chunithm;gitadora;iidx;maimai_dx;ongeki;other;popn;sdvx,gitadora_dm_arena;gitadora_gf_arena;iidx_lm;popn_pikapika;sdvx_vm,,allnet;eagate;ziv
ｎａｍｃｏ宇都宮店,栃木県宇都宮市簗瀬町１６０６ー１　Ｐ＆Ｄビル,36.5438973,139.8915485,chunithm;iidx;maimai_dx;ongeki;project_diva;sdvx,iidx_lm;sdvx_vm,,allnet;eagate
ｎａｍｃｏ新潟店,新潟県新潟市中央区南笹口１ー１ー１　ひもろぎビル２Ｆ,37.9083798,139.0639094,chunithm;drs;iidx;maimai_dx;ongeki;popn;sdvx;wacca,iidx_lm;sdvx_vm,,allnet;eagate;ziv
ｎａｍｃｏ松戸店,千葉県松戸市松戸１２３０番地１ピアザ松戸１Ｆ,35.7835829,139.9007767,chunithm;gitadora;iidx;jubeat;maimai_dx;ongeki;other;polaris_chord;popn;sdvx;taiko,gitadora_dm_arena;gitadora_gf_arena;iidx_lm;popn_pikapika;sdvx_vm,,allnet;eagate;ziv
ｎａｍｃｏ梅田店,大阪府大阪市北区小松原町３ー３ＯＳビル２Ｆ,34.7027815,135.5003960,chunithm;gitadora;iidx;maimai_dx;ongeki;other;polaris_chord;popn;project_diva;sdvx;taiko,gitadora_dm_arena;gitadora_gf_arena;iidx_lm;popn_pikapika;sdvx_vm,chunithm:8;gitadora:2;iidx:6;maimai_dx:4;ongeki:4;polaris_chord:2;project_diva:1;sdvx:6;taiko:10,allnet;eagate;ziv
ｎａｍｃｏ王子サンスクエア店,東京都北区王子１ー４ー１サンスクエア２階,35.7529737,139.7389579,chunithm;gitadora;iidx;maimai_dx;ongeki;popn;sdvx,gitadora_dm_arena;gitadora_gf_arena;iidx_lm;popn_pikapika;sdvx_vm,chunithm:2;iidx:1;maimai_dx:2;ongeki:1;sdvx:1,allnet;eagate;ziv
ｎａｍｃｏ豊岡店,兵庫県豊岡市中陰字大工６１７３階,35.5549774,134.8122757,chunithm;drs;ongeki;project_diva;sdvx,sdvx_vm,,allnet;eagate
ｎａｍｃｏＢｉＶｉ仙台駅東口店,宮城県仙台市宮城野区榴岡２ー１ー２５ＢｉＶｉ仙台駅東口店２Ｆ,38.2610647,140.8836719,chunithm;iidx;maimai_dx;sdvx,iidx_lm;sdvx_vm,,allnet;eagate
ＰＡＬＯむつ,青森県むつ市中央２−７−８　１Ｆ,41.2868804,141.1837297,chunithm;iidx;maimai_dx;ongeki;project_diva;sdvx,iidx_lm;sdvx_vm,,allnet;eagate;ziv
ＰＡＬＯ久慈,岩手県久慈市長内町第３０地割３２−２久慈SC１F,40.1898616,141.7855976,chunithm;maimai_dx;ongeki;other;polaris_chord;project_diva;sdvx,sdvx_vm,,allnet;eagate;ziv
ＰＡＬＯ喜多方,福島県喜多方市字押切南２−４２−１リオンドールガーデンＳＱ内,37.6468072,139.8595921,chunithm;maimai_dx;other;popn,,,allnet;eagate;ziv
ＰＡＬＯ松江,島根県松江市東朝日町１５１　イオン松江店ＳＣ３Ｆ,35.4639773,133.0694928,chunithm;jubeat;maimai_dx;nostalgia;ongeki;other;popn;project_diva,,,allnet;eagate;ziv
ＰＡＬＯ熊谷,埼玉県熊谷市本石２−１３５,36.1453711,139.3788291,chunithm;gitadora;maimai_dx;ongeki,,,allnet;eagate
ＰＡＬＯ網走,北海道網走市駒場北５丁目８３番地,44.0009412,144.2839431,chunithm;ddr;maimai_dx;ongeki;other;project_diva,ddr_gold,,allnet;eagate;ziv
ＰＡＬＯ防府,山口県防府市中央町１−３イオン防府店３Ｆ,34.0522015,131.5696784,chunithm;dance_evo;gitadora;iidx;maimai_dx;nostalgia;ongeki;other;polaris_chord;popn;sdvx,iidx_lm;sdvx_vm,,allnet;eagate;ziv
ＳＯＹＵ　Ｅ−ＳＴＵＤＩＯ須賀川店,福島県須賀川市古河１０５イオンタウン須賀川Ｂ棟内,37.2984206,140.3852977,chunithm;gitadora;iidx;jubeat;maimai_dx;ongeki;other;reflec,iidx_lm,,allnet;eagate;ziv
ＳＯＹＵ　ＧＡＭＥ　ＦＩＥＬＤ古川店,宮城県大崎市古川沢田字筒場浦１５番地イオンタウン古川内,38.5990232,140.9741564,chunithm;iidx;maimai_dx;ongeki;other,iidx_lm,,allnet;eagate;ziv
ＳＯＹＵＧａｍｅＦｉｅｌｄ御所野店,秋田県秋田市御所野地蔵田１ー１−１イオンモール秋田２Ｆ,39.6634143,140.1610980,chunithm;maimai_dx;ongeki;other;polaris_chord;popn,popn_pikapika,,allnet;eagate;ziv
ＳＰＥＥＤ,山口県周南市大字久米３２１９,34.0339400,131.8346400,chunithm;ddr;gitadora;iidx;maimai_dx;ongeki;other;sdvx,ddr_gold;gitadora_dm_arena;gitadora_gf_arena;iidx_lm;sdvx_vm,,allnet;eagate;ziv
ＷＯＲＬＤ　ＧＡＭＥ　ＣＩＲＣＵＳ,東京都立川市羽衣町２−４−１３羽衣長田ビル１０１ＷＧＣ,35.6964221,139.4288034,chunithm;crossbeats;ddr;gitadora;iidx;jubeat;maimai_dx;museca;ongeki;other;popn;pump_it_up;reflec;sdvx;taiko,ddr_gold;gitadora_dm_arena;gitadora_gf_arena;iidx_lm;popn_pikapika;sdvx_vm,chunithm:4;crossbeats:1;ddr:1;gitadora:10;iidx:6;jubeat:3;maimai_dx:1;museca:1;ongeki:1;popn:4;pump_it_up:1;reflec:1;sdvx:1;taiko:1,allnet;eagate;ziv
ＹＡＺ寝屋川店,大阪府寝屋川市石津中町25-26,34.7802772,135.6194363,chunithm;gitadora;iidx;maimai_dx;ongeki;other;polaris_chord;sdvx,iidx_lm;sdvx_vm,,allnet;eagate;ziv
