name,address,latitude,longitude,games,cabs,game_counts,source
AMUSE,"16 WITCOMBE STREET, ADELAIDE, SA5000",-34.9299206,138.5947976,chunithm;gitadora;jubeat;maimai_dx;sdvx,,,allnet;ziv
ARCHIE BROTHERS CCW,"285 Springvale Road, Glen Waverley, Victoria, Australia, 3150",-37.8812875,145.1647251,ddr;maimai_dx;other;taiko,,,allnet;ziv
ARCHIE BROTHERS QV,"45 Little Londsdale Street, Melbourne, Victoria, 3000",-37.8093821,144.9712286,maimai_dx,,,allnet
B.LUCKY&SONS MELBOURNE,"Level 3, 211 Latrobe St., Melrourne, Vic,3000",-37.8105556,144.9630556,ddr;maimai_dx;other;sdvx;taiko,,maimai_dx:1;sdvx:1,allnet;ziv
ENTERTAINMENT PARK,361 Milperra Rd Bankstown NSW 2200,-33.9294993,150.9905704,maimai_dx;other;stepmaniax;taiko,,,allnet;ziv
FORTRESS MELBOURNE,"23 CALEDONIAN LANE, MELBOURNE, VICTORIA, AUSTRALIA 3000",-37.8121261,144.9640502,ddr;maimai_dx;other;taiko,,maimai_dx:1,allnet;ziv
FUNHOUSE BRISBANE CITY,"Level 3/91 Queen St, Brisbane City QLD 4000",-27.4706058,153.0248758,ddr;maimai_dx;other;taiko,,ddr:1;maimai_dx:1;taiko:2,allnet;ziv
FUNHOUSE SUNNYBANK,"Corner Mains & McCullough Roads, Sunnybank QLD 4109",,,maimai_dx,,,allnet
IPLAY CAROUSEL,"SHOP MM223, 1382 ALBANY HWY, CANNINGTON, WA AUSTRALIA  6107",-32.0199279,115.9388969,ddr;maimai_dx;taiko,,,allnet;ziv
IPLAY WETHERILL PARK,"561/583 Polding St, Wetherill Park NSW 2164",-33.8593157,150.8978985,other;taiko,,,allnet;ziv
KINGPIN CANBERRA,"Canberra Centre Bunda Street,Canberra City ACT 2608",-35.2802271,149.1332559,drs;maimai_dx;other;taiko,,,allnet;ziv
KINGPIN MELBOURNE,"260 Collins St, MELBOURNE VIC 3000",-37.8152725,144.9650986,chunithm;ddr;drs;maimai_dx;other;taiko,,chunithm:2;ddr:1;drs:1;maimai_dx:1;taiko:1,allnet;ziv
KINGPIN NORTH STRATHFIELD,"Building H3/3-5 George St, North Strathfield NSW 2137",-33.8632365,151.0889051,ddr;maimai_dx;other;taiko,,,allnet;ziv
KINGPIN(CHERMSIDE),"Westfield Chermside,Corner Gympie & HamiltonRd,Chermside QLD4032",-27.3826351,153.0325653,maimai_dx,,,allnet
KINGPIN(CROWN),"Malbourne,CrownEntertainmentComplex,WhitemanSt,Southbank,VIC3006",-37.8290000,144.9570000,chunithm;ddr;maimai_dx;other;sdvx;taiko,,chunithm:2;ddr:1;maimai_dx:2;sdvx:1;taiko:1,allnet;ziv
KOKO AMESEMENT HORNSBY,Shop 4000-1/236 Pacific Hwy Horsby NSW 2077,-33.7043415,151.1006823,ddr;maimai_dx;other;taiko,,,allnet;ziv
KOKO AMUSEMENT 614,Basement 614 George ST Sydney NSW 2000,-33.8757593,151.2067759,chunithm;ddr;drs;gitadora;iidx;maimai_dx;other;popn;pump_it_up;sdvx;taiko,,chunithm:6;ddr:2;drs:3;gitadora:1;iidx:1;maimai_dx:6;popn:2;pump_it_up:2;sdvx:2;taiko:5,allnet;ziv
KOKO AMUSEMENT BURWOOD,"lot29 27-31 belmore St,.Burwood,2134,NSW",-33.8784196,151.1021580,chunithm;ddr;drs;maimai_dx;other;taiko,,chunithm:1;ddr:1;drs:1;maimai_dx:2;taiko:2,allnet;ziv
KOKO AMUSEMENTS DIXON,"Level 1 & 2/1 Dixon Street, Haymerket, Sydney",,,maimai_dx,,,allnet
KOKO HURSTVILLE,"G03/288 Forest Road, HurstvilleNSW",-33.9669703,151.1032215,ddr;drs;maimai_dx;other;taiko,,ddr:1;drs:1;maimai_dx:1;taiko:1,allnet;ziv
PARADIGM ZONE,"58 Gawler Place, Adelaide SA 5000",-34.9234290,138.6021461,chunithm;drs;iidx;maimai_dx;other;popn;sdvx;taiko,,chunithm:2;drs:1;iidx:1;maimai_dx:2;popn:2;sdvx:1;taiko:1,allnet;ziv
PLAYit,Shop 14-22 Southgate Shopping Centre3 Southgate Ave,,,maimai_dx,,,allnet
ROLLER ONE BURWOOD,"172-210 Burwood Hwy, Burwood East VIC 3151",-37.8530342,145.1493983,maimai_dx;other;taiko,,,allnet;ziv
TIMEZONE BANKSTOWN,"Bankstown Central Shopping Centre, Shop MM022 North Terrace",-33.9161378,151.0372093,maimai_dx,,,allnet
TIMEZONE BRAYBROOK,"Central West Shopping Centre 67Ashley St,Braybrook VIC",-33.8632365,151.0889051,chunithm,,,allnet
TIMEZONE CHATSWOOD,"Level6 Westfield Chatswood,1 Anderson Street,Chatswood,NSW 2067",-33.7973628,151.1831083,chunithm;ddr;maimai_dx;other;taiko,,chunithm:1;ddr:1;maimai_dx:2;taiko:1,allnet;ziv
TIMEZONE CRONULLA,"126-128 Cronulla St, Cronulla, 2230 NSW",-34.0552150,151.1521713,chunithm;other;taiko,,,allnet;ziv
TIMEZONE EASTGARDENS,"Westfield Shopping Centre, Bunnerong Rd, Eastgardens, NSW, 2036",-33.9448896,151.2243238,ddr;maimai_dx;other,,,allnet;ziv
TIMEZONE EASTLAND,"Shop MM12/13 Eastland Shopping Centre,171 -175 Maroondah Hwy",-37.8126592,145.2292803,ddr;maimai_dx;other;pump_it_up;taiko,,,allnet;ziv
TIMEZONE ERINA,"SHOP H09, Terrigal Dr, Erina NSW 2250",-33.4377981,151.3915100,chunithm;ddr;maimai_dx;other;taiko,,,allnet;ziv
TIMEZONE FREMANTLE,Shop 32-33 South Terrace PiazzaFremantle WA 6160,-32.0562381,115.7479566,ddr;maimai_dx;taiko,,,allnet;ziv
TIMEZONE INDOOROOPILLY,"Indooroopilly Shopping Centre 322 Moggill Rd, QLD 4068",-27.4994475,152.9723122,maimai_dx;other;pump_it_up;taiko,,maimai_dx:2;pump_it_up:1;taiko:1,allnet;ziv
TIMEZONE KNOX,"2 Brisbane Ln, Wantirna South Vic 3152",-37.8699923,145.2437459,chunithm;ddr;maimai_dx;other;taiko,,,allnet;ziv
TIMEZONE PARRAMATTA,"Shop 4070, Westfield Parramatta, 175 Church St., NSW 2150",-33.8173782,151.0016557,chunithm;ddr;maimai_dx;other;taiko,,chunithm:1;ddr:1;maimai_dx:2;taiko:1,allnet;ziv
TIMEZONE PRESTON,"Northland Shopping Centre,2-50 Murray Rd,Preston VIC 3072",-37.7389461,145.0299969,maimai_dx,,,allnet
TIMEZONE SURFERS PARADISE,"Level1 Paradise Centre,Cavilll Mall,Surfers Paradise QLD 4217",-28.0019530,153.4298183,ddr;maimai_dx;other;pump_it_up;taiko,,,allnet;ziv
TIMEZONE TREE TEA PLAZA,"Tea Tree Plaza, 976 North East Road, Modbury SA 5092",-34.8307178,138.6901334,chunithm;ddr;maimai_dx;other;taiko,,chunithm:2;ddr:1;maimai_dx:2;taiko:1,allnet;ziv
TIMEZONE WERRIBEE,Pacific Werribee Shopping Centre Heaths VIC 3029,-37.8769343,144.6804581,maimai_dx;other;pump_it_up;taiko,,,allnet;ziv
TIMEZONE WODEN,"Shop A3 Westfield Woden, KeltieSt, Phillip ACT 2606",-35.3462875,149.0860718,maimai_dx;other;taiko,,,allnet;ziv
TIMEZONE(CENTRAL),"Level 2, Central Park Mall, 28 Broadway, Chippendale,NSW2008",-33.8845810,151.2006823,chunithm;maimai_dx;other;pump_it_up;sdvx;taiko,,chunithm:1;maimai_dx:2;pump_it_up:1;sdvx:1;taiko:2,allnet;ziv
TIMEZONE(HAYMARKET),"Level 3 Market City, 9-13 Hay Street, Haymerket, Sydney, NSW2020",-33.8797944,151.2033833,chunithm;ddr;drs;gitadora;maimai_dx;other;popn;pump_it_up;sdvx;taiko,,chunithm:2;ddr:2;drs:1;gitadora:2;maimai_dx:2;popn:1;pump_it_up:1;sdvx:1;taiko:1,allnet;ziv
TIMEZONE(HIGHPOINT),"Level 1 Highpoint SC,120-200Rosamond Rd,Maribyrnong,VIC3032",-37.7695602,144.8820803,chunithm;ddr;maimai_dx;other;sdvx;taiko,,,allnet;ziv
TIMEZONE(MACQUARIE),"MacquarieCentre,CornerofHerringRd&WaterlooRd,NorthRyde,NSW2113",-33.7763709,151.1200451,chunithm;maimai_dx,,,allnet
TIMEZONE(NORTHBRIDGE),"31 Lake Street, Northbridge, WA6003",-31.9475043,115.8567513,ddr;maimai_dx;other;pump_it_up;taiko,,ddr:1;maimai_dx:2;pump_it_up:1;taiko:1,allnet;ziv
VARSITY WATERFORD,"55/230 Manning Road, Karawara  Perth, WA",-32.0115880,115.8864490,chunithm;maimai_dx;stepmaniax,,,allnet;ziv
ZONE BOWLING SOUTHLAND,"Zone Bowling Southland SHOP 3049B, 1239 Nepean Highway 3192",-37.9584584,145.0510807,maimai_dx,,,allnet
ZONE BOWLING TOP RYDE,"GRD M5,Top Ryde City Shopping Centre,Blaxland Rd.&Devlin St.NSW",-33.8122148,151.1062214,chunithm;ddr;maimai_dx;other;taiko,,,allnet;ziv
ZONE BOWLING VILLAWOOD,"850a Woodvilla Road,Villawood NSW 2163",-33.8792943,150.9786698,maimai_dx;other;pump_it_up;taiko,,,allnet;ziv
ZONEBOWLING BLACKTOWN,"Shop 4011/17 Patrick st, Blacktown NSW 2148",-33.7699265,150.9061011,ddr;maimai_dx;other;taiko,,,allnet;ziv
ZONEBOWLING(GARDEN CITY),"Westfield Garden City, Kessels Rd, Upper Mount Gravatt QLD 4122",-27.5626135,153.0822254,chunithm;maimai_dx,,,allnet
CLAW PLANET,"563 boul des laurentides , laval quebec h7g2v3 canada",,,maimai_dx,,,allnet
PLAYDIUM VAUGHAN,"1 BASS PRO MILLS DR, CONCORD, ON L4K5W4",43.8243094,-79.5418631,maimai_dx;pump_it_up;stepmaniax;taiko,,,allnet;ziv
WATERLOO RHYTHM ARCADE,"140 University Ave W, Unit 2-5 Waterloo, On N2L6J3 Canada",,,maimai_dx;pump_it_up;wacca,,,allnet
168 GAME CENTRE,GIF YUE MAN SHOPPING CENTRE 300-302 NGAU TAU KOK RD. KWUN TONG,22.3143438,114.2226831,chunithm;maimai_dx;taiko,,chunithm:2;maimai_dx:1;taiko:1,allnet;bemanicn
ELECTRONIC PLAZA,"G/F&COCKLOFT,130 FUK WA ST.,SHAM SHUI PO, KOWLOON",22.3314782,114.1625952,maimai_dx;other,,maimai_dx:1,allnet;bemanicn;ziv
GAMEZONE(KWUN TONG PLAZA),"1/F,KWUN TONG PLAZA,68HOI YUEN ROAD, KWUNTONG, KOWLOON",22.3111759,114.2260190,chunithm;maimai_dx;other;taiko,,chunithm:2;maimai_dx:6;taiko:2,allnet;bemanicn;ziv
GAMEZONE(MONG KOK),"BF., ARGYLE CENTRE PHASE I,65 ARGYLE ST, MONGKOK, KOWLOON",22.3195200,114.1714770,chunithm;dance_evo;gitadora;groove_coaster;jubeat;maimai_dx;other;project_diva;taiko;wacca,,chunithm:4;dance_evo:1;gitadora:2;groove_coaster:1;jubeat:1;maimai_dx:22;project_diva:2;taiko:4;wacca:3,allnet;bemanicn;ziv
GOLD STAR(NATHAN ROAD),"B,WING WONG BLDG., 557-559NATHAN RD., YAU MA TEI, KOWLOON",22.3141685,114.1701932,jubeat;maimai_dx;taiko,,jubeat:2;maimai_dx:1;taiko:1,allnet;bemanicn
GOLD STAR(TSUEN WAN),"3F,E WING, NAN FUNG CENTRE, 264-298CASTLE PEAK RD.,TSUEN WAN N.T",22.3738490,114.1163481,chunithm;gitadora;groove_coaster;jubeat;maimai_dx;other;project_diva;taiko;wacca,,chunithm:2;gitadora:1;groove_coaster:1;jubeat:2;maimai_dx:14;project_diva:1;taiko:2;wacca:4,allnet;bemanicn;ziv
GOLDEN ERA GAME CENTRE,"2/F, GOLDEN ERA PLAZA, 39SAI YEE STREET, MONGKOK, KOWLOON",22.3183610,114.1717300,chunithm;ddr;groove_coaster;iidx;jubeat;maimai_dx;other;popn;sdvx;taiko;wacca,,chunithm:5;ddr:1;groove_coaster:1;iidx:1;jubeat:4;maimai_dx:6;popn:1;sdvx:1;taiko:2;wacca:1,allnet;bemanicn;ziv
HOLLYWOOD GAME ZONE,"383, LEVEL 3, PLAZA HOLLYWOODDIAMOND HILL, KOWLOON,",22.3407058,114.2021096,chunithm;gitadora;jubeat;maimai_dx;other;project_diva;taiko;wacca,,chunithm:4;gitadora:2;jubeat:1;maimai_dx:12;project_diva:1;taiko:3;wacca:1,allnet;bemanicn;ziv
HUNG MIN GAME CENTRE,"G/F., 11-13 Hung Min Court, Yuen Long, N.T. (YLFL152)",22.4423760,114.0296046,maimai_dx,,maimai_dx:2,allnet;bemanicn
IGAME(TAI PO),"B,TAI PO SPORTS ASSOCIATION 2ON CHEUNG RD.,TAI PO,N.T",22.4537096,114.1672688,chunithm;maimai_dx;taiko,,chunithm:1;maimai_dx:1;taiko:2,allnet;bemanicn
INTERNATIONAL GAMES CENTRE,"SHOP A15 39,40&41G/F,TAI ON BLDG57-87SHAU KEI WAN RD,SAI WAN HO",22.2828744,114.2220290,maimai_dx;other,,maimai_dx:4,allnet;bemanicn
JUMBO GAME,"BASEMENT, 82 OLD MAIN STREET,ABERDEEN, HONG KONG,",22.2483641,114.1562442,chunithm;maimai_dx;taiko,,chunithm:2;maimai_dx:1;taiko:1,allnet;bemanicn
LUCKY GAME CENTRE,"G/F HONG SHUN BLDG., 166 WOOSUNG ST.,YAU MA TEI ,KOWLOON.",22.3038497,114.1702549,maimai_dx,,,allnet
PIK FU GAME CENTRE,"SHOP LG1,26-30 WO YI HOP ROAD, KWAI CHUNG,N.T",22.3658113,114.1371543,maimai_dx;other;taiko,,maimai_dx:2;taiko:1,allnet;bemanicn
POWER CITY(TIN SHUI WAI),"G68-72 G/F,PHASE 1 KINGSWOOD GINZA, TIN SHUI WAI, N.T.",22.4569941,114.0046892,chunithm;iidx;jubeat;maimai_dx;other;sdvx;taiko;wacca,,chunithm:2;iidx:1;jubeat:2;maimai_dx:5;sdvx:2;taiko:1;wacca:1,allnet;bemanicn;ziv
RETROCITY CONCEPT,"UNIT NO.23  LG/F,HOUSTON CENTRE,NO.63 MODY DOAD,KLN. HKG",22.2987528,114.1769922,maimai_dx,,maimai_dx:2,allnet;bemanicn
SALEM GAME CENTRE,"C2 G/F.,FUN CITY, 7LEK YUEN ST.,SHA TIN ,NT.",22.3841358,114.1923047,chunithm;gitadora;jubeat;maimai_dx;other;taiko,,chunithm:2;gitadora:2;jubeat:2;maimai_dx:2;taiko:1,allnet;bemanicn;ziv
SATURNEY MUSIC HOUSE,"503a, 18 Centre St, Sai Ying Pun, Hong Kong",22.2875521,114.1421936,maimai_dx,,,allnet
SILVERCORD AMUSEMENT ＆ GAMES,"SHOP B03 BASEMENT, SILVERCORD30CANTON RD, T.S.T, KOWLOON",22.2977762,114.1695193,gitadora;iidx;jubeat;maimai_dx;other;popn;sdvx;taiko;wacca,,gitadora:2;iidx:1;jubeat:4;maimai_dx:3;popn:1;sdvx:2;taiko:2;wacca:1,allnet;bemanicn;ziv
SMART GAME(WAN CHAI),"G/F,GREAT SMART TOWER,NO.230 WAN CHAI ROAD,HONG KONG",22.2780890,114.1789090,chunithm;maimai_dx;taiko,,chunithm:2;maimai_dx:2;taiko:1,allnet;bemanicn
SUPER KING GAME CENTRE,"B/F,WEST COAST BLDG, 290-296UN CHAU ST.,CHEUNG SHA WAN,KW",22.3356793,114.1591221,chunithm;drs;gitadora;iidx;jubeat;maimai_dx;nostalgia;other;sdvx;taiko,,chunithm:4;drs:1;gitadora:4;iidx:1;jubeat:2;maimai_dx:7;nostalgia:2;sdvx:3;taiko:2,allnet;bemanicn;ziv
TIN TIN GAME CENTRE(TUEN MUN),"SHOP B, G/F., SAI BO BUILDING, 5 TSING PAK PATH, TUEN MUN, NT",22.4016026,113.9781571,jubeat;maimai_dx;other;taiko,,jubeat:2;maimai_dx:1;taiko:1,allnet;bemanicn;ziv
COW PLAY COW MOO CARSTENSZ MALL,Jalan jend sudirman no1. Cihuni. Kec pagedangan,-6.2697615,106.6304198,chunithm;ddr;drs;gitadora;iidx;maimai_dx;nostalgia;other;pump_it_up;sdvx,,chunithm:4;ddr:1;drs:1;gitadora:2;iidx:1;maimai_dx:4;nostalgia:2;pump_it_up:2;sdvx:2,allnet;ziv
CPCM ELYSEE,"LOT 21, JL. SCBD NO. KAV 52-53,KOTA JAKARTA SELATAN",-6.2243508,106.8094982,chunithm;maimai_dx,,,allnet
CPCM INDONESIA DESIGN DISTRICT,"Jalan M.H. Thamrin., SalembaranJaya, Kosambi,15214",-6.0676077,106.6967904,maimai_dx,,,allnet
CPCM LIPPO MALL NUSANTARA,"Jl. Jend. Sudirman Kav. 50, Karet Semanggi, Setiabudi",-6.2201667,106.8143752,chunithm;iidx;maimai_dx;pump_it_up;sdvx,,chunithm:4;iidx:1;maimai_dx:3;pump_it_up:1;sdvx:2,allnet;ziv
CPCM MALL OF INDONESIA,"Jl.Boulevard Bar.Raya No.12,RT.18/RW.19,Klp.Gading Bar.,Kec.Klp.",-6.1536930,106.8930360,chunithm;maimai_dx,,,allnet
CPCM PIK,"Jl.Pantai Indah Kapuk,Kamal Muara,Kec.Penjaringan,Jakarta Utara",-6.1026441,106.7411622,maimai_dx,,,allnet
CPCM PIK2 (PANTAI INDAH KAPUK),"Entertainment District PIK 2, Blok A6, Jl. Rasuna Said, PIK 2,",-6.0462851,106.7053288,chunithm,,,allnet
CPCM PLUIT VILLAGE MALL,"RW.4,KELURAHAN PLUIT,KECAMATAN PENJARINGAN,JAKARTA UTARA 14450",-6.1147451,106.7986648,chunithm,,,allnet
FESTIVAL CITYLINK BANDUNG,"Jl.Peta, No.241, Suka Asih, Kec.Bojongloa Kaler, Kota Bandung",-6.9296992,107.5859571,maimai_dx,,,allnet
LIPPO PURI ST.MORTIS,"Jl. Puri Indah Raya Blok U1, RT.3/RW.2, Kembangan Sel, Kembangan",-6.1885068,106.7390711,chunithm,,,allnet
MOLLY FANTASY LIVING WORLD KOTA WISATA,"Jl Blvd Kota Wisata Lt 1-43B Ciangsana, Kecamatan Gunung Putri",-6.3713106,106.9570403,maimai_dx;taiko,,,allnet;ziv
PIK 1 KITA,"Kawasan Pantai Kita, Jl. Ebony 2, Jkt Utara",-6.1519684,106.9188253,chunithm;maimai_dx,,,allnet
PRIZE SPOT PALO BLOK M,Jl Bulungan No76 Lt.5 Kramat Pela Kec Kebayoran Baru,-6.2428317,106.7964001,maimai_dx,,,allnet
SEMARANG 23 ARKANA,Jl.Kawasan POJCity (Pearl of Jav,-6.9545181,110.3888901,maimai_dx,,,allnet
TIMEZONE BANDUNG INDAH PLASA,"Jl. Merdeka No. 56, Bandung 40117",-6.9085663,107.6107996,chunithm;maimai_dx;other;pump_it_up,,,allnet;ziv
TIMEZONE BENCOOLEN,"JL.Pariwisata No.1 Penurunan Kec. Ratu Samban, Bengkulu",-3.8148175,102.2705780,maimai_dx,,,allnet
TIMEZONE BIG MALL SAMARINDA,"No.8KarangAsamUlu,SungaiKujang,Samarinda,KalimantanTimur",-0.5050225,117.1099903,maimai_dx;other;pump_it_up,,,allnet;ziv
TIMEZONE BOEMI KEDATON,"Jl. Teuku Umar, Sultan Agung No. 1, Kedaton, Lampung 35132",-5.3823988,105.2591307,maimai_dx;pump_it_up,,maimai_dx:1;pump_it_up:1,allnet;ziv
TIMEZONE CENTRE POINT,"Centre Point Medan 3rd Floor, Jl.Jawa No.8,Gg. Buntu, Kec. Medan",3.5916749,98.6810665,maimai_dx,,,allnet;ziv
TIMEZONE DUTA PALANGKARAYA,"Langkai,Kec.Pahandut,KotaPalangkaRaya,KalimantanTengah",-2.2227384,113.9258190,maimai_dx,,,allnet
TIMEZONE DUTA PERTIWI,"Jalan Pemuda No. 150, Semarang 50132",-6.9832693,110.4121797,maimai_dx;other;pump_it_up;taiko,,,allnet;ziv
TIMEZONE GALAXY 3 NEW,Jl Dr IR H Soekarno No. 178 Surabaya 60115,-7.2760864,112.7805726,chunithm;drs;maimai_dx;other;pump_it_up;taiko,,,allnet;ziv
TIMEZONE GALAXY MAL 1,"Jl. Dharmahusada Indah Timur No. 37, 3rd Floor, Surabaya",-3.3175996,114.6035484,maimai_dx,,,allnet
TIMEZONE GALERIA BALI,"JI.RayaByPassIGustiNgurahRai,SimpangDewa Ruci,Kuta,Denpasar,Bali",-8.6985178,115.1708974,maimai_dx,,,allnet
TIMEZONE GRAND WISATA,"Jl.GrandWisata,Lambang Jaya,TambunSelatan,Bekasi,Jawa Barat17510",-6.2934631,107.0577756,maimai_dx,,,allnet
TIMEZONE JAMBI,"No.88,Simpang IV Sipin,Kec.Telanaipura,Kota Jambi,Jambi36125",-1.6127390,103.5755084,maimai_dx,,,allnet
TIMEZONE KELAPA GADING 3 LT 3,"Jl.Boulevard Raya,RT13/18,Klp.Gading Tim,Kota Jakarta Utara,DKI",-6.1574550,106.9070746,maimai_dx,,,allnet
TIMEZONE KELAPA GADING MALL3,"KELAPAGADINGML3L2No.ENTERTAINMENTJLBULEVAR.BLOK.M,PERMAI-14240",-6.1566730,106.9092680,maimai_dx;other;pump_it_up,,,allnet;ziv
TIMEZONE KOTA WISATA,"Jl. Transyogi KM6, Perumahan Kota Wisata Cibubur 16968, K",-6.3804508,106.9540259,maimai_dx,,,allnet
TIMEZONE LA PIAZZA,"Klp. Gading, Kota Jkt Utara, Daerah Khusus Ibukota Jakarta 14240",-6.1588448,106.8945456,chunithm;maimai_dx;taiko,,,allnet;ziv
TIMEZONE LEVEL 21,"Level 21 Mall Lt. 1, Jl. Teuku Umar No. 1 Denpasar",-8.6696985,115.2150664,maimai_dx;other,,,allnet;ziv
TIMEZONE LIPPO MALL CIKARANG,"Jalan M.H.Thamrin, Cibatu, Cikarang Sel., Bekasi, Jawa Barat",-6.3307487,107.1330016,maimai_dx,,,allnet
TIMEZONE LIPPO MALL KEMANG,"No.36,RT.12/RW5,Bangka,MampangPrpt.JakartaSelatan12150",-6.2613633,106.8145192,maimai_dx,,,allnet
TIMEZONE LIPPO MALL PURI,"LIPPO ML PURI,UNIT L1-07KEL KEMBANGAN SELATAN CBD PURI INDAH JKT",-6.1901580,106.7387330,chunithm;maimai_dx;other;pump_it_up;taiko,,chunithm:1;maimai_dx:2;pump_it_up:1;taiko:1,allnet;ziv
TIMEZONE MAL CIPUTRA CIBUBUR,"No.Km4,Jatikarya,Jatisampurna,Kota Bks,Jawa Barat 17435",-6.3829616,106.9181532,maimai_dx,,,allnet
TIMEZONE MAL RATU INDAH,"Mamajang Luar,Mamajang,Kota Makassar,Sulawesi Selatan 90114",-5.1460430,119.4164813,maimai_dx,,,allnet
TIMEZONE MANADO TOWN SQUARE LT1,"ManadoTownSquare Lantai 1,JI.Piere Tendean Boulevard Sario Utara",1.4723227,124.8319485,maimai_dx;other;pump_it_up,,,allnet;ziv
TIMEZONE MARGO CITY MALL,"MARGO CITY PLASA , JL. MARGONDARAYA NO 358 - DEPOK 16423",-6.3730937,106.8347512,chunithm;maimai_dx,,,allnet
TIMEZONE MEDAN FAIR LT.4 NEW,"Jl. Jend. Gatot Subroto, Medan, Sumatera Utara",3.5816620,98.6267100,maimai_dx,,,allnet
TIMEZONE MEGA MAL BATAM,"Jl. Engkau Putri, Batam 29461",1.1236806,104.0383027,maimai_dx,,,allnet
TIMEZONE MENARA JAKARTA,"Jl. Pekan Raya, Kemayoran, Jakarta, Indonesia",-6.1507108,106.8437329,maimai_dx,,,allnet
TIMEZONE NIPAH,"Jalan Urip Sumoharjo Km 5 Makassar, Sulawesi Selatan 90144",-5.1366701,119.4468493,maimai_dx,,,allnet
TIMEZONE PACIFIC PLACE,"Jl.Jend.sudirman kav 52-53,Senayan,Kec.Kebayoran Baru,Jakarta",-6.2247181,106.8106879,maimai_dx;pump_it_up,,,allnet;ziv
TIMEZONE PAKUWON,"Jl. Raya Lontar Timur, Pakuwon Indah, Surabaya, Jawa Timur 60227",-7.2838224,112.6679759,chunithm;maimai_dx,,,allnet
TIMEZONE PARIS VAN JAVA,"No131-139 Cipedes,Kec.Sukajadi Kota Bandung,JawaBarat 40162",-6.8844395,107.5908826,chunithm;maimai_dx,,,allnet
TIMEZONE PLAZA AMBARUKMO,"Ambarukmo Plaza 3rd Floor,Jl.Laksda Adi Sucipto Jogjakarta 55281",-7.7823147,110.4013199,maimai_dx;other;pump_it_up;taiko,,maimai_dx:2;pump_it_up:1;taiko:1,allnet;ziv
TIMEZONE PLUIT EMPORIUM,"EMPORIUM PLUIT MAL(KAWASAN CBD)LEMPORIUM PLUIT MAL(KAWASAN CBD)LT.4,PLUIT S.RAYA,JAKARTA UTARA",-6.1275809,106.7907608,chunithm;maimai_dx;other;pump_it_up,,,allnet;ziv
TIMEZONE Q-MALL,"Jl. Ahmad Yani KM 38, Banjarbaru 70714",-3.4300034,114.8490017,maimai_dx;other;pump_it_up,,,allnet;ziv
TIMEZONE SUMMARECON BANDUNG,"Summarecon Bandung,Kec. Gedebage, Kota Bandung, Jawa Barat 40295",-6.9594492,107.6946987,chunithm;maimai_dx,,,allnet
TIMEZONE SUMMARECON BEKASI,SUMARECONMAL BEKASI.JL.BOULEVARDAHMAD YANI BLOKM-BEKASI-17142,-6.2262001,107.0009365,chunithm;maimai_dx;other;pump_it_up;taiko,,,allnet;ziv
TIMEZONE SUMMARECON SERPONG,SUMARECON MAL SERPONG LT 2.JL.BOULEVARD CENTRA GADING SERPONG,-6.2410020,106.6281510,chunithm;maimai_dx;other;pump_it_up;taiko,,chunithm:1;maimai_dx:2;pump_it_up:1;taiko:2,allnet;ziv
TIMEZONE SUN PLAZA LT.4,"Jl. KH. Zainul Arifin No. 7, Medan, Sumatera Utara 20152",3.5832590,98.6717075,maimai_dx;taiko,,,allnet;ziv
TIMEZONE SUPERMALL KARAWACI,"L.S.KARAWACI LT.DASAR,105BULEVAR00-00LIPPO KARAWACI1200TANGERANG",-6.2270749,106.6070450,chunithm;maimai_dx;other;pump_it_up,,chunithm:2;maimai_dx:2;pump_it_up:1,allnet;ziv
TIMEZONE TAMAN ANGGREK,"Jl. Letjen S. Parman Grogol petamburan, Kota Jakarta Barat 11470",-6.1744961,106.7908646,maimai_dx,,,allnet
TIMEZONE TRANS STUDIO BANDUNG,"Jl. Gatot Subroto No.289A, Cibangkong, Kota Bandung,40273",-6.9249233,107.6367009,maimai_dx;other,,,allnet;ziv
TIMEZONE TRANS STUDIO MAL BALI,JL. IMAM BONJOL NO.440 80361 DENPASAR BALI,-8.7018086,115.1828021,maimai_dx,,,allnet;ziv
TRANS STUDIO MALL MAKASSAR,"Jl Metro, Tanjung Bunga No.28, Daerah Maccini Sombala, Tamalate",-5.1594883,119.3963915,maimai_dx,,,allnet
ACT草津ACTION,滋賀県草津市野路町1161-1,34.9991007,135.9459039,chunithm;maimai_dx;ongeki,,,allnet
AMパークイオンモール奈良登美ヶ丘店,奈良県生駒市鹿畑町３０２７イオンモール専門店街３階,34.7260080,135.7505666,chunithm;ddr;iidx;maimai_dx;other;sdvx,sdvx_vm,,allnet;eagate;ziv
ENTERTAINMENT FIELD ららぽーとEXPOCITY店,大阪府吹田市千里万博公園２−１ららぽーとＥＸＰＯＣＩＴＹ３Ｆ,34.8054029,135.5354552,chunithm;maimai_dx;ongeki;other,,,allnet;ziv
G-stage浜町,長崎県長崎市浜町2-26,32.7448472,129.8775421,chunithm;gitadora;iidx;maimai_dx;ongeki;other;popn;sdvx,iidx_lm;popn_pikapika;sdvx_vm,,allnet;eagate;ziv
GAME・パフェ萩,山口県萩市大字椿東3000-5,34.4165984,131.4100396,chunithm;gitadora;iidx;other;popn;project_diva,,,allnet;eagate;ziv
GiGO ALCO越谷ショッピングスクエア,埼玉県越谷市越ケ谷１‐１６‐６,35.8868319,139.7880353,chunithm;gitadora,,,allnet;eagate
INTER PARK+1宇都宮,栃木県宇都宮市インターパーク６−５−１,36.4881173,139.9055690,chunithm;ddr;drs;gitadora;iidx;jubeat;maimai_dx;nostalgia;ongeki;other;polaris_chord;popn;project_diva;sdvx,,,allnet;ziv
M's PARK刈谷店,愛知県刈谷市稲場町３−２０６,35.0054807,137.0014037,chunithm;ddr;gitadora;iidx;jubeat;maimai_dx;ongeki;other;popn;sdvx;taiko,ddr_gold;iidx_lm;popn_pikapika;sdvx_vm,chunithm:4;ddr:1;gitadora:2;iidx:1;jubeat:2;maimai_dx:1;ongeki:1;popn:1;sdvx:1;taiko:1,allnet;eagate;ziv
M's PARK豊田店,愛知県豊田市寿町３−２１、２２,35.0566411,137.1400157,chunithm;ddr;gitadora;iidx;jubeat;maimai_dx;nostalgia;ongeki;other;popn;project_diva;reflec;sdvx,ddr_gold;iidx_lm;popn_pikapika;sdvx_vm,,allnet;eagate;ziv
SOYU GAME FIELD堺鉄砲町店,大阪府堺市堺区鉄砲町1番地イオンモール堺鉄砲町3F,34.5940463,135.4812086,chunithm;jubeat;maimai_dx;ongeki,,,allnet
SOYU ZAURUS WORLD 大森店,東京都大田区大森北2-13-1イトーヨーカドー大森店3F,35.5864789,139.7330455,chunithm;maimai_dx;ongeki,,,allnet
SOYUGameFieldみのおキューズモール店,大阪府箕面市西宿１−１５−３０みのおキューズモールＣ棟２階,34.8330133,135.4894015,chunithm;maimai_dx;ongeki,,,allnet
SOYUGameField奈良橿原店,奈良県橿原市曲川町7-20-1　イオンモール橿原3F,34.5055231,135.7624537,chunithm;maimai_dx;ongeki;other;polaris_chord,,,allnet;eagate;ziv
SOYUGameField旭川西店,北海道旭川市緑町23-2161-3イオンモール旭川西3F,43.7940872,142.3259299,chunithm;maimai_dx;ongeki,,,allnet
TFSトナリエ宇都宮,栃木県宇都宮市駅前通り１丁目４番６号トナリエ宇都宮,36.5604643,139.8969966,chunithm;maimai_dx;ongeki;other,,,allnet;ziv
あそビレッジ山形店,山形県山形市成沢西５−３−２７,38.2085455,140.3177274,chunithm;maimai_dx;other;popn,,,allnet;eagate;ziv
あそＶＩＶＡゲームセンター,京都府福知山市字堀小字上高田２１４６−１,35.2906140,135.1331396,chunithm;maimai_dx;ongeki,,,allnet
あそＶＩＶＡ阪急茨木店,大阪府茨木市永代町６−２スポーツプラザ茨木２Ｆ,34.8179736,135.5763883,chunithm;ddr;gitadora;iidx;maimai_dx;nostalgia;ongeki;polaris_chord;popn;sdvx,ddr_gold;iidx_lm;popn_pikapika;sdvx_vm,,allnet;eagate
あみぱらんど福山店,広島県福山市三吉町南２ー８ー２４,34.4884797,133.3784340,chunithm;maimai_dx;ongeki;other,,,allnet;ziv
えの木,高知県高知市旭町3丁目100-3,33.5558198,133.5061151,chunithm;maimai_dx;other,,,allnet;ziv
えの木　高松店,香川県高松市藤塚町３丁目３−３,34.3358800,134.0537325,chunithm;ddr;gitadora;iidx;jubeat;maimai_dx;ongeki;other;popn;project_diva;sdvx,ddr_gold;gitadora_dm_arena;gitadora_gf_arena;iidx_lm;popn_pikapika;sdvx_vm,,allnet;eagate;ziv
ふぇすたらんど久留米店,福岡県久留米市野中町1411-1,33.3031851,130.5301183,chunithm;maimai_dx;ongeki;other,,,allnet;ziv
ふぇすたらんど五日市店,広島県広島市佐伯区八幡１−２４−１７サンリブ五日市店２Ｆ,34.3868209,132.3583323,chunithm;maimai_dx;ongeki;other,,,allnet;ziv
ふぇすたらんど倉敷マスカット店,岡山県倉敷市松島１１６３−２山陽マルナカマスカット店別館３Ｆ,34.6277433,133.8024727,chunithm;maimai_dx;ongeki;other;reflec,,,allnet;eagate;ziv
ふぇすたらんど古賀店,福岡県古賀市天神2-5-1,33.7346719,130.4664457,chunithm;maimai_dx;other,,,allnet;ziv
ふぇすたらんど可部,広島県広島市安佐北区可部7-4-13マルナカ可部店内,34.5233926,132.5115150,chunithm;maimai_dx;ongeki;other;polaris_chord;popn,popn_pikapika,,allnet;eagate;ziv
ふぇすたらんど宇多津,香川県綾歌郡宇多津町２４１９番地１号,34.3113524,133.8256920,chunithm;maimai_dx,,,allnet
ふぇすたらんど守山店,滋賀県守山市播磨田町１８５番１号モリーブ守山２Ｆ,35.0665920,135.9948736,chunithm;maimai_dx,,,allnet
ふぇすたらんど平島店,岡山県岡山市東区東平島1609,34.7078240,134.0497942,chunithm;maimai_dx;other,,,allnet;ziv
ふぇすたらんど広店,広島県呉市広本町２丁目１７−１　イオン広店４Ｆ,34.2338435,132.6230721,chunithm;maimai_dx;other,,,allnet;ziv
ふぇすたらんど広畑店,兵庫県姫路市広畑区吾妻町3-29-2,34.7952504,134.6197844,chunithm;maimai_dx,,,allnet
ふぇすたらんど新居浜店,愛媛県新居浜市上泉町１２−１,33.9363210,133.3106012,chunithm;maimai_dx;other,,,allnet;ziv
ふぇすたらんど田川店,福岡県田川市大字川宮1693-1,33.6494841,130.7980754,chunithm;maimai_dx;other,,,allnet;ziv
ふぇすたらんど菊陽店,熊本県菊池郡菊陽町津久礼２４７２,32.8620047,130.8012059,chunithm;maimai_dx;ongeki;other,,,allnet;ziv
ふぇすたらんど高屋店,岡山県岡山市中区高屋36-1,34.6735842,133.9606253,chunithm;maimai_dx;other,,,allnet;ziv
まるゲ,香川県高松市南新町８−１２,34.3391521,134.0493515,chunithm;other,,,allnet;ziv
ゆめシティ　ゆめパーク,山口県下関市伊倉新町３−１−１,34.0067348,130.9340551,chunithm;maimai_dx,,,allnet
ゆりの木ボウル,青森県八戸市鷹匠小路１０,40.5066344,141.4932406,gitadora;iidx;maimai_dx;popn;sdvx,iidx_lm;sdvx_vm,,allnet;eagate
アソビクル京葉船橋インター店,千葉県船橋市海神３丁目１２４の３　コーナン京葉船橋　２階,35.6993268,139.9757265,chunithm;maimai_dx;taiko,,,allnet
アソビクル新宮店,福岡県糟屋郡新宮町三代９９９番地１,33.7031295,130.4559895,chunithm;maimai_dx;ongeki;other,,,allnet;ziv
アソビクル長崎戸町店,長崎県長崎市戸町４‐９‐３,32.7211376,129.8611866,chunithm;maimai_dx;ongeki;other,,,allnet;ziv
アソビックスゲームワールド,三重県三重郡朝日町小向181,35.0306354,136.6728597,chunithm;maimai_dx;ongeki,,,allnet
アップルグランリバー大井川店,静岡県焼津市下江留１３２７,34.8097010,138.2733246,chunithm;ddr;gitadora;iidx;maimai_dx;nostalgia;ongeki;polaris_chord;popn;project_diva;sdvx,ddr_gold;gitadora_dm_arena;gitadora_gf_arena;iidx_lm;popn_pikapika;sdvx_vm,,allnet;eagate
アップル島田店,静岡県島田市宝来町8-5,34.8266008,138.1874106,chunithm;gitadora;iidx;sdvx,gitadora_dm_arena;iidx_lm;sdvx_vm,,allnet;eagate
アップル新北街道店,静岡県静岡市葵区沓谷5-13-4,34.9982997,138.4134498,chunithm;ddr;gitadora;iidx;maimai_dx;ongeki;other;popn;project_diva;sdvx,ddr_gold;gitadora_dm_arena;iidx_lm;sdvx_vm,,allnet;eagate;ziv
アドアーズ上野アメ横,東京都台東区上野４−９−１４上野Ｋ．ＫビルＢ１〜４階,35.7100380,139.7742682,chunithm;gitadora;iidx;jubeat;ongeki;popn;project_diva;reflec;sdvx;taiko,iidx_lm;sdvx_vm,gitadora:2;iidx:2;jubeat:4;popn:2;project_diva:1;reflec:2;sdvx:2;taiko:1,allnet;eagate;ziv
アドアーズ中野,東京都中野区中野５−５２−１５　ブロードウェイ１８５,35.7091924,139.6656938,chunithm;iidx;maimai_dx;other;polaris_chord;sdvx;taiko,iidx_lm;sdvx_vm,chunithm:3;iidx:1;maimai_dx:1;polaris_chord:2;sdvx:1;taiko:2,allnet;eagate;ziv
アドアーズ亀戸店,東京都江東区亀戸５−２−６サンエービル１〜５階,35.6989635,139.8259037,chunithm;iidx;maimai_dx;popn;sdvx,popn_pikapika;sdvx_vm,,allnet;eagate
アドアーズ仙川,東京都調布市仙川町２−２１−１２　ＶＩＣビル７,35.6624923,139.5840936,chunithm;iidx;sdvx,iidx_lm;sdvx_vm,,allnet;eagate
アドアーズ大和店Ａ館,神奈川県大和市大和東１−４−３大黒屋ビル１、２階,35.4705555,139.4623450,chunithm;iidx;maimai_dx;sdvx,sdvx_vm,,allnet;eagate
アドアーズ新小岩,東京都葛飾区新小岩１−４４−４　ＶＯＲＴ新小岩ビル,35.7162968,139.8582264,chunithm;iidx;maimai_dx;ongeki;sdvx,iidx_lm;sdvx_vm,,allnet;eagate;ziv
アドアーズ札幌北４２条,北海道札幌市東区北４２条東７−１−１　嶋ビル２階,43.1119643,141.3551602,chunithm;gitadora;iidx;maimai_dx;nostalgia;other;taiko,gitadora_dm_arena;gitadora_gf_arena,chunithm:2;gitadora:2;iidx:4;maimai_dx:2;nostalgia:1;taiko:2,allnet;eagate;ziv
アドアーズ横須賀,神奈川県横須賀市本町３−２７横須賀ＡＰＴ１階,35.2806953,139.6622793,chunithm;iidx;maimai_dx;sdvx,sdvx_vm,,allnet;eagate
アドアーズ橋本,神奈川県相模原市緑区橋本３−３−１ＳＩＮＧビル２Ｆ,35.5945224,139.3488614,chunithm;gitadora;iidx;maimai_dx;sdvx,gitadora_dm_arena;gitadora_gf_arena;sdvx_vm,,allnet;eagate
アドアーズ渋谷,東京都渋谷区宇田川町１３−１１　ＫＮ渋谷１ビル,35.6612471,139.6982321,maimai_dx;other;taiko,,taiko:4,allnet;ziv
アドアーズ船橋,千葉県船橋市本町１−３１−２６セブン船橋Ｂ１Ｆ〜３Ｆ,35.7005813,139.9844903,chunithm;iidx;maimai_dx;nostalgia;polaris_chord;popn;sdvx;taiko,iidx_lm;popn_pikapika;sdvx_vm,,allnet;eagate
アドアーズ蕨,埼玉県蕨市塚越1-4-4ラ・セーヌビル2階,35.8278164,139.6915592,chunithm;iidx;maimai_dx;ongeki;popn;sdvx,iidx_lm;sdvx_vm,,allnet;eagate
アピナ上尾店,埼玉県上尾市緑丘３−３−１１−２　Ｐ・Ａ・Ｐ・Ａ上尾ＳＣ別棟,35.9882466,139.5808223,chunithm;gitadora;iidx;jubeat;maimai_dx;nostalgia;ongeki;other;polaris_chord;popn;project_diva;sdvx,iidx_lm;popn_pikapika;sdvx_vm,,allnet;eagate;ziv
アピナ上田店,長野県上田市秋和３５９−１,36.4159917,138.2235105,chunithm;gitadora;iidx;jubeat;maimai_dx;nostalgia;ongeki;other;polaris_chord;popn;sdvx,iidx_lm;sdvx_vm,,allnet;eagate;ziv
アピナ上越インター店,新潟県上越市富岡３４３９,37.1542725,138.2556584,chunithm;gitadora;maimai_dx;ongeki;other;popn,popn_pikapika,,allnet;eagate;ziv
アピナ下館店,茨城県筑西市玉戸１０１２−３,36.2954256,139.9456893,chunithm;gitadora;iidx;jubeat;maimai_dx;nostalgia;ongeki;other;polaris_chord;project_diva;sdvx,iidx_lm;sdvx_vm,,allnet;eagate;ziv
アピナ伊那店,長野県伊那市大字西町５０９３,35.8328702,137.9499861,chunithm;ddr;gitadora;iidx;jubeat;maimai_dx;nostalgia;ongeki;other;polaris_chord;project_diva,iidx_lm,,allnet;eagate;ziv
アピナ佐久インター店,長野県佐久市岩村田北１−１３−１,36.2844797,138.4823375,chunithm;drs;gitadora;iidx;jubeat;maimai_dx;ongeki;other;polaris_chord;popn;sdvx,iidx_lm;popn_pikapika;sdvx_vm,,allnet;eagate;ziv
アピナ八王子みなみ野店,東京都八王子市みなみ野１−２−１アクロスモール３Ｆ,35.6306170,139.3292720,chunithm;gitadora;iidx;maimai_dx;ongeki;other;polaris_chord;popn;sdvx,iidx_lm;popn_pikapika;sdvx_vm,,allnet;eagate;ziv
アピナ印西店,千葉県印西市原１−２ビッグホップガーデンモール印西２Ｆ,35.8033914,140.1649455,chunithm;iidx;jubeat;ongeki;other;polaris_chord;popn;sdvx;taiko,iidx_lm;sdvx_vm,,allnet;eagate;ziv
アピナ各務原店,岐阜県各務原市蘇原花園町２丁目９番地１,35.4120854,136.8480680,chunithm;maimai_dx;ongeki;other;sdvx,sdvx_vm,,allnet;eagate;ziv
アピナ名古屋栄店,愛知県名古屋市中区錦３‐１７‐１５ドン・キホーテ栄本店Ｂ１,35.1702098,136.9063906,chunithm;iidx;maimai_dx;other;popn;sdvx;taiko,iidx_lm;popn_pikapika;sdvx_vm,chunithm:9;iidx:3;maimai_dx:6;popn:1;sdvx:4;taiko:6,allnet;eagate;ziv
アピナ四日市店,三重県四日市市泊小柳町４−３４,34.9393248,136.6068238,chunithm;gitadora;iidx;jubeat;maimai_dx;nostalgia;ongeki;other;polaris_chord;popn;project_diva;reflec;sdvx,gitadora_dm_arena;gitadora_gf_arena;iidx_lm;popn_pikapika;sdvx_vm,,allnet;eagate;ziv
アピナ塩尻店,長野県塩尻市広丘野村１７９４−１,36.1415524,137.9538308,chunithm;gitadora;iidx;jubeat;maimai_dx;ongeki;other;project_diva,iidx_lm,,allnet;eagate;ziv
アピナ大須賀店,静岡県掛川市西大渕３３５９,34.6767312,137.9696162,jubeat;ongeki;other;reflec,,,allnet;eagate;ziv
アピナ太田店,群馬県太田市内ケ島町９０７−１,36.2829707,139.3984248,chunithm;ddr;gitadora;iidx;jubeat;maimai_dx;nostalgia;ongeki;other;polaris_chord;popn;project_diva;reflec;sdvx,iidx_lm;popn_pikapika;sdvx_vm,,allnet;eagate;ziv
アピナ姫路店,兵庫県姫路市東郷町１４５４−３姫路リオス２階,34.8269676,134.7151601,chunithm;dance_evo;drs;gitadora;iidx;jubeat;maimai_dx;nostalgia;ongeki;other;polaris_chord;popn;project_diva;reflec;taiko,iidx_lm;popn_pikapika,,allnet;eagate;ziv
アピナ宇都宮店,栃木県河内郡上三川町磯岡４２１ー１ジョイフル本田宇都宮店２階,36.4801944,139.9082222,chunithm;maimai_dx;ongeki;sdvx,sdvx_vm,,allnet;eagate
アピナ富山南店,富山県富山市堀川町３５５−３　マイプラザ内,36.6649370,137.2173196,chunithm;gitadora;iidx;jubeat;maimai_dx;nostalgia;ongeki;polaris_chord;project_diva;sdvx;wacca,iidx_lm;sdvx_vm,,allnet;eagate;ziv
アピナ富山新庄店,富山県富山市荒川３−２−１２,36.6953333,137.2480711,chunithm;gitadora;jubeat;maimai_dx;nostalgia;ongeki;other,,,allnet;eagate;ziv
アピナ富山豊田店,富山県富山市豊田町２丁目１２−６６,36.7210181,137.2355046,chunithm;ddr;drs;gitadora;iidx;jubeat;maimai_dx;nostalgia;ongeki;other;polaris_chord;popn;project_diva;reflec;sdvx,ddr_gold;gitadora_dm_arena;gitadora_gf_arena;iidx_lm;popn_pikapika;sdvx_vm,,allnet;eagate;ziv
アピナ富谷店,宮城県富谷市大清水１丁目３３‐１　１０９シネマズ富谷１階,38.3648779,140.8752317,chunithm;ddr;gitadora;maimai_dx;ongeki;other;polaris_chord;popn;sdvx,ddr_gold;sdvx_vm,,allnet;eagate;ziv
アピナ小山店,栃木県小山市駅南町４−２７−１８,36.3004010,139.8091238,chunithm;drs;gitadora;iidx;jubeat;maimai_dx;nostalgia;ongeki;other;polaris_chord;popn;sdvx,iidx_lm;popn_pikapika;sdvx_vm,,allnet;eagate;ziv
アピナ川越店,埼玉県川越市泉町１−１　ウニクス南古谷シネマ棟１Ｆ,35.9038204,139.5153346,chunithm;gitadora;iidx;maimai_dx;ongeki;other;polaris_chord;popn;sdvx,iidx_lm;popn_pikapika;sdvx_vm,,allnet;eagate;ziv
アピナ市原店,千葉県市原市更級４丁目２番１号アクロスプラザ市原更級Ｆ棟１階,35.5098965,140.1013068,chunithm;maimai_dx;ongeki;other;taiko,,,allnet;ziv
アピナ成増店,東京都板橋区成増二丁目２１番２号　メガドンキホーテ成増店５階,35.7781263,139.6304404,chunithm;maimai_dx,,,allnet
アピナ新利府　北館店,宮城県宮城郡利府町利府字新屋田前２２イオンモール新利府北館２,38.3268494,140.9719782,chunithm;maimai_dx;ongeki;other,,,allnet;ziv
アピナ新千歳空港店,北海道千歳市美々1292番地33新千歳空港国内線旅客ﾀｰﾐﾅﾙﾋﾞﾙ4F,42.7871266,141.6805602,jubeat;ongeki;other;project_diva;taiko,,jubeat:1;ongeki:1;project_diva:1;taiko:2,allnet;eagate;ziv
アピナ松本店,長野県松本市双葉１９−１０,36.2105026,137.9615503,chunithm;dance_evo;ddr;drs;gitadora;iidx;jubeat;maimai_dx;nostalgia;ongeki;other;polaris_chord;popn;project_diva;reflec;sdvx,ddr_gold;gitadora_dm_arena;gitadora_gf_arena;iidx_lm;popn_pikapika;sdvx_vm,,allnet;eagate;ziv
アピナ橋本店,神奈川県相模原市緑区西橋本５−１−１ラ・フロール駐車場棟１階,35.5973214,139.3373139,chunithm;gitadora;iidx;maimai_dx;nostalgia;ongeki;other;polaris_chord;popn;project_diva;sdvx,iidx_lm;popn_pikapika;sdvx_vm,,allnet;eagate;ziv
アピナ浜松店,静岡県浜松市中央区葵西２−２７−１０,34.7674101,137.7081848,chunithm;gitadora;iidx;maimai_dx;ongeki;other;polaris_chord;sdvx,iidx_lm;sdvx_vm,,allnet;eagate;ziv
アピナ焼津店,静岡県焼津市道原５８５,34.8335667,138.3059799,chunithm;gitadora;iidx;maimai_dx;nostalgia;ongeki;other;popn;reflec;sdvx;taiko,iidx_lm;sdvx_vm,chunithm:3;gitadora:2;iidx:1;maimai_dx:1;nostalgia:1;ongeki:2;popn:1;reflec:1;sdvx:2;taiko:1,allnet;eagate;ziv
アピナ磐田店,静岡県磐田市西貝塚横須賀道北3690イオンタウン磐田内,34.7270625,137.8772654,chunithm;gitadora;maimai_dx;nostalgia;ongeki;other;popn;reflec,,,allnet;eagate;ziv
アピナ米子店,鳥取県米子市米原二丁目１３２０番地１メガドン・キホーテ３階,35.4422830,133.3300695,chunithm;iidx;maimai_dx;ongeki;sdvx,iidx_lm;sdvx_vm,,allnet;eagate
アピナ荻窪店,東京都杉並区上荻１−１３−１０ハクサンビル,35.7050135,139.6181738,chunithm;ddr;iidx;maimai_dx;ongeki;other;polaris_chord;popn;sdvx,ddr_gold;iidx_lm;popn_pikapika;sdvx_vm,,allnet;eagate;ziv
アピナ豊橋,愛知県豊橋市藤沢町１４１ホリデイ・スクエアＡＭ棟１階,34.7445532,137.3713362,chunithm;iidx;maimai_dx;ongeki;other;polaris_chord;popn;sdvx,iidx_lm;popn_pikapika;sdvx_vm,,allnet;eagate;ziv
アピナ野々市バッティングスタジアム,石川県野々市市若松町５−５,36.5367471,136.6110606,chunithm;jubeat;other;popn;project_diva;reflec;taiko,,,allnet;eagate;ziv
アピナ野々市店,石川県野々市市白山町４−１イオンタウン野々市店内,36.5273856,136.6121969,chunithm;gitadora;iidx;maimai_dx;ongeki;other;taiko,iidx_lm,,allnet;eagate;ziv
アピナ野田七光台店,千葉県野田市七光台４−２,35.9823488,139.8501379,chunithm;nostalgia;other;popn;taiko,,,allnet;eagate;ziv
アピナ鈴鹿店,三重県鈴鹿市庄野羽山4-20-1イオンタウン鈴鹿2階,34.8721888,136.5270464,chunithm;gitadora;maimai_dx;nostalgia;ongeki;other,,,allnet;eagate;ziv
アピナ長岡店,新潟県長岡市堺東町２２,37.4579741,138.8131975,chunithm;drs;gitadora;iidx;jubeat;maimai_dx;nostalgia;ongeki;other;polaris_chord;popn;project_diva;sdvx,gitadora_dm_arena;gitadora_gf_arena;iidx_lm;popn_pikapika;sdvx_vm,,allnet;eagate;ziv
アピナ長野大橋店,長野県長野市若里７−９−１２,36.6265335,138.2002093,chunithm;gitadora;iidx;maimai_dx;nostalgia;ongeki;other;sdvx,iidx_lm;sdvx_vm,,allnet;eagate;ziv
アピナ長野川中島店,長野県長野市川中島町御厨９６７−１,36.5980241,138.1574813,chunithm;gitadora;iidx;maimai_dx;ongeki;other;polaris_chord;popn;sdvx,iidx_lm;popn_pikapika;sdvx_vm,,allnet;eagate;ziv
アピナ飯田店,長野県飯田市座光寺３７２８−１,35.5299738,137.8597012,chunithm;gitadora;iidx;jubeat;maimai_dx;nostalgia;ongeki;other;popn;project_diva;reflec;sdvx,iidx_lm;sdvx_vm,,allnet;eagate;ziv
アピナ鶴岡店,山形県鶴岡市文下字広野１−１,38.7581392,139.8443827,chunithm;drs;gitadora;iidx;jubeat;maimai_dx;nostalgia;ongeki;other;polaris_chord;popn;sdvx,iidx_lm;sdvx_vm,,allnet;eagate;ziv
アポロゲームセンター沖洲店,徳島県徳島市南沖洲１−９３,34.0671378,134.5828205,chunithm;ddr;gitadora;iidx;maimai_dx;nostalgia;other,iidx_lm,,allnet;eagate;ziv
アミパラがいな店,鳥取県米子市日ノ出町１−８−１３,35.4377737,133.3391965,chunithm;ddr;gitadora;iidx;maimai_dx;ongeki;other;polaris_chord;popn;sdvx,gitadora_dm_arena;gitadora_gf_arena;iidx_lm;popn_pikapika;sdvx_vm,,allnet;eagate;ziv
アミパラここじゃ店,広島県東広島市西条町下見６−１０−１９,34.4075855,132.7155369,chunithm;ddr;gitadora;iidx;maimai_dx;ongeki;other;polaris_chord;popn;sdvx,ddr_gold;gitadora_dm_arena;gitadora_gf_arena;iidx_lm;popn_pikapika;sdvx_vm,,allnet;eagate;ziv
アミパラテクノランド店,岡山県岡山市北区大和町１−７−１２,34.6791764,133.9274976,chunithm;ddr;drs;gitadora;iidx;maimai_dx;ongeki;other;polaris_chord;popn;sdvx;taiko,gitadora_dm_arena;gitadora_gf_arena;iidx_lm;popn_pikapika;sdvx_vm,chunithm:3;ddr:1;drs:1;gitadora:2;iidx:2;maimai_dx:3;ongeki:3;polaris_chord:1;popn:1;sdvx:2;taiko:2,allnet;eagate;ziv
アミパラ下関長府店,山口県下関市長府才川１ー４２ー４８,34.0254117,131.0075023,chunithm;maimai_dx;other,,,allnet;ziv
アミパラ下関駅南店,山口県下関市東大和町１丁目３ー１５,33.9453095,130.9205149,chunithm;ddr;gitadora;iidx;maimai_dx;ongeki;polaris_chord;popn;sdvx,gitadora_dm_arena;gitadora_gf_arena;iidx_lm;popn_pikapika;sdvx_vm,,allnet;eagate
アミパラ丸亀店,香川県丸亀市飯野町西分字川縁甲５８４−１　ハローズ棟内,34.2848078,133.8210303,chunithm;ddr;gitadora;iidx;maimai_dx;ongeki;other;sdvx,sdvx_vm,,allnet;eagate;ziv
アミパラ佐世保店,長崎県佐世保市大塔町１８−１５,33.1500003,129.7803082,chunithm;ddr;drs;gitadora;iidx;jubeat;maimai_dx;ongeki;other;polaris_chord;popn;sdvx,iidx_lm;sdvx_vm,,allnet;eagate;ziv
アミパラ倉敷店,岡山県倉敷市西中新田624-1アミパラボウル1F,34.5835441,133.7713238,chunithm;ddr;gitadora;iidx;maimai_dx;ongeki;other;polaris_chord;popn;sdvx,ddr_gold;gitadora_dm_arena;gitadora_gf_arena;iidx_lm;popn_pikapika;sdvx_vm,,allnet;eagate;ziv
アミパラ光明池店,大阪府和泉市室堂町８２４−３６,34.4717247,135.4765921,chunithm;maimai_dx;ongeki,,,allnet
アミパラ加古川店,兵庫県加古川市尾上町今福７１−２,34.7513160,134.8285725,ongeki;other,,,allnet;ziv
アミパラ周南久米店,山口県周南市大字久米２８３４　イオンタウン周南久米,34.0367490,131.8427470,chunithm;maimai_dx;other;sdvx,sdvx_vm,,allnet;eagate;ziv
アミパラ垂水店,兵庫県神戸市垂水区名谷町字室山１４００−１８,34.6645304,135.0667880,chunithm;maimai_dx;ongeki,,,allnet
アミパラ大東店,大阪府大東市南新田２丁目３番５号,34.7011363,135.6385970,chunithm;ddr;gitadora;iidx;maimai_dx;ongeki;polaris_chord,ddr_gold;iidx_lm,,allnet;eagate
アミパラ岡山店,岡山県岡山市北区青江１丁目１３ー８,34.6362117,133.9199885,chunithm;ddr;gitadora;iidx;jubeat;maimai_dx;ongeki;other;popn;project_diva;sdvx,gitadora_dm_arena;gitadora_gf_arena;iidx_lm;popn_pikapika;sdvx_vm,,allnet;eagate;ziv
アミパラ松山店,愛媛県松山市生石町６５５−１,33.8336799,132.7449960,chunithm;maimai_dx;ongeki;other,,,allnet;ziv
アミパラ松江店,島根県松江市東朝日町２０３−１,35.4637094,133.0741923,chunithm;maimai_dx;ongeki;other,,,allnet;ziv
アミパラ橿原店,奈良県橿原市十市町1222-1ツインゲート橿原１F,34.5294150,135.7968476,chunithm;ddr;gitadora;iidx;maimai_dx;ongeki;other;polaris_chord;popn;sdvx,gitadora_dm_arena;gitadora_gf_arena;iidx_lm;popn_pikapika;sdvx_vm,,allnet;eagate;ziv
アミパラ津山店,岡山県津山市河辺１０００−１イオンモール津山２Ｆ,35.0650815,134.0464219,chunithm;iidx;maimai_dx;ongeki;other;sdvx,iidx_lm;sdvx_vm,,allnet;eagate;ziv
アミパラ神辺店,広島県福山市神辺町大字新道上字１−２−１,34.5457711,133.3586391,chunithm;maimai_dx;other,,,allnet;ziv
アミパラ草津店,滋賀県草津市木川町72,35.0200023,135.9431956,chunithm;maimai_dx;other,,,allnet;ziv
アミパラ鈴鹿店,三重県鈴鹿市西条町字東澤430-1,34.8752638,136.5711436,chunithm;iidx;maimai_dx;ongeki;polaris_chord,iidx_lm,,allnet;eagate
アミパラ高松店,香川県高松市伏石町２１６８番２,34.3070192,134.0591869,chunithm;maimai_dx;ongeki;other,,,allnet;ziv
アミパラ高知店,高知県南国市篠原１９４−１,33.5679737,133.6344573,chunithm;ddr;gitadora;iidx;maimai_dx;ongeki;other;polaris_chord;project_diva;sdvx,ddr_gold;iidx_lm;sdvx_vm,,allnet;eagate;ziv
アミュージアム周南店,山口県下松市中央町21-3THEMALL周南3F,34.0186116,131.8628765,chunithm;maimai_dx;ongeki;other,,,allnet;ziv
アミュージアム川口店,埼玉県川口市本町２−７−２５ミエルかわぐち３Ｆ,35.8010343,139.7273630,ongeki,,,allnet
アミュージアム津島店,愛知県津島市大字津島字北新開351番地ﾖｼﾂﾞﾔ津島本店ｼﾈﾏ館2F,35.1746003,136.7464136,chunithm;maimai_dx;ongeki;other;popn,,,allnet;eagate;ziv
アミュージアム茂原店,千葉県茂原市高師１６１９−１,35.4367764,140.2844057,chunithm;maimai_dx;other;taiko,,,allnet;ziv
アミュージアム高松店,香川県高松市伏石町2144-9,34.3077315,134.0603231,chunithm;maimai_dx;ongeki;other,,,allnet;ziv
アミュージアムＯＳＣ店,東京都練馬区東大泉２−３４−１オズスタジオシティ２Ｆ,35.7530406,139.5948349,chunithm;maimai_dx;ongeki,,,allnet
アミューズスペースミール,兵庫県三田市対中町５−２１,34.8806357,135.2295503,chunithm;gitadora;iidx;jubeat;nostalgia;other;popn;project_diva;sdvx,gitadora_dm_arena;gitadora_gf_arena;iidx_lm;sdvx_vm,,allnet;eagate;ziv
アミューズパーク郡山,福島県郡山市安積町日出山2丁目80,37.3744131,140.3839021,chunithm;iidx;jubeat;other;sdvx,iidx_lm;sdvx_vm,,allnet;eagate;ziv
アミューズビバ,茨城県ひたちなか市東大島２−１１−１１,36.4063750,140.5318511,chunithm;ddr;gitadora;iidx;jubeat;maimai_dx;nostalgia;ongeki;polaris_chord;popn;project_diva;sdvx,ddr_gold;iidx_lm;popn_pikapika;sdvx_vm,,allnet;eagate
アミューズファクトリー常滑店,愛知県常滑市りんくう町2-20-3イオンモール常滑2F,34.8823409,136.8260920,chunithm;maimai_dx,,,allnet
アミューズメントエース津田沼,千葉県船橋市前原西２−１５−１ファシービル,35.6922777,140.0201815,chunithm;ddr;gitadora;iidx;jubeat;maimai_dx;nostalgia;ongeki;other;polaris_chord;popn;sdvx;taiko,ddr_gold;gitadora_dm_arena;gitadora_gf_arena;iidx_lm;popn_pikapika;sdvx_vm,,allnet;eagate;ziv
アミューズメントクラブ浦和,埼玉県さいたま市浦和区仲町1-10-7,35.8602600,139.6535399,chunithm;jubeat;maimai_dx;nostalgia;ongeki;project_diva,,,allnet;eagate
アミューズメントゲーム　マグレブ,東京都多摩市落合１−３９−２マグレブビル１階,35.6245439,139.4256174,chunithm;gitadora;iidx;jubeat;maimai_dx;ongeki;polaris_chord;popn;sdvx,,,allnet
アミューズメントスペースASO：VIBA！,東京都渋谷区恵比寿1-10-5三恵エビスビル2F,35.6467821,139.7110171,chunithm;iidx;maimai_dx;ongeki;other;polaris_chord;popn;sdvx;taiko,iidx_lm;popn_pikapika;sdvx_vm,chunithm:2;iidx:1;maimai_dx:1;polaris_chord:1;popn:1;taiko:2,allnet;eagate;ziv
アミューズメントスペースカプセル,東京都多摩市永山１−３−４ヒューマックスパビリオン永山B1-2F,35.6314344,139.4479251,chunithm;maimai_dx,,,allnet
アミューズメントスペースコミ丸四日市店,三重県四日市市鵜の森1-3-19,34.9664199,136.6164714,chunithm;ddr;iidx;maimai_dx;nostalgia;ongeki;polaris_chord;popn;sdvx,ddr_gold;gitadora_dm_arena;iidx_lm;popn_pikapika;sdvx_vm,,allnet;eagate
アミューズメントスペース遊ランド士別,北海道士別市大通東８,44.1739175,142.3943263,chunithm;jubeat;ongeki;other,,,allnet;eagate;ziv
アミューズメントスペース遊ランド春光店,北海道旭川市春光1条7丁目2-25,43.7981968,142.3740362,chunithm;drs;groove_coaster;iidx;jubeat;maimai_dx;nostalgia;ongeki;other;popn;sdvx;taiko,iidx_lm;sdvx_vm,,allnet;eagate;ziv
アミューズメントスペース遊ランド稚内店,北海道稚内市港５丁目８−１５,45.4006983,141.6808192,chunithm;gitadora;iidx;jubeat;nostalgia;ongeki;other;popn;project_diva;reflec;sdvx,sdvx_vm,,allnet;eagate;ziv
アミューズメントゾーン北上店,岩手県北上市本通２丁目２ー１クラソ・プレイス北上４Ｆ,39.2884426,141.1158249,chunithm;maimai_dx;ongeki;other,,,allnet;ziv
アミューズメントパフェパレパレ田宮店,徳島県徳島市南田宮２−２−４６,34.0861319,134.5427222,chunithm;gitadora;jubeat;maimai_dx;ongeki;other;popn,,,allnet;eagate;ziv
アミューズメントパークアルコ,岩手県紫波郡矢巾町南矢幅７−４２５−３,39.6110712,141.1526805,chunithm;maimai_dx,,,allnet
アミューズメントパーク静岡店,静岡県静岡市葵区柚木１０２６番地３階,34.9844378,138.4104109,chunithm;maimai_dx;ongeki,,,allnet
アミューズメントパークＭＧキスケ,愛媛県松山市宮田町４　キスケボックス内１階,33.8413598,132.7528735,chunithm;ddr;gitadora;iidx;jubeat;maimai_dx;nostalgia;ongeki;other;polaris_chord;popn;project_diva;sdvx,ddr_gold;gitadora_dm_arena;gitadora_gf_arena;iidx_lm;sdvx_vm,,allnet;eagate;ziv
アミューズメントパークＭＧジアス,広島県福山市柳津町１−７−６０,34.4406368,133.2606430,chunithm;gitadora;ongeki;other;polaris_chord;popn;sdvx,sdvx_vm,,allnet;eagate;ziv
アミューズメントパークＭＧ伊予三島,愛媛県四国中央市中之庄町７５−１　アイランド三島内,33.9745392,133.5287779,chunithm;gitadora;iidx;ongeki;other;polaris_chord;popn;sdvx,iidx_lm;sdvx_vm,,allnet;eagate;ziv
アミューズメントパークＭＧ土庄,香川県小豆郡土庄町字半の池甲１３６０−１０,34.4760674,134.1797022,chunithm;other,,,allnet;ziv
アミューズメントパークＭＧ大街道,愛媛県松山市大街道１−４−１７,33.8378938,132.7698832,chunithm;iidx;maimai_dx;ongeki;other;popn;sdvx,iidx_lm;sdvx_vm,,allnet;eagate;ziv
アミューズメントパークＭＧ府中天満屋店,広島県府中市府川町１８６−１府中天満屋２階,34.5698258,133.2368850,chunithm;other,,,allnet;ziv
アミューズメントパークＭＧ東予,愛媛県西条市周布７１５−１　フジ東予店　別棟,33.9204600,133.0775400,chunithm;ddr;gitadora;nostalgia;ongeki;polaris_chord;popn;project_diva,,,allnet;eagate
アミューズメントパークＭＧ総社,岡山県総社市門田１８７　天満屋ハピータウンリブ総社店内３階,34.6767042,133.7418563,chunithm;other,,,allnet;ziv
アミューズメントパークＭＧ西条,愛媛県西条市新田字北新田２３５フジグラン西条　別棟,33.9251294,133.1826449,chunithm;ongeki;other;sdvx,sdvx_vm,,allnet;eagate;ziv
アミューズメントフィールドバイヨン,埼玉県ふじみ野市うれし野２−１６−１LCモールうれし野２Ｆ,35.8561384,139.5223952,chunithm;gitadora;iidx;jubeat;maimai_dx;nostalgia;popn;sdvx,gitadora_dm_arena;gitadora_gf_arena;iidx_lm;sdvx_vm,,allnet;eagate
アミューズメントプラザマルシン,愛知県刈谷市池田町４‐６０９,35.0069435,137.0091863,chunithm;ongeki;other;taiko,,chunithm:2;ongeki:1;taiko:1,allnet;ziv
アミューズメントプラザワイド,愛知県東海市名和町二番割上16-2,35.0651865,136.9118987,chunithm;maimai_dx;ongeki;other,,,allnet;ziv
アミューズメントワールドメトロポリス小牧,愛知県小牧市村中新町３３,35.2959343,136.9056166,chunithm;iidx;maimai_dx;ongeki;other;polaris_chord;popn;sdvx;taiko,iidx_lm;popn_pikapika;sdvx_vm,chunithm:2;iidx:2;maimai_dx:2;ongeki:2;polaris_chord:1;sdvx:2;taiko:2,allnet;eagate;ziv
アミューズメントＣＵＥ京都円町店,京都府京都市中京区西ノ京西円町４０,35.0188326,135.7311504,chunithm;ddr;gitadora;iidx;jubeat;maimai_dx;nostalgia;ongeki;popn;reflec;sdvx;taiko,gitadora_dm_arena;gitadora_gf_arena;iidx_lm;sdvx_vm,chunithm:4;ddr:1;gitadora:2;iidx:2;jubeat:1;maimai_dx:2;nostalgia:1;ongeki:2;popn:1;reflec:1;sdvx:1;taiko:3,allnet;eagate;ziv
アミューズメントＣＵＥ奈良三条店,奈良県奈良市三条町478-1,34.6817818,135.8221376,chunithm;ddr;drs;gitadora;iidx;jubeat;maimai_dx;ongeki;other;popn;project_diva;sdvx;taiko;wacca,gitadora_dm_arena;gitadora_gf_arena;iidx_lm;sdvx_vm,chunithm:2;ddr:1;drs:1;gitadora:2;iidx:2;jubeat:2;maimai_dx:2;ongeki:4;popn:2;project_diva:1;sdvx:2;taiko:1;wacca:1,allnet;eagate;ziv
アミューズメントＣＵＥ奈良大和高田店,奈良県大和高田市東中２−１１−１６,34.4997760,135.7355951,chunithm;ddr;gitadora;iidx;jubeat;maimai_dx;ongeki;other;popn;sdvx,gitadora_dm_arena;gitadora_gf_arena;iidx_lm;sdvx_vm,,allnet;eagate;ziv
アミューズメントＦＵＮＦＵＮ越谷店,埼玉県越谷市南荻島２７７０−１,35.9128551,139.7712022,chunithm;iidx;ongeki,iidx_lm,,allnet;eagate
アミューズランドモナコ川越店,埼玉県川越市新富町2-4-1,35.9132940,139.4831383,chunithm;ddr;gitadora;iidx;jubeat;maimai_dx;ongeki;other;polaris_chord;popn;project_diva;reflec;sdvx;taiko,iidx_lm;popn_pikapika;sdvx_vm,ddr:2;gitadora:5;iidx:3;jubeat:7;popn:2;project_diva:3;reflec:6;sdvx:6;taiko:2,allnet;eagate;ziv
アミューズランドモナコ調布駅前店,東京都調布市布田４−２−２２,35.6512163,139.5443517,chunithm;iidx;maimai_dx;ongeki;polaris_chord;sdvx,iidx_lm;sdvx_vm,,allnet;eagate
アル・プラザボウル鯖江,福井県鯖江市下河端町１６字下町６−１,35.9683629,136.1886629,chunithm;iidx;reflec,iidx_lm,,allnet;eagate
アレックス,山口県宇部市西宇部南３−５−５３,33.9993804,131.2201177,chunithm;iidx;maimai_dx;ongeki;other;sdvx,iidx_lm;sdvx_vm,,allnet;eagate;ziv
イオン根室アミューズメントランド,北海道根室市常磐町3-9,43.3322256,145.5829486,chunithm;maimai_dx;ongeki,,,allnet
イオン紋別　キッズパーク,北海道紋別市花園町３丁目４の３９,44.3495319,143.3478737,chunithm;maimai_dx;ongeki,,,allnet
イスカンダル,千葉県木更津市潮見４−１−２,35.3696837,139.9175383,chunithm;iidx;maimai_dx;ongeki;other;sdvx;taiko,iidx_lm;sdvx_vm,,allnet;eagate;ziv
イトーヨーカドーららぽーと横浜２Ｆ,神奈川県横浜市都筑区池辺町４０３５‐１,35.5179093,139.5663144,chunithm;maimai_dx,,,allnet
イミグランデ大和店,神奈川県大和市鶴間2-12-27,35.4914957,139.4548227,chunithm;ddr;gitadora;iidx;jubeat;popn;sdvx,gitadora_dm_arena;gitadora_gf_arena;iidx_lm;sdvx_vm,,allnet;eagate
イミグランデ日吉店３,神奈川県横浜市港北区日吉2−2−4,35.5544916,139.6466110,chunithm;ddr;gitadora;iidx;jubeat;maimai_dx;ongeki;popn;sdvx,ddr_gold;gitadora_dm_arena;gitadora_gf_arena;iidx_lm;popn_pikapika;sdvx_vm,,allnet;eagate
イミグランデ本厚木店,神奈川県厚木市中町３−２−１,35.4394850,139.3615862,chunithm;ddr;gitadora;iidx;jubeat;ongeki;popn;project_diva;sdvx,iidx_lm;sdvx_vm,,allnet;eagate
イミグランデ溝口店２,神奈川県川崎市高津区溝口1-14-7第2カスタムビル,35.6004909,139.6144708,chunithm;gitadora;iidx;jubeat;maimai_dx;ongeki;popn;sdvx,gitadora_dm_arena;gitadora_gf_arena;iidx_lm;sdvx_vm,,allnet;eagate
インターワールド伊勢崎店,群馬県伊勢崎市宮子町３４２５−４,36.3315214,139.1625033,chunithm;gitadora;iidx;jubeat;maimai_dx;nostalgia;ongeki;polaris_chord;popn;project_diva;sdvx,gitadora_dm_arena;gitadora_gf_arena;iidx_lm;sdvx_vm,,allnet;eagate
イーグルボウル,愛知県知立市宝町塩掻58,35.0088648,137.0356867,chunithm;other;taiko,,chunithm:2;taiko:4,allnet;ziv
ウェアハウス一橋学園店,東京都小平市学園東町１丁目４番３９号平山ビル３Ｆ,35.7234026,139.4807157,chunithm;iidx;jubeat;maimai_dx;ongeki;project_diva;sdvx,iidx_lm;sdvx_vm,,allnet;eagate
ウェアハウス三橋店,埼玉県さいたま市西区三橋６ー９５５ー１,35.9157914,139.5958473,chunithm;gitadora;iidx;jubeat;maimai_dx;nostalgia;ongeki;other;popn;project_diva;reflec;sdvx,iidx_lm;sdvx_vm,,allnet;eagate;ziv
ウェアハウス上尾店,埼玉県上尾市二ツ宮１０４４,35.9812984,139.5998607,chunithm;gitadora;iidx;maimai_dx;ongeki;sdvx,iidx_lm;sdvx_vm,,allnet;eagate
ウェアハウス保木間店,東京都足立区保木間１ー１ー１９,35.7891796,139.8033169,chunithm;gitadora;iidx;jubeat;maimai_dx;ongeki;popn;sdvx,iidx_lm;sdvx_vm,,allnet;eagate
ウェアハウス入谷店,東京都足立区入谷７ー８ー１１,35.8011192,139.7610034,chunithm;ddr;gitadora;iidx;jubeat;maimai_dx;nostalgia;ongeki;popn;reflec;sdvx,iidx_lm;sdvx_vm,,allnet;eagate
ウェアハウス四万十店,高知県四万十市右山五月町８−１３アピアさつき２F,32.9871096,132.9392991,chunithm;gitadora;iidx;jubeat;maimai_dx;ongeki;other;popn;project_diva;sdvx,iidx_lm;sdvx_vm,,allnet;eagate;ziv
ウェアハウス岩槻店,埼玉県さいたま市岩槻区加倉３ー３ー６３,35.9411790,139.6861123,chunithm;gitadora;iidx;jubeat;maimai_dx;nostalgia;ongeki;other;reflec;sdvx,iidx_lm;sdvx_vm,,allnet;eagate;ziv
ウェアハウス草加店別館,埼玉県草加市稲荷２ー３６ー３３,35.8298831,139.8205853,chunithm;ddr;drs;gitadora;iidx;jubeat;maimai_dx;ongeki;project_diva;reflec;sdvx,iidx_lm;sdvx_vm,,allnet;eagate
ウェアハウス越谷店,埼玉県越谷市南荻島８４１ー１,35.9119605,139.7637724,chunithm;gitadora;iidx;jubeat;maimai_dx;ongeki;popn;sdvx,iidx_lm;sdvx_vm,,allnet;eagate
エースレーン堅田,滋賀県大津市今堅田２−４０−１０,35.1246449,135.9194342,chunithm;gitadora;maimai_dx;ongeki;other;popn;sdvx,sdvx_vm,,allnet;eagate;ziv
エースレーン守山,滋賀県守山市播磨田町２３１−４ＡＣＴ守山３番館内,35.0678892,135.9958577,chunithm;iidx;maimai_dx;nostalgia;ongeki;other;sdvx,iidx_lm;sdvx_vm,,allnet;eagate;ziv
エースレーン近江八幡店,滋賀県近江八幡市出町７３６アクトビル１Ｆ,35.1318688,136.1023034,chunithm;ddr;gitadora;iidx;jubeat;maimai_dx;ongeki;sdvx,ddr_gold;gitadora_dm_arena;gitadora_gf_arena;iidx_lm;sdvx_vm,,allnet;eagate
オリエンタルバッティング可児店,岐阜県可児市今渡６９５−１,35.4295361,137.0390542,chunithm;ddr;gitadora;iidx;maimai_dx;ongeki;sdvx,sdvx_vm,,allnet;eagate
カプコサーカス新潟東店,新潟県新潟市東区大形本町３−１−２　ジャスコシティ新潟東,37.9248691,139.1146199,chunithm;iidx;maimai_dx;ongeki;other;popn,,,allnet;eagate;ziv
キッズサーカスシピィ店,福井県越前市新町７−８シピィ２階,35.9043403,136.1521819,chunithm;gitadora;jubeat;maimai_dx,,,allnet;eagate
キッズサーカス五福店,富山県富山市五福1143-1,36.6955623,137.1925382,chunithm;maimai_dx;ongeki,,,allnet
キッズサーカス奈良柏木店,奈良県奈良市柏木町４５６−１,34.6718191,135.7991956,chunithm;maimai_dx;ongeki;other;polaris_chord,,,allnet;eagate;ziv
キッズランド,岩手県紫波郡紫波町桜町１丁目１２−１　ナックス内キッズランド,39.5490768,141.1652420,chunithm;other,,,allnet;ziv
キャッツアイミュンヘン大橋店,北海道札幌市豊平区平岸１条２３丁目８０１−１,43.0139790,141.3550130,chunithm;iidx;maimai_dx;other;sdvx,sdvx_vm,,allnet;eagate;ziv
キャッツアイ八千代店,千葉県八千代市緑が丘西２丁目１３番地３　ｉｓｍ緑ヶ丘内,35.7335775,140.0724747,chunithm;gitadora;iidx;maimai_dx;ongeki;popn;taiko,,,allnet;eagate
キャッツアイ宮の沢店,北海道札幌市手稲区西宮の沢５条２丁目１１−１５,43.0963919,141.2576566,chunithm;iidx;maimai_dx;other;taiko,iidx_lm,chunithm:2;iidx:2;maimai_dx:1;taiko:2,allnet;eagate;ziv
キャッツアイ恵庭店,北海道恵庭市住吉町２丁目９−１,42.8759049,141.5835042,chunithm;gitadora;iidx;jubeat;maimai_dx;ongeki;other;popn,gitadora_dm_arena;gitadora_gf_arena,,allnet;eagate;ziv
キャッツアイ新川店,北海道札幌市北区新川二条７丁目１ー７,43.1007366,141.3102954,chunithm;gitadora;iidx;jubeat;maimai_dx;ongeki;other,gitadora_dm_arena;gitadora_gf_arena,,allnet;eagate;ziv
キャッツアイ新札幌店,北海道札幌市厚別区厚別東五条１ー２−１０,43.0452612,141.4757970,chunithm;ddr;gitadora;iidx;jubeat;maimai_dx;ongeki;other;polaris_chord;popn;project_diva;reflec;sdvx,gitadora_dm_arena;gitadora_gf_arena;iidx_lm;sdvx_vm,,allnet;eagate;ziv
キャッツアイ東千葉店,千葉県千葉市中央区祐光３丁目２番１号,35.6195787,140.1270539,chunithm;maimai_dx;taiko,,,allnet
キャッツアイ東苗穂店,北海道札幌市東区東苗穂６条２丁目１−２５,43.0923402,141.4069974,chunithm;gitadora;iidx;jubeat;maimai_dx;ongeki;other,,,allnet;eagate;ziv
キャッツアイ栄通店,北海道札幌市白石区栄通１９丁目１１−４３,43.0253476,141.4366311,chunithm;iidx;maimai_dx;other,,,allnet;eagate;ziv
キャッツアイ清田店,北海道札幌市清田区清田１条１−２０−１,43.0029841,141.4363969,chunithm;gitadora;iidx;maimai_dx;ongeki;other;popn;sdvx,iidx_lm;sdvx_vm,,allnet;eagate;ziv
キャッツアイ篠路店,北海道札幌市北区篠路１条４丁目６ー３０,43.1406639,141.3572109,chunithm;gitadora;iidx;maimai_dx;ongeki;other;popn;project_diva,,,allnet;eagate;ziv
キャッツアイ苫小牧駅前店,北海道苫小牧市木場町１丁目３番地２,42.6417399,141.5976863,chunithm;iidx;maimai_dx;other,iidx_lm,,allnet;eagate;ziv
キャッツアイ西葛西店,東京都江戸川区西葛西４−２−２８,35.6683245,139.8618017,chunithm;maimai_dx,,,allnet
キャッツアイ静内店,北海道日高郡新ひだか町静内木場町２丁目１−４１,42.3414196,142.3556497,chunithm;iidx;maimai_dx;other,,,allnet;eagate;ziv
キャロム坂戸店,埼玉県坂戸市関間2-151-1,35.9526038,139.3985338,chunithm;gitadora;iidx;jubeat;maimai_dx;ongeki;popn,,,allnet;eagate
キャロム所沢店,埼玉県所沢市下安松969-1,35.7915180,139.5041488,chunithm;gitadora;iidx;maimai_dx;reflec,,,allnet;eagate
キャロム青梅店,東京都青梅市千ケ瀬町4-326-1,35.7860653,139.2699665,chunithm;gitadora;iidx;maimai_dx;ongeki;popn,,,allnet;eagate
ギガステーション戸田店,埼玉県戸田市大字美女木943-7,35.8341511,139.6533792,maimai_dx;ongeki;sdvx,sdvx_vm,,allnet;eagate
クァトロブーム小杉,富山県射水市三ケ2602,36.7193930,137.0916633,chunithm;ddr;gitadora;jubeat;maimai_dx;ongeki;other;sdvx,sdvx_vm,,allnet;eagate;ziv
ゲーム　アルカナ,愛知県稲沢市朝府町２−３３,35.2518633,136.7788012,chunithm;iidx;maimai_dx;ongeki;other;popn,,,allnet;eagate;ziv
ゲームアイビス太子,兵庫県揖保郡太子町太田２１４９,34.8322249,134.6000040,chunithm;iidx;maimai_dx;ongeki;other;sdvx,iidx_lm;sdvx_vm,,allnet;eagate;ziv
ゲームインプリンス,静岡県静岡市清水区天神1-2-6,35.0241515,138.4798096,chunithm;iidx;maimai_dx;polaris_chord,,,allnet;eagate
ゲームガリバー,千葉県柏市柏１‐１‐１１,35.8616855,139.9711177,chunithm;gitadora;iidx;maimai_dx;nostalgia;polaris_chord;popn;sdvx;taiko,iidx_lm;sdvx_vm,,allnet;eagate
ゲームキングジョイ,愛知県名古屋市中区栄３‐３‐３２,35.1679815,136.9049511,chunithm;dance_evo;ddr;drs;gitadora;groove_coaster;iidx;jubeat;maimai_dx;nostalgia;ongeki;other;polaris_chord;popn;reflec;sdvx;taiko;wacca,ddr_gold;gitadora_dm_arena;gitadora_gf_arena;iidx_lm;popn_pikapika;sdvx_vm,chunithm:10;dance_evo:1;ddr:3;drs:1;gitadora:2;groove_coaster:1;iidx:9;jubeat:3;maimai_dx:4;nostalgia:3;ongeki:10;polaris_chord:8;popn:4;reflec:2;sdvx:9;taiko:5;wacca:1,allnet;eagate;ziv
ゲームコーナー東部,宮城県仙台市若林区六丁の目中町26-60 斎喜東部ビル2F,38.2509985,140.9439369,chunithm;dance_evo;ddr;drs;gitadora;iidx;jubeat;maimai_dx;nostalgia;ongeki;polaris_chord;popn;project_diva;reflec;sdvx;wacca,ddr_gold;gitadora_dm_arena;gitadora_gf_arena;iidx_lm;popn_pikapika;sdvx_vm,wacca:2,allnet;eagate;ziv
ゲームサファリ大山,東京都板橋区大山東町60-10やすだ大山駅前店2F,35.7490330,139.7022392,chunithm;iidx;jubeat;maimai_dx;nostalgia;ongeki;popn;sdvx,iidx_lm;popn_pikapika;sdvx_vm,,allnet;eagate
ゲームシティ川口店,埼玉県川口市栄町1-10-5,35.8025278,139.7256101,chunithm;gitadora;iidx;maimai_dx;nostalgia;ongeki;other;polaris_chord;popn;sdvx,iidx_lm;popn_pikapika;sdvx_vm,,allnet;eagate;ziv
ゲームスタジオキューブ高円寺店,東京都杉並区高円寺南4-26-12-B1,35.7049297,139.6495132,chunithm;iidx;ongeki;popn;sdvx,iidx_lm;popn_pikapika;sdvx_vm,,allnet;eagate
ゲームスペースA-3,福島県西白河郡西郷村字豊作西15-16-17,37.1245560,140.1826120,chunithm;gitadora;iidx;jubeat;nostalgia;other;popn;project_diva,iidx_lm,,allnet;eagate;ziv
ゲームスポットアップル,富山県魚津市吉島二丁目４０７−１,36.8266707,137.4139941,chunithm;ddr;iidx;jubeat;nostalgia;ongeki;popn;sdvx,iidx_lm;popn_pikapika;sdvx_vm,,allnet;eagate
ゲームセンター　スペース1,福岡県小郡市小郡1466-3,33.3926311,130.5419638,chunithm;jubeat;other,,,allnet;eagate;ziv
ゲームセンターアルファー,千葉県柏市柏１−１−１１丸井ビルＢ１Ｆ,35.8616855,139.9711177,ongeki,,,allnet
ゲームセンターテクノポリス,新潟県長岡市要町1-8-50,37.4249811,138.8377295,chunithm;iidx;nostalgia;popn;sdvx,iidx_lm;popn_pikapika;sdvx_vm,,allnet;eagate
ゲームセンターベティ,石川県七尾市舟尾町ウ-38,37.0671949,136.9069915,chunithm;ddr;drs;gitadora;iidx;jubeat;maimai_dx;nostalgia;ongeki;other;popn;project_diva;reflec;sdvx,iidx_lm;sdvx_vm,chunithm:2;ddr:2;drs:1;gitadora:2;iidx:4;jubeat:1;maimai_dx:1;nostalgia:1;popn:2;project_diva:1;reflec:1;sdvx:1,allnet;eagate;ziv
ゲームセンター電撃ベイサイド,鹿児島県鹿児島市浜町2-2,31.6023045,130.5657537,chunithm;maimai_dx;ongeki;other,,,allnet;ziv
ゲームゾーン岡谷店,長野県岡谷市中央町２−２−１イルプラザ１Ｆ,36.0600624,138.0486341,chunithm;ddr;jubeat;maimai_dx;popn;project_diva;reflec,,,allnet;eagate
ゲームパニックつくば,茨城県土浦市中村東1-1-1サンタスワールド内,36.0463834,140.1682228,chunithm;ddr;drs;gitadora;iidx;jubeat;maimai_dx;nostalgia;ongeki;other;polaris_chord;popn;project_diva;sdvx,ddr_gold;gitadora_dm_arena;gitadora_gf_arena;iidx_lm;popn_pikapika;sdvx_vm,,allnet;eagate;ziv
ゲームパニック三郷,埼玉県三郷市ピアラシティ1-1-200,35.8421860,139.8548677,chunithm;ddr;gitadora;iidx;maimai_dx;ongeki;other;polaris_chord;popn;sdvx,ddr_gold;gitadora_dm_arena;gitadora_gf_arena;iidx_lm;popn_pikapika;sdvx_vm,,allnet;eagate;ziv
ゲームパニック大須,愛知県名古屋市中区大須3-30-93　メガタウンB1F,35.1600309,136.9053767,chunithm;ddr;gitadora;iidx;maimai_dx;nostalgia;ongeki;other;polaris_chord;popn;sdvx;taiko,ddr_gold;gitadora_dm_arena;gitadora_gf_arena;iidx_lm;popn_pikapika;sdvx_vm,chunithm:8;ddr:3;gitadora:2;iidx:7;maimai_dx:3;nostalgia:1;ongeki:4;polaris_chord:4;popn:2;sdvx:8;taiko:3,allnet;eagate;ziv
ゲームパニック大高,愛知県名古屋市緑区忠治山２０１番地,35.0485212,136.9497129,chunithm;ddr;drs;gitadora;iidx;jubeat;maimai_dx;nostalgia;ongeki;other;polaris_chord;popn;project_diva;sdvx;taiko,ddr_gold;gitadora_dm_arena;gitadora_gf_arena;iidx_lm;popn_pikapika;sdvx_vm,chunithm:6;ddr:3;drs:1;gitadora:4;iidx:6;jubeat:1;maimai_dx:2;nostalgia:1;ongeki:4;polaris_chord:2;popn:1;project_diva:1;sdvx:6;taiko:4,allnet;eagate;ziv
ゲームパニック新宿歌舞伎町,東京都新宿区歌舞伎町1-20-1　ﾋｭｰﾏｯｸｽﾊﾟﾋﾞﾘｵﾝ1階2階,35.6958088,139.7015128,chunithm;ddr;drs;gitadora;iidx;maimai_dx;nostalgia;ongeki;other;polaris_chord;popn;project_diva;sdvx;taiko,ddr_gold;gitadora_dm_arena;gitadora_gf_arena;iidx_lm;popn_pikapika;sdvx_vm,chunithm:1;ddr:3;drs:1;gitadora:2;iidx:10;maimai_dx:1;nostalgia:2;ongeki:4;polaris_chord:4;popn:2;project_diva:1;sdvx:8;taiko:4,allnet;eagate;ziv
ゲームパニック甲府,山梨県甲府市国母5-20-24,35.6420402,138.5473613,chunithm;ddr;gitadora;iidx;jubeat;maimai_dx;ongeki;other;polaris_chord;popn;sdvx,ddr_gold;gitadora_dm_arena;gitadora_gf_arena;iidx_lm;popn_pikapika;sdvx_vm,chunithm:3;ddr:2;gitadora:2;iidx:3;jubeat:1;maimai_dx:2;ongeki:3;polaris_chord:2;popn:1;sdvx:4,allnet;eagate;ziv
ゲームパニック秋葉原,東京都千代田区外神田1-13-1　Akihabara ex,35.6988516,139.7716001,chunithm;ddr;gitadora;iidx;maimai_dx;ongeki;other;polaris_chord;popn;sdvx,ddr_gold;gitadora_dm_arena;gitadora_gf_arena;iidx_lm;popn_pikapika;sdvx_vm,chunithm:1;ddr:3;gitadora:2;iidx:1;maimai_dx:1;ongeki:1;polaris_chord:4;popn:1;sdvx:1,allnet;eagate;ziv
ゲームパーク石神井公園,東京都練馬区石神井町3-17-16,35.7427831,139.6045209,chunithm;iidx;sdvx,sdvx_vm,,allnet;eagate
ゲームピコ鵜沼店,岐阜県各務原市鵜沼西町３丁目３０９　イオンタウン各務原鵜沼内,35.4016224,136.9337710,chunithm;iidx;maimai_dx;sdvx,iidx_lm;sdvx_vm,,allnet;eagate
ゲームファクトリーマグマ草加店,埼玉県草加市氷川町2125-1,35.8282375,139.8025135,chunithm;gitadora;iidx;maimai_dx;ongeki;popn;sdvx,iidx_lm;popn_pikapika;sdvx_vm,,allnet;eagate
ゲームフィールド仙台上杉店,宮城県仙台市青葉区堤通雨宮町１ー１イオンモール仙台上杉３階,38.2757060,140.8706628,chunithm;maimai_dx;ongeki,,,allnet
ゲームフィールド仙台長町店,宮城県仙台市太白区長町７丁目２０番３号ザ・モール仙台長町店３階,38.2259896,140.8767364,chunithm;maimai_dx;ongeki;other;polaris_chord,,,allnet;eagate;ziv
ゲームフィールド十文字店,秋田県横手市十文字町仁井田字東22-1スーパーモールラッキー内,39.2161139,140.5210551,chunithm;maimai_dx;ongeki;other,,,allnet;ziv
ゲームフィールド弘前樋の口店,青森県弘前市樋の口二丁目９−６イオンタウン弘前樋の口店,40.6027265,140.4441680,maimai_dx;ongeki,,,allnet
ゲームフィールド旭川春光店,北海道旭川市春光町１０番２　イオン旭川春光ＳＣ,43.7927754,142.3556500,chunithm;maimai_dx,,,allnet
ゲームフィールド鷹巣店,秋田県北秋田市栄字前綱76　いとく鷹巣SC内,40.2325980,140.3800876,chunithm;maimai_dx;other,,,allnet;ziv
ゲームフェイス八尾店,大阪府八尾市天王寺屋2-68,34.6039833,135.6123516,chunithm;maimai_dx;ongeki;polaris_chord,,,allnet;eagate
ゲームプラザセントラル八王子店,東京都八王子市東町12-15第5セントラル,35.6580006,139.3381762,chunithm;iidx;maimai_dx;popn;sdvx,iidx_lm;popn_pikapika;sdvx_vm,,allnet;eagate
ゲームプラザセントラル浦安店,千葉県浦安市北栄1-16-15,35.6651795,139.8933456,chunithm;iidx;maimai_dx;ongeki;polaris_chord;popn;sdvx,iidx_lm;popn_pikapika;sdvx_vm,,allnet;eagate
ゲームメガつくば店,茨城県つくば市小野崎１７７−２,36.0768508,140.1047378,chunithm;gitadora;iidx;jubeat;maimai_dx;ongeki;other;popn;sdvx,iidx_lm;sdvx_vm,,allnet;eagate;ziv
ゲームメガ日立店,茨城県日立市東多賀町５−１０−１０,36.5482340,140.6305081,chunithm;ddr;gitadora;iidx;jubeat;maimai_dx;ongeki;other;polaris_chord;popn;project_diva;sdvx,ddr_gold;gitadora_dm_arena;gitadora_gf_arena;iidx_lm;sdvx_vm,,allnet;eagate;ziv
ゲームメガ水戸けやき台店,茨城県水戸市酒門町３２７６−１,36.3379624,140.4832287,chunithm;gitadora;iidx;jubeat;maimai_dx;nostalgia;ongeki;popn;project_diva;sdvx,iidx_lm;sdvx_vm,,allnet;eagate
ゲームランドちはら台店,千葉県市原市ちはら台西３−４ｕｎｉｍｏちはら台２Ｆ,35.5280847,140.1717253,chunithm;maimai_dx;ongeki;taiko,,,allnet
ゲームランドつがる柏店,青森県つがる市柏稲盛幾世41イオンモールつがる柏2F,40.8026321,140.4166545,chunithm;maimai_dx;ongeki;other,,,allnet;ziv
ゲームランド佐沼店,宮城県登米市南方町新島前４６−１イオンタウン佐沼ＳＣ,38.6825915,141.1839248,chunithm;maimai_dx;ongeki;other,,,allnet;ziv
ゲームランド千葉ニュータウン店,千葉県印西市中央北３丁目２番イオンモール千葉ＮＴモール棟３階,35.8029522,140.1136873,chunithm;maimai_dx;ongeki;other;taiko,,,allnet;ziv
ゲームランド新さっぽろ,北海道札幌市厚別区厚別中央２条５丁目７サンピアザ３階,43.0374407,141.4724783,chunithm;maimai_dx;ongeki;other,,,allnet;ziv
ゲームランド盛岡店,岩手県盛岡市前潟４−７−１イオンモール盛岡２Ｆ,39.7116064,141.0999321,chunithm;maimai_dx;other,,,allnet;ziv
ゲームランド草津店,滋賀県草津市新浜町３００番地イオンモール草津３階,34.9978414,135.9175984,chunithm;maimai_dx;other,,,allnet;ziv
ゲームＷ,東京都豊島区南長崎5-27-6,35.7292370,139.6828715,chunithm;iidx;jubeat;maimai_dx;nostalgia;polaris_chord;sdvx,sdvx_vm,,allnet;eagate
コミ丸アリババ大垣店,岐阜県大垣市池尻町９４０−１,35.3840722,136.5956108,chunithm;ddr;gitadora;iidx;jubeat;maimai_dx;ongeki;other;polaris_chord;popn;stepmaniax,ddr_gold;gitadora_dm_arena;gitadora_gf_arena;iidx_lm;popn_pikapika,,allnet;eagate;ziv
コムテックスクウェア,愛知県名古屋市中区金山1-16-8,35.1439706,136.8999023,chunithm;ddr;gitadora;iidx;jubeat;maimai_dx;nostalgia;ongeki;polaris_chord;popn;project_diva;reflec;sdvx,ddr_gold;gitadora_dm_arena;gitadora_gf_arena;iidx_lm;popn_pikapika;sdvx_vm,,allnet;eagate
コムテックタワー,愛知県名古屋市中村区名駅４−１０−２０,35.1694446,136.8859667,chunithm;ddr;gitadora;iidx;maimai_dx;ongeki;other;polaris_chord;popn;sdvx;taiko,ddr_gold;gitadora_dm_arena;gitadora_gf_arena;iidx_lm;sdvx_vm,chunithm:5;ddr:1;gitadora:2;iidx:3;maimai_dx:2;ongeki:3;polaris_chord:4;popn:2;sdvx:5;taiko:3,allnet;eagate;ziv
サンシャイン,岩手県盛岡市大通２ー７ー２１ジュリアンビル１階,39.7031919,141.1454343,chunithm;iidx;maimai_dx;ongeki;other;popn,,,allnet;eagate;ziv
サービスエリアイン高岡,富山県高岡市石瀬８５７−１,36.7607712,137.0465972,chunithm;ddr;iidx;polaris_chord;sdvx,iidx_lm;sdvx_vm,,allnet;eagate
サープラ下通りあそびタウン,熊本県熊本市中央区手取本町４番１２号,32.8026613,130.7093307,chunithm;iidx;maimai_dx;ongeki;sdvx;taiko,iidx_lm;sdvx_vm,,allnet;eagate;ziv
サープラ下関長府あそびタウン,山口県下関市ゆめタウン１ー１,34.0302255,131.0129312,chunithm;ddr;sdvx,ddr_gold;sdvx_vm,,allnet;eagate
サープラ京都あそびタウン,京都府京都市中京区西ノ京栂尾町１０７,35.0104305,135.7412456,chunithm;maimai_dx;other;taiko,,,allnet;ziv
サープラ八潮あそびタウン,埼玉県八潮市大瀬１−１−３フレスポ八潮３Ｆ,35.8085456,139.8438792,chunithm;maimai_dx;other,,,allnet;ziv
サープラ天文館あそびタウン,鹿児島県鹿児島市千日町５ー６,31.5892294,130.5557189,chunithm;iidx;maimai_dx;ongeki;other,iidx_lm,,allnet;eagate;ziv
サープラ山口あそびタウン,山口県山口市湯田温泉６ー８ー３,34.1646973,131.4517994,chunithm;drs;gitadora;iidx;maimai_dx;ongeki;other;sdvx,iidx_lm;sdvx_vm,,allnet;eagate;ziv
サープラ島田あそびタウン,静岡県島田市中溝町２５３１,34.8381530,138.1660051,chunithm,,,allnet
サープラ横浜あそびタウン,神奈川県横浜市都筑区中川中央１−２５−１ＮＰモール６Ｆ,35.5516442,139.5794570,chunithm;maimai_dx,,,allnet;ziv
サープラ沼津あそびタウン,静岡県沼津市大手町１ー１ー５,35.1040524,138.8611071,chunithm;ddr;drs;gitadora;iidx;maimai_dx;ongeki;popn;sdvx,ddr_gold;iidx_lm;sdvx_vm,,allnet;eagate
サープラ焼津あそびタウン,静岡県焼津市八楠３-１８-５,34.8785023,138.3077720,iidx;maimai_dx;ongeki;sdvx,iidx_lm;sdvx_vm,,allnet;eagate
サープラ福島あそびタウン,福島県福島市栄町１−１　パワーシティーピボット内,37.7542734,140.4601863,chunithm;maimai_dx,,,allnet
サープラ都城あそびタウン,宮崎県都城市上川東４−５９９７ー４,31.7489243,131.0789474,chunithm;iidx;other,,,allnet;eagate;ziv
サープラ長野あそびタウン,長野県長野市大字鶴賀権堂町１５０６−３長電権堂第２ビル１Ｆ,36.6541100,138.1927740,chunithm;ongeki,,,allnet
サープラ隼人あそびタウン,鹿児島県霧島市隼人町見次４２７−１,31.7411825,130.7376746,chunithm;iidx;other,iidx_lm,,allnet;eagate;ziv
サープラ静岡あそびタウン,静岡県静岡市葵区伝馬町６番地の１,34.9743537,138.3875130,chunithm,,,allnet
サープラＯＺ浜松あそびタウン,静岡県浜松市中央区宮竹町３２２−１,34.7222912,137.7654904,ddr;gitadora;iidx;maimai_dx;ongeki;sdvx,ddr_gold;iidx_lm;sdvx_vm,,allnet;eagate
ザ・インドアゲーム,大阪府大阪市旭区中宮5-6-19大阪工大正門前,34.7295402,135.5440250,chunithm;ddr;iidx;jubeat;maimai_dx;nostalgia;ongeki;polaris_chord;popn;project_diva;sdvx,ddr_gold;iidx_lm;sdvx_vm,,allnet;eagate
シルクハット伊勢佐木町,神奈川県横浜市中区伊勢佐木町３-９６日活会館３階,35.4426850,139.6300831,chunithm;iidx;maimai_dx;ongeki;other;popn;sdvx,iidx_lm;popn_pikapika;sdvx_vm,,allnet;eagate;ziv
シルクハット八王子,東京都八王子市旭町２−５　八王子ツインタワービル３階,35.6564021,139.3384065,chunithm;ddr;gitadora;iidx;jubeat;maimai_dx;nostalgia;ongeki;other;polaris_chord;popn;sdvx,ddr_gold;gitadora_dm_arena;gitadora_gf_arena;iidx_lm;popn_pikapika;sdvx_vm,,allnet;eagate;ziv
シルクハット大船,神奈川県鎌倉市大船１−２４　大船駅前ビル１〜３Ｆ,35.3532239,139.5325263,chunithm;iidx;maimai_dx;ongeki;other;polaris_chord;popn;sdvx,iidx_lm;popn_pikapika;sdvx_vm,,allnet;eagate;ziv
シルクハット川口,埼玉県川口市栄町３−１−１６イート川口ビル４Ｆ,35.8030675,139.7174452,chunithm;iidx;maimai_dx;ongeki;other;popn;sdvx,iidx_lm;popn_pikapika;sdvx_vm,,allnet;eagate;ziv
シルクハット川崎ダイス,神奈川県川崎市川崎区駅前本町８番地ダイスビル地下２階,35.5314724,139.7003541,chunithm;ddr;gitadora;iidx;jubeat;maimai_dx;nostalgia;ongeki;polaris_chord;popn;sdvx;taiko,ddr_gold;gitadora_dm_arena;gitadora_gf_arena;iidx_lm;popn_pikapika;sdvx_vm,,allnet;eagate;ziv
シルクハット本厚木,神奈川県厚木市中町３−４−２２第二会田ビル２階,35.4400309,139.3630066,chunithm;gitadora;iidx;maimai_dx;ongeki;other;polaris_chord;popn;sdvx,iidx_lm;popn_pikapika;sdvx_vm,,allnet;eagate;ziv
シルクハット津田沼,千葉県習志野市津田沼１−２−１十三ビル地下１階,35.6903923,140.0222009,chunithm;iidx;maimai_dx;ongeki;other;polaris_chord;popn;sdvx;taiko,iidx_lm;popn_pikapika;sdvx_vm,,allnet;eagate;ziv
シルクハット海老名マルイ,神奈川県海老名市中央１ー６ー１海老名マルイ３階,35.4527279,139.3934008,chunithm;iidx;maimai_dx;sdvx,iidx_lm;sdvx_vm,,allnet;eagate
シルクハット秋葉原,東京都千代田区外神田１丁目１０番地９号,35.6987160,139.7710022,chunithm;ddr;gitadora;iidx;maimai_dx;ongeki;other;popn;sdvx;taiko,ddr_gold;gitadora_dm_arena;gitadora_gf_arena;iidx_lm;popn_pikapika;sdvx_vm,chunithm:10;ddr:2;gitadora:2;iidx:1;maimai_dx:5;ongeki:4;popn:2;sdvx:1;taiko:5,allnet;eagate;ziv
シルクハット蒲田西口,東京都大田区西蒲田７−２−３第二醍醐ビル地下１階〜２階,35.5630730,139.7159650,chunithm;ddr;gitadora;iidx;maimai_dx;ongeki;other;popn;sdvx,ddr_gold;gitadora_dm_arena;gitadora_gf_arena;iidx_lm;popn_pikapika;sdvx_vm,,allnet;eagate;ziv
シーサイドリゾートアミューズメントパーク,栃木県宇都宮市睦町７−３,36.5632663,139.8603778,chunithm;gitadora;iidx;jubeat;maimai_dx;ongeki;other;polaris_chord;popn;project_diva;sdvx;taiko,iidx_lm;popn_pikapika;sdvx_vm,chunithm:2;gitadora:2;iidx:2;jubeat:1;maimai_dx:1;ongeki:1;polaris_chord:2;popn:1;project_diva:1;sdvx:1,allnet;eagate;ziv
シーナシーナ屯田　グルグル,北海道札幌市北区屯田８−３−５−１,43.1402268,141.3409224,chunithm,,,allnet
ジョイジャングル石垣,沖縄県石垣市真栄里２３９−１８,24.3351754,124.1796341,chunithm;iidx;jubeat,,,allnet;eagate
ジョイジャングル美浜,沖縄県中頭郡北谷町美浜１５−６８,26.3172082,127.7571399,chunithm;ddr;gitadora;iidx;jubeat;nostalgia;pump_it_up;taiko,,,allnet;eagate;ziv
ジョイプラザ豊岡店,兵庫県豊岡市加広町７−３２コープデイズ豊岡内,35.5508414,134.8163318,chunithm;iidx;maimai_dx,iidx_lm,,allnet;eagate
ジーパラ博多,福岡県福岡市博多区東光寺町２丁目６番４０号ｺﾏｰｼｬﾙﾓｰﾙ博多２階,33.5769982,130.4359579,chunithm;maimai_dx,,,allnet
スイーツファンタジーパックン東松山店,埼玉県東松山市あずま町４丁目３番地ピオニウォーク東松山店2F,36.0053434,139.4107437,chunithm;maimai_dx,,,allnet
スイーツ・ハート仙台泉大沢店,宮城県仙台市泉区大沢1-5-1イオンタウン泉大沢2F,38.3501179,140.8809808,maimai_dx,,,allnet
スウィーツファクトリーパックン会津若松,福島県会津若松市幕内南町９−１０　ＭＥＧＡドンキ２階,37.4834839,139.9043328,chunithm;maimai_dx,,,allnet
スウィーツファンタジーパックン桶川,埼玉県桶川市下日出谷東２−１５−１ベニバナウォーク２Ｆ,35.9970200,139.5506408,chunithm;maimai_dx,,,allnet
スクウェアワンサイスポ店,埼玉県所沢市南永井1116,35.8236537,139.5314124,chunithm;ddr;gitadora;iidx;jubeat;nostalgia;other;taiko,,chunithm:1;ddr:1;gitadora:2;iidx:1;jubeat:4;nostalgia:1;taiko:1,allnet;eagate;ziv
スタジオプリモ山形店,山形県山形市城南町１−１−１　霞城セントラル２Ｆ,38.2501614,140.3267779,chunithm;maimai_dx;ongeki;other,,,allnet;ziv
スタジオプリモ本八幡店,千葉県市川市八幡２−１５−１０パティオ５階,35.7213241,139.9275016,chunithm;iidx;jubeat;maimai_dx;nostalgia;ongeki;project_diva;sdvx;taiko,iidx_lm;sdvx_vm,,allnet;eagate
スタジオプリモ水戸店,茨城県水戸市宮町１−２−４マイム１F,36.3714779,140.4774261,chunithm;maimai_dx;ongeki,,,allnet
ストライクス,大阪府泉南市馬場778,34.3621332,135.2737869,ongeki,,,allnet
スプロール稙田店,大分県大分市玉沢小柳６８８−１,33.1870391,131.5778310,project_diva,,,allnet
スポラ九品寺,熊本県熊本市中央区九品寺5丁目10-15,32.7904656,130.7148881,chunithm;drs;gitadora;iidx;jubeat;ongeki;other;popn,iidx_lm,,allnet;eagate;ziv
スポラ菊陽,熊本県菊池郡菊陽町津久礼駄飼代２６１７−２,32.8644516,130.8090616,chunithm;drs;gitadora;iidx;jubeat;maimai_dx;ongeki;other,,,allnet;eagate;ziv
スポーツウェーブ鉄腕24,千葉県千葉市中央区浜野町1025-59,35.5541062,140.1260538,chunithm;ddr;gitadora;iidx;maimai_dx;ongeki;other;popn;sdvx;taiko,ddr_gold;gitadora_dm_arena;gitadora_gf_arena;iidx_lm;popn_pikapika;sdvx_vm,,allnet;eagate;ziv
スポーツウェーブ鉄腕24稲毛長沼店,千葉県千葉市稲毛区長沼原町697番地,35.6620233,140.1265534,chunithm;ddr;iidx;jubeat;maimai_dx;nostalgia;other;popn;sdvx;taiko,ddr_gold;iidx_lm;popn_pikapika;sdvx_vm,,allnet;eagate;ziv
スーパーウェーブ柏,千葉県柏市十余二２４９−５,35.8820708,139.9593512,chunithm;iidx;maimai_dx;ongeki;polaris_chord;sdvx;taiko,iidx_lm;sdvx_vm,,allnet;eagate
スーパーウェーブ静岡,静岡県静岡市清水区鳥坂８６０,35.0132017,138.4341497,chunithm;iidx;maimai_dx;ongeki;sdvx,iidx_lm;sdvx_vm,,allnet;eagate
ソニックワールド伊万里店,佐賀県伊万里市二里町八谷搦１８９−３,33.2785889,129.8722284,chunithm;iidx;other;sdvx,iidx_lm;sdvx_vm,,allnet;eagate;ziv
ソニックワールド大村店,長崎県大村市古賀島町３８３−１,32.9273122,129.9395836,chunithm;iidx;maimai_dx;ongeki;other;sdvx,iidx_lm;sdvx_vm,,allnet;eagate;ziv
ソユーゲームフィールドシーナシーナ青森店,青森県青森市浜田一丁目１４番地１シーナシーナ青森２Ｆ,40.8008129,140.7490542,chunithm;maimai_dx;other,,,allnet;ziv
ソユーゲームフィールド三川店,山形県東田川郡三川町大字猪子字和田庫１２８−１イオン三川１Ｆ,38.8159569,139.8354580,chunithm;maimai_dx;ongeki;other,,,allnet;ziv
ソユーゲームフィールド上大岡店,神奈川県横浜市港南区上大岡西１−１８−３　ミオカリスト館６階,35.4077804,139.5952989,chunithm;maimai_dx;ongeki;polaris_chord,,,allnet;eagate
ソユーゲームフィールド八戸店,青森県八戸市沼館4-7-112八戸ピアドゥＢ棟2F,40.5277672,141.4971338,chunithm;maimai_dx;ongeki;other,,,allnet;ziv
ソユーゲームフィールド南大沢店,東京都八王子市南大沢２−２８−１イトーヨーカドー南大沢店２Ｆ,35.6132282,139.3794797,maimai_dx;ongeki,,,allnet
ソユーゲームフィールド天童店,山形県天童市芳賀タウン北４−１−１ イオンモール天童２Ｆ,38.3449089,140.3640391,chunithm;maimai_dx,,,allnet
ソユーゲームフィールド小名浜店,福島県いわき市小名浜字辰巳町７９イオンモールいわき小名浜３Ｆ,36.9468192,140.9037941,chunithm;maimai_dx;ongeki;other;polaris_chord,,,allnet
ソユーゲームフィールド川口店,埼玉県川口市並木元町１−７９　アリオ川口３Ｆ,35.8071181,139.7141349,chunithm;maimai_dx;ongeki,,,allnet
ソユーゲームフィールド幕張店,千葉県千葉市花見川区幕張町４−４１７−２５　ＩＹ幕張店２Ｆ,35.6563445,140.0512381,chunithm;maimai_dx;ongeki,,,allnet
ソユーゲームフィールド旭川駅前店,北海道旭川市宮下通７−２−５ｲｵﾝﾓｰﾙ旭川駅前４F,43.7640056,142.3571151,chunithm;drs;groove_coaster;maimai_dx;ongeki;other;polaris_chord;taiko;wacca,,,allnet;eagate;ziv
ソユーゲームフィールド木更津店,千葉県木更津市築地１−４イオンモール木更津２F,35.3660728,139.9083423,chunithm;maimai_dx;ongeki;taiko,,,allnet
ソユーゲームフィールド橋本店,神奈川県相模原市緑区西橋本５丁目４番３号　コトエ橋本２Ｆ,,,chunithm;maimai_dx;ongeki,,,allnet
ソユーゲームフィールド江釣子店,岩手県北上市北鬼柳１９地割７４番地３江釣子ＳＣパルシネマ館,,,chunithm;maimai_dx;ongeki,,,allnet
ソユーゲームフィールド発寒,北海道札幌市西区発寒8条12丁目1　イオン札幌発寒SC3F,43.0964222,141.2764949,chunithm;drs;maimai_dx;ongeki;polaris_chord,,,allnet;eagate
ソユーゲームフィールド盛岡南,岩手県盛岡市本宮７−１−１イオンモール盛岡南２Ｆ,39.6835670,141.1286694,chunithm;maimai_dx;ongeki;polaris_chord;wacca,,,allnet;eagate;ziv
ソユーゲームフィールド苗穂店,北海道札幌市東区東苗穂2条3-1-1　イオンモール札幌苗穂２Ｆ,43.0798364,141.4038123,chunithm;maimai_dx;ongeki;other,,,allnet;ziv
ソユーゲームフィールド菖蒲店,埼玉県久喜市菖蒲町菖蒲６００５番地１　モラージュ菖蒲３Ｆ,36.0756627,139.6098695,chunithm;maimai_dx;ongeki;polaris_chord;popn,popn_pikapika,,allnet;eagate
ソユーゲームフィールド赤池店,愛知県日進市赤池町箕ノ手１番プライムツリー赤池３階,35.1086210,137.0243969,chunithm;maimai_dx;ongeki;other;taiko,,chunithm:2;maimai_dx:1;ongeki:1;taiko:5,allnet;ziv
ソユーゲームフィールド釜石店,岩手県釜石市港町２−１−１イオンタウン釜石店３F,39.2711988,141.8818052,chunithm;maimai_dx;ongeki;other,,,allnet;ziv
ソユーゲームフィールド長野店,長野県長野市三輪９−４３−２４イオンタウン長野三輪店,36.6695676,138.2072749,chunithm;jubeat;maimai_dx;ongeki,,,allnet;eagate
ソユーゲームフィールド鳴海店,名古屋市緑区鳴海町字伝治山３番地９　アピタ鳴海店２Ｆ,35.0941213,136.9593450,chunithm;maimai_dx;ongeki,,,allnet
ソユースペースファンタジーインフィニ,青森県弘前市城東北３−１０−１さくら野百貨店弘前店４Ｆ,40.6066860,140.4958836,chunithm;iidx;jubeat;maimai_dx;ongeki;other;polaris_chord;popn;reflec,iidx_lm,,allnet;eagate;ziv
ソユーファミリーゲームフィールド花巻店,岩手県花巻市高木第１６地割６８−６　銀河モール１Ｆ,39.3864097,141.1359548,chunithm;gitadora;iidx;jubeat;maimai_dx;ongeki;other;popn;reflec,iidx_lm,,allnet;eagate;ziv
ソユーファミリーゲームフィールド防府店,山口県防府市鐘紡町７−１イオンタウン防府1F,34.0483850,131.5902076,chunithm;maimai_dx;ongeki;other;polaris_chord,,,allnet;eagate;ziv
ソユーフォレストハンター松前店,愛媛県伊予郡松前町筒井８５０ＡＭ棟１階,33.7878677,132.7148652,chunithm;maimai_dx;ongeki;other;polaris_chord,,,allnet;eagate;ziv
タイト-Ｆステーション高崎オ-パ店,群馬県高崎市八島町４６−１　高崎オ-パ７階,36.3230805,139.0110729,chunithm;maimai_dx;ongeki,,,allnet
タイトー アミュプラザおおいた店,大分県大分市要町１−１４アミュプラザおおいた４Ｆ,33.2330806,131.6063303,maimai_dx,,,allnet
タイトーFSイオンモール浜松市野店,静岡県浜松市中央区天王町字諏訪１９８１−３,34.7398609,137.7631094,chunithm;maimai_dx,,,allnet
タイトーFステーションりんくうシークル店,大阪府泉佐野市りんくう往来南３,34.4100218,135.2986529,maimai_dx;ongeki;other,,,allnet;ziv
タイトーFステーションエルミこうのす店,埼玉県鴻巣市本町１丁目１番地２号,36.0605289,139.5094187,chunithm,,,allnet
タイトーFステーション向ヶ丘遊園店,神奈川県川崎市多摩区登戸2718-1,35.6164678,139.5650747,chunithm;gitadora;iidx;maimai_dx;ongeki;polaris_chord;popn;sdvx,gitadora_dm_arena;gitadora_gf_arena;iidx_lm;popn_pikapika;sdvx_vm,,allnet;eagate;ziv
タイトーアミュプラザ鹿児島店,鹿児島県鹿児島市中央町１−１アミュプラザ鹿児島５Ｆ,31.5846430,130.5427316,chunithm;maimai_dx;other;taiko,,,allnet;ziv
タイトーステーション アリオ八尾店,大阪府八尾市光町２−３　イトーヨーカドーアリオ八尾３Ｆ,34.6325080,135.6057598,chunithm;maimai_dx;taiko,,,allnet;ziv
タイトーステーション 上野アメ横店,東京都台東区上野４−１０−１７,35.7105338,139.7744242,chunithm;ddr;gitadora;iidx;jubeat;maimai_dx;other;popn;taiko,gitadora_dm_arena;gitadora_gf_arena;iidx_lm,,allnet;eagate;ziv
タイトーステーション 仙台クリスロード店,宮城県仙台市青葉区中央２−３−２５,38.2610006,140.8756067,chunithm;ddr;drs;gitadora;iidx;jubeat;maimai_dx;nostalgia;ongeki;other;polaris_chord;popn;project_diva;sdvx;taiko,ddr_gold;gitadora_dm_arena;gitadora_gf_arena;iidx_lm;popn_pikapika;sdvx_vm,chunithm:2;ddr:2;drs:1;gitadora:2;iidx:3;jubeat:2;maimai_dx:2;nostalgia:2;ongeki:2;polaris_chord:4;popn:2;sdvx:3;taiko:1,allnet;eagate;ziv
タイトーステーション 仙台ベガロポリス店,宮城県仙台市太白区西多賀５−２４−１ベガロポリス内,38.2198309,140.8483092,chunithm;groove_coaster;maimai_dx;taiko,,,allnet;ziv
タイトーステーション 千歳店,北海道千歳市北栄２−１２−５,42.8333942,141.6450539,chunithm;groove_coaster;iidx;maimai_dx;ongeki;other;polaris_chord;popn;project_diva;sdvx;taiko,sdvx_vm,,allnet;eagate;ziv
タイトーステーション 和光店,埼玉県和光市丸山台１−４−５,35.7866435,139.6138036,chunithm;ddr;gitadora;iidx;jubeat;maimai_dx;nostalgia;other;popn;project_diva,,,allnet;eagate;ziv
タイトーステーション 大宮店,埼玉県さいたま市大宮区大門町１−１,35.9074467,139.6255974,chunithm;ddr;gitadora;iidx;jubeat;maimai_dx;nostalgia;ongeki;other;polaris_chord;popn;project_diva;reflec;sdvx;taiko,ddr_gold;gitadora_dm_arena;gitadora_gf_arena;iidx_lm;popn_pikapika;sdvx_vm,,allnet;eagate;ziv
タイトーステーション 宇都宮ベルモール店,栃木県宇都宮市陽東６−２−１ベルモール内２Ｆ,36.5560282,139.9281451,chunithm;groove_coaster;maimai_dx;nostalgia;other;taiko,,,allnet;ziv
タイトーステーション 小田原店,神奈川県小田原市栄町１−３−１２,35.2549374,139.1561373,chunithm;gitadora;groove_coaster;iidx;maimai_dx;nostalgia;ongeki;other;polaris_chord;popn;project_diva;taiko,popn_pikapika,,allnet;eagate;ziv
タイトーステーション 所沢店,埼玉県所沢市日吉町３−７,35.7880928,139.4723684,chunithm;ddr;gitadora;groove_coaster;iidx;jubeat;maimai_dx;ongeki;other;popn;sdvx,iidx_lm;popn_pikapika;sdvx_vm,,allnet;eagate;ziv
タイトーステーション 旭サンモール店,千葉県旭市イ−２６７６−１　サンモール３Ｆ,35.7248226,140.6593019,gitadora;groove_coaster;iidx;jubeat;maimai_dx;nostalgia;other;popn;reflec;sdvx;taiko,,,allnet;ziv
タイトーステーション 柏店,千葉県柏市柏２−３−１フーサワビル,35.8613823,139.9727044,chunithm;ddr;gitadora;groove_coaster;iidx;maimai_dx;ongeki;other;popn;project_diva;sdvx;taiko,gitadora_dm_arena;gitadora_gf_arena;iidx_lm;popn_pikapika;sdvx_vm,,allnet;eagate;ziv
タイトーステーション 池袋西口店,東京都豊島区西池袋１−１５−９第一西池ビル,35.7305503,139.7097415,chunithm;ddr;drs;gitadora;iidx;jubeat;maimai_dx;nostalgia;ongeki;other;polaris_chord;popn;reflec;sdvx,gitadora_dm_arena;gitadora_gf_arena;iidx_lm;popn_pikapika;sdvx_vm,,allnet;eagate;ziv
タイトーステーション 渋谷店,東京都渋谷区渋谷１−２４−１２渋谷東映プラザ,35.6598520,139.7019928,chunithm;ddr;gitadora;iidx;maimai_dx;other;popn;sdvx;taiko,ddr_gold;gitadora_dm_arena;gitadora_gf_arena;iidx_lm;popn_pikapika;sdvx_vm,chunithm:3;ddr:1;gitadora:2;iidx:2;maimai_dx:1;sdvx:4;taiko:4,allnet;eagate;ziv
タイトーステーション 町田店,東京都町田市原町田６−２１−２３　松山ビル１階,35.5427132,139.4484861,chunithm;ddr;drs;gitadora;iidx;jubeat;maimai_dx;ongeki;polaris_chord;popn;sdvx;taiko,ddr_gold;gitadora_dm_arena;gitadora_gf_arena;iidx_lm;popn_pikapika;sdvx_vm,,allnet;eagate;ziv
タイトーステーション 盛岡マッハランド店,岩手県盛岡市上堂１−２−３８マッハランド内,39.7231654,141.1264518,chunithm;gitadora;groove_coaster;iidx;maimai_dx;nostalgia;other;popn;sdvx;taiko,iidx_lm;sdvx_vm,,allnet;eagate;ziv
タイトーステーション 秋葉原店,東京都千代田区外神田４−２−２貴三ビル,35.7002219,139.7717179,chunithm;ddr;drs;gitadora;iidx;jubeat;maimai_dx;nostalgia;ongeki;other;polaris_chord;popn;sdvx;taiko,ddr_gold;gitadora_dm_arena;gitadora_gf_arena;iidx_lm;popn_pikapika;sdvx_vm,chunithm:3;ddr:1;drs:1;gitadora:6;iidx:2;jubeat:1;maimai_dx:1;nostalgia:1;ongeki:2;polaris_chord:2;popn:2;sdvx:2;taiko:4,allnet;eagate;ziv
タイトーステーション 船橋店,千葉県船橋市本町１−６−１,35.6998912,139.9859705,chunithm;gitadora;iidx;maimai_dx;nostalgia;ongeki;other;popn;taiko,iidx_lm;popn_pikapika,,allnet;eagate;ziv
タイトーステーション 藤沢店,神奈川県藤沢市南藤沢２１−１,35.3372817,139.4873362,chunithm;ddr;iidx;maimai_dx;ongeki;popn;taiko,iidx_lm;popn_pikapika,,allnet;eagate;ziv
タイトーステーション 金沢店,石川県金沢市片町２−１−７宇都宮片町ビル,36.5613365,136.6529997,chunithm;ddr;gitadora;groove_coaster;iidx;jubeat;maimai_dx;nostalgia;other;popn;taiko,,,allnet;eagate;ziv
タイトーステーション 難波店,大阪府大阪市中央区難波千日前１５−１２,34.6633633,135.5031909,chunithm;iidx;maimai_dx;popn;sdvx;taiko,iidx_lm;sdvx_vm,,allnet;eagate;ziv
タイトーステーションフェドラ大須店,愛知県名古屋市中区大須３−３０−３１,35.1594771,136.9054347,chunithm;crossbeats;dance_evo;ddr;drs;gitadora;groove_coaster;iidx;jubeat;maimai_dx;museca;nostalgia;ongeki;other;polaris_chord;popn;project_diva;reflec;sdvx;taiko,ddr_gold;gitadora_dm_arena;gitadora_gf_arena;iidx_lm;popn_pikapika;sdvx_vm,chunithm:5;crossbeats:1;ddr:1;drs:2;gitadora:2;groove_coaster:1;iidx:5;jubeat:2;maimai_dx:3;museca:1;nostalgia:1;ongeki:4;polaris_chord:2;popn:2;project_diva:1;reflec:1;sdvx:6;taiko:3,allnet;eagate;ziv
タイトーステーションフジグラン北島店,徳島県板野郡北島町鯛浜字西ノ須１７４,34.1130355,134.5460958,maimai_dx;taiko,,,allnet;ziv
タイトーステーション丸亀,香川県丸亀市川西町南1280-1フジブラン丸亀内,34.2416508,133.8351727,chunithm;taiko,,,allnet;ziv
タイトーステーション仙台名掛丁店,宮城県仙台市青葉区中央１−７−１３,38.2619434,140.8792076,chunithm;gitadora;iidx;jubeat;maimai_dx;ongeki;other;polaris_chord;popn;taiko,gitadora_dm_arena;gitadora_gf_arena;popn_pikapika,chunithm:4;gitadora:2;iidx:2;jubeat:1;maimai_dx:1;taiko:1,allnet;eagate;ziv
タイトーステーション国分寺店,東京都国分寺市本町３−５−１１,35.7018475,139.4798890,chunithm;ddr;drs;gitadora;groove_coaster;iidx;jubeat;maimai_dx;nostalgia;ongeki;other;popn;sdvx,iidx_lm;popn_pikapika;sdvx_vm,,allnet;eagate;ziv
タイトーステーション大阪日本橋店,大阪府大阪市浪速区日本橋４−９−１４,34.6603931,135.5061456,chunithm;ddr;drs;gitadora;groove_coaster;iidx;jubeat;maimai_dx;nostalgia;ongeki;other;polaris_chord;popn;sdvx;taiko,gitadora_dm_arena;gitadora_gf_arena;iidx_lm;popn_pikapika;sdvx_vm,,allnet;eagate;ziv
タイトーステーション広島本通店,広島県広島市中区本通３−５せらかぐ本通ビル,34.3927984,132.4603900,chunithm;ddr;gitadora;groove_coaster;iidx;jubeat;maimai_dx;nostalgia;other;popn;taiko,gitadora_dm_arena;gitadora_gf_arena,chunithm:1;ddr:1;gitadora:4;groove_coaster:1;iidx:2;jubeat:3;maimai_dx:1;nostalgia:1;popn:2;taiko:2,allnet;eagate;ziv
タイトーステーション広島紙屋町店,広島県広島市中区紙屋町２−２−２１,34.3940539,132.4560508,chunithm;gitadora;groove_coaster;iidx;jubeat;maimai_dx;nostalgia;ongeki;other;polaris_chord;popn;reflec;taiko,gitadora_dm_arena;gitadora_gf_arena;iidx_lm;popn_pikapika,chunithm:1;gitadora:2;groove_coaster:1;iidx:1;jubeat:3;maimai_dx:2;nostalgia:1;ongeki:1;polaris_chord:1;popn:2;reflec:2;taiko:1,allnet;eagate;ziv
タイトーステーション戸塚西口店,神奈川県横浜市戸塚区戸塚町４０２３,35.3995319,139.5318297,chunithm;gitadora;iidx;maimai_dx;ongeki;other;popn;taiko,gitadora_dm_arena;gitadora_gf_arena;iidx_lm;popn_pikapika,,allnet;eagate;ziv
タイトーステーション新宿東口店,東京都新宿区新宿３−２２−７　指田ビル,35.6932802,139.7015308,chunithm;ddr;groove_coaster;iidx;jubeat;maimai_dx;ongeki;other;popn;reflec;sdvx,iidx_lm;sdvx_vm,chunithm:4;ddr:1;groove_coaster:1;iidx:3;jubeat:2;maimai_dx:1;ongeki:1;popn:3;reflec:4;sdvx:4,allnet;eagate;ziv
タイトーステーション新宿歌舞伎町店,東京都新宿区歌舞伎町１の２３の１,35.6940294,139.7008896,chunithm;maimai_dx;nostalgia;ongeki;polaris_chord;popn;sdvx,popn_pikapika;sdvx_vm,,allnet;eagate
タイトーステーション新浜松ザザシティ店,静岡県浜松市中央区鍛冶町１５サザンシティ西館２Ｆ,34.7049378,137.7293310,chunithm;groove_coaster;iidx;jubeat;maimai_dx;nostalgia;ongeki;other;popn;taiko,,,allnet;eagate;ziv
タイトーステーション札幌狸小路２丁目店,北海道札幌市中央区南３条西２丁目−１４,43.0573356,141.3554530,chunithm;groove_coaster;iidx;maimai_dx;ongeki;other;polaris_chord;popn;sdvx;taiko,iidx_lm;popn_pikapika;sdvx_vm,,allnet;eagate;ziv
タイトーステーション横浜西口五番街店,神奈川県横浜市西区南幸１−１２ー９,35.4646858,139.6195818,chunithm;gitadora;groove_coaster;iidx;maimai_dx;nostalgia;ongeki;other;polaris_chord;popn;sdvx,gitadora_dm_arena;gitadora_gf_arena;iidx_lm;popn_pikapika;sdvx_vm,chunithm:6;gitadora:2;groove_coaster:2;iidx:7;maimai_dx:1;nostalgia:1;ongeki:3;polaris_chord:4;popn:3;sdvx:6,allnet;eagate;ziv
タイトーステーション海老名ビナウォーク店,神奈川県海老名市中央１−１８−１　ビナウォーク６番館２Ｆ,35.4527589,139.3956832,chunithm;ddr;gitadora;iidx;jubeat;maimai_dx;nostalgia;ongeki;polaris_chord;popn;sdvx;taiko,ddr_gold;gitadora_dm_arena;gitadora_gf_arena;iidx_lm;popn_pikapika;sdvx_vm,,allnet;eagate;ziv
タイトーステーション溝の口,神奈川県川崎市高津区溝口１−１１−８ＯＫＫＡ６３４ビル３階,35.6002204,139.6124232,chunithm;ddr;gitadora;groove_coaster;iidx;jubeat;maimai_dx;nostalgia;ongeki;other;polaris_chord;popn;project_diva;sdvx;taiko,ddr_gold;gitadora_dm_arena;gitadora_gf_arena;iidx_lm;popn_pikapika;sdvx_vm,,allnet;eagate;ziv
タイトーステーション福岡天神店,福岡県福岡市中央区天神２−６−３５サザンクロスビル,33.5896519,130.3973464,chunithm;groove_coaster;iidx;maimai_dx;ongeki;other;polaris_chord;popn;sdvx;taiko,iidx_lm;popn_pikapika;sdvx_vm,,allnet;eagate;ziv
タイトーステーション立川北口店,東京都立川市曙町２−４−５クリサス立川２・３Ｆ,35.6991102,139.4120958,chunithm;ddr;drs;gitadora;groove_coaster;iidx;jubeat;maimai_dx;nostalgia;ongeki;other;polaris_chord;popn;project_diva;sdvx,ddr_gold;gitadora_dm_arena;gitadora_gf_arena;iidx_lm;popn_pikapika;sdvx_vm,,allnet;eagate;ziv
タイトーステーション豊田ＧＡＺＡ,愛知県豊田市喜多町１−１４０ＧＡＺＡ３階,35.0880302,137.1572653,chunithm;ddr;groove_coaster;iidx;maimai_dx;nostalgia;ongeki;other;popn;sdvx;taiko,iidx_lm,,allnet;eagate;ziv
タイトーステーション錦糸町楽天地店,東京都墨田区江東橋４−２７−１４楽天地ビルＢ１Ｆ,35.6964979,139.8158070,chunithm;ddr;gitadora;iidx;jubeat;maimai_dx;nostalgia;ongeki;polaris_chord;popn;sdvx,ddr_gold;iidx_lm;sdvx_vm,chunithm:2;ddr:1;gitadora:2;iidx:2;jubeat:1;maimai_dx:1;nostalgia:1;ongeki:2;popn:1;sdvx:2,allnet;eagate;ziv
タイトーステーションＢＩＧＦＵＮ平和島店,東京都大田区平和島１丁目１−１ＢＩＧＦＵＮ平和島,35.5843552,139.7408519,maimai_dx;taiko,,,allnet;ziv
タイトー小田原シティーモール店,神奈川県小田原市前川１２０　フレスポ小田原シティーモール２Ｆ,35.2810794,139.1943117,chunithm;gitadora;iidx;jubeat;other;popn;taiko,popn_pikapika,,allnet;eagate;ziv
タイトー新宿南口ゲームワールド店,東京都新宿区新宿３−３５−８,35.6898660,139.7022542,chunithm;ddr;gitadora;groove_coaster;iidx;jubeat;maimai_dx;nostalgia;ongeki;other;polaris_chord;popn;sdvx;taiko,ddr_gold;gitadora_dm_arena;gitadora_gf_arena;iidx_lm;popn_pikapika;sdvx_vm,chunithm:1;ddr:2;gitadora:2;groove_coaster:1;iidx:8;jubeat:2;maimai_dx:1;nostalgia:1;ongeki:1;polaris_chord:4;popn:6;sdvx:9;taiko:1,allnet;eagate;ziv
タイトーＢＩＧＢＯＸ高田馬場店,東京都新宿区高田馬場１−３５−３　ＢＩＧＢＯＸ６Ｆ,35.7129463,139.7042567,chunithm;dance_evo;ddr;drs;gitadora;iidx;jubeat;maimai_dx;ongeki;other;polaris_chord;popn;reflec;sdvx;taiko,gitadora_dm_arena;gitadora_gf_arena;iidx_lm;popn_pikapika;sdvx_vm,chunithm:1;dance_evo:1;ddr:2;drs:1;gitadora:4;iidx:4;jubeat:6;maimai_dx:1;popn:5;reflec:6;sdvx:4;taiko:2,allnet;eagate;ziv
タイトーＦステーションゆめタウン三豊店,香川県三豊市豊中町本山甲２２,34.1454067,133.6994380,chunithm;maimai_dx;ongeki;taiko,,,allnet;ziv
タイトーＦステーションアスピア明石店,兵庫県明石市東仲ノ町６‐１　アスピア明石店南館３階,34.6478050,134.9950820,chunithm;maimai_dx;ongeki;taiko,,,allnet;ziv
タイトーＦステーションアル・プラザ鯖江店,福井県鯖江市下河端町１６−１６−１アルプラザ鯖江アミューズ棟内,35.9693068,136.1895131,chunithm;maimai_dx,,,allnet
タイトーＦステーションイオンモール富士宮,静岡県富士宮市浅間町１−８　イオンモール富士宮３Ｆ,35.2204706,138.6119827,chunithm;iidx;maimai_dx;ongeki;sdvx,iidx_lm;sdvx_vm,,allnet;eagate;ziv
タイトーＦステーションイオン千歳店,北海道千歳市栄町６ー６１,42.8288557,141.6480957,chunithm;maimai_dx,,,allnet
タイトーＦステーションイオン近江八幡店,滋賀県近江八幡市鷹飼町南３−７　１階,35.1218227,136.1029734,chunithm;ddr;gitadora;iidx;maimai_dx;other;popn;sdvx;taiko,iidx_lm;sdvx_vm,chunithm:3;ddr:1;gitadora:1;iidx:1;maimai_dx:1;popn:1;sdvx:1;taiko:2,allnet;eagate;ziv
タイトーＦステーションオリナス錦糸町店,東京都墨田区太平４ー１ー２　オリナスモール地下１Ｆ,35.7003101,139.8152653,chunithm;ddr;drs;gitadora;iidx;jubeat;maimai_dx;nostalgia;ongeki;polaris_chord;popn;sdvx,ddr_gold;gitadora_dm_arena;gitadora_gf_arena;iidx_lm;popn_pikapika;sdvx_vm,chunithm:1;ddr:2;drs:1;gitadora:2;iidx:5;jubeat:1;maimai_dx:1;nostalgia:1;ongeki:1;polaris_chord:1;popn:1;sdvx:5,allnet;eagate;ziv
タイトーＦステーションクレアモール川越店,埼玉県川越市新富町２−１−１３,35.9138263,139.4829221,chunithm;gitadora;iidx;ongeki;polaris_chord;popn;sdvx;taiko,gitadora_dm_arena;gitadora_gf_arena;iidx_lm;popn_pikapika;sdvx_vm,,allnet;eagate;ziv
タイトーＦステーションセントポルタ大分店,大分県大分市中央町２−１−１,33.2354219,131.6063391,chunithm;gitadora;iidx;maimai_dx;nostalgia;ongeki;popn;sdvx;taiko,iidx_lm;sdvx_vm,,allnet;eagate;ziv
タイトーＦステーションニシムタ出水店,鹿児島県出水市六月田町３４７番地,32.1052481,130.3454411,chunithm;iidx;maimai_dx;nostalgia;ongeki;popn;project_diva;sdvx;taiko,iidx_lm;sdvx_vm,,allnet;eagate;ziv
タイトーＦステーションマルナカ新倉敷店,岡山県倉敷市玉島爪崎９８１−１,34.5620321,133.6854484,maimai_dx;taiko,,,allnet;ziv
タイトーＦステーションモラージュ佐賀店,佐賀県佐賀市巨勢町牛島730番地モラージュ佐賀店2F,33.2512754,130.3196785,project_diva,,,allnet
タイトーＦステーション三宮西館店,兵庫県神戸市中央区三宮町２丁目１１−１センタープラザ西館,34.6911162,135.1911671,chunithm;maimai_dx;sdvx;taiko,sdvx_vm,,allnet;eagate;ziv
タイトーＦステーション上越店,新潟県上越市富岡３５２４　Ｊーｍａｘシアター内１Ｆ,37.1481920,138.2590468,chunithm;ddr;gitadora;iidx;maimai_dx;nostalgia;ongeki;polaris_chord;project_diva;sdvx,ddr_gold;iidx_lm;sdvx_vm,,allnet;eagate;ziv
タイトーＦステーション今治ワールドプラザ,愛媛県今治市東村１の１４の２今治ワールドプラザ内,34.0426810,133.0278780,chunithm;maimai_dx;popn,popn_pikapika,,allnet;eagate
タイトーＦステーション八戸店,青森県八戸市三日町２７,40.5093072,141.4905810,chunithm;gitadora;groove_coaster;iidx;maimai_dx;ongeki;popn;sdvx;taiko,,,allnet;eagate;ziv
タイトーＦステーション姫路,兵庫県姫路市駅前町２６９・２７０番地,34.8286566,134.6915669,chunithm;taiko,,chunithm:2;taiko:2,allnet;ziv
タイトーＦステーション小山店,栃木県小山市喜沢1475ハーヴェストウォーク内スポーツシネマ棟,36.3361438,139.8073796,chunithm;gitadora;jubeat;maimai_dx;ongeki;popn;project_diva;sdvx;taiko,,,allnet;ziv
タイトーＦステーション山口メルクス店,山口県山口市大字黒川８２−１ハイパーモールメルクス内,34.1359172,131.4345602,chunithm;maimai_dx;ongeki;taiko,,,allnet;ziv
タイトーＦステーション市川妙典店,千葉県市川市妙典４ー１ー１　イオン市川妙典店２番街２Ｆ,35.6925377,139.9266786,chunithm;ddr;gitadora;iidx;maimai_dx;nostalgia;ongeki;polaris_chord;popn;project_diva;sdvx;taiko,ddr_gold;gitadora_dm_arena;gitadora_gf_arena;iidx_lm;popn_pikapika;sdvx_vm,chunithm:1;ddr:1;gitadora:2;iidx:4;maimai_dx:1;nostalgia:1;ongeki:1;polaris_chord:1;popn:1;sdvx:4,allnet;eagate;ziv
タイトーＦステーション弥富店,愛知県弥富市五明町蒲原１３７１‐４,35.1155664,136.7178037,chunithm;maimai_dx;ongeki,,,allnet
タイトーＦステーション新松戸店,千葉県松戸市新松戸３−２−２イオンフードスタイル新松戸店４階,35.8259306,139.9154461,maimai_dx;ongeki;taiko,,,allnet
タイトーＦステーション燕三条店,新潟県燕市井土巻３−１５０イオン県央店アメニティ棟１Ｆ,37.6513037,138.9349613,chunithm;groove_coaster;maimai_dx;taiko,,,allnet;ziv
タイトーＦステーション静岡,静岡県静岡市葵区呉服町２−５−４　ふしみや第２ビル,34.9744541,138.3832431,chunithm;gitadora;groove_coaster;iidx;maimai_dx;ongeki;popn;sdvx;taiko,gitadora_dm_arena;gitadora_gf_arena;iidx_lm;popn_pikapika;sdvx_vm,,allnet;eagate;ziv
タイトーＦステーションＡＳ大宮西口駅前店,埼玉県さいたま市大宮区桜木町２‐３　イオンスタイル大宮西７Ｆ,35.9068898,139.6217932,chunithm;maimai_dx;ongeki;taiko,,,allnet;ziv
タイトーＦ郡山オリエントパーク店,福島県郡山市安積町荒井字大久保３５−１,37.3744762,140.3487551,chunithm;ddr;iidx;maimai_dx;ongeki;other;polaris_chord;sdvx;taiko,ddr_gold;iidx_lm;sdvx_vm,,allnet;eagate;ziv
タロフォフォ,兵庫県西宮市田中町５−２１,34.7366936,135.3365065,gitadora;iidx;jubeat;other;popn;project_diva,,,allnet;eagate;ziv
ダイナソアエイジ,愛知県大府市東新町三丁目８８番地,35.0310080,136.9562745,chunithm;maimai_dx;other;popn,,chunithm:2;maimai_dx:1;popn:1,allnet;eagate;ziv
チャリオット五井店,千葉県市原市五井中央西２−１−２,35.5136111,140.0898121,chunithm;gitadora;iidx;maimai_dx;ongeki;popn;project_diva;sdvx;taiko,gitadora_dm_arena;gitadora_gf_arena;iidx_lm;sdvx_vm,,allnet;eagate
チャリオット辰巳店,千葉県市原市市原500-1,35.5249124,140.1219330,chunithm;gitadora;popn,,,allnet;eagate
テクノワールド,岩手県奥州市江刺愛宕字梁川１２７−１,39.1792419,141.1621682,chunithm;ddr;gitadora;iidx;jubeat;maimai_dx;nostalgia;ongeki;other;polaris_chord;popn;project_diva;sdvx,ddr_gold;iidx_lm;popn_pikapika;sdvx_vm,,allnet;eagate;ziv
テクモピアロックダム公津の杜店,千葉県成田市公津の杜4-5-3成田ユアエルム3F,35.7597902,140.2965868,chunithm;maimai_dx;taiko,,,allnet
テクモピア伊丹,兵庫県伊丹市藤ノ木１−１−１イオンモール伊丹３Ｆ,34.7813648,135.4239382,chunithm;maimai_dx,,,allnet
テクモピア千葉中央店,千葉県千葉市中央区本千葉町１５ー１,35.6076464,140.1181586,chunithm;taiko,,,allnet
テクモピア川越店,埼玉県川越市脇田町４ー２ドンキホーテ川越東口店３Ｆ,35.9090606,139.4829145,chunithm;maimai_dx,,,allnet
テクモピア座間店,神奈川県座間市ひばりが丘４−１１−４８,35.4800807,139.4320181,chunithm;iidx;maimai_dx;ongeki;sdvx,iidx_lm;sdvx_vm,,allnet;eagate
テクモピア船橋南口店,千葉県船橋市本町１ー７ー６ドリーム船橋ビル３Ｆ,35.6990191,139.9858078,chunithm;iidx;maimai_dx;ongeki;sdvx;taiko,iidx_lm;sdvx_vm,,allnet;eagate
トップラン岩岡,兵庫県神戸市西区岩岡町古郷１４７４−１,34.7176826,134.9289029,chunithm;maimai_dx;ongeki;project_diva;reflec;sdvx,sdvx_vm,,allnet;eagate
トップラン東大阪,大阪府東大阪市東鴻池町１−６−３０イオンタウン東大阪店２Ｆ,34.6938172,135.6175909,chunithm;maimai_dx;ongeki;popn;project_diva;reflec,,,allnet;eagate
トムソーヤのなかまたち岸和田店,大阪府岸和田市港緑町2-1岸和田ｶﾝｶﾝﾍﾞｲｻｲﾄﾞﾓｰﾙEAST棟2階,34.4667195,135.3713761,maimai_dx,,,allnet
トムソーヤのなかまたち藻岩店,北海道札幌市南区川治二条２−１−１イオン札幌藻岩店,42.9993130,141.3364830,maimai_dx;other,,,allnet;ziv
トム・ソーヤのなかまたち五城目店,南秋田郡五城目町大川西野字田屋前１３８イオン五城目店内,39.9359491,140.1071195,chunithm;other,,,allnet;ziv
トム・ソーヤのなかまたち湯沢店,秋田県湯沢市字上萩生田162イオンスーパーセンター湯沢店内,39.1504850,140.4694260,chunithm;gitadora;nostalgia;other;popn;project_diva,,,allnet;eagate;ziv
トム・ソーヤのなかまたち鷹巣店,秋田県北秋田市栄字中綱３１−１イオンタウン鷹巣店内,40.2309648,140.3829018,chunithm;other,,,allnet;ziv
トヤマレジャーランド呉羽店,富山県富山市高木字貝塚2054,36.7154246,137.1579952,chunithm;ddr;gitadora;iidx;maimai_dx;ongeki;other;popn;sdvx,ddr_gold;gitadora_dm_arena;gitadora_gf_arena;iidx_lm;popn_pikapika;sdvx_vm,,allnet;eagate;ziv
トライセン中津店,大分県中津市下池永６７−３,33.5896776,131.2110360,chunithm;gitadora;iidx;jubeat;maimai_dx;ongeki;other;popn;sdvx,gitadora_dm_arena;gitadora_gf_arena;iidx_lm;sdvx_vm,,allnet;eagate;ziv
トライセン萩原,大分県大分市萩原４−２２７−７,33.2491774,131.6436745,chunithm;gitadora;iidx;jubeat;maimai_dx;ongeki;other;popn;reflec,gitadora_dm_arena;gitadora_gf_arena;iidx_lm,,allnet;eagate;ziv
トレジャーサバイバル,山形県山形市北町２−２−４５,38.2687430,140.3293800,chunithm;maimai_dx;ongeki,,,allnet
ドリームキャンディ,三重県伊賀市小田町７１１−１,34.7752694,136.1227939,chunithm;gitadora;iidx;maimai_dx;nostalgia;ongeki;reflec;sdvx,iidx_lm;sdvx_vm,,allnet;eagate
ドリームランド宮崎ナナイロ,宮崎県宮崎市橘通西３−１０−３２宮崎ナナイロ西館３F,31.9160367,131.4227644,chunithm;maimai_dx;other,,,allnet;ziv
ネオブラボー,山口県防府市高倉１−３−３０,34.0549567,131.5591985,chunithm;iidx;maimai_dx;ongeki;other;sdvx,iidx_lm;sdvx_vm,,allnet;eagate;ziv
ハイパーメッセ,福岡県北九州市小倉南区北方４−６−７,33.8391643,130.8741119,chunithm;drs;maimai_dx;ongeki;other,,,allnet;eagate;ziv
ハローズガーデン新三田,兵庫県三田市けやき台１‐６‐２イオン三田２番街,34.9081575,135.1861575,chunithm;iidx;maimai_dx;ongeki,iidx_lm,,allnet;eagate
バイパスレジャーランド加賀店,石川県加賀市箱宮町ヲ1-1,36.3251944,136.4113866,chunithm;ddr;iidx;jubeat;maimai_dx;nostalgia;other;popn;sdvx,ddr_gold;iidx_lm;popn_pikapika;sdvx_vm,,allnet;eagate;ziv
バイパスレジャーランド御経塚店,石川県野々市市御経塚4丁目46,36.5479275,136.6012300,chunithm;iidx;other;popn;sdvx,iidx_lm;popn_pikapika;sdvx_vm,,allnet;eagate;ziv
バイパスレジャーランド藤江新館,石川県金沢市藤江南2-105,36.5837815,136.6206855,chunithm;ddr;gitadora;iidx;jubeat;maimai_dx;nostalgia;ongeki;other;polaris_chord;popn;sdvx,ddr_gold;gitadora_dm_arena;gitadora_gf_arena;iidx_lm;popn_pikapika;sdvx_vm,,allnet;eagate;ziv
バローランド中津川,岐阜県中津川市淀川町３‐８　ルビットタウン中津川店２Ｆ　ゲームコーナー,35.4982192,137.5077693,maimai_dx,,,allnet
バンダイナムコＣｒｏｓｓＳｔｏｒｅ京都,京都市南区西九条鳥居口町イオンＭ京都ＳＡＫＵＲＡ館４階,34.9828149,135.7546262,chunithm;maimai_dx;nostalgia;ongeki;other;popn;taiko,popn_pikapika,chunithm:1;nostalgia:1;taiko:5,allnet;eagate;ziv
バンダイナムコＣｒｏｓｓＳｔｏｒｅ仙台,宮城県名取市杜せきのした５ー３ー１イオンモール名取３Ｆ,38.1633794,140.8963437,chunithm;maimai_dx,,,allnet
バンダイナムコＣｒｏｓｓＳｔｏｒｅ名古屋,愛知県名古屋市西区二方町４０番本棟４階,35.2254187,136.8843421,chunithm;maimai_dx;other;taiko,,chunithm:2;maimai_dx:1;taiko:5,allnet;ziv
バンダイナムコＣｒｏｓｓＳｔｏｒｅ大日店,大阪府守口市大日東町１ー１８イオンモール大日４Ｆ,34.7486883,135.5802852,chunithm;maimai_dx,,,allnet
バンダイナムコＣｒｏｓｓＳｔｏｒｅ高岡店,富山県高岡市下伏間江３８３イオンモール高岡西棟２階２００１Ａ,36.7238143,137.0172591,chunithm;maimai_dx,,,allnet
バンバン衣山店,愛媛県松山市衣山１−２４８−１,33.8524719,132.7457465,chunithm;maimai_dx;other;project_diva,,,allnet;ziv
パスカランド　かのや店,鹿児島県鹿屋市白崎町４ー１　イオンかのや３Ｆ,31.3786228,130.8561438,chunithm;maimai_dx,,,allnet
パスカランドはません,熊本県熊本市南区田井島1-2-1ゆめタウンはません3F,32.7716760,130.7264165,other,,,allnet;ziv
パスカランド博多店,福岡県福岡市東区東浜１−１−１ゆめタウン博多店２階,33.6122355,130.4123165,chunithm;maimai_dx;ongeki;other;popn,popn_pikapika,,allnet;eagate;ziv
パスカランド大川店,福岡県大川市上巻４３０−１ゆめタウン２F,33.2027312,130.3880983,chunithm;maimai_dx;ongeki;other,,,allnet;ziv
パスカランド大牟田店,福岡県大牟田市旭町２丁目２８−１,33.0366941,130.4538265,chunithm;maimai_dx;ongeki;other,,,allnet;ziv
パスカランド日田店,大分県日田市大字庄手６４８番地７１イオンタウン日田店専門店棟,33.3124520,130.9169650,chunithm;maimai_dx;other,,,allnet;ziv
パスカランド福重店,福岡県福岡市西区拾六町１丁目７番１号ＭＥＧＡドンキ福重店３Ｆ,33.5672500,130.3148720,chunithm;iidx;maimai_dx;ongeki;other;popn;sdvx,iidx_lm;popn_pikapika;sdvx_vm,,allnet;eagate;ziv
パスカランド長嶺,熊本県熊本市東区長嶺西1-5-1　シュロアモール長嶺店内,32.8114009,130.7618624,chunithm;maimai_dx;ongeki;other,,,allnet;ziv
パスカランド鳥栖,佐賀県鳥栖市本鳥栖町５３７−１フレスポ鳥栖店２階,33.3758911,130.5168476,chunithm;maimai_dx;ongeki;other;popn,popn_pikapika,,allnet;eagate;ziv
パスカランド黒崎店,福岡県北九州市八幡西区西曲里町３−１,33.8597850,130.7602544,chunithm;maimai_dx;ongeki;other;popn,popn_pikapika,,allnet;eagate;ziv
パスカワールドグリーンランド店,熊本県荒尾市本井手１５７４−５４,32.9878473,130.4712114,chunithm;ddr;gitadora;iidx;jubeat;maimai_dx;nostalgia;ongeki;other;polaris_chord;popn;sdvx,gitadora_dm_arena;gitadora_gf_arena;iidx_lm;popn_pikapika;sdvx_vm,,allnet;eagate;ziv
パラダイス・シティ,神奈川県横浜市旭区二俣川1-43-28,35.4648265,139.5318128,chunithm;iidx;maimai_dx,,,allnet;eagate
パラボランド上尾ショーサンプラザ店,埼玉県上尾市谷津２−１−１ショーサンプラザ５階,35.9719968,139.5885700,chunithm;maimai_dx,,,allnet
パラボランド東金店,千葉県東金市東岩崎8-10サンピア3Ｆ,35.5586440,140.3646980,maimai_dx;other;project_diva;taiko,,,allnet;ziv
パルケ・デ・アミーゴ！山形店,山形県山形市嶋北１−３−１,38.2836662,140.3216001,chunithm;iidx;jubeat;ongeki;other,,,allnet;eagate;ziv
パルケ上賀茂店,京都府京都市北区上賀茂西河原町１の１,35.0669415,135.7460749,chunithm;ddr;drs;gitadora;iidx;maimai_dx;nostalgia;ongeki;other;popn;taiko,iidx_lm,chunithm:2;ddr:1;drs:1;gitadora:2;iidx:1;maimai_dx:1;nostalgia:1;ongeki:1;popn:1;taiko:3,allnet;eagate;ziv
パレパレ稲毛長沼店,千葉県千葉市稲毛区長沼原町731-17フレスポ稲毛Ａ２棟４,35.6575891,140.1277036,chunithm;gitadora;maimai_dx;ongeki;popn;project_diva;taiko,,,allnet;eagate
ビッグボウル杉戸,埼玉県北葛飾郡杉戸町大字杉戸２３３８,36.0401850,139.7208181,chunithm;iidx;maimai_dx;nostalgia;sdvx,iidx_lm;sdvx_vm,,allnet;eagate
ビデオゲームミュージアムロボット深谷店,埼玉県深谷市上柴町西４−１２−１,36.1796392,139.2988013,iidx;jubeat;popn;project_diva;sdvx,iidx_lm;sdvx_vm,,allnet;eagate
ビバーチャ,広島県広島市中区南竹屋町１０−１７,34.3793334,132.4612792,chunithm;gitadora;iidx;jubeat;maimai_dx;ongeki;other;popn,,,allnet;eagate;ziv
ビルボードプレイスゲームコーナー,新潟県新潟市中央区八千代二丁目５番７号,37.9163677,139.0530698,chunithm,,,allnet
ピノキオランド日南,宮崎県日南市材木町１ＳＣ日南２Ｆ,31.5866486,131.4013068,chunithm;maimai_dx;ongeki;other,,,allnet;ziv
ピノキオランド本渡,熊本県天草市船之尾町279-6,32.4583537,130.1882685,chunithm;iidx;maimai_dx;ongeki;other,iidx_lm,,allnet;eagate;ziv
ピノキオランド玉名,熊本県玉名市亀甲字前田110カリーノ玉名店2F,32.9279906,130.5553164,chunithm;maimai_dx;ongeki;other,,,allnet;ziv
ピノッキースパティオ益田店,島根県益田市高津7丁目21-12ゆめタウン益田店2F,34.6911678,131.8158974,chunithm;iidx;other,,,allnet;eagate;ziv
ピンクパンサー下妻店,茨城県下妻市小島884-10,36.1702653,139.9665309,chunithm;gitadora;iidx;maimai_dx;ongeki;sdvx,sdvx_vm,,allnet;eagate
ピンクパンサー土浦店,茨城県土浦市木田余４５８５−３,36.1065463,140.2151975,chunithm;ddr;gitadora;iidx;jubeat;maimai_dx;ongeki;project_diva;sdvx,ddr_gold;iidx_lm;sdvx_vm,,allnet;eagate
ファンタジスタ,岡山県倉敷市新倉敷駅前５−１９４,34.5583269,133.6767549,chunithm;gitadora;iidx;jubeat;nostalgia;other;popn;sdvx,iidx_lm;popn_pikapika;sdvx_vm,,allnet;eagate;ziv
ファンタジックランド西春店,愛知県北名古屋市鹿田若宮３９２６‐１０ヨシズヤ西春店５階,35.2449611,136.8717714,chunithm;maimai_dx;ongeki;other;taiko,,,allnet;ziv
ファンタジーウエストタウン西尾,愛知県西尾市高鼻町３‐２３‐９,34.8633981,137.0593664,maimai_dx,,,allnet
ファンタジードーム八戸,青森県八戸市江陽２−１４−１,40.5218721,141.5027091,chunithm;iidx;jubeat;maimai_dx;nostalgia;ongeki;other;popn;reflec,iidx_lm,,allnet;eagate;ziv
ファンタジープラザ千代田橋店,愛知県名古屋市千種区千代田橋２−１−１アピタ千代田橋店３階,35.1873520,136.9694536,chunithm;other;taiko,,,allnet;ziv
ファンタジープラザ名古屋,愛知県名古屋市北区玄馬町２３４−１ﾄﾞﾝｷﾎｰﾃ名古屋本店２階,35.2264606,136.9089964,chunithm;ddr;gitadora;iidx;jubeat;maimai_dx;ongeki;other;popn;reflec;sdvx;taiko,ddr_gold;gitadora_dm_arena;gitadora_gf_arena;iidx_lm;popn_pikapika;sdvx_vm,chunithm:2;ddr:1;gitadora:2;iidx:3;jubeat:1;maimai_dx:1;ongeki:2;popn:1;reflec:1;sdvx:4;taiko:3,allnet;eagate;ziv
ファンタジープラザ苫小牧,北海道苫小牧市木場町1-6-1MEGAドンキホーテ苫小牧2F,42.6410419,141.5952854,chunithm;maimai_dx;ongeki;other,,,allnet;ziv
ファンタジーランドガルー宇都宮店,栃木県宇都宮市江曽島本町22-7アピタ宇都宮店2Ｆ,36.5315924,139.8669094,chunithm;maimai_dx,,,allnet
ファンタジーランド五島,長崎県五島市吉久木町７３１番地,32.6954275,128.8135179,maimai_dx;ongeki,,,allnet
フクイレジャーランドワイプラザ店,福井県福井市新保北1-303　ヤスサキワイプラザＢ棟2Ｆ,36.0861836,136.2493644,chunithm;iidx;jubeat;maimai_dx;ongeki;other;polaris_chord;popn;sdvx,iidx_lm;popn_pikapika;sdvx_vm,,allnet;eagate;ziv
フジグラン阿南,徳島県阿南市領家町土倉１０番地フジグラン阿南店内,33.9205175,134.6657678,chunithm;other,,,allnet;ziv
フタバボウル泉大津店,大阪府泉大津市松之浜町１−２−５３,34.5108583,135.4156272,chunithm;maimai_dx;ongeki;other;sdvx,sdvx_vm,,allnet;eagate;ziv
フリスポ下館,茨城県筑西市神分４７２,36.3024911,139.9565286,ddr;gitadora;iidx;ongeki;popn;sdvx,popn_pikapika;sdvx_vm,,allnet;eagate
フリスポ佐原,千葉県香取市佐原イ−４２００,35.9011456,140.4935107,chunithm;ddr;gitadora;iidx;maimai_dx;ongeki;polaris_chord;popn;sdvx;taiko,iidx_lm;sdvx_vm,,allnet;eagate
フレスパランドカッタの湯,山口県宇部市海南町1675,33.9584481,131.2615249,chunithm;iidx;maimai_dx;ongeki;other;polaris_chord;sdvx,iidx_lm;sdvx_vm,,allnet;eagate;ziv
フローラ・SAGAEゲームコーナー,山形県寒河江市本町２−８−３,38.3763474,140.2760169,chunithm;other;project_diva,,,allnet;ziv
ブラックジャックアクア店,広島県広島市安佐南区大町東４−１２−１１,34.4689057,132.4624719,chunithm;iidx;other;popn,iidx_lm,,allnet;eagate;ziv
ブラックジャック東広島店,広島県東広島市西条町御薗宇６１２０,34.4141987,132.7533558,chunithm;iidx;other,iidx_lm,,allnet;eagate;ziv
プラサカプコン京都店,京都府京都市右京区西院追分町２５−１イオンモール京都五条３Ｆ,34.9974534,135.7273526,chunithm;maimai_dx;ongeki;other,,,allnet;ziv
プラサカプコン吉祥寺店,東京都武蔵野市吉祥寺本町１−１０−１いなりやビル地下１階,35.7053610,139.5790984,chunithm;maimai_dx,,,allnet
プラサカプコン大分店,大分県大分市公園通り西２−１パークプレイス大分２Ｆ,33.1953607,131.6579235,chunithm;maimai_dx;ongeki;other,,,allnet;ziv
プラサカプコン大曲店,秋田県大仙市和合字坪立１７７イオン大曲ＳＣ２Ｆ,39.4385014,140.5088973,chunithm;iidx;maimai_dx;ongeki;other;popn,,,allnet;eagate;ziv
プラサカプコン富津店,千葉県富津市青木1-5-1イオンモール富津内ゲームコーナー,35.3300728,139.8468705,chunithm;maimai_dx;ongeki;taiko,,,allnet
プラサカプコン岡崎店,愛知県岡崎市戸崎町字外山３８−５イオンモール岡崎　シネコン棟,34.9391445,137.1632002,chunithm;maimai_dx,,,allnet
プラサカプコン広島店,広島県広島市佐伯区石内東４丁目１−１ジアウトレット広島,34.4117273,132.3976117,chunithm;maimai_dx;ongeki;other,,,allnet;ziv
プラサカプコン徳重店,愛知県名古屋市緑区元徳重１丁目５０５ビルズウォーク徳重２階,35.0943886,136.9992084,chunithm;maimai_dx;ongeki;other;taiko,,chunithm:2;maimai_dx:1;ongeki:2;taiko:2,allnet;ziv
プラサカプコン志都呂店,静岡県浜松市中央区志都呂２丁目３７番１号,34.6966884,137.6509232,chunithm;maimai_dx;ongeki,,,allnet
プラサカプコン成田店,千葉県成田市ウイング土屋２４イオン成田ＳＣ２Ｆ,35.7958330,140.3176162,chunithm;maimai_dx;ongeki;taiko,,chunithm:4;maimai_dx:3;ongeki:2,allnet
プラサカプコン新居浜店,愛媛県新居浜市前田町８−８イオンモール新居浜２Ｆ,33.9537705,133.2688546,chunithm;maimai_dx;ongeki;other,,,allnet;ziv
プラサカプコン横須賀店,神奈川県横須賀市若松町2-30モアーズシティ4F,35.2782938,139.6700409,chunithm;iidx;maimai_dx;ongeki;other,,,allnet;eagate;ziv
プラサカプコン甲府店,山梨県中巨摩郡昭和町西条３７１７,35.6428959,138.5462509,chunithm;iidx;maimai_dx;ongeki;other;popn;project_diva,,,allnet;eagate;ziv
プラサカプコン直方店,福岡県直方市湯野原２−１−１イオンモール直方２Ｆ,33.7689496,130.7497505,chunithm;maimai_dx;ongeki;other,,,allnet;ziv
プラサカプコン石巻店,宮城県石巻市茜平4丁目104番地 ｲｵﾝ石巻ｼｮｯﾋﾟﾝｸﾞｾﾝﾀｰ2F,38.4476841,141.2652783,chunithm;maimai_dx;ongeki;other;popn,,,allnet;eagate;ziv
プラサカプコン稲沢店,愛知県稲沢市長野７丁目１−２リーフウォーク稲沢２Ｆ,35.2607481,136.8190404,chunithm;maimai_dx;ongeki,,,allnet
プラサカプコン羽生店,埼玉県羽生市川崎２−２８１−３イオンモール羽生２階,36.1428612,139.5427460,chunithm;maimai_dx;ongeki,,,allnet
プラサカプコン藤井寺,大阪府藤井寺市岡２丁目１０番１１号イオン藤井寺ＳＣ２Ｆ,34.5739493,135.5931971,chunithm;maimai_dx;ongeki,,,allnet
プラサカプコン高知,高知県高知市秦南町１−４−８イオンモール高知３Ｆ,33.5764248,133.5424596,chunithm;maimai_dx;ongeki;other,,,allnet;ziv
プレイゾーン　バンブー,新潟県南魚沼市竹俣６０ー５,37.0510088,138.8681410,chunithm;iidx;nostalgia;ongeki;popn,,,allnet;eagate
プレイドーム松山,愛媛県松山市余戸南４丁目９−４０,33.8093947,132.7280617,chunithm;iidx;other;project_diva,iidx_lm,,allnet;eagate;ziv
プレイハウス　エリナ,新潟県新潟市西蒲区津雲田６４０,37.7175185,138.8906472,chunithm;ddr;gitadora;iidx;jubeat;museca;nostalgia;ongeki;popn;sdvx,ddr_gold;iidx_lm;popn_pikapika;sdvx_vm,,allnet;eagate
プレイランドイン黒部,富山県黒部市沓掛645,36.8889558,137.4644997,chunithm;gitadora;iidx;jubeat;sdvx,sdvx_vm,,allnet;eagate
プレイランドソピアいとくアクロス能代店,秋田県能代市字寺向70いとくアクロス能代店内,40.1828157,140.0534784,chunithm;maimai_dx,,,allnet
プレイランド京都店,京都府京都市右京区山ノ内池尻町1-1京都ファミリー3F,35.0046127,135.7208649,maimai_dx,,,allnet
プレイランド大和鶴間,神奈川県大和市下鶴間１−３−１イトーヨーカドー大和鶴間店３Ｆ,35.4905089,139.4571330,chunithm;maimai_dx;ongeki;polaris_chord,,,allnet;eagate
プレイランド川崎,神奈川県川崎市川崎区小田栄2-2-1-3F,35.5146280,139.7087781,chunithm;maimai_dx;ongeki,,,allnet
ベガジオ美しが丘店,北海道札幌市清田区美しが丘１条　７−６−１０,42.9809319,141.4635024,chunithm;other,,,allnet;ziv
ペップ魚町,福岡県北九州市小倉北区魚町２−４−２０,33.8839068,130.8803109,chunithm;ddr;gitadora;iidx;jubeat;maimai_dx;nostalgia;ongeki;other;popn;project_diva;reflec;sdvx,iidx_lm;sdvx_vm,,allnet;eagate;ziv
ペニーポット秋田,秋田県秋田市中通2-8-1フォンテ秋田4F,39.7163482,140.1276316,chunithm;maimai_dx;other,,,allnet;ziv
ポート２４八事店,愛知県名古屋市昭和区広路町北石坂102番地4,35.1371097,136.9641401,chunithm;ddr;gitadora;iidx;jubeat;maimai_dx;nostalgia;ongeki;other;popn;sdvx;taiko,ddr_gold;iidx_lm;sdvx_vm,chunithm:4;ddr:1;gitadora:2;iidx:4;jubeat:2;maimai_dx:2;nostalgia:1;ongeki:4;popn:1;sdvx:2;taiko:3,allnet;eagate;ziv
ポート２４幸田店,愛知県額田郡幸田町相見沖原1-3,34.8902431,137.1631359,chunithm;gitadora;iidx;maimai_dx;ongeki;other;popn;project_diva;sdvx,iidx_lm;popn_pikapika;sdvx_vm,,allnet;eagate;ziv
ポート２４浜松店,静岡県浜松市中央区坪井町4183-1,34.6801467,137.6443581,chunithm;drs;gitadora;iidx;jubeat;maimai_dx;nostalgia;ongeki;other;popn;project_diva;sdvx,gitadora_dm_arena;gitadora_gf_arena;iidx_lm;sdvx_vm,,allnet;eagate;ziv
マックスプラザ善通寺,香川県善通寺市中村町１７９８−２,34.2436048,133.7640148,chunithm;gitadora;groove_coaster;iidx;jubeat;maimai_dx;nostalgia;ongeki;polaris_chord;popn;project_diva;sdvx;wacca,iidx_lm;sdvx_vm,,allnet;eagate;ziv
マトリクス前橋,群馬県前橋市小相木町５５８−１,36.3729424,139.0596370,chunithm;gitadora;iidx;ongeki;popn;sdvx,gitadora_dm_arena;gitadora_gf_arena;iidx_lm;popn_pikapika;sdvx_vm,,allnet;eagate
マンガ倉庫鹿屋店,鹿児島県鹿屋市寿８丁目７１４−２,31.3833665,130.8765948,maimai_dx;ongeki,,,allnet
ミラクルイン中村橋,東京都練馬区貫井１−１−２ＹＫビル２Ｆ,35.7371368,139.6383560,chunithm;iidx;ongeki;other;popn;sdvx,iidx_lm;sdvx_vm,,allnet;eagate;ziv
ムー大陸西尾シャオ店,愛知県西尾市下町御城下２３−１シャオ２Ｆ,34.8677828,137.0454315,chunithm;iidx;maimai_dx;ongeki;sdvx,iidx_lm;sdvx_vm,,allnet;eagate
メジャーロード村上店,新潟県村上市仲間町坂下５３５ー１,38.2164576,139.4934023,chunithm;ongeki,,,allnet
メジャーロード白根,新潟県新潟市南区上下諏訪木論地９４８−２,37.7605971,139.0222139,chunithm;iidx;maimai_dx;ongeki,,,allnet;eagate
メジャーロード見附店,新潟県見附市上新田町字下野沖516番地1,37.5430983,138.8914470,chunithm;gitadora;iidx;jubeat;maimai_dx;ongeki;other;popn;sdvx,sdvx_vm,,allnet;eagate;ziv
メジャーロード黒埼,新潟県新潟市西区山田３３０３番地（３３０２番地）,37.8682204,139.0173416,chunithm;gitadora;iidx;jubeat;maimai_dx;ongeki;other;sdvx,sdvx_vm,,allnet;eagate;ziv
メルヘンランド　コーナン鎌倉大船店,神奈川県鎌倉市岡本１１８８番地１　コーナン鎌倉大船店,35.3472054,139.5168641,chunithm;maimai_dx;ongeki,,,allnet
モンキートリック,大阪府寝屋川市香里南之町32-5　YNレジデンス香里2F,34.7834753,135.6288626,chunithm;ddr;gitadora;iidx;jubeat;maimai_dx;ongeki;polaris_chord;popn;sdvx,ddr_gold;gitadora_dm_arena;gitadora_gf_arena;iidx_lm;popn_pikapika;sdvx_vm,,allnet;eagate
モーリーファンタジーf広島祇園,広島県広島市安佐南区祇園３−２−１　イオン広島祇園ＳＣ３Ｆ,34.4440456,132.4615509,chunithm;gitadora;maimai_dx;ongeki;other;popn,,,allnet;eagate;ziv
モーリーファンタジーいわき,福島県いわき市平字三倉６８−１イオン３Ｆ,37.0510809,140.8981859,chunithm;maimai_dx;other,,,allnet;ziv
モーリーファンタジーつがる柏,青森県つがる市柏稲盛幾世４１−１イオンつがる柏店１F,40.8030950,140.4163648,chunithm;maimai_dx;ongeki,,,allnet
モーリーファンタジーとなみ,富山県砺波市中神１丁目１７４番地１イオンモール２Ｆ,36.6412277,136.9469814,chunithm;maimai_dx;ongeki,,,allnet
モーリーファンタジークロスガーデン川崎,神奈川県川崎市幸区小倉5-19-23,35.5392911,139.6676904,chunithm;maimai_dx;ongeki,,,allnet
モーリーファンタジーヨドバシ仙台,宮城県仙台市宮城野区榴岡１丁目３ー１　ヨドバシ仙台本館５階,38.2589686,140.8834947,chunithm;maimai_dx,,,allnet;ziv
モーリーファンタジー三沢,青森県三沢市松園町３−１０−１ビードルプラザ三沢店１Ｆ,40.6749926,141.3630299,maimai_dx,,,allnet
モーリーファンタジー三笠店,北海道三笠市岡山１０５９−１スーパーセンター１Ｆ,43.2435815,141.8055111,chunithm;maimai_dx;ongeki;other;popn,,,allnet;eagate;ziv
モーリーファンタジー上尾店,埼玉県上尾市愛宕3-8-1,35.9647283,139.6002725,chunithm;maimai_dx,,,allnet
モーリーファンタジー下妻,茨城県下妻市掘篭９７２−１イオン下妻店2F,36.1900459,139.9897216,chunithm;maimai_dx;popn,,,allnet;eagate
モーリーファンタジー中標津,北海道標津郡中標津町南町３番地１０　東武サウスヒルズ,43.5362399,144.9778039,chunithm;maimai_dx;ongeki;other,,,allnet;ziv
モーリーファンタジー伊勢ララパーク,三重県伊勢市小木町曽弥５３８　イオンタウン伊勢ララパーク２Ｆ,34.5065191,136.7224620,maimai_dx;other,,,allnet;ziv
モーリーファンタジー古川,宮城県大崎市古川旭2-2-1ｲｵﾝ古川店２F,38.5672841,140.9727860,chunithm;maimai_dx,,,allnet
モーリーファンタジー延岡,宮崎県延岡市旭町２−２−１イオン延岡店２Ｆ,32.5723427,131.6700874,maimai_dx,,,allnet
モーリーファンタジー新瑞橋,愛知県名古屋市南区菊住１丁目７ー１０イオンモール新瑞橋店３階,35.1147088,136.9352500,chunithm;maimai_dx;ongeki;polaris_chord,,,allnet;eagate
モーリーファンタジー明石店,兵庫県明石市大久保町ゆりのき通り３−３−１イオン明石３番街３Ｆ,34.6786239,134.9351236,chunithm;maimai_dx;ongeki,,,allnet
モーリーファンタジー本荘,秋田県由利本荘市石脇田中１３８番地,39.3915017,140.0274931,chunithm;maimai_dx;nostalgia;ongeki;other;popn;sdvx,sdvx_vm,,allnet;eagate;ziv
モーリーファンタジー東根,山形県東根市さくらんぼ駅前３−７−１５ｲｵﾝ東根店２Ｆ,38.4270881,140.3874879,maimai_dx,,,allnet
モーリーファンタジー米子駅前３Ｆ,鳥取県米子市末広町311　イオン３F,35.4228224,133.3329143,gitadora;maimai_dx;ongeki;other;popn,,,allnet;eagate;ziv
モーリーファンタジー米沢,山形県米沢市春日2-13-4　2F,37.9230092,140.1086180,chunithm;gitadora;maimai_dx;ongeki;other;popn,,,allnet;eagate;ziv
モーリーファンタジー能代,秋田県能代市柳町１１−１　３Ｆ,40.2090900,140.0246518,maimai_dx;nostalgia;other;popn,,,allnet;eagate;ziv
モーリーファンタジー那覇,沖縄県那覇市金城５−１０−２　イオン那覇店３F,26.1970331,127.6658532,chunithm;dance_evo;iidx;jubeat;maimai_dx;nostalgia;ongeki;polaris_chord;popn;reflec;sdvx,iidx_lm;sdvx_vm,,allnet;eagate;ziv
モーリーファンタジー館山,千葉県館山市八幡５４５−１　イオン館山店１Ｆ,35.0082482,139.8620603,maimai_dx;taiko,,,allnet
モーリーファンタジーｆ 岐阜,岐阜県岐阜市正木中１−２−１マーサ２１北館３Ｆ,35.4484474,136.7449465,chunithm;drs;gitadora;iidx;jubeat;maimai_dx;ongeki;other;polaris_chord;popn;reflec;sdvx;taiko,iidx_lm;sdvx_vm,chunithm:3;drs:1;gitadora:2;jubeat:2;maimai_dx:3;ongeki:2;popn:1;reflec:1;sdvx:1;taiko:3,allnet;eagate;ziv
モーリーファンタジーｆ 岡山,岡山県岡山市北区下石井１丁目２番１号　イオンモール岡山４Ｆ,34.6620448,133.9177960,chunithm;maimai_dx;other,,,allnet;ziv
モーリーファンタジーｆ加西北条,兵庫県加西市北条町北条３０８−１イオン加西北条２Ｆ,34.9304411,134.8284644,chunithm;gitadora;maimai_dx;other;popn,,,allnet;eagate;ziv
モーリーファンタジーｆ富士南,静岡県富士市鮫島１１８−１０　イオンタウン富士南２Ｆ,35.1397246,138.6758022,chunithm;maimai_dx;ongeki;polaris_chord;popn;sdvx,sdvx_vm,,allnet;eagate
ユーズランド三光店,大分県中津市三光佐知1032イオンモール三光2F,33.5604305,131.1920613,chunithm;iidx;maimai_dx;nostalgia;ongeki;other;polaris_chord;sdvx,sdvx_vm,,allnet;eagate;ziv
ユーズランド下田店,青森県上北郡おいらせ町中野平４０−１イオンモール下田１Ｆ,40.6014566,141.4177839,chunithm;ddr;drs;gitadora;iidx;jubeat;maimai_dx;nostalgia;ongeki;other;polaris_chord;popn;project_diva;sdvx,ddr_gold;gitadora_dm_arena;gitadora_gf_arena;iidx_lm;popn_pikapika;sdvx_vm,,allnet;eagate;ziv
ユーズランド倉敷店,岡山県倉敷市水江１番地イオンモール倉敷２Ｆ,34.6032479,133.7454021,chunithm;ddr;drs;iidx;maimai_dx;ongeki;other;polaris_chord;popn;sdvx,ddr_gold;iidx_lm;popn_pikapika;sdvx_vm,,allnet;eagate;ziv
ユーズランド和歌山店,和歌山県和歌山市ふじと台２３番地イオンモール和歌山２Ｆ,34.2761543,135.1492010,chunithm;iidx;maimai_dx;ongeki;other;polaris_chord;sdvx,iidx_lm;sdvx_vm,,allnet;eagate;ziv
ユーズランド大河原店,宮城県柴田郡大河原町小島２−１フォルテ２Ｆ,38.0656136,140.7373892,chunithm;iidx;maimai_dx;ongeki;other;polaris_chord,,,allnet;eagate;ziv
ユーズランド太田店,群馬県太田市石原町８１番地イオンモール太田２Ｆ,36.2941440,139.4004362,chunithm;gitadora;iidx;maimai_dx;ongeki;polaris_chord;popn;sdvx,gitadora_dm_arena;gitadora_gf_arena;iidx_lm;popn_pikapika;sdvx_vm,,allnet;eagate
ユーズランド日の出店,東京都西多摩郡日の出町大字平井237-3イオンモール日の出３Ｆ,35.7348561,139.2752446,chunithm;maimai_dx;ongeki;popn,popn_pikapika,,allnet;eagate
ユーズランド春日部店,埼玉県春日部市下柳４２０−１イオンモール春日部２Ｆ,35.9885734,139.7898122,chunithm;iidx;jubeat;maimai_dx;nostalgia;ongeki;sdvx,iidx_lm;sdvx_vm,,allnet;eagate
ユーズランド東浦店,愛知県知多郡東浦町緒川旭１３−２イオンモール東浦２Ｆ,34.9781318,136.9742667,chunithm;iidx;maimai_dx;ongeki;other;polaris_chord;popn;sdvx;taiko,iidx_lm;popn_pikapika;sdvx_vm,chunithm:5;iidx:2;maimai_dx:2;ongeki:5;polaris_chord:3;sdvx:2;taiko:6,allnet;eagate;ziv
ユーズランド水戸内原店,茨城県水戸市内原２−１イオンモール水戸内原２Ｆ,36.3739629,140.3583896,chunithm;ddr;gitadora;iidx;maimai_dx;ongeki;polaris_chord;popn;sdvx,ddr_gold;gitadora_dm_arena;gitadora_gf_arena;iidx_lm;popn_pikapika;sdvx_vm,,allnet;eagate
ユーズランド越谷店,埼玉県越谷市レイクタウン4-2-2イオンレイクタウンKAZE3F,35.8778002,139.8245962,chunithm;iidx;maimai_dx;ongeki;popn;sdvx,iidx_lm;popn_pikapika;sdvx_vm,,allnet;eagate
ユーズランド高岡店,富山県高岡市下伏間江３８３イオンモール高岡２Ｆ,36.7241123,137.0170194,chunithm;ddr;iidx;maimai_dx;ongeki;polaris_chord;popn;sdvx,ddr_gold;iidx_lm;popn_pikapika;sdvx_vm,,allnet;eagate
ユーズランド高崎店,群馬県高崎市棟高町１４００番地イオンモール高崎２Ｆ,36.3904820,139.0065304,chunithm;ddr;drs;gitadora;iidx;jubeat;maimai_dx;ongeki;polaris_chord;popn;sdvx,ddr_gold;gitadora_dm_arena;gitadora_gf_arena;iidx_lm;popn_pikapika;sdvx_vm,,allnet;eagate
ラウンドワンさいか屋横須賀店,神奈川県横須賀市大滝町１丁目１３番,35.2821494,139.6695932,chunithm;dance_around;ddr;drs;gitadora;iidx;jubeat;maimai_dx;nostalgia;ongeki;polaris_chord;popn;project_diva;sdvx,ddr_gold;gitadora_dm_arena;gitadora_gf_arena;iidx_lm;popn_pikapika;sdvx_vm,,allnet;eagate
ラウンドワンさいたま・上里店,埼玉県児玉郡上里町大字金久保３９４−１,36.2599800,139.1374381,chunithm;dance_around;drs;gitadora;iidx;maimai_dx;nostalgia;ongeki;other;polaris_chord;popn;sdvx,gitadora_dm_arena;gitadora_gf_arena;iidx_lm;popn_pikapika;sdvx_vm,,allnet;eagate;ziv
ラウンドワンさいたま・栗橋店,埼玉県久喜市小右衛門１９２−１,36.1235137,139.7151734,chunithm;dance_around;ddr;gitadora;iidx;jubeat;maimai_dx;museca;nostalgia;ongeki;other;polaris_chord;popn;sdvx,ddr_gold;gitadora_dm_arena;gitadora_gf_arena;iidx_lm;popn_pikapika;sdvx_vm,dance_around:1;ddr:1;gitadora:2;maimai_dx:4;museca:1;popn:2,allnet;eagate;ziv
ラウンドワンさいたま・鴻巣店,埼玉県鴻巣市箕田３１６３−７,36.0806388,139.4902256,chunithm;dance_around;dance_evo;ddr;drs;gitadora;iidx;jubeat;maimai_dx;nostalgia;ongeki;polaris_chord;popn;sdvx,ddr_gold;gitadora_dm_arena;gitadora_gf_arena;iidx_lm;popn_pikapika;sdvx_vm,,allnet;eagate;ziv
ラウンドワンみえ川越インターチェンジ店,三重県三重郡川越町南福崎８５１−１,35.0229015,136.6835299,chunithm;ddr;gitadora;iidx;maimai_dx;ongeki;other;polaris_chord;popn;sdvx,ddr_gold;gitadora_dm_arena;gitadora_gf_arena;iidx_lm;popn_pikapika;sdvx_vm,,allnet;eagate;ziv
ラウンドワンららぽーと和泉店,大阪府和泉市あゆみ野４−４−７　４階　４２１００番,34.4356803,135.4479088,chunithm;iidx;maimai_dx;ongeki;other;popn;sdvx,iidx_lm;popn_pikapika;sdvx_vm,,allnet;eagate;ziv
ラウンドワンららぽーと新三郷店,埼玉県三郷市新三郷ららシティ3-1-1ららぽーと新三郷2F20000番,35.8594806,139.8671397,beatstream;chunithm;dance_around;dance_evo;ddr;gitadora;iidx;jubeat;maimai_dx;ongeki;polaris_chord;popn;sdvx,ddr_gold;gitadora_dm_arena;gitadora_gf_arena;iidx_lm;popn_pikapika;sdvx_vm,beatstream:2;chunithm:1;dance_evo:1;ddr:1;maimai_dx:1;sdvx:3,allnet;eagate;ziv
ラウンドワンららぽーと湘南平塚店,神奈川県平塚市天沼１０−１３階 ３３２８０番,35.3379406,139.3560477,chunithm;ddr;iidx;maimai_dx;ongeki;other;polaris_chord;popn;sdvx,ddr_gold;iidx_lm;popn_pikapika;sdvx_vm,,allnet;eagate;ziv
ラウンドワンわらび店,埼玉県蕨市北町５−１−６,35.8307831,139.6742333,chunithm;ddr;drs;gitadora;iidx;jubeat;maimai_dx;nostalgia;ongeki;other;polaris_chord;popn;project_diva;sdvx,ddr_gold;gitadora_dm_arena;gitadora_gf_arena;iidx_lm;popn_pikapika;sdvx_vm,,allnet;eagate;ziv
ラウンドワンアリオ柏店,千葉県柏市大島田１丁目６番地１セブンパークアリオ柏　１０７０,35.8323319,140.0119419,chunithm;dance_around;ddr;drs;gitadora;iidx;maimai_dx;ongeki;polaris_chord;popn;sdvx;taiko,ddr_gold;gitadora_dm_arena;gitadora_gf_arena;iidx_lm;popn_pikapika;sdvx_vm,,allnet;eagate
ラウンドワンダイバーシティ東京プラザ店,東京都江東区青海1-1-10ダイバーシティ東京プラザ6階61000,35.6256894,139.7763086,chunithm;crossbeats;dance_around;dance_evo;ddr;drs;gitadora;iidx;jubeat;maimai_dx;ongeki;other;polaris_chord;popn;project_diva;sdvx;taiko,ddr_gold;gitadora_dm_arena;gitadora_gf_arena;iidx_lm;popn_pikapika;sdvx_vm,chunithm:4;crossbeats:2;dance_around:3;dance_evo:1;ddr:1;drs:1;gitadora:4;iidx:2;jubeat:2;maimai_dx:2;ongeki:2;polaris_chord:2;popn:3;project_diva:1;sdvx:1;taiko:6,allnet;eagate;ziv
ラウンドワンモレラ岐阜店,岐阜県本巣市三橋１１００,35.4552106,136.6727657,chunithm;dance_around;ddr;drs;gitadora;iidx;jubeat;maimai_dx;nostalgia;ongeki;other;polaris_chord;popn;sdvx,ddr_gold;gitadora_dm_arena;gitadora_gf_arena;iidx_lm;popn_pikapika;sdvx_vm,,allnet;eagate;ziv
ラウンドワンヨロッカ春日井店,愛知県春日井市六軒屋町東丘２２テナント区画番号３０１０,35.2587361,136.9816772,chunithm;ddr;gitadora;iidx;maimai_dx;ongeki;other;polaris_chord;popn;sdvx;taiko,ddr_gold;gitadora_dm_arena;gitadora_gf_arena;iidx_lm;popn_pikapika;sdvx_vm,chunithm:3;ddr:1;gitadora:2;iidx:2;maimai_dx:2;ongeki:2;polaris_chord:2;sdvx:2;taiko:2,allnet;eagate;ziv
ラウンドワン三宮駅前店,兵庫県神戸市中央区小野柄通6-1-17,34.6939326,135.1973748,chunithm;ddr;gitadora;iidx;maimai_dx;ongeki;other;polaris_chord;popn;sdvx;taiko,ddr_gold;gitadora_dm_arena;gitadora_gf_arena;iidx_lm;popn_pikapika;sdvx_vm,chunithm:8;ddr:1;gitadora:2;iidx:3;maimai_dx:3;ongeki:6;polaris_chord:4;popn:1;sdvx:4;taiko:3,allnet;eagate;ziv
ラウンドワン上尾店,埼玉県上尾市大字平塚９１７−１,35.9857321,139.6078402,chunithm;dance_around;ddr;drs;gitadora;iidx;maimai_dx;nostalgia;ongeki;other;polaris_chord;popn;sdvx,ddr_gold;gitadora_dm_arena;gitadora_gf_arena;iidx_lm;popn_pikapika;sdvx_vm,,allnet;eagate;ziv
ラウンドワン中川１号線店,愛知県名古屋市中川区法蔵町２−２３,35.1236443,136.8636045,chunithm;dance_around;ddr;drs;gitadora;iidx;jubeat;maimai_dx;ongeki;other;polaris_chord;popn;sdvx;taiko,ddr_gold;gitadora_dm_arena;gitadora_gf_arena;iidx_lm;popn_pikapika;sdvx_vm,chunithm:4;dance_around:2;ddr:1;drs:1;gitadora:2;iidx:2;jubeat:1;maimai_dx:2;ongeki:4;polaris_chord:4;popn:1;sdvx:2;taiko:1,allnet;eagate;ziv
ラウンドワン京都伏見店,京都府京都市伏見区下鳥羽平塚町１３１,34.9359432,135.7463208,chunithm;ddr;gitadora;iidx;maimai_dx;ongeki;other;polaris_chord;popn;sdvx,ddr_gold;gitadora_dm_arena;gitadora_gf_arena;iidx_lm;popn_pikapika;sdvx_vm,,allnet;eagate;ziv
ラウンドワン京都河原町店,京都府京都市中京区河原町通三条下ル山崎町２５０,35.0070244,135.7686902,chunithm;dance_around;ddr;drs;gitadora;iidx;jubeat;maimai_dx;nostalgia;ongeki;other;polaris_chord;popn;project_diva;sdvx;taiko,ddr_gold;gitadora_dm_arena;gitadora_gf_arena;iidx_lm;popn_pikapika;sdvx_vm,chunithm:8;dance_around:1;ddr:2;drs:2;gitadora:4;iidx:5;jubeat:1;maimai_dx:8;nostalgia:1;ongeki:6;polaris_chord:4;popn:5;project_diva:1;sdvx:6;taiko:5,allnet;eagate;ziv
ラウンドワン仙台泉店,宮城県仙台市泉区大沢二丁目１２番４号　１階,38.3520265,140.8795076,chunithm;dance_around;ddr;gitadora;iidx;maimai_dx;ongeki;polaris_chord;popn;sdvx,ddr_gold;gitadora_dm_arena;gitadora_gf_arena;iidx_lm;popn_pikapika;sdvx_vm,,allnet;eagate
ラウンドワン仙台苦竹店,宮城県仙台市宮城野区苦竹１−７−１０,38.2680832,140.9172451,chunithm;dance_around;ddr;gitadora;iidx;jubeat;maimai_dx;nostalgia;ongeki;other;polaris_chord;popn;sdvx,ddr_gold;gitadora_dm_arena;gitadora_gf_arena;iidx_lm;popn_pikapika;sdvx_vm,,allnet;eagate;ziv
ラウンドワン伊丹店,兵庫県伊丹市昆陽７丁目２９,34.7790734,135.3934676,chunithm;ddr;gitadora;iidx;maimai_dx;ongeki;other;polaris_chord;popn;project_diva;sdvx,ddr_gold;gitadora_dm_arena;gitadora_gf_arena;iidx_lm;popn_pikapika;sdvx_vm,,allnet;eagate;ziv
ラウンドワン佐賀店,佐賀県佐賀市兵庫北４−２−１,33.2752276,130.3010551,chunithm;dance_around;ddr;drs;gitadora;iidx;maimai_dx;ongeki;other;polaris_chord;popn;sdvx,ddr_gold;gitadora_dm_arena;gitadora_gf_arena;iidx_lm;popn_pikapika;sdvx_vm,,allnet;eagate;ziv
ラウンドワン入間店,埼玉県入間市小谷田３−７−２５,35.8279801,139.3760089,chunithm;dance_around;ddr;gitadora;iidx;jubeat;maimai_dx;nostalgia;ongeki;other;polaris_chord;popn;sdvx,ddr_gold;gitadora_dm_arena;gitadora_gf_arena;iidx_lm;popn_pikapika;sdvx_vm,,allnet;eagate;ziv
ラウンドワン函館店,北海道函館市西桔梗町８４８−１１,41.8246380,140.7175148,chunithm;dance_around;ddr;gitadora;iidx;maimai_dx;nostalgia;ongeki;other;polaris_chord;popn;sdvx,ddr_gold;gitadora_dm_arena;gitadora_gf_arena;iidx_lm;popn_pikapika;sdvx_vm,,allnet;eagate;ziv
ラウンドワン前橋店,群馬県前橋市天川大島町１１０１−１,36.3687628,139.1052489,chunithm;ddr;drs;gitadora;iidx;maimai_dx;ongeki;other;polaris_chord;popn;sdvx,ddr_gold;gitadora_dm_arena;gitadora_gf_arena;iidx_lm;popn_pikapika;sdvx_vm,,allnet;eagate;ziv
ラウンドワン加古川店,兵庫県加古川市尾上町安田325番6号,34.7470428,134.8369253,chunithm;dance_around;ddr;gitadora;iidx;jubeat;maimai_dx;nostalgia;ongeki;other;polaris_chord;popn;sdvx,ddr_gold;gitadora_dm_arena;gitadora_gf_arena;iidx_lm;popn_pikapika;sdvx_vm,,allnet;eagate;ziv
ラウンドワン千日前店,大阪府大阪市中央区難波１−３−１,34.6675295,135.5027825,beatstream;chunithm;crossbeats;dance_around;ddr;drs;gitadora;iidx;jubeat;maimai_dx;museca;nostalgia;ongeki;other;polaris_chord;popn;project_diva;reflec;sdvx,ddr_gold;gitadora_dm_arena;gitadora_gf_arena;iidx_lm;popn_pikapika;sdvx_vm,beatstream:1;chunithm:8;crossbeats:1;dance_around:1;ddr:5;drs:1;gitadora:4;iidx:7;jubeat:1;maimai_dx:4;museca:1;nostalgia:1;ongeki:4;polaris_chord:2;popn:3;project_diva:2;reflec:5;sdvx:8,allnet;eagate;ziv
ラウンドワン千種店,愛知県名古屋市千種区新栄3-20-17タイホウ千種駅前南ビル1階,35.1680713,136.9280046,chunithm;ddr;drs;gitadora;iidx;jubeat;maimai_dx;ongeki;other;polaris_chord;popn;sdvx;taiko,ddr_gold;gitadora_dm_arena;gitadora_gf_arena;iidx_lm;popn_pikapika;sdvx_vm,chunithm:2;ddr:1;drs:1;gitadora:2;iidx:1;jubeat:2;maimai_dx:1;ongeki:2;polaris_chord:2;popn:2;sdvx:1;taiko:3,allnet;eagate;ziv
ラウンドワン半田店,愛知県半田市瑞穂町６−７−８,34.8853760,136.9413762,chunithm;ddr;gitadora;iidx;maimai_dx;ongeki;polaris_chord;popn;sdvx,ddr_gold;gitadora_dm_arena;gitadora_gf_arena;iidx_lm;popn_pikapika;sdvx_vm,,allnet;eagate
ラウンドワン南砂店,東京都江東区南砂６−７−１５トピレックプラザ４Ｆ,35.6718431,139.8369781,chunithm;dance_around;ddr;drs;gitadora;iidx;jubeat;maimai_dx;nostalgia;ongeki;other;polaris_chord;popn;project_diva;reflec;sdvx;taiko,ddr_gold;gitadora_dm_arena;gitadora_gf_arena;iidx_lm;popn_pikapika;sdvx_vm,ddr:2;gitadora:2;iidx:2;jubeat:2;popn:3;project_diva:2;reflec:3;sdvx:2;taiko:1,allnet;eagate;ziv
ラウンドワン博多半道橋店,福岡県福岡市博多区半道橋２−２−８,33.5840670,130.4383464,chunithm;dance_around;ddr;gitadora;iidx;maimai_dx;ongeki;other;polaris_chord;popn;sdvx,ddr_gold;gitadora_dm_arena;gitadora_gf_arena;iidx_lm;popn_pikapika;sdvx_vm,,allnet;eagate;ziv
ラウンドワン吉祥寺店,東京都武蔵野市吉祥寺本町1-11-22,35.7063020,139.5807799,chunithm;ddr;gitadora;iidx;jubeat;maimai_dx;nostalgia;ongeki;other;polaris_chord;popn;sdvx,ddr_gold;gitadora_dm_arena;gitadora_gf_arena;iidx_lm;popn_pikapika;sdvx_vm,,allnet;eagate;ziv
ラウンドワン名古屋西春店,愛知県北名古屋市宇福寺神明１５,35.2548498,136.8436265,chunithm;ddr;gitadora;iidx;maimai_dx;ongeki;other;polaris_chord;popn;sdvx;taiko,ddr_gold;gitadora_dm_arena;gitadora_gf_arena;iidx_lm;popn_pikapika;sdvx_vm,chunithm:2;ddr:1;gitadora:2;iidx:2;maimai_dx:2;ongeki:2;polaris_chord:4;popn:1;sdvx:2;taiko:1,allnet;eagate;ziv
ラウンドワン和歌山店,和歌山県和歌山市小雑賀７３９−３,34.1984612,135.1859700,chunithm;ddr;gitadora;iidx;maimai_dx;ongeki;other;polaris_chord;popn;sdvx,ddr_gold;gitadora_dm_arena;gitadora_gf_arena;iidx_lm;popn_pikapika;sdvx_vm,,allnet;eagate;ziv
ラウンドワン城東放出店,大阪府大阪市城東区今福南3-4-38,34.6964966,135.5593162,chunithm;ddr;gitadora;iidx;maimai_dx;ongeki;other;polaris_chord;popn;sdvx,ddr_gold;gitadora_dm_arena;gitadora_gf_arena;iidx_lm;popn_pikapika;sdvx_vm,,allnet;eagate;ziv
ラウンドワン堺中央環状店,大阪府堺市東区石原町２−２４１,34.5569759,135.5365126,chunithm;ddr;gitadora;iidx;jubeat;maimai_dx;ongeki;other;polaris_chord;popn;sdvx,ddr_gold;gitadora_dm_arena;gitadora_gf_arena;iidx_lm;popn_pikapika;sdvx_vm,,allnet;eagate;ziv
ラウンドワン堺駅前店,大阪府堺市堺区戎島町4-44-3,34.5834551,135.4684377,chunithm;dance_around;ddr;gitadora;iidx;maimai_dx;ongeki;other;polaris_chord;popn;sdvx,ddr_gold;gitadora_dm_arena;gitadora_gf_arena;iidx_lm;popn_pikapika;sdvx_vm,chunithm:2;ongeki:2,allnet;eagate;ziv
ラウンドワン大分店,大分県大分市萩原２−１３−１７,33.2489675,131.6402343,chunithm;ddr;drs;gitadora;iidx;maimai_dx;ongeki;other;polaris_chord;popn;sdvx,ddr_gold;gitadora_dm_arena;gitadora_gf_arena;iidx_lm;popn_pikapika;sdvx_vm,,allnet;eagate;ziv
ラウンドワン大宮店,埼玉県さいたま市大宮区宮町４−９０−７,35.9108281,139.6254402,chunithm;dance_around;ddr;drs;gitadora;iidx;jubeat;maimai_dx;nostalgia;ongeki;other;polaris_chord;popn;sdvx,ddr_gold;gitadora_dm_arena;gitadora_gf_arena;iidx_lm;popn_pikapika;sdvx_vm,,allnet;eagate;ziv
ラウンドワン大野城店,福岡県大野城市御笠川１−１８−１６,33.5464190,130.4822611,chunithm;dance_around;ddr;drs;gitadora;iidx;jubeat;maimai_dx;nostalgia;ongeki;other;polaris_chord;popn;sdvx,ddr_gold;gitadora_dm_arena;gitadora_gf_arena;iidx_lm;popn_pikapika;sdvx_vm,,allnet;eagate;ziv
ラウンドワン奈良・ミナーラ店,奈良県奈良市二条大路南１−３−１ミ・ナーラ５階,34.6849116,135.8025405,chunithm;dance_around;ddr;gitadora;iidx;maimai_dx;nostalgia;ongeki;other;polaris_chord;popn;sdvx,ddr_gold;gitadora_dm_arena;gitadora_gf_arena;iidx_lm;popn_pikapika;sdvx_vm,,allnet;eagate;ziv
ラウンドワン姫路飾磨店,兵庫県姫路市飾磨区中島１−２５４,34.7923295,134.6870919,chunithm;ddr;gitadora;iidx;maimai_dx;ongeki;other;polaris_chord;popn;sdvx,ddr_gold;gitadora_dm_arena;gitadora_gf_arena;iidx_lm;popn_pikapika;sdvx_vm,,allnet;eagate;ziv
ラウンドワン宇都宮店,栃木県宇都宮市江曽島町２０７２−１,36.5406864,139.8868934,chunithm;ddr;gitadora;iidx;jubeat;maimai_dx;nostalgia;ongeki;other;polaris_chord;popn;sdvx,ddr_gold;gitadora_dm_arena;gitadora_gf_arena;iidx_lm;popn_pikapika;sdvx_vm,,allnet;eagate;ziv
ラウンドワン守口店,大阪府守口市佐太東町２−６−１４ジャガーグリーン２Ｆ,34.7560955,135.5885314,chunithm;dance_around;ddr;drs;gitadora;iidx;jubeat;maimai_dx;nostalgia;ongeki;other;polaris_chord;popn;project_diva;sdvx,ddr_gold;gitadora_dm_arena;gitadora_gf_arena;iidx_lm;popn_pikapika;sdvx_vm,,allnet;eagate;ziv
ラウンドワン宮崎店,宮崎県宮崎市中村東３−４−６０,31.8953441,131.4175947,chunithm;dance_around;ddr;drs;gitadora;iidx;jubeat;maimai_dx;nostalgia;ongeki;other;polaris_chord;popn;sdvx,ddr_gold;gitadora_dm_arena;gitadora_gf_arena;iidx_lm;popn_pikapika;sdvx_vm,,allnet;eagate;ziv
ラウンドワン富士店,静岡県富士市八代町４−１５,35.1531225,138.6938123,chunithm;dance_around;ddr;gitadora;iidx;jubeat;maimai_dx;nostalgia;ongeki;other;polaris_chord;popn;sdvx,ddr_gold;gitadora_dm_arena;gitadora_gf_arena;iidx_lm;popn_pikapika;sdvx_vm,,allnet;eagate;ziv
ラウンドワン小倉店,福岡県北九州市小倉北区西港町15-65,33.8975963,130.8598416,chunithm;ddr;gitadora;iidx;maimai_dx;ongeki;other;polaris_chord;popn;sdvx,ddr_gold;gitadora_dm_arena;gitadora_gf_arena;iidx_lm;popn_pikapika;sdvx_vm,,allnet;eagate;ziv
ラウンドワン岡山妹尾店,岡山県岡山市南区妹尾３４１３−１,34.6230198,133.8695548,chunithm;ddr;drs;gitadora;iidx;maimai_dx;ongeki;other;polaris_chord;popn;sdvx,ddr_gold;gitadora_dm_arena;gitadora_gf_arena;iidx_lm;popn_pikapika;sdvx_vm,,allnet;eagate;ziv
ラウンドワン岸和田店,大阪府岸和田市八阪町２−１１−１,34.4565318,135.3885664,beatstream;chunithm;dance_around;ddr;gitadora;groove_coaster;iidx;jubeat;maimai_dx;nostalgia;ongeki;other;polaris_chord;popn;project_diva;reflec;sdvx;taiko,ddr_gold;gitadora_dm_arena;gitadora_gf_arena;iidx_lm;popn_pikapika;sdvx_vm,beatstream:4;ddr:1;gitadora:2;groove_coaster:2;iidx:1;jubeat:2;popn:1;project_diva:1;reflec:2;sdvx:2;taiko:1,allnet;eagate;ziv
ラウンドワン川崎大師店,神奈川県川崎市川崎区殿町１−５−１,35.5380415,139.7416951,chunithm;dance_around;ddr;drs;gitadora;iidx;maimai_dx;ongeki;other;polaris_chord;popn;sdvx,ddr_gold;gitadora_dm_arena;gitadora_gf_arena;iidx_lm;popn_pikapika;sdvx_vm,,allnet;eagate;ziv
ラウンドワン市原店,千葉県市原市八幡北町３−５−１,35.5474925,140.1233713,chunithm;ddr;drs;gitadora;iidx;jubeat;maimai_dx;nostalgia;ongeki;other;polaris_chord;popn;sdvx;taiko,ddr_gold;gitadora_dm_arena;gitadora_gf_arena;iidx_lm;popn_pikapika;sdvx_vm,,allnet;eagate;ziv
ラウンドワン市川鬼高店,千葉県市川市鬼高４−１−３,35.7112207,139.9274795,chunithm;dance_around;ddr;drs;gitadora;iidx;jubeat;maimai_dx;nostalgia;ongeki;other;polaris_chord;popn;project_diva;sdvx;taiko,ddr_gold;gitadora_dm_arena;gitadora_gf_arena;iidx_lm;popn_pikapika;sdvx_vm,,allnet;eagate;ziv
ラウンドワン広島店,広島県広島市中区立町３−１１,34.3937013,132.4601039,chunithm;dance_around;ddr;drs;gitadora;iidx;jubeat;maimai_dx;nostalgia;ongeki;other;polaris_chord;popn;sdvx;taiko,ddr_gold;gitadora_dm_arena;gitadora_gf_arena;iidx_lm;popn_pikapika;sdvx_vm,ddr:1;gitadora:2;iidx:2;jubeat:4;popn:4;sdvx:3;taiko:2,allnet;eagate;ziv
ラウンドワン府中本町駅前,東京都府中市本町１−１３−３カネタビル,35.6672709,139.4774004,chunithm;dance_around;ddr;drs;gitadora;groove_coaster;iidx;jubeat;maimai_dx;nostalgia;ongeki;other;polaris_chord;popn;project_diva;reflec;sdvx;taiko,ddr_gold;gitadora_dm_arena;gitadora_gf_arena;iidx_lm;popn_pikapika;sdvx_vm,ddr:1;gitadora:4;groove_coaster:2;iidx:2;jubeat:4;popn:4;project_diva:2;reflec:4;sdvx:4;taiko:1,allnet;eagate;ziv
ラウンドワン徳島・万代店,徳島県徳島市万代町４−１９−１,34.0647908,134.5646739,chunithm;ddr;gitadora;iidx;maimai_dx;ongeki;other;polaris_chord;popn;sdvx,ddr_gold;gitadora_dm_arena;gitadora_gf_arena;iidx_lm;popn_pikapika;sdvx_vm,,allnet;eagate;ziv
ラウンドワン所沢店,埼玉県所沢市東町５丁目２２　６階,35.7888614,139.4695620,chunithm;dance_around;ddr;gitadora;iidx;jubeat;maimai_dx;ongeki;other;polaris_chord;popn;sdvx,ddr_gold;gitadora_dm_arena;gitadora_gf_arena;iidx_lm;popn_pikapika;sdvx_vm,,allnet;eagate;ziv
ラウンドワン新潟店,新潟県新潟市中央区美咲町２−１−３８,37.8881096,139.0176867,chunithm;dance_around;ddr;gitadora;iidx;jubeat;maimai_dx;nostalgia;ongeki;other;polaris_chord;popn;sdvx,ddr_gold;gitadora_dm_arena;gitadora_gf_arena;iidx_lm;popn_pikapika;sdvx_vm,,allnet;eagate;ziv
ラウンドワン旭川店,北海道旭川市永山三条１−４−７,43.7863735,142.3974371,chunithm;dance_around;ddr;drs;gitadora;iidx;maimai_dx;ongeki;polaris_chord;popn;sdvx,ddr_gold;gitadora_dm_arena;gitadora_gf_arena;iidx_lm;popn_pikapika;sdvx_vm,,allnet;eagate;ziv
ラウンドワン朝霞店,埼玉県朝霞市膝折町２−１６−１０,35.7902754,139.5796457,chunithm;dance_evo;ddr;gitadora;iidx;maimai_dx;ongeki;polaris_chord;popn;sdvx,ddr_gold;gitadora_dm_arena;gitadora_gf_arena;iidx_lm;popn_pikapika;sdvx_vm,,allnet;eagate;ziv
ラウンドワン札幌すすきの店,北海道札幌市中央区南五条西3-6-1,43.0545356,141.3545240,chunithm;dance_around;ddr;drs;gitadora;iidx;jubeat;maimai_dx;nostalgia;ongeki;other;polaris_chord;popn;project_diva;sdvx;taiko,ddr_gold;gitadora_dm_arena;gitadora_gf_arena;iidx_lm;popn_pikapika;sdvx_vm,chunithm:10;dance_around:2;ddr:3;drs:2;gitadora:4;iidx:9;jubeat:3;maimai_dx:4;ongeki:6;polaris_chord:8;popn:4;project_diva:1;sdvx:8;taiko:4,allnet;eagate;ziv
ラウンドワン札幌北２１条店,北海道札幌市東区北二十一条東１−１−２１,43.0867627,141.3497046,chunithm;dance_around;ddr;gitadora;iidx;maimai_dx;nostalgia;ongeki;other;polaris_chord;popn;sdvx;taiko,ddr_gold;gitadora_dm_arena;gitadora_gf_arena;iidx_lm;popn_pikapika;sdvx_vm,,allnet;eagate;ziv
ラウンドワン札幌白石本通店,北海道札幌市白石区本通１６丁目北１−５０,43.0367922,141.4328781,chunithm;ddr;gitadora;iidx;maimai_dx;ongeki;other;polaris_chord;popn;sdvx,ddr_gold;gitadora_dm_arena;gitadora_gf_arena;iidx_lm;popn_pikapika;sdvx_vm,,allnet;eagate;ziv
ラウンドワン東大阪店,大阪府東大阪市若江南町１−２−１２,34.6530441,135.6063264,chunithm;ddr;gitadora;iidx;jubeat;maimai_dx;ongeki;other;polaris_chord;popn;sdvx,ddr_gold;gitadora_dm_arena;gitadora_gf_arena;iidx_lm;popn_pikapika;sdvx_vm,,allnet;eagate;ziv
ラウンドワン東淀川店,大阪府大阪市東淀川区菅原７−１４−２８,34.7427577,135.5250375,chunithm;dance_around;ddr;gitadora;iidx;jubeat;maimai_dx;nostalgia;ongeki;other;polaris_chord;popn;sdvx,ddr_gold;gitadora_dm_arena;gitadora_gf_arena;iidx_lm;popn_pikapika;sdvx_vm,,allnet;eagate;ziv
ラウンドワン松山店,愛媛県松山市東長戸１−３−１０,33.8665121,132.7515765,chunithm;ddr;gitadora;iidx;maimai_dx;ongeki;other;polaris_chord;popn;sdvx,ddr_gold;gitadora_dm_arena;gitadora_gf_arena;iidx_lm;popn_pikapika;sdvx_vm,,allnet;eagate;ziv
ラウンドワン板橋店,東京都板橋区相生町１６−１３,35.7766273,139.6786153,chunithm;dance_around;ddr;drs;gitadora;iidx;jubeat;maimai_dx;ongeki;other;polaris_chord;popn;sdvx,ddr_gold;gitadora_dm_arena;gitadora_gf_arena;iidx_lm;popn_pikapika;sdvx_vm,,allnet;eagate;ziv
ラウンドワン梅田店,大阪府大阪市北区小松原町４−１６,34.7030460,135.5010682,beatstream;chunithm;dance_around;ddr;drs;gitadora;groove_coaster;iidx;jubeat;maimai_dx;nostalgia;ongeki;other;polaris_chord;popn;project_diva;reflec;sdvx;taiko,ddr_gold;gitadora_dm_arena;gitadora_gf_arena;iidx_lm;popn_pikapika;sdvx_vm,beatstream:8;dance_around:2;ddr:3;gitadora:6;groove_coaster:4;iidx:5;jubeat:2;popn:2;project_diva:4;reflec:8;sdvx:7;taiko:5,allnet;eagate;ziv
ラウンドワン横浜綱島店,神奈川県横浜市港北区樽町２−６−４０Ｔ-PLATZ内,35.5319981,139.6371792,chunithm;ddr;gitadora;iidx;maimai_dx;ongeki;other;polaris_chord;popn;sdvx,ddr_gold;gitadora_dm_arena;gitadora_gf_arena;iidx_lm;popn_pikapika;sdvx_vm,,allnet;eagate;ziv
ラウンドワン横浜駅西口店,神奈川県横浜市西区南幸２−８−１６,35.4639294,139.6179961,chunithm;dance_around;ddr;drs;gitadora;groove_coaster;iidx;jubeat;maimai_dx;ongeki;other;polaris_chord;popn;project_diva;sdvx;taiko,ddr_gold;gitadora_dm_arena;gitadora_gf_arena;iidx_lm;popn_pikapika;sdvx_vm,chunithm:8;dance_around:5;ddr:3;drs:2;gitadora:2;groove_coaster:2;iidx:6;jubeat:2;maimai_dx:6;ongeki:8;popn:3;project_diva:1;sdvx:8;taiko:4,allnet;eagate;ziv
ラウンドワン武蔵村山店,東京都武蔵村山市伊奈平３−１−１,35.7353291,139.3823619,chunithm;dance_around;ddr;drs;gitadora;iidx;maimai_dx;ongeki;other;polaris_chord;popn;sdvx,ddr_gold;gitadora_dm_arena;gitadora_gf_arena;iidx_lm;popn_pikapika;sdvx_vm,,allnet;eagate;ziv
ラウンドワン池袋店,東京都豊島区東池袋１−１４−１,35.7301352,139.7152049,chunithm;dance_around;ddr;drs;gitadora;iidx;jubeat;maimai_dx;nostalgia;ongeki;other;polaris_chord;popn;project_diva;sdvx;taiko,ddr_gold;gitadora_dm_arena;gitadora_gf_arena;iidx_lm;popn_pikapika;sdvx_vm,chunithm:16;dance_around:2;ddr:3;drs:2;gitadora:4;iidx:11;jubeat:1;maimai_dx:6;nostalgia:1;ongeki:4;polaris_chord:2;popn:7;project_diva:1;sdvx:11;taiko:4,allnet;eagate;ziv
ラウンドワン沖縄・南風原店,沖縄県島尻郡南風原町字兼城５５２番地,26.1951082,127.7209626,chunithm;ddr;drs;gitadora;groove_coaster;iidx;jubeat;maimai_dx;nostalgia;ongeki;other;polaris_chord;popn;project_diva;sdvx;wacca,ddr_gold;gitadora_dm_arena;gitadora_gf_arena;iidx_lm;popn_pikapika;sdvx_vm,,allnet;eagate;ziv
ラウンドワン沖縄・宜野湾店,沖縄県宜野湾市真志喜３−２８−８,26.2758542,127.7310091,chunithm;ddr;drs;gitadora;groove_coaster;iidx;jubeat;maimai_dx;nostalgia;ongeki;other;polaris_chord;popn;sdvx;taiko;wacca,ddr_gold;gitadora_dm_arena;gitadora_gf_arena;iidx_lm;popn_pikapika;sdvx_vm,,allnet;eagate;ziv
ラウンドワン津・高茶屋店,三重県津市高茶屋小森町２７７−８,34.6724656,136.5194702,chunithm;dance_around;ddr;gitadora;iidx;maimai_dx;ongeki;other;polaris_chord;popn;sdvx;taiko,ddr_gold;gitadora_dm_arena;gitadora_gf_arena;iidx_lm;popn_pikapika;sdvx_vm,chunithm:2;dance_around:1;ddr:1;gitadora:2;iidx:1;maimai_dx:2;ongeki:2;polaris_chord:2;popn:2;sdvx:2;taiko:2,allnet;eagate;ziv
ラウンドワン浜大津アーカス店,滋賀県大津市浜町２−１浜大津アーカス内,35.0108080,135.8666001,chunithm;ddr;gitadora;iidx;maimai_dx;ongeki;other;polaris_chord;popn;sdvx,ddr_gold;gitadora_dm_arena;gitadora_gf_arena;iidx_lm;popn_pikapika;sdvx_vm,,allnet;eagate;ziv
ラウンドワン浜松店,静岡県浜松市中央区天王町諏訪１９８１−１７,34.7379036,137.7641716,chunithm;dance_around;ddr;drs;gitadora;iidx;maimai_dx;ongeki;other;polaris_chord;popn;sdvx,ddr_gold;gitadora_dm_arena;gitadora_gf_arena;iidx_lm;popn_pikapika;sdvx_vm,,allnet;eagate;ziv
ラウンドワン熊本店,熊本県熊本市西区春日7-25-15,32.7850486,130.6775472,chunithm;dance_around;ddr;drs;gitadora;iidx;maimai_dx;nostalgia;ongeki;other;polaris_chord;popn;sdvx,ddr_gold;gitadora_dm_arena;gitadora_gf_arena;iidx_lm;popn_pikapika;sdvx_vm,,allnet;eagate;ziv
ラウンドワン町田ジョルナ店,東京都町田市原町田六丁目６番１４号　町田ジョルナ３階フロア,35.5422264,139.4471637,chunithm;maimai_dx,,,allnet
ラウンドワン町田店,東京都町田市森野１−１３−１４,35.5439665,139.4432308,chunithm;ddr;gitadora;iidx;jubeat;maimai_dx;ongeki;other;polaris_chord;popn;project_diva;sdvx,ddr_gold;gitadora_dm_arena;gitadora_gf_arena;iidx_lm;popn_pikapika;sdvx_vm,,allnet;eagate;ziv
ラウンドワン盛岡店,岩手県盛岡市盛岡駅西通２−１０−３５,39.7003942,141.1331774,chunithm;ddr;gitadora;iidx;maimai_dx;nostalgia;ongeki;other;polaris_chord;popn;sdvx,ddr_gold;gitadora_dm_arena;gitadora_gf_arena;iidx_lm;popn_pikapika;sdvx_vm,,allnet;eagate;ziv
ラウンドワン福山店,広島県福山市明神町１−９−２８,34.4892062,133.3924382,chunithm;dance_around;ddr;drs;gitadora;iidx;maimai_dx;ongeki;polaris_chord;popn;sdvx,ddr_gold;gitadora_dm_arena;gitadora_gf_arena;iidx_lm;popn_pikapika;sdvx_vm,,allnet;eagate;ziv
ラウンドワン福岡天神店,福岡県福岡市中央区天神２−６−１２,33.5894630,130.3967853,chunithm;dance_around;ddr;drs;gitadora;iidx;jubeat;maimai_dx;ongeki;polaris_chord;popn;sdvx,ddr_gold;gitadora_dm_arena;gitadora_gf_arena;iidx_lm;popn_pikapika;sdvx_vm,chunithm:1;dance_around:2;ddr:3;drs:3;gitadora:4;iidx:1;maimai_dx:1;polaris_chord:1;sdvx:1,allnet;eagate;ziv
ラウンドワン福島店,福島県福島市太田町14-18,37.7525491,140.4561307,chunithm;ddr;gitadora;iidx;jubeat;maimai_dx;nostalgia;ongeki;other;polaris_chord;popn;sdvx,ddr_gold;gitadora_dm_arena;gitadora_gf_arena;iidx_lm;popn_pikapika;sdvx_vm,,allnet;eagate;ziv
ラウンドワン秋田店,秋田県秋田市卸町１−１−２,39.7020319,140.1094121,chunithm;ddr;gitadora;iidx;jubeat;maimai_dx;nostalgia;ongeki;other;polaris_chord;popn;sdvx,ddr_gold;gitadora_dm_arena;gitadora_gf_arena;iidx_lm;popn_pikapika;sdvx_vm,,allnet;eagate;ziv
ラウンドワン習志野店,千葉県習志野市芝園１−４−５,35.6602102,140.0226100,chunithm;ddr;drs;gitadora;iidx;maimai_dx;nostalgia;ongeki;other;polaris_chord;popn;sdvx;taiko,ddr_gold;gitadora_dm_arena;gitadora_gf_arena;iidx_lm;popn_pikapika;sdvx_vm,,allnet;eagate;ziv
ラウンドワン草加店,埼玉県草加市谷塚上町２０４番１,35.8124211,139.7879027,chunithm;ddr;gitadora;iidx;maimai_dx;ongeki;other;polaris_chord;popn;sdvx,ddr_gold;gitadora_dm_arena;gitadora_gf_arena;iidx_lm;popn_pikapika;sdvx_vm,,allnet;eagate;ziv
ラウンドワン豊中店,大阪府豊中市名神口１−１−１,34.7574026,135.4656578,chunithm;ddr;gitadora;iidx;maimai_dx;ongeki;other;polaris_chord;popn;sdvx,ddr_gold;gitadora_dm_arena;gitadora_gf_arena;iidx_lm;popn_pikapika;sdvx_vm,,allnet;eagate;ziv
ラウンドワン豊橋店,愛知県豊橋市大岩町字岩田２７−２,34.7237006,137.4326113,chunithm;dance_around;ddr;gitadora;iidx;maimai_dx;ongeki;other;polaris_chord;popn;sdvx,ddr_gold;gitadora_dm_arena;gitadora_gf_arena;iidx_lm;popn_pikapika;sdvx_vm,,allnet;eagate;ziv
ラウンドワン郡山店,福島県郡山市向河原町４−５５,37.4023215,140.3956360,chunithm;ddr;gitadora;iidx;maimai_dx;nostalgia;ongeki;other;polaris_chord;popn;sdvx,ddr_gold;gitadora_dm_arena;gitadora_gf_arena;iidx_lm;popn_pikapika;sdvx_vm,,allnet;eagate;ziv
ラウンドワン金沢店,石川県金沢市横川6-120-1,36.5420630,136.6259888,chunithm;dance_around;ddr;drs;gitadora;iidx;jubeat;maimai_dx;nostalgia;ongeki;polaris_chord;popn;sdvx,ddr_gold;gitadora_dm_arena;gitadora_gf_arena;iidx_lm;popn_pikapika;sdvx_vm,dance_around:2;ddr:1;drs:2,allnet;eagate;ziv
ラウンドワン長野店,長野県長野市大字東和田８２７番地６,36.6511151,138.2254058,chunithm;dance_around;ddr;gitadora;iidx;jubeat;maimai_dx;nostalgia;ongeki;other;polaris_chord;popn;sdvx,ddr_gold;gitadora_dm_arena;gitadora_gf_arena;iidx_lm;popn_pikapika;sdvx_vm,,allnet;eagate;ziv
ラウンドワン青森店,青森県青森市浜田３−１−１,40.7986939,140.7484106,chunithm;dance_around;ddr;drs;gitadora;iidx;jubeat;maimai_dx;nostalgia;ongeki;other;polaris_chord;popn;sdvx;taiko,ddr_gold;gitadora_dm_arena;gitadora_gf_arena;iidx_lm;popn_pikapika;sdvx_vm,chunithm:4;dance_around:1;ddr:1;drs:1;gitadora:2;jubeat:2;maimai_dx:3;ongeki:4;polaris_chord:4;popn:1;sdvx:2;taiko:2,allnet;eagate;ziv
ラウンドワン静岡・駿河店,静岡県静岡市駿河区向手越１丁目１０−１,34.9509793,138.3605224,chunithm;dance_around;ddr;gitadora;iidx;maimai_dx;ongeki;other;polaris_chord;popn;sdvx,ddr_gold;gitadora_dm_arena;gitadora_gf_arena;iidx_lm;popn_pikapika;sdvx_vm,,allnet;eagate;ziv
ラウンドワン高松店,香川県高松市松島町２−７−４３,34.3389079,134.0670672,chunithm;dance_around;ddr;drs;gitadora;iidx;maimai_dx;ongeki;other;polaris_chord;popn;sdvx,ddr_gold;gitadora_dm_arena;gitadora_gf_arena;iidx_lm;popn_pikapika;sdvx_vm,,allnet;eagate;ziv
ラウンドワン高槻店,大阪府高槻市辻子３−６−４,34.8326157,135.6300541,chunithm;dance_around;ddr;gitadora;iidx;maimai_dx;ongeki;polaris_chord;popn;sdvx,ddr_gold;gitadora_dm_arena;gitadora_gf_arena;iidx_lm;popn_pikapika;sdvx_vm,,allnet;eagate
ラウンドワン高知店,高知県高知市南宝永町４−１２,33.5578349,133.5543516,chunithm;dance_around;ddr;drs;gitadora;iidx;jubeat;maimai_dx;nostalgia;ongeki;other;polaris_chord;popn;project_diva;sdvx,ddr_gold;gitadora_dm_arena;gitadora_gf_arena;iidx_lm;popn_pikapika;sdvx_vm,,allnet;eagate;ziv
ラウンドワン鳴海店,愛知県名古屋市緑区鳴海町杜若２８,35.0989113,136.9527377,chunithm;dance_around;drs;gitadora;iidx;jubeat;maimai_dx;ongeki;other;polaris_chord;popn;sdvx;taiko,gitadora_dm_arena;gitadora_gf_arena;iidx_lm;popn_pikapika;sdvx_vm,,allnet;eagate;ziv
ラウンドワン鹿児島宇宿店,鹿児島県鹿児島市宇宿2-2-2,31.5447366,130.5434185,chunithm;dance_around;ddr;drs;gitadora;iidx;jubeat;maimai_dx;nostalgia;ongeki;other;polaris_chord;popn;project_diva;sdvx,ddr_gold;gitadora_dm_arena;gitadora_gf_arena;iidx_lm;popn_pikapika;sdvx_vm,,allnet;eagate;ziv
ラウンドワンＪＲ尼崎駅前店,兵庫県尼崎市潮江１−４−５プラストいきいき館４階,34.7334158,135.4329719,chunithm;iidx;maimai_dx;ongeki;other;popn;sdvx,iidx_lm;popn_pikapika;sdvx_vm,,allnet;eagate;ziv
ラッキーバッティングドーム八千代店,千葉県八千代市大和田新田1088,35.7245286,140.0673411,chunithm;drs;gitadora;iidx;jubeat;maimai_dx;nostalgia;ongeki;polaris_chord;popn;sdvx;taiko,gitadora_dm_arena;gitadora_gf_arena;iidx_lm;popn_pikapika;sdvx_vm,,allnet;eagate
ラッキー中央店・フェリシダ,千葉県千葉市中央区富士見2-8-1,35.6102534,140.1182646,chunithm;ddr;drs;gitadora;iidx;jubeat;maimai_dx;nostalgia;ongeki;polaris_chord;popn;project_diva;pump_it_up;reflec;sdvx;taiko,ddr_gold;gitadora_dm_arena;gitadora_gf_arena;iidx_lm;popn_pikapika;sdvx_vm,,allnet;eagate;ziv
ラッキー佐倉店,千葉県佐倉市井野1475,35.7184529,140.1362184,chunithm;gitadora;iidx;maimai_dx;nostalgia;ongeki;polaris_chord;popn;sdvx;taiko,gitadora_dm_arena;gitadora_gf_arena;iidx_lm;popn_pikapika;sdvx_vm,,allnet;eagate
ロックンボウル,秋田県秋田市広面字長沼３０１,39.7172790,140.1434433,chunithm;ddr;gitadora;iidx;maimai_dx;other;popn,iidx_lm;popn_pikapika,,allnet;eagate;ziv
三冠王バッティングセンター,長崎県佐世保市相浦町２６８９−１,33.1907601,129.6529090,chunithm;ddr;gitadora;iidx;jubeat;maimai_dx;nostalgia;popn;project_diva;reflec;sdvx,iidx_lm;sdvx_vm,ddr:1;gitadora:4;iidx:1;jubeat:1;popn:1;reflec:1;sdvx:2,allnet;eagate;ziv
上越レジャーランボウル,新潟県上越市下門前薬島827-2,37.1641021,138.2489784,chunithm;ddr;iidx;maimai_dx;ongeki;other;sdvx,ddr_gold;iidx_lm;sdvx_vm,,allnet;eagate;ziv
世田谷オークラボウル,東京都世田谷区桜３−２４−１,35.6405200,139.6386376,chunithm;iidx;maimai_dx;ongeki,,,allnet;eagate
八街ヤングボウル,千葉県八街市八街ほ-380番地11,35.6520813,140.3195367,chunithm;jubeat;maimai_dx;ongeki;taiko,,,allnet;eagate
千葉レジャーランド成東店,千葉県山武市姫島111-1,35.5884397,140.3901993,chunithm;ddr;iidx;jubeat;maimai_dx;ongeki;other;polaris_chord;popn;sdvx;taiko,ddr_gold;iidx_lm;popn_pikapika;sdvx_vm,,allnet;eagate;ziv
千葉レジャーランド野田店,千葉県野田市吉春776-1,35.9715710,139.8653064,chunithm;ddr;gitadora;iidx;jubeat;maimai_dx;nostalgia;ongeki;other;polaris_chord;popn;project_diva;sdvx;taiko,ddr_gold;gitadora_dm_arena;gitadora_gf_arena;iidx_lm;popn_pikapika;sdvx_vm,,allnet;eagate;ziv
半田メトロポリス,愛知県半田市旭町３−１１−１,34.8746637,136.9216480,chunithm;gitadora;iidx;maimai_dx;nostalgia;ongeki;other;polaris_chord;popn;project_diva;sdvx;taiko,gitadora_dm_arena;gitadora_gf_arena;iidx_lm;sdvx_vm,chunithm:3;gitadora:4;iidx:3;maimai_dx:2;nostalgia:1;ongeki:3;polaris_chord:1;popn:1;project_diva:1;sdvx:3;taiko:3,allnet;eagate;ziv
名古屋レジャーランド内田橋店,愛知県名古屋市南区内田橋2-26-22,35.1137608,136.9098442,chunithm;ddr;gitadora;iidx;jubeat;maimai_dx;nostalgia;ongeki;other;polaris_chord;popn;project_diva;sdvx;taiko,ddr_gold;gitadora_dm_arena;gitadora_gf_arena;iidx_lm;popn_pikapika;sdvx_vm,chunithm:4;ddr:2;gitadora:4;iidx:4;jubeat:1;maimai_dx:2;nostalgia:1;ongeki:4;polaris_chord:4;popn:1;project_diva:1;sdvx:4;taiko:4,allnet;eagate;ziv
埼玉レジャーランド大宮ラクーン店,埼玉県さいたま市大宮区宮町1-60 RAKUUN５階,35.9077510,139.6256804,chunithm;ddr;gitadora;iidx;maimai_dx;ongeki;other;polaris_chord;popn;sdvx;taiko,ddr_gold;gitadora_dm_arena;gitadora_gf_arena;iidx_lm;popn_pikapika;sdvx_vm,,allnet;eagate;ziv
埼玉レジャーランド大宮駅東口店,埼玉県さいたま市大宮区宮町1-8大宮セントラルビルB1F-2F,35.9079906,139.6245492,chunithm;ddr;gitadora;iidx;maimai_dx;ongeki;polaris_chord;popn;sdvx,ddr_gold;gitadora_dm_arena;gitadora_gf_arena;iidx_lm;popn_pikapika;sdvx_vm,,allnet;eagate
埼玉レジャーランド春日部店,埼玉県春日部市大字増富字谷際163-1,35.9593592,139.7292399,chunithm;ddr;gitadora;iidx;jubeat;maimai_dx;ongeki;other;polaris_chord;popn;sdvx,ddr_gold;gitadora_dm_arena;gitadora_gf_arena;iidx_lm;popn_pikapika;sdvx_vm,,allnet;eagate;ziv
大垣メトロポリス,岐阜県大垣市三塚町西沼５２３−１,35.3670652,136.6292333,chunithm;iidx;maimai_dx;nostalgia;ongeki;other;polaris_chord;sdvx,iidx_lm;sdvx_vm,,allnet;eagate;ziv
大田原スポーツランド,栃木県那須塩原市一区町１０４−６０,36.8519301,139.9933560,chunithm;gitadora;iidx;jubeat;maimai_dx;ongeki;other;popn;project_diva,iidx_lm,,allnet;eagate;ziv
宇土パスカワールド,熊本県宇土市善道寺町綾織９５,32.6834753,130.6681987,other,gitadora_dm_arena;gitadora_gf_arena;iidx_lm;popn_pikapika;sdvx_vm,,allnet;eagate;ziv
安城メトロポリス,愛知県安城市浜富町６−８,34.9551953,137.0973455,chunithm;ddr;gitadora;iidx;maimai_dx;ongeki;other;polaris_chord;popn;sdvx,ddr_gold;gitadora_dm_arena;gitadora_gf_arena;iidx_lm;popn_pikapika;sdvx_vm,,allnet;eagate;ziv
宝島大間々店,群馬県みどり市大間々町大間々４０番地さくらもーる２Ｆ,36.4135415,139.2813788,maimai_dx,,,allnet
宮西スタジアム２,愛媛県松山市宮西二丁目４の４１,33.8485225,132.7514682,chunithm;gitadora;jubeat;maimai_dx;nostalgia;ongeki;other;popn,,,allnet;eagate;ziv
富山レジャーランド掛尾店,富山県富山市掛尾町３６０−１,36.6660317,137.2088901,chunithm;ddr;iidx;maimai_dx;popn;sdvx,ddr_gold;iidx_lm;popn_pikapika;sdvx_vm,,allnet;eagate
小倉メトロポリス,福岡県北九州市小倉北区西港町２７−５,33.8966075,130.8582112,chunithm;gitadora;iidx;ongeki;other,iidx_lm,,allnet;eagate;ziv
小川ヤングボウル,埼玉県比企郡小川町青山７４９,36.0502869,139.2618426,chunithm;nostalgia,,,allnet;eagate
岐阜レジャーランド穂積店,岐阜県瑞穂市稲里630番地,35.3843322,136.6846639,chunithm;ddr;drs;gitadora;iidx;jubeat;maimai_dx;ongeki;other;polaris_chord;popn;project_diva;sdvx,ddr_gold;gitadora_dm_arena;gitadora_gf_arena;iidx_lm;popn_pikapika;sdvx_vm,,allnet;eagate;ziv
岡山ヤングボウル,岡山県岡山市北区北長瀬表町3-3-20,34.6490686,133.8845872,chunithm;maimai_dx;other,,,allnet;ziv
嶺宝スポーツセンター,福島県いわき市小名浜住吉折返２−２,36.9742495,140.8905580,chunithm;drs;gitadora;iidx;jubeat;maimai_dx;nostalgia;ongeki;other;popn;sdvx,gitadora_dm_arena;gitadora_gf_arena;iidx_lm;popn_pikapika;sdvx_vm,,allnet;eagate;ziv
彦根パスカ,滋賀県彦根市西沼波町１６６,35.2586299,136.2654728,chunithm;gitadora;iidx;jubeat;maimai_dx;nostalgia;ongeki;other;popn;sdvx,iidx_lm;sdvx_vm,,allnet;eagate;ziv
新宿スポーツランド本館,東京都新宿区新宿3-22-12,35.6931260,139.7018295,chunithm;gitadora;iidx;maimai_dx;ongeki;other;polaris_chord;popn;project_diva;sdvx,gitadora_dm_arena;gitadora_gf_arena;iidx_lm;popn_pikapika;sdvx_vm,,allnet;eagate;ziv
星狩物語岸和田店,大阪府岸和田市作才町1-3-2,34.4544936,135.3850002,chunithm;ddr;gitadora;iidx;maimai_dx;other;popn;reflec;sdvx,ddr_gold;iidx_lm,,allnet;eagate;ziv
最後の５ドル,福岡県糟屋郡粕屋町大字仲原2706仲原ファミリープラザ2F,33.6091366,130.4453675,chunithm;gitadora;iidx;jubeat;maimai_dx;ongeki;other;sdvx,gitadora_dm_arena;gitadora_gf_arena;iidx_lm;sdvx_vm,,allnet;eagate;ziv
東京ジョイポリス,東京都港区台場1-6-1デックス東京ビーチ4F,35.6289144,139.7753903,maimai_dx;other;project_diva;taiko,,maimai_dx:1;project_diva:2;taiko:1,allnet;ziv
東京ドーム,東京都文京区後楽１‐３‐６１黄色いビル４Ｆ　ゲームコーナー,35.7035952,139.7518716,ongeki,,,allnet
東京レジャーランドお台場店,東京都港区台１丁目７番１号アクアシティお台場４階４０９区,35.6278192,139.7735683,project_diva;taiko,,,allnet;ziv
東京レジャーランド亀有店,東京都葛飾区亀有3-21-2,35.7654165,139.8480115,chunithm;ddr;gitadora;iidx;maimai_dx;ongeki;popn;sdvx,ddr_gold;gitadora_dm_arena;gitadora_gf_arena;iidx_lm;popn_pikapika;sdvx_vm,chunithm:4;iidx:2;maimai_dx:2;ongeki:2;sdvx:2,allnet;eagate;ziv
東京レジャーランド吉祥寺店,東京都武蔵野市吉祥寺本町1-3-7　YSビル地下１階〜4階,35.7035980,139.5787046,chunithm;ddr;gitadora;iidx;maimai_dx;ongeki;other;popn;sdvx,ddr_gold;gitadora_dm_arena;gitadora_gf_arena;iidx_lm;popn_pikapika;sdvx_vm,,allnet;eagate;ziv
東京レジャーランド池袋店,東京都豊島区東池袋１−２９−１サントロペ池袋２階３階,35.7304887,139.7164445,chunithm;ddr;gitadora;iidx;jubeat;maimai_dx;nostalgia;ongeki;other;polaris_chord;popn;project_diva;sdvx;taiko,ddr_gold;gitadora_dm_arena;gitadora_gf_arena;iidx_lm;popn_pikapika;sdvx_vm,chunithm:10;ddr:5;gitadora:2;iidx:7;jubeat:1;maimai_dx:4;nostalgia:1;ongeki:4;popn:4;project_diva:1;sdvx:8;taiko:8,allnet;eagate;ziv
東京レジャーランド秋葉原2号店,東京都千代田区外神田4-3-3ミナミビル6F・7F,35.7008302,139.7718494,chunithm;ddr;gitadora;iidx;jubeat;maimai_dx;ongeki;other;polaris_chord;popn;sdvx;taiko,ddr_gold;gitadora_dm_arena;gitadora_gf_arena;iidx_lm;popn_pikapika;sdvx_vm,chunithm:4;ddr:7;gitadora:2;iidx:6;jubeat:3;maimai_dx:3;ongeki:4;polaris_chord:2;popn:2;sdvx:8;taiko:3,allnet;eagate;ziv
東京レジャーランド秋葉原店,東京都千代田区外神田1-9-5,35.6987469,139.7701470,chunithm;ddr;gitadora;iidx;maimai_dx;ongeki;other;polaris_chord;popn;project_diva;sdvx;taiko,ddr_gold;gitadora_dm_arena;gitadora_gf_arena;iidx_lm;popn_pikapika;sdvx_vm,chunithm:8;ddr:4;gitadora:2;iidx:12;maimai_dx:2;ongeki:5;polaris_chord:4;popn:4;project_diva:1;sdvx:8;taiko:3,allnet;eagate;ziv
東急百貨店さっぽろアミューズパーク,北海道札幌市中央区北４条西２ー１東急百貨店さっぽろ店９階,43.0675521,141.3527092,chunithm;maimai_dx;other;taiko,,chunithm:4;maimai_dx:2;taiko:4,allnet;ziv
東武イーストモールアミューズメントランド,北海道北見市端野町３区５７２番地１,43.8414261,143.9286964,chunithm;gitadora;iidx;maimai_dx;ongeki;sdvx,gitadora_dm_arena;gitadora_gf_arena;iidx_lm;sdvx_vm,,allnet;eagate
柏ヤングボウル,千葉県柏市南柏中央11-1,35.8459602,139.9570334,chunithm;maimai_dx;taiko,,,allnet;ziv
柏駅前ヤングボウル,千葉県柏市柏１−３−１,35.8606968,139.9712677,chunithm;jubeat;ongeki;sdvx,sdvx_vm,,allnet;eagate
楽市楽座210久留米店,福岡県久留米市東合川2-2-1 2階,33.3200814,130.5460092,chunithm;maimai_dx;other,,,allnet;ziv
楽市楽座　イオンモール大和郡山店,奈良県大和郡山市下三橋町741-333イオンモール大和郡山店,34.6518656,135.8020009,chunithm;gitadora;iidx;jubeat;maimai_dx;other;project_diva,,,allnet;eagate;ziv
楽市楽座　諫早店,長崎県諫早市長野町１０８６−１７,32.8335152,130.0758515,chunithm;other,,,allnet;ziv
楽市楽座くりえいと宗像,福岡県宗像市くりえいと１−４−４,33.8105202,130.5635801,chunithm;iidx;maimai_dx;other;sdvx,iidx_lm;sdvx_vm,,allnet;eagate;ziv
楽市楽座イオンタウン姶良店,鹿児島県姶良市東餅田336,31.7323151,130.6265921,chunithm;maimai_dx;other,,,allnet;ziv
楽市楽座イオンモール京都桂川店,京都府京都市南区久世高田町376-1イオンモール京都桂川店３階,34.9633145,135.7077191,chunithm;iidx;maimai_dx;taiko,,,allnet;eagate;ziv
楽市楽座イオンモール今治店,愛媛県今治市にぎわい広場1-1,34.0441092,132.9619560,chunithm;iidx;maimai_dx;other,,,allnet;eagate;ziv
楽市楽座イオンモール名古屋茶屋店,愛知県名古屋市港区西茶屋２−１１イオンモール名古屋茶屋３階,35.1036419,136.8248297,chunithm;maimai_dx;other;taiko,,chunithm:2;maimai_dx:1;taiko:2,allnet;ziv
楽市楽座イオンモール四條畷店,大阪府四條畷市砂4-3-2イオンモール四條畷店3F,34.7463611,135.6292494,chunithm;maimai_dx;ongeki,,,allnet
楽市楽座イオンモール土浦店,茨城県土浦市上高津３６７イオンモール土浦ＳＣ３階,36.0800877,140.1808547,chunithm;ddr;iidx;maimai_dx,,,allnet;eagate
楽市楽座イオンモール大牟田店,福岡県大牟田市岬町３−４,33.0306171,130.4281279,chunithm;maimai_dx;other;project_diva,,,allnet;ziv
楽市楽座イオンモール大阪ドーム店,大阪府大阪市西区千代崎３−１３−１,34.6708753,135.4776338,chunithm;iidx;maimai_dx,,,allnet;eagate
楽市楽座イオンモール宮崎店,宮崎県宮崎市新別府町江口８６２−１イオンモール宮崎店２Ｆ,31.9233540,131.4546728,chunithm;iidx;maimai_dx;other;sdvx,iidx_lm;sdvx_vm,,allnet;eagate;ziv
楽市楽座イオンモール川口前川店,埼玉県川口市前川1-1-11イオンモール川口前川店3F,35.8341858,139.7070580,chunithm;maimai_dx,,,allnet
楽市楽座イオンモール扶桑店,愛知県丹羽郡扶桑町南山名高塚5番地イオンモール扶桑2階,35.3612155,136.9005082,chunithm;ddr;iidx;maimai_dx;nostalgia;ongeki;popn,ddr_gold;iidx_lm,,allnet;eagate
楽市楽座イオンモール新小松店,石川県小松市清六町３１５イオンモール新小松店２Ｆ,36.3950961,136.4669965,chunithm;maimai_dx,,,allnet
楽市楽座イオンモール東員店,三重県員弁郡東員町大字長深字築田５１０−１,35.0617824,136.5793554,chunithm;iidx;maimai_dx;sdvx,sdvx_vm,,allnet;eagate
楽市楽座イオンモール松本店,長野県松本市中央四丁目９番５１号,36.2340216,137.9781532,chunithm;ddr;iidx;maimai_dx;sdvx,sdvx_vm,,allnet;eagate
楽市楽座イオンモール沖縄ライカム店,沖縄県中頭郡北中城村字沖縄ﾗｲｶﾑ1ｲｵﾝﾓｰﾙ沖縄ﾗｲｶﾑ4階,26.3142859,127.7964644,chunithm;groove_coaster;iidx;maimai_dx;ongeki;sdvx;taiko,sdvx_vm,,allnet;eagate;ziv
楽市楽座イオンモール甲府店,山梨県中巨摩郡昭和町飯喰１５０５−１イオンモール２０１１,35.6232208,138.5275760,chunithm;maimai_dx,,,allnet
楽市楽座イオンモール神戸北店,兵庫県神戸市北区上津台８−１−１,34.8600756,135.1942047,chunithm;maimai_dx,,,allnet
楽市楽座イオンモール福岡伊都店,福岡県福岡市西区北原1-3-1イオンモール福岡伊都SC別館,33.5770481,130.2564028,chunithm;ddr;drs;gitadora;iidx;jubeat;maimai_dx;nostalgia;ongeki;other;polaris_chord;popn;sdvx,ddr_gold;gitadora_dm_arena;gitadora_gf_arena;iidx_lm;popn_pikapika;sdvx_vm,,allnet;eagate;ziv
楽市楽座イオンモール福岡店,福岡県糟屋郡粕屋町大字酒殿字老ノ木１９２−１ 2F,33.5971692,130.4791151,chunithm;maimai_dx;other,,,allnet;ziv
楽市楽座イオンモール福津店,福岡県福津市日蒔野６−１６−１　イオンモール福津店３Ｆ,33.7532433,130.4937922,chunithm;maimai_dx;other,,,allnet;ziv
楽市楽座イオンモール筑紫野店,福岡県筑紫野市立明寺４３４−１イオンモール筑紫野店３階,33.4809383,130.5267763,chunithm;maimai_dx;other,,,allnet;ziv
楽市楽座イオンモール都城駅前店,宮崎県都城市栄町４６７２−５ｲｵﾝﾓｰﾙ都城駅前店2階,31.7352977,131.0800559,chunithm;maimai_dx;other,,,allnet;ziv
楽市楽座サンストリート浜北店,静岡県浜松市浜名区平口２８６１サンストリート浜北,34.7957494,137.7611092,chunithm;ddr;drs;gitadora;iidx;jubeat;maimai_dx;ongeki;popn;project_diva;sdvx,ddr_gold;gitadora_dm_arena;gitadora_gf_arena;iidx_lm;popn_pikapika;sdvx_vm,,allnet;eagate
楽市楽座小川店,熊本県宇城市小川町河江１−１,32.5957929,130.7049966,maimai_dx,,,allnet
楽市楽座広島店,広島県広島市南区段原南１−３−５２広島段原ＳＣ７階７００１,34.3852255,132.4760186,chunithm;maimai_dx;nostalgia;other,,,allnet;eagate;ziv
楽市楽座湘南藤沢店,神奈川県藤沢市辻堂新町4-3-5ﾐｽﾀｰﾏｯｸｽ湘南藤沢SC２F,35.3397223,139.4640911,chunithm;maimai_dx,,,allnet
楽市楽座砂津店,福岡県北九州市小倉北区砂津3-1-1チャチャタウン小倉B棟3F,33.8832387,130.8890874,chunithm;iidx;maimai_dx;other;sdvx,sdvx_vm,,allnet;eagate;ziv
楽市楽座行橋店,福岡県行橋市西泉６−１−１,33.7170085,130.9716317,chunithm;iidx;maimai_dx;nostalgia;other,iidx_lm,,allnet;eagate;ziv
楽市楽座黒崎店,福岡県北九州市八幡西区桜ヶ丘町１−３フレスポ黒崎２階,33.8656842,130.7560629,chunithm;ddr;drs;gitadora;iidx;jubeat;maimai_dx;nostalgia;ongeki;other;popn;project_diva;sdvx,ddr_gold;gitadora_dm_arena;gitadora_gf_arena;iidx_lm;popn_pikapika;sdvx_vm,,allnet;eagate;ziv
楽市楽座２１０トリアス店,福岡県糟屋郡久山町大字山田９９０,33.6528578,130.4919927,maimai_dx,,,allnet
楽市街道 名古屋店,愛知県北名古屋市中之郷新明４５−１,35.2398490,136.8488049,chunithm;ddr;gitadora;iidx;maimai_dx;other;sdvx;taiko,gitadora_dm_arena;gitadora_gf_arena;iidx_lm;sdvx_vm,chunithm:3;ddr:1;gitadora:2;iidx:1;maimai_dx:2;sdvx:1;taiko:2,allnet;eagate;ziv
楽市街道くるめ店,福岡県久留米市新合川2-7-10久留米アミューズメントビル内,33.3197842,130.5426705,chunithm;gitadora;maimai_dx;other,,,allnet;eagate;ziv
楽市街道箱崎店,福岡県福岡市東区箱崎５丁目１番８号,33.6242624,130.4196214,chunithm;ddr;gitadora;iidx;jubeat;maimai_dx;nostalgia;ongeki;other;popn;project_diva;sdvx,ddr_gold;gitadora_dm_arena;gitadora_gf_arena;iidx_lm;popn_pikapika;sdvx_vm,,allnet;eagate;ziv
江戸川ヤングボウル,東京都江戸川区中央4-22-25,35.7112564,139.8694347,chunithm;maimai_dx;other;sdvx,sdvx_vm,,allnet;eagate;ziv
池袋ゲーセンミカドINランブルプラザ,東京都豊島区東池袋１−４２−１９,35.7324657,139.7135428,ongeki,,,allnet
沼津バッティングスタジアム,静岡県沼津市岡一色１９−２,35.1214134,138.8770793,chunithm;iidx;nostalgia;ongeki,,,allnet;eagate
滋賀レジャーランド大津店,滋賀県大津市におの浜３−１−４３　イオンタウンアヤハプラザ内,35.0039335,135.8834052,chunithm;ddr;iidx;maimai_dx;ongeki;other;popn;project_diva;sdvx,ddr_gold;iidx_lm;sdvx_vm,,allnet;eagate;ziv
社スポーツレーン,兵庫県加東市社1189-1,34.9161091,134.9614520,chunithm;iidx;maimai_dx,,,allnet;eagate
神奈川レジャーランド厚木店,神奈川県厚木市戸室5-31-1,35.4481120,139.3431770,chunithm;dance_evo;ddr;drs;gitadora;iidx;jubeat;maimai_dx;nostalgia;ongeki;other;polaris_chord;popn;project_diva;reflec;sdvx,ddr_gold;gitadora_dm_arena;gitadora_gf_arena;iidx_lm;popn_pikapika;sdvx_vm,,allnet;eagate;ziv
福井レジャーランド板垣店,福井県福井市下馬３−１０２,36.0423089,136.2337626,chunithm;ddr;gitadora;iidx;jubeat;maimai_dx;ongeki;other;polaris_chord;popn;sdvx,ddr_gold;gitadora_dm_arena;gitadora_gf_arena;iidx_lm;popn_pikapika;sdvx_vm,,allnet;eagate;ziv
群馬レジャーランド伊勢崎店,群馬県伊勢崎市連取町3066-1,36.3182128,139.1723709,chunithm;ddr;gitadora;iidx;jubeat;maimai_dx;ongeki;other;polaris_chord;popn;sdvx,ddr_gold;gitadora_dm_arena;gitadora_gf_arena;iidx_lm;popn_pikapika;sdvx_vm,,allnet;eagate;ziv
群馬レジャーランド前橋店,群馬県前橋市日吉町４ー３７ー１,36.4049826,139.0794233,chunithm;ddr;gitadora;iidx;maimai_dx;ongeki;polaris_chord;popn;sdvx,ddr_gold;gitadora_dm_arena;gitadora_gf_arena;iidx_lm;popn_pikapika;sdvx_vm,,allnet;eagate
群馬レジャーランド太田店,群馬県太田市西矢島町162-2,36.2681054,139.3759251,chunithm;ddr;gitadora;iidx;jubeat;maimai_dx;nostalgia;ongeki;other;polaris_chord;popn;sdvx,ddr_gold;gitadora_dm_arena;gitadora_gf_arena;iidx_lm;popn_pikapika;sdvx_vm,,allnet;eagate;ziv
群馬レジャーランド渋川店,群馬県渋川市八木原1364,36.4741949,139.0153797,chunithm;ddr;gitadora;iidx;maimai_dx;nostalgia;ongeki;other;polaris_chord;popn;sdvx,ddr_gold;gitadora_dm_arena;gitadora_gf_arena;iidx_lm;popn_pikapika;sdvx_vm,,allnet;eagate;ziv
群馬レジャーランド藤岡店,群馬県藤岡市中2002-1,36.2743443,139.0718665,chunithm;ddr;gitadora;iidx;jubeat;maimai_dx;nostalgia;ongeki;other;polaris_chord;popn;project_diva;sdvx,ddr_gold;gitadora_dm_arena;gitadora_gf_arena;iidx_lm;popn_pikapika;sdvx_vm,,allnet;eagate;ziv
群馬レジャーランド高崎駅東口店,群馬県高崎市江木町３３３−１高崎ＥＸビル,36.3298716,139.0128575,chunithm;ddr;drs;gitadora;iidx;jubeat;maimai_dx;nostalgia;ongeki;other;polaris_chord;popn;sdvx,ddr_gold;gitadora_dm_arena;gitadora_gf_arena;iidx_lm;popn_pikapika;sdvx_vm,,allnet;eagate;ziv
豊川メトロポリス,愛知県豊川市下長山町上アライ１４−１,34.8025832,137.3845019,chunithm;iidx;jubeat;maimai_dx;nostalgia;ongeki;other;polaris_chord;sdvx,iidx_lm;sdvx_vm,,allnet;eagate;ziv
遊スペース アローズ,兵庫県神戸市西区丸塚２丁目９−１８,34.6791423,134.9829518,chunithm;maimai_dx;ongeki,,,allnet
遊スペース マジカル,兵庫県神戸市中央区琴ノ緒町５−２−３,34.6955046,135.1950389,chunithm;gitadora;iidx;jubeat;maimai_dx;nostalgia;ongeki;polaris_chord;popn;sdvx,gitadora_dm_arena;gitadora_gf_arena;iidx_lm;popn_pikapika;sdvx_vm,,allnet;eagate
遊スペース　スプラ,兵庫県加古川市尾上町安田３５１−１,34.7456374,134.8356588,maimai_dx,,,allnet
遊ランド富良野店,北海道富良野市弥生町５番５０号,43.3442505,142.3785285,chunithm;jubeat;other;reflec,,,allnet;eagate;ziv
遊ランド西御料店,北海道旭川市西御料５条２丁目,43.7238720,142.3688685,chunithm;iidx;jubeat;nostalgia;other;popn;project_diva;sdvx,sdvx_vm,,allnet;eagate;ziv
遊遊パークフォレオ博多店,福岡県福岡市博多区東那珂１−１４−４６フォレオ博多２F,33.5741951,130.4396956,chunithm;maimai_dx;other,,,allnet;ziv
遊道楽嘉瀬店,佐賀県佐賀市嘉瀬町中原２４８８−１,33.2422048,130.2565009,chunithm;gitadora;iidx;jubeat;maimai_dx;ongeki;other;popn;project_diva;sdvx,iidx_lm;popn_pikapika;sdvx_vm,,allnet;eagate;ziv
金沢メトロポリス,石川県金沢市無量寺４−１２１−１,36.6011250,136.6140067,chunithm;iidx;other;popn;taiko,iidx_lm,,allnet;eagate;ziv
関大前フタバボウル,大阪府吹田市千里山東１−７−１８,34.7728868,135.5062606,chunithm;maimai_dx;ongeki,,,allnet
電遊パーク志布志店,鹿児島県志布志市志布志町安楽100-1,31.4700511,131.0869458,chunithm;other,,,allnet;ziv
館山ヤングボウル,千葉県館山市北条1564,34.9907318,139.8673618,chunithm;gitadora;maimai_dx;nostalgia;ongeki;taiko,,,allnet;eagate
高田馬場ゲームセンターミカド,東京都新宿区高田馬場４−５−１０,35.7126797,139.7033457,gitadora;groove_coaster;other;popn;project_diva,,,allnet;ziv
Ａ．Ｃ．グランド,岐阜県岐阜市茜部大川1-77,35.3830948,136.7461877,chunithm;ddr;drs;gitadora;groove_coaster;iidx;jubeat;maimai_dx;nostalgia;ongeki;other;polaris_chord;popn;project_diva;pump_it_up;reflec;sdvx;taiko,ddr_gold;gitadora_dm_arena;gitadora_gf_arena;iidx_lm;popn_pikapika;sdvx_vm,chunithm:4;ddr:1;drs:1;gitadora:4;groove_coaster:1;iidx:4;jubeat:2;maimai_dx:2;nostalgia:2;ongeki:2;polaris_chord:2;popn:1;project_diva:1;pump_it_up:1;reflec:1;sdvx:4;taiko:2,allnet;eagate;ziv
ＡＤＸマミー出川店,愛知県春日井市不二ヶ丘１丁目５番地,35.2673215,137.0126718,chunithm;gitadora;iidx;jubeat;maimai_dx;ongeki;other;popn;sdvx,iidx_lm;popn_pikapika;sdvx_vm,chunithm:2;gitadora:3;iidx:4;jubeat:1;maimai_dx:1;ongeki:1;popn:1;sdvx:1,allnet;eagate;ziv
ＡＤＸマミー岡崎店,愛知県岡崎市井田新町６−１,34.9770308,137.1617195,chunithm;ddr;gitadora;iidx;jubeat;maimai_dx;ongeki;other;popn;sdvx,iidx_lm;popn_pikapika;sdvx_vm,,allnet;eagate;ziv
ＡｍｕｓｅｍｅｎｔｃｉｔｙＧ−ＳＴＡ,鹿児島県薩摩川内市向田本町４９番,31.8158073,130.3074018,chunithm;gitadora;iidx;maimai_dx;ongeki;other,iidx_lm,,allnet;eagate;ziv
ＤＡＩＫＥＩＥＮ,千葉県市川市大町３５９,35.7624643,139.9691552,chunithm;maimai_dx;ongeki,,,allnet
ＦｅｅｄｙＡｒｃａｄｅ新潟亀田インター,新潟県新潟市江南区下早通柳田１ー１ー１　イオンモール２階,37.8760671,139.0812391,chunithm;ddr;gitadora;maimai_dx,,,allnet;eagate
ＦｅｅｄｙＤｉｎｅｒ＆Ａｒｃａｄｅ南風原,沖縄県島尻郡南風原町字宮平２６４イオン南風原２階ＦｅｅｄｙＡ,,,maimai_dx,,,allnet
ＦｅｅｄｙＤｉｎｅｒ＆Ａｒｃａｄｅ綾川,香川県綾歌郡綾川町萱原８２２−１　イオン綾川ＳＣ３Ｆ,34.2516659,133.9310040,chunithm;ddr;iidx;maimai_dx;ongeki;polaris_chord;popn,iidx_lm,,allnet;eagate
ＦｅｅｄｙＤｉｎｅｒ＆Ａｒｃａｄｅ茨木,大阪府茨木市松ケ本町８ー３０ー５　イオンＳＣ４Ｆ,34.8106152,135.5585385,chunithm;iidx;maimai_dx;ongeki;polaris_chord;sdvx,iidx_lm;sdvx_vm,,allnet;eagate
ＦＥＳＴＡコスモタウン佐伯店,大分県佐伯市鶴岡西町２丁目１６３番地 コスモタウン佐伯内,32.9609481,131.8662463,chunithm;maimai_dx;ongeki;other;polaris_chord;sdvx,sdvx_vm,,allnet;eagate;ziv
ＦＥＳＴＡフリーモールわさだ店,大分県大分市大字木上字鉾手２１０２番地,33.1847361,131.5680652,chunithm;maimai_dx;ongeki;other;polaris_chord;sdvx,sdvx_vm,,allnet;eagate;ziv
ＦＥＳＴＡ人吉店,熊本県人吉市宝来町１３０７−１ＨＩＴＯＹＯＳＨＩ−ＲＥＸ内,32.2120330,130.7482963,chunithm;iidx;jubeat;maimai_dx;ongeki;other;polaris_chord;reflec;sdvx,iidx_lm;sdvx_vm,,allnet;eagate;ziv
ＦＥＳＴＡ古河店,茨城県古河市松並２−１８−１０マーケットシティ古河,36.2097136,139.7096531,chunithm;maimai_dx;ongeki,,,allnet
ＦＥＳＴＡ山鹿店,熊本県山鹿市方保田字鳥越3468-1,33.0046941,130.7230284,chunithm;maimai_dx;ongeki;other;polaris_chord;sdvx,sdvx_vm,,allnet;eagate;ziv
Ｇ−ｐａｌａ小倉,福岡県北九州市小倉南区上葛原1−14−1,33.8396527,130.9113355,chunithm;ddr;iidx;jubeat;maimai_dx;ongeki;other;polaris_chord;popn;project_diva;sdvx,ddr_gold;iidx_lm;sdvx_vm,,allnet;eagate;ziv
Ｇ−ｐａｌａ日田,大分県日田市友田997-1,33.3258135,130.9116595,chunithm;iidx;jubeat;maimai_dx;nostalgia;ongeki;other;polaris_chord;reflec;sdvx,iidx_lm;sdvx_vm,,allnet;eagate;ziv
Ｇ−ｐａｌａ時津,長崎県西彼杵郡時津町野田郷５９号,32.8243546,129.8478119,chunithm;iidx;maimai_dx;ongeki;other,iidx_lm,,allnet;eagate;ziv
Ｇ−ｐａｌａ花北店,兵庫県姫路市増位新町１−６　２Ｆ,34.8560033,134.7093544,chunithm,,,allnet
Ｇ−ＳＴＡＧＥ七隈店,福岡県福岡市城南区七隈８−４−８,33.5512334,130.3643444,chunithm;gitadora;iidx;maimai_dx;ongeki;other;popn;sdvx,iidx_lm;popn_pikapika;sdvx_vm,,allnet;eagate;ziv
Ｇ−ＳＴＡＧＥ小倉,福岡県北九州市小倉北区浅野2-14-5あるあるCITY2階,33.8875419,130.8847304,chunithm;gitadora;iidx;jubeat;maimai_dx;nostalgia;ongeki;other;polaris_chord;popn;sdvx,gitadora_dm_arena;gitadora_gf_arena;iidx_lm;popn_pikapika;sdvx_vm,,allnet;eagate;ziv
Ｇ−ＳＴＡＧＥ飯塚店,福岡県飯塚市枝国６８０−２,33.6364868,130.6760254,chunithm;iidx;maimai_dx;ongeki;other;popn;sdvx,iidx_lm;popn_pikapika;sdvx_vm,,allnet;eagate;ziv
ＧＡＭＥ ＰＡＤＤＯＣＫ＋１,茨城県古河市小堤１９１６−１,36.2067383,139.7578725,chunithm;maimai_dx;ongeki;project_diva,,,allnet
ＧＡＭＥ　ＧＥＴーＢｅｅ　ＶＡＬ小山店,栃木県小山市城山町３丁目３番地２２号,36.3126948,139.8066084,chunithm;maimai_dx;ongeki;other,,,allnet;ziv
ＧＡＭＥＢＡＮＫ仙台泉店,宮城県仙台市泉区大沢２−５−４,38.3527525,140.8774030,chunithm;ddr;drs;gitadora;iidx;jubeat;maimai_dx;nostalgia;ongeki;other;popn;project_diva;sdvx,gitadora_dm_arena;iidx_lm;sdvx_vm,,allnet;eagate;ziv
ＧａｍｅＦｉｅｌｄ千城台店,千葉県千葉市若葉区千城台北３丁目２１−１イコアス千城台３Ｆ,35.6222355,140.1893642,chunithm;maimai_dx;ongeki;taiko,,,allnet
ＧＡＭＥＱ,山梨県富士吉田市上吉田２ノ５ノ１ＱＳＴＡ４Ｆ,35.4837442,138.7953833,chunithm,,,allnet
ＧｉＧＯ　ＢＬｉＸ茅ヶ崎,神奈川県茅ヶ崎市新栄町１１ー８,35.3318835,139.4050952,chunithm;maimai_dx;ongeki,,,allnet
ＧｉＧＯ　ＭＥＧＡドンキＵＮＹ石和,山梨県笛吹市石和町窪中島１５４,35.6457934,138.6321530,chunithm;maimai_dx;ongeki,,,allnet
ＧｉＧＯ　ＭＥＧＡドン･キホーテ函館,北海道函館市美原１‐７‐１　ＭＥＧＡドン・キホーテ函館店２Ｆ,41.8135092,140.7562953,maimai_dx;other,,,allnet;ziv
ＧｉＧＯ　ＭＥＧＡドン･キホーテ勝田,茨城県ひたちなか市石川町１‐１,36.3931124,140.5274577,chunithm;maimai_dx;ongeki,,,allnet
ＧｉＧＯ　ＭＥＧＡドン･キホーテ桐生,群馬県桐生市永楽町５‐１０,36.4124944,139.3358553,chunithm;maimai_dx;ongeki;project_diva,,,allnet
ＧｉＧＯ　ＭＯＭＯテラス京都伏見,京都府京都市伏見区桃山町山ノ下３２　ＭＯＭＯテラス別館２Ｆ,34.9373547,135.7951229,chunithm;jubeat;maimai_dx;ongeki;other;project_diva,,,allnet;eagate;ziv
ＧｉＧＯあべのアポロ３Ｆ,大阪府大阪市阿倍野区阿倍野筋１‐５‐３１　アポロビル３Ｆ,34.6465681,135.5117823,chunithm;ddr;gitadora;iidx;maimai_dx;ongeki;other;polaris_chord;popn;sdvx,ddr_gold;gitadora_dm_arena;gitadora_gf_arena;iidx_lm;popn_pikapika;sdvx_vm,,allnet;eagate;ziv
ＧｉＧＯいわきエブリア,福島県いわき市鹿島町米田字日渡５いわきエブリア２階,36.9937290,140.9051075,jubeat;ongeki,,,allnet;eagate
ＧｉＧＯすすきの,北海道札幌市中央区南３条西４丁目１ー１,43.0564347,141.3528307,chunithm;ddr;iidx;maimai_dx;ongeki;popn;sdvx,ddr_gold;iidx_lm;popn_pikapika;sdvx_vm,,allnet;eagate
ＧｉＧＯそよら今治馬越,愛媛県今治市馬越町４ー８ー１,34.0561961,132.9798160,chunithm;maimai_dx;ongeki,,,allnet
ＧｉＧＯそよら成田ニュータウン,千葉県成田市赤坂２丁目１ー１０　５Ｆ　５１０区画,35.7768890,140.2934670,chunithm;maimai_dx;ongeki;taiko,,,allnet
ＧｉＧＯつかしん,兵庫県尼崎市塚口本町４−８−１つかしん内,34.7618838,135.4180485,chunithm;maimai_dx;ongeki;other;project_diva,,,allnet;ziv
ＧｉＧＯひたちなか,茨城県ひたちなか市田中後４０−２,36.3475077,140.5800894,chunithm;gitadora;iidx;maimai_dx;ongeki;other;polaris_chord;sdvx,iidx_lm;sdvx_vm,,allnet;eagate;ziv
ＧｉＧＯみらい長崎ココウォーク,長崎県長崎市茂里町１−５５みらい長崎ココウォーク５Ｆ,32.7625341,129.8646484,chunithm;maimai_dx;ongeki;other,,,allnet;ziv
ＧｉＧＯゆめタウン飯塚,福岡県飯塚市菰田西３丁目６番１号,33.6326269,130.6852821,chunithm;maimai_dx;ongeki;other,,,allnet;ziv
ＧｉＧＯららぽーと甲子園,兵庫県西宮市甲子園八番町１−１００ららぽーと甲子園２Ｆ,34.7173455,135.3644131,ongeki,,,allnet
ＧｉＧＯアクアウォーク大垣,岐阜県大垣市林町６ー８０ー２１アクアウォーク大垣２Ｆ,35.3687856,136.6166472,chunithm;maimai_dx;ongeki;other,,,allnet;ziv
ＧｉＧＯアトレ川越,埼玉県川越市脇田町１０５番地１Ｆ,35.9099983,139.4828345,chunithm;maimai_dx;ongeki,,,allnet
ＧｉＧＯアドバンスモール松阪,三重県松阪市田村町２３５−１,34.5538974,136.5146608,chunithm;maimai_dx;nostalgia;ongeki;other;polaris_chord;project_diva;taiko,,chunithm:2;maimai_dx:1;nostalgia:1;ongeki:2;polaris_chord:2;project_diva:1;taiko:2,allnet;eagate;ziv
ＧｉＧＯアミュプラザくまもと,熊本県熊本市西区春日三丁目１５番２６号６Ｆ　６１８区画,32.7889001,130.6882840,chunithm;maimai_dx;other,,,allnet;ziv
ＧｉＧＯアミュプラザみやざき,宮崎県宮崎市老松２丁目２番２２号アミュプラザみやざき　うみ館,31.9142659,131.4315529,chunithm;maimai_dx;ongeki;other,,,allnet;ziv
ＧｉＧＯアリオ葛西,東京都江戸川区東葛西９−３−３イトーヨーカドー３Ｆ,35.6525143,139.8817872,chunithm;maimai_dx;ongeki;other;project_diva,,,allnet;ziv
ＧｉＧＯアルパーク北棟,広島県広島市西区草津南４ー７ー１アルパーク北棟２Ｆ,34.3755120,132.3933319,chunithm;drs;gitadora;iidx;jubeat;maimai_dx;nostalgia;ongeki;other;polaris_chord;project_diva;sdvx,iidx_lm;sdvx_vm,,allnet;eagate;ziv
ＧｉＧＯアルプラザ金沢,石川県金沢市諸江町３０−１,36.5910868,136.6431540,chunithm;maimai_dx;ongeki;other,,,allnet;ziv
ＧｉＧＯイオンスタイル上田,長野県上田市常田２丁目１２ー１８,36.3921441,138.2577050,chunithm;maimai_dx,,,allnet
ＧｉＧＯイオンタウン刈谷,愛知県刈谷市東境町京和１,35.0388079,137.0267692,chunithm;iidx;maimai_dx;ongeki;other;sdvx;taiko,iidx_lm;sdvx_vm,chunithm:2;iidx:1;maimai_dx:2;ongeki:2;sdvx:1;taiko:1,allnet;eagate;ziv
ＧｉＧＯイオンタウン名西,愛知県名古屋市西区香呑町６−４９−１イオンタウン名西２Ｆ,35.2041270,136.8925985,chunithm;maimai_dx;ongeki;other;taiko,,chunithm:2;maimai_dx:1;ongeki:2;taiko:1,allnet;ziv
ＧｉＧＯイオンタウン小郡,山口県山口市小郡前田町３−６イオンタウン小郡内,34.0869865,131.3986628,chunithm;maimai_dx;nostalgia;ongeki;other;project_diva,,,allnet;eagate;ziv
ＧｉＧＯイオンモールむさし村山,東京都武蔵村山市榎１−１−３−２０５９,35.7467413,139.3850665,chunithm;maimai_dx;ongeki;other,,,allnet;ziv
ＧｉＧＯイオンモール与野,埼玉県さいたま市中央区本町西５ー２−９イオンモール与野３Ｆ,35.8906333,139.6151016,chunithm;maimai_dx;ongeki;other,,,allnet;ziv
ＧｉＧＯイオンモール姫路リバーシティー,兵庫県姫路市飾磨区細江２５６０番地,34.7981195,134.6686313,chunithm;maimai_dx;ongeki,,,allnet
ＧｉＧＯイオンモール岡山,岡山県岡山市北区下石井１−２−１イオンモール岡山６Ｆ,34.6620437,133.9177953,chunithm;iidx;maimai_dx;ongeki;other;polaris_chord;popn;sdvx,iidx_lm;popn_pikapika;sdvx_vm,,allnet;eagate;ziv
ＧｉＧＯイオンモール新発田,新潟県新発田市住吉町５‐１１‐５イオンモール新発田店２Ｆ,37.9425520,139.3088201,chunithm;ddr;iidx;maimai_dx;ongeki;polaris_chord;popn;sdvx,iidx_lm;sdvx_vm,,allnet;eagate
ＧｉＧＯイオンモール日根野,大阪府泉佐野市日根野２４９６−１イオンモール日根野２Ｆ,34.3924081,135.3341508,chunithm;drs;iidx;nostalgia;polaris_chord;popn,iidx_lm,,allnet;eagate
ＧｉＧＯイオンモール木曽川,愛知県一宮市木曽川町黒田八ヶ池２５−１イオンモール木曽川３Ｆ,35.3489689,136.7735999,chunithm;maimai_dx;ongeki;other;taiko,,chunithm:2;maimai_dx:2;ongeki:2;taiko:2,allnet;ziv
ＧｉＧＯイオンモール浦和美園,埼玉県さいたま市緑区美園５−５０−１イオンモール浦和美園２Ｆ,35.8912268,139.7310120,chunithm;maimai_dx,,,allnet
ＧｉＧＯイオンモール苫小牧,北海道苫小牧市柳町３丁目１番２０号イオンモール苫小牧２階,42.6563187,141.6420372,chunithm;gitadora;iidx;jubeat;maimai_dx;ongeki;other;polaris_chord;popn;sdvx,iidx_lm;popn_pikapika;sdvx_vm,,allnet;eagate;ziv
ＧｉＧＯイオンモール銚子,千葉県銚子市三崎町２−２６６０−１イオンモール銚子２Ｆ,35.7098939,140.7876201,chunithm;maimai_dx;ongeki;other;project_diva;taiko,,,allnet;ziv
ＧｉＧＯイオンモール高松,香川県高松市香西本町1-1 イオンモール高松2F　227-2,34.3524161,134.0050942,chunithm;maimai_dx;ongeki;other,,,allnet;ziv
ＧｉＧＯイオン仙台中山,宮城県仙台市泉区南中山１−３５−５７別館３Ｆ,38.2978961,140.8270835,chunithm;ddr;iidx;maimai_dx;ongeki;other;sdvx,ddr_gold;iidx_lm;sdvx_vm,,allnet;eagate;ziv
ＧｉＧＯイオン戸畑ショッピングセンター,福岡県北九州市戸畑区汐井町２番２号　イオン戸畑３Ｆ,33.8959948,130.8198500,maimai_dx,,,allnet
ＧｉＧＯイオン新浦安ショッピングセンター,千葉県浦安市入船１−４−１イオン新浦安ＳＣ４Ｆ,35.6489954,139.9149219,chunithm;iidx;maimai_dx;other;sdvx;taiko,iidx_lm;sdvx_vm,,allnet;eagate;ziv
ＧｉＧＯイオン札幌手稲駅前ＳＣ,北海道札幌市手稲区前田１条１１丁目３階,43.1205333,141.2454205,chunithm;ddr;iidx;maimai_dx;ongeki;polaris_chord;popn;sdvx,ddr_gold;iidx_lm;sdvx_vm,,allnet;eagate
ＧｉＧＯイオン淡路,兵庫県淡路市志筑新島１０ー２,34.4259919,134.9062305,chunithm;maimai_dx;ongeki,,,allnet
ＧｉＧＯイトーヨーカドー八王子,東京都八王子市狭間町１４６２番地１　ＩＹ八王子３階,35.6380448,139.2934910,chunithm;maimai_dx;ongeki,,,allnet
ＧｉＧＯイトーヨーカドー古淵,神奈川県相模原市南区古淵３−１３−３３イトーヨーカドー３Ｆ,35.5530135,139.4186535,chunithm;maimai_dx;ongeki;other,,,allnet;ziv
ＧｉＧＯイトーヨーカドー東久留米,東京都東久留米市本町３丁目８番１号イトーヨーカドー東久留米店,35.7590142,139.5287865,chunithm,,,allnet
ＧｉＧＯイトーヨーカドー武蔵小金井,東京都小金井市本町６‐１４‐９ＩＹ武蔵小金井店４Ｆ,35.7004955,139.5048144,maimai_dx,,,allnet
ＧｉＧＯエイスクエア草津,滋賀県草津市西渋川１−２３−２３エイスクエアＳＡＲＡ南館２階,35.0242214,135.9597829,chunithm;iidx;maimai_dx;ongeki;other;polaris_chord;sdvx,iidx_lm;sdvx_vm,,allnet;eagate;ziv
ＧｉＧＯギャラリエアピタ知立,愛知県知立市長篠町大山１８−１ギャラリエアピタ１Ｆ,34.9991237,137.0528421,chunithm;maimai_dx;ongeki;other;taiko,,chunithm:2;maimai_dx:1;ongeki:2;taiko:3,allnet;ziv
ＧｉＧＯコロワ甲子園,兵庫県西宮市甲子園高潮町３−３Ｃｒｏｗａ甲子園３Ｆ,34.7237339,135.3618492,chunithm;maimai_dx;ongeki;other,,,allnet;ziv
ＧｉＧＯサントムーン柿田川,静岡県駿東郡清水町玉川６１−２サントムーン柿田川２Ｆ,35.1097737,138.9030008,chunithm;iidx;maimai_dx;nostalgia;ongeki;other;polaris_chord;popn;sdvx,iidx_lm;popn_pikapika;sdvx_vm,,allnet;eagate;ziv
ＧｉＧＯショッピングセンターチェリオ鹿嶋,茨城県鹿嶋市宮中２９０−１ショッピングセンターチェリオ１階,35.9595986,140.6437542,chunithm;iidx;maimai_dx;ongeki;other;polaris_chord;sdvx,iidx_lm;sdvx_vm,,allnet;eagate;ziv
ＧｉＧＯスエヒロボウル徳島,徳島県徳島市南末広町４−９５−２,34.0611124,134.5727754,chunithm;maimai_dx;ongeki;other;project_diva,,,allnet;ziv
ＧｉＧＯスマーク伊勢崎,群馬県伊勢崎市西小保方町３６８スマーク伊勢崎３Ｆ　３０２区画,36.3391744,139.2330425,chunithm;drs;iidx;jubeat;maimai_dx;nostalgia;ongeki;other;polaris_chord;project_diva;sdvx,iidx_lm;sdvx_vm,,allnet;eagate;ziv
ＧｉＧＯセンター南,神奈川県横浜市都筑区茅ヶ崎中央３−２５,35.5446019,139.5746394,chunithm;iidx;maimai_dx;ongeki;other;polaris_chord;popn;sdvx,iidx_lm;popn_pikapika;sdvx_vm,,allnet;eagate;ziv
ＧｉＧＯダイナシティ小田原,神奈川県小田原市中里２９６−１ダイナシティイーストモール３Ｆ,35.2818014,139.1886624,chunithm;maimai_dx;ongeki;other,,,allnet;ziv
ＧｉＧＯデイズタウンつくば,茨城県つくば市竹園１-９−２デイズタウンつくば地下１Ｆ,36.0777294,140.1153316,chunithm;ddr;drs;gitadora;iidx;jubeat;maimai_dx;nostalgia;ongeki;other;polaris_chord;popn;project_diva;reflec;sdvx,ddr_gold;gitadora_dm_arena;gitadora_gf_arena;iidx_lm;popn_pikapika;sdvx_vm,ddr:3;drs:1;iidx:2;jubeat:8,allnet;eagate;ziv
ＧｉＧＯトナリエクレオつくば,茨城県つくば市吾妻１丁目７−１　トナリエクレオ３Ｆ,36.0805071,140.1117159,chunithm;maimai_dx;ongeki,,,allnet
ＧｉＧＯトナリエ四日市,三重県四日市市安島１丁目３番３１号トナリエ四日市５階,34.9686061,136.6166547,chunithm;crossbeats;drs;groove_coaster;iidx;jubeat;maimai_dx;ongeki;other;polaris_chord;project_diva;sdvx;taiko,iidx_lm;sdvx_vm,,allnet;eagate;ziv
ＧｉＧＯドリームタウン白樺,北海道帯広市白樺１６条西２丁目ドリームタウン白樺１階,42.9194181,143.1743325,chunithm;ddr;gitadora;iidx;maimai_dx;ongeki;other;polaris_chord;popn;project_diva;sdvx,ddr_gold;iidx_lm;popn_pikapika;sdvx_vm,,allnet;eagate;ziv
ＧｉＧＯヒタチエ,茨城県日立市幸町１丁目１６番１号ヒタチエ５階,36.5918049,140.6590163,chunithm;drs;iidx;jubeat;maimai_dx;ongeki;popn;reflec,,,allnet;eagate
ＧｉＧＯビバモール埼玉大井,埼玉県ふじみ野市西鶴ケ岡１丁目３ー１５,35.8637878,139.5022199,chunithm;maimai_dx;ongeki,,,allnet
ＧｉＧＯビバモール寝屋川,大阪府寝屋川市寝屋南２−２２−２ビバモール寝屋川モール棟２Ｆ,34.7657720,135.6506536,chunithm;maimai_dx;ongeki;other;project_diva,,,allnet;ziv
ＧｉＧＯビバモール蕨錦町,埼玉県蕨市錦町１丁目１２ー１　２階　２１２区画,35.8217943,139.6778975,chunithm;maimai_dx,,,allnet
ＧｉＧＯフェニックスプラザ摩耶,兵庫県神戸市灘区味泥町６−１フェニックスプラザ１Ｆ,34.7040510,135.2280184,chunithm;maimai_dx;ongeki;other,,,allnet;ziv
ＧｉＧＯフジグラン高知,高知県高知市朝倉東町５２−１５フジグラン高知３Ｆ,33.5430367,133.4979066,chunithm;maimai_dx;ongeki;other,,,allnet;ziv
ＧｉＧＯフジモール吹上,埼玉県鴻巣市袋９０ー１　２階,36.0994301,139.4732970,chunithm;gitadora;iidx;maimai_dx;ongeki;polaris_chord;sdvx,iidx_lm;sdvx_vm,,allnet;eagate
ＧｉＧＯフレスポ東大阪,大阪府東大阪市稲田新町３−９−６４,34.6907943,135.5913188,chunithm;maimai_dx;ongeki;other,,,allnet;ziv
ＧｉＧＯベイドリーム清水,静岡県静岡市清水区駒越北８−１ベイドリーム清水２Ｆ,34.9848744,138.4994607,chunithm;maimai_dx;ongeki;other,,,allnet;ziv
ＧｉＧＯマリエとやま,富山県富山市桜町１丁目１番６１号マリエとやま４Ｆ,36.7003922,137.2141065,chunithm;maimai_dx;ongeki;other,,,allnet;ziv
ＧｉＧＯマーケットスクエアささしま,愛知県名古屋市中村区平池町４丁目６０番地１４号,35.1626230,136.8849364,chunithm;ddr;gitadora;iidx;jubeat;maimai_dx;nostalgia;ongeki;other;polaris_chord;popn;project_diva;sdvx;taiko,ddr_gold;gitadora_dm_arena;gitadora_gf_arena;iidx_lm;popn_pikapika;sdvx_vm,chunithm:6;ddr:2;gitadora:2;iidx:4;jubeat:1;maimai_dx:5;nostalgia:2;ongeki:4;polaris_chord:2;popn:1;project_diva:1;sdvx:4;taiko:3,allnet;eagate;ziv
ＧｉＧＯマーゴ関,岐阜県関市倉知５１６,35.4796478,136.9006802,chunithm;iidx;maimai_dx;nostalgia;ongeki;other;polaris_chord;project_diva;sdvx,iidx_lm;sdvx_vm,,allnet;eagate;ziv
ＧｉＧＯミーナ天神,福岡県福岡市中央区天神４丁目３番８号　ミーナ天神７階　７０,33.5929742,130.3983736,chunithm;maimai_dx;ongeki;other,,,allnet;ziv
ＧｉＧＯラパーク瑞江,東京都江戸川区瑞江２−１−２ドン・キホーテラパーク瑞江店４Ｆ,35.6928467,139.8967529,chunithm;maimai_dx;ongeki,,,allnet
ＧｉＧＯリバーサイド千秋,新潟県長岡市千秋２‐２７８　アピタリバーサイド千秋長岡店２Ｆ,37.4607294,138.8267708,chunithm;maimai_dx,,,allnet
ＧｉＧＯワカバウォーク,埼玉県鶴ヶ島市富士見１‐２‐１ワカバウォーク２Ｆ,35.9497900,139.4114610,maimai_dx,,,allnet
ＧｉＧＯヴィータモールせいせき,東京都多摩市関戸４丁目７２番地,35.6486018,139.4472360,chunithm;maimai_dx;ongeki;other;taiko,,chunithm:2;maimai_dx:2;ongeki:2;taiko:2,allnet;ziv
ＧｉＧＯ一関,岩手県一関市山目字中野９２ー１,38.9337343,141.1183423,chunithm;maimai_dx;other;polaris_chord;popn,,,allnet;eagate;ziv
ＧｉＧＯ万代シテイバスセンタービル,新潟県新潟市中央区万代１丁目６番１号,37.9163632,139.0556101,chunithm;iidx;maimai_dx;ongeki;polaris_chord;sdvx,iidx_lm;sdvx_vm,,allnet;eagate
ＧｉＧＯ三宮北口,兵庫県神戸市中央区北長狭通一丁目８番１号,34.6931201,135.1921928,chunithm;gitadora;iidx;maimai_dx;ongeki;other;polaris_chord;popn;sdvx,iidx_lm;popn_pikapika;sdvx_vm,,allnet;eagate;ziv
ＧｉＧＯ上田,長野県上田市大字上田１８４７−１,36.4127733,138.2619352,chunithm;nostalgia;ongeki;other;project_diva,,,allnet;eagate;ziv
ＧｉＧＯ中津,大分県中津市沖代町１−２−１６,33.5912109,131.2019990,chunithm;maimai_dx;other;project_diva,,,allnet;ziv
ＧｉＧＯ中筋,広島県広島市安佐南区中筋４−１１−７,34.4553375,132.4788461,chunithm;maimai_dx;ongeki;other;project_diva,,,allnet;ziv
ＧｉＧＯ中間,福岡県中間市上蓮花寺３−１−１,33.8230744,130.7216062,chunithm;iidx;maimai_dx;ongeki;other;polaris_chord;project_diva;sdvx,iidx_lm;sdvx_vm,,allnet;eagate;ziv
ＧｉＧＯ久居,三重県津市久居明神町字風早２５３４−１,34.6842048,136.4668428,chunithm;maimai_dx;nostalgia;ongeki;other;project_diva,,,allnet;eagate;ziv
ＧｉＧＯ今福,大阪府大阪市城東区今福東１−９−３４,34.7009266,135.5574414,chunithm;jubeat;maimai_dx;nostalgia;ongeki;other;polaris_chord;project_diva,,,allnet;eagate;ziv
ＧｉＧＯ仙台,宮城県仙台市青葉区中央２−５−５三経６０ビル,38.2616214,140.8767359,chunithm;ddr;drs;iidx;maimai_dx;nostalgia;ongeki;other;polaris_chord;popn;project_diva;sdvx,ddr_gold;iidx_lm;popn_pikapika;sdvx_vm,,allnet;eagate;ziv
ＧｉＧＯ仙台コロナワールド,宮城県仙台市宮城野区福室字田中前１番５３−１,38.2602094,140.9693584,chunithm;ongeki;other;project_diva,,,allnet;ziv
ＧｉＧＯ仙台一番町,宮城県仙台市青葉区一番町４丁目５番１３号サンシャインビル１階,38.2641347,140.8711617,chunithm;ddr;gitadora;iidx;maimai_dx;ongeki;other;polaris_chord;popn;sdvx,ddr_gold;gitadora_dm_arena;gitadora_gf_arena;iidx_lm;popn_pikapika;sdvx_vm,,allnet;eagate;ziv
ＧｉＧＯ伊勢,三重県伊勢市中須町６６６,34.4921013,136.6780636,chunithm;crossbeats;groove_coaster;iidx;jubeat;maimai_dx;nostalgia;ongeki;other;polaris_chord;project_diva;sdvx;taiko,iidx_lm;sdvx_vm,chunithm:4;crossbeats:1;groove_coaster:1;iidx:1;jubeat:1;maimai_dx:2;nostalgia:2;ongeki:4;polaris_chord:2;project_diva:2;sdvx:1;taiko:1,allnet;eagate;ziv
ＧｉＧＯ会津若松,福島県会津若松市町北町上荒久田字宮下１４２,37.5183115,139.9221731,chunithm;ddr;iidx;maimai_dx;ongeki;other;polaris_chord;popn;sdvx,ddr_gold;iidx_lm;popn_pikapika;sdvx_vm,,allnet;eagate;ziv
ＧｉＧＯ佐沼,宮城県登米市迫町佐沼字中江２−５−８,38.6904449,141.1891181,chunithm;maimai_dx;ongeki;other,,,allnet;ziv
ＧｉＧＯ倉敷,岡山県倉敷市西中新田５３５−２,34.5839063,133.7698652,chunithm;maimai_dx;ongeki;other,,,allnet;ziv
ＧｉＧＯ入間,埼玉県入間市東藤沢２−１８,35.8192054,139.4181179,chunithm;gitadora;iidx;jubeat;maimai_dx;nostalgia;ongeki;other;polaris_chord;project_diva;sdvx,iidx_lm;sdvx_vm,,allnet;eagate;ziv
ＧｉＧＯ八戸,青森県八戸市城下４−２５−１４,40.5199277,141.4982922,chunithm;iidx;maimai_dx;ongeki;other;sdvx,iidx_lm;sdvx_vm,,allnet;eagate;ziv
ＧｉＧＯ八柱,千葉県松戸市日暮１−１−１八柱駅第２ビル２Ｆ,35.7913772,139.9377874,chunithm;ddr;iidx;jubeat;maimai_dx;ongeki;other;polaris_chord;popn;sdvx;taiko,ddr_gold;iidx_lm;popn_pikapika;sdvx_vm,,allnet;eagate;ziv
ＧｉＧＯ八王子高倉,東京都八王子市高倉町５５‐４,35.6650608,139.3664651,chunithm;iidx;jubeat;maimai_dx;nostalgia;ongeki;polaris_chord;popn;project_diva;sdvx,iidx_lm;popn_pikapika;sdvx_vm,,allnet;eagate
ＧｉＧＯ函館昭和,北海道函館市昭和３丁目２４−１８ゲオ函館昭和店１階,41.8192328,140.7345439,chunithm;maimai_dx;other,,,allnet;ziv
ＧｉＧＯ別府,大分県別府市餅ヶ浜町１６１−２,33.2955437,131.5030742,chunithm;iidx;maimai_dx;ongeki;other;project_diva;sdvx,iidx_lm;sdvx_vm,,allnet;eagate;ziv
ＧｉＧＯ利府,宮城県宮城郡利府町加瀬字新前谷地５５−１,38.3280286,140.9756113,chunithm;ddr;iidx;maimai_dx;ongeki;other;popn;sdvx,ddr_gold;iidx_lm;popn_pikapika;sdvx_vm,,allnet;eagate;ziv
ＧｉＧＯ勿来,福島県いわき市勿来町四沢字鍵田１３,36.8890720,140.7845634,chunithm;ongeki;other;project_diva,,,allnet;ziv
ＧｉＧＯ北山形,山形県山形市北町１−３−２０,38.2682491,140.3313510,chunithm;maimai_dx;ongeki;other;project_diva,,,allnet;ziv
ＧｉＧＯ北岡崎,愛知県岡崎市錦町２番地４,34.9733728,137.1599159,chunithm;ddr;drs;gitadora;iidx;jubeat;maimai_dx;nostalgia;ongeki;other;polaris_chord;popn;project_diva;sdvx,ddr_gold;gitadora_dm_arena;gitadora_gf_arena;iidx_lm;popn_pikapika;sdvx_vm,,allnet;eagate;ziv
ＧｉＧＯ北見,北海道北見市西三輪５丁目１番地１６号,43.7965975,143.8426114,chunithm;ddr;gitadora;iidx;jubeat;maimai_dx;ongeki;other;polaris_chord;popn;sdvx;taiko,ddr_gold;iidx_lm;sdvx_vm,,allnet;eagate;ziv
ＧｉＧＯ北谷,沖縄県中頭郡北谷町美浜９−８,26.3169305,127.7555816,chunithm;maimai_dx;ongeki;other;taiko,,,allnet;ziv
ＧｉＧＯ千葉,千葉県千葉市中央区富士見２−４−１,35.6115641,140.1158508,chunithm;maimai_dx;ongeki;other;project_diva;taiko,,,allnet;ziv
ＧｉＧＯ南町田グランベリーパークシアター,東京都町田市鶴間３‐４‐１　ワンダーシアター１Ｆ,35.5098378,139.4699593,chunithm;maimai_dx;ongeki,,,allnet
ＧｉＧＯ南越谷ラクーン,埼玉県越谷市南越谷１丁目１５番１号南越谷ラクーン２Ｆ,35.8750206,139.7931848,chunithm;maimai_dx;ongeki,,,allnet;ziv
ＧｉＧＯ名取,宮城県名取市飯野坂字土城堀５７−１,38.1565615,140.8883654,chunithm;iidx;maimai_dx;ongeki;other;sdvx,iidx_lm;sdvx_vm,,allnet;eagate;ziv
ＧｉＧＯ名張,三重県名張市希央台３番町１５,34.6235067,136.1035133,chunithm;drs;maimai_dx;nostalgia;ongeki;other,,,allnet;eagate;ziv
ＧｉＧＯ和泉,大阪府和泉市肥子町２−４−４１,34.4867343,135.4180002,chunithm;maimai_dx;ongeki;other,,,allnet;ziv
ＧｉＧＯ大宮西口,埼玉県さいたま市大宮区桜木町二丁目３番地２,35.9069124,139.6221862,chunithm;iidx;maimai_dx;ongeki;sdvx,iidx_lm;sdvx_vm,,allnet;eagate
ＧｉＧＯ大森,東京都大田区山王２−１−５大森駅ララビル２Ｆ,35.5900117,139.7284234,chunithm;ddr;gitadora;iidx;jubeat;maimai_dx;ongeki;other;polaris_chord;popn;project_diva;sdvx,ddr_gold;gitadora_dm_arena;gitadora_gf_arena;iidx_lm;popn_pikapika;sdvx_vm,,allnet;eagate;ziv
ＧｉＧＯ大阪第４ビル,大阪府大阪市北区梅田１−１１−４駅前第４ビルＢ１Ｆ,34.6997459,135.4995034,chunithm;iidx;ongeki;other;polaris_chord;sdvx,iidx_lm;sdvx_vm,,allnet;eagate;ziv
ＧｉＧＯ大阪道頓堀本店,大阪府大阪市中央区道頓堀１丁目８番２２号道頓座ビル１〜３Ｆ,34.6684903,135.5016990,chunithm;ddr;gitadora;iidx;maimai_dx;ongeki;polaris_chord;project_diva;sdvx;taiko,ddr_gold;gitadora_dm_arena;gitadora_gf_arena;iidx_lm;sdvx_vm,chunithm:6;ddr:2;gitadora:2;iidx:3;maimai_dx:8;ongeki:2;polaris_chord:4;project_diva:1;sdvx:4;taiko:8,allnet;eagate;ziv
ＧｉＧＯ天童,山形県天童市南町１−５−２６,38.3429386,140.3741282,chunithm;ddr;drs;gitadora;iidx;jubeat;maimai_dx;nostalgia;ongeki;other;polaris_chord;popn;project_diva;sdvx,ddr_gold;iidx_lm;sdvx_vm,,allnet;eagate;ziv
ＧｉＧＯ太田,群馬県太田市西矢島町５７５−１,36.2745539,139.3780843,chunithm;maimai_dx;ongeki;other,,,allnet;ziv
ＧｉＧＯ姫路駅前,兵庫県姫路市駅前町２５４姫路ＯＳビルＢ１Ｆ,34.8288891,134.6911463,chunithm;iidx;maimai_dx;ongeki;polaris_chord;popn;sdvx;taiko,iidx_lm;popn_pikapika;sdvx_vm,chunithm:4;iidx:2;maimai_dx:3;ongeki:4;polaris_chord:2;popn:1;sdvx:1;taiko:3,allnet;eagate;ziv
ＧｉＧＯ宇都宮,栃木県宇都宮市東宿郷５−１−７,36.5583104,139.9088155,chunithm;ddr;drs;gitadora;iidx;jubeat;maimai_dx;nostalgia;ongeki;other;polaris_chord;popn;project_diva;sdvx,ddr_gold;gitadora_dm_arena;gitadora_gf_arena;iidx_lm;popn_pikapika;sdvx_vm,,allnet;eagate;ziv
ＧｉＧＯ安城,愛知県安城市百石町２−３５−１３,34.9473926,137.0731591,chunithm;iidx;maimai_dx;ongeki;other;sdvx,iidx_lm;sdvx_vm,,allnet;eagate;ziv
ＧｉＧＯ室蘭,北海道室蘭市東町４丁目３１番２号１階,42.3421726,141.0259566,chunithm;maimai_dx;ongeki;other;popn,,,allnet;eagate;ziv
ＧｉＧＯ小山,栃木県小山市東城南１−１−１８,36.2989766,139.8101635,chunithm;iidx;maimai_dx;nostalgia;ongeki;other;polaris_chord;project_diva;sdvx,iidx_lm;sdvx_vm,,allnet;eagate;ziv
ＧｉＧＯ尾西,愛知県一宮市篭屋３−９−７アソビックスびさい１Ｆ,35.3092178,136.7715210,chunithm;gitadora;iidx;maimai_dx;ongeki;other;polaris_chord;sdvx;taiko,iidx_lm;sdvx_vm,chunithm:3;gitadora:2;iidx:2;maimai_dx:3;ongeki:2;polaris_chord:2;sdvx:2;taiko:2,allnet;eagate;ziv
ＧｉＧＯ尾道,広島県尾道市新浜１−２−１３,34.4030398,133.1863131,chunithm;maimai_dx;ongeki;other,,,allnet;ziv
ＧｉＧＯ岡山藤崎,岡山県岡山市中区藤崎５９９−１２,34.6088660,133.9766043,chunithm;maimai_dx;ongeki;other;project_diva,,,allnet;eagate;ziv
ＧｉＧＯ岡崎,愛知県岡崎市上地３−５０−４,34.9113546,137.1693120,chunithm;maimai_dx;ongeki;other;project_diva,,,allnet;ziv
ＧｉＧＯ岡谷,長野県岡谷市塚間町２−１−２１,36.0652155,138.0530269,chunithm;maimai_dx;nostalgia;ongeki;other;project_diva,,,allnet;eagate;ziv
ＧｉＧＯ川口,埼玉県川口市東領家２−２−１０,35.7948508,139.7475285,chunithm;drs;maimai_dx;nostalgia;ongeki;other;polaris_chord;project_diva,,,allnet;eagate;ziv
ＧｉＧＯ布施,大阪府東大阪市長堂１−１−１ロンモール布施内,34.6641110,135.5627449,chunithm;ddr;drs;gitadora;iidx;jubeat;maimai_dx;nostalgia;ongeki;other;polaris_chord;popn;project_diva;sdvx,ddr_gold;iidx_lm;popn_pikapika;sdvx_vm,,allnet;eagate;ziv
ＧｉＧＯ帯広稲田,北海道帯広市稲田町南八線西１２−１スズランボウル１・２階,42.8902056,143.1964602,chunithm;iidx;maimai_dx;ongeki;other;polaris_chord;sdvx,iidx_lm;sdvx_vm,,allnet;eagate;ziv
ＧｉＧＯ幕張,千葉県千葉市美浜区ひび野１−８メッセ・アミューズ・モール１Ｆ,35.6499867,140.0426445,chunithm;ddr;gitadora;iidx;jubeat;maimai_dx;ongeki;other;polaris_chord;popn;project_diva;sdvx;taiko,ddr_gold;iidx_lm;popn_pikapika;sdvx_vm,chunithm:4;gitadora:2;maimai_dx:2;ongeki:2;project_diva:2;sdvx:1,allnet;eagate;ziv
ＧｉＧＯ広,広島県呉市広中町１−９,34.2285551,132.6294083,chunithm;gitadora;iidx;jubeat;maimai_dx;ongeki;other;polaris_chord;popn;sdvx,iidx_lm;sdvx_vm,,allnet;eagate;ziv
ＧｉＧＯ広島本通,広島県広島市中区本通９−３０ランドマークビル１Ｆ,34.3924267,132.4608008,chunithm;maimai_dx;ongeki;other,,,allnet;ziv
ＧｉＧＯ庄内,山形県東田川郡三川町猪字大堰端３２６番地６,38.8196376,139.8348644,chunithm;maimai_dx;other;project_diva,,,allnet;ziv
ＧｉＧＯ府中,東京都府中市西原町１−６−２フレスポ府中１Ｆ・２Ｆ,35.6824046,139.4603984,chunithm;maimai_dx;ongeki;other,,,allnet;ziv
ＧｉＧＯ延岡,宮崎県延岡市平原町５−１４９２−８,32.5498259,131.6778907,chunithm;maimai_dx;nostalgia;ongeki;other;project_diva,,,allnet;eagate;ziv
ＧｉＧＯ弘前,青森県弘前市末広１−３−３,40.6040697,140.4999194,chunithm;maimai_dx;ongeki;other,,,allnet;ziv
ＧｉＧＯ成増,東京都板橋区成増２ー１７ー２４五曠第６ビル,35.7774582,139.6312607,chunithm;ddr;gitadora;iidx;maimai_dx;nostalgia;ongeki;polaris_chord;popn;project_diva;sdvx,ddr_gold;iidx_lm;popn_pikapika;sdvx_vm,,allnet;eagate
ＧｉＧＯ我孫子,千葉県我孫子市柴崎字天王谷４７−１,35.8782703,140.0300563,chunithm;maimai_dx;ongeki;other;taiko,,,allnet;ziv
ＧｉＧＯ所沢,埼玉県所沢市日吉町８−１,35.7884760,139.4718990,chunithm;iidx;maimai_dx;nostalgia;ongeki;other;polaris_chord;project_diva;sdvx,iidx_lm;sdvx_vm,,allnet;eagate;ziv
ＧｉＧＯ掛川,静岡県掛川市細田２４８,34.7738744,137.9853301,chunithm;maimai_dx;nostalgia;ongeki;other,,,allnet;eagate;ziv
ＧｉＧＯ新三国アルゴ７,大阪府豊中市神州町１−１５,34.7386679,135.4794168,chunithm;maimai_dx;ongeki;other,,,allnet;ziv
ＧｉＧＯ新大久保,東京都新宿区百人町２丁目１０−１南雲ビルＢ１Ｆ,35.7017862,139.6995136,maimai_dx;other;taiko,,maimai_dx:1;taiko:2,allnet;ziv
ＧｉＧＯ新宿西口,東京都新宿区西新宿１−１２−５Ｂ１Ｆ・１Ｆ,35.6895292,139.6973700,chunithm;iidx;maimai_dx;ongeki;other;polaris_chord;popn;sdvx;taiko,iidx_lm;popn_pikapika;sdvx_vm,chunithm:6;iidx:4;maimai_dx:2;ongeki:4;polaris_chord:2;sdvx:4;taiko:3,allnet;eagate;ziv
ＧｉＧＯ新庄,山形県新庄市金沢１０６８,38.7646694,140.3084662,chunithm;gitadora;iidx;jubeat;maimai_dx;other;polaris_chord;popn;sdvx,iidx_lm;sdvx_vm,,allnet;eagate;ziv
ＧｉＧＯ新杉田,神奈川県横浜市磯子区杉田１−１−１らびすた新杉田２Ｆ,35.3860689,139.6188885,chunithm;iidx;maimai_dx;ongeki;other;polaris_chord;popn;project_diva;sdvx,iidx_lm;popn_pikapika;sdvx_vm,,allnet;eagate;ziv
ＧｉＧＯ日光,栃木県日光市芹沼１４４８−１,36.7410949,139.7101397,chunithm;maimai_dx;nostalgia;ongeki;other;polaris_chord;project_diva,,,allnet;eagate;ziv
ＧｉＧＯ日和田,福島県郡山市日和田町字西中島７−１,37.4482007,140.3804128,chunithm;drs;maimai_dx;ongeki;other;project_diva,,,allnet;eagate;ziv
ＧｉＧＯ日立,茨城県日立市田尻町３−２６−１,36.6264312,140.6698583,chunithm;gitadora;jubeat;maimai_dx;nostalgia;ongeki;other;project_diva,,,allnet;eagate;ziv
ＧｉＧＯ旭,千葉県旭市二３１５０−１,35.7235695,140.6395598,chunithm;maimai_dx;ongeki;other;project_diva;taiko,,,allnet;ziv
ＧｉＧＯ明石,兵庫県明石市魚住町清水２４６４−１,34.7200565,134.8968320,chunithm;drs;gitadora;maimai_dx;ongeki;other;sdvx,,,allnet;eagate;ziv
ＧｉＧＯ春日井,愛知県春日井市岩野町４１８０,35.2695446,136.9605146,chunithm;drs;groove_coaster;iidx;jubeat;maimai_dx;nostalgia;ongeki;other;project_diva;sdvx;taiko;wacca,iidx_lm;sdvx_vm,chunithm:3;drs:1;groove_coaster:1;iidx:1;jubeat:1;maimai_dx:2;nostalgia:1;ongeki:4;project_diva:1;sdvx:1;taiko:1;wacca:1,allnet;eagate;ziv
ＧｉＧＯ本厚木,神奈川県厚木市中町４−１５−９,35.4390462,139.3619056,chunithm;gitadora;iidx;jubeat;maimai_dx;ongeki;other;polaris_chord;sdvx,iidx_lm;sdvx_vm,,allnet;eagate;ziv
ＧｉＧＯ本藤沢,神奈川県藤沢市本藤沢５‐６‐８,35.3580369,139.4681074,chunithm;iidx;jubeat;maimai_dx;ongeki;polaris_chord;popn;sdvx,iidx_lm;sdvx_vm,,allnet;eagate
ＧｉＧＯ札幌駅西口,北海道札幌市北区北６条西６丁目１‐１,43.0675310,141.3462795,chunithm;ddr;gitadora;iidx;maimai_dx;ongeki;other;popn;sdvx;taiko,ddr_gold;gitadora_dm_arena;gitadora_gf_arena;iidx_lm;popn_pikapika;sdvx_vm,chunithm:2;ddr:1;gitadora:2;iidx:4;maimai_dx:2;ongeki:2;sdvx:4;taiko:2,allnet;eagate;ziv
ＧｉＧＯ東京ドームシティ,東京都文京区後楽１−３−６１,35.7049936,139.7538087,ongeki;taiko,,taiko:7,allnet;ziv
ＧｉＧＯ東名ボール,愛知県瀬戸市西原町２−１１４,35.2092202,137.0628682,chunithm;maimai_dx;nostalgia;ongeki;other;project_diva;taiko,,chunithm:2;maimai_dx:1;nostalgia:2;ongeki:2;project_diva:1;taiko:1,allnet;ziv
ＧｉＧＯ東梅田,大阪府大阪市北区堂山町９−２８,34.7031007,135.5039563,chunithm;maimai_dx;ongeki;other;project_diva,,,allnet;ziv
ＧｉＧＯ松山,愛媛県松山市枝松５−７−３２,33.8282598,132.7865030,chunithm;maimai_dx;nostalgia;ongeki;other,,,allnet;eagate;ziv
ＧｉＧＯ松江,島根県松江市嫁島町１２−１５,35.4500922,133.0478147,chunithm;maimai_dx;nostalgia;ongeki;other;project_diva,,,allnet;eagate;ziv
ＧｉＧＯ枚方,大阪府枚方市須山町８３−１サンシャインプラザ枚方内,34.8196428,135.6755727,chunithm;iidx;maimai_dx;nostalgia;ongeki;other;project_diva;sdvx,iidx_lm;sdvx_vm,,allnet;eagate;ziv
ＧｉＧＯ柏,千葉県柏市柏１−１−１１丸井デパート内Ｂ１Ｆ,35.8614881,139.9709011,chunithm;maimai_dx;ongeki;other;taiko,,,allnet;ziv
ＧｉＧＯ柳津,岐阜県岐阜市柳津町上佐波西３‐６８,35.3759691,136.7145600,chunithm;gitadora;iidx;maimai_dx;ongeki;other;popn;sdvx;taiko,gitadora_dm_arena;gitadora_gf_arena;iidx_lm;sdvx_vm,chunithm:3;gitadora:2;iidx:1;maimai_dx:2;ongeki:3;popn:1;sdvx:1;taiko:1,allnet;eagate;ziv
ＧｉＧＯ桑名,三重県桑名市江場１５７８,35.0531263,136.6824919,chunithm;iidx;maimai_dx;ongeki;other;polaris_chord;sdvx;taiko,iidx_lm;sdvx_vm,,allnet;eagate;ziv
ＧｉＧＯ横浜中華街,神奈川県横浜市中区山下町８０−１,35.4438130,139.6480761,chunithm;maimai_dx;ongeki;other,,,allnet;ziv
ＧｉＧＯ武生,福井県越前市新町３−１３−４,35.9051868,136.1534092,chunithm;maimai_dx;ongeki;other,,,allnet;ziv
ＧｉＧＯ武雄,佐賀県武雄市武雄町富岡１２５１７−１,33.1993539,130.0346461,chunithm;drs;jubeat;maimai_dx;nostalgia;ongeki;other;polaris_chord;project_diva,,,allnet;eagate;ziv
ＧｉＧＯ水戸,茨城県水戸市宮町１−７−４４コムボックス３１０,36.3694663,140.4745213,chunithm;ddr;drs;gitadora;iidx;jubeat;maimai_dx;nostalgia;ongeki;other;polaris_chord;popn;project_diva;sdvx,ddr_gold;iidx_lm;popn_pikapika;sdvx_vm,,allnet;eagate;ziv
ＧｉＧＯ水戸オーパ,茨城県水戸市宮町１丁目７番３３号水戸オーパ７階,36.3701410,140.4755315,chunithm,,,allnet
ＧｉＧＯ水戸南,茨城県水戸市千波町２０１７−１,36.3503245,140.4430002,chunithm;ddr;gitadora;iidx;jubeat;maimai_dx;nostalgia;ongeki;other;polaris_chord;popn;project_diva;sdvx,iidx_lm;popn_pikapika;sdvx_vm,,allnet;eagate;ziv
ＧｉＧＯ水沢,岩手県奥州市水沢佐倉河字鐙田４−１,39.1526569,141.1493722,chunithm;maimai_dx;ongeki;other;polaris_chord,,,allnet;eagate;ziv
ＧｉＧＯ池上,東京都大田区池上６−２−３松山ビル２Ｆ,35.5726635,139.7021271,chunithm;maimai_dx;nostalgia;ongeki;other,,,allnet;eagate;ziv
ＧｉＧＯ河原町オーパ,京都府京都市中京区河原町通四条上ル,35.0012678,135.7692946,chunithm;ongeki;other,,,allnet;ziv
ＧｉＧＯ沼田,群馬県沼田市下久屋町１１００−１,36.6567755,139.0780691,chunithm;maimai_dx;other;project_diva,,,allnet;ziv
ＧｉＧＯ泉中央ショッピングプラザセルバ,宮城県仙台市泉区泉中央１丁目４ー１,38.3237638,140.8820780,chunithm;maimai_dx,,,allnet
ＧｉＧＯ海田,広島県安芸郡海田町南大正町３−３５,34.3676366,132.5336741,chunithm;iidx;maimai_dx;ongeki;other;polaris_chord;project_diva;sdvx,iidx_lm;sdvx_vm,,allnet;eagate;ziv
ＧｉＧＯ海老名,神奈川県海老名市中央一丁目４番３１号海老名プラザビル１階,35.4515535,139.3925418,chunithm;iidx;maimai_dx;ongeki;other;polaris_chord;project_diva;sdvx,iidx_lm;sdvx_vm,,allnet;eagate;ziv
ＧｉＧＯ渋谷宮益坂,東京都渋谷区渋谷１−１４−１４ＥＳＴ１階・７階,35.6600164,139.7025897,chunithm;ddr;iidx;jubeat;maimai_dx;nostalgia;ongeki;other;polaris_chord;popn;project_diva;sdvx;taiko,ddr_gold;iidx_lm;popn_pikapika;sdvx_vm,chunithm:5;ddr:1;iidx:2;jubeat:1;maimai_dx:2;nostalgia:2;ongeki:1;polaris_chord:2;project_diva:1;sdvx:2;taiko:5,allnet;eagate;ziv
ＧｉＧＯ港北インター,神奈川県横浜市都筑区東方町３２１‐６,35.5192486,139.5847936,chunithm;gitadora;iidx;maimai_dx;ongeki;polaris_chord;popn;sdvx,gitadora_dm_arena;gitadora_gf_arena;iidx_lm;popn_pikapika;sdvx_vm,,allnet;eagate
ＧｉＧＯ生桑,三重県四日市市生桑町字川原崎２９９−１,34.9864590,136.6016295,chunithm;jubeat;maimai_dx;nostalgia;ongeki;other;project_diva,,,allnet;eagate;ziv
ＧｉＧＯ甲西,滋賀県湖南市夏見字二ツ橋３５６−１,34.9949073,136.0972139,chunithm;maimai_dx;ongeki;other;project_diva,,,allnet;ziv
ＧｉＧＯ町田,東京都町田市原町田６−１３ー１７アーバンミサワビルＢ１,35.5438675,139.4469818,chunithm;ddr;iidx;maimai_dx;ongeki;other;polaris_chord;popn;project_diva;sdvx,ddr_gold;iidx_lm;popn_pikapika;sdvx_vm,,allnet;eagate;ziv
ＧｉＧＯ白河,福島県白河市新高山１−１　メガステージ白河内,37.1193163,140.1944179,chunithm;maimai_dx;ongeki;other,,,allnet;ziv
ＧｉＧＯ相模原,神奈川県相模原市中央区中央２−１−５,35.5735451,139.3710572,chunithm;ddr;gitadora;iidx;maimai_dx;ongeki;other;polaris_chord;popn;project_diva;sdvx,ddr_gold;iidx_lm;popn_pikapika;sdvx_vm,,allnet;eagate;ziv
ＧｉＧＯ相模原ラクーン,神奈川県相模原市中央区小山１ー１ー１４,35.5843140,139.3621420,chunithm;maimai_dx;ongeki;other,,,allnet;ziv
ＧｉＧＯ相模大野,神奈川県相模原市南区相模大野３−１３−２東和ビル２Ｆ・３Ｆ,35.5321942,139.4358387,chunithm;ddr;gitadora;iidx;jubeat;maimai_dx;nostalgia;ongeki;other;polaris_chord;popn;project_diva;sdvx,ddr_gold;gitadora_dm_arena;gitadora_gf_arena;iidx_lm;popn_pikapika;sdvx_vm,,allnet;eagate;ziv
ＧｉＧＯ石岡,茨城県石岡市東大橋中峯１９７６−１,36.1986319,140.3033861,chunithm;jubeat;maimai_dx;nostalgia;ongeki;other;polaris_chord;project_diva,,,allnet;eagate;ziv
ＧｉＧＯ石巻,宮城県石巻市大街道東４−１−４５,38.4294077,141.2853678,chunithm;maimai_dx;ongeki;other;project_diva,,,allnet;ziv
ＧｉＧＯ神戸ｕｍｉｅサウスモール,兵庫県神戸市中央区東川崎町１ー７−２ダイヤニッセイビル４Ｆ,34.6792583,135.1827079,chunithm;maimai_dx;ongeki,,,allnet
ＧｉＧＯ神戸ｕｍｉｅモザイク,兵庫県神戸市中央区東川崎町１ー６ー１神戸モザイク３Ｆ,34.6799071,135.1844019,chunithm;maimai_dx;other,,,allnet;ziv
ＧｉＧＯ神栖,茨城県神栖市神栖１ー８−１,35.8979951,140.6444094,chunithm;gitadora;iidx;jubeat;maimai_dx;nostalgia;ongeki;other;polaris_chord;popn;sdvx,iidx_lm;sdvx_vm,,allnet;eagate;ziv
ＧｉＧＯ神楽坂,東京都新宿区神楽坂２−１１第２カグラヒルズ１Ｆ,35.7010372,139.7420111,chunithm;iidx;maimai_dx;ongeki;other;polaris_chord;popn;sdvx;taiko,iidx_lm;popn_pikapika;sdvx_vm,chunithm:4;iidx:2;maimai_dx:2;ongeki:3;polaris_chord:2;popn:1;sdvx:2;taiko:4,allnet;eagate;ziv
ＧｉＧＯ福井,福井県福井市丸山１−４１０,36.0733531,136.2429894,chunithm;gitadora;iidx;maimai_dx;nostalgia;ongeki;other;project_diva;sdvx,iidx_lm;sdvx_vm,,allnet;eagate;ziv
ＧｉＧＯ福山,広島県福山市瀬戸町大字山北３００,34.4760604,133.3159193,chunithm;maimai_dx;ongeki;other;project_diva,,,allnet;ziv
ＧｉＧＯ福岡天神,福岡県福岡市中央区天神２−７−６ＤＡＤＡビル,33.5898893,130.3966097,chunithm;ddr;drs;gitadora;iidx;maimai_dx;nostalgia;ongeki;other;polaris_chord;popn;project_diva;sdvx,ddr_gold;gitadora_dm_arena;gitadora_gf_arena;iidx_lm;popn_pikapika;sdvx_vm,,allnet;eagate;ziv
ＧｉＧＯ福島,福島県福島市本内中井１−２,37.7852287,140.4875123,chunithm;maimai_dx;ongeki;other,,,allnet;ziv
ＧｉＧＯ福島南,福島県福島市黒岩字中島７−２,37.7277789,140.4671413,chunithm;ddr;iidx;maimai_dx;ongeki;other;polaris_chord;popn;sdvx,ddr_gold;iidx_lm;popn_pikapika;sdvx_vm,,allnet;eagate;ziv
ＧｉＧＯ福生,東京都福生市福生１０７６−１,35.7447000,139.3242870,chunithm;gitadora;iidx;maimai_dx;ongeki;other;polaris_chord;project_diva;sdvx,iidx_lm;sdvx_vm,,allnet;eagate;ziv
ＧｉＧＯ秋田,秋田県秋田市茨島１−１−１６,39.7042342,140.1045893,chunithm;iidx;maimai_dx;nostalgia;ongeki;other,iidx_lm,,allnet;eagate;ziv
ＧｉＧＯ秋葉原３号館,東京都千代田区外神田１‐１１‐１１外神田１丁目ビルディング,35.6992573,139.7709038,chunithm;ddr;drs;gitadora;iidx;jubeat;maimai_dx;nostalgia;ongeki;other;polaris_chord;popn;project_diva;reflec;sdvx;taiko,ddr_gold;gitadora_dm_arena;gitadora_gf_arena;iidx_lm;popn_pikapika;sdvx_vm,chunithm:12;ddr:4;drs:2;gitadora:2;iidx:8;jubeat:1;maimai_dx:3;nostalgia:1;ongeki:6;polaris_chord:8;popn:1;project_diva:1;reflec:1;sdvx:8;taiko:6,allnet;eagate;ziv
ＧｉＧＯ稲毛オーツーパーク,千葉県千葉市稲毛区園生町３８０−１,35.6505317,140.1191122,chunithm;maimai_dx;ongeki;other;project_diva;taiko,,,allnet;ziv
ＧｉＧＯ立川,東京都立川市柴崎町３−２−１サザンビル１・２Ｆ,35.6975104,139.4146195,chunithm;iidx;maimai_dx;ongeki;other;polaris_chord;popn;project_diva;sdvx;taiko,iidx_lm;popn_pikapika;sdvx_vm,chunithm:4;project_diva:2;taiko:2,allnet;eagate;ziv
ＧｉＧＯ立石,東京都葛飾区立石７丁目３番６号リ・セブン,35.7396004,139.8494377,chunithm;iidx;maimai_dx;ongeki;sdvx,iidx_lm;sdvx_vm,,allnet;eagate
ＧｉＧＯ竹の塚,東京都足立区竹の塚６−８−６ピーくんＰｌａｚａ−ｂ,35.7947506,139.7924968,chunithm;iidx;maimai_dx;ongeki;other;polaris_chord;sdvx,iidx_lm;sdvx_vm,,allnet;eagate;ziv
ＧｉＧＯ籠原,埼玉県熊谷市美土里町１−１−１６９,36.1709504,139.3182563,chunithm;maimai_dx;ongeki;other,,,allnet;ziv
ＧｉＧＯ米子,鳥取県米子市両三柳２７７８−２,35.4598740,133.3221969,chunithm;ongeki;other;project_diva,,,allnet;ziv
ＧｉＧＯ米沢,山形県米沢市大字花沢字タナコ原１７７,37.9109365,140.1336702,chunithm;iidx;maimai_dx;ongeki;other;polaris_chord;popn;sdvx,iidx_lm;sdvx_vm,,allnet;eagate;ziv
ＧｉＧＯ綱島,神奈川県横浜市港北区綱島西２−６−２９,35.5363864,139.6328782,chunithm;ddr;gitadora;iidx;jubeat;maimai_dx;nostalgia;ongeki;other;polaris_chord;popn;project_diva;sdvx,ddr_gold;gitadora_dm_arena;gitadora_gf_arena;iidx_lm;popn_pikapika;sdvx_vm,,allnet;eagate;ziv
ＧｉＧＯ総本店,東京都豊島区東池袋一丁目１３番６号,35.7295307,139.7147102,chunithm;ddr;drs;gitadora;iidx;jubeat;maimai_dx;nostalgia;ongeki;other;polaris_chord;popn;project_diva;sdvx;taiko,ddr_gold;gitadora_dm_arena;gitadora_gf_arena;iidx_lm;popn_pikapika;sdvx_vm,chunithm:1;ddr:3;drs:1;gitadora:2;iidx:1;jubeat:1;maimai_dx:6;ongeki:6;polaris_chord:8;popn:1;sdvx:1;taiko:1,allnet;eagate;ziv
ＧｉＧＯ自由が丘,東京都目黒区自由が丘２ー１０ー９,35.6084441,139.6675657,chunithm;gitadora;iidx;maimai_dx;ongeki;popn;project_diva;sdvx;taiko,iidx_lm;popn_pikapika;sdvx_vm,iidx:1;maimai_dx:2;ongeki:1;project_diva:1;sdvx:1;taiko:2,allnet;eagate;ziv
ＧｉＧＯ船堀,東京都江戸川区船堀１ー６ー１１,35.6848536,139.8638638,chunithm;gitadora;iidx;maimai_dx;nostalgia;ongeki;other;polaris_chord;project_diva;sdvx,iidx_lm;sdvx_vm,,allnet;eagate;ziv
ＧｉＧＯ花園,埼玉県深谷市荒川３５９,36.1204271,139.2330687,chunithm;maimai_dx;ongeki;other;project_diva,,,allnet;ziv
ＧｉＧＯ袋井,静岡県袋井市川井１１４２−１,34.7463375,137.9114390,chunithm;maimai_dx;ongeki;other;project_diva,,,allnet;ziv
ＧｉＧＯ西葛西,東京都江戸川区西葛西５−１−１４第一保志ビル,35.6652968,139.8592688,chunithm;maimai_dx;ongeki;other,,,allnet;ziv
ＧｉＧＯ西那須野,栃木県那須塩原市南郷屋２−１０６−２７,36.8951190,139.9822381,chunithm;gitadora;iidx;maimai_dx;nostalgia;ongeki;other;polaris_chord;project_diva;sdvx,iidx_lm;sdvx_vm,,allnet;eagate;ziv
ＧｉＧＯ調布,東京都調布市布田４丁目２ー４,35.6509849,139.5442311,chunithm;ddr;gitadora;iidx;maimai_dx;ongeki;polaris_chord;sdvx,ddr_gold;iidx_lm;sdvx_vm,,allnet;eagate
ＧｉＧＯ諫早,長崎県諫早市小川町９０−１,32.8315106,130.0552128,chunithm;maimai_dx;nostalgia;ongeki;other;polaris_chord;popn,,,allnet;eagate;ziv
ＧｉＧＯ豊橋飯村,愛知県豊橋市飯村町字西山２５−１２１,34.7490943,137.4138729,chunithm;iidx;maimai_dx;ongeki;other;polaris_chord;sdvx,iidx_lm;sdvx_vm,,allnet;eagate;ziv
ＧｉＧＯ豊田,愛知県豊田市深田町１−６５−１,35.0678723,137.1238001,chunithm;ddr;gitadora;iidx;maimai_dx;nostalgia;ongeki;other;polaris_chord;popn;sdvx,ddr_gold;iidx_lm;popn_pikapika;sdvx_vm,,allnet;eagate;ziv
ＧｉＧＯ豊科,長野県安曇野市豊科南穂高１１１５,36.3031122,137.9227144,chunithm;maimai_dx;nostalgia;ongeki;other;project_diva,,,allnet;eagate;ziv
ＧｉＧＯ赤羽,東京都北区赤羽１−７−９赤羽第一葉山ビルＢ１,35.7789607,139.7222842,chunithm;gitadora;iidx;jubeat;maimai_dx;ongeki;other;polaris_chord;popn;sdvx,iidx_lm;popn_pikapika;sdvx_vm,,allnet;eagate;ziv
ＧｉＧＯ赤羽駅前,東京都北区赤羽１−２−４,35.7782507,139.7215917,chunithm;ddr;gitadora;iidx;maimai_dx;ongeki;other;polaris_chord;popn;sdvx,ddr_gold;gitadora_dm_arena;gitadora_gf_arena;iidx_lm;popn_pikapika;sdvx_vm,,allnet;eagate;ziv
ＧｉＧＯ足利朝倉,栃木県足利市朝倉町２４４‐１,36.3224907,139.4503431,chunithm;drs;gitadora;iidx;jubeat;maimai_dx;nostalgia;ongeki;polaris_chord;popn;sdvx,gitadora_dm_arena;gitadora_gf_arena;iidx_lm;popn_pikapika;sdvx_vm,,allnet;eagate
ＧｉＧＯ那覇国際通り,沖縄県那覇市久茂地３ー３ー２０,26.2144145,127.6821469,chunithm;maimai_dx;ongeki,,,allnet
ＧｉＧＯ金山,愛知県名古屋市熱田区金山１−１９ー２,35.1426808,136.9021522,chunithm;gitadora;iidx;maimai_dx;ongeki;other;polaris_chord;popn;sdvx;taiko,iidx_lm;popn_pikapika;sdvx_vm,chunithm:8;gitadora:2;iidx:1;maimai_dx:2;ongeki:4;polaris_chord:2;sdvx:1;taiko:2,allnet;eagate;ziv
ＧｉＧＯ長久手,愛知県長久手市武蔵塚７０５,35.1714145,137.0454605,chunithm;ddr;gitadora;iidx;maimai_dx;ongeki;other;popn;sdvx;taiko,gitadora_dm_arena;gitadora_gf_arena;iidx_lm;popn_pikapika;sdvx_vm,chunithm:3;ddr:1;gitadora:2;iidx:2;maimai_dx:2;ongeki:3;popn:1;sdvx:2;taiko:2,allnet;eagate;ziv
ＧｉＧＯ難波アビオン,大阪府大阪市浪速区難波中２−３−１５　ＭＭＯビルＢ１Ｆ〜３Ｆ,34.6627327,135.5033112,chunithm;ddr;drs;gitadora;iidx;maimai_dx;nostalgia;ongeki;polaris_chord;popn;project_diva;pump_it_up;reflec;sdvx,ddr_gold;gitadora_dm_arena;gitadora_gf_arena;iidx_lm;popn_pikapika;sdvx_vm,chunithm:1;gitadora:2;iidx:4;maimai_dx:1;ongeki:1;polaris_chord:1;project_diva:1;pump_it_up:1;reflec:1;sdvx:1,allnet;eagate;ziv
ＧｉＧＯ静岡,静岡県静岡市葵区七間町４番地,34.9740698,138.3815063,chunithm;maimai_dx;ongeki;other,,,allnet;ziv
ＧｉＧＯ館林,群馬県館林市小桑原町９４９−１,36.2352210,139.5203287,chunithm;maimai_dx;ongeki;other;project_diva,,,allnet;ziv
ＧｉＧＯ高城,大分県大分市牧１−１６１−８,33.2417094,131.6372654,chunithm;drs;gitadora;iidx;jubeat;maimai_dx;nostalgia;ongeki;other;polaris_chord;popn;project_diva;sdvx,iidx_lm;sdvx_vm,,allnet;eagate;ziv
ＧｉＧＯ高山,岐阜県高山市上岡本町７−７,36.1426267,137.2436265,chunithm;maimai_dx;nostalgia;ongeki;other;project_diva;taiko,,chunithm:2;maimai_dx:2;nostalgia:1;ongeki:1;project_diva:1;taiko:1,allnet;eagate;ziv
ＧｉＧＯ高松,香川県高松市勅使町５３５,34.3084572,134.0184855,chunithm;ongeki;other,,,allnet;ziv
ＧｉＧＯ高田馬場,東京都新宿区高田馬場４−７−５高田馬場グランド東京,35.7136018,139.7037221,chunithm;ddr;iidx;maimai_dx;ongeki;other;popn;sdvx,iidx_lm;popn_pikapika;sdvx_vm,,allnet;eagate;ziv
ＧｉＧＯ鳥取,鳥取県鳥取市安長４１６,35.5118559,134.2105547,chunithm;maimai_dx;ongeki;other;project_diva,,,allnet;ziv
ＧｉＧＯ龍ヶ崎,茨城県龍ケ崎市藤ケ丘４−２−８,35.9385388,140.1959422,chunithm;drs;maimai_dx;ongeki;other;project_diva,,,allnet;eagate;ziv
ＨａｐｉｐｉＬａｎｄ十日町,新潟県十日町市丑７３５−１,37.1362487,138.7456428,ongeki,,,allnet
Ｈｅｙ,東京都千代田区外神田１−１０−５廣瀬本社ビル１階〜４階,35.6990241,139.7710638,chunithm;gitadora;iidx;other;polaris_chord;popn;sdvx;taiko,iidx_lm;sdvx_vm,chunithm:2;gitadora:2;iidx:2;polaris_chord:2;popn:1;sdvx:2;taiko:1,allnet;eagate;ziv
ＪＯＹＬＡＮＤ敦賀店,福井県敦賀市木崎４０ー１２,35.6447457,136.0431584,chunithm;gitadora;iidx;maimai_dx;ongeki;sdvx,,,allnet
ＫＯＫＡＤＯタウン小山店,栃木県小山市中久喜１４６７ー１イオンモール小山店２階,36.3220766,139.8409661,chunithm;maimai_dx,,,allnet
Ｌｅｔ’ｓ　ＷＡＫＵ２　エルパ,福井県福井市大和田2-1212,36.0957091,136.2502611,chunithm;maimai_dx,,,allnet
ＭＥＧＡＧＥＴ室蘭,北海道室蘭市中島本町２ー８ー１,42.3535264,141.0145420,chunithm;iidx;maimai_dx;ongeki;other;sdvx,iidx_lm;sdvx_vm,,allnet;eagate;ziv
ＭＥＧＡＧＥＴ釧路,北海道釧路郡釧路町木場２丁目１ー１,43.0089190,144.4080035,chunithm;iidx;maimai_dx;ongeki;sdvx,iidx_lm;sdvx_vm,,allnet;eagate;ziv
ＭＦ　ＬＩＮＫＳ　ＵＭＥＤＡ,大阪府大阪市北区大深町４−８ヨドバシカメラＬＩＮＫＳ梅田店内,34.7031452,135.4947306,chunithm;maimai_dx,,,allnet
ＭＩＲＡＩＮＯイオンモール土岐店,岐阜県土岐市土岐津町土岐口中山１３７２番１,35.3472649,137.1541472,chunithm;maimai_dx;ongeki;other;taiko,,chunithm:4;maimai_dx:3;ongeki:2;taiko:3,allnet;ziv
ＭＩＲＡＩＮＯイオンモール白山店,石川県白山市横江町５００１番地,36.5431130,136.5853170,chunithm;maimai_dx;ongeki,,,allnet
ＭＩＲＡＩＮＯイオンモール豊川店,愛知県豊川市白鳥町兎足１丁目１６　イオンモール豊川３階,34.8252746,137.3512726,chunithm;maimai_dx;ongeki,,,allnet
ｎａｍｃｏ　ｉｉａｓつくば店,茨城県つくば市研究学園５丁目１９番地　ｉｉａｓつくば店２Ｆ,36.0864293,140.0838117,chunithm;maimai_dx,,,allnet
ｎａｍｃｏくずはモール店,大阪府枚方市楠葉花園町１０ー８５ＫＵＺＵＨＡＭＡＬＬ南館２Ｆ,34.8599052,135.6768446,chunithm,,,allnet
ｎａｍｃｏけやきウォーク前橋店,群馬県前橋市文京町２ー１ー１けやきウォーク前橋２Ｆ,36.3791412,139.0780865,chunithm;maimai_dx;ongeki,,,allnet
ｎａｍｃｏなんばパークス店,大阪府大阪市浪速区難波中２ー１０ー７０　なんばパークス６Ｆ,34.6616148,135.5019496,maimai_dx,,,allnet
ｎａｍｃｏゆめタウン広島店,広島県広島市南区皆実町２ー８ー１７ゆめタウン広島店３Ｆ,34.3760793,132.4637694,chunithm;other,,,allnet;ziv
ｎａｍｃｏゆめタウン廿日市店,広島県廿日市市下平良２ー２ー１ゆめタウン廿日市店３Ｆ,34.3460169,132.3354783,chunithm;maimai_dx;other,,,allnet;ziv
ｎａｍｃｏらぽーる店,京都府舞鶴市南浜町２７−５らぽーる３Ｆ,35.4665912,135.3955065,chunithm,,,allnet
ｎａｍｃｏららぽーと名古屋みなとアクルス,愛知県名古屋市港区港明２ー３ー２ららぽーとみなとアクルス３Ｆ,35.1096001,136.8830016,chunithm;other;taiko,,chunithm:2;taiko:4,allnet;ziv
ｎａｍｃｏららぽーと門真店,大阪府門真市松生町１番１１号ららぽーと門真３階,34.7326097,135.5841084,chunithm;ongeki,,,allnet
ｎａｍｃｏアミュプラザ長崎新館店,長崎県長崎市尾上町１番１号　アミュプラザ長崎新館４階,32.7516252,129.8709304,chunithm;iidx;maimai_dx;other;sdvx,iidx_lm;sdvx_vm,,allnet;eagate;ziv
ｎａｍｃｏアリオ上田店,長野県上田市天神３ー５ー１　アリオ上田１Ｆ,36.3998430,138.2431819,chunithm,,,allnet
ｎａｍｃｏアリオ鳳店,大阪府堺市西区鳳南町３ー１９９ー１２アリオ鳳アリオモール３Ｆ,34.5247853,135.4593398,chunithm;maimai_dx,,,allnet
ｎａｍｃｏイオンタウン大館西店,秋田県大館市根下戸新町１８番１２１号　イオンタウン大館西内,40.2736778,140.5300206,chunithm;maimai_dx;ongeki;other,,,allnet;ziv
ｎａｍｃｏイオンタウン読谷ＳＣ店,沖縄県中頭郡読谷村古堅７４０イオンタウン読谷ＳＣ内,26.3679776,127.7460342,chunithm;maimai_dx;taiko,,,allnet;ziv
ｎａｍｃｏイオンタウン郡山店,福島県郡山市松木町２ー８８イオンタウン郡山内,37.3892958,140.3906753,chunithm;jubeat;maimai_dx;ongeki;other;popn;sdvx,sdvx_vm,,allnet;eagate;ziv
ｎａｍｃｏイオンモールつくば店,茨城県つくば市稲岡６６ー１　イオンモールつくば店３Ｆ,36.0336609,140.1320541,chunithm;maimai_dx,,,allnet
ｎａｍｃｏイオンモールナゴヤドーム前店,名古屋市東区矢田南４ー１０２ー３イオンモールナゴヤドーム３Ｆ,35.1871751,136.9440943,chunithm;maimai_dx;ongeki;other;taiko,,chunithm:3;maimai_dx:1;ongeki:2;taiko:5,allnet;ziv
ｎａｍｃｏイオンモール佐久平店,長野県佐久市佐久平駅南１１ー１０　イオンモール佐久平２Ｆ,36.2757803,138.4641986,chunithm;ongeki,,,allnet
ｎａｍｃｏイオンモール八千代緑が丘店,千葉県八千代市緑ヶ丘２ー１ー３イオンモール八千代緑ヶ丘４階,35.7280282,140.0731666,chunithm,,,allnet
ｎａｍｃｏイオンモール北戸田店,埼玉県戸田市美女木東１ー３ー１イオンモール北戸田３Ｆ,35.8266137,139.6526187,chunithm;maimai_dx,,,allnet
ｎａｍｃｏイオンモール各務原インター店,岐阜県各務原市那加萱場町３ー８イオンモール各務原店２Ｆ,35.3925385,136.8230671,chunithm;maimai_dx;ongeki,,,allnet
ｎａｍｃｏイオンモール大垣店,岐阜県大垣市外野２丁目１００イオンモール大垣２階,35.3367479,136.6140646,chunithm,,,allnet
ｎａｍｃｏイオンモール広島府中店,広島県安芸郡府中町大須２ー１ー１イオンモール広島府中３Ｆ,34.3946218,132.4997930,chunithm;maimai_dx;other,,,allnet;ziv
ｎａｍｃｏイオンモール鈴鹿店,三重県鈴鹿市庄野羽山４ー１ー２イオンモール鈴鹿２Ｆ,34.8715112,136.5316861,chunithm;maimai_dx,,,allnet
ｎａｍｃｏイオンモール長久手１号店,愛知県長久手市勝入塚５０１　イオンモール長久手３Ｆ,35.1736725,137.0503926,chunithm;maimai_dx;other;taiko,,chunithm:1;maimai_dx:1;taiko:2,allnet;ziv
ｎａｍｃｏイオンモール鶴見緑地店,大阪府大阪市鶴見区鶴見４ー１７ー１ー４２１イオンモール４Ｆ,34.7041877,135.5668273,chunithm;maimai_dx,,,allnet
ｎａｍｃｏイオン具志川店,沖縄県うるま市字前原幸崎原３０３イオン具志川ＳＣ内２Ｆ,26.3383686,127.8446809,chunithm;maimai_dx;ongeki;other,,,allnet;ziv
ｎａｍｃｏイオン栃木店,栃木県栃木市箱森町３７ー９　イオン栃木店２Ｆ,36.3950397,139.7240228,chunithm,,,allnet
ｎａｍｃｏイオン赤穂店,兵庫県赤穂市仲広字別所５５ー３イオン赤穂２Ｆ,34.7558379,134.4008628,chunithm,,,allnet
ｎａｍｃｏウイングベイ小樽店,北海道小樽市築港１１ー５ウィングベイ小樽５番街３階,43.1839414,141.0223104,chunithm;maimai_dx;ongeki;other,,,allnet;ziv
ｎａｍｃｏエアポートウォーク名古屋店,愛知県西春日井郡豊山町大字豊場字林先１ー８エアポートＷ３Ｆ,35.2462056,136.9248662,chunithm;maimai_dx;other;taiko,,chunithm:2;maimai_dx:1;taiko:5,allnet;ziv
ｎａｍｃｏエルムの街ショッピングセンター,青森県五所川原市大字唐笠柳字藤巻５１７ー１エルムの街２Ｆ,40.7995529,140.4541259,chunithm;other,,,allnet;ziv
ｎａｍｃｏカラフルタウン岐阜店,岐阜県岐阜市柳津町丸野３ー３ー６カラフルタウン岐阜内,35.3624086,136.7292027,chunithm;other;taiko,,chunithm:2;taiko:3,allnet;ziv
ｎａｍｃｏコースカベイサイドストアーズ,神奈川県横須賀市本町２−１−１２　コースカベイサイド５Ｆ,35.2832417,139.6627470,maimai_dx,,,allnet
ｎａｍｃｏサンエー浦添西海岸パルコシティ,沖縄県浦添市西洲３ー１ー１サンエー浦添西海岸パルコシティ３Ｆ,26.2617727,127.6978482,chunithm;maimai_dx,,,allnet
ｎａｍｃｏステラタウン店,埼玉県さいたま市北区宮原町一丁目８５４ー１　ステラモール３Ｆ,35.9331248,139.6230209,chunithm;maimai_dx,,,allnet
ｎａｍｃｏトナリエ大和高田店,奈良県大和高田市幸町３ー１８トナリエ大和高田店３Ｆ,34.5180071,135.7442191,chunithm;other,,,allnet;ziv
ｎａｍｃｏビバシティ彦根店,滋賀県彦根市竹ケ鼻町４３ー１ビバシティ彦根２Ｆ,35.2437061,136.2508666,chunithm;maimai_dx;ongeki;other,,,allnet;ziv
ｎａｍｃｏフェアモール福井大和田店,福井県福井市大和田２ー１２３０アピタ福井大和田店２Ｆ,36.0969584,136.2503541,chunithm;maimai_dx,,,allnet
ｎａｍｃｏフェドラＰ＆Ｄ佐野店,栃木県佐野市高萩町１３４０番地,36.2973133,139.6056474,chunithm;gitadora;iidx;maimai_dx;ongeki;polaris_chord;popn;sdvx,gitadora_dm_arena;gitadora_gf_arena;iidx_lm;popn_pikapika;sdvx_vm,,allnet;eagate
ｎａｍｃｏフジグラン北宇和島店,愛媛県宇和島市伊吹町甲９１２番地２フジグラン北宇和島店別棟,33.2346692,132.5694247,chunithm;maimai_dx;ongeki,,,allnet
ｎａｍｃｏフジグラン宇部店,山口県宇部市明神町３ー１ー１フジグラン宇部店２Ｆ,33.9305864,131.2561606,ongeki,,,allnet
ｎａｍｃｏマグスミノエ店,大阪府大阪市住之江区泉１−１−８２マグスミノエ１Ｆ,34.6099944,135.4682880,chunithm;maimai_dx,,,allnet
ｎａｍｃｏモラージュ佐賀店,佐賀県佐賀市巨勢町大字牛島７３０モラージュ佐賀南館１Ｆ,33.2512754,130.3196785,chunithm;maimai_dx;ongeki;other,,,allnet;ziv
ｎａｍｃｏロブレ小山店,栃木県小山市中央町３ー７ー１ロブレ小山内４階,36.3125497,139.8049277,chunithm;ongeki,,,allnet
ｎａｍｃｏワンダーシティ南熊本店,熊本県熊本市中央区九品寺６−９−１,32.7868920,130.7147318,chunithm;ongeki;other;polaris_chord;popn;sdvx,iidx_lm;popn_pikapika;sdvx_vm,,allnet;eagate;ziv
ｎａｍｃｏ中野店,東京都中野区中野５ー５２ー１５中野ブロードウェイ別館,35.7091276,139.6661371,chunithm;maimai_dx;ongeki;other;taiko,,chunithm:2;maimai_dx:1;ongeki:2;taiko:4,allnet;ziv
ｎａｍｃｏ博多バスターミナル店,福岡県福岡市博多区博多駅中央街２ー１博多バスターミナル７階,33.5915216,130.4198918,chunithm;gitadora;iidx;maimai_dx;ongeki;other;popn;sdvx,gitadora_dm_arena;gitadora_gf_arena;iidx_lm;popn_pikapika;sdvx_vm,,allnet;eagate;ziv
ｎａｍｃｏ宇都宮店,栃木県宇都宮市簗瀬町１６０６ー１　Ｐ＆Ｄビル,36.5438973,139.8915485,chunithm;iidx;maimai_dx;ongeki;project_diva;sdvx,iidx_lm;sdvx_vm,,allnet;eagate
ｎａｍｃｏ新潟店,新潟県新潟市中央区南笹口１ー１ー１　ひもろぎビル２Ｆ,37.9083798,139.0639094,chunithm;drs;iidx;maimai_dx;ongeki;popn;sdvx;wacca,iidx_lm;sdvx_vm,,allnet;eagate;ziv
ｎａｍｃｏ松戸店,千葉県松戸市松戸１２３０番地１ピアザ松戸１Ｆ,35.7835829,139.9007767,chunithm;gitadora;iidx;jubeat;maimai_dx;ongeki;other;polaris_chord;popn;sdvx;taiko,gitadora_dm_arena;gitadora_gf_arena;iidx_lm;popn_pikapika;sdvx_vm,,allnet;eagate;ziv
ｎａｍｃｏ梅田店,大阪府大阪市北区小松原町３ー３ＯＳビル２Ｆ,34.7027815,135.5003960,chunithm;gitadora;iidx;maimai_dx;ongeki;other;polaris_chord;popn;project_diva;sdvx;taiko,gitadora_dm_arena;gitadora_gf_arena;iidx_lm;popn_pikapika;sdvx_vm,chunithm:8;gitadora:2;iidx:6;maimai_dx:4;ongeki:4;polaris_chord:2;project_diva:1;sdvx:6;taiko:10,allnet;eagate;ziv
ｎａｍｃｏ池袋店,東京都豊島区東池袋１ー２２ー１０ヒューマックスパビリオン１Ｆ,35.7296795,139.7157691,chunithm;maimai_dx;other;taiko,,chunithm:2;maimai_dx:3;taiko:6,allnet;ziv
ｎａｍｃｏ熊谷店,埼玉県熊谷市銀座２ー９７ＣＡＲＰＡ１階,36.1391162,139.3949055,chunithm;maimai_dx;ongeki;project_diva,,,allnet
ｎａｍｃｏ王子サンスクエア店,東京都北区王子１ー４ー１サンスクエア２階,35.7529737,139.7389579,chunithm;gitadora;iidx;maimai_dx;ongeki;popn;sdvx,gitadora_dm_arena;gitadora_gf_arena;iidx_lm;popn_pikapika;sdvx_vm,chunithm:2;iidx:1;maimai_dx:2;ongeki:1;sdvx:1,allnet;eagate;ziv
ｎａｍｃｏ秋葉原店,東京都千代田区外神田１丁目１５番９号,35.6980094,139.7724164,chunithm;maimai_dx;other;taiko,,chunithm:4;maimai_dx:1;taiko:8,allnet;ziv
ｎａｍｃｏ豊岡店,兵庫県豊岡市中陰字大工６１７３階,35.5549774,134.8122757,chunithm;drs;ongeki;project_diva;sdvx,sdvx_vm,,allnet;eagate
ｎａｍｃｏＢｉＶｉ仙台駅東口店,宮城県仙台市宮城野区榴岡２ー１ー２５ＢｉＶｉ仙台駅東口店２Ｆ,38.2610647,140.8836719,chunithm;iidx;maimai_dx;sdvx,iidx_lm;sdvx_vm,,allnet;eagate
ｎａｍｃｏＯＳＣ湘南シティ店,神奈川県平塚市代官町３３番１号ＯＳＣ湘南シティ内,35.3287149,139.3572829,chunithm;maimai_dx;other,,,allnet;ziv
ＮＩＣＯＰＡ高尾店,東京都八王子市東浅川町550-1イーアス高尾2F,35.6451640,139.2912724,chunithm;maimai_dx;ongeki,,,allnet
Ｐ‐ランド・バイパス,福島県二本松市杉田駄子内４７,37.5716122,140.4186223,ongeki,,,allnet
ＰＡＬＯむつ,青森県むつ市中央２−７−８　１Ｆ,41.2868804,141.1837297,chunithm;iidx;maimai_dx;ongeki;project_diva;sdvx,iidx_lm;sdvx_vm,,allnet;eagate;ziv
ＰＡＬＯ久慈,岩手県久慈市長内町第３０地割３２−２久慈SC１F,40.1898616,141.7855976,chunithm;maimai_dx;ongeki;other;polaris_chord;project_diva;sdvx,sdvx_vm,,allnet;eagate;ziv
ＰＡＬＯ喜多方,福島県喜多方市字押切南２−４２−１リオンドールガーデンＳＱ内,37.6468072,139.8595921,chunithm;maimai_dx;other;popn,,,allnet;eagate;ziv
ＰＡＬＯ市川,千葉県市川市鬼高１−１−１ニッケコルトンプラザ２Ｆ,35.7167873,139.9342126,chunithm;maimai_dx;ongeki;taiko,,,allnet
ＰＡＬＯ松江,島根県松江市東朝日町１５１　イオン松江店ＳＣ３Ｆ,35.4639773,133.0694928,chunithm;jubeat;maimai_dx;nostalgia;ongeki;other;popn;project_diva,,,allnet;eagate;ziv
ＰＡＬＯ江別,北海道江別市幸町35　3F,43.0969784,141.5336446,chunithm;maimai_dx;ongeki;other,,,allnet;ziv
ＰＡＬＯ津南,三重県津市高茶屋小森町１４５番地　イオンモール津南３Ｆ,34.6669190,136.4897805,chunithm;maimai_dx;ongeki;polaris_chord,,,allnet
ＰＡＬＯ滝川,北海道滝川市東町２丁目２９−１　イオン滝川１Ｆ,43.5541683,141.9312154,chunithm;maimai_dx;other,,,allnet;ziv
ＰＡＬＯ熊谷,埼玉県熊谷市本石２−１３５,36.1453711,139.3788291,chunithm;gitadora;maimai_dx;ongeki,,,allnet;eagate
ＰＡＬＯ網走,北海道網走市駒場北５丁目８３番地,44.0009412,144.2839431,chunithm;ddr;maimai_dx;ongeki;other;project_diva,ddr_gold,,allnet;eagate;ziv
ＰＡＬＯ釧路,北海道釧路郡釧路町桂木１−１−７　イオン釧路店２F,43.0090999,144.4047521,chunithm;maimai_dx;taiko,,,allnet;ziv
ＰＡＬＯ防府,山口県防府市中央町１−３イオン防府店３Ｆ,34.0522015,131.5696784,chunithm;dance_evo;gitadora;iidx;maimai_dx;nostalgia;ongeki;other;polaris_chord;popn;sdvx,iidx_lm;sdvx_vm,,allnet;eagate;ziv
ＰＡＬＯ鳥取店,鳥取県鳥取市天神町1　2F,35.4935140,134.2219484,chunithm;maimai_dx;other,,,allnet;ziv
ＳＯＹＵGAME　FIELD湘南店,神奈川県藤沢市辻堂新町4-1-1湘南モールＦＩＬＬ2F,35.3391335,139.4645105,chunithm;maimai_dx;ongeki,,,allnet
ＳＯＹＵ　Ｅ−ＳＴＵＤＩＯ須賀川店,福島県須賀川市古河１０５イオンタウン須賀川Ｂ棟内,37.2984206,140.3852977,chunithm;gitadora;iidx;jubeat;maimai_dx;ongeki;other;reflec,iidx_lm,,allnet;eagate;ziv
ＳＯＹＵ　ＧＡＭＥ　ＦＩＥＬＤ古川店,宮城県大崎市古川沢田字筒場浦１５番地イオンタウン古川内,38.5990232,140.9741564,chunithm;iidx;maimai_dx;ongeki;other,iidx_lm,,allnet;eagate;ziv
ＳＯＹＵ　ＴＯＹ’Ｓ　ＮＹ　守谷店,茨城県守谷市百合ヶ丘3-249-1イオンタウン守谷2Ｆ,35.9447943,139.9906006,chunithm;maimai_dx;ongeki,,,allnet
ＳＯＹＵＧａｍｅＦｅｉｌｄ熊谷,埼玉県熊谷市銀座2-245ﾆｯﾄﾓｰﾙ4F,36.1387884,139.3937695,chunithm;maimai_dx;ongeki,,,allnet
ＳＯＹＵＧａｍｅＦｉｅｌｄ大館店,秋田県大館市御成町三丁目７番５８号いとく大館ＳＣ３階,40.2808817,140.5603404,chunithm;maimai_dx;ongeki;other,,,allnet;ziv
ＳＯＹＵＧａｍｅＦｉｅｌｄ御所野店,秋田県秋田市御所野地蔵田１ー１−１イオンモール秋田２Ｆ,39.6634143,140.1610980,chunithm;maimai_dx;ongeki;other;polaris_chord;popn,popn_pikapika,,allnet;eagate;ziv
ＳＯＹＵＧａｍｅＦｉｅｌｄ矢本店,宮城県東松島市小松字上浮足４３番地イオンタウン矢本,38.4251947,141.2029746,chunithm;maimai_dx;ongeki,,,allnet
ＳＯＹＵＧａｍｅＦｉｅｌｄ能代店,秋田県能代市鰄渕字古屋布１番イオンタウン能代内,40.1888271,140.0775041,chunithm;maimai_dx;ongeki,,,allnet
ＳＯＹＵＧａｍｅＦｉｅｌｄ酒田店,山形県酒田市泉町１９８番地イオンタウン酒田内,38.9357019,139.8469270,chunithm;maimai_dx;ongeki,,,allnet
ＳＰＥＥＤ,山口県周南市大字久米３２１９,34.0339400,131.8346400,chunithm;ddr;gitadora;iidx;maimai_dx;ongeki;other;sdvx,ddr_gold;gitadora_dm_arena;gitadora_gf_arena;iidx_lm;sdvx_vm,,allnet;eagate;ziv
ＶｉＶｉＤ蟹江店,愛知県海部郡蟹江町桜1丁目２１２　ヨシヅヤＪＲ蟹江駅前店２Ｆ,35.1436639,136.7966857,chunithm;ongeki,,,allnet
ＷＯＲＬＤ　ＧＡＭＥ　ＣＩＲＣＵＳ,東京都立川市羽衣町２−４−１３羽衣長田ビル１０１ＷＧＣ,35.6964221,139.4288034,chunithm;crossbeats;ddr;gitadora;iidx;jubeat;maimai_dx;museca;ongeki;other;popn;pump_it_up;reflec;sdvx;taiko,ddr_gold;gitadora_dm_arena;gitadora_gf_arena;iidx_lm;popn_pikapika;sdvx_vm,chunithm:4;crossbeats:1;ddr:1;gitadora:10;iidx:6;jubeat:3;maimai_dx:1;museca:1;ongeki:1;popn:4;pump_it_up:1;reflec:1;sdvx:1;taiko:1,allnet;eagate;ziv
ＹＡＺ寝屋川店,大阪府寝屋川市石津中町25-26,34.7802772,135.6194363,chunithm;gitadora;iidx;maimai_dx;ongeki;other;polaris_chord;sdvx,iidx_lm;sdvx_vm,,allnet;eagate;ziv
ｙｏｕｍｅ　ＣＩＲＣＵＳ出雲店,島根県出雲市大塚町６５０−１ゆめタウン出雲店　東館３Ｆ,35.3774033,132.7562280,chunithm;maimai_dx;ongeki;other,,,allnet;ziv
BEEBEE LAND,"R92A, 2F, H853 Fun Factory, Lisboeta, Macau",22.1415633,113.5729178,maimai_dx;other;pump_it_up,,maimai_dx:2;pump_it_up:1,allnet;bemanicn;ziv
GAME WORLD(CHIAO KUONG),"R.GRACIOSA 57 R/C+SL, FLAT H,ED. IND. CHIAO KUONG, MACAU",22.2102614,113.5525421,maimai_dx,,,allnet
YURAKUCHO,"N 5-7A,Rua de Sacadura Cabral N14-18B,R/C E,EDF.POU SENG",22.1991168,113.5469361,chunithm;dance_evo;ddr;drs;gitadora;groove_coaster;iidx;jubeat;maimai_dx;nostalgia;other;popn;pump_it_up;sdvx;taiko;wacca,,chunithm:6;dance_evo:1;ddr:2;drs:1;gitadora:2;groove_coaster:1;iidx:6;jubeat:4;maimai_dx:8;nostalgia:2;popn:1;pump_it_up:1;sdvx:4;taiko:2;wacca:2,allnet;bemanicn;ziv
AEON IPOH STATION 18,"S32, AEON Ipoh 18 Shopping Centre, No2, Jalan Susuran Stesen 18",4.5472687,101.0687007,chunithm;maimai_dx,,,allnet
AEON MALL NILAI,"LotS01, 2nd Floor, Persiaran Pusat Bandar Putra Point, 71800",2.8182299,101.7883967,chunithm;maimai_dx,,,allnet
AMAN CENTRAL,"Lot 3-25, Level 3, No.1 Aman Central, Lebuhraya Darulaman, 05100",6.1248637,100.3667935,chunithm;maimai_dx;other;taiko,,chunithm:2;maimai_dx:2;taiko:1,allnet;ziv
CAPCOM STATION SABAH,"Lot P4-P7, 4th Floor, Palm Square, Centre Point Sabah, 88000,",5.9781900,116.0718800,maimai_dx;other;taiko,,maimai_dx:2;taiko:1,allnet;ziv
COBAY 1U CROSS FIRE,"5F,1U SC.,1LEBUH BDR UTAMA,BDR UTAMA,PETALING JAYA,SELANGOR",3.1503538,101.6158661,chunithm;maimai_dx,,,allnet
COBAY DPULSE CYBERJAYA,"LOT SF08 DPULSE SC,CYBER12,63000 CYBERJAYA,SELANGOR",2.9221743,101.6510948,maimai_dx;other;pump_it_up,,maimai_dx:1;pump_it_up:1,allnet;ziv
COBAY WANGSA WALK,"TINGKAT2,WANGSA WALK1,JL.WANGSADELIMA12,WANGSA MAJU,KL.",3.1975526,101.7416211,gitadora;maimai_dx;other;pump_it_up,,gitadora:2;maimai_dx:2;pump_it_up:1,allnet;ziv
COW PLAY COW MOO BUKIT BINTANG,"T5-T8 3rd Floor Lot 10, Shopping Centre, 50, Jalan Sultan Ismail",3.1466072,101.7116219,maimai_dx;other;taiko,,maimai_dx:2;taiko:1,allnet;ziv
COW PLAY COW MOO SUTERA MALL,LG001-003 Sutera Mall 1 Jalan Sutera Tanjung 8/4,1.5171290,103.6714742,ddr;maimai_dx;other,,ddr:1;maimai_dx:2,allnet;ziv
CPCM BANDAR PUCHONG,"ET3-2 3rdFlr IOIMall Puchong, Puchong Jaya 47170",3.0463256,101.6183585,maimai_dx,,,allnet
DISTRICT 21,"Level, AT 6, City IOI City Mall, IOI Resort, 62502 Putrajya",2.9706630,101.7136681,chunithm;maimai_dx,,,allnet
FANTAZIA Vivacity Megamall,"L3-031,Lorong Wan Alwi 5,Jalan Wan Alwi,93350 Kuching,Sarawak",1.5277760,110.3678552,chunithm;jubeat;maimai_dx;other;taiko,,,allnet;ziv
Fun Factory,"Jalan Dulang,Mines Wellness City, 43300 Seri Kembangan, Selangor",3.0277025,101.7196243,chunithm,,,allnet
FUN SCAPE PUBLIKA,"Lot 72, UG, Publika Shopping Gallery, Solaris Dutamas, 50480",3.1708055,101.6655415,maimai_dx,,,allnet
FUN SCAPE SEREMBAN,"Lot F01 & F02,AEON Seremban 2,70300 Seremban, Negeri Sembian.",2.2811342,102.2161119,maimai_dx;other,,,allnet;ziv
FUN SCAPE@EKO CHERAS,"S17&S18,2F,EkoCherasMall,TamanMutiaraBarat,56000Cheras9Miles,KL.",3.0934300,101.7385100,maimai_dx;other;pump_it_up;taiko,,maimai_dx:2;pump_it_up:1;taiko:1,allnet;ziv
FUN SCAPE@LOW YAT,"7, Jalan Bintang, Off Jalan Bukit Bintang,55100 Kuala Lumpur",3.8182407,103.3262695,maimai_dx,,,allnet
FUN SCAPE@MINES,"L1-07/08,THE MINES SHOPPING FAIR,MINES RESORTCITY,SERI KEMBANGAN",3.0279234,101.7185408,maimai_dx;other;pump_it_up;taiko,,maimai_dx:2;pump_it_up:1;taiko:1,allnet;ziv
FUN SCAPE@SUNWAY CARNIVAL MALL,"3068 JalanTodak,Seberang Jaya 13700 Perai Pulau Pinang",5.3985132,100.3980465,chunithm;maimai_dx;other,,chunithm:2;maimai_dx:2,allnet;ziv
FUN SCAPE@SUNWAY PUTRA,"4-6-4-12,4F,SunwayPutraMall,No.100,JalanPutra,50350Kuala Lumpur,",3.1390030,101.6868550,chunithm;maimai_dx,,,allnet
FUN SCAPE@SUNWAY PYRAMID,"SUNWAY,PYRAMID LG3IR03,BANDARSUNWAY,SELANGOR",3.0726570,101.6074960,chunithm;maimai_dx;other;popn;pump_it_up,,chunithm:4;maimai_dx:4;popn:1;pump_it_up:1,allnet;ziv
FUN SCAPE@TESCO BAGAN AJAM,"G3,TESCO BAGAN AJAM ,LOT 2816,12300 BUTTERWORTH PULAU PINANG",5.4396000,100.3816250,maimai_dx;other;taiko,,maimai_dx:1;taiko:1,allnet;ziv
FUN SCAPE@TESCO IPOH KINTA CITY,2 Jalan Lambu Taman Teh Teng Seng 31400 Ipoh Perak,4.6167149,101.1187446,maimai_dx;other;pump_it_up,,maimai_dx:1;pump_it_up:1,allnet;ziv
FUN SCAPE@TESCO KEPONG,"TESCO KEPONG F1 PLAYLAND JALAN 7A 62A,,52200KEPONG KUALA LUMPUR",3.1928910,101.6331696,maimai_dx;other;taiko,,maimai_dx:1;taiko:1,allnet;ziv
FUN SCAPE@TESCO MERGONG,Tesco Mergong jalan Lencong Barat 05050Alorstetar Kedah,6.1287788,100.3425191,groove_coaster;maimai_dx,,groove_coaster:2;maimai_dx:1,allnet;ziv
FUN SCAPE@VELOCITY MALL,"3-89 3rd SUNWAY VELOCITY MALL LINGKARAN SV,MALURI KUALA LUMPUR",3.1271212,101.7235836,chunithm;maimai_dx;other;pump_it_up;taiko,,chunithm:2;maimai_dx:2;pump_it_up:1;taiko:1,allnet;ziv
GENTING HIGHLAND,"Genting Highland, 69000 Pahang Darul Markmur, Malaysia",3.3970414,101.7865654,chunithm,,,allnet
INDAH FAMILY CENTRE,"L1-13A-13B, JALAN MANIS 6 TAMANBUKIT SEGAR 56100",3.0889627,101.7424445,maimai_dx;other;taiko,,maimai_dx:2;taiko:1,allnet;ziv
KANGAR JAYA MALL,"Lot 20683, Jalan Kangar Jaya 21, Kangar Jaya, 01000",6.4056062,100.1798182,chunithm;maimai_dx,,,allnet
MIRI CENTER POINT,"Lv3, Boulevard Shopping Mall,Lot 2528, Blvd Commercial Centre",3.2007132,113.0479617,chunithm;maimai_dx,,,allnet
MOCITY COSMIC PARK,"PT434, PEKAN KLEBANG SEK II, 75200 MELAKA",2.2103401,102.2165301,maimai_dx;other,,maimai_dx:2,allnet;ziv
MOLLY FANTASY AEON BANDARAYA MELAKA,"No.2,Jalan Lagenda,Taman 1-Lagenda,75400 Melaka",2.2149072,102.2458511,chunithm;maimai_dx;other;taiko,,chunithm:2;maimai_dx:2;taiko:2,allnet;ziv
MOLLY FANTASY AEON BUKIT INDAH,"N0.8,Jalan Indah,15/2,81200 Johor Bahru",1.4817690,103.6558436,chunithm;maimai_dx;other;taiko,,chunithm:2;maimai_dx:2;taiko:2,allnet;ziv
MOLLY FANTASY AEON BUKIT TINGGI,"N0.1,PersiaranBatuNilam,1/KS6,BandarBukitTinggi2,41200 Klang",2.9670080,101.4907120,chunithm;maimai_dx,,,allnet
MOLLY FANTASY AEON CHERAS SELATAN,"Aras Satu,Lebuh Tun Hussien Onn,43200 Belakong,Selangor",3.0495442,101.7663284,chunithm;maimai_dx,,,allnet
MOLLY FANTASY BATU PAHAT MALL,"Batu Pahat Mall,Jalan Kluang,83000 Batu Pahat,Johor",1.8638484,102.9620825,chunithm;maimai_dx;other;taiko,,chunithm:2;maimai_dx:2;taiko:2,allnet;ziv
MOLLY FANTASY IOI MALL PUTRAJAYA,"IOI City Mall,Lebuh IRC,IOI Resort City,62502 Putrajaya Selangor",2.9706630,101.7136681,chunithm;maimai_dx,,,allnet
MOLLY FANTASY IPOH PARADE,"105,Jalan Sultan Abdul Jalil,Greentown,30450 Ipoh,Perak",4.5975025,101.0911448,chunithm;ddr;gitadora;maimai_dx;other;taiko,,chunithm:2;ddr:1;gitadora:2;maimai_dx:2;taiko:2,allnet;ziv
MOLLY FANTASY JOHOR BAHRU CITYSQUARE,"Jalan Wong Ah Fook,Bandar JohorBahru,80000 Johor Bahru,Johor",1.4612219,103.7637332,maimai_dx;other;taiko,,taiko:2,allnet;ziv
MOLLY FANTASY METRO PRIMA,"No.1,Jalan Metro Prima,Kepong,52100 Kuala Lumpur",3.2138818,101.6372065,chunithm;maimai_dx,,,allnet
MOLLY FANTASY MID VALLEY,"AT3,Mid Valley Megamall,Mid Valley City,58000 Kuala Lumpur",3.1176991,101.6774777,chunithm;maimai_dx,,,allnet
MOLLY FANTASY MY TOWN CHERAS,"N0.6 Jalan Cochrane,Seksyen 90,55100 Kuala Lumpur",3.1348713,101.7227420,chunithm;gitadora;maimai_dx;other;taiko,,chunithm:2;gitadora:1;maimai_dx:4;taiko:2,allnet;ziv
MOLLY FANTASY QUEENS BAY,"Sungai Nimbong,11900 Bayan Lepas,Pulau Pinang",5.3130725,100.2768388,chunithm;maimai_dx,,,allnet
MOLLY FANTASY SEREMBAN2,"Aeon Seremban 2 Shopping Centre,112,Persiaran S2B1",2.7013839,101.9119475,chunithm;maimai_dx,,,allnet
MOLLY FANTASY SETIA CITY MALL,"Bandar Setia Alam,Seksyen U13,40170 Shah Alam",3.0946288,101.4455208,chunithm;maimai_dx;other;taiko,,chunithm:2;maimai_dx:2;taiko:1,allnet;ziv
MOLLY FANTASY SHAH ALAM,"13/64,Persiaran Akuatik,Seksyen13,40100 Shah Alam,Selangor",3.0725063,101.5391023,chunithm;maimai_dx,,,allnet
MOLLYFANTASY LALAPORT,"2, Jln Hang Tuah, Bukit Bintang, 55100 Kuala Lumpur",3.1402822,101.7067294,chunithm;maimai_dx,,,allnet
MOLLYFANTASY MAYANG MALL,"Lot L3-09, L3-10 Level 3, Mayang Mall, Persiaran Mayang, 20000",,,chunithm;maimai_dx,,,allnet
NEXTGEN,"1 Utama Shopping Centre,CentralPark Avenue,Bandar Utama,47800",3.1489857,101.6161328,chunithm;maimai_dx,,,allnet
PALO AEON Mall Tebrau City,"S106,No1,Jalan Desa Tebrau,Taman Desa Tebrau,81100,Johor Bahru",1.5492476,103.7959769,chunithm;maimai_dx;other;taiko,,chunithm:2;maimai_dx:2;taiko:2,allnet;ziv
PALO BANDAR PUCHONG,"BATU 9,JALAN PUCHONG,BANDAR PUCHONG JAYA,47170 PUCHONG,SELANGOR",3.0631571,101.6480663,maimai_dx,,,allnet
PALO Central i-City,"L4-18,Persiaran Multimedia,Seksyen 7,40000 Shah Alam,Selangor",3.0642848,101.4832435,chunithm;maimai_dx;other;taiko,,chunithm:2;maimai_dx:2;taiko:2,allnet;ziv
PALO Imago,"Lot 2-49 & 2-50, Off Coastal Highway, 88100 Kota Kinabalu, Sabah",5.9706169,116.0662419,chunithm;maimai_dx;other;taiko,,chunithm:2;maimai_dx:2;taiko:1,allnet;ziv
PALO MidValley Southkey,"Lot S-012, Jalan Bakar Batu, Southkey, 81100 Johor Bahru, Johor.",1.4960442,103.7795205,chunithm;maimai_dx;other;taiko,,chunithm:2;maimai_dx:2;taiko:2,allnet;ziv
PALO QUAYSIDE MALL,"1F12, Lv1, QuaysideMall, GamudaKemuning, 25.7 Persiaran Freesia",2.9568618,101.5536023,chunithm;maimai_dx;other;taiko,,chunithm:2;maimai_dx:2;taiko:3,allnet;ziv
PALO Sunway Velocity Mall,"Lot 4-32 & 33,Lingkaran SV, Sunway Velocity, 55100 Kuala Lumpur",3.1275402,101.7248610,chunithm;maimai_dx;other;taiko,,chunithm:2;maimai_dx:2;taiko:2,allnet;ziv
PALO TAMAN MALURI,"Lot T-03, Jalan Jejaka, Maluri,55100 Cheras",3.1275076,101.7322692,chunithm;maimai_dx,,,allnet
PAVILION BUKIT JALIL (GAME ON),"4.82.00,LEVEL 4,PAVILION BUKIT JALIL,2,PERSIARAN JALIL 8",3.0498478,101.6729678,chunithm;maimai_dx,,maimai_dx:4,allnet
PEARL POINT FUN CAR STREET,"PEARL POINT SHOPPING MALL1,JLN KLANG LAMA PJS6 58000 KUALALUMPUR",3.0855848,101.6736371,maimai_dx;other;taiko,,maimai_dx:2;taiko:1,allnet;ziv
THE SPRING BINTULU(SARAWAK),"Lot F53,1st Floor,The Spring Bintulu,97000 Bintulu,Sarawak",3.1811596,113.0349220,chunithm;maimai_dx;other;taiko,,chunithm:2;maimai_dx:2;taiko:1,allnet;ziv
TINY MOLLY AMANJAYA MALL,"2F-01, Amanjaya, 1, Jalan Badlishah, Bandar Amanjaya,08000",5.6617112,100.5039513,chunithm;maimai_dx,,,allnet
TINY MOLLY KLUANG MALL,"Level 2 Kluang Mall,Jalan Rambutan,Taman Suria 86000 Kluang",2.0400737,103.3205798,chunithm;maimai_dx;other;taiko,,chunithm:2;maimai_dx:2;taiko:1,allnet;ziv
VISION CITY VIDEO GAMES PARK,"VisonCityVideoGamesPark,ResortsWorldGenting,69000,Pahang Darul M",3.4238710,101.7926790,chunithm;other;taiko,,chunithm:1;taiko:3,allnet;ziv
ALIBABA 3,"E 206, 2ND, MYANMAR CENTER, KABAAYE PAGODA ROAD, BAHAN,YANGON",16.8152865,96.1559192,chunithm;maimai_dx,,,allnet
ALIBABA 4,"3RD FLOOR, JUNCTION SQUARE, KAMARYUT, YANGON",16.8171212,96.1307120,maimai_dx,,,allnet
ALIBABA 5,"3RD FLOOR, GAMONE PWINT CENTER,, YANGON",16.8409390,96.1735260,maimai_dx,,,allnet
ALIBABA 7,"4TH FLOOR, JUNCTION CITY, PABEDAN TOWNSHIP,YANGON",16.7790825,96.1543205,chunithm;maimai_dx,,,allnet
ALIBABA 8 (KANTHARYAR),"Kan Yeik Thar Rd, & U Aung MyatRd",16.7934568,96.1643433,maimai_dx,,,allnet
ALIBABA AMUSEMENT,"No.401-403, 4F, Food Planet, Time City, Kamaryut Township",,,maimai_dx,,,allnet
ARCADE HERO 2,"Kyaik Waing Pagoda Rd, Yangon",16.8666242,96.1322044,maimai_dx,,,allnet
GAZE AMUSEMENT,"4th Floor, City Square Center, TaungGyi, Shan State",20.7832527,97.0364970,maimai_dx,,,allnet
THE MOVE(ALIBABA),"73 Street, Between 105 x 107, Chan Mya Thar Si Township",21.9427482,96.0935648,chunithm;maimai_dx,,,allnet
GAME ON,"SKY WORLD 291 QUEEN ST, AUCKLANDNEW ZEALAND",-36.8522849,174.7630544,chunithm;maimai_dx,,,allnet
TIMEZONE AUCKLAND CBD,"280 Queen Street, Auckland CBD 1010",-36.8504527,174.7651334,chunithm;ddr;maimai_dx;other;popn;pump_it_up;taiko,,chunithm:2;ddr:1;maimai_dx:2;popn:1;pump_it_up:1;taiko:1,allnet;ziv
TIMEZONE BASE,"Cnr Te Rapa and Wairere Drive, Hamilton, 3200",-37.7500441,175.2370975,maimai_dx,,,allnet
TIMEZONE COURTENAY PLACE,60 Courtenay Place Wellington 6011 New Zealand,-41.2932178,174.7810472,maimai_dx;other;pump_it_up;taiko,,,allnet;ziv
TIMEZONE NEW MARKET,"135-141 Broadway, Newmarket, Auckland 1023",-36.8682537,174.7778716,ddr;maimai_dx;other;pump_it_up;taiko,,ddr:1;maimai_dx:2;pump_it_up:1;taiko:1,allnet;ziv
TIMEZONE PALMERSTON SQUARE,"113-116 The Square, Palmerston North Central,",-40.3551336,175.6120897,ddr;maimai_dx;other;taiko,,,allnet;ziv
TIMEZONE RICCARTON,"Westfield Riccarton, Rotherham Street, 8041,NZ",-43.5314421,172.6005660,maimai_dx;other;pump_it_up;taiko,,,allnet;ziv
TIMEZONE ROTORUA CENTRAL,"Timezone Rotorua Central, R1/21Victoria Street, Victoria,",-38.1445987,176.2377669,maimai_dx;other;pump_it_up;taiko,,,allnet;ziv
ZONE BOWLING BOTANY,"500A Ti Rakau Drive, Botany Downs, Auckland 2013",-36.9280682,174.9135593,maimai_dx;other;pump_it_up;taiko,,,allnet;ziv
ZONE BOWLING MANUKAU,"2/55 Lambie Drive, Manukau CityCentre, Auckland 2104",-36.9928442,174.8714181,maimai_dx;other;pump_it_up;taiko,,maimai_dx:1;pump_it_up:1;taiko:1,allnet;ziv
CLUB SYNERGY SM MEGAMALL,"LGF SM MEGAMALL, JULIA VARGAS COR EDSA, MANDALUYONG CITY",14.5851052,121.0569621,maimai_dx,,,allnet
Q POWER STATION MALL OF ASIA,"3/F North Wing Expansion Area, SM Mall of Asia,OceanDrive,PASAY",14.5349838,120.9826825,chunithm;maimai_dx,,,allnet
Q POWER STATION ROCKWELL,"AMAPOLA STREET, POBLACION, MAKATI CITY",14.5631709,121.0406843,maimai_dx,,,allnet
Q POWER STATION SANTOLAN,"3RD FL., SANTOLAN TOWN PLAZA MALL, LITTLE BAGUIO, SAN JUAN CITY",14.6041985,121.0339139,maimai_dx,,,allnet
Q POWER STATION SHANGRILA,"EASTWING EDSA CORNER SHAW BOULEVARD, MANDALUYONG CITY",14.5812818,121.0538687,chunithm;ddr;gitadora;maimai_dx;other;sdvx;taiko,,chunithm:1;ddr:1;gitadora:1;maimai_dx:1;sdvx:2;taiko:1,allnet;ziv
Q POWER STATION SM JMALL CEBU,"165 A.S. Fortuna St, Mandaue City",10.3354070,123.9336908,maimai_dx;other,,maimai_dx:2,allnet;ziv
Q POWER STATION-PARKTRIANGLE MALL-BGC,"4F Park Triangle Mall, Fort Bonifacio Global City, Taguig, 1634",14.5529873,121.0544176,chunithm;maimai_dx,,,allnet
Q-POWER STATION PODIUM,"4TH FL.,THE PODIUM MALL,18ADB AVE.CORJULIA VARGAS, MANDALUYONG",14.5853120,121.0592867,chunithm;ddr;maimai_dx;other;sdvx;taiko,,chunithm:2;ddr:1;maimai_dx:2;sdvx:2;taiko:1,allnet;ziv
QUANTUM GREENHILLS,"L547 & L549 5F Greenhills Shopping Center, San Juan City,1502",14.6026433,121.0487623,chunithm;maimai_dx,,,allnet
QUANTUM SM BACOLOD EXP,"SM BACOLOD EXP, SM CITY BACOLOD, RECLAMATION AREA, BACOLOD CITY",10.6707928,122.9426587,chunithm;maimai_dx,,,allnet
QUANTUM SM BACOOR,"LGF SM BACOOR, CORNER AGUINALDO& TIRONA HWAY, BACOOR CAVITE",14.4448137,120.9517372,gitadora;maimai_dx;museca;other;sdvx,,gitadora:2;maimai_dx:2;museca:1;sdvx:1,allnet;ziv
QUANTUM SM BAGUIO,"3/F SM BAGUIO, LUNETA HILL SESSION ROAD, BAGUIO CITY",16.4088814,120.5991997,chunithm;ddr;gitadora;maimai_dx;other;pump_it_up;sdvx;taiko,,chunithm:2;ddr:1;gitadora:1;maimai_dx:3;pump_it_up:1;sdvx:1;taiko:1,allnet;ziv
QUANTUM SM BATAAN,"2nd Level, Sm City Bataan, Balanga, Bataan",14.6824965,120.5381408,maimai_dx;other,,,allnet;ziv
QUANTUM SM CALAMBA,NATIONAL HIGHWAY BRGY.REAL.CALAMBA CITY,14.2204469,121.1393586,chunithm;maimai_dx,,,allnet
QUANTUM SM CITY BF PARANAQUE,"2nd Floor, SM BF, Dr Arcadio Santos Ave, Paranaque, 1700 PH",14.4576524,121.0332604,chunithm;gitadora;maimai_dx;other;sdvx,,gitadora:1;maimai_dx:1;sdvx:2,allnet;ziv
QUANTUM SM CITY LAOAG,"Barangay, 51-B Airport Rd, Laoag City, 2900 Ilocos Norte",18.1877508,120.5789260,maimai_dx;other;sdvx,,,allnet;ziv
QUANTUM SM CITY MARILAO,2F SM City Marilao Mc arthur highway brgy. ibayo marilao bulacan,14.7537754,120.9553142,maimai_dx;other,,,allnet;ziv
QUANTUM SM CLARK,"SM CLARK M.A.ROXAS ST.,MALABANIAS,ANGELES CITY",15.1690253,120.5800850,chunithm;maimai_dx,,,allnet
QUANTUM SM DASMARINAS,"Dasmarinas, 4114 Cavite, Phillipines",14.2990183,120.9589699,maimai_dx,,,allnet
QUANTUM SM FAIRVIEW,"UGF/GF/FF, ANNEX 2, SM City Fairview",14.7339217,121.0564501,maimai_dx,,,allnet
QUANTUM SM GENERAL SANTOS,2nd Floor SM General Santos Santiago Blvd General Santos City,6.1154774,125.1810148,other,,,allnet;ziv
QUANTUM SM GRAND CENTRAL,"5TH Fl., Sm Grand Central, Rizal Ave., Caloocan City",14.6143876,120.9826056,chunithm;maimai_dx,,,allnet
QUANTUM SM LIPA,"2nd FL. SM LIPA,BATANGAS CITY",13.9540966,121.1635398,chunithm;maimai_dx,,,allnet
QUANTUM SM LUCENA,"2nd FL,140 Dalahican Road, corner Maharlika Hwy, Lucena",13.9410227,121.6246557,maimai_dx;museca;other;pump_it_up;sdvx,,,allnet;ziv
QUANTUM SM MANILA,"CORNER ARROCEROS, ERMITA, METROMANILA",14.5910393,120.9818685,chunithm;maimai_dx,,,allnet
QUANTUM SM MARIKINA,"BARANGAY CALUMPANG, BARANGKA, MARIKINA CITY",14.6249216,121.0865346,maimai_dx,,,allnet
QUANTUM SM NORTH EDSA,"SM NORHT EDSA, QUEZON CITY",14.6567726,121.0291307,chunithm;maimai_dx;other;sdvx;taiko,,chunithm:1;maimai_dx:2;sdvx:1;taiko:1,allnet;ziv
QUANTUM SM NOVALICHES GF,"GF SM NOVALICHES, QUIRINO HWY.,NOVALICHES, QUEZON CITY",14.7082280,121.0373958,gitadora;maimai_dx;other;sdvx,,gitadora:1;maimai_dx:1;sdvx:2,allnet;ziv
QUANTUM SM PAMPANGA,"3rd Floor, San Jose, San Fernando",15.0521179,120.6988478,maimai_dx,,,allnet
QUANTUM SM SAN LAZARO,"A.H LACSON STREET, SAN LAZARO,METRO MANILA",14.6107960,120.9917042,chunithm;maimai_dx,,,allnet
QUANTUM SM SEASIDE CEBU,"3104-3106 SM SEASIDE COMPLEX, SOUTH ROAD PROPERTIES, CEBU CITY",10.2816376,123.8815772,gitadora;maimai_dx;other;pump_it_up,,,allnet;ziv
QUANTUM SM SOUTHMALL,"LGF SM SOUTHMALL, ALMANZA, LAS PINAS CITY",14.4329710,121.0101074,chunithm;gitadora;maimai_dx;other;sdvx,,chunithm:1;gitadora:1;maimai_dx:2;sdvx:1,allnet;ziv
QUANTUM SM STA ROSA,"SM City Sta. Rosa,Old National Hi-way,Sta.Rosa City,4026 Laguna",14.3128036,121.0983253,maimai_dx;other;sdvx,,,allnet;ziv
QUANTUM SM URDANETA,"Level2, SM Urdaneta Central, McArthur Hwy, Pangasinan",15.9711341,120.5718656,groove_coaster;maimai_dx;museca;other;sdvx;taiko,,,allnet;ziv
QUANTUM UPTOWN MALL BGC,"Uptown Mall,9th Ave cor36th St,Fort Bonifacio,Taguig,MetroManila",14.5565479,121.0541030,maimai_dx,,,allnet
QUANTUM(SM STA.MESA),"3FSMCitySta.Mesa,RamonMagsaysayBoulevard cor.AranetaAve,QuenzonC",14.6055525,121.0186901,maimai_dx;other,,,allnet;ziv
TIMEZONE ALABANG TOWN CENTER MALL,"3rd Floor Alabang Town Center, Alabang, Muntinlupa City",14.4232712,121.0312031,maimai_dx;other;pump_it_up;taiko,,maimai_dx:1;pump_it_up:1;taiko:1,allnet;ziv
TIMEZONE AYALA MALLS FELIZ,"5F Ayala Malls Feliz, Marcos Hwy & Amang Rodriguez Av,",14.6194777,121.0936502,maimai_dx;other;pump_it_up,,,allnet;ziv
TIMEZONE AYALA MALLS VERMOSA,"2F Ayala Malls Vermosa, Daang Hari Road Cor. Vermosa Blvd",14.3846252,120.9607053,maimai_dx;other,,maimai_dx:1,allnet;ziv
TIMEZONE GLORIETTA 4 MALL,"4th Floor Glorietta 4, San Lorenzo, Makati City",14.5511369,121.0264665,maimai_dx;other;taiko,,,allnet;ziv
TIMEZONE GREENHILLS MALL,"Greenhills Mall Phase 1Greenhills Center,Greenhills,SanJuan City",14.6013406,121.0488130,maimai_dx;other,,,allnet;ziv
TIMEZONE MANILA BAY,"3rd Floor Ayala Malls Manila Bay, Macapagal Blvd., Brgy. Tambo,",14.5231968,120.9894374,maimai_dx,,,allnet
TIMEZONE ROBINSONS MAGNOLIA,"4F RobinsonsMagnolia, Aurora Blvd, Dona Hemady St, New Manila",14.6139210,121.0389411,maimai_dx;other,,,allnet;ziv
TIMEZONE SM MALL OF ASIA,"3rd Level SM Mall of Asia Bldg., J.W Diokno Blvd., Barangay 76",14.5342475,120.9808338,maimai_dx;other;taiko,,,allnet;ziv
TIMEZONE SM MEGAMALL,L Ground Fl Bldg B Megamall Edsa J Vargas Wack Wack Greenhills,14.5922687,121.0535762,maimai_dx;other;pump_it_up;taiko,,maimai_dx:1;pump_it_up:1;taiko:1,allnet;ziv
TIMEZONE TIMEZONE GATEWAY,"L3 GatewayMall 2 General Araneta Av, Araneta City, Brgy. Socorro",14.6200192,121.0530499,maimai_dx;pump_it_up,,,allnet
TIMEZONE TRINOMA MALL,"4th Floor Trinoma North Ave. Bagong Pag-asa, Quezon City",14.6533554,121.0333699,maimai_dx;other;pump_it_up;taiko,,maimai_dx:2;pump_it_up:1;taiko:1,allnet;ziv
TIMEZONE UP TOWN CENTER,"2F UP Town Center Phase 2 Katipunan Ave. U.P. Campus, Diliman",14.6507347,121.0746778,maimai_dx;other;pump_it_up;taiko,,,allnet;ziv
BUNNYSIDE BASEMENT,637 Balestier Road Singapore 329921,1.2997043,103.8500107,chunithm;maimai_dx,,,allnet
COW PLAY COW MOO 313 SOMERSET,"313 ORCHARD ROAD #05-05, SINGAPORE 238895",1.3009665,103.8384727,maimai_dx;other,,maimai_dx:2,allnet;ziv
COW PLAY COW MOO CENTURY SQUARE,2 Tampines Central 5 04-07/ 19/20/ 21 Singapore 529509,1.3523888,103.9438567,maimai_dx;other,,,allnet;ziv
COW PLAY COW MOO DOWNTOWN EAST,"1 Pasir Ris Close,#04-102,Singapole 519599",1.3769815,103.9544216,chunithm;ddr;drs;gitadora;iidx;maimai_dx;nostalgia;other;popn;reflec;sdvx;taiko,,,allnet;ziv
COW PLAY COW MOO JURONG POINT,1 Jurong West Central 2 03-15/ 16/ 17 Singapore 648886,1.3399257,103.7062886,maimai_dx;other,,,allnet;ziv
COW PLAY COW MOO NORTHSHORE PLAZA 2,418 Northshore Drive 03-01/ 02 Singapore 820418,1.4176495,103.9013264,chunithm;ddr;gitadora;iidx;jubeat;maimai_dx;sdvx;taiko,,chunithm:1;ddr:1;gitadora:2;iidx:1;jubeat:1;maimai_dx:2;sdvx:2;taiko:1,allnet;ziv
COW PLAY COW MOO SELETAR MALL,"33 Sengkang W Ave, #04-28 Singapore 797653",,,maimai_dx,,,allnet
COW PLAY COW MOO SUN PLAZA,30 Sembawang Drive 03-14 Singapore 757713,1.4482678,103.8196887,maimai_dx,,,allnet
COW PLAY COW MOO SUNTEC CITY,"Sun Tec City 3Temasek Boulevard, 02-408/409,Singapore 038983",1.2950300,103.8583026,chunithm;ddr;gitadora;iidx;jubeat;maimai_dx;nostalgia;other;popn;pump_it_up;reflec;sdvx;taiko,,chunithm:2;ddr:1;gitadora:2;iidx:1;jubeat:1;maimai_dx:2;nostalgia:1;popn:1;pump_it_up:1;reflec:1;sdvx:2;taiko:1,allnet;ziv
COW PLAY COW MOO WEST MALL,"1 Bukit Batok Central #05-01B, Singapore 658713",,,maimai_dx,,,allnet
COW PLAY COW MOO WISTERIA MALL,598 Yishun Ring Road B1-02 Singapore 768698,1.4182745,103.8410316,maimai_dx;other,,maimai_dx:1,allnet;ziv
COW PLAY COW MOO WOODLANDS,11 Woodlands Square #B1-12/13/14/15/16,1.4371844,103.7876046,maimai_dx,,,allnet
FAT CAT HILLION,"Hillion Mall #01-28.17 Petir Rd, Singapore 678278",1.3784819,103.7632117,maimai_dx,,,allnet
FUNTAN KINEX,"11 Tanjong Katong Road #B1-21 ,Kinex Singapore 437157",1.3045681,103.8962665,chunithm;maimai_dx,,,allnet
LOT1 SHOPPER'S MALL,"No.21,Choa Chu Kang Ave 4,#5-01/02/03,Singapore 689812",1.3852086,103.7449371,maimai_dx;other;taiko,,,allnet;ziv
PACO FUNWORLD i12,"112 E Coast Rd, #04-23/24/25/26i12 Katong, Singapore 428802",1.3052002,103.9050645,chunithm;maimai_dx;other;taiko,,chunithm:1;maimai_dx:2;taiko:1,allnet;ziv
PACO FUNWORLD IMALL,5 Marine Parade Central #B1-01/02 Singpoare 449410,1.3031579,103.9066474,chunithm;maimai_dx;taiko,,chunithm:1;maimai_dx:2;taiko:1,allnet;ziv
PACO FUNWORLD(BUGIS PLUS),"Bugis Plus201 VictoriaStreet,#05-07Singapore",1.2996018,103.8542325,chunithm;maimai_dx;other;taiko,,chunithm:4;maimai_dx:6;taiko:4,allnet;ziv
PACO FUNWORLD(KALLANG WAVE MALL),1 Stadium Place 01-59102 Singapore 397628,1.3025249,103.8736219,chunithm;maimai_dx;other;taiko,,maimai_dx:4;taiko:1,allnet;ziv
TIMEZONE CAUSEWAY POINT,1 WOODLANDS SQUARE #07-02CAUSEWAY POINT SINGAPORE,1.4361031,103.7859564,maimai_dx;other;taiko,,,allnet;ziv
TIMEZONE CITY SQUARE MALL,"180 KITCHENER ROAD #04-24/29,CITY SQUARE MALL SINGAPORE208539",1.3114699,103.8566629,maimai_dx;other,,,allnet;ziv
TIMEZONE JURONG POINT,"1 Jurong West Central 2, #02-45, Singapore 648886",1.3399257,103.7062886,maimai_dx;other;pump_it_up;taiko,,maimai_dx:1;pump_it_up:2;taiko:1,allnet;ziv
TIMEZONE NORTH POINT,"930 YISHUN AVE.2 #03-30,NORTHPOINT, SINGAPORE",1.4293518,103.8357764,maimai_dx;other;taiko,,,allnet;ziv
TIMEZONE ORX,"437 Orchard Road. #B1-01/05, #B1-07/18, Common Area, Orchard",1.3033191,103.8322954,chunithm;maimai_dx,,,allnet
TIMEZONE OUR TAMPINES HUB,51TAMPINES AVENUE4#B1-13OUR TAMPINES HUB SINGAPORE 529684,1.3459383,103.9382917,maimai_dx,,,allnet
TIMEZONE PASIR RIS MALL,"7 Pasir Ris Central, #2-55 Pasir Ris Mall, Singapore 519612",1.3720644,103.9495328,ddr;maimai_dx;other,,ddr:1;maimai_dx:2,allnet;ziv
TIMEZONE PLAZA SINGAPURA,"#07-02/03  68 ORCHARD ROAD,SINGAPORE 238839",1.3006193,103.8449114,maimai_dx;other;taiko,,maimai_dx:1;taiko:1,allnet;ziv
TIMEZONE WATERWAY POINT,"83 Punggol Central, 02-19 Waterway Point, Singapore 828761",1.4068875,103.9016662,maimai_dx;other;pump_it_up,,maimai_dx:2;pump_it_up:1,allnet;ziv
TIMEZONE WESTGATE,"3 Gateway Drive,#B1-45/46 Westgate Singapore 608532",1.3345000,103.7427500,chunithm;ddr;maimai_dx;other;pump_it_up;taiko,,chunithm:3;ddr:1;maimai_dx:3;pump_it_up:1;taiko:1,allnet;ziv
VIRTUALAND BUGIS+,"201 Victoria Street , #05-04/05/06 Bugis+, Singapore 188067",1.2998000,103.8545500,chunithm;ddr;gitadora;iidx;jubeat;maimai_dx;nostalgia;other;sdvx;taiko,,chunithm:4;ddr:1;gitadora:2;iidx:1;jubeat:2;maimai_dx:6;nostalgia:1;sdvx:2;taiko:2,allnet;ziv
VIRTUALAND(NEX),"23, SERANGOON CENTRAL #04-65 NEX SINGAPORE",1.3507714,103.8722258,chunithm;ddr;drs;gitadora;groove_coaster;iidx;jubeat;maimai_dx;nostalgia;other;popn;sdvx;taiko;wacca,,chunithm:8;ddr:2;drs:1;gitadora:3;groove_coaster:2;iidx:1;jubeat:3;maimai_dx:10;nostalgia:1;popn:1;sdvx:2;taiko:3;wacca:1,allnet;ziv
ZONE-X EAST POINT MALL,"EastPoint Mall 3 Simei Street 6,B1-01102 Singapore 528833l",1.3427145,103.9530415,maimai_dx;other;taiko,,maimai_dx:2;taiko:1,allnet;ziv
ATTACK GAME CENTER,"190-14,SIMGOK 2-DONG,WONMI-GU,BUCHEON-SI,GYONGGI-DO,KOREA",37.4870729,126.7829252,chunithm,,,allnet
BBOGGIBBOGGI GAMELAND,"462-1, Buil-ro, Bucheon-si, Gyeonggi-do",37.4858705,126.7815104,drs;iidx;jubeat;maimai_dx;museca;nostalgia;other;popn;pump_it_up;sdvx;taiko,,drs:1;iidx:1;jubeat:1;maimai_dx:1;museca:1;nostalgia:1;popn:1;pump_it_up:3;sdvx:1;taiko:1,allnet;ziv
BEATLAB T,1029，Dongil-ro，Nowon-gu，Seoul,37.6219281,127.0738431,chunithm;ddr;gitadora;jubeat;maimai_dx;other;pump_it_up;sdvx,,ddr:1;gitadora:2;jubeat:4;maimai_dx:1;pump_it_up:1;sdvx:7,allnet;ziv
BEOMGYE GAME HEAVEN,"55,Pyeongchon-daero223beon-gil,Dongan-gu, Anyang-si,Gyeonggi-do",37.3926298,126.9768046,chunithm;maimai_dx,,,allnet
BIG GAME LAND,"120-1, Gumijungang-ro, Gumi-si,Gyeongsangbuk-do",36.1269696,128.3352570,chunithm;drs;iidx;jubeat;maimai_dx;other;popn;pump_it_up;reflec;sdvx,,chunithm:1;drs:1;iidx:1;jubeat:2;maimai_dx:1;popn:1;pump_it_up:2;reflec:1;sdvx:3,allnet;ziv
BUCHEON ATTACK,"28, Buil-ro 469beon-gil, Bucheon-si, Gyeonggi-do",37.4870906,126.7828212,chunithm;ddr;gitadora;iidx;jubeat;maimai_dx;nostalgia;other;pump_it_up;sdvx;taiko;wacca,,chunithm:4;ddr:2;gitadora:7;iidx:3;jubeat:6;maimai_dx:5;nostalgia:1;pump_it_up:4;sdvx:2;taiko:1;wacca:2,allnet;ziv
BUSAN BOW GAME,"48-2, Geumjeong-ro 60beon-gil, Geumjeong-gu, Busan",35.2292051,129.0889504,chunithm;maimai_dx,,,allnet
CYMUSIC GAMEWORLD,62，Gungdong-ro 18beon-gil，Yuseong-gu，Daejeon,36.3626742,127.3507811,chunithm;iidx;jubeat;maimai_dx;nostalgia;other;popn;pump_it_up;reflec;sdvx,,chunithm:1;iidx:1;jubeat:1;nostalgia:1;popn:2;pump_it_up:1;reflec:1;sdvx:2,allnet;ziv
FUNNYLAND,"46-1, Eoulmadang-ro, Mapo-gu, Seoul",37.5491266,126.9210080,chunithm;maimai_dx,,,allnet
G2ZONE YEONGDEUNGPO,"16, Yeongjung-ro 4-gil, Yeongdeungpo-gu, Seoul, Korea",37.5172567,126.9080386,chunithm;gitadora;jubeat;maimai_dx;popn;pump_it_up;sdvx;taiko,,chunithm:2;gitadora:2;jubeat:1;maimai_dx:1;popn:1;pump_it_up:5;sdvx:3;taiko:1,allnet;ziv
GAME LAND,"B1,38,Hwasin-ro272beon-gil,Deogyang-gu,Goyang-si,Gyeonggi-do",37.6874014,126.8649640,chunithm;maimai_dx,,,allnet
GAME PLUS,"11, Pyeonghwa-ro 542beon-gil, Uijeongbu-si, Gyeonggi-do",37.7405400,127.0481124,maimai_dx,,,allnet;ziv
GAME-D,"10,Suyeong-ro 298beon-gil,Nam-gu,Busan",35.1362742,129.0989805,chunithm;ddr;gitadora;groove_coaster;iidx;jubeat;maimai_dx;museca;nostalgia;other;popn;reflec;sdvx;taiko;wacca,,chunithm:1;ddr:1;gitadora:3;groove_coaster:1;iidx:7;jubeat:2;maimai_dx:1;museca:1;nostalgia:2;popn:5;reflec:1;sdvx:13;taiko:1;wacca:2,allnet;ziv
GLITCH,"37, Unsu-ro, Imsil-eup, Imsil-gun, Jeonbuk-do",,,maimai_dx,,,allnet
GUNSAN JOYPLAZA,"527, Daehak-ro, Gunsan-si, Jeollabuk-do",35.9481983,126.6854737,ddr;gitadora;iidx;jubeat;maimai_dx;other;popn;pump_it_up;sdvx,,ddr:1;gitadora:1;iidx:1;jubeat:2;popn:1;pump_it_up:1;sdvx:1,allnet;ziv
GWANGJU GAMEPLAZA,"5, Chungjangnoan-gil, Dong-gu, Gwangju",35.1461042,126.9231228,chunithm;maimai_dx,,,allnet
JINJU GAME LAND,"42-7, Angol-ro 63beon-gil, Guri-si, Gyeonggi-do",37.5995494,127.1386631,chunithm;maimai_dx,,,allnet
JINJU JOYPLAZA,"34, Dongjin-ro, Jinju-si, Gyeongsangnam-do, Republic of Korea",35.1787595,128.0946751,maimai_dx,,,allnet
JJANGGU GAMES,"2F, 623, Gilju-ro, Bupyeong-gu,Incheon",37.5078830,126.7320463,chunithm;maimai_dx,,,allnet
JUAN CPU,"31, Michuhol-daero 734beon-gil,Michuhol-gu, Incheon",37.4630241,126.6821976,chunithm;ddr;drs;gitadora;iidx;jubeat;maimai_dx;nostalgia;other;popn;pump_it_up;sdvx;taiko;wacca,,chunithm:3;ddr:2;drs:2;gitadora:4;iidx:8;jubeat:1;maimai_dx:2;nostalgia:1;popn:1;pump_it_up:2;sdvx:24;taiko:2;wacca:2,allnet;ziv
KONKUK FUN CITY,"81, Dongil-ro 22-gil, Gwangjin-gu, Seoul",37.5414065,127.0687760,chunithm;maimai_dx,,,allnet
MASAN NEW WORLD GAME,"6,Hapseongseo4-gil,Masanhoewon-gu,Changwon-si,Gyeongsangnam-do",35.2206349,128.5795296,maimai_dx,,,allnet
METRO GAME CENTER,"5-205, 2100, Dalgubeol-daero, Jung-gu, Daegu",35.8646637,128.5979695,chunithm,,,allnet
NOLJA GAME,"2F, 18, Jungang-daero 81-gil, Jung-gu, Daegu",35.8698745,128.5926402,chunithm;maimai_dx,,,allnet
NORYANGJIN AMUSETOWN,"26, Manyang-ro 14ga-gil, Dongjak-gu, Seoul",37.5127094,126.9449436,chunithm;ddr;gitadora;iidx;jubeat;maimai_dx;nostalgia;other;popn;reflec;sdvx,,chunithm:2;ddr:1;gitadora:4;iidx:2;jubeat:3;maimai_dx:1;nostalgia:2;popn:2;reflec:1;sdvx:4,allnet;ziv
PAPER STUDIO,"85, Bongujae-ro 33-gil, Jungnang-gu, Seoul, Republic of Korea",37.5959378,127.0895616,maimai_dx,,,allnet
ROYAL GAME,"454-1, Jungang-daero, Jung-gu, Daegu",35.8735075,128.5948787,chunithm;ddr;drs;gitadora;iidx;jubeat;maimai_dx;nostalgia;other;popn;pump_it_up;reflec;sdvx,,chunithm:2;ddr:1;drs:1;gitadora:2;iidx:3;jubeat:1;maimai_dx:1;nostalgia:1;popn:2;pump_it_up:1;reflec:1;sdvx:4,allnet;ziv
SAMBO R GAME,"69, Seojeon-ro 10beon-gil, Busanjin-gu, Busan",35.1552641,129.0606925,chunithm;maimai_dx,,,allnet
SAMSEONGYO WOORI 2,"14, Samseongyo-ro 10-gil, Seongbuk-gu, Seoul",37.5873226,127.0090045,chunithm;ddr;gitadora;iidx;jubeat;maimai_dx;nostalgia;other;popn;pump_it_up;reflec;sdvx;taiko,,chunithm:2;ddr:1;gitadora:4;iidx:2;jubeat:1;maimai_dx:4;nostalgia:1;popn:2;pump_it_up:1;reflec:1;sdvx:9;taiko:1,allnet;ziv
SHINSEGYE GAMELAND,"122-14, Hapseong1-dong,Masanhoewon,Changwon,Gyeongsangnam-do",35.2206349,128.5795296,chunithm,,,allnet
SINCHEON PPYONGPPYONG GAME LAND,"46, Baekjegobun-ro 7-gil, Songpa-gu, Seoul",37.5104780,127.0838773,chunithm;maimai_dx;pump_it_up,,,allnet;ziv
SMILE GAMECENTER,"2,Beodeul-ro,Dongnam-gu,Cheonan-si,Chungcheongnam-do,Korea",36.8095802,127.1485068,maimai_dx,,,allnet
SUNCHEON GREENPIA,"110, Yeonhyangbeonyeong-gil, Suncheon-si, Jeollanam-do",34.9516625,127.5185423,maimai_dx,,,allnet
THE BUNKER GAMEZONE,"34, Daehak-ro, Yuseong-gu, Daejeon",36.3564331,127.3430268,chunithm;ddr;drs;gitadora;iidx;jubeat;maimai_dx;nostalgia;other;popn;pump_it_up;sdvx;taiko;wacca,,chunithm:1;ddr:1;drs:1;gitadora:2;iidx:2;jubeat:1;maimai_dx:1;nostalgia:1;popn:1;pump_it_up:2;sdvx:2;taiko:1;wacca:1,allnet;ziv
VISION,"B1, 11, Nohae-ro, Gangbuk-gu, Seoul, Republic of Korea",37.6366182,127.0227330,chunithm;maimai_dx,,,allnet
YEONGDEUNGPO ACTION,"15,YEONGJUNG-RO,YEONGDEUNGPO-GU,SEOUL",37.5170070,126.9041419,maimai_dx,,,allnet
YEONGTONG JJANG,"111, 30, BANDAL-RO 7BEON-GIL, YEONGTONG-GU, SUWON-SI,GYEONGGI-DO",37.2531471,127.0748957,chunithm;jubeat;maimai_dx;sdvx,,chunithm:1;jubeat:2;maimai_dx:1;sdvx:2,allnet;ziv
YEONSINNAE JJANGGU GAME,"8-8, Yeonseo-ro 29-gil, Eunpyeong-gu, Seoul",37.6189525,126.9196972,chunithm;ddr;drs;gitadora;iidx;jubeat;maimai_dx;nostalgia;other;popn;pump_it_up;reflec;sdvx;taiko;wacca,,chunithm:1;ddr:2;drs:1;gitadora:2;iidx:2;jubeat:1;maimai_dx:1;nostalgia:1;popn:1;pump_it_up:2;reflec:1;sdvx:2;taiko:1;wacca:1,allnet;ziv
ZZANG GAME DAEGU DONGSUNG-RO,"35-1, Dongseong-ro, Jung-gu, Daegu",35.8700487,128.5955018,maimai_dx,,,allnet
ZZANG GAME DONGSUNG-RO 2ND,1F 36，Dongseong-ro 6-gil，Jung-gu，Daegu，Korea,35.8685735,128.5972614,maimai_dx,,,allnet
ZZANG GAME YONGSAN I-PARK MALL,"7F, 55, Hangang-daero 23-gil, Yongsan-gu",37.5295570,126.9641567,maimai_dx,,,allnet
ZZANG ORAKSIL HONGDAE,"69, Eoulmadang-ro, Mapo-gu, Seoul",37.5512385,126.9210941,maimai_dx;other;pump_it_up;taiko,,maimai_dx:1;pump_it_up:2;taiko:1,allnet;ziv
CARTOON NI (MINGYAO@TAIPEI),"11F,No.200,Sec.4,Zhongxiao E.Rd.Da’an Dist.Taipei City 106059",25.0414432,121.5441093,chunithm,,,allnet
CARTOONNI,"7F., No.112, Sec. 1, Nankan Rd.Luzhu Dist., Taoyuan City 338207",25.0462073,121.2953089,chunithm;maimai_dx,,,allnet
CATCH BUFFET (KEELUNG NIGHT MARKET),"No.64, Ai 4th Rd., Ren’ai Dist., Keelung City 200010, Taiwan",25.1292241,121.7445904,chunithm;maimai_dx,,,allnet
CATCH BUFFET(DA-NAN@SHLIN),"1F.No.48,Sec.1,YangdeBlvd.Shilin Dist.TaipeiCity11146,Taiwan",25.0950492,121.5246077,maimai_dx,,,allnet
CHAMELEON (CHIAYI),No.79 Wenhua Rd. East Dist. Chiayi City 600 Taiwan,23.4773433,120.4497225,chunithm;ddr;gitadora;maimai_dx;other;sdvx;taiko,,,allnet;ziv
GIGO KUANG SAN SOGO-Taichung,"17F.,No.459,Sec.2,Taiwan Blvd.,West Dist.,Taichung City 403503",24.1430604,120.6631289,maimai_dx,,,allnet
GiGO LaLaport Taichung,"3F., No.700, Jinde Rd., East Dist., Taichung City 401004",24.1339393,120.6924444,chunithm;maimai_dx;other;taiko,,chunithm:1;maimai_dx:2;taiko:1,allnet;ziv
GiGO METRO WALK,"4F,NO.501 ,SEC.2,JHONGYUAN RD,JHONGLICITY,TAOYUAN COUNTY",25.0013610,121.2285751,chunithm;maimai_dx,,,allnet
GiGO MITSUI OUTLET PARK Lin Kou,"2F, No.356, Sec.1,Wenhua3rdRd,LinkouDist,NewTaipeiCity,Taiwan",,,chunithm;maimai_dx,,,allnet
GiGO TIGER CITY,"B1F, NO.120, SEC.3,HENANRD.,SitunDistrict,TaichungCity",24.1643238,120.6378632,chunithm;maimai_dx;other;taiko,,,allnet;ziv
GUOBIN AMUSEMENT PARK,"2F., No.66,Sec.1,Zhonghua E.Rd.East Dist.,TainanCity Taiwan",24.3330551,120.7404083,chunithm;maimai_dx,,,allnet
HALA (FENGJIA),"269-48,Sec.2,Situn Rd.,Situn Dist.,Taichung City 407043,Taiwan",24.1792187,120.6404927,chunithm;maimai_dx,,,allnet
HALA PLANET,"130,Sec.4,RooseveltRd.Zhongzheng Dist., Taipei City 100, Taiwan",25.0421407,121.5198716,chunithm;maimai_dx,,,allnet
HALA PLANET (NANYA),"1F,No31-5,Nanya E Rd.Banqiao Dist.New Taipei City 220053",25.0056896,121.4552970,chunithm;maimai_dx;sdvx;taiko;wacca,,chunithm:2;maimai_dx:3;sdvx:1;taiko:1;wacca:2,allnet;ziv
HALA PLANET (RAOHE),"No.202, Raohe St., Songshan Dist., Taipei City 105058",25.0506930,121.5770277,chunithm;groove_coaster;jubeat;maimai_dx;nostalgia;other;project_diva;sdvx;taiko,,chunithm:4;groove_coaster:1;jubeat:1;maimai_dx:1;nostalgia:1;project_diva:1;sdvx:2;taiko:1,allnet;ziv
HALA PLANET (XIMEN),"No.11, Ln.144, Sec.1,Zhonghua Rd.Wanhua Dist., Taipei City 108",25.0436445,121.5086610,chunithm;crossbeats;ddr;groove_coaster;jubeat;maimai_dx;other;popn;project_diva;reflec;sdvx;taiko,,chunithm:4;crossbeats:1;ddr:1;groove_coaster:1;jubeat:2;maimai_dx:4;popn:1;project_diva:1;reflec:1;sdvx:2;taiko:1,allnet;ziv
HALA PLANET(SHILIN),"No. 43, Wenlin Rd., Shilin Dist., Taipei City 111012",25.0868787,121.5255253,chunithm;maimai_dx,,,allnet
HALA PLANET(TAICHUNG YIZHONG),"No.10, Taiping Rd., North Dist., Taichung City 404008, Taiwan",24.1476019,120.6859621,chunithm;ddr;gitadora;iidx;maimai_dx;other;sdvx;taiko,,chunithm:1;ddr:1;gitadora:2;iidx:1;maimai_dx:4;sdvx:1;taiko:2,allnet;ziv
HALA PLANET(TAOYUAN),"No. 168, Fuxing Rd., Taoyuan Dist., Taoyuan City 330046",24.9904077,121.3122930,chunithm;maimai_dx,,,allnet
HALA(XINYANG),"1F., No.2, Xinyang St., Zhongzheng Dist., Taipei City 10047",25.0445923,121.5167157,chunithm;maimai_dx,,,allnet
HAPPY100 (E DA),"3F,No.12,Sec.1,XuechengRd DashuDist.KaohsiungCity84048,Taiwan",22.7083710,120.4242401,maimai_dx,,,allnet
HAPPY100(DREAM MALL@KAOHSIUNG ),"9F., NO.789, ZHONGHUA 5TH RD.,QIANZHEN DIST., KAOHSIUNG CITY",22.5950063,120.3077817,maimai_dx;other,,,allnet;ziv
HAPPY100(E-DAMALL @KAOHSIUNG ),"3 F No.12, Sec.1, Xuecheng Rd, Dashu Dist, Kaohsiung City 840403",,,maimai_dx,,,allnet
HURO WORLD(CITY LINK@NANGANG),"6F,NO369-C,SEC7,ZHONGXIAO E.RD.NANGANG DIST.,TAIPEI CITY115,TWN",25.0525582,121.6045180,maimai_dx;taiko,,,allnet;ziv
INFINITY WORLD,No.22-50-1 Zhongshan Rd. Banqiao Dist. New Taipei City 220073,25.0093347,121.4611035,chunithm;ddr;drs;gitadora;iidx;jubeat;maimai_dx;nostalgia;pump_it_up;sdvx;taiko,,,allnet
JAVA PLANET(LE-HUA@YOUNG-HE),"No. 22, Yongping Rd., Yonghe Dist., New Taipei City, Taiwan",25.0089790,121.5133930,chunithm;maimai_dx,,,allnet
KILEDO-XIN△YI,"No.20, Songshou Rd, Sinyi Dist,Taipei City 110062",25.0450980,121.5613131,maimai_dx,,,allnet
LIBAO COMPANY,"NO.50-1,SEC.1,ZHONGXIAO W.RD.,ZHONGZHENG DIST., TAIPEI CITY100",25.0677905,121.4820754,chunithm;maimai_dx,,,allnet
MAX GAME CENTER,"NO.78, SEC.2, CHONGXIN RD.,SANCHONG DIST., NEW TAIPEI CITY",25.0618105,121.4972921,chunithm;ddr;gitadora;iidx;jubeat;maimai_dx;nostalgia;other;pump_it_up;reflec;sdvx;taiko,,chunithm:3;ddr:1;gitadora:3;iidx:3;jubeat:2;maimai_dx:3;nostalgia:1;pump_it_up:1;reflec:1;sdvx:4;taiko:2,allnet;ziv
NEW CITY(ZHONGLI),"11F,NO.120,SEC.1,ZHONGYANG W.RD,ZHONGLI CITY, TAOYUAN",24.9584889,121.2203631,chunithm;dance_evo;ddr;gitadora;groove_coaster;iidx;jubeat;maimai_dx;nostalgia;other;popn;reflec;sdvx;taiko;wacca,,chunithm:2;dance_evo:1;ddr:1;gitadora:2;groove_coaster:2;iidx:2;jubeat:3;maimai_dx:2;nostalgia:1;popn:1;reflec:2;sdvx:2;taiko:1;wacca:2,allnet;bemanicn;ziv
RED HAT ELEPHANT (TAOYUAN),"9F.,No.61JhongjhengRd.TaoyuanDist.,TaoyuanCity33041,Taiwan",24.9934099,121.2969674,maimai_dx,,,allnet
RED HAT ELEPHANT(SOGO@FENGYUAN),"10F., NO.2, FUXING RD., FENGYUAN DIST.,TAICHUNG CITY 420, TAIWAN",24.2507210,120.7206490,maimai_dx,,,allnet
RED HAT ELEPHANT(SOGO@ZHONGLI ),"11F,NO.357YUANHUA RD., JHONGLI CITY, TAOYUAN COUNTY",24.9625810,121.2235550,maimai_dx;other,,,allnet;ziv
RHYTHM ARENA 2,"2F No. 102, Tianxiang 1st Rd., Sanmin Dist",22.6675678,120.3202591,chunithm;maimai_dx,,,allnet
RHYTHM ARENA(KAOHSIUNG),"No.86-1, Zhonghua 3rd Rd.Qianjin Dist.,Kaohsiung City 801615",22.6272784,120.3014353,chunithm;ddr;drs;gitadora;iidx;jubeat;maimai_dx;nostalgia;popn;sdvx;taiko,,chunithm:3;ddr:1;drs:1;gitadora:2;iidx:1;jubeat:1;maimai_dx:3;nostalgia:1;popn:1;sdvx:4;taiko:1,allnet;ziv
SHIRONEKOYA,"No.127, Fuxing Rd., Taoyuan Dist., TaoyuanCity33066,Taiwan",24.9903030,121.3127230,chunithm;maimai_dx,,,allnet
SHIRONEKOYA(HSINCHU),"1F., No.76, Xinyi St., East Dist., Hsinchu City 300025, Taiwan",24.8032086,120.9706468,chunithm;iidx;maimai_dx,,iidx:1;maimai_dx:3,allnet;ziv
SHIRONEKOYA(TAICHUNG),"1F.,No.7,Ln. 6,Yucai St.,North Dist.,Taichung City,Taiwan",24.1502189,120.6849391,chunithm;ddr;gitadora;iidx;jubeat;maimai_dx;popn;sdvx;taiko,,chunithm:4;ddr:1;gitadora:3;iidx:1;jubeat:1;maimai_dx:5;popn:1;sdvx:3;taiko:1,allnet;bemanicn;ziv
SHIRONEKOYA(TAIPEI),"1 F No. 50, Nanyang St., Zhongzheng Dist., Taipei City 100007",25.0440094,121.5159911,chunithm;maimai_dx,,,allnet
SHIRONEKOYA(ZHONGLI),"1F., No. 575, Yanping Rd., Zhongli Dist., Taoyuan City 320061",24.9547944,121.2226280,chunithm;iidx;maimai_dx;sdvx;taiko;wacca,,chunithm:3;iidx:1;maimai_dx:3;sdvx:2;taiko:1;wacca:1,allnet;ziv
SIN YI CITY (HUWEI),"1F., NO.80, XINXING RD., HUWEI TOWNSHIP, YUNLIN COUNTY 632",23.7094406,120.4346892,chunithm;maimai_dx;taiko,,chunithm:2;maimai_dx:2;taiko:1,allnet;bemanicn;ziv
SIN YI CITY (ZHANQIAN),"NO.12,SANMIN RD.,FENGYUAN DIST.TAICHUNG CITY 420,TAIWAN",24.2513923,120.7210256,chunithm;maimai_dx,,,allnet
TIGER BOWLING ALLEY(TAICHUNG),"8F.No. 62, Xinnan Rd., Dali Dist., Taichung City , Taiwan 41241",24.1078988,120.6914393,chunithm,,,allnet
TIGER'S WORLD (JC PARK@ZHONGLI),"4F., No.51, Jhongjheng Rd., Jhongli Dist., Taoyuan City 320001",24.9541156,121.2240366,chunithm;maimai_dx,,,allnet
TIGER'S WORLD (LUZHOU),"No.8, Changrong Rd., Luzhou Dist., New Taipei City 247033",25.0868908,121.4715241,chunithm;maimai_dx,,,allnet
TIGER'S WORLD (XINZHUANG),"No.763,Xingfu E. Rd.,Xinzhuang Dist.,New Taipei City 242040,TWN",25.0494370,121.4639439,chunithm;maimai_dx,,,allnet
TIGER'S WORLD(DCC SQUARE@XINDIAN),"No.2, Sec. 1, Beiyi Rd., Xindian Dist., New TaipeiCityTaiwan",24.9584804,121.5380783,chunithm,,,allnet
TIGER'S WORLD-CARREFOUR ZHONGYUAN,"1F.,No.501,Sec.2,Zhonghua Rd.,Zhongli Dist.,Taoyuan City 320021",24.9721514,121.2053963,chunithm;maimai_dx,,,allnet
TOM'S WORLD (CHUNGYO@TAICHUNG),"8F.No.161,Sec.3,Sanmin Rd.,Central Dist.,TaichungCity400,Taiwan",24.1305770,120.6609480,maimai_dx,,,allnet
TOM'S WORLD (CIAO-LI@TAINAN)),"2F.No.239,ZhongzhengRd.West Central Dist.,TainanCity70055,Taiwan",22.9948212,120.1964522,maimai_dx,,,allnet
TOM'S WORLD (CITY PLAZA@TAMSUI),"4F., No.8, Jhongshan Rd., Tamsui Dist., New Taipei City 25151",25.2003326,121.4799342,chunithm;maimai_dx,,,allnet
TOM'S WORLD (E-SQUARE@KEELUNG),"3F,No.236,Ren 2nd Rd.,Ren’aiDist.,Keelung City 20048, Taiwan",,,maimai_dx,,,allnet
TOM'S WORLD (HAIDIAN-LI@TAINAN)),"1FNo329,Sec.1,Haidian Rd.,AnnanDist.,TainanCity70962,Taiwan",,,chunithm;maimai_dx,,,allnet
TOM'S WORLD (HANSHIN@KAOHSIUNG),"6F.No.777, Bo'ai 2ndRd.ZuoyingDist.KaohsiungCity813603,Taiwan",22.6877358,120.2916524,maimai_dx,,,allnet
TOM'S WORLD (HUILAI@CHANGHUA),"No.49-1, Huilai St., Yuanlin City, Changhua County 51054, Taiwan",23.9554794,120.5736280,chunithm;maimai_dx,,,allnet
TOM'S WORLD (KAIYUAN@TAINAN),"1F.,No.219,KaiyuanRd.,NorthDist.,TainanCity70442,Taiwan",23.0074300,120.2200400,maimai_dx,,,allnet
TOM'S WORLD (MITSUKOSHI@TAINAN ),"11F.No.162,ZhongshanRd.WestCentralDist.,TainanCity70043,Taiwan",22.9955009,120.2098201,maimai_dx,,,allnet
TOM'S WORLD (MITSUKOSHI@TAINAN),"6F.No.658,Sec.1,XimenRd.,West Central Dist.,TainanCity70051",22.9903110,120.1974950,maimai_dx,,,allnet
TOM'S WORLD (SHOWTIME@KONG-SAN),"No.2, Ln. 1, Jie'an Rd., Gangshan Dist., Kaohsiung City 820111",22.8016472,120.2858846,chunithm;maimai_dx,,,allnet
TOM'S WORLD (T.S. MALL@TAINAN),"B1,No.366,Sec.1,ZhonghuaE.Rd.EastDist.,TainanCity70155,Taiwan",22.9986930,120.2340580,chunithm;maimai_dx,,,allnet
TOM'S WORLD (TAITUNG),"1F. No.439,Sec.1,ZhonghuaRd.,TaitungCity,TaitungCounty95042",22.7539320,121.1527787,jubeat;maimai_dx;sdvx,,,allnet;ziv
TOM'S WORLD (YULON CITY@XINDIAN),"7F No.70 Sec3,Zhongxing Rd,Xindian Dist,New Taipei City",25.0071900,121.4553603,maimai_dx,,,allnet
TOM'S WORLD MITSUI OUTLET PARK-LINKOU,"3F,No.123,Sec.1,Wenhua 2nd Rd,Linkou Dist,New Taipei City 244008",25.2247173,121.6365176,maimai_dx,,,allnet
TOM'S WORLD MITSUI OUTLET PARK-TAICHUNG,"2F No168 Sec10, Taiwan Blvd Wuqi Dist TaichungCity 435407",24.2490793,120.5386546,maimai_dx,,,allnet
TOM'S WORLD(BOAI@CHIAYI),"NO.181, SEC.2, BO'AI RD.,WEST DIST, CHIAYI CITY 60059",23.4809111,120.4393060,maimai_dx,,,allnet;ziv
TOM'S WORLD(CARREFOUR@CHANGHUA),"2F.No.321,Sec.2,Jinma Rd.Canghua City,Changhua Country 500044",24.0928580,120.5731585,maimai_dx,,,allnet
TOM'S WORLD(CHIN CHIN@TAICHUNG),"B1F.-2,NO.14, BEITUN RD.,NORTH DISTRICT,TAICHUNG CITY",24.1601923,120.6919917,chunithm;gitadora;maimai_dx;taiko,,chunithm:1;gitadora:2;maimai_dx:2;taiko:1,allnet;ziv
TOM'S WORLD(DALI@TAICHUNG),"NO.446, SEC. 2, ZHONGXING RD.,DALI DIST., TAICHUNG CITY",24.1089146,120.6903675,maimai_dx,,,allnet
TOM'S WORLD(DREAM MALL@KAOHSIUNG),"B1., NO.789, ZHONGHUA 5TH RD.QIANZHEN DIST., KAOHSIUNG CITY",22.6227314,120.3580461,chunithm;gitadora;groove_coaster;jubeat;maimai_dx;popn;sdvx;wacca,,,allnet;ziv
TOM'S WORLD(E SKY LAND@KAOHSIUNG),"5F., No.115, Dashun 1st Rd., Gushan Dist., Kaohsiung City 804058",22.6568127,120.3066315,chunithm;maimai_dx,,,allnet
TOM'S WORLD(E33@HUALIEN),"4F.,NO.530, JHONGJHENG RD.,HUALIEN CITY,HUALIEN COUNTY",23.9776428,121.6082185,maimai_dx,,,allnet;ziv
TOM'S WORLD(FE21 MEGA@KAOHSIUNG),"12/F,21 SANDUO 4TH RD.,LINGYA DIST.,KAOHSIUNG CITY,TAIWAN",22.6130726,120.3039507,chunithm;maimai_dx,,,allnet
TOM'S WORLD(FE21@TAOYUAN),"12F., NO.20,ZHONGZHENG RD.,TAOYUAN CITY, TAOYUAN COUNTY",24.9898545,121.3139212,maimai_dx;taiko,,maimai_dx:2;taiko:1,allnet;ziv
TOM'S WORLD(FENGSHAN@KAOHSIUNG),"B1F.,NO.149,ZHONGSHAN RD.,FENGSHANG DIST., KAOHSIUNG,",22.6227308,120.3580455,chunithm;maimai_dx,,,allnet
TOM'S WORLD(FOCUS@TAINAN),"9F.,NO.166, ZHONGSHAN RD.,WEST CENTRAL DIST., TAINAN CITY",22.9957158,120.2102649,chunithm;maimai_dx;other;taiko,,,allnet;ziv
TOM'S WORLD(GIANT CITY@HSINCHU),"8F., NO.229, ZHONGYANG RD.,NORTH DIST., HSINCHU CITY",24.8103599,120.9751958,chunithm;maimai_dx,,,allnet
TOM'S WORLD(GLOBALMALL-NANGANG),"B2., No. 371, Sec. 7, ZhongxiaoE. Rd., Nangang Dist.",25.0529839,121.6071877,chunithm;maimai_dx,,,allnet
TOM'S WORLD(HONHUI PLAZA@NEW TAIPEI),"9F No.3,Sec.4,New Taipei Blvd.,Xinzhuang Dist.New Taipei City",25.0265985,121.4178347,maimai_dx,,,allnet
TOM'S WORLD(JHENGUANG@PINGTUNG),"NO.62, MINSHENG RD.,PINGTUNG CITY, PINGTUNG COUNTY",22.6679250,120.4974760,chunithm;maimai_dx,,chunithm:1;maimai_dx:2,allnet;ziv
TOM'S WORLD(JHENGUANG@TAINAN),"1F., NO.236, SEC.2,JHONGHUAE.RD., TAINAN CITY",22.9819471,120.2299216,chunithm;maimai_dx,,,allnet
TOM'S WORLD(JHONGSING@HSINCHU),"1F.,NO.32, LINSEN RD.,HSINCHU CITY,",24.8018720,120.9689311,chunithm;maimai_dx,,,allnet;ziv
TOM'S WORLD(JINWANNIAN@TAIPEI),"5F., NO.70, SINING S.RD.,WANHUADISTRICT, TAIPEI CITY,",25.0435101,121.5058933,chunithm;drs;gitadora;groove_coaster;jubeat;maimai_dx;other;project_diva;reflec;sdvx;taiko,,chunithm:1;drs:1;gitadora:2;groove_coaster:1;jubeat:2;maimai_dx:2;project_diva:1;reflec:2;sdvx:2;taiko:1,allnet;ziv
TOM'S WORLD(JINWUA-TAINAN),"1 F No. 412, Sec. 1, Jinhua Rd., South Dist., Tainan City 702011",22.9713550,120.1910355,maimai_dx,,,allnet
TOM'S WORLD(LIUHE@KAOHSIUNG),"NO.132, LIUHE 2ND RD.,QIANJIN DISTRICT, KAOHSIUNG",22.6311429,120.2959709,chunithm;ddr;drs;gitadora;maimai_dx;other;sdvx;taiko,,,allnet;ziv
TOM'S WORLD(LUNA PLAZA@YILAN),"4F.,NO.6, LANE38, SEC.2,MINQUANRD.,YILAN CITY,YILANCNTY",24.7544627,121.7507110,maimai_dx;other;taiko,,,allnet;ziv
TOM'S WORLD(MINSHENG@LOTONG),"2F.,NO.6,MINSHENG RD.,LUODONG TOWNSHIP, YILAN COUNTY,",24.6767201,121.7710311,chunithm;maimai_dx,,,allnet;ziv
TOM'S WORLD(MIRAMAR@TAIPEI),"5F.,NO.22,JINGYE3RD RD.,ZHONGSHAN DIST.,TAIPEI CITY104,TAIWAN",25.0832871,121.5578669,maimai_dx;other;taiko,,,allnet;ziv
TOM'S WORLD(MITSUKOSHI@ZUOYING 10F),"10F.No.123,GaotieRd.,ZuoyingDist.,KaohsiungCity81361,Taiwan",22.6884719,120.3100475,maimai_dx,,,allnet
TOM'S WORLD(MITSUKOSHI@ZUOYING 2F),"2F.No.123,GaotieRd.,Zuoying Dist.,KaohsiungCity81361",22.6877358,120.2916524,chunithm;maimai_dx,,,allnet
TOM'S WORLD(MORI SHOWTIME@SHULIN),"3F.No.40-6,Shuxin Rd. Shulin Dist.,New Taipei City 238, Taiwan",24.9955128,121.4284257,maimai_dx,,,allnet
TOM'S WORLD(SHANG-SHUN WORLD@MIAOLI),"6F., No.105, Zhongyang Rd., Toufen City, Miaoli County 35157",,,maimai_dx,,,allnet
TOM'S WORLD(SHOW TIME@CHIAYI),"No.299, Wenhua Rd., West Dist.,Chiayi City 600054, Taiwan",23.4852891,120.4476782,maimai_dx,,,allnet
TOM'S WORLD(SHOWTIME WENXIN@TAICHUNG),"4F., No.289, Wenxin S. Rd., NantunDist., Taichung City 40854,",24.1296447,120.6461153,maimai_dx;other;taiko,,maimai_dx:1;taiko:2,allnet;ziv
TOM'S WORLD(SKM PARK @KAOHSIUNGB1),"B1,NO.100,ZHONGSHAN4TH RD.,QIANZHENDIST.,KAOHSIUNG CITY806,TWN",22.5824875,120.3288911,maimai_dx;other,,,allnet;ziv
TOM'S WORLD(TOM'S WORLD TAROKO MALL),"10 F, No.186, Sec.4, Fuxing Rd,East Dist, Taichung City 401211",24.1359391,120.6877419,maimai_dx;other;pump_it_up;taiko,,,allnet;ziv
TOM'S WORLD(XIMEN@TAINAN),"1F.,NO.273,SEC.4, XIMEN RD.,NORTH DIST., TAINAN CITY",23.0131620,120.2088390,maimai_dx,,,allnet
VAN'S PARADISE(TAMSUI),"No.94 Yingzhuan Rd., Tamsui Dist., New Taipei City,Taiwan",25.1717774,121.4458778,chunithm;maimai_dx,,,allnet
WAWA EMPIRE(YIJHONG),"1F,NO.9,ZUNXIAN ST., NORTH DIST.TAICHUNG CITY 404,TAIWAN(R.O.C.)",24.1488236,120.6853439,maimai_dx,,,allnet
X50 MGS KAOHSIUNG,"No.1-12, Chongcing St., Sanmin Dist., Kaohsiung City 807010",,,chunithm;maimai_dx,,,allnet
X50 MGS TAIPEI,"No.49, Emei St., Wanhua Dist., Taipei City 108, Taiwan (R.O.C.)",25.0329694,121.5654177,chunithm;maimai_dx,,,allnet
YOUNG KEY PARADISE(DATONG),"RM.37,NO.100,SEC.1, CIVIC BLBD.,DATONG DIST., TAIPEI CITY",25.0491068,121.5155693,chunithm;maimai_dx,,,allnet
ECHO GAMES(ZPELL),"PL2.3.SHP01094PRAHONYOTHINRD,PRACHATIPAT,TANYABURI,PRATHUMTHANI",13.9887697,100.6173520,chunithm;ddr;drs;gitadora;iidx;maimai_dx;other;project_diva;pump_it_up;sdvx;taiko,,chunithm:2;ddr:1;drs:1;gitadora:2;iidx:1;maimai_dx:3;project_diva:1;pump_it_up:1;sdvx:3;taiko:2,allnet;ziv
ECHO XPERIENCE,"3Fl,301-304,Major Sukhumvit 1221/39, Sukhumvit Rd,North Khlong",13.7214312,100.5832743,chunithm;maimai_dx;other,,chunithm:2;maimai_dx:1,allnet;ziv
EX10(LADPRAO),"1693 PHAHOLYOTHIN RD. LADYAO,CHATUCHAK, BANGKOK",13.8285980,100.5597120,chunithm;maimai_dx,,,allnet
EX10(MAYA CHIANGMAI),"55/5 M.5 CHANGPHEUK  ,MEANG, CHIANGMAI",18.8026933,98.9672955,chunithm;drs;gitadora;iidx;maimai_dx;other;pump_it_up;sdvx;taiko,,chunithm:2;drs:1;gitadora:2;iidx:1;maimai_dx:2;pump_it_up:1;sdvx:1;taiko:1,allnet;ziv
EX10(MBK),"MBK CENTERBLDG.,444 PHAYATHAI RD.,PATHUM WAN BANGKOK",13.7443293,100.5299973,chunithm;ddr;drs;gitadora;iidx;maimai_dx;other;sdvx;taiko,,chunithm:4;ddr:1;drs:1;gitadora:2;iidx:2;maimai_dx:4;sdvx:2;taiko:2,allnet;ziv
GIGA PARK,"No.14/9 Tesgo-Lutus Extra Bangna-Trad, Bang Kaseo Sub-Dist.,",13.6542149,100.6772822,maimai_dx,,,allnet
2ND LOOP ARCADE,18529 s western gardena ca 90248,33.8626797,-118.3098189,maimai_dx;other,,,allnet;ziv
ARCADE MONSTERS,6362 INTERNATIONAL DR ORLANDO FL 32819,28.4596379,-81.4683551,chunithm;dance_evo;ddr;drs;groove_coaster;iidx;jubeat;maimai_dx;nostalgia;ongeki;other;popn;pump_it_up;sdvx;stepmaniax;taiko;wacca,,chunithm:1;dance_evo:1;ddr:1;drs:2;groove_coaster:1;iidx:1;jubeat:2;maimai_dx:1;nostalgia:1;ongeki:1;popn:2;pump_it_up:1;sdvx:1;stepmaniax:1;taiko:1;wacca:1,allnet;ziv
ARCADE TIME ENTERTAINMENT ORLANDO,6464 International Drive Orlando FL 32819,28.4583305,-81.4688681,maimai_dx;other;pump_it_up;stepmaniax;taiko,,,allnet;ziv
ARCADE TIME ENTERTAINMENT WELLINGTON,"10300 Forest hill Blvd #122 Wellington , Fl 33414",26.6454258,-80.2077054,maimai_dx;other;pump_it_up,,,allnet;ziv
AUSTINS PARK & PIZZA,16234 N Interstate 35 Pflugerville tx 78660,30.4610411,-97.6677476,maimai_dx,,,allnet
CAMELOT GOLFLAND,"3200 Carpenter Ave. Anaheim, CA",33.8503993,-117.8513949,maimai_dx,,,allnet
CHINATOWN FAIR,"8 Mott St, New York, NY 10038",40.7140173,-73.9985710,ddr;maimai_dx;other;pump_it_up,,ddr:1;maimai_dx:1;pump_it_up:2,allnet;ziv
CIDERCADE AUSTIN,600 e riverside Dr Austin tx 78704,30.2524716,-97.7410337,chunithm;groove_coaster;jubeat;maimai_dx;ongeki;other;pump_it_up;sdvx;stepmaniax;wacca,,chunithm:2;groove_coaster:1;jubeat:2;maimai_dx:1;ongeki:1;pump_it_up:1;sdvx:2;stepmaniax:1;wacca:1,allnet;ziv
CIDERCADE HOUSTON,2320 canal st  #100 Houston TX 77003,29.7575862,-95.3464930,chunithm;groove_coaster;jubeat;maimai_dx;nostalgia;ongeki;other;popn;pump_it_up;sdvx;stepmaniax;wacca,,chunithm:2;groove_coaster:1;jubeat:1;maimai_dx:2;nostalgia:1;ongeki:1;popn:1;pump_it_up:1;sdvx:2;stepmaniax:1;wacca:2,allnet;ziv
CLAW CADE,630 OLD COUNTRY RD GARDEN CITY NY11530,40.7378609,-73.6138821,maimai_dx;other;stepmaniax,,,allnet;ziv
DAVE & BUSTER'S 175,"310 GODDAR BLVD, SUITE 200 KINGOF PRUSSIA, PA 19406",,,maimai_dx,,,allnet
DAVE & BUSTER'S ALA MOANA,"1450 Ala Moana Blvd, Honolulu, HI 96814",,,maimai_dx,,,allnet
DAVE & BUSTER'S DALLAS,9450 n central expressway dallas tx 75231,32.8773588,-96.7692242,ddr;maimai_dx;other,,,allnet;ziv
"DAVE & BUSTER'S DAVENPORT, IA",5248 elmore ave davenport ia 52807,41.5722357,-90.5307591,maimai_dx,,,allnet;ziv
DAVE & BUSTER'S MCKINNEY,"4064 WEST UNIVERSITY DRIVE , Mckinney TX 75071",,,maimai_dx,,,allnet
DAVE & BUSTER'S SANTA ROSA CA,600 santa rose plaza santa roseCa 95401,38.4393252,-122.7171669,maimai_dx;other;stepmaniax,,,allnet;ziv
DAVE & BUSTER'S SUGARLAND,19892 southwest freeway Sugarland Tx 77479,29.5649375,-95.6839000,maimai_dx;stepmaniax,,,allnet;ziv
DUCK!,"342 Central Parkway, Mall of America, Bloomington, MN 55425",44.8380806,-93.1702764,maimai_dx,,,allnet
ENTERRIUM,2 WOODFIELD MALL SCHAUMBURG IL 60173,42.0453408,-88.0340351,ddr;drs;iidx;maimai_dx;other;popn;sdvx,,ddr:1;drs:1;iidx:1;maimai_dx:2;popn:1;sdvx:1,allnet;ziv
FAIRFIELD GOLFLAND,"4300 Central Place Fairfield, CA 94534",38.2248985,-122.1238603,maimai_dx,,,allnet
FUN FACTORY - MAUI MALL,"70 EAST KAAHUMANU AVE, UNIT A-13  KAHULUI, HI 96732",20.8915555,-156.4645280,ddr;maimai_dx;other,,,allnet;ziv
FUN FACTORY - MILILANI,"95-1249 MEHEULA PKWY SUITE D-8 MILILANI, HI 96789",21.4533682,-158.0061044,ddr;maimai_dx;other;sdvx,,,allnet;ziv
FUN FACTORY - PEARL CITY GATEWAY,"1140 KUALA STREET, UNIT #100  PEARL CITY, HI 96782",21.4001258,-157.9753304,iidx;maimai_dx;popn;stepmaniax,,,allnet;ziv
FUN FACTORY FF80,8001 s orange blossem trail orlando fl 32809,,,maimai_dx,,,allnet
GAMESCAPE BY CINEMARK,"3800 Ablowich drive, Greenville, TX 75402",,,maimai_dx,,,allnet
GAMEWORKS,1511  7TH AVE SEATTLE WA 98101,47.6118622,-122.3338196,ddr;gitadora;maimai_dx;other;popn;pump_it_up;taiko,,,allnet;ziv
GATCHA KTOWN,"313 5TH AVE MANHATTAN , NY 10016",,,maimai_dx,,,allnet
GATCHA TANGRAM,133-33 37TH AVE #F1/F2 FLUSHINGNY 11354,40.7605824,-73.8337836,chunithm;ddr;drs;gitadora;maimai_dx;ongeki;other;project_diva;pump_it_up;taiko;wacca,,chunithm:2;ddr:1;drs:1;gitadora:2;maimai_dx:2;ongeki:2;project_diva:1;pump_it_up:1;taiko:1;wacca:1,allnet;ziv
GOLDEN ARCADE INC. (ARCADIA),"2885 D North Military Trail West Palm Beach, FL 33409",26.7201052,-80.1122579,maimai_dx,,,allnet;ziv
H MART ORLANDO,"7501 W Colonial Dr, Orlando, FL32818",28.5533009,-81.4852217,maimai_dx;other,,,allnet;ziv
IKIGAI ARCADE,"5738 BAUM BLVD PITTSBURGH, PA 15206",40.4586541,-79.9324136,chunithm;ddr;groove_coaster;iidx;maimai_dx;ongeki;other;popn;pump_it_up;sdvx;wacca,,chunithm:2;ddr:1;groove_coaster:1;iidx:2;maimai_dx:1;ongeki:1;popn:2;pump_it_up:1;sdvx:2;wacca:4,allnet;ziv
JAPAN VILLAGE,"934 3rd Avenue Brooklyn, NY 11232",40.6560483,-74.0066468,maimai_dx;other,,maimai_dx:8,allnet;ziv
JUNGLE FUN ISLAND,"1450 ALA Moana Blvd, #1218 Honolulu HI 96814",,,maimai_dx,,,allnet
KIDDLETON,14006 riverside dr sheman oaks Ca 91423,34.1568918,-118.4363900,maimai_dx,,,allnet;ziv
LASER BOUNCE,80-28 COOPER AVE #6-004 GLENDALE NY11385,40.7094481,-73.8687832,maimai_dx;other;pump_it_up,,,allnet;ziv
LITTLE TOKYO,"319 E 2nd St, Los Angeles, CA 90012",34.0491876,-118.2405746,ddr;gitadora;iidx;maimai_dx;other;popn;sdvx,,,allnet;ziv
LUCKY STRIKE ALISO VIEJO,26501 Aliso Creek rd Aliso Viejo ca 92656,33.5788370,-117.7248752,maimai_dx,,,allnet;ziv
ONE MORE EXTRA STAGE,"1313 w El Camino Real , suite A, Mountain View , Ca 94040",37.3882035,-122.0897071,maimai_dx,,,allnet
ROSEVILLE GOLFLAND,"1893 Taylor Road Roseville, CA 95661",38.7612450,-121.2576292,maimai_dx;other,,,allnet;ziv
ROUND1 ARLINGTON PARKS,"3811 S. Cooper St., Suite 6004,Arlington TX 76015",32.6796797,-97.1295441,chunithm;dance_around;ddr;drs;gitadora;groove_coaster;iidx;maimai_dx;museca;other;popn;project_diva;pump_it_up;sdvx;taiko;wacca,,chunithm:1;dance_around:1;ddr:3;drs:2;gitadora:2;groove_coaster:2;iidx:1;maimai_dx:2;museca:2;popn:1;project_diva:1;pump_it_up:3;sdvx:3;taiko:1;wacca:2,allnet;ziv;round1usa
ROUND1 ARROWHEAD TOWN CENTER,"7650 Arrowhead Town Center, Glendale, AZ 85308",33.6413806,-112.2240577,chunithm;crossbeats;dance_around;ddr;drs;gitadora;iidx;maimai_dx;other;popn;pump_it_up;sdvx;stepmaniax;taiko;wacca,,chunithm:2;crossbeats:2;dance_around:1;ddr:2;drs:1;gitadora:4;iidx:2;maimai_dx:2;popn:1;pump_it_up:2;sdvx:2;stepmaniax:1;taiko:2;wacca:1,allnet;ziv;round1usa
ROUND1 BROADWAY MALL,"358 North Broadway, Suite 1950,Hicksville, NY 11801",40.7732181,-73.5295087,chunithm;ddr;drs;maimai_dx;sdvx;taiko,,,allnet;round1usa
ROUND1 BURBANK TOWN CENTER,"201 E Magnolia Blvd, Suite 145,Burbank, CA 91502",34.1833774,-118.3124048,chunithm;dance_around;ddr;drs;gitadora;iidx;maimai_dx;other;popn;project_diva;pump_it_up;sdvx;stepmaniax;taiko;wacca,,chunithm:1;dance_around:2;ddr:3;drs:1;gitadora:2;iidx:1;maimai_dx:3;popn:2;project_diva:1;pump_it_up:5;sdvx:2;stepmaniax:1;taiko:2;wacca:1,allnet;ziv;round1usa
ROUND1 CHANDLER FASHION CENTER,"3111 W Chandler Blvd, Chandler,AZ 85226",33.3014704,-111.8984059,chunithm;dance_around;ddr;drs;gitadora;iidx;maimai_dx;other;popn;project_diva;pump_it_up;sdvx;stepmaniax;taiko;wacca,,chunithm:2;dance_around:1;ddr:3;drs:2;gitadora:2;iidx:1;maimai_dx:3;popn:2;project_diva:1;pump_it_up:1;sdvx:2;stepmaniax:1;taiko:2;wacca:1,allnet;ziv;round1usa
ROUND1 CORONADO CENTER MALL,"6600 Menaul NE, Suite 2000-2, Albuquerque, NM 87110",35.1071051,-106.5702173,maimai_dx,,,allnet
ROUND1 CRYSTAL RUN GALLERIA,"1 Galleria Dr., Suite 01, Middletown, NY 10941",41.4528370,-74.3683538,chunithm;dance_around;ddr;drs;gitadora;iidx;maimai_dx;other;popn;pump_it_up;sdvx;taiko;wacca,,chunithm:1;dance_around:1;ddr:2;drs:1;gitadora:2;iidx:1;maimai_dx:2;popn:2;pump_it_up:1;sdvx:2;taiko:1;wacca:1,allnet;ziv;round1usa
ROUND1 CUMBERLAND MALL,"2860 Cumberland Mall, Suite 1500, Atlanta, GA 30339",33.8799947,-84.4680649,crossbeats;ddr;gitadora;groove_coaster;iidx;maimai_dx;museca;other,,crossbeats:2;ddr:1;gitadora:2;groove_coaster:2;iidx:1;museca:2,allnet;ziv
ROUND1 DANBURY FAIR,"7 Backus Avenue, #M100, Danbury, CT, 06810",41.3804789,-73.4784187,maimai_dx,,,allnet
ROUND1 DEERBROOK MALL,"20131 US-59, Humble, TX 77338",30.0089636,-95.2697497,chunithm;dance_around;ddr;drs;gitadora;iidx;maimai_dx;other;popn;pump_it_up;sdvx;stepmaniax;taiko,,dance_around:1;ddr:2;drs:2;gitadora:2;iidx:1;maimai_dx:2;popn:2;pump_it_up:1;sdvx:2;stepmaniax:1;taiko:2,allnet;ziv;round1usa
ROUND1 DEPTFORD MALL,"1750 Deptford Center Road,Space#2350,Deptford Township,NJ 08096",39.8314319,-75.0978249,chunithm;dance_around;ddr;drs;gitadora;groove_coaster;iidx;maimai_dx;other;popn;project_diva;pump_it_up;sdvx;taiko;wacca,,chunithm:1;dance_around:1;ddr:2;drs:1;gitadora:2;groove_coaster:2;iidx:1;maimai_dx:2;popn:2;project_diva:1;pump_it_up:1;sdvx:2;taiko:2;wacca:1,allnet;ziv;round1usa
ROUND1 EASTRIDGE SHOPPING CENTER,"2200 Eastridge Loop Suite 2094,San Jose, CA 95122",37.3255349,-121.8133811,chunithm;dance_around;ddr;drs;gitadora;iidx;maimai_dx;other;popn;project_diva;pump_it_up;sdvx;stepmaniax;taiko;wacca,,dance_around:1;ddr:5;drs:1;gitadora:2;iidx:2;maimai_dx:3;popn:2;project_diva:1;pump_it_up:2;sdvx:3;stepmaniax:1;taiko:2;wacca:1,allnet;ziv;round1usa
ROUND1 EXTON SQUARE MALL,"172 Exton Square Parkway D100, Exton, PA 19341",40.0329129,-75.6267116,maimai_dx,,,allnet
ROUND1 FAIRFIELD COMMONS,"2727 Fairfield Commons, Suite ANC1A, Beavercreek, OH 45431",39.7672589,-84.0566336,chunithm;dance_around;ddr;drs;gitadora;groove_coaster;iidx;maimai_dx;other;popn;project_diva;pump_it_up;sdvx;stepmaniax;taiko;wacca,,chunithm:2;dance_around:2;ddr:3;drs:1;gitadora:2;groove_coaster:2;iidx:1;maimai_dx:2;popn:2;project_diva:2;pump_it_up:1;sdvx:3;stepmaniax:1;taiko:2;wacca:1,allnet;ziv;round1usa
ROUND1 FASHION DISTRICT PHILADELPHIA,"1001 Market Street, #3010, Philadelphia, PA 19107",39.9519835,-75.1571648,chunithm;dance_around;ddr;drs;gitadora;groove_coaster;iidx;maimai_dx;other;popn;project_diva;pump_it_up;sdvx;taiko;wacca,,chunithm:2;dance_around:1;ddr:2;drs:1;gitadora:2;groove_coaster:3;iidx:1;maimai_dx:2;popn:2;project_diva:1;pump_it_up:1;sdvx:2;taiko:1;wacca:2,allnet;ziv;round1usa
ROUND1 FOUR SEASONS TOWN CENTRE,"125 Four Seasons Town Centre Greensboro, NC  27407",36.0392769,-79.8384279,chunithm;crossbeats;dance_around;ddr;drs;gitadora;groove_coaster;iidx;maimai_dx;other;popn;project_diva;pump_it_up;sdvx;taiko;wacca,,chunithm:2;crossbeats:1;dance_around:1;ddr:2;drs:2;gitadora:2;groove_coaster:1;iidx:1;maimai_dx:1;popn:3;project_diva:1;pump_it_up:1;sdvx:2;taiko:1;wacca:1,allnet;ziv;round1usa
ROUND1 FOX VALLEY MALL,"2480 Fox Valley Center, B13 Aurora, IL 60504",41.7588775,-88.2126401,chunithm;dance_around;ddr;drs;gitadora;groove_coaster;iidx;maimai_dx;other;popn;project_diva;pump_it_up;sdvx;taiko;wacca,,chunithm:1;dance_around:1;ddr:2;drs:1;gitadora:2;groove_coaster:1;iidx:1;maimai_dx:9;popn:2;project_diva:1;pump_it_up:2;sdvx:3;taiko:2;wacca:1,allnet;ziv;round1usa
ROUND1 GATEWAY MALL,"6100 O St., Space 190A, Lincoln, NE 68505",40.8156596,-96.6350068,chunithm;dance_around;ddr;gitadora;groove_coaster;iidx;maimai_dx;other;popn;pump_it_up;sdvx;taiko,,chunithm:2;dance_around:1;ddr:2;gitadora:2;groove_coaster:1;iidx:1;maimai_dx:2;popn:1;pump_it_up:1;sdvx:2;taiko:1,allnet;ziv;round1usa
ROUND1 GRAPEVINE MILLS,"3000 Grapevine Mills Pkwy Suite613, Grapevine, TX 76051",32.9661607,-97.0425031,chunithm;dance_around;ddr;drs;gitadora;groove_coaster;iidx;maimai_dx;other;project_diva;pump_it_up;sdvx;taiko;wacca,,chunithm:2;dance_around:2;ddr:3;drs:2;gitadora:2;groove_coaster:2;iidx:2;maimai_dx:3;project_diva:1;pump_it_up:2;sdvx:2;taiko:3;wacca:2,allnet;ziv;round1usa
ROUND1 GREAT LAKES CROSSING,"4220 Baldwin Rd. Suite A502, Auburn Hills, MI. 48326",42.7024640,-83.3054110,maimai_dx,,,allnet
ROUND1 GREAT LAKES MALL,"7850 Mentor Ave. Suite 200A, Mentor, OH 44060",41.6570654,-81.3604541,maimai_dx,,,allnet
ROUND1 GURNEE MILLS,"6136 West Grand Avenue, Space 500, Gurnee, IL, 60031",42.3899294,-87.9593224,maimai_dx,,,allnet
ROUND1 HOLYOKE MALL,"50 Holyoke Street, Space J210, Holyoke, MA 01040",42.1676302,-72.6413569,chunithm;dance_around;ddr;drs;gitadora;iidx;maimai_dx;other;popn;pump_it_up;sdvx;taiko,,chunithm:2;dance_around:1;ddr:2;drs:1;gitadora:2;iidx:2;maimai_dx:2;popn:2;pump_it_up:2;sdvx:2;taiko:1,allnet;ziv;round1usa
ROUND1 JERSEY GARDEN,"651 Kapkowski Rd, Elizabeth, NJ07201",40.6590029,-74.1695025,chunithm;dance_around;ddr;drs;gitadora;iidx;maimai_dx;other;popn;pump_it_up;sdvx;stepmaniax;taiko,,dance_around:1;ddr:2;drs:1;gitadora:2;iidx:2;maimai_dx:2;popn:2;pump_it_up:1;sdvx:2;stepmaniax:1;taiko:1,allnet;ziv;round1usa
ROUND1 LAKEWOOD MALL,"401 Lakewood Ctr. Mall, Lakewood, CA 90712",33.8503969,-118.1385807,chunithm;dance_around;ddr;drs;gitadora;iidx;maimai_dx;other;popn;project_diva;pump_it_up;sdvx;stepmaniax;taiko;wacca,,chunithm:1;dance_around:1;ddr:4;drs:2;gitadora:2;iidx:2;maimai_dx:3;popn:2;project_diva:1;pump_it_up:1;sdvx:2;stepmaniax:1;taiko:2;wacca:2,allnet;ziv;round1usa
ROUND1 LAS VEGAS SOUTH PREMIUM OUTLETS,"7400 S. Las Vegas Blvd, Ste 0213, Las Vegas, NV, 89123",36.0510062,-115.1688657,chunithm;dance_around;ddr;drs;gitadora;iidx;maimai_dx;other;popn;pump_it_up;sdvx;stepmaniax;taiko;wacca,,chunithm:2;dance_around:1;ddr:2;gitadora:2;iidx:1;maimai_dx:2;popn:2;pump_it_up:1;sdvx:3;stepmaniax:1;taiko:1;wacca:1,allnet;ziv;round1usa
ROUND1 MAIN PLACE MALL,"2800 N. Main St. Suite 1100, Santa Ana, CA 92705",33.7757393,-117.8700062,maimai_dx,,,allnet
ROUND1 MAINE MALL,"364 Maine Mall Road, Space XH, South Portland, ME 04106",43.6342134,-70.3367879,maimai_dx,,,allnet
ROUND1 MEADOWOOD MALL,"5400 Meadowood Mall Circle,Reno,NV 89502",39.4745831,-119.7804218,chunithm;ddr;drs;gitadora;groove_coaster;iidx;maimai_dx;other;pump_it_up;sdvx;taiko;wacca,,ddr:2;drs:1;gitadora:2;groove_coaster:2;iidx:2;maimai_dx:2;pump_it_up:1;sdvx:1;taiko:1;wacca:1,allnet;ziv;round1usa
ROUND1 MEADOWS MALL,"4000 Meadows Ln Suite 100, Las Vegas, NV 89107",36.1726720,-115.1947320,chunithm;crossbeats;dance_around;ddr;drs;gitadora;iidx;maimai_dx;other;pump_it_up;sdvx;stepmaniax;taiko;wacca,,crossbeats:2;dance_around:1;ddr:3;gitadora:2;iidx:1;maimai_dx:2;pump_it_up:1;sdvx:1;stepmaniax:1;wacca:1,allnet;ziv;round1usa
ROUND1 MENLO PARK MALL,"55 PARSONAGE ROAD, SPACE 1850A,EDISON, NJ 08837",,,maimai_dx,,,allnet
ROUND1 MILLCREEK MALL,"5800 Peach St., Unit #825, Erie, PA 16509",42.0669047,-80.0988507,maimai_dx,,,allnet
ROUND1 MORENO VALLEY MALL,"22500 Town Circle Suite 2030, Moreno Valley, CA 92553",33.9387359,-117.2713013,chunithm;dance_around;ddr;drs;gitadora;iidx;maimai_dx;other;popn;pump_it_up;sdvx;taiko,,chunithm:2;dance_around:1;ddr:1;drs:1;gitadora:2;iidx:1;maimai_dx:2;popn:2;pump_it_up:2;sdvx:2;taiko:2,allnet;ziv;round1usa
ROUND1 NORTH RIVERSIDE MALL,"7503 W Cermak Rd., Suite B, North Riverside, IL 60546",41.8501667,-87.8123863,maimai_dx,,,allnet
ROUND1 NORTH STAR MALL,"7400 San Pedro Ave, Suite 2600,San Antonio, TX 78216",29.5185050,-98.4981780,maimai_dx,,,allnet
ROUND1 NORTHRIDGE MALL,"1600 Northridge Mall, #200, Salinas, CA 93906",36.7169000,-121.6581870,chunithm;crossbeats;dance_around;ddr;drs;gitadora;iidx;maimai_dx;other;popn;pump_it_up;sdvx;taiko,,chunithm:2;crossbeats:2;dance_around:2;ddr:2;drs:1;gitadora:2;iidx:1;popn:2;pump_it_up:2;sdvx:2;taiko:1,allnet;ziv;round1usa
ROUND1 PARK CITY CENTER,"200 Park City Center, Lancaster, PA 17601",40.0688229,-76.3388131,chunithm;crossbeats;dance_around;ddr;drs;gitadora;groove_coaster;iidx;maimai_dx;museca;other;popn;pump_it_up;sdvx;taiko;wacca,,chunithm:2;crossbeats:1;dance_around:2;ddr:2;drs:1;gitadora:2;groove_coaster:1;iidx:1;maimai_dx:2;museca:1;popn:1;pump_it_up:1;sdvx:2;taiko:1;wacca:1,allnet;ziv;round1usa
ROUND1 PARK PLACE MALL,"5950 E Broadway Blvd Suite 110,Tucson, AZ 85711",32.2204809,-110.8637691,chunithm;dance_around;ddr;drs;groove_coaster;iidx;maimai_dx;museca;other;project_diva;pump_it_up;sdvx;taiko;wacca,,chunithm:2;dance_around:1;ddr:2;drs:1;groove_coaster:1;iidx:1;maimai_dx:2;museca:1;project_diva:2;pump_it_up:1;sdvx:2;taiko:1;wacca:1,allnet;ziv;round1usa
ROUND1 PEMBROKE LAKES MALL,"12055 Pines BLVD, Pembroke Pines, FL 33026",26.0105910,-80.3078580,chunithm;crossbeats;dance_around;dance_evo;ddr;drs;gitadora;groove_coaster;iidx;maimai_dx;museca;other;popn;project_diva;pump_it_up;sdvx;stepmaniax;taiko;wacca,,chunithm:1;crossbeats:2;dance_around:1;dance_evo:1;ddr:3;drs:1;gitadora:2;groove_coaster:2;iidx:2;maimai_dx:3;museca:1;popn:2;project_diva:1;pump_it_up:2;sdvx:2;stepmaniax:1;taiko:2;wacca:1,allnet;ziv;round1usa
ROUND1 PLAZA BONITA,"3030 Plaza Bonita Road, Suite 1025, National City, CA, 91950",32.6540046,-117.0653642,maimai_dx,,,allnet
ROUND1 POTOMAC MILLS MALL,"2700 Potomac Mills Circle, Suite 882, Woodbridge, VA 22192",38.6433621,-77.2961829,chunithm;dance_around;ddr;drs;gitadora;groove_coaster;iidx;maimai_dx;other;popn;project_diva;pump_it_up;sdvx;stepmaniax;taiko;wacca,,chunithm:1;dance_around:1;ddr:2;drs:1;gitadora:2;groove_coaster:1;iidx:2;maimai_dx:2;popn:2;project_diva:1;pump_it_up:1;sdvx:2;stepmaniax:1;taiko:2;wacca:1,allnet;ziv;round1usa
ROUND1 PROMENADE TEMECULA,"40710 Winchester Road, Suite 100, Temecula, CA 92591",33.5275009,-117.1529917,chunithm;ddr;drs;maimai_dx;sdvx;taiko,,,allnet;round1usa
ROUND1 PUENTE HILLS MALL,"1600 S Azusa Ave. Suite 285, City of Industry, CA 91748",33.9935867,-117.9274765,chunithm;crossbeats;ddr;drs;gitadora;groove_coaster;iidx;jubeat;maimai_dx;museca;other;popn;project_diva;pump_it_up;sdvx;stepmaniax;taiko;wacca,,chunithm:1;crossbeats:1;ddr:2;drs:1;gitadora:2;groove_coaster:4;iidx:3;jubeat:1;maimai_dx:3;museca:2;popn:2;project_diva:4;pump_it_up:3;sdvx:1;stepmaniax:1;taiko:3;wacca:1,allnet;ziv;round1usa
ROUND1 QUAIL SPRINGS MALL,"2501 W. Memorial Rd, Suite 110,Oklahoma City, OK 73134",35.6103281,-97.5588739,maimai_dx,,,allnet
ROUND1 ROSEVILLE MALL,"1191 Galleria BL Suit 150, Roseville, CA 95678",38.7747318,-121.2700189,chunithm;dance_around;ddr;drs;gitadora;groove_coaster;iidx;maimai_dx;other;popn;pump_it_up;sdvx;stepmaniax;taiko;wacca,,chunithm:2;dance_around:2;ddr:2;gitadora:2;groove_coaster:1;iidx:2;maimai_dx:3;popn:2;pump_it_up:1;sdvx:3;stepmaniax:1;taiko:2;wacca:1,allnet;ziv;round1usa
ROUND1 SHOPS AT MISSION VIEJO,"60C The Shops at Mission Viejo,Mission Viejo, CA 92691",33.5576683,-117.6695391,chunithm;dance_around;ddr;drs;gitadora;iidx;maimai_dx;other;popn;pump_it_up;sdvx;taiko;wacca,,chunithm:2;dance_around:1;ddr:1;drs:1;gitadora:2;iidx:1;maimai_dx:2;popn:2;pump_it_up:1;sdvx:2;taiko:2;wacca:1,allnet;ziv;round1usa
ROUND1 SOUTH HILL MALL,"3500 S Meridian, Suite 900, Puyallup, WA 98373",47.1573499,-122.3005397,chunithm;dance_around;ddr;drs;gitadora;iidx;maimai_dx;other;popn;project_diva;pump_it_up;sdvx;stepmaniax;taiko;wacca,,chunithm:2;dance_around:2;ddr:2;drs:1;gitadora:2;iidx:1;maimai_dx:2;popn:2;project_diva:1;pump_it_up:1;sdvx:2;stepmaniax:1;taiko:2;wacca:1,allnet;ziv;round1usa
ROUND1 SOUTH TOWN CENTER,"10450 S. State Street, Suite 2405-1, Sandy, UT 84070",40.5614329,-111.8793313,maimai_dx,,,allnet
ROUND1 SOUTH WEST PLAZA,"8501 West Bowles Ave., Space 1183 Littleton, CO 80123",39.6119798,-105.0956537,chunithm;dance_around;ddr;drs;gitadora;iidx;maimai_dx;other;popn;pump_it_up;sdvx;taiko;wacca,,chunithm:2;dance_around:1;ddr:2;gitadora:2;iidx:1;maimai_dx:2;popn:2;pump_it_up:2;sdvx:2;wacca:1,allnet;ziv;round1usa
ROUND1 SOUTHCENTER MALL,"2351 Southcenter Mall, Tukwila,WA 98188",47.4576967,-122.2611286,maimai_dx,,,allnet
ROUND1 SOUTHLAND MALL,"545 Southland Mall Dr. Hayward,CA 94545",37.6509859,-122.1036974,chunithm;dance_around;ddr;drs;gitadora;groove_coaster;iidx;maimai_dx;museca;other;popn;project_diva;pump_it_up;sdvx;stepmaniax;taiko;wacca,,chunithm:1;dance_around:1;ddr:3;drs:1;gitadora:2;groove_coaster:1;iidx:1;maimai_dx:2;museca:2;popn:2;project_diva:2;pump_it_up:2;sdvx:2;stepmaniax:1;taiko:2;wacca:1,allnet;ziv;round1usa
ROUND1 SOUTHRIDGE MALL,"5200 S 76th St., Suite C, Greendale, WI 53129",42.9502674,-88.0057293,chunithm;dance_around;ddr;gitadora;iidx;maimai_dx;other;popn;project_diva;pump_it_up;sdvx;taiko;wacca,,chunithm:2;dance_around:2;ddr:2;gitadora:2;iidx:1;maimai_dx:3;popn:2;project_diva:1;pump_it_up:2;sdvx:2;taiko:2;wacca:1,allnet;ziv;round1usa
ROUND1 STONESTOWN GALLERIA,"3251 20th Ave, San Francisco, CA 94132",37.7277303,-122.4769749,maimai_dx,,,allnet
ROUND1 SUNVALLEY MALL,"185 Sunvalley Mall Concord, CA 94520",37.9671559,-122.0617194,chunithm;dance_around;ddr;drs;gitadora;groove_coaster;iidx;maimai_dx;museca;other;popn;project_diva;pump_it_up;sdvx;taiko;wacca,,chunithm:1;dance_around:1;ddr:3;gitadora:2;groove_coaster:1;iidx:1;maimai_dx:2;museca:1;popn:2;project_diva:1;pump_it_up:1;sdvx:2;wacca:2,allnet;ziv;round1usa
ROUND1 THE SHOPS AT SKYVIEW,"131-07 40th Road, Suite C01 Flushing, Queens NY 11354",,,maimai_dx,,,allnet
ROUND1 TOWN EAST SQUARE,"7700 East Kellogg Drive, Suite G03J, Wichita, KS 67207",37.6826997,-97.2474183,dance_around;ddr;iidx;maimai_dx;other;popn;pump_it_up;sdvx;taiko;wacca,,dance_around:1;ddr:2;iidx:2;maimai_dx:2;popn:2;pump_it_up:1;sdvx:2;taiko:1;wacca:1,allnet;ziv;round1usa
ROUND1 TOWSON TOWN CENTER,"825 Dulaney Valley Road, Suite 1190, Towson, MD 21204",39.4042658,-76.5990278,chunithm;dance_around;ddr;drs;gitadora;groove_coaster;iidx;maimai_dx;other;popn;project_diva;pump_it_up;sdvx;taiko;wacca,,chunithm:2;dance_around:1;ddr:2;drs:1;gitadora:2;groove_coaster:2;iidx:1;maimai_dx:4;popn:2;project_diva:2;pump_it_up:1;sdvx:1;taiko:1;wacca:1,allnet;ziv;round1usa
ROUND1 VALLEY RIVER CENTER,"600 Valley River Center, Suite 100, Eugene, OR 97401",44.0669886,-123.1047543,maimai_dx,,,allnet
ROUND1 VANCOUVER MALL,"8800 NE Vancouver Mall Dr., Suite 100, Vancouver, WA 98662",45.6573284,-122.5830218,chunithm;dance_around;ddr;drs;gitadora;iidx;maimai_dx;other;project_diva;pump_it_up;sdvx;taiko;wacca,,chunithm:2;dance_around:1;ddr:3;drs:1;gitadora:2;iidx:1;project_diva:1;pump_it_up:1;sdvx:3;taiko:1;wacca:1,allnet;ziv;round1usa
SF JAPAN CENTER,"1581 Webster St #225 San Francisco, CA 94115",37.7849544,-122.4317274,maimai_dx,,,allnet
SIZIGI 20TH STREET,933 20th st san fransisco ca 94107,,,maimai_dx,,,allnet
SOUTH POINT,"9777 S. Las Vegas Blvd, Las Vegas, NV 89183",36.0112104,-115.1751791,ddr;maimai_dx;other;popn,,,allnet;ziv
THE GAME ROOM POWERED BY HASBRO,1 AMERICAN DREAM WAY #A-244 EAST RUTHERFORD NJ 07073,40.8100974,-74.0690763,maimai_dx;other;pump_it_up;taiko,,,allnet;ziv
THE ORLEANS,"The Orleans Hotel Casino,4500 WTropicana Ave,Las Vegas,NV 89103",36.1026267,-115.2009390,ddr;maimai_dx;popn,,,allnet;ziv
THE REC ROOM BRENTWOOD,1920 wellington ave unit 21-06 Burnaby BC v5c 0k3,,,maimai_dx,,,allnet
UFO PANDA,1245 Geneva Ave Oakdale MN 55128,44.9662390,-92.9841728,maimai_dx,,,allnet
WILLOWS HUCKLEBERRY LAND,8730 HWY 2 E HUNGRY HORSE MT 59919,48.3856642,-114.0704014,maimai_dx,,,allnet;ziv
XSCAPE,"342 East Broadway Bloomington, MN 55425",44.8540767,-93.2402681,ddr;gitadora;iidx;jubeat;maimai_dx;other;popn;sdvx,,,allnet;ziv
AEON MALL TAN PHU,"2F, 30 Bo Bao Tan Thang Street,Son Ky Ward, Tan Phu District",10.8070945,106.6216373,maimai_dx,,,allnet
DREAM GAMES HO CHI MINH,"Bo Bao Tan Thang Street, Son KyWard, Tan Phu District,HoChiMinh",10.8018965,106.6180000,chunithm;maimai_dx,,,allnet
DREAM GAMES MIPEC,"122 - 124 Xuan Thuy Street, Dich Vong Hau ward",21.0378193,105.7872989,chunithm;maimai_dx,,,allnet
DREAM GAMES(BINH TAN),"AeonMallBinhTan,BinhTri DongBward,BinhTanDist.,HoChiMinhCity",10.7427069,106.6119055,chunithm;maimai_dx;other;pump_it_up;taiko,,chunithm:2;maimai_dx:2;pump_it_up:1;taiko:1,allnet;ziv
DREAM GAMES(HAI PHONG LE CHAN),"3F,Aeonmall Hai Phong Le Chan,10,Vo Nguyen Giap St.,Kenh Duong W",20.8324943,106.6822410,chunithm;maimai_dx;pump_it_up;taiko,,chunithm:1;maimai_dx:1;pump_it_up:1;taiko:2,allnet;ziv
DREAM GAMES(LONG BIEN),"27 Co Linh Street, Long Bien Ward, Long Bien District, Ha Noi",21.0270200,105.9009900,chunithm;maimai_dx,,,allnet
DREAM KIDS SU VAN HANH,11 SU VAN HANH PHUONG 12 QUAN 10,10.7707500,106.6696900,maimai_dx;taiko,,maimai_dx:2;taiko:1,allnet;ziv
GIGO AEON MALL HA DONG,"Lot T325, 3F, AEON MALL HA DONG, Duong Noi Ward, Ha Noi City",20.9901408,105.7517338,chunithm;maimai_dx,,,allnet
GiGO VINCOM MEGAMALL THAO DIEN,"L4-07, No. 161 Vo Nguyen Giap, Thao Dien Ward",10.8023796,106.7409716,chunithm;maimai_dx;other;pump_it_up,,chunithm:1;maimai_dx:3;pump_it_up:1,allnet;ziv
HEROWORLD BOWLING AND GAMES CENTER,"B2R304,Royalcity Megamall,72 Nguyen Trai,Thanh Xuan,Ha Noi",21.0010656,105.8161199,maimai_dx,,,allnet
IPH INDOCHINA,"IPH, 241 Xuan Thuy Street,Dich Vong Hau Ward, Cau Giay, Hanoi",21.0360605,105.7833056,maimai_dx,,,allnet
KIDS BOX&TINY MF AEON TAN AN,"Lot T212. 2nd Fl No88  Aeon TanAn SC, National Highway 1 Ward 6",10.5546469,106.5488434,maimai_dx,,,allnet
LGG LIEU GIAI,"Vincom Center,29 Lieu Giai street,Ngoc Khanh Ward,Ba Dinh,Hanoi",10.7285352,106.7187468,maimai_dx,,,allnet
MOLLY FANTASY - OCEAN CITY,"L2-26, Vincom Mega Mall Ocean City, Nghia Tru Commune, Hung Yen",20.9520601,105.9751024,chunithm;maimai_dx,,,allnet
MOLLY FANTASY AEON CANARY,"Lot S20 2F, No.01 Binh Duong blv, Binh Giao quarter, Thuan Giao",10.9400153,106.7088775,chunithm;maimai_dx,,,allnet
MOLLY FANTASY AEON CELADON,"Lot S19 2F, No30 Bo Bao Tan Thang st, Tan Phu Dst, HCM",10.7994592,106.6132931,chunithm;maimai_dx,,,allnet
MOLLY FANTASY BINH TAN,"17A Street,Binh Tri Dong B Ward,Binh Tan District,HoChiMinh City",10.7478829,106.6118492,chunithm;maimai_dx,,,allnet
MOLLY FANTASY HAI PHONG 2F,"10 Vo Nguyen Giap,Du Hang Kenh,Le Chan Hai Phong,Vietnam",20.8332260,106.6824513,chunithm;maimai_dx,,,allnet
MOLLY FANTASY HANOI CENTRE,"L2-C10, 2F TienBoPlaza, 175 Nguyen Thai Hoc St, O Cho Dua Ward",21.0317173,105.8310216,chunithm;maimai_dx,,,allnet
MOLLY FANTASY LOTTE NSG,"Lot 2F 01+03 2F, Lotte Mart NamLot 2F 01+03 2F, Lotte Mart Nam Sai Gon, No.469 Nguyen Huu Tho",10.7409449,106.7018086,chunithm;maimai_dx,,,allnet;ziv
MOLLY FANTASY SORA GARDEN,"Lot 203,SORA Gardens,C19 Duong Hung Vuong,Thu Dau Mot,Binh Duong",11.0458701,106.6783378,chunithm;maimai_dx,,,allnet
MOLLY FANTASY TINY LB,"Lot 3F-1,3F,Aeon Mall Long Bien,27 D.Co Linh,Long Bien,Hanoi",21.0274359,105.8987956,chunithm;maimai_dx,,,allnet
MOLLY FANTASY VINCOM ROYAL CITY,"Lot B2-R5-27,Vincom Royal City,72A Nguyen Trai,Thanh Xuan,Hanoi",21.0021365,105.8151956,chunithm;maimai_dx,,chunithm:1;maimai_dx:2,allnet;ziv
NOWZONE FASHION MALL,"235 Nguyen Van Cu Street, Nguyen Cu Ward, District 1",10.7610332,106.6837686,maimai_dx,,,allnet
TIMEZONE AEON HAI PHONG,"T339,3F,AeonMall Hai Phong,KenhDuong w.,Le Chan Dist,Hai Phong",20.8324937,106.6822778,maimai_dx;other;pump_it_up,,,allnet;ziv
TIMEZONE AEON HUE,"No. 08, Vo Nguyen Giap Street, An Dong Ward, Hue City",16.4546200,107.6139515,maimai_dx,,,allnet
TIMEZONE AEON LONG BIEN,"NO. 27 CO LINH STREET, LONG BIEN WARD, HANOI CITY",21.0269505,105.8992565,groove_coaster;maimai_dx;other;pump_it_up;taiko,,,allnet;ziv
TIMEZONE AEON MALL THANH KHE,"Dien Bien Phu, Thanh Khe District, Da Nang city ,Viet Nam",,,maimai_dx,,,allnet
TIMEZONE CRESCENT MALL,"5F Crescent Mall,101 Ton Dat Tien street, Tan Phu Ward,District7",10.7285352,106.7187468,maimai_dx,,,allnet;ziv
TIMEZONE HANOI CENTER,"NO 175 Nguyen Thai Hoc, Ba Dinh, Hanoi",21.0319498,105.8302501,chunithm;maimai_dx,,,allnet
TIMEZONE PARC MALL,"195 Cao Lo, District 8, Ho Chi Minh",10.7386235,106.6789521,maimai_dx,,,allnet;ziv
TIMEZONE(AEON BINH DUONG),"Aeon Mall Binh Duong Canary,Binh Giao,Thuan Giao,Thuan An City",10.9323347,106.7119938,maimai_dx;other;pump_it_up,,,allnet;ziv
TIMEZONE(AEON HA DONG),"AEONMALL,HoangVanThuStreet DuongNoiWard,HaDong District, Ha Noi",21.0277644,105.8341598,maimai_dx,,,allnet
TIMEZONE(AEON TAN PHU),Dia chi So 30 Tan Thang Phuong Son Ky Quan Tan PhuTp Ho Chi Minh,10.8013663,106.6172025,maimai_dx;other,,,allnet;ziv
TIMEZONE(ESTELLA),"Estella Place, 88 Song Hanh Street, An Phu Ward, 2 District",10.8020658,106.7484709,maimai_dx;other,,,allnet;ziv
