name,address,latitude,longitude,games,cabs,game_counts,source
AMUSE,"16 WITCOMBE STREET, ADELAIDE, SA5000",-34.9299206,138.5947976,chunithm;gitadora;jubeat;maimai_dx;sdvx,,,allnet;ziv
Archie Brothers Cirque Electriq QV Melbourne,"Level 3 QV Shopping Centre 222 Lonsdale Street Melbourne VIC, 3000, Melbourne",-37.8107947,144.9652084,ddr;maimai_dx;other;sdvx;taiko,,ddr:1;maimai_dx:2;sdvx:1;taiko:1,ziv
B.LUCKY&SONS MELBOURNE,"Level 3, 211 Latrobe St., Melrourne, Vic,3000",-37.8105556,144.9630556,ddr;maimai_dx;other;sdvx;taiko,,maimai_dx:1;sdvx:1,allnet;ziv
KINGPIN(CROWN),"Malbourne,CrownEntertainmentComplex,WhitemanSt,Southbank,VIC3006",-37.8290000,144.9570000,chunithm;ddr;maimai_dx;other;sdvx;taiko,,chunithm:2;ddr:1;maimai_dx:2;sdvx:1;taiko:1,allnet;ziv
KOKO AMUSEMENT 614,Basement 614 George ST Sydney NSW 2000,-33.8757593,151.2067759,chunithm;ddr;drs;gitadora;iidx;maimai_dx;other;popn;pump_it_up;sdvx;taiko,,chunithm:6;ddr:2;drs:3;gitadora:1;iidx:1;maimai_dx:6;popn:2;pump_it_up:2;sdvx:2;taiko:5,allnet;ziv
KOKO Amusement City Heroes,"505 George Street Shop 6 Sydney New South Wales, 2000, Sydney",-33.8750989,151.2062354,crossbeats;jubeat;maimai_dx;other;popn;project_diva;sdvx;stepmaniax;taiko;wacca,,crossbeats:1;jubeat:2;popn:1;project_diva:1;sdvx:1;taiko:1;wacca:1,ziv
PARADIGM ZONE,"58 Gawler Place, Adelaide SA 5000",-34.9234290,138.6021461,chunithm;drs;iidx;maimai_dx;other;popn;sdvx;taiko,,chunithm:2;drs:1;iidx:1;maimai_dx:2;popn:2;sdvx:1;taiko:1,allnet;ziv
PLAYit Melbourne,"Shop M14-22 Southgate Centre 3 Southgate Ave Southbank VIC, 3006, Southbank",-37.8204358,144.9659247,maimai_dx;other;sdvx,,,ziv
Timezone Garden City,"Level 2, Westfield Garden City Upper Mount Gravatt Queensland, 4122, Upper Mount Gravatt",-27.5625104,153.0800495,chunithm;ddr;gitadora;maimai_dx;other;popn;pump_it_up;sdvx;taiko,,chunithm:1;ddr:2;gitadora:1;maimai_dx:2;popn:1;pump_it_up:1;sdvx:1;taiko:1,ziv
TIMEZONE(CENTRAL),"Level 2, Central Park Mall, 28 Broadway, Chippendale,NSW2008",-33.8845810,151.2006823,chunithm;maimai_dx;other;pump_it_up;sdvx;taiko,,chunithm:1;maimai_dx:2;pump_it_up:1;sdvx:1;taiko:2,allnet;ziv
TIMEZONE(HAYMARKET),"Level 3 Market City, 9-13 Hay Street, Haymerket, Sydney, NSW2020",-33.8797944,151.2033833,chunithm;ddr;drs;gitadora;maimai_dx;other;popn;pump_it_up;sdvx;taiko,,chunithm:2;ddr:2;drs:1;gitadora:2;maimai_dx:2;popn:1;pump_it_up:1;sdvx:1;taiko:1,allnet;ziv
TIMEZONE(HIGHPOINT),"Level 1 Highpoint SC,120-200Rosamond Rd,Maribyrnong,VIC3032",-37.7695602,144.8820803,chunithm;ddr;maimai_dx;other;sdvx;taiko,,,allnet;ziv
Varsity Nedlands,"88 Broadway Crawley Western Australia, 6009, Crawley",-31.9841525,115.8151567,sdvx,,,ziv
FlippArena Vöcklabruck,"5 Vornbuch Vöcklabruck Oberösterreich, 4840, Vöcklabruck",48.0067710,13.6869269,museca;other;sdvx;stepmaniax,,,ziv
Arcade Mile-X Arcade,"020-6560 Avenue de l'Esplanade Montréal Québec, H2V 4L5, Montréal",45.5286973,-73.6127665,other;sdvx,,,ziv
ARCstage,"10612 124 ST NW Unit 100 Edmonton Alberta, T5N 1S4, Edmonton",53.5497312,-113.5361830,chunithm;ddr;iidx;jubeat;maimai_dx;other;project_diva;pump_it_up;sdvx;taiko;wacca,,chunithm:2;ddr:1;iidx:1;jubeat:1;project_diva:1;pump_it_up:1;sdvx:1;taiko:1;wacca:1,ziv
CHQ Entertainment,"4800 Kingsway Burnaby British Columbia, V5H 4N2, Burnaby",49.2272058,-122.9994267,chunithm;drs;groove_coaster;maimai_dx;ongeki;other;pump_it_up;sdvx;taiko;wacca,,chunithm:4;drs:1;groove_coaster:1;ongeki:1;pump_it_up:1;sdvx:1;taiko:1;wacca:2,ziv
Claw Planet/Planète Claw,"563 Boulevard des Laurentides Laval Québec, H7G2V3, Laval",45.5718827,-73.6935639,chunithm;ddr;drs;gitadora;groove_coaster;iidx;jubeat;maimai_dx;ongeki;other;popn;project_diva;pump_it_up;sdvx;wacca,,chunithm:1;ddr:1;drs:1;gitadora:2;groove_coaster:1;iidx:1;jubeat:2;maimai_dx:2;ongeki:1;popn:1;project_diva:1;pump_it_up:1;sdvx:1;wacca:1,ziv
eSpot,"8181 Cambie Road Unit 1000 Richmond British Columbia, V6X 3X9, Richmond",49.1853728,-123.1336526,chunithm;ddr;gitadora;groove_coaster;iidx;jubeat;maimai_dx;nostalgia;ongeki;other;popn;project_diva;sdvx;taiko;wacca,,chunithm:3;ddr:1;gitadora:2;groove_coaster:1;iidx:1;jubeat:2;nostalgia:1;ongeki:1;popn:1;project_diva:1;sdvx:2;taiko:2;wacca:1,ziv
Quazar's Arcade,"1215 Government Street Victoria British Columbia, V8W 1Y5, Victoria",48.4258894,-123.3674384,chunithm;ddr;other;sdvx;wacca,,chunithm:2;ddr:1;sdvx:1;wacca:2,ziv
RetroMTL,"4023 Rue Hochelaga Montréal Québec, H1W 1K4, Montréal",45.5520259,-73.5486976,other;sdvx,,,ziv
Portal Friki,"269 Manuel Antonio Matta La Serena Coquimbo, 1710086, La Serena",-29.9003913,-71.2525178,ddr;iidx;jubeat;other;project_diva;pump_it_up;reflec;sdvx;taiko,,ddr:2;iidx:1;jubeat:2;project_diva:1;pump_it_up:3;reflec:1;sdvx:1;taiko:1,ziv
CLUBPLAY（振华广场店）,锡林郭勒北路29号振华广场7楼,40.8167648,111.6611445,other;sdvx;taiko,,sdvx:2;taiko:1,bemanicn;ziv
DORAPLANET 哆啦星球 (高新玫瑰ONE),"Rose 1F, One Shopping Center (Gaoxin), Chengzhang Road No.1512 Chang'an District Xi'an Shaanxi Province, 710101, Xi'an",34.1346055,108.8204260,chunithm;drs;maimai_dx;other;sdvx;wacca;jubeat,,chunithm:2;jubeat:2;maimai_dx:2,ziv;bemanicn
LBF活动室,佛山创意产业园内,23.0163220,113.0923500,chunithm;maimai_dx;sdvx,,chunithm:1;maimai_dx:2;sdvx:1,bemanicn
乐酷电玩俱乐部(金源燕莎店),"Jinyuan Xinyansha Mall, 1 Yuanda Road 5th Floor BEIJING Beijing Shi, BEIJING",39.9586480,116.2895215,gitadora;iidx;sdvx;stepmaniax,,,ziv
佐佐佑佑电玩城,"名城广场3F 公园路163号 Wenzhou Shi Zhejiang Sheng, 325100, Wenzhou Shi",28.0130744,120.6623617,drs;maimai_dx;other;pump_it_up;sdvx,,,ziv
元气总动员 Happy Story (时代天街),"3rd Floor, Block B, 龙湖时代天街, No. 89 Hezuo Road Pidu District 郫都区 Chengdu City 成都市 Sichuan Province 四川省, 611730, Chengdu City 成都市",30.7545509,103.9200103,chunithm;maimai_dx;other;sdvx;taiko,,chunithm:2;maimai_dx:2;sdvx:1;taiko:1,ziv;wahlap;bemanicn
元气总动员(成都都江堰店),至臻路1号融创文旅城融创茂3楼,30.9583800,103.6214230,sdvx,,sdvx:1,bemanicn
和音屋 x -Azisai- 北京店 立直麻将/音游,七里庄路口向北附近（详见群内信息）,39.8530000,116.2950000,chunithm;ddr;gitadora;iidx;maimai_dx;nostalgia;popn;sdvx,,chunithm:1;ddr:1;gitadora:2;iidx:2;maimai_dx:2;nostalgia:1;popn:1;sdvx:1,bemanicn;ziv
和音屋合肥蜀山环球中心店,安徽省合肥市蜀山区之心城环球中心B座1501,31.8557110,117.2523430,chunithm;maimai_dx;sdvx,,chunithm:1;maimai_dx:2;sdvx:1,wahlap;bemanicn
哆啦星球主战场大旺城店,大庆西路81号,34.2697565,108.8516191,sdvx,,sdvx:1,bemanicn;ziv
哈基窝,库洛雀庄（欢乐宫西侧同城配送门市）,42.8911140,129.4733570,chunithm;iidx;maimai_dx;ongeki;sdvx,,chunithm:1;maimai_dx:2;ongeki:1,bemanicn
大玩家超乐场（广州海珠店）,"3F, Wanda Plaza Haizhu 238 Yijing Road, Haizhu District Guangzhou Shi Guangdong Sheng, Guangzhou Shi",23.0837478,113.3136310,drs;groove_coaster;sdvx;wacca,,drs:2;groove_coaster:2;sdvx:2;wacca:2,ziv
天天玩 X 秋葉原日系动漫中心★,"Huiyin Plaza, Huashan Road (Xujiahui/Guangyuan Road) no. 2088 徐汇区 (Xuhui District) 上海 (Shanghai), 200235, 徐汇区 (Xuhui District)",31.1986788,121.4326143,chunithm;gitadora;iidx;jubeat;maimai_dx;other;sdvx;taiko,,chunithm:4;gitadora:1;iidx:4;jubeat:2;maimai_dx:7;sdvx:4;taiko:1,ziv;bemanicn;wahlap
娱人港湾（金查理小镇店）,旅游路与常山大道交叉口金查理小镇3-1,35.9244510,119.3928220,drs;sdvx,,drs:1;sdvx:2,bemanicn
宁波工程学院,"147号-191号 Feng Hua Lu Ningbo Zhejiang, 315032, Ningbo",29.9109633,121.6119830,ddr;iidx;maimai_dx;nostalgia;other;pump_it_up;sdvx;taiko,,ddr:1;iidx:2;maimai_dx:1;nostalgia:1;pump_it_up:2;sdvx:1;taiko:1,ziv
布丁城堡欢乐世界,上美广场4楼,31.1230720,104.3832810,sdvx,,sdvx:1,bemanicn
插电师北京王府井银泰店,北京市东城区王府井大街88号银泰in88商场2层插电师电玩,39.9148584,116.4055625,chunithm;iidx;maimai_dx;sdvx;taiko,,chunithm:2;iidx:2;maimai_dx:3;sdvx:2;taiko:1,wahlap;bemanicn;ziv
星舰梦航荔湾广百店,广东省广州市荔湾区坑口地铁站荔胜广场3F-10,23.0814020,113.2275730,maimai_dx;other;sdvx,,maimai_dx:1;sdvx:1,wahlap;bemanicn
星辰闪耀（唐山曹妃甸昱海澜湾店）,昱海澜湾F区1-1，中山路46号3-2,39.0662880,118.4479810,sdvx;taiko,,sdvx:2;taiko:1,bemanicn
星际传奇成都高新环球中心店,四川省成都市高新区天府大道北段1700号4FB02星际传奇,30.5717330,104.0623230,chunithm;maimai_dx;sdvx,,chunithm:2;maimai_dx:4;sdvx:2,wahlap;bemanicn
晴天G-BOX潮玩社佛山南海店,佛山市南海区桂城街道季华东路27号丽日广场七座101第三层商务7-310、312,23.0160980,113.1587060,maimai_dx;other;sdvx,,maimai_dx:1;sdvx:2,wahlap;bemanicn
月窝,龙光玖云著1号楼2416,22.8332700,108.2213340,chunithm;maimai_dx;sdvx,,chunithm:2;maimai_dx:2;sdvx:1,bemanicn
朗玩 Round1 Bowling & Arcade (Xintang AEON Mall),"増城区宁西街创新大道15号 永旺梦乐城广州新塘 广州市 Guangdong Province, 511338, 广州市",23.1621958,113.6198759,chunithm;dance_around;drs;gitadora;groove_coaster;maimai_dx;other;pump_it_up;sdvx;taiko;wacca,,chunithm:1;dance_around:2;drs:1;gitadora:2;groove_coaster:2;maimai_dx:3;pump_it_up:1;sdvx:2;taiko:3;wacca:2,ziv
杭州良渚虎窝,大河李斯特教育视频媒体工作室,30.3586010,120.0185620,sdvx,,sdvx:2,bemanicn
核客电玩城深圳罗湖店,广东省深圳市罗湖区深南东路3020号百货广场大厦西座一楼,22.5462808,114.1130620,chunithm;maimai_dx;taiko;drs;other;pump_it_up;sdvx;wacca,,chunithm:2;drs:1;maimai_dx:2;pump_it_up:1;sdvx:2;taiko:2;wacca:3,wahlap;bemanicn;ziv
桔钓沙莱华度假酒店 (Lavenna Resort Judiaosha Shenzhen),"B1, Lavenna Resort Hotel, No. 28 Xindong Road, Nan’ao Subdistric Longgang District 龙岗区 Shenzhen City 深圳市 Guangdong Province 广东省, 518121, Shenzhen City 深圳市",22.5598454,114.5477385,drs;other;sdvx,,,ziv
汤姆熊欢乐世界 Tom's World (成都王府井科华店),"3rd Floor, Wangfujing Shopping Center (Ke Hua Branch) No. 9 Kehua Middle Road, Wuhou District 武侯区 Chengdu City 成都市 Sichuan Province 四川省, 610041, Chengdu City 成都市",30.6210914,104.0733368,ddr;iidx;jubeat;maimai_dx;other;sdvx;taiko,,ddr:1;iidx:1;jubeat:1;maimai_dx:2;sdvx:1;taiko:1,ziv;wahlap;bemanicn
泛时空 FUNSPACE BEIJING (北京荟聚西红门Livat) ★,"Second Floor, Livat，No. 15, Xinning Street, Daxing District, Bei 大兴区 Beijing Beijing, 102600, Beijing",39.7875739,116.3211018,chunithm;dance_evo;ddr;gitadora;iidx;jubeat;maimai_dx;other;sdvx;taiko,,chunithm:2;dance_evo:1;ddr:1;gitadora:2;iidx:2;jubeat:3;maimai_dx:4;sdvx:1;taiko:2,ziv;bemanicn
泰格本色,"康王·柏德来商业城1区 903 Kangwang North Road Guangzhou Shi Guangdong Sheng, 510000, Guangzhou Shi",23.1252079,113.2465339,gitadora;jubeat;other;sdvx,,gitadora:2;jubeat:2;sdvx:1,ziv
游侠传奇（亿丰时代广场店）,金宇路铂茂亿丰广场c区三楼,35.4307420,116.5644620,sdvx,,sdvx:1,bemanicn
源窝,建华大街511号鑫隆湾E座,38.8639000,115.4768480,iidx;sdvx;taiko,,iidx:1;sdvx:1;taiko:1,bemanicn
潮玩星球 (Chaowan Planet,"84 Xihu Road Floors 1-3 Guangzhou Shi Guangdong Sheng, 510063, Guangzhou Shi",23.1230724,113.2651377,dance_evo;gitadora;jubeat;sdvx,,,ziv
烈火游戏机娱乐,"Jiangning Road No. 77-4F 美琪大剧院对面 静安区 (Jing'an District) 上海 (Shanghai), 200041, 静安区 (Jing'an District)",31.2311100,121.4510035,chunithm;gitadora;groove_coaster;iidx;jubeat;maimai_dx;other;sdvx;taiko,,chunithm:1;gitadora:2;groove_coaster:1;iidx:2;jubeat:1;maimai_dx:10;sdvx:4;taiko:2,ziv
玩星汇 Wanxinghui Arcade,"2F, Beicheng Paradise Walk Mall Zone B, Guanyinqiao, Jiangbei District Chongqing Chongqing, 400020, Chongqing",29.5820133,106.5297248,other;sdvx,,sdvx:2,ziv;bemanicn
环游嘉年华(大学城),"广州大学城中大生活区GOGO新天地广场3楼 大学城北一路与大学城中二横路交界(贝岗村旁) 广州市(CANTON) 广东省 (Guangdong Province), 广州市(CANTON)",23.0611451,113.3920276,dance_evo;jubeat;other;sdvx,,dance_evo:1;jubeat:2;sdvx:2,ziv
环游嘉年华江门店,广东省江门市蓬江区白石大道166号汇悦城3楼,22.6117979,113.0824735,chunithm;jubeat;maimai_dx;other;sdvx;taiko,,chunithm:2;jubeat:2;maimai_dx:3;sdvx:2;taiko:3,wahlap;bemanicn;ziv
真快活美乐园（国广店）,"江汉区解放大道690号武汉国际广场7楼 Wuhan Shi Hubei Sheng, 430072, Wuhan Shi",30.5802799,114.2712231,gitadora;jubeat;other;reflec;sdvx;taiko,,,ziv
神采飞扬 Game Town (凯德广场店),"7F, Capital Plaza Wusheng Road, No. 238 Zhongshan Avenue Qiaoku District Wuhan Hubei, 430033, Wuhan",30.5713775,114.2619327,maimai_dx;other;sdvx;taiko,,maimai_dx:2;sdvx:1;taiko:1,ziv;wahlap;bemanicn
翡翠·立直麻将·音游,广东省中山市龙井南路艺进大厦停车场内艺进大厦停车场里面,22.5339460,113.3867250,chunithm;maimai_dx;sdvx,,chunithm:2;maimai_dx:1;sdvx:1,bemanicn
草窝音游屋,中海豪庭5号楼（门牌号请加群咨询）,37.3898090,117.9649830,chunithm;sdvx;taiko,,chunithm:1;sdvx:1;taiko:1,bemanicn
莱华度假酒店奇妙世界,南澳街道新东路28号桔钓沙莱华度假酒店负一层,22.5593470,114.5487400,drs;sdvx,,drs:1;sdvx:1,bemanicn
菲游乐（苍南银泰店）,浙江省温州市苍南县玉苍路银泰3楼3031铺位菲游乐(苍南银泰城店),27.5122350,120.4219770,maimai_dx;sdvx,,maimai_dx:2;sdvx:2,bemanicn
诺窝,襄城区檀溪路国际商都,32.0078880,112.1091760,chunithm;iidx;maimai_dx;nostalgia;ongeki;sdvx,,chunithm:1;maimai_dx:2;ongeki:1,bemanicn
车库窝,东升里11号 百花苑D座首层87号,23.0279320,113.1080190,gitadora;iidx;sdvx,,gitadora:1;iidx:1;sdvx:1,bemanicn
轩轩窝,美宜佳,22.5462440,114.0528250,iidx;maimai_dx;sdvx,,iidx:1;maimai_dx:1;sdvx:1,bemanicn
酷客领域太原龙湖万达店,山西省太原市龙湖万达广场三楼酷客领域,37.8851930,112.5545630,maimai_dx;sdvx;taiko,,maimai_dx:2;sdvx:1;taiko:2,wahlap;bemanicn
酷玩空间上海普陀环球港店,上海市普陀区环球港负一楼酷玩空间,31.2363987,121.4085386,chunithm;maimai_dx;taiko;jubeat;other;sdvx,,chunithm:8;jubeat:1;maimai_dx:10;sdvx:1;taiko:10,wahlap;bemanicn;ziv
韵窝,长江商贸城b区4栋202室,32.2703670,118.3102030,sdvx,,sdvx:1,bemanicn
风云再起上海长泰广场店,上海市浦东新区外高桥保税区自由贸易试验区祖冲之路1239弄长泰广场地下一层59-1室风云再起,31.2083800,121.5978940,maimai_dx;sdvx;taiko,,maimai_dx:4;sdvx:2;taiko:1,wahlap;bemanicn
风云再起天津和平路店,天津市和平区和平路印象城A座一层风云再起游乐汇,39.1307760,117.1866592,chunithm;maimai_dx;taiko;other;sdvx,,chunithm:2;maimai_dx:3;sdvx:2;taiko:2,wahlap;bemanicn;ziv
风云再起游乐汇 Fengyun Arcade (长泰广场店),"金科路2889弄 (地铁2号线金科路站) Jinke Rd Station, Subway Line 2 浦东新区 Shanghai Shang Hai Shi, 201315, Shanghai",31.2081812,121.5976303,maimai_dx;other;sdvx;taiko,,maimai_dx:4;sdvx:2;taiko:4,ziv
La Bodegamer,"Carrera 78 bis # 78-18 Bogotá Bogotá, 111051, Bogotá",4.6982424,-74.0957719,other;pump_it_up;sdvx,,,ziv
Cibien's Corner - Game Station,"2621/4 Štefánikovo náměstí Plzeň Plzeňský kraj, 301 00, Plzeň",49.7360477,13.3776224,chunithm;dance_evo;drs;groove_coaster;jubeat;nostalgia;other;popn;project_diva;sdvx,,,ziv
Cibien's Corner - Game World,"1 Fajtlova Fajtlova 1090 Prague Hlavní město Praha, 161 00, Prague",50.0934738,14.2904887,groove_coaster;iidx;jubeat;nostalgia;other;pump_it_up;sdvx,,,ziv
AlphaNef,"55 Rue de l'Aiguillerie Montpellier Occitanie, 34000, Montpellier",43.6126541,3.8790916,groove_coaster;jubeat;other;popn;sdvx;wacca,,groove_coaster:1;jubeat:2;popn:1;sdvx:2;wacca:1,ziv
Atom City,"113 Rue Barthélémy Delespaul Lille Hauts-de-France, 59000, Lille",50.6243363,3.0652070,chunithm;drs;gitadora;groove_coaster;iidx;jubeat;nostalgia;other;popn;project_diva;pump_it_up;sdvx;taiko;wacca,,chunithm:1;drs:1;gitadora:2;groove_coaster:1;iidx:1;jubeat:1;nostalgia:1;popn:3;project_diva:1;pump_it_up:1;sdvx:2;taiko:1;wacca:1,ziv
Envie De Japon,"1 Rue de Strasbourg Nantes Pays de la Loire, 44000, Nantes",47.2152861,-1.5506870,ddr;jubeat;other;popn;sdvx;taiko,,,ziv
Gamespirit Lyon,"8 Rue Lanterne Lyon Rhône-Alpes, 69001, Lyon",45.7666660,4.8316911,chunithm;jubeat;other;sdvx,,,ziv
HI-SCORE,"Anna-Zammert-Str. 28 Hannover Niedersachsen, 30171, Hannover",52.3642896,9.7637075,chunithm;ddr;drs;groove_coaster;iidx;jubeat;nostalgia;ongeki;other;popn;project_diva;pump_it_up;reflec;sdvx;stepmaniax;taiko;wacca,,chunithm:1;ddr:1;drs:1;groove_coaster:1;iidx:1;jubeat:1;nostalgia:1;ongeki:1;popn:1;project_diva:1;pump_it_up:1;reflec:1;sdvx:1;stepmaniax:1;taiko:1;wacca:4,ziv
GOLDEN ERA GAME CENTRE,"2/F, GOLDEN ERA PLAZA, 39SAI YEE STREET, MONGKOK, KOWLOON",22.3183610,114.1717300,chunithm;ddr;groove_coaster;iidx;jubeat;maimai_dx;other;popn;sdvx;taiko;wacca,,chunithm:5;ddr:1;groove_coaster:1;iidx:1;jubeat:4;maimai_dx:6;popn:1;sdvx:1;taiko:2;wacca:1,allnet;bemanicn;ziv
POWER CITY(TIN SHUI WAI),"G68-72 G/F,PHASE 1 KINGSWOOD GINZA, TIN SHUI WAI, N.T.",22.4569941,114.0046892,chunithm;iidx;jubeat;maimai_dx;other;sdvx;taiko;wacca,,chunithm:2;iidx:1;jubeat:2;maimai_dx:5;sdvx:2;taiko:1;wacca:1,allnet;bemanicn;ziv
SILVERCORD AMUSEMENT ＆ GAMES,"SHOP B03 BASEMENT, SILVERCORD30CANTON RD, T.S.T, KOWLOON",22.2977762,114.1695193,gitadora;iidx;jubeat;maimai_dx;other;popn;sdvx;taiko;wacca,,gitadora:2;iidx:1;jubeat:4;maimai_dx:3;popn:1;sdvx:2;taiko:2;wacca:1,allnet;bemanicn;ziv
SUPER KING GAME CENTRE,"B/F,WEST COAST BLDG, 290-296UN CHAU ST.,CHEUNG SHA WAN,KW",22.3356793,114.1591221,chunithm;drs;gitadora;iidx;jubeat;maimai_dx;nostalgia;other;sdvx;taiko,,chunithm:4;drs:1;gitadora:4;iidx:1;jubeat:2;maimai_dx:7;nostalgia:2;sdvx:3;taiko:2,allnet;bemanicn;ziv
23Paskal (Game Master),"Jl. Pasirkaliki Bandung Jawa Barat, 40172, Bandung",-6.9149135,107.5952679,ddr;gitadora;other;pump_it_up;sdvx,,,ziv
Amazing Carribean - Kota Kasablanka,"Jalan Kasablanka Raya Kav. 88 Jakarta Jakarta, 12870, Jakarta",-6.2243770,106.8427438,ddr;other;pump_it_up;sdvx,,,ziv
Amazing Town - Gandaria City,"Jakarta Jakarta, Jakarta",-6.2442306,106.7833436,groove_coaster;other;pump_it_up;sdvx,,,ziv
Amazing World One Belpark,"Jl. RS. Fatmawati Raya No.1, RT.1/RW.1, Pd. Labu, Kec. Cilandak, Jakarta Selatan RS. Fatmawati Raya, 12450, Jakarta Selatan",-6.3045809,106.7947032,other;sdvx,,,ziv
Amazone - Blok M Plaza,"Jakarta Jakarta, Jakarta",-6.2444226,106.7976129,other;pump_it_up;sdvx,,,ziv
Amazone - Duta Mall,"Jl. A. Yani 3rd floor, Melayu, District. Banjarmasin Tengah Banjarmasin City South Borneo, 70234, Banjarmasin City",-3.3229347,114.6031188,gitadora;other;pump_it_up;sdvx,,,ziv
Amazone - Lippo Mall Kemang,"36 Jalan Kemang Village Drive Daerah Khusus Ibukota Jakarta, 12150",-6.2610044,106.8129317,other;pump_it_up;sdvx,,pump_it_up:1;sdvx:4,ziv
Amazone - Lippo Mall Puri,"No.Kel Jalan Puri Indah Raya Jakarta, 11610",-6.1875329,106.7394125,other;pump_it_up;sdvx,,,ziv
Amazone - Lotte Shopping Avenue,"3-5 Jalan Professor Doktor Satrio Jakarta Selatan Daerah Khusus Ibukota Jakarta, 12940, Jakarta Selatan",-6.2239157,106.8229249,dance_evo;ddr;gitadora;groove_coaster;iidx;other;pump_it_up;sdvx,,dance_evo:1;ddr:1;gitadora:2;groove_coaster:2;iidx:1;pump_it_up:1;sdvx:1,ziv
Amazone - Mall Artha Gading,"1 Jalan Artha Gading Selatan Jakarta Daerah Khusus Ibukota Jakarta, 14240, Jakarta",-6.1458217,106.8925416,ddr;drs;iidx;other;pump_it_up;sdvx,,,ziv
Amazone - Manado Town Square 3,"Jalan Piere Tendean Manado Sulawesi Utara, 95111, Manado",1.4696417,124.8302367,gitadora;iidx;other;pump_it_up;sdvx,,,ziv
Amazone Mall Bassura City,"Jl. Basuki Rahmat No. 1A Jakarta Timur Daerah Khusus Ibukota Jakarta, 13410, Jakarta Timur",-6.2243170,106.8779790,other;pump_it_up;sdvx,,,ziv
Amazone Pesona Square,"Jalan Ir. H. Juanda Jawa Barat, 16418",-6.3799977,106.8439733,other;pump_it_up;sdvx,,,ziv
Amazone Pluit Village Mall,"23 Jalan Pluit Karang Karya Timur 1st Floor DKI Jakarta Pluit, Jakarta Utara, 14450, DKI Jakarta",-6.1161475,106.7880106,ddr;other;sdvx,,,ziv
Cihampelas Walk / CiWalk (Game Master),"Jl. Cihampelas 160 Bandung Bandung West Java (Jawa Barat), Bandung",-6.8952197,107.6044214,ddr;drs;groove_coaster;other;pump_it_up;sdvx,,ddr:1;drs:1;groove_coaster:2;pump_it_up:1;sdvx:1,ziv
COW PLAY COW MOO CARSTENSZ MALL,Jalan jend sudirman no1. Cihuni. Kec pagedangan,-6.2697615,106.6304198,chunithm;ddr;drs;gitadora;iidx;maimai_dx;nostalgia;other;pump_it_up;sdvx,,chunithm:4;ddr:1;drs:1;gitadora:2;iidx:1;maimai_dx:4;nostalgia:2;pump_it_up:2;sdvx:2,allnet;ziv
Cow Play Cow Moo Mall of Indonesia,"2nd Floor Jl. Boulevard Bar. Raya No.12 Jakarta Utara 14240, Jakarta Utara",-6.1513526,106.8929172,chunithm;ddr;drs;gitadora;iidx;maimai_dx;other;pump_it_up;sdvx,,chunithm:4;ddr:1;drs:1;gitadora:2;iidx:1;maimai_dx:2;pump_it_up:1;sdvx:1,ziv
Cow Play Cow Moo PIK2,"Entertainment District PIK 2, Blok A6, Jl. Rasuna Said Pantai In Tanggerang Banten, 15214, Tanggerang",-6.0462851,106.7053288,chunithm;ddr;drs;gitadora;iidx;maimai_dx;nostalgia;pump_it_up;sdvx,,chunithm:4;ddr:1;drs:1;gitadora:3;iidx:1;maimai_dx:3;nostalgia:1;pump_it_up:2;sdvx:1,ziv
Cow Play Cow Moo Pluit Village Mall,"23 Jalan Pluit Karang Karya Timur 2nd Floor DKI Jakarta Jakarta Utara, 14450, DKI Jakarta",-6.1163928,106.7881072,chunithm;ddr;drs;gitadora;iidx;maimai_dx;nostalgia;pump_it_up;sdvx,,chunithm:3;ddr:1;drs:1;gitadora:3;iidx:1;maimai_dx:3;nostalgia:2;pump_it_up:2;sdvx:1,ziv
Cow Play Cow Moo ÉLYSÉE SCBD,"Jl. SCBD No. Kav 52-53, Lantai 3A, Jakarta Selatan, 12190,, Jakarta Selatan,",-6.2260035,106.8131916,chunithm;ddr;drs;iidx;maimai_dx;other;pump_it_up;sdvx,,chunithm:3;ddr:1;drs:1;iidx:1;maimai_dx:3;pump_it_up:1;sdvx:1,ziv
CPCM LIPPO MALL NUSANTARA,"Jl. Jend. Sudirman Kav. 50, Karet Semanggi, Setiabudi",-6.2201667,106.8143752,chunithm;iidx;maimai_dx;pump_it_up;sdvx,,chunithm:4;iidx:1;maimai_dx:3;pump_it_up:1;sdvx:2,allnet;ziv
Festival Citylink (Game Master),"JL. Peta No 241 Bandung West Java, Bandung",-6.9296992,107.5859571,ddr;groove_coaster;maimai_dx;other;pump_it_up;sdvx,,ddr:1;groove_coaster:2;pump_it_up:2;sdvx:1,ziv
FuniFuni - Grand Kota Bintang,"Jl. Kota Bintang Boulevard No. Kavling 1B Bekasi Jawa Barat, 17145, Bekasi",-6.2442306,106.9559714,sdvx,,,ziv
Funstation - E-Walk,"e-Walk Balikpapan Super Block Lt. UG, Jl. Jenderal Sudirman No.4 Balikpapan Southeast Asia, 76114, Balikpapan",-1.2737676,116.8586667,iidx;other;pump_it_up;sdvx,,,ziv
Happy Time Manhattan | Solo Paragon Lifestyle Mall,"Jl. Yosodipuro No.133, Mangkubumen, Kec. Banjarsari Solo Paragon Lifestyle Mall Lt. 3 Surakarta Jawa Tengah, 57139, Surakarta",-7.5626777,110.8099489,iidx;other;pump_it_up;sdvx,,,ziv
KidCity (TransStudio Mini) - TransMart Lampung,"Sultan Agung 283 Bandar Lampung Lampung, 35132, Bandar Lampung",-5.3837134,105.2823955,gitadora;sdvx,,,ziv
KidCity - Trans Icon Surabaya,"260 Jalan Ahmad Yani Jawa Timur, 60234",-7.3390892,112.7284227,other;pump_it_up;sdvx,,,ziv
KidCity Transmart Cempaka Putih,"Jl. Ahmad Yani No.83 Cempaka Putih Timur, Cempaka Putih Jakarta Pusat Daerah Khusus Ibukota Jakarta, 10510, Jakarta Pusat",-6.1688010,106.8767488,gitadora;other;pump_it_up;sdvx,,gitadora:2;pump_it_up:2;sdvx:1,ziv
Mr Token - BG Junction,"BG Junction Surabaya East Java Surabaya East Java (Jawa Timur), Surabaya",-7.2555076,112.7336901,other;pump_it_up;sdvx,,,ziv
Playtopia @ Supermall Karawaci,"Supermal Karawaci, Bencongan, Kecamatan Kelapa Dua, Kabupaten Ta Tangerang 15810, Tangerang",-6.2257155,106.6062651,groove_coaster;iidx;other;pump_it_up;sdvx;taiko,,,ziv
AMFマーズ,横浜市中区長者町6-106,35.4428479,139.6311041,gitadora;iidx;jubeat;nostalgia;sdvx,gitadora_dm_arena;gitadora_gf_arena;iidx_lm;sdvx_vm,,eagate
Amusement&Game MAGHREB,多摩市落合1-39-2マグレブビル1F,35.6240240,139.4231960,gitadora;iidx;jubeat;polaris_chord;popn;sdvx,gitadora_dm_arena;gitadora_gf_arena;iidx_lm;popn_pikapika;sdvx_vm,,eagate
AMパークイオンモール奈良登美ヶ丘店,奈良県生駒市鹿畑町３０２７イオンモール専門店街３階,34.7260080,135.7505666,chunithm;ddr;iidx;maimai_dx;other;sdvx,sdvx_vm,,allnet;eagate;ziv
Comtech Square (コムテックスクエア),"1-16-8, Kanayama, Naka-ku Nagoya Aichi, 460-0022, Nagoya",35.1400000,136.9000000,chunithm;ddr;gitadora;iidx;jubeat;maimai_dx;nostalgia;ongeki;other;polaris_chord;popn;project_diva;reflec;sdvx;taiko,,chunithm:3;ddr:2;gitadora:4;iidx:4;jubeat:2;maimai_dx:2;nostalgia:2;ongeki:3;polaris_chord:2;popn:2;project_diva:1;reflec:1;sdvx:3;taiko:2,ziv
G-stage浜町,長崎県長崎市浜町2-26,32.7448472,129.8775421,chunithm;gitadora;iidx;maimai_dx;ongeki;other;popn;sdvx,iidx_lm;popn_pikapika;sdvx_vm,,allnet;eagate;ziv
GAMESPOT VERSUS,荒川区西日暮里5-15-10,35.7319100,139.7680400,iidx;sdvx,iidx_lm;sdvx_vm,,eagate
GiGO Fuji Mall Fukiage / GiGOフジモール吹上,"Fuji Mall Fukiage 2F 90−1, Fukuro Konosu Saitama, 〒369-0131, Konosu",36.0853149,139.4901466,chunithm;iidx;maimai_dx;ongeki;other;sdvx;taiko,,chunithm:2;sdvx:1;taiko:1,ziv
GiGO SEIYU Teine (GiGO西友手稲),"1-11, Maeda, Teine-ku Seiyu Teine (西友手稲店) 3F Sapporo Hokkaido, 006-0811, Sapporo",43.1203204,141.2451953,chunithm;gitadora;iidx;maimai_dx;ongeki;other;polaris_chord;popn;sdvx;taiko,,,ziv
Hapipiland Pythagoras Wakayama (ハピピランドピタゴラス和歌山店),"73-1, Donyu Wakayama Wakayama, 640-8432, Wakayama",34.2525095,135.1462080,iidx;other;popn;sdvx,,,ziv
INTER PARK+1宇都宮,栃木県宇都宮市インターパーク６−５−１,36.4881173,139.9055690,chunithm;ddr;drs;gitadora;iidx;jubeat;maimai_dx;nostalgia;ongeki;other;polaris_chord;popn;project_diva;sdvx,,,allnet;ziv
M's PARK刈谷店,愛知県刈谷市稲場町３−２０６,35.0054807,137.0014037,chunithm;ddr;gitadora;iidx;jubeat;maimai_dx;ongeki;other;popn;sdvx;taiko,ddr_gold;iidx_lm;popn_pikapika;sdvx_vm,chunithm:4;ddr:1;gitadora:2;iidx:1;jubeat:2;maimai_dx:1;ongeki:1;popn:1;sdvx:1;taiko:1,allnet;eagate;ziv
M's PARK豊田店,愛知県豊田市寿町３−２１、２２,35.0566411,137.1400157,chunithm;ddr;gitadora;iidx;jubeat;maimai_dx;nostalgia;ongeki;other;popn;project_diva;reflec;sdvx,ddr_gold;iidx_lm;popn_pikapika;sdvx_vm,,allnet;eagate;ziv
ROUND1 Stadium Handa (ラウンドワンスタジアム半田店),"6-7-8, Mizuho-cho Handa Aichi, 475-0828, Handa",34.8853884,136.9417513,chunithm;dance_around;ddr;drs;gitadora;iidx;maimai_dx;ongeki;other;polaris_chord;popn;sdvx;taiko;wacca,,chunithm:2;dance_around:1;ddr:1;drs:1;gitadora:2;iidx:1;maimai_dx:2;ongeki:2;polaris_chord:2;popn:1;sdvx:2;taiko:1;wacca:1,ziv
Taito F Station Takasaki OPA (タイトーFステーション高崎オーパ店),"Takasaki OPA (高崎オーパ) 7F 46-1, Yashimacho Takasaki Gunma, 370-0849, Takasaki",36.3232131,139.0107003,chunithm;iidx;maimai_dx;ongeki;sdvx;taiko,,,ziv
あそVIVA本店,福知山市字堀小字上高田2146-1あそVIVA1F,35.2897191,135.1348229,iidx;other;polaris_chord;popn;sdvx,iidx_lm;sdvx_vm,,eagate;ziv
あそＶＩＶＡ阪急茨木店,大阪府茨木市永代町６−２スポーツプラザ茨木２Ｆ,34.8179736,135.5763883,chunithm;ddr;gitadora;iidx;maimai_dx;nostalgia;ongeki;polaris_chord;popn;sdvx,ddr_gold;iidx_lm;popn_pikapika;sdvx_vm,,allnet;eagate
えの木　高松店,香川県高松市藤塚町３丁目３−３,34.3358800,134.0537325,chunithm;ddr;gitadora;iidx;jubeat;maimai_dx;ongeki;other;popn;project_diva;sdvx,ddr_gold;gitadora_dm_arena;gitadora_gf_arena;iidx_lm;popn_pikapika;sdvx_vm,,allnet;eagate;ziv
ゆりの木ボウル,青森県八戸市鷹匠小路１０,40.5066344,141.4932406,gitadora;iidx;maimai_dx;popn;sdvx,iidx_lm;sdvx_vm,,allnet;eagate
アップルグランリバー大井川店,静岡県焼津市下江留１３２７,34.8097010,138.2733246,chunithm;ddr;gitadora;iidx;maimai_dx;nostalgia;ongeki;polaris_chord;popn;project_diva;sdvx,ddr_gold;gitadora_dm_arena;gitadora_gf_arena;iidx_lm;popn_pikapika;sdvx_vm,,allnet;eagate
アップル島田店,静岡県島田市宝来町8-5,34.8266008,138.1874106,chunithm;gitadora;iidx;sdvx,gitadora_dm_arena;iidx_lm;sdvx_vm,,allnet;eagate
アップル新北街道店,静岡県静岡市葵区沓谷5-13-4,34.9982997,138.4134498,chunithm;ddr;gitadora;iidx;maimai_dx;ongeki;other;popn;project_diva;sdvx,ddr_gold;gitadora_dm_arena;iidx_lm;sdvx_vm,,allnet;eagate;ziv
アドアーズ上野アメ横,東京都台東区上野４−９−１４上野Ｋ．ＫビルＢ１〜４階,35.7100380,139.7742682,chunithm;gitadora;iidx;jubeat;ongeki;popn;project_diva;reflec;sdvx;taiko,iidx_lm;sdvx_vm,gitadora:2;iidx:2;jubeat:4;popn:2;project_diva:1;reflec:2;sdvx:2;taiko:1,allnet;eagate;ziv
アドアーズ中野,東京都中野区中野５−５２−１５　ブロードウェイ１８５,35.7091924,139.6656938,chunithm;iidx;maimai_dx;other;polaris_chord;sdvx;taiko,iidx_lm;sdvx_vm,chunithm:3;iidx:1;maimai_dx:1;polaris_chord:2;sdvx:1;taiko:2,allnet;eagate;ziv
アドアーズ亀戸店,東京都江東区亀戸５−２−６サンエービル１〜５階,35.6989635,139.8259037,chunithm;iidx;maimai_dx;popn;sdvx,popn_pikapika;sdvx_vm,,allnet;eagate
アドアーズ仙川,東京都調布市仙川町２−２１−１２　ＶＩＣビル７,35.6624923,139.5840936,chunithm;iidx;sdvx,iidx_lm;sdvx_vm,,allnet;eagate
アドアーズ大和店Ａ館,神奈川県大和市大和東１−４−３大黒屋ビル１、２階,35.4705555,139.4623450,chunithm;iidx;maimai_dx;sdvx,sdvx_vm,,allnet;eagate
アドアーズ新小岩,東京都葛飾区新小岩１−４４−４　ＶＯＲＴ新小岩ビル,35.7162968,139.8582264,chunithm;iidx;maimai_dx;ongeki;sdvx,iidx_lm;sdvx_vm,,allnet;eagate;ziv
アドアーズ横須賀,神奈川県横須賀市本町３−２７横須賀ＡＰＴ１階,35.2806953,139.6622793,chunithm;iidx;maimai_dx;sdvx,sdvx_vm,,allnet;eagate
アドアーズ橋本,神奈川県相模原市緑区橋本３−３−１ＳＩＮＧビル２Ｆ,35.5945224,139.3488614,chunithm;gitadora;iidx;maimai_dx;sdvx,gitadora_dm_arena;gitadora_gf_arena;sdvx_vm,,allnet;eagate
アドアーズ船橋,千葉県船橋市本町１−３１−２６セブン船橋Ｂ１Ｆ〜３Ｆ,35.7005813,139.9844903,chunithm;iidx;maimai_dx;nostalgia;polaris_chord;popn;sdvx;taiko,iidx_lm;popn_pikapika;sdvx_vm,,allnet;eagate
アドアーズ蕨,埼玉県蕨市塚越1-4-4ラ・セーヌビル2階,35.8278164,139.6915592,chunithm;iidx;maimai_dx;ongeki;popn;sdvx,iidx_lm;sdvx_vm,,allnet;eagate
アピナ上尾店,埼玉県上尾市緑丘３−３−１１−２　Ｐ・Ａ・Ｐ・Ａ上尾ＳＣ別棟,35.9882466,139.5808223,chunithm;gitadora;iidx;jubeat;maimai_dx;nostalgia;ongeki;other;polaris_chord;popn;project_diva;sdvx,iidx_lm;popn_pikapika;sdvx_vm,,allnet;eagate;ziv
アピナ上田店,長野県上田市秋和３５９−１,36.4159917,138.2235105,chunithm;gitadora;iidx;jubeat;maimai_dx;nostalgia;ongeki;other;polaris_chord;popn;sdvx,iidx_lm;sdvx_vm,,allnet;eagate;ziv
アピナ下館店,茨城県筑西市玉戸１０１２−３,36.2954256,139.9456893,chunithm;gitadora;iidx;jubeat;maimai_dx;nostalgia;ongeki;other;polaris_chord;project_diva;sdvx,iidx_lm;sdvx_vm,,allnet;eagate;ziv
アピナ佐久インター店,長野県佐久市岩村田北１−１３−１,36.2844797,138.4823375,chunithm;drs;gitadora;iidx;jubeat;maimai_dx;ongeki;other;polaris_chord;popn;sdvx,iidx_lm;popn_pikapika;sdvx_vm,,allnet;eagate;ziv
アピナ八王子みなみ野店,東京都八王子市みなみ野１−２−１アクロスモール３Ｆ,35.6306170,139.3292720,chunithm;gitadora;iidx;maimai_dx;ongeki;other;polaris_chord;popn;sdvx,iidx_lm;popn_pikapika;sdvx_vm,,allnet;eagate;ziv
アピナ印西店,千葉県印西市原１−２ビッグホップガーデンモール印西２Ｆ,35.8033914,140.1649455,chunithm;iidx;jubeat;ongeki;other;polaris_chord;popn;sdvx;taiko,iidx_lm;sdvx_vm,,allnet;eagate;ziv
アピナ各務原店,岐阜県各務原市蘇原花園町２丁目９番地１,35.4120854,136.8480680,chunithm;maimai_dx;ongeki;other;sdvx,sdvx_vm,,allnet;eagate;ziv
アピナ名古屋栄店,愛知県名古屋市中区錦３‐１７‐１５ドン・キホーテ栄本店Ｂ１,35.1702098,136.9063906,chunithm;iidx;maimai_dx;other;popn;sdvx;taiko,iidx_lm;popn_pikapika;sdvx_vm,chunithm:9;iidx:3;maimai_dx:6;popn:1;sdvx:4;taiko:6,allnet;eagate;ziv
アピナ四日市店,三重県四日市市泊小柳町４−３４,34.9393248,136.6068238,chunithm;gitadora;iidx;jubeat;maimai_dx;nostalgia;ongeki;other;polaris_chord;popn;project_diva;reflec;sdvx,gitadora_dm_arena;gitadora_gf_arena;iidx_lm;popn_pikapika;sdvx_vm,,allnet;eagate;ziv
アピナ太田店,群馬県太田市内ケ島町９０７−１,36.2829707,139.3984248,chunithm;ddr;gitadora;iidx;jubeat;maimai_dx;nostalgia;ongeki;other;polaris_chord;popn;project_diva;reflec;sdvx,iidx_lm;popn_pikapika;sdvx_vm,,allnet;eagate;ziv
アピナ宇都宮店,栃木県河内郡上三川町磯岡４２１ー１ジョイフル本田宇都宮店２階,36.4801944,139.9082222,chunithm;maimai_dx;ongeki;sdvx,sdvx_vm,,allnet;eagate
アピナ富山南店,富山県富山市堀川町３５５−３　マイプラザ内,36.6649370,137.2173196,chunithm;gitadora;iidx;jubeat;maimai_dx;nostalgia;ongeki;polaris_chord;project_diva;sdvx;wacca,iidx_lm;sdvx_vm,,allnet;eagate;ziv
アピナ富山豊田店,富山県富山市豊田町２丁目１２−６６,36.7210181,137.2355046,chunithm;ddr;drs;gitadora;iidx;jubeat;maimai_dx;nostalgia;ongeki;other;polaris_chord;popn;project_diva;reflec;sdvx,ddr_gold;gitadora_dm_arena;gitadora_gf_arena;iidx_lm;popn_pikapika;sdvx_vm,,allnet;eagate;ziv
アピナ富谷店,宮城県富谷市大清水１丁目３３‐１　１０９シネマズ富谷１階,38.3648779,140.8752317,chunithm;ddr;gitadora;maimai_dx;ongeki;other;polaris_chord;popn;sdvx,ddr_gold;sdvx_vm,,allnet;eagate;ziv
アピナ小山店,栃木県小山市駅南町４−２７−１８,36.3004010,139.8091238,chunithm;drs;gitadora;iidx;jubeat;maimai_dx;nostalgia;ongeki;other;polaris_chord;popn;sdvx,iidx_lm;popn_pikapika;sdvx_vm,,allnet;eagate;ziv
アピナ川越店,埼玉県川越市泉町１−１　ウニクス南古谷シネマ棟１Ｆ,35.9038204,139.5153346,chunithm;gitadora;iidx;maimai_dx;ongeki;other;polaris_chord;popn;sdvx,iidx_lm;popn_pikapika;sdvx_vm,,allnet;eagate;ziv
アピナ松本店,長野県松本市双葉１９−１０,36.2105026,137.9615503,chunithm;dance_evo;ddr;drs;gitadora;iidx;jubeat;maimai_dx;nostalgia;ongeki;other;polaris_chord;popn;project_diva;reflec;sdvx,ddr_gold;gitadora_dm_arena;gitadora_gf_arena;iidx_lm;popn_pikapika;sdvx_vm,,allnet;eagate;ziv
アピナ橋本店,神奈川県相模原市緑区西橋本５−１−１ラ・フロール駐車場棟１階,35.5973214,139.3373139,chunithm;gitadora;iidx;maimai_dx;nostalgia;ongeki;other;polaris_chord;popn;project_diva;sdvx,iidx_lm;popn_pikapika;sdvx_vm,,allnet;eagate;ziv
アピナ浜松店,静岡県浜松市中央区葵西２−２７−１０,34.7674101,137.7081848,chunithm;gitadora;iidx;maimai_dx;ongeki;other;polaris_chord;sdvx,iidx_lm;sdvx_vm,,allnet;eagate;ziv
アピナ焼津店,静岡県焼津市道原５８５,34.8335667,138.3059799,chunithm;gitadora;iidx;maimai_dx;nostalgia;ongeki;other;popn;reflec;sdvx;taiko,iidx_lm;sdvx_vm,chunithm:3;gitadora:2;iidx:1;maimai_dx:1;nostalgia:1;ongeki:2;popn:1;reflec:1;sdvx:2;taiko:1,allnet;eagate;ziv
アピナ米子店,鳥取県米子市米原二丁目１３２０番地１メガドン・キホーテ３階,35.4422830,133.3300695,chunithm;iidx;maimai_dx;ongeki;sdvx,iidx_lm;sdvx_vm,,allnet;eagate
アピナ荻窪店,東京都杉並区上荻１−１３−１０ハクサンビル,35.7050135,139.6181738,chunithm;ddr;iidx;maimai_dx;ongeki;other;polaris_chord;popn;sdvx,ddr_gold;iidx_lm;popn_pikapika;sdvx_vm,,allnet;eagate;ziv
アピナ豊橋,愛知県豊橋市藤沢町１４１ホリデイ・スクエアＡＭ棟１階,34.7445532,137.3713362,chunithm;iidx;maimai_dx;ongeki;other;polaris_chord;popn;sdvx,iidx_lm;popn_pikapika;sdvx_vm,,allnet;eagate;ziv
アピナ長岡店,新潟県長岡市堺東町２２,37.4579741,138.8131975,chunithm;drs;gitadora;iidx;jubeat;maimai_dx;nostalgia;ongeki;other;polaris_chord;popn;project_diva;sdvx,gitadora_dm_arena;gitadora_gf_arena;iidx_lm;popn_pikapika;sdvx_vm,,allnet;eagate;ziv
アピナ長野大橋店,長野県長野市若里７−９−１２,36.6265335,138.2002093,chunithm;gitadora;iidx;maimai_dx;nostalgia;ongeki;other;sdvx,iidx_lm;sdvx_vm,,allnet;eagate;ziv
アピナ長野川中島店,長野県長野市川中島町御厨９６７−１,36.5980241,138.1574813,chunithm;gitadora;iidx;maimai_dx;ongeki;other;polaris_chord;popn;sdvx,iidx_lm;popn_pikapika;sdvx_vm,,allnet;eagate;ziv
アピナ飯田店,長野県飯田市座光寺３７２８−１,35.5299738,137.8597012,chunithm;gitadora;iidx;jubeat;maimai_dx;nostalgia;ongeki;other;popn;project_diva;reflec;sdvx,iidx_lm;sdvx_vm,,allnet;eagate;ziv
アピナ鶴岡店,山形県鶴岡市文下字広野１−１,38.7581392,139.8443827,chunithm;drs;gitadora;iidx;jubeat;maimai_dx;nostalgia;ongeki;other;polaris_chord;popn;sdvx,iidx_lm;sdvx_vm,,allnet;eagate;ziv
アミパラがいな店,鳥取県米子市日ノ出町１−８−１３,35.4377737,133.3391965,chunithm;ddr;gitadora;iidx;maimai_dx;ongeki;other;polaris_chord;popn;sdvx,gitadora_dm_arena;gitadora_gf_arena;iidx_lm;popn_pikapika;sdvx_vm,,allnet;eagate;ziv
アミパラここじゃ店,広島県東広島市西条町下見６−１０−１９,34.4075855,132.7155369,chunithm;ddr;gitadora;iidx;maimai_dx;ongeki;other;polaris_chord;popn;sdvx,ddr_gold;gitadora_dm_arena;gitadora_gf_arena;iidx_lm;popn_pikapika;sdvx_vm,,allnet;eagate;ziv
アミパラテクノランド店,岡山県岡山市北区大和町１−７−１２,34.6791764,133.9274976,chunithm;ddr;drs;gitadora;iidx;maimai_dx;ongeki;other;polaris_chord;popn;sdvx;taiko,gitadora_dm_arena;gitadora_gf_arena;iidx_lm;popn_pikapika;sdvx_vm,chunithm:3;ddr:1;drs:1;gitadora:2;iidx:2;maimai_dx:3;ongeki:3;polaris_chord:1;popn:1;sdvx:2;taiko:2,allnet;eagate;ziv
アミパラ下関駅南店,山口県下関市東大和町１丁目３ー１５,33.9453095,130.9205149,chunithm;ddr;gitadora;iidx;maimai_dx;ongeki;polaris_chord;popn;sdvx,gitadora_dm_arena;gitadora_gf_arena;iidx_lm;popn_pikapika;sdvx_vm,,allnet;eagate
アミパラ丸亀店,香川県丸亀市飯野町西分字川縁甲５８４−１　ハローズ棟内,34.2848078,133.8210303,chunithm;ddr;gitadora;iidx;maimai_dx;ongeki;other;sdvx,sdvx_vm,,allnet;eagate;ziv
アミパラ佐世保店,長崎県佐世保市大塔町１８−１５,33.1500003,129.7803082,chunithm;ddr;drs;gitadora;iidx;jubeat;maimai_dx;ongeki;other;polaris_chord;popn;sdvx,iidx_lm;sdvx_vm,,allnet;eagate;ziv
アミパラ倉敷店,岡山県倉敷市西中新田624-1アミパラボウル1F,34.5835441,133.7713238,chunithm;ddr;gitadora;iidx;maimai_dx;ongeki;other;polaris_chord;popn;sdvx,ddr_gold;gitadora_dm_arena;gitadora_gf_arena;iidx_lm;popn_pikapika;sdvx_vm,,allnet;eagate;ziv
アミパラ周南久米店,山口県周南市大字久米２８３４　イオンタウン周南久米,34.0367490,131.8427470,chunithm;maimai_dx;other;sdvx,sdvx_vm,,allnet;eagate;ziv
アミパラ岡山店,岡山県岡山市北区青江１丁目１３ー８,34.6362117,133.9199885,chunithm;ddr;gitadora;iidx;jubeat;maimai_dx;ongeki;other;popn;project_diva;sdvx,gitadora_dm_arena;gitadora_gf_arena;iidx_lm;popn_pikapika;sdvx_vm,,allnet;eagate;ziv
アミパラ広島店,広島市西区西観音町3-17,34.3935043,132.4360428,other;sdvx,sdvx_vm,,eagate;ziv
アミパラ橿原店,奈良県橿原市十市町1222-1ツインゲート橿原１F,34.5294150,135.7968476,chunithm;ddr;gitadora;iidx;maimai_dx;ongeki;other;polaris_chord;popn;sdvx,gitadora_dm_arena;gitadora_gf_arena;iidx_lm;popn_pikapika;sdvx_vm,,allnet;eagate;ziv
アミパラ津山店,岡山県津山市河辺１０００−１イオンモール津山２Ｆ,35.0650815,134.0464219,chunithm;iidx;maimai_dx;ongeki;other;sdvx,iidx_lm;sdvx_vm,,allnet;eagate;ziv
アミパラ高知店,高知県南国市篠原１９４−１,33.5679737,133.6344573,chunithm;ddr;gitadora;iidx;maimai_dx;ongeki;other;polaris_chord;project_diva;sdvx,ddr_gold;iidx_lm;sdvx_vm,,allnet;eagate;ziv
アミューズスペースミール,兵庫県三田市対中町５−２１,34.8806357,135.2295503,chunithm;gitadora;iidx;jubeat;nostalgia;other;popn;project_diva;sdvx,gitadora_dm_arena;gitadora_gf_arena;iidx_lm;sdvx_vm,,allnet;eagate;ziv
アミューズパーク郡山,福島県郡山市安積町日出山2丁目80,37.3744131,140.3839021,chunithm;iidx;jubeat;other;sdvx,iidx_lm;sdvx_vm,,allnet;eagate;ziv
アミューズビバ,茨城県ひたちなか市東大島２−１１−１１,36.4063750,140.5318511,chunithm;ddr;gitadora;iidx;jubeat;maimai_dx;nostalgia;ongeki;polaris_chord;popn;project_diva;sdvx,ddr_gold;iidx_lm;popn_pikapika;sdvx_vm,,allnet;eagate
アミューズメントエース津田沼,千葉県船橋市前原西２−１５−１ファシービル,35.6922777,140.0201815,chunithm;ddr;gitadora;iidx;jubeat;maimai_dx;nostalgia;ongeki;other;polaris_chord;popn;sdvx;taiko,ddr_gold;gitadora_dm_arena;gitadora_gf_arena;iidx_lm;popn_pikapika;sdvx_vm,,allnet;eagate;ziv
アミューズメントゲーム　マグレブ,東京都多摩市落合１−３９−２マグレブビル１階,35.6245439,139.4256174,chunithm;gitadora;iidx;jubeat;maimai_dx;ongeki;polaris_chord;popn;sdvx,,,allnet
アミューズメントスペースASO：VIBA！,東京都渋谷区恵比寿1-10-5三恵エビスビル2F,35.6467821,139.7110171,chunithm;iidx;maimai_dx;ongeki;other;polaris_chord;popn;sdvx;taiko,iidx_lm;popn_pikapika;sdvx_vm,chunithm:2;iidx:1;maimai_dx:1;polaris_chord:1;popn:1;taiko:2,allnet;eagate;ziv
アミューズメントスペースコミ丸四日市店,三重県四日市市鵜の森1-3-19,34.9664199,136.6164714,chunithm;ddr;iidx;maimai_dx;nostalgia;ongeki;polaris_chord;popn;sdvx,ddr_gold;gitadora_dm_arena;iidx_lm;popn_pikapika;sdvx_vm,,allnet;eagate
アミューズメントスペース遊ランド春光店,北海道旭川市春光1条7丁目2-25,43.7981968,142.3740362,chunithm;drs;groove_coaster;iidx;jubeat;maimai_dx;nostalgia;ongeki;other;popn;sdvx;taiko,iidx_lm;sdvx_vm,,allnet;eagate;ziv
アミューズメントスペース遊ランド稚内店,北海道稚内市港５丁目８−１５,45.4006983,141.6808192,chunithm;gitadora;iidx;jubeat;nostalgia;ongeki;other;popn;project_diva;reflec;sdvx,sdvx_vm,,allnet;eagate;ziv
アミューズメントパレスワンダーヴュー阿見店,稲敷郡阿見町大字阿見2958ショッピングセンターマイ･アミ2F,36.0422309,140.2100215,gitadora;iidx;sdvx,iidx_lm;sdvx_vm,iidx:3,eagate;ziv
アミューズメントパークＭＧキスケ,愛媛県松山市宮田町４　キスケボックス内１階,33.8413598,132.7528735,chunithm;ddr;gitadora;iidx;jubeat;maimai_dx;nostalgia;ongeki;other;polaris_chord;popn;project_diva;sdvx,ddr_gold;gitadora_dm_arena;gitadora_gf_arena;iidx_lm;sdvx_vm,,allnet;eagate;ziv
アミューズメントパークＭＧジアス,広島県福山市柳津町１−７−６０,34.4406368,133.2606430,chunithm;gitadora;ongeki;other;polaris_chord;popn;sdvx,sdvx_vm,,allnet;eagate;ziv
アミューズメントパークＭＧ伊予三島,愛媛県四国中央市中之庄町７５−１　アイランド三島内,33.9745392,133.5287779,chunithm;gitadora;iidx;ongeki;other;polaris_chord;popn;sdvx,iidx_lm;sdvx_vm,,allnet;eagate;ziv
アミューズメントパークＭＧ大街道,愛媛県松山市大街道１−４−１７,33.8378938,132.7698832,chunithm;iidx;maimai_dx;ongeki;other;popn;sdvx,iidx_lm;sdvx_vm,,allnet;eagate;ziv
アミューズメントパークＭＧ西条,愛媛県西条市新田字北新田２３５フジグラン西条　別棟,33.9251294,133.1826449,chunithm;ongeki;other;sdvx,sdvx_vm,,allnet;eagate;ziv
アミューズメントフィールドバイヨン,埼玉県ふじみ野市うれし野２−１６−１LCモールうれし野２Ｆ,35.8561384,139.5223952,chunithm;gitadora;iidx;jubeat;maimai_dx;nostalgia;popn;sdvx,gitadora_dm_arena;gitadora_gf_arena;iidx_lm;sdvx_vm,,allnet;eagate
アミューズメントワールドメトロポリス小牧,愛知県小牧市村中新町３３,35.2959343,136.9056166,chunithm;iidx;maimai_dx;ongeki;other;polaris_chord;popn;sdvx;taiko,iidx_lm;popn_pikapika;sdvx_vm,chunithm:2;iidx:2;maimai_dx:2;ongeki:2;polaris_chord:1;sdvx:2;taiko:2,allnet;eagate;ziv
アミューズメントＣＵＥ京都円町店,京都府京都市中京区西ノ京西円町４０,35.0188326,135.7311504,chunithm;ddr;gitadora;iidx;jubeat;maimai_dx;nostalgia;ongeki;popn;reflec;sdvx;taiko,gitadora_dm_arena;gitadora_gf_arena;iidx_lm;sdvx_vm,chunithm:4;ddr:1;gitadora:2;iidx:2;jubeat:1;maimai_dx:2;nostalgia:1;ongeki:2;popn:1;reflec:1;sdvx:1;taiko:3,allnet;eagate;ziv
アミューズメントＣＵＥ奈良三条店,奈良県奈良市三条町478-1,34.6817818,135.8221376,chunithm;ddr;drs;gitadora;iidx;jubeat;maimai_dx;ongeki;other;popn;project_diva;sdvx;taiko;wacca,gitadora_dm_arena;gitadora_gf_arena;iidx_lm;sdvx_vm,chunithm:2;ddr:1;drs:1;gitadora:2;iidx:2;jubeat:2;maimai_dx:2;ongeki:4;popn:2;project_diva:1;sdvx:2;taiko:1;wacca:1,allnet;eagate;ziv
アミューズメントＣＵＥ奈良大和高田店,奈良県大和高田市東中２−１１−１６,34.4997760,135.7355951,chunithm;ddr;gitadora;iidx;jubeat;maimai_dx;ongeki;other;popn;sdvx,gitadora_dm_arena;gitadora_gf_arena;iidx_lm;sdvx_vm,,allnet;eagate;ziv
アミューズランドモナコ川越店,埼玉県川越市新富町2-4-1,35.9132940,139.4831383,chunithm;ddr;gitadora;iidx;jubeat;maimai_dx;ongeki;other;polaris_chord;popn;project_diva;reflec;sdvx;taiko,iidx_lm;popn_pikapika;sdvx_vm,ddr:2;gitadora:5;iidx:3;jubeat:7;popn:2;project_diva:3;reflec:6;sdvx:6;taiko:2,allnet;eagate;ziv
アミューズランドモナコ調布駅前店,東京都調布市布田４−２−２２,35.6512163,139.5443517,chunithm;iidx;maimai_dx;ongeki;polaris_chord;sdvx,iidx_lm;sdvx_vm,,allnet;eagate
アルゴ,神戸市中央区下山手通1-1-8,34.6939218,135.1914556,ddr;gitadora;iidx;nostalgia;polaris_chord;popn;sdvx,ddr_gold;gitadora_dm_arena;gitadora_gf_arena;iidx_lm;popn_pikapika;sdvx_vm,,eagate
アレックス,山口県宇部市西宇部南３−５−５３,33.9993804,131.2201177,chunithm;iidx;maimai_dx;ongeki;other;sdvx,iidx_lm;sdvx_vm,,allnet;eagate;ziv
イスカンダル,千葉県木更津市潮見４−１−２,35.3696837,139.9175383,chunithm;iidx;maimai_dx;ongeki;other;sdvx;taiko,iidx_lm;sdvx_vm,,allnet;eagate;ziv
イミグランデ大和店,神奈川県大和市鶴間2-12-27,35.4914957,139.4548227,chunithm;ddr;gitadora;iidx;jubeat;popn;sdvx,gitadora_dm_arena;gitadora_gf_arena;iidx_lm;sdvx_vm,,allnet;eagate
イミグランデ日吉店３,神奈川県横浜市港北区日吉2−2−4,35.5544916,139.6466110,chunithm;ddr;gitadora;iidx;jubeat;maimai_dx;ongeki;popn;sdvx,ddr_gold;gitadora_dm_arena;gitadora_gf_arena;iidx_lm;popn_pikapika;sdvx_vm,,allnet;eagate
イミグランデ本厚木店,神奈川県厚木市中町３−２−１,35.4394850,139.3615862,chunithm;ddr;gitadora;iidx;jubeat;ongeki;popn;project_diva;sdvx,iidx_lm;sdvx_vm,,allnet;eagate
イミグランデ溝口店２,神奈川県川崎市高津区溝口1-14-7第2カスタムビル,35.6004909,139.6144708,chunithm;gitadora;iidx;jubeat;maimai_dx;ongeki;popn;sdvx,gitadora_dm_arena;gitadora_gf_arena;iidx_lm;sdvx_vm,,allnet;eagate
インターパークプラスワン 宇都宮店,宇都宮市インターパーク6-5-1,36.4882211,139.9053211,ddr;drs;gitadora;iidx;jubeat;nostalgia;polaris_chord;popn;sdvx,ddr_gold;gitadora_dm_arena;gitadora_gf_arena;iidx_lm;popn_pikapika;sdvx_vm,,eagate
インターワールド伊勢崎店,群馬県伊勢崎市宮子町３４２５−４,36.3315214,139.1625033,chunithm;gitadora;iidx;jubeat;maimai_dx;nostalgia;ongeki;polaris_chord;popn;project_diva;sdvx,gitadora_dm_arena;gitadora_gf_arena;iidx_lm;sdvx_vm,,allnet;eagate
ウェアハウス一橋学園店,東京都小平市学園東町１丁目４番３９号平山ビル３Ｆ,35.7234026,139.4807157,chunithm;iidx;jubeat;maimai_dx;ongeki;project_diva;sdvx,iidx_lm;sdvx_vm,,allnet;eagate
ウェアハウス三橋店,埼玉県さいたま市西区三橋６ー９５５ー１,35.9157914,139.5958473,chunithm;gitadora;iidx;jubeat;maimai_dx;nostalgia;ongeki;other;popn;project_diva;reflec;sdvx,iidx_lm;sdvx_vm,,allnet;eagate;ziv
ウェアハウス上尾店,埼玉県上尾市二ツ宮１０４４,35.9812984,139.5998607,chunithm;gitadora;iidx;maimai_dx;ongeki;sdvx,iidx_lm;sdvx_vm,,allnet;eagate
ウェアハウス保木間店,東京都足立区保木間１ー１ー１９,35.7891796,139.8033169,chunithm;gitadora;iidx;jubeat;maimai_dx;ongeki;popn;sdvx,iidx_lm;sdvx_vm,,allnet;eagate
ウェアハウス入谷店,東京都足立区入谷７ー８ー１１,35.8011192,139.7610034,chunithm;ddr;gitadora;iidx;jubeat;maimai_dx;nostalgia;ongeki;popn;reflec;sdvx,iidx_lm;sdvx_vm,,allnet;eagate
ウェアハウス四万十店,高知県四万十市右山五月町８−１３アピアさつき２F,32.9871096,132.9392991,chunithm;gitadora;iidx;jubeat;maimai_dx;ongeki;other;popn;project_diva;sdvx,iidx_lm;sdvx_vm,,allnet;eagate;ziv
ウェアハウス岩槻店,埼玉県さいたま市岩槻区加倉３ー３ー６３,35.9411790,139.6861123,chunithm;gitadora;iidx;jubeat;maimai_dx;nostalgia;ongeki;other;reflec;sdvx,iidx_lm;sdvx_vm,,allnet;eagate;ziv
ウェアハウス草加店別館,埼玉県草加市稲荷２ー３６ー３３,35.8298831,139.8205853,chunithm;ddr;drs;gitadora;iidx;jubeat;maimai_dx;ongeki;project_diva;reflec;sdvx,iidx_lm;sdvx_vm,,allnet;eagate
ウェアハウス越谷店,埼玉県越谷市南荻島８４１ー１,35.9119605,139.7637724,chunithm;gitadora;iidx;jubeat;maimai_dx;ongeki;popn;sdvx,iidx_lm;sdvx_vm,,allnet;eagate
エースレーン堅田,滋賀県大津市今堅田２−４０−１０,35.1246449,135.9194342,chunithm;gitadora;maimai_dx;ongeki;other;popn;sdvx,sdvx_vm,,allnet;eagate;ziv
エースレーン守山,滋賀県守山市播磨田町２３１−４ＡＣＴ守山３番館内,35.0678892,135.9958577,chunithm;iidx;maimai_dx;nostalgia;ongeki;other;sdvx,iidx_lm;sdvx_vm,,allnet;eagate;ziv
エースレーン草津,草津市野路3-1-11,34.9996569,135.9463199,ddr;gitadora;iidx;jubeat;other;popn;sdvx,ddr_gold;gitadora_dm_arena;gitadora_gf_arena;iidx_lm;sdvx_vm,,eagate;ziv
エースレーン近江八幡店,滋賀県近江八幡市出町７３６アクトビル１Ｆ,35.1318688,136.1023034,chunithm;ddr;gitadora;iidx;jubeat;maimai_dx;ongeki;sdvx,ddr_gold;gitadora_dm_arena;gitadora_gf_arena;iidx_lm;sdvx_vm,,allnet;eagate
オリエンタルバッティング可児店,岐阜県可児市今渡６９５−１,35.4295361,137.0390542,chunithm;ddr;gitadora;iidx;maimai_dx;ongeki;sdvx,sdvx_vm,,allnet;eagate
キャッツアイミュンヘン大橋店,北海道札幌市豊平区平岸１条２３丁目８０１−１,43.0139790,141.3550130,chunithm;iidx;maimai_dx;other;sdvx,sdvx_vm,,allnet;eagate;ziv
キャッツアイ新札幌店,北海道札幌市厚別区厚別東五条１ー２−１０,43.0452612,141.4757970,chunithm;ddr;gitadora;iidx;jubeat;maimai_dx;ongeki;other;polaris_chord;popn;project_diva;reflec;sdvx,gitadora_dm_arena;gitadora_gf_arena;iidx_lm;sdvx_vm,,allnet;eagate;ziv
キャッツアイ清田店,北海道札幌市清田区清田１条１−２０−１,43.0029841,141.4363969,chunithm;gitadora;iidx;maimai_dx;ongeki;other;popn;sdvx,iidx_lm;sdvx_vm,,allnet;eagate;ziv
ギガステーション戸田店,埼玉県戸田市大字美女木943-7,35.8341511,139.6533792,maimai_dx;ongeki;sdvx,sdvx_vm,,allnet;eagate
クァトロブーム小杉,富山県射水市三ケ2602,36.7193930,137.0916633,chunithm;ddr;gitadora;jubeat;maimai_dx;ongeki;other;sdvx,sdvx_vm,,allnet;eagate;ziv
ゲームアイビス太子,兵庫県揖保郡太子町太田２１４９,34.8322249,134.6000040,chunithm;iidx;maimai_dx;ongeki;other;sdvx,iidx_lm;sdvx_vm,,allnet;eagate;ziv
ゲームガリバー,千葉県柏市柏１‐１‐１１,35.8616855,139.9711177,chunithm;gitadora;iidx;maimai_dx;nostalgia;polaris_chord;popn;sdvx;taiko,iidx_lm;sdvx_vm,,allnet;eagate
ゲームキングジョイ,愛知県名古屋市中区栄３‐３‐３２,35.1679815,136.9049511,chunithm;dance_evo;ddr;drs;gitadora;groove_coaster;iidx;jubeat;maimai_dx;nostalgia;ongeki;other;polaris_chord;popn;reflec;sdvx;taiko;wacca,ddr_gold;gitadora_dm_arena;gitadora_gf_arena;iidx_lm;popn_pikapika;sdvx_vm,chunithm:10;dance_evo:1;ddr:3;drs:1;gitadora:2;groove_coaster:1;iidx:9;jubeat:3;maimai_dx:4;nostalgia:3;ongeki:10;polaris_chord:8;popn:4;reflec:2;sdvx:9;taiko:5;wacca:1,allnet;eagate;ziv
ゲームコーナー東部,宮城県仙台市若林区六丁の目中町26-60 斎喜東部ビル2F,38.2509985,140.9439369,chunithm;dance_evo;ddr;drs;gitadora;iidx;jubeat;maimai_dx;nostalgia;ongeki;polaris_chord;popn;project_diva;reflec;sdvx;wacca,ddr_gold;gitadora_dm_arena;gitadora_gf_arena;iidx_lm;popn_pikapika;sdvx_vm,wacca:2,allnet;eagate;ziv
ゲームサファリ大山,東京都板橋区大山東町60-10やすだ大山駅前店2F,35.7490330,139.7022392,chunithm;iidx;jubeat;maimai_dx;nostalgia;ongeki;popn;sdvx,iidx_lm;popn_pikapika;sdvx_vm,,allnet;eagate
ゲームシティ川口店,埼玉県川口市栄町1-10-5,35.8025278,139.7256101,chunithm;gitadora;iidx;maimai_dx;nostalgia;ongeki;other;polaris_chord;popn;sdvx,iidx_lm;popn_pikapika;sdvx_vm,,allnet;eagate;ziv
ゲームスタジオキューブ高円寺店,東京都杉並区高円寺南4-26-12-B1,35.7049297,139.6495132,chunithm;iidx;ongeki;popn;sdvx,iidx_lm;popn_pikapika;sdvx_vm,,allnet;eagate
ゲームスポットアップル,富山県魚津市吉島二丁目４０７−１,36.8266707,137.4139941,chunithm;ddr;iidx;jubeat;nostalgia;ongeki;popn;sdvx,iidx_lm;popn_pikapika;sdvx_vm,,allnet;eagate
ゲームセンターテクノポリス,新潟県長岡市要町1-8-50,37.4249811,138.8377295,chunithm;iidx;nostalgia;popn;sdvx,iidx_lm;popn_pikapika;sdvx_vm,,allnet;eagate
ゲームセンターベティ,石川県七尾市舟尾町ウ-38,37.0671949,136.9069915,chunithm;ddr;drs;gitadora;iidx;jubeat;maimai_dx;nostalgia;ongeki;other;popn;project_diva;reflec;sdvx,iidx_lm;sdvx_vm,chunithm:2;ddr:2;drs:1;gitadora:2;iidx:4;jubeat:1;maimai_dx:1;nostalgia:1;popn:2;project_diva:1;reflec:1;sdvx:1,allnet;eagate;ziv
ゲームゾーントレジャー北町店,山形市北町2-2-45山形ファミリーボウル内,38.2687380,140.3293290,gitadora;iidx;jubeat;nostalgia;other;popn;sdvx,iidx_lm;sdvx_vm,,eagate;ziv
ゲームパドック プラスワン,古河市小堤1916-1,36.2067047,139.7580433,chunithm;gitadora;iidx;jubeat;maimai_dx;nostalgia;ongeki;popn;project_diva;sdvx,gitadora_dm_arena;iidx_lm;popn_pikapika;sdvx_vm,,eagate
ゲームパニックつくば,茨城県土浦市中村東1-1-1サンタスワールド内,36.0463834,140.1682228,chunithm;ddr;drs;gitadora;iidx;jubeat;maimai_dx;nostalgia;ongeki;other;polaris_chord;popn;project_diva;sdvx,ddr_gold;gitadora_dm_arena;gitadora_gf_arena;iidx_lm;popn_pikapika;sdvx_vm,,allnet;eagate;ziv
ゲームパニック三郷,埼玉県三郷市ピアラシティ1-1-200,35.8421860,139.8548677,chunithm;ddr;gitadora;iidx;maimai_dx;ongeki;other;polaris_chord;popn;sdvx,ddr_gold;gitadora_dm_arena;gitadora_gf_arena;iidx_lm;popn_pikapika;sdvx_vm,,allnet;eagate;ziv
ゲームパニック大須,愛知県名古屋市中区大須3-30-93　メガタウンB1F,35.1600309,136.9053767,chunithm;ddr;gitadora;iidx;maimai_dx;nostalgia;ongeki;other;polaris_chord;popn;sdvx;taiko,ddr_gold;gitadora_dm_arena;gitadora_gf_arena;iidx_lm;popn_pikapika;sdvx_vm,chunithm:8;ddr:3;gitadora:2;iidx:7;maimai_dx:3;nostalgia:1;ongeki:4;polaris_chord:4;popn:2;sdvx:8;taiko:3,allnet;eagate;ziv
ゲームパニック大高,愛知県名古屋市緑区忠治山２０１番地,35.0485212,136.9497129,chunithm;ddr;drs;gitadora;iidx;jubeat;maimai_dx;nostalgia;ongeki;other;polaris_chord;popn;project_diva;sdvx;taiko,ddr_gold;gitadora_dm_arena;gitadora_gf_arena;iidx_lm;popn_pikapika;sdvx_vm,chunithm:6;ddr:3;drs:1;gitadora:4;iidx:6;jubeat:1;maimai_dx:2;nostalgia:1;ongeki:4;polaris_chord:2;popn:1;project_diva:1;sdvx:6;taiko:4,allnet;eagate;ziv
ゲームパニック新宿歌舞伎町,東京都新宿区歌舞伎町1-20-1　ﾋｭｰﾏｯｸｽﾊﾟﾋﾞﾘｵﾝ1階2階,35.6958088,139.7015128,chunithm;ddr;drs;gitadora;iidx;maimai_dx;nostalgia;ongeki;other;polaris_chord;popn;project_diva;sdvx;taiko,ddr_gold;gitadora_dm_arena;gitadora_gf_arena;iidx_lm;popn_pikapika;sdvx_vm,chunithm:1;ddr:3;drs:1;gitadora:2;iidx:10;maimai_dx:1;nostalgia:2;ongeki:4;polaris_chord:4;popn:2;project_diva:1;sdvx:8;taiko:4,allnet;eagate;ziv
ゲームパニック甲府,山梨県甲府市国母5-20-24,35.6420402,138.5473613,chunithm;ddr;gitadora;iidx;jubeat;maimai_dx;ongeki;other;polaris_chord;popn;sdvx,ddr_gold;gitadora_dm_arena;gitadora_gf_arena;iidx_lm;popn_pikapika;sdvx_vm,chunithm:3;ddr:2;gitadora:2;iidx:3;jubeat:1;maimai_dx:2;ongeki:3;polaris_chord:2;popn:1;sdvx:4,allnet;eagate;ziv
ゲームパニック秋葉原,東京都千代田区外神田1-13-1　Akihabara ex,35.6988516,139.7716001,chunithm;ddr;gitadora;iidx;maimai_dx;ongeki;other;polaris_chord;popn;sdvx,ddr_gold;gitadora_dm_arena;gitadora_gf_arena;iidx_lm;popn_pikapika;sdvx_vm,chunithm:1;ddr:3;gitadora:2;iidx:1;maimai_dx:1;ongeki:1;polaris_chord:4;popn:1;sdvx:1,allnet;eagate;ziv
ゲームパーク石神井公園,東京都練馬区石神井町3-17-16,35.7427831,139.6045209,chunithm;iidx;sdvx,sdvx_vm,,allnet;eagate
ゲームピコ鵜沼店,岐阜県各務原市鵜沼西町３丁目３０９　イオンタウン各務原鵜沼内,35.4016224,136.9337710,chunithm;iidx;maimai_dx;sdvx,iidx_lm;sdvx_vm,,allnet;eagate
ゲームファクトリーマグマ草加店,埼玉県草加市氷川町2125-1,35.8282375,139.8025135,chunithm;gitadora;iidx;maimai_dx;ongeki;popn;sdvx,iidx_lm;popn_pikapika;sdvx_vm,,allnet;eagate
ゲームプラザセントラル八王子店,東京都八王子市東町12-15第5セントラル,35.6580006,139.3381762,chunithm;iidx;maimai_dx;popn;sdvx,iidx_lm;popn_pikapika;sdvx_vm,,allnet;eagate
ゲームプラザセントラル浦安店,千葉県浦安市北栄1-16-15,35.6651795,139.8933456,chunithm;iidx;maimai_dx;ongeki;polaris_chord;popn;sdvx,iidx_lm;popn_pikapika;sdvx_vm,,allnet;eagate
ゲームメガつくば店,茨城県つくば市小野崎１７７−２,36.0768508,140.1047378,chunithm;gitadora;iidx;jubeat;maimai_dx;ongeki;other;popn;sdvx,iidx_lm;sdvx_vm,,allnet;eagate;ziv
ゲームメガ日立店,茨城県日立市東多賀町５−１０−１０,36.5482340,140.6305081,chunithm;ddr;gitadora;iidx;jubeat;maimai_dx;ongeki;other;polaris_chord;popn;project_diva;sdvx,ddr_gold;gitadora_dm_arena;gitadora_gf_arena;iidx_lm;sdvx_vm,,allnet;eagate;ziv
ゲームメガ水戸けやき台店,茨城県水戸市酒門町３２７６−１,36.3379624,140.4832287,chunithm;gitadora;iidx;jubeat;maimai_dx;nostalgia;ongeki;popn;project_diva;sdvx,iidx_lm;sdvx_vm,,allnet;eagate
ゲームワンダーランド2東店,伊勢崎市東小保方町3464-1,36.3285600,139.2472670,gitadora;iidx;jubeat;popn;sdvx,iidx_lm;sdvx_vm,,eagate
ゲームＷ,東京都豊島区南長崎5-27-6,35.7292370,139.6828715,chunithm;iidx;jubeat;maimai_dx;nostalgia;polaris_chord;sdvx,sdvx_vm,,allnet;eagate
コムテックスクウェア,愛知県名古屋市中区金山1-16-8,35.1439706,136.8999023,chunithm;ddr;gitadora;iidx;jubeat;maimai_dx;nostalgia;ongeki;polaris_chord;popn;project_diva;reflec;sdvx,ddr_gold;gitadora_dm_arena;gitadora_gf_arena;iidx_lm;popn_pikapika;sdvx_vm,,allnet;eagate
コムテックタワー,愛知県名古屋市中村区名駅４−１０−２０,35.1694446,136.8859667,chunithm;ddr;gitadora;iidx;maimai_dx;ongeki;other;polaris_chord;popn;sdvx;taiko,ddr_gold;gitadora_dm_arena;gitadora_gf_arena;iidx_lm;sdvx_vm,chunithm:5;ddr:1;gitadora:2;iidx:3;maimai_dx:2;ongeki:3;polaris_chord:4;popn:2;sdvx:5;taiko:3,allnet;eagate;ziv
サービスエリアイン高岡,富山県高岡市石瀬８５７−１,36.7607712,137.0465972,chunithm;ddr;iidx;polaris_chord;sdvx,iidx_lm;sdvx_vm,,allnet;eagate
サープラ下通りあそびタウン,熊本県熊本市中央区手取本町４番１２号,32.8026613,130.7093307,chunithm;iidx;maimai_dx;ongeki;sdvx;taiko,iidx_lm;sdvx_vm,,allnet;eagate;ziv
サープラ下関長府あそびタウン,山口県下関市ゆめタウン１ー１,34.0302255,131.0129312,chunithm;ddr;sdvx,ddr_gold;sdvx_vm,,allnet;eagate
サープラ山口あそびタウン,山口県山口市湯田温泉６ー８ー３,34.1646973,131.4517994,chunithm;drs;gitadora;iidx;maimai_dx;ongeki;other;sdvx,iidx_lm;sdvx_vm,,allnet;eagate;ziv
サープラ沼津あそびタウン,静岡県沼津市大手町１ー１ー５,35.1040524,138.8611071,chunithm;ddr;drs;gitadora;iidx;maimai_dx;ongeki;popn;sdvx,ddr_gold;iidx_lm;sdvx_vm,,allnet;eagate
サープラ焼津あそびタウン,静岡県焼津市八楠３-１８-５,34.8785023,138.3077720,iidx;maimai_dx;ongeki;sdvx,iidx_lm;sdvx_vm,,allnet;eagate
サープラＯＺ浜松あそびタウン,静岡県浜松市中央区宮竹町３２２−１,34.7222912,137.7654904,ddr;gitadora;iidx;maimai_dx;ongeki;sdvx,ddr_gold;iidx_lm;sdvx_vm,,allnet;eagate
ザ・インドアゲーム,大阪府大阪市旭区中宮5-6-19大阪工大正門前,34.7295402,135.5440250,chunithm;ddr;iidx;jubeat;maimai_dx;nostalgia;ongeki;polaris_chord;popn;project_diva;sdvx,ddr_gold;iidx_lm;sdvx_vm,,allnet;eagate
シルクハット伊勢佐木町,神奈川県横浜市中区伊勢佐木町３-９６日活会館３階,35.4426850,139.6300831,chunithm;iidx;maimai_dx;ongeki;other;popn;sdvx,iidx_lm;popn_pikapika;sdvx_vm,,allnet;eagate;ziv
シルクハット八王子,東京都八王子市旭町２−５　八王子ツインタワービル３階,35.6564021,139.3384065,chunithm;ddr;gitadora;iidx;jubeat;maimai_dx;nostalgia;ongeki;other;polaris_chord;popn;sdvx,ddr_gold;gitadora_dm_arena;gitadora_gf_arena;iidx_lm;popn_pikapika;sdvx_vm,,allnet;eagate;ziv
シルクハット大船,神奈川県鎌倉市大船１−２４　大船駅前ビル１〜３Ｆ,35.3532239,139.5325263,chunithm;iidx;maimai_dx;ongeki;other;polaris_chord;popn;sdvx,iidx_lm;popn_pikapika;sdvx_vm,,allnet;eagate;ziv
シルクハット川口,埼玉県川口市栄町３−１−１６イート川口ビル４Ｆ,35.8030675,139.7174452,chunithm;iidx;maimai_dx;ongeki;other;popn;sdvx,iidx_lm;popn_pikapika;sdvx_vm,,allnet;eagate;ziv
シルクハット川崎ダイス,神奈川県川崎市川崎区駅前本町８番地ダイスビル地下２階,35.5314724,139.7003541,chunithm;ddr;gitadora;iidx;jubeat;maimai_dx;nostalgia;ongeki;polaris_chord;popn;sdvx;taiko,ddr_gold;gitadora_dm_arena;gitadora_gf_arena;iidx_lm;popn_pikapika;sdvx_vm,,allnet;eagate;ziv
シルクハット本厚木,神奈川県厚木市中町３−４−２２第二会田ビル２階,35.4400309,139.3630066,chunithm;gitadora;iidx;maimai_dx;ongeki;other;polaris_chord;popn;sdvx,iidx_lm;popn_pikapika;sdvx_vm,,allnet;eagate;ziv
シルクハット津田沼,千葉県習志野市津田沼１−２−１十三ビル地下１階,35.6903923,140.0222009,chunithm;iidx;maimai_dx;ongeki;other;polaris_chord;popn;sdvx;taiko,iidx_lm;popn_pikapika;sdvx_vm,,allnet;eagate;ziv
シルクハット海老名マルイ,神奈川県海老名市中央１ー６ー１海老名マルイ３階,35.4527279,139.3934008,chunithm;iidx;maimai_dx;sdvx,iidx_lm;sdvx_vm,,allnet;eagate
シルクハット秋葉原,東京都千代田区外神田１丁目１０番地９号,35.6987160,139.7710022,chunithm;ddr;gitadora;iidx;maimai_dx;ongeki;other;popn;sdvx;taiko,ddr_gold;gitadora_dm_arena;gitadora_gf_arena;iidx_lm;popn_pikapika;sdvx_vm,chunithm:10;ddr:2;gitadora:2;iidx:1;maimai_dx:5;ongeki:4;popn:2;sdvx:1;taiko:5,allnet;eagate;ziv
シルクハット蒲田西口,東京都大田区西蒲田７−２−３第二醍醐ビル地下１階〜２階,35.5630730,139.7159650,chunithm;ddr;gitadora;iidx;maimai_dx;ongeki;other;popn;sdvx,ddr_gold;gitadora_dm_arena;gitadora_gf_arena;iidx_lm;popn_pikapika;sdvx_vm,,allnet;eagate;ziv
シーサイドリゾートアミューズメントパーク,栃木県宇都宮市睦町７−３,36.5632663,139.8603778,chunithm;gitadora;iidx;jubeat;maimai_dx;ongeki;other;polaris_chord;popn;project_diva;sdvx;taiko,iidx_lm;popn_pikapika;sdvx_vm,chunithm:2;gitadora:2;iidx:2;jubeat:1;maimai_dx:1;ongeki:1;polaris_chord:2;popn:1;project_diva:1;sdvx:1,allnet;eagate;ziv
ジョイランド敦賀店,敦賀市木崎40-土三田12USAアリーナ内,35.6447376,136.0430148,gitadora;iidx;sdvx,iidx_lm;sdvx_vm,,eagate
スタジオプリモ本八幡店,千葉県市川市八幡２−１５−１０パティオ５階,35.7213241,139.9275016,chunithm;iidx;jubeat;maimai_dx;nostalgia;ongeki;project_diva;sdvx;taiko,iidx_lm;sdvx_vm,,allnet;eagate
スポーツウェーブ鉄腕24,千葉県千葉市中央区浜野町1025-59,35.5541062,140.1260538,chunithm;ddr;gitadora;iidx;maimai_dx;ongeki;other;popn;sdvx;taiko,ddr_gold;gitadora_dm_arena;gitadora_gf_arena;iidx_lm;popn_pikapika;sdvx_vm,,allnet;eagate;ziv
スポーツウェーブ鉄腕24稲毛長沼店,千葉県千葉市稲毛区長沼原町697番地,35.6620233,140.1265534,chunithm;ddr;iidx;jubeat;maimai_dx;nostalgia;other;popn;sdvx;taiko,ddr_gold;iidx_lm;popn_pikapika;sdvx_vm,,allnet;eagate;ziv
スーパーウェーブ柏,千葉県柏市十余二２４９−５,35.8820708,139.9593512,chunithm;iidx;maimai_dx;ongeki;polaris_chord;sdvx;taiko,iidx_lm;sdvx_vm,,allnet;eagate
スーパーウェーブ静岡,静岡県静岡市清水区鳥坂８６０,35.0132017,138.4341497,chunithm;iidx;maimai_dx;ongeki;sdvx,iidx_lm;sdvx_vm,,allnet;eagate
ソニックワールド伊万里店,佐賀県伊万里市二里町八谷搦１８９−３,33.2785889,129.8722284,chunithm;iidx;other;sdvx,iidx_lm;sdvx_vm,,allnet;eagate;ziv
ソニックワールド大村店,長崎県大村市古賀島町３８３−１,32.9273122,129.9395836,chunithm;iidx;maimai_dx;ongeki;other;sdvx,iidx_lm;sdvx_vm,,allnet;eagate;ziv
タイトーFステーション向ヶ丘遊園店,神奈川県川崎市多摩区登戸2718-1,35.6164678,139.5650747,chunithm;gitadora;iidx;maimai_dx;ongeki;polaris_chord;popn;sdvx,gitadora_dm_arena;gitadora_gf_arena;iidx_lm;popn_pikapika;sdvx_vm,,allnet;eagate;ziv
タイトーステーション 仙台クリスロード店,宮城県仙台市青葉区中央２−３−２５,38.2610006,140.8756067,chunithm;ddr;drs;gitadora;iidx;jubeat;maimai_dx;nostalgia;ongeki;other;polaris_chord;popn;project_diva;sdvx;taiko,ddr_gold;gitadora_dm_arena;gitadora_gf_arena;iidx_lm;popn_pikapika;sdvx_vm,chunithm:2;ddr:2;drs:1;gitadora:2;iidx:3;jubeat:2;maimai_dx:2;nostalgia:2;ongeki:2;polaris_chord:4;popn:2;sdvx:3;taiko:1,allnet;eagate;ziv
タイトーステーション 千歳店,北海道千歳市北栄２−１２−５,42.8333942,141.6450539,chunithm;groove_coaster;iidx;maimai_dx;ongeki;other;polaris_chord;popn;project_diva;sdvx;taiko,sdvx_vm,,allnet;eagate;ziv
タイトーステーション 大宮店,埼玉県さいたま市大宮区大門町１−１,35.9074467,139.6255974,chunithm;ddr;gitadora;iidx;jubeat;maimai_dx;nostalgia;ongeki;other;polaris_chord;popn;project_diva;reflec;sdvx;taiko,ddr_gold;gitadora_dm_arena;gitadora_gf_arena;iidx_lm;popn_pikapika;sdvx_vm,,allnet;eagate;ziv
タイトーステーション 所沢店,埼玉県所沢市日吉町３−７,35.7880928,139.4723684,chunithm;ddr;gitadora;groove_coaster;iidx;jubeat;maimai_dx;ongeki;other;popn;sdvx,iidx_lm;popn_pikapika;sdvx_vm,,allnet;eagate;ziv
タイトーステーション 旭サンモール店,千葉県旭市イ−２６７６−１　サンモール３Ｆ,35.7248226,140.6593019,gitadora;groove_coaster;iidx;jubeat;maimai_dx;nostalgia;other;popn;reflec;sdvx;taiko,,,allnet;ziv
タイトーステーション 柏店,千葉県柏市柏２−３−１フーサワビル,35.8613823,139.9727044,chunithm;ddr;gitadora;groove_coaster;iidx;maimai_dx;ongeki;other;popn;project_diva;sdvx;taiko,gitadora_dm_arena;gitadora_gf_arena;iidx_lm;popn_pikapika;sdvx_vm,,allnet;eagate;ziv
タイトーステーション 池袋西口店,東京都豊島区西池袋１−１５−９第一西池ビル,35.7305503,139.7097415,chunithm;ddr;drs;gitadora;iidx;jubeat;maimai_dx;nostalgia;ongeki;other;polaris_chord;popn;reflec;sdvx,gitadora_dm_arena;gitadora_gf_arena;iidx_lm;popn_pikapika;sdvx_vm,,allnet;eagate;ziv
タイトーステーション 渋谷店,東京都渋谷区渋谷１−２４−１２渋谷東映プラザ,35.6598520,139.7019928,chunithm;ddr;gitadora;iidx;maimai_dx;other;popn;sdvx;taiko,ddr_gold;gitadora_dm_arena;gitadora_gf_arena;iidx_lm;popn_pikapika;sdvx_vm,chunithm:3;ddr:1;gitadora:2;iidx:2;maimai_dx:1;sdvx:4;taiko:4,allnet;eagate;ziv
タイトーステーション 町田店,東京都町田市原町田６−２１−２３　松山ビル１階,35.5427132,139.4484861,chunithm;ddr;drs;gitadora;iidx;jubeat;maimai_dx;ongeki;polaris_chord;popn;sdvx;taiko,ddr_gold;gitadora_dm_arena;gitadora_gf_arena;iidx_lm;popn_pikapika;sdvx_vm,,allnet;eagate;ziv
タイトーステーション 盛岡マッハランド店,岩手県盛岡市上堂１−２−３８マッハランド内,39.7231654,141.1264518,chunithm;gitadora;groove_coaster;iidx;maimai_dx;nostalgia;other;popn;sdvx;taiko,iidx_lm;sdvx_vm,,allnet;eagate;ziv
タイトーステーション 秋葉原店,東京都千代田区外神田４−２−２貴三ビル,35.7002219,139.7717179,chunithm;ddr;drs;gitadora;iidx;jubeat;maimai_dx;nostalgia;ongeki;other;polaris_chord;popn;sdvx;taiko,ddr_gold;gitadora_dm_arena;gitadora_gf_arena;iidx_lm;popn_pikapika;sdvx_vm,chunithm:3;ddr:1;drs:1;gitadora:6;iidx:2;jubeat:1;maimai_dx:1;nostalgia:1;ongeki:2;polaris_chord:2;popn:2;sdvx:2;taiko:4,allnet;eagate;ziv
タイトーステーション 難波店,大阪府大阪市中央区難波千日前１５−１２,34.6633633,135.5031909,chunithm;iidx;maimai_dx;popn;sdvx;taiko,iidx_lm;sdvx_vm,,allnet;eagate;ziv
タイトーステーションパールシティ稲沢店,稲沢市井之口大坪町80-1パールシティ稲沢2F,35.2374440,136.8193550,gitadora;popn;sdvx;taiko,,,eagate;ziv
タイトーステーションフェドラ大須店,愛知県名古屋市中区大須３−３０−３１,35.1594771,136.9054347,chunithm;crossbeats;dance_evo;ddr;drs;gitadora;groove_coaster;iidx;jubeat;maimai_dx;museca;nostalgia;ongeki;other;polaris_chord;popn;project_diva;reflec;sdvx;taiko,ddr_gold;gitadora_dm_arena;gitadora_gf_arena;iidx_lm;popn_pikapika;sdvx_vm,chunithm:5;crossbeats:1;ddr:1;drs:2;gitadora:2;groove_coaster:1;iidx:5;jubeat:2;maimai_dx:3;museca:1;nostalgia:1;ongeki:4;polaris_chord:2;popn:2;project_diva:1;reflec:1;sdvx:6;taiko:3,allnet;eagate;ziv
タイトーステーション国分寺店,東京都国分寺市本町３−５−１１,35.7018475,139.4798890,chunithm;ddr;drs;gitadora;groove_coaster;iidx;jubeat;maimai_dx;nostalgia;ongeki;other;popn;sdvx,iidx_lm;popn_pikapika;sdvx_vm,,allnet;eagate;ziv
タイトーステーション大阪日本橋店,大阪府大阪市浪速区日本橋４−９−１４,34.6603931,135.5061456,chunithm;ddr;drs;gitadora;groove_coaster;iidx;jubeat;maimai_dx;nostalgia;ongeki;other;polaris_chord;popn;sdvx;taiko,gitadora_dm_arena;gitadora_gf_arena;iidx_lm;popn_pikapika;sdvx_vm,,allnet;eagate;ziv
タイトーステーション新宿東口店,東京都新宿区新宿３−２２−７　指田ビル,35.6932802,139.7015308,chunithm;ddr;groove_coaster;iidx;jubeat;maimai_dx;ongeki;other;popn;reflec;sdvx,iidx_lm;sdvx_vm,chunithm:4;ddr:1;groove_coaster:1;iidx:3;jubeat:2;maimai_dx:1;ongeki:1;popn:3;reflec:4;sdvx:4,allnet;eagate;ziv
タイトーステーション新宿歌舞伎町店,東京都新宿区歌舞伎町１の２３の１,35.6940294,139.7008896,chunithm;maimai_dx;nostalgia;ongeki;polaris_chord;popn;sdvx,popn_pikapika;sdvx_vm,,allnet;eagate
タイトーステーション札幌狸小路２丁目店,北海道札幌市中央区南３条西２丁目−１４,43.0573356,141.3554530,chunithm;groove_coaster;iidx;maimai_dx;ongeki;other;polaris_chord;popn;sdvx;taiko,iidx_lm;popn_pikapika;sdvx_vm,,allnet;eagate;ziv
タイトーステーション横浜西口五番街店,神奈川県横浜市西区南幸１−１２ー９,35.4646858,139.6195818,chunithm;gitadora;groove_coaster;iidx;maimai_dx;nostalgia;ongeki;other;polaris_chord;popn;sdvx,gitadora_dm_arena;gitadora_gf_arena;iidx_lm;popn_pikapika;sdvx_vm,chunithm:6;gitadora:2;groove_coaster:2;iidx:7;maimai_dx:1;nostalgia:1;ongeki:3;polaris_chord:4;popn:3;sdvx:6,allnet;eagate;ziv
タイトーステーション池袋ロサ店,豊島区西池袋1-37-12ロサ会館1F,35.7324830,139.7093050,chunithm;gitadora;iidx;polaris_chord;popn;reflec;sdvx;taiko,,,eagate;ziv
タイトーステーション海老名ビナウォーク店,神奈川県海老名市中央１−１８−１　ビナウォーク６番館２Ｆ,35.4527589,139.3956832,chunithm;ddr;gitadora;iidx;jubeat;maimai_dx;nostalgia;ongeki;polaris_chord;popn;sdvx;taiko,ddr_gold;gitadora_dm_arena;gitadora_gf_arena;iidx_lm;popn_pikapika;sdvx_vm,,allnet;eagate;ziv
タイトーステーション溝の口,神奈川県川崎市高津区溝口１−１１−８ＯＫＫＡ６３４ビル３階,35.6002204,139.6124232,chunithm;ddr;gitadora;groove_coaster;iidx;jubeat;maimai_dx;nostalgia;ongeki;other;polaris_chord;popn;project_diva;sdvx;taiko,ddr_gold;gitadora_dm_arena;gitadora_gf_arena;iidx_lm;popn_pikapika;sdvx_vm,,allnet;eagate;ziv
タイトーステーション福岡天神店,福岡県福岡市中央区天神２−６−３５サザンクロスビル,33.5896519,130.3973464,chunithm;groove_coaster;iidx;maimai_dx;ongeki;other;polaris_chord;popn;sdvx;taiko,iidx_lm;popn_pikapika;sdvx_vm,,allnet;eagate;ziv
タイトーステーション立川北口店,東京都立川市曙町２−４−５クリサス立川２・３Ｆ,35.6991102,139.4120958,chunithm;ddr;drs;gitadora;groove_coaster;iidx;jubeat;maimai_dx;nostalgia;ongeki;other;polaris_chord;popn;project_diva;sdvx,ddr_gold;gitadora_dm_arena;gitadora_gf_arena;iidx_lm;popn_pikapika;sdvx_vm,,allnet;eagate;ziv
タイトーステーション豊田ＧＡＺＡ,愛知県豊田市喜多町１−１４０ＧＡＺＡ３階,35.0880302,137.1572653,chunithm;ddr;groove_coaster;iidx;maimai_dx;nostalgia;ongeki;other;popn;sdvx;taiko,iidx_lm,,allnet;eagate;ziv
タイトーステーション錦糸町楽天地店,東京都墨田区江東橋４−２７−１４楽天地ビルＢ１Ｆ,35.6964979,139.8158070,chunithm;ddr;gitadora;iidx;jubeat;maimai_dx;nostalgia;ongeki;polaris_chord;popn;sdvx,ddr_gold;iidx_lm;sdvx_vm,chunithm:2;ddr:1;gitadora:2;iidx:2;jubeat:1;maimai_dx:1;nostalgia:1;ongeki:2;popn:1;sdvx:2,allnet;eagate;ziv
タイトー新宿南口ゲームワールド店,東京都新宿区新宿３−３５−８,35.6898660,139.7022542,chunithm;ddr;gitadora;groove_coaster;iidx;jubeat;maimai_dx;nostalgia;ongeki;other;polaris_chord;popn;sdvx;taiko,ddr_gold;gitadora_dm_arena;gitadora_gf_arena;iidx_lm;popn_pikapika;sdvx_vm,chunithm:1;ddr:2;gitadora:2;groove_coaster:1;iidx:8;jubeat:2;maimai_dx:1;nostalgia:1;ongeki:1;polaris_chord:4;popn:6;sdvx:9;taiko:1,allnet;eagate;ziv
タイトーＢＩＧＢＯＸ高田馬場店,東京都新宿区高田馬場１−３５−３　ＢＩＧＢＯＸ６Ｆ,35.7129463,139.7042567,chunithm;dance_evo;ddr;drs;gitadora;iidx;jubeat;maimai_dx;ongeki;other;polaris_chord;popn;reflec;sdvx;taiko,gitadora_dm_arena;gitadora_gf_arena;iidx_lm;popn_pikapika;sdvx_vm,chunithm:1;dance_evo:1;ddr:2;drs:1;gitadora:4;iidx:4;jubeat:6;maimai_dx:1;popn:5;reflec:6;sdvx:4;taiko:2,allnet;eagate;ziv
タイトーＦステーションイオンモール富士宮,静岡県富士宮市浅間町１−８　イオンモール富士宮３Ｆ,35.2204706,138.6119827,chunithm;iidx;maimai_dx;ongeki;sdvx,iidx_lm;sdvx_vm,,allnet;eagate;ziv
タイトーＦステーションイオン近江八幡店,滋賀県近江八幡市鷹飼町南３−７　１階,35.1218227,136.1029734,chunithm;ddr;gitadora;iidx;maimai_dx;other;popn;sdvx;taiko,iidx_lm;sdvx_vm,chunithm:3;ddr:1;gitadora:1;iidx:1;maimai_dx:1;popn:1;sdvx:1;taiko:2,allnet;eagate;ziv
タイトーＦステーションオリナス錦糸町店,東京都墨田区太平４ー１ー２　オリナスモール地下１Ｆ,35.7003101,139.8152653,chunithm;ddr;drs;gitadora;iidx;jubeat;maimai_dx;nostalgia;ongeki;polaris_chord;popn;sdvx,ddr_gold;gitadora_dm_arena;gitadora_gf_arena;iidx_lm;popn_pikapika;sdvx_vm,chunithm:1;ddr:2;drs:1;gitadora:2;iidx:5;jubeat:1;maimai_dx:1;nostalgia:1;ongeki:1;polaris_chord:1;popn:1;sdvx:5,allnet;eagate;ziv
タイトーＦステーションクレアモール川越店,埼玉県川越市新富町２−１−１３,35.9138263,139.4829221,chunithm;gitadora;iidx;ongeki;polaris_chord;popn;sdvx;taiko,gitadora_dm_arena;gitadora_gf_arena;iidx_lm;popn_pikapika;sdvx_vm,,allnet;eagate;ziv
タイトーＦステーションセントポルタ大分店,大分県大分市中央町２−１−１,33.2354219,131.6063391,chunithm;gitadora;iidx;maimai_dx;nostalgia;ongeki;popn;sdvx;taiko,iidx_lm;sdvx_vm,,allnet;eagate;ziv
タイトーＦステーションニシムタ出水店,鹿児島県出水市六月田町３４７番地,32.1052481,130.3454411,chunithm;iidx;maimai_dx;nostalgia;ongeki;popn;project_diva;sdvx;taiko,iidx_lm;sdvx_vm,,allnet;eagate;ziv
タイトーＦステーション三宮西館店,兵庫県神戸市中央区三宮町２丁目１１−１センタープラザ西館,34.6911162,135.1911671,chunithm;maimai_dx;sdvx;taiko,sdvx_vm,,allnet;eagate;ziv
タイトーＦステーション上越店,新潟県上越市富岡３５２４　Ｊーｍａｘシアター内１Ｆ,37.1481920,138.2590468,chunithm;ddr;gitadora;iidx;maimai_dx;nostalgia;ongeki;polaris_chord;project_diva;sdvx,ddr_gold;iidx_lm;sdvx_vm,,allnet;eagate;ziv
タイトーＦステーション八戸店,青森県八戸市三日町２７,40.5093072,141.4905810,chunithm;gitadora;groove_coaster;iidx;maimai_dx;ongeki;popn;sdvx;taiko,,,allnet;eagate;ziv
タイトーＦステーション小山店,栃木県小山市喜沢1475ハーヴェストウォーク内スポーツシネマ棟,36.3361438,139.8073796,chunithm;gitadora;jubeat;maimai_dx;ongeki;popn;project_diva;sdvx;taiko,,,allnet;ziv
タイトーＦステーション市川妙典店,千葉県市川市妙典４ー１ー１　イオン市川妙典店２番街２Ｆ,35.6925377,139.9266786,chunithm;ddr;gitadora;iidx;maimai_dx;nostalgia;ongeki;polaris_chord;popn;project_diva;sdvx;taiko,ddr_gold;gitadora_dm_arena;gitadora_gf_arena;iidx_lm;popn_pikapika;sdvx_vm,chunithm:1;ddr:1;gitadora:2;iidx:4;maimai_dx:1;nostalgia:1;ongeki:1;polaris_chord:1;popn:1;sdvx:4,allnet;eagate;ziv
タイトーＦステーション静岡,静岡県静岡市葵区呉服町２−５−４　ふしみや第２ビル,34.9744541,138.3832431,chunithm;gitadora;groove_coaster;iidx;maimai_dx;ongeki;popn;sdvx;taiko,gitadora_dm_arena;gitadora_gf_arena;iidx_lm;popn_pikapika;sdvx_vm,,allnet;eagate;ziv
タイトーＦ郡山オリエントパーク店,福島県郡山市安積町荒井字大久保３５−１,37.3744762,140.3487551,chunithm;ddr;iidx;maimai_dx;ongeki;other;polaris_chord;sdvx;taiko,ddr_gold;iidx_lm;sdvx_vm,,allnet;eagate;ziv
チャリオット五井店,千葉県市原市五井中央西２−１−２,35.5136111,140.0898121,chunithm;gitadora;iidx;maimai_dx;ongeki;popn;project_diva;sdvx;taiko,gitadora_dm_arena;gitadora_gf_arena;iidx_lm;sdvx_vm,,allnet;eagate
テクノワールド,岩手県奥州市江刺愛宕字梁川１２７−１,39.1792419,141.1621682,chunithm;ddr;gitadora;iidx;jubeat;maimai_dx;nostalgia;ongeki;other;polaris_chord;popn;project_diva;sdvx,ddr_gold;iidx_lm;popn_pikapika;sdvx_vm,,allnet;eagate;ziv
テクモピア座間店,神奈川県座間市ひばりが丘４−１１−４８,35.4800807,139.4320181,chunithm;iidx;maimai_dx;ongeki;sdvx,iidx_lm;sdvx_vm,,allnet;eagate
テクモピア船橋南口店,千葉県船橋市本町１ー７ー６ドリーム船橋ビル３Ｆ,35.6990191,139.9858078,chunithm;iidx;maimai_dx;ongeki;sdvx;taiko,iidx_lm;sdvx_vm,,allnet;eagate
トップラン岩岡,兵庫県神戸市西区岩岡町古郷１４７４−１,34.7176826,134.9289029,chunithm;maimai_dx;ongeki;project_diva;reflec;sdvx,sdvx_vm,,allnet;eagate
トヤマレジャーランド呉羽店,富山県富山市高木字貝塚2054,36.7154246,137.1579952,chunithm;ddr;gitadora;iidx;maimai_dx;ongeki;other;popn;sdvx,ddr_gold;gitadora_dm_arena;gitadora_gf_arena;iidx_lm;popn_pikapika;sdvx_vm,,allnet;eagate;ziv
トライセン中津店,大分県中津市下池永６７−３,33.5896776,131.2110360,chunithm;gitadora;iidx;jubeat;maimai_dx;ongeki;other;popn;sdvx,gitadora_dm_arena;gitadora_gf_arena;iidx_lm;sdvx_vm,,allnet;eagate;ziv
ドリームキャンディ,三重県伊賀市小田町７１１−１,34.7752694,136.1227939,chunithm;gitadora;iidx;maimai_dx;nostalgia;ongeki;reflec;sdvx,iidx_lm;sdvx_vm,,allnet;eagate
ネオブラボー,山口県防府市高倉１−３−３０,34.0549567,131.5591985,chunithm;iidx;maimai_dx;ongeki;other;sdvx,iidx_lm;sdvx_vm,,allnet;eagate;ziv
バイパスレジャーランド加賀店,石川県加賀市箱宮町ヲ1-1,36.3251944,136.4113866,chunithm;ddr;iidx;jubeat;maimai_dx;nostalgia;other;popn;sdvx,ddr_gold;iidx_lm;popn_pikapika;sdvx_vm,,allnet;eagate;ziv
バイパスレジャーランド御経塚店,石川県野々市市御経塚4丁目46,36.5479275,136.6012300,chunithm;iidx;other;popn;sdvx,iidx_lm;popn_pikapika;sdvx_vm,,allnet;eagate;ziv
バイパスレジャーランド藤江新館,石川県金沢市藤江南2-105,36.5837815,136.6206855,chunithm;ddr;gitadora;iidx;jubeat;maimai_dx;nostalgia;ongeki;other;polaris_chord;popn;sdvx,ddr_gold;gitadora_dm_arena;gitadora_gf_arena;iidx_lm;popn_pikapika;sdvx_vm,,allnet;eagate;ziv
パスカランド福重店,福岡県福岡市西区拾六町１丁目７番１号ＭＥＧＡドンキ福重店３Ｆ,33.5672500,130.3148720,chunithm;iidx;maimai_dx;ongeki;other;popn;sdvx,iidx_lm;popn_pikapika;sdvx_vm,,allnet;eagate;ziv
パスカワールドグリーンランド店,熊本県荒尾市本井手１５７４−５４,32.9878473,130.4712114,chunithm;ddr;gitadora;iidx;jubeat;maimai_dx;nostalgia;ongeki;other;polaris_chord;popn;sdvx,gitadora_dm_arena;gitadora_gf_arena;iidx_lm;popn_pikapika;sdvx_vm,,allnet;eagate;ziv
ビッグボウル杉戸,埼玉県北葛飾郡杉戸町大字杉戸２３３８,36.0401850,139.7208181,chunithm;iidx;maimai_dx;nostalgia;sdvx,iidx_lm;sdvx_vm,,allnet;eagate
ビデオゲームミュージアムロボット深谷店,埼玉県深谷市上柴町西４−１２−１,36.1796392,139.2988013,iidx;jubeat;popn;project_diva;sdvx,iidx_lm;sdvx_vm,,allnet;eagate
ピンクパンサー下妻店,茨城県下妻市小島884-10,36.1702653,139.9665309,chunithm;gitadora;iidx;maimai_dx;ongeki;sdvx,sdvx_vm,,allnet;eagate
ピンクパンサー土浦店,茨城県土浦市木田余４５８５−３,36.1065463,140.2151975,chunithm;ddr;gitadora;iidx;jubeat;maimai_dx;ongeki;project_diva;sdvx,ddr_gold;iidx_lm;sdvx_vm,,allnet;eagate
ファンタジスタ,岡山県倉敷市新倉敷駅前５−１９４,34.5583269,133.6767549,chunithm;gitadora;iidx;jubeat;nostalgia;other;popn;sdvx,iidx_lm;popn_pikapika;sdvx_vm,,allnet;eagate;ziv
ファンタジープラザ名古屋,愛知県名古屋市北区玄馬町２３４−１ﾄﾞﾝｷﾎｰﾃ名古屋本店２階,35.2264606,136.9089964,chunithm;ddr;gitadora;iidx;jubeat;maimai_dx;ongeki;other;popn;reflec;sdvx;taiko,ddr_gold;gitadora_dm_arena;gitadora_gf_arena;iidx_lm;popn_pikapika;sdvx_vm,chunithm:2;ddr:1;gitadora:2;iidx:3;jubeat:1;maimai_dx:1;ongeki:2;popn:1;reflec:1;sdvx:4;taiko:3,allnet;eagate;ziv
フェスタ古河店,古河市松並2-18-10マーケットシティ古河内,36.2096015,139.7086044,chunithm;iidx;maimai_dx;ongeki;polaris_chord;popn;sdvx,iidx_lm;popn_pikapika;sdvx_vm,,eagate
フクイレジャーランドワイプラザ店,福井県福井市新保北1-303　ヤスサキワイプラザＢ棟2Ｆ,36.0861836,136.2493644,chunithm;iidx;jubeat;maimai_dx;ongeki;other;polaris_chord;popn;sdvx,iidx_lm;popn_pikapika;sdvx_vm,,allnet;eagate;ziv
フタバボウル泉大津店,大阪府泉大津市松之浜町１−２−５３,34.5108583,135.4156272,chunithm;maimai_dx;ongeki;other;sdvx,sdvx_vm,,allnet;eagate;ziv
フリスポ下館,茨城県筑西市神分４７２,36.3024911,139.9565286,ddr;gitadora;iidx;ongeki;popn;sdvx,popn_pikapika;sdvx_vm,,allnet;eagate
フリスポ佐原,千葉県香取市佐原イ−４２００,35.9011456,140.4935107,chunithm;ddr;gitadora;iidx;maimai_dx;ongeki;polaris_chord;popn;sdvx;taiko,iidx_lm;sdvx_vm,,allnet;eagate
フレスパランドカッタの湯,山口県宇部市海南町1675,33.9584481,131.2615249,chunithm;iidx;maimai_dx;ongeki;other;polaris_chord;sdvx,iidx_lm;sdvx_vm,,allnet;eagate;ziv
プレイハウス　エリナ,新潟県新潟市西蒲区津雲田６４０,37.7175185,138.8906472,chunithm;ddr;gitadora;iidx;jubeat;museca;nostalgia;ongeki;popn;sdvx,ddr_gold;iidx_lm;popn_pikapika;sdvx_vm,,allnet;eagate
プレイランドイン黒部,富山県黒部市沓掛645,36.8889558,137.4644997,chunithm;gitadora;iidx;jubeat;sdvx,sdvx_vm,,allnet;eagate
ペップ魚町,福岡県北九州市小倉北区魚町２−４−２０,33.8839068,130.8803109,chunithm;ddr;gitadora;iidx;jubeat;maimai_dx;nostalgia;ongeki;other;popn;project_diva;reflec;sdvx,iidx_lm;sdvx_vm,,allnet;eagate;ziv
ホムスタ玉津店,神戸市西区丸塚2-9-18メガパレス2F,34.6792248,134.9831791,gitadora;iidx;polaris_chord;popn;sdvx,iidx_lm;sdvx_vm,,eagate
ポート２４八事店,愛知県名古屋市昭和区広路町北石坂102番地4,35.1371097,136.9641401,chunithm;ddr;gitadora;iidx;jubeat;maimai_dx;nostalgia;ongeki;other;popn;sdvx;taiko,ddr_gold;iidx_lm;sdvx_vm,chunithm:4;ddr:1;gitadora:2;iidx:4;jubeat:2;maimai_dx:2;nostalgia:1;ongeki:4;popn:1;sdvx:2;taiko:3,allnet;eagate;ziv
ポート２４幸田店,愛知県額田郡幸田町相見沖原1-3,34.8902431,137.1631359,chunithm;gitadora;iidx;maimai_dx;ongeki;other;popn;project_diva;sdvx,iidx_lm;popn_pikapika;sdvx_vm,,allnet;eagate;ziv
ポート２４浜松店,静岡県浜松市中央区坪井町4183-1,34.6801467,137.6443581,chunithm;drs;gitadora;iidx;jubeat;maimai_dx;nostalgia;ongeki;other;popn;project_diva;sdvx,gitadora_dm_arena;gitadora_gf_arena;iidx_lm;sdvx_vm,,allnet;eagate;ziv
マックスプラザ善通寺,香川県善通寺市中村町１７９８−２,34.2436048,133.7640148,chunithm;gitadora;groove_coaster;iidx;jubeat;maimai_dx;nostalgia;ongeki;polaris_chord;popn;project_diva;sdvx;wacca,iidx_lm;sdvx_vm,,allnet;eagate;ziv
マトリクス前橋,群馬県前橋市小相木町５５８−１,36.3729424,139.0596370,chunithm;gitadora;iidx;ongeki;popn;sdvx,gitadora_dm_arena;gitadora_gf_arena;iidx_lm;popn_pikapika;sdvx_vm,,allnet;eagate
ミラクルイン中村橋,東京都練馬区貫井１−１−２ＹＫビル２Ｆ,35.7371368,139.6383560,chunithm;iidx;ongeki;other;popn;sdvx,iidx_lm;sdvx_vm,,allnet;eagate;ziv
ムー大陸西尾シャオ店,愛知県西尾市下町御城下２３−１シャオ２Ｆ,34.8677828,137.0454315,chunithm;iidx;maimai_dx;ongeki;sdvx,iidx_lm;sdvx_vm,,allnet;eagate
メジャーロード見附店,新潟県見附市上新田町字下野沖516番地1,37.5430983,138.8914470,chunithm;gitadora;iidx;jubeat;maimai_dx;ongeki;other;popn;sdvx,sdvx_vm,,allnet;eagate;ziv
メジャーロード黒埼,新潟県新潟市西区山田３３０３番地（３３０２番地）,37.8682204,139.0173416,chunithm;gitadora;iidx;jubeat;maimai_dx;ongeki;other;sdvx,sdvx_vm,,allnet;eagate;ziv
モンキートリック,大阪府寝屋川市香里南之町32-5　YNレジデンス香里2F,34.7834753,135.6288626,chunithm;ddr;gitadora;iidx;jubeat;maimai_dx;ongeki;polaris_chord;popn;sdvx,ddr_gold;gitadora_dm_arena;gitadora_gf_arena;iidx_lm;popn_pikapika;sdvx_vm,,allnet;eagate
モーリーファンタジー本荘,秋田県由利本荘市石脇田中１３８番地,39.3915017,140.0274931,chunithm;maimai_dx;nostalgia;ongeki;other;popn;sdvx,sdvx_vm,,allnet;eagate;ziv
モーリーファンタジー那覇,沖縄県那覇市金城５−１０−２　イオン那覇店３F,26.1970331,127.6658532,chunithm;dance_evo;iidx;jubeat;maimai_dx;nostalgia;ongeki;polaris_chord;popn;reflec;sdvx,iidx_lm;sdvx_vm,,allnet;eagate;ziv
モーリーファンタジーｆ 岐阜,岐阜県岐阜市正木中１−２−１マーサ２１北館３Ｆ,35.4484474,136.7449465,chunithm;drs;gitadora;iidx;jubeat;maimai_dx;ongeki;other;polaris_chord;popn;reflec;sdvx;taiko,iidx_lm;sdvx_vm,chunithm:3;drs:1;gitadora:2;jubeat:2;maimai_dx:3;ongeki:2;popn:1;reflec:1;sdvx:1;taiko:3,allnet;eagate;ziv
モーリーファンタジーｆ富士南,静岡県富士市鮫島１１８−１０　イオンタウン富士南２Ｆ,35.1397246,138.6758022,chunithm;maimai_dx;ongeki;polaris_chord;popn;sdvx,sdvx_vm,,allnet;eagate
ユーズランド三光店,大分県中津市三光佐知1032イオンモール三光2F,33.5604305,131.1920613,chunithm;iidx;maimai_dx;nostalgia;ongeki;other;polaris_chord;sdvx,sdvx_vm,,allnet;eagate;ziv
ユーズランド下田店,青森県上北郡おいらせ町中野平４０−１イオンモール下田１Ｆ,40.6014566,141.4177839,chunithm;ddr;drs;gitadora;iidx;jubeat;maimai_dx;nostalgia;ongeki;other;polaris_chord;popn;project_diva;sdvx,ddr_gold;gitadora_dm_arena;gitadora_gf_arena;iidx_lm;popn_pikapika;sdvx_vm,,allnet;eagate;ziv
ユーズランド倉敷店,岡山県倉敷市水江１番地イオンモール倉敷２Ｆ,34.6032479,133.7454021,chunithm;ddr;drs;iidx;maimai_dx;ongeki;other;polaris_chord;popn;sdvx,ddr_gold;iidx_lm;popn_pikapika;sdvx_vm,,allnet;eagate;ziv
ユーズランド和歌山店,和歌山県和歌山市ふじと台２３番地イオンモール和歌山２Ｆ,34.2761543,135.1492010,chunithm;iidx;maimai_dx;ongeki;other;polaris_chord;sdvx,iidx_lm;sdvx_vm,,allnet;eagate;ziv
ユーズランド太田店,群馬県太田市石原町８１番地イオンモール太田２Ｆ,36.2941440,139.4004362,chunithm;gitadora;iidx;maimai_dx;ongeki;polaris_chord;popn;sdvx,gitadora_dm_arena;gitadora_gf_arena;iidx_lm;popn_pikapika;sdvx_vm,,allnet;eagate
ユーズランド春日部店,埼玉県春日部市下柳４２０−１イオンモール春日部２Ｆ,35.9885734,139.7898122,chunithm;iidx;jubeat;maimai_dx;nostalgia;ongeki;sdvx,iidx_lm;sdvx_vm,,allnet;eagate
ユーズランド東浦店,愛知県知多郡東浦町緒川旭１３−２イオンモール東浦２Ｆ,34.9781318,136.9742667,chunithm;iidx;maimai_dx;ongeki;other;polaris_chord;popn;sdvx;taiko,iidx_lm;popn_pikapika;sdvx_vm,chunithm:5;iidx:2;maimai_dx:2;ongeki:5;polaris_chord:3;sdvx:2;taiko:6,allnet;eagate;ziv
ユーズランド水戸内原店,茨城県水戸市内原２−１イオンモール水戸内原２Ｆ,36.3739629,140.3583896,chunithm;ddr;gitadora;iidx;maimai_dx;ongeki;polaris_chord;popn;sdvx,ddr_gold;gitadora_dm_arena;gitadora_gf_arena;iidx_lm;popn_pikapika;sdvx_vm,,allnet;eagate
ユーズランド越谷店,埼玉県越谷市レイクタウン4-2-2イオンレイクタウンKAZE3F,35.8778002,139.8245962,chunithm;iidx;maimai_dx;ongeki;popn;sdvx,iidx_lm;popn_pikapika;sdvx_vm,,allnet;eagate
ユーズランド高岡店,富山県高岡市下伏間江３８３イオンモール高岡２Ｆ,36.7241123,137.0170194,chunithm;ddr;iidx;maimai_dx;ongeki;polaris_chord;popn;sdvx,ddr_gold;iidx_lm;popn_pikapika;sdvx_vm,,allnet;eagate
ユーズランド高崎店,群馬県高崎市棟高町１４００番地イオンモール高崎２Ｆ,36.3904820,139.0065304,chunithm;ddr;drs;gitadora;iidx;jubeat;maimai_dx;ongeki;polaris_chord;popn;sdvx,ddr_gold;gitadora_dm_arena;gitadora_gf_arena;iidx_lm;popn_pikapika;sdvx_vm,,allnet;eagate
ラウンドワンさいか屋横須賀店,神奈川県横須賀市大滝町１丁目１３番,35.2821494,139.6695932,chunithm;dance_around;ddr;drs;gitadora;iidx;jubeat;maimai_dx;nostalgia;ongeki;polaris_chord;popn;project_diva;sdvx,ddr_gold;gitadora_dm_arena;gitadora_gf_arena;iidx_lm;popn_pikapika;sdvx_vm,,allnet;eagate
ラウンドワンさいたま・上里店,埼玉県児玉郡上里町大字金久保３９４−１,36.2599800,139.1374381,chunithm;dance_around;drs;gitadora;iidx;maimai_dx;nostalgia;ongeki;other;polaris_chord;popn;sdvx,gitadora_dm_arena;gitadora_gf_arena;iidx_lm;popn_pikapika;sdvx_vm,,allnet;eagate;ziv
ラウンドワンさいたま・栗橋店,埼玉県久喜市小右衛門１９２−１,36.1235137,139.7151734,chunithm;dance_around;ddr;gitadora;iidx;jubeat;maimai_dx;museca;nostalgia;ongeki;other;polaris_chord;popn;sdvx,ddr_gold;gitadora_dm_arena;gitadora_gf_arena;iidx_lm;popn_pikapika;sdvx_vm,dance_around:1;ddr:1;gitadora:2;maimai_dx:4;museca:1;popn:2,allnet;eagate;ziv
ラウンドワンさいたま・鴻巣店,埼玉県鴻巣市箕田３１６３−７,36.0806388,139.4902256,chunithm;dance_around;dance_evo;ddr;drs;gitadora;iidx;jubeat;maimai_dx;nostalgia;ongeki;polaris_chord;popn;sdvx,ddr_gold;gitadora_dm_arena;gitadora_gf_arena;iidx_lm;popn_pikapika;sdvx_vm,,allnet;eagate;ziv
ラウンドワンみえ川越インターチェンジ店,三重県三重郡川越町南福崎８５１−１,35.0229015,136.6835299,chunithm;ddr;gitadora;iidx;maimai_dx;ongeki;other;polaris_chord;popn;sdvx,ddr_gold;gitadora_dm_arena;gitadora_gf_arena;iidx_lm;popn_pikapika;sdvx_vm,,allnet;eagate;ziv
ラウンドワンららぽーと和泉店,大阪府和泉市あゆみ野４−４−７　４階　４２１００番,34.4356803,135.4479088,chunithm;iidx;maimai_dx;ongeki;other;popn;sdvx,iidx_lm;popn_pikapika;sdvx_vm,,allnet;eagate;ziv
ラウンドワンららぽーと新三郷店,埼玉県三郷市新三郷ららシティ3-1-1ららぽーと新三郷2F20000番,35.8594806,139.8671397,beatstream;chunithm;dance_around;dance_evo;ddr;gitadora;iidx;jubeat;maimai_dx;ongeki;polaris_chord;popn;sdvx,ddr_gold;gitadora_dm_arena;gitadora_gf_arena;iidx_lm;popn_pikapika;sdvx_vm,beatstream:2;chunithm:1;dance_evo:1;ddr:1;maimai_dx:1;sdvx:3,allnet;eagate;ziv
ラウンドワンららぽーと湘南平塚店,神奈川県平塚市天沼１０−１３階 ３３２８０番,35.3379406,139.3560477,chunithm;ddr;iidx;maimai_dx;ongeki;other;polaris_chord;popn;sdvx,ddr_gold;iidx_lm;popn_pikapika;sdvx_vm,,allnet;eagate;ziv
ラウンドワンわらび店,埼玉県蕨市北町５−１−６,35.8307831,139.6742333,chunithm;ddr;drs;gitadora;iidx;jubeat;maimai_dx;nostalgia;ongeki;other;polaris_chord;popn;project_diva;sdvx,ddr_gold;gitadora_dm_arena;gitadora_gf_arena;iidx_lm;popn_pikapika;sdvx_vm,,allnet;eagate;ziv
ラウンドワンアリオ柏店,千葉県柏市大島田１丁目６番地１セブンパークアリオ柏　１０７０,35.8323319,140.0119419,chunithm;dance_around;ddr;drs;gitadora;iidx;maimai_dx;ongeki;polaris_chord;popn;sdvx;taiko,ddr_gold;gitadora_dm_arena;gitadora_gf_arena;iidx_lm;popn_pikapika;sdvx_vm,,allnet;eagate
ラウンドワンダイバーシティ東京プラザ店,東京都江東区青海1-1-10ダイバーシティ東京プラザ6階61000,35.6256894,139.7763086,chunithm;crossbeats;dance_around;dance_evo;ddr;drs;gitadora;iidx;jubeat;maimai_dx;ongeki;other;polaris_chord;popn;project_diva;sdvx;taiko,ddr_gold;gitadora_dm_arena;gitadora_gf_arena;iidx_lm;popn_pikapika;sdvx_vm,chunithm:4;crossbeats:2;dance_around:3;dance_evo:1;ddr:1;drs:1;gitadora:4;iidx:2;jubeat:2;maimai_dx:2;ongeki:2;polaris_chord:2;popn:3;project_diva:1;sdvx:1;taiko:6,allnet;eagate;ziv
ラウンドワンモレラ岐阜店,岐阜県本巣市三橋１１００,35.4552106,136.6727657,chunithm;dance_around;ddr;drs;gitadora;iidx;jubeat;maimai_dx;nostalgia;ongeki;other;polaris_chord;popn;sdvx,ddr_gold;gitadora_dm_arena;gitadora_gf_arena;iidx_lm;popn_pikapika;sdvx_vm,,allnet;eagate;ziv
ラウンドワンヨロッカ春日井店,愛知県春日井市六軒屋町東丘２２テナント区画番号３０１０,35.2587361,136.9816772,chunithm;ddr;gitadora;iidx;maimai_dx;ongeki;other;polaris_chord;popn;sdvx;taiko,ddr_gold;gitadora_dm_arena;gitadora_gf_arena;iidx_lm;popn_pikapika;sdvx_vm,chunithm:3;ddr:1;gitadora:2;iidx:2;maimai_dx:2;ongeki:2;polaris_chord:2;sdvx:2;taiko:2,allnet;eagate;ziv
ラウンドワン三宮駅前店,兵庫県神戸市中央区小野柄通6-1-17,34.6939326,135.1973748,chunithm;ddr;gitadora;iidx;maimai_dx;ongeki;other;polaris_chord;popn;sdvx;taiko,ddr_gold;gitadora_dm_arena;gitadora_gf_arena;iidx_lm;popn_pikapika;sdvx_vm,chunithm:8;ddr:1;gitadora:2;iidx:3;maimai_dx:3;ongeki:6;polaris_chord:4;popn:1;sdvx:4;taiko:3,allnet;eagate;ziv
ラウンドワン上尾店,埼玉県上尾市大字平塚９１７−１,35.9857321,139.6078402,chunithm;dance_around;ddr;drs;gitadora;iidx;maimai_dx;nostalgia;ongeki;other;polaris_chord;popn;sdvx,ddr_gold;gitadora_dm_arena;gitadora_gf_arena;iidx_lm;popn_pikapika;sdvx_vm,,allnet;eagate;ziv
ラウンドワン中川１号線店,愛知県名古屋市中川区法蔵町２−２３,35.1236443,136.8636045,chunithm;dance_around;ddr;drs;gitadora;iidx;jubeat;maimai_dx;ongeki;other;polaris_chord;popn;sdvx;taiko,ddr_gold;gitadora_dm_arena;gitadora_gf_arena;iidx_lm;popn_pikapika;sdvx_vm,chunithm:4;dance_around:2;ddr:1;drs:1;gitadora:2;iidx:2;jubeat:1;maimai_dx:2;ongeki:4;polaris_chord:4;popn:1;sdvx:2;taiko:1,allnet;eagate;ziv
ラウンドワン京都伏見店,京都府京都市伏見区下鳥羽平塚町１３１,34.9359432,135.7463208,chunithm;ddr;gitadora;iidx;maimai_dx;ongeki;other;polaris_chord;popn;sdvx,ddr_gold;gitadora_dm_arena;gitadora_gf_arena;iidx_lm;popn_pikapika;sdvx_vm,,allnet;eagate;ziv
ラウンドワン京都河原町店,京都府京都市中京区河原町通三条下ル山崎町２５０,35.0070244,135.7686902,chunithm;dance_around;ddr;drs;gitadora;iidx;jubeat;maimai_dx;nostalgia;ongeki;other;polaris_chord;popn;project_diva;sdvx;taiko,ddr_gold;gitadora_dm_arena;gitadora_gf_arena;iidx_lm;popn_pikapika;sdvx_vm,chunithm:8;dance_around:1;ddr:2;drs:2;gitadora:4;iidx:5;jubeat:1;maimai_dx:8;nostalgia:1;ongeki:6;polaris_chord:4;popn:5;project_diva:1;sdvx:6;taiko:5,allnet;eagate;ziv
ラウンドワン仙台泉店,宮城県仙台市泉区大沢二丁目１２番４号　１階,38.3520265,140.8795076,chunithm;dance_around;ddr;gitadora;iidx;maimai_dx;ongeki;polaris_chord;popn;sdvx,ddr_gold;gitadora_dm_arena;gitadora_gf_arena;iidx_lm;popn_pikapika;sdvx_vm,,allnet;eagate
ラウンドワン仙台苦竹店,宮城県仙台市宮城野区苦竹１−７−１０,38.2680832,140.9172451,chunithm;dance_around;ddr;gitadora;iidx;jubeat;maimai_dx;nostalgia;ongeki;other;polaris_chord;popn;sdvx,ddr_gold;gitadora_dm_arena;gitadora_gf_arena;iidx_lm;popn_pikapika;sdvx_vm,,allnet;eagate;ziv
ラウンドワン伊丹店,兵庫県伊丹市昆陽７丁目２９,34.7790734,135.3934676,chunithm;ddr;gitadora;iidx;maimai_dx;ongeki;other;polaris_chord;popn;project_diva;sdvx,ddr_gold;gitadora_dm_arena;gitadora_gf_arena;iidx_lm;popn_pikapika;sdvx_vm,,allnet;eagate;ziv
ラウンドワン佐賀店,佐賀県佐賀市兵庫北４−２−１,33.2752276,130.3010551,chunithm;dance_around;ddr;drs;gitadora;iidx;maimai_dx;ongeki;other;polaris_chord;popn;sdvx,ddr_gold;gitadora_dm_arena;gitadora_gf_arena;iidx_lm;popn_pikapika;sdvx_vm,,allnet;eagate;ziv
ラウンドワン入間店,埼玉県入間市小谷田３−７−２５,35.8279801,139.3760089,chunithm;dance_around;ddr;gitadora;iidx;jubeat;maimai_dx;nostalgia;ongeki;other;polaris_chord;popn;sdvx,ddr_gold;gitadora_dm_arena;gitadora_gf_arena;iidx_lm;popn_pikapika;sdvx_vm,,allnet;eagate;ziv
ラウンドワン函館店,北海道函館市西桔梗町８４８−１１,41.8246380,140.7175148,chunithm;dance_around;ddr;gitadora;iidx;maimai_dx;nostalgia;ongeki;other;polaris_chord;popn;sdvx,ddr_gold;gitadora_dm_arena;gitadora_gf_arena;iidx_lm;popn_pikapika;sdvx_vm,,allnet;eagate;ziv
ラウンドワン前橋店,群馬県前橋市天川大島町１１０１−１,36.3687628,139.1052489,chunithm;ddr;drs;gitadora;iidx;maimai_dx;ongeki;other;polaris_chord;popn;sdvx,ddr_gold;gitadora_dm_arena;gitadora_gf_arena;iidx_lm;popn_pikapika;sdvx_vm,,allnet;eagate;ziv
ラウンドワン加古川店,兵庫県加古川市尾上町安田325番6号,34.7470428,134.8369253,chunithm;dance_around;ddr;gitadora;iidx;jubeat;maimai_dx;nostalgia;ongeki;other;polaris_chord;popn;sdvx,ddr_gold;gitadora_dm_arena;gitadora_gf_arena;iidx_lm;popn_pikapika;sdvx_vm,,allnet;eagate;ziv
ラウンドワン千日前店,大阪府大阪市中央区難波１−３−１,34.6675295,135.5027825,beatstream;chunithm;crossbeats;dance_around;ddr;drs;gitadora;iidx;jubeat;maimai_dx;museca;nostalgia;ongeki;other;polaris_chord;popn;project_diva;reflec;sdvx,ddr_gold;gitadora_dm_arena;gitadora_gf_arena;iidx_lm;popn_pikapika;sdvx_vm,beatstream:1;chunithm:8;crossbeats:1;dance_around:1;ddr:5;drs:1;gitadora:4;iidx:7;jubeat:1;maimai_dx:4;museca:1;nostalgia:1;ongeki:4;polaris_chord:2;popn:3;project_diva:2;reflec:5;sdvx:8,allnet;eagate;ziv
ラウンドワン千種店,愛知県名古屋市千種区新栄3-20-17タイホウ千種駅前南ビル1階,35.1680713,136.9280046,chunithm;ddr;drs;gitadora;iidx;jubeat;maimai_dx;ongeki;other;polaris_chord;popn;sdvx;taiko,ddr_gold;gitadora_dm_arena;gitadora_gf_arena;iidx_lm;popn_pikapika;sdvx_vm,chunithm:2;ddr:1;drs:1;gitadora:2;iidx:1;jubeat:2;maimai_dx:1;ongeki:2;polaris_chord:2;popn:2;sdvx:1;taiko:3,allnet;eagate;ziv
ラウンドワン半田店,愛知県半田市瑞穂町６−７−８,34.8853760,136.9413762,chunithm;ddr;gitadora;iidx;maimai_dx;ongeki;polaris_chord;popn;sdvx,ddr_gold;gitadora_dm_arena;gitadora_gf_arena;iidx_lm;popn_pikapika;sdvx_vm,,allnet;eagate
ラウンドワン南砂店,東京都江東区南砂６−７−１５トピレックプラザ４Ｆ,35.6718431,139.8369781,chunithm;dance_around;ddr;drs;gitadora;iidx;jubeat;maimai_dx;nostalgia;ongeki;other;polaris_chord;popn;project_diva;reflec;sdvx;taiko,ddr_gold;gitadora_dm_arena;gitadora_gf_arena;iidx_lm;popn_pikapika;sdvx_vm,ddr:2;gitadora:2;iidx:2;jubeat:2;popn:3;project_diva:2;reflec:3;sdvx:2;taiko:1,allnet;eagate;ziv
ラウンドワン博多半道橋店,福岡県福岡市博多区半道橋２−２−８,33.5840670,130.4383464,chunithm;dance_around;ddr;gitadora;iidx;maimai_dx;ongeki;other;polaris_chord;popn;sdvx,ddr_gold;gitadora_dm_arena;gitadora_gf_arena;iidx_lm;popn_pikapika;sdvx_vm,,allnet;eagate;ziv
ラウンドワン吉祥寺店,東京都武蔵野市吉祥寺本町1-11-22,35.7063020,139.5807799,chunithm;ddr;gitadora;iidx;jubeat;maimai_dx;nostalgia;ongeki;other;polaris_chord;popn;sdvx,ddr_gold;gitadora_dm_arena;gitadora_gf_arena;iidx_lm;popn_pikapika;sdvx_vm,,allnet;eagate;ziv
ラウンドワン名古屋西春店,愛知県北名古屋市宇福寺神明１５,35.2548498,136.8436265,chunithm;ddr;gitadora;iidx;maimai_dx;ongeki;other;polaris_chord;popn;sdvx;taiko,ddr_gold;gitadora_dm_arena;gitadora_gf_arena;iidx_lm;popn_pikapika;sdvx_vm,chunithm:2;ddr:1;gitadora:2;iidx:2;maimai_dx:2;ongeki:2;polaris_chord:4;popn:1;sdvx:2;taiko:1,allnet;eagate;ziv
ラウンドワン和歌山店,和歌山県和歌山市小雑賀７３９−３,34.1984612,135.1859700,chunithm;ddr;gitadora;iidx;maimai_dx;ongeki;other;polaris_chord;popn;sdvx,ddr_gold;gitadora_dm_arena;gitadora_gf_arena;iidx_lm;popn_pikapika;sdvx_vm,,allnet;eagate;ziv
ラウンドワン城東放出店,大阪府大阪市城東区今福南3-4-38,34.6964966,135.5593162,chunithm;ddr;gitadora;iidx;maimai_dx;ongeki;other;polaris_chord;popn;sdvx,ddr_gold;gitadora_dm_arena;gitadora_gf_arena;iidx_lm;popn_pikapika;sdvx_vm,,allnet;eagate;ziv
ラウンドワン堺中央環状店,大阪府堺市東区石原町２−２４１,34.5569759,135.5365126,chunithm;ddr;gitadora;iidx;jubeat;maimai_dx;ongeki;other;polaris_chord;popn;sdvx,ddr_gold;gitadora_dm_arena;gitadora_gf_arena;iidx_lm;popn_pikapika;sdvx_vm,,allnet;eagate;ziv
ラウンドワン堺駅前店,大阪府堺市堺区戎島町4-44-3,34.5834551,135.4684377,chunithm;dance_around;ddr;gitadora;iidx;maimai_dx;ongeki;other;polaris_chord;popn;sdvx,ddr_gold;gitadora_dm_arena;gitadora_gf_arena;iidx_lm;popn_pikapika;sdvx_vm,chunithm:2;ongeki:2,allnet;eagate;ziv
ラウンドワン大分店,大分県大分市萩原２−１３−１７,33.2489675,131.6402343,chunithm;ddr;drs;gitadora;iidx;maimai_dx;ongeki;other;polaris_chord;popn;sdvx,ddr_gold;gitadora_dm_arena;gitadora_gf_arena;iidx_lm;popn_pikapika;sdvx_vm,,allnet;eagate;ziv
ラウンドワン大宮店,埼玉県さいたま市大宮区宮町４−９０−７,35.9108281,139.6254402,chunithm;dance_around;ddr;drs;gitadora;iidx;jubeat;maimai_dx;nostalgia;ongeki;other;polaris_chord;popn;sdvx,ddr_gold;gitadora_dm_arena;gitadora_gf_arena;iidx_lm;popn_pikapika;sdvx_vm,,allnet;eagate;ziv
ラウンドワン大野城店,福岡県大野城市御笠川１−１８−１６,33.5464190,130.4822611,chunithm;dance_around;ddr;drs;gitadora;iidx;jubeat;maimai_dx;nostalgia;ongeki;other;polaris_chord;popn;sdvx,ddr_gold;gitadora_dm_arena;gitadora_gf_arena;iidx_lm;popn_pikapika;sdvx_vm,,allnet;eagate;ziv
ラウンドワン奈良・ミナーラ店,奈良県奈良市二条大路南１−３−１ミ・ナーラ５階,34.6849116,135.8025405,chunithm;dance_around;ddr;gitadora;iidx;maimai_dx;nostalgia;ongeki;other;polaris_chord;popn;sdvx,ddr_gold;gitadora_dm_arena;gitadora_gf_arena;iidx_lm;popn_pikapika;sdvx_vm,,allnet;eagate;ziv
ラウンドワン姫路飾磨店,兵庫県姫路市飾磨区中島１−２５４,34.7923295,134.6870919,chunithm;ddr;gitadora;iidx;maimai_dx;ongeki;other;polaris_chord;popn;sdvx,ddr_gold;gitadora_dm_arena;gitadora_gf_arena;iidx_lm;popn_pikapika;sdvx_vm,,allnet;eagate;ziv
ラウンドワン宇都宮店,栃木県宇都宮市江曽島町２０７２−１,36.5406864,139.8868934,chunithm;ddr;gitadora;iidx;jubeat;maimai_dx;nostalgia;ongeki;other;polaris_chord;popn;sdvx,ddr_gold;gitadora_dm_arena;gitadora_gf_arena;iidx_lm;popn_pikapika;sdvx_vm,,allnet;eagate;ziv
ラウンドワン守口店,大阪府守口市佐太東町２−６−１４ジャガーグリーン２Ｆ,34.7560955,135.5885314,chunithm;dance_around;ddr;drs;gitadora;iidx;jubeat;maimai_dx;nostalgia;ongeki;other;polaris_chord;popn;project_diva;sdvx,ddr_gold;gitadora_dm_arena;gitadora_gf_arena;iidx_lm;popn_pikapika;sdvx_vm,,allnet;eagate;ziv
ラウンドワン宮崎店,宮崎県宮崎市中村東３−４−６０,31.8953441,131.4175947,chunithm;dance_around;ddr;drs;gitadora;iidx;jubeat;maimai_dx;nostalgia;ongeki;other;polaris_chord;popn;sdvx,ddr_gold;gitadora_dm_arena;gitadora_gf_arena;iidx_lm;popn_pikapika;sdvx_vm,,allnet;eagate;ziv
ラウンドワン富士店,静岡県富士市八代町４−１５,35.1531225,138.6938123,chunithm;dance_around;ddr;gitadora;iidx;jubeat;maimai_dx;nostalgia;ongeki;other;polaris_chord;popn;sdvx,ddr_gold;gitadora_dm_arena;gitadora_gf_arena;iidx_lm;popn_pikapika;sdvx_vm,,allnet;eagate;ziv
ラウンドワン小倉店,福岡県北九州市小倉北区西港町15-65,33.8975963,130.8598416,chunithm;ddr;gitadora;iidx;maimai_dx;ongeki;other;polaris_chord;popn;sdvx,ddr_gold;gitadora_dm_arena;gitadora_gf_arena;iidx_lm;popn_pikapika;sdvx_vm,,allnet;eagate;ziv
ラウンドワン岡山妹尾店,岡山県岡山市南区妹尾３４１３−１,34.6230198,133.8695548,chunithm;ddr;drs;gitadora;iidx;maimai_dx;ongeki;other;polaris_chord;popn;sdvx,ddr_gold;gitadora_dm_arena;gitadora_gf_arena;iidx_lm;popn_pikapika;sdvx_vm,,allnet;eagate;ziv
ラウンドワン岸和田店,大阪府岸和田市八阪町２−１１−１,34.4565318,135.3885664,beatstream;chunithm;dance_around;ddr;gitadora;groove_coaster;iidx;jubeat;maimai_dx;nostalgia;ongeki;other;polaris_chord;popn;project_diva;reflec;sdvx;taiko,ddr_gold;gitadora_dm_arena;gitadora_gf_arena;iidx_lm;popn_pikapika;sdvx_vm,beatstream:4;ddr:1;gitadora:2;groove_coaster:2;iidx:1;jubeat:2;popn:1;project_diva:1;reflec:2;sdvx:2;taiko:1,allnet;eagate;ziv
ラウンドワン川崎大師店,神奈川県川崎市川崎区殿町１−５−１,35.5380415,139.7416951,chunithm;dance_around;ddr;drs;gitadora;iidx;maimai_dx;ongeki;other;polaris_chord;popn;sdvx,ddr_gold;gitadora_dm_arena;gitadora_gf_arena;iidx_lm;popn_pikapika;sdvx_vm,,allnet;eagate;ziv
ラウンドワン市原店,千葉県市原市八幡北町３−５−１,35.5474925,140.1233713,chunithm;ddr;drs;gitadora;iidx;jubeat;maimai_dx;nostalgia;ongeki;other;polaris_chord;popn;sdvx;taiko,ddr_gold;gitadora_dm_arena;gitadora_gf_arena;iidx_lm;popn_pikapika;sdvx_vm,,allnet;eagate;ziv
ラウンドワン市川鬼高店,千葉県市川市鬼高４−１−３,35.7112207,139.9274795,chunithm;dance_around;ddr;drs;gitadora;iidx;jubeat;maimai_dx;nostalgia;ongeki;other;polaris_chord;popn;project_diva;sdvx;taiko,ddr_gold;gitadora_dm_arena;gitadora_gf_arena;iidx_lm;popn_pikapika;sdvx_vm,,allnet;eagate;ziv
ラウンドワン広島店,広島県広島市中区立町３−１１,34.3937013,132.4601039,chunithm;dance_around;ddr;drs;gitadora;iidx;jubeat;maimai_dx;nostalgia;ongeki;other;polaris_chord;popn;sdvx;taiko,ddr_gold;gitadora_dm_arena;gitadora_gf_arena;iidx_lm;popn_pikapika;sdvx_vm,ddr:1;gitadora:2;iidx:2;jubeat:4;popn:4;sdvx:3;taiko:2,allnet;eagate;ziv
ラウンドワン府中本町駅前,東京都府中市本町１−１３−３カネタビル,35.6672709,139.4774004,chunithm;dance_around;ddr;drs;gitadora;groove_coaster;iidx;jubeat;maimai_dx;nostalgia;ongeki;other;polaris_chord;popn;project_diva;reflec;sdvx;taiko,ddr_gold;gitadora_dm_arena;gitadora_gf_arena;iidx_lm;popn_pikapika;sdvx_vm,ddr:1;gitadora:4;groove_coaster:2;iidx:2;jubeat:4;popn:4;project_diva:2;reflec:4;sdvx:4;taiko:1,allnet;eagate;ziv
ラウンドワン徳島・万代店,徳島県徳島市万代町４−１９−１,34.0647908,134.5646739,chunithm;ddr;gitadora;iidx;maimai_dx;ongeki;other;polaris_chord;popn;sdvx,ddr_gold;gitadora_dm_arena;gitadora_gf_arena;iidx_lm;popn_pikapika;sdvx_vm,,allnet;eagate;ziv
ラウンドワン所沢店,埼玉県所沢市東町５丁目２２　６階,35.7888614,139.4695620,chunithm;dance_around;ddr;gitadora;iidx;jubeat;maimai_dx;ongeki;other;polaris_chord;popn;sdvx,ddr_gold;gitadora_dm_arena;gitadora_gf_arena;iidx_lm;popn_pikapika;sdvx_vm,,allnet;eagate;ziv
ラウンドワン新潟店,新潟県新潟市中央区美咲町２−１−３８,37.8881096,139.0176867,chunithm;dance_around;ddr;gitadora;iidx;jubeat;maimai_dx;nostalgia;ongeki;other;polaris_chord;popn;sdvx,ddr_gold;gitadora_dm_arena;gitadora_gf_arena;iidx_lm;popn_pikapika;sdvx_vm,,allnet;eagate;ziv
ラウンドワン旭川店,北海道旭川市永山三条１−４−７,43.7863735,142.3974371,chunithm;dance_around;ddr;drs;gitadora;iidx;maimai_dx;ongeki;polaris_chord;popn;sdvx,ddr_gold;gitadora_dm_arena;gitadora_gf_arena;iidx_lm;popn_pikapika;sdvx_vm,,allnet;eagate;ziv
ラウンドワン朝霞店,埼玉県朝霞市膝折町２−１６−１０,35.7902754,139.5796457,chunithm;dance_evo;ddr;gitadora;iidx;maimai_dx;ongeki;polaris_chord;popn;sdvx,ddr_gold;gitadora_dm_arena;gitadora_gf_arena;iidx_lm;popn_pikapika;sdvx_vm,,allnet;eagate;ziv
ラウンドワン札幌すすきの店,北海道札幌市中央区南五条西3-6-1,43.0545356,141.3545240,chunithm;dance_around;ddr;drs;gitadora;iidx;jubeat;maimai_dx;nostalgia;ongeki;other;polaris_chord;popn;project_diva;sdvx;taiko,ddr_gold;gitadora_dm_arena;gitadora_gf_arena;iidx_lm;popn_pikapika;sdvx_vm,chunithm:10;dance_around:2;ddr:3;drs:2;gitadora:4;iidx:9;jubeat:3;maimai_dx:4;ongeki:6;polaris_chord:8;popn:4;project_diva:1;sdvx:8;taiko:4,allnet;eagate;ziv
ラウンドワン札幌北２１条店,北海道札幌市東区北二十一条東１−１−２１,43.0867627,141.3497046,chunithm;dance_around;ddr;gitadora;iidx;maimai_dx;nostalgia;ongeki;other;polaris_chord;popn;sdvx;taiko,ddr_gold;gitadora_dm_arena;gitadora_gf_arena;iidx_lm;popn_pikapika;sdvx_vm,,allnet;eagate;ziv
ラウンドワン札幌白石本通店,北海道札幌市白石区本通１６丁目北１−５０,43.0367922,141.4328781,chunithm;ddr;gitadora;iidx;maimai_dx;ongeki;other;polaris_chord;popn;sdvx,ddr_gold;gitadora_dm_arena;gitadora_gf_arena;iidx_lm;popn_pikapika;sdvx_vm,,allnet;eagate;ziv
ラウンドワン東大阪店,大阪府東大阪市若江南町１−２−１２,34.6530441,135.6063264,chunithm;ddr;gitadora;iidx;jubeat;maimai_dx;ongeki;other;polaris_chord;popn;sdvx,ddr_gold;gitadora_dm_arena;gitadora_gf_arena;iidx_lm;popn_pikapika;sdvx_vm,,allnet;eagate;ziv
ラウンドワン東淀川店,大阪府大阪市東淀川区菅原７−１４−２８,34.7427577,135.5250375,chunithm;dance_around;ddr;gitadora;iidx;jubeat;maimai_dx;nostalgia;ongeki;other;polaris_chord;popn;sdvx,ddr_gold;gitadora_dm_arena;gitadora_gf_arena;iidx_lm;popn_pikapika;sdvx_vm,,allnet;eagate;ziv
ラウンドワン松山店,愛媛県松山市東長戸１−３−１０,33.8665121,132.7515765,chunithm;ddr;gitadora;iidx;maimai_dx;ongeki;other;polaris_chord;popn;sdvx,ddr_gold;gitadora_dm_arena;gitadora_gf_arena;iidx_lm;popn_pikapika;sdvx_vm,,allnet;eagate;ziv
ラウンドワン板橋店,東京都板橋区相生町１６−１３,35.7766273,139.6786153,chunithm;dance_around;ddr;drs;gitadora;iidx;jubeat;maimai_dx;ongeki;other;polaris_chord;popn;sdvx,ddr_gold;gitadora_dm_arena;gitadora_gf_arena;iidx_lm;popn_pikapika;sdvx_vm,,allnet;eagate;ziv
ラウンドワン梅田店,大阪府大阪市北区小松原町４−１６,34.7030460,135.5010682,beatstream;chunithm;dance_around;ddr;drs;gitadora;groove_coaster;iidx;jubeat;maimai_dx;nostalgia;ongeki;other;polaris_chord;popn;project_diva;reflec;sdvx;taiko,ddr_gold;gitadora_dm_arena;gitadora_gf_arena;iidx_lm;popn_pikapika;sdvx_vm,beatstream:8;dance_around:2;ddr:3;gitadora:6;groove_coaster:4;iidx:5;jubeat:2;popn:2;project_diva:4;reflec:8;sdvx:7;taiko:5,allnet;eagate;ziv
ラウンドワン横浜綱島店,神奈川県横浜市港北区樽町２−６−４０Ｔ-PLATZ内,35.5319981,139.6371792,chunithm;ddr;gitadora;iidx;maimai_dx;ongeki;other;polaris_chord;popn;sdvx,ddr_gold;gitadora_dm_arena;gitadora_gf_arena;iidx_lm;popn_pikapika;sdvx_vm,,allnet;eagate;ziv
ラウンドワン横浜駅西口店,神奈川県横浜市西区南幸２−８−１６,35.4639294,139.6179961,chunithm;dance_around;ddr;drs;gitadora;groove_coaster;iidx;jubeat;maimai_dx;ongeki;other;polaris_chord;popn;project_diva;sdvx;taiko,ddr_gold;gitadora_dm_arena;gitadora_gf_arena;iidx_lm;popn_pikapika;sdvx_vm,chunithm:8;dance_around:5;ddr:3;drs:2;gitadora:2;groove_coaster:2;iidx:6;jubeat:2;maimai_dx:6;ongeki:8;popn:3;project_diva:1;sdvx:8;taiko:4,allnet;eagate;ziv
ラウンドワン武蔵村山店,東京都武蔵村山市伊奈平３−１−１,35.7353291,139.3823619,chunithm;dance_around;ddr;drs;gitadora;iidx;maimai_dx;ongeki;other;polaris_chord;popn;sdvx,ddr_gold;gitadora_dm_arena;gitadora_gf_arena;iidx_lm;popn_pikapika;sdvx_vm,,allnet;eagate;ziv
ラウンドワン池袋店,東京都豊島区東池袋１−１４−１,35.7301352,139.7152049,chunithm;dance_around;ddr;drs;gitadora;iidx;jubeat;maimai_dx;nostalgia;ongeki;other;polaris_chord;popn;project_diva;sdvx;taiko,ddr_gold;gitadora_dm_arena;gitadora_gf_arena;iidx_lm;popn_pikapika;sdvx_vm,chunithm:16;dance_around:2;ddr:3;drs:2;gitadora:4;iidx:11;jubeat:1;maimai_dx:6;nostalgia:1;ongeki:4;polaris_chord:2;popn:7;project_diva:1;sdvx:11;taiko:4,allnet;eagate;ziv
ラウンドワン沖縄・南風原店,沖縄県島尻郡南風原町字兼城５５２番地,26.1951082,127.7209626,chunithm;ddr;drs;gitadora;groove_coaster;iidx;jubeat;maimai_dx;nostalgia;ongeki;other;polaris_chord;popn;project_diva;sdvx;wacca,ddr_gold;gitadora_dm_arena;gitadora_gf_arena;iidx_lm;popn_pikapika;sdvx_vm,,allnet;eagate;ziv
ラウンドワン沖縄・宜野湾店,沖縄県宜野湾市真志喜３−２８−８,26.2758542,127.7310091,chunithm;ddr;drs;gitadora;groove_coaster;iidx;jubeat;maimai_dx;nostalgia;ongeki;other;polaris_chord;popn;sdvx;taiko;wacca,ddr_gold;gitadora_dm_arena;gitadora_gf_arena;iidx_lm;popn_pikapika;sdvx_vm,,allnet;eagate;ziv
ラウンドワン津・高茶屋店,三重県津市高茶屋小森町２７７−８,34.6724656,136.5194702,chunithm;dance_around;ddr;gitadora;iidx;maimai_dx;ongeki;other;polaris_chord;popn;sdvx;taiko,ddr_gold;gitadora_dm_arena;gitadora_gf_arena;iidx_lm;popn_pikapika;sdvx_vm,chunithm:2;dance_around:1;ddr:1;gitadora:2;iidx:1;maimai_dx:2;ongeki:2;polaris_chord:2;popn:2;sdvx:2;taiko:2,allnet;eagate;ziv
ラウンドワン浜大津アーカス店,滋賀県大津市浜町２−１浜大津アーカス内,35.0108080,135.8666001,chunithm;ddr;gitadora;iidx;maimai_dx;ongeki;other;polaris_chord;popn;sdvx,ddr_gold;gitadora_dm_arena;gitadora_gf_arena;iidx_lm;popn_pikapika;sdvx_vm,,allnet;eagate;ziv
ラウンドワン浜松店,静岡県浜松市中央区天王町諏訪１９８１−１７,34.7379036,137.7641716,chunithm;dance_around;ddr;drs;gitadora;iidx;maimai_dx;ongeki;other;polaris_chord;popn;sdvx,ddr_gold;gitadora_dm_arena;gitadora_gf_arena;iidx_lm;popn_pikapika;sdvx_vm,,allnet;eagate;ziv
ラウンドワン熊本店,熊本県熊本市西区春日7-25-15,32.7850486,130.6775472,chunithm;dance_around;ddr;drs;gitadora;iidx;maimai_dx;nostalgia;ongeki;other;polaris_chord;popn;sdvx,ddr_gold;gitadora_dm_arena;gitadora_gf_arena;iidx_lm;popn_pikapika;sdvx_vm,,allnet;eagate;ziv
ラウンドワン町田店,東京都町田市森野１−１３−１４,35.5439665,139.4432308,chunithm;ddr;gitadora;iidx;jubeat;maimai_dx;ongeki;other;polaris_chord;popn;project_diva;sdvx,ddr_gold;gitadora_dm_arena;gitadora_gf_arena;iidx_lm;popn_pikapika;sdvx_vm,,allnet;eagate;ziv
ラウンドワン盛岡店,岩手県盛岡市盛岡駅西通２−１０−３５,39.7003942,141.1331774,chunithm;ddr;gitadora;iidx;maimai_dx;nostalgia;ongeki;other;polaris_chord;popn;sdvx,ddr_gold;gitadora_dm_arena;gitadora_gf_arena;iidx_lm;popn_pikapika;sdvx_vm,,allnet;eagate;ziv
ラウンドワン福山店,広島県福山市明神町１−９−２８,34.4892062,133.3924382,chunithm;dance_around;ddr;drs;gitadora;iidx;maimai_dx;ongeki;polaris_chord;popn;sdvx,ddr_gold;gitadora_dm_arena;gitadora_gf_arena;iidx_lm;popn_pikapika;sdvx_vm,,allnet;eagate;ziv
ラウンドワン福岡天神店,福岡県福岡市中央区天神２−６−１２,33.5894630,130.3967853,chunithm;dance_around;ddr;drs;gitadora;iidx;jubeat;maimai_dx;ongeki;polaris_chord;popn;sdvx,ddr_gold;gitadora_dm_arena;gitadora_gf_arena;iidx_lm;popn_pikapika;sdvx_vm,chunithm:1;dance_around:2;ddr:3;drs:3;gitadora:4;iidx:1;maimai_dx:1;polaris_chord:1;sdvx:1,allnet;eagate;ziv
ラウンドワン福島店,福島県福島市太田町14-18,37.7525491,140.4561307,chunithm;ddr;gitadora;iidx;jubeat;maimai_dx;nostalgia;ongeki;other;polaris_chord;popn;sdvx,ddr_gold;gitadora_dm_arena;gitadora_gf_arena;iidx_lm;popn_pikapika;sdvx_vm,,allnet;eagate;ziv
ラウンドワン秋田店,秋田県秋田市卸町１−１−２,39.7020319,140.1094121,chunithm;ddr;gitadora;iidx;jubeat;maimai_dx;nostalgia;ongeki;other;polaris_chord;popn;sdvx,ddr_gold;gitadora_dm_arena;gitadora_gf_arena;iidx_lm;popn_pikapika;sdvx_vm,,allnet;eagate;ziv
ラウンドワン習志野店,千葉県習志野市芝園１−４−５,35.6602102,140.0226100,chunithm;ddr;drs;gitadora;iidx;maimai_dx;nostalgia;ongeki;other;polaris_chord;popn;sdvx;taiko,ddr_gold;gitadora_dm_arena;gitadora_gf_arena;iidx_lm;popn_pikapika;sdvx_vm,,allnet;eagate;ziv
ラウンドワン草加店,埼玉県草加市谷塚上町２０４番１,35.8124211,139.7879027,chunithm;ddr;gitadora;iidx;maimai_dx;ongeki;other;polaris_chord;popn;sdvx,ddr_gold;gitadora_dm_arena;gitadora_gf_arena;iidx_lm;popn_pikapika;sdvx_vm,,allnet;eagate;ziv
ラウンドワン豊中店,大阪府豊中市名神口１−１−１,34.7574026,135.4656578,chunithm;ddr;gitadora;iidx;maimai_dx;ongeki;other;polaris_chord;popn;sdvx,ddr_gold;gitadora_dm_arena;gitadora_gf_arena;iidx_lm;popn_pikapika;sdvx_vm,,allnet;eagate;ziv
ラウンドワン豊橋店,愛知県豊橋市大岩町字岩田２７−２,34.7237006,137.4326113,chunithm;dance_around;ddr;gitadora;iidx;maimai_dx;ongeki;other;polaris_chord;popn;sdvx,ddr_gold;gitadora_dm_arena;gitadora_gf_arena;iidx_lm;popn_pikapika;sdvx_vm,,allnet;eagate;ziv
ラウンドワン郡山店,福島県郡山市向河原町４−５５,37.4023215,140.3956360,chunithm;ddr;gitadora;iidx;maimai_dx;nostalgia;ongeki;other;polaris_chord;popn;sdvx,ddr_gold;gitadora_dm_arena;gitadora_gf_arena;iidx_lm;popn_pikapika;sdvx_vm,,allnet;eagate;ziv
ラウンドワン金沢店,石川県金沢市横川6-120-1,36.5420630,136.6259888,chunithm;dance_around;ddr;drs;gitadora;iidx;jubeat;maimai_dx;nostalgia;ongeki;polaris_chord;popn;sdvx,ddr_gold;gitadora_dm_arena;gitadora_gf_arena;iidx_lm;popn_pikapika;sdvx_vm,dance_around:2;ddr:1;drs:2,allnet;eagate;ziv
ラウンドワン長野店,長野県長野市大字東和田８２７番地６,36.6511151,138.2254058,chunithm;dance_around;ddr;gitadora;iidx;jubeat;maimai_dx;nostalgia;ongeki;other;polaris_chord;popn;sdvx,ddr_gold;gitadora_dm_arena;gitadora_gf_arena;iidx_lm;popn_pikapika;sdvx_vm,,allnet;eagate;ziv
ラウンドワン青森店,青森県青森市浜田３−１−１,40.7986939,140.7484106,chunithm;dance_around;ddr;drs;gitadora;iidx;jubeat;maimai_dx;nostalgia;ongeki;other;polaris_chord;popn;sdvx;taiko,ddr_gold;gitadora_dm_arena;gitadora_gf_arena;iidx_lm;popn_pikapika;sdvx_vm,chunithm:4;dance_around:1;ddr:1;drs:1;gitadora:2;jubeat:2;maimai_dx:3;ongeki:4;polaris_chord:4;popn:1;sdvx:2;taiko:2,allnet;eagate;ziv
ラウンドワン静岡・駿河店,静岡県静岡市駿河区向手越１丁目１０−１,34.9509793,138.3605224,chunithm;dance_around;ddr;gitadora;iidx;maimai_dx;ongeki;other;polaris_chord;popn;sdvx,ddr_gold;gitadora_dm_arena;gitadora_gf_arena;iidx_lm;popn_pikapika;sdvx_vm,,allnet;eagate;ziv
ラウンドワン高松店,香川県高松市松島町２−７−４３,34.3389079,134.0670672,chunithm;dance_around;ddr;drs;gitadora;iidx;maimai_dx;ongeki;other;polaris_chord;popn;sdvx,ddr_gold;gitadora_dm_arena;gitadora_gf_arena;iidx_lm;popn_pikapika;sdvx_vm,,allnet;eagate;ziv
ラウンドワン高槻店,大阪府高槻市辻子３−６−４,34.8326157,135.6300541,chunithm;dance_around;ddr;gitadora;iidx;maimai_dx;ongeki;polaris_chord;popn;sdvx,ddr_gold;gitadora_dm_arena;gitadora_gf_arena;iidx_lm;popn_pikapika;sdvx_vm,,allnet;eagate
ラウンドワン高知店,高知県高知市南宝永町４−１２,33.5578349,133.5543516,chunithm;dance_around;ddr;drs;gitadora;iidx;jubeat;maimai_dx;nostalgia;ongeki;other;polaris_chord;popn;project_diva;sdvx,ddr_gold;gitadora_dm_arena;gitadora_gf_arena;iidx_lm;popn_pikapika;sdvx_vm,,allnet;eagate;ziv
ラウンドワン鳴海店,愛知県名古屋市緑区鳴海町杜若２８,35.0989113,136.9527377,chunithm;dance_around;drs;gitadora;iidx;jubeat;maimai_dx;ongeki;other;polaris_chord;popn;sdvx;taiko,gitadora_dm_arena;gitadora_gf_arena;iidx_lm;popn_pikapika;sdvx_vm,,allnet;eagate;ziv
ラウンドワン鹿児島宇宿店,鹿児島県鹿児島市宇宿2-2-2,31.5447366,130.5434185,chunithm;dance_around;ddr;drs;gitadora;iidx;jubeat;maimai_dx;nostalgia;ongeki;other;polaris_chord;popn;project_diva;sdvx,ddr_gold;gitadora_dm_arena;gitadora_gf_arena;iidx_lm;popn_pikapika;sdvx_vm,,allnet;eagate;ziv
ラウンドワンＪＲ尼崎駅前店,兵庫県尼崎市潮江１−４−５プラストいきいき館４階,34.7334158,135.4329719,chunithm;iidx;maimai_dx;ongeki;other;popn;sdvx,iidx_lm;popn_pikapika;sdvx_vm,,allnet;eagate;ziv
ラッキーバッティングドーム八千代店,千葉県八千代市大和田新田1088,35.7245286,140.0673411,chunithm;drs;gitadora;iidx;jubeat;maimai_dx;nostalgia;ongeki;polaris_chord;popn;sdvx;taiko,gitadora_dm_arena;gitadora_gf_arena;iidx_lm;popn_pikapika;sdvx_vm,,allnet;eagate
ラッキー中央店・フェリシダ,千葉県千葉市中央区富士見2-8-1,35.6102534,140.1182646,chunithm;ddr;drs;gitadora;iidx;jubeat;maimai_dx;nostalgia;ongeki;polaris_chord;popn;project_diva;pump_it_up;reflec;sdvx;taiko,ddr_gold;gitadora_dm_arena;gitadora_gf_arena;iidx_lm;popn_pikapika;sdvx_vm,,allnet;eagate;ziv
ラッキー佐倉店,千葉県佐倉市井野1475,35.7184529,140.1362184,chunithm;gitadora;iidx;maimai_dx;nostalgia;ongeki;polaris_chord;popn;sdvx;taiko,gitadora_dm_arena;gitadora_gf_arena;iidx_lm;popn_pikapika;sdvx_vm,,allnet;eagate
三冠王バッティングセンター,長崎県佐世保市相浦町２６８９−１,33.1907601,129.6529090,chunithm;ddr;gitadora;iidx;jubeat;maimai_dx;nostalgia;popn;project_diva;reflec;sdvx,iidx_lm;sdvx_vm,ddr:1;gitadora:4;iidx:1;jubeat:1;popn:1;reflec:1;sdvx:2,allnet;eagate;ziv
上越レジャーランボウル,新潟県上越市下門前薬島827-2,37.1641021,138.2489784,chunithm;ddr;iidx;maimai_dx;ongeki;other;sdvx,ddr_gold;iidx_lm;sdvx_vm,,allnet;eagate;ziv
千葉レジャーランド成東店,千葉県山武市姫島111-1,35.5884397,140.3901993,chunithm;ddr;iidx;jubeat;maimai_dx;ongeki;other;polaris_chord;popn;sdvx;taiko,ddr_gold;iidx_lm;popn_pikapika;sdvx_vm,,allnet;eagate;ziv
千葉レジャーランド野田店,千葉県野田市吉春776-1,35.9715710,139.8653064,chunithm;ddr;gitadora;iidx;jubeat;maimai_dx;nostalgia;ongeki;other;polaris_chord;popn;project_diva;sdvx;taiko,ddr_gold;gitadora_dm_arena;gitadora_gf_arena;iidx_lm;popn_pikapika;sdvx_vm,,allnet;eagate;ziv
半田メトロポリス,愛知県半田市旭町３−１１−１,34.8746637,136.9216480,chunithm;gitadora;iidx;maimai_dx;nostalgia;ongeki;other;polaris_chord;popn;project_diva;sdvx;taiko,gitadora_dm_arena;gitadora_gf_arena;iidx_lm;sdvx_vm,chunithm:3;gitadora:4;iidx:3;maimai_dx:2;nostalgia:1;ongeki:3;polaris_chord:1;popn:1;project_diva:1;sdvx:3;taiko:3,allnet;eagate;ziv
名古屋レジャーランド内田橋店,愛知県名古屋市南区内田橋2-26-22,35.1137608,136.9098442,chunithm;ddr;gitadora;iidx;jubeat;maimai_dx;nostalgia;ongeki;other;polaris_chord;popn;project_diva;sdvx;taiko,ddr_gold;gitadora_dm_arena;gitadora_gf_arena;iidx_lm;popn_pikapika;sdvx_vm,chunithm:4;ddr:2;gitadora:4;iidx:4;jubeat:1;maimai_dx:2;nostalgia:1;ongeki:4;polaris_chord:4;popn:1;project_diva:1;sdvx:4;taiko:4,allnet;eagate;ziv
埼玉レジャーランド大宮ラクーン店,埼玉県さいたま市大宮区宮町1-60 RAKUUN５階,35.9077510,139.6256804,chunithm;ddr;gitadora;iidx;maimai_dx;ongeki;other;polaris_chord;popn;sdvx;taiko,ddr_gold;gitadora_dm_arena;gitadora_gf_arena;iidx_lm;popn_pikapika;sdvx_vm,,allnet;eagate;ziv
埼玉レジャーランド大宮駅東口店,埼玉県さいたま市大宮区宮町1-8大宮セントラルビルB1F-2F,35.9079906,139.6245492,chunithm;ddr;gitadora;iidx;maimai_dx;ongeki;polaris_chord;popn;sdvx,ddr_gold;gitadora_dm_arena;gitadora_gf_arena;iidx_lm;popn_pikapika;sdvx_vm,,allnet;eagate
埼玉レジャーランド春日部店,埼玉県春日部市大字増富字谷際163-1,35.9593592,139.7292399,chunithm;ddr;gitadora;iidx;jubeat;maimai_dx;ongeki;other;polaris_chord;popn;sdvx,ddr_gold;gitadora_dm_arena;gitadora_gf_arena;iidx_lm;popn_pikapika;sdvx_vm,,allnet;eagate;ziv
大垣メトロポリス,岐阜県大垣市三塚町西沼５２３−１,35.3670652,136.6292333,chunithm;iidx;maimai_dx;nostalgia;ongeki;other;polaris_chord;sdvx,iidx_lm;sdvx_vm,,allnet;eagate;ziv
安城メトロポリス,愛知県安城市浜富町６−８,34.9551953,137.0973455,chunithm;ddr;gitadora;iidx;maimai_dx;ongeki;other;polaris_chord;popn;sdvx,ddr_gold;gitadora_dm_arena;gitadora_gf_arena;iidx_lm;popn_pikapika;sdvx_vm,,allnet;eagate;ziv
富山レジャーランド掛尾店,富山県富山市掛尾町３６０−１,36.6660317,137.2088901,chunithm;ddr;iidx;maimai_dx;popn;sdvx,ddr_gold;iidx_lm;popn_pikapika;sdvx_vm,,allnet;eagate
岐阜レジャーランド穂積店,岐阜県瑞穂市稲里630番地,35.3843322,136.6846639,chunithm;ddr;drs;gitadora;iidx;jubeat;maimai_dx;ongeki;other;polaris_chord;popn;project_diva;sdvx,ddr_gold;gitadora_dm_arena;gitadora_gf_arena;iidx_lm;popn_pikapika;sdvx_vm,,allnet;eagate;ziv
嶺宝スポーツセンター,福島県いわき市小名浜住吉折返２−２,36.9742495,140.8905580,chunithm;drs;gitadora;iidx;jubeat;maimai_dx;nostalgia;ongeki;other;popn;sdvx,gitadora_dm_arena;gitadora_gf_arena;iidx_lm;popn_pikapika;sdvx_vm,,allnet;eagate;ziv
彦根パスカ,滋賀県彦根市西沼波町１６６,35.2586299,136.2654728,chunithm;gitadora;iidx;jubeat;maimai_dx;nostalgia;ongeki;other;popn;sdvx,iidx_lm;sdvx_vm,,allnet;eagate;ziv
新宿スポーツランド本館,東京都新宿区新宿3-22-12,35.6931260,139.7018295,chunithm;gitadora;iidx;maimai_dx;ongeki;other;polaris_chord;popn;project_diva;sdvx,gitadora_dm_arena;gitadora_gf_arena;iidx_lm;popn_pikapika;sdvx_vm,,allnet;eagate;ziv
星狩物語岸和田店,大阪府岸和田市作才町1-3-2,34.4544936,135.3850002,chunithm;ddr;gitadora;iidx;maimai_dx;other;popn;reflec;sdvx,ddr_gold;iidx_lm,,allnet;eagate;ziv
最後の５ドル,福岡県糟屋郡粕屋町大字仲原2706仲原ファミリープラザ2F,33.6091366,130.4453675,chunithm;gitadora;iidx;jubeat;maimai_dx;ongeki;other;sdvx,gitadora_dm_arena;gitadora_gf_arena;iidx_lm;sdvx_vm,,allnet;eagate;ziv
東京レジャーランド亀有店,東京都葛飾区亀有3-21-2,35.7654165,139.8480115,chunithm;ddr;gitadora;iidx;maimai_dx;ongeki;popn;sdvx,ddr_gold;gitadora_dm_arena;gitadora_gf_arena;iidx_lm;popn_pikapika;sdvx_vm,chunithm:4;iidx:2;maimai_dx:2;ongeki:2;sdvx:2,allnet;eagate;ziv
東京レジャーランド吉祥寺店,東京都武蔵野市吉祥寺本町1-3-7　YSビル地下１階〜4階,35.7035980,139.5787046,chunithm;ddr;gitadora;iidx;maimai_dx;ongeki;other;popn;sdvx,ddr_gold;gitadora_dm_arena;gitadora_gf_arena;iidx_lm;popn_pikapika;sdvx_vm,,allnet;eagate;ziv
東京レジャーランド池袋店,東京都豊島区東池袋１−２９−１サントロペ池袋２階３階,35.7304887,139.7164445,chunithm;ddr;gitadora;iidx;jubeat;maimai_dx;nostalgia;ongeki;other;polaris_chord;popn;project_diva;sdvx;taiko,ddr_gold;gitadora_dm_arena;gitadora_gf_arena;iidx_lm;popn_pikapika;sdvx_vm,chunithm:10;ddr:5;gitadora:2;iidx:7;jubeat:1;maimai_dx:4;nostalgia:1;ongeki:4;popn:4;project_diva:1;sdvx:8;taiko:8,allnet;eagate;ziv
東京レジャーランド秋葉原2号店,東京都千代田区外神田4-3-3ミナミビル6F・7F,35.7008302,139.7718494,chunithm;ddr;gitadora;iidx;jubeat;maimai_dx;ongeki;other;polaris_chord;popn;sdvx;taiko,ddr_gold;gitadora_dm_arena;gitadora_gf_arena;iidx_lm;popn_pikapika;sdvx_vm,chunithm:4;ddr:7;gitadora:2;iidx:6;jubeat:3;maimai_dx:3;ongeki:4;polaris_chord:2;popn:2;sdvx:8;taiko:3,allnet;eagate;ziv
東京レジャーランド秋葉原店,東京都千代田区外神田1-9-5,35.6987469,139.7701470,chunithm;ddr;gitadora;iidx;maimai_dx;ongeki;other;polaris_chord;popn;project_diva;sdvx;taiko,ddr_gold;gitadora_dm_arena;gitadora_gf_arena;iidx_lm;popn_pikapika;sdvx_vm,chunithm:8;ddr:4;gitadora:2;iidx:12;maimai_dx:2;ongeki:5;polaris_chord:4;popn:4;project_diva:1;sdvx:8;taiko:3,allnet;eagate;ziv
東武イーストモールアミューズメントランド,北海道北見市端野町３区５７２番地１,43.8414261,143.9286964,chunithm;gitadora;iidx;maimai_dx;ongeki;sdvx,gitadora_dm_arena;gitadora_gf_arena;iidx_lm;sdvx_vm,,allnet;eagate
柏駅前ヤングボウル,千葉県柏市柏１−３−１,35.8606968,139.9712677,chunithm;jubeat;ongeki;sdvx,sdvx_vm,,allnet;eagate
楽市楽座くりえいと宗像,福岡県宗像市くりえいと１−４−４,33.8105202,130.5635801,chunithm;iidx;maimai_dx;other;sdvx,iidx_lm;sdvx_vm,,allnet;eagate;ziv
楽市楽座イオンモール宮崎店,宮崎県宮崎市新別府町江口８６２−１イオンモール宮崎店２Ｆ,31.9233540,131.4546728,chunithm;iidx;maimai_dx;other;sdvx,iidx_lm;sdvx_vm,,allnet;eagate;ziv
楽市楽座イオンモール東員店,三重県員弁郡東員町大字長深字築田５１０−１,35.0617824,136.5793554,chunithm;iidx;maimai_dx;sdvx,sdvx_vm,,allnet;eagate
楽市楽座イオンモール松本店,長野県松本市中央四丁目９番５１号,36.2340216,137.9781532,chunithm;ddr;iidx;maimai_dx;sdvx,sdvx_vm,,allnet;eagate
楽市楽座イオンモール沖縄ライカム店,沖縄県中頭郡北中城村字沖縄ﾗｲｶﾑ1ｲｵﾝﾓｰﾙ沖縄ﾗｲｶﾑ4階,26.3142859,127.7964644,chunithm;groove_coaster;iidx;maimai_dx;ongeki;sdvx;taiko,sdvx_vm,,allnet;eagate;ziv
楽市楽座イオンモール福岡伊都店,福岡県福岡市西区北原1-3-1イオンモール福岡伊都SC別館,33.5770481,130.2564028,chunithm;ddr;drs;gitadora;iidx;jubeat;maimai_dx;nostalgia;ongeki;other;polaris_chord;popn;sdvx,ddr_gold;gitadora_dm_arena;gitadora_gf_arena;iidx_lm;popn_pikapika;sdvx_vm,,allnet;eagate;ziv
楽市楽座サンストリート浜北店,静岡県浜松市浜名区平口２８６１サンストリート浜北,34.7957494,137.7611092,chunithm;ddr;drs;gitadora;iidx;jubeat;maimai_dx;ongeki;popn;project_diva;sdvx,ddr_gold;gitadora_dm_arena;gitadora_gf_arena;iidx_lm;popn_pikapika;sdvx_vm,,allnet;eagate
楽市楽座砂津店,福岡県北九州市小倉北区砂津3-1-1チャチャタウン小倉B棟3F,33.8832387,130.8890874,chunithm;iidx;maimai_dx;other;sdvx,sdvx_vm,,allnet;eagate;ziv
楽市楽座黒崎店,福岡県北九州市八幡西区桜ヶ丘町１−３フレスポ黒崎２階,33.8656842,130.7560629,chunithm;ddr;drs;gitadora;iidx;jubeat;maimai_dx;nostalgia;ongeki;other;popn;project_diva;sdvx,ddr_gold;gitadora_dm_arena;gitadora_gf_arena;iidx_lm;popn_pikapika;sdvx_vm,,allnet;eagate;ziv
楽市街道 名古屋店,愛知県北名古屋市中之郷新明４５−１,35.2398490,136.8488049,chunithm;ddr;gitadora;iidx;maimai_dx;other;sdvx;taiko,gitadora_dm_arena;gitadora_gf_arena;iidx_lm;sdvx_vm,chunithm:3;ddr:1;gitadora:2;iidx:1;maimai_dx:2;sdvx:1;taiko:2,allnet;eagate;ziv
楽市街道箱崎店,福岡県福岡市東区箱崎５丁目１番８号,33.6242624,130.4196214,chunithm;ddr;gitadora;iidx;jubeat;maimai_dx;nostalgia;ongeki;other;popn;project_diva;sdvx,ddr_gold;gitadora_dm_arena;gitadora_gf_arena;iidx_lm;popn_pikapika;sdvx_vm,,allnet;eagate;ziv
永山コパボウル,多摩市永山1-3-4ヒューマックスパビリオン6F,35.6315068,139.4479486,ddr;gitadora;iidx;popn;sdvx,ddr_gold;iidx_lm;sdvx_vm,,eagate
江戸川ヤングボウル,東京都江戸川区中央4-22-25,35.7112564,139.8694347,chunithm;maimai_dx;other;sdvx,sdvx_vm,,allnet;eagate;ziv
滋賀レジャーランド大津店,滋賀県大津市におの浜３−１−４３　イオンタウンアヤハプラザ内,35.0039335,135.8834052,chunithm;ddr;iidx;maimai_dx;ongeki;other;popn;project_diva;sdvx,ddr_gold;iidx_lm;sdvx_vm,,allnet;eagate;ziv
神奈川レジャーランド厚木店,神奈川県厚木市戸室5-31-1,35.4481120,139.3431770,chunithm;dance_evo;ddr;drs;gitadora;iidx;jubeat;maimai_dx;nostalgia;ongeki;other;polaris_chord;popn;project_diva;reflec;sdvx,ddr_gold;gitadora_dm_arena;gitadora_gf_arena;iidx_lm;popn_pikapika;sdvx_vm,,allnet;eagate;ziv
福井レジャーランド板垣店,福井県福井市下馬３−１０２,36.0423089,136.2337626,chunithm;ddr;gitadora;iidx;jubeat;maimai_dx;ongeki;other;polaris_chord;popn;sdvx,ddr_gold;gitadora_dm_arena;gitadora_gf_arena;iidx_lm;popn_pikapika;sdvx_vm,,allnet;eagate;ziv
群馬レジャーランド伊勢崎店,群馬県伊勢崎市連取町3066-1,36.3182128,139.1723709,chunithm;ddr;gitadora;iidx;jubeat;maimai_dx;ongeki;other;polaris_chord;popn;sdvx,ddr_gold;gitadora_dm_arena;gitadora_gf_arena;iidx_lm;popn_pikapika;sdvx_vm,,allnet;eagate;ziv
群馬レジャーランド前橋店,群馬県前橋市日吉町４ー３７ー１,36.4049826,139.0794233,chunithm;ddr;gitadora;iidx;maimai_dx;ongeki;polaris_chord;popn;sdvx,ddr_gold;gitadora_dm_arena;gitadora_gf_arena;iidx_lm;popn_pikapika;sdvx_vm,,allnet;eagate
群馬レジャーランド太田店,群馬県太田市西矢島町162-2,36.2681054,139.3759251,chunithm;ddr;gitadora;iidx;jubeat;maimai_dx;nostalgia;ongeki;other;polaris_chord;popn;sdvx,ddr_gold;gitadora_dm_arena;gitadora_gf_arena;iidx_lm;popn_pikapika;sdvx_vm,,allnet;eagate;ziv
群馬レジャーランド渋川店,群馬県渋川市八木原1364,36.4741949,139.0153797,chunithm;ddr;gitadora;iidx;maimai_dx;nostalgia;ongeki;other;polaris_chord;popn;sdvx,ddr_gold;gitadora_dm_arena;gitadora_gf_arena;iidx_lm;popn_pikapika;sdvx_vm,,allnet;eagate;ziv
群馬レジャーランド藤岡店,群馬県藤岡市中2002-1,36.2743443,139.0718665,chunithm;ddr;gitadora;iidx;jubeat;maimai_dx;nostalgia;ongeki;other;polaris_chord;popn;project_diva;sdvx,ddr_gold;gitadora_dm_arena;gitadora_gf_arena;iidx_lm;popn_pikapika;sdvx_vm,,allnet;eagate;ziv
群馬レジャーランド高崎駅東口店,群馬県高崎市江木町３３３−１高崎ＥＸビル,36.3298716,139.0128575,chunithm;ddr;drs;gitadora;iidx;jubeat;maimai_dx;nostalgia;ongeki;other;polaris_chord;popn;sdvx,ddr_gold;gitadora_dm_arena;gitadora_gf_arena;iidx_lm;popn_pikapika;sdvx_vm,,allnet;eagate;ziv
豊川メトロポリス,愛知県豊川市下長山町上アライ１４−１,34.8025832,137.3845019,chunithm;iidx;jubeat;maimai_dx;nostalgia;ongeki;other;polaris_chord;sdvx,iidx_lm;sdvx_vm,,allnet;eagate;ziv
遊スペース マジカル,兵庫県神戸市中央区琴ノ緒町５−２−３,34.6955046,135.1950389,chunithm;gitadora;iidx;jubeat;maimai_dx;nostalgia;ongeki;polaris_chord;popn;sdvx,gitadora_dm_arena;gitadora_gf_arena;iidx_lm;popn_pikapika;sdvx_vm,,allnet;eagate
遊ランド西御料店,北海道旭川市西御料５条２丁目,43.7238720,142.3688685,chunithm;iidx;jubeat;nostalgia;other;popn;project_diva;sdvx,sdvx_vm,,allnet;eagate;ziv
遊道楽嘉瀬店,佐賀県佐賀市嘉瀬町中原２４８８−１,33.2422048,130.2565009,chunithm;gitadora;iidx;jubeat;maimai_dx;ongeki;other;popn;project_diva;sdvx,iidx_lm;popn_pikapika;sdvx_vm,,allnet;eagate;ziv
Ａ．Ｃ．グランド,岐阜県岐阜市茜部大川1-77,35.3830948,136.7461877,chunithm;ddr;drs;gitadora;groove_coaster;iidx;jubeat;maimai_dx;nostalgia;ongeki;other;polaris_chord;popn;project_diva;pump_it_up;reflec;sdvx;taiko,ddr_gold;gitadora_dm_arena;gitadora_gf_arena;iidx_lm;popn_pikapika;sdvx_vm,chunithm:4;ddr:1;drs:1;gitadora:4;groove_coaster:1;iidx:4;jubeat:2;maimai_dx:2;nostalgia:2;ongeki:2;polaris_chord:2;popn:1;project_diva:1;pump_it_up:1;reflec:1;sdvx:4;taiko:2,allnet;eagate;ziv
ＡＤＸマミー出川店,愛知県春日井市不二ヶ丘１丁目５番地,35.2673215,137.0126718,chunithm;gitadora;iidx;jubeat;maimai_dx;ongeki;other;popn;sdvx,iidx_lm;popn_pikapika;sdvx_vm,chunithm:2;gitadora:3;iidx:4;jubeat:1;maimai_dx:1;ongeki:1;popn:1;sdvx:1,allnet;eagate;ziv
ＡＤＸマミー岡崎店,愛知県岡崎市井田新町６−１,34.9770308,137.1617195,chunithm;ddr;gitadora;iidx;jubeat;maimai_dx;ongeki;other;popn;sdvx,iidx_lm;popn_pikapika;sdvx_vm,,allnet;eagate;ziv
ＦｅｅｄｙＤｉｎｅｒ＆Ａｒｃａｄｅ茨木,大阪府茨木市松ケ本町８ー３０ー５　イオンＳＣ４Ｆ,34.8106152,135.5585385,chunithm;iidx;maimai_dx;ongeki;polaris_chord;sdvx,iidx_lm;sdvx_vm,,allnet;eagate
ＦＥＳＴＡコスモタウン佐伯店,大分県佐伯市鶴岡西町２丁目１６３番地 コスモタウン佐伯内,32.9609481,131.8662463,chunithm;maimai_dx;ongeki;other;polaris_chord;sdvx,sdvx_vm,,allnet;eagate;ziv
ＦＥＳＴＡフリーモールわさだ店,大分県大分市大字木上字鉾手２１０２番地,33.1847361,131.5680652,chunithm;maimai_dx;ongeki;other;polaris_chord;sdvx,sdvx_vm,,allnet;eagate;ziv
ＦＥＳＴＡ人吉店,熊本県人吉市宝来町１３０７−１ＨＩＴＯＹＯＳＨＩ−ＲＥＸ内,32.2120330,130.7482963,chunithm;iidx;jubeat;maimai_dx;ongeki;other;polaris_chord;reflec;sdvx,iidx_lm;sdvx_vm,,allnet;eagate;ziv
ＦＥＳＴＡ山鹿店,熊本県山鹿市方保田字鳥越3468-1,33.0046941,130.7230284,chunithm;maimai_dx;ongeki;other;polaris_chord;sdvx,sdvx_vm,,allnet;eagate;ziv
Ｇ−ｐａｌａ小倉,福岡県北九州市小倉南区上葛原1−14−1,33.8396527,130.9113355,chunithm;ddr;iidx;jubeat;maimai_dx;ongeki;other;polaris_chord;popn;project_diva;sdvx,ddr_gold;iidx_lm;sdvx_vm,,allnet;eagate;ziv
Ｇ−ｐａｌａ日田,大分県日田市友田997-1,33.3258135,130.9116595,chunithm;iidx;jubeat;maimai_dx;nostalgia;ongeki;other;polaris_chord;reflec;sdvx,iidx_lm;sdvx_vm,,allnet;eagate;ziv
Ｇ−ＳＴＡＧＥ七隈店,福岡県福岡市城南区七隈８−４−８,33.5512334,130.3643444,chunithm;gitadora;iidx;maimai_dx;ongeki;other;popn;sdvx,iidx_lm;popn_pikapika;sdvx_vm,,allnet;eagate;ziv
Ｇ−ＳＴＡＧＥ小倉,福岡県北九州市小倉北区浅野2-14-5あるあるCITY2階,33.8875419,130.8847304,chunithm;gitadora;iidx;jubeat;maimai_dx;nostalgia;ongeki;other;polaris_chord;popn;sdvx,gitadora_dm_arena;gitadora_gf_arena;iidx_lm;popn_pikapika;sdvx_vm,,allnet;eagate;ziv
Ｇ−ＳＴＡＧＥ飯塚店,福岡県飯塚市枝国６８０−２,33.6364868,130.6760254,chunithm;iidx;maimai_dx;ongeki;other;popn;sdvx,iidx_lm;popn_pikapika;sdvx_vm,,allnet;eagate;ziv
ＧＡＭＥＢＡＮＫ仙台泉店,宮城県仙台市泉区大沢２−５−４,38.3527525,140.8774030,chunithm;ddr;drs;gitadora;iidx;jubeat;maimai_dx;nostalgia;ongeki;other;popn;project_diva;sdvx,gitadora_dm_arena;iidx_lm;sdvx_vm,,allnet;eagate;ziv
ＧｉＧＯあべのアポロ３Ｆ,大阪府大阪市阿倍野区阿倍野筋１‐５‐３１　アポロビル３Ｆ,34.6465681,135.5117823,chunithm;ddr;gitadora;iidx;maimai_dx;ongeki;other;polaris_chord;popn;sdvx,ddr_gold;gitadora_dm_arena;gitadora_gf_arena;iidx_lm;popn_pikapika;sdvx_vm,,allnet;eagate;ziv
ＧｉＧＯすすきの,北海道札幌市中央区南３条西４丁目１ー１,43.0564347,141.3528307,chunithm;ddr;iidx;maimai_dx;ongeki;popn;sdvx,ddr_gold;iidx_lm;popn_pikapika;sdvx_vm,,allnet;eagate
ＧｉＧＯひたちなか,茨城県ひたちなか市田中後４０−２,36.3475077,140.5800894,chunithm;gitadora;iidx;maimai_dx;ongeki;other;polaris_chord;sdvx,iidx_lm;sdvx_vm,,allnet;eagate;ziv
ＧｉＧＯアルパーク北棟,広島県広島市西区草津南４ー７ー１アルパーク北棟２Ｆ,34.3755120,132.3933319,chunithm;drs;gitadora;iidx;jubeat;maimai_dx;nostalgia;ongeki;other;polaris_chord;project_diva;sdvx,iidx_lm;sdvx_vm,,allnet;eagate;ziv
ＧｉＧＯイオンタウン刈谷,愛知県刈谷市東境町京和１,35.0388079,137.0267692,chunithm;iidx;maimai_dx;ongeki;other;sdvx;taiko,iidx_lm;sdvx_vm,chunithm:2;iidx:1;maimai_dx:2;ongeki:2;sdvx:1;taiko:1,allnet;eagate;ziv
ＧｉＧＯイオンモール岡山,岡山県岡山市北区下石井１−２−１イオンモール岡山６Ｆ,34.6620437,133.9177953,chunithm;iidx;maimai_dx;ongeki;other;polaris_chord;popn;sdvx,iidx_lm;popn_pikapika;sdvx_vm,,allnet;eagate;ziv
ＧｉＧＯイオンモール新発田,新潟県新発田市住吉町５‐１１‐５イオンモール新発田店２Ｆ,37.9425520,139.3088201,chunithm;ddr;iidx;maimai_dx;ongeki;polaris_chord;popn;sdvx,iidx_lm;sdvx_vm,,allnet;eagate
ＧｉＧＯイオンモール苫小牧,北海道苫小牧市柳町３丁目１番２０号イオンモール苫小牧２階,42.6563187,141.6420372,chunithm;gitadora;iidx;jubeat;maimai_dx;ongeki;other;polaris_chord;popn;sdvx,iidx_lm;popn_pikapika;sdvx_vm,,allnet;eagate;ziv
ＧｉＧＯイオン仙台中山,宮城県仙台市泉区南中山１−３５−５７別館３Ｆ,38.2978961,140.8270835,chunithm;ddr;iidx;maimai_dx;ongeki;other;sdvx,ddr_gold;iidx_lm;sdvx_vm,,allnet;eagate;ziv
ＧｉＧＯイオン新浦安ショッピングセンター,千葉県浦安市入船１−４−１イオン新浦安ＳＣ４Ｆ,35.6489954,139.9149219,chunithm;iidx;maimai_dx;other;sdvx;taiko,iidx_lm;sdvx_vm,,allnet;eagate;ziv
ＧｉＧＯイオン札幌手稲駅前ＳＣ,北海道札幌市手稲区前田１条１１丁目３階,43.1205333,141.2454205,chunithm;ddr;iidx;maimai_dx;ongeki;polaris_chord;popn;sdvx,ddr_gold;iidx_lm;sdvx_vm,,allnet;eagate
ＧｉＧＯエイスクエア草津,滋賀県草津市西渋川１−２３−２３エイスクエアＳＡＲＡ南館２階,35.0242214,135.9597829,chunithm;iidx;maimai_dx;ongeki;other;polaris_chord;sdvx,iidx_lm;sdvx_vm,,allnet;eagate;ziv
ＧｉＧＯサントムーン柿田川,静岡県駿東郡清水町玉川６１−２サントムーン柿田川２Ｆ,35.1097737,138.9030008,chunithm;iidx;maimai_dx;nostalgia;ongeki;other;polaris_chord;popn;sdvx,iidx_lm;popn_pikapika;sdvx_vm,,allnet;eagate;ziv
ＧｉＧＯショッピングセンターチェリオ鹿嶋,茨城県鹿嶋市宮中２９０−１ショッピングセンターチェリオ１階,35.9595986,140.6437542,chunithm;iidx;maimai_dx;ongeki;other;polaris_chord;sdvx,iidx_lm;sdvx_vm,,allnet;eagate;ziv
ＧｉＧＯスマーク伊勢崎,群馬県伊勢崎市西小保方町３６８スマーク伊勢崎３Ｆ　３０２区画,36.3391744,139.2330425,chunithm;drs;iidx;jubeat;maimai_dx;nostalgia;ongeki;other;polaris_chord;project_diva;sdvx,iidx_lm;sdvx_vm,,allnet;eagate;ziv
ＧｉＧＯセンター南,神奈川県横浜市都筑区茅ヶ崎中央３−２５,35.5446019,139.5746394,chunithm;iidx;maimai_dx;ongeki;other;polaris_chord;popn;sdvx,iidx_lm;popn_pikapika;sdvx_vm,,allnet;eagate;ziv
ＧｉＧＯデイズタウンつくば,茨城県つくば市竹園１-９−２デイズタウンつくば地下１Ｆ,36.0777294,140.1153316,chunithm;ddr;drs;gitadora;iidx;jubeat;maimai_dx;nostalgia;ongeki;other;polaris_chord;popn;project_diva;reflec;sdvx,ddr_gold;gitadora_dm_arena;gitadora_gf_arena;iidx_lm;popn_pikapika;sdvx_vm,ddr:3;drs:1;iidx:2;jubeat:8,allnet;eagate;ziv
ＧｉＧＯトナリエ四日市,三重県四日市市安島１丁目３番３１号トナリエ四日市５階,34.9686061,136.6166547,chunithm;crossbeats;drs;groove_coaster;iidx;jubeat;maimai_dx;ongeki;other;polaris_chord;project_diva;sdvx;taiko,iidx_lm;sdvx_vm,,allnet;eagate;ziv
ＧｉＧＯドリームタウン白樺,北海道帯広市白樺１６条西２丁目ドリームタウン白樺１階,42.9194181,143.1743325,chunithm;ddr;gitadora;iidx;maimai_dx;ongeki;other;polaris_chord;popn;project_diva;sdvx,ddr_gold;iidx_lm;popn_pikapika;sdvx_vm,,allnet;eagate;ziv
ＧｉＧＯフジモール吹上,埼玉県鴻巣市袋９０ー１　２階,36.0994301,139.4732970,chunithm;gitadora;iidx;maimai_dx;ongeki;polaris_chord;sdvx,iidx_lm;sdvx_vm,,allnet;eagate
ＧｉＧＯマーケットスクエアささしま,愛知県名古屋市中村区平池町４丁目６０番地１４号,35.1626230,136.8849364,chunithm;ddr;gitadora;iidx;jubeat;maimai_dx;nostalgia;ongeki;other;polaris_chord;popn;project_diva;sdvx;taiko,ddr_gold;gitadora_dm_arena;gitadora_gf_arena;iidx_lm;popn_pikapika;sdvx_vm,chunithm:6;ddr:2;gitadora:2;iidx:4;jubeat:1;maimai_dx:5;nostalgia:2;ongeki:4;polaris_chord:2;popn:1;project_diva:1;sdvx:4;taiko:3,allnet;eagate;ziv
ＧｉＧＯマーゴ関,岐阜県関市倉知５１６,35.4796478,136.9006802,chunithm;iidx;maimai_dx;nostalgia;ongeki;other;polaris_chord;project_diva;sdvx,iidx_lm;sdvx_vm,,allnet;eagate;ziv
ＧｉＧＯ万代シテイバスセンタービル,新潟県新潟市中央区万代１丁目６番１号,37.9163632,139.0556101,chunithm;iidx;maimai_dx;ongeki;polaris_chord;sdvx,iidx_lm;sdvx_vm,,allnet;eagate
ＧｉＧＯ三宮北口,兵庫県神戸市中央区北長狭通一丁目８番１号,34.6931201,135.1921928,chunithm;gitadora;iidx;maimai_dx;ongeki;other;polaris_chord;popn;sdvx,iidx_lm;popn_pikapika;sdvx_vm,,allnet;eagate;ziv
ＧｉＧＯ中間,福岡県中間市上蓮花寺３−１−１,33.8230744,130.7216062,chunithm;iidx;maimai_dx;ongeki;other;polaris_chord;project_diva;sdvx,iidx_lm;sdvx_vm,,allnet;eagate;ziv
ＧｉＧＯ仙台,宮城県仙台市青葉区中央２−５−５三経６０ビル,38.2616214,140.8767359,chunithm;ddr;drs;iidx;maimai_dx;nostalgia;ongeki;other;polaris_chord;popn;project_diva;sdvx,ddr_gold;iidx_lm;popn_pikapika;sdvx_vm,,allnet;eagate;ziv
ＧｉＧＯ仙台一番町,宮城県仙台市青葉区一番町４丁目５番１３号サンシャインビル１階,38.2641347,140.8711617,chunithm;ddr;gitadora;iidx;maimai_dx;ongeki;other;polaris_chord;popn;sdvx,ddr_gold;gitadora_dm_arena;gitadora_gf_arena;iidx_lm;popn_pikapika;sdvx_vm,,allnet;eagate;ziv
ＧｉＧＯ伊勢,三重県伊勢市中須町６６６,34.4921013,136.6780636,chunithm;crossbeats;groove_coaster;iidx;jubeat;maimai_dx;nostalgia;ongeki;other;polaris_chord;project_diva;sdvx;taiko,iidx_lm;sdvx_vm,chunithm:4;crossbeats:1;groove_coaster:1;iidx:1;jubeat:1;maimai_dx:2;nostalgia:2;ongeki:4;polaris_chord:2;project_diva:2;sdvx:1;taiko:1,allnet;eagate;ziv
ＧｉＧＯ会津若松,福島県会津若松市町北町上荒久田字宮下１４２,37.5183115,139.9221731,chunithm;ddr;iidx;maimai_dx;ongeki;other;polaris_chord;popn;sdvx,ddr_gold;iidx_lm;popn_pikapika;sdvx_vm,,allnet;eagate;ziv
ＧｉＧＯ入間,埼玉県入間市東藤沢２−１８,35.8192054,139.4181179,chunithm;gitadora;iidx;jubeat;maimai_dx;nostalgia;ongeki;other;polaris_chord;project_diva;sdvx,iidx_lm;sdvx_vm,,allnet;eagate;ziv
ＧｉＧＯ八戸,青森県八戸市城下４−２５−１４,40.5199277,141.4982922,chunithm;iidx;maimai_dx;ongeki;other;sdvx,iidx_lm;sdvx_vm,,allnet;eagate;ziv
ＧｉＧＯ八柱,千葉県松戸市日暮１−１−１八柱駅第２ビル２Ｆ,35.7913772,139.9377874,chunithm;ddr;iidx;jubeat;maimai_dx;ongeki;other;polaris_chord;popn;sdvx;taiko,ddr_gold;iidx_lm;popn_pikapika;sdvx_vm,,allnet;eagate;ziv
ＧｉＧＯ八王子高倉,東京都八王子市高倉町５５‐４,35.6650608,139.3664651,chunithm;iidx;jubeat;maimai_dx;nostalgia;ongeki;polaris_chord;popn;project_diva;sdvx,iidx_lm;popn_pikapika;sdvx_vm,,allnet;eagate
ＧｉＧＯ別府,大分県別府市餅ヶ浜町１６１−２,33.2955437,131.5030742,chunithm;iidx;maimai_dx;ongeki;other;project_diva;sdvx,iidx_lm;sdvx_vm,,allnet;eagate;ziv
ＧｉＧＯ利府,宮城県宮城郡利府町加瀬字新前谷地５５−１,38.3280286,140.9756113,chunithm;ddr;iidx;maimai_dx;ongeki;other;popn;sdvx,ddr_gold;iidx_lm;popn_pikapika;sdvx_vm,,allnet;eagate;ziv
ＧｉＧＯ北岡崎,愛知県岡崎市錦町２番地４,34.9733728,137.1599159,chunithm;ddr;drs;gitadora;iidx;jubeat;maimai_dx;nostalgia;ongeki;other;polaris_chord;popn;project_diva;sdvx,ddr_gold;gitadora_dm_arena;gitadora_gf_arena;iidx_lm;popn_pikapika;sdvx_vm,,allnet;eagate;ziv
ＧｉＧＯ北見,北海道北見市西三輪５丁目１番地１６号,43.7965975,143.8426114,chunithm;ddr;gitadora;iidx;jubeat;maimai_dx;ongeki;other;polaris_chord;popn;sdvx;taiko,ddr_gold;iidx_lm;sdvx_vm,,allnet;eagate;ziv
ＧｉＧＯ名取,宮城県名取市飯野坂字土城堀５７−１,38.1565615,140.8883654,chunithm;iidx;maimai_dx;ongeki;other;sdvx,iidx_lm;sdvx_vm,,allnet;eagate;ziv
ＧｉＧＯ大宮西口,埼玉県さいたま市大宮区桜木町二丁目３番地２,35.9069124,139.6221862,chunithm;iidx;maimai_dx;ongeki;sdvx,iidx_lm;sdvx_vm,,allnet;eagate
ＧｉＧＯ大森,東京都大田区山王２−１−５大森駅ララビル２Ｆ,35.5900117,139.7284234,chunithm;ddr;gitadora;iidx;jubeat;maimai_dx;ongeki;other;polaris_chord;popn;project_diva;sdvx,ddr_gold;gitadora_dm_arena;gitadora_gf_arena;iidx_lm;popn_pikapika;sdvx_vm,,allnet;eagate;ziv
ＧｉＧＯ大阪第４ビル,大阪府大阪市北区梅田１−１１−４駅前第４ビルＢ１Ｆ,34.6997459,135.4995034,chunithm;iidx;ongeki;other;polaris_chord;sdvx,iidx_lm;sdvx_vm,,allnet;eagate;ziv
ＧｉＧＯ大阪道頓堀本店,大阪府大阪市中央区道頓堀１丁目８番２２号道頓座ビル１〜３Ｆ,34.6684903,135.5016990,chunithm;ddr;gitadora;iidx;maimai_dx;ongeki;polaris_chord;project_diva;sdvx;taiko,ddr_gold;gitadora_dm_arena;gitadora_gf_arena;iidx_lm;sdvx_vm,chunithm:6;ddr:2;gitadora:2;iidx:3;maimai_dx:8;ongeki:2;polaris_chord:4;project_diva:1;sdvx:4;taiko:8,allnet;eagate;ziv
ＧｉＧＯ天童,山形県天童市南町１−５−２６,38.3429386,140.3741282,chunithm;ddr;drs;gitadora;iidx;jubeat;maimai_dx;nostalgia;ongeki;other;polaris_chord;popn;project_diva;sdvx,ddr_gold;iidx_lm;sdvx_vm,,allnet;eagate;ziv
ＧｉＧＯ姫路駅前,兵庫県姫路市駅前町２５４姫路ＯＳビルＢ１Ｆ,34.8288891,134.6911463,chunithm;iidx;maimai_dx;ongeki;polaris_chord;popn;sdvx;taiko,iidx_lm;popn_pikapika;sdvx_vm,chunithm:4;iidx:2;maimai_dx:3;ongeki:4;polaris_chord:2;popn:1;sdvx:1;taiko:3,allnet;eagate;ziv
ＧｉＧＯ宇都宮,栃木県宇都宮市東宿郷５−１−７,36.5583104,139.9088155,chunithm;ddr;drs;gitadora;iidx;jubeat;maimai_dx;nostalgia;ongeki;other;polaris_chord;popn;project_diva;sdvx,ddr_gold;gitadora_dm_arena;gitadora_gf_arena;iidx_lm;popn_pikapika;sdvx_vm,,allnet;eagate;ziv
ＧｉＧＯ安城,愛知県安城市百石町２−３５−１３,34.9473926,137.0731591,chunithm;iidx;maimai_dx;ongeki;other;sdvx,iidx_lm;sdvx_vm,,allnet;eagate;ziv
ＧｉＧＯ小山,栃木県小山市東城南１−１−１８,36.2989766,139.8101635,chunithm;iidx;maimai_dx;nostalgia;ongeki;other;polaris_chord;project_diva;sdvx,iidx_lm;sdvx_vm,,allnet;eagate;ziv
ＧｉＧＯ尾西,愛知県一宮市篭屋３−９−７アソビックスびさい１Ｆ,35.3092178,136.7715210,chunithm;gitadora;iidx;maimai_dx;ongeki;other;polaris_chord;sdvx;taiko,iidx_lm;sdvx_vm,chunithm:3;gitadora:2;iidx:2;maimai_dx:3;ongeki:2;polaris_chord:2;sdvx:2;taiko:2,allnet;eagate;ziv
ＧｉＧＯ布施,大阪府東大阪市長堂１−１−１ロンモール布施内,34.6641110,135.5627449,chunithm;ddr;drs;gitadora;iidx;jubeat;maimai_dx;nostalgia;ongeki;other;polaris_chord;popn;project_diva;sdvx,ddr_gold;iidx_lm;popn_pikapika;sdvx_vm,,allnet;eagate;ziv
ＧｉＧＯ帯広稲田,北海道帯広市稲田町南八線西１２−１スズランボウル１・２階,42.8902056,143.1964602,chunithm;iidx;maimai_dx;ongeki;other;polaris_chord;sdvx,iidx_lm;sdvx_vm,,allnet;eagate;ziv
ＧｉＧＯ幕張,千葉県千葉市美浜区ひび野１−８メッセ・アミューズ・モール１Ｆ,35.6499867,140.0426445,chunithm;ddr;gitadora;iidx;jubeat;maimai_dx;ongeki;other;polaris_chord;popn;project_diva;sdvx;taiko,ddr_gold;iidx_lm;popn_pikapika;sdvx_vm,chunithm:4;gitadora:2;maimai_dx:2;ongeki:2;project_diva:2;sdvx:1,allnet;eagate;ziv
ＧｉＧＯ広,広島県呉市広中町１−９,34.2285551,132.6294083,chunithm;gitadora;iidx;jubeat;maimai_dx;ongeki;other;polaris_chord;popn;sdvx,iidx_lm;sdvx_vm,,allnet;eagate;ziv
ＧｉＧＯ成増,東京都板橋区成増２ー１７ー２４五曠第６ビル,35.7774582,139.6312607,chunithm;ddr;gitadora;iidx;maimai_dx;nostalgia;ongeki;polaris_chord;popn;project_diva;sdvx,ddr_gold;iidx_lm;popn_pikapika;sdvx_vm,,allnet;eagate
ＧｉＧＯ所沢,埼玉県所沢市日吉町８−１,35.7884760,139.4718990,chunithm;iidx;maimai_dx;nostalgia;ongeki;other;polaris_chord;project_diva;sdvx,iidx_lm;sdvx_vm,,allnet;eagate;ziv
ＧｉＧＯ新宿西口,東京都新宿区西新宿１−１２−５Ｂ１Ｆ・１Ｆ,35.6895292,139.6973700,chunithm;iidx;maimai_dx;ongeki;other;polaris_chord;popn;sdvx;taiko,iidx_lm;popn_pikapika;sdvx_vm,chunithm:6;iidx:4;maimai_dx:2;ongeki:4;polaris_chord:2;sdvx:4;taiko:3,allnet;eagate;ziv
ＧｉＧＯ新庄,山形県新庄市金沢１０６８,38.7646694,140.3084662,chunithm;gitadora;iidx;jubeat;maimai_dx;other;polaris_chord;popn;sdvx,iidx_lm;sdvx_vm,,allnet;eagate;ziv
ＧｉＧＯ新杉田,神奈川県横浜市磯子区杉田１−１−１らびすた新杉田２Ｆ,35.3860689,139.6188885,chunithm;iidx;maimai_dx;ongeki;other;polaris_chord;popn;project_diva;sdvx,iidx_lm;popn_pikapika;sdvx_vm,,allnet;eagate;ziv
ＧｉＧＯ明石,兵庫県明石市魚住町清水２４６４−１,34.7200565,134.8968320,chunithm;drs;gitadora;maimai_dx;ongeki;other;sdvx,,,allnet;eagate;ziv
ＧｉＧＯ春日井,愛知県春日井市岩野町４１８０,35.2695446,136.9605146,chunithm;drs;groove_coaster;iidx;jubeat;maimai_dx;nostalgia;ongeki;other;project_diva;sdvx;taiko;wacca,iidx_lm;sdvx_vm,chunithm:3;drs:1;groove_coaster:1;iidx:1;jubeat:1;maimai_dx:2;nostalgia:1;ongeki:4;project_diva:1;sdvx:1;taiko:1;wacca:1,allnet;eagate;ziv
ＧｉＧＯ本厚木,神奈川県厚木市中町４−１５−９,35.4390462,139.3619056,chunithm;gitadora;iidx;jubeat;maimai_dx;ongeki;other;polaris_chord;sdvx,iidx_lm;sdvx_vm,,allnet;eagate;ziv
ＧｉＧＯ本藤沢,神奈川県藤沢市本藤沢５‐６‐８,35.3580369,139.4681074,chunithm;iidx;jubeat;maimai_dx;ongeki;polaris_chord;popn;sdvx,iidx_lm;sdvx_vm,,allnet;eagate
ＧｉＧＯ札幌駅西口,北海道札幌市北区北６条西６丁目１‐１,43.0675310,141.3462795,chunithm;ddr;gitadora;iidx;maimai_dx;ongeki;other;popn;sdvx;taiko,ddr_gold;gitadora_dm_arena;gitadora_gf_arena;iidx_lm;popn_pikapika;sdvx_vm,chunithm:2;ddr:1;gitadora:2;iidx:4;maimai_dx:2;ongeki:2;sdvx:4;taiko:2,allnet;eagate;ziv
ＧｉＧＯ枚方,大阪府枚方市須山町８３−１サンシャインプラザ枚方内,34.8196428,135.6755727,chunithm;iidx;maimai_dx;nostalgia;ongeki;other;project_diva;sdvx,iidx_lm;sdvx_vm,,allnet;eagate;ziv
ＧｉＧＯ柳津,岐阜県岐阜市柳津町上佐波西３‐６８,35.3759691,136.7145600,chunithm;gitadora;iidx;maimai_dx;ongeki;other;popn;sdvx;taiko,gitadora_dm_arena;gitadora_gf_arena;iidx_lm;sdvx_vm,chunithm:3;gitadora:2;iidx:1;maimai_dx:2;ongeki:3;popn:1;sdvx:1;taiko:1,allnet;eagate;ziv
ＧｉＧＯ桑名,三重県桑名市江場１５７８,35.0531263,136.6824919,chunithm;iidx;maimai_dx;ongeki;other;polaris_chord;sdvx;taiko,iidx_lm;sdvx_vm,,allnet;eagate;ziv
ＧｉＧＯ水戸,茨城県水戸市宮町１−７−４４コムボックス３１０,36.3694663,140.4745213,chunithm;ddr;drs;gitadora;iidx;jubeat;maimai_dx;nostalgia;ongeki;other;polaris_chord;popn;project_diva;sdvx,ddr_gold;iidx_lm;popn_pikapika;sdvx_vm,,allnet;eagate;ziv
ＧｉＧＯ水戸南,茨城県水戸市千波町２０１７−１,36.3503245,140.4430002,chunithm;ddr;gitadora;iidx;jubeat;maimai_dx;nostalgia;ongeki;other;polaris_chord;popn;project_diva;sdvx,iidx_lm;popn_pikapika;sdvx_vm,,allnet;eagate;ziv
ＧｉＧＯ海田,広島県安芸郡海田町南大正町３−３５,34.3676366,132.5336741,chunithm;iidx;maimai_dx;ongeki;other;polaris_chord;project_diva;sdvx,iidx_lm;sdvx_vm,,allnet;eagate;ziv
ＧｉＧＯ海老名,神奈川県海老名市中央一丁目４番３１号海老名プラザビル１階,35.4515535,139.3925418,chunithm;iidx;maimai_dx;ongeki;other;polaris_chord;project_diva;sdvx,iidx_lm;sdvx_vm,,allnet;eagate;ziv
ＧｉＧＯ渋谷宮益坂,東京都渋谷区渋谷１−１４−１４ＥＳＴ１階・７階,35.6600164,139.7025897,chunithm;ddr;iidx;jubeat;maimai_dx;nostalgia;ongeki;other;polaris_chord;popn;project_diva;sdvx;taiko,ddr_gold;iidx_lm;popn_pikapika;sdvx_vm,chunithm:5;ddr:1;iidx:2;jubeat:1;maimai_dx:2;nostalgia:2;ongeki:1;polaris_chord:2;project_diva:1;sdvx:2;taiko:5,allnet;eagate;ziv
ＧｉＧＯ港北インター,神奈川県横浜市都筑区東方町３２１‐６,35.5192486,139.5847936,chunithm;gitadora;iidx;maimai_dx;ongeki;polaris_chord;popn;sdvx,gitadora_dm_arena;gitadora_gf_arena;iidx_lm;popn_pikapika;sdvx_vm,,allnet;eagate
ＧｉＧＯ町田,東京都町田市原町田６−１３ー１７アーバンミサワビルＢ１,35.5438675,139.4469818,chunithm;ddr;iidx;maimai_dx;ongeki;other;polaris_chord;popn;project_diva;sdvx,ddr_gold;iidx_lm;popn_pikapika;sdvx_vm,,allnet;eagate;ziv
ＧｉＧＯ相模原,神奈川県相模原市中央区中央２−１−５,35.5735451,139.3710572,chunithm;ddr;gitadora;iidx;maimai_dx;ongeki;other;polaris_chord;popn;project_diva;sdvx,ddr_gold;iidx_lm;popn_pikapika;sdvx_vm,,allnet;eagate;ziv
ＧｉＧＯ相模大野,神奈川県相模原市南区相模大野３−１３−２東和ビル２Ｆ・３Ｆ,35.5321942,139.4358387,chunithm;ddr;gitadora;iidx;jubeat;maimai_dx;nostalgia;ongeki;other;polaris_chord;popn;project_diva;sdvx,ddr_gold;gitadora_dm_arena;gitadora_gf_arena;iidx_lm;popn_pikapika;sdvx_vm,,allnet;eagate;ziv
ＧｉＧＯ神栖,茨城県神栖市神栖１ー８−１,35.8979951,140.6444094,chunithm;gitadora;iidx;jubeat;maimai_dx;nostalgia;ongeki;other;polaris_chord;popn;sdvx,iidx_lm;sdvx_vm,,allnet;eagate;ziv
ＧｉＧＯ神楽坂,東京都新宿区神楽坂２−１１第２カグラヒルズ１Ｆ,35.7010372,139.7420111,chunithm;iidx;maimai_dx;ongeki;other;polaris_chord;popn;sdvx;taiko,iidx_lm;popn_pikapika;sdvx_vm,chunithm:4;iidx:2;maimai_dx:2;ongeki:3;polaris_chord:2;popn:1;sdvx:2;taiko:4,allnet;eagate;ziv
ＧｉＧＯ福井,福井県福井市丸山１−４１０,36.0733531,136.2429894,chunithm;gitadora;iidx;maimai_dx;nostalgia;ongeki;other;project_diva;sdvx,iidx_lm;sdvx_vm,,allnet;eagate;ziv
ＧｉＧＯ福岡天神,福岡県福岡市中央区天神２−７−６ＤＡＤＡビル,33.5898893,130.3966097,chunithm;ddr;drs;gitadora;iidx;maimai_dx;nostalgia;ongeki;other;polaris_chord;popn;project_diva;sdvx,ddr_gold;gitadora_dm_arena;gitadora_gf_arena;iidx_lm;popn_pikapika;sdvx_vm,,allnet;eagate;ziv
ＧｉＧＯ福島南,福島県福島市黒岩字中島７−２,37.7277789,140.4671413,chunithm;ddr;iidx;maimai_dx;ongeki;other;polaris_chord;popn;sdvx,ddr_gold;iidx_lm;popn_pikapika;sdvx_vm,,allnet;eagate;ziv
ＧｉＧＯ福生,東京都福生市福生１０７６−１,35.7447000,139.3242870,chunithm;gitadora;iidx;maimai_dx;ongeki;other;polaris_chord;project_diva;sdvx,iidx_lm;sdvx_vm,,allnet;eagate;ziv
ＧｉＧＯ秋葉原３号館,東京都千代田区外神田１‐１１‐１１外神田１丁目ビルディング,35.6992573,139.7709038,chunithm;ddr;drs;gitadora;iidx;jubeat;maimai_dx;nostalgia;ongeki;other;polaris_chord;popn;project_diva;reflec;sdvx;taiko,ddr_gold;gitadora_dm_arena;gitadora_gf_arena;iidx_lm;popn_pikapika;sdvx_vm,chunithm:12;ddr:4;drs:2;gitadora:2;iidx:8;jubeat:1;maimai_dx:3;nostalgia:1;ongeki:6;polaris_chord:8;popn:1;project_diva:1;reflec:1;sdvx:8;taiko:6,allnet;eagate;ziv
ＧｉＧＯ立川,東京都立川市柴崎町３−２−１サザンビル１・２Ｆ,35.6975104,139.4146195,chunithm;iidx;maimai_dx;ongeki;other;polaris_chord;popn;project_diva;sdvx;taiko,iidx_lm;popn_pikapika;sdvx_vm,chunithm:4;project_diva:2;taiko:2,allnet;eagate;ziv
ＧｉＧＯ立石,東京都葛飾区立石７丁目３番６号リ・セブン,35.7396004,139.8494377,chunithm;iidx;maimai_dx;ongeki;sdvx,iidx_lm;sdvx_vm,,allnet;eagate
ＧｉＧＯ竹の塚,東京都足立区竹の塚６−８−６ピーくんＰｌａｚａ−ｂ,35.7947506,139.7924968,chunithm;iidx;maimai_dx;ongeki;other;polaris_chord;sdvx,iidx_lm;sdvx_vm,,allnet;eagate;ziv
ＧｉＧＯ米沢,山形県米沢市大字花沢字タナコ原１７７,37.9109365,140.1336702,chunithm;iidx;maimai_dx;ongeki;other;polaris_chord;popn;sdvx,iidx_lm;sdvx_vm,,allnet;eagate;ziv
ＧｉＧＯ綱島,神奈川県横浜市港北区綱島西２−６−２９,35.5363864,139.6328782,chunithm;ddr;gitadora;iidx;jubeat;maimai_dx;nostalgia;ongeki;other;polaris_chord;popn;project_diva;sdvx,ddr_gold;gitadora_dm_arena;gitadora_gf_arena;iidx_lm;popn_pikapika;sdvx_vm,,allnet;eagate;ziv
ＧｉＧＯ総本店,東京都豊島区東池袋一丁目１３番６号,35.7295307,139.7147102,chunithm;ddr;drs;gitadora;iidx;jubeat;maimai_dx;nostalgia;ongeki;other;polaris_chord;popn;project_diva;sdvx;taiko,ddr_gold;gitadora_dm_arena;gitadora_gf_arena;iidx_lm;popn_pikapika;sdvx_vm,chunithm:1;ddr:3;drs:1;gitadora:2;iidx:1;jubeat:1;maimai_dx:6;ongeki:6;polaris_chord:8;popn:1;sdvx:1;taiko:1,allnet;eagate;ziv
ＧｉＧＯ自由が丘,東京都目黒区自由が丘２ー１０ー９,35.6084441,139.6675657,chunithm;gitadora;iidx;maimai_dx;ongeki;popn;project_diva;sdvx;taiko,iidx_lm;popn_pikapika;sdvx_vm,iidx:1;maimai_dx:2;ongeki:1;project_diva:1;sdvx:1;taiko:2,allnet;eagate;ziv
ＧｉＧＯ船堀,東京都江戸川区船堀１ー６ー１１,35.6848536,139.8638638,chunithm;gitadora;iidx;maimai_dx;nostalgia;ongeki;other;polaris_chord;project_diva;sdvx,iidx_lm;sdvx_vm,,allnet;eagate;ziv
ＧｉＧＯ西那須野,栃木県那須塩原市南郷屋２−１０６−２７,36.8951190,139.9822381,chunithm;gitadora;iidx;maimai_dx;nostalgia;ongeki;other;polaris_chord;project_diva;sdvx,iidx_lm;sdvx_vm,,allnet;eagate;ziv
ＧｉＧＯ調布,東京都調布市布田４丁目２ー４,35.6509849,139.5442311,chunithm;ddr;gitadora;iidx;maimai_dx;ongeki;polaris_chord;sdvx,ddr_gold;iidx_lm;sdvx_vm,,allnet;eagate
ＧｉＧＯ豊橋飯村,愛知県豊橋市飯村町字西山２５−１２１,34.7490943,137.4138729,chunithm;iidx;maimai_dx;ongeki;other;polaris_chord;sdvx,iidx_lm;sdvx_vm,,allnet;eagate;ziv
ＧｉＧＯ豊田,愛知県豊田市深田町１−６５−１,35.0678723,137.1238001,chunithm;ddr;gitadora;iidx;maimai_dx;nostalgia;ongeki;other;polaris_chord;popn;sdvx,ddr_gold;iidx_lm;popn_pikapika;sdvx_vm,,allnet;eagate;ziv
ＧｉＧＯ赤羽,東京都北区赤羽１−７−９赤羽第一葉山ビルＢ１,35.7789607,139.7222842,chunithm;gitadora;iidx;jubeat;maimai_dx;ongeki;other;polaris_chord;popn;sdvx,iidx_lm;popn_pikapika;sdvx_vm,,allnet;eagate;ziv
ＧｉＧＯ赤羽駅前,東京都北区赤羽１−２−４,35.7782507,139.7215917,chunithm;ddr;gitadora;iidx;maimai_dx;ongeki;other;polaris_chord;popn;sdvx,ddr_gold;gitadora_dm_arena;gitadora_gf_arena;iidx_lm;popn_pikapika;sdvx_vm,,allnet;eagate;ziv
ＧｉＧＯ足利朝倉,栃木県足利市朝倉町２４４‐１,36.3224907,139.4503431,chunithm;drs;gitadora;iidx;jubeat;maimai_dx;nostalgia;ongeki;polaris_chord;popn;sdvx,gitadora_dm_arena;gitadora_gf_arena;iidx_lm;popn_pikapika;sdvx_vm,,allnet;eagate
ＧｉＧＯ金山,愛知県名古屋市熱田区金山１−１９ー２,35.1426808,136.9021522,chunithm;gitadora;iidx;maimai_dx;ongeki;other;polaris_chord;popn;sdvx;taiko,iidx_lm;popn_pikapika;sdvx_vm,chunithm:8;gitadora:2;iidx:1;maimai_dx:2;ongeki:4;polaris_chord:2;sdvx:1;taiko:2,allnet;eagate;ziv
ＧｉＧＯ長久手,愛知県長久手市武蔵塚７０５,35.1714145,137.0454605,chunithm;ddr;gitadora;iidx;maimai_dx;ongeki;other;popn;sdvx;taiko,gitadora_dm_arena;gitadora_gf_arena;iidx_lm;popn_pikapika;sdvx_vm,chunithm:3;ddr:1;gitadora:2;iidx:2;maimai_dx:2;ongeki:3;popn:1;sdvx:2;taiko:2,allnet;eagate;ziv
ＧｉＧＯ難波アビオン,大阪府大阪市浪速区難波中２−３−１５　ＭＭＯビルＢ１Ｆ〜３Ｆ,34.6627327,135.5033112,chunithm;ddr;drs;gitadora;iidx;maimai_dx;nostalgia;ongeki;polaris_chord;popn;project_diva;pump_it_up;reflec;sdvx,ddr_gold;gitadora_dm_arena;gitadora_gf_arena;iidx_lm;popn_pikapika;sdvx_vm,chunithm:1;gitadora:2;iidx:4;maimai_dx:1;ongeki:1;polaris_chord:1;project_diva:1;pump_it_up:1;reflec:1;sdvx:1,allnet;eagate;ziv
ＧｉＧＯ高城,大分県大分市牧１−１６１−８,33.2417094,131.6372654,chunithm;drs;gitadora;iidx;jubeat;maimai_dx;nostalgia;ongeki;other;polaris_chord;popn;project_diva;sdvx,iidx_lm;sdvx_vm,,allnet;eagate;ziv
ＧｉＧＯ高田馬場,東京都新宿区高田馬場４−７−５高田馬場グランド東京,35.7136018,139.7037221,chunithm;ddr;iidx;maimai_dx;ongeki;other;popn;sdvx,iidx_lm;popn_pikapika;sdvx_vm,,allnet;eagate;ziv
Ｈｅｙ,東京都千代田区外神田１−１０−５廣瀬本社ビル１階〜４階,35.6990241,139.7710638,chunithm;gitadora;iidx;other;polaris_chord;popn;sdvx;taiko,iidx_lm;sdvx_vm,chunithm:2;gitadora:2;iidx:2;polaris_chord:2;popn:1;sdvx:2;taiko:1,allnet;eagate;ziv
ＪＯＹＬＡＮＤ敦賀店,福井県敦賀市木崎４０ー１２,35.6447457,136.0431584,chunithm;gitadora;iidx;maimai_dx;ongeki;sdvx,,,allnet
ＭＥＧＡＧＥＴ室蘭,北海道室蘭市中島本町２ー８ー１,42.3535264,141.0145420,chunithm;iidx;maimai_dx;ongeki;other;sdvx,iidx_lm;sdvx_vm,,allnet;eagate;ziv
ＭＥＧＡＧＥＴ釧路,北海道釧路郡釧路町木場２丁目１ー１,43.0089190,144.4080035,chunithm;iidx;maimai_dx;ongeki;sdvx,iidx_lm;sdvx_vm,,allnet;eagate;ziv
ｎａｍｃｏアミュプラザ長崎新館店,長崎県長崎市尾上町１番１号　アミュプラザ長崎新館４階,32.7516252,129.8709304,chunithm;iidx;maimai_dx;other;sdvx,iidx_lm;sdvx_vm,,allnet;eagate;ziv
ｎａｍｃｏイオンタウン郡山店,福島県郡山市松木町２ー８８イオンタウン郡山内,37.3892958,140.3906753,chunithm;jubeat;maimai_dx;ongeki;other;popn;sdvx,sdvx_vm,,allnet;eagate;ziv
ｎａｍｃｏフェドラＰ＆Ｄ佐野店,栃木県佐野市高萩町１３４０番地,36.2973133,139.6056474,chunithm;gitadora;iidx;maimai_dx;ongeki;polaris_chord;popn;sdvx,gitadora_dm_arena;gitadora_gf_arena;iidx_lm;popn_pikapika;sdvx_vm,,allnet;eagate
ｎａｍｃｏワンダーシティ南熊本店,熊本県熊本市中央区九品寺６−９−１,32.7868920,130.7147318,chunithm;ongeki;other;polaris_chord;popn;sdvx,iidx_lm;popn_pikapika;sdvx_vm,,allnet;eagate;ziv
ｎａｍｃｏ博多バスターミナル店,福岡県福岡市博多区博多駅中央街２ー１博多バスターミナル７階,33.5915216,130.4198918,chunithm;gitadora;iidx;maimai_dx;ongeki;other;popn;sdvx,gitadora_dm_arena;gitadora_gf_arena;iidx_lm;popn_pikapika;sdvx_vm,,allnet;eagate;ziv
ｎａｍｃｏ宇都宮店,栃木県宇都宮市簗瀬町１６０６ー１　Ｐ＆Ｄビル,36.5438973,139.8915485,chunithm;iidx;maimai_dx;ongeki;project_diva;sdvx,iidx_lm;sdvx_vm,,allnet;eagate
ｎａｍｃｏ新潟店,新潟県新潟市中央区南笹口１ー１ー１　ひもろぎビル２Ｆ,37.9083798,139.0639094,chunithm;drs;iidx;maimai_dx;ongeki;popn;sdvx;wacca,iidx_lm;sdvx_vm,,allnet;eagate;ziv
ｎａｍｃｏ松戸店,千葉県松戸市松戸１２３０番地１ピアザ松戸１Ｆ,35.7835829,139.9007767,chunithm;gitadora;iidx;jubeat;maimai_dx;ongeki;other;polaris_chord;popn;sdvx;taiko,gitadora_dm_arena;gitadora_gf_arena;iidx_lm;popn_pikapika;sdvx_vm,,allnet;eagate;ziv
ｎａｍｃｏ梅田店,大阪府大阪市北区小松原町３ー３ＯＳビル２Ｆ,34.7027815,135.5003960,chunithm;gitadora;iidx;maimai_dx;ongeki;other;polaris_chord;popn;project_diva;sdvx;taiko,gitadora_dm_arena;gitadora_gf_arena;iidx_lm;popn_pikapika;sdvx_vm,chunithm:8;gitadora:2;iidx:6;maimai_dx:4;ongeki:4;polaris_chord:2;project_diva:1;sdvx:6;taiko:10,allnet;eagate;ziv
ｎａｍｃｏ王子サンスクエア店,東京都北区王子１ー４ー１サンスクエア２階,35.7529737,139.7389579,chunithm;gitadora;iidx;maimai_dx;ongeki;popn;sdvx,gitadora_dm_arena;gitadora_gf_arena;iidx_lm;popn_pikapika;sdvx_vm,chunithm:2;iidx:1;maimai_dx:2;ongeki:1;sdvx:1,allnet;eagate;ziv
ｎａｍｃｏ豊岡店,兵庫県豊岡市中陰字大工６１７３階,35.5549774,134.8122757,chunithm;drs;ongeki;project_diva;sdvx,sdvx_vm,,allnet;eagate
ｎａｍｃｏＢｉＶｉ仙台駅東口店,宮城県仙台市宮城野区榴岡２ー１ー２５ＢｉＶｉ仙台駅東口店２Ｆ,38.2610647,140.8836719,chunithm;iidx;maimai_dx;sdvx,iidx_lm;sdvx_vm,,allnet;eagate
ＰＡＬＯむつ,青森県むつ市中央２−７−８　１Ｆ,41.2868804,141.1837297,chunithm;iidx;maimai_dx;ongeki;project_diva;sdvx,iidx_lm;sdvx_vm,,allnet;eagate;ziv
ＰＡＬＯ久慈,岩手県久慈市長内町第３０地割３２−２久慈SC１F,40.1898616,141.7855976,chunithm;maimai_dx;ongeki;other;polaris_chord;project_diva;sdvx,sdvx_vm,,allnet;eagate;ziv
ＰＡＬＯ防府,山口県防府市中央町１−３イオン防府店３Ｆ,34.0522015,131.5696784,chunithm;dance_evo;gitadora;iidx;maimai_dx;nostalgia;ongeki;other;polaris_chord;popn;sdvx,iidx_lm;sdvx_vm,,allnet;eagate;ziv
ＳＰＥＥＤ,山口県周南市大字久米３２１９,34.0339400,131.8346400,chunithm;ddr;gitadora;iidx;maimai_dx;ongeki;other;sdvx,ddr_gold;gitadora_dm_arena;gitadora_gf_arena;iidx_lm;sdvx_vm,,allnet;eagate;ziv
ＷＯＲＬＤ　ＧＡＭＥ　ＣＩＲＣＵＳ,東京都立川市羽衣町２−４−１３羽衣長田ビル１０１ＷＧＣ,35.6964221,139.4288034,chunithm;crossbeats;ddr;gitadora;iidx;jubeat;maimai_dx;museca;ongeki;other;popn;pump_it_up;reflec;sdvx;taiko,ddr_gold;gitadora_dm_arena;gitadora_gf_arena;iidx_lm;popn_pikapika;sdvx_vm,chunithm:4;crossbeats:1;ddr:1;gitadora:10;iidx:6;jubeat:3;maimai_dx:1;museca:1;ongeki:1;popn:4;pump_it_up:1;reflec:1;sdvx:1;taiko:1,allnet;eagate;ziv
ＹＡＺ寝屋川店,大阪府寝屋川市石津中町25-26,34.7802772,135.6194363,chunithm;gitadora;iidx;maimai_dx;ongeki;other;polaris_chord;sdvx,iidx_lm;sdvx_vm,,allnet;eagate;ziv
YURAKUCHO,"N 5-7A,Rua de Sacadura Cabral N14-18B,R/C E,EDF.POU SENG",22.1991168,113.5469361,chunithm;dance_evo;ddr;drs;gitadora;groove_coaster;iidx;jubeat;maimai_dx;nostalgia;other;popn;pump_it_up;sdvx;taiko;wacca,,chunithm:6;dance_evo:1;ddr:2;drs:1;gitadora:2;groove_coaster:1;iidx:6;jubeat:4;maimai_dx:8;nostalgia:2;popn:1;pump_it_up:1;sdvx:4;taiko:2;wacca:2,allnet;bemanicn;ziv
"Magicland, Subang Parade","F34, 1st Floor, 5, Subang Parade, Jalan Kemajuan Subang, SS 16 Subang Jaya Selangor, 47500, Subang Jaya",3.0826648,101.5855618,gitadora;other;sdvx,,gitadora:1;sdvx:1,ziv
La Horda Bar Arcade,"Calle Diego De Montemayor 827 Sur Monterrey Nuevo León, 64000, Monterrey",25.6677097,-100.3071468,chunithm;ddr;groove_coaster;jubeat;nostalgia;other;project_diva;pump_it_up;sdvx;taiko;wacca,,,ziv
Plaza de la tecnología,"Calle Libertad 514 Colonia Zona Centro Chihuahua Chihuahua , 31000, Chihuahua",28.6385450,-106.0743635,nostalgia;other;pump_it_up;sdvx;wacca,,,ziv
Rhythm Zone,"310 Nicolás Regules Matehuala San Luis Potosí, 78700, Matehuala",23.6404544,-100.6472288,jubeat;popn;pump_it_up;sdvx,,,ziv
Akiba District,"Boven Clarenburg 7, Hoog Catharijne Mall Utrecht Utrecht, 3511 CR, Utrecht",52.0907401,5.1151174,chunithm;dance_evo;ddr;groove_coaster;iidx;jubeat;nostalgia;other;project_diva;sdvx;stepmaniax;taiko;wacca,,chunithm:1;dance_evo:1;ddr:1;groove_coaster:1;iidx:1;jubeat:1;nostalgia:1;project_diva:1;sdvx:2;stepmaniax:2;taiko:2;wacca:1,ziv
Blast Galaxy,"5 Magneetstraat Amsterdam Noord-Holland, 1014 CC, Amsterdam",52.3901700,4.8539078,groove_coaster;museca;nostalgia;other;reflec;sdvx;taiko;wacca,,groove_coaster:2;museca:1;nostalgia:1;reflec:1;sdvx:2;taiko:2;wacca:1,ziv
Molly's Arena Arcade,"Osdorpplein 771 Amsterdam Noord-Holland, 1068 TC, Amsterdam",52.3592086,4.8060894,gitadora;groove_coaster;nostalgia;other;pump_it_up;sdvx;taiko,,,ziv
Nationaal Videogame Museum,"Luxemburglaan 1 Zoetermeer Zuid-Holland, 2711 BD, Zoetermeer",52.0628739,4.4912525,chunithm;ddr;drs;gitadora;groove_coaster;iidx;jubeat;museca;nostalgia;ongeki;other;polaris_chord;popn;sdvx;stepmaniax;taiko;wacca,,chunithm:2;ddr:1;drs:1;gitadora:2;groove_coaster:2;iidx:1;jubeat:1;museca:1;nostalgia:1;ongeki:1;polaris_chord:1;popn:1;sdvx:2;stepmaniax:1;taiko:1;wacca:2,ziv
Pixel-Arcade,"Tramkade 24 's-Hertogenbosch Noord-Brabant, 5211 VB, 's-Hertogenbosch",51.6965149,5.2987253,chunithm;groove_coaster;iidx;other;popn;pump_it_up;sdvx;taiko;wacca,,chunithm:2;groove_coaster:1;iidx:1;popn:1;pump_it_up:1;sdvx:2;taiko:1;wacca:1,ziv
Rhythm Arcade,"Van Nesstraat 1a Alphen aan Den Rijn Zuid-Holland, 2404 AV, Alphen aan Den Rijn",52.1364350,4.6557408,chunithm;crossbeats;ddr;iidx;jubeat;other;popn;pump_it_up;sdvx;wacca,,,ziv
The Gaming Factory,"98 Ringbaan Oost Tilburg Noord-Brabant, 5013 CD, Tilburg",51.5698947,5.0970232,drs;groove_coaster;iidx;jubeat;nostalgia;other;sdvx;stepmaniax;taiko,,,ziv
Chiruto,"Universitetsgata 2 Oslo 0164, Oslo",59.9171207,10.7399409,drs;gitadora;jubeat;nostalgia;other;popn;reflec;sdvx;wacca,,drs:2;gitadora:1;jubeat:4;nostalgia:1;popn:1;reflec:1;sdvx:2;wacca:4,ziv
Club Synergy SM City Bicutan,"2F, Bldg. B, SM City Bicutan Doña Soledad Ave., Lower Bicutan Parañaque City Metro Manila, 1709, Parañaque City",14.4856536,121.0426769,other;sdvx,,,ziv
Club Synergy SM Hypermarket FTI,"SM Hypermarket FTI, DBP Avenue cor. Mayor Tanyang Avenue Food Terminal Incorporated-Special Economic Zone, Western Bicuta Taguig Metro Manila, Taguig",14.5082147,121.0503727,gitadora;other;sdvx,,,ziv
MX Gaming Grounds,"2nd Floor, Brooklyn Warehouse, 2113 Recto Ave, Sampaloc Manila 1008, Manila",14.6011095,120.9897627,chunithm;dance_evo;ddr;iidx;maimai_dx;other;sdvx;taiko,,,ziv
Play Planet Adventure Park - NCCC Mall Tagum,"Level 4, NCCC Mall Tagum Maharlika Highway cor. Melendres St. Tagum Davao Region, 8100, Tagum",7.4512757,125.8135663,other;pump_it_up;sdvx,,,ziv
Q Power Station Park Triangle Mall,"4F Park Triangle Mall 32nd St. cor. 11th Ave., Bonifacio Global City Taguig Metro Manila, 1634, Taguig",14.5529873,121.0544176,chunithm;maimai_dx;other;sdvx;taiko,,,ziv
Q Power Station Power Plant Mall,"3F Power Plant Mall Rockwell Drive, Rockwell Center Makati City Metro Manila, 1200, Makati City",14.5647684,121.0362697,chunithm;drs;maimai_dx;other;sdvx;taiko,,chunithm:2;drs:1;maimai_dx:2;sdvx:2;taiko:1,ziv
Q POWER STATION SHANGRILA,"EASTWING EDSA CORNER SHAW BOULEVARD, MANDALUYONG CITY",14.5812818,121.0538687,chunithm;ddr;gitadora;maimai_dx;other;sdvx;taiko,,chunithm:1;ddr:1;gitadora:1;maimai_dx:1;sdvx:2;taiko:1,allnet;ziv
Q Power Station SM Mall of Asia,"3/F North Wing Expansion Area, SM Mall of Asia, Ocean Drive SM Central Business District, Bay City Pasay Metro Manila, 1300, Pasay",14.5357949,120.9814882,chunithm;ddr;drs;gitadora;maimai_dx;other;sdvx;taiko,,chunithm:1;ddr:1;drs:1;gitadora:1;maimai_dx:2;sdvx:1;taiko:1,ziv
Q-POWER STATION PODIUM,"4TH FL.,THE PODIUM MALL,18ADB AVE.CORJULIA VARGAS, MANDALUYONG",14.5853120,121.0592867,chunithm;ddr;maimai_dx;other;sdvx;taiko,,chunithm:2;ddr:1;maimai_dx:2;sdvx:2;taiko:1,allnet;ziv
Quantum Estancia Mall,"LG, East Wing, Estancia Mall Capitol Commons, Ortigas Center Pasig City Metro Manila, 1605, Pasig City",14.5757442,121.0641591,groove_coaster;museca;other;sdvx,,,ziv
Quantum Greenhills Mall,"5F GH Mall Ortigas Avenue, Greenhills San Juan Metro Manila, 1500, San Juan",14.6026433,121.0487623,chunithm;maimai_dx;other;sdvx;taiko,,chunithm:1;maimai_dx:2;sdvx:1;taiko:1,ziv
Quantum Robinsons Place Las Piñas,"Level 2, Robinsons Place Las Piñas 345 Alabang-Zapote Road Las Piñas Metro Manila, 1747, Las Piñas",14.4430851,120.9989903,gitadora;other;sdvx,,,ziv
Quantum Robinsons Place Pangasinan,"2F Robinsons Place Pangasinan Urdaneta Junction - Dagupan Road Calasiao Ilocos Region, 2400, Calasiao",16.0229306,120.3587778,groove_coaster;other;pump_it_up;sdvx,,,ziv
Quantum Robinsons Place Santiago,"Pan-Philippine Highway Santiago Cagayan Valley, Santiago",16.6960518,121.5611887,other;sdvx,,sdvx:2,ziv
Quantum Shaw Center Mall,"Shaw Boulevard Corner Nueve de Febrero Mandaluyong Metro Manila, 1550, Mandaluyong",14.5890340,121.0365732,other;sdvx,,,ziv
QUANTUM SM BACOOR,"LGF SM BACOOR, CORNER AGUINALDO& TIRONA HWAY, BACOOR CAVITE",14.4448137,120.9517372,gitadora;maimai_dx;museca;other;sdvx,,gitadora:2;maimai_dx:2;museca:1;sdvx:1,allnet;ziv
QUANTUM SM BAGUIO,"3/F SM BAGUIO, LUNETA HILL SESSION ROAD, BAGUIO CITY",16.4088814,120.5991997,chunithm;ddr;gitadora;maimai_dx;other;pump_it_up;sdvx;taiko,,chunithm:2;ddr:1;gitadora:1;maimai_dx:3;pump_it_up:1;sdvx:1;taiko:1,allnet;ziv
Quantum SM CDO Downtown Premier,"4F SM City CDO Downtown Premier Cagayan de Oro Northern Mindanao, 9000, Cagayan de Oro",8.4844695,124.6539259,other;sdvx,,,ziv
Quantum SM Center Dagupan,"L2, SM Center Dagupan, Arellano St. (Dagupan - Calasiao Rd.) Dagupan Pangasinan Ilocos Region, 2400, Pangasinan",16.0446793,120.3432245,maimai_dx;other;pump_it_up;sdvx,,maimai_dx:1;pump_it_up:1;sdvx:1,ziv
Quantum SM Center Ormoc,"2F SM Center Ormoc Real Street, Barangay District 14 Ormoc City Eastern Visayas, 6541, Ormoc City",11.0103432,124.6074531,gitadora;museca;other;sdvx,,,ziv
Quantum SM Center Pasig,"Eulogio Rodriguez Jr. Ave. cor. Frontera Verde Ortigas Center, Doña Julia Vargas Ave Pasig Metro Manila, Pasig",14.5848353,121.0769622,gitadora;other;sdvx,,,ziv
Quantum SM Center San Pedro,"LGF SM Center San Pedro Block 16 Lot 14 Acacia San Pedro Calabarzon, 4023, San Pedro",14.3338730,121.0281372,other;sdvx,,,ziv
Quantum SM Center Sangandaan,"3F SM Center Sangandaan, M.H. del Pilar St. cor. Samson Rd. Barangay 3, Sangandaan Caloocan Metro Manila, 1409, Caloocan",14.6582050,120.9717035,gitadora;other;sdvx,,,ziv
Quantum SM City Bacolod,"3F, SM City Bacolod (North Wing) Bacolod Negros Occidental, 6100, Bacolod",10.6736080,122.9452515,chunithm;ddr;groove_coaster;maimai_dx;other;sdvx,,,ziv
Quantum SM City Baliwag,"21 Doña Remedios Trinidad Highway Baliuag Central Luzon, 3006, Baliuag",14.9611521,120.8909349,other;sdvx,,,ziv
QUANTUM SM CITY BF PARANAQUE,"2nd Floor, SM BF, Dr Arcadio Santos Ave, Paranaque, 1700 PH",14.4576524,121.0332604,chunithm;gitadora;maimai_dx;other;sdvx,,gitadora:1;maimai_dx:1;sdvx:2,allnet;ziv
Quantum SM City Bicutan,"LGF, Bldg. A, SM City Bicutan Doña Soledad Ave., Lower Bicutan Parañaque City Metro Manila, 1709, Parañaque City",14.4872066,121.0439435,gitadora;other;sdvx,,,ziv
Quantum SM City Calamba,"2F SM City Calamba Real Road, Calamba City Triangle, Brgy. Real Calamba Laguna, 4027, Calamba",14.2042132,121.1549239,chunithm;ddr;drs;gitadora;maimai_dx;other;sdvx;taiko,,chunithm:1;ddr:1;drs:1;gitadora:1;maimai_dx:2;sdvx:2;taiko:1,ziv
Quantum SM City Cauayan,"2F SM City Cauayan 83 National Highway Cauayan City Cagayan Valley, 3305, Cauayan City",16.9370070,121.7676330,iidx;other;sdvx,,,ziv
Quantum SM City Clark,"2F SM CITY CLARK Manuel A. Roxas Highway, Clark Freeport, Malabanias Angeles CIty Pampanga, 2009, Angeles CIty",15.1684992,120.5790496,chunithm;ddr;maimai_dx;other;sdvx;taiko,,chunithm:1;ddr:1;maimai_dx:1;sdvx:1;taiko:1,ziv
Quantum SM City Consolacion,"SM City Consolacion 6001 Cebu North Road Consolacion Cebu, 6015, Consolacion",10.3804526,123.9644763,gitadora;other;sdvx,,,ziv
Quantum SM City Dasmariñas,"LG/F SM City Dasmariñas Governor's Drive, Pala-pala Dasmariñas Cavite, 4114, Dasmariñas",14.3015153,120.9564404,maimai_dx;other;sdvx,,maimai_dx:2;sdvx:1,ziv
Quantum SM City Fairview,"2F Annex 2, SM City Fairview Quirino Highway, Novaliches Quezon City Metro Manila, 1117, Quezon City",14.7339217,121.0564501,maimai_dx;other;sdvx,,,ziv
Quantum SM City Grand Central,"L5, SM Grand Central, Rizal Avenue Ext. cor. Bustamante St. Caloocan Metro Manila, 1403, Caloocan",14.6552883,120.9848571,chunithm;ddr;drs;gitadora;maimai_dx;museca;other;sdvx;taiko,,chunithm:1;ddr:1;drs:1;gitadora:2;maimai_dx:3;museca:1;sdvx:3;taiko:1,ziv
QUANTUM SM CITY LAOAG,"Barangay, 51-B Airport Rd, Laoag City, 2900 Ilocos Norte",18.1877508,120.5789260,maimai_dx;other;sdvx,,,allnet;ziv
Quantum SM City Lipa,"2F SM City Lipa Ayala Highway / Jose P. Laurel Highway, Marawoy Lipa City Batangas, 4218, Lipa City",13.9551843,121.1642425,chunithm;maimai_dx;other;sdvx,,chunithm:1;maimai_dx:2;sdvx:1,ziv
Quantum SM City Manila,"3F East Wing, SM City Manila Arroceros cor Natividad Lopez Sts., Ermita Manila Metro Manila, Manila",14.5901403,120.9838164,chunithm;gitadora;groove_coaster;maimai_dx;other;sdvx;taiko,,chunithm:1;gitadora:2;groove_coaster:1;maimai_dx:2;sdvx:2;taiko:1,ziv
Quantum SM City Marikina,"3F SM City Marikina Marcos Highway, Calumpang Marikina City Metro Manila, 1800, Marikina City",14.6268043,121.0838521,ddr;groove_coaster;maimai_dx;other;sdvx,,ddr:1;groove_coaster:1;maimai_dx:2;sdvx:2,ziv
Quantum SM City Masinag,"UGF SM City Masinag Marcos Hwy., Masinag Junction, Mayamot Antipolo City Rizal, Antipolo City",14.6254755,121.1221969,other;sdvx,,,ziv
Quantum SM City Olongapo Central,"4F SM City Olongapo Central Rizal Avenue, Brgy. East Tapinac Olongapo City Zambales, Olongapo City",14.8367344,120.2826548,other;sdvx,,sdvx:3,ziv
Quantum SM City Rosales,"3F SM City Rosales McArthur Hwy., Brgy. Carmen East Rosales Pangasinan, Rosales",15.8787362,120.6033423,gitadora;other;sdvx,,,ziv
Quantum SM City Rosario,"2F SM City Rosario 2950 Gen. Trias Drive Cavite City Calabarzon, 4106, Cavite City",14.4091729,120.8572305,other;sdvx,,,ziv
Quantum SM City San Jose del Monte,"Pecson Ville Subdivision San Jose del Monte City Central Luzon, 3023, San Jose del Monte City",14.7866049,121.0751563,gitadora;other;sdvx;taiko,,,ziv
Quantum SM City Sta. Mesa,"4F SM City Sta. Mesa, Ramon Magsaysay Boulevard cor. Araneta Ave Doña Imelda Quezon City Metro Manila, 1113, Quezon City",14.6038297,121.0189413,maimai_dx;other;sdvx;taiko,,,ziv
Quantum SM City Sucat,"3F, SM City Sucat Building A Dr. A. Santos Avenue cor. Carlos P. Garcia Avenue Extension Parañaque City Metro Manila, 1700, Parañaque City",14.4838232,120.9932828,museca;other;sdvx,,,ziv
Quantum SM City Tanza,"Tramo Tanza Calabarzon, 1780, Tanza",14.3913604,120.8508272,other;sdvx,,,ziv
Quantum SM City Taytay,"2F SM CITY TAYTAY Bldg. A Manila East Road, Dolores Taytay Rizal, 1920, Taytay",14.5655057,121.1411673,gitadora;groove_coaster;museca;other;sdvx;taiko,,,ziv
Quantum SM City Valenzuela,"3F SM City Valenzuela McArthur Highway, Karuhatan Valenzuela Metro Manila, 1123, Valenzuela",14.6855121,120.9771967,gitadora;other;sdvx,,,ziv
QUANTUM SM LUCENA,"2nd FL,140 Dalahican Road, corner Maharlika Hwy, Lucena",13.9410227,121.6246557,maimai_dx;museca;other;pump_it_up;sdvx,,,allnet;ziv
QUANTUM SM NORTH EDSA,"SM NORHT EDSA, QUEZON CITY",14.6567726,121.0291307,chunithm;maimai_dx;other;sdvx;taiko,,chunithm:1;maimai_dx:2;sdvx:1;taiko:1,allnet;ziv
QUANTUM SM NOVALICHES GF,"GF SM NOVALICHES, QUIRINO HWY.,NOVALICHES, QUEZON CITY",14.7082280,121.0373958,gitadora;maimai_dx;other;sdvx,,gitadora:1;maimai_dx:1;sdvx:2,allnet;ziv
Quantum SM Seaside City Cebu,"SRP-Mambaling Road Cebu City Central Visayas, 6000, Cebu City",10.2823752,123.8824976,maimai_dx;other;sdvx,,maimai_dx:1;sdvx:3,ziv
QUANTUM SM SOUTHMALL,"LGF SM SOUTHMALL, ALMANZA, LAS PINAS CITY",14.4329710,121.0101074,chunithm;gitadora;maimai_dx;other;sdvx,,chunithm:1;gitadora:1;maimai_dx:2;sdvx:1,allnet;ziv
QUANTUM SM STA ROSA,"SM City Sta. Rosa,Old National Hi-way,Sta.Rosa City,4026 Laguna",14.3128036,121.0983253,maimai_dx;other;sdvx,,,allnet;ziv
QUANTUM SM URDANETA,"Level2, SM Urdaneta Central, McArthur Hwy, Pangasinan",15.9711341,120.5718656,groove_coaster;maimai_dx;museca;other;sdvx;taiko,,,allnet;ziv
Quantum Starmall EDSA-Shaw,"2F Starmall EDSA-Shaw EDSA corner Shaw Boulevard, Wack-Wack Mandaluyong City Metro Manila, 1552, Mandaluyong City",14.5827580,121.0533634,other;sdvx,,,ziv
Quantum Super Metro Lapu-Lapu,"Locata Road Lapu-Lapu City Central Visayas, 6015, Lapu-Lapu City",10.3126869,123.9555869,gitadora;other;sdvx,,,ziv
Quantum Super Metro Mambaling,"Cebu South Road Cebu City Central Visayas, 6000, Cebu City",10.2904086,123.8702488,other;sdvx,,,ziv
"Quantum, Robinsons Tuguegarao","12 Asian Highway 26 Tuguegarao City Cagayan Valley, 3500, Tuguegarao City",17.6277640,121.7329770,dance_evo;gitadora;other;sdvx,,,ziv
"Quantum, SM City Puerto Princesa","2F SM City Puerto Princesa Lacao Street Puerto Princesa Western Visayas, 5300, Puerto Princesa",9.7432052,118.7401351,gitadora;groove_coaster;other;sdvx,,,ziv
Romatt Game Center - RGC,"69 Road 3 Quezon City Metro Manila, 1105, Quezon City",14.6599789,121.0312232,other;sdvx,,,ziv
Romatt's Game Center LRT Caloocan Mall,"LRT Caloocan Mall Rizal Ave. Extension Caloocan Metro Manila, 1400, Caloocan",14.6544013,120.9841893,other;sdvx,,,ziv
Wonderpark Waltermart Candelaria,"KM 0108 Daang Maharlika Highway Barangay Malabanban Norte Candelaria Quezon, 4323, Candelaria",13.9299540,121.4325384,other;sdvx,,,ziv
Wonderpark WalterMart Sucat,"UGF WalterMart Sucat Dr. A. Santos Ave., Sucat Parañaque Metro Manila, 1700, Parañaque",14.4727984,121.0082138,gitadora;other;sdvx;wacca,,,ziv
Wonderpark WMall Muntinlupa,"2F WMall Muntinlupa KM21 West Service Road, Sucat Muntinlupa Metro Manila, 1770, Muntinlupa",14.4478675,121.0446650,other;sdvx;wacca,,,ziv
Gdańsk Arcade Museum,"aleja Grunwaldzka 229 Gdańsk Pomorskie, 80-266, Gdańsk",54.3904725,18.5874992,drs;other;sdvx;taiko;wacca,,,ziv
Arcade Lovers Game Center,"Arcade Lovers Game Center Travessa da Agra Velha, nº 52 Armazém R/C Trofa Porto, 4785-100, Trofa",41.3356001,-8.5490799,chunithm;drs;groove_coaster;iidx;jubeat;nostalgia;ongeki;other;popn;project_diva;reflec;sdvx;taiko;wacca,,,ziv
Cow Play Cow Moo (Bishan),"510 Bishan Street 13 #02-01 Singapore Bishan, 570510, Singapore",1.3488897,103.8498062,other;sdvx,,,ziv
Cow Play Cow Moo (Hillion),"8 Jelebu Road Singapore Singapore, S(678278), Singapore",1.3786726,103.7626263,maimai_dx;sdvx,,,ziv
COW PLAY COW MOO DOWNTOWN EAST,"1 Pasir Ris Close,#04-102,Singapole 519599",1.3769815,103.9544216,chunithm;ddr;drs;gitadora;iidx;maimai_dx;nostalgia;other;popn;reflec;sdvx;taiko,,,allnet;ziv
COW PLAY COW MOO NORTHSHORE PLAZA 2,418 Northshore Drive 03-01/ 02 Singapore 820418,1.4176495,103.9013264,chunithm;ddr;gitadora;iidx;jubeat;maimai_dx;sdvx;taiko,,chunithm:1;ddr:1;gitadora:2;iidx:1;jubeat:1;maimai_dx:2;sdvx:2;taiko:1,allnet;ziv
COW PLAY COW MOO SUNTEC CITY,"Sun Tec City 3Temasek Boulevard, 02-408/409,Singapore 038983",1.2950300,103.8583026,chunithm;ddr;gitadora;iidx;jubeat;maimai_dx;nostalgia;other;popn;pump_it_up;reflec;sdvx;taiko,,chunithm:2;ddr:1;gitadora:2;iidx:1;jubeat:1;maimai_dx:2;nostalgia:1;popn:1;pump_it_up:1;reflec:1;sdvx:2;taiko:1,allnet;ziv
VIRTUALAND BUGIS+,"201 Victoria Street , #05-04/05/06 Bugis+, Singapore 188067",1.2998000,103.8545500,chunithm;ddr;gitadora;iidx;jubeat;maimai_dx;nostalgia;other;sdvx;taiko,,chunithm:4;ddr:1;gitadora:2;iidx:1;jubeat:2;maimai_dx:6;nostalgia:1;sdvx:2;taiko:2,allnet;ziv
VIRTUALAND(NEX),"23, SERANGOON CENTRAL #04-65 NEX SINGAPORE",1.3507714,103.8722258,chunithm;ddr;drs;gitadora;groove_coaster;iidx;jubeat;maimai_dx;nostalgia;other;popn;sdvx;taiko;wacca,,chunithm:8;ddr:2;drs:1;gitadora:3;groove_coaster:2;iidx:1;jubeat:3;maimai_dx:10;nostalgia:1;popn:1;sdvx:2;taiko:3;wacca:1,allnet;ziv
Action,"서울특별시 영등포구 영등포동4가 442 Times Square mall, 4th floor, next to CGV theater Seoul 150-798 , Seoul",37.5168478,126.9027516,drs;other;pump_it_up;sdvx;taiko,,,ziv
BBOGGIBBOGGI GAMELAND,"462-1, Buil-ro, Bucheon-si, Gyeonggi-do",37.4858705,126.7815104,drs;iidx;jubeat;maimai_dx;museca;nostalgia;other;popn;pump_it_up;sdvx;taiko,,drs:1;iidx:1;jubeat:1;maimai_dx:1;museca:1;nostalgia:1;popn:1;pump_it_up:3;sdvx:1;taiko:1,allnet;ziv
BEATLAB T,1029，Dongil-ro，Nowon-gu，Seoul,37.6219281,127.0738431,chunithm;ddr;gitadora;jubeat;maimai_dx;other;pump_it_up;sdvx,,ddr:1;gitadora:2;jubeat:4;maimai_dx:1;pump_it_up:1;sdvx:7,allnet;ziv
BIG GAME LAND,"120-1, Gumijungang-ro, Gumi-si,Gyeongsangbuk-do",36.1269696,128.3352570,chunithm;drs;iidx;jubeat;maimai_dx;other;popn;pump_it_up;reflec;sdvx,,chunithm:1;drs:1;iidx:1;jubeat:2;maimai_dx:1;popn:1;pump_it_up:2;reflec:1;sdvx:3,allnet;ziv
Big Game Station (빅 게임 스테이션),"25 Cheongun-ro Gyeongsan Gyeongsangbuk-do, 38532, Gyeongsan",35.8376351,128.7534753,ddr;iidx;jubeat;museca;other;popn;reflec;sdvx,,ddr:1;iidx:1;jubeat:2;museca:1;popn:1;reflec:1;sdvx:2,ziv
BUCHEON ATTACK,"28, Buil-ro 469beon-gil, Bucheon-si, Gyeonggi-do",37.4870906,126.7828212,chunithm;ddr;gitadora;iidx;jubeat;maimai_dx;nostalgia;other;pump_it_up;sdvx;taiko;wacca,,chunithm:4;ddr:2;gitadora:7;iidx:3;jubeat:6;maimai_dx:5;nostalgia:1;pump_it_up:4;sdvx:2;taiko:1;wacca:2,allnet;ziv
CyberZone Game Center,"전라북도 전주시 덕진구 명륜4길 17-5 17-5, Myeongnyun 4-gil, Deokjin-gu, Jeonju-si, Jeollabuk-do, Kor Jeonju Jeollabuk-do, 561-191, Jeonju",35.8436230,127.1263392,gitadora;jubeat;other;popn;pump_it_up;reflec;sdvx;taiko,,gitadora:1;jubeat:2;popn:1;pump_it_up:1;reflec:1;sdvx:2;taiko:1,ziv
CYMUSIC GAMEWORLD,62，Gungdong-ro 18beon-gil，Yuseong-gu，Daejeon,36.3626742,127.3507811,chunithm;iidx;jubeat;maimai_dx;nostalgia;other;popn;pump_it_up;reflec;sdvx,,chunithm:1;iidx:1;jubeat:1;nostalgia:1;popn:2;pump_it_up:1;reflec:1;sdvx:2,allnet;ziv
Daegu ZZANG 짱오락실 대구점(1호점),"대구 중구 동성로 35-1 동성로2가 82-5 대구광역시 중구, 700-092, 대구광역시",35.8693511,128.5952423,ddr;drs;other;pump_it_up;sdvx;wacca,,,ziv
DaeWang Game Center (대왕 게임센터),"부산광역시 남구 용소로13번길 6 1층 Busan 부산 (Busan), 48512, Busan",35.1363828,129.1012343,gitadora;jubeat;other;popn;pump_it_up;reflec;sdvx;taiko,,,ziv
G-Plex,"서울특별시 서대문구 창천동 31-32 Seoul 03776, Seoul",37.5578516,126.9375179,iidx;jubeat;pump_it_up;sdvx,,iidx:2;jubeat:2;pump_it_up:1;sdvx:2,ziv
G2ZONE YEONGDEUNGPO,"16, Yeongjung-ro 4-gil, Yeongdeungpo-gu, Seoul, Korea",37.5172567,126.9080386,chunithm;gitadora;jubeat;maimai_dx;popn;pump_it_up;sdvx;taiko,,chunithm:2;gitadora:2;jubeat:1;maimai_dx:1;popn:1;pump_it_up:5;sdvx:3;taiko:1,allnet;ziv
Game Club,"Uijeongbu-si Gyeonggi-do, 480-011, Uijeongbu-si",37.7385752,127.0496955,ddr;gitadora;iidx;jubeat;popn;pump_it_up;reflec;sdvx,,ddr:1;gitadora:1;iidx:1;jubeat:2;popn:1;pump_it_up:2;reflec:1;sdvx:2,ziv
Game Sports-Tec(게임 스포츠텍),"69-1 Gumijungang-ro Gumi-si Gyeongsangbuk-do, 39221, Gumi-si",36.1293992,128.3304800,ddr;iidx;jubeat;other;popn;pump_it_up;reflec;sdvx,,ddr:1;iidx:1;jubeat:2;popn:1;pump_it_up:1;reflec:1;sdvx:2,ziv
Game Village,"Uijeongbu-si Gyeonggi-do, 480-011, Uijeongbu-si",37.7428780,127.0505963,ddr;iidx;jubeat;other;popn;pump_it_up;reflec;sdvx;taiko,,ddr:1;iidx:1;jubeat:3;popn:2;pump_it_up:2;reflec:1;sdvx:1;taiko:1,ziv
Game World(게임월드),"452-59번지 김천시 평화동 김천(Gimcheon) 경상북도(Gyeongsangbuk-do), 김천(Gimcheon)",36.1265880,128.1097626,jubeat;other;reflec;sdvx,,,ziv
GAME-D,"10,Suyeong-ro 298beon-gil,Nam-gu,Busan",35.1362742,129.0989805,chunithm;ddr;gitadora;groove_coaster;iidx;jubeat;maimai_dx;museca;nostalgia;other;popn;reflec;sdvx;taiko;wacca,,chunithm:1;ddr:1;gitadora:3;groove_coaster:1;iidx:7;jubeat:2;maimai_dx:1;museca:1;nostalgia:2;popn:5;reflec:1;sdvx:13;taiko:1;wacca:2,allnet;ziv
Gametopia(formerly Funnyland),"46-1, Eoulmadang-ro, Mapo-gu, Seoul Eoulmadang-ro, Mapo-gu, Seoul, Corea del Sur Seoul Mapo-gu, 04049, Seoul",37.5108833,126.9092989,chunithm;maimai_dx;pump_it_up;sdvx;taiko,,chunithm:1;maimai_dx:1;pump_it_up:1;sdvx:2;taiko:2,ziv
Gaos Game Center (가오스 게임장),"Daejeon, Jung-gu, Eun-hang dong 40-4, B1 Floor at Gacha Shop Daejeon 34921, Daejeon",36.3283463,127.4275002,crossbeats;gitadora;iidx;jubeat;museca;other;popn;pump_it_up;reflec;sdvx;taiko,,crossbeats:2;gitadora:1;iidx:1;jubeat:2;museca:1;popn:1;pump_it_up:3;reflec:1;sdvx:2;taiko:1,ziv
GUNSAN JOYPLAZA,"527, Daehak-ro, Gunsan-si, Jeollabuk-do",35.9481983,126.6854737,ddr;gitadora;iidx;jubeat;maimai_dx;other;popn;pump_it_up;sdvx,,ddr:1;gitadora:1;iidx:1;jubeat:2;popn:1;pump_it_up:1;sdvx:1,allnet;ziv
Hanyang Game Center (한양 게임 센터),"서울시 성동구 행당동 19-100 성동구 (Seongdong-gu) 서울 (Seoul), 성동구 (Seongdong-gu)",37.5586706,127.0405402,gitadora;iidx;jubeat;other;popn;pump_it_up;sdvx,,gitadora:2;iidx:1;jubeat:2;popn:1;pump_it_up:1;sdvx:1,ziv
Heaven of Gamer,"28 Achasan-ro 29-gil Gwangin-Gu 서울 (Seoul), Gwangin-Gu",37.5420986,127.0687602,gitadora;iidx;jubeat;nostalgia;other;popn;sdvx;taiko,,gitadora:1;iidx:2;jubeat:3;nostalgia:2;popn:1;sdvx:3;taiko:1,ziv
Jjang Entertainment Room (짱오락실 부평점),"27 Bupyeongmunhwa-ro 80beon-gil, Bupyeong-dong, Bupyeong-gu Incheon Incheon, 403-010, Incheon",37.4930491,126.7245309,iidx;jubeat;other;sdvx;taiko,,,ziv
JUAN CPU,"31, Michuhol-daero 734beon-gil,Michuhol-gu, Incheon",37.4630241,126.6821976,chunithm;ddr;drs;gitadora;iidx;jubeat;maimai_dx;nostalgia;other;popn;pump_it_up;sdvx;taiko;wacca,,chunithm:3;ddr:2;drs:2;gitadora:4;iidx:8;jubeat:1;maimai_dx:2;nostalgia:1;popn:1;pump_it_up:2;sdvx:24;taiko:2;wacca:2,allnet;ziv
Millenium(밀레니엄) Game Land,"광주광역시 북구 설죽로214번길 114 Kwangju 500-070, Kwangju",35.1776762,126.9039122,iidx;jubeat;other;pump_it_up;sdvx,,iidx:1;jubeat:1;pump_it_up:1;sdvx:2,ziv
Nolrowa Game Zone (놀러와 게임존),"충청남도 천안시 서북구 두정동 886-1 | Cheonan-si Chungcheongnam-do, 331-959, Cheonan-si",36.8321690,127.1354896,ddr;gitadora;iidx;jubeat;other;popn;pump_it_up;reflec;sdvx;taiko,,ddr:1;gitadora:1;iidx:2;jubeat:2;popn:3;pump_it_up:2;reflec:1;sdvx:2;taiko:1,ziv
NORYANGJIN AMUSETOWN,"26, Manyang-ro 14ga-gil, Dongjak-gu, Seoul",37.5127094,126.9449436,chunithm;ddr;gitadora;iidx;jubeat;maimai_dx;nostalgia;other;popn;reflec;sdvx,,chunithm:2;ddr:1;gitadora:4;iidx:2;jubeat:3;maimai_dx:1;nostalgia:2;popn:2;reflec:1;sdvx:4,allnet;ziv
Plus Game World,"충청남도 천안시 동남구 신부동 460-2 Cheonan-si Chungcheongnam-do, 330-993, Cheonan-si",36.8181285,127.1554244,ddr;iidx;jubeat;popn;sdvx,,ddr:1;iidx:1;jubeat:2;popn:1;sdvx:1,ziv
Rodeo Game Land (로데오 게임랜드),"Yuseong gu, Gung dong 409-7 대전광역시 유성구 궁동 409-7 Daejeon 34138, Daejeon",36.3624029,127.3503203,jubeat;other;pump_it_up;sdvx,,jubeat:1;pump_it_up:1;sdvx:2,ziv
ROYAL GAME,"454-1, Jungang-daero, Jung-gu, Daegu",35.8735075,128.5948787,chunithm;ddr;drs;gitadora;iidx;jubeat;maimai_dx;nostalgia;other;popn;pump_it_up;reflec;sdvx,,chunithm:2;ddr:1;drs:1;gitadora:2;iidx:3;jubeat:1;maimai_dx:1;nostalgia:1;popn:2;pump_it_up:1;reflec:1;sdvx:4,allnet;ziv
SAMSEONGYO WOORI 2,"14, Samseongyo-ro 10-gil, Seongbuk-gu, Seoul",37.5873226,127.0090045,chunithm;ddr;gitadora;iidx;jubeat;maimai_dx;nostalgia;other;popn;pump_it_up;reflec;sdvx;taiko,,chunithm:2;ddr:1;gitadora:4;iidx:2;jubeat:1;maimai_dx:4;nostalgia:1;popn:2;pump_it_up:1;reflec:1;sdvx:9;taiko:1,allnet;ziv
THE BUNKER GAMEZONE,"34, Daehak-ro, Yuseong-gu, Daejeon",36.3564331,127.3430268,chunithm;ddr;drs;gitadora;iidx;jubeat;maimai_dx;nostalgia;other;popn;pump_it_up;sdvx;taiko;wacca,,chunithm:1;ddr:1;drs:1;gitadora:2;iidx:2;jubeat:1;maimai_dx:1;nostalgia:1;popn:1;pump_it_up:2;sdvx:2;taiko:1;wacca:1,allnet;ziv
Ttudeuryeo(뚜드려) Arcade,"1st Basement Floor, 725 Buil-ro Wonmi-gu Bucheon Gyeonggi-do, 14671, Bucheon",37.4856028,126.8103147,gitadora;iidx;jubeat;museca;other;popn;pump_it_up;reflec;sdvx,,gitadora:2;iidx:1;jubeat:2;museca:1;popn:1;pump_it_up:1;reflec:1;sdvx:1,ziv
YEONGTONG JJANG,"111, 30, BANDAL-RO 7BEON-GIL, YEONGTONG-GU, SUWON-SI,GYEONGGI-DO",37.2531471,127.0748957,chunithm;jubeat;maimai_dx;sdvx,,chunithm:1;jubeat:2;maimai_dx:1;sdvx:2,allnet;ziv
YEONSINNAE JJANGGU GAME,"8-8, Yeonseo-ro 29-gil, Eunpyeong-gu, Seoul",37.6189525,126.9196972,chunithm;ddr;drs;gitadora;iidx;jubeat;maimai_dx;nostalgia;other;popn;pump_it_up;reflec;sdvx;taiko;wacca,,chunithm:1;ddr:2;drs:1;gitadora:2;iidx:2;jubeat:1;maimai_dx:1;nostalgia:1;popn:1;pump_it_up:2;reflec:1;sdvx:2;taiko:1;wacca:1,allnet;ziv
게임파크 (Game Park 21) 분당점,"분당구 서현동 248-3 우성트윈프라자동관 201호 성남시 (Seongnam-si) 경기도 (Gyeonggi-do), 성남시 (Seongnam-si)",37.3862101,127.1245740,ddr;gitadora;iidx;jubeat;other;popn;pump_it_up;reflec;sdvx;taiko,,ddr:1;gitadora:1;iidx:3;jubeat:4;popn:2;pump_it_up:2;reflec:2;sdvx:1;taiko:1,ziv
범계 게임천국,"동안구 호계동 1045-2 제일빌딩 지하 14호 안양시 (Anyang-si) 경기도 (Gyeonggi-do), 안양시 (Anyang-si)",37.3904230,126.9521076,ddr;gitadora;iidx;jubeat;other;popn;pump_it_up;reflec;sdvx,,ddr:1;gitadora:1;iidx:2;jubeat:2;popn:1;pump_it_up:1;reflec:1;sdvx:1,ziv
분당 타이토 스테이션,"분당구 서현동 248-5 코코프라자 지하1층 성남시 (Seongnam-si) 경기도 (Gyeonggi-do), 성남시 (Seongnam-si)",37.3858213,127.1240252,gitadora;iidx;jubeat;other;popn;pump_it_up;reflec;sdvx;taiko,,gitadora:1;iidx:1;jubeat:2;popn:1;pump_it_up:2;reflec:1;sdvx:1;taiko:2,ziv
삼보게임랜드(Sambo Gameland),"1F, Judies Taehwa New Building (쥬디스태화 신관) Seomyeon 부산 (Busan), Seomyeon",35.1555551,129.0584944,chunithm;ddr;drs;gitadora;iidx;jubeat;maimai_dx;other;popn;pump_it_up;reflec;sdvx;taiko;wacca,,chunithm:1;ddr:1;drs:1;gitadora:1;iidx:1;jubeat:4;maimai_dx:1;popn:6;pump_it_up:2;reflec:1;sdvx:6;taiko:2;wacca:2,ziv
아주대 태경 게임장 (Taekyong),"12 Aju-ro 47beon-gil Paldal-gu, Suwon-si Gyeonggi-do, 16497, Paldal-gu, Suwon-si",37.2792039,127.0430503,gitadora;jubeat;other;reflec;sdvx,,gitadora:1;jubeat:3;reflec:1;sdvx:1,ziv
Arcade Levels,"72 Calle Valencia Cuarte de Huerva Aragón, 50410, Cuarte de Huerva",41.5946275,-0.9404924,chunithm;crossbeats;groove_coaster;jubeat;museca;nostalgia;other;project_diva;reflec;sdvx;wacca,,,ziv
Arcade Planet - Sevilla Retro,"Calle Jardín de la Isla 6 Bellavista Andalucía, 41012, Bellavista",37.3335993,-5.9696909,chunithm;crossbeats;dance_evo;ddr;drs;gitadora;groove_coaster;iidx;jubeat;museca;nostalgia;ongeki;other;popn;project_diva;pump_it_up;reflec;sdvx;taiko;wacca,,,ziv
Arcade Rebirth,"Avenida de la democracia 7 Planta 6, Local 9 Madrid Madrid, 28031, Madrid",40.3844947,-3.6251181,chunithm;gitadora;groove_coaster;iidx;jubeat;nostalgia;ongeki;other;popn;project_diva;pump_it_up;reflec;sdvx;wacca,,chunithm:2;gitadora:1;groove_coaster:2;iidx:1;jubeat:1;nostalgia:1;ongeki:2;popn:1;project_diva:1;pump_it_up:1;reflec:2;sdvx:4;wacca:2,ziv
Japan Weekend,"Av. de Luis Aragonés, 4, San Blas-Canillejas Madrid Madrid, 28022, Madrid",40.4359075,-3.5995731,nostalgia;other;popn;project_diva;sdvx;taiko;wacca,,,ziv
Nextage Madrid,"Calle Arboleda 14, Nave 36 Madrid Comunidad de Madrid, 28031, Madrid",40.3859616,-3.6257565,ddr;gitadora;iidx;jubeat;nostalgia;other;popn;pump_it_up;sdvx;wacca,,ddr:1;gitadora:2;iidx:1;jubeat:1;nostalgia:1;popn:1;pump_it_up:1;sdvx:4;wacca:1,ziv
HEY STHLM,"2 Gyldéngatan Stockholm Stockholms län, 113 27, Stockholm",59.3425924,18.0526113,chunithm;ddr;gitadora;groove_coaster;iidx;jubeat;museca;nostalgia;other;popn;sdvx;stepmaniax;taiko;wacca,,chunithm:1;ddr:1;gitadora:1;groove_coaster:2;iidx:1;jubeat:2;museca:1;nostalgia:1;popn:1;sdvx:1;stepmaniax:1;taiko:1;wacca:1,ziv
Laserdome Borås/Pinballseye,"18 Bryggaregatan Borås Västra Götalands län, 503 38, Borås",57.7165117,12.9423168,gitadora;groove_coaster;iidx;jubeat;museca;other;popn;pump_it_up;reflec;sdvx,,,ziv
Pixel Arcade,"Roskildevägen 25 (25A but back of the building one floor down) Malmö Skåne län, 217 46, Malmö",55.5918141,12.9865839,crossbeats;ddr;groove_coaster;jubeat;nostalgia;other;popn;project_diva;sdvx;wacca,,crossbeats:1;ddr:1;groove_coaster:1;jubeat:2;nostalgia:1;popn:1;project_diva:1;sdvx:2;wacca:1,ziv
Smålands Spelhall,"Smedjegatan 15 Växjö Kronobergs län, 352 46, Växjö",56.8830073,14.7797576,chunithm;ddr;drs;gitadora;groove_coaster;iidx;jubeat;nostalgia;other;reflec;sdvx;wacca,,chunithm:1;ddr:1;drs:1;gitadora:2;groove_coaster:4;iidx:1;jubeat:4;nostalgia:1;reflec:1;sdvx:2;wacca:2,ziv
Subarashii Manga Café,"75-77 Rue de Lyon, (Côté Avenue d'Aïre) Geneva 1203, Geneva",46.2081113,6.1257037,sdvx,,,ziv
Cartoony World@Mingyao Department Store (卡通尼樂園),"No. 200 Zhongxiao E Road Sec. 4 Taipei City Da'an District, 106, Taipei City",25.0411047,121.5521601,chunithm;ddr;nostalgia;other;sdvx;taiko,,chunithm:2;ddr:1;nostalgia:1;sdvx:2;taiko:2,ziv
CHAMELEON (CHIAYI),No.79 Wenhua Rd. East Dist. Chiayi City 600 Taiwan,23.4773433,120.4497225,chunithm;ddr;gitadora;maimai_dx;other;sdvx;taiko,,,allnet;ziv
HALA PLANET (NANYA),"1F,No31-5,Nanya E Rd.Banqiao Dist.New Taipei City 220053",25.0056896,121.4552970,chunithm;maimai_dx;sdvx;taiko;wacca,,chunithm:2;maimai_dx:3;sdvx:1;taiko:1;wacca:2,allnet;ziv
HALA PLANET (RAOHE),"No.202, Raohe St., Songshan Dist., Taipei City 105058",25.0506930,121.5770277,chunithm;groove_coaster;jubeat;maimai_dx;nostalgia;other;project_diva;sdvx;taiko,,chunithm:4;groove_coaster:1;jubeat:1;maimai_dx:1;nostalgia:1;project_diva:1;sdvx:2;taiko:1,allnet;ziv
HALA PLANET (XIMEN),"No.11, Ln.144, Sec.1,Zhonghua Rd.Wanhua Dist., Taipei City 108",25.0436445,121.5086610,chunithm;crossbeats;ddr;groove_coaster;jubeat;maimai_dx;other;popn;project_diva;reflec;sdvx;taiko,,chunithm:4;crossbeats:1;ddr:1;groove_coaster:1;jubeat:2;maimai_dx:4;popn:1;project_diva:1;reflec:1;sdvx:2;taiko:1,allnet;ziv
HALA Planet Fengjia (H50MGS),"269-48 Section 2, Xitun Road Taichung City Xitun District, 407, Taichung City",24.1745091,120.6442534,chunithm;ddr;iidx;jubeat;maimai_dx;other;project_diva;sdvx;taiko,,chunithm:3;ddr:1;iidx:1;jubeat:1;maimai_dx:4;project_diva:1;sdvx:3;taiko:2,ziv
HALA PLANET(TAICHUNG YIZHONG),"No.10, Taiping Rd., North Dist., Taichung City 404008, Taiwan",24.1476019,120.6859621,chunithm;ddr;gitadora;iidx;maimai_dx;other;sdvx;taiko,,chunithm:1;ddr:1;gitadora:2;iidx:1;maimai_dx:4;sdvx:1;taiko:2,allnet;ziv
Hala Planet@Gongguan (哈啦星球) First Store,"130 Roosevelt Road Section 4 Zhongzheng Taipei, 100, Zhongzheng",25.0130475,121.5357561,chunithm;gitadora;iidx;maimai_dx;nostalgia;other;popn;sdvx;taiko,,chunithm:4;gitadora:2;iidx:1;maimai_dx:4;nostalgia:1;popn:1;sdvx:5;taiko:2,ziv
INFINITY WORLD,No.22-50-1 Zhongshan Rd. Banqiao Dist. New Taipei City 220073,25.0093347,121.4611035,chunithm;ddr;drs;gitadora;iidx;jubeat;maimai_dx;nostalgia;pump_it_up;sdvx;taiko,,,allnet
MAX GAME CENTER,"NO.78, SEC.2, CHONGXIN RD.,SANCHONG DIST., NEW TAIPEI CITY",25.0618105,121.4972921,chunithm;ddr;gitadora;iidx;jubeat;maimai_dx;nostalgia;other;pump_it_up;reflec;sdvx;taiko,,chunithm:3;ddr:1;gitadora:3;iidx:3;jubeat:2;maimai_dx:3;nostalgia:1;pump_it_up:1;reflec:1;sdvx:4;taiko:2,allnet;ziv
New Art City@Xinsanmin (新藝城 新三民店),"Sanmin Rd. Lane 39 No.3 Taichung City Fengyuan District, 420, Taichung City",24.2534159,120.7214829,chunithm;crossbeats;drs;maimai_dx;other;pump_it_up;sdvx;taiko,,chunithm:2;crossbeats:1;drs:1;maimai_dx:1;pump_it_up:1;sdvx:2;taiko:1,ziv
NEW CITY(ZHONGLI),"11F,NO.120,SEC.1,ZHONGYANG W.RD,ZHONGLI CITY, TAOYUAN",24.9584889,121.2203631,chunithm;dance_evo;ddr;gitadora;groove_coaster;iidx;jubeat;maimai_dx;nostalgia;other;popn;reflec;sdvx;taiko;wacca,,chunithm:2;dance_evo:1;ddr:1;gitadora:2;groove_coaster:2;iidx:2;jubeat:3;maimai_dx:2;nostalgia:1;popn:1;reflec:2;sdvx:2;taiko:1;wacca:2,allnet;bemanicn;ziv
RHYTHM ARENA(KAOHSIUNG),"No.86-1, Zhonghua 3rd Rd.Qianjin Dist.,Kaohsiung City 801615",22.6272784,120.3014353,chunithm;ddr;drs;gitadora;iidx;jubeat;maimai_dx;nostalgia;popn;sdvx;taiko,,chunithm:3;ddr:1;drs:1;gitadora:2;iidx:1;jubeat:1;maimai_dx:3;nostalgia:1;popn:1;sdvx:4;taiko:1,allnet;ziv
SHIRONEKOYA 白喵一番屋 台北店,"台灣臺北市中正區黎明里南陽街50號1樓 Taipei 中正區, 100, Taipei",-13.5922922,131.4842853,chunithm;maimai_dx;other;sdvx;taiko,,,ziv
SHIRONEKOYA(TAICHUNG),"1F.,No.7,Ln. 6,Yucai St.,North Dist.,Taichung City,Taiwan",24.1502189,120.6849391,chunithm;ddr;gitadora;iidx;jubeat;maimai_dx;popn;sdvx;taiko,,chunithm:4;ddr:1;gitadora:3;iidx:1;jubeat:1;maimai_dx:5;popn:1;sdvx:3;taiko:1,allnet;bemanicn;ziv
SHIRONEKOYA(ZHONGLI),"1F., No. 575, Yanping Rd., Zhongli Dist., Taoyuan City 320061",24.9547944,121.2226280,chunithm;iidx;maimai_dx;sdvx;taiko;wacca,,chunithm:3;iidx:1;maimai_dx:3;sdvx:2;taiko:1;wacca:1,allnet;ziv
Taiko Park 太鼓歡樂園,"No. 62, Section 2, Zhonghua E Rd, Fuqiang Village East District Tainan City, 701, East District",22.9860220,120.2318752,chunithm;maimai_dx;popn;sdvx;taiko,,chunithm:4;maimai_dx:3;popn:2;sdvx:1;taiko:2,ziv
TIGER球の運動館,惠文路499號,24.1459790,120.6433435,chunithm;ddr;iidx;jubeat;nostalgia;sdvx;taiko,,chunithm:2;ddr:1;iidx:1;jubeat:1;nostalgia:1;sdvx:1;taiko:3,bemanicn;ziv
TOM'S WORLD (TAITUNG),"1F. No.439,Sec.1,ZhonghuaRd.,TaitungCity,TaitungCounty95042",22.7539320,121.1527787,jubeat;maimai_dx;sdvx,,,allnet;ziv
TOM'S WORLD(DREAM MALL@KAOHSIUNG),"B1., NO.789, ZHONGHUA 5TH RD.QIANZHEN DIST., KAOHSIUNG CITY",22.6227314,120.3580461,chunithm;gitadora;groove_coaster;jubeat;maimai_dx;popn;sdvx;wacca,,,allnet;ziv
TOM'S WORLD(JINWANNIAN@TAIPEI),"5F., NO.70, SINING S.RD.,WANHUADISTRICT, TAIPEI CITY,",25.0435101,121.5058933,chunithm;drs;gitadora;groove_coaster;jubeat;maimai_dx;other;project_diva;reflec;sdvx;taiko,,chunithm:1;drs:1;gitadora:2;groove_coaster:1;jubeat:2;maimai_dx:2;project_diva:1;reflec:2;sdvx:2;taiko:1,allnet;ziv
TOM'S WORLD(LIUHE@KAOHSIUNG),"NO.132, LIUHE 2ND RD.,QIANJIN DISTRICT, KAOHSIUNG",22.6311429,120.2959709,chunithm;ddr;drs;gitadora;maimai_dx;other;sdvx;taiko,,,allnet;ziv
X50 Music Game Station (First store),"134 Wuchang Street Section 2 Wanhua Taipei, 108, Wanhua",25.0455687,121.5027896,ddr;gitadora;iidx;jubeat;maimai_dx;popn;sdvx,,ddr:1;gitadora:2;iidx:2;jubeat:1;popn:1;sdvx:4,ziv
X50 Music Game Station 西門一店,武昌街二段134號,,,iidx;jubeat;sdvx,,iidx:2;jubeat:1;sdvx:6,bemanicn
力堡 站前店,忠孝西路一段50-1號(站前地下街15-6號),25.0472980,121.5135420,chunithm;maimai_dx;sdvx,,chunithm:3;maimai_dx:2;sdvx:3,bemanicn
力堡遊樂園,"50-1 Zhongxiao West Road Section 1 Zhongzheng Taipei, 100, Zhongzheng",25.0464581,121.5156019,chunithm;ddr;gitadora;iidx;jubeat;maimai_dx;nostalgia;sdvx;taiko;wacca,,chunithm:3;ddr:1;gitadora:3;iidx:2;jubeat:2;maimai_dx:2;nostalgia:1;sdvx:6;taiko:4;wacca:2,ziv
大釣哥選物販賣,中和路249號,24.9533500,121.2233580,chunithm;maimai_dx;sdvx,,chunithm:2;maimai_dx:1;sdvx:1,bemanicn
恐怖红夜 - 義大購物廣場C區3樓,義大八街100號,22.7294920,120.4058840,maimai_dx;sdvx;taiko,,maimai_dx:1;sdvx:1;taiko:1,bemanicn
极限游戏道馆（天台广场）,重新路二段78号1楼,25.0617010,121.4973070,chunithm;maimai_dx;sdvx,,chunithm:3;maimai_dx:3;sdvx:4,bemanicn
气球人,忠孝東路四段200號11F,,,chunithm;sdvx;taiko,,chunithm:2;sdvx:2;taiko:1,bemanicn
永淇樂園@Taipei City Mall,"100 Shimin Boulevard Section 1 Zhongzheng Taipei, 100, Zhongzheng",25.0496510,121.5130913,chunithm;gitadora;groove_coaster;jubeat;maimai_dx;nostalgia;other;project_diva;sdvx;taiko;wacca,,chunithm:2;gitadora:1;groove_coaster:2;jubeat:2;maimai_dx:2;nostalgia:2;project_diva:2;sdvx:5;taiko:2;wacca:2,ziv
湯姆熊台南遠百娛樂城,公園路60號3F,,,jubeat;sdvx;taiko,,jubeat:2;sdvx:1;taiko:1,bemanicn
湯姆熊彼得堡店,中華路一段437號,22.7529740,121.1519620,maimai_dx;sdvx;taiko,,maimai_dx:2;sdvx:1;taiko:1,bemanicn
無限遊戲中心,中山路一段50巷22號1F,25.0088370,121.4615250,chunithm;ddr;drs;gitadora;iidx;jubeat;maimai_dx;nostalgia;other;pump_it_up;sdvx;taiko,,chunithm:3;ddr:1;drs:1;gitadora:1;iidx:2;jubeat:1;maimai_dx:4;nostalgia:1;pump_it_up:1;sdvx:6;taiko:2,bemanicn;ziv
白喵一番屋 桃園店,成功路12號2樓,24.9929980,121.3128050,chunithm;ddr;gitadora;groove_coaster;iidx;jubeat;maimai_dx;nostalgia;sdvx;taiko;wacca,,chunithm:3;ddr:1;gitadora:2;groove_coaster:1;iidx:1;jubeat:1;maimai_dx:3;nostalgia:1;sdvx:2;taiko:2;wacca:2,bemanicn;ziv
红夜 - 夢時代店,中華五路789號9樓,22.5952220,120.3067320,maimai_dx;sdvx;taiko,,maimai_dx:2;sdvx:1;taiko:2,bemanicn
红夜星光 板橋南雅店,南雅東街31之5號1樓,25.0060370,121.4542540,chunithm;maimai_dx;sdvx,,chunithm:2;maimai_dx:3;sdvx:1,bemanicn
音樂創劇 Music Game x Livehouse,"320號B3 Jianguo 2nd Rd 高雄市三民區建國二路 320號B3 Kaohsiung Sanmin District, 807, Kaohsiung",22.6395013,120.3024280,chunithm;ddr;iidx;jubeat;other;sdvx;taiko;wacca,,chunithm:2;ddr:1;iidx:1;jubeat:1;sdvx:3;taiko:2;wacca:1,ziv
ECHO GAMES(ZPELL),"PL2.3.SHP01094PRAHONYOTHINRD,PRACHATIPAT,TANYABURI,PRATHUMTHANI",13.9887697,100.6173520,chunithm;ddr;drs;gitadora;iidx;maimai_dx;other;project_diva;pump_it_up;sdvx;taiko,,chunithm:2;ddr:1;drs:1;gitadora:2;iidx:1;maimai_dx:3;project_diva:1;pump_it_up:1;sdvx:3;taiko:2,allnet;ziv
EX10 MUSICPOD Central Ladprao,"1691, Central Ladprao 6th floor, Phahon Yothin Road Chatuchak, Chatuchak Bangkok 10900, Bangkok",13.8173744,100.5616147,chunithm;drs;gitadora;iidx;maimai_dx;nostalgia;other;pump_it_up;sdvx;taiko,,chunithm:2;drs:1;gitadora:1;iidx:2;maimai_dx:2;nostalgia:1;pump_it_up:1;sdvx:1;taiko:1,ziv
EX10(MAYA CHIANGMAI),"55/5 M.5 CHANGPHEUK  ,MEANG, CHIANGMAI",18.8026933,98.9672955,chunithm;drs;gitadora;iidx;maimai_dx;other;pump_it_up;sdvx;taiko,,chunithm:2;drs:1;gitadora:2;iidx:1;maimai_dx:2;pump_it_up:1;sdvx:1;taiko:1,allnet;ziv
EX10(MBK),"MBK CENTERBLDG.,444 PHAYATHAI RD.,PATHUM WAN BANGKOK",13.7443293,100.5299973,chunithm;ddr;drs;gitadora;iidx;maimai_dx;other;sdvx;taiko,,chunithm:4;ddr:1;drs:1;gitadora:2;iidx:2;maimai_dx:4;sdvx:2;taiko:2,allnet;ziv
Fun City Central Udon,"277/1-3, Prajak Sillapakom Road Nong Na Kham, Mueang Udon Thani Udon Thani 41000, Udon Thani",17.4052231,102.7999091,gitadora;other;pump_it_up;sdvx,,gitadora:2;pump_it_up:2;sdvx:2,ziv
GAMESMITH,"121/2 Ratchaphruek Road Bang Ramat, Taling Chan Bangkok, 10170, Bang Ramat, Taling Chan",13.7715447,100.4433849,chunithm;iidx;nostalgia;other;sdvx,,,ziv
Let's Play MBK Center,"444, Phayathai Road Wang Mai, Pathum Wan Bangkok 10330, Bangkok",13.7447741,100.5301690,dance_evo;ddr;drs;gitadora;iidx;other;popn;pump_it_up;sdvx,,dance_evo:1;ddr:1;drs:1;gitadora:2;iidx:1;popn:1;pump_it_up:3;sdvx:2,ziv
Arcade Club Blackpool,"74 Bloomfield Road Blackpool England, FY1 6JL, Blackpool",53.8041519,-3.0465826,ddr;drs;groove_coaster;jubeat;museca;nostalgia;other;sdvx;taiko,,ddr:1;drs:1;groove_coaster:1;jubeat:2;museca:2;nostalgia:1;sdvx:1;taiko:1,ziv
Arcade Club Bury,"Ela Mill, Cork Street Bury England, BL9 7BW, Bury",53.5951081,-2.2838197,chunithm;crossbeats;ddr;drs;gitadora;groove_coaster;iidx;jubeat;museca;nostalgia;other;popn;project_diva;reflec;sdvx;stepmaniax;taiko;wacca,,chunithm:1;crossbeats:1;ddr:3;drs:1;gitadora:2;groove_coaster:1;iidx:1;jubeat:4;museca:2;nostalgia:1;popn:2;project_diva:1;reflec:1;sdvx:2;stepmaniax:1;taiko:2;wacca:1,ziv
ArCains,"31 Grafton Street Liverpool England, L8 5XE, Liverpool",53.3933865,-2.9790955,chunithm;crossbeats;drs;groove_coaster;other;pump_it_up;sdvx;taiko,,,ziv
Boneyard Arcade,"180-182 Sidwelll Street Exeter Devon, EX4 6RD, Exeter",50.7258019,-3.5256082,ddr;ongeki;other;project_diva;sdvx;wacca,,,ziv
FreePlayCity,"ExFed 199 Eade Road London England, N4 1DN, London",51.5754211,-0.0877217,chunithm;ddr;drs;gitadora;groove_coaster;iidx;jubeat;museca;nostalgia;ongeki;other;popn;project_diva;pump_it_up;reflec;sdvx;taiko;wacca,,chunithm:2;ddr:1;drs:1;gitadora:2;groove_coaster:1;iidx:1;jubeat:3;museca:2;nostalgia:1;ongeki:1;popn:3;project_diva:1;pump_it_up:1;reflec:1;sdvx:2;taiko:1;wacca:1,ziv
Funland,"25, 27 Brunswick Square London England, WC1N 1AW, London",51.5243953,-0.1236096,ddr;iidx;jubeat;museca;other;popn;reflec;sdvx,,ddr:4;iidx:2;jubeat:2;museca:1;popn:2;reflec:2;sdvx:4,ziv
Playback Arcade,"Unit 20 The Galleries Shopping Centre Bristol England, BS1 3XB, Bristol",51.4568410,-2.5901905,ddr;drs;iidx;jubeat;nostalgia;ongeki;other;popn;project_diva;reflec;sdvx;taiko,,ddr:1;drs:1;iidx:1;jubeat:2;nostalgia:2;ongeki:1;popn:2;project_diva:1;reflec:2;sdvx:1;taiko:1,ziv
The Arcade Warehouse Lincoln,"Dixon Street Lincoln England, LN6 7BN, Lincoln",53.2197925,-0.5556083,jubeat;museca;other;sdvx;taiko,,,ziv
The Retro Realm,"Unit 2, Waterside Place Marsh Ln Walsall West Midlands, WS2 8LN, Walsall",52.5853931,-1.9865321,ddr;other;popn;pump_it_up;reflec;sdvx;taiko,,,ziv
[PRIVATE] Night City,"31362 N Ellis Dr. Unit 210 Volo Illinois, 60073, Volo",42.3226516,-88.1578804,ddr;jubeat;other;project_diva;sdvx;wacca,,,ziv
Akihabara,"8901 N Harlan St Westminster Colorado, 80031, Westminster",39.8581737,-105.0646787,chunithm;ddr;drs;groove_coaster;iidx;jubeat;nostalgia;other;popn;project_diva;sdvx;taiko;wacca,,chunithm:4;jubeat:2;wacca:2,ziv
Akihabara Electric Entertainment,"(PRIVATE) Bolingbrook Illinois, 60440, Bolingbrook",41.7108995,-88.0686898,chunithm;crossbeats;ddr;gitadora;iidx;jubeat;other;popn;pump_it_up;sdvx,,,ziv
Akihabari,"10500 Centrum Parkway Pineville NC, 28134, Pineville",35.0897674,-80.8788909,ddr;other;project_diva;sdvx;wacca,,,ziv
Arcade '92 (Flower Mound),"801 International Parkway Suite 580 Flower Mound Texas, 75022, Flower Mound",32.9883818,-97.0639944,ddr;sdvx,,,ziv
ARCADE MONSTERS,6362 INTERNATIONAL DR ORLANDO FL 32819,28.4596379,-81.4683551,chunithm;dance_evo;ddr;drs;groove_coaster;iidx;jubeat;maimai_dx;nostalgia;ongeki;other;popn;pump_it_up;sdvx;stepmaniax;taiko;wacca,,chunithm:1;dance_evo:1;ddr:1;drs:2;groove_coaster:1;iidx:1;jubeat:2;maimai_dx:1;nostalgia:1;ongeki:1;popn:2;pump_it_up:1;sdvx:1;stepmaniax:1;taiko:1;wacca:1,allnet;ziv
Arcade Monsters (Lake Mary),"1130 Townpark Ave Suite 1122 Lake Mary Florida, 32746, Lake Mary",28.7885860,-81.3560626,chunithm;drs;other;popn;sdvx;taiko,,,ziv
Arcade Monsters (Lido Beach),"326 John Ringling Boulevard Sarasota Florida, 34236, Sarasota",27.3176131,-82.5779273,chunithm;ddr;gitadora;jubeat;nostalgia;other;popn;project_diva;pump_it_up;sdvx;wacca,,,ziv
Arcade Monsters (Melbourne),"835 South Babcock Street Melbourne Florida, 32901, Melbourne",28.0950078,-80.6199064,chunithm;ddr;drs;gitadora;groove_coaster;iidx;jubeat;museca;nostalgia;other;popn;project_diva;pump_it_up;sdvx;stepmaniax;taiko;wacca,,chunithm:1;ddr:1;drs:2;gitadora:2;groove_coaster:1;iidx:1;jubeat:1;museca:1;nostalgia:1;popn:1;project_diva:1;pump_it_up:1;sdvx:1;stepmaniax:1;taiko:1;wacca:1,ziv
Arcade Monsters (Murrieta),"39809 Avenida Acacias Murrieta California, 92563, Murrieta",33.5683717,-117.1796125,chunithm;ddr;drs;gitadora;jubeat;nostalgia;ongeki;other;polaris_chord;popn;pump_it_up;sdvx;stepmaniax;taiko;wacca,,chunithm:1;ddr:1;drs:2;gitadora:2;jubeat:3;nostalgia:1;ongeki:1;polaris_chord:1;popn:1;pump_it_up:1;sdvx:1;stepmaniax:1;taiko:1;wacca:1,ziv
Arcade Monsters (Oviedo),"15 Alafaya Woods Blvd Suite 117 Oviedo Florida, 32765, Oviedo",28.6517888,-81.2068109,chunithm;crossbeats;ddr;drs;gitadora;groove_coaster;iidx;jubeat;museca;nostalgia;other;popn;project_diva;pump_it_up;sdvx;taiko;wacca,,,ziv
Arcade Monsters (San Diego),"704 J St San Diego California, 92101, San Diego",32.7096136,-117.1579839,chunithm;dance_evo;ddr;drs;gitadora;groove_coaster;jubeat;nostalgia;ongeki;other;popn;project_diva;pump_it_up;sdvx;stepmaniax;taiko;wacca,,chunithm:4;dance_evo:1;ddr:1;drs:2;gitadora:2;groove_coaster:2;jubeat:2;nostalgia:2;ongeki:1;popn:1;project_diva:2;pump_it_up:1;sdvx:2;stepmaniax:1;taiko:1;wacca:1,ziv
Arcade Odyssey,"12045 Southwest 117th Avenue Miami Florida, 33176, Miami",25.6556196,-80.3829644,chunithm;crossbeats;ddr;drs;groove_coaster;iidx;jubeat;nostalgia;other;project_diva;pump_it_up;sdvx;taiko;wacca,,,ziv
Arcade Replay North,"7916 N. El Dorado St. Stockton CA, 95206, Stockton",38.0213750,-121.3139133,chunithm;ddr;gitadora;groove_coaster;iidx;jubeat;nostalgia;other;pump_it_up;sdvx;wacca,,,ziv
Arcade UFO,"9029 Research Boulevard Building #100 Austin Texas, 78758, Austin",30.3731895,-97.7243085,chunithm;gitadora;iidx;jubeat;nostalgia;other;popn;pump_it_up;sdvx,,chunithm:2;gitadora:2;jubeat:2;popn:1;pump_it_up:1;sdvx:1,ziv
Arcadia,"504 Congress Street Portland Maine, 04101, Portland",43.6562376,-70.2605010,chunithm;jubeat;sdvx,,,ziv
Arcadia Manor,"1707 Spring Garden Street Greensboro North Carolina, 27403, Greensboro",36.0635232,-79.8192626,chunithm;jubeat;other;sdvx;wacca,,,ziv
Beach Fun & Games,"12975 Village Blvd Madeira Beach Florida, 33708, Madeira Beach",27.7857550,-82.7833400,ddr;iidx;other;sdvx,,,ziv
BHOP Esports (Hawthorn),"506 Hawthorn Center Vernon Hills Illinois, 60061, Vernon Hills",42.2431155,-87.9517552,chunithm;ddr;groove_coaster;jubeat;other;pump_it_up;sdvx;stepmaniax;wacca,,,ziv
Boss Battle Games,"6020 East 82nd Street Indianapolis Indiana, 46250, Indianapolis",39.9088634,-86.0672431,ddr;gitadora;jubeat;other;popn;pump_it_up;sdvx,,,ziv
Cactus Jack's Family Fun Center,"1211 North Council Road Oklahoma City Oklahoma, 73127, Oklahoma City",35.4813110,-97.6547317,iidx;jubeat;nostalgia;other;popn;reflec;sdvx;stepmaniax;wacca,,,ziv
Captain Crazy's Paradise,"2139 South McKenzie Street Foley Alabama, 36535, Foley",30.3835992,-87.6824333,chunithm;groove_coaster;iidx;jubeat;nostalgia;other;popn;sdvx;stepmaniax;taiko;wacca,,,ziv
Castlecade (East Towne),"115 East Towne Way Madison Wisconsin, 53704, Madison",43.1250204,-89.3049577,ddr;jubeat;other;sdvx,,,ziv
Castlecade (West Towne),"66 West Towne Mall Madison Wisconsin, 53719, Madison",43.0573848,-89.5059049,chunithm;other;sdvx,,,ziv
Cidercade (Arlington),"500 E. Division St. Arlington Texas, 76010, Arlington",32.7360917,-97.1029971,jubeat;other;pump_it_up;sdvx;stepmaniax,,,ziv
Cidercade (Dallas),"2759 Irving Boulevard Service Road Dallas Texas, 75207, Dallas",32.8057853,-96.8458171,other;sdvx;stepmaniax,,,ziv
CIDERCADE AUSTIN,600 e riverside Dr Austin tx 78704,30.2524716,-97.7410337,chunithm;groove_coaster;jubeat;maimai_dx;ongeki;other;pump_it_up;sdvx;stepmaniax;wacca,,chunithm:2;groove_coaster:1;jubeat:2;maimai_dx:1;ongeki:1;pump_it_up:1;sdvx:2;stepmaniax:1;wacca:1,allnet;ziv
CIDERCADE HOUSTON,2320 canal st  #100 Houston TX 77003,29.7575862,-95.3464930,chunithm;groove_coaster;jubeat;maimai_dx;nostalgia;ongeki;other;popn;pump_it_up;sdvx;stepmaniax;wacca,,chunithm:2;groove_coaster:1;jubeat:1;maimai_dx:2;nostalgia:1;ongeki:1;popn:1;pump_it_up:1;sdvx:2;stepmaniax:1;wacca:2,allnet;ziv
DawnStar Video Games,"3007 W Clay St Suite A Richmond Virginia, 23230, Richmond",37.5659388,-77.4713260,ddr;iidx;jubeat;museca;nostalgia;other;project_diva;sdvx;wacca,,ddr:1;iidx:1;jubeat:2;museca:1;nostalgia:1;project_diva:1;sdvx:2;wacca:1,ziv
Decades Arcade,"418 East Main Street Charlottesville Virginia, 22902, Charlottesville",38.0297920,-78.4788333,jubeat;other;popn;pump_it_up;sdvx;wacca,,,ziv
DUCK! - Mall Of America,"342 Central Parkway Bloomington Minnesota, 55425, Bloomington",44.8560837,-93.2420075,chunithm;ddr;drs;maimai_dx;pump_it_up;sdvx;taiko;wacca,,chunithm:1;ddr:1;drs:1;maimai_dx:2;pump_it_up:1;sdvx:1;taiko:1;wacca:1,ziv
Electric Bat Arcade,"25 West Southern Avenue Tempe Arizona, 85282, Tempe",33.3926519,-111.9403517,crossbeats;groove_coaster;jubeat;other;popn;sdvx;wacca,,,ziv
Electric Starship Arcade,"5620 Denton Hwy Haltom City TX, 76148, Haltom City",32.8491297,-97.2628213,ddr;nostalgia;other;sdvx,,,ziv
ENTERRIUM,2 WOODFIELD MALL SCHAUMBURG IL 60173,42.0453408,-88.0340351,ddr;drs;iidx;maimai_dx;other;popn;sdvx,,ddr:1;drs:1;iidx:1;maimai_dx:2;popn:1;sdvx:1,allnet;ziv
Flippin' Great Pinball,"632-2 Railroad Square Tallahassee Florida, 32310, Tallahassee",30.4332479,-84.2935908,chunithm;ddr;jubeat;other;sdvx,,,ziv
Flynn's Gaming,"5869 Margate Boulevard Margate Florida, 33063, Margate",26.2437895,-80.2053675,ddr;other;sdvx,,,ziv
Free Play Arcade - Abilene,"250 Cypress Street Abilene TX, 79601, Abilene",32.4509963,-99.7345412,crossbeats;ddr;groove_coaster;jubeat;other;reflec;sdvx,,,ziv
Free Play Arcade - Dallas,"3015 Gulden Lane Dallas Texas, 75212, Dallas",32.7797926,-96.8281839,crossbeats;ddr;gitadora;iidx;jubeat;nostalgia;other;popn;sdvx,,,ziv
Free Play Arcade - Richardson,"1730 East Belt Line Road Richardson Texas, 75081, Richardson",32.9438056,-96.6933056,ddr;jubeat;museca;other;sdvx;wacca,,,ziv;community
Fun Factory (Windward Mall),"46-056 Kamehameha Highway Kaneohe Hawaiʻi, 96744, Kaneohe",21.4205431,-157.8058583,ddr;other;sdvx,,,ziv
FUN FACTORY - MILILANI,"95-1249 MEHEULA PKWY SUITE D-8 MILILANI, HI 96789",21.4533682,-158.0061044,ddr;maimai_dx;other;sdvx,,,allnet;ziv
Game Nest,"4525 Spring Mountain Road Suite 112 Las Vegas Nevada, 89102, Las Vegas",36.1253065,-115.2017679,chunithm;ddr;drs;gitadora;groove_coaster;iidx;jubeat;museca;nostalgia;ongeki;other;polaris_chord;popn;project_diva;pump_it_up;reflec;sdvx;taiko;wacca,,chunithm:2;ddr:2;drs:1;gitadora:1;groove_coaster:1;iidx:1;jubeat:1;museca:1;nostalgia:1;ongeki:1;polaris_chord:1;popn:1;project_diva:1;pump_it_up:1;reflec:1;sdvx:1;taiko:1;wacca:2,ziv
Game Underground,"349 Moody Street Waltham Massachusetts, 02453, Waltham",42.3702947,-71.2374590,chunithm;groove_coaster;jubeat;ongeki;other;popn;pump_it_up;sdvx;stepmaniax;wacca,,chunithm:1;groove_coaster:1;jubeat:1;ongeki:1;popn:1;pump_it_up:1;sdvx:2;stepmaniax:1;wacca:1,ziv
Han Lao Asian Market,"7219 Manchester Road Maplewood Missouri, 63143, Maplewood",38.6140873,-90.3149016,chunithm;other;popn;sdvx;wacca,,,ziv
Haze's Toys & Arcade,"5800 Northgate Drive Suite 62 San Rafael California, 94903, San Rafael",38.0038280,-122.5445396,chunithm;ddr;drs;ongeki;other;sdvx;wacca,,chunithm:2;ddr:1;drs:2;ongeki:1;sdvx:1;wacca:1,ziv
Hi-Score Arcade,"3429 Dillon Dr Pueblo Colorado, 81008, Pueblo",38.3022153,-104.6090591,iidx;sdvx,,,ziv
High Score Player Two: Classic Arcade,"2818 Mount Vernon Avenue Evansville Indiana, 47712, Evansville",37.9828765,-87.6086239,ddr;iidx;jubeat;popn;sdvx;wacca,,,ziv
Hometown Arcade (Northampton),"150 Main St Suite 40 Lower Level 1 Northampton Massachusetts, 01060, Northampton",42.3183282,-72.6308567,ddr;iidx;jubeat;other;sdvx,,,ziv
Hometown Arcade (Norwood),"61 Endicott St Building 26A, Mailstop #83 Norwood Massachusetts, 02062, Norwood",42.1770577,-71.2169733,ddr;nostalgia;other;sdvx;taiko,,,ziv
Hooligans Arcade,"519 1st St SW Alabaster AL, 35007, Alabaster",33.2406078,-86.8195009,chunithm;dance_evo;other;pump_it_up;sdvx;wacca,,,ziv
IKIGAI ARCADE,"5738 BAUM BLVD PITTSBURGH, PA 15206",40.4586541,-79.9324136,chunithm;ddr;groove_coaster;iidx;maimai_dx;ongeki;other;popn;pump_it_up;sdvx;wacca,,chunithm:2;ddr:1;groove_coaster:1;iidx:2;maimai_dx:1;ongeki:1;popn:2;pump_it_up:1;sdvx:2;wacca:4,allnet;ziv
Insert Coin Olympia,"3430 Pacific Ave SE Suite D1 Olympia WA, 98501, Olympia",47.0424615,-122.8472944,gitadora;iidx;nostalgia;reflec;sdvx;stepmaniax,,,ziv
Jeremy's Downtown Arcade,"206C 12th Ave S Nampa Idaho, 83651, Nampa",43.5776065,-116.5608671,dance_evo;drs;groove_coaster;other;sdvx;taiko;wacca,,dance_evo:1;drs:1;groove_coaster:4;sdvx:1;taiko:1;wacca:1,ziv
Jungle Fun Island - Ala Moana Center,"528 Kona Street Honolulu Hawaiʻi, 96814, Honolulu",21.2910038,-157.8432584,ddr;iidx;maimai_dx;other;sdvx,,,ziv
Leaderboard 2 Arcade Bar & Pizzeria (Shad),"5285 Shad Road Suite 316 Jacksonville Florida, 32257, Jacksonville",30.1940262,-81.5774021,chunithm;ddr;drs;gitadora;iidx;jubeat;museca;nostalgia;ongeki;other;project_diva;pump_it_up;sdvx;taiko;wacca,,chunithm:2;ddr:1;drs:1;gitadora:2;iidx:1;jubeat:2;museca:1;nostalgia:1;ongeki:1;project_diva:1;pump_it_up:1;sdvx:1;taiko:2;wacca:2,ziv
Leaderboard Arcade Bar & Pizzeria (Wells),"1760 Wells Road Orange Park Florida, 32073, Orange Park",30.1860675,-81.7283306,chunithm;drs;iidx;jubeat;other;sdvx;taiko;wacca,,chunithm:1;drs:1;iidx:1;jubeat:2;sdvx:1;taiko:1;wacca:1,ziv
LFG Gaming Bar,"116 Portage Street Kalamazoo Michigan, 49007, Kalamazoo",42.2913673,-85.5818019,ddr;other;sdvx,,,ziv
LITTLE TOKYO,"319 E 2nd St, Los Angeles, CA 90012",34.0491876,-118.2405746,ddr;gitadora;iidx;maimai_dx;other;popn;sdvx,,,allnet;ziv
Lucky Cat Arcade,"11201 Bass Pro Pkwy suite w117 Little Rock 72210, Little Rock",34.6615005,-92.4090636,chunithm;other;sdvx;wacca,,chunithm:1;sdvx:2;wacca:1,ziv
Neon Dreams Arcade,"11100 66th Street N Largo Florida, 33773, Largo",27.8729780,-82.7302186,chunithm;iidx;jubeat;other;popn;project_diva;pump_it_up;sdvx;wacca,,,ziv
New Game Plus+,"1653 West Palmetto Street Florence South Carolina, 29501, Florence",34.1908887,-79.8001759,chunithm;dance_evo;ddr;gitadora;groove_coaster;iidx;museca;other;popn;project_diva;sdvx;taiko;wacca,,,ziv
Nickelmania - Orem,"1000 North State Street Orem Utah, 84057, Orem",40.3152520,-111.7028689,ddr;other;sdvx,,,ziv
Otaku-Planet,"119 Southland Village S/C Troy Alabama, 36081, Troy",31.7834467,-85.9647248,sdvx,,,ziv
Point Break Arcade,"445 Harrison Avenue Panama City Florida, 32401, Panama City",30.1560462,-85.6605591,chunithm;ddr;drs;groove_coaster;jubeat;nostalgia;other;popn;project_diva;sdvx;stepmaniax;taiko;wacca,,,ziv
PUSH START PLAY Family Entertainment Center,"1165 S Stemmons Fwy #192 Lewisville TX, 75067, Lewisville",33.0285088,-96.9940210,drs;jubeat;other;pump_it_up;sdvx;stepmaniax;wacca,,,ziv
RAD BAR,"119 Staff Drive Northeast Fort Walton Beach Florida, 32548, Fort Walton Beach",30.4155769,-86.6058308,jubeat;popn;pump_it_up;sdvx,,,ziv
Red Note,"1881 South Rainbow Boulevard Las Vegas Nevada, 89146, Las Vegas",36.1505760,-115.2435833,chunithm;ddr;gitadora;groove_coaster;iidx;jubeat;maimai_dx;nostalgia;ongeki;other;popn;pump_it_up;sdvx;stepmaniax;wacca,,chunithm:4;ddr:5;gitadora:1;groove_coaster:1;iidx:2;jubeat:1;nostalgia:1;ongeki:1;popn:2;pump_it_up:1;sdvx:3;stepmaniax:1;wacca:1,ziv
Retro Rush Arcade,"100 N 9th St Richmond Indiana, 47374, Richmond",39.8307605,-84.8917539,jubeat;other;sdvx,,,ziv
Retrovolt Arcade,"544 Myrtlewood Drive Calimesa California, 92320, Calimesa",33.9967638,-117.0579657,crossbeats;other;popn;sdvx,,,ziv
Retroware Arcade (Lansdale),"309 West Main Street Lansdale Pennsylvania, 19446, Lansdale",40.2435101,-75.2867609,chunithm;crossbeats;ddr;groove_coaster;jubeat;nostalgia;other;project_diva;sdvx;stepmaniax;wacca,,,ziv
Revival Arcade,"1395 North E Street San Bernardino California, 92405, San Bernardino",34.1253699,-117.2939229,ddr;gitadora;groove_coaster;iidx;other;sdvx;wacca,,,ziv
RhythmPitt,"Join the discord! Pittsburgh Pennsylvania, 15208, Pittsburgh",40.4514865,-79.9081555,chunithm;crossbeats;ddr;drs;gitadora;groove_coaster;iidx;jubeat;museca;nostalgia;ongeki;other;popn;project_diva;reflec;sdvx;wacca,,chunithm:2;crossbeats:1;ddr:1;drs:1;gitadora:3;groove_coaster:1;iidx:2;jubeat:2;museca:2;nostalgia:1;ongeki:1;popn:2;project_diva:1;reflec:2;sdvx:3;wacca:3,ziv
Ric&Rik Otaku Cafe,"7022 Bandera Road San Antonio Texas, 78238, San Antonio",29.4989299,-98.6254450,chunithm;ddr;gitadora;groove_coaster;iidx;jubeat;museca;nostalgia;other;popn;project_diva;sdvx;stepmaniax;taiko;wacca,,chunithm:2;ddr:1;gitadora:1;groove_coaster:1;iidx:1;jubeat:2;museca:1;nostalgia:1;popn:1;project_diva:1;sdvx:1;stepmaniax:1;taiko:1;wacca:2,ziv
Riverside Game Lab,"3633 Market Street Riverside California, 92501, Riverside",33.9842636,-117.3749846,groove_coaster;other;pump_it_up;sdvx;wacca,,,ziv
ROUND1 ARLINGTON PARKS,"3811 S. Cooper St., Suite 6004,Arlington TX 76015",32.6796797,-97.1295441,chunithm;dance_around;ddr;drs;gitadora;groove_coaster;iidx;maimai_dx;museca;other;popn;project_diva;pump_it_up;sdvx;taiko;wacca,,chunithm:1;dance_around:1;ddr:3;drs:2;gitadora:2;groove_coaster:2;iidx:1;maimai_dx:2;museca:2;popn:1;project_diva:1;pump_it_up:3;sdvx:3;taiko:1;wacca:2,allnet;ziv;round1usa
ROUND1 ARROWHEAD TOWN CENTER,"7650 Arrowhead Town Center, Glendale, AZ 85308",33.6413806,-112.2240577,chunithm;crossbeats;dance_around;ddr;drs;gitadora;iidx;maimai_dx;other;popn;pump_it_up;sdvx;stepmaniax;taiko;wacca,,chunithm:2;crossbeats:2;dance_around:1;ddr:2;drs:1;gitadora:4;iidx:2;maimai_dx:2;popn:1;pump_it_up:2;sdvx:2;stepmaniax:1;taiko:2;wacca:1,allnet;ziv;round1usa
Round1 Auburn Hills (Great Lakes Crossing),"4220 Baldwin Rd, Auburn Hills, MI 48326, USA",42.7025380,-83.2996450,chunithm;ddr;drs;maimai_dx;sdvx;taiko,,,round1usa
Round1 Bowling & Arcade (Broadway Commons),"972 Broadway Mall Hicksville New York, 11801, Hicksville",40.7737561,-73.5331730,chunithm;dance_around;ddr;drs;gitadora;iidx;maimai_dx;other;popn;pump_it_up;sdvx;stepmaniax;taiko,,chunithm:2;dance_around:2;ddr:3;drs:1;gitadora:2;iidx:2;maimai_dx:2;popn:2;pump_it_up:1;sdvx:2;stepmaniax:1;taiko:4,ziv
Round1 Bowling & Arcade (Coronado Center),"6600 Menaul Boulevard Northeast Albuquerque New Mexico, 87110, Albuquerque",35.1066911,-106.5756805,chunithm;crossbeats;dance_around;ddr;drs;gitadora;groove_coaster;iidx;maimai_dx;museca;other;pump_it_up;sdvx;taiko;wacca,,chunithm:4;crossbeats:1;dance_around:1;ddr:2;drs:1;gitadora:2;groove_coaster:1;iidx:2;maimai_dx:2;museca:1;pump_it_up:4;sdvx:3;wacca:1,ziv;round1usa
Round1 Bowling & Arcade (Cumberland Mall),"2860 Cumberland Mall Atlanta Georgia, 30339, Atlanta",33.8802585,-84.4670214,chunithm;dance_around;ddr;drs;gitadora;iidx;maimai_dx;other;popn;pump_it_up;sdvx;stepmaniax;taiko;wacca,,chunithm:1;dance_around:2;ddr:3;drs:1;gitadora:2;iidx:2;maimai_dx:3;popn:2;pump_it_up:2;sdvx:3;stepmaniax:1;taiko:2;wacca:1,ziv;round1usa
Round1 Bowling & Arcade (Danbury Fair),"7 Backus Avenue Danbury Connecticut, 06810, Danbury",41.3796745,-73.4802532,chunithm;dance_around;ddr;drs;gitadora;iidx;maimai_dx;other;popn;pump_it_up;sdvx;stepmaniax;taiko;wacca,,chunithm:2;dance_around:1;ddr:2;drs:1;gitadora:2;iidx:1;maimai_dx:2;popn:2;pump_it_up:1;sdvx:2;stepmaniax:1;taiko:1;wacca:1,ziv;round1usa
Round1 Bowling & Arcade (Exton Square Mall),"172 Exton Square Parkway Exton Pennsylvania, 19341, Exton",40.0306751,-75.6223013,chunithm;dance_around;ddr;drs;gitadora;iidx;maimai_dx;other;popn;project_diva;pump_it_up;sdvx;taiko;wacca,,chunithm:1;dance_around:1;ddr:3;drs:1;gitadora:2;iidx:1;maimai_dx:3;popn:2;project_diva:1;pump_it_up:2;sdvx:2;taiko:1;wacca:1,ziv;round1usa
Round1 Bowling & Arcade (Great Lakes Crossing Outlets),"4220 Baldwin Rd Suite A502 Auburn Hills Michigan, 48326, Auburn Hills",42.7018127,-83.2980609,chunithm;crossbeats;dance_around;ddr;drs;gitadora;groove_coaster;iidx;maimai_dx;other;popn;project_diva;pump_it_up;sdvx;stepmaniax;taiko;wacca,,chunithm:2;crossbeats:1;dance_around:2;ddr:3;drs:2;gitadora:2;groove_coaster:2;iidx:2;maimai_dx:4;popn:1;project_diva:1;pump_it_up:1;sdvx:2;stepmaniax:1;taiko:2;wacca:1,ziv
Round1 Bowling & Arcade (Great Lakes Mall),"7850 Mentor Avenue Suite 200A Mentor Ohio, 44060, Mentor",41.6588704,-81.3629822,chunithm;dance_around;ddr;drs;gitadora;iidx;maimai_dx;other;project_diva;pump_it_up;sdvx;stepmaniax;taiko;wacca,,dance_around:1;ddr:4;drs:1;gitadora:2;iidx:1;project_diva:1;pump_it_up:1;sdvx:1;stepmaniax:1;wacca:1,ziv;round1usa
Round1 Bowling & Arcade (Gurnee Mills),"6170 West Grand Avenue Gurnee Illinois, 60031, Gurnee",42.3887186,-87.9597724,chunithm;dance_around;ddr;gitadora;iidx;maimai_dx;other;popn;project_diva;pump_it_up;sdvx;stepmaniax;taiko;wacca,,chunithm:2;dance_around:1;ddr:2;gitadora:4;iidx:1;maimai_dx:2;popn:2;project_diva:1;pump_it_up:1;sdvx:2;stepmaniax:1;taiko:2;wacca:1,ziv
Round1 Bowling & Arcade (Main Place Mall),"2800 North Main Street Suite 1100 Santa Ana California, 92705, Santa Ana",33.7743722,-117.8686519,chunithm;dance_around;ddr;drs;gitadora;iidx;maimai_dx;other;popn;pump_it_up;sdvx;stepmaniax;taiko,,dance_around:1;ddr:2;drs:1;gitadora:2;iidx:1;maimai_dx:2;popn:2;pump_it_up:1;sdvx:3;stepmaniax:1;taiko:1,ziv;round1usa
Round1 Bowling & Arcade (Maine Mall),"364 Maine Mall Road South Portland Maine, 04106, South Portland",43.6334348,-70.3348268,chunithm;dance_around;ddr;drs;gitadora;groove_coaster;iidx;maimai_dx;other;popn;pump_it_up;sdvx;taiko;wacca,,chunithm:1;dance_around:1;ddr:1;drs:1;gitadora:2;groove_coaster:1;iidx:1;maimai_dx:2;popn:2;pump_it_up:1;sdvx:1;taiko:1;wacca:1,ziv;round1usa
Round1 Bowling & Arcade (Menlo Park Mall),"55 Parsonage Rd Space 1850A Edison NJ, 08837, Edison",40.5461934,-74.3367040,chunithm;dance_around;ddr;drs;gitadora;iidx;maimai_dx;other;pump_it_up;sdvx;stepmaniax;taiko,,chunithm:2;dance_around:1;ddr:3;drs:2;gitadora:2;iidx:2;maimai_dx:1;pump_it_up:1;sdvx:2;stepmaniax:1;taiko:1,ziv;round1usa
Round1 Bowling & Arcade (North Riverside Park Mall),"7501 West Cermak Road North Riverside Illinois, 60546, North Riverside",41.8485053,-87.8113389,chunithm;dance_around;ddr;drs;gitadora;iidx;maimai_dx;other;popn;project_diva;pump_it_up;sdvx;taiko;wacca,,chunithm:2;dance_around:1;ddr:2;drs:1;gitadora:2;iidx:1;maimai_dx:3;popn:2;project_diva:1;pump_it_up:1;sdvx:2;taiko:2;wacca:1,ziv;round1usa
Round1 Bowling & Arcade (North Star Mall),"7400 San Pedro Avenue San Antonio Texas, 78216, San Antonio",29.5179905,-98.4945243,chunithm;dance_around;ddr;drs;gitadora;iidx;maimai_dx;other;popn;pump_it_up;sdvx;stepmaniax;taiko;wacca,,chunithm:2;dance_around:1;ddr:4;drs:1;gitadora:2;iidx:2;maimai_dx:2;popn:2;pump_it_up:1;sdvx:2;stepmaniax:1;taiko:2;wacca:1,ziv;round1usa
Round1 Bowling & Arcade (Promenade Temecula),"40710 Winchester Road Temecula California, 92591, Temecula",33.5262948,-117.1531965,chunithm;dance_around;ddr;drs;gitadora;groove_coaster;iidx;maimai_dx;other;popn;pump_it_up;sdvx;taiko,,chunithm:1;dance_around:2;ddr:3;drs:1;gitadora:2;groove_coaster:2;iidx:1;maimai_dx:2;popn:2;pump_it_up:2;sdvx:2;taiko:2,ziv
Round1 Bowling & Arcade (Stonestown Galleria),"285 Winston Dr Space No. B1 San Francisco California, 94132, San Francisco",37.7265378,-122.4778764,chunithm;dance_around;ddr;drs;gitadora;iidx;maimai_dx;other;popn;pump_it_up;sdvx;taiko;wacca,,dance_around:1;ddr:4;drs:1;gitadora:2;iidx:2;maimai_dx:3;popn:2;pump_it_up:1;sdvx:2;taiko:2;wacca:1,ziv;round1usa
Round1 Bowling & Arcade (The Shops at Skyview),"131-07 40th Road Suite C01 Flushing NY, 11354, Flushing",40.7568800,-73.8354164,chunithm;ddr;drs;gitadora;maimai_dx;other;sdvx;wacca,,chunithm:2;ddr:1;drs:1;gitadora:2;maimai_dx:3;sdvx:1;wacca:1,ziv
Round1 Bowling & Arcade (Valley River Center),"600 Valley River Center Suite 101 Eugene Oregon, 97401, Eugene",44.0686091,-123.1083083,chunithm;dance_around;ddr;drs;gitadora;iidx;maimai_dx;other;popn;project_diva;pump_it_up;sdvx;taiko;wacca,,chunithm:2;dance_around:1;ddr:2;drs:1;gitadora:2;iidx:1;maimai_dx:2;popn:2;project_diva:2;pump_it_up:1;sdvx:1;taiko:1;wacca:1,ziv;round1usa
Round1 Bowling & Arcade (Westfield Plaza Bonita),"3030 Plaza Bonita Road National City California, 91902, National City",32.6567841,-117.0652516,chunithm;dance_around;ddr;drs;gitadora;iidx;maimai_dx;other;popn;project_diva;pump_it_up;sdvx;stepmaniax;taiko;wacca,,chunithm:2;dance_around:2;ddr:3;drs:1;gitadora:2;iidx:1;maimai_dx:10;popn:2;project_diva:1;pump_it_up:1;sdvx:2;stepmaniax:1;taiko:2;wacca:1,ziv;round1usa
Round1 Bowling & Arcade (Westfield Southcenter),"2351 Southcenter Mall Tukwila Washington, 98188, Tukwila",47.4598840,-122.2561471,chunithm;dance_around;ddr;drs;gitadora;iidx;maimai_dx;other;popn;project_diva;pump_it_up;sdvx;stepmaniax;taiko,,chunithm:2;dance_around:1;ddr:2;drs:2;gitadora:2;iidx:2;maimai_dx:3;popn:2;project_diva:1;pump_it_up:1;sdvx:3;stepmaniax:1;taiko:3,ziv;round1usa
Round1 Bowling & Arcade (Willowbrook Mall),"3000 Willobrook Mall (A) Houston TX, 77070, Houston",29.9625660,-95.5398235,chunithm;dance_around;ddr;drs;gitadora;groove_coaster;iidx;museca;other;pump_it_up;sdvx;stepmaniax;taiko;wacca,,chunithm:4;dance_around:1;ddr:3;drs:2;gitadora:4;groove_coaster:2;iidx:2;museca:1;pump_it_up:1;sdvx:2;stepmaniax:1;taiko:1;wacca:3,ziv;round1usa
Round1 Bowling & Arcade - Millcreek Mall Complex,"5800 Peach Street Erie Pennsylvania, 16509, Erie",42.0688513,-80.0985504,chunithm;dance_around;ddr;gitadora;iidx;maimai_dx;museca;other;popn;project_diva;pump_it_up;sdvx;taiko;wacca,,chunithm:1;dance_around:1;ddr:1;gitadora:2;iidx:1;maimai_dx:2;museca:2;popn:2;project_diva:1;pump_it_up:1;sdvx:1;taiko:1;wacca:1,ziv
Round1 Bowling & Arcade - Oklahoma City (Quail Springs Mall),"2501 West Memorial Road Oklahoma City Oklahoma, 73134, Oklahoma City",35.6131205,-97.5583516,chunithm;dance_around;ddr;drs;gitadora;groove_coaster;iidx;maimai_dx;other;popn;pump_it_up;sdvx;taiko;wacca,,chunithm:2;dance_around:2;ddr:2;drs:1;gitadora:2;groove_coaster:1;iidx:1;maimai_dx:2;popn:2;pump_it_up:1;sdvx:1;wacca:1,ziv;round1usa
Round1 Bowling & Arcade - Sandy (The Shops at South Town),"10600 South 110 West Sandy Utah, 84070, Sandy",40.5623948,-111.8943787,chunithm;dance_around;ddr;drs;gitadora;groove_coaster;iidx;maimai_dx;other;popn;project_diva;pump_it_up;sdvx;taiko;wacca,,chunithm:2;dance_around:1;ddr:2;drs:1;gitadora:2;groove_coaster:2;iidx:1;maimai_dx:2;popn:2;project_diva:1;pump_it_up:1;sdvx:3;taiko:1;wacca:1,ziv;round1usa
ROUND1 BROADWAY MALL,"358 North Broadway, Suite 1950,Hicksville, NY 11801",40.7732181,-73.5295087,chunithm;ddr;drs;maimai_dx;sdvx;taiko,,,allnet;round1usa
ROUND1 BURBANK TOWN CENTER,"201 E Magnolia Blvd, Suite 145,Burbank, CA 91502",34.1833774,-118.3124048,chunithm;dance_around;ddr;drs;gitadora;iidx;maimai_dx;other;popn;project_diva;pump_it_up;sdvx;stepmaniax;taiko;wacca,,chunithm:1;dance_around:2;ddr:3;drs:1;gitadora:2;iidx:1;maimai_dx:3;popn:2;project_diva:1;pump_it_up:5;sdvx:2;stepmaniax:1;taiko:2;wacca:1,allnet;ziv;round1usa
ROUND1 CHANDLER FASHION CENTER,"3111 W Chandler Blvd, Chandler,AZ 85226",33.3014704,-111.8984059,chunithm;dance_around;ddr;drs;gitadora;iidx;maimai_dx;other;popn;project_diva;pump_it_up;sdvx;stepmaniax;taiko;wacca,,chunithm:2;dance_around:1;ddr:3;drs:2;gitadora:2;iidx:1;maimai_dx:3;popn:2;project_diva:1;pump_it_up:1;sdvx:2;stepmaniax:1;taiko:2;wacca:1,allnet;ziv;round1usa
ROUND1 CRYSTAL RUN GALLERIA,"1 Galleria Dr., Suite 01, Middletown, NY 10941",41.4528370,-74.3683538,chunithm;dance_around;ddr;drs;gitadora;iidx;maimai_dx;other;popn;pump_it_up;sdvx;taiko;wacca,,chunithm:1;dance_around:1;ddr:2;drs:1;gitadora:2;iidx:1;maimai_dx:2;popn:2;pump_it_up:1;sdvx:2;taiko:1;wacca:1,allnet;ziv;round1usa
ROUND1 DEERBROOK MALL,"20131 US-59, Humble, TX 77338",30.0089636,-95.2697497,chunithm;dance_around;ddr;drs;gitadora;iidx;maimai_dx;other;popn;pump_it_up;sdvx;stepmaniax;taiko,,dance_around:1;ddr:2;drs:2;gitadora:2;iidx:1;maimai_dx:2;popn:2;pump_it_up:1;sdvx:2;stepmaniax:1;taiko:2,allnet;ziv;round1usa
ROUND1 DEPTFORD MALL,"1750 Deptford Center Road,Space#2350,Deptford Township,NJ 08096",39.8314319,-75.0978249,chunithm;dance_around;ddr;drs;gitadora;groove_coaster;iidx;maimai_dx;other;popn;project_diva;pump_it_up;sdvx;taiko;wacca,,chunithm:1;dance_around:1;ddr:2;drs:1;gitadora:2;groove_coaster:2;iidx:1;maimai_dx:2;popn:2;project_diva:1;pump_it_up:1;sdvx:2;taiko:2;wacca:1,allnet;ziv;round1usa
ROUND1 EASTRIDGE SHOPPING CENTER,"2200 Eastridge Loop Suite 2094,San Jose, CA 95122",37.3255349,-121.8133811,chunithm;dance_around;ddr;drs;gitadora;iidx;maimai_dx;other;popn;project_diva;pump_it_up;sdvx;stepmaniax;taiko;wacca,,dance_around:1;ddr:5;drs:1;gitadora:2;iidx:2;maimai_dx:3;popn:2;project_diva:1;pump_it_up:2;sdvx:3;stepmaniax:1;taiko:2;wacca:1,allnet;ziv;round1usa
Round1 Erie (Millcreek Mall),"5800 Peach St, Erie, PA 16509, USA",42.0677230,-80.0977160,chunithm;ddr;drs;maimai_dx;sdvx;taiko,,,round1usa
ROUND1 FAIRFIELD COMMONS,"2727 Fairfield Commons, Suite ANC1A, Beavercreek, OH 45431",39.7672589,-84.0566336,chunithm;dance_around;ddr;drs;gitadora;groove_coaster;iidx;maimai_dx;other;popn;project_diva;pump_it_up;sdvx;stepmaniax;taiko;wacca,,chunithm:2;dance_around:2;ddr:3;drs:1;gitadora:2;groove_coaster:2;iidx:1;maimai_dx:2;popn:2;project_diva:2;pump_it_up:1;sdvx:3;stepmaniax:1;taiko:2;wacca:1,allnet;ziv;round1usa
ROUND1 FASHION DISTRICT PHILADELPHIA,"1001 Market Street, #3010, Philadelphia, PA 19107",39.9519835,-75.1571648,chunithm;dance_around;ddr;drs;gitadora;groove_coaster;iidx;maimai_dx;other;popn;project_diva;pump_it_up;sdvx;taiko;wacca,,chunithm:2;dance_around:1;ddr:2;drs:1;gitadora:2;groove_coaster:3;iidx:1;maimai_dx:2;popn:2;project_diva:1;pump_it_up:1;sdvx:2;taiko:1;wacca:2,allnet;ziv;round1usa
ROUND1 FOUR SEASONS TOWN CENTRE,"125 Four Seasons Town Centre Greensboro, NC  27407",36.0392769,-79.8384279,chunithm;crossbeats;dance_around;ddr;drs;gitadora;groove_coaster;iidx;maimai_dx;other;popn;project_diva;pump_it_up;sdvx;taiko;wacca,,chunithm:2;crossbeats:1;dance_around:1;ddr:2;drs:2;gitadora:2;groove_coaster:1;iidx:1;maimai_dx:1;popn:3;project_diva:1;pump_it_up:1;sdvx:2;taiko:1;wacca:1,allnet;ziv;round1usa
ROUND1 FOX VALLEY MALL,"2480 Fox Valley Center, B13 Aurora, IL 60504",41.7588775,-88.2126401,chunithm;dance_around;ddr;drs;gitadora;groove_coaster;iidx;maimai_dx;other;popn;project_diva;pump_it_up;sdvx;taiko;wacca,,chunithm:1;dance_around:1;ddr:2;drs:1;gitadora:2;groove_coaster:1;iidx:1;maimai_dx:9;popn:2;project_diva:1;pump_it_up:2;sdvx:3;taiko:2;wacca:1,allnet;ziv;round1usa
ROUND1 GATEWAY MALL,"6100 O St., Space 190A, Lincoln, NE 68505",40.8156596,-96.6350068,chunithm;dance_around;ddr;gitadora;groove_coaster;iidx;maimai_dx;other;popn;pump_it_up;sdvx;taiko,,chunithm:2;dance_around:1;ddr:2;gitadora:2;groove_coaster:1;iidx:1;maimai_dx:2;popn:1;pump_it_up:1;sdvx:2;taiko:1,allnet;ziv;round1usa
ROUND1 GRAPEVINE MILLS,"3000 Grapevine Mills Pkwy Suite613, Grapevine, TX 76051",32.9661607,-97.0425031,chunithm;dance_around;ddr;drs;gitadora;groove_coaster;iidx;maimai_dx;other;project_diva;pump_it_up;sdvx;taiko;wacca,,chunithm:2;dance_around:2;ddr:3;drs:2;gitadora:2;groove_coaster:2;iidx:2;maimai_dx:3;project_diva:1;pump_it_up:2;sdvx:2;taiko:3;wacca:2,allnet;ziv;round1usa
Round1 Gurnee (Gurnee Mills),"6136 W Grand Ave., Gurnee, IL 60031, USA",42.3714200,-87.9170700,chunithm;ddr;drs;maimai_dx;sdvx;taiko,,,round1usa
ROUND1 HOLYOKE MALL,"50 Holyoke Street, Space J210, Holyoke, MA 01040",42.1676302,-72.6413569,chunithm;dance_around;ddr;drs;gitadora;iidx;maimai_dx;other;popn;pump_it_up;sdvx;taiko,,chunithm:2;dance_around:1;ddr:2;drs:1;gitadora:2;iidx:2;maimai_dx:2;popn:2;pump_it_up:2;sdvx:2;taiko:1,allnet;ziv;round1usa
ROUND1 JERSEY GARDEN,"651 Kapkowski Rd, Elizabeth, NJ07201",40.6590029,-74.1695025,chunithm;dance_around;ddr;drs;gitadora;iidx;maimai_dx;other;popn;pump_it_up;sdvx;stepmaniax;taiko,,dance_around:1;ddr:2;drs:1;gitadora:2;iidx:2;maimai_dx:2;popn:2;pump_it_up:1;sdvx:2;stepmaniax:1;taiko:1,allnet;ziv;round1usa
ROUND1 LAKEWOOD MALL,"401 Lakewood Ctr. Mall, Lakewood, CA 90712",33.8503969,-118.1385807,chunithm;dance_around;ddr;drs;gitadora;iidx;maimai_dx;other;popn;project_diva;pump_it_up;sdvx;stepmaniax;taiko;wacca,,chunithm:1;dance_around:1;ddr:4;drs:2;gitadora:2;iidx:2;maimai_dx:3;popn:2;project_diva:1;pump_it_up:1;sdvx:2;stepmaniax:1;taiko:2;wacca:2,allnet;ziv;round1usa
ROUND1 LAS VEGAS SOUTH PREMIUM OUTLETS,"7400 S. Las Vegas Blvd, Ste 0213, Las Vegas, NV, 89123",36.0510062,-115.1688657,chunithm;dance_around;ddr;drs;gitadora;iidx;maimai_dx;other;popn;pump_it_up;sdvx;stepmaniax;taiko;wacca,,chunithm:2;dance_around:1;ddr:2;gitadora:2;iidx:1;maimai_dx:2;popn:2;pump_it_up:1;sdvx:3;stepmaniax:1;taiko:1;wacca:1,allnet;ziv;round1usa
ROUND1 MEADOWOOD MALL,"5400 Meadowood Mall Circle,Reno,NV 89502",39.4745831,-119.7804218,chunithm;ddr;drs;gitadora;groove_coaster;iidx;maimai_dx;other;pump_it_up;sdvx;taiko;wacca,,ddr:2;drs:1;gitadora:2;groove_coaster:2;iidx:2;maimai_dx:2;pump_it_up:1;sdvx:1;taiko:1;wacca:1,allnet;ziv;round1usa
ROUND1 MEADOWS MALL,"4000 Meadows Ln Suite 100, Las Vegas, NV 89107",36.1726720,-115.1947320,chunithm;crossbeats;dance_around;ddr;drs;gitadora;iidx;maimai_dx;other;pump_it_up;sdvx;stepmaniax;taiko;wacca,,crossbeats:2;dance_around:1;ddr:3;gitadora:2;iidx:1;maimai_dx:2;pump_it_up:1;sdvx:1;stepmaniax:1;wacca:1,allnet;ziv;round1usa
ROUND1 MORENO VALLEY MALL,"22500 Town Circle Suite 2030, Moreno Valley, CA 92553",33.9387359,-117.2713013,chunithm;dance_around;ddr;drs;gitadora;iidx;maimai_dx;other;popn;pump_it_up;sdvx;taiko,,chunithm:2;dance_around:1;ddr:1;drs:1;gitadora:2;iidx:1;maimai_dx:2;popn:2;pump_it_up:2;sdvx:2;taiko:2,allnet;ziv;round1usa
ROUND1 NORTHRIDGE MALL,"1600 Northridge Mall, #200, Salinas, CA 93906",36.7169000,-121.6581870,chunithm;crossbeats;dance_around;ddr;drs;gitadora;iidx;maimai_dx;other;popn;pump_it_up;sdvx;taiko,,chunithm:2;crossbeats:2;dance_around:2;ddr:2;drs:1;gitadora:2;iidx:1;popn:2;pump_it_up:2;sdvx:2;taiko:1,allnet;ziv;round1usa
ROUND1 PARK CITY CENTER,"200 Park City Center, Lancaster, PA 17601",40.0688229,-76.3388131,chunithm;crossbeats;dance_around;ddr;drs;gitadora;groove_coaster;iidx;maimai_dx;museca;other;popn;pump_it_up;sdvx;taiko;wacca,,chunithm:2;crossbeats:1;dance_around:2;ddr:2;drs:1;gitadora:2;groove_coaster:1;iidx:1;maimai_dx:2;museca:1;popn:1;pump_it_up:1;sdvx:2;taiko:1;wacca:1,allnet;ziv;round1usa
ROUND1 PARK PLACE MALL,"5950 E Broadway Blvd Suite 110,Tucson, AZ 85711",32.2204809,-110.8637691,chunithm;dance_around;ddr;drs;groove_coaster;iidx;maimai_dx;museca;other;project_diva;pump_it_up;sdvx;taiko;wacca,,chunithm:2;dance_around:1;ddr:2;drs:1;groove_coaster:1;iidx:1;maimai_dx:2;museca:1;project_diva:2;pump_it_up:1;sdvx:2;taiko:1;wacca:1,allnet;ziv;round1usa
ROUND1 PEMBROKE LAKES MALL,"12055 Pines BLVD, Pembroke Pines, FL 33026",26.0105910,-80.3078580,chunithm;crossbeats;dance_around;dance_evo;ddr;drs;gitadora;groove_coaster;iidx;maimai_dx;museca;other;popn;project_diva;pump_it_up;sdvx;stepmaniax;taiko;wacca,,chunithm:1;crossbeats:2;dance_around:1;dance_evo:1;ddr:3;drs:1;gitadora:2;groove_coaster:2;iidx:2;maimai_dx:3;museca:1;popn:2;project_diva:1;pump_it_up:2;sdvx:2;stepmaniax:1;taiko:2;wacca:1,allnet;ziv;round1usa
ROUND1 POTOMAC MILLS MALL,"2700 Potomac Mills Circle, Suite 882, Woodbridge, VA 22192",38.6433621,-77.2961829,chunithm;dance_around;ddr;drs;gitadora;groove_coaster;iidx;maimai_dx;other;popn;project_diva;pump_it_up;sdvx;stepmaniax;taiko;wacca,,chunithm:1;dance_around:1;ddr:2;drs:1;gitadora:2;groove_coaster:1;iidx:2;maimai_dx:2;popn:2;project_diva:1;pump_it_up:1;sdvx:2;stepmaniax:1;taiko:2;wacca:1,allnet;ziv;round1usa
ROUND1 PROMENADE TEMECULA,"40710 Winchester Road, Suite 100, Temecula, CA 92591",33.5275009,-117.1529917,chunithm;ddr;drs;maimai_dx;sdvx;taiko,,,allnet;round1usa
ROUND1 PUENTE HILLS MALL,"1600 S Azusa Ave. Suite 285, City of Industry, CA 91748",33.9935867,-117.9274765,chunithm;crossbeats;ddr;drs;gitadora;groove_coaster;iidx;jubeat;maimai_dx;museca;other;popn;project_diva;pump_it_up;sdvx;stepmaniax;taiko;wacca,,chunithm:1;crossbeats:1;ddr:2;drs:1;gitadora:2;groove_coaster:4;iidx:3;jubeat:1;maimai_dx:3;museca:2;popn:2;project_diva:4;pump_it_up:3;sdvx:1;stepmaniax:1;taiko:3;wacca:1,allnet;ziv;round1usa
ROUND1 ROSEVILLE MALL,"1191 Galleria BL Suit 150, Roseville, CA 95678",38.7747318,-121.2700189,chunithm;dance_around;ddr;drs;gitadora;groove_coaster;iidx;maimai_dx;other;popn;pump_it_up;sdvx;stepmaniax;taiko;wacca,,chunithm:2;dance_around:2;ddr:2;gitadora:2;groove_coaster:1;iidx:2;maimai_dx:3;popn:2;pump_it_up:1;sdvx:3;stepmaniax:1;taiko:2;wacca:1,allnet;ziv;round1usa
ROUND1 SHOPS AT MISSION VIEJO,"60C The Shops at Mission Viejo,Mission Viejo, CA 92691",33.5576683,-117.6695391,chunithm;dance_around;ddr;drs;gitadora;iidx;maimai_dx;other;popn;pump_it_up;sdvx;taiko;wacca,,chunithm:2;dance_around:1;ddr:1;drs:1;gitadora:2;iidx:1;maimai_dx:2;popn:2;pump_it_up:1;sdvx:2;taiko:2;wacca:1,allnet;ziv;round1usa
ROUND1 SOUTH HILL MALL,"3500 S Meridian, Suite 900, Puyallup, WA 98373",47.1573499,-122.3005397,chunithm;dance_around;ddr;drs;gitadora;iidx;maimai_dx;other;popn;project_diva;pump_it_up;sdvx;stepmaniax;taiko;wacca,,chunithm:2;dance_around:2;ddr:2;drs:1;gitadora:2;iidx:1;maimai_dx:2;popn:2;project_diva:1;pump_it_up:1;sdvx:2;stepmaniax:1;taiko:2;wacca:1,allnet;ziv;round1usa
ROUND1 SOUTH WEST PLAZA,"8501 West Bowles Ave., Space 1183 Littleton, CO 80123",39.6119798,-105.0956537,chunithm;dance_around;ddr;drs;gitadora;iidx;maimai_dx;other;popn;pump_it_up;sdvx;taiko;wacca,,chunithm:2;dance_around:1;ddr:2;gitadora:2;iidx:1;maimai_dx:2;popn:2;pump_it_up:2;sdvx:2;wacca:1,allnet;ziv;round1usa
ROUND1 SOUTHLAND MALL,"545 Southland Mall Dr. Hayward,CA 94545",37.6509859,-122.1036974,chunithm;dance_around;ddr;drs;gitadora;groove_coaster;iidx;maimai_dx;museca;other;popn;project_diva;pump_it_up;sdvx;stepmaniax;taiko;wacca,,chunithm:1;dance_around:1;ddr:3;drs:1;gitadora:2;groove_coaster:1;iidx:1;maimai_dx:2;museca:2;popn:2;project_diva:2;pump_it_up:2;sdvx:2;stepmaniax:1;taiko:2;wacca:1,allnet;ziv;round1usa
ROUND1 SOUTHRIDGE MALL,"5200 S 76th St., Suite C, Greendale, WI 53129",42.9502674,-88.0057293,chunithm;dance_around;ddr;gitadora;iidx;maimai_dx;other;popn;project_diva;pump_it_up;sdvx;taiko;wacca,,chunithm:2;dance_around:2;ddr:2;gitadora:2;iidx:1;maimai_dx:3;popn:2;project_diva:1;pump_it_up:2;sdvx:2;taiko:2;wacca:1,allnet;ziv;round1usa
ROUND1 SUNVALLEY MALL,"185 Sunvalley Mall Concord, CA 94520",37.9671559,-122.0617194,chunithm;dance_around;ddr;drs;gitadora;groove_coaster;iidx;maimai_dx;museca;other;popn;project_diva;pump_it_up;sdvx;taiko;wacca,,chunithm:1;dance_around:1;ddr:3;gitadora:2;groove_coaster:1;iidx:1;maimai_dx:2;museca:1;popn:2;project_diva:1;pump_it_up:1;sdvx:2;wacca:2,allnet;ziv;round1usa
ROUND1 TOWN EAST SQUARE,"7700 East Kellogg Drive, Suite G03J, Wichita, KS 67207",37.6826997,-97.2474183,dance_around;ddr;iidx;maimai_dx;other;popn;pump_it_up;sdvx;taiko;wacca,,dance_around:1;ddr:2;iidx:2;maimai_dx:2;popn:2;pump_it_up:1;sdvx:2;taiko:1;wacca:1,allnet;ziv;round1usa
ROUND1 TOWSON TOWN CENTER,"825 Dulaney Valley Road, Suite 1190, Towson, MD 21204",39.4042658,-76.5990278,chunithm;dance_around;ddr;drs;gitadora;groove_coaster;iidx;maimai_dx;other;popn;project_diva;pump_it_up;sdvx;taiko;wacca,,chunithm:2;dance_around:1;ddr:2;drs:1;gitadora:2;groove_coaster:2;iidx:1;maimai_dx:4;popn:2;project_diva:2;pump_it_up:1;sdvx:1;taiko:1;wacca:1,allnet;ziv;round1usa
ROUND1 VANCOUVER MALL,"8800 NE Vancouver Mall Dr., Suite 100, Vancouver, WA 98662",45.6573284,-122.5830218,chunithm;dance_around;ddr;drs;gitadora;iidx;maimai_dx;other;project_diva;pump_it_up;sdvx;taiko;wacca,,chunithm:2;dance_around:1;ddr:3;drs:1;gitadora:2;iidx:1;project_diva:1;pump_it_up:1;sdvx:3;taiko:1;wacca:1,allnet;ziv;round1usa
Side Quest Arcade,"430 Winecup Way, Garland, TX 75040 Garland Texas, 75040, Garland",32.9532061,-96.6125894,crossbeats;dance_evo;ddr;gitadora;groove_coaster;iidx;other;popn;sdvx,,,ziv
Soft Landing Arcade,"5703 North Academy Boulevard Colorado Springs Colorado, 80918, Colorado Springs",38.9135448,-104.7858971,beatstream;chunithm;ddr;gitadora;groove_coaster;iidx;jubeat;museca;nostalgia;ongeki;other;popn;project_diva;pump_it_up;reflec;sdvx;taiko;wacca,,beatstream:2;chunithm:3;ddr:1;gitadora:2;groove_coaster:1;iidx:2;jubeat:2;museca:1;nostalgia:2;ongeki:1;popn:4;project_diva:1;pump_it_up:2;reflec:1;sdvx:3;taiko:1;wacca:2,ziv
Sparks Pinball Museum & Arcade + Sparks Passport (Level 2),"412 W 14 Mile Rd Troy Michigan, 48083, Troy",42.5382834,-83.1105743,chunithm;ddr;iidx;jubeat;other;popn;sdvx,,,ziv
Starrcade,"400 Ernest W Barrett Parkway Northwest Kennesaw Georgia, 30144, Kennesaw",34.0187897,-84.5633903,chunithm;ddr;groove_coaster;iidx;jubeat;ongeki;other;popn;project_diva;pump_it_up;sdvx;taiko;wacca,,chunithm:2;ddr:1;groove_coaster:1;iidx:1;jubeat:1;ongeki:1;popn:1;project_diva:1;pump_it_up:1;sdvx:1;taiko:1;wacca:1,ziv
Stop_Button,"4251 Legion Road Hope Mills North Carolina, 28348, Hope Mills",34.9826148,-78.9313400,jubeat;other;sdvx;stepmaniax,,jubeat:2;sdvx:1;stepmaniax:1,ziv
Sweet Leaf Bubble Tea,"1441 Stillwater Blvd Stillwater Minnesota, 55082, Stillwater",45.0441231,-92.8378093,chunithm;iidx;nostalgia;popn;project_diva;sdvx;wacca,,,ziv
The Arcade House (Crossgates Mall),"1 Crossgates Mall Road Albany New York, 12203, Albany",42.6904205,-73.8516319,chunithm;other;pump_it_up;sdvx;wacca,,,ziv
The Box Arcade,"612 Main Street Van Buren Arkansas, 72956, Van Buren",35.4356841,-94.3536034,groove_coaster;jubeat;pump_it_up;reflec;sdvx;wacca,,groove_coaster:1;jubeat:1;pump_it_up:1;reflec:1;sdvx:1;wacca:2,ziv
The Dragon's Dojo,"199 College St Burlington Vermont, 05401, Burlington",44.4769912,-73.2117640,chunithm;drs;iidx;jubeat;other;popn;project_diva;sdvx;wacca,,,ziv
The Dugout Arcade + Bar,"401 East 30th Street Baltimore Maryland, 21218, Baltimore",39.3244355,-76.6105406,beatstream;chunithm;ddr;groove_coaster;iidx;jubeat;museca;nostalgia;other;popn;pump_it_up;sdvx;stepmaniax;taiko;wacca,,beatstream:1;chunithm:2;ddr:1;groove_coaster:1;iidx:1;jubeat:2;museca:1;nostalgia:1;popn:2;pump_it_up:4;sdvx:1;stepmaniax:1;taiko:2;wacca:1,ziv
The Flipside,"140 East 4th Street Loveland Colorado, 80537, Loveland",40.3953364,-105.0747469,jubeat;sdvx,,,ziv
The Grid Retrocade,"5701 Moffett Road Mobile Alabama, 36618, Mobile",30.7281158,-88.1733897,iidx;jubeat;other;popn;pump_it_up;sdvx,,,ziv
Tokyo Station,"400 East South Street Arlington Texas, 76010, Arlington",32.7345140,-97.1031263,chunithm;crossbeats;ddr;drs;gitadora;groove_coaster;iidx;jubeat;other;popn;project_diva;sdvx;wacca,,,ziv;community
Victory Pointe Gaming Lounge and Arcade,"1121 East Carson Street Pittsburgh Pennsylvania, 15203, Pittsburgh",40.4288237,-79.9868650,jubeat;other;sdvx;stepmaniax,,,ziv
Wayback's Arcade,"1305 Military Highway Pineville Louisiana, 71360, Pineville",31.3286153,-92.4291513,chunithm;ddr;jubeat;other;popn;pump_it_up;sdvx;wacca,,chunithm:1;ddr:1;jubeat:1;popn:1;pump_it_up:1;sdvx:1;wacca:2,ziv
xophercade,"7541 Warden Road Sherwood Arkansas, 72120, Sherwood",34.8270040,-92.1957932,ddr;groove_coaster;pump_it_up;sdvx,,,ziv
XSCAPE,"342 East Broadway Bloomington, MN 55425",44.8540767,-93.2402681,ddr;gitadora;iidx;jubeat;maimai_dx;other;popn;sdvx,,,allnet;ziv
