name,address,latitude,longitude,games,cabs,source
AMFマーズ,横浜市中区長者町6-106,35.4428479,139.6311041,gitadora;iidx;jubeat;nostalgia;sdvx,gitadora_dm_arena;gitadora_gf_arena;iidx_lm;sdvx_vm,eagate
Amusement&Game MAGHREB,多摩市落合1-39-2マグレブビル1F,35.6240240,139.4231960,gitadora;iidx;jubeat;polaris_chord;popn;sdvx,gitadora_dm_arena;gitadora_gf_arena;iidx_lm;popn_pikapika;sdvx_vm,eagate
AMパークイオンモール奈良登美ヶ丘店,奈良県生駒市鹿畑町３０２７イオンモール専門店街３階,34.7260080,135.7505666,chunithm;ddr;iidx;maimai_dx;sdvx,sdvx_vm,allnet;eagate
ASO:VIBA!,渋谷区恵比寿1-10-5,35.6467707,139.7109583,iidx;polaris_chord;popn;sdvx,iidx_lm;popn_pikapika;sdvx_vm,eagate
BOX.Q3,名古屋市中村区則武1-16-8第一Uコーポ1F,35.1731010,136.8766030,iidx;popn,iidx_lm,eagate;ziv
G-stage浜町,長崎県長崎市浜町2-26,32.7448472,129.8775421,chunithm;gitadora;iidx;maimai_dx;ongeki;popn;sdvx,iidx_lm;popn_pikapika;sdvx_vm,allnet;eagate
GAMESPOT VERSUS,荒川区西日暮里5-15-10,35.7319100,139.7680400,iidx;sdvx,iidx_lm;sdvx_vm,eagate
GiGOアルパーク北棟,広島市西区草津南4-7-1アルパーク北棟2F,34.3763029,132.3950257,drs;gitadora;iidx;jubeat;nostalgia;polaris_chord;sdvx,iidx_lm;sdvx_vm,eagate
GiGOイオン仙台中山,仙台市泉区南中山1-35-57イオン仙台中山店別館3F,38.2990610,140.8284970,ddr;iidx;sdvx,ddr_gold;iidx_lm;sdvx_vm,eagate
GiGOフジモール吹上,鴻巣市袋90-1フジモール吹上,36.0963060,139.4658445,gitadora;iidx;polaris_chord;sdvx,iidx_lm;sdvx_vm,eagate
M's PARK刈谷店,愛知県刈谷市稲場町３−２０６,35.0054807,137.0014037,chunithm;ddr;gitadora;iidx;jubeat;maimai_dx;ongeki;other;popn;sdvx;taiko,ddr_gold;iidx_lm;popn_pikapika;sdvx_vm,allnet;eagate;ziv
M'Sパーク豊田店,豊田市寿町3-10-11,35.0565113,137.1404324,ddr;gitadora;iidx;jubeat;nostalgia;popn;reflec;sdvx,ddr_gold;iidx_lm;popn_pikapika;sdvx_vm,eagate
PEP魚町,北九州市小倉北区魚町2-4-20,33.8839655,130.8800260,ddr;gitadora;iidx;jubeat;nostalgia;popn;reflec;sdvx,iidx_lm;sdvx_vm,eagate
あそVIVA本店,福知山市字堀小字上高田2146-1あそVIVA1F,35.2897191,135.1348229,iidx;polaris_chord;popn;sdvx,iidx_lm;sdvx_vm,eagate
あそＶＩＶＡ阪急茨木店,大阪府茨木市永代町６−２スポーツプラザ茨木２Ｆ,34.8179736,135.5763883,chunithm;ddr;gitadora;iidx;maimai_dx;nostalgia;ongeki;polaris_chord;popn;sdvx,ddr_gold;iidx_lm;popn_pikapika;sdvx_vm,allnet;eagate
えの木 高松店,香川県高松市藤塚町３丁目３−３,34.3358800,134.0537325,ddr;gitadora;iidx;jubeat;popn;project_diva;sdvx,ddr_gold;gitadora_dm_arena;gitadora_gf_arena;iidx_lm;popn_pikapika;sdvx_vm,allnet;eagate
ゆりの木ボウル,青森県八戸市鷹匠小路１０,40.5066344,141.4932406,gitadora;iidx;maimai_dx;popn;sdvx,iidx_lm;sdvx_vm,allnet;eagate
アップルグランリバー大井川店,静岡県焼津市下江留１３２７,34.8097010,138.2733246,chunithm;ddr;gitadora;iidx;maimai_dx;nostalgia;ongeki;polaris_chord;popn;project_diva;sdvx,ddr_gold;gitadora_dm_arena;gitadora_gf_arena;iidx_lm;popn_pikapika;sdvx_vm,allnet;eagate
アップル島田店,静岡県島田市宝来町8-5,34.8266008,138.1874106,chunithm;gitadora;iidx;sdvx,gitadora_dm_arena;iidx_lm;sdvx_vm,allnet;eagate
アップル新北街道店,静岡県静岡市葵区沓谷5-13-4,34.9982997,138.4134498,chunithm;ddr;gitadora;iidx;maimai_dx;ongeki;popn;project_diva;sdvx,ddr_gold;gitadora_dm_arena;iidx_lm;sdvx_vm,allnet;eagate
アドアーズ上野アメ横,東京都台東区上野４−９−１４上野Ｋ．ＫビルＢ１〜４階,35.7100380,139.7742682,chunithm;gitadora;iidx;jubeat;ongeki;other;popn;sdvx;taiko,iidx_lm;sdvx_vm,allnet;eagate;ziv
アドアーズ中野,東京都中野区中野５−５２−１５　ブロードウェイ１８５,35.7091924,139.6656938,chunithm;iidx;maimai_dx;polaris_chord;sdvx,iidx_lm;sdvx_vm,allnet;eagate
アドアーズ亀戸店,東京都江東区亀戸５−２−６サンエービル１〜５階,35.6989635,139.8259037,chunithm;iidx;maimai_dx;popn;sdvx,popn_pikapika;sdvx_vm,allnet;eagate
アドアーズ仙川,東京都調布市仙川町２−２１−１２　ＶＩＣビル７,35.6624923,139.5840936,chunithm;iidx;sdvx,iidx_lm;sdvx_vm,allnet;eagate
アドアーズ大和店Ａ館,神奈川県大和市大和東１−４−３大黒屋ビル１、２階,35.4705555,139.4623450,chunithm;iidx;maimai_dx;sdvx,sdvx_vm,allnet;eagate
アドアーズ新小岩,東京都葛飾区新小岩１−４４−４　ＶＯＲＴ新小岩ビル,35.7162968,139.8582264,chunithm;iidx;maimai_dx;ongeki;sdvx,iidx_lm;sdvx_vm,allnet;eagate
アドアーズ横須賀,神奈川県横須賀市本町３−２７横須賀ＡＰＴ１階,35.2806953,139.6622793,chunithm;iidx;maimai_dx;sdvx,sdvx_vm,allnet;eagate
アドアーズ橋本,神奈川県相模原市緑区橋本３−３−１ＳＩＮＧビル２Ｆ,35.5945224,139.3488614,chunithm;gitadora;iidx;maimai_dx;sdvx,gitadora_dm_arena;gitadora_gf_arena;sdvx_vm,allnet;eagate
アドアーズ船橋,千葉県船橋市本町１−３１−２６セブン船橋Ｂ１Ｆ〜３Ｆ,35.7005813,139.9844903,chunithm;iidx;maimai_dx;nostalgia;polaris_chord;popn;sdvx,iidx_lm;popn_pikapika;sdvx_vm,allnet;eagate
アドアーズ蕨,埼玉県蕨市塚越1-4-4ラ・セーヌビル2階,35.8278164,139.6915592,chunithm;iidx;maimai_dx;ongeki;popn;sdvx,iidx_lm;sdvx_vm,allnet;eagate
アピナ上尾店,上尾市緑丘3-3-11-2プリンセス棟別棟,35.9871910,139.5798770,gitadora;iidx;jubeat;nostalgia;polaris_chord;popn;sdvx,iidx_lm;popn_pikapika;sdvx_vm,eagate
アピナ上田店,長野県上田市秋和３５９−１,36.4159917,138.2235105,chunithm;gitadora;iidx;jubeat;maimai_dx;nostalgia;ongeki;polaris_chord;popn;sdvx,iidx_lm;sdvx_vm,allnet;eagate
アピナ下館店,筑西市玉戸1012-3,36.2932539,139.9440750,gitadora;iidx;jubeat;nostalgia;polaris_chord;sdvx,iidx_lm;sdvx_vm,eagate
アピナ伊那店,長野県伊那市大字西町５０９３,35.8328702,137.9499861,chunithm;ddr;gitadora;iidx;jubeat;maimai_dx;nostalgia;ongeki;polaris_chord;project_diva,iidx_lm,allnet;eagate
アピナ佐久インター店,長野県佐久市岩村田北１−１３−１,36.2844797,138.4823375,chunithm;drs;gitadora;iidx;jubeat;maimai_dx;ongeki;polaris_chord;popn;sdvx,iidx_lm;popn_pikapika;sdvx_vm,allnet;eagate
アピナ八王子みなみ野店,東京都八王子市みなみ野１−２−１アクロスモール３Ｆ,35.6306170,139.3292720,chunithm;gitadora;iidx;maimai_dx;ongeki;polaris_chord;popn;sdvx,iidx_lm;popn_pikapika;sdvx_vm,allnet;eagate
アピナ印西店,印西市原1-2ビッグホップガーデンモール印西2F,35.8030090,140.1624960,iidx;jubeat;polaris_chord;popn;sdvx,iidx_lm;sdvx_vm,eagate
アピナ各務原店,岐阜県各務原市蘇原花園町２丁目９番地１,35.4120854,136.8480680,chunithm;maimai_dx;ongeki;sdvx,sdvx_vm,allnet;eagate
アピナ名古屋栄店,愛知県名古屋市中区錦３‐１７‐１５ドン・キホーテ栄本店Ｂ１,35.1702098,136.9063906,chunithm;iidx;maimai_dx;popn;sdvx,iidx_lm;popn_pikapika;sdvx_vm,allnet;eagate
アピナ四日市店,三重県四日市市泊小柳町４−３４,34.9393248,136.6068238,chunithm;gitadora;iidx;jubeat;maimai_dx;nostalgia;ongeki;polaris_chord;popn;project_diva;reflec;sdvx,gitadora_dm_arena;gitadora_gf_arena;iidx_lm;popn_pikapika;sdvx_vm,allnet;eagate
アピナ塩尻店,長野県塩尻市広丘野村１７９４−１,36.1415524,137.9538308,chunithm;gitadora;iidx;jubeat;maimai_dx;ongeki;project_diva,iidx_lm,allnet;eagate
アピナ太田店,群馬県太田市内ケ島町９０７−１,36.2829707,139.3984248,chunithm;ddr;gitadora;iidx;jubeat;maimai_dx;nostalgia;ongeki;polaris_chord;popn;project_diva;reflec;sdvx,iidx_lm;popn_pikapika;sdvx_vm,allnet;eagate
アピナ姫路店,兵庫県姫路市東郷町１４５４−３姫路リオス２階,34.8269676,134.7151601,chunithm;dance_evo;drs;gitadora;iidx;jubeat;maimai_dx;nostalgia;ongeki;polaris_chord;popn;project_diva;reflec,iidx_lm;popn_pikapika,allnet;eagate
アピナ宇都宮店,河内郡上三川町磯岡421-1ジョイフル本田宇都宮店2F,36.4848566,139.9081935,sdvx,sdvx_vm,eagate
アピナ富山南店,富山県富山市堀川町３５５−３ マイプラザ内,36.6649370,137.2173196,gitadora;iidx;jubeat;nostalgia;polaris_chord;project_diva;sdvx,iidx_lm;sdvx_vm,allnet;eagate
アピナ富山豊田店,富山県富山市豊田町２丁目１２−６６,36.7210181,137.2355046,chunithm;ddr;drs;gitadora;iidx;jubeat;maimai_dx;nostalgia;ongeki;polaris_chord;popn;project_diva;reflec;sdvx,ddr_gold;gitadora_dm_arena;gitadora_gf_arena;iidx_lm;popn_pikapika;sdvx_vm,allnet;eagate
アピナ富谷店,富谷市大清水1-33-1イオンモール109シネマズ富谷1F,38.3652826,140.8765988,ddr;gitadora;polaris_chord;popn;sdvx,ddr_gold;sdvx_vm,eagate
アピナ小山店,栃木県小山市駅南町４−２７−１８,36.3004010,139.8091238,chunithm;drs;gitadora;iidx;jubeat;maimai_dx;nostalgia;ongeki;polaris_chord;popn;sdvx,iidx_lm;popn_pikapika;sdvx_vm,allnet;eagate
アピナ川越店,埼玉県川越市泉町１−１　ウニクス南古谷シネマ棟１Ｆ,35.9038204,139.5153346,chunithm;gitadora;iidx;maimai_dx;ongeki;polaris_chord;popn;sdvx,iidx_lm;popn_pikapika;sdvx_vm,allnet;eagate
アピナ松本店,長野県松本市双葉１９−１０,36.2105026,137.9615503,chunithm;dance_evo;ddr;drs;gitadora;iidx;jubeat;maimai_dx;nostalgia;ongeki;polaris_chord;popn;project_diva;reflec;sdvx,ddr_gold;gitadora_dm_arena;gitadora_gf_arena;iidx_lm;popn_pikapika;sdvx_vm,allnet;eagate
アピナ橋本店,神奈川県相模原市緑区西橋本５−１−１ラ・フロール駐車場棟１階,35.5973214,139.3373139,chunithm;gitadora;iidx;maimai_dx;nostalgia;ongeki;polaris_chord;popn;project_diva;sdvx,iidx_lm;popn_pikapika;sdvx_vm,allnet;eagate
アピナ浜松店,静岡県浜松市中央区葵西２−２７−１０,34.7674101,137.7081848,chunithm;gitadora;iidx;maimai_dx;ongeki;polaris_chord;sdvx,iidx_lm;sdvx_vm,allnet;eagate
アピナ焼津店,静岡県焼津市道原５８５,34.8335667,138.3059799,chunithm;gitadora;iidx;maimai_dx;nostalgia;ongeki;popn;reflec;sdvx,iidx_lm;sdvx_vm,allnet;eagate
アピナ米子店,鳥取県米子市米原二丁目１３２０番地１メガドン・キホーテ３階,35.4422830,133.3300695,chunithm;iidx;maimai_dx;ongeki;sdvx,iidx_lm;sdvx_vm,allnet;eagate
アピナ荻窪店,東京都杉並区上荻１−１３−１０ハクサンビル,35.7050135,139.6181738,chunithm;ddr;iidx;maimai_dx;ongeki;polaris_chord;popn;sdvx,ddr_gold;iidx_lm;popn_pikapika;sdvx_vm,allnet;eagate
アピナ豊橋,愛知県豊橋市藤沢町１４１ホリデイ・スクエアＡＭ棟１階,34.7445532,137.3713362,chunithm;iidx;maimai_dx;ongeki;polaris_chord;popn;sdvx,iidx_lm;popn_pikapika;sdvx_vm,allnet;eagate
アピナ野々市店,石川県野々市市白山町４−１イオンタウン野々市店内,36.5273856,136.6121969,chunithm;gitadora;iidx;maimai_dx;ongeki,iidx_lm,allnet;eagate
アピナ長岡店,新潟県長岡市堺東町２２,37.4579741,138.8131975,chunithm;ddr;drs;gitadora;iidx;jubeat;maimai_dx;nostalgia;ongeki;polaris_chord;popn;project_diva;sdvx,gitadora_dm_arena;gitadora_gf_arena;iidx_lm;popn_pikapika;sdvx_vm,allnet;eagate
アピナ長野大橋店,長野県長野市若里７−９−１２,36.6265335,138.2002093,chunithm;gitadora;iidx;maimai_dx;nostalgia;ongeki;sdvx,iidx_lm;sdvx_vm,allnet;eagate
アピナ長野川中島店,長野県長野市川中島町御厨９６７−１,36.5980241,138.1574813,chunithm;gitadora;iidx;maimai_dx;ongeki;polaris_chord;popn;sdvx,iidx_lm;popn_pikapika;sdvx_vm,allnet;eagate
アピナ飯田店,長野県飯田市座光寺３７２８−１,35.5299738,137.8597012,chunithm;gitadora;iidx;jubeat;maimai_dx;nostalgia;ongeki;popn;project_diva;reflec;sdvx,iidx_lm;sdvx_vm,allnet;eagate
アピナ鶴岡店,山形県鶴岡市文下字広野１−１,38.7581392,139.8443827,chunithm;drs;gitadora;iidx;jubeat;maimai_dx;nostalgia;ongeki;polaris_chord;popn;sdvx,iidx_lm;sdvx_vm,allnet;eagate
アポロゲームセンター沖洲店,徳島県徳島市南沖洲１−９３,34.0671378,134.5828205,chunithm;ddr;gitadora;iidx;maimai_dx;nostalgia,iidx_lm,allnet;eagate
アミパラがいな店,鳥取県米子市日ノ出町１−８−１３,35.4377737,133.3391965,chunithm;ddr;gitadora;iidx;maimai_dx;ongeki;polaris_chord;popn;sdvx,gitadora_dm_arena;gitadora_gf_arena;iidx_lm;popn_pikapika;sdvx_vm,allnet;eagate
アミパラここじゃ店,広島県東広島市西条町下見６−１０−１９,34.4075855,132.7155369,chunithm;ddr;gitadora;iidx;maimai_dx;ongeki;polaris_chord;popn;sdvx,ddr_gold;gitadora_dm_arena;gitadora_gf_arena;iidx_lm;popn_pikapika;sdvx_vm,allnet;eagate
アミパラテクノランド店,岡山県岡山市北区大和町１−７−１２,34.6791764,133.9274976,chunithm;ddr;gitadora;iidx;maimai_dx;ongeki;polaris_chord;popn;sdvx,gitadora_dm_arena;gitadora_gf_arena;iidx_lm;popn_pikapika;sdvx_vm,allnet;eagate
アミパラ下関駅南店,山口県下関市東大和町１丁目３ー１５,33.9453095,130.9205149,chunithm;ddr;gitadora;iidx;maimai_dx;ongeki;polaris_chord;popn;sdvx,gitadora_dm_arena;gitadora_gf_arena;iidx_lm;popn_pikapika;sdvx_vm,allnet;eagate
アミパラ丸亀店,香川県丸亀市飯野町西分字川縁甲５８４−１　ハローズ棟内,34.2848078,133.8210303,chunithm;ddr;gitadora;iidx;maimai_dx;ongeki;sdvx,sdvx_vm,allnet;eagate
アミパラ佐世保店,長崎県佐世保市大塔町１８−１５,33.1500003,129.7803082,chunithm;ddr;drs;gitadora;iidx;jubeat;maimai_dx;ongeki;polaris_chord;popn;sdvx,iidx_lm;sdvx_vm,allnet;eagate
アミパラ倉敷店,岡山県倉敷市西中新田624-1アミパラボウル1F,34.5835441,133.7713238,chunithm;ddr;gitadora;iidx;maimai_dx;ongeki;polaris_chord;popn;sdvx,ddr_gold;gitadora_dm_arena;gitadora_gf_arena;iidx_lm;popn_pikapika;sdvx_vm,allnet;eagate
アミパラ周南久米店,周南市久米中央5-6-1イオンタウン周南久米内,34.0373758,131.8441913,sdvx,sdvx_vm,eagate
アミパラ大東店,大阪府大東市南新田２丁目３番５号,34.7011363,135.6385970,chunithm;ddr;gitadora;iidx;maimai_dx;ongeki;polaris_chord,ddr_gold;iidx_lm,allnet;eagate
アミパラ岡山店,岡山県岡山市北区青江１丁目１３ー８,34.6362117,133.9199885,chunithm;ddr;gitadora;iidx;jubeat;maimai_dx;ongeki;popn;project_diva;sdvx,gitadora_dm_arena;gitadora_gf_arena;iidx_lm;popn_pikapika;sdvx_vm,allnet;eagate
アミパラ広島店,広島市西区西観音町3-17,34.3935043,132.4360428,sdvx,sdvx_vm,eagate
アミパラ橿原店,奈良県橿原市十市町1222-1ツインゲート橿原１F,34.5294150,135.7968476,chunithm;ddr;gitadora;iidx;maimai_dx;ongeki;polaris_chord;popn;sdvx,gitadora_dm_arena;gitadora_gf_arena;iidx_lm;popn_pikapika;sdvx_vm,allnet;eagate
アミパラ津山店,岡山県津山市河辺１０００−１イオンモール津山２Ｆ,35.0650815,134.0464219,chunithm;iidx;maimai_dx;ongeki;sdvx,iidx_lm;sdvx_vm,allnet;eagate
アミパラ鈴鹿店,三重県鈴鹿市西条町字東澤430-1,34.8752638,136.5711436,chunithm;iidx;maimai_dx;ongeki;polaris_chord,iidx_lm,allnet;eagate
アミパラ高知店,高知県南国市篠原１９４−１,33.5679737,133.6344573,chunithm;ddr;gitadora;iidx;maimai_dx;ongeki;polaris_chord;project_diva;sdvx,ddr_gold;iidx_lm;sdvx_vm,allnet;eagate
アミューズパーク郡山,福島県郡山市安積町日出山2丁目80,37.3744131,140.3839021,chunithm;iidx;jubeat;sdvx,iidx_lm;sdvx_vm,allnet;eagate
アミューズビバ,茨城県ひたちなか市東大島２−１１−１１,36.4063750,140.5318511,chunithm;ddr;gitadora;iidx;jubeat;maimai_dx;nostalgia;ongeki;polaris_chord;popn;project_diva;sdvx,ddr_gold;iidx_lm;popn_pikapika;sdvx_vm,allnet;eagate
アミューズメント ミール,三田市対中町5-21,34.8804725,135.2295927,gitadora;iidx;jubeat;nostalgia;popn;sdvx,gitadora_dm_arena;gitadora_gf_arena;iidx_lm;sdvx_vm,eagate
アミューズメントエース津田沼,千葉県船橋市前原西２−１５−１ファシービル,35.6922777,140.0201815,chunithm;ddr;gitadora;iidx;jubeat;maimai_dx;nostalgia;ongeki;polaris_chord;popn;sdvx,ddr_gold;gitadora_dm_arena;gitadora_gf_arena;iidx_lm;popn_pikapika;sdvx_vm,allnet;eagate
アミューズメントシティーG-STA,薩摩川内市向田本町49,31.8157681,130.3073786,gitadora;iidx,iidx_lm,eagate
アミューズメントスペースコミ丸四日市店,三重県四日市市鵜の森1-3-19,34.9664199,136.6164714,chunithm;ddr;gitadora;iidx;maimai_dx;nostalgia;ongeki;popn;sdvx,ddr_gold;gitadora_dm_arena;iidx_lm;popn_pikapika;sdvx_vm,allnet;eagate
アミューズメントスペース遊ランド稚内店,北海道稚内市港５丁目８−１５,45.4006983,141.6808192,chunithm;gitadora;iidx;jubeat;nostalgia;ongeki;popn;project_diva;reflec;sdvx,sdvx_vm,allnet;eagate
アミューズメントパレスワンダーヴュー阿見店,稲敷郡阿見町大字阿見2958ショッピングセンターマイ･アミ2F,36.0422309,140.2100215,ddr;gitadora;iidx;maimai_dx;nostalgia;ongeki;popn;sdvx,iidx_lm;sdvx_vm,eagate;ziv
アミューズメントパークMGレインボー店,高松市多肥下町字凹原630マルナカパワシティレインボー店2F,34.2996539,134.0588105,iidx;popn,iidx_lm,eagate
アミューズメントパークMG西条店,西条市新田字北新田235フジグラン西条別棟,33.9267029,133.1828145,sdvx,sdvx_vm,eagate
アミューズメントパークＭＧキスケ,愛媛県松山市宮田町４ キスケボックス内１階,33.8413598,132.7528735,ddr;gitadora;iidx;jubeat;nostalgia;polaris_chord;popn;project_diva;sdvx,ddr_gold;gitadora_dm_arena;gitadora_gf_arena;iidx_lm;sdvx_vm,allnet;eagate
アミューズメントパークＭＧジアス,広島県福山市柳津町１−７−６０,34.4406368,133.2606430,chunithm;gitadora;ongeki;polaris_chord;popn;sdvx,sdvx_vm,allnet;eagate
アミューズメントパークＭＧ伊予三島,愛媛県四国中央市中之庄町７５−１　アイランド三島内,33.9745392,133.5287779,chunithm;gitadora;iidx;ongeki;polaris_chord;popn;sdvx,iidx_lm;sdvx_vm,allnet;eagate
アミューズメントパークＭＧ大街道,愛媛県松山市大街道１−４−１７,33.8378938,132.7698832,chunithm;iidx;maimai_dx;ongeki;popn;sdvx,iidx_lm;sdvx_vm,allnet;eagate
アミューズメントフィールドバイヨン,埼玉県ふじみ野市うれし野２−１６−１LCモールうれし野２Ｆ,35.8561384,139.5223952,chunithm;gitadora;iidx;jubeat;maimai_dx;nostalgia;popn;sdvx,gitadora_dm_arena;gitadora_gf_arena;iidx_lm;sdvx_vm,allnet;eagate
アミューズメントワールドメトロポリス小牧,愛知県小牧市村中新町３３,35.2959343,136.9056166,chunithm;iidx;maimai_dx;ongeki;polaris_chord;popn;sdvx,iidx_lm;popn_pikapika;sdvx_vm,allnet;eagate
アミューズメントＣＵＥ京都円町店,京都府京都市中京区西ノ京西円町４０,35.0188326,135.7311504,chunithm;ddr;gitadora;iidx;jubeat;maimai_dx;nostalgia;ongeki;popn;reflec;sdvx,gitadora_dm_arena;gitadora_gf_arena;iidx_lm;sdvx_vm,allnet;eagate
アミューズメントＣＵＥ奈良三条店,奈良県奈良市三条町478-1,34.6817818,135.8221376,chunithm;ddr;gitadora;iidx;maimai_dx;ongeki;popn;sdvx,gitadora_dm_arena;gitadora_gf_arena;iidx_lm;sdvx_vm,allnet;eagate
アミューズメントＣＵＥ奈良大和高田店,奈良県大和高田市東中２−１１−１６,34.4997760,135.7355951,chunithm;ddr;gitadora;iidx;jubeat;maimai_dx;ongeki;popn;sdvx,gitadora_dm_arena;gitadora_gf_arena;iidx_lm;sdvx_vm,allnet;eagate
アミューズメントＦＵＮＦＵＮ越谷店,埼玉県越谷市南荻島２７７０−１,35.9128551,139.7712022,chunithm;iidx;ongeki,iidx_lm,allnet;eagate
アミューズランドモナコ調布駅前店,東京都調布市布田４−２−２２,35.6512163,139.5443517,chunithm;iidx;maimai_dx;ongeki;polaris_chord;sdvx,iidx_lm;sdvx_vm,allnet;eagate
アルゴ,神戸市中央区下山手通1-1-8,34.6939218,135.1914556,ddr;gitadora;iidx;nostalgia;polaris_chord;popn;sdvx,ddr_gold;gitadora_dm_arena;gitadora_gf_arena;iidx_lm;popn_pikapika;sdvx_vm,eagate
アル・プラザボウル鯖江,福井県鯖江市下河端町１６字下町６−１,35.9683629,136.1886629,chunithm;iidx;reflec,iidx_lm,allnet;eagate
アレックス,山口県宇部市西宇部南３−５−５３,33.9993804,131.2201177,chunithm;iidx;maimai_dx;ongeki;sdvx,iidx_lm;sdvx_vm,allnet;eagate
イスカンダル,千葉県木更津市潮見４−１−２,35.3696837,139.9175383,chunithm;iidx;maimai_dx;ongeki;sdvx,iidx_lm;sdvx_vm,allnet;eagate
イミグランデ大和店,神奈川県大和市鶴間2-12-27,35.4914957,139.4548227,chunithm;ddr;gitadora;iidx;jubeat;popn;sdvx,gitadora_dm_arena;gitadora_gf_arena;iidx_lm;sdvx_vm,allnet;eagate
イミグランデ日吉店３,神奈川県横浜市港北区日吉2−2−4,35.5544916,139.6466110,chunithm;ddr;gitadora;iidx;jubeat;maimai_dx;ongeki;popn;sdvx,ddr_gold;gitadora_dm_arena;gitadora_gf_arena;iidx_lm;popn_pikapika;sdvx_vm,allnet;eagate
イミグランデ本厚木店,神奈川県厚木市中町３−２−１,35.4394850,139.3615862,chunithm;ddr;gitadora;iidx;jubeat;ongeki;popn;project_diva;sdvx,iidx_lm;sdvx_vm,allnet;eagate
イミグランデ溝口店２,神奈川県川崎市高津区溝口1-14-7第2カスタムビル,35.6004909,139.6144708,chunithm;gitadora;iidx;jubeat;maimai_dx;ongeki;popn;sdvx,gitadora_dm_arena;gitadora_gf_arena;iidx_lm;sdvx_vm,allnet;eagate
インターパークプラスワン 宇都宮店,宇都宮市インターパーク6-5-1,36.4882211,139.9053211,ddr;drs;gitadora;iidx;jubeat;nostalgia;polaris_chord;popn;sdvx,ddr_gold;gitadora_dm_arena;gitadora_gf_arena;iidx_lm;popn_pikapika;sdvx_vm,eagate
インターワールド伊勢崎店,群馬県伊勢崎市宮子町３４２５−４,36.3315214,139.1625033,chunithm;gitadora;iidx;jubeat;maimai_dx;nostalgia;ongeki;polaris_chord;popn;project_diva;sdvx,gitadora_dm_arena;gitadora_gf_arena;iidx_lm;sdvx_vm,allnet;eagate
ウェアハウス一橋学園店,東京都小平市学園東町１丁目４番３９号平山ビル３Ｆ,35.7234026,139.4807157,chunithm;iidx;jubeat;maimai_dx;ongeki;project_diva;sdvx,iidx_lm;sdvx_vm,allnet;eagate
ウェアハウス三橋店,埼玉県さいたま市西区三橋６ー９５５ー１,35.9157914,139.5958473,chunithm;gitadora;iidx;jubeat;maimai_dx;nostalgia;ongeki;popn;project_diva;reflec;sdvx,iidx_lm;sdvx_vm,allnet;eagate
ウェアハウス上尾店,埼玉県上尾市二ツ宮１０４４,35.9812984,139.5998607,chunithm;gitadora;iidx;maimai_dx;ongeki;sdvx,iidx_lm;sdvx_vm,allnet;eagate
ウェアハウス保木間店,東京都足立区保木間１ー１ー１９,35.7891796,139.8033169,chunithm;gitadora;iidx;jubeat;maimai_dx;ongeki;popn;sdvx,iidx_lm;sdvx_vm,allnet;eagate
ウェアハウス入谷店,東京都足立区入谷７ー８ー１１,35.8011192,139.7610034,chunithm;ddr;gitadora;iidx;jubeat;maimai_dx;nostalgia;ongeki;popn;reflec;sdvx,iidx_lm;sdvx_vm,allnet;eagate
ウェアハウス四万十店,高知県四万十市右山五月町８−１３アピアさつき２F,32.9871096,132.9392991,chunithm;gitadora;iidx;jubeat;maimai_dx;ongeki;popn;project_diva;sdvx,iidx_lm;sdvx_vm,allnet;eagate
ウェアハウス岩槻店,埼玉県さいたま市岩槻区加倉３ー３ー６３,35.9411790,139.6861123,chunithm;gitadora;iidx;jubeat;maimai_dx;nostalgia;ongeki;reflec;sdvx,iidx_lm;sdvx_vm,allnet;eagate
ウェアハウス草加店別館,埼玉県草加市稲荷２ー３６ー３３,35.8298831,139.8205853,chunithm;ddr;drs;gitadora;iidx;jubeat;maimai_dx;ongeki;project_diva;reflec;sdvx,iidx_lm;sdvx_vm,allnet;eagate
ウェアハウス越谷店,埼玉県越谷市南荻島８４１ー１,35.9119605,139.7637724,chunithm;gitadora;iidx;jubeat;maimai_dx;ongeki;popn;sdvx,iidx_lm;sdvx_vm,allnet;eagate
エースレーン堅田,滋賀県大津市今堅田２−４０−１０,35.1246449,135.9194342,chunithm;gitadora;maimai_dx;ongeki;popn;sdvx,sdvx_vm,allnet;eagate
エースレーン守山,滋賀県守山市播磨田町２３１−４ＡＣＴ守山３番館内,35.0678892,135.9958577,chunithm;iidx;maimai_dx;nostalgia;ongeki;sdvx,iidx_lm;sdvx_vm,allnet;eagate
エースレーン草津,草津市野路3-1-11,34.9996569,135.9463199,ddr;gitadora;iidx;jubeat;popn;sdvx,ddr_gold;gitadora_dm_arena;gitadora_gf_arena;iidx_lm;sdvx_vm,eagate
エースレーン近江八幡店,滋賀県近江八幡市出町７３６アクトビル１Ｆ,35.1318688,136.1023034,chunithm;ddr;gitadora;iidx;jubeat;maimai_dx;ongeki;sdvx,ddr_gold;gitadora_dm_arena;gitadora_gf_arena;iidx_lm;sdvx_vm,allnet;eagate
オリエンタルバッティング可児店,岐阜県可児市今渡６９５−１,35.4295361,137.0390542,chunithm;ddr;gitadora;iidx;maimai_dx;ongeki;sdvx,sdvx_vm,allnet;eagate
カッタの湯宇部店,宇部市海南町1675カッタの湯,33.9584193,131.2615641,iidx;polaris_chord;sdvx,iidx_lm;sdvx_vm,eagate
キャッツアイミュンヘン大橋店,北海道札幌市豊平区平岸１条２３丁目８０１−１,43.0139790,141.3550130,chunithm;iidx;maimai_dx;sdvx,sdvx_vm,allnet;eagate
キャッツアイ宮の沢店,北海道札幌市手稲区西宮の沢５条２丁目１１−１５,43.0963919,141.2576566,chunithm;iidx;maimai_dx,iidx_lm,allnet;eagate
キャッツアイ新札幌店,北海道札幌市厚別区厚別東五条１ー２−１０,43.0452612,141.4757970,chunithm;ddr;gitadora;iidx;jubeat;maimai_dx;ongeki;polaris_chord;popn;project_diva;reflec;sdvx,gitadora_dm_arena;gitadora_gf_arena;iidx_lm;sdvx_vm,allnet;eagate
キャッツアイ清田店,北海道札幌市清田区清田１条１−２０−１,43.0029841,141.4363969,chunithm;gitadora;iidx;maimai_dx;ongeki;popn;sdvx,iidx_lm;sdvx_vm,allnet;eagate
キャッツアイ苫小牧駅前店,北海道苫小牧市木場町１丁目３番地２,42.6417399,141.5976863,chunithm;iidx;maimai_dx,iidx_lm,allnet;eagate
ギガステーション戸田店,埼玉県戸田市大字美女木943-7,35.8341511,139.6533792,maimai_dx;ongeki;sdvx,sdvx_vm,allnet;eagate
クァトロブーム小杉,射水市三ケ2602,36.7205000,137.0929120,ddr;gitadora;jubeat;sdvx,sdvx_vm,eagate
ゲームえの木,高知市旭町3-104,33.5561172,133.5064153,gitadora;iidx,gitadora_gf_arena;iidx_lm,eagate
ゲームアイビス太子,兵庫県揖保郡太子町太田２１４９,34.8322249,134.6000040,chunithm;iidx;maimai_dx;ongeki;sdvx,iidx_lm;sdvx_vm,allnet;eagate
ゲームガリバー,千葉県柏市柏１‐１‐１１,35.8616855,139.9711177,chunithm;gitadora;iidx;maimai_dx;nostalgia;polaris_chord;popn;sdvx,iidx_lm;sdvx_vm,allnet;eagate
ゲームキングジョイ,愛知県名古屋市中区栄３‐３‐３２,35.1679815,136.9049511,chunithm;dance_evo;ddr;drs;gitadora;iidx;jubeat;maimai_dx;nostalgia;ongeki;polaris_chord;popn;reflec;sdvx,ddr_gold;gitadora_dm_arena;gitadora_gf_arena;iidx_lm;popn_pikapika;sdvx_vm,allnet;eagate
ゲームコーナー東部,宮城県仙台市若林区六丁の目中町26-60 斎喜東部ビル2F,38.2509985,140.9439369,chunithm;dance_evo;ddr;drs;gitadora;iidx;jubeat;maimai_dx;nostalgia;ongeki;polaris_chord;popn;project_diva;reflec;sdvx,ddr_gold;gitadora_dm_arena;gitadora_gf_arena;iidx_lm;popn_pikapika;sdvx_vm,allnet;eagate
ゲームサファリ大山,東京都板橋区大山東町60-10やすだ大山駅前店2F,35.7490330,139.7022392,chunithm;iidx;jubeat;maimai_dx;nostalgia;ongeki;popn;sdvx,iidx_lm;popn_pikapika;sdvx_vm,allnet;eagate
ゲームシティ川口店,埼玉県川口市栄町1-10-5,35.8025278,139.7256101,chunithm;gitadora;iidx;maimai_dx;nostalgia;ongeki;polaris_chord;popn;sdvx,iidx_lm;popn_pikapika;sdvx_vm,allnet;eagate
ゲームスタジオキューブ高円寺店,東京都杉並区高円寺南4-26-12-B1,35.7049297,139.6495132,chunithm;iidx;ongeki;popn;sdvx,iidx_lm;popn_pikapika;sdvx_vm,allnet;eagate
ゲームスペースA-3,福島県西白河郡西郷村字豊作西15-16-17,37.1245560,140.1826120,chunithm;gitadora;iidx;jubeat;nostalgia;popn;project_diva,iidx_lm,allnet;eagate
ゲームスポットSPEED,周南市久米3219,34.0341851,131.8347616,ddr;gitadora;iidx;sdvx,ddr_gold;gitadora_dm_arena;gitadora_gf_arena;iidx_lm;sdvx_vm,eagate
ゲームスポットアップル,魚津市吉島2-407-1,36.8255737,137.4142933,ddr;iidx;jubeat;nostalgia;popn;sdvx,iidx_lm;popn_pikapika;sdvx_vm,eagate
ゲームセンターテクノポリス,新潟県長岡市要町1-8-50,37.4249811,138.8377295,chunithm;iidx;nostalgia;popn;sdvx,iidx_lm;popn_pikapika;sdvx_vm,allnet;eagate
ゲームゾーントレジャー北町店,山形市北町2-2-45山形ファミリーボウル内,38.2687380,140.3293290,gitadora;iidx;jubeat;nostalgia;popn;sdvx,iidx_lm;sdvx_vm,eagate
ゲームパドック プラスワン,古河市小堤1916-1,36.2067047,139.7580433,gitadora;iidx;jubeat;nostalgia;popn;sdvx,gitadora_dm_arena;iidx_lm;popn_pikapika;sdvx_vm,eagate
ゲームパニックつくば,茨城県土浦市中村東1-1-1サンタスワールド内,36.0463834,140.1682228,chunithm;ddr;drs;gitadora;iidx;jubeat;maimai_dx;nostalgia;ongeki;polaris_chord;popn;project_diva;sdvx,ddr_gold;gitadora_dm_arena;gitadora_gf_arena;iidx_lm;popn_pikapika;sdvx_vm,allnet;eagate
ゲームパニック三郷,埼玉県三郷市ピアラシティ1-1-200,35.8421860,139.8548677,chunithm;ddr;gitadora;iidx;maimai_dx;ongeki;polaris_chord;popn;sdvx,ddr_gold;gitadora_dm_arena;gitadora_gf_arena;iidx_lm;popn_pikapika;sdvx_vm,allnet;eagate
ゲームパニック大須,愛知県名古屋市中区大須3-30-93　メガタウンB1F,35.1600309,136.9053767,chunithm;ddr;gitadora;iidx;maimai_dx;nostalgia;ongeki;polaris_chord;popn;sdvx,ddr_gold;gitadora_dm_arena;gitadora_gf_arena;iidx_lm;popn_pikapika;sdvx_vm,allnet;eagate
ゲームパニック大高,愛知県名古屋市緑区忠治山２０１番地,35.0485212,136.9497129,chunithm;ddr;gitadora;iidx;jubeat;maimai_dx;nostalgia;ongeki;polaris_chord;popn;project_diva;sdvx,ddr_gold;gitadora_dm_arena;gitadora_gf_arena;iidx_lm;popn_pikapika;sdvx_vm,allnet;eagate
ゲームパニック新宿歌舞伎町,東京都新宿区歌舞伎町1-20-1 ﾋｭｰﾏｯｸｽﾊﾟﾋﾞﾘｵﾝ1階2階,35.6958088,139.7015128,chunithm;ddr;drs;gitadora;iidx;maimai_dx;nostalgia;ongeki;other;polaris_chord;popn;project_diva;sdvx;taiko,ddr_gold;gitadora_dm_arena;gitadora_gf_arena;iidx_lm;popn_pikapika;sdvx_vm,allnet;eagate;ziv
ゲームパニック甲府,山梨県甲府市国母5-20-24,35.6420402,138.5473613,chunithm;ddr;gitadora;iidx;jubeat;maimai_dx;ongeki;polaris_chord;popn;sdvx,ddr_gold;gitadora_dm_arena;gitadora_gf_arena;iidx_lm;popn_pikapika;sdvx_vm,allnet;eagate
ゲームパニック秋葉原,東京都千代田区外神田1-13-1　Akihabara ex,35.6988516,139.7716001,chunithm;ddr;gitadora;iidx;maimai_dx;ongeki;polaris_chord;popn;sdvx,ddr_gold;gitadora_dm_arena;gitadora_gf_arena;iidx_lm;popn_pikapika;sdvx_vm,allnet;eagate
ゲームパーク石神井公園,東京都練馬区石神井町3-17-16,35.7427831,139.6045209,chunithm;iidx;sdvx,sdvx_vm,allnet;eagate
ゲームピコ鵜沼,各務原市鵜沼西町3-309イオンタウン各務原鵜沼店1F,35.4010936,136.9365717,iidx;sdvx,iidx_lm;sdvx_vm,eagate
ゲームファクトリーマグマ草加店,埼玉県草加市氷川町2125-1,35.8282375,139.8025135,chunithm;gitadora;iidx;maimai_dx;ongeki;popn;sdvx,iidx_lm;popn_pikapika;sdvx_vm,allnet;eagate
ゲームファンタジアン柳津店,岐阜市柳津町上佐波西3-68,35.3759683,136.7145391,gitadora;iidx;popn;sdvx,gitadora_dm_arena;gitadora_gf_arena;iidx_lm;sdvx_vm,eagate
ゲームプラザセントラル八王子店,東京都八王子市東町12-15第5セントラル,35.6580006,139.3381762,chunithm;iidx;maimai_dx;popn;sdvx,iidx_lm;popn_pikapika;sdvx_vm,allnet;eagate
ゲームプラザセントラル浦安店,千葉県浦安市北栄1-16-15,35.6651795,139.8933456,chunithm;iidx;maimai_dx;ongeki;polaris_chord;popn;sdvx,iidx_lm;popn_pikapika;sdvx_vm,allnet;eagate
ゲームメガつくば店,茨城県つくば市小野崎１７７−２,36.0768508,140.1047378,chunithm;gitadora;iidx;jubeat;maimai_dx;ongeki;popn;sdvx,iidx_lm;sdvx_vm,allnet;eagate
ゲームメガ日立店,茨城県日立市東多賀町５−１０−１０,36.5482340,140.6305081,chunithm;ddr;gitadora;iidx;jubeat;maimai_dx;nostalgia;ongeki;polaris_chord;popn;project_diva;sdvx,ddr_gold;gitadora_dm_arena;gitadora_gf_arena;iidx_lm;sdvx_vm,allnet;eagate
ゲームメガ水戸けやき台店,茨城県水戸市酒門町３２７６−１,36.3379624,140.4832287,chunithm;gitadora;iidx;jubeat;maimai_dx;nostalgia;ongeki;popn;project_diva;sdvx,iidx_lm;sdvx_vm,allnet;eagate
ゲームワンダーランド2東店,伊勢崎市東小保方町3464-1,36.3285600,139.2472670,gitadora;iidx;jubeat;popn;sdvx,iidx_lm;sdvx_vm,eagate
ゲームＷ,東京都豊島区南長崎5-27-6,35.7292370,139.6828715,chunithm;iidx;jubeat;maimai_dx;nostalgia;polaris_chord;sdvx,sdvx_vm,allnet;eagate
コミ丸アリババ大垣店,岐阜県大垣市池尻町９４０−１,35.3840722,136.5956108,chunithm;ddr;gitadora;iidx;jubeat;maimai_dx;ongeki;polaris_chord;popn,ddr_gold;gitadora_dm_arena;gitadora_gf_arena;iidx_lm;popn_pikapika,allnet;eagate
コムテックスクウェア,愛知県名古屋市中区金山1-16-8,35.1439706,136.8999023,chunithm;ddr;gitadora;iidx;jubeat;maimai_dx;nostalgia;ongeki;polaris_chord;popn;project_diva;reflec;sdvx,ddr_gold;gitadora_dm_arena;gitadora_gf_arena;iidx_lm;popn_pikapika;sdvx_vm,allnet;eagate
コムテックタワー,愛知県名古屋市中村区名駅４−１０−２０,35.1694446,136.8859667,chunithm;ddr;gitadora;iidx;maimai_dx;ongeki;polaris_chord;popn;sdvx,ddr_gold;gitadora_dm_arena;gitadora_gf_arena;iidx_lm;sdvx_vm,allnet;eagate
サービスエリアイン高岡,富山県高岡市石瀬８５７−１,36.7607712,137.0465972,chunithm;ddr;iidx;polaris_chord;sdvx,iidx_lm;sdvx_vm,allnet;eagate
サープラ下通りあそびタウン,熊本県熊本市中央区手取本町４番１２号,32.8026613,130.7093307,chunithm;iidx;maimai_dx;ongeki;sdvx,iidx_lm;sdvx_vm,allnet;eagate
サープラ下関長府あそびタウン,山口県下関市ゆめタウン１ー１,34.0302255,131.0129312,chunithm;ddr;sdvx,ddr_gold;sdvx_vm,allnet;eagate
サープラ天文館あそびタウン,鹿児島県鹿児島市千日町５ー６,31.5892294,130.5557189,chunithm;iidx;maimai_dx;ongeki,iidx_lm,allnet;eagate
サープラ山口あそびタウン,山口県山口市湯田温泉６ー８ー３,34.1646973,131.4517994,chunithm;drs;gitadora;iidx;maimai_dx;ongeki;sdvx,iidx_lm;sdvx_vm,allnet;eagate
サープラ沼津あそびタウン,沼津市大手町1-1-5,35.1026645,138.8598883,ddr;drs;gitadora;iidx;popn;sdvx,ddr_gold;iidx_lm;sdvx_vm,eagate
サープラ焼津あそびタウン,静岡県焼津市八楠３—１８—５,34.8785023,138.3077720,iidx;maimai_dx;ongeki;sdvx,iidx_lm;sdvx_vm,allnet;eagate
サープラ隼人あそびタウン,鹿児島県霧島市隼人町見次４２７−１,31.7411825,130.7376746,chunithm;iidx,iidx_lm,allnet;eagate
サープラＯＺ浜松あそびタウン,静岡県浜松市中央区宮竹町３２２−１,34.7222912,137.7654904,ddr;gitadora;iidx;maimai_dx;ongeki;sdvx,ddr_gold;iidx_lm;sdvx_vm,allnet;eagate
ザ・インドアゲーム,大阪府大阪市旭区中宮5-6-19大阪工大正門前,34.7295402,135.5440250,chunithm;ddr;iidx;jubeat;maimai_dx;nostalgia;ongeki;polaris_chord;popn;project_diva;sdvx,ddr_gold;iidx_lm;sdvx_vm,allnet;eagate
シルクハット伊勢佐木町,神奈川県横浜市中区伊勢佐木町３—９６日活会館３階,35.4426850,139.6300831,chunithm;iidx;maimai_dx;ongeki;popn;sdvx,iidx_lm;popn_pikapika;sdvx_vm,allnet;eagate
シルクハット八王子,東京都八王子市旭町２−５　八王子ツインタワービル３階,35.6564021,139.3384065,chunithm;ddr;gitadora;iidx;jubeat;maimai_dx;nostalgia;ongeki;polaris_chord;popn;sdvx,ddr_gold;gitadora_dm_arena;gitadora_gf_arena;iidx_lm;popn_pikapika;sdvx_vm,allnet;eagate
シルクハット大船,神奈川県鎌倉市大船１−２４　大船駅前ビル１〜３Ｆ,35.3532239,139.5325263,chunithm;iidx;maimai_dx;ongeki;polaris_chord;popn;sdvx,iidx_lm;popn_pikapika;sdvx_vm,allnet;eagate
シルクハット川口,埼玉県川口市栄町３−１−１６イート川口ビル４Ｆ,35.8030675,139.7174452,chunithm;iidx;maimai_dx;ongeki;popn;sdvx,iidx_lm;popn_pikapika;sdvx_vm,allnet;eagate
シルクハット川崎ダイス,神奈川県川崎市川崎区駅前本町８番地ダイスビル地下２階,35.5314724,139.7003541,chunithm;ddr;gitadora;iidx;jubeat;maimai_dx;nostalgia;ongeki;polaris_chord;popn;sdvx,ddr_gold;gitadora_dm_arena;gitadora_gf_arena;iidx_lm;popn_pikapika;sdvx_vm,allnet;eagate
シルクハット本厚木,神奈川県厚木市中町３−４−２２第二会田ビル２階,35.4400309,139.3630066,chunithm;gitadora;iidx;maimai_dx;ongeki;polaris_chord;popn;sdvx,iidx_lm;popn_pikapika;sdvx_vm,allnet;eagate
シルクハット津田沼,千葉県習志野市津田沼１−２−１十三ビル地下１階,35.6903923,140.0222009,chunithm;iidx;maimai_dx;ongeki;polaris_chord;popn;sdvx,iidx_lm;popn_pikapika;sdvx_vm,allnet;eagate
シルクハット海老名マルイ,神奈川県海老名市中央１ー６ー１海老名マルイ３階,35.4527279,139.3934008,chunithm;iidx;maimai_dx;sdvx,iidx_lm;sdvx_vm,allnet;eagate
シルクハット秋葉原,東京都千代田区外神田１丁目１０番地９号,35.6987160,139.7710022,chunithm;ddr;gitadora;iidx;maimai_dx;ongeki;popn;sdvx,ddr_gold;gitadora_dm_arena;gitadora_gf_arena;iidx_lm;popn_pikapika;sdvx_vm,allnet;eagate
シルクハット蒲田西口,東京都大田区西蒲田７−２−３第二醍醐ビル地下１階〜２階,35.5630730,139.7159650,chunithm;ddr;gitadora;iidx;maimai_dx;ongeki;popn;sdvx,ddr_gold;gitadora_dm_arena;gitadora_gf_arena;iidx_lm;popn_pikapika;sdvx_vm,allnet;eagate
シーサイドリゾート,宇都宮市睦町7-3,36.5632765,139.8604649,gitadora;iidx;jubeat;polaris_chord;popn;sdvx,iidx_lm;popn_pikapika;sdvx_vm,eagate
ジョイプラザ豊岡店,兵庫県豊岡市加広町７−３２コープデイズ豊岡内,35.5508414,134.8163318,chunithm;iidx;maimai_dx,iidx_lm,allnet;eagate
ジョイランド敦賀店,敦賀市木崎40-土三田12USAアリーナ内,35.6447376,136.0430148,gitadora;iidx;sdvx,iidx_lm;sdvx_vm,eagate
スタジオプリモ本八幡店,千葉県市川市八幡２−１５−１０パティオ５階,35.7213241,139.9275016,chunithm;iidx;jubeat;maimai_dx;nostalgia;ongeki;project_diva;sdvx,iidx_lm;sdvx_vm,allnet;eagate
スポラ九品寺,熊本県熊本市中央区九品寺5丁目10-15,32.7904656,130.7148881,chunithm;drs;gitadora;iidx;jubeat;ongeki;popn,iidx_lm,allnet;eagate
スポーツウェーブ鉄腕24,千葉県千葉市中央区浜野町1025-59,35.5541062,140.1260538,chunithm;ddr;gitadora;iidx;maimai_dx;ongeki;popn;sdvx,ddr_gold;gitadora_dm_arena;gitadora_gf_arena;iidx_lm;popn_pikapika;sdvx_vm,allnet;eagate
スポーツウェーブ鉄腕24稲毛長沼店,千葉県千葉市稲毛区長沼原町697番地,35.6620233,140.1265534,chunithm;ddr;iidx;jubeat;maimai_dx;nostalgia;popn;sdvx,ddr_gold;iidx_lm;popn_pikapika;sdvx_vm,allnet;eagate
スーパーウェーブ柏店,柏市十余二249-5MEM内,35.8816529,139.9615303,iidx;polaris_chord;sdvx,iidx_lm;sdvx_vm,eagate
スーパーウェーブ静岡,静岡県静岡市清水区鳥坂８６０,35.0132017,138.4341497,chunithm;iidx;maimai_dx;ongeki;sdvx,iidx_lm;sdvx_vm,allnet;eagate
スーパーヒーロー倉吉,倉吉市見日町633,35.4383329,133.8393183,ddr;gitadora;iidx;jubeat;popn,ddr_gold;gitadora_dm_arena;gitadora_gf_arena;iidx_lm,eagate
ソニックワールド伊万里店,佐賀県伊万里市二里町八谷搦１８９−３,33.2785889,129.8722284,chunithm;iidx;sdvx,iidx_lm;sdvx_vm,allnet;eagate
ソニックワールド大村店,長崎県大村市古賀島町３８３−１,32.9273122,129.9395836,chunithm;iidx;maimai_dx;ongeki;sdvx,iidx_lm;sdvx_vm,allnet;eagate
ソユーエンターテイメントスタジオ須賀川店,須賀川市古河105イオンタウン須賀川B棟内,37.2982734,140.3853001,gitadora;iidx;jubeat;reflec,iidx_lm,eagate
ソユーゲームフィールド古川店,大崎市古川沢田字筒場浦15イオンタウン古川内,38.5990760,140.9741410,iidx,iidx_lm,eagate
ソユースペースファンタジーインフィニ,青森県弘前市城東北３−１０−１さくら野百貨店弘前店４Ｆ,40.6066860,140.4958836,chunithm;iidx;jubeat;maimai_dx;ongeki;polaris_chord;popn;reflec,iidx_lm,allnet;eagate
ソユーファミリーゲームフィールド花巻店,岩手県花巻市高木第１６地割６８−６　銀河モール１Ｆ,39.3864097,141.1359548,chunithm;gitadora;iidx;jubeat;maimai_dx;ongeki;popn;reflec,iidx_lm,allnet;eagate
タイトーFステーションイオン近江八幡店,近江八幡市鷹飼町190-9イオン近江八幡2番街 1F,35.1204734,136.1037493,ddr;gitadora;iidx;popn;sdvx,iidx_lm;sdvx_vm,eagate
タイトーFステーション向ヶ丘遊園店,神奈川県川崎市多摩区登戸2718-1,35.6164678,139.5650747,chunithm;gitadora;iidx;maimai_dx;ongeki;polaris_chord;popn;sdvx,gitadora_dm_arena;gitadora_gf_arena;iidx_lm;popn_pikapika;sdvx_vm,allnet;eagate
タイトーステーション 上野アメ横店,東京都台東区上野４−１０−１７,35.7105338,139.7744242,chunithm;ddr;gitadora;iidx;maimai_dx,gitadora_dm_arena;gitadora_gf_arena;iidx_lm,allnet;eagate
タイトーステーション 仙台クリスロード店,宮城県仙台市青葉区中央２−３−２５,38.2610006,140.8756067,chunithm;ddr;drs;gitadora;iidx;jubeat;maimai_dx;nostalgia;ongeki;polaris_chord;popn;project_diva;sdvx,ddr_gold;gitadora_dm_arena;gitadora_gf_arena;iidx_lm;popn_pikapika;sdvx_vm,allnet;eagate
タイトーステーション 千歳店,北海道千歳市北栄２−１２−５,42.8333942,141.6450539,chunithm;iidx;maimai_dx;ongeki;polaris_chord;popn;project_diva;sdvx,sdvx_vm,allnet;eagate
タイトーステーション 大宮店,埼玉県さいたま市大宮区大門町１−１,35.9074467,139.6255974,chunithm;ddr;gitadora;iidx;jubeat;maimai_dx;nostalgia;ongeki;polaris_chord;popn;project_diva;reflec;sdvx,ddr_gold;gitadora_dm_arena;gitadora_gf_arena;iidx_lm;popn_pikapika;sdvx_vm,allnet;eagate
タイトーステーション 所沢店,埼玉県所沢市日吉町３−７,35.7880928,139.4723684,chunithm;ddr;gitadora;iidx;jubeat;maimai_dx;ongeki;popn;sdvx,iidx_lm;popn_pikapika;sdvx_vm,allnet;eagate
タイトーステーション 柏店,千葉県柏市柏２−３−１フーサワビル,35.8613823,139.9727044,chunithm;ddr;gitadora;iidx;maimai_dx;ongeki;popn;project_diva;sdvx,gitadora_dm_arena;gitadora_gf_arena;iidx_lm;popn_pikapika;sdvx_vm,allnet;eagate
タイトーステーション 池袋西口店,東京都豊島区西池袋１−１５−９第一西池ビル,35.7305503,139.7097415,chunithm;ddr;drs;gitadora;iidx;jubeat;maimai_dx;nostalgia;ongeki;other;polaris_chord;popn;sdvx,gitadora_dm_arena;gitadora_gf_arena;iidx_lm;popn_pikapika;sdvx_vm,allnet;eagate;ziv
タイトーステーション 渋谷店,東京都渋谷区渋谷１−２４−１２渋谷東映プラザ,35.6598520,139.7019928,chunithm;ddr;gitadora;iidx;maimai_dx;popn;sdvx,ddr_gold;gitadora_dm_arena;gitadora_gf_arena;iidx_lm;popn_pikapika;sdvx_vm,allnet;eagate
タイトーステーション 町田店,東京都町田市原町田６−２１−２３　松山ビル１階,35.5427132,139.4484861,chunithm;ddr;drs;gitadora;iidx;jubeat;maimai_dx;ongeki;polaris_chord;popn;sdvx,ddr_gold;gitadora_dm_arena;gitadora_gf_arena;iidx_lm;popn_pikapika;sdvx_vm,allnet;eagate
タイトーステーション 盛岡マッハランド店,岩手県盛岡市上堂１−２−３８マッハランド内,39.7231654,141.1264518,chunithm;gitadora;iidx;maimai_dx;popn;sdvx,iidx_lm;sdvx_vm,allnet;eagate
タイトーステーション 秋葉原店,東京都千代田区外神田４−２−２貴三ビル,35.7002219,139.7717179,chunithm;ddr;drs;gitadora;iidx;jubeat;maimai_dx;ongeki;polaris_chord;popn;sdvx,ddr_gold;gitadora_dm_arena;gitadora_gf_arena;iidx_lm;popn_pikapika;sdvx_vm,allnet;eagate
タイトーステーション 船橋店,千葉県船橋市本町１−６−１,35.6998912,139.9859705,chunithm;gitadora;iidx;maimai_dx;nostalgia;ongeki;popn,iidx_lm;popn_pikapika,allnet;eagate
タイトーステーション 藤沢店,神奈川県藤沢市南藤沢２１−１,35.3372817,139.4873362,chunithm;ddr;iidx;maimai_dx;ongeki;popn,iidx_lm;popn_pikapika,allnet;eagate
タイトーステーション 難波店,大阪府大阪市中央区難波千日前１５−１２,34.6633633,135.5031909,chunithm;iidx;maimai_dx;sdvx,iidx_lm;sdvx_vm,allnet;eagate
タイトーステーションフェドラ大須店,愛知県名古屋市中区大須３−３０−３１,35.1594771,136.9054347,chunithm;dance_evo;ddr;drs;gitadora;iidx;jubeat;maimai_dx;museca;nostalgia;ongeki;polaris_chord;popn;project_diva;reflec;sdvx,ddr_gold;gitadora_dm_arena;gitadora_gf_arena;iidx_lm;popn_pikapika;sdvx_vm,allnet;eagate
タイトーステーション国分寺店,東京都国分寺市本町３−５−１１,35.7018475,139.4798890,chunithm;ddr;iidx;maimai_dx;ongeki;popn;sdvx,iidx_lm;popn_pikapika;sdvx_vm,allnet;eagate
タイトーステーション大阪日本橋店,大阪府大阪市浪速区日本橋４−９−１４,34.6603931,135.5061456,chunithm;ddr;drs;gitadora;iidx;jubeat;maimai_dx;nostalgia;ongeki;polaris_chord;popn;sdvx,gitadora_dm_arena;gitadora_gf_arena;iidx_lm;popn_pikapika;sdvx_vm,allnet;eagate
タイトーステーション広島紙屋町店,広島県広島市中区紙屋町２−２−２１,34.3940539,132.4560508,chunithm;gitadora;iidx;jubeat;maimai_dx;nostalgia;ongeki;polaris_chord;popn;reflec,gitadora_dm_arena;gitadora_gf_arena;iidx_lm;popn_pikapika,allnet;eagate
タイトーステーション戸塚西口店,神奈川県横浜市戸塚区戸塚町４０２３,35.3995319,139.5318297,chunithm;gitadora;iidx;maimai_dx;ongeki;popn,gitadora_dm_arena;gitadora_gf_arena;iidx_lm;popn_pikapika,allnet;eagate
タイトーステーション新宿東口店,東京都新宿区新宿３−２２−７　指田ビル,35.6932802,139.7015308,chunithm;ddr;iidx;jubeat;maimai_dx;ongeki;other;popn;sdvx,iidx_lm;sdvx_vm,allnet;eagate;ziv
タイトーステーション新宿歌舞伎町店,東京都新宿区歌舞伎町１の２３の１,35.6940294,139.7008896,chunithm;maimai_dx;nostalgia;ongeki;polaris_chord;popn;sdvx,popn_pikapika;sdvx_vm,allnet;eagate
タイトーステーション札幌狸小路２丁目店,北海道札幌市中央区南３条西２丁目−１４,43.0573356,141.3554530,chunithm;iidx;maimai_dx;ongeki;polaris_chord;popn;sdvx,iidx_lm;popn_pikapika;sdvx_vm,allnet;eagate
タイトーステーション横浜西口五番街店,神奈川県横浜市西区南幸１−１２ー９,35.4646858,139.6195818,chunithm;gitadora;iidx;maimai_dx;nostalgia;ongeki;polaris_chord;popn;sdvx,gitadora_dm_arena;gitadora_gf_arena;iidx_lm;popn_pikapika;sdvx_vm,allnet;eagate
タイトーステーション海老名ビナウォーク店,神奈川県海老名市中央１−１８−１　ビナウォーク６番館２Ｆ,35.4527589,139.3956832,chunithm;ddr;gitadora;iidx;jubeat;maimai_dx;nostalgia;ongeki;polaris_chord;popn;sdvx,ddr_gold;gitadora_dm_arena;gitadora_gf_arena;iidx_lm;popn_pikapika;sdvx_vm,allnet;eagate
タイトーステーション溝の口,神奈川県川崎市高津区溝口１−１１−８ＯＫＫＡ６３４ビル３階,35.6002204,139.6124232,chunithm;ddr;gitadora;iidx;jubeat;maimai_dx;nostalgia;ongeki;polaris_chord;popn;project_diva;sdvx,ddr_gold;gitadora_dm_arena;gitadora_gf_arena;iidx_lm;popn_pikapika;sdvx_vm,allnet;eagate
タイトーステーション福岡天神店,福岡県福岡市中央区天神２−６−３５サザンクロスビル,33.5896519,130.3973464,chunithm;iidx;maimai_dx;ongeki;polaris_chord;popn;sdvx,iidx_lm;popn_pikapika;sdvx_vm,allnet;eagate
タイトーステーション立川北口店,東京都立川市曙町２−４−５クリサス立川２・３Ｆ,35.6991102,139.4120958,chunithm;ddr;drs;gitadora;iidx;jubeat;maimai_dx;nostalgia;ongeki;polaris_chord;popn;project_diva;sdvx,ddr_gold;gitadora_dm_arena;gitadora_gf_arena;iidx_lm;popn_pikapika;sdvx_vm,allnet;eagate
タイトーステーション豊田ＧＡＺＡ,愛知県豊田市喜多町１−１４０ＧＡＺＡ３階,35.0880302,137.1572653,chunithm;ddr;iidx;maimai_dx;ongeki;popn,iidx_lm,allnet;eagate
タイトーステーション錦糸町楽天地店,東京都墨田区江東橋４−２７−１４楽天地ビルＢ１Ｆ,35.6964979,139.8158070,chunithm;ddr;iidx;maimai_dx;ongeki;polaris_chord;sdvx,ddr_gold;iidx_lm;sdvx_vm,allnet;eagate
タイトー新宿南口ゲームワールド店,東京都新宿区新宿３−３５−８,35.6898660,139.7022542,chunithm;ddr;gitadora;iidx;jubeat;maimai_dx;nostalgia;ongeki;other;polaris_chord;popn;sdvx;taiko,ddr_gold;gitadora_dm_arena;gitadora_gf_arena;iidx_lm;popn_pikapika;sdvx_vm,allnet;eagate;ziv
タイトーＢＩＧＢＯＸ高田馬場店,東京都新宿区高田馬場１−３５−３　ＢＩＧＢＯＸ６Ｆ,35.7129463,139.7042567,chunithm;dance_evo;ddr;drs;gitadora;iidx;jubeat;maimai_dx;ongeki;other;polaris_chord;popn;sdvx;taiko,gitadora_dm_arena;gitadora_gf_arena;iidx_lm;popn_pikapika;sdvx_vm,allnet;eagate;ziv
タイトーＦステーションイオンモール富士宮,静岡県富士宮市浅間町１−８　イオンモール富士宮３Ｆ,35.2204706,138.6119827,chunithm;iidx;maimai_dx;ongeki;sdvx,iidx_lm;sdvx_vm,allnet;eagate
タイトーＦステーションオリナス錦糸町店,東京都墨田区太平４ー１ー２　オリナスモール地下１Ｆ,35.7003101,139.8152653,chunithm;ddr;gitadora;iidx;jubeat;maimai_dx;nostalgia;ongeki;polaris_chord;popn;sdvx,ddr_gold;gitadora_dm_arena;gitadora_gf_arena;iidx_lm;popn_pikapika;sdvx_vm,allnet;eagate
タイトーＦステーションクレアモール川越店,埼玉県川越市新富町２−１−１３,35.9138263,139.4829221,chunithm;gitadora;iidx;ongeki;popn;sdvx,gitadora_dm_arena;gitadora_gf_arena;iidx_lm;popn_pikapika;sdvx_vm,allnet;eagate
タイトーＦステーションセントポルタ大分店,大分県大分市中央町２−１−１,33.2354219,131.6063391,chunithm;gitadora;iidx;maimai_dx;nostalgia;ongeki;popn;sdvx,iidx_lm;sdvx_vm,allnet;eagate
タイトーＦステーションニシムタ出水店,鹿児島県出水市六月田町３４７番地,32.1052481,130.3454411,chunithm;iidx;maimai_dx;nostalgia;ongeki;popn;project_diva;sdvx,iidx_lm;sdvx_vm,allnet;eagate
タイトーＦステーション三宮西館店,兵庫県神戸市中央区三宮町２丁目１１−１センタープラザ西館,34.6911162,135.1911671,chunithm;maimai_dx;sdvx,sdvx_vm,allnet;eagate
タイトーＦステーション上越店,新潟県上越市富岡３５２４ Ｊーｍａｘシアター内１Ｆ,37.1481920,138.2590468,ddr;gitadora;iidx;nostalgia;polaris_chord;project_diva;sdvx,ddr_gold;iidx_lm;sdvx_vm,allnet;eagate
タイトーＦステーション市川妙典店,千葉県市川市妙典４ー１ー１ イオン市川妙典店２番街２Ｆ,35.6925377,139.9266786,ddr;gitadora;iidx;nostalgia;polaris_chord;popn;project_diva;sdvx,ddr_gold;gitadora_dm_arena;gitadora_gf_arena;iidx_lm;popn_pikapika;sdvx_vm,allnet;eagate
タイトーＦステーション静岡,静岡県静岡市葵区呉服町２−５−４　ふしみや第２ビル,34.9744541,138.3832431,chunithm;gitadora;iidx;maimai_dx;ongeki;popn;sdvx,gitadora_dm_arena;gitadora_gf_arena;iidx_lm;popn_pikapika;sdvx_vm,allnet;eagate
タイトーＦ郡山オリエントパーク店,福島県郡山市安積町荒井字大久保３５−１,37.3744762,140.3487551,chunithm;ddr;iidx;maimai_dx;ongeki;sdvx,ddr_gold;iidx_lm;sdvx_vm,allnet;eagate
チャリオット五井店,千葉県市原市五井中央西２−１−２,35.5136111,140.0898121,chunithm;gitadora;iidx;maimai_dx;ongeki;popn;project_diva;sdvx,gitadora_dm_arena;gitadora_gf_arena;iidx_lm;sdvx_vm,allnet;eagate
テクノワールド,岩手県奥州市江刺愛宕字梁川１２７−１,39.1792419,141.1621682,chunithm;ddr;gitadora;iidx;jubeat;maimai_dx;nostalgia;ongeki;polaris_chord;popn;project_diva;sdvx,ddr_gold;iidx_lm;popn_pikapika;sdvx_vm,allnet;eagate
テクモピアパルテロン宇都宮店,宇都宮市今泉町237福田屋ショッピングプラザ宇都宮2F,36.5742650,139.9005810,iidx,iidx_lm,eagate
テクモピア座間店,神奈川県座間市ひばりが丘４−１１−４８,35.4800807,139.4320181,chunithm;iidx;maimai_dx;ongeki;sdvx,iidx_lm;sdvx_vm,allnet;eagate
テクモピア船橋南口店,千葉県船橋市本町１ー７ー６ドリーム船橋ビル３Ｆ,35.6990191,139.9858078,chunithm;iidx;maimai_dx;ongeki;sdvx,iidx_lm;sdvx_vm,allnet;eagate
トップラン岩岡,兵庫県神戸市西区岩岡町古郷１４７４−１,34.7176826,134.9289029,chunithm;maimai_dx;ongeki;project_diva;reflec;sdvx,sdvx_vm,allnet;eagate
トヤマレジャーランド呉羽店,富山県富山市高木字貝塚2054,36.7154246,137.1579952,chunithm;ddr;gitadora;iidx;maimai_dx;ongeki;popn;sdvx,ddr_gold;gitadora_dm_arena;gitadora_gf_arena;iidx_lm;popn_pikapika;sdvx_vm,allnet;eagate
トライセン中津店,大分県中津市下池永６７−３,33.5896776,131.2110360,chunithm;gitadora;iidx;jubeat;maimai_dx;ongeki;popn;sdvx,gitadora_dm_arena;gitadora_gf_arena;iidx_lm;sdvx_vm,allnet;eagate
トライセン萩原,大分県大分市萩原４−２２７−７,33.2491774,131.6436745,chunithm;gitadora;iidx;jubeat;maimai_dx;ongeki;popn;reflec,gitadora_dm_arena;gitadora_gf_arena;iidx_lm,allnet;eagate
ドリームキャンディ,三重県伊賀市小田町７１１−１,34.7752694,136.1227939,chunithm;gitadora;iidx;maimai_dx;nostalgia;ongeki;reflec;sdvx,iidx_lm;sdvx_vm,allnet;eagate
ネオブラボー,山口県防府市高倉１−３−３０,34.0549567,131.5591985,chunithm;iidx;maimai_dx;ongeki;sdvx,iidx_lm;sdvx_vm,allnet;eagate
ハローズガーデン新三田,三田市けやき台1-6-4イオン三田ウッディタウン店2番街,34.9068885,135.1868326,iidx,iidx_lm,eagate
バイパスレジャーランド加賀店,石川県加賀市箱宮町ヲ1-1,36.3251944,136.4113866,chunithm;ddr;iidx;jubeat;maimai_dx;nostalgia;popn;sdvx,ddr_gold;iidx_lm;popn_pikapika;sdvx_vm,allnet;eagate
バイパスレジャーランド御経塚店,石川県野々市市御経塚4丁目46,36.5479275,136.6012300,chunithm;iidx;popn;sdvx,iidx_lm;popn_pikapika;sdvx_vm,allnet;eagate
バイパスレジャーランド藤江新館,石川県金沢市藤江南2-105,36.5837815,136.6206855,chunithm;ddr;gitadora;iidx;jubeat;maimai_dx;nostalgia;ongeki;polaris_chord;popn;sdvx,ddr_gold;gitadora_dm_arena;gitadora_gf_arena;iidx_lm;popn_pikapika;sdvx_vm,allnet;eagate
パスカランド福重店,福岡県福岡市西区拾六町１丁目７番１号ＭＥＧＡドンキ福重店３Ｆ,33.5672500,130.3148720,chunithm;iidx;maimai_dx;ongeki;popn;sdvx,iidx_lm;popn_pikapika;sdvx_vm,allnet;eagate
パスカワールドグリーンランド店,熊本県荒尾市本井手１５７４−５４,32.9878473,130.4712114,chunithm;ddr;gitadora;iidx;jubeat;maimai_dx;nostalgia;ongeki;polaris_chord;popn;sdvx,gitadora_dm_arena;gitadora_gf_arena;iidx_lm;popn_pikapika;sdvx_vm,allnet;eagate
パルケ上賀茂店,京都府京都市北区上賀茂西河原町１の１,35.0669415,135.7460749,chunithm;ddr;gitadora;iidx;maimai_dx;nostalgia;ongeki;popn,iidx_lm,allnet;eagate
ビッグボウル杉戸,埼玉県北葛飾郡杉戸町大字杉戸２３３８,36.0401850,139.7208181,chunithm;iidx;maimai_dx;nostalgia;sdvx,iidx_lm;sdvx_vm,allnet;eagate
ビデオゲームミュージアムロボット深谷店,埼玉県深谷市上柴町西４−１２−１,36.1796392,139.2988013,iidx;jubeat;popn;project_diva;sdvx,iidx_lm;sdvx_vm,allnet;eagate
ピノキオランド本渡,熊本県天草市船之尾町279-6,32.4583537,130.1882685,chunithm;iidx;maimai_dx;ongeki,iidx_lm,allnet;eagate
ピンクパンサー下妻店,茨城県下妻市小島884-10,36.1702653,139.9665309,chunithm;gitadora;iidx;maimai_dx;ongeki;sdvx,sdvx_vm,allnet;eagate
ピンクパンサー土浦店,茨城県土浦市木田余４５８５−３,36.1065463,140.2151975,chunithm;ddr;gitadora;iidx;jubeat;maimai_dx;ongeki;project_diva;sdvx,ddr_gold;iidx_lm;sdvx_vm,allnet;eagate
ファンタジスタ,岡山県倉敷市新倉敷駅前５−１９４,34.5583269,133.6767549,chunithm;gitadora;iidx;jubeat;nostalgia;popn;sdvx,iidx_lm;popn_pikapika;sdvx_vm,allnet;eagate
ファンタジードーム八戸,青森県八戸市江陽２−１４−１,40.5218721,141.5027091,chunithm;iidx;jubeat;maimai_dx;nostalgia;ongeki;popn;reflec,iidx_lm,allnet;eagate
ファンタジープラザ名古屋,愛知県名古屋市北区玄馬町２３４−１ﾄﾞﾝｷﾎｰﾃ名古屋本店２階,35.2264606,136.9089964,chunithm;ddr;gitadora;iidx;jubeat;maimai_dx;ongeki;popn;reflec;sdvx,ddr_gold;gitadora_dm_arena;gitadora_gf_arena;iidx_lm;popn_pikapika;sdvx_vm,allnet;eagate
フェスタ人吉店,人吉市宝来町1307-1人吉レックス内,32.2120774,130.7482481,iidx;jubeat;polaris_chord;reflec;sdvx,iidx_lm;sdvx_vm,eagate
フェスタ古河店,古河市松並2-18-10マーケットシティ古河内,36.2096015,139.7086044,iidx;polaris_chord;popn;sdvx,iidx_lm;popn_pikapika;sdvx_vm,eagate
フェスタ山鹿店,山鹿市方保田字鳥越3468-1,33.0047082,130.7230200,polaris_chord;sdvx,sdvx_vm,eagate
フクイレジャーランドワイプラザ店,福井市新保北1-303ヤスサキワイプラザB棟2F,36.0875080,136.2494211,iidx;jubeat;polaris_chord;popn;sdvx,iidx_lm;popn_pikapika;sdvx_vm,eagate
フタバボウル泉大津店,大阪府泉大津市松之浜町１−２−５３,34.5108583,135.4156272,chunithm;maimai_dx;ongeki;sdvx,sdvx_vm,allnet;eagate
フリスポ下館,茨城県筑西市神分４７２,36.3024911,139.9565286,ddr;gitadora;iidx;ongeki;popn;sdvx,popn_pikapika;sdvx_vm,allnet;eagate
フリスポ佐原,千葉県香取市佐原イ−４２００,35.9011456,140.4935107,chunithm;ddr;gitadora;iidx;maimai_dx;ongeki;polaris_chord;popn;sdvx,iidx_lm;sdvx_vm,allnet;eagate
ブラックジャックアクア店,広島県広島市安佐南区大町東４−１２−１１,34.4689057,132.4624719,chunithm;iidx;popn,iidx_lm,allnet;eagate
ブラックジャック東広島店,広島県東広島市西条町御薗宇６１２０,34.4141987,132.7533558,chunithm;iidx,iidx_lm,allnet;eagate
プレイドーム松山,愛媛県松山市余戸南４丁目９−４０,33.8093947,132.7280617,chunithm;iidx;project_diva,iidx_lm,allnet;eagate
プレイハウス　エリナ,新潟県新潟市西蒲区津雲田６４０,37.7175185,138.8906472,chunithm;ddr;gitadora;iidx;jubeat;museca;nostalgia;ongeki;popn;sdvx,ddr_gold;iidx_lm;popn_pikapika;sdvx_vm,allnet;eagate
プレイランドイン黒部,富山県黒部市沓掛645,36.8889558,137.4644997,chunithm;gitadora;iidx;jubeat;sdvx,sdvx_vm,allnet;eagate
ベティ,七尾市舟尾町ウ-38,37.0673154,136.9070025,ddr;gitadora;iidx;nostalgia;popn;sdvx,iidx_lm;sdvx_vm,eagate
ホムスタ加古川店,加古川市尾上町安田351-1メガコート,34.7455290,134.8355115,iidx;popn,iidx_lm,eagate
ホムスタ玉津店,神戸市西区丸塚2-9-18メガパレス2F,34.6792248,134.9831791,gitadora;iidx;polaris_chord;popn;sdvx,iidx_lm;sdvx_vm,eagate
ポート２４八事店,愛知県名古屋市昭和区広路町北石坂102番地4,35.1371097,136.9641401,chunithm;ddr;gitadora;iidx;jubeat;maimai_dx;nostalgia;ongeki;popn;sdvx,ddr_gold;iidx_lm;sdvx_vm,allnet;eagate
ポート２４幸田店,愛知県額田郡幸田町相見沖原1-3,34.8902431,137.1631359,chunithm;gitadora;iidx;maimai_dx;ongeki;popn;project_diva;sdvx,iidx_lm;popn_pikapika;sdvx_vm,allnet;eagate
ポート２４浜松店,静岡県浜松市中央区坪井町4183-1,34.6801467,137.6443581,chunithm;drs;gitadora;iidx;jubeat;maimai_dx;nostalgia;ongeki;popn;project_diva;sdvx,gitadora_dm_arena;gitadora_gf_arena;iidx_lm;sdvx_vm,allnet;eagate
マックスプラザ善通寺,香川県善通寺市中村町１７９８−２,34.2436048,133.7640148,chunithm;gitadora;iidx;jubeat;maimai_dx;nostalgia;ongeki;polaris_chord;popn;project_diva;sdvx,iidx_lm;sdvx_vm,allnet;eagate
マトリクス前橋,群馬県前橋市小相木町５５８−１,36.3727439,139.0596614,chunithm;gitadora;iidx;ongeki;popn;sdvx,gitadora_dm_arena;gitadora_gf_arena;iidx_lm;popn_pikapika;sdvx_vm,allnet;eagate
ミラクルイン中村橋,東京都練馬区貫井１−１−２ＹＫビル２Ｆ,35.7371368,139.6383560,chunithm;iidx;ongeki;popn;sdvx,iidx_lm;sdvx_vm,allnet;eagate
ムー大陸西尾シャオ店,愛知県西尾市下町御城下２３−１シャオ２Ｆ,34.8677828,137.0454315,chunithm;iidx;maimai_dx;ongeki;sdvx,iidx_lm;sdvx_vm,allnet;eagate
メジャーロード見附店,新潟県見附市上新田町字下野沖516番地1,37.5430983,138.8914470,chunithm;gitadora;iidx;jubeat;maimai_dx;ongeki;popn;sdvx,sdvx_vm,allnet;eagate
メジャーロード黒埼,新潟県新潟市西区山田３３０３番地（３３０２番地）,37.8682204,139.0173416,chunithm;gitadora;iidx;jubeat;maimai_dx;ongeki;sdvx,sdvx_vm,allnet;eagate
モナコ川越店,川越市新富町2-4-1,35.9132611,139.4831650,ddr;iidx;polaris_chord;popn;sdvx,iidx_lm;popn_pikapika;sdvx_vm,eagate
モンキートリック,大阪府寝屋川市香里南之町32-5　YNレジデンス香里2F,34.7834753,135.6288626,chunithm;ddr;gitadora;iidx;jubeat;maimai_dx;ongeki;polaris_chord;popn;sdvx,ddr_gold;gitadora_dm_arena;gitadora_gf_arena;iidx_lm;popn_pikapika;sdvx_vm,allnet;eagate
モーリーファンタジー本荘,秋田県由利本荘市石脇田中１３８番地,39.3915017,140.0274931,chunithm;maimai_dx;nostalgia;ongeki;popn;sdvx,sdvx_vm,allnet;eagate
モーリーファンタジー那覇,沖縄県那覇市金城５−１０−２　イオン那覇店３F,26.1970331,127.6658532,chunithm;dance_evo;iidx;jubeat;maimai_dx;ongeki;polaris_chord;popn;reflec;sdvx,iidx_lm;sdvx_vm,allnet;eagate
モーリーファンタジーｆ 岐阜,岐阜県岐阜市正木中１−２−１マーサ２１北館３Ｆ,35.4484474,136.7449465,chunithm;drs;gitadora;iidx;jubeat;maimai_dx;ongeki;polaris_chord;popn;sdvx,iidx_lm;sdvx_vm,allnet;eagate
モーリーファンタジーｆ富士南,静岡県富士市鮫島１１８−１０　イオンタウン富士南２Ｆ,35.1397246,138.6758022,chunithm;maimai_dx;ongeki;polaris_chord;popn;sdvx,sdvx_vm,allnet;eagate
ユーズランド三光店,中津市三光佐知1032イオン三光SC2F,33.5590020,131.1928570,iidx;nostalgia;polaris_chord;sdvx,sdvx_vm,eagate
ユーズランド下田店,青森県上北郡おいらせ町中野平４０−１イオンモール下田１Ｆ,40.6014566,141.4177839,chunithm;ddr;drs;gitadora;iidx;jubeat;maimai_dx;nostalgia;ongeki;polaris_chord;popn;project_diva;sdvx,ddr_gold;gitadora_dm_arena;gitadora_gf_arena;iidx_lm;popn_pikapika;sdvx_vm,allnet;eagate
ユーズランド倉敷店,岡山県倉敷市水江１番地イオンモール倉敷２Ｆ,34.6032479,133.7454021,chunithm;ddr;drs;iidx;maimai_dx;ongeki;polaris_chord;popn;sdvx,ddr_gold;iidx_lm;popn_pikapika;sdvx_vm,allnet;eagate
ユーズランド和歌山店,和歌山県和歌山市ふじと台２３番地イオンモール和歌山２Ｆ,34.2761543,135.1492010,chunithm;iidx;maimai_dx;ongeki;polaris_chord;sdvx,iidx_lm;sdvx_vm,allnet;eagate
ユーズランド太田店,群馬県太田市石原町８１番地イオンモール太田２Ｆ,36.2941440,139.4004362,chunithm;gitadora;iidx;maimai_dx;ongeki;polaris_chord;popn;sdvx,gitadora_dm_arena;gitadora_gf_arena;iidx_lm;popn_pikapika;sdvx_vm,allnet;eagate
ユーズランド春日部店,春日部市下柳420-1イオンモール春日部2F 2037,35.9878950,139.7884780,iidx;jubeat;nostalgia;sdvx,iidx_lm;sdvx_vm,eagate
ユーズランド東浦店,愛知県知多郡東浦町緒川旭１３−２イオンモール東浦２Ｆ,34.9781318,136.9742667,chunithm;iidx;maimai_dx;ongeki;polaris_chord;popn;sdvx,iidx_lm;popn_pikapika;sdvx_vm,allnet;eagate
ユーズランド水戸内原店,茨城県水戸市内原２−１イオンモール水戸内原２Ｆ,36.3739629,140.3583896,chunithm;ddr;gitadora;iidx;maimai_dx;ongeki;polaris_chord;popn;sdvx,ddr_gold;gitadora_dm_arena;gitadora_gf_arena;iidx_lm;popn_pikapika;sdvx_vm,allnet;eagate
ユーズランド越谷店,埼玉県越谷市レイクタウン4-2-2イオンレイクタウンKAZE3F,35.8778002,139.8245962,chunithm;iidx;maimai_dx;ongeki;popn;sdvx,iidx_lm;popn_pikapika;sdvx_vm,allnet;eagate
ユーズランド高岡店,富山県高岡市下伏間江３８３イオンモール高岡２Ｆ,36.7241123,137.0170194,chunithm;ddr;iidx;maimai_dx;ongeki;polaris_chord;popn;sdvx,ddr_gold;iidx_lm;popn_pikapika;sdvx_vm,allnet;eagate
ユーズランド高崎店,群馬県高崎市棟高町１４００番地イオンモール高崎２Ｆ,36.3904820,139.0065304,chunithm;ddr;drs;gitadora;iidx;jubeat;maimai_dx;ongeki;polaris_chord;popn;sdvx,ddr_gold;gitadora_dm_arena;gitadora_gf_arena;iidx_lm;popn_pikapika;sdvx_vm,allnet;eagate
ラウンドワンさいか屋横須賀店,神奈川県横須賀市大滝町１丁目１３番,35.2821494,139.6695932,chunithm;dance_around;ddr;drs;gitadora;iidx;jubeat;maimai_dx;nostalgia;ongeki;polaris_chord;popn;project_diva;sdvx,ddr_gold;gitadora_dm_arena;gitadora_gf_arena;iidx_lm;popn_pikapika;sdvx_vm,allnet;eagate
ラウンドワンさいたま・上里店,埼玉県児玉郡上里町大字金久保３９４−１,36.2599800,139.1374381,chunithm;dance_around;drs;gitadora;iidx;maimai_dx;nostalgia;ongeki;polaris_chord;popn;sdvx,gitadora_dm_arena;gitadora_gf_arena;iidx_lm;popn_pikapika;sdvx_vm,allnet;eagate
ラウンドワンさいたま・栗橋店,埼玉県久喜市小右衛門１９２−１,36.1235137,139.7151734,chunithm;dance_around;ddr;gitadora;iidx;jubeat;maimai_dx;nostalgia;ongeki;polaris_chord;popn;sdvx,ddr_gold;gitadora_dm_arena;gitadora_gf_arena;iidx_lm;popn_pikapika;sdvx_vm,allnet;eagate
ラウンドワンさいたま・鴻巣店,埼玉県鴻巣市箕田３１６３−７,36.0806388,139.4902256,chunithm;dance_around;dance_evo;ddr;drs;gitadora;iidx;jubeat;maimai_dx;nostalgia;ongeki;polaris_chord;popn;sdvx,ddr_gold;gitadora_dm_arena;gitadora_gf_arena;iidx_lm;popn_pikapika;sdvx_vm,allnet;eagate
ラウンドワンみえ川越インターチェンジ店,三重県三重郡川越町南福崎８５１−１,35.0229015,136.6835299,chunithm;ddr;gitadora;iidx;maimai_dx;ongeki;polaris_chord;popn;sdvx,ddr_gold;gitadora_dm_arena;gitadora_gf_arena;iidx_lm;popn_pikapika;sdvx_vm,allnet;eagate
ラウンドワンららぽーと和泉店,大阪府和泉市あゆみ野４−４−７　４階　４２１００番,34.4356803,135.4479088,chunithm;iidx;maimai_dx;ongeki;popn;sdvx,iidx_lm;popn_pikapika;sdvx_vm,allnet;eagate
ラウンドワンららぽーと新三郷店,埼玉県三郷市新三郷ららシティ3-1-1ららぽーと新三郷2F20000番,35.8594806,139.8671397,chunithm;dance_around;ddr;gitadora;iidx;jubeat;maimai_dx;ongeki;other;polaris_chord;popn;sdvx,ddr_gold;gitadora_dm_arena;gitadora_gf_arena;iidx_lm;popn_pikapika;sdvx_vm,allnet;eagate;ziv
ラウンドワンららぽーと湘南平塚店,平塚市天沼10-1ららぽーと湘南平塚店3F,35.3358250,139.3547690,ddr;iidx;polaris_chord;popn;sdvx,ddr_gold;iidx_lm;popn_pikapika;sdvx_vm,eagate
ラウンドワンわらび店,埼玉県蕨市北町５−１−６,35.8307831,139.6742333,chunithm;ddr;drs;gitadora;iidx;jubeat;maimai_dx;nostalgia;ongeki;polaris_chord;popn;project_diva;sdvx,ddr_gold;gitadora_dm_arena;gitadora_gf_arena;iidx_lm;popn_pikapika;sdvx_vm,allnet;eagate
ラウンドワンアリオ柏店,千葉県柏市大島田１丁目６番地１セブンパークアリオ柏　１０７０,35.8323319,140.0119419,chunithm;dance_around;ddr;drs;gitadora;iidx;maimai_dx;ongeki;polaris_chord;popn;sdvx,ddr_gold;gitadora_dm_arena;gitadora_gf_arena;iidx_lm;popn_pikapika;sdvx_vm,allnet;eagate
ラウンドワンダイバーシティ東京プラザ店,東京都江東区青海1-1-10ダイバーシティ東京プラザ6階61000,35.6256894,139.7763086,chunithm;dance_around;ddr;drs;gitadora;iidx;jubeat;maimai_dx;ongeki;other;polaris_chord;popn;sdvx;taiko,ddr_gold;gitadora_dm_arena;gitadora_gf_arena;iidx_lm;popn_pikapika;sdvx_vm,allnet;eagate;ziv
ラウンドワンモレラ岐阜店,岐阜県本巣市三橋１１００,35.4552106,136.6727657,chunithm;dance_around;ddr;drs;gitadora;iidx;jubeat;maimai_dx;nostalgia;ongeki;polaris_chord;popn;sdvx,ddr_gold;gitadora_dm_arena;gitadora_gf_arena;iidx_lm;popn_pikapika;sdvx_vm,allnet;eagate
ラウンドワンヨロッカ春日井店,愛知県春日井市六軒屋町東丘２２テナント区画番号３０１０,35.2587361,136.9816772,chunithm;ddr;gitadora;iidx;maimai_dx;ongeki;polaris_chord;popn;sdvx,ddr_gold;gitadora_dm_arena;gitadora_gf_arena;iidx_lm;popn_pikapika;sdvx_vm,allnet;eagate
ラウンドワン三宮駅前店,兵庫県神戸市中央区小野柄通6-1-17,34.6939326,135.1973748,chunithm;ddr;gitadora;iidx;maimai_dx;ongeki;polaris_chord;popn;sdvx,ddr_gold;gitadora_dm_arena;gitadora_gf_arena;iidx_lm;popn_pikapika;sdvx_vm,allnet;eagate
ラウンドワン上尾店,埼玉県上尾市大字平塚９１７−１,35.9857321,139.6078402,chunithm;dance_around;ddr;drs;gitadora;iidx;maimai_dx;nostalgia;ongeki;polaris_chord;popn;sdvx,ddr_gold;gitadora_dm_arena;gitadora_gf_arena;iidx_lm;popn_pikapika;sdvx_vm,allnet;eagate
ラウンドワン中川１号線店,愛知県名古屋市中川区法蔵町２−２３,35.1236443,136.8636045,chunithm;dance_around;ddr;drs;gitadora;iidx;jubeat;maimai_dx;ongeki;polaris_chord;popn;sdvx,ddr_gold;gitadora_dm_arena;gitadora_gf_arena;iidx_lm;popn_pikapika;sdvx_vm,allnet;eagate
ラウンドワン京都伏見店,京都府京都市伏見区下鳥羽平塚町１３１,34.9359432,135.7463208,chunithm;ddr;gitadora;iidx;maimai_dx;ongeki;polaris_chord;popn;sdvx,ddr_gold;gitadora_dm_arena;gitadora_gf_arena;iidx_lm;popn_pikapika;sdvx_vm,allnet;eagate
ラウンドワン京都河原町店,京都府京都市中京区河原町通三条下ル山崎町２５０,35.0070244,135.7686902,chunithm;dance_around;ddr;drs;gitadora;iidx;jubeat;maimai_dx;nostalgia;ongeki;polaris_chord;popn;project_diva;sdvx,ddr_gold;gitadora_dm_arena;gitadora_gf_arena;iidx_lm;popn_pikapika;sdvx_vm,allnet;eagate
ラウンドワン仙台泉店,宮城県仙台市泉区大沢二丁目１２番４号　１階,38.3520265,140.8795076,chunithm;dance_around;ddr;gitadora;iidx;maimai_dx;ongeki;polaris_chord;popn;sdvx,ddr_gold;gitadora_dm_arena;gitadora_gf_arena;iidx_lm;popn_pikapika;sdvx_vm,allnet;eagate
ラウンドワン仙台苦竹店,宮城県仙台市宮城野区苦竹１−７−１０,38.2680832,140.9172451,chunithm;dance_around;ddr;gitadora;iidx;jubeat;maimai_dx;nostalgia;ongeki;polaris_chord;popn;sdvx,ddr_gold;gitadora_dm_arena;gitadora_gf_arena;iidx_lm;popn_pikapika;sdvx_vm,allnet;eagate
ラウンドワン伊丹店,兵庫県伊丹市昆陽７丁目２９,34.7790734,135.3934676,chunithm;ddr;gitadora;iidx;maimai_dx;ongeki;polaris_chord;popn;project_diva;sdvx,ddr_gold;gitadora_dm_arena;gitadora_gf_arena;iidx_lm;popn_pikapika;sdvx_vm,allnet;eagate
ラウンドワン佐賀店,佐賀県佐賀市兵庫北４−２−１,33.2752276,130.3010551,chunithm;dance_around;ddr;drs;gitadora;iidx;maimai_dx;ongeki;polaris_chord;popn;sdvx,ddr_gold;gitadora_dm_arena;gitadora_gf_arena;iidx_lm;popn_pikapika;sdvx_vm,allnet;eagate
ラウンドワン入間店,埼玉県入間市小谷田３−７−２５,35.8279801,139.3760089,chunithm;dance_around;ddr;gitadora;iidx;jubeat;maimai_dx;nostalgia;ongeki;polaris_chord;popn;sdvx,ddr_gold;gitadora_dm_arena;gitadora_gf_arena;iidx_lm;popn_pikapika;sdvx_vm,allnet;eagate
ラウンドワン函館店,北海道函館市西桔梗町８４８−１１,41.8246380,140.7175148,chunithm;dance_around;ddr;gitadora;iidx;maimai_dx;nostalgia;ongeki;polaris_chord;popn;sdvx,ddr_gold;gitadora_dm_arena;gitadora_gf_arena;iidx_lm;popn_pikapika;sdvx_vm,allnet;eagate
ラウンドワン前橋店,群馬県前橋市天川大島町１１０１−１,36.3687628,139.1052489,chunithm;ddr;drs;gitadora;iidx;maimai_dx;ongeki;polaris_chord;popn;sdvx,ddr_gold;gitadora_dm_arena;gitadora_gf_arena;iidx_lm;popn_pikapika;sdvx_vm,allnet;eagate
ラウンドワン加古川店,兵庫県加古川市尾上町安田325番6号,34.7470428,134.8369253,chunithm;dance_around;ddr;gitadora;iidx;jubeat;maimai_dx;nostalgia;ongeki;polaris_chord;popn;sdvx,ddr_gold;gitadora_dm_arena;gitadora_gf_arena;iidx_lm;popn_pikapika;sdvx_vm,allnet;eagate
ラウンドワン千日前店,大阪府大阪市中央区難波１−３−１,34.6675295,135.5027825,chunithm;ddr;drs;gitadora;iidx;jubeat;maimai_dx;nostalgia;ongeki;polaris_chord;popn;sdvx,ddr_gold;gitadora_dm_arena;gitadora_gf_arena;iidx_lm;popn_pikapika;sdvx_vm,allnet;eagate
ラウンドワン千種店,愛知県名古屋市千種区新栄3-20-17タイホウ千種駅前南ビル1階,35.1680713,136.9280046,chunithm;ddr;drs;gitadora;iidx;jubeat;ongeki;polaris_chord;popn;sdvx,ddr_gold;gitadora_dm_arena;gitadora_gf_arena;iidx_lm;popn_pikapika;sdvx_vm,allnet;eagate
ラウンドワン半田店,愛知県半田市瑞穂町６−７−８,34.8853760,136.9413762,chunithm;ddr;gitadora;iidx;maimai_dx;ongeki;polaris_chord;popn;sdvx,ddr_gold;gitadora_dm_arena;gitadora_gf_arena;iidx_lm;popn_pikapika;sdvx_vm,allnet;eagate
ラウンドワン南砂店,東京都江東区南砂６−７−１５トピレックプラザ４Ｆ,35.6718431,139.8369781,chunithm;dance_around;ddr;drs;gitadora;iidx;jubeat;maimai_dx;nostalgia;ongeki;other;polaris_chord;popn;sdvx;taiko,ddr_gold;gitadora_dm_arena;gitadora_gf_arena;iidx_lm;popn_pikapika;sdvx_vm,allnet;eagate;ziv
ラウンドワン博多半道橋店,福岡県福岡市博多区半道橋２−２−８,33.5840670,130.4383464,chunithm;dance_around;ddr;gitadora;iidx;maimai_dx;ongeki;polaris_chord;popn;sdvx,ddr_gold;gitadora_dm_arena;gitadora_gf_arena;iidx_lm;popn_pikapika;sdvx_vm,allnet;eagate
ラウンドワン吉祥寺店,東京都武蔵野市吉祥寺本町1-11-22,35.7063020,139.5807799,chunithm;ddr;gitadora;iidx;jubeat;maimai_dx;nostalgia;ongeki;polaris_chord;popn;sdvx,ddr_gold;gitadora_dm_arena;gitadora_gf_arena;iidx_lm;popn_pikapika;sdvx_vm,allnet;eagate
ラウンドワン名古屋西春店,愛知県北名古屋市宇福寺神明１５,35.2548498,136.8436265,chunithm;ddr;gitadora;iidx;maimai_dx;ongeki;polaris_chord;popn;sdvx,ddr_gold;gitadora_dm_arena;gitadora_gf_arena;iidx_lm;popn_pikapika;sdvx_vm,allnet;eagate
ラウンドワン和歌山店,和歌山県和歌山市小雑賀７３９−３,34.1984612,135.1859700,chunithm;ddr;gitadora;iidx;maimai_dx;ongeki;polaris_chord;popn;sdvx,ddr_gold;gitadora_dm_arena;gitadora_gf_arena;iidx_lm;popn_pikapika;sdvx_vm,allnet;eagate
ラウンドワン城東放出店,大阪府大阪市城東区今福南3-4-38,34.6964966,135.5593162,chunithm;ddr;gitadora;iidx;maimai_dx;ongeki;polaris_chord;popn;sdvx,ddr_gold;gitadora_dm_arena;gitadora_gf_arena;iidx_lm;popn_pikapika;sdvx_vm,allnet;eagate
ラウンドワン堺中央環状店,大阪府堺市東区石原町２−２４１,34.5569759,135.5365126,chunithm;ddr;gitadora;iidx;jubeat;maimai_dx;ongeki;polaris_chord;popn;sdvx,ddr_gold;gitadora_dm_arena;gitadora_gf_arena;iidx_lm;popn_pikapika;sdvx_vm,allnet;eagate
ラウンドワン堺駅前店,大阪府堺市堺区戎島町4-44-3,34.5834551,135.4684377,chunithm;dance_around;ddr;gitadora;iidx;maimai_dx;ongeki;polaris_chord;popn;sdvx,ddr_gold;gitadora_dm_arena;gitadora_gf_arena;iidx_lm;popn_pikapika;sdvx_vm,allnet;eagate
ラウンドワン大分店,大分県大分市萩原２−１３−１７,33.2489675,131.6402343,chunithm;ddr;drs;gitadora;iidx;maimai_dx;ongeki;polaris_chord;popn;sdvx,ddr_gold;gitadora_dm_arena;gitadora_gf_arena;iidx_lm;popn_pikapika;sdvx_vm,allnet;eagate
ラウンドワン大宮店,埼玉県さいたま市大宮区宮町４−９０−７,35.9108281,139.6254402,chunithm;dance_around;ddr;drs;gitadora;iidx;jubeat;maimai_dx;nostalgia;ongeki;polaris_chord;popn;sdvx,ddr_gold;gitadora_dm_arena;gitadora_gf_arena;iidx_lm;popn_pikapika;sdvx_vm,allnet;eagate
ラウンドワン大野城店,福岡県大野城市御笠川１−１８−１６,33.5464190,130.4822611,chunithm;dance_around;ddr;drs;gitadora;iidx;jubeat;maimai_dx;nostalgia;ongeki;polaris_chord;popn;sdvx,ddr_gold;gitadora_dm_arena;gitadora_gf_arena;iidx_lm;popn_pikapika;sdvx_vm,allnet;eagate
ラウンドワン奈良・ミナーラ店,奈良県奈良市二条大路南１−３−１ミ・ナーラ５階,34.6849116,135.8025405,chunithm;dance_around;ddr;gitadora;iidx;maimai_dx;nostalgia;ongeki;polaris_chord;popn;sdvx,ddr_gold;gitadora_dm_arena;gitadora_gf_arena;iidx_lm;popn_pikapika;sdvx_vm,allnet;eagate
ラウンドワン姫路飾磨店,兵庫県姫路市飾磨区中島１−２５４,34.7923295,134.6870919,chunithm;ddr;gitadora;iidx;maimai_dx;ongeki;polaris_chord;popn;sdvx,ddr_gold;gitadora_dm_arena;gitadora_gf_arena;iidx_lm;popn_pikapika;sdvx_vm,allnet;eagate
ラウンドワン宇都宮店,栃木県宇都宮市江曽島町２０７２−１,36.5406864,139.8868934,chunithm;ddr;gitadora;iidx;jubeat;maimai_dx;nostalgia;ongeki;polaris_chord;popn;sdvx,ddr_gold;gitadora_dm_arena;gitadora_gf_arena;iidx_lm;popn_pikapika;sdvx_vm,allnet;eagate
ラウンドワン守口店,大阪府守口市佐太東町２−６−１４ジャガーグリーン２Ｆ,34.7560955,135.5885314,chunithm;dance_around;ddr;drs;gitadora;iidx;jubeat;maimai_dx;nostalgia;ongeki;polaris_chord;popn;project_diva;sdvx,ddr_gold;gitadora_dm_arena;gitadora_gf_arena;iidx_lm;popn_pikapika;sdvx_vm,allnet;eagate
ラウンドワン宮崎店,宮崎県宮崎市中村東３−４−６０,31.8953441,131.4175947,chunithm;dance_around;ddr;drs;gitadora;iidx;jubeat;maimai_dx;nostalgia;ongeki;polaris_chord;popn;sdvx,ddr_gold;gitadora_dm_arena;gitadora_gf_arena;iidx_lm;popn_pikapika;sdvx_vm,allnet;eagate
ラウンドワン富士店,静岡県富士市八代町４−１５,35.1531225,138.6938123,chunithm;dance_around;ddr;gitadora;iidx;jubeat;maimai_dx;nostalgia;ongeki;polaris_chord;popn;sdvx,ddr_gold;gitadora_dm_arena;gitadora_gf_arena;iidx_lm;popn_pikapika;sdvx_vm,allnet;eagate
ラウンドワン小倉店,福岡県北九州市小倉北区西港町15-65,33.8975963,130.8598416,chunithm;ddr;gitadora;iidx;maimai_dx;ongeki;polaris_chord;popn;sdvx,ddr_gold;gitadora_dm_arena;gitadora_gf_arena;iidx_lm;popn_pikapika;sdvx_vm,allnet;eagate
ラウンドワン岡山妹尾店,岡山県岡山市南区妹尾３４１３−１,34.6230198,133.8695548,chunithm;ddr;drs;gitadora;iidx;maimai_dx;ongeki;polaris_chord;popn;sdvx,ddr_gold;gitadora_dm_arena;gitadora_gf_arena;iidx_lm;popn_pikapika;sdvx_vm,allnet;eagate
ラウンドワン岸和田店,大阪府岸和田市八阪町２−１１−１,34.4565318,135.3885664,chunithm;dance_around;ddr;gitadora;iidx;jubeat;maimai_dx;nostalgia;ongeki;polaris_chord;popn;sdvx,ddr_gold;gitadora_dm_arena;gitadora_gf_arena;iidx_lm;popn_pikapika;sdvx_vm,allnet;eagate
ラウンドワン川崎大師店,神奈川県川崎市川崎区殿町１−５−１,35.5380415,139.7416951,chunithm;dance_around;ddr;drs;gitadora;iidx;maimai_dx;ongeki;polaris_chord;popn;sdvx,ddr_gold;gitadora_dm_arena;gitadora_gf_arena;iidx_lm;popn_pikapika;sdvx_vm,allnet;eagate
ラウンドワン市原店,千葉県市原市八幡北町３−５−１,35.5474925,140.1233713,chunithm;ddr;drs;gitadora;iidx;jubeat;maimai_dx;nostalgia;ongeki;polaris_chord;popn;sdvx,ddr_gold;gitadora_dm_arena;gitadora_gf_arena;iidx_lm;popn_pikapika;sdvx_vm,allnet;eagate
ラウンドワン市川鬼高店,千葉県市川市鬼高４−１−３,35.7112207,139.9274795,chunithm;dance_around;ddr;drs;gitadora;iidx;jubeat;maimai_dx;nostalgia;ongeki;polaris_chord;popn;project_diva;sdvx,ddr_gold;gitadora_dm_arena;gitadora_gf_arena;iidx_lm;popn_pikapika;sdvx_vm,allnet;eagate
ラウンドワン広島店,広島県広島市中区立町３−１１,34.3937013,132.4601039,chunithm;dance_around;ddr;drs;gitadora;iidx;jubeat;maimai_dx;nostalgia;ongeki;other;polaris_chord;popn;sdvx;taiko,ddr_gold;gitadora_dm_arena;gitadora_gf_arena;iidx_lm;popn_pikapika;sdvx_vm,allnet;eagate;ziv
ラウンドワン府中本町駅前,東京都府中市本町１−１３−３カネタビル,35.6672709,139.4774004,chunithm;dance_around;ddr;drs;gitadora;iidx;jubeat;maimai_dx;nostalgia;ongeki;polaris_chord;popn;sdvx,ddr_gold;gitadora_dm_arena;gitadora_gf_arena;iidx_lm;popn_pikapika;sdvx_vm,allnet;eagate
ラウンドワン徳島・万代店,徳島県徳島市万代町４−１９−１,34.0647908,134.5646739,chunithm;ddr;gitadora;iidx;maimai_dx;ongeki;polaris_chord;popn;sdvx,ddr_gold;gitadora_dm_arena;gitadora_gf_arena;iidx_lm;popn_pikapika;sdvx_vm,allnet;eagate
ラウンドワン所沢店,埼玉県所沢市東町５丁目２２　６階,35.7888614,139.4695620,chunithm;dance_around;ddr;gitadora;iidx;jubeat;maimai_dx;ongeki;polaris_chord;popn;sdvx,ddr_gold;gitadora_dm_arena;gitadora_gf_arena;iidx_lm;popn_pikapika;sdvx_vm,allnet;eagate
ラウンドワン新潟店,新潟県新潟市中央区美咲町２−１−３８,37.8881096,139.0176867,chunithm;dance_around;ddr;gitadora;iidx;jubeat;maimai_dx;nostalgia;ongeki;polaris_chord;popn;sdvx,ddr_gold;gitadora_dm_arena;gitadora_gf_arena;iidx_lm;popn_pikapika;sdvx_vm,allnet;eagate
ラウンドワン旭川店,北海道旭川市永山三条１−４−７,43.7863735,142.3974371,chunithm;dance_around;ddr;drs;gitadora;iidx;maimai_dx;ongeki;polaris_chord;popn;sdvx,ddr_gold;gitadora_dm_arena;gitadora_gf_arena;iidx_lm;popn_pikapika;sdvx_vm,allnet;eagate
ラウンドワン朝霞店,埼玉県朝霞市膝折町２−１６−１０,35.7902754,139.5796457,chunithm;ddr;gitadora;iidx;maimai_dx;ongeki;polaris_chord;popn;sdvx,ddr_gold;gitadora_dm_arena;gitadora_gf_arena;iidx_lm;popn_pikapika;sdvx_vm,allnet;eagate
ラウンドワン札幌すすきの店,北海道札幌市中央区南五条西3-6-1,43.0545356,141.3545240,chunithm;dance_around;ddr;drs;gitadora;iidx;jubeat;maimai_dx;nostalgia;ongeki;polaris_chord;popn;project_diva;sdvx,ddr_gold;gitadora_dm_arena;gitadora_gf_arena;iidx_lm;popn_pikapika;sdvx_vm,allnet;eagate
ラウンドワン札幌北２１条店,北海道札幌市東区北二十一条東１−１−２１,43.0867627,141.3497046,chunithm;dance_around;ddr;gitadora;iidx;maimai_dx;nostalgia;ongeki;polaris_chord;popn;sdvx,ddr_gold;gitadora_dm_arena;gitadora_gf_arena;iidx_lm;popn_pikapika;sdvx_vm,allnet;eagate
ラウンドワン札幌白石本通店,北海道札幌市白石区本通１６丁目北１−５０,43.0367922,141.4328781,chunithm;ddr;gitadora;iidx;maimai_dx;ongeki;polaris_chord;popn;sdvx,ddr_gold;gitadora_dm_arena;gitadora_gf_arena;iidx_lm;popn_pikapika;sdvx_vm,allnet;eagate
ラウンドワン東大阪店,大阪府東大阪市若江南町１−２−１２,34.6530441,135.6063264,chunithm;ddr;gitadora;iidx;jubeat;maimai_dx;ongeki;polaris_chord;popn;sdvx,ddr_gold;gitadora_dm_arena;gitadora_gf_arena;iidx_lm;popn_pikapika;sdvx_vm,allnet;eagate
ラウンドワン東淀川店,大阪府大阪市東淀川区菅原７−１４−２８,34.7427577,135.5250375,chunithm;dance_around;ddr;gitadora;iidx;jubeat;maimai_dx;nostalgia;ongeki;polaris_chord;popn;sdvx,ddr_gold;gitadora_dm_arena;gitadora_gf_arena;iidx_lm;popn_pikapika;sdvx_vm,allnet;eagate
ラウンドワン松山店,愛媛県松山市東長戸１−３−１０,33.8665121,132.7515765,chunithm;ddr;gitadora;iidx;maimai_dx;ongeki;polaris_chord;popn;sdvx,ddr_gold;gitadora_dm_arena;gitadora_gf_arena;iidx_lm;popn_pikapika;sdvx_vm,allnet;eagate
ラウンドワン板橋店,東京都板橋区相生町１６−１３,35.7766273,139.6786153,chunithm;dance_around;ddr;drs;gitadora;iidx;jubeat;maimai_dx;ongeki;polaris_chord;popn;sdvx,ddr_gold;gitadora_dm_arena;gitadora_gf_arena;iidx_lm;popn_pikapika;sdvx_vm,allnet;eagate
ラウンドワン梅田店,大阪府大阪市北区小松原町４−１６,34.7030460,135.5010682,chunithm;dance_around;ddr;drs;gitadora;iidx;jubeat;maimai_dx;nostalgia;ongeki;other;polaris_chord;popn;sdvx;taiko,ddr_gold;gitadora_dm_arena;gitadora_gf_arena;iidx_lm;popn_pikapika;sdvx_vm,allnet;eagate;ziv
ラウンドワン横浜綱島店,神奈川県横浜市港北区樽町２−６−４０Ｔ-PLATZ内,35.5319981,139.6371792,chunithm;ddr;gitadora;iidx;maimai_dx;ongeki;polaris_chord;popn;sdvx,ddr_gold;gitadora_dm_arena;gitadora_gf_arena;iidx_lm;popn_pikapika;sdvx_vm,allnet;eagate
ラウンドワン横浜駅西口店,神奈川県横浜市西区南幸２−８−１６,35.4639294,139.6179961,chunithm;dance_around;ddr;drs;gitadora;iidx;jubeat;maimai_dx;nostalgia;ongeki;other;polaris_chord;popn;project_diva;sdvx;taiko,ddr_gold;gitadora_dm_arena;gitadora_gf_arena;iidx_lm;popn_pikapika;sdvx_vm,allnet;eagate;ziv
ラウンドワン武蔵村山店,東京都武蔵村山市伊奈平３−１−１,35.7353291,139.3823619,chunithm;dance_around;ddr;drs;gitadora;iidx;maimai_dx;ongeki;polaris_chord;popn;sdvx,ddr_gold;gitadora_dm_arena;gitadora_gf_arena;iidx_lm;popn_pikapika;sdvx_vm,allnet;eagate
ラウンドワン池袋店,東京都豊島区東池袋１−１４−１,35.7301352,139.7152049,chunithm;dance_around;ddr;drs;gitadora;iidx;jubeat;maimai_dx;nostalgia;ongeki;polaris_chord;popn;project_diva;sdvx,ddr_gold;gitadora_dm_arena;gitadora_gf_arena;iidx_lm;popn_pikapika;sdvx_vm,allnet;eagate
ラウンドワン沖縄・南風原店,沖縄県島尻郡南風原町字兼城５５２番地,26.1951082,127.7209626,chunithm;ddr;drs;gitadora;iidx;jubeat;maimai_dx;nostalgia;ongeki;polaris_chord;popn;project_diva;sdvx,ddr_gold;gitadora_dm_arena;gitadora_gf_arena;iidx_lm;popn_pikapika;sdvx_vm,allnet;eagate
ラウンドワン沖縄・宜野湾店,沖縄県宜野湾市真志喜３−２８−８,26.2758542,127.7310091,chunithm;ddr;drs;gitadora;iidx;jubeat;maimai_dx;ongeki;polaris_chord;popn;sdvx,ddr_gold;gitadora_dm_arena;gitadora_gf_arena;iidx_lm;popn_pikapika;sdvx_vm,allnet;eagate
ラウンドワン津・高茶屋店,三重県津市高茶屋小森町２７７−８,34.6724656,136.5194702,chunithm;ddr;gitadora;iidx;maimai_dx;ongeki;polaris_chord;popn;sdvx,ddr_gold;gitadora_dm_arena;gitadora_gf_arena;iidx_lm;popn_pikapika;sdvx_vm,allnet;eagate
ラウンドワン浜大津アーカス店,滋賀県大津市浜町２−１浜大津アーカス内,35.0108080,135.8666001,chunithm;ddr;gitadora;iidx;maimai_dx;ongeki;polaris_chord;popn;sdvx,ddr_gold;gitadora_dm_arena;gitadora_gf_arena;iidx_lm;popn_pikapika;sdvx_vm,allnet;eagate
ラウンドワン浜松店,静岡県浜松市中央区天王町諏訪１９８１−１７,34.7379036,137.7641716,chunithm;dance_around;ddr;drs;gitadora;iidx;maimai_dx;ongeki;polaris_chord;popn;sdvx,ddr_gold;gitadora_dm_arena;gitadora_gf_arena;iidx_lm;popn_pikapika;sdvx_vm,allnet;eagate
ラウンドワン熊本店,熊本県熊本市西区春日7-25-15,32.7850486,130.6775472,chunithm;dance_around;ddr;drs;gitadora;iidx;maimai_dx;nostalgia;ongeki;polaris_chord;popn;sdvx,ddr_gold;gitadora_dm_arena;gitadora_gf_arena;iidx_lm;popn_pikapika;sdvx_vm,allnet;eagate
ラウンドワン町田店,東京都町田市森野１−１３−１４,35.5439665,139.4432308,chunithm;ddr;gitadora;iidx;jubeat;maimai_dx;ongeki;polaris_chord;popn;project_diva;sdvx,ddr_gold;gitadora_dm_arena;gitadora_gf_arena;iidx_lm;popn_pikapika;sdvx_vm,allnet;eagate
ラウンドワン盛岡店,岩手県盛岡市盛岡駅西通２−１０−３５,39.7003942,141.1331774,chunithm;ddr;gitadora;iidx;maimai_dx;nostalgia;ongeki;polaris_chord;popn;sdvx,ddr_gold;gitadora_dm_arena;gitadora_gf_arena;iidx_lm;popn_pikapika;sdvx_vm,allnet;eagate
ラウンドワン福山店,広島県福山市明神町１−９−２８,34.4892062,133.3924382,chunithm;dance_around;ddr;drs;gitadora;iidx;maimai_dx;ongeki;polaris_chord;popn;sdvx,ddr_gold;gitadora_dm_arena;gitadora_gf_arena;iidx_lm;popn_pikapika;sdvx_vm,allnet;eagate
ラウンドワン福岡天神店,福岡県福岡市中央区天神２−６−１２,33.5894630,130.3967853,chunithm;dance_around;ddr;gitadora;iidx;jubeat;maimai_dx;ongeki;polaris_chord;popn;sdvx,ddr_gold;gitadora_dm_arena;gitadora_gf_arena;iidx_lm;popn_pikapika;sdvx_vm,allnet;eagate
ラウンドワン福島店,福島県福島市太田町14-18,37.7525491,140.4561307,chunithm;ddr;gitadora;iidx;jubeat;maimai_dx;nostalgia;ongeki;polaris_chord;popn;sdvx,ddr_gold;gitadora_dm_arena;gitadora_gf_arena;iidx_lm;popn_pikapika;sdvx_vm,allnet;eagate
ラウンドワン秋田店,秋田県秋田市卸町１−１−２,39.7020319,140.1094121,chunithm;ddr;gitadora;iidx;jubeat;maimai_dx;nostalgia;ongeki;polaris_chord;popn;sdvx,ddr_gold;gitadora_dm_arena;gitadora_gf_arena;iidx_lm;popn_pikapika;sdvx_vm,allnet;eagate
ラウンドワン習志野店,千葉県習志野市芝園１−４−５,35.6602102,140.0226100,chunithm;ddr;drs;gitadora;iidx;maimai_dx;nostalgia;ongeki;polaris_chord;popn;sdvx,ddr_gold;gitadora_dm_arena;gitadora_gf_arena;iidx_lm;popn_pikapika;sdvx_vm,allnet;eagate
ラウンドワン草加店,埼玉県草加市谷塚上町２０４番１,35.8124211,139.7879027,chunithm;ddr;gitadora;iidx;maimai_dx;ongeki;polaris_chord;popn;sdvx,ddr_gold;gitadora_dm_arena;gitadora_gf_arena;iidx_lm;popn_pikapika;sdvx_vm,allnet;eagate
ラウンドワン豊中店,大阪府豊中市名神口１−１−１,34.7574026,135.4656578,chunithm;ddr;gitadora;iidx;maimai_dx;ongeki;polaris_chord;popn;sdvx,ddr_gold;gitadora_dm_arena;gitadora_gf_arena;iidx_lm;popn_pikapika;sdvx_vm,allnet;eagate
ラウンドワン豊橋店,愛知県豊橋市大岩町字岩田２７−２,34.7237006,137.4326113,chunithm;dance_around;ddr;gitadora;iidx;maimai_dx;ongeki;polaris_chord;popn;sdvx,ddr_gold;gitadora_dm_arena;gitadora_gf_arena;iidx_lm;popn_pikapika;sdvx_vm,allnet;eagate
ラウンドワン郡山店,福島県郡山市向河原町４−５５,37.4023215,140.3956360,chunithm;ddr;gitadora;iidx;maimai_dx;nostalgia;ongeki;polaris_chord;popn;sdvx,ddr_gold;gitadora_dm_arena;gitadora_gf_arena;iidx_lm;popn_pikapika;sdvx_vm,allnet;eagate
ラウンドワン金沢店,石川県金沢市横川6-120-1,36.5420630,136.6259888,chunithm;dance_around;ddr;drs;gitadora;iidx;jubeat;maimai_dx;nostalgia;ongeki;polaris_chord;popn;sdvx,ddr_gold;gitadora_dm_arena;gitadora_gf_arena;iidx_lm;popn_pikapika;sdvx_vm,allnet;eagate
ラウンドワン長野店,長野県長野市大字東和田８２７番地６,36.6511151,138.2254058,chunithm;dance_around;ddr;gitadora;iidx;jubeat;maimai_dx;nostalgia;ongeki;polaris_chord;popn;sdvx,ddr_gold;gitadora_dm_arena;gitadora_gf_arena;iidx_lm;popn_pikapika;sdvx_vm,allnet;eagate
ラウンドワン青森店,青森県青森市浜田３−１−１,40.7986939,140.7484106,chunithm;ddr;gitadora;iidx;jubeat;maimai_dx;nostalgia;ongeki;polaris_chord;popn;sdvx,ddr_gold;gitadora_dm_arena;gitadora_gf_arena;iidx_lm;popn_pikapika;sdvx_vm,allnet;eagate
ラウンドワン静岡・駿河店,静岡県静岡市駿河区向手越１丁目１０−１,34.9509793,138.3605224,chunithm;dance_around;ddr;gitadora;iidx;maimai_dx;ongeki;polaris_chord;popn;sdvx,ddr_gold;gitadora_dm_arena;gitadora_gf_arena;iidx_lm;popn_pikapika;sdvx_vm,allnet;eagate
ラウンドワン高松店,香川県高松市松島町２−７−４３,34.3389079,134.0670672,chunithm;dance_around;ddr;drs;gitadora;iidx;maimai_dx;ongeki;polaris_chord;popn;sdvx,ddr_gold;gitadora_dm_arena;gitadora_gf_arena;iidx_lm;popn_pikapika;sdvx_vm,allnet;eagate
ラウンドワン高槻店,大阪府高槻市辻子３−６−４,34.8326157,135.6300541,chunithm;dance_around;ddr;gitadora;iidx;maimai_dx;ongeki;polaris_chord;popn;sdvx,ddr_gold;gitadora_dm_arena;gitadora_gf_arena;iidx_lm;popn_pikapika;sdvx_vm,allnet;eagate
ラウンドワン高知店,高知県高知市南宝永町４−１２,33.5578349,133.5543516,chunithm;dance_around;ddr;drs;gitadora;iidx;jubeat;maimai_dx;nostalgia;ongeki;polaris_chord;popn;project_diva;sdvx,ddr_gold;gitadora_dm_arena;gitadora_gf_arena;iidx_lm;popn_pikapika;sdvx_vm,allnet;eagate
ラウンドワン鳴海店,愛知県名古屋市緑区鳴海町杜若２８,35.0989113,136.9527377,chunithm;gitadora;iidx;maimai_dx;ongeki;polaris_chord;popn;sdvx,gitadora_dm_arena;gitadora_gf_arena;iidx_lm;popn_pikapika;sdvx_vm,allnet;eagate
ラウンドワン鹿児島宇宿店,鹿児島県鹿児島市宇宿2-2-2,31.5447366,130.5434185,chunithm;dance_around;ddr;drs;gitadora;iidx;jubeat;maimai_dx;nostalgia;ongeki;polaris_chord;popn;project_diva;sdvx,ddr_gold;gitadora_dm_arena;gitadora_gf_arena;iidx_lm;popn_pikapika;sdvx_vm,allnet;eagate
ラウンドワンＪＲ尼崎駅前店,兵庫県尼崎市潮江１−４−５プラストいきいき館４階,34.7334158,135.4329719,chunithm;iidx;maimai_dx;ongeki;popn;sdvx,iidx_lm;popn_pikapika;sdvx_vm,allnet;eagate
ラッキーバッティングドーム八千代店,千葉県八千代市大和田新田1088,35.7245286,140.0673411,chunithm;drs;gitadora;iidx;jubeat;maimai_dx;nostalgia;ongeki;polaris_chord;popn;sdvx,gitadora_dm_arena;gitadora_gf_arena;iidx_lm;popn_pikapika;sdvx_vm,allnet;eagate
ラッキー中央店・フェリシダ,千葉県千葉市中央区富士見2-8-1,35.6102534,140.1182646,chunithm;ddr;drs;gitadora;iidx;jubeat;maimai_dx;nostalgia;ongeki;polaris_chord;popn;project_diva;reflec;sdvx,ddr_gold;gitadora_dm_arena;gitadora_gf_arena;iidx_lm;popn_pikapika;sdvx_vm,allnet;eagate
ラッキー佐倉店,千葉県佐倉市井野1475,35.7184529,140.1362184,chunithm;gitadora;iidx;maimai_dx;nostalgia;ongeki;polaris_chord;popn;sdvx,gitadora_dm_arena;gitadora_gf_arena;iidx_lm;popn_pikapika;sdvx_vm,allnet;eagate
ロックンボウル,秋田県秋田市広面字長沼３０１,39.7172790,140.1434433,chunithm;ddr;gitadora;iidx;maimai_dx;popn,iidx_lm;popn_pikapika,allnet;eagate
三冠王,佐世保市相浦町2689-1,33.1907987,129.6528712,gitadora;iidx;nostalgia;popn;sdvx,iidx_lm;sdvx_vm,eagate
上越レジャーランボウル,新潟県上越市下門前薬島827-2,37.1641021,138.2489784,chunithm;ddr;iidx;maimai_dx;ongeki;sdvx,ddr_gold;iidx_lm;sdvx_vm,allnet;eagate
千葉レジャーランド成東店,千葉県山武市姫島111-1,35.5884397,140.3901993,chunithm;ddr;iidx;jubeat;maimai_dx;ongeki;polaris_chord;popn;sdvx,ddr_gold;iidx_lm;popn_pikapika;sdvx_vm,allnet;eagate
千葉レジャーランド野田店,千葉県野田市吉春776-1,35.9715710,139.8653064,chunithm;ddr;gitadora;iidx;jubeat;maimai_dx;nostalgia;ongeki;polaris_chord;popn;project_diva;sdvx,ddr_gold;gitadora_dm_arena;gitadora_gf_arena;iidx_lm;popn_pikapika;sdvx_vm,allnet;eagate
半田メトロポリス,愛知県半田市旭町３−１１−１,34.8746637,136.9216480,chunithm;gitadora;iidx;maimai_dx;nostalgia;ongeki;polaris_chord;popn;project_diva;sdvx,gitadora_dm_arena;gitadora_gf_arena;iidx_lm;sdvx_vm,allnet;eagate
名古屋レジャーランド内田橋店,愛知県名古屋市南区内田橋2-26-22,35.1137608,136.9098442,chunithm;ddr;gitadora;iidx;jubeat;maimai_dx;nostalgia;ongeki;polaris_chord;popn;project_diva;sdvx,ddr_gold;gitadora_dm_arena;gitadora_gf_arena;iidx_lm;popn_pikapika;sdvx_vm,allnet;eagate
埼玉レジャーランド大宮ラクーン店,埼玉県さいたま市大宮区宮町1-60 RAKUUN５階,35.9077510,139.6256804,chunithm;ddr;gitadora;iidx;maimai_dx;ongeki;polaris_chord;popn;sdvx,ddr_gold;gitadora_dm_arena;gitadora_gf_arena;iidx_lm;popn_pikapika;sdvx_vm,allnet;eagate
埼玉レジャーランド大宮駅東口店,埼玉県さいたま市大宮区宮町1-8大宮セントラルビルB1F-2F,35.9079906,139.6245492,chunithm;ddr;gitadora;iidx;maimai_dx;ongeki;polaris_chord;popn;sdvx,ddr_gold;gitadora_dm_arena;gitadora_gf_arena;iidx_lm;popn_pikapika;sdvx_vm,allnet;eagate
埼玉レジャーランド春日部店,埼玉県春日部市大字増富字谷際163-1,35.9593592,139.7292399,chunithm;ddr;gitadora;iidx;jubeat;maimai_dx;ongeki;polaris_chord;popn;sdvx,ddr_gold;gitadora_dm_arena;gitadora_gf_arena;iidx_lm;popn_pikapika;sdvx_vm,allnet;eagate
大垣メトロポリス,岐阜県大垣市三塚町西沼５２３−１,35.3670652,136.6292333,chunithm;iidx;maimai_dx;nostalgia;ongeki;polaris_chord;sdvx,iidx_lm;sdvx_vm,allnet;eagate
大田原スポーツランド,栃木県那須塩原市一区町１０４−６０,36.8519301,139.9933560,chunithm;gitadora;iidx;jubeat;maimai_dx;ongeki;popn;project_diva,iidx_lm,allnet;eagate
宇土パスカワールド,熊本県宇土市善道寺町綾織９５,32.6834753,130.6681987,chunithm;gitadora;iidx;maimai_dx;ongeki;popn;sdvx,gitadora_dm_arena;gitadora_gf_arena;iidx_lm;popn_pikapika;sdvx_vm,allnet;eagate
安城メトロポリス,愛知県安城市浜富町６−８,34.9551953,137.0973455,chunithm;ddr;gitadora;iidx;maimai_dx;ongeki;polaris_chord;popn;sdvx,ddr_gold;gitadora_dm_arena;gitadora_gf_arena;iidx_lm;popn_pikapika;sdvx_vm,allnet;eagate
富山レジャーランド掛尾店,富山県富山市掛尾町３６０−１,36.6660317,137.2088901,chunithm;ddr;iidx;maimai_dx;popn;sdvx,ddr_gold;iidx_lm;popn_pikapika;sdvx_vm,allnet;eagate
小倉メトロポリス店,北九州市小倉北区西港町27-5,33.8963324,130.8596114,gitadora;iidx,iidx_lm,eagate
岐阜レジャーランド穂積店,岐阜県瑞穂市稲里630番地,35.3843322,136.6846639,chunithm;ddr;drs;gitadora;iidx;jubeat;maimai_dx;ongeki;polaris_chord;popn;project_diva;sdvx,ddr_gold;gitadora_dm_arena;gitadora_gf_arena;iidx_lm;popn_pikapika;sdvx_vm,allnet;eagate
嶺宝スポーツセンター,福島県いわき市小名浜住吉折返２−２,36.9742495,140.8905580,chunithm;drs;gitadora;iidx;jubeat;maimai_dx;nostalgia;ongeki;popn;sdvx,gitadora_dm_arena;gitadora_gf_arena;iidx_lm;popn_pikapika;sdvx_vm,allnet;eagate
彦根パスカ,滋賀県彦根市西沼波町１６６,35.2586299,136.2654728,chunithm;gitadora;iidx;jubeat;maimai_dx;nostalgia;ongeki;popn;sdvx,iidx_lm;sdvx_vm,allnet;eagate
新宿スポーツランド本館,東京都新宿区新宿3-22-12,35.6931260,139.7018295,chunithm;gitadora;iidx;maimai_dx;ongeki;polaris_chord;popn;sdvx,gitadora_dm_arena;gitadora_gf_arena;iidx_lm;popn_pikapika;sdvx_vm,allnet;eagate
星狩物語岸和田店,大阪府岸和田市作才町1-3-2,34.4544936,135.3850002,chunithm;ddr;iidx;maimai_dx;popn,ddr_gold;iidx_lm,allnet;eagate
最後の５ドル,福岡県糟屋郡粕屋町大字仲原2706仲原ファミリープラザ2F,33.6091366,130.4453675,chunithm;gitadora;iidx;jubeat;maimai_dx;ongeki;sdvx,gitadora_dm_arena;gitadora_gf_arena;iidx_lm;sdvx_vm,allnet;eagate
東京レジャーランド亀有店,東京都葛飾区亀有3-21-2,35.7654165,139.8480115,chunithm;ddr;gitadora;iidx;maimai_dx;ongeki;popn;sdvx,ddr_gold;gitadora_dm_arena;gitadora_gf_arena;iidx_lm;popn_pikapika;sdvx_vm,allnet;eagate
東京レジャーランド吉祥寺店,東京都武蔵野市吉祥寺本町1-3-7　YSビル地下１階〜4階,35.7035980,139.5787046,chunithm;ddr;gitadora;iidx;maimai_dx;ongeki;popn;sdvx,ddr_gold;gitadora_dm_arena;gitadora_gf_arena;iidx_lm;popn_pikapika;sdvx_vm,allnet;eagate
東京レジャーランド池袋店,東京都豊島区東池袋１−２９−１サントロペ池袋２階３階,35.7304887,139.7164445,chunithm;ddr;gitadora;iidx;jubeat;maimai_dx;nostalgia;ongeki;polaris_chord;popn;sdvx,ddr_gold;gitadora_dm_arena;gitadora_gf_arena;iidx_lm;popn_pikapika;sdvx_vm,allnet;eagate
東京レジャーランド秋葉原2号店,東京都千代田区外神田4-3-3ミナミビル6F・7F,35.7008302,139.7718494,chunithm;ddr;gitadora;iidx;jubeat;maimai_dx;ongeki;polaris_chord;popn;sdvx,ddr_gold;gitadora_dm_arena;gitadora_gf_arena;iidx_lm;popn_pikapika;sdvx_vm,allnet;eagate
東京レジャーランド秋葉原店,東京都千代田区外神田1-9-5,35.6987469,139.7701470,chunithm;ddr;gitadora;iidx;maimai_dx;ongeki;polaris_chord;popn;project_diva;sdvx,ddr_gold;gitadora_dm_arena;gitadora_gf_arena;iidx_lm;popn_pikapika;sdvx_vm,allnet;eagate
東武イーストモールアミューズメントランド,北海道北見市端野町３区５７２番地１,43.8414261,143.9286964,chunithm;gitadora;iidx;maimai_dx;ongeki;sdvx,gitadora_dm_arena;gitadora_gf_arena;iidx_lm;sdvx_vm,allnet;eagate
柏駅前ヤングボウル,千葉県柏市柏１−３−１,35.8606968,139.9712677,chunithm;jubeat;ongeki;sdvx,sdvx_vm,allnet;eagate
楽市楽座くりえいと宗像,福岡県宗像市くりえいと１−４−４,33.8105202,130.5635801,chunithm;iidx;maimai_dx;sdvx,iidx_lm;sdvx_vm,allnet;eagate
楽市楽座イオンモール宮崎店,宮崎市新別府町江口862-1イオンモール宮崎店2F,31.9227214,131.4562427,iidx;sdvx,iidx_lm;sdvx_vm,eagate
楽市楽座イオンモール扶桑店,丹羽郡扶桑町南山名字高塚5イオンモール扶桑2F,35.3620953,136.8990146,ddr;iidx;nostalgia;popn,ddr_gold;iidx_lm,eagate
楽市楽座イオンモール東員店,三重県員弁郡東員町大字長深字築田５１０−１,35.0617824,136.5793554,chunithm;iidx;maimai_dx;sdvx,sdvx_vm,allnet;eagate
楽市楽座イオンモール松本店,長野県松本市中央四丁目９番５１号,36.2340216,137.9781532,chunithm;ddr;iidx;maimai_dx;sdvx,sdvx_vm,allnet;eagate
楽市楽座イオンモール沖縄ライカム店,中頭郡北中城村字ライカム1イオンモール沖縄ライカム店4032,26.3152230,127.7943310,iidx;sdvx,sdvx_vm,eagate
楽市楽座イオンモール福岡伊都店,福岡県福岡市西区北原1-3-1イオンモール福岡伊都SC別館,33.5770481,130.2564028,chunithm;ddr;drs;gitadora;iidx;jubeat;maimai_dx;nostalgia;ongeki;polaris_chord;popn;sdvx,ddr_gold;gitadora_dm_arena;gitadora_gf_arena;iidx_lm;popn_pikapika;sdvx_vm,allnet;eagate
楽市楽座サンストリート浜北店,浜松市浜名区平口2861サンストリート浜北内 M-207,34.7946727,137.7607979,ddr;drs;gitadora;iidx;jubeat;popn;sdvx,ddr_gold;gitadora_dm_arena;gitadora_gf_arena;iidx_lm;popn_pikapika;sdvx_vm,eagate
楽市楽座砂津店,福岡県北九州市小倉北区砂津3-1-1チャチャタウン小倉B棟3F,33.8832387,130.8890874,chunithm;iidx;maimai_dx;sdvx,sdvx_vm,allnet;eagate
楽市楽座行橋店,福岡県行橋市西泉６−１−１,33.7170085,130.9716317,chunithm;iidx;maimai_dx;nostalgia,iidx_lm,allnet;eagate
楽市楽座黒崎店,福岡県北九州市八幡西区桜ヶ丘町１−３フレスポ黒崎２階,33.8656842,130.7560629,chunithm;ddr;drs;gitadora;iidx;jubeat;maimai_dx;nostalgia;ongeki;popn;project_diva;sdvx,ddr_gold;gitadora_dm_arena;gitadora_gf_arena;iidx_lm;popn_pikapika;sdvx_vm,allnet;eagate
楽市街道 名古屋店,愛知県北名古屋市中之郷新明４５−１,35.2398490,136.8488049,chunithm;ddr;gitadora;iidx;maimai_dx;sdvx,gitadora_dm_arena;gitadora_gf_arena;iidx_lm;sdvx_vm,allnet;eagate
楽市街道箱崎店,福岡県福岡市東区箱崎５丁目１番８号,33.6242624,130.4196214,chunithm;dance_evo;ddr;gitadora;iidx;jubeat;maimai_dx;nostalgia;ongeki;popn;project_diva;sdvx,ddr_gold;gitadora_dm_arena;gitadora_gf_arena;iidx_lm;popn_pikapika;sdvx_vm,allnet;eagate
永山コパボウル,多摩市永山1-3-4ヒューマックスパビリオン6F,35.6315068,139.4479486,ddr;gitadora;iidx;popn;sdvx,ddr_gold;iidx_lm;sdvx_vm,eagate
江戸川ヤングボウル,東京都江戸川区中央4-22-25,35.7112564,139.8694347,chunithm;maimai_dx;sdvx,sdvx_vm,allnet;eagate
滋賀レジャーランド大津店,滋賀県大津市におの浜３−１−４３ イオンタウンアヤハプラザ内,35.0039335,135.8834052,ddr;iidx;popn;project_diva;sdvx,ddr_gold;iidx_lm;sdvx_vm,allnet;eagate
神奈川レジャーランド厚木店,神奈川県厚木市戸室5-31-1,35.4481120,139.3431770,chunithm;dance_evo;ddr;drs;gitadora;iidx;jubeat;maimai_dx;nostalgia;ongeki;polaris_chord;popn;project_diva;reflec;sdvx,ddr_gold;gitadora_dm_arena;gitadora_gf_arena;iidx_lm;popn_pikapika;sdvx_vm,allnet;eagate
福井レジャーランド板垣店,福井県福井市下馬３−１０２,36.0423089,136.2337626,chunithm;ddr;gitadora;iidx;jubeat;maimai_dx;ongeki;polaris_chord;popn;sdvx,ddr_gold;gitadora_dm_arena;gitadora_gf_arena;iidx_lm;popn_pikapika;sdvx_vm,allnet;eagate
群馬レジャーランド伊勢崎店,群馬県伊勢崎市連取町3066-1,36.3182128,139.1723709,chunithm;ddr;gitadora;iidx;jubeat;maimai_dx;ongeki;polaris_chord;popn;sdvx,ddr_gold;gitadora_dm_arena;gitadora_gf_arena;iidx_lm;popn_pikapika;sdvx_vm,allnet;eagate
群馬レジャーランド前橋店,群馬県前橋市日吉町４ー３７ー１,36.4049826,139.0794233,chunithm;ddr;gitadora;iidx;maimai_dx;ongeki;polaris_chord;popn;sdvx,ddr_gold;gitadora_dm_arena;gitadora_gf_arena;iidx_lm;popn_pikapika;sdvx_vm,allnet;eagate
群馬レジャーランド太田店,群馬県太田市西矢島町162-2,36.2681054,139.3759251,chunithm;ddr;gitadora;iidx;jubeat;maimai_dx;nostalgia;ongeki;polaris_chord;popn;sdvx,ddr_gold;gitadora_dm_arena;gitadora_gf_arena;iidx_lm;popn_pikapika;sdvx_vm,allnet;eagate
群馬レジャーランド渋川店,群馬県渋川市八木原1364,36.4741949,139.0153797,chunithm;ddr;gitadora;iidx;maimai_dx;nostalgia;ongeki;polaris_chord;popn;sdvx,ddr_gold;gitadora_dm_arena;gitadora_gf_arena;iidx_lm;popn_pikapika;sdvx_vm,allnet;eagate
群馬レジャーランド藤岡店,群馬県藤岡市中2002-1,36.2743443,139.0718665,chunithm;ddr;gitadora;iidx;jubeat;maimai_dx;nostalgia;ongeki;polaris_chord;popn;project_diva;sdvx,ddr_gold;gitadora_dm_arena;gitadora_gf_arena;iidx_lm;popn_pikapika;sdvx_vm,allnet;eagate
群馬レジャーランド高崎駅東口店,群馬県高崎市江木町３３３−１高崎ＥＸビル,36.3298716,139.0128575,chunithm;ddr;drs;gitadora;iidx;jubeat;maimai_dx;nostalgia;ongeki;polaris_chord;popn;sdvx,ddr_gold;gitadora_dm_arena;gitadora_gf_arena;iidx_lm;popn_pikapika;sdvx_vm,allnet;eagate
豊川メトロポリス,愛知県豊川市下長山町上アライ１４−１,34.8025832,137.3845019,chunithm;iidx;jubeat;maimai_dx;nostalgia;ongeki;polaris_chord;sdvx,iidx_lm;sdvx_vm,allnet;eagate
遊スペース マジカル,兵庫県神戸市中央区琴ノ緒町５−２−３,34.6955046,135.1950389,chunithm;gitadora;iidx;jubeat;maimai_dx;nostalgia;ongeki;polaris_chord;popn;sdvx,gitadora_dm_arena;gitadora_gf_arena;iidx_lm;popn_pikapika;sdvx_vm,allnet;eagate
遊ランド春光店,旭川市春光1条7-2-25,43.7981920,142.3739830,drs;iidx;jubeat;nostalgia;popn;sdvx,iidx_lm;sdvx_vm,eagate
遊ランド西御料店,北海道旭川市西御料５条２丁目,43.7238720,142.3688685,chunithm;iidx;jubeat;nostalgia;popn;project_diva;sdvx,sdvx_vm,allnet;eagate
遊道楽嘉瀬店,佐賀県佐賀市嘉瀬町中原２４８８−１,33.2422048,130.2565009,chunithm;gitadora;iidx;jubeat;maimai_dx;ongeki;popn;project_diva;sdvx,iidx_lm;popn_pikapika;sdvx_vm,allnet;eagate
金沢メトロポリス,石川県金沢市無量寺４−１２１−１,36.6011250,136.6140067,chunithm;iidx;popn,iidx_lm,allnet;eagate
Ａ．Ｃ．グランド,岐阜県岐阜市茜部大川1-77,35.3830948,136.7461877,chunithm;ddr;drs;gitadora;iidx;jubeat;maimai_dx;nostalgia;ongeki;other;polaris_chord;popn;project_diva;reflec;sdvx;taiko,ddr_gold;gitadora_dm_arena;gitadora_gf_arena;iidx_lm;popn_pikapika;sdvx_vm,allnet;eagate;ziv
ＡＤＸマミー出川店,愛知県春日井市不二ヶ丘１丁目５番地,35.2673215,137.0126718,chunithm;gitadora;iidx;jubeat;maimai_dx;ongeki;popn;sdvx,iidx_lm;popn_pikapika;sdvx_vm,allnet;eagate
ＡＤＸマミー岡崎店,愛知県岡崎市井田新町６−１,34.9770308,137.1617195,chunithm;ddr;gitadora;iidx;jubeat;maimai_dx;ongeki;popn;sdvx,iidx_lm;popn_pikapika;sdvx_vm,allnet;eagate
ＦｅｅｄｙＤｉｎｅｒ＆Ａｒｃａｄｅ綾川,香川県綾歌郡綾川町萱原８２２−１　イオン綾川ＳＣ３Ｆ,34.2516659,133.9310040,chunithm;ddr;iidx;maimai_dx;ongeki;polaris_chord;popn,iidx_lm,allnet;eagate
ＦｅｅｄｙＤｉｎｅｒ＆Ａｒｃａｄｅ茨木,大阪府茨木市松ケ本町８ー３０ー５　イオンＳＣ４Ｆ,34.8106152,135.5585385,chunithm;iidx;maimai_dx;ongeki;polaris_chord;sdvx,iidx_lm;sdvx_vm,allnet;eagate
ＦＥＳＴＡコスモタウン佐伯店,大分県佐伯市鶴岡西町２丁目１６３番地 コスモタウン佐伯内,32.9609481,131.8662463,chunithm;maimai_dx;ongeki;polaris_chord;sdvx,sdvx_vm,allnet;eagate
ＦＥＳＴＡフリーモールわさだ店,大分県大分市大字木上字鉾手２１０２番地,33.1847361,131.5680652,chunithm;maimai_dx;ongeki;polaris_chord;sdvx,sdvx_vm,allnet;eagate
Ｇ−ｐａｌａ小倉,福岡県北九州市小倉南区上葛原1−14−1,33.8396527,130.9113355,chunithm;ddr;iidx;jubeat;maimai_dx;ongeki;polaris_chord;popn;project_diva;sdvx,ddr_gold;iidx_lm;sdvx_vm,allnet;eagate
Ｇ−ｐａｌａ日田,大分県日田市友田997-1,33.3258135,130.9116595,chunithm;iidx;jubeat;maimai_dx;nostalgia;ongeki;polaris_chord;reflec;sdvx,iidx_lm;sdvx_vm,allnet;eagate
Ｇ−ｐａｌａ時津,長崎県西彼杵郡時津町野田郷５９号,32.8243546,129.8478119,chunithm;iidx;maimai_dx;ongeki,iidx_lm,allnet;eagate
Ｇ−ＳＴＡＧＥ七隈店,福岡県福岡市城南区七隈８−４−８,33.5512334,130.3643444,chunithm;gitadora;iidx;maimai_dx;ongeki;popn;sdvx,iidx_lm;popn_pikapika;sdvx_vm,allnet;eagate
Ｇ−ＳＴＡＧＥ小倉,福岡県北九州市小倉北区浅野2-14-5あるあるCITY2階,33.8875419,130.8847304,chunithm;gitadora;iidx;jubeat;maimai_dx;museca;nostalgia;ongeki;polaris_chord;popn;sdvx,gitadora_dm_arena;gitadora_gf_arena;iidx_lm;popn_pikapika;sdvx_vm,allnet;eagate
Ｇ−ＳＴＡＧＥ飯塚店,福岡県飯塚市枝国６８０−２,33.6364868,130.6760254,chunithm;iidx;maimai_dx;ongeki;popn;sdvx,iidx_lm;popn_pikapika;sdvx_vm,allnet;eagate
ＧＡＭＥＢＡＮＫ仙台泉店,宮城県仙台市泉区大沢２−５−４,38.3527525,140.8774030,chunithm;ddr;drs;gitadora;iidx;jubeat;maimai_dx;nostalgia;ongeki;popn;project_diva;sdvx,gitadora_dm_arena;iidx_lm;sdvx_vm,allnet;eagate
ＧｉＧＯあべのアポロ３Ｆ,大阪府大阪市阿倍野区阿倍野筋１‐５‐３１　アポロビル３Ｆ,34.6465681,135.5117823,chunithm;ddr;gitadora;iidx;maimai_dx;ongeki;polaris_chord;popn;sdvx,ddr_gold;gitadora_dm_arena;gitadora_gf_arena;iidx_lm;popn_pikapika;sdvx_vm,allnet;eagate
ＧｉＧＯすすきの,北海道札幌市中央区南３条西４丁目１ー１,43.0564347,141.3528307,chunithm;ddr;iidx;maimai_dx;ongeki;popn;sdvx,ddr_gold;iidx_lm;popn_pikapika;sdvx_vm,allnet;eagate
ＧｉＧＯひたちなか,茨城県ひたちなか市田中後４０−２,36.3475077,140.5800894,chunithm;gitadora;iidx;maimai_dx;ongeki;polaris_chord;sdvx,iidx_lm;sdvx_vm,allnet;eagate
ＧｉＧＯイオンタウン刈谷,愛知県刈谷市東境町京和１,35.0388079,137.0267692,chunithm;iidx;maimai_dx;ongeki;sdvx,iidx_lm;sdvx_vm,allnet;eagate
ＧｉＧＯイオンモール岡山,岡山県岡山市北区下石井１−２−１イオンモール岡山６Ｆ,34.6620437,133.9177953,chunithm;iidx;maimai_dx;ongeki;polaris_chord;popn;sdvx,iidx_lm;popn_pikapika;sdvx_vm,allnet;eagate
ＧｉＧＯイオンモール新発田,新潟県新発田市住吉町５‐１１‐５イオンモール新発田店２Ｆ,37.9425520,139.3088201,chunithm;ddr;iidx;maimai_dx;ongeki;polaris_chord;popn;sdvx,iidx_lm;sdvx_vm,allnet;eagate
ＧｉＧＯイオンモール日根野,大阪府泉佐野市日根野２４９６−１イオンモール日根野２Ｆ,34.3924081,135.3341508,chunithm;drs;iidx;nostalgia;polaris_chord;popn,iidx_lm,allnet;eagate
ＧｉＧＯイオンモール苫小牧,北海道苫小牧市柳町３丁目１番２０号イオンモール苫小牧２階,42.6563187,141.6420372,chunithm;gitadora;iidx;jubeat;maimai_dx;ongeki;polaris_chord;popn;sdvx,iidx_lm;popn_pikapika;sdvx_vm,allnet;eagate
ＧｉＧＯイオン新浦安ショッピングセンター,千葉県浦安市入船１−４−１イオン新浦安ＳＣ４Ｆ,35.6489954,139.9149219,chunithm;iidx;maimai_dx;sdvx,iidx_lm;sdvx_vm,allnet;eagate
ＧｉＧＯイオン札幌手稲駅前ＳＣ,北海道札幌市手稲区前田１条１１丁目３階,43.1205333,141.2454205,chunithm;ddr;iidx;maimai_dx;ongeki;polaris_chord;popn;sdvx,ddr_gold;iidx_lm;sdvx_vm,allnet;eagate
ＧｉＧＯエイスクエア草津,滋賀県草津市西渋川１−２３−２３エイスクエアＳＡＲＡ南館２階,35.0242214,135.9597829,chunithm;iidx;maimai_dx;ongeki;polaris_chord;sdvx,iidx_lm;sdvx_vm,allnet;eagate
ＧｉＧＯサントムーン柿田川,静岡県駿東郡清水町玉川６１−２サントムーン柿田川２Ｆ,35.1097737,138.9030008,chunithm;iidx;maimai_dx;nostalgia;ongeki;polaris_chord;popn;sdvx,iidx_lm;popn_pikapika;sdvx_vm,allnet;eagate
ＧｉＧＯショッピングセンターチェリオ鹿嶋,茨城県鹿嶋市宮中２９０−１ショッピングセンターチェリオ１階,35.9595986,140.6437542,chunithm;iidx;maimai_dx;ongeki;polaris_chord;sdvx,iidx_lm;sdvx_vm,allnet;eagate
ＧｉＧＯスマーク伊勢崎,群馬県伊勢崎市西小保方町３６８スマーク伊勢崎３Ｆ ３０２区画,36.3391744,139.2330425,drs;iidx;jubeat;nostalgia;polaris_chord;project_diva;sdvx,iidx_lm;sdvx_vm,allnet;eagate
ＧｉＧＯセンター南,神奈川県横浜市都筑区茅ヶ崎中央３−２５,35.5446019,139.5746394,chunithm;iidx;maimai_dx;ongeki;polaris_chord;popn;sdvx,iidx_lm;popn_pikapika;sdvx_vm,allnet;eagate
ＧｉＧＯデイズタウンつくば,茨城県つくば市竹園１—９−２デイズタウンつくば地下１Ｆ,36.0777294,140.1153316,chunithm;dance_evo;ddr;drs;gitadora;iidx;jubeat;maimai_dx;museca;nostalgia;ongeki;polaris_chord;popn;project_diva;reflec;sdvx,ddr_gold;gitadora_dm_arena;gitadora_gf_arena;iidx_lm;popn_pikapika;sdvx_vm,allnet;eagate
ＧｉＧＯトナリエ四日市,三重県四日市市安島１丁目３番３１号トナリエ四日市５階,34.9686061,136.6166547,chunithm;drs;iidx;jubeat;maimai_dx;ongeki;polaris_chord;project_diva;sdvx,iidx_lm;sdvx_vm,allnet;eagate
ＧｉＧＯドリームタウン白樺,北海道帯広市白樺１６条西２丁目ドリームタウン白樺１階,42.9194181,143.1743325,chunithm;ddr;gitadora;iidx;maimai_dx;ongeki;polaris_chord;popn;project_diva;sdvx,ddr_gold;iidx_lm;popn_pikapika;sdvx_vm,allnet;eagate
ＧｉＧＯマーケットスクエアささしま,愛知県名古屋市中村区平池町４丁目６０番地１４号,35.1626230,136.8849364,chunithm;ddr;gitadora;iidx;jubeat;maimai_dx;nostalgia;ongeki;polaris_chord;popn;sdvx,ddr_gold;gitadora_dm_arena;gitadora_gf_arena;iidx_lm;popn_pikapika;sdvx_vm,allnet;eagate
ＧｉＧＯマーゴ関,岐阜県関市倉知５１６,35.4796478,136.9006802,chunithm;iidx;maimai_dx;nostalgia;ongeki;polaris_chord;project_diva;sdvx,iidx_lm;sdvx_vm,allnet;eagate
ＧｉＧＯ万代シテイバスセンタービル,新潟県新潟市中央区万代１丁目６番１号,37.9163632,139.0556101,chunithm;iidx;maimai_dx;ongeki;polaris_chord;sdvx,iidx_lm;sdvx_vm,allnet;eagate
ＧｉＧＯ三宮北口,兵庫県神戸市中央区北長狭通一丁目８番１号,34.6931201,135.1921928,chunithm;gitadora;iidx;maimai_dx;ongeki;polaris_chord;popn;sdvx,iidx_lm;popn_pikapika;sdvx_vm,allnet;eagate
ＧｉＧＯ中間,福岡県中間市上蓮花寺３−１−１,33.8230744,130.7216062,chunithm;iidx;maimai_dx;ongeki;polaris_chord;project_diva;sdvx,iidx_lm;sdvx_vm,allnet;eagate
ＧｉＧＯ仙台,宮城県仙台市青葉区中央２−５−５三経６０ビル,38.2616214,140.8767359,chunithm;ddr;drs;iidx;maimai_dx;nostalgia;ongeki;polaris_chord;popn;project_diva;sdvx,ddr_gold;iidx_lm;popn_pikapika;sdvx_vm,allnet;eagate
ＧｉＧＯ仙台一番町,宮城県仙台市青葉区一番町４丁目５番１３号サンシャインビル１階,38.2641347,140.8711617,chunithm;ddr;gitadora;iidx;maimai_dx;ongeki;polaris_chord;popn;sdvx,ddr_gold;gitadora_dm_arena;gitadora_gf_arena;iidx_lm;popn_pikapika;sdvx_vm,allnet;eagate
ＧｉＧＯ伊勢,三重県伊勢市中須町６６６,34.4921013,136.6780636,chunithm;iidx;jubeat;maimai_dx;nostalgia;ongeki;polaris_chord;project_diva;sdvx,iidx_lm;sdvx_vm,allnet;eagate
ＧｉＧＯ会津若松,福島県会津若松市町北町上荒久田字宮下１４２,37.5183115,139.9221731,chunithm;ddr;iidx;maimai_dx;ongeki;polaris_chord;popn;sdvx,ddr_gold;iidx_lm;popn_pikapika;sdvx_vm,allnet;eagate
ＧｉＧＯ入間,埼玉県入間市東藤沢２−１８,35.8192054,139.4181179,chunithm;gitadora;iidx;jubeat;maimai_dx;nostalgia;ongeki;polaris_chord;project_diva;sdvx,iidx_lm;sdvx_vm,allnet;eagate
ＧｉＧＯ八戸,青森県八戸市城下４−２５−１４,40.5199277,141.4982922,chunithm;iidx;maimai_dx;ongeki;sdvx,iidx_lm;sdvx_vm,allnet;eagate
ＧｉＧＯ八柱,千葉県松戸市日暮１−１−１八柱駅第２ビル２Ｆ,35.7913772,139.9377874,chunithm;ddr;iidx;jubeat;maimai_dx;ongeki;polaris_chord;popn;sdvx,ddr_gold;iidx_lm;popn_pikapika;sdvx_vm,allnet;eagate
ＧｉＧＯ八王子高倉,東京都八王子市高倉町５５‐４,35.6650608,139.3664651,chunithm;iidx;jubeat;maimai_dx;nostalgia;ongeki;polaris_chord;popn;project_diva;sdvx,iidx_lm;popn_pikapika;sdvx_vm,allnet;eagate
ＧｉＧＯ別府,大分県別府市餅ヶ浜町１６１−２,33.2955437,131.5030742,chunithm;iidx;maimai_dx;ongeki;project_diva;sdvx,iidx_lm;sdvx_vm,allnet;eagate
ＧｉＧＯ利府,宮城県宮城郡利府町加瀬字新前谷地５５−１,38.3280286,140.9756113,chunithm;ddr;iidx;maimai_dx;ongeki;popn;sdvx,ddr_gold;iidx_lm;popn_pikapika;sdvx_vm,allnet;eagate
ＧｉＧＯ北岡崎,愛知県岡崎市錦町２番地４,34.9733728,137.1599159,chunithm;ddr;drs;gitadora;iidx;jubeat;maimai_dx;nostalgia;ongeki;polaris_chord;popn;project_diva;sdvx,ddr_gold;gitadora_dm_arena;gitadora_gf_arena;iidx_lm;popn_pikapika;sdvx_vm,allnet;eagate
ＧｉＧＯ北見,北海道北見市西三輪５丁目１番地１６号,43.7965975,143.8426114,chunithm;ddr;gitadora;iidx;jubeat;maimai_dx;ongeki;polaris_chord;popn;sdvx,ddr_gold;iidx_lm;sdvx_vm,allnet;eagate
ＧｉＧＯ名取,宮城県名取市飯野坂字土城堀５７−１,38.1565615,140.8883654,chunithm;iidx;maimai_dx;ongeki;sdvx,iidx_lm;sdvx_vm,allnet;eagate
ＧｉＧＯ大宮西口,埼玉県さいたま市大宮区桜木町二丁目３番地２,35.9069124,139.6221862,chunithm;iidx;maimai_dx;ongeki;sdvx,iidx_lm;sdvx_vm,allnet;eagate
ＧｉＧＯ大森,東京都大田区山王２−１−５大森駅ララビル２Ｆ,35.5900117,139.7284234,chunithm;ddr;gitadora;iidx;jubeat;maimai_dx;ongeki;polaris_chord;popn;project_diva;sdvx,ddr_gold;gitadora_dm_arena;gitadora_gf_arena;iidx_lm;popn_pikapika;sdvx_vm,allnet;eagate
ＧｉＧＯ大阪第４ビル,大阪府大阪市北区梅田１−１１−４駅前第４ビルＢ１Ｆ,34.6997459,135.4995034,chunithm;iidx;ongeki;sdvx,iidx_lm;sdvx_vm,allnet;eagate
ＧｉＧＯ大阪道頓堀本店,大阪府大阪市中央区道頓堀１丁目８番２２号道頓座ビル１〜３Ｆ,34.6684903,135.5016990,chunithm;ddr;gitadora;iidx;maimai_dx;ongeki;polaris_chord;project_diva;sdvx,ddr_gold;gitadora_dm_arena;gitadora_gf_arena;iidx_lm;sdvx_vm,allnet;eagate
ＧｉＧＯ天童,山形県天童市南町１−５−２６,38.3429386,140.3741282,chunithm;ddr;drs;gitadora;iidx;jubeat;maimai_dx;nostalgia;ongeki;polaris_chord;popn;project_diva;sdvx,ddr_gold;iidx_lm;sdvx_vm,allnet;eagate
ＧｉＧＯ姫路駅前,兵庫県姫路市駅前町２５４姫路ＯＳビルＢ１Ｆ,34.8288891,134.6911463,chunithm;iidx;maimai_dx;ongeki;polaris_chord;popn;sdvx,iidx_lm;popn_pikapika;sdvx_vm,allnet;eagate
ＧｉＧＯ宇都宮,栃木県宇都宮市東宿郷５−１−７,36.5583104,139.9088155,chunithm;ddr;drs;gitadora;iidx;jubeat;maimai_dx;nostalgia;ongeki;polaris_chord;popn;project_diva;sdvx,ddr_gold;gitadora_dm_arena;gitadora_gf_arena;iidx_lm;popn_pikapika;sdvx_vm,allnet;eagate
ＧｉＧＯ安城,愛知県安城市百石町２−３５−１３,34.9473926,137.0731591,chunithm;iidx;maimai_dx;ongeki;sdvx,iidx_lm;sdvx_vm,allnet;eagate
ＧｉＧＯ小山,栃木県小山市東城南１−１−１８,36.2989766,139.8101635,chunithm;iidx;maimai_dx;nostalgia;ongeki;polaris_chord;project_diva;sdvx,iidx_lm;sdvx_vm,allnet;eagate
ＧｉＧＯ尾西,愛知県一宮市篭屋３−９−７アソビックスびさい１Ｆ,35.3092178,136.7715210,chunithm;gitadora;iidx;maimai_dx;ongeki;polaris_chord;sdvx,iidx_lm;sdvx_vm,allnet;eagate
ＧｉＧＯ布施,大阪府東大阪市長堂１−１−１ロンモール布施内,34.6641110,135.5627449,chunithm;ddr;drs;gitadora;iidx;jubeat;maimai_dx;nostalgia;ongeki;polaris_chord;popn;project_diva;sdvx,ddr_gold;iidx_lm;popn_pikapika;sdvx_vm,allnet;eagate
ＧｉＧＯ帯広稲田,北海道帯広市稲田町南八線西１２−１スズランボウル１・２階,42.8902056,143.1964602,chunithm;iidx;maimai_dx;ongeki;polaris_chord;sdvx,iidx_lm;sdvx_vm,allnet;eagate
ＧｉＧＯ幕張,千葉県千葉市美浜区ひび野１−８メッセ・アミューズ・モール１Ｆ,35.6499867,140.0426445,chunithm;ddr;gitadora;iidx;jubeat;maimai_dx;ongeki;polaris_chord;popn;project_diva;sdvx,ddr_gold;iidx_lm;popn_pikapika;sdvx_vm,allnet;eagate
ＧｉＧＯ広,広島県呉市広中町１−９,34.2285551,132.6294083,chunithm;gitadora;iidx;jubeat;maimai_dx;ongeki;polaris_chord;popn;sdvx,iidx_lm;sdvx_vm,allnet;eagate
ＧｉＧＯ成増,東京都板橋区成増２ー１７ー２４五曠第６ビル,35.7774582,139.6312607,chunithm;ddr;gitadora;iidx;maimai_dx;nostalgia;ongeki;polaris_chord;popn;project_diva;sdvx,ddr_gold;iidx_lm;popn_pikapika;sdvx_vm,allnet;eagate
ＧｉＧＯ所沢,埼玉県所沢市日吉町８−１,35.7884760,139.4718990,chunithm;iidx;maimai_dx;nostalgia;ongeki;polaris_chord;project_diva;sdvx,iidx_lm;sdvx_vm,allnet;eagate
ＧｉＧＯ新宿西口,東京都新宿区西新宿１−１２−５Ｂ１Ｆ・１Ｆ,35.6895292,139.6973700,chunithm;iidx;maimai_dx;ongeki;polaris_chord;popn;sdvx,iidx_lm;popn_pikapika;sdvx_vm,allnet;eagate
ＧｉＧＯ新庄,山形県新庄市金沢１０６８,38.7646694,140.3084662,chunithm;gitadora;iidx;jubeat;maimai_dx;polaris_chord;popn;sdvx,iidx_lm;sdvx_vm,allnet;eagate
ＧｉＧＯ新杉田,神奈川県横浜市磯子区杉田１−１−１らびすた新杉田２Ｆ,35.3860689,139.6188885,chunithm;iidx;maimai_dx;ongeki;polaris_chord;popn;project_diva;sdvx,iidx_lm;popn_pikapika;sdvx_vm,allnet;eagate
ＧｉＧＯ春日井,愛知県春日井市岩野町４１８０,35.2695446,136.9605146,chunithm;iidx;jubeat;maimai_dx;nostalgia;ongeki;project_diva;sdvx,iidx_lm;sdvx_vm,allnet;eagate
ＧｉＧＯ本厚木,神奈川県厚木市中町４−１５−９,35.4390462,139.3619056,chunithm;gitadora;iidx;jubeat;maimai_dx;ongeki;polaris_chord;sdvx,iidx_lm;sdvx_vm,allnet;eagate
ＧｉＧＯ本藤沢,神奈川県藤沢市本藤沢５‐６‐８,35.3580369,139.4681074,chunithm;iidx;jubeat;maimai_dx;ongeki;polaris_chord;popn;sdvx,iidx_lm;sdvx_vm,allnet;eagate
ＧｉＧＯ札幌駅西口,北海道札幌市北区北６条西６丁目１‐１,43.0675310,141.3462795,chunithm;ddr;gitadora;iidx;maimai_dx;ongeki;popn;sdvx,ddr_gold;gitadora_dm_arena;gitadora_gf_arena;iidx_lm;popn_pikapika;sdvx_vm,allnet;eagate
ＧｉＧＯ枚方,大阪府枚方市須山町８３−１サンシャインプラザ枚方内,34.8196428,135.6755727,chunithm;iidx;maimai_dx;nostalgia;ongeki;project_diva;sdvx,iidx_lm;sdvx_vm,allnet;eagate
ＧｉＧＯ桑名,三重県桑名市江場１５７８,35.0531263,136.6824919,chunithm;iidx;maimai_dx;ongeki;polaris_chord;sdvx,iidx_lm;sdvx_vm,allnet;eagate
ＧｉＧＯ水戸,茨城県水戸市宮町１−７−４４コムボックス３１０,36.3694663,140.4745213,chunithm;ddr;drs;gitadora;iidx;jubeat;maimai_dx;nostalgia;ongeki;polaris_chord;popn;project_diva;sdvx,ddr_gold;iidx_lm;popn_pikapika;sdvx_vm,allnet;eagate
ＧｉＧＯ水戸南,茨城県水戸市千波町２０１７−１,36.3503245,140.4430002,chunithm;ddr;gitadora;iidx;jubeat;maimai_dx;nostalgia;ongeki;polaris_chord;popn;project_diva;sdvx,iidx_lm;popn_pikapika;sdvx_vm,allnet;eagate
ＧｉＧＯ海田,広島県安芸郡海田町南大正町３−３５,34.3676366,132.5336741,chunithm;iidx;maimai_dx;ongeki;polaris_chord;project_diva;sdvx,iidx_lm;sdvx_vm,allnet;eagate
ＧｉＧＯ海老名,神奈川県海老名市中央一丁目４番３１号海老名プラザビル１階,35.4515535,139.3925418,chunithm;iidx;maimai_dx;ongeki;polaris_chord;project_diva;sdvx,iidx_lm;sdvx_vm,allnet;eagate
ＧｉＧＯ渋谷宮益坂,東京都渋谷区渋谷１−１４−１４ＥＳＴ１階・７階,35.6600164,139.7025897,chunithm;ddr;iidx;jubeat;maimai_dx;nostalgia;ongeki;polaris_chord;popn;project_diva;sdvx,ddr_gold;iidx_lm;popn_pikapika;sdvx_vm,allnet;eagate
ＧｉＧＯ港北インター,神奈川県横浜市都筑区東方町３２１‐６,35.5192486,139.5847936,chunithm;gitadora;iidx;maimai_dx;ongeki;polaris_chord;popn;sdvx,gitadora_dm_arena;gitadora_gf_arena;iidx_lm;popn_pikapika;sdvx_vm,allnet;eagate
ＧｉＧＯ町田,東京都町田市原町田６−１３ー１７アーバンミサワビルＢ１,35.5438675,139.4469818,chunithm;ddr;iidx;maimai_dx;ongeki;polaris_chord;popn;project_diva;sdvx,ddr_gold;iidx_lm;popn_pikapika;sdvx_vm,allnet;eagate
ＧｉＧＯ相模原,神奈川県相模原市中央区中央２−１−５,35.5735451,139.3710572,chunithm;ddr;gitadora;iidx;maimai_dx;ongeki;polaris_chord;popn;project_diva;sdvx,ddr_gold;iidx_lm;popn_pikapika;sdvx_vm,allnet;eagate
ＧｉＧＯ相模大野,神奈川県相模原市南区相模大野３−１３−２東和ビル２Ｆ・３Ｆ,35.5321942,139.4358387,chunithm;ddr;gitadora;iidx;jubeat;maimai_dx;nostalgia;ongeki;polaris_chord;popn;project_diva;sdvx,ddr_gold;gitadora_dm_arena;gitadora_gf_arena;iidx_lm;popn_pikapika;sdvx_vm,allnet;eagate
ＧｉＧＯ神栖,茨城県神栖市神栖１ー８−１,35.8979951,140.6444094,chunithm;gitadora;iidx;jubeat;maimai_dx;nostalgia;ongeki;polaris_chord;popn;sdvx,iidx_lm;sdvx_vm,allnet;eagate
ＧｉＧＯ神楽坂,東京都新宿区神楽坂２−１１第２カグラヒルズ１Ｆ,35.7010372,139.7420111,chunithm;iidx;maimai_dx;ongeki;polaris_chord;popn;sdvx,iidx_lm;popn_pikapika;sdvx_vm,allnet;eagate
ＧｉＧＯ福井,福井県福井市丸山１−４１０,36.0733531,136.2429894,chunithm;gitadora;iidx;maimai_dx;nostalgia;ongeki;project_diva;sdvx,iidx_lm;sdvx_vm,allnet;eagate
ＧｉＧＯ福岡天神,福岡県福岡市中央区天神２−７−６ＤＡＤＡビル,33.5898893,130.3966097,chunithm;ddr;gitadora;iidx;maimai_dx;nostalgia;ongeki;polaris_chord;popn;project_diva;sdvx,ddr_gold;gitadora_dm_arena;gitadora_gf_arena;iidx_lm;popn_pikapika;sdvx_vm,allnet;eagate
ＧｉＧＯ福島南,福島県福島市黒岩字中島７−２,37.7277789,140.4671413,chunithm;ddr;iidx;maimai_dx;ongeki;polaris_chord;popn;sdvx,ddr_gold;iidx_lm;popn_pikapika;sdvx_vm,allnet;eagate
ＧｉＧＯ福生,東京都福生市福生１０７６−１,35.7447000,139.3242870,chunithm;gitadora;iidx;maimai_dx;ongeki;polaris_chord;project_diva;sdvx,iidx_lm;sdvx_vm,allnet;eagate
ＧｉＧＯ秋田,秋田県秋田市茨島１−１−１６,39.7042342,140.1045893,chunithm;iidx;maimai_dx;nostalgia;ongeki,iidx_lm,allnet;eagate
ＧｉＧＯ秋葉原３号館,東京都千代田区外神田１‐１１‐１１外神田１丁目ビルディング,35.6992573,139.7709038,chunithm;ddr;drs;gitadora;iidx;jubeat;maimai_dx;nostalgia;ongeki;polaris_chord;popn;project_diva;sdvx,ddr_gold;gitadora_dm_arena;gitadora_gf_arena;iidx_lm;popn_pikapika;sdvx_vm,allnet;eagate
ＧｉＧＯ立川,東京都立川市柴崎町３−２−１サザンビル１・２Ｆ,35.6975104,139.4146195,chunithm;iidx;maimai_dx;ongeki;polaris_chord;popn;sdvx,iidx_lm;popn_pikapika;sdvx_vm,allnet;eagate
ＧｉＧＯ立石,東京都葛飾区立石７丁目３番６号リ・セブン,35.7396004,139.8494377,chunithm;iidx;maimai_dx;ongeki;sdvx,iidx_lm;sdvx_vm,allnet;eagate
ＧｉＧＯ竹の塚,東京都足立区竹の塚６−８−６ピーくんＰｌａｚａ−ｂ,35.7947506,139.7924968,chunithm;iidx;maimai_dx;ongeki;polaris_chord;sdvx,iidx_lm;sdvx_vm,allnet;eagate
ＧｉＧＯ米沢,山形県米沢市大字花沢字タナコ原１７７,37.9109365,140.1336702,chunithm;iidx;maimai_dx;ongeki;polaris_chord;popn;sdvx,iidx_lm;sdvx_vm,allnet;eagate
ＧｉＧＯ綱島,神奈川県横浜市港北区綱島西２−６−２９,35.5363864,139.6328782,chunithm;ddr;gitadora;iidx;jubeat;maimai_dx;nostalgia;ongeki;polaris_chord;popn;project_diva;sdvx,ddr_gold;gitadora_dm_arena;gitadora_gf_arena;iidx_lm;popn_pikapika;sdvx_vm,allnet;eagate
ＧｉＧＯ総本店,東京都豊島区東池袋一丁目１３番６号,35.7295307,139.7147102,chunithm;ddr;drs;gitadora;iidx;jubeat;maimai_dx;nostalgia;ongeki;polaris_chord;popn;project_diva;sdvx,ddr_gold;gitadora_dm_arena;gitadora_gf_arena;iidx_lm;popn_pikapika;sdvx_vm,allnet;eagate
ＧｉＧＯ自由が丘,東京都目黒区自由が丘２ー１０ー９,35.6084441,139.6675657,chunithm;gitadora;iidx;maimai_dx;ongeki;popn;sdvx,iidx_lm;popn_pikapika;sdvx_vm,allnet;eagate
ＧｉＧＯ船堀,東京都江戸川区船堀１ー６ー１１,35.6848536,139.8638638,chunithm;gitadora;iidx;maimai_dx;nostalgia;ongeki;polaris_chord;project_diva;sdvx,iidx_lm;sdvx_vm,allnet;eagate
ＧｉＧＯ西那須野,栃木県那須塩原市南郷屋２−１０６−２７,36.8951190,139.9822381,chunithm;gitadora;iidx;maimai_dx;nostalgia;ongeki;polaris_chord;project_diva;sdvx,iidx_lm;sdvx_vm,allnet;eagate
ＧｉＧＯ調布,東京都調布市布田４丁目２ー４,35.6509849,139.5442311,chunithm;ddr;gitadora;iidx;maimai_dx;ongeki;polaris_chord;sdvx,ddr_gold;iidx_lm;sdvx_vm,allnet;eagate
ＧｉＧＯ豊橋飯村,愛知県豊橋市飯村町字西山２５−１２１,34.7490943,137.4138729,chunithm;iidx;maimai_dx;ongeki;polaris_chord;sdvx,iidx_lm;sdvx_vm,allnet;eagate
ＧｉＧＯ豊田,愛知県豊田市深田町１−６５−１,35.0678723,137.1238001,chunithm;ddr;gitadora;iidx;maimai_dx;nostalgia;ongeki;polaris_chord;popn;sdvx,ddr_gold;iidx_lm;popn_pikapika;sdvx_vm,allnet;eagate
ＧｉＧＯ赤羽,東京都北区赤羽１−７−９赤羽第一葉山ビルＢ１,35.7789607,139.7222842,chunithm;gitadora;iidx;jubeat;maimai_dx;ongeki;polaris_chord;popn;sdvx,iidx_lm;popn_pikapika;sdvx_vm,allnet;eagate
ＧｉＧＯ赤羽駅前,東京都北区赤羽１−２−４,35.7782507,139.7215917,chunithm;ddr;gitadora;iidx;maimai_dx;ongeki;polaris_chord;popn;sdvx,ddr_gold;gitadora_dm_arena;gitadora_gf_arena;iidx_lm;popn_pikapika;sdvx_vm,allnet;eagate
ＧｉＧＯ足利朝倉,栃木県足利市朝倉町２４４‐１,36.3224907,139.4503431,chunithm;drs;gitadora;iidx;jubeat;maimai_dx;nostalgia;ongeki;polaris_chord;popn;sdvx,gitadora_dm_arena;gitadora_gf_arena;iidx_lm;popn_pikapika;sdvx_vm,allnet;eagate
ＧｉＧＯ金山,愛知県名古屋市熱田区金山１−１９ー２,35.1426808,136.9021522,chunithm;iidx;maimai_dx;ongeki;polaris_chord;popn;sdvx,iidx_lm;popn_pikapika;sdvx_vm,allnet;eagate
ＧｉＧＯ長久手,愛知県長久手市武蔵塚７０５,35.1714145,137.0454605,chunithm;ddr;gitadora;iidx;maimai_dx;ongeki;popn;sdvx,gitadora_dm_arena;gitadora_gf_arena;iidx_lm;popn_pikapika;sdvx_vm,allnet;eagate
ＧｉＧＯ難波アビオン,大阪府大阪市浪速区難波中２−３−１５ ＭＭＯビルＢ１Ｆ〜３Ｆ,34.6627327,135.5033112,ddr;drs;gitadora;iidx;nostalgia;polaris_chord;popn;project_diva;reflec;sdvx,ddr_gold;gitadora_dm_arena;gitadora_gf_arena;iidx_lm;popn_pikapika;sdvx_vm,allnet;eagate
ＧｉＧＯ高城,大分県大分市牧１−１６１−８,33.2417094,131.6372654,chunithm;drs;gitadora;iidx;jubeat;maimai_dx;nostalgia;ongeki;polaris_chord;popn;project_diva;sdvx,iidx_lm;sdvx_vm,allnet;eagate
ＧｉＧＯ高田馬場,東京都新宿区高田馬場４−７−５高田馬場グランド東京,35.7136018,139.7037221,chunithm;iidx;maimai_dx;ongeki;popn;sdvx,iidx_lm;popn_pikapika;sdvx_vm,allnet;eagate
Ｈｅｙ,東京都千代田区外神田１−１０−５廣瀬本社ビル１階〜４階,35.6990241,139.7710638,chunithm;gitadora;iidx;other;popn;sdvx;taiko,iidx_lm;sdvx_vm,allnet;eagate;ziv
ＭＥＧＡＧＥＴ室蘭,北海道室蘭市中島本町２ー８ー１,42.3535264,141.0145420,chunithm;iidx;maimai_dx;ongeki;sdvx,iidx_lm;sdvx_vm,allnet;eagate
ＭＥＧＡＧＥＴ釧路,北海道釧路郡釧路町木場２丁目１ー１,43.0089190,144.4080035,chunithm;iidx;maimai_dx;ongeki;sdvx,iidx_lm;sdvx_vm,allnet;eagate
ｎａｍｃｏアミュプラザ長崎新館店,長崎県長崎市尾上町１番１号　アミュプラザ長崎新館４階,32.7516252,129.8709304,chunithm;iidx;maimai_dx;sdvx,iidx_lm;sdvx_vm,allnet;eagate
ｎａｍｃｏイオンタウン郡山店,福島県郡山市松木町２ー８８イオンタウン郡山内,37.3892958,140.3906753,chunithm;jubeat;maimai_dx;ongeki;popn;sdvx,sdvx_vm,allnet;eagate
ｎａｍｃｏフェドラＰ＆Ｄ佐野店,栃木県佐野市高萩町１３４０番地,36.2973133,139.6056474,chunithm;gitadora;iidx;maimai_dx;ongeki;polaris_chord;popn;sdvx,gitadora_dm_arena;gitadora_gf_arena;iidx_lm;popn_pikapika;sdvx_vm,allnet;eagate
ｎａｍｃｏワンダーシティ南熊本店,熊本県熊本市中央区九品寺６−９−１,32.7868920,130.7147318,chunithm;iidx;maimai_dx;ongeki;polaris_chord;popn;sdvx,iidx_lm;popn_pikapika;sdvx_vm,allnet;eagate
ｎａｍｃｏ博多バスターミナル店,福岡県福岡市博多区博多駅中央街２ー１博多バスターミナル７階,33.5915216,130.4198918,chunithm;gitadora;iidx;maimai_dx;ongeki;popn;sdvx,gitadora_dm_arena;gitadora_gf_arena;iidx_lm;popn_pikapika;sdvx_vm,allnet;eagate
ｎａｍｃｏ宇都宮店,栃木県宇都宮市簗瀬町１６０６ー１ Ｐ＆Ｄビル,36.5438973,139.8915485,iidx;project_diva;sdvx,iidx_lm;sdvx_vm,allnet;eagate
ｎａｍｃｏ新潟店,新潟県新潟市中央区南笹口１ー１ー１　ひもろぎビル２Ｆ,37.9083798,139.0639094,chunithm;drs;iidx;maimai_dx;ongeki;popn;sdvx,iidx_lm;sdvx_vm,allnet;eagate
ｎａｍｃｏ松戸店,千葉県松戸市松戸１２３０番地１ピアザ松戸１Ｆ,35.7835829,139.9007767,chunithm;gitadora;iidx;jubeat;maimai_dx;ongeki;polaris_chord;popn;sdvx,gitadora_dm_arena;gitadora_gf_arena;iidx_lm;popn_pikapika;sdvx_vm,allnet;eagate
ｎａｍｃｏ梅田店,大阪府大阪市北区小松原町３ー３ＯＳビル２Ｆ,34.7027815,135.5003960,chunithm;gitadora;iidx;maimai_dx;ongeki;polaris_chord;popn;project_diva;sdvx,gitadora_dm_arena;gitadora_gf_arena;iidx_lm;popn_pikapika;sdvx_vm,allnet;eagate
ｎａｍｃｏ王子サンスクエア店,東京都北区王子１ー４ー１サンスクエア２階,35.7529737,139.7389579,chunithm;gitadora;iidx;maimai_dx;ongeki;popn;sdvx,gitadora_dm_arena;gitadora_gf_arena;iidx_lm;popn_pikapika;sdvx_vm,allnet;eagate
ｎａｍｃｏ豊岡店,兵庫県豊岡市中陰字大工６１７３階,35.5549774,134.8122757,chunithm;drs;ongeki;project_diva;sdvx,sdvx_vm,allnet;eagate
ｎａｍｃｏＢｉＶｉ仙台駅東口店,宮城県仙台市宮城野区榴岡２ー１ー２５ＢｉＶｉ仙台駅東口店２Ｆ,38.2610647,140.8836719,chunithm;iidx;maimai_dx;sdvx,iidx_lm;sdvx_vm,allnet;eagate
ＰＡＬＯむつ,青森県むつ市中央２−７−８ １Ｆ,41.2868804,141.1837297,iidx;project_diva;sdvx,iidx_lm;sdvx_vm,allnet;eagate
ＰＡＬＯ久慈,岩手県久慈市長内町第３０地割３２−２久慈SC１F,40.1898616,141.7855976,chunithm;maimai_dx;ongeki;polaris_chord;project_diva;sdvx,sdvx_vm,allnet;eagate
ＰＡＬＯ防府,山口県防府市中央町１−３イオン防府店３Ｆ,34.0522015,131.5696784,chunithm;dance_evo;gitadora;iidx;maimai_dx;nostalgia;ongeki;polaris_chord;popn;sdvx,iidx_lm;sdvx_vm,allnet;eagate
ＷＯＲＬＤ ＧＡＭＥ ＣＩＲＣＵＳ,東京都立川市羽衣町２−４−１３羽衣長田ビル１０１ＷＧＣ,35.6964221,139.4288034,chunithm;ddr;gitadora;iidx;jubeat;maimai_dx;museca;ongeki;other;polaris_chord;popn;project_diva;sdvx;taiko,ddr_gold;gitadora_dm_arena;gitadora_gf_arena;iidx_lm;popn_pikapika;sdvx_vm,allnet;eagate;ziv
ＹＡＺ寝屋川店,大阪府寝屋川市石津中町25-26,34.7802772,135.6194363,chunithm;gitadora;iidx;maimai_dx;ongeki;polaris_chord;sdvx,iidx_lm;sdvx_vm,allnet;eagate
