name,address,latitude,longitude,games,cabs,game_counts,source
KOKO AMUSEMENT 614,Basement 614 George ST Sydney NSW 2000,-33.8757593,151.2067759,chunithm;ddr;drs;gitadora;iidx;maimai_dx;other;popn;pump_it_up;sdvx;taiko,,chunithm:6;ddr:2;drs:3;gitadora:1;iidx:1;maimai_dx:6;popn:2;pump_it_up:2;sdvx:1;taiko:5,allnet;ziv;insert_coin
PARADIGM ZONE,"58 Gawler Place, Adelaide SA 5000",-34.9234290,138.6021461,chunithm;drs;iidx;maimai_dx;other;popn;sdvx;taiko,,chunithm:2;drs:1;iidx:1;maimai_dx:2;popn:2;sdvx:1;taiko:1,allnet;ziv;insert_coin
ARCstage,"10612 124 ST NW Unit 100 Edmonton Alberta, T5N 1S4, Edmonton",53.5497312,-113.5361830,chunithm;ddr;iidx;jubeat;maimai_dx;other;project_diva;pump_it_up;sdvx;taiko;wacca,,chunithm:2;ddr:1;iidx:1;jubeat:1;maimai_dx:1;project_diva:1;pump_it_up:1;sdvx:1;taiko:1;wacca:1,ziv;insert_coin
Claw Planet/Planète Claw,"563 Boulevard des Laurentides Laval Québec, H7G2V3, Laval",45.5718827,-73.6935639,chunithm;ddr;drs;gitadora;groove_coaster;iidx;jubeat;maimai_dx;ongeki;other;popn;project_diva;pump_it_up;sdvx;wacca,,chunithm:1;ddr:1;drs:1;gitadora:2;groove_coaster:1;iidx:1;jubeat:2;maimai_dx:2;ongeki:1;popn:1;project_diva:1;pump_it_up:1;sdvx:1;wacca:1,ziv
eSpot,"8181 Cambie Road Unit 1000 Richmond British Columbia, V6X 3X9, Richmond",49.1853728,-123.1336526,chunithm;ddr;gitadora;groove_coaster;iidx;jubeat;maimai_dx;nostalgia;ongeki;other;popn;project_diva;sdvx;taiko;wacca,,chunithm:1;ddr:1;gitadora:2;groove_coaster:1;iidx:1;jubeat:1;maimai_dx:1;nostalgia:1;ongeki:1;popn:1;project_diva:1;sdvx:1;taiko:2;wacca:1,ziv;insert_coin
Pixel Paradise Arcade @ Bayfield Mall,"320 Bayfield St Unit 201 Barrie Ontario, L4M 3C1, Barrie",44.4003069,-79.7031122,chunithm;ddr;gitadora;iidx;jubeat;nostalgia;other;popn;pump_it_up;taiko,,chunithm:2;ddr:2;gitadora:2;iidx:1;jubeat:2;nostalgia:1;popn:2;pump_it_up:1;taiko:2,ziv
Yume,"333 Spadina Ave 2nd Floor Toronto Ontario, M5T 2E9, Toronto",43.6547539,-79.3982745,chunithm;ddr;iidx;ongeki;other;project_diva;taiko;wacca,,chunithm:2;ddr:1;iidx:1;ongeki:1;project_diva:1;taiko:1;wacca:2,ziv;insert_coin
Entretenimientos Diana Merced,"Merced 839 Santiago Región Metropolitana, Santiago",-33.4382771,-70.6490706,ddr;iidx;other;pump_it_up,,ddr:2;iidx:1;pump_it_up:3,ziv;insert_coin
Portal Friki,"269 Manuel Antonio Matta La Serena Coquimbo, 1710086, La Serena",-29.9003913,-71.2525178,ddr;iidx;jubeat;other;project_diva;pump_it_up;reflec;sdvx;taiko,,ddr:1;iidx:1;jubeat:1;project_diva:1;pump_it_up:3;reflec:1;sdvx:1;taiko:1,ziv;insert_coin
GuNe火窝,新津街道珠池路丽水庄西区40栋,23.3750598,116.7278103,chunithm;dance_evo;groove_coaster;iidx;jubeat;maimai_dx;ongeki;other;popn;sdvx;wacca,,chunithm:2;dance_evo:1;groove_coaster:1;iidx:1;jubeat:2;maimai_dx:1;ongeki:1;popn:1;sdvx:2;wacca:1,bemanicn;nearcade
M＋娱乐空间（百盛步行街广场店）,广西壮族自治区南宁市兴宁区朝阳路9号百盛步行街广场5楼,22.8168160,108.3174053,iidx;jubeat;maimai_dx;sdvx,,iidx:2;jubeat:1;maimai_dx:1;sdvx:2,nearcade
Pigeon House Gugugu,"Nan Jing Shi, 210005, CN",32.0362900,118.7843800,chunithm;ddr;gitadora;iidx;jubeat;maimai_dx;sdvx;taiko,,chunithm:1;ddr:1;gitadora:2;iidx:1;jubeat:1;maimai_dx:2;sdvx:1;taiko:1,insert_coin
SW窝,福建省邵武市解放东路与公路巷交叉口西40米,27.3483537,117.4856096,chunithm;iidx;maimai_dx;ongeki;popn;sdvx,,chunithm:1;iidx:1;maimai_dx:1;ongeki:1;popn:1;sdvx:1,bemanicn;nearcade
Tree窝,春满家园一号楼,41.9238390,123.3907896,chunithm;iidx;maimai_dx;ongeki;sdvx;taiko,,chunithm:1;iidx:1;maimai_dx:2;ongeki:1;sdvx:1;taiko:1,bemanicn;nearcade
Vita音游（试运营中）,证大喜玛拉雅L座6楼626室,32.0428288,118.7623447,chunithm;gitadora;iidx;ongeki;sdvx;taiko,,chunithm:1;gitadora:1;iidx:1;ongeki:1;sdvx:2;taiko:1,bemanicn;nearcade
WIN窝 | 赢窝,沙东街道陶庄路5号,23.1647765,113.3153809,chunithm;iidx;maimai_dx;ongeki;sdvx,,chunithm:1;iidx:1;maimai_dx:3;ongeki:1;sdvx:1,bemanicn;nearcade
X50 Music Game Station 西門一店,武昌街二段134號,25.0484720,121.4989209,iidx;jubeat;sdvx,,iidx:2;jubeat:1;sdvx:6,nearcade
X50 Music Game Station 高雄店,立誠里重慶街1-12號,22.6411889,120.3015954,chunithm;ddr;gitadora;iidx;maimai_dx;popn;sdvx;taiko,,chunithm:4;ddr:1;gitadora:2;iidx:1;maimai_dx:3;popn:1;sdvx:4;taiko:3,nearcade
【8.8开业】M.Lab 米莱音游研究所,北京市北京市朝阳区朝阳北路102号朝阳区青年汇三期 米莱音游研究所,39.9231948,116.5126153,chunithm;iidx;maimai_dx;project_diva;sdvx,,chunithm:2;iidx:1;maimai_dx:5;project_diva:1;sdvx:1,bemanicn;nearcade
䨻䨻音游同好会,浙江省宁波市海曙区东渡路29号宁波世界贸易中心,29.8710643,121.5539390,chunithm;dance_evo;ddr;gitadora;groove_coaster;iidx;maimai_dx;nostalgia;ongeki;other;pump_it_up;reflec;sdvx;taiko,,chunithm:1;dance_evo:1;ddr:1;gitadora:2;groove_coaster:1;iidx:1;maimai_dx:1;nostalgia:1;ongeki:1;pump_it_up:3;reflec:1;sdvx:1;taiko:1,bemanicn;nearcade
乐秀电玩城,"抚顺市新抚区中央大街7号金地大厦 抚顺市(FuShun) 辽宁省（Liaoning Province）, 抚顺市(FuShun)",41.8616174,123.9031857,iidx,,,ziv
乐翻天游乐园,"承德市佟温路二号 承德市（Chengde） 河北省（Hebei）, 067000, 承德市（Chengde）",40.9734372,117.9355261,iidx;other;reflec;taiko,,,ziv
乐趣时代·智趣乐园（石岐大信店）,莲员东路2号大信·新都汇二期B座3楼,22.5333548,113.3761144,chunithm;iidx;jubeat;maimai_dx;other,,chunithm:1;iidx:1;jubeat:2;maimai_dx:2,bemanicn;nearcade
乐酷电玩俱乐部(金源燕莎店),"Jinyuan Xinyansha Mall, 1 Yuanda Road 5th Floor BEIJING Beijing Shi, BEIJING",39.9586480,116.2895215,gitadora;iidx;sdvx;stepmaniax,,,ziv
几何舞俱乐部,上海市杨浦区军工路200号,31.2854725,121.5543102,chunithm;iidx;jubeat;maimai_dx;sdvx,,chunithm:2;iidx:1;jubeat:1;maimai_dx:5;sdvx:1,nearcade
力堡 站前店,忠孝西路一段50-1號(站前地下街15-6號),25.0501001,121.5098106,chunithm;ddr;gitadora;iidx;jubeat;maimai_dx;nostalgia;sdvx;wacca,,chunithm:3;ddr:1;gitadora:2;iidx:2;jubeat:2;maimai_dx:2;nostalgia:1;sdvx:3;wacca:2,nearcade
动力99,"东莞市南城区鸿福路200号第一国际汇一城313-333 东莞市(Dongguan) 广东省 (Guangdong Province), 东莞市(Dongguan)",23.0088655,113.7549520,gitadora;iidx;jubeat;reflec,,,ziv
卡奇部落家庭娱乐中心（沈阳大悦城店）,中街大悦城D馆 3楼,41.8000448,123.4647434,iidx;jubeat;maimai_dx;other;pump_it_up;sdvx;taiko;wacca,,iidx:1;jubeat:1;maimai_dx:1;pump_it_up:1;sdvx:1;taiko:3;wacca:3,bemanicn;nearcade;wahlap
和音屋 x -Azisai- 北京店 立直麻将/音游,七里庄路口向北附近（详见群内信息）,39.8530000,116.2950000,chunithm;ddr;gitadora;iidx;jubeat;maimai_dx;nostalgia;popn;sdvx,,chunithm:1;ddr:1;gitadora:2;iidx:3;jubeat:1;maimai_dx:2;nostalgia:1;popn:1;sdvx:1,bemanicn;ziv;nearcade
和音屋x出勤公司沈阳中街店,辽宁省沈阳市大东区津桥路3号新世界时尚广场4楼和音屋出勤公司,41.8020014,123.4595309,chunithm;gitadora;iidx;maimai_dx;ongeki;sdvx,,chunithm:1;gitadora:1;iidx:2;maimai_dx:2;ongeki:1;sdvx:1,wahlap;bemanicn;nearcade
咖喱窝×未来盒子,长安南路72号诚意防腐木业院内,34.1891116,108.9398179,chunithm;gitadora;groove_coaster;iidx;jubeat;maimai_dx;nostalgia;ongeki;other;popn;project_diva;sdvx;taiko,,chunithm:2;gitadora:1;groove_coaster:1;iidx:1;jubeat:1;maimai_dx:1;nostalgia:1;ongeki:1;popn:1;project_diva:1;sdvx:1;taiko:1,bemanicn;nearcade
哈啦星球 一中店,太平路10號,24.1505253,120.6820036,chunithm;ddr;gitadora;iidx;maimai_dx;sdvx;taiko,,chunithm:4;ddr:1;gitadora:2;iidx:1;maimai_dx:4;sdvx:2;taiko:2,nearcade
哈啦星球 逢甲店,西屯路二段269-48號,24.1772910,120.6405598,chunithm;ddr;groove_coaster;iidx;jubeat;maimai_dx;project_diva;sdvx;taiko;wacca,,chunithm:3;ddr:1;groove_coaster:1;iidx:1;jubeat:1;maimai_dx:4;project_diva:1;sdvx:3;taiko:2;wacca:1,nearcade
哈基窝,库洛雀庄（欢乐宫西侧同城配送门市）,42.8856997,129.4876320,chunithm;iidx;maimai_dx;ongeki;sdvx,,chunithm:1;iidx:2;maimai_dx:2;ongeki:1;sdvx:1,bemanicn;nearcade
城市英雄电玩,"河南省郑州市二七区西大街 郑州(Zhengzhou) 河南 (Henan), 450001, 郑州(Zhengzhou)",34.7518012,113.6677963,iidx;jubeat;other;pump_it_up;reflec;taiko,,iidx:1;jubeat:2;pump_it_up:1;reflec:2;taiko:1,ziv
城市英雄长沙店,"中国湖南省长沙市黄兴中路92号 Changsha Shi Hunan Sheng, Changsha Shi",28.1935426,112.9760110,iidx;jubeat;other;pump_it_up;reflec,,,ziv
天天玩,"2088号 Hua Shan Lu, Shang Hai Shi, 200030, CN",31.1965750,121.4373750,chunithm;gitadora;iidx;maimai_dx;sdvx;taiko,,chunithm:1;gitadora:1;iidx:1;maimai_dx:1;sdvx:1;taiko:1,insert_coin
天天玩Game（上海徐汇汇银广场店）,华山路2088号汇银广场南楼7M层,31.1986788,121.4326143,chunithm;gitadora;iidx;jubeat;maimai_dx;other;sdvx;taiko,,chunithm:4;gitadora:1;iidx:4;jubeat:2;maimai_dx:7;sdvx:4;taiko:1,bemanicn;ziv;nearcade;wahlap
宁波工程学院,"147号-191号 Feng Hua Lu Ningbo Zhejiang, 315032, Ningbo",29.9109633,121.6119830,ddr;iidx;maimai_dx;nostalgia;other;pump_it_up;sdvx;taiko,,ddr:1;iidx:2;maimai_dx:1;nostalgia:1;pump_it_up:2;sdvx:1;taiko:1,ziv
宅漫游电玩工作室,两江新区红鼎国际C座,29.5794816,106.5289183,chunithm;iidx;jubeat;maimai_dx;nostalgia;ongeki;popn;project_diva;pump_it_up;sdvx;taiko,,chunithm:2;iidx:1;jubeat:1;maimai_dx:1;nostalgia:1;ongeki:1;popn:1;project_diva:1;pump_it_up:1;sdvx:1;taiko:1,bemanicn;nearcade;wahlap
巅峰时代电玩城,"朝阳区华严北里甲1号28幢地下一层(祁家豁子家乐福旁边） Chaoyang 北京 (Beijing), Chaoyang",39.9812965,116.3805825,iidx;other;taiko,,,ziv
广州星力动漫游戏产业园,"广州市番禺区东环街迎新路8号 广州市(CANTON) 广东省 (Guangdong Province), 广州市(CANTON)",22.9694623,113.3773774,gitadora;iidx;jubeat;other;reflec,,gitadora:4;iidx:2;jubeat:4;reflec:2,ziv
悠窝音游,风尚米兰一期LOFT2号楼1010,34.2808491,117.1805283,chunithm;iidx;maimai_dx;ongeki;sdvx;taiko,,chunithm:1;iidx:1;maimai_dx:2;ongeki:1;sdvx:1;taiko:1,bemanicn;nearcade
拿酷科幻城湛江赤坎店,广东省湛江市赤坎区沙湾街道丽悦新天M层拿酷科幻城,21.2691259,110.3885873,ddr;gitadora;iidx;jubeat;maimai_dx;other,,ddr:1;gitadora:1;iidx:1;jubeat:1;maimai_dx:1,wahlap;bemanicn;nearcade
插电师北京王府井银泰店,北京市东城区王府井大街88号银泰in88商场2层插电师电玩,39.9148584,116.4055625,chunithm;iidx;maimai_dx;sdvx;taiko,,chunithm:2;iidx:2;maimai_dx:3;sdvx:2;taiko:1,wahlap;bemanicn;ziv;nearcade
无锡树屋音游·Cafe,锡上MONO 3F,31.5796723,120.2989952,chunithm;ddr;gitadora;iidx;jubeat;maimai_dx;nostalgia;popn;project_diva;pump_it_up;sdvx;taiko;wacca,,chunithm:3;ddr:1;gitadora:2;iidx:3;jubeat:2;maimai_dx:3;nostalgia:1;popn:1;project_diva:1;pump_it_up:1;sdvx:1;taiko:2;wacca:1,bemanicn;nearcade
极限游戏道馆（天台广场）,重新路二段78号1楼,25.0651860,121.4939769,chunithm;ddr;drs;gitadora;iidx;jubeat;maimai_dx;other;popn;project_diva;pump_it_up;reflec;sdvx;taiko;wacca,,chunithm:3;ddr:1;drs:1;gitadora:2;iidx:2;jubeat:4;maimai_dx:3;popn:1;project_diva:1;pump_it_up:1;reflec:1;sdvx:4;taiko:2;wacca:2,nearcade
核客电玩城深圳罗湖店,广东省深圳市罗湖区深南东路3020号百货广场大厦西座一楼,22.5462808,114.1130620,chunithm;drs;iidx;maimai_dx;other;pump_it_up;sdvx;taiko;wacca,,chunithm:2;drs:1;iidx:1;maimai_dx:2;pump_it_up:1;sdvx:2;taiko:2;wacca:3,wahlap;bemanicn;ziv;nearcade
梦幻谷游艺城,"汾宁路东方广场翡翠城南侧 佛山市(FoShan) 广东省 (Guangdong Province), 528000, 佛山市(FoShan)",23.0369874,113.1197881,iidx;jubeat;other;reflec,,iidx:1;jubeat:2;reflec:1,ziv
欢乐故事（昆明新西南店）,人民中路17号新西南广场B区负一楼,25.0443727,102.7131241,drs;iidx;other,,drs:1,bemanicn;nearcade
欢乐海洋,"北京市东城区东直门外大街46号(天恒大厦B1层) 东城/西城区 Dongcheng/Xicheng District 北京 (Beijing), 东城/西城区 Dongcheng/Xicheng District",39.9404320,116.4368579,iidx;jubeat;other;reflec;taiko,,,ziv
永淇樂園,中正區市民大道一段50號,25.0515367,121.5148863,chunithm;gitadora;groove_coaster;iidx;jubeat;maimai_dx;nostalgia;other;project_diva;sdvx;taiko;wacca,,chunithm:2;gitadora:1;groove_coaster:2;iidx:1;jubeat:3;maimai_dx:2;nostalgia:2;project_diva:2;sdvx:3;taiko:2;wacca:3,nearcade
汤姆熊成都王府井,科华中路9路王府井购物中心（科华店）3楼汤姆熊欢乐世界,30.6210914,104.0733368,ddr;iidx;jubeat;maimai_dx;other;sdvx;taiko,,ddr:1;iidx:1;jubeat:1;maimai_dx:2;sdvx:1;taiko:1,bemanicn;ziv;nearcade;wahlap
泛时空北京西红门荟聚店,西红门欣宁街15号荟聚购物中心2楼（近地铁口）,39.7875739,116.3211018,chunithm;dance_evo;ddr;gitadora;iidx;jubeat;maimai_dx;other;sdvx;taiko,,chunithm:2;dance_evo:1;ddr:1;gitadora:2;iidx:2;jubeat:3;maimai_dx:4;sdvx:1;taiko:2,bemanicn;ziv;nearcade
源窝,建华大街511号鑫隆湾E座,38.8639000,115.4768480,iidx;sdvx;taiko,,iidx:1;sdvx:1;taiko:1,bemanicn
源窝,建华大街511号鑫隆湾E座,38.8637742,115.4764987,iidx;sdvx;taiko,,iidx:1;sdvx:1;taiko:1,nearcade
炫鼓音游工作社,静蕙街3号5号车库,38.9735624,121.5671799,ddr;iidx;jubeat;popn;pump_it_up;taiko,,ddr:4;iidx:1;jubeat:1;popn:1;pump_it_up:4;taiko:1,bemanicn;nearcade
烈火游戏机娱乐,"Jiangning Road No. 77-4F 美琪大剧院对面 静安区 (Jing'an District) 上海 (Shanghai), 200041, 静安区 (Jing'an District)",31.2311100,121.4510035,chunithm;gitadora;groove_coaster;iidx;jubeat;maimai_dx;other;sdvx;taiko,,chunithm:1;gitadora:2;groove_coaster:1;iidx:2;jubeat:1;maimai_dx:10;sdvx:4;taiko:2,ziv
燕窝 2.9ver,趵北路龙泉商城五楼东头南侧,36.6631164,117.0126037,chunithm;ddr;gitadora;iidx;jubeat;maimai_dx;nostalgia;ongeki;popn;sdvx;taiko,,chunithm:1;ddr:1;gitadora:3;iidx:1;jubeat:1;maimai_dx:1;nostalgia:1;ongeki:1;popn:1;sdvx:1;taiko:1,bemanicn;nearcade
猫窝布吉店,广东省深圳市龙岗区鸿冠实业5栋,22.6067012,114.1207078,chunithm;iidx;jubeat;maimai_dx;ongeki;sdvx,,chunithm:5;iidx:1;jubeat:1;maimai_dx:5;ongeki:1;sdvx:1,wahlap;bemanicn;nearcade
猫窝（东圃）,东圃地铁站，详情请加群,23.1127159,113.3958803,chunithm;ddr;iidx;maimai_dx;ongeki,,chunithm:3;ddr:1;iidx:1;maimai_dx:3;ongeki:1,bemanicn;nearcade
猫窝（京溪）,白云区广州大道北1421号圣地大厦L203-2,23.1879101,113.3199776,chunithm;iidx;maimai_dx;ongeki;sdvx,,chunithm:3;iidx:1;maimai_dx:3;ongeki:1;sdvx:1,bemanicn;nearcade
猫窝（大石店）,广东省广州市番禺区地铁3号线大石[地铁站],23.0203526,113.3162992,chunithm;drs;gitadora;iidx;maimai_dx;ongeki;sdvx;wacca,,chunithm:5;drs:1;gitadora:1;iidx:2;maimai_dx:5;ongeki:2;sdvx:1;wacca:1,bemanicn;nearcade
电雀屋Cozyroom,学院8号写字楼B619室（白天从如家旁电梯上楼，夜间从C座门口进入；进门指引进群查看）,39.9999309,116.3409709,chunithm;iidx;jubeat;maimai_dx;ongeki;taiko,,chunithm:2;iidx:1;jubeat:1;maimai_dx:5;ongeki:1;taiko:1,bemanicn;ziv;nearcade
白喵一番屋 中壢店,延平路575號,24.9576308,121.2187660,chunithm;gitadora;iidx;maimai_dx;sdvx;taiko;wacca,,chunithm:3;gitadora:2;iidx:1;maimai_dx:3;sdvx:2;taiko:2;wacca:1,nearcade
皆道口studio,街道口，详情加群了解,30.5291198,114.3478586,chunithm;gitadora;iidx;jubeat;maimai_dx;ongeki;other;popn;sdvx,,chunithm:2;gitadora:1;iidx:1;jubeat:1;maimai_dx:1;ongeki:1;popn:1;sdvx:2,bemanicn;nearcade
真快活武汉光谷世界城店,湖北省武汉市洪山区珞瑜路726号光谷世界城4楼,30.5083796,114.3988278,chunithm;iidx;maimai_dx;other;sdvx;taiko,,chunithm:2;iidx:1;maimai_dx:2;sdvx:1;taiko:1,wahlap;bemanicn;nearcade
真快活电玩城（珞珈创意城）,"27 Luo Yu Lu 街道口珞珈创意城 7楼(地铁2号线街道口C出口) Wuhan Shi Hubei Sheng, 430073, Wuhan Shi",30.5262432,114.3558311,iidx;jubeat;other;taiko,,,ziv
真快活美乐园(司门口店),"武汉市武昌区司门口ATM潮流百货7楼 武汉(Wuhan) 湖北(Hubei), 武汉(Wuhan)",30.5471819,114.2995898,iidx;jubeat;other,,,ziv
福窝·FullFull OYUDO BAR,富水南路196号贵州国际商城31层3号（贵州黔城酒店对面）,26.5753725,106.7127871,chunithm;gitadora;iidx;maimai_dx;ongeki;other;popn;sdvx;taiko,,chunithm:1;gitadora:1;iidx:1;maimai_dx:1;ongeki:1;popn:1;sdvx:1;taiko:1,bemanicn;nearcade
繁水屋Club,万昌路站a口200m内,28.3785887,121.3753048,chunithm;gitadora;iidx;jubeat;maimai_dx;ongeki;sdvx;taiko,,chunithm:1;gitadora:1;iidx:1;jubeat:1;maimai_dx:1;ongeki:1;sdvx:1;taiko:1,bemanicn;nearcade
羊窝 2.0,CBD恒基国际A座2101,30.7109906,111.2855663,chunithm;iidx;jubeat;maimai_dx;ongeki;sdvx,,chunithm:1;iidx:1;jubeat:1;maimai_dx:3;ongeki:1;sdvx:1,bemanicn;nearcade
翡翠·立直麻将·音游,广东省中山市龙井南路艺进大厦停车场内艺进大厦停车场里面,22.5340670,113.3863933,chunithm;ddr;drs;gitadora;iidx;jubeat;maimai_dx;other;project_diva;reflec;sdvx,,chunithm:2;ddr:1;drs:1;gitadora:1;iidx:2;jubeat:1;maimai_dx:1;project_diva:1;reflec:1;sdvx:1,bemanicn;nearcade
肥窝,绿地·新都会B区（座）409,31.3314734,118.4009782,chunithm;iidx;maimai_dx;ongeki;sdvx;taiko,,chunithm:2;iidx:1;maimai_dx:4;ongeki:1;sdvx:1;taiko:1,nearcade
苏州火窝音游,人民桥南地铁站人民桥南地铁站,31.2867206,120.6214262,chunithm;ddr;iidx;maimai_dx;ongeki;sdvx;taiko,,chunithm:2;ddr:1;iidx:1;maimai_dx:6;ongeki:1;sdvx:2;taiko:1,bemanicn;nearcade
茄子卡窝,贵筑街道明珠大道碧桂园印象花溪一期35栋,26.4209543,106.6605238,chunithm;groove_coaster;iidx;jubeat;maimai_dx;nostalgia;ongeki;popn;sdvx;taiko,,chunithm:1;groove_coaster:1;iidx:1;jubeat:1;maimai_dx:2;nostalgia:1;ongeki:1;popn:1;sdvx:1;taiko:1,bemanicn;nearcade
菜窝喵喵喵,浙江省杭州市拱墅区中山北路607号现代城建大厦,30.2464761,120.0277351,chunithm;groove_coaster;iidx;maimai_dx;ongeki;sdvx,,chunithm:1;groove_coaster:1;iidx:1;maimai_dx:2;ongeki:1;sdvx:1,bemanicn;nearcade
街机烈火,江宁路77恒顺大楼4层(南京西路地铁站1号口步行430米),31.2312273,121.4508807,chunithm;dance_evo;ddr;gitadora;iidx;jubeat;maimai_dx;nostalgia;other;popn;project_diva;sdvx;taiko;wacca,,chunithm:5;dance_evo:1;ddr:2;gitadora:2;iidx:5;jubeat:2;maimai_dx:9;nostalgia:1;popn:2;project_diva:1;sdvx:4;taiko:2;wacca:1,bemanicn;nearcade
诺窝,襄城区檀溪路国际商都,32.0078880,112.1091760,chunithm;iidx;maimai_dx;nostalgia;ongeki;sdvx,,chunithm:1;maimai_dx:2;ongeki:1,bemanicn
超次方潮玩（江南亭子码头店）,广西壮族自治区南宁市江南区福建路与江南大道交叉口东南亭子旅游码头,22.7947818,108.3191120,chunithm;groove_coaster;iidx;jubeat;maimai_dx;popn;sdvx;taiko;wacca,,chunithm:2;groove_coaster:2;iidx:2;jubeat:1;maimai_dx:2;popn:1;sdvx:1;taiko:1;wacca:2,bemanicn;nearcade
车库窝,东升里11号 百花苑D座首层87号,23.0280630,113.1079658,gitadora;iidx;sdvx,,gitadora:1;iidx:1;sdvx:1,bemanicn;nearcade
轩轩窝,美宜佳,22.6119587,114.0237804,iidx;maimai_dx;sdvx,,iidx:1;maimai_dx:1;sdvx:1,bemanicn;nearcade
遂溪电玩音游窝,遂城镇肥娟小吃附近100米,21.3791705,110.2527180,chunithm;gitadora;iidx;jubeat;maimai_dx;project_diva;taiko,,chunithm:1;gitadora:1;iidx:1;jubeat:1;maimai_dx:1;project_diva:1;taiko:1,bemanicn;nearcade
青岛探索空间电玩城,"青岛市市北区台东商业步行街 青岛市 (Qingdao) 山东省 (Shandong Province), 青岛市 (Qingdao)",36.0833727,120.3553802,iidx;jubeat;other;popn;taiko,,iidx:1;jubeat:2;popn:1;taiko:1,ziv
青春飞扬动漫城,谷德广场负一福喜地西侧0536-8095655,36.7208045,119.1641532,chunithm;iidx;jubeat;maimai_dx;ongeki;other;sdvx;taiko;wacca,,chunithm:2;iidx:1;jubeat:2;maimai_dx:1;ongeki:2;sdvx:1;taiko:1;wacca:1,bemanicn;nearcade
风铃工坊🎐Foorin Studio,西航港街道大件路白家段280号蓝光空港国际城1期7栋,30.5726695,104.0071485,chunithm;groove_coaster;iidx;jubeat;nostalgia;ongeki;other;sdvx,,chunithm:2;groove_coaster:1;iidx:1;jubeat:1;nostalgia:1;ongeki:1;sdvx:1,bemanicn;nearcade
香霖堂KOURINDOU,清远市清城区笔架北路,23.7191647,113.0350337,chunithm;iidx;jubeat;maimai_dx;ongeki;popn;sdvx;taiko,,chunithm:1;iidx:1;jubeat:1;maimai_dx:2;ongeki:1;popn:1;sdvx:1;taiko:1,bemanicn;nearcade
鱼窝,河南省郑州市二七区西太康路二七区金博大LIVE(西太康路南),34.7568188,113.6597251,chunithm;ddr;gitadora;iidx;jubeat;maimai_dx;ongeki;sdvx;taiko,,chunithm:2;ddr:1;gitadora:1;iidx:1;jubeat:1;maimai_dx:4;ongeki:1;sdvx:2;taiko:1,nearcade
鸽屋咕咕咕,中山南路101号 金銮大厦24楼 出电梯右转,32.0385737,118.7794347,chunithm;ddr;gitadora;iidx;jubeat;maimai_dx;nostalgia;other;popn;sdvx;taiko,,chunithm:2;ddr:1;gitadora:2;iidx:3;jubeat:2;maimai_dx:2;nostalgia:1;popn:1;sdvx:2;taiko:1,bemanicn;nearcade;wahlap
鸿窝,双墩镇华宇·中梁北麓雅苑10栋3单元606,32.0392215,117.2396585,chunithm;iidx;maimai_dx;ongeki;sdvx;taiko,,chunithm:2;iidx:1;maimai_dx:2;ongeki:1;sdvx:1;taiko:1,nearcade
Cibien's Corner - Game World,"1 Fajtlova Fajtlova 1090 Prague Hlavní město Praha, 161 00, Prague",50.0934738,14.2904887,groove_coaster;iidx;jubeat;nostalgia;other;pump_it_up;sdvx,,groove_coaster:1;iidx:1;jubeat:1;nostalgia:1;pump_it_up:1;sdvx:1,ziv;insert_coin
Sugoi Oy,"7 C Teerisuonkuja, Helsinki, 00700, FI",60.2526320,25.0257620,chunithm;ddr;groove_coaster;iidx;jubeat;maimai_dx;nostalgia;ongeki;popn;project_diva;pump_it_up;sdvx;stepmaniax;taiko;wacca,,chunithm:1;ddr:1;groove_coaster:1;iidx:1;jubeat:1;maimai_dx:1;nostalgia:1;ongeki:1;popn:1;project_diva:1;pump_it_up:1;sdvx:1;stepmaniax:1;taiko:1;wacca:1,insert_coin
Atom City,"113 Rue Barthélémy Delespaul Lille Hauts-de-France, 59000, Lille",50.6243363,3.0652070,chunithm;drs;gitadora;groove_coaster;iidx;jubeat;nostalgia;other;popn;project_diva;pump_it_up;sdvx;taiko;wacca,,chunithm:1;drs:1;gitadora:2;groove_coaster:1;iidx:1;jubeat:1;nostalgia:1;popn:3;project_diva:1;pump_it_up:1;sdvx:2;taiko:1;wacca:1,ziv;insert_coin
HI-SCORE,"Anna-Zammert-Str. 28 Hannover Niedersachsen, 30171, Hannover",52.3642896,9.7637075,chunithm;ddr;drs;groove_coaster;iidx;jubeat;nostalgia;ongeki;other;popn;project_diva;pump_it_up;reflec;sdvx;stepmaniax;taiko;wacca,,chunithm:1;ddr:1;drs:1;groove_coaster:1;iidx:1;jubeat:1;nostalgia:1;ongeki:1;popn:1;project_diva:1;pump_it_up:1;reflec:1;sdvx:1;stepmaniax:1;taiko:1;wacca:4,ziv;insert_coin
GOLDEN ERA GAME CENTRE,"2/F, GOLDEN ERA PLAZA, 39SAI YEE STREET, MONGKOK, KOWLOON",22.3183610,114.1717300,chunithm;ddr;groove_coaster;iidx;jubeat;maimai_dx;other;popn;sdvx;taiko;wacca,,chunithm:5;ddr:1;groove_coaster:1;iidx:1;jubeat:4;maimai_dx:6;popn:1;sdvx:1;taiko:2;wacca:2,allnet;bemanicn;ziv;nearcade;hkrgm2
POWER CITY(TIN SHUI WAI),"G68-72 G/F,PHASE 1 KINGSWOOD GINZA, TIN SHUI WAI, N.T.",22.4569941,114.0046892,chunithm;iidx;jubeat;maimai_dx;other;sdvx;taiko;wacca,,chunithm:2;iidx:1;jubeat:2;maimai_dx:5;sdvx:2;taiko:1;wacca:2,allnet;bemanicn;ziv;nearcade;hkrgm2
SALEM GAME CENTRE,"C2 G/F.,FUN CITY, 7LEK YUEN ST.,SHA TIN ,NT.",22.3841358,114.1923047,chunithm;gitadora;iidx;jubeat;maimai_dx;other;taiko,,chunithm:2;gitadora:2;iidx:1;jubeat:2;maimai_dx:2;taiko:1,allnet;nearcade
SILVERCORD AMUSEMENT ＆ GAMES,"SHOP B03 BASEMENT, SILVERCORD30CANTON RD, T.S.T, KOWLOON",22.2977762,114.1695193,gitadora;iidx;jubeat;maimai_dx;other;popn;sdvx;taiko;wacca,,gitadora:2;iidx:1;jubeat:4;maimai_dx:3;popn:1;sdvx:2;taiko:2;wacca:1,allnet;bemanicn;ziv;nearcade;insert_coin
SMART GAME(WAN CHAI),"G/F,GREAT SMART TOWER,NO.230 WAN CHAI ROAD,HONG KONG",22.2780890,114.1789090,chunithm;gitadora;iidx;jubeat;maimai_dx;other;taiko,,chunithm:2;gitadora:2;iidx:1;jubeat:2;maimai_dx:2;taiko:1,allnet;bemanicn;nearcade;hkrgm2
SUPER KING GAME CENTRE,"B/F,WEST COAST BLDG, 290-296UN CHAU ST.,CHEUNG SHA WAN,KW",22.3356793,114.1591221,chunithm;drs;gitadora;groove_coaster;iidx;jubeat;maimai_dx;nostalgia;other;sdvx;taiko,,chunithm:4;drs:1;gitadora:6;groove_coaster:2;iidx:1;jubeat:2;maimai_dx:7;nostalgia:2;sdvx:3;taiko:2,allnet;bemanicn;ziv;nearcade;hkrgm2;insert_coin
旺角SmartGame,"旺角, 1樓",22.3169653,114.1719258,chunithm;ddr;groove_coaster;iidx;jubeat;maimai_dx;popn;project_diva;reflec;sdvx;taiko;wacca,,chunithm:4;ddr:1;groove_coaster:2;iidx:1;jubeat:4;maimai_dx:4;popn:1;project_diva:2;reflec:1;sdvx:1;taiko:2;wacca:2,hkrgm2
沙龍遊戲機中心,沙田,22.3843666,114.1924423,chunithm;gitadora;iidx;jubeat;maimai_dx;taiko,,chunithm:2;gitadora:2;iidx:1;jubeat:2;maimai_dx:2;taiko:1,hkrgm2
Amazone,"1 Jalan Artha Gading Selatan, Daerah Khusus Ibukota Jakarta, 14240, ID",-6.1463300,106.8911370,ddr;drs;iidx;maimai_dx;pump_it_up;sdvx,,ddr:1;drs:1;iidx:1;maimai_dx:1;pump_it_up:1;sdvx:1,insert_coin
Amazone - Lotte Shopping Avenue,"3-5 Jalan Professor Doktor Satrio Jakarta Selatan Daerah Khusus Ibukota Jakarta, 12940, Jakarta Selatan",-6.2239157,106.8229249,dance_evo;ddr;gitadora;groove_coaster;iidx;other;pump_it_up;sdvx,,dance_evo:1;ddr:1;gitadora:2;groove_coaster:2;iidx:1;pump_it_up:1;sdvx:1,ziv
Amazone - Mall Artha Gading,"1 Jalan Artha Gading Selatan Jakarta Daerah Khusus Ibukota Jakarta, 14240, Jakarta",-6.1458217,106.8925416,ddr;drs;iidx;other;pump_it_up;sdvx,,,ziv
Amazone - Manado Town Square 3,"Jalan Piere Tendean Manado Sulawesi Utara, 95111, Manado",1.4696417,124.8302367,gitadora;iidx;other;pump_it_up;sdvx,,,ziv
Amazone Ciputra World Jakarta,"3-5 Jalan Professor Doktor Satrio, Daerah Khusus Ibukota Jakarta, 12940, ID",-6.2243320,106.8234580,ddr;iidx;maimai_dx;pump_it_up;sdvx,,ddr:1;iidx:1;maimai_dx:1;pump_it_up:1;sdvx:1,insert_coin
AMAZONE MANTOS,"Jalan Piere Tendean, Sulawesi Utara, ID",1.4726160,124.8313460,dance_evo;gitadora;iidx;maimai_dx;pump_it_up;sdvx,,dance_evo:1;gitadora:2;iidx:1;maimai_dx:1;pump_it_up:1;sdvx:1,insert_coin
Cow Play Cow Moo (CPCM) at Entertainment District PIK 2,"Jl. Rasuna Said, Banten, 15214, ID",-6.0475450,106.7053990,chunithm;ddr;drs;gitadora;iidx;maimai_dx;nostalgia;pump_it_up;sdvx,,chunithm:1;ddr:1;drs:1;gitadora:3;iidx:1;maimai_dx:1;nostalgia:1;pump_it_up:1;sdvx:1,insert_coin
COW PLAY COW MOO CARSTENSZ MALL,Jalan jend sudirman no1. Cihuni. Kec pagedangan,-6.2697615,106.6304198,chunithm;ddr;drs;gitadora;iidx;maimai_dx;nostalgia;other;pump_it_up;sdvx,,chunithm:4;ddr:1;drs:1;gitadora:2;iidx:1;maimai_dx:4;nostalgia:2;pump_it_up:2;sdvx:2,allnet;ziv;insert_coin
Cow Play Cow Moo Mall of Indonesia,"2nd Floor Jl. Boulevard Bar. Raya No.12 Jakarta Utara 14240, Jakarta Utara",-6.1513526,106.8929172,chunithm;ddr;drs;gitadora;iidx;maimai_dx;other;pump_it_up;sdvx,,chunithm:4;ddr:1;drs:1;gitadora:2;iidx:1;maimai_dx:2;pump_it_up:1;sdvx:1,ziv;insert_coin
Cow Play Cow Moo PIK2,"Entertainment District PIK 2, Blok A6, Jl. Rasuna Said Pantai In Tanggerang Banten, 15214, Tanggerang",-6.0462851,106.7053288,chunithm;ddr;drs;gitadora;iidx;maimai_dx;nostalgia;pump_it_up;sdvx,,chunithm:4;ddr:1;drs:1;gitadora:3;iidx:1;maimai_dx:3;nostalgia:1;pump_it_up:2;sdvx:1,ziv
Cow Play Cow Moo Pluit Village Mall,"23 Jalan Pluit Karang Karya Timur 2nd Floor DKI Jakarta Jakarta Utara, 14450, DKI Jakarta",-6.1163928,106.7881072,chunithm;ddr;drs;gitadora;iidx;maimai_dx;nostalgia;pump_it_up;sdvx,,chunithm:3;ddr:1;drs:1;gitadora:3;iidx:1;maimai_dx:3;nostalgia:2;pump_it_up:2;sdvx:1,ziv;insert_coin
Cow Play Cow Moo ÉLYSÉE SCBD,"Jl. SCBD No. Kav 52-53, Lantai 3A, Jakarta Selatan, 12190,, Jakarta Selatan,",-6.2260035,106.8131916,chunithm;ddr;drs;iidx;maimai_dx;other;pump_it_up;sdvx,,chunithm:3;ddr:1;drs:1;iidx:1;maimai_dx:3;pump_it_up:1;sdvx:1,ziv;insert_coin
CPCM LIPPO MALL NUSANTARA,"Jl. Jend. Sudirman Kav. 50, Karet Semanggi, Setiabudi",-6.2201667,106.8143752,chunithm;iidx;maimai_dx;pump_it_up;sdvx,,chunithm:4;iidx:1;maimai_dx:3;pump_it_up:1;sdvx:2,allnet;ziv;insert_coin
Element Family Fun,"3 Jalan Puri Lingkar Luar, Daerah Khusus Ibukota Jakarta, 11610, ID",-6.1908610,106.7390540,drs;gitadora;groove_coaster;iidx;nostalgia;pump_it_up;sdvx,,drs:1;gitadora:1;groove_coaster:1;iidx:1;nostalgia:1;pump_it_up:1;sdvx:1,insert_coin
Funstation - E-Walk,"e-Walk Balikpapan Super Block Lt. UG, Jl. Jenderal Sudirman No.4 Balikpapan Southeast Asia, 76114, Balikpapan",-1.2737676,116.8586667,iidx;maimai_dx;other;pump_it_up;sdvx,,iidx:1;maimai_dx:1;pump_it_up:1;sdvx:1,ziv;insert_coin
Happy Time Manhattan | Solo Paragon Lifestyle Mall,"Jl. Yosodipuro No.133, Mangkubumen, Kec. Banjarsari Solo Paragon Lifestyle Mall Lt. 3 Surakarta Jawa Tengah, 57139, Surakarta",-7.5626777,110.8099489,iidx;other;pump_it_up;sdvx,,iidx:1;pump_it_up:1;sdvx:1,ziv;insert_coin
Hokki Bear Batam City Square,"Jl. Bunga Raya, Batu Selicin, Kec. Lubuk Baja, Kota Batam Batam Kepulauan Riau, 29462, Batam",1.1334544,104.0099421,gitadora;groove_coaster;iidx;other;pump_it_up;taiko,,gitadora:1;groove_coaster:1;iidx:1;pump_it_up:1;taiko:1,ziv;insert_coin
Megamas Business District,"1 Jalan Piere Tendean, Sulawesi Utara, 95111, ID",1.4852640,124.8308190,iidx;maimai_dx;pump_it_up;sdvx,,iidx:1;maimai_dx:1;pump_it_up:1;sdvx:1,insert_coin
Mr. Token,"Jalan Ahmad Yani, Jawa Timur, 60234, ID",-7.3447710,112.7276650,gitadora;groove_coaster;iidx;pump_it_up;sdvx,,gitadora:1;groove_coaster:1;iidx:1;pump_it_up:2;sdvx:1,insert_coin
Playtopia @ Supermall Karawaci,"Supermal Karawaci, Bencongan, Kecamatan Kelapa Dua, Kabupaten Ta Tangerang 15810, Tangerang",-6.2257155,106.6062651,groove_coaster;iidx;other;pump_it_up;sdvx;taiko,,groove_coaster:1;iidx:1;pump_it_up:1;sdvx:1;taiko:1,ziv;insert_coin
Adores,"Koto City, 136-0071, JP",35.6989720,139.8257140,chunithm;iidx;maimai_dx;popn,,chunithm:1;iidx:1;maimai_dx:1;popn:1,insert_coin
Adores,"Toshima City, 170-0013, JP",35.7301780,139.7148520,iidx;jubeat;maimai_dx;popn;project_diva;reflec;sdvx;taiko,,iidx:1;jubeat:1;maimai_dx:1;popn:1;project_diva:1;reflec:1;sdvx:1;taiko:1,insert_coin
AMFマーズ,横浜市中区長者町6-106,35.4428479,139.6311041,gitadora;iidx;jubeat;nostalgia;sdvx,gitadora_dm_arena;gitadora_gf_arena;iidx_lm;sdvx_vm,,eagate
AmiPara Kumiyama (アミパラ久御山店),"337, Moriouchi Kumiyama Kyoto, 613-0024, Kumiyama",34.8953282,135.7477913,chunithm;iidx;maimai_dx,,,ziv
Amuse JoyBox,"首里儀保町3-16 那覇市 沖縄県, 3-16, 那覇市",26.2246033,127.7194092,iidx;other,,iidx:2,ziv
Amusement&Game MAGHREB,多摩市落合1-39-2マグレブビル1F,35.6240240,139.4231960,gitadora;iidx;jubeat;polaris_chord;popn;sdvx,gitadora_dm_arena;gitadora_gf_arena;iidx_lm;popn_pikapika;sdvx_vm,,eagate
AMパークイオンモール奈良登美ヶ丘店,奈良県生駒市鹿畑町３０２７イオンモール専門店街３階,34.7260080,135.7505666,chunithm;ddr;iidx;maimai_dx;other;sdvx,sdvx_vm,,allnet;eagate;ziv
APINA Yoshikawa Minami (アピナ吉河美南店),"AEON TOWN Yoshikawa Minami East Block (イオンタウン吉川美南東街区) 2F 3-25-1, Minami Yoshikawa Saitama, 342-0038, Yoshikawa",35.8658467,139.8589601,ddr;iidx;other;taiko,,,ziv
BOX.Q3,名古屋市中村区則武1-16-8第一Uコーポ1F,35.1731010,136.8766030,iidx;other;popn,iidx_lm,iidx:1,eagate;ziv;insert_coin
Comtech Square (コムテックスクエア),"1-16-8, Kanayama, Naka-ku Nagoya Aichi, 460-0022, Nagoya",35.1400000,136.9000000,chunithm;ddr;gitadora;iidx;jubeat;maimai_dx;nostalgia;ongeki;other;polaris_chord;popn;project_diva;reflec;sdvx;taiko,,chunithm:3;ddr:2;gitadora:4;iidx:4;jubeat:2;maimai_dx:2;nostalgia:2;ongeki:3;polaris_chord:2;popn:2;project_diva:1;reflec:1;sdvx:3;taiko:2,ziv
G-stage浜町,長崎県長崎市浜町2-26,32.7448472,129.8775421,chunithm;gitadora;iidx;maimai_dx;ongeki;other;popn;sdvx;taiko,iidx_lm;popn_pikapika;sdvx_vm,chunithm:1;gitadora:2;iidx:1;maimai_dx:1;ongeki:1;popn:1;sdvx:1;taiko:1,allnet;eagate;ziv;insert_coin
GAME CHAO Matsusaka,"Matsusaka, 515-0812, JP",34.5885860,136.5258620,chunithm;crossbeats;gitadora;iidx;jubeat;maimai_dx;nostalgia;ongeki;popn;project_diva;sdvx;taiko,,chunithm:1;crossbeats:1;gitadora:2;iidx:1;jubeat:1;maimai_dx:1;nostalgia:1;ongeki:1;popn:1;project_diva:1;sdvx:1;taiko:1,insert_coin
GAMESPOT VERSUS,荒川区西日暮里5-15-10,35.7319100,139.7680400,iidx;sdvx,iidx_lm;sdvx_vm,iidx:1;sdvx:1,eagate;insert_coin
GAME・パフェ萩,山口県萩市大字椿東3000-5,34.4165984,131.4100396,chunithm;gitadora;iidx;other;popn;project_diva,,,allnet;eagate;ziv
GiGO Fuji Mall Fukiage / GiGOフジモール吹上,"Fuji Mall Fukiage 2F 90−1, Fukuro Konosu Saitama, 〒369-0131, Konosu",36.0853149,139.4901466,chunithm;iidx;maimai_dx;ongeki;other;sdvx;taiko,,chunithm:2;sdvx:1;taiko:1,ziv
GiGO SEIYU Teine (GiGO西友手稲),"1-11, Maeda, Teine-ku Seiyu Teine (西友手稲店) 3F Sapporo Hokkaido, 006-0811, Sapporo",43.1203204,141.2451953,chunithm;gitadora;iidx;maimai_dx;ongeki;other;polaris_chord;popn;sdvx;taiko,,,ziv
GiGO Supakuobihiro,"Obihiro, 080-0051, JP",42.9195150,143.1745780,ddr;iidx;maimai_dx;nostalgia;polaris_chord;project_diva;sdvx,,ddr:1;iidx:1;maimai_dx:1;nostalgia:1;polaris_chord:1;project_diva:1;sdvx:1,insert_coin
Handakoronawarudo,"Handa, 475-0838, JP",34.8749880,136.9218410,chunithm;gitadora;iidx;maimai_dx;nostalgia;ongeki;polaris_chord;popn;project_diva;sdvx;taiko,,chunithm:1;gitadora:4;iidx:2;maimai_dx:1;nostalgia:1;ongeki:1;polaris_chord:1;popn:1;project_diva:1;sdvx:1;taiko:1,insert_coin
Hapipiland Pythagoras Wakayama (ハピピランドピタゴラス和歌山店),"73-1, Donyu Wakayama Wakayama, 640-8432, Wakayama",34.2525095,135.1462080,iidx;other;popn;sdvx,,,ziv
High-Tech Land Sega Shibuya,"Shibuya, 150-0002, JP",35.6600910,139.7027890,chunithm;ddr;iidx;jubeat;maimai_dx;nostalgia;ongeki;polaris_chord;project_diva;sdvx;taiko,,chunithm:1;ddr:1;iidx:1;jubeat:1;maimai_dx:1;nostalgia:1;ongeki:1;polaris_chord:1;project_diva:1;sdvx:1;taiko:1,insert_coin
INTER PARK+1宇都宮,栃木県宇都宮市インターパーク６−５−１,36.4881173,139.9055690,chunithm;ddr;drs;gitadora;iidx;jubeat;maimai_dx;nostalgia;ongeki;other;polaris_chord;popn;project_diva;sdvx,,,allnet;ziv
M's PARK刈谷店,愛知県刈谷市稲場町３−２０６,35.0054807,137.0014037,chunithm;ddr;gitadora;iidx;jubeat;maimai_dx;ongeki;other;popn;sdvx;taiko,ddr_gold;iidx_lm;popn_pikapika;sdvx_vm,chunithm:4;ddr:1;gitadora:2;iidx:1;jubeat:2;maimai_dx:1;ongeki:1;popn:1;sdvx:1;taiko:1,allnet;eagate;ziv;insert_coin
M's PARK豊田店,愛知県豊田市寿町３−２１、２２,35.0566411,137.1400157,chunithm;ddr;gitadora;iidx;jubeat;maimai_dx;nostalgia;ongeki;other;popn;project_diva;reflec;sdvx,ddr_gold;iidx_lm;popn_pikapika;sdvx_vm,,allnet;eagate;ziv
Round 1,"Kasugai, 486-0842, JP",35.2590030,136.9824190,chunithm;ddr;gitadora;iidx;maimai_dx;ongeki;polaris_chord;sdvx;taiko,,chunithm:1;ddr:1;gitadora:2;iidx:1;maimai_dx:1;ongeki:1;polaris_chord:1;sdvx:1;taiko:1,insert_coin
Round 1,"Tsu, 514-0817, JP",34.6724800,136.5194970,chunithm;dance_around;ddr;gitadora;iidx;maimai_dx;ongeki;polaris_chord;popn;sdvx;taiko,,chunithm:1;dance_around:1;ddr:1;gitadora:2;iidx:1;maimai_dx:1;ongeki:1;polaris_chord:1;popn:1;sdvx:1;taiko:1,insert_coin
Round 1 Stadium,"Koto City, 135-0064, JP",35.6255860,139.7762560,chunithm;crossbeats;dance_around;dance_evo;ddr;drs;gitadora;iidx;jubeat;maimai_dx;ongeki;polaris_chord;popn;project_diva;sdvx;taiko,,chunithm:2;crossbeats:1;dance_around:1;dance_evo:1;ddr:1;drs:1;gitadora:4;iidx:2;jubeat:1;maimai_dx:1;ongeki:1;polaris_chord:1;popn:3;project_diva:1;sdvx:1;taiko:1,insert_coin
Round one Umeda,"Osaka, 530-0018, JP",34.7032570,135.5010410,dance_around;ddr;gitadora;groove_coaster;iidx;jubeat;maimai_dx;popn;project_diva;reflec;sdvx;taiko,,dance_around:1;ddr:1;gitadora:4;groove_coaster:1;iidx:1;jubeat:1;maimai_dx:1;popn:1;project_diva:1;reflec:1;sdvx:1;taiko:1,insert_coin
ROUND1 Stadium Handa (ラウンドワンスタジアム半田店),"6-7-8, Mizuho-cho Handa Aichi, 475-0828, Handa",34.8853884,136.9417513,chunithm;dance_around;ddr;drs;gitadora;iidx;maimai_dx;ongeki;other;polaris_chord;popn;sdvx;taiko;wacca,,chunithm:2;dance_around:1;ddr:1;drs:1;gitadora:2;iidx:1;maimai_dx:2;ongeki:2;polaris_chord:2;popn:1;sdvx:2;taiko:1;wacca:1,ziv;insert_coin
Taito F Station Takasaki OPA (タイトーFステーション高崎オーパ店),"Takasaki OPA (高崎オーパ) 7F 46-1, Yashimacho Takasaki Gunma, 370-0849, Takasaki",36.3232131,139.0107003,chunithm;iidx;maimai_dx;ongeki;sdvx;taiko,,,ziv
Taito Station Favore Fuchu (タイトーステーションファボーレ婦中店),"FUTURE CITY Favore (フューチャーシティ・ファボーレ) 2F 165-1, Shimokutsuwada, Fuchumachi Toyama Toyama, 939-2716, Toyama",36.6623993,137.1717568,iidx;other;taiko,,,ziv
Video Game Museum Robot Fukaya,"Fukaya, 366-0052, JP",36.1795680,139.2989220,iidx;jubeat;nostalgia;sdvx,,iidx:1;jubeat:1;nostalgia:1;sdvx:1,insert_coin
あそVIVA本店,福知山市字堀小字上高田2146-1あそVIVA1F,35.2897191,135.1348229,iidx;other;polaris_chord;popn;sdvx,iidx_lm;sdvx_vm,,eagate;ziv
あそＶＩＶＡ阪急茨木店,大阪府茨木市永代町６−２スポーツプラザ茨木２Ｆ,34.8179736,135.5763883,chunithm;ddr;gitadora;iidx;maimai_dx;nostalgia;ongeki;polaris_chord;popn;sdvx,ddr_gold;iidx_lm;popn_pikapika;sdvx_vm,,allnet;eagate
えの木　高松店,香川県高松市藤塚町３丁目３−３,34.3358800,134.0537325,chunithm;ddr;gitadora;iidx;jubeat;maimai_dx;ongeki;other;popn;project_diva;sdvx,ddr_gold;gitadora_dm_arena;gitadora_gf_arena;iidx_lm;popn_pikapika;sdvx_vm,,allnet;eagate;ziv
ゆりの木ボウル,青森県八戸市鷹匠小路１０,40.5066344,141.4932406,gitadora;iidx;maimai_dx;popn;sdvx,iidx_lm;sdvx_vm,,allnet;eagate
アップルグランリバー大井川店,静岡県焼津市下江留１３２７,34.8097010,138.2733246,chunithm;ddr;gitadora;iidx;maimai_dx;nostalgia;ongeki;polaris_chord;popn;project_diva;sdvx,ddr_gold;gitadora_dm_arena;gitadora_gf_arena;iidx_lm;popn_pikapika;sdvx_vm,,allnet;eagate
アップル島田店,静岡県島田市宝来町8-5,34.8266008,138.1874106,chunithm;gitadora;iidx;sdvx,gitadora_dm_arena;iidx_lm;sdvx_vm,,allnet;eagate
アップル新北街道店,静岡県静岡市葵区沓谷5-13-4,34.9982997,138.4134498,chunithm;ddr;gitadora;iidx;maimai_dx;ongeki;other;popn;project_diva;sdvx,ddr_gold;gitadora_dm_arena;iidx_lm;sdvx_vm,,allnet;eagate;ziv
アドアーズ上野アメ横,東京都台東区上野４−９−１４上野Ｋ．ＫビルＢ１〜４階,35.7100380,139.7742682,chunithm;gitadora;iidx;jubeat;ongeki;popn;project_diva;reflec;sdvx;taiko,iidx_lm;sdvx_vm,gitadora:2;iidx:1;jubeat:1;popn:1;project_diva:1;reflec:1;sdvx:1;taiko:1,allnet;eagate;ziv;insert_coin
アドアーズ中野,東京都中野区中野５−５２−１５　ブロードウェイ１８５,35.7091924,139.6656938,chunithm;iidx;maimai_dx;other;polaris_chord;sdvx;taiko,iidx_lm;sdvx_vm,chunithm:1;iidx:1;maimai_dx:1;polaris_chord:1;sdvx:1;taiko:1,allnet;eagate;ziv;insert_coin
アドアーズ亀戸店,東京都江東区亀戸５−２−６サンエービル１〜５階,35.6989635,139.8259037,chunithm;iidx;maimai_dx;popn;sdvx,popn_pikapika;sdvx_vm,,allnet;eagate
アドアーズ仙川,東京都調布市仙川町２−２１−１２　ＶＩＣビル７,35.6624923,139.5840936,chunithm;iidx;sdvx,iidx_lm;sdvx_vm,,allnet;eagate
アドアーズ大和店Ａ館,神奈川県大和市大和東１−４−３大黒屋ビル１、２階,35.4705555,139.4623450,chunithm;iidx;maimai_dx;sdvx,sdvx_vm,,allnet;eagate
アドアーズ新小岩,東京都葛飾区新小岩１−４４−４　ＶＯＲＴ新小岩ビル,35.7162968,139.8582264,chunithm;iidx;maimai_dx;ongeki;sdvx,iidx_lm;sdvx_vm,,allnet;eagate;ziv
アドアーズ札幌北４２条,北海道札幌市東区北４２条東７−１−１　嶋ビル２階,43.1119643,141.3551602,chunithm;gitadora;iidx;maimai_dx;nostalgia;other;taiko,gitadora_dm_arena;gitadora_gf_arena,chunithm:2;gitadora:2;iidx:4;maimai_dx:2;nostalgia:1;taiko:2,allnet;eagate;ziv;insert_coin
アドアーズ横須賀,神奈川県横須賀市本町３−２７横須賀ＡＰＴ１階,35.2806953,139.6622793,chunithm;iidx;maimai_dx;sdvx,sdvx_vm,,allnet;eagate
アドアーズ橋本,神奈川県相模原市緑区橋本３−３−１ＳＩＮＧビル２Ｆ,35.5945224,139.3488614,chunithm;gitadora;iidx;maimai_dx;sdvx,gitadora_dm_arena;gitadora_gf_arena;sdvx_vm,,allnet;eagate
アドアーズ船橋,千葉県船橋市本町１−３１−２６セブン船橋Ｂ１Ｆ〜３Ｆ,35.7005813,139.9844903,chunithm;iidx;maimai_dx;nostalgia;polaris_chord;popn;sdvx;taiko,iidx_lm;popn_pikapika;sdvx_vm,,allnet;eagate
アドアーズ蕨,埼玉県蕨市塚越1-4-4ラ・セーヌビル2階,35.8278164,139.6915592,chunithm;iidx;maimai_dx;ongeki;popn;sdvx,iidx_lm;sdvx_vm,,allnet;eagate
アピナ上尾店,埼玉県上尾市緑丘３−３−１１−２　Ｐ・Ａ・Ｐ・Ａ上尾ＳＣ別棟,35.9882466,139.5808223,chunithm;gitadora;iidx;jubeat;maimai_dx;nostalgia;ongeki;other;polaris_chord;popn;project_diva;sdvx,iidx_lm;popn_pikapika;sdvx_vm,,allnet;eagate;ziv
アピナ上田店,長野県上田市秋和３５９−１,36.4159917,138.2235105,chunithm;gitadora;iidx;jubeat;maimai_dx;nostalgia;ongeki;other;polaris_chord;popn;sdvx,iidx_lm;sdvx_vm,,allnet;eagate;ziv
アピナ下館店,茨城県筑西市玉戸１０１２−３,36.2954256,139.9456893,chunithm;gitadora;iidx;jubeat;maimai_dx;nostalgia;ongeki;other;polaris_chord;project_diva;sdvx,iidx_lm;sdvx_vm,,allnet;eagate;ziv
アピナ伊那店,長野県伊那市大字西町５０９３,35.8328702,137.9499861,chunithm;ddr;gitadora;iidx;jubeat;maimai_dx;nostalgia;ongeki;other;polaris_chord;project_diva,iidx_lm,,allnet;eagate;ziv
アピナ佐久インター店,長野県佐久市岩村田北１−１３−１,36.2844797,138.4823375,chunithm;drs;gitadora;iidx;jubeat;maimai_dx;ongeki;other;polaris_chord;popn;sdvx,iidx_lm;popn_pikapika;sdvx_vm,,allnet;eagate;ziv
アピナ八王子みなみ野店,東京都八王子市みなみ野１−２−１アクロスモール３Ｆ,35.6306170,139.3292720,chunithm;gitadora;iidx;maimai_dx;ongeki;other;polaris_chord;popn;sdvx,iidx_lm;popn_pikapika;sdvx_vm,,allnet;eagate;ziv
アピナ印西店,千葉県印西市原１−２ビッグホップガーデンモール印西２Ｆ,35.8033914,140.1649455,chunithm;iidx;jubeat;ongeki;other;polaris_chord;popn;sdvx;taiko,iidx_lm;sdvx_vm,,allnet;eagate;ziv
アピナ名古屋栄店,愛知県名古屋市中区錦３‐１７‐１５ドン・キホーテ栄本店Ｂ１,35.1702098,136.9063906,chunithm;iidx;maimai_dx;other;popn;sdvx;taiko,iidx_lm;popn_pikapika;sdvx_vm,chunithm:9;iidx:3;maimai_dx:6;popn:1;sdvx:4;taiko:6,allnet;eagate;ziv;insert_coin
アピナ四日市店,三重県四日市市泊小柳町４−３４,34.9393248,136.6068238,chunithm;gitadora;iidx;jubeat;maimai_dx;nostalgia;ongeki;other;polaris_chord;popn;project_diva;reflec;sdvx,gitadora_dm_arena;gitadora_gf_arena;iidx_lm;popn_pikapika;sdvx_vm,,allnet;eagate;ziv
アピナ塩尻店,長野県塩尻市広丘野村１７９４−１,36.1415524,137.9538308,chunithm;gitadora;iidx;jubeat;maimai_dx;ongeki;other;project_diva,iidx_lm,,allnet;eagate;ziv
アピナ太田店,群馬県太田市内ケ島町９０７−１,36.2829707,139.3984248,chunithm;ddr;gitadora;iidx;jubeat;maimai_dx;nostalgia;ongeki;other;polaris_chord;popn;project_diva;reflec;sdvx,iidx_lm;popn_pikapika;sdvx_vm,,allnet;eagate;ziv
アピナ姫路店,兵庫県姫路市東郷町１４５４−３姫路リオス２階,34.8269676,134.7151601,chunithm;dance_evo;drs;gitadora;iidx;jubeat;maimai_dx;nostalgia;ongeki;other;polaris_chord;popn;project_diva;reflec;taiko,iidx_lm;popn_pikapika,,allnet;eagate;ziv
アピナ富山南店,富山県富山市堀川町３５５−３　マイプラザ内,36.6649370,137.2173196,chunithm;gitadora;iidx;jubeat;maimai_dx;nostalgia;ongeki;polaris_chord;project_diva;sdvx;wacca,iidx_lm;sdvx_vm,,allnet;eagate;ziv
アピナ富山豊田店,富山県富山市豊田町２丁目１２−６６,36.7210181,137.2355046,chunithm;ddr;drs;gitadora;iidx;jubeat;maimai_dx;nostalgia;ongeki;other;polaris_chord;popn;project_diva;reflec;sdvx,ddr_gold;gitadora_dm_arena;gitadora_gf_arena;iidx_lm;popn_pikapika;sdvx_vm,,allnet;eagate;ziv
アピナ小山店,栃木県小山市駅南町４−２７−１８,36.3004010,139.8091238,chunithm;drs;gitadora;iidx;jubeat;maimai_dx;nostalgia;ongeki;other;polaris_chord;popn;sdvx,iidx_lm;popn_pikapika;sdvx_vm,,allnet;eagate;ziv
アピナ川越店,埼玉県川越市泉町１−１　ウニクス南古谷シネマ棟１Ｆ,35.9038204,139.5153346,chunithm;gitadora;iidx;maimai_dx;ongeki;other;polaris_chord;popn;sdvx,iidx_lm;popn_pikapika;sdvx_vm,,allnet;eagate;ziv
アピナ松本店,長野県松本市双葉１９−１０,36.2105026,137.9615503,chunithm;dance_evo;ddr;drs;gitadora;iidx;jubeat;maimai_dx;nostalgia;ongeki;other;polaris_chord;popn;project_diva;reflec;sdvx,ddr_gold;gitadora_dm_arena;gitadora_gf_arena;iidx_lm;popn_pikapika;sdvx_vm,,allnet;eagate;ziv
アピナ橋本店,神奈川県相模原市緑区西橋本５−１−１ラ・フロール駐車場棟１階,35.5973214,139.3373139,chunithm;gitadora;iidx;maimai_dx;nostalgia;ongeki;other;polaris_chord;popn;project_diva;sdvx,iidx_lm;popn_pikapika;sdvx_vm,,allnet;eagate;ziv
アピナ浜松店,静岡県浜松市中央区葵西２−２７−１０,34.7674101,137.7081848,chunithm;gitadora;iidx;maimai_dx;ongeki;other;polaris_chord;sdvx,iidx_lm;sdvx_vm,,allnet;eagate;ziv
アピナ焼津店,静岡県焼津市道原５８５,34.8335667,138.3059799,chunithm;gitadora;iidx;maimai_dx;nostalgia;ongeki;other;popn;reflec;sdvx;taiko,iidx_lm;sdvx_vm,chunithm:3;gitadora:2;iidx:1;maimai_dx:1;nostalgia:1;ongeki:2;popn:1;reflec:1;sdvx:2;taiko:1,allnet;eagate;ziv;insert_coin
アピナ米子店,鳥取県米子市米原二丁目１３２０番地１メガドン・キホーテ３階,35.4422830,133.3300695,chunithm;iidx;maimai_dx;ongeki;sdvx,iidx_lm;sdvx_vm,,allnet;eagate
アピナ荻窪店,東京都杉並区上荻１−１３−１０ハクサンビル,35.7050135,139.6181738,chunithm;ddr;iidx;maimai_dx;ongeki;other;polaris_chord;popn;sdvx,ddr_gold;iidx_lm;popn_pikapika;sdvx_vm,,allnet;eagate;ziv
アピナ豊橋,愛知県豊橋市藤沢町１４１ホリデイ・スクエアＡＭ棟１階,34.7445532,137.3713362,chunithm;iidx;maimai_dx;ongeki;other;polaris_chord;popn;sdvx,iidx_lm;popn_pikapika;sdvx_vm,,allnet;eagate;ziv
アピナ野々市店,石川県野々市市白山町４−１イオンタウン野々市店内,36.5273856,136.6121969,chunithm;gitadora;iidx;maimai_dx;ongeki;other;taiko,iidx_lm,,allnet;eagate;ziv
アピナ長岡店,新潟県長岡市堺東町２２,37.4579741,138.8131975,chunithm;drs;gitadora;iidx;jubeat;maimai_dx;nostalgia;ongeki;other;polaris_chord;popn;project_diva;sdvx,gitadora_dm_arena;gitadora_gf_arena;iidx_lm;popn_pikapika;sdvx_vm,,allnet;eagate;ziv
アピナ長野大橋店,長野県長野市若里７−９−１２,36.6265335,138.2002093,chunithm;gitadora;iidx;maimai_dx;nostalgia;ongeki;other;sdvx,iidx_lm;sdvx_vm,,allnet;eagate;ziv
アピナ長野川中島店,長野県長野市川中島町御厨９６７−１,36.5980241,138.1574813,chunithm;gitadora;iidx;maimai_dx;ongeki;other;polaris_chord;popn;sdvx,iidx_lm;popn_pikapika;sdvx_vm,,allnet;eagate;ziv
アピナ飯田店,長野県飯田市座光寺３７２８−１,35.5299738,137.8597012,chunithm;gitadora;iidx;jubeat;maimai_dx;nostalgia;ongeki;other;popn;project_diva;reflec;sdvx,iidx_lm;sdvx_vm,,allnet;eagate;ziv
アピナ鶴岡店,山形県鶴岡市文下字広野１−１,38.7581392,139.8443827,chunithm;drs;gitadora;iidx;jubeat;maimai_dx;nostalgia;ongeki;other;polaris_chord;popn;sdvx,iidx_lm;sdvx_vm,,allnet;eagate;ziv
アポロゲームセンター沖洲店,徳島県徳島市南沖洲１−９３,34.0671378,134.5828205,chunithm;ddr;gitadora;iidx;maimai_dx;nostalgia;other,iidx_lm,,allnet;eagate;ziv
アミパラがいな店,鳥取県米子市日ノ出町１−８−１３,35.4377737,133.3391965,chunithm;ddr;gitadora;iidx;maimai_dx;ongeki;other;polaris_chord;popn;sdvx,gitadora_dm_arena;gitadora_gf_arena;iidx_lm;popn_pikapika;sdvx_vm,,allnet;eagate;ziv
アミパラここじゃ店,広島県東広島市西条町下見６−１０−１９,34.4075855,132.7155369,chunithm;ddr;gitadora;iidx;maimai_dx;ongeki;other;polaris_chord;popn;sdvx,ddr_gold;gitadora_dm_arena;gitadora_gf_arena;iidx_lm;popn_pikapika;sdvx_vm,,allnet;eagate;ziv
アミパラテクノランド店,岡山県岡山市北区大和町１−７−１２,34.6791764,133.9274976,chunithm;ddr;drs;gitadora;iidx;maimai_dx;ongeki;other;polaris_chord;popn;sdvx;taiko,gitadora_dm_arena;gitadora_gf_arena;iidx_lm;popn_pikapika;sdvx_vm,chunithm:3;ddr:1;drs:1;gitadora:2;iidx:2;maimai_dx:3;ongeki:3;polaris_chord:1;popn:1;sdvx:2;taiko:2,allnet;eagate;ziv
アミパラ下関駅南店,山口県下関市東大和町１丁目３ー１５,33.9453095,130.9205149,chunithm;ddr;gitadora;iidx;maimai_dx;ongeki;polaris_chord;popn;sdvx,gitadora_dm_arena;gitadora_gf_arena;iidx_lm;popn_pikapika;sdvx_vm,,allnet;eagate
アミパラ丸亀店,香川県丸亀市飯野町西分字川縁甲５８４−１　ハローズ棟内,34.2848078,133.8210303,chunithm;ddr;gitadora;iidx;maimai_dx;ongeki;other;sdvx,sdvx_vm,,allnet;eagate;ziv
アミパラ佐世保店,長崎県佐世保市大塔町１８−１５,33.1500003,129.7803082,chunithm;ddr;drs;gitadora;iidx;jubeat;maimai_dx;ongeki;other;polaris_chord;popn;sdvx,iidx_lm;sdvx_vm,,allnet;eagate;ziv
アミパラ倉敷店,岡山県倉敷市西中新田624-1アミパラボウル1F,34.5835441,133.7713238,chunithm;ddr;gitadora;iidx;maimai_dx;ongeki;other;polaris_chord;popn;sdvx,ddr_gold;gitadora_dm_arena;gitadora_gf_arena;iidx_lm;popn_pikapika;sdvx_vm,,allnet;eagate;ziv
アミパラ大東店,大阪府大東市南新田２丁目３番５号,34.7011363,135.6385970,chunithm;ddr;gitadora;iidx;maimai_dx;ongeki;polaris_chord,ddr_gold;iidx_lm,,allnet;eagate
アミパラ岡山店,岡山県岡山市北区青江１丁目１３ー８,34.6362117,133.9199885,chunithm;ddr;gitadora;iidx;jubeat;maimai_dx;ongeki;other;popn;project_diva;sdvx,gitadora_dm_arena;gitadora_gf_arena;iidx_lm;popn_pikapika;sdvx_vm,,allnet;eagate;ziv
アミパラ橿原店,奈良県橿原市十市町1222-1ツインゲート橿原１F,34.5294150,135.7968476,chunithm;ddr;gitadora;iidx;maimai_dx;ongeki;other;polaris_chord;popn;sdvx,gitadora_dm_arena;gitadora_gf_arena;iidx_lm;popn_pikapika;sdvx_vm,,allnet;eagate;ziv
アミパラ津山店,岡山県津山市河辺１０００−１イオンモール津山２Ｆ,35.0650815,134.0464219,chunithm;iidx;maimai_dx;ongeki;other;sdvx,iidx_lm;sdvx_vm,,allnet;eagate;ziv
アミパラ鈴鹿店,三重県鈴鹿市西条町字東澤430-1,34.8752638,136.5711436,chunithm;iidx;maimai_dx;ongeki;polaris_chord,iidx_lm,,allnet;eagate
アミパラ高知店,高知県南国市篠原１９４−１,33.5679737,133.6344573,chunithm;ddr;gitadora;iidx;maimai_dx;ongeki;other;polaris_chord;project_diva;sdvx,ddr_gold;iidx_lm;sdvx_vm,,allnet;eagate;ziv
アミューズジョイBOX,那覇市首里儀保町3-16,26.2244989,127.7195189,iidx,,,eagate
アミューズスペースミール,兵庫県三田市対中町５−２１,34.8806357,135.2295503,chunithm;gitadora;iidx;jubeat;nostalgia;other;popn;project_diva;sdvx,gitadora_dm_arena;gitadora_gf_arena;iidx_lm;sdvx_vm,,allnet;eagate;ziv
アミューズパーク郡山,福島県郡山市安積町日出山2丁目80,37.3744131,140.3839021,chunithm;iidx;jubeat;other;sdvx,iidx_lm;sdvx_vm,,allnet;eagate;ziv
アミューズビバ,茨城県ひたちなか市東大島２−１１−１１,36.4063750,140.5318511,chunithm;ddr;gitadora;iidx;jubeat;maimai_dx;nostalgia;ongeki;polaris_chord;popn;project_diva;sdvx,ddr_gold;iidx_lm;popn_pikapika;sdvx_vm,,allnet;eagate
アミューズメントエース津田沼,千葉県船橋市前原西２−１５−１ファシービル,35.6922777,140.0201815,chunithm;ddr;gitadora;iidx;jubeat;maimai_dx;nostalgia;ongeki;other;polaris_chord;popn;sdvx;taiko,ddr_gold;gitadora_dm_arena;gitadora_gf_arena;iidx_lm;popn_pikapika;sdvx_vm,,allnet;eagate;ziv
アミューズメントゲーム　マグレブ,東京都多摩市落合１−３９−２マグレブビル１階,35.6245439,139.4256174,chunithm;gitadora;iidx;jubeat;maimai_dx;ongeki;polaris_chord;popn;sdvx,,,allnet
アミューズメントスペースASO：VIBA！,東京都渋谷区恵比寿1-10-5三恵エビスビル2F,35.6467821,139.7110171,chunithm;iidx;maimai_dx;ongeki;other;polaris_chord;popn;sdvx;taiko,iidx_lm;popn_pikapika;sdvx_vm,chunithm:2;iidx:1;maimai_dx:1;ongeki:1;polaris_chord:1;popn:1;sdvx:1;taiko:2,allnet;eagate;ziv;otogesetchi;insert_coin
アミューズメントスペースコミ丸四日市店,三重県四日市市鵜の森1-3-19,34.9664199,136.6164714,chunithm;ddr;iidx;maimai_dx;nostalgia;ongeki;polaris_chord;popn;sdvx,ddr_gold;gitadora_dm_arena;iidx_lm;popn_pikapika;sdvx_vm,,allnet;eagate
アミューズメントスペース遊ランド春光店,北海道旭川市春光1条7丁目2-25,43.7981968,142.3740362,chunithm;drs;groove_coaster;iidx;jubeat;maimai_dx;nostalgia;ongeki;other;popn;sdvx;taiko,iidx_lm;sdvx_vm,maimai_dx:1,allnet;eagate;ziv;insert_coin
アミューズメントスペース遊ランド稚内店,北海道稚内市港５丁目８−１５,45.4006983,141.6808192,chunithm;gitadora;iidx;jubeat;nostalgia;ongeki;other;popn;project_diva;reflec;sdvx,sdvx_vm,,allnet;eagate;ziv
アミューズメントパレスワンダーヴュー阿見店,稲敷郡阿見町大字阿見2958ショッピングセンターマイ･アミ2F,36.0422309,140.2100215,gitadora;iidx;sdvx,iidx_lm;sdvx_vm,iidx:3,eagate;ziv
アミューズメントパークMGレインボー店,高松市多肥下町字凹原630マルナカパワシティレインボー店2F,34.2996539,134.0588105,iidx;other;popn,iidx_lm,,eagate;ziv
アミューズメントパークＭＧキスケ,愛媛県松山市宮田町４　キスケボックス内１階,33.8413598,132.7528735,chunithm;ddr;gitadora;iidx;jubeat;maimai_dx;nostalgia;ongeki;other;polaris_chord;popn;project_diva;sdvx,ddr_gold;gitadora_dm_arena;gitadora_gf_arena;iidx_lm;sdvx_vm,,allnet;eagate;ziv
アミューズメントパークＭＧ伊予三島,愛媛県四国中央市中之庄町７５−１　アイランド三島内,33.9745392,133.5287779,chunithm;gitadora;iidx;ongeki;other;polaris_chord;popn;sdvx,iidx_lm;sdvx_vm,,allnet;eagate;ziv
アミューズメントパークＭＧ大街道,愛媛県松山市大街道１−４−１７,33.8378938,132.7698832,chunithm;iidx;maimai_dx;ongeki;other;popn;sdvx,iidx_lm;sdvx_vm,,allnet;eagate;ziv
アミューズメントヒカリ,宇都宮市江野町7-13ヒカリビル1F,36.5600400,139.8816700,gitadora;iidx;nostalgia;popn,,,eagate
アミューズメントフィールドバイヨン,埼玉県ふじみ野市うれし野２−１６−１LCモールうれし野２Ｆ,35.8561384,139.5223952,chunithm;crossbeats;gitadora;iidx;jubeat;maimai_dx;nostalgia;popn;sdvx;wacca,gitadora_dm_arena;gitadora_gf_arena;iidx_lm;sdvx_vm,chunithm:1;crossbeats:1;gitadora:1;iidx:1;jubeat:1;maimai_dx:1;nostalgia:1;popn:1;wacca:1,allnet;eagate;insert_coin
アミューズメントワールドメトロポリス小牧,愛知県小牧市村中新町３３,35.2959343,136.9056166,chunithm;iidx;maimai_dx;ongeki;other;polaris_chord;popn;sdvx;taiko,iidx_lm;popn_pikapika;sdvx_vm,chunithm:2;iidx:2;maimai_dx:2;ongeki:2;polaris_chord:1;sdvx:2;taiko:2,allnet;eagate;ziv;insert_coin
アミューズメントＣＵＥ京都円町店,京都府京都市中京区西ノ京西円町４０,35.0188326,135.7311504,chunithm;ddr;gitadora;iidx;jubeat;maimai_dx;nostalgia;ongeki;popn;reflec;sdvx;taiko,gitadora_dm_arena;gitadora_gf_arena;iidx_lm;sdvx_vm,chunithm:4;ddr:1;gitadora:2;iidx:2;jubeat:1;maimai_dx:2;nostalgia:1;ongeki:2;popn:1;reflec:1;sdvx:1;taiko:3,allnet;eagate;ziv;insert_coin
アミューズメントＣＵＥ奈良三条店,奈良県奈良市三条町478-1,34.6817818,135.8221376,chunithm;ddr;drs;gitadora;iidx;jubeat;maimai_dx;ongeki;other;popn;project_diva;sdvx;taiko;wacca,gitadora_dm_arena;gitadora_gf_arena;iidx_lm;sdvx_vm,chunithm:1;ddr:1;drs:1;gitadora:2;iidx:1;jubeat:1;maimai_dx:1;ongeki:4;popn:1;project_diva:1;sdvx:1;taiko:1;wacca:1,allnet;eagate;ziv;insert_coin
アミューズメントＣＵＥ奈良大和高田店,奈良県大和高田市東中２−１１−１６,34.4997760,135.7355951,chunithm;ddr;gitadora;iidx;jubeat;maimai_dx;ongeki;other;popn;sdvx,gitadora_dm_arena;gitadora_gf_arena;iidx_lm;sdvx_vm,,allnet;eagate;ziv
アミューズメントＦＵＮＦＵＮ越谷店,埼玉県越谷市南荻島２７７０−１,35.9128551,139.7712022,chunithm;iidx;ongeki,iidx_lm,,allnet;eagate
アミューズランドモナコ川越店,埼玉県川越市新富町2-4-1,35.9132940,139.4831383,chunithm;ddr;gitadora;iidx;jubeat;maimai_dx;ongeki;other;polaris_chord;popn;project_diva;reflec;sdvx;taiko,iidx_lm;popn_pikapika;sdvx_vm,ddr:1;gitadora:2;iidx:1;jubeat:1;maimai_dx:1;popn:1;project_diva:1;reflec:1;sdvx:1;taiko:1,allnet;eagate;ziv;insert_coin
アミューズランドモナコ調布駅前店,東京都調布市布田４−２−２２,35.6512163,139.5443517,chunithm;iidx;maimai_dx;ongeki;polaris_chord;sdvx,iidx_lm;sdvx_vm,,allnet;eagate
アルゴ,神戸市中央区下山手通1-1-8,34.6939218,135.1914556,ddr;gitadora;iidx;nostalgia;polaris_chord;popn;sdvx,ddr_gold;gitadora_dm_arena;gitadora_gf_arena;iidx_lm;popn_pikapika;sdvx_vm,,eagate
アル・プラザボウル鯖江,福井県鯖江市下河端町１６字下町６−１,35.9683629,136.1886629,chunithm;iidx;reflec,iidx_lm,,allnet;eagate
アレックス,山口県宇部市西宇部南３−５−５３,33.9993804,131.2201177,chunithm;iidx;maimai_dx;ongeki;other;sdvx,iidx_lm;sdvx_vm,,allnet;eagate;ziv
イスカンダル,千葉県木更津市潮見４−１−２,35.3696837,139.9175383,chunithm;iidx;maimai_dx;ongeki;other;sdvx;taiko,iidx_lm;sdvx_vm,,allnet;eagate;ziv
イミグランデ大和店,神奈川県大和市鶴間2-12-27,35.4914957,139.4548227,chunithm;ddr;gitadora;iidx;jubeat;popn;sdvx,gitadora_dm_arena;gitadora_gf_arena;iidx_lm;sdvx_vm,,allnet;eagate
イミグランデ日吉店３,神奈川県横浜市港北区日吉2−2−4,35.5544916,139.6466110,chunithm;ddr;gitadora;iidx;jubeat;maimai_dx;ongeki;popn;sdvx,ddr_gold;gitadora_dm_arena;gitadora_gf_arena;iidx_lm;popn_pikapika;sdvx_vm,,allnet;eagate
イミグランデ本厚木店,神奈川県厚木市中町３−２−１,35.4394850,139.3615862,chunithm;ddr;gitadora;iidx;jubeat;ongeki;popn;project_diva;sdvx,iidx_lm;sdvx_vm,,allnet;eagate
イミグランデ溝の口店,神奈川県川崎市高津区溝口1-14-7第２カスタムビル１F～４F,,,chunithm;gitadora;iidx;jubeat;maimai_dx;ongeki;popn;sdvx;taiko,,chunithm:5;gitadora:1;iidx:3;jubeat:1;maimai_dx:1;ongeki:1;popn:1;sdvx:4;taiko:5,otogesetchi
イミグランデ溝口店２,神奈川県川崎市高津区溝口1-14-7第2カスタムビル,35.6004909,139.6144708,chunithm;gitadora;iidx;jubeat;maimai_dx;ongeki;popn;sdvx,gitadora_dm_arena;gitadora_gf_arena;iidx_lm;sdvx_vm,,allnet;eagate
インターパークプラスワン 宇都宮店,宇都宮市インターパーク6-5-1,36.4882211,139.9053211,ddr;drs;gitadora;iidx;jubeat;nostalgia;polaris_chord;popn;sdvx,ddr_gold;gitadora_dm_arena;gitadora_gf_arena;iidx_lm;popn_pikapika;sdvx_vm,,eagate
インターワールド伊勢崎店,群馬県伊勢崎市宮子町３４２５−４,36.3315214,139.1625033,chunithm;gitadora;iidx;jubeat;maimai_dx;nostalgia;ongeki;polaris_chord;popn;project_diva;sdvx,gitadora_dm_arena;gitadora_gf_arena;iidx_lm;sdvx_vm,,allnet;eagate
ウェアハウス一橋学園店,東京都小平市学園東町１丁目４番３９号平山ビル３Ｆ,35.7234026,139.4807157,chunithm;iidx;jubeat;maimai_dx;ongeki;project_diva;sdvx,iidx_lm;sdvx_vm,,allnet;eagate
ウェアハウス三橋店,埼玉県さいたま市西区三橋６ー９５５ー１,35.9157914,139.5958473,chunithm;gitadora;iidx;jubeat;maimai_dx;nostalgia;ongeki;other;popn;project_diva;reflec;sdvx,iidx_lm;sdvx_vm,,allnet;eagate;ziv
ウェアハウス上尾店,埼玉県上尾市二ツ宮１０４４,35.9812984,139.5998607,chunithm;gitadora;iidx;maimai_dx;ongeki;sdvx,iidx_lm;sdvx_vm,,allnet;eagate
ウェアハウス保木間店,東京都足立区保木間１ー１ー１９,35.7891796,139.8033169,chunithm;gitadora;iidx;jubeat;maimai_dx;ongeki;popn;sdvx,iidx_lm;sdvx_vm,,allnet;eagate
ウェアハウス入谷店,東京都足立区入谷７ー８ー１１,35.8011192,139.7610034,chunithm;ddr;gitadora;iidx;jubeat;maimai_dx;nostalgia;ongeki;popn;reflec;sdvx,iidx_lm;sdvx_vm,,allnet;eagate
ウェアハウス四万十店,高知県四万十市右山五月町８−１３アピアさつき２F,32.9871096,132.9392991,chunithm;gitadora;iidx;jubeat;maimai_dx;ongeki;other;popn;project_diva;sdvx,iidx_lm;sdvx_vm,,allnet;eagate;ziv
ウェアハウス岩槻店,埼玉県さいたま市岩槻区加倉３ー３ー６３,35.9411790,139.6861123,chunithm;gitadora;iidx;jubeat;maimai_dx;nostalgia;ongeki;other;reflec;sdvx,iidx_lm;sdvx_vm,,allnet;eagate;ziv
ウェアハウス草加店別館,埼玉県草加市稲荷２ー３６ー３３,35.8298831,139.8205853,chunithm;ddr;drs;gitadora;iidx;jubeat;maimai_dx;ongeki;project_diva;reflec;sdvx,iidx_lm;sdvx_vm,,allnet;eagate
ウェアハウス越谷店,埼玉県越谷市南荻島８４１ー１,35.9119605,139.7637724,chunithm;gitadora;iidx;jubeat;maimai_dx;ongeki;popn;sdvx;taiko,iidx_lm;sdvx_vm,chunithm:1;gitadora:2;maimai_dx:1;ongeki:1;sdvx:1;taiko:1,allnet;eagate;insert_coin
エースレーン守山,滋賀県守山市播磨田町２３１−４ＡＣＴ守山３番館内,35.0678892,135.9958577,chunithm;iidx;maimai_dx;nostalgia;ongeki;other;sdvx,iidx_lm;sdvx_vm,,allnet;eagate;ziv
エースレーン草津,草津市野路3-1-11,34.9996569,135.9463199,ddr;gitadora;iidx;jubeat;other;popn;sdvx,ddr_gold;gitadora_dm_arena;gitadora_gf_arena;iidx_lm;sdvx_vm,,eagate;ziv
エースレーン近江八幡店,滋賀県近江八幡市出町７３６アクトビル１Ｆ,35.1318688,136.1023034,chunithm;ddr;gitadora;iidx;jubeat;maimai_dx;ongeki;sdvx,ddr_gold;gitadora_dm_arena;gitadora_gf_arena;iidx_lm;sdvx_vm,,allnet;eagate
オリエンタルバッティング可児店,岐阜県可児市今渡６９５−１,35.4295361,137.0390542,chunithm;ddr;gitadora;iidx;maimai_dx;ongeki;sdvx,sdvx_vm,,allnet;eagate
カプコサーカス新潟東店,新潟県新潟市東区大形本町３−１−２　ジャスコシティ新潟東,37.9248691,139.1146199,chunithm;iidx;maimai_dx;ongeki;other;popn,,,allnet;eagate;ziv
キャッツアイミュンヘン大橋店,北海道札幌市豊平区平岸１条２３丁目８０１−１,43.0139790,141.3550130,chunithm;iidx;maimai_dx;other;sdvx,sdvx_vm,,allnet;eagate;ziv
キャッツアイ八千代店,千葉県八千代市緑が丘西２丁目１３番地３　ｉｓｍ緑ヶ丘内,35.7335775,140.0724747,chunithm;gitadora;iidx;maimai_dx;ongeki;popn;taiko,,,allnet;eagate
キャッツアイ宮の沢店,北海道札幌市手稲区西宮の沢５条２丁目１１−１５,43.0963919,141.2576566,chunithm;iidx;maimai_dx;other;taiko,iidx_lm,chunithm:2;iidx:1;maimai_dx:1;taiko:2,allnet;eagate;ziv;insert_coin
キャッツアイ恵庭店,北海道恵庭市住吉町２丁目９−１,42.8759049,141.5835042,chunithm;gitadora;iidx;jubeat;maimai_dx;ongeki;other;popn,gitadora_dm_arena;gitadora_gf_arena,,allnet;eagate;ziv
キャッツアイ新川店,北海道札幌市北区新川二条７丁目１ー７,43.1007366,141.3102954,chunithm;gitadora;iidx;jubeat;maimai_dx;ongeki;other,gitadora_dm_arena;gitadora_gf_arena,,allnet;eagate;ziv
キャッツアイ新札幌店,北海道札幌市厚別区厚別東五条１ー２−１０,43.0452612,141.4757970,chunithm;ddr;gitadora;iidx;jubeat;maimai_dx;ongeki;other;polaris_chord;popn;project_diva;reflec;sdvx,gitadora_dm_arena;gitadora_gf_arena;iidx_lm;sdvx_vm,,allnet;eagate;ziv
キャッツアイ東苗穂店,北海道札幌市東区東苗穂６条２丁目１−２５,43.0923402,141.4069974,chunithm;gitadora;iidx;jubeat;maimai_dx;ongeki;other,,,allnet;eagate;ziv
キャッツアイ栄通店,北海道札幌市白石区栄通１９丁目１１−４３,43.0253476,141.4366311,chunithm;iidx;maimai_dx;other,,,allnet;eagate;ziv
キャッツアイ清田店,北海道札幌市清田区清田１条１−２０−１,43.0029841,141.4363969,chunithm;gitadora;iidx;maimai_dx;ongeki;other;popn;sdvx,iidx_lm;sdvx_vm,,allnet;eagate;ziv
キャッツアイ篠路店,北海道札幌市北区篠路１条４丁目６ー３０,43.1406639,141.3572109,chunithm;gitadora;iidx;maimai_dx;ongeki;other;popn;project_diva,,,allnet;eagate;ziv
キャッツアイ苫小牧駅前店,北海道苫小牧市木場町１丁目３番地２,42.6417399,141.5976863,chunithm;iidx;maimai_dx;other,iidx_lm,,allnet;eagate;ziv
キャッツアイ静内店,北海道日高郡新ひだか町静内木場町２丁目１−４１,42.3414196,142.3556497,chunithm;iidx;maimai_dx;other,,,allnet;eagate;ziv
キャロム坂戸店,埼玉県坂戸市関間2-151-1,35.9526038,139.3985338,chunithm;gitadora;iidx;jubeat;maimai_dx;ongeki;popn,,,allnet;eagate
キャロム所沢店,埼玉県所沢市下安松969-1,35.7915180,139.5041488,chunithm;gitadora;iidx;maimai_dx;reflec,,,allnet;eagate
キャロム青梅店,東京都青梅市千ケ瀬町4-326-1,35.7860653,139.2699665,chunithm;gitadora;iidx;maimai_dx;ongeki;popn,,,allnet;eagate
ゲーム　アルカナ,愛知県稲沢市朝府町２−３３,35.2518633,136.7788012,chunithm;iidx;maimai_dx;ongeki;other;popn,,,allnet;eagate;ziv
ゲームえの木,高知市旭町3-104,33.5561172,133.5064153,gitadora;iidx,gitadora_gf_arena;iidx_lm,,eagate
ゲームアイビス太子,兵庫県揖保郡太子町太田２１４９,34.8322249,134.6000040,chunithm;iidx;maimai_dx;ongeki;other;sdvx,iidx_lm;sdvx_vm,,allnet;eagate;ziv
ゲームインプリンス,静岡県静岡市清水区天神1-2-6,35.0241515,138.4798096,chunithm;iidx;maimai_dx;polaris_chord,,,allnet;eagate
ゲームガリバー,千葉県柏市柏１‐１‐１１,35.8616855,139.9711177,chunithm;gitadora;iidx;maimai_dx;nostalgia;polaris_chord;popn;sdvx;taiko,iidx_lm;sdvx_vm,,allnet;eagate
ゲームキングジョイ,愛知県名古屋市中区栄３‐３‐３２,35.1679815,136.9049511,chunithm;dance_evo;ddr;drs;gitadora;groove_coaster;iidx;jubeat;maimai_dx;nostalgia;ongeki;other;polaris_chord;popn;reflec;sdvx;taiko;wacca,ddr_gold;gitadora_dm_arena;gitadora_gf_arena;iidx_lm;popn_pikapika;sdvx_vm,chunithm:10;dance_evo:1;ddr:3;drs:1;gitadora:2;groove_coaster:1;iidx:9;jubeat:3;maimai_dx:4;nostalgia:3;ongeki:10;polaris_chord:8;popn:4;reflec:2;sdvx:9;taiko:5;wacca:1,allnet;eagate;ziv;insert_coin
ゲームコーナー東部,宮城県仙台市若林区六丁の目中町26-60 斎喜東部ビル2F,38.2509985,140.9439369,chunithm;dance_evo;ddr;drs;gitadora;iidx;jubeat;maimai_dx;nostalgia;ongeki;polaris_chord;popn;project_diva;reflec;sdvx;wacca,ddr_gold;gitadora_dm_arena;gitadora_gf_arena;iidx_lm;popn_pikapika;sdvx_vm,wacca:2,allnet;eagate;ziv
ゲームサファリ大山,東京都板橋区大山東町60-10やすだ大山駅前店2F,35.7490330,139.7022392,chunithm;iidx;jubeat;maimai_dx;nostalgia;ongeki;popn;sdvx,iidx_lm;popn_pikapika;sdvx_vm,,allnet;eagate
ゲームシティ川口店,埼玉県川口市栄町1-10-5,35.8025278,139.7256101,chunithm;gitadora;iidx;maimai_dx;nostalgia;ongeki;other;polaris_chord;popn;sdvx,iidx_lm;popn_pikapika;sdvx_vm,,allnet;eagate;ziv
ゲームスタジオキューブ高円寺店,東京都杉並区高円寺南4-26-12-B1,35.7049297,139.6495132,chunithm;iidx;ongeki;popn;sdvx,iidx_lm;popn_pikapika;sdvx_vm,,allnet;eagate
ゲームスペースA-3,福島県西白河郡西郷村字豊作西15-16-17,37.1245560,140.1826120,chunithm;gitadora;iidx;jubeat;nostalgia;other;popn;project_diva,iidx_lm,,allnet;eagate;ziv
ゲームスポットアップル,富山県魚津市吉島二丁目４０７−１,36.8266707,137.4139941,chunithm;ddr;iidx;jubeat;nostalgia;ongeki;popn;sdvx,iidx_lm;popn_pikapika;sdvx_vm,,allnet;eagate
ゲームセンターテクノポリス,新潟県長岡市要町1-8-50,37.4249811,138.8377295,chunithm;iidx;nostalgia;popn;sdvx,iidx_lm;popn_pikapika;sdvx_vm,,allnet;eagate
ゲームセンターベティ,石川県七尾市舟尾町ウ-38,37.0671949,136.9069915,chunithm;ddr;drs;gitadora;iidx;jubeat;maimai_dx;nostalgia;ongeki;other;popn;project_diva;reflec;sdvx,iidx_lm;sdvx_vm,chunithm:1;ddr:2;drs:1;gitadora:2;iidx:2;jubeat:1;maimai_dx:1;nostalgia:1;popn:1;project_diva:1;reflec:1;sdvx:1,allnet;eagate;ziv;insert_coin
ゲームゾーントレジャー北町店,山形市北町2-2-45山形ファミリーボウル内,38.2687380,140.3293290,gitadora;iidx;jubeat;nostalgia;other;popn;sdvx,iidx_lm;sdvx_vm,,eagate;ziv
ゲームパドック プラスワン,古河市小堤1916-1,36.2067047,139.7580433,chunithm;gitadora;iidx;jubeat;maimai_dx;nostalgia;ongeki;popn;project_diva;sdvx,gitadora_dm_arena;iidx_lm;popn_pikapika;sdvx_vm,,eagate
ゲームパニックつくば,茨城県土浦市中村東1-1-1サンタスワールド内,36.0463834,140.1682228,chunithm;ddr;drs;gitadora;iidx;jubeat;maimai_dx;nostalgia;ongeki;other;polaris_chord;popn;project_diva;sdvx,ddr_gold;gitadora_dm_arena;gitadora_gf_arena;iidx_lm;popn_pikapika;sdvx_vm,,allnet;eagate;ziv
ゲームパニック三郷,埼玉県三郷市ピアラシティ1-1-200,35.8421860,139.8548677,chunithm;ddr;gitadora;iidx;maimai_dx;ongeki;other;polaris_chord;popn;sdvx,ddr_gold;gitadora_dm_arena;gitadora_gf_arena;iidx_lm;popn_pikapika;sdvx_vm,,allnet;eagate;ziv
ゲームパニック大須,愛知県名古屋市中区大須3-30-93　メガタウンB1F,35.1600309,136.9053767,chunithm;ddr;gitadora;iidx;maimai_dx;nostalgia;ongeki;other;polaris_chord;popn;sdvx;taiko,ddr_gold;gitadora_dm_arena;gitadora_gf_arena;iidx_lm;popn_pikapika;sdvx_vm,chunithm:8;ddr:3;gitadora:2;iidx:7;maimai_dx:3;nostalgia:1;ongeki:4;polaris_chord:4;popn:2;sdvx:8;taiko:3,allnet;eagate;ziv;insert_coin
ゲームパニック大高,愛知県名古屋市緑区忠治山２０１番地,35.0485212,136.9497129,chunithm;ddr;drs;gitadora;iidx;jubeat;maimai_dx;nostalgia;ongeki;other;polaris_chord;popn;project_diva;sdvx;taiko,ddr_gold;gitadora_dm_arena;gitadora_gf_arena;iidx_lm;popn_pikapika;sdvx_vm,chunithm:6;ddr:3;drs:1;gitadora:4;iidx:6;jubeat:1;maimai_dx:2;nostalgia:1;ongeki:4;polaris_chord:2;popn:1;project_diva:1;sdvx:6;taiko:4,allnet;eagate;ziv
ゲームパニック新宿歌舞伎町,東京都新宿区歌舞伎町1-20-1　ﾋｭｰﾏｯｸｽﾊﾟﾋﾞﾘｵﾝ1階2階,35.6958088,139.7015128,chunithm;ddr;drs;gitadora;iidx;maimai_dx;nostalgia;ongeki;other;polaris_chord;popn;project_diva;sdvx;taiko,ddr_gold;gitadora_dm_arena;gitadora_gf_arena;iidx_lm;popn_pikapika;sdvx_vm,chunithm:1;ddr:1;drs:1;gitadora:1;iidx:10;maimai_dx:1;nostalgia:1;ongeki:4;polaris_chord:4;popn:2;project_diva:1;sdvx:8;taiko:4,allnet;eagate;ziv;insert_coin
ゲームパニック甲府,山梨県甲府市国母5-20-24,35.6420402,138.5473613,chunithm;ddr;gitadora;iidx;jubeat;maimai_dx;ongeki;other;polaris_chord;popn;sdvx,ddr_gold;gitadora_dm_arena;gitadora_gf_arena;iidx_lm;popn_pikapika;sdvx_vm,chunithm:1;ddr:1;gitadora:2;iidx:1;jubeat:1;maimai_dx:1;ongeki:1;polaris_chord:1;popn:1;sdvx:1,allnet;eagate;ziv;insert_coin
ゲームパニック秋葉原,東京都千代田区外神田1-13-1　Akihabara ex,35.6988516,139.7716001,chunithm;ddr;gitadora;iidx;maimai_dx;ongeki;other;polaris_chord;popn;sdvx,ddr_gold;gitadora_dm_arena;gitadora_gf_arena;iidx_lm;popn_pikapika;sdvx_vm,chunithm:1;ddr:1;gitadora:2;iidx:1;maimai_dx:1;ongeki:1;polaris_chord:4;popn:1;sdvx:1,allnet;eagate;ziv;insert_coin
ゲームパーク石神井公園,東京都練馬区石神井町3-17-16,35.7427831,139.6045209,chunithm;iidx;sdvx,sdvx_vm,,allnet;eagate
ゲームピコ鵜沼店,岐阜県各務原市鵜沼西町３丁目３０９　イオンタウン各務原鵜沼内,35.4016224,136.9337710,chunithm;iidx;maimai_dx;sdvx,iidx_lm;sdvx_vm,,allnet;eagate
ゲームファクトリーマグマ草加店,埼玉県草加市氷川町2125-1,35.8282375,139.8025135,chunithm;gitadora;iidx;maimai_dx;ongeki;popn;sdvx,iidx_lm;popn_pikapika;sdvx_vm,,allnet;eagate
ゲームプラザセントラル八王子店,東京都八王子市東町12-15第5セントラル,35.6580006,139.3381762,chunithm;iidx;maimai_dx;popn;sdvx,iidx_lm;popn_pikapika;sdvx_vm,,allnet;eagate
ゲームプラザセントラル浦安店,千葉県浦安市北栄1-16-15,35.6651795,139.8933456,chunithm;iidx;maimai_dx;ongeki;polaris_chord;popn;sdvx,iidx_lm;popn_pikapika;sdvx_vm,,allnet;eagate
ゲームメガつくば店,茨城県つくば市小野崎１７７−２,36.0768508,140.1047378,chunithm;gitadora;iidx;jubeat;maimai_dx;ongeki;other;popn;sdvx,iidx_lm;sdvx_vm,,allnet;eagate;ziv
ゲームメガ日立店,茨城県日立市東多賀町５−１０−１０,36.5482340,140.6305081,chunithm;ddr;gitadora;iidx;jubeat;maimai_dx;ongeki;other;polaris_chord;popn;project_diva;sdvx,ddr_gold;gitadora_dm_arena;gitadora_gf_arena;iidx_lm;sdvx_vm,,allnet;eagate;ziv
ゲームメガ水戸けやき台店,茨城県水戸市酒門町３２７６−１,36.3379624,140.4832287,chunithm;gitadora;iidx;jubeat;maimai_dx;nostalgia;ongeki;popn;project_diva;sdvx,iidx_lm;sdvx_vm,,allnet;eagate
ゲームワンダーランド2東店,伊勢崎市東小保方町3464-1,36.3285600,139.2472670,gitadora;iidx;jubeat;popn;sdvx,iidx_lm;sdvx_vm,,eagate
ゲームＷ,東京都豊島区南長崎5-27-6,35.7292370,139.6828715,chunithm;iidx;jubeat;maimai_dx;nostalgia;polaris_chord;sdvx,sdvx_vm,,allnet;eagate
コミ丸アリババ大垣店,岐阜県大垣市池尻町９４０−１,35.3840722,136.5956108,chunithm;ddr;gitadora;iidx;jubeat;maimai_dx;ongeki;other;polaris_chord;popn;stepmaniax,ddr_gold;gitadora_dm_arena;gitadora_gf_arena;iidx_lm;popn_pikapika,stepmaniax:1,allnet;eagate;ziv;insert_coin
コムテックスクウェア,愛知県名古屋市中区金山1-16-8,35.1439706,136.8999023,chunithm;ddr;gitadora;iidx;jubeat;maimai_dx;nostalgia;ongeki;polaris_chord;popn;project_diva;reflec;sdvx;taiko,ddr_gold;gitadora_dm_arena;gitadora_gf_arena;iidx_lm;popn_pikapika;sdvx_vm,chunithm:1;ddr:1;gitadora:2;iidx:1;jubeat:1;maimai_dx:1;nostalgia:1;ongeki:1;polaris_chord:1;popn:1;project_diva:1;reflec:1;sdvx:1;taiko:1,allnet;eagate;insert_coin
コムテックタワー,愛知県名古屋市中村区名駅４−１０−２０,35.1694446,136.8859667,chunithm;ddr;gitadora;iidx;maimai_dx;ongeki;other;polaris_chord;popn;sdvx;taiko,ddr_gold;gitadora_dm_arena;gitadora_gf_arena;iidx_lm;sdvx_vm,chunithm:5;ddr:1;gitadora:2;iidx:3;maimai_dx:2;ongeki:3;polaris_chord:4;popn:2;sdvx:5;taiko:3,allnet;eagate;ziv;insert_coin
サンシャイン,岩手県盛岡市大通２ー７ー２１ジュリアンビル１階,39.7031919,141.1454343,chunithm;iidx;maimai_dx;ongeki;other;popn,,,allnet;eagate;ziv
サービスエリアイン高岡,富山県高岡市石瀬８５７−１,36.7607712,137.0465972,chunithm;ddr;iidx;polaris_chord;sdvx,iidx_lm;sdvx_vm,,allnet;eagate
サープラ下通りあそびタウン,熊本県熊本市中央区手取本町４番１２号,32.8026613,130.7093307,chunithm;iidx;maimai_dx;ongeki;sdvx;taiko,iidx_lm;sdvx_vm,,allnet;eagate;ziv
サープラ天文館あそびタウン,鹿児島県鹿児島市千日町５ー６,31.5892294,130.5557189,chunithm;iidx;maimai_dx;ongeki;other,iidx_lm,,allnet;eagate;ziv
サープラ山口あそびタウン,山口県山口市湯田温泉６ー８ー３,34.1646973,131.4517994,chunithm;drs;gitadora;iidx;maimai_dx;ongeki;other;sdvx,iidx_lm;sdvx_vm,,allnet;eagate;ziv
サープラ沼津あそびタウン,静岡県沼津市大手町１ー１ー５,35.1040524,138.8611071,chunithm;ddr;drs;gitadora;iidx;maimai_dx;ongeki;popn;sdvx,ddr_gold;iidx_lm;sdvx_vm,,allnet;eagate
サープラ焼津あそびタウン,静岡県焼津市八楠３-１８-５,34.8785023,138.3077720,iidx;maimai_dx;ongeki;sdvx,iidx_lm;sdvx_vm,,allnet;eagate
サープラ都城あそびタウン,宮崎県都城市上川東４−５９９７ー４,31.7489243,131.0789474,chunithm;iidx;other,,,allnet;eagate;ziv
サープラ隼人あそびタウン,鹿児島県霧島市隼人町見次４２７−１,31.7411825,130.7376746,chunithm;iidx;other,iidx_lm,,allnet;eagate;ziv
サープラＯＺ浜松あそびタウン,静岡県浜松市中央区宮竹町３２２−１,34.7222912,137.7654904,ddr;gitadora;iidx;maimai_dx;ongeki;sdvx,ddr_gold;iidx_lm;sdvx_vm,,allnet;eagate
ザ・インドアゲーム,大阪府大阪市旭区中宮5-6-19大阪工大正門前,34.7295402,135.5440250,chunithm;ddr;iidx;jubeat;maimai_dx;nostalgia;ongeki;polaris_chord;popn;project_diva;sdvx,ddr_gold;iidx_lm;sdvx_vm,,allnet;eagate
シルクハット伊勢佐木町,神奈川県横浜市中区伊勢佐木町３-９６日活会館３階,35.4426850,139.6300831,chunithm;iidx;maimai_dx;ongeki;other;popn;sdvx,iidx_lm;popn_pikapika;sdvx_vm,,allnet;eagate;ziv
シルクハット八王子,東京都八王子市旭町２−５　八王子ツインタワービル３階,35.6564021,139.3384065,chunithm;ddr;gitadora;iidx;jubeat;maimai_dx;nostalgia;ongeki;other;polaris_chord;popn;sdvx,ddr_gold;gitadora_dm_arena;gitadora_gf_arena;iidx_lm;popn_pikapika;sdvx_vm,,allnet;eagate;ziv
シルクハット大船,神奈川県鎌倉市大船１−２４　大船駅前ビル１〜３Ｆ,35.3532239,139.5325263,chunithm;iidx;maimai_dx;ongeki;other;polaris_chord;popn;sdvx,iidx_lm;popn_pikapika;sdvx_vm,,allnet;eagate;ziv
シルクハット川口,埼玉県川口市栄町３−１−１６イート川口ビル４Ｆ,35.8030675,139.7174452,chunithm;iidx;maimai_dx;ongeki;other;popn;sdvx,iidx_lm;popn_pikapika;sdvx_vm,,allnet;eagate;ziv
シルクハット川崎ダイス,神奈川県川崎市川崎区駅前本町８番地ダイスビル地下２階,35.5314724,139.7003541,chunithm;ddr;gitadora;iidx;jubeat;maimai_dx;nostalgia;ongeki;polaris_chord;popn;sdvx;taiko,ddr_gold;gitadora_dm_arena;gitadora_gf_arena;iidx_lm;popn_pikapika;sdvx_vm,,allnet;eagate;ziv
シルクハット本厚木,神奈川県厚木市中町３−４−２２第二会田ビル２階,35.4400309,139.3630066,chunithm;gitadora;iidx;maimai_dx;ongeki;other;polaris_chord;popn;sdvx,iidx_lm;popn_pikapika;sdvx_vm,,allnet;eagate;ziv
シルクハット津田沼,千葉県習志野市津田沼１−２−１十三ビル地下１階,35.6903923,140.0222009,chunithm;iidx;maimai_dx;ongeki;other;polaris_chord;popn;sdvx;taiko,iidx_lm;popn_pikapika;sdvx_vm,,allnet;eagate;ziv
シルクハット海老名マルイ,神奈川県海老名市中央１ー６ー１海老名マルイ３階,35.4527279,139.3934008,chunithm;iidx;maimai_dx;sdvx,iidx_lm;sdvx_vm,,allnet;eagate
シルクハット秋葉原,東京都千代田区外神田１丁目１０番地９号,35.6987160,139.7710022,chunithm;ddr;gitadora;iidx;maimai_dx;ongeki;other;popn;sdvx;taiko,ddr_gold;gitadora_dm_arena;gitadora_gf_arena;iidx_lm;popn_pikapika;sdvx_vm,chunithm:10;ddr:2;gitadora:2;iidx:15;maimai_dx:5;ongeki:4;popn:2;sdvx:11;taiko:5,allnet;eagate;ziv;otogesetchi;insert_coin
シルクハット蒲田西口,東京都大田区西蒲田７−２−３第二醍醐ビル地下１階〜２階,35.5630730,139.7159650,chunithm;ddr;gitadora;iidx;maimai_dx;ongeki;other;popn;sdvx;taiko,ddr_gold;gitadora_dm_arena;gitadora_gf_arena;iidx_lm;popn_pikapika;sdvx_vm,chunithm:6;ddr:1;gitadora:1;iidx:7;maimai_dx:4;ongeki:4;popn:2;sdvx:6;taiko:3,allnet;eagate;ziv;otogesetchi
シーサイドリゾートアミューズメントパーク,栃木県宇都宮市睦町７−３,36.5632663,139.8603778,chunithm;gitadora;iidx;jubeat;maimai_dx;ongeki;other;polaris_chord;popn;project_diva;sdvx;taiko,iidx_lm;popn_pikapika;sdvx_vm,chunithm:2;gitadora:2;iidx:2;jubeat:1;maimai_dx:1;ongeki:1;polaris_chord:2;popn:1;project_diva:1;sdvx:1,allnet;eagate;ziv
ジョイジャングル宮古南店,宮古島市平良字久貝1072-11,24.7858399,125.2814398,iidx,,,eagate
ジョイジャングル石垣,沖縄県石垣市真栄里２３９−１８,24.3351754,124.1796341,chunithm;iidx;jubeat,,,allnet;eagate
ジョイジャングル美浜,沖縄県中頭郡北谷町美浜１５−６８,26.3172082,127.7571399,chunithm;ddr;gitadora;iidx;jubeat;nostalgia;pump_it_up;taiko,,,allnet;eagate;ziv
ジョイプラザ豊岡店,兵庫県豊岡市加広町７−３２コープデイズ豊岡内,35.5508414,134.8163318,chunithm;iidx;maimai_dx,iidx_lm,,allnet;eagate
ジョイランド敦賀店,敦賀市木崎40-土三田12USAアリーナ内,35.6447376,136.0430148,gitadora;iidx;sdvx,iidx_lm;sdvx_vm,,eagate
スクウェアワンサイスポ店,埼玉県所沢市南永井1116,35.8236537,139.5314124,chunithm;ddr;gitadora;iidx;jubeat;nostalgia;other;taiko,,chunithm:1;ddr:1;gitadora:2;iidx:1;jubeat:1;nostalgia:1;taiko:1,allnet;eagate;ziv;insert_coin
スタジオプリモ本八幡店,千葉県市川市八幡２−１５−１０パティオ５階,35.7213241,139.9275016,chunithm;iidx;jubeat;maimai_dx;nostalgia;ongeki;project_diva;sdvx;taiko,iidx_lm;sdvx_vm,,allnet;eagate
スポラ九品寺,熊本県熊本市中央区九品寺5丁目10-15,32.7904656,130.7148881,chunithm;drs;gitadora;iidx;jubeat;ongeki;other;popn,iidx_lm,,allnet;eagate;ziv
スポラ菊陽,熊本県菊池郡菊陽町津久礼駄飼代２６１７−２,32.8644516,130.8090616,chunithm;drs;gitadora;iidx;jubeat;maimai_dx;ongeki;other,,,allnet;eagate;ziv
スポーツウェーブ鉄腕24,千葉県千葉市中央区浜野町1025-59,35.5541062,140.1260538,chunithm;ddr;gitadora;iidx;maimai_dx;ongeki;other;popn;sdvx;taiko,ddr_gold;gitadora_dm_arena;gitadora_gf_arena;iidx_lm;popn_pikapika;sdvx_vm,,allnet;eagate;ziv
スポーツウェーブ鉄腕24稲毛長沼店,千葉県千葉市稲毛区長沼原町697番地,35.6620233,140.1265534,chunithm;ddr;iidx;jubeat;maimai_dx;nostalgia;other;popn;sdvx;taiko,ddr_gold;iidx_lm;popn_pikapika;sdvx_vm,,allnet;eagate;ziv
スーパーウェーブ柏,千葉県柏市十余二２４９−５,35.8820708,139.9593512,chunithm;iidx;maimai_dx;ongeki;polaris_chord;sdvx;taiko,iidx_lm;sdvx_vm,,allnet;eagate
スーパーウェーブ静岡,静岡県静岡市清水区鳥坂８６０,35.0132017,138.4341497,chunithm;iidx;maimai_dx;ongeki;sdvx,iidx_lm;sdvx_vm,,allnet;eagate
スーパーヒーロー倉吉,倉吉市見日町633,35.4383329,133.8393183,ddr;gitadora;iidx;jubeat;popn,ddr_gold;gitadora_dm_arena;gitadora_gf_arena;iidx_lm,ddr:1,eagate;ziv;insert_coin
ソニックワールド伊万里店,佐賀県伊万里市二里町八谷搦１８９−３,33.2785889,129.8722284,chunithm;iidx;other;sdvx,iidx_lm;sdvx_vm,,allnet;eagate;ziv
ソニックワールド大村店,長崎県大村市古賀島町３８３−１,32.9273122,129.9395836,chunithm;iidx;maimai_dx;ongeki;other;sdvx,iidx_lm;sdvx_vm,,allnet;eagate;ziv
ソユースペースファンタジーインフィニ,青森県弘前市城東北３−１０−１さくら野百貨店弘前店４Ｆ,40.6066860,140.4958836,chunithm;iidx;jubeat;maimai_dx;ongeki;other;polaris_chord;popn;reflec,iidx_lm,,allnet;eagate;ziv
ソユーファミリーゲームフィールド花巻店,岩手県花巻市高木第１６地割６８−６　銀河モール１Ｆ,39.3864097,141.1359548,chunithm;gitadora;iidx;jubeat;maimai_dx;ongeki;other;popn;reflec,iidx_lm,,allnet;eagate;ziv
タイトーFステーションおやまゆうえん店,小山市喜沢1475-52ハーヴェストウォーク内,36.3346780,139.8077850,gitadora;iidx;popn,,,eagate
タイトーFステーションイオン新潟西店,新潟市西区小新南2-1-10イオン新潟西店3F,37.8683290,138.9948190,groove_coaster;iidx;other;taiko,,,eagate;ziv
タイトーFステーション向ヶ丘遊園店,神奈川県川崎市多摩区登戸2718-1,35.6164678,139.5650747,chunithm;gitadora;iidx;maimai_dx;ongeki;polaris_chord;popn;sdvx,gitadora_dm_arena;gitadora_gf_arena;iidx_lm;popn_pikapika;sdvx_vm,,allnet;eagate;ziv
タイトーFステーション郡山アティ店,郡山市駅前1-16-7郡山アティ7F,37.3969187,140.3875023,groove_coaster;iidx;jubeat;museca;reflec;taiko,,,eagate;ziv
タイトーステーション 上野アメ横店,東京都台東区上野４−１０−１７,35.7105338,139.7744242,chunithm;ddr;gitadora;iidx;jubeat;maimai_dx;other;popn;taiko,gitadora_dm_arena;gitadora_gf_arena;iidx_lm,chunithm:1;ddr:1;gitadora:2;iidx:1;maimai_dx:1;popn:1;taiko:1,allnet;eagate;ziv;insert_coin
タイトーステーション 仙台クリスロード店,宮城県仙台市青葉区中央２−３−２５,38.2610006,140.8756067,chunithm;ddr;drs;gitadora;iidx;jubeat;maimai_dx;nostalgia;ongeki;other;polaris_chord;popn;project_diva;sdvx;taiko,ddr_gold;gitadora_dm_arena;gitadora_gf_arena;iidx_lm;popn_pikapika;sdvx_vm,chunithm:1;ddr:1;drs:1;gitadora:2;iidx:1;jubeat:1;maimai_dx:1;nostalgia:1;ongeki:1;polaris_chord:1;popn:1;sdvx:1;taiko:1,allnet;eagate;ziv;insert_coin
タイトーステーション 千歳店,北海道千歳市北栄２−１２−５,42.8333942,141.6450539,chunithm;groove_coaster;iidx;maimai_dx;ongeki;other;polaris_chord;popn;project_diva;sdvx;taiko,sdvx_vm,,allnet;eagate;ziv
タイトーステーション 和光店,埼玉県和光市丸山台１−４−５,35.7866435,139.6138036,chunithm;ddr;gitadora;iidx;jubeat;maimai_dx;nostalgia;other;popn;project_diva,,,allnet;eagate;ziv
タイトーステーション 大宮店,埼玉県さいたま市大宮区大門町１−１,35.9074467,139.6255974,chunithm;ddr;gitadora;iidx;jubeat;maimai_dx;nostalgia;ongeki;other;polaris_chord;popn;project_diva;reflec;sdvx;taiko,ddr_gold;gitadora_dm_arena;gitadora_gf_arena;iidx_lm;popn_pikapika;sdvx_vm,chunithm:1;ddr:1;gitadora:2;iidx:1;jubeat:1;maimai_dx:1;nostalgia:1;ongeki:1;polaris_chord:1;popn:1;reflec:1;sdvx:1;taiko:1,allnet;eagate;ziv;insert_coin
タイトーステーション 小田原店,神奈川県小田原市栄町１−３−１２,35.2549374,139.1561373,chunithm;gitadora;groove_coaster;iidx;maimai_dx;nostalgia;ongeki;other;polaris_chord;popn;project_diva;taiko,popn_pikapika,,allnet;eagate;ziv
タイトーステーション 所沢店,埼玉県所沢市日吉町３−７,35.7880928,139.4723684,chunithm;ddr;gitadora;groove_coaster;iidx;jubeat;maimai_dx;ongeki;other;popn;sdvx,iidx_lm;popn_pikapika;sdvx_vm,,allnet;eagate;ziv
タイトーステーション 旭サンモール店,千葉県旭市イ−２６７６−１　サンモール３Ｆ,35.7248226,140.6593019,gitadora;groove_coaster;iidx;jubeat;maimai_dx;nostalgia;other;popn;reflec;sdvx;taiko,,,allnet;ziv
タイトーステーション 柏店,千葉県柏市柏２−３−１フーサワビル,35.8613823,139.9727044,chunithm;ddr;gitadora;groove_coaster;iidx;maimai_dx;ongeki;other;popn;project_diva;sdvx;taiko,gitadora_dm_arena;gitadora_gf_arena;iidx_lm;popn_pikapika;sdvx_vm,,allnet;eagate;ziv
タイトーステーション 池袋西口店,東京都豊島区西池袋１−１５−９第一西池ビル,35.7305503,139.7097415,chunithm;ddr;drs;gitadora;iidx;jubeat;maimai_dx;nostalgia;ongeki;other;polaris_chord;popn;reflec;sdvx,gitadora_dm_arena;gitadora_gf_arena;iidx_lm;popn_pikapika;sdvx_vm,chunithm:1;ddr:1;drs:1;gitadora:2;iidx:1;jubeat:1;nostalgia:1;ongeki:1;polaris_chord:1;popn:1;reflec:1;sdvx:1,allnet;eagate;ziv;insert_coin
タイトーステーション 渋谷店,東京都渋谷区渋谷１−２４−１２渋谷東映プラザ,35.6598520,139.7019928,chunithm;ddr;gitadora;iidx;maimai_dx;other;popn;sdvx;taiko,ddr_gold;gitadora_dm_arena;gitadora_gf_arena;iidx_lm;popn_pikapika;sdvx_vm,chunithm:3;ddr:1;gitadora:2;iidx:2;maimai_dx:1;popn:2;sdvx:3;taiko:4,allnet;eagate;ziv;otogesetchi;insert_coin
タイトーステーション 町田店,東京都町田市原町田６−２１−２３　松山ビル１階,35.5427132,139.4484861,chunithm;ddr;drs;gitadora;iidx;jubeat;maimai_dx;ongeki;polaris_chord;popn;sdvx;taiko,ddr_gold;gitadora_dm_arena;gitadora_gf_arena;iidx_lm;popn_pikapika;sdvx_vm,,allnet;eagate;ziv
タイトーステーション 盛岡マッハランド店,岩手県盛岡市上堂１−２−３８マッハランド内,39.7231654,141.1264518,chunithm;gitadora;groove_coaster;iidx;maimai_dx;nostalgia;other;popn;sdvx;taiko,iidx_lm;sdvx_vm,,allnet;eagate;ziv
タイトーステーション 秋葉原店,東京都千代田区外神田４−２−２貴三ビル,35.7002219,139.7717179,chunithm;ddr;drs;gitadora;iidx;jubeat;maimai_dx;nostalgia;ongeki;other;polaris_chord;popn;sdvx;taiko,ddr_gold;gitadora_dm_arena;gitadora_gf_arena;iidx_lm;popn_pikapika;sdvx_vm,chunithm:3;ddr:1;drs:1;gitadora:6;iidx:2;jubeat:1;maimai_dx:1;nostalgia:1;ongeki:2;polaris_chord:2;popn:2;sdvx:2;taiko:4,allnet;eagate;ziv;insert_coin
タイトーステーション 船橋店,千葉県船橋市本町１−６−１,35.6998912,139.9859705,chunithm;gitadora;iidx;maimai_dx;nostalgia;ongeki;other;popn;taiko,iidx_lm;popn_pikapika,,allnet;eagate;ziv
タイトーステーション 藤沢店,神奈川県藤沢市南藤沢２１−１,35.3372817,139.4873362,chunithm;ddr;iidx;maimai_dx;ongeki;popn;taiko,iidx_lm;popn_pikapika,,allnet;eagate;ziv
タイトーステーション 金沢店,石川県金沢市片町２−１−７宇都宮片町ビル,36.5613365,136.6529997,chunithm;ddr;gitadora;groove_coaster;iidx;jubeat;maimai_dx;nostalgia;other;popn;taiko,,,allnet;eagate;ziv
タイトーステーション 難波店,大阪府大阪市中央区難波千日前１５−１２,34.6633633,135.5031909,chunithm;iidx;maimai_dx;popn;sdvx;taiko,iidx_lm;sdvx_vm,,allnet;eagate;ziv
タイトーステーションイオンタウン水戸南店,東茨城郡茨城町長岡3480-101イオンタウン水戸南ショッピングC,36.3109170,140.4422070,iidx;other;popn;taiko,,,eagate;ziv
タイトーステーションイオンモール釧路昭和,釧路市昭和中央4-18-1イオンモール釧路昭和2F,43.0270250,144.3602010,ddr;iidx;jubeat,,,eagate;ziv
タイトーステーションフェドラ大須店,愛知県名古屋市中区大須３−３０−３１,35.1594771,136.9054347,chunithm;crossbeats;dance_evo;ddr;drs;gitadora;groove_coaster;iidx;jubeat;maimai_dx;museca;nostalgia;ongeki;other;polaris_chord;popn;project_diva;reflec;sdvx;taiko,ddr_gold;gitadora_dm_arena;gitadora_gf_arena;iidx_lm;popn_pikapika;sdvx_vm,chunithm:5;crossbeats:1;ddr:1;drs:2;gitadora:2;groove_coaster:1;iidx:5;jubeat:2;maimai_dx:3;museca:1;nostalgia:1;ongeki:4;polaris_chord:2;popn:2;project_diva:1;reflec:1;sdvx:6;taiko:3,allnet;eagate;ziv;insert_coin
タイトーステーション仙台名掛丁店,宮城県仙台市青葉区中央１−７−１３,38.2619434,140.8792076,chunithm;gitadora;iidx;jubeat;maimai_dx;ongeki;other;polaris_chord;popn;taiko,gitadora_dm_arena;gitadora_gf_arena;popn_pikapika,chunithm:4;gitadora:2;iidx:2;jubeat:1;maimai_dx:1;taiko:1,allnet;eagate;ziv
タイトーステーション国分寺店,東京都国分寺市本町３−５−１１,35.7018475,139.4798890,chunithm;ddr;drs;gitadora;groove_coaster;iidx;jubeat;maimai_dx;nostalgia;ongeki;other;popn;sdvx,iidx_lm;popn_pikapika;sdvx_vm,,allnet;eagate;ziv
タイトーステーション大阪日本橋店,大阪府大阪市浪速区日本橋４−９−１４,34.6603931,135.5061456,chunithm;ddr;drs;gitadora;groove_coaster;iidx;jubeat;maimai_dx;nostalgia;ongeki;other;polaris_chord;popn;sdvx;taiko,gitadora_dm_arena;gitadora_gf_arena;iidx_lm;popn_pikapika;sdvx_vm,chunithm:1;ddr:1;gitadora:2;groove_coaster:1;iidx:1;jubeat:1;maimai_dx:1;nostalgia:1;ongeki:1;polaris_chord:1;popn:1;sdvx:1;taiko:1,allnet;eagate;ziv;insert_coin
タイトーステーション広島本通店,広島県広島市中区本通３−５せらかぐ本通ビル,34.3927984,132.4603900,chunithm;ddr;gitadora;groove_coaster;iidx;jubeat;maimai_dx;nostalgia;other;popn;taiko,gitadora_dm_arena;gitadora_gf_arena,chunithm:1;ddr:1;gitadora:2;groove_coaster:1;iidx:1;jubeat:1;maimai_dx:1;nostalgia:1;popn:1;taiko:1,allnet;eagate;ziv;insert_coin
タイトーステーション広島紙屋町店,広島県広島市中区紙屋町２−２−２１,34.3940539,132.4560508,chunithm;gitadora;groove_coaster;iidx;jubeat;maimai_dx;nostalgia;ongeki;other;polaris_chord;popn;reflec;taiko,gitadora_dm_arena;gitadora_gf_arena;iidx_lm;popn_pikapika,chunithm:1;gitadora:2;groove_coaster:1;iidx:1;jubeat:1;maimai_dx:1;nostalgia:1;ongeki:1;polaris_chord:1;popn:1;reflec:1;taiko:1,allnet;eagate;ziv;insert_coin
タイトーステーション戸塚西口店,神奈川県横浜市戸塚区戸塚町４０２３,35.3995319,139.5318297,chunithm;gitadora;iidx;maimai_dx;ongeki;other;popn;taiko,gitadora_dm_arena;gitadora_gf_arena;iidx_lm;popn_pikapika,,allnet;eagate;ziv
タイトーステーション新宿東口店,東京都新宿区新宿３−２２−７　指田ビル,35.6932802,139.7015308,chunithm;ddr;groove_coaster;iidx;jubeat;maimai_dx;ongeki;other;popn;reflec;sdvx;taiko,iidx_lm;sdvx_vm,chunithm:4;ddr:1;groove_coaster:1;iidx:3;jubeat:2;maimai_dx:1;ongeki:1;popn:3;reflec:4;sdvx:1;taiko:4,allnet;eagate;ziv;otogesetchi;insert_coin
タイトーステーション新浜松ザザシティ店,静岡県浜松市中央区鍛冶町１５サザンシティ西館２Ｆ,34.7049378,137.7293310,chunithm;groove_coaster;iidx;jubeat;maimai_dx;nostalgia;ongeki;other;popn;taiko,,,allnet;eagate;ziv
タイトーステーション札幌狸小路２丁目店,北海道札幌市中央区南３条西２丁目−１４,43.0573356,141.3554530,chunithm;groove_coaster;iidx;maimai_dx;ongeki;other;polaris_chord;popn;sdvx;taiko,iidx_lm;popn_pikapika;sdvx_vm,chunithm:1;iidx:1;maimai_dx:1;ongeki:1;polaris_chord:1;popn:1;sdvx:1;taiko:1,allnet;eagate;ziv;insert_coin
タイトーステーション横浜西口五番街店,神奈川県横浜市西区南幸１−１２ー９,35.4646858,139.6195818,chunithm;gitadora;groove_coaster;iidx;maimai_dx;nostalgia;ongeki;other;polaris_chord;popn;sdvx,gitadora_dm_arena;gitadora_gf_arena;iidx_lm;popn_pikapika;sdvx_vm,chunithm:6;gitadora:2;groove_coaster:2;iidx:7;maimai_dx:1;nostalgia:1;ongeki:3;polaris_chord:4;popn:3;sdvx:6,allnet;eagate;ziv
タイトーステーション池袋ロサ店,豊島区西池袋1-37-12ロサ会館1F,35.7324830,139.7093050,chunithm;gitadora;iidx;polaris_chord;popn;reflec;sdvx;taiko,,,eagate;ziv
タイトーステーション海老名ビナウォーク店,神奈川県海老名市中央１−１８−１　ビナウォーク６番館２Ｆ,35.4527589,139.3956832,chunithm;ddr;gitadora;iidx;jubeat;maimai_dx;nostalgia;ongeki;polaris_chord;popn;sdvx;taiko,ddr_gold;gitadora_dm_arena;gitadora_gf_arena;iidx_lm;popn_pikapika;sdvx_vm,,allnet;eagate;ziv
タイトーステーション溝の口,神奈川県川崎市高津区溝口１−１１−８ＯＫＫＡ６３４ビル３階,35.6002204,139.6124232,chunithm;ddr;gitadora;groove_coaster;iidx;jubeat;maimai_dx;nostalgia;ongeki;other;polaris_chord;popn;project_diva;sdvx;taiko,ddr_gold;gitadora_dm_arena;gitadora_gf_arena;iidx_lm;popn_pikapika;sdvx_vm,chunithm:6;ddr:1;gitadora:2;iidx:6;jubeat:4;maimai_dx:2;nostalgia:2;ongeki:4;polaris_chord:1;popn:2;sdvx:4;taiko:4,allnet;eagate;ziv;otogesetchi
タイトーステーション福岡天神店,福岡県福岡市中央区天神２−６−３５サザンクロスビル,33.5896519,130.3973464,chunithm;groove_coaster;iidx;maimai_dx;ongeki;other;polaris_chord;popn;sdvx;taiko,iidx_lm;popn_pikapika;sdvx_vm,chunithm:1;groove_coaster:1;maimai_dx:1;ongeki:1;polaris_chord:1;sdvx:1;taiko:1,allnet;eagate;ziv;insert_coin
タイトーステーション立川北口店,東京都立川市曙町２−４−５クリサス立川２・３Ｆ,35.6991102,139.4120958,chunithm;ddr;drs;gitadora;groove_coaster;iidx;jubeat;maimai_dx;nostalgia;ongeki;other;polaris_chord;popn;project_diva;sdvx,ddr_gold;gitadora_dm_arena;gitadora_gf_arena;iidx_lm;popn_pikapika;sdvx_vm,,allnet;eagate;ziv
タイトーステーション豊田ＧＡＺＡ,愛知県豊田市喜多町１−１４０ＧＡＺＡ３階,35.0880302,137.1572653,chunithm;ddr;groove_coaster;iidx;maimai_dx;nostalgia;ongeki;other;popn;sdvx;taiko,iidx_lm,,allnet;eagate;ziv
タイトーステーション錦糸町楽天地店,東京都墨田区江東橋４−２７−１４楽天地ビルＢ１Ｆ,35.6964979,139.8158070,chunithm;ddr;gitadora;iidx;jubeat;maimai_dx;nostalgia;ongeki;polaris_chord;popn;sdvx;taiko,ddr_gold;iidx_lm;sdvx_vm,chunithm:1;ddr:1;gitadora:2;iidx:1;jubeat:1;maimai_dx:1;nostalgia:1;ongeki:1;polaris_chord:1;popn:1;sdvx:1;taiko:1,allnet;eagate;ziv;insert_coin
タイトー小田原シティーモール店,神奈川県小田原市前川１２０　フレスポ小田原シティーモール２Ｆ,35.2810794,139.1943117,chunithm;gitadora;iidx;jubeat;other;popn;taiko,popn_pikapika,,allnet;eagate;ziv
タイトー新宿南口ゲームワールド店,東京都新宿区新宿３−３５−８,35.6898660,139.7022542,chunithm;ddr;gitadora;groove_coaster;iidx;jubeat;maimai_dx;nostalgia;ongeki;other;polaris_chord;popn;sdvx;taiko,ddr_gold;gitadora_dm_arena;gitadora_gf_arena;iidx_lm;popn_pikapika;sdvx_vm,chunithm:4;ddr:1;gitadora:2;groove_coaster:1;iidx:9;jubeat:1;maimai_dx:1;nostalgia:1;ongeki:5;polaris_chord:4;popn:4;sdvx:9;taiko:1,allnet;eagate;ziv;otogesetchi;insert_coin
タイトーＢＩＧＢＯＸ高田馬場店,東京都新宿区高田馬場１−３５−３　ＢＩＧＢＯＸ６Ｆ,35.7129463,139.7042567,chunithm;dance_evo;ddr;drs;gitadora;iidx;jubeat;maimai_dx;ongeki;other;polaris_chord;popn;reflec;sdvx;taiko,gitadora_dm_arena;gitadora_gf_arena;iidx_lm;popn_pikapika;sdvx_vm,chunithm:6;dance_evo:1;ddr:1;drs:1;gitadora:4;iidx:2;jubeat:1;maimai_dx:2;ongeki:2;polaris_chord:1;popn:1;reflec:1;sdvx:2;taiko:4,allnet;eagate;ziv;otogesetchi;insert_coin
タイトーＦステーションイオンモール富士宮,静岡県富士宮市浅間町１−８　イオンモール富士宮３Ｆ,35.2204706,138.6119827,chunithm;iidx;maimai_dx;ongeki;sdvx,iidx_lm;sdvx_vm,,allnet;eagate;ziv
タイトーＦステーションイオン近江八幡店,滋賀県近江八幡市鷹飼町南３−７　１階,35.1218227,136.1029734,chunithm;ddr;gitadora;iidx;maimai_dx;other;popn;sdvx;taiko,iidx_lm;sdvx_vm,chunithm:3;ddr:1;gitadora:1;iidx:1;maimai_dx:1;popn:1;sdvx:1;taiko:2,allnet;eagate;ziv
タイトーＦステーションオリナス錦糸町店,東京都墨田区太平４ー１ー２　オリナスモール地下１Ｆ,35.7003101,139.8152653,chunithm;ddr;drs;gitadora;iidx;jubeat;maimai_dx;nostalgia;ongeki;polaris_chord;popn;sdvx,ddr_gold;gitadora_dm_arena;gitadora_gf_arena;iidx_lm;popn_pikapika;sdvx_vm,chunithm:1;ddr:1;drs:1;gitadora:2;iidx:5;jubeat:1;maimai_dx:1;nostalgia:1;ongeki:1;polaris_chord:1;popn:1;sdvx:5,allnet;eagate;ziv;insert_coin
タイトーＦステーションクレアモール川越店,埼玉県川越市新富町２−１−１３,35.9138263,139.4829221,chunithm;gitadora;iidx;ongeki;polaris_chord;popn;sdvx;taiko,gitadora_dm_arena;gitadora_gf_arena;iidx_lm;popn_pikapika;sdvx_vm,ongeki:1;taiko:1,allnet;eagate;ziv;insert_coin
タイトーＦステーションセントポルタ大分店,大分県大分市中央町２−１−１,33.2354219,131.6063391,chunithm;gitadora;iidx;maimai_dx;nostalgia;ongeki;popn;sdvx;taiko,iidx_lm;sdvx_vm,,allnet;eagate;ziv
タイトーＦステーションニシムタ出水店,鹿児島県出水市六月田町３４７番地,32.1052481,130.3454411,chunithm;iidx;maimai_dx;nostalgia;ongeki;popn;project_diva;sdvx;taiko,iidx_lm;sdvx_vm,,allnet;eagate;ziv
タイトーＦステーション上越店,新潟県上越市富岡３５２４　Ｊーｍａｘシアター内１Ｆ,37.1481920,138.2590468,chunithm;ddr;gitadora;iidx;maimai_dx;nostalgia;ongeki;polaris_chord;project_diva;sdvx,ddr_gold;iidx_lm;sdvx_vm,,allnet;eagate;ziv
タイトーＦステーション八戸店,青森県八戸市三日町２７,40.5093072,141.4905810,chunithm;gitadora;groove_coaster;iidx;maimai_dx;ongeki;popn;sdvx;taiko,,,allnet;eagate;ziv
タイトーＦステーション市川妙典店,千葉県市川市妙典４ー１ー１　イオン市川妙典店２番街２Ｆ,35.6925377,139.9266786,chunithm;ddr;gitadora;iidx;maimai_dx;nostalgia;ongeki;polaris_chord;popn;project_diva;sdvx;taiko,ddr_gold;gitadora_dm_arena;gitadora_gf_arena;iidx_lm;popn_pikapika;sdvx_vm,chunithm:1;ddr:1;gitadora:2;iidx:4;maimai_dx:1;nostalgia:1;ongeki:1;polaris_chord:1;popn:1;sdvx:4,allnet;eagate;ziv;insert_coin
タイトーＦステーション静岡,静岡県静岡市葵区呉服町２−５−４　ふしみや第２ビル,34.9744541,138.3832431,chunithm;gitadora;groove_coaster;iidx;maimai_dx;ongeki;popn;sdvx;taiko,gitadora_dm_arena;gitadora_gf_arena;iidx_lm;popn_pikapika;sdvx_vm,,allnet;eagate;ziv
タイトーＦ郡山オリエントパーク店,福島県郡山市安積町荒井字大久保３５−１,37.3744762,140.3487551,chunithm;ddr;iidx;maimai_dx;ongeki;other;polaris_chord;sdvx;taiko,ddr_gold;iidx_lm;sdvx_vm,,allnet;eagate;ziv
タカダバッティングセンター,富士市田島75-1,35.1509840,138.6958050,iidx;pump_it_up,,,eagate;ziv
タロフォフォ,兵庫県西宮市田中町５−２１,34.7366936,135.3365065,gitadora;iidx;jubeat;other;popn;project_diva,,,allnet;eagate;ziv
チャリオット五井店,千葉県市原市五井中央西２−１−２,35.5136111,140.0898121,chunithm;gitadora;iidx;maimai_dx;ongeki;popn;project_diva;sdvx;taiko,gitadora_dm_arena;gitadora_gf_arena;iidx_lm;sdvx_vm,,allnet;eagate
テクノワールド,岩手県奥州市江刺愛宕字梁川１２７−１,39.1792419,141.1621682,chunithm;ddr;gitadora;iidx;jubeat;maimai_dx;nostalgia;ongeki;other;polaris_chord;popn;project_diva;sdvx,ddr_gold;iidx_lm;popn_pikapika;sdvx_vm,,allnet;eagate;ziv
テクモピアパルテロン宇都宮店,宇都宮市今泉町237福田屋ショッピングプラザ宇都宮2F,36.5742650,139.9005810,iidx,iidx_lm,,eagate
テクモピア座間店,神奈川県座間市ひばりが丘４−１１−４８,35.4800807,139.4320181,chunithm;iidx;maimai_dx;ongeki;sdvx,iidx_lm;sdvx_vm,,allnet;eagate
テクモピア船橋南口店,千葉県船橋市本町１ー７ー６ドリーム船橋ビル３Ｆ,35.6990191,139.9858078,chunithm;iidx;maimai_dx;ongeki;sdvx;taiko,iidx_lm;sdvx_vm,,allnet;eagate
トヤマレジャーランド呉羽店,富山県富山市高木字貝塚2054,36.7154246,137.1579952,chunithm;ddr;gitadora;iidx;maimai_dx;ongeki;other;popn;sdvx,ddr_gold;gitadora_dm_arena;gitadora_gf_arena;iidx_lm;popn_pikapika;sdvx_vm,,allnet;eagate;ziv
トライセン中津店,大分県中津市下池永６７−３,33.5896776,131.2110360,chunithm;gitadora;iidx;jubeat;maimai_dx;ongeki;other;popn;sdvx,gitadora_dm_arena;gitadora_gf_arena;iidx_lm;sdvx_vm,,allnet;eagate;ziv
トライセン萩原,大分県大分市萩原４−２２７−７,33.2491774,131.6436745,chunithm;gitadora;iidx;jubeat;maimai_dx;ongeki;other;popn;reflec,gitadora_dm_arena;gitadora_gf_arena;iidx_lm,,allnet;eagate;ziv
ドライブイン古城,倉敷市福田町福田2111-1,34.5513949,133.7675318,gitadora;iidx;nostalgia,,,eagate
ドリームキャンディ,三重県伊賀市小田町７１１−１,34.7752694,136.1227939,chunithm;gitadora;iidx;maimai_dx;nostalgia;ongeki;reflec;sdvx,iidx_lm;sdvx_vm,,allnet;eagate
ニコアプレイランド,二戸市米沢字荒谷25,40.2829310,141.2942920,iidx;other,,,eagate;ziv
ネオブラボー,山口県防府市高倉１−３−３０,34.0549567,131.5591985,chunithm;iidx;maimai_dx;ongeki;other;sdvx,iidx_lm;sdvx_vm,,allnet;eagate;ziv
ハローズガーデン新三田,兵庫県三田市けやき台１‐６‐２イオン三田２番街,34.9081575,135.1861575,chunithm;iidx;maimai_dx;ongeki,iidx_lm,,allnet;eagate
バイパスレジャーランド加賀店,石川県加賀市箱宮町ヲ1-1,36.3251944,136.4113866,chunithm;ddr;iidx;jubeat;maimai_dx;nostalgia;other;popn;sdvx,ddr_gold;iidx_lm;popn_pikapika;sdvx_vm,,allnet;eagate;ziv
バイパスレジャーランド御経塚店,石川県野々市市御経塚4丁目46,36.5479275,136.6012300,chunithm;iidx;other;popn;sdvx,iidx_lm;popn_pikapika;sdvx_vm,,allnet;eagate;ziv
バイパスレジャーランド藤江新館,石川県金沢市藤江南2-105,36.5837815,136.6206855,chunithm;ddr;gitadora;iidx;jubeat;maimai_dx;nostalgia;ongeki;other;polaris_chord;popn;sdvx,ddr_gold;gitadora_dm_arena;gitadora_gf_arena;iidx_lm;popn_pikapika;sdvx_vm,,allnet;eagate;ziv
パスカランド福重店,福岡県福岡市西区拾六町１丁目７番１号ＭＥＧＡドンキ福重店３Ｆ,33.5672500,130.3148720,chunithm;iidx;maimai_dx;ongeki;other;popn;sdvx,iidx_lm;popn_pikapika;sdvx_vm,,allnet;eagate;ziv
パスカワールドグリーンランド店,熊本県荒尾市本井手１５７４−５４,32.9878473,130.4712114,chunithm;ddr;gitadora;iidx;jubeat;maimai_dx;nostalgia;ongeki;other;polaris_chord;popn;sdvx,gitadora_dm_arena;gitadora_gf_arena;iidx_lm;popn_pikapika;sdvx_vm,,allnet;eagate;ziv
パラダイス・シティ,神奈川県横浜市旭区二俣川1-43-28,35.4648265,139.5318128,chunithm;iidx;maimai_dx,,,allnet;eagate
パルケ・デ・アミーゴ！山形店,山形県山形市嶋北１−３−１,38.2836662,140.3216001,chunithm;iidx;jubeat;ongeki;other,,,allnet;eagate;ziv
パルケ上賀茂店,京都府京都市北区上賀茂西河原町１の１,35.0669415,135.7460749,chunithm;ddr;drs;gitadora;iidx;maimai_dx;nostalgia;ongeki;other;popn;taiko,iidx_lm,chunithm:1;ddr:1;drs:1;gitadora:2;iidx:1;maimai_dx:1;nostalgia:1;ongeki:1;popn:1;taiko:2,allnet;eagate;ziv;insert_coin
ビッグボウル杉戸,埼玉県北葛飾郡杉戸町大字杉戸２３３８,36.0401850,139.7208181,chunithm;iidx;maimai_dx;nostalgia;sdvx,iidx_lm;sdvx_vm,,allnet;eagate
ビデオゲームミュージアムロボット深谷店,埼玉県深谷市上柴町西４−１２−１,36.1796392,139.2988013,iidx;jubeat;popn;project_diva;sdvx,iidx_lm;sdvx_vm,,allnet;eagate
ビバーチャ,広島県広島市中区南竹屋町１０−１７,34.3793334,132.4612792,chunithm;gitadora;iidx;jubeat;maimai_dx;ongeki;other;popn,,,allnet;eagate;ziv
ピノキオランド本渡,熊本県天草市船之尾町279-6,32.4583537,130.1882685,chunithm;iidx;maimai_dx;ongeki;other,iidx_lm,,allnet;eagate;ziv
ピノッキースパティオ益田店,島根県益田市高津7丁目21-12ゆめタウン益田店2F,34.6911678,131.8158974,chunithm;iidx;other,,,allnet;eagate;ziv
ピンクパンサー下妻店,茨城県下妻市小島884-10,36.1702653,139.9665309,chunithm;gitadora;iidx;maimai_dx;ongeki;sdvx,sdvx_vm,,allnet;eagate
ピンクパンサー土浦店,茨城県土浦市木田余４５８５−３,36.1065463,140.2151975,chunithm;ddr;gitadora;iidx;jubeat;maimai_dx;ongeki;project_diva;sdvx,ddr_gold;iidx_lm;sdvx_vm,,allnet;eagate
ファンタジスタ,岡山県倉敷市新倉敷駅前５−１９４,34.5583269,133.6767549,chunithm;gitadora;iidx;jubeat;nostalgia;other;popn;sdvx,iidx_lm;popn_pikapika;sdvx_vm,,allnet;eagate;ziv
ファンタジードーム八戸,青森県八戸市江陽２−１４−１,40.5218721,141.5027091,chunithm;iidx;jubeat;maimai_dx;nostalgia;ongeki;other;popn;reflec,iidx_lm,,allnet;eagate;ziv
ファンタジープラザ名古屋,愛知県名古屋市北区玄馬町２３４−１ﾄﾞﾝｷﾎｰﾃ名古屋本店２階,35.2264606,136.9089964,chunithm;ddr;gitadora;iidx;jubeat;maimai_dx;ongeki;other;popn;reflec;sdvx;taiko,ddr_gold;gitadora_dm_arena;gitadora_gf_arena;iidx_lm;popn_pikapika;sdvx_vm,chunithm:2;ddr:1;gitadora:2;iidx:3;jubeat:1;maimai_dx:1;ongeki:2;popn:1;reflec:1;sdvx:4;taiko:3,allnet;eagate;ziv;insert_coin
フェスタ古河店,古河市松並2-18-10マーケットシティ古河内,36.2096015,139.7086044,chunithm;iidx;maimai_dx;ongeki;polaris_chord;popn;sdvx,iidx_lm;popn_pikapika;sdvx_vm,,eagate
フクイレジャーランドワイプラザ店,福井県福井市新保北1-303　ヤスサキワイプラザＢ棟2Ｆ,36.0861836,136.2493644,chunithm;iidx;jubeat;maimai_dx;ongeki;other;polaris_chord;popn;sdvx,iidx_lm;popn_pikapika;sdvx_vm,,allnet;eagate;ziv
フリスポ下館,茨城県筑西市神分４７２,36.3024911,139.9565286,ddr;gitadora;iidx;ongeki;popn;sdvx,popn_pikapika;sdvx_vm,,allnet;eagate
フリスポ佐原,千葉県香取市佐原イ−４２００,35.9011456,140.4935107,chunithm;ddr;gitadora;iidx;maimai_dx;ongeki;polaris_chord;popn;sdvx;taiko,iidx_lm;sdvx_vm,,allnet;eagate
フレスパランドカッタの湯,山口県宇部市海南町1675,33.9584481,131.2615249,chunithm;iidx;maimai_dx;ongeki;other;polaris_chord;sdvx,iidx_lm;sdvx_vm,,allnet;eagate;ziv
ブラックジャックアクア店,広島県広島市安佐南区大町東４−１２−１１,34.4689057,132.4624719,chunithm;iidx;other;popn,iidx_lm,,allnet;eagate;ziv
ブラックジャック東広島店,広島県東広島市西条町御薗宇６１２０,34.4141987,132.7533558,chunithm;iidx;other,iidx_lm,,allnet;eagate;ziv
プラサカプコン大曲店,秋田県大仙市和合字坪立１７７イオン大曲ＳＣ２Ｆ,39.4385014,140.5088973,chunithm;iidx;maimai_dx;ongeki;other;popn,,,allnet;eagate;ziv
プラサカプコン横須賀店,神奈川県横須賀市若松町2-30モアーズシティ4F,35.2782938,139.6700409,chunithm;iidx;maimai_dx;ongeki;other,,,allnet;eagate;ziv
プラサカプコン甲府店,山梨県中巨摩郡昭和町西条３７１７,35.6428959,138.5462509,chunithm;iidx;maimai_dx;ongeki;other;popn;project_diva,,,allnet;eagate;ziv
プレイゾーン　バンブー,新潟県南魚沼市竹俣６０ー５,37.0510088,138.8681410,chunithm;iidx;nostalgia;ongeki;popn,,,allnet;eagate
プレイドーム松山,愛媛県松山市余戸南４丁目９−４０,33.8093947,132.7280617,chunithm;iidx;other;project_diva,iidx_lm,,allnet;eagate;ziv
プレイハウス　エリナ,新潟県新潟市西蒲区津雲田６４０,37.7175185,138.8906472,chunithm;ddr;gitadora;iidx;jubeat;museca;nostalgia;ongeki;popn;sdvx,ddr_gold;iidx_lm;popn_pikapika;sdvx_vm,,allnet;eagate
プレイランドイン黒部,富山県黒部市沓掛645,36.8889558,137.4644997,chunithm;gitadora;iidx;jubeat;sdvx,sdvx_vm,,allnet;eagate
ペップ魚町,福岡県北九州市小倉北区魚町２−４−２０,33.8839068,130.8803109,chunithm;ddr;gitadora;iidx;jubeat;maimai_dx;nostalgia;ongeki;other;popn;project_diva;reflec;sdvx,iidx_lm;sdvx_vm,,allnet;eagate;ziv
ホムスタ加古川店,加古川市尾上町安田351-1メガコート,34.7455290,134.8355115,iidx;popn,iidx_lm,,eagate
ホムスタ玉津店,神戸市西区丸塚2-9-18メガパレス2F,34.6792248,134.9831791,gitadora;iidx;polaris_chord;popn;sdvx,iidx_lm;sdvx_vm,,eagate
ポート２４八事店,愛知県名古屋市昭和区広路町北石坂102番地4,35.1371097,136.9641401,chunithm;ddr;gitadora;iidx;jubeat;maimai_dx;nostalgia;ongeki;other;popn;sdvx;taiko,ddr_gold;iidx_lm;sdvx_vm,chunithm:4;ddr:1;gitadora:2;iidx:4;jubeat:2;maimai_dx:2;nostalgia:1;ongeki:4;popn:1;sdvx:2;taiko:3,allnet;eagate;ziv;insert_coin
ポート２４幸田店,愛知県額田郡幸田町相見沖原1-3,34.8902431,137.1631359,chunithm;gitadora;iidx;maimai_dx;ongeki;other;popn;project_diva;sdvx,iidx_lm;popn_pikapika;sdvx_vm,,allnet;eagate;ziv
ポート２４浜松店,静岡県浜松市中央区坪井町4183-1,34.6801467,137.6443581,chunithm;drs;gitadora;iidx;jubeat;maimai_dx;nostalgia;ongeki;other;popn;project_diva;sdvx,gitadora_dm_arena;gitadora_gf_arena;iidx_lm;sdvx_vm,,allnet;eagate;ziv
マックスプラザ善通寺,香川県善通寺市中村町１７９８−２,34.2436048,133.7640148,chunithm;gitadora;groove_coaster;iidx;jubeat;maimai_dx;nostalgia;ongeki;polaris_chord;popn;project_diva;sdvx;wacca,iidx_lm;sdvx_vm,chunithm:1;groove_coaster:1;iidx:1;project_diva:1;sdvx:1;wacca:1,allnet;eagate;ziv;insert_coin
マトリクス前橋,群馬県前橋市小相木町５５８−１,36.3729424,139.0596370,chunithm;gitadora;iidx;ongeki;popn;sdvx,gitadora_dm_arena;gitadora_gf_arena;iidx_lm;popn_pikapika;sdvx_vm,,allnet;eagate
ミラクルイン中村橋,東京都練馬区貫井１−１−２ＹＫビル２Ｆ,35.7371368,139.6383560,chunithm;iidx;ongeki;other;popn;sdvx,iidx_lm;sdvx_vm,,allnet;eagate;ziv
ムー大陸西尾シャオ店,愛知県西尾市下町御城下２３−１シャオ２Ｆ,34.8677828,137.0454315,chunithm;iidx;maimai_dx;ongeki;sdvx,iidx_lm;sdvx_vm,,allnet;eagate
メカランド サルビア,鳥取市南隈860,35.5198034,134.2034528,iidx;jubeat;other;popn;reflec,,,eagate;ziv
メジャーロード白根,新潟県新潟市南区上下諏訪木論地９４８−２,37.7605971,139.0222139,chunithm;iidx;maimai_dx;ongeki,,,allnet;eagate
メジャーロード見附店,新潟県見附市上新田町字下野沖516番地1,37.5430983,138.8914470,chunithm;gitadora;iidx;jubeat;maimai_dx;ongeki;other;popn;sdvx,sdvx_vm,,allnet;eagate;ziv
メジャーロード黒埼,新潟県新潟市西区山田３３０３番地（３３０２番地）,37.8682204,139.0173416,chunithm;gitadora;iidx;jubeat;maimai_dx;ongeki;other;sdvx,sdvx_vm,,allnet;eagate;ziv
モンキートリック,大阪府寝屋川市香里南之町32-5　YNレジデンス香里2F,34.7834753,135.6288626,chunithm;ddr;gitadora;iidx;jubeat;maimai_dx;ongeki;polaris_chord;popn;sdvx,ddr_gold;gitadora_dm_arena;gitadora_gf_arena;iidx_lm;popn_pikapika;sdvx_vm,,allnet;eagate
モーリーファンタジー那覇,沖縄県那覇市金城５−１０−２　イオン那覇店３F,26.1970331,127.6658532,chunithm;dance_evo;iidx;jubeat;maimai_dx;nostalgia;ongeki;polaris_chord;popn;reflec;sdvx,iidx_lm;sdvx_vm,,allnet;eagate;ziv
モーリーファンタジーｆ 岐阜,岐阜県岐阜市正木中１−２−１マーサ２１北館３Ｆ,35.4484474,136.7449465,chunithm;drs;gitadora;iidx;jubeat;maimai_dx;ongeki;other;polaris_chord;popn;reflec;sdvx;taiko,iidx_lm;sdvx_vm,chunithm:3;drs:1;gitadora:2;jubeat:2;maimai_dx:3;ongeki:2;popn:1;reflec:1;sdvx:1;taiko:3,allnet;eagate;ziv;insert_coin
ユーズランド三光店,大分県中津市三光佐知1032イオンモール三光2F,33.5604305,131.1920613,chunithm;iidx;maimai_dx;nostalgia;ongeki;other;polaris_chord;sdvx,sdvx_vm,,allnet;eagate;ziv
ユーズランド下田店,青森県上北郡おいらせ町中野平４０−１イオンモール下田１Ｆ,40.6014566,141.4177839,chunithm;ddr;drs;gitadora;iidx;jubeat;maimai_dx;nostalgia;ongeki;other;polaris_chord;popn;project_diva;sdvx,ddr_gold;gitadora_dm_arena;gitadora_gf_arena;iidx_lm;popn_pikapika;sdvx_vm,,allnet;eagate;ziv
ユーズランド倉敷店,岡山県倉敷市水江１番地イオンモール倉敷２Ｆ,34.6032479,133.7454021,chunithm;ddr;drs;iidx;maimai_dx;ongeki;other;polaris_chord;popn;sdvx,ddr_gold;iidx_lm;popn_pikapika;sdvx_vm,,allnet;eagate;ziv
ユーズランド和歌山店,和歌山県和歌山市ふじと台２３番地イオンモール和歌山２Ｆ,34.2761543,135.1492010,chunithm;iidx;maimai_dx;ongeki;other;polaris_chord;sdvx,iidx_lm;sdvx_vm,,allnet;eagate;ziv
ユーズランド大河原店,宮城県柴田郡大河原町小島２−１フォルテ２Ｆ,38.0656136,140.7373892,chunithm;iidx;maimai_dx;ongeki;other;polaris_chord,,,allnet;eagate;ziv
ユーズランド太田店,群馬県太田市石原町８１番地イオンモール太田２Ｆ,36.2941440,139.4004362,chunithm;gitadora;iidx;maimai_dx;ongeki;polaris_chord;popn;sdvx,gitadora_dm_arena;gitadora_gf_arena;iidx_lm;popn_pikapika;sdvx_vm,,allnet;eagate
ユーズランド春日部店,埼玉県春日部市下柳４２０−１イオンモール春日部２Ｆ,35.9885734,139.7898122,chunithm;iidx;jubeat;maimai_dx;nostalgia;ongeki;sdvx,iidx_lm;sdvx_vm,,allnet;eagate
ユーズランド東浦店,愛知県知多郡東浦町緒川旭１３−２イオンモール東浦２Ｆ,34.9781318,136.9742667,chunithm;iidx;maimai_dx;ongeki;other;polaris_chord;popn;sdvx;taiko,iidx_lm;popn_pikapika;sdvx_vm,chunithm:5;iidx:2;maimai_dx:2;ongeki:5;polaris_chord:3;sdvx:2;taiko:6,allnet;eagate;ziv;insert_coin
ユーズランド水戸内原店,茨城県水戸市内原２−１イオンモール水戸内原２Ｆ,36.3739629,140.3583896,chunithm;ddr;gitadora;iidx;maimai_dx;ongeki;polaris_chord;popn;sdvx,ddr_gold;gitadora_dm_arena;gitadora_gf_arena;iidx_lm;popn_pikapika;sdvx_vm,,allnet;eagate
ユーズランド越谷店,埼玉県越谷市レイクタウン4-2-2イオンレイクタウンKAZE3F,35.8778002,139.8245962,chunithm;iidx;maimai_dx;ongeki;popn;sdvx,iidx_lm;popn_pikapika;sdvx_vm,,allnet;eagate
ユーズランド高岡店,富山県高岡市下伏間江３８３イオンモール高岡２Ｆ,36.7241123,137.0170194,chunithm;ddr;iidx;maimai_dx;ongeki;polaris_chord;popn;sdvx,ddr_gold;iidx_lm;popn_pikapika;sdvx_vm,,allnet;eagate
ユーズランド高崎店,群馬県高崎市棟高町１４００番地イオンモール高崎２Ｆ,36.3904820,139.0065304,chunithm;ddr;drs;gitadora;iidx;jubeat;maimai_dx;ongeki;polaris_chord;popn;sdvx,ddr_gold;gitadora_dm_arena;gitadora_gf_arena;iidx_lm;popn_pikapika;sdvx_vm,,allnet;eagate
ラウンドワンさいか屋横須賀店,神奈川県横須賀市大滝町１丁目１３番,35.2821494,139.6695932,chunithm;dance_around;ddr;drs;gitadora;iidx;jubeat;maimai_dx;nostalgia;ongeki;polaris_chord;popn;project_diva;sdvx,ddr_gold;gitadora_dm_arena;gitadora_gf_arena;iidx_lm;popn_pikapika;sdvx_vm,,allnet;eagate
ラウンドワンさいたま・上里店,埼玉県児玉郡上里町大字金久保３９４−１,36.2599800,139.1374381,chunithm;dance_around;drs;gitadora;iidx;maimai_dx;nostalgia;ongeki;other;polaris_chord;popn;sdvx,gitadora_dm_arena;gitadora_gf_arena;iidx_lm;popn_pikapika;sdvx_vm,,allnet;eagate;ziv
ラウンドワンさいたま・栗橋店,埼玉県久喜市小右衛門１９２−１,36.1235137,139.7151734,chunithm;dance_around;ddr;gitadora;iidx;jubeat;maimai_dx;museca;nostalgia;ongeki;other;polaris_chord;popn;sdvx,ddr_gold;gitadora_dm_arena;gitadora_gf_arena;iidx_lm;popn_pikapika;sdvx_vm,dance_around:1;ddr:1;gitadora:2;maimai_dx:1;museca:1;popn:1,allnet;eagate;ziv;insert_coin
ラウンドワンさいたま・鴻巣店,埼玉県鴻巣市箕田３１６３−７,36.0806388,139.4902256,chunithm;dance_around;dance_evo;ddr;drs;gitadora;iidx;jubeat;maimai_dx;nostalgia;ongeki;polaris_chord;popn;sdvx,ddr_gold;gitadora_dm_arena;gitadora_gf_arena;iidx_lm;popn_pikapika;sdvx_vm,gitadora:1,allnet;eagate;ziv;insert_coin
ラウンドワンみえ川越インターチェンジ店,三重県三重郡川越町南福崎８５１−１,35.0229015,136.6835299,chunithm;ddr;gitadora;iidx;maimai_dx;ongeki;other;polaris_chord;popn;sdvx,ddr_gold;gitadora_dm_arena;gitadora_gf_arena;iidx_lm;popn_pikapika;sdvx_vm,,allnet;eagate;ziv
ラウンドワンららぽーと和泉店,大阪府和泉市あゆみ野４−４−７　４階　４２１００番,34.4356803,135.4479088,chunithm;iidx;maimai_dx;ongeki;other;popn;sdvx,iidx_lm;popn_pikapika;sdvx_vm,,allnet;eagate;ziv
ラウンドワンららぽーと新三郷店,埼玉県三郷市新三郷ららシティ3-1-1ららぽーと新三郷2F20000番,35.8594806,139.8671397,beatstream;chunithm;dance_around;dance_evo;ddr;gitadora;iidx;jubeat;maimai_dx;ongeki;polaris_chord;popn;sdvx,ddr_gold;gitadora_dm_arena;gitadora_gf_arena;iidx_lm;popn_pikapika;sdvx_vm,beatstream:2;chunithm:1;dance_evo:1;ddr:1;maimai_dx:1;sdvx:3,allnet;eagate;ziv
ラウンドワンららぽーと湘南平塚店,神奈川県平塚市天沼１０−１３階 ３３２８０番,35.3379406,139.3560477,chunithm;ddr;iidx;maimai_dx;ongeki;other;polaris_chord;popn;sdvx,ddr_gold;iidx_lm;popn_pikapika;sdvx_vm,,allnet;eagate;ziv
ラウンドワンわらび店,埼玉県蕨市北町５−１−６,35.8307831,139.6742333,chunithm;ddr;drs;gitadora;iidx;jubeat;maimai_dx;nostalgia;ongeki;other;polaris_chord;popn;project_diva;sdvx,ddr_gold;gitadora_dm_arena;gitadora_gf_arena;iidx_lm;popn_pikapika;sdvx_vm,,allnet;eagate;ziv
ラウンドワンアリオ柏店,千葉県柏市大島田１丁目６番地１セブンパークアリオ柏　１０７０,35.8323319,140.0119419,chunithm;dance_around;ddr;drs;gitadora;iidx;maimai_dx;ongeki;polaris_chord;popn;sdvx;taiko,ddr_gold;gitadora_dm_arena;gitadora_gf_arena;iidx_lm;popn_pikapika;sdvx_vm,,allnet;eagate
ラウンドワンダイバーシティ東京プラザ店,東京都江東区青海1-1-10ダイバーシティ東京プラザ6階61000,35.6256894,139.7763086,chunithm;crossbeats;dance_around;dance_evo;ddr;drs;gitadora;iidx;jubeat;maimai_dx;ongeki;other;polaris_chord;popn;project_diva;sdvx;taiko,ddr_gold;gitadora_dm_arena;gitadora_gf_arena;iidx_lm;popn_pikapika;sdvx_vm,chunithm:4;crossbeats:2;dance_around:3;dance_evo:1;ddr:1;drs:1;gitadora:4;iidx:2;jubeat:2;maimai_dx:2;ongeki:2;polaris_chord:2;popn:3;project_diva:1;sdvx:1;taiko:6,allnet;eagate;ziv
ラウンドワンモレラ岐阜店,岐阜県本巣市三橋１１００,35.4552106,136.6727657,chunithm;dance_around;ddr;drs;gitadora;iidx;jubeat;maimai_dx;nostalgia;ongeki;other;polaris_chord;popn;sdvx,ddr_gold;gitadora_dm_arena;gitadora_gf_arena;iidx_lm;popn_pikapika;sdvx_vm,,allnet;eagate;ziv
ラウンドワンヨロッカ春日井店,愛知県春日井市六軒屋町東丘２２テナント区画番号３０１０,35.2587361,136.9816772,chunithm;ddr;gitadora;iidx;maimai_dx;ongeki;other;polaris_chord;popn;sdvx;taiko,ddr_gold;gitadora_dm_arena;gitadora_gf_arena;iidx_lm;popn_pikapika;sdvx_vm,chunithm:3;ddr:1;gitadora:2;iidx:2;maimai_dx:2;ongeki:2;polaris_chord:2;sdvx:2;taiko:2,allnet;eagate;ziv
ラウンドワン三宮駅前店,兵庫県神戸市中央区小野柄通6-1-17,34.6939326,135.1973748,chunithm;ddr;gitadora;iidx;maimai_dx;ongeki;other;polaris_chord;popn;sdvx;taiko,ddr_gold;gitadora_dm_arena;gitadora_gf_arena;iidx_lm;popn_pikapika;sdvx_vm,chunithm:1;ddr:1;gitadora:2;iidx:1;maimai_dx:1;ongeki:1;polaris_chord:1;popn:1;sdvx:1;taiko:1,allnet;eagate;ziv;insert_coin
ラウンドワン上尾店,埼玉県上尾市大字平塚９１７−１,35.9857321,139.6078402,chunithm;dance_around;ddr;drs;gitadora;iidx;maimai_dx;nostalgia;ongeki;other;polaris_chord;popn;sdvx,ddr_gold;gitadora_dm_arena;gitadora_gf_arena;iidx_lm;popn_pikapika;sdvx_vm,,allnet;eagate;ziv
ラウンドワン中川１号線店,愛知県名古屋市中川区法蔵町２−２３,35.1236443,136.8636045,chunithm;dance_around;ddr;drs;gitadora;iidx;jubeat;maimai_dx;ongeki;other;polaris_chord;popn;sdvx;taiko,ddr_gold;gitadora_dm_arena;gitadora_gf_arena;iidx_lm;popn_pikapika;sdvx_vm,chunithm:4;dance_around:2;ddr:1;drs:1;gitadora:2;iidx:2;jubeat:1;maimai_dx:2;ongeki:4;polaris_chord:4;popn:1;sdvx:2;taiko:1,allnet;eagate;ziv
ラウンドワン京都伏見店,京都府京都市伏見区下鳥羽平塚町１３１,34.9359432,135.7463208,chunithm;ddr;gitadora;iidx;maimai_dx;ongeki;other;polaris_chord;popn;sdvx,ddr_gold;gitadora_dm_arena;gitadora_gf_arena;iidx_lm;popn_pikapika;sdvx_vm,,allnet;eagate;ziv
ラウンドワン京都河原町店,京都府京都市中京区河原町通三条下ル山崎町２５０,35.0070244,135.7686902,chunithm;dance_around;ddr;drs;gitadora;iidx;jubeat;maimai_dx;nostalgia;ongeki;other;polaris_chord;popn;project_diva;sdvx;taiko,ddr_gold;gitadora_dm_arena;gitadora_gf_arena;iidx_lm;popn_pikapika;sdvx_vm,chunithm:1;dance_around:1;ddr:1;drs:1;gitadora:2;iidx:1;jubeat:1;maimai_dx:1;nostalgia:1;ongeki:1;polaris_chord:1;popn:1;project_diva:1;sdvx:1;taiko:1,allnet;eagate;ziv;insert_coin
ラウンドワン仙台泉店,宮城県仙台市泉区大沢二丁目１２番４号　１階,38.3520265,140.8795076,chunithm;dance_around;ddr;gitadora;iidx;maimai_dx;ongeki;polaris_chord;popn;sdvx,ddr_gold;gitadora_dm_arena;gitadora_gf_arena;iidx_lm;popn_pikapika;sdvx_vm,,allnet;eagate
ラウンドワン仙台苦竹店,宮城県仙台市宮城野区苦竹１−７−１０,38.2680832,140.9172451,chunithm;dance_around;ddr;gitadora;iidx;jubeat;maimai_dx;nostalgia;ongeki;other;polaris_chord;popn;sdvx,ddr_gold;gitadora_dm_arena;gitadora_gf_arena;iidx_lm;popn_pikapika;sdvx_vm,,allnet;eagate;ziv
ラウンドワン伊丹店,兵庫県伊丹市昆陽７丁目２９,34.7790734,135.3934676,chunithm;ddr;gitadora;iidx;maimai_dx;ongeki;other;polaris_chord;popn;project_diva;sdvx,ddr_gold;gitadora_dm_arena;gitadora_gf_arena;iidx_lm;popn_pikapika;sdvx_vm,,allnet;eagate;ziv
ラウンドワン佐賀店,佐賀県佐賀市兵庫北４−２−１,33.2752276,130.3010551,chunithm;dance_around;ddr;drs;gitadora;iidx;maimai_dx;ongeki;other;polaris_chord;popn;sdvx,ddr_gold;gitadora_dm_arena;gitadora_gf_arena;iidx_lm;popn_pikapika;sdvx_vm,,allnet;eagate;ziv
ラウンドワン入間店,埼玉県入間市小谷田３−７−２５,35.8279801,139.3760089,chunithm;dance_around;ddr;gitadora;iidx;jubeat;maimai_dx;nostalgia;ongeki;other;polaris_chord;popn;sdvx,ddr_gold;gitadora_dm_arena;gitadora_gf_arena;iidx_lm;popn_pikapika;sdvx_vm,,allnet;eagate;ziv
ラウンドワン函館店,北海道函館市西桔梗町８４８−１１,41.8246380,140.7175148,chunithm;dance_around;ddr;gitadora;iidx;maimai_dx;nostalgia;ongeki;other;polaris_chord;popn;sdvx,ddr_gold;gitadora_dm_arena;gitadora_gf_arena;iidx_lm;popn_pikapika;sdvx_vm,,allnet;eagate;ziv
ラウンドワン前橋店,群馬県前橋市天川大島町１１０１−１,36.3687628,139.1052489,chunithm;ddr;drs;gitadora;iidx;maimai_dx;ongeki;other;polaris_chord;popn;sdvx,ddr_gold;gitadora_dm_arena;gitadora_gf_arena;iidx_lm;popn_pikapika;sdvx_vm,,allnet;eagate;ziv
ラウンドワン加古川店,兵庫県加古川市尾上町安田325番6号,34.7470428,134.8369253,chunithm;dance_around;ddr;gitadora;iidx;jubeat;maimai_dx;nostalgia;ongeki;other;polaris_chord;popn;sdvx,ddr_gold;gitadora_dm_arena;gitadora_gf_arena;iidx_lm;popn_pikapika;sdvx_vm,,allnet;eagate;ziv
ラウンドワン千日前店,大阪府大阪市中央区難波１−３−１,34.6675295,135.5027825,beatstream;chunithm;crossbeats;dance_around;ddr;drs;gitadora;iidx;jubeat;maimai_dx;museca;nostalgia;ongeki;other;polaris_chord;popn;project_diva;reflec;sdvx,ddr_gold;gitadora_dm_arena;gitadora_gf_arena;iidx_lm;popn_pikapika;sdvx_vm,beatstream:1;chunithm:2;crossbeats:1;dance_around:1;ddr:2;drs:1;gitadora:4;iidx:2;jubeat:1;maimai_dx:2;museca:1;nostalgia:1;ongeki:4;polaris_chord:2;popn:1;project_diva:1;reflec:1;sdvx:1,allnet;eagate;ziv;insert_coin
ラウンドワン千種店,愛知県名古屋市千種区新栄3-20-17タイホウ千種駅前南ビル1階,35.1680713,136.9280046,chunithm;ddr;drs;gitadora;iidx;jubeat;maimai_dx;ongeki;other;polaris_chord;popn;sdvx;taiko,ddr_gold;gitadora_dm_arena;gitadora_gf_arena;iidx_lm;popn_pikapika;sdvx_vm,chunithm:2;ddr:1;drs:1;gitadora:2;iidx:1;jubeat:2;maimai_dx:1;ongeki:2;polaris_chord:2;popn:2;sdvx:1;taiko:3,allnet;eagate;ziv;insert_coin
ラウンドワン半田店,愛知県半田市瑞穂町６−７−８,34.8853760,136.9413762,chunithm;ddr;gitadora;iidx;maimai_dx;ongeki;polaris_chord;popn;sdvx,ddr_gold;gitadora_dm_arena;gitadora_gf_arena;iidx_lm;popn_pikapika;sdvx_vm,,allnet;eagate
ラウンドワン南砂店,東京都江東区南砂６−７−１５トピレックプラザ４Ｆ,35.6718431,139.8369781,chunithm;dance_around;ddr;drs;gitadora;iidx;jubeat;maimai_dx;nostalgia;ongeki;other;polaris_chord;popn;project_diva;reflec;sdvx;taiko,ddr_gold;gitadora_dm_arena;gitadora_gf_arena;iidx_lm;popn_pikapika;sdvx_vm,ddr:2;gitadora:2;iidx:1;jubeat:1;maimai_dx:1;popn:1;project_diva:1;reflec:1;sdvx:1;taiko:1,allnet;eagate;ziv;insert_coin
ラウンドワン博多半道橋店,福岡県福岡市博多区半道橋２−２−８,33.5840670,130.4383464,chunithm;dance_around;ddr;gitadora;iidx;maimai_dx;ongeki;other;polaris_chord;popn;sdvx,ddr_gold;gitadora_dm_arena;gitadora_gf_arena;iidx_lm;popn_pikapika;sdvx_vm,,allnet;eagate;ziv
ラウンドワン吉祥寺店,東京都武蔵野市吉祥寺本町1-11-22,35.7063020,139.5807799,chunithm;ddr;gitadora;iidx;jubeat;maimai_dx;nostalgia;ongeki;other;polaris_chord;popn;sdvx,ddr_gold;gitadora_dm_arena;gitadora_gf_arena;iidx_lm;popn_pikapika;sdvx_vm,,allnet;eagate;ziv
ラウンドワン名古屋西春店,愛知県北名古屋市宇福寺神明１５,35.2548498,136.8436265,chunithm;ddr;gitadora;iidx;maimai_dx;ongeki;other;polaris_chord;popn;sdvx;taiko,ddr_gold;gitadora_dm_arena;gitadora_gf_arena;iidx_lm;popn_pikapika;sdvx_vm,chunithm:2;ddr:1;gitadora:2;iidx:2;maimai_dx:2;ongeki:2;polaris_chord:4;popn:1;sdvx:2;taiko:1,allnet;eagate;ziv;insert_coin
ラウンドワン和歌山店,和歌山県和歌山市小雑賀７３９−３,34.1984612,135.1859700,chunithm;ddr;gitadora;iidx;maimai_dx;ongeki;other;polaris_chord;popn;sdvx,ddr_gold;gitadora_dm_arena;gitadora_gf_arena;iidx_lm;popn_pikapika;sdvx_vm,,allnet;eagate;ziv
ラウンドワン城東放出店,大阪府大阪市城東区今福南3-4-38,34.6964966,135.5593162,chunithm;ddr;gitadora;iidx;maimai_dx;ongeki;other;polaris_chord;popn;sdvx,ddr_gold;gitadora_dm_arena;gitadora_gf_arena;iidx_lm;popn_pikapika;sdvx_vm,,allnet;eagate;ziv
ラウンドワン堺中央環状店,大阪府堺市東区石原町２−２４１,34.5569759,135.5365126,chunithm;ddr;gitadora;iidx;jubeat;maimai_dx;ongeki;other;polaris_chord;popn;sdvx,ddr_gold;gitadora_dm_arena;gitadora_gf_arena;iidx_lm;popn_pikapika;sdvx_vm,,allnet;eagate;ziv
ラウンドワン堺駅前店,大阪府堺市堺区戎島町4-44-3,34.5834551,135.4684377,chunithm;dance_around;ddr;gitadora;iidx;maimai_dx;ongeki;other;polaris_chord;popn;sdvx,ddr_gold;gitadora_dm_arena;gitadora_gf_arena;iidx_lm;popn_pikapika;sdvx_vm,chunithm:2;ongeki:2,allnet;eagate;ziv
ラウンドワン大分店,大分県大分市萩原２−１３−１７,33.2489675,131.6402343,chunithm;ddr;drs;gitadora;iidx;maimai_dx;ongeki;other;polaris_chord;popn;sdvx,ddr_gold;gitadora_dm_arena;gitadora_gf_arena;iidx_lm;popn_pikapika;sdvx_vm,,allnet;eagate;ziv
ラウンドワン大宮店,埼玉県さいたま市大宮区宮町４−９０−７,35.9108281,139.6254402,chunithm;dance_around;ddr;drs;gitadora;iidx;jubeat;maimai_dx;nostalgia;ongeki;other;polaris_chord;popn;sdvx,ddr_gold;gitadora_dm_arena;gitadora_gf_arena;iidx_lm;popn_pikapika;sdvx_vm,,allnet;eagate;ziv
ラウンドワン大野城店,福岡県大野城市御笠川１−１８−１６,33.5464190,130.4822611,chunithm;dance_around;ddr;drs;gitadora;iidx;jubeat;maimai_dx;nostalgia;ongeki;other;polaris_chord;popn;sdvx,ddr_gold;gitadora_dm_arena;gitadora_gf_arena;iidx_lm;popn_pikapika;sdvx_vm,,allnet;eagate;ziv
ラウンドワン奈良・ミナーラ店,奈良県奈良市二条大路南１−３−１ミ・ナーラ５階,34.6849116,135.8025405,chunithm;dance_around;ddr;gitadora;iidx;maimai_dx;nostalgia;ongeki;other;polaris_chord;popn;sdvx,ddr_gold;gitadora_dm_arena;gitadora_gf_arena;iidx_lm;popn_pikapika;sdvx_vm,,allnet;eagate;ziv
ラウンドワン姫路飾磨店,兵庫県姫路市飾磨区中島１−２５４,34.7923295,134.6870919,chunithm;ddr;gitadora;iidx;maimai_dx;ongeki;other;polaris_chord;popn;sdvx,ddr_gold;gitadora_dm_arena;gitadora_gf_arena;iidx_lm;popn_pikapika;sdvx_vm,,allnet;eagate;ziv
ラウンドワン宇都宮店,栃木県宇都宮市江曽島町２０７２−１,36.5406864,139.8868934,chunithm;ddr;gitadora;iidx;jubeat;maimai_dx;nostalgia;ongeki;other;polaris_chord;popn;sdvx,ddr_gold;gitadora_dm_arena;gitadora_gf_arena;iidx_lm;popn_pikapika;sdvx_vm,,allnet;eagate;ziv
ラウンドワン守口店,大阪府守口市佐太東町２−６−１４ジャガーグリーン２Ｆ,34.7560955,135.5885314,chunithm;dance_around;ddr;drs;gitadora;iidx;jubeat;maimai_dx;nostalgia;ongeki;other;polaris_chord;popn;project_diva;sdvx,ddr_gold;gitadora_dm_arena;gitadora_gf_arena;iidx_lm;popn_pikapika;sdvx_vm,,allnet;eagate;ziv
ラウンドワン宮崎店,宮崎県宮崎市中村東３−４−６０,31.8953441,131.4175947,chunithm;dance_around;ddr;drs;gitadora;iidx;jubeat;maimai_dx;nostalgia;ongeki;other;polaris_chord;popn;sdvx,ddr_gold;gitadora_dm_arena;gitadora_gf_arena;iidx_lm;popn_pikapika;sdvx_vm,,allnet;eagate;ziv
ラウンドワン富士店,静岡県富士市八代町４−１５,35.1531225,138.6938123,chunithm;dance_around;ddr;gitadora;iidx;jubeat;maimai_dx;nostalgia;ongeki;other;polaris_chord;popn;sdvx,ddr_gold;gitadora_dm_arena;gitadora_gf_arena;iidx_lm;popn_pikapika;sdvx_vm,,allnet;eagate;ziv
ラウンドワン小倉店,福岡県北九州市小倉北区西港町15-65,33.8975963,130.8598416,chunithm;ddr;gitadora;iidx;maimai_dx;ongeki;other;polaris_chord;popn;sdvx,ddr_gold;gitadora_dm_arena;gitadora_gf_arena;iidx_lm;popn_pikapika;sdvx_vm,,allnet;eagate;ziv
ラウンドワン岡山妹尾店,岡山県岡山市南区妹尾３４１３−１,34.6230198,133.8695548,chunithm;ddr;drs;gitadora;iidx;maimai_dx;ongeki;other;polaris_chord;popn;sdvx,ddr_gold;gitadora_dm_arena;gitadora_gf_arena;iidx_lm;popn_pikapika;sdvx_vm,,allnet;eagate;ziv
ラウンドワン岸和田店,大阪府岸和田市八阪町２−１１−１,34.4565318,135.3885664,beatstream;chunithm;dance_around;ddr;gitadora;groove_coaster;iidx;jubeat;maimai_dx;nostalgia;ongeki;other;polaris_chord;popn;project_diva;reflec;sdvx;taiko,ddr_gold;gitadora_dm_arena;gitadora_gf_arena;iidx_lm;popn_pikapika;sdvx_vm,beatstream:4;ddr:1;gitadora:2;groove_coaster:2;iidx:1;jubeat:2;popn:1;project_diva:1;reflec:2;sdvx:2;taiko:1,allnet;eagate;ziv
ラウンドワン川崎大師店,神奈川県川崎市川崎区殿町１−５−１,35.5380415,139.7416951,chunithm;dance_around;ddr;drs;gitadora;iidx;maimai_dx;ongeki;other;polaris_chord;popn;sdvx,ddr_gold;gitadora_dm_arena;gitadora_gf_arena;iidx_lm;popn_pikapika;sdvx_vm,,allnet;eagate;ziv
ラウンドワン市原店,千葉県市原市八幡北町３−５−１,35.5474925,140.1233713,chunithm;ddr;drs;gitadora;iidx;jubeat;maimai_dx;nostalgia;ongeki;other;polaris_chord;popn;sdvx;taiko,ddr_gold;gitadora_dm_arena;gitadora_gf_arena;iidx_lm;popn_pikapika;sdvx_vm,,allnet;eagate;ziv
ラウンドワン市川鬼高店,千葉県市川市鬼高４−１−３,35.7112207,139.9274795,chunithm;dance_around;ddr;drs;gitadora;iidx;jubeat;maimai_dx;nostalgia;ongeki;other;polaris_chord;popn;project_diva;sdvx;taiko,ddr_gold;gitadora_dm_arena;gitadora_gf_arena;iidx_lm;popn_pikapika;sdvx_vm,,allnet;eagate;ziv
ラウンドワン広島店,広島県広島市中区立町３−１１,34.3937013,132.4601039,chunithm;dance_around;ddr;drs;gitadora;iidx;jubeat;maimai_dx;nostalgia;ongeki;other;polaris_chord;popn;sdvx;taiko,ddr_gold;gitadora_dm_arena;gitadora_gf_arena;iidx_lm;popn_pikapika;sdvx_vm,ddr:1;gitadora:2;iidx:1;jubeat:1;maimai_dx:1;popn:2;sdvx:1;taiko:1,allnet;eagate;ziv;insert_coin
ラウンドワン府中本町駅前,東京都府中市本町１−１３−３カネタビル,35.6672709,139.4774004,chunithm;dance_around;ddr;drs;gitadora;groove_coaster;iidx;jubeat;maimai_dx;nostalgia;ongeki;other;polaris_chord;popn;project_diva;reflec;sdvx;taiko,ddr_gold;gitadora_dm_arena;gitadora_gf_arena;iidx_lm;popn_pikapika;sdvx_vm,ddr:1;gitadora:4;groove_coaster:2;iidx:2;jubeat:4;maimai_dx:1;popn:4;project_diva:2;reflec:4;sdvx:4;taiko:1,allnet;eagate;ziv;insert_coin
ラウンドワン徳島・万代店,徳島県徳島市万代町４−１９−１,34.0647908,134.5646739,chunithm;ddr;gitadora;iidx;maimai_dx;ongeki;other;polaris_chord;popn;sdvx,ddr_gold;gitadora_dm_arena;gitadora_gf_arena;iidx_lm;popn_pikapika;sdvx_vm,,allnet;eagate;ziv
ラウンドワン所沢店,埼玉県所沢市東町５丁目２２　６階,35.7888614,139.4695620,chunithm;dance_around;ddr;gitadora;iidx;jubeat;maimai_dx;ongeki;other;polaris_chord;popn;sdvx,ddr_gold;gitadora_dm_arena;gitadora_gf_arena;iidx_lm;popn_pikapika;sdvx_vm,,allnet;eagate;ziv
ラウンドワン新潟店,新潟県新潟市中央区美咲町２−１−３８,37.8881096,139.0176867,chunithm;dance_around;ddr;gitadora;iidx;jubeat;maimai_dx;nostalgia;ongeki;other;polaris_chord;popn;sdvx,ddr_gold;gitadora_dm_arena;gitadora_gf_arena;iidx_lm;popn_pikapika;sdvx_vm,,allnet;eagate;ziv
ラウンドワン旭川店,北海道旭川市永山三条１−４−７,43.7863735,142.3974371,chunithm;dance_around;ddr;drs;gitadora;iidx;maimai_dx;ongeki;polaris_chord;popn;sdvx,ddr_gold;gitadora_dm_arena;gitadora_gf_arena;iidx_lm;popn_pikapika;sdvx_vm,maimai_dx:1,allnet;eagate;ziv;insert_coin
ラウンドワン朝霞店,埼玉県朝霞市膝折町２−１６−１０,35.7902754,139.5796457,chunithm;dance_evo;ddr;gitadora;iidx;maimai_dx;ongeki;polaris_chord;popn;sdvx,ddr_gold;gitadora_dm_arena;gitadora_gf_arena;iidx_lm;popn_pikapika;sdvx_vm,,allnet;eagate;ziv
ラウンドワン札幌すすきの店,北海道札幌市中央区南五条西3-6-1,43.0545356,141.3545240,chunithm;dance_around;ddr;drs;gitadora;iidx;jubeat;maimai_dx;nostalgia;ongeki;other;polaris_chord;popn;project_diva;sdvx;taiko,ddr_gold;gitadora_dm_arena;gitadora_gf_arena;iidx_lm;popn_pikapika;sdvx_vm,chunithm:10;dance_around:2;ddr:3;drs:2;gitadora:4;iidx:9;jubeat:3;maimai_dx:4;ongeki:6;polaris_chord:8;popn:4;project_diva:1;sdvx:8;taiko:4,allnet;eagate;ziv;insert_coin
ラウンドワン札幌北２１条店,北海道札幌市東区北二十一条東１−１−２１,43.0867627,141.3497046,chunithm;dance_around;ddr;gitadora;iidx;maimai_dx;nostalgia;ongeki;other;polaris_chord;popn;sdvx;taiko,ddr_gold;gitadora_dm_arena;gitadora_gf_arena;iidx_lm;popn_pikapika;sdvx_vm,chunithm:1;dance_around:1;ddr:1;gitadora:2;iidx:1;maimai_dx:1;nostalgia:1;ongeki:1;polaris_chord:1;popn:1;sdvx:1;taiko:1,allnet;eagate;ziv;insert_coin
ラウンドワン札幌白石本通店,北海道札幌市白石区本通１６丁目北１−５０,43.0367922,141.4328781,chunithm;ddr;gitadora;iidx;maimai_dx;ongeki;other;polaris_chord;popn;sdvx,ddr_gold;gitadora_dm_arena;gitadora_gf_arena;iidx_lm;popn_pikapika;sdvx_vm,,allnet;eagate;ziv
ラウンドワン東大阪店,大阪府東大阪市若江南町１−２−１２,34.6530441,135.6063264,chunithm;ddr;gitadora;iidx;jubeat;maimai_dx;ongeki;other;polaris_chord;popn;sdvx,ddr_gold;gitadora_dm_arena;gitadora_gf_arena;iidx_lm;popn_pikapika;sdvx_vm,,allnet;eagate;ziv
ラウンドワン東淀川店,大阪府大阪市東淀川区菅原７−１４−２８,34.7427577,135.5250375,chunithm;dance_around;ddr;gitadora;iidx;jubeat;maimai_dx;nostalgia;ongeki;other;polaris_chord;popn;sdvx,ddr_gold;gitadora_dm_arena;gitadora_gf_arena;iidx_lm;popn_pikapika;sdvx_vm,,allnet;eagate;ziv
ラウンドワン松山店,愛媛県松山市東長戸１−３−１０,33.8665121,132.7515765,chunithm;ddr;gitadora;iidx;maimai_dx;ongeki;other;polaris_chord;popn;sdvx,ddr_gold;gitadora_dm_arena;gitadora_gf_arena;iidx_lm;popn_pikapika;sdvx_vm,,allnet;eagate;ziv
ラウンドワン板橋店,東京都板橋区相生町１６−１３,35.7766273,139.6786153,chunithm;dance_around;ddr;drs;gitadora;iidx;jubeat;maimai_dx;ongeki;other;polaris_chord;popn;sdvx,ddr_gold;gitadora_dm_arena;gitadora_gf_arena;iidx_lm;popn_pikapika;sdvx_vm,,allnet;eagate;ziv
ラウンドワン梅田店,大阪府大阪市北区小松原町４−１６,34.7030460,135.5010682,beatstream;chunithm;dance_around;ddr;drs;gitadora;groove_coaster;iidx;jubeat;maimai_dx;nostalgia;ongeki;other;polaris_chord;popn;project_diva;reflec;sdvx;taiko,ddr_gold;gitadora_dm_arena;gitadora_gf_arena;iidx_lm;popn_pikapika;sdvx_vm,beatstream:8;dance_around:2;ddr:3;gitadora:6;groove_coaster:4;iidx:5;jubeat:2;popn:2;project_diva:4;reflec:8;sdvx:7;taiko:5,allnet;eagate;ziv
ラウンドワン横浜綱島店,神奈川県横浜市港北区樽町２−６−４０Ｔ-PLATZ内,35.5319981,139.6371792,chunithm;ddr;gitadora;iidx;maimai_dx;ongeki;other;polaris_chord;popn;sdvx;taiko,ddr_gold;gitadora_dm_arena;gitadora_gf_arena;iidx_lm;popn_pikapika;sdvx_vm,chunithm:2;ddr:2;gitadora:2;iidx:1;maimai_dx:1;ongeki:2;polaris_chord:2;popn:3;sdvx:3;taiko:1,allnet;eagate;ziv;otogesetchi
ラウンドワン横浜駅西口店,神奈川県横浜市西区南幸２−８−１６,35.4639294,139.6179961,chunithm;dance_around;ddr;drs;gitadora;groove_coaster;iidx;jubeat;maimai_dx;ongeki;other;polaris_chord;popn;project_diva;sdvx;taiko,ddr_gold;gitadora_dm_arena;gitadora_gf_arena;iidx_lm;popn_pikapika;sdvx_vm,chunithm:8;dance_around:5;ddr:3;drs:2;gitadora:2;groove_coaster:2;iidx:6;jubeat:2;maimai_dx:6;ongeki:8;popn:3;project_diva:1;sdvx:8;taiko:4,allnet;eagate;ziv;insert_coin
ラウンドワン武蔵村山店,東京都武蔵村山市伊奈平３−１−１,35.7353291,139.3823619,chunithm;dance_around;ddr;drs;gitadora;iidx;maimai_dx;ongeki;other;polaris_chord;popn;sdvx,ddr_gold;gitadora_dm_arena;gitadora_gf_arena;iidx_lm;popn_pikapika;sdvx_vm,,allnet;eagate;ziv
ラウンドワン池袋店,東京都豊島区東池袋１−１４−１,35.7301352,139.7152049,chunithm;dance_around;ddr;drs;gitadora;iidx;jubeat;maimai_dx;nostalgia;ongeki;other;polaris_chord;popn;project_diva;sdvx;taiko,ddr_gold;gitadora_dm_arena;gitadora_gf_arena;iidx_lm;popn_pikapika;sdvx_vm,chunithm:16;dance_around:2;ddr:3;drs:2;gitadora:4;iidx:11;jubeat:1;maimai_dx:6;nostalgia:1;ongeki:4;polaris_chord:2;popn:7;project_diva:1;sdvx:11;taiko:4,allnet;eagate;ziv;insert_coin
ラウンドワン沖縄・南風原店,沖縄県島尻郡南風原町字兼城５５２番地,26.1951082,127.7209626,chunithm;ddr;drs;gitadora;groove_coaster;iidx;jubeat;maimai_dx;nostalgia;ongeki;other;polaris_chord;popn;project_diva;sdvx;taiko;wacca,ddr_gold;gitadora_dm_arena;gitadora_gf_arena;iidx_lm;popn_pikapika;sdvx_vm,chunithm:1;ddr:1;drs:1;gitadora:1;groove_coaster:1;iidx:1;jubeat:1;maimai_dx:1;nostalgia:1;popn:1;project_diva:1;sdvx:1;taiko:1;wacca:1,allnet;eagate;ziv;insert_coin
ラウンドワン沖縄・宜野湾店,沖縄県宜野湾市真志喜３−２８−８,26.2758542,127.7310091,chunithm;ddr;drs;gitadora;groove_coaster;iidx;jubeat;maimai_dx;nostalgia;ongeki;other;polaris_chord;popn;sdvx;taiko;wacca,ddr_gold;gitadora_dm_arena;gitadora_gf_arena;iidx_lm;popn_pikapika;sdvx_vm,chunithm:1;ddr:1;gitadora:1;groove_coaster:1;iidx:1;jubeat:1;maimai_dx:2;nostalgia:1;popn:1;sdvx:1;taiko:1;wacca:1,allnet;eagate;ziv;insert_coin
ラウンドワン津・高茶屋店,三重県津市高茶屋小森町２７７−８,34.6724656,136.5194702,chunithm;dance_around;ddr;gitadora;iidx;maimai_dx;ongeki;other;polaris_chord;popn;sdvx;taiko,ddr_gold;gitadora_dm_arena;gitadora_gf_arena;iidx_lm;popn_pikapika;sdvx_vm,chunithm:2;dance_around:1;ddr:1;gitadora:2;iidx:1;maimai_dx:2;ongeki:2;polaris_chord:2;popn:2;sdvx:2;taiko:2,allnet;eagate;ziv
ラウンドワン浜大津アーカス店,滋賀県大津市浜町２−１浜大津アーカス内,35.0108080,135.8666001,chunithm;ddr;gitadora;iidx;maimai_dx;ongeki;other;polaris_chord;popn;sdvx,ddr_gold;gitadora_dm_arena;gitadora_gf_arena;iidx_lm;popn_pikapika;sdvx_vm,,allnet;eagate;ziv
ラウンドワン浜松店,静岡県浜松市中央区天王町諏訪１９８１−１７,34.7379036,137.7641716,chunithm;dance_around;ddr;drs;gitadora;iidx;maimai_dx;ongeki;other;polaris_chord;popn;sdvx,ddr_gold;gitadora_dm_arena;gitadora_gf_arena;iidx_lm;popn_pikapika;sdvx_vm,,allnet;eagate;ziv
ラウンドワン熊本店,熊本県熊本市西区春日7-25-15,32.7850486,130.6775472,chunithm;dance_around;ddr;drs;gitadora;iidx;maimai_dx;nostalgia;ongeki;other;polaris_chord;popn;sdvx,ddr_gold;gitadora_dm_arena;gitadora_gf_arena;iidx_lm;popn_pikapika;sdvx_vm,,allnet;eagate;ziv
ラウンドワン町田店,東京都町田市森野１−１３−１４,35.5439665,139.4432308,chunithm;ddr;gitadora;iidx;jubeat;maimai_dx;ongeki;other;polaris_chord;popn;project_diva;sdvx,ddr_gold;gitadora_dm_arena;gitadora_gf_arena;iidx_lm;popn_pikapika;sdvx_vm,,allnet;eagate;ziv
ラウンドワン盛岡店,岩手県盛岡市盛岡駅西通２−１０−３５,39.7003942,141.1331774,chunithm;ddr;gitadora;iidx;maimai_dx;nostalgia;ongeki;other;polaris_chord;popn;sdvx,ddr_gold;gitadora_dm_arena;gitadora_gf_arena;iidx_lm;popn_pikapika;sdvx_vm,,allnet;eagate;ziv
ラウンドワン福山店,広島県福山市明神町１−９−２８,34.4892062,133.3924382,chunithm;dance_around;ddr;drs;gitadora;iidx;maimai_dx;ongeki;polaris_chord;popn;sdvx,ddr_gold;gitadora_dm_arena;gitadora_gf_arena;iidx_lm;popn_pikapika;sdvx_vm,ddr:1,allnet;eagate;ziv;insert_coin
ラウンドワン福岡天神店,福岡県福岡市中央区天神２−６−１２,33.5894630,130.3967853,chunithm;dance_around;ddr;drs;gitadora;iidx;jubeat;maimai_dx;ongeki;polaris_chord;popn;sdvx,ddr_gold;gitadora_dm_arena;gitadora_gf_arena;iidx_lm;popn_pikapika;sdvx_vm,chunithm:1;dance_around:1;ddr:1;drs:1;gitadora:2;iidx:1;maimai_dx:1;polaris_chord:1;sdvx:1,allnet;eagate;ziv;insert_coin
ラウンドワン福島店,福島県福島市太田町14-18,37.7525491,140.4561307,chunithm;ddr;gitadora;iidx;jubeat;maimai_dx;nostalgia;ongeki;other;polaris_chord;popn;sdvx,ddr_gold;gitadora_dm_arena;gitadora_gf_arena;iidx_lm;popn_pikapika;sdvx_vm,,allnet;eagate;ziv
ラウンドワン秋田店,秋田県秋田市卸町１−１−２,39.7020319,140.1094121,chunithm;ddr;gitadora;iidx;jubeat;maimai_dx;nostalgia;ongeki;other;polaris_chord;popn;sdvx,ddr_gold;gitadora_dm_arena;gitadora_gf_arena;iidx_lm;popn_pikapika;sdvx_vm,,allnet;eagate;ziv
ラウンドワン習志野店,千葉県習志野市芝園１−４−５,35.6602102,140.0226100,chunithm;ddr;drs;gitadora;iidx;maimai_dx;nostalgia;ongeki;other;polaris_chord;popn;sdvx;taiko,ddr_gold;gitadora_dm_arena;gitadora_gf_arena;iidx_lm;popn_pikapika;sdvx_vm,,allnet;eagate;ziv
ラウンドワン草加店,埼玉県草加市谷塚上町２０４番１,35.8124211,139.7879027,chunithm;ddr;gitadora;iidx;maimai_dx;ongeki;other;polaris_chord;popn;sdvx,ddr_gold;gitadora_dm_arena;gitadora_gf_arena;iidx_lm;popn_pikapika;sdvx_vm,,allnet;eagate;ziv
ラウンドワン豊中店,大阪府豊中市名神口１−１−１,34.7574026,135.4656578,chunithm;ddr;gitadora;iidx;maimai_dx;ongeki;other;polaris_chord;popn;sdvx,ddr_gold;gitadora_dm_arena;gitadora_gf_arena;iidx_lm;popn_pikapika;sdvx_vm,,allnet;eagate;ziv
ラウンドワン豊橋店,愛知県豊橋市大岩町字岩田２７−２,34.7237006,137.4326113,chunithm;dance_around;ddr;gitadora;iidx;maimai_dx;ongeki;other;polaris_chord;popn;sdvx,ddr_gold;gitadora_dm_arena;gitadora_gf_arena;iidx_lm;popn_pikapika;sdvx_vm,,allnet;eagate;ziv
ラウンドワン郡山店,福島県郡山市向河原町４−５５,37.4023215,140.3956360,chunithm;ddr;gitadora;iidx;maimai_dx;nostalgia;ongeki;other;polaris_chord;popn;sdvx,ddr_gold;gitadora_dm_arena;gitadora_gf_arena;iidx_lm;popn_pikapika;sdvx_vm,,allnet;eagate;ziv
ラウンドワン金沢店,石川県金沢市横川6-120-1,36.5420630,136.6259888,chunithm;dance_around;ddr;drs;gitadora;iidx;jubeat;maimai_dx;nostalgia;ongeki;polaris_chord;popn;sdvx,ddr_gold;gitadora_dm_arena;gitadora_gf_arena;iidx_lm;popn_pikapika;sdvx_vm,chunithm:1;dance_around:1;ddr:1;drs:1;maimai_dx:1;popn:1,allnet;eagate;ziv;insert_coin
ラウンドワン長野店,長野県長野市大字東和田８２７番地６,36.6511151,138.2254058,chunithm;dance_around;ddr;gitadora;iidx;jubeat;maimai_dx;nostalgia;ongeki;other;polaris_chord;popn;sdvx,ddr_gold;gitadora_dm_arena;gitadora_gf_arena;iidx_lm;popn_pikapika;sdvx_vm,,allnet;eagate;ziv
ラウンドワン青森店,青森県青森市浜田３−１−１,40.7986939,140.7484106,chunithm;dance_around;ddr;drs;gitadora;iidx;jubeat;maimai_dx;nostalgia;ongeki;other;polaris_chord;popn;sdvx;taiko,ddr_gold;gitadora_dm_arena;gitadora_gf_arena;iidx_lm;popn_pikapika;sdvx_vm,chunithm:1;dance_around:1;ddr:1;drs:1;gitadora:2;jubeat:1;maimai_dx:1;ongeki:1;polaris_chord:1;popn:1;sdvx:1;taiko:1,allnet;eagate;ziv;insert_coin
ラウンドワン静岡・駿河店,静岡県静岡市駿河区向手越１丁目１０−１,34.9509793,138.3605224,chunithm;dance_around;ddr;gitadora;iidx;maimai_dx;ongeki;other;polaris_chord;popn;sdvx,ddr_gold;gitadora_dm_arena;gitadora_gf_arena;iidx_lm;popn_pikapika;sdvx_vm,,allnet;eagate;ziv
ラウンドワン高松店,香川県高松市松島町２−７−４３,34.3389079,134.0670672,chunithm;dance_around;ddr;drs;gitadora;iidx;maimai_dx;ongeki;other;polaris_chord;popn;sdvx,ddr_gold;gitadora_dm_arena;gitadora_gf_arena;iidx_lm;popn_pikapika;sdvx_vm,,allnet;eagate;ziv
ラウンドワン高槻店,大阪府高槻市辻子３−６−４,34.8326157,135.6300541,chunithm;dance_around;ddr;gitadora;iidx;maimai_dx;ongeki;polaris_chord;popn;sdvx,ddr_gold;gitadora_dm_arena;gitadora_gf_arena;iidx_lm;popn_pikapika;sdvx_vm,,allnet;eagate
ラウンドワン高知店,高知県高知市南宝永町４−１２,33.5578349,133.5543516,chunithm;dance_around;ddr;drs;gitadora;iidx;jubeat;maimai_dx;nostalgia;ongeki;other;polaris_chord;popn;project_diva;sdvx,ddr_gold;gitadora_dm_arena;gitadora_gf_arena;iidx_lm;popn_pikapika;sdvx_vm,,allnet;eagate;ziv
ラウンドワン鳴海店,愛知県名古屋市緑区鳴海町杜若２８,35.0989113,136.9527377,chunithm;dance_around;drs;gitadora;iidx;jubeat;maimai_dx;ongeki;other;polaris_chord;popn;sdvx;taiko,gitadora_dm_arena;gitadora_gf_arena;iidx_lm;popn_pikapika;sdvx_vm,dance_around:1;drs:1;gitadora:2;jubeat:1;maimai_dx:1;polaris_chord:1;popn:1;sdvx:1;taiko:1,allnet;eagate;ziv;insert_coin
ラウンドワン鹿児島宇宿店,鹿児島県鹿児島市宇宿2-2-2,31.5447366,130.5434185,chunithm;dance_around;ddr;drs;gitadora;iidx;jubeat;maimai_dx;nostalgia;ongeki;other;polaris_chord;popn;project_diva;sdvx,ddr_gold;gitadora_dm_arena;gitadora_gf_arena;iidx_lm;popn_pikapika;sdvx_vm,,allnet;eagate;ziv
ラウンドワンＪＲ尼崎駅前店,兵庫県尼崎市潮江１−４−５プラストいきいき館４階,34.7334158,135.4329719,chunithm;iidx;maimai_dx;ongeki;other;popn;sdvx,iidx_lm;popn_pikapika;sdvx_vm,,allnet;eagate;ziv
ラッキーバッティングドーム八千代店,千葉県八千代市大和田新田1088,35.7245286,140.0673411,chunithm;drs;gitadora;iidx;jubeat;maimai_dx;nostalgia;ongeki;polaris_chord;popn;sdvx;taiko,gitadora_dm_arena;gitadora_gf_arena;iidx_lm;popn_pikapika;sdvx_vm,,allnet;eagate
ラッキー中央店・フェリシダ,千葉県千葉市中央区富士見2-8-1,35.6102534,140.1182646,chunithm;ddr;drs;gitadora;iidx;jubeat;maimai_dx;nostalgia;ongeki;polaris_chord;popn;project_diva;pump_it_up;reflec;sdvx;taiko,ddr_gold;gitadora_dm_arena;gitadora_gf_arena;iidx_lm;popn_pikapika;sdvx_vm,,allnet;eagate;ziv
ラッキー佐倉店,千葉県佐倉市井野1475,35.7184529,140.1362184,chunithm;gitadora;iidx;maimai_dx;nostalgia;ongeki;polaris_chord;popn;sdvx;taiko,gitadora_dm_arena;gitadora_gf_arena;iidx_lm;popn_pikapika;sdvx_vm,,allnet;eagate
ロックンボウル,秋田県秋田市広面字長沼３０１,39.7172790,140.1434433,chunithm;ddr;gitadora;iidx;maimai_dx;other;popn,iidx_lm;popn_pikapika,,allnet;eagate;ziv
三冠王バッティングセンター,長崎県佐世保市相浦町２６８９−１,33.1907601,129.6529090,chunithm;ddr;gitadora;iidx;jubeat;maimai_dx;nostalgia;popn;project_diva;reflec;sdvx,iidx_lm;sdvx_vm,ddr:1;gitadora:4;iidx:1;jubeat:1;popn:1;reflec:1;sdvx:2,allnet;eagate;ziv
上越レジャーランボウル,新潟県上越市下門前薬島827-2,37.1641021,138.2489784,chunithm;ddr;iidx;maimai_dx;ongeki;other;sdvx,ddr_gold;iidx_lm;sdvx_vm,,allnet;eagate;ziv
世田谷オークラボウル,東京都世田谷区桜３−２４−１,35.6405200,139.6386376,chunithm;iidx;maimai_dx;ongeki,,,allnet;eagate
加須バッティングセンター,加須市志多見1382-20,36.1349616,139.5536828,iidx,,iidx:1,eagate;insert_coin
千葉レジャーランド成東店,千葉県山武市姫島111-1,35.5884397,140.3901993,chunithm;ddr;iidx;jubeat;maimai_dx;ongeki;other;polaris_chord;popn;sdvx;taiko,ddr_gold;iidx_lm;popn_pikapika;sdvx_vm,,allnet;eagate;ziv
千葉レジャーランド野田店,千葉県野田市吉春776-1,35.9715710,139.8653064,chunithm;ddr;gitadora;iidx;jubeat;maimai_dx;nostalgia;ongeki;other;polaris_chord;popn;project_diva;sdvx;taiko,ddr_gold;gitadora_dm_arena;gitadora_gf_arena;iidx_lm;popn_pikapika;sdvx_vm,,allnet;eagate;ziv
半田メトロポリス,愛知県半田市旭町３−１１−１,34.8746637,136.9216480,chunithm;gitadora;iidx;maimai_dx;nostalgia;ongeki;other;polaris_chord;popn;project_diva;sdvx;taiko,gitadora_dm_arena;gitadora_gf_arena;iidx_lm;sdvx_vm,chunithm:3;gitadora:4;iidx:3;maimai_dx:2;nostalgia:1;ongeki:3;polaris_chord:1;popn:1;project_diva:1;sdvx:3;taiko:3,allnet;eagate;ziv
名古屋レジャーランド内田橋店,愛知県名古屋市南区内田橋2-26-22,35.1137608,136.9098442,chunithm;ddr;gitadora;iidx;jubeat;maimai_dx;nostalgia;ongeki;other;polaris_chord;popn;project_diva;sdvx;taiko,ddr_gold;gitadora_dm_arena;gitadora_gf_arena;iidx_lm;popn_pikapika;sdvx_vm,chunithm:4;ddr:2;gitadora:4;iidx:4;jubeat:1;maimai_dx:2;nostalgia:1;ongeki:4;polaris_chord:4;popn:1;project_diva:1;sdvx:4;taiko:4,allnet;eagate;ziv
埼玉レジャーランド大宮ラクーン店,埼玉県さいたま市大宮区宮町1-60 RAKUUN５階,35.9077510,139.6256804,chunithm;ddr;gitadora;iidx;maimai_dx;ongeki;other;polaris_chord;popn;sdvx;taiko,ddr_gold;gitadora_dm_arena;gitadora_gf_arena;iidx_lm;popn_pikapika;sdvx_vm,chunithm:1;ddr:1;iidx:1;popn:1;sdvx:1;taiko:1,allnet;eagate;ziv;insert_coin
埼玉レジャーランド大宮駅東口店,埼玉県さいたま市大宮区宮町1-8大宮セントラルビルB1F-2F,35.9079906,139.6245492,chunithm;ddr;gitadora;iidx;maimai_dx;ongeki;polaris_chord;popn;sdvx,ddr_gold;gitadora_dm_arena;gitadora_gf_arena;iidx_lm;popn_pikapika;sdvx_vm,ddr:1,allnet;eagate;insert_coin
埼玉レジャーランド春日部店,埼玉県春日部市大字増富字谷際163-1,35.9593592,139.7292399,chunithm;ddr;gitadora;iidx;jubeat;maimai_dx;ongeki;other;polaris_chord;popn;sdvx,ddr_gold;gitadora_dm_arena;gitadora_gf_arena;iidx_lm;popn_pikapika;sdvx_vm,,allnet;eagate;ziv
大垣メトロポリス,岐阜県大垣市三塚町西沼５２３−１,35.3670652,136.6292333,chunithm;iidx;maimai_dx;nostalgia;ongeki;other;polaris_chord;sdvx,iidx_lm;sdvx_vm,,allnet;eagate;ziv
大慶園,市川市大町359,35.7630430,139.9693300,ddr;drs;gitadora;iidx;jubeat;nostalgia;popn;taiko,popn_pikapika,,eagate
大田原スポーツランド,栃木県那須塩原市一区町１０４−６０,36.8519301,139.9933560,chunithm;gitadora;iidx;jubeat;maimai_dx;ongeki;other;popn;project_diva,iidx_lm,,allnet;eagate;ziv
安城メトロポリス,愛知県安城市浜富町６−８,34.9551953,137.0973455,chunithm;ddr;gitadora;iidx;maimai_dx;ongeki;other;polaris_chord;popn;sdvx,ddr_gold;gitadora_dm_arena;gitadora_gf_arena;iidx_lm;popn_pikapika;sdvx_vm,,allnet;eagate;ziv
富山レジャーランド掛尾店,富山県富山市掛尾町３６０−１,36.6660317,137.2088901,chunithm;ddr;iidx;maimai_dx;popn;sdvx,ddr_gold;iidx_lm;popn_pikapika;sdvx_vm,,allnet;eagate
小倉メトロポリス,福岡県北九州市小倉北区西港町２７−５,33.8966075,130.8582112,chunithm;gitadora;iidx;ongeki;other,iidx_lm,,allnet;eagate;ziv
岐阜レジャーランド穂積店,岐阜県瑞穂市稲里630番地,35.3843322,136.6846639,chunithm;ddr;drs;gitadora;iidx;jubeat;maimai_dx;ongeki;other;polaris_chord;popn;project_diva;sdvx,ddr_gold;gitadora_dm_arena;gitadora_gf_arena;iidx_lm;popn_pikapika;sdvx_vm,,allnet;eagate;ziv
嶺宝スポーツセンター,福島県いわき市小名浜住吉折返２−２,36.9742495,140.8905580,chunithm;drs;gitadora;iidx;jubeat;maimai_dx;nostalgia;ongeki;other;popn;sdvx,gitadora_dm_arena;gitadora_gf_arena;iidx_lm;popn_pikapika;sdvx_vm,,allnet;eagate;ziv
彦根パスカ,滋賀県彦根市西沼波町１６６,35.2586299,136.2654728,chunithm;gitadora;iidx;jubeat;maimai_dx;nostalgia;ongeki;other;popn;sdvx,iidx_lm;sdvx_vm,,allnet;eagate;ziv
新宿スポーツランド本館,東京都新宿区新宿3-22-12,35.6931260,139.7018295,chunithm;gitadora;iidx;maimai_dx;ongeki;other;polaris_chord;popn;project_diva;sdvx;taiko,gitadora_dm_arena;gitadora_gf_arena;iidx_lm;popn_pikapika;sdvx_vm,chunithm:4;gitadora:2;iidx:4;maimai_dx:2;ongeki:2;polaris_chord:4;popn:1;sdvx:4;taiko:5,allnet;eagate;ziv;otogesetchi;insert_coin
星狩物語岸和田店,大阪府岸和田市作才町1-3-2,34.4544936,135.3850002,chunithm;ddr;gitadora;iidx;maimai_dx;other;popn;reflec;sdvx,ddr_gold;iidx_lm,,allnet;eagate;ziv
最後の５ドル,福岡県糟屋郡粕屋町大字仲原2706仲原ファミリープラザ2F,33.6091366,130.4453675,chunithm;gitadora;iidx;jubeat;maimai_dx;ongeki;other;sdvx;taiko,gitadora_dm_arena;gitadora_gf_arena;iidx_lm;sdvx_vm,jubeat:1;maimai_dx:1;taiko:1,allnet;eagate;ziv;insert_coin
東京レジャーランド亀有店,東京都葛飾区亀有3-21-2,35.7654165,139.8480115,chunithm;ddr;gitadora;iidx;maimai_dx;ongeki;popn;sdvx,ddr_gold;gitadora_dm_arena;gitadora_gf_arena;iidx_lm;popn_pikapika;sdvx_vm,chunithm:4;iidx:2;maimai_dx:2;ongeki:2;sdvx:2,allnet;eagate;ziv
東京レジャーランド吉祥寺店,東京都武蔵野市吉祥寺本町1-3-7　YSビル地下１階〜4階,35.7035980,139.5787046,chunithm;ddr;gitadora;iidx;maimai_dx;ongeki;other;popn;sdvx,ddr_gold;gitadora_dm_arena;gitadora_gf_arena;iidx_lm;popn_pikapika;sdvx_vm,,allnet;eagate;ziv
東京レジャーランド池袋店,東京都豊島区東池袋１−２９−１サントロペ池袋２階３階,35.7304887,139.7164445,chunithm;ddr;gitadora;iidx;jubeat;maimai_dx;nostalgia;ongeki;other;polaris_chord;popn;project_diva;sdvx;taiko,ddr_gold;gitadora_dm_arena;gitadora_gf_arena;iidx_lm;popn_pikapika;sdvx_vm,chunithm:10;ddr:5;gitadora:2;iidx:7;jubeat:1;maimai_dx:4;nostalgia:1;ongeki:4;popn:4;project_diva:1;sdvx:8;taiko:8,allnet;eagate;ziv;insert_coin
東京レジャーランド秋葉原2号店,東京都千代田区外神田4-3-3ミナミビル6F・7F,35.7008302,139.7718494,chunithm;ddr;gitadora;iidx;jubeat;maimai_dx;ongeki;other;polaris_chord;popn;sdvx;taiko,ddr_gold;gitadora_dm_arena;gitadora_gf_arena;iidx_lm;popn_pikapika;sdvx_vm,chunithm:4;ddr:2;gitadora:2;iidx:6;jubeat:3;maimai_dx:3;ongeki:4;polaris_chord:2;popn:2;sdvx:8;taiko:3,allnet;eagate;ziv;insert_coin
東京レジャーランド秋葉原店,東京都千代田区外神田1-9-5,35.6987469,139.7701470,chunithm;ddr;gitadora;iidx;maimai_dx;ongeki;other;polaris_chord;popn;project_diva;sdvx;taiko,ddr_gold;gitadora_dm_arena;gitadora_gf_arena;iidx_lm;popn_pikapika;sdvx_vm,chunithm:8;ddr:4;gitadora:2;iidx:12;maimai_dx:2;ongeki:5;polaris_chord:4;popn:4;project_diva:1;sdvx:8;taiko:3,allnet;eagate;ziv
東武イーストモールアミューズメントランド,北海道北見市端野町３区５７２番地１,43.8414261,143.9286964,chunithm;gitadora;iidx;maimai_dx;ongeki;sdvx,gitadora_dm_arena;gitadora_gf_arena;iidx_lm;sdvx_vm,,allnet;eagate
楽市楽座　イオンモール大和郡山店,奈良県大和郡山市下三橋町741-333イオンモール大和郡山店,34.6518656,135.8020009,chunithm;gitadora;iidx;jubeat;maimai_dx;other;project_diva,,,allnet;eagate;ziv
楽市楽座くりえいと宗像,福岡県宗像市くりえいと１−４−４,33.8105202,130.5635801,chunithm;iidx;maimai_dx;other;sdvx,iidx_lm;sdvx_vm,,allnet;eagate;ziv
楽市楽座イオンモール京都桂川店,京都府京都市南区久世高田町376-1イオンモール京都桂川店３階,34.9633145,135.7077191,chunithm;iidx;maimai_dx;taiko,,,allnet;eagate;ziv
楽市楽座イオンモール今治店,愛媛県今治市にぎわい広場1-1,34.0441092,132.9619560,chunithm;iidx;maimai_dx;other,,,allnet;eagate;ziv
楽市楽座イオンモール土浦店,茨城県土浦市上高津３６７イオンモール土浦ＳＣ３階,36.0800877,140.1808547,chunithm;ddr;iidx;maimai_dx,,,allnet;eagate
楽市楽座イオンモール大阪ドーム店,大阪府大阪市西区千代崎３−１３−１,34.6708753,135.4776338,chunithm;iidx;maimai_dx,,,allnet;eagate
楽市楽座イオンモール宮崎店,宮崎県宮崎市新別府町江口８６２−１イオンモール宮崎店２Ｆ,31.9233540,131.4546728,chunithm;iidx;maimai_dx;other;sdvx,iidx_lm;sdvx_vm,,allnet;eagate;ziv
楽市楽座イオンモール扶桑店,愛知県丹羽郡扶桑町南山名高塚5番地イオンモール扶桑2階,35.3612155,136.9005082,chunithm;ddr;iidx;maimai_dx;nostalgia;ongeki;popn,ddr_gold;iidx_lm,,allnet;eagate
楽市楽座イオンモール東員店,三重県員弁郡東員町大字長深字築田５１０−１,35.0617824,136.5793554,chunithm;iidx;maimai_dx;sdvx,sdvx_vm,,allnet;eagate
楽市楽座イオンモール松本店,長野県松本市中央四丁目９番５１号,36.2340216,137.9781532,chunithm;ddr;iidx;maimai_dx;sdvx,sdvx_vm,,allnet;eagate
楽市楽座イオンモール沖縄ライカム店,沖縄県中頭郡北中城村字沖縄ﾗｲｶﾑ1ｲｵﾝﾓｰﾙ沖縄ﾗｲｶﾑ4階,26.3142859,127.7964644,chunithm;groove_coaster;iidx;maimai_dx;ongeki;sdvx;taiko,sdvx_vm,,allnet;eagate;ziv
楽市楽座イオンモール福岡伊都店,福岡県福岡市西区北原1-3-1イオンモール福岡伊都SC別館,33.5770481,130.2564028,chunithm;ddr;drs;gitadora;iidx;jubeat;maimai_dx;nostalgia;ongeki;other;polaris_chord;popn;sdvx,ddr_gold;gitadora_dm_arena;gitadora_gf_arena;iidx_lm;popn_pikapika;sdvx_vm,,allnet;eagate;ziv
楽市楽座サンストリート浜北店,静岡県浜松市浜名区平口２８６１サンストリート浜北,34.7957494,137.7611092,chunithm;ddr;drs;gitadora;iidx;jubeat;maimai_dx;ongeki;popn;project_diva;sdvx,ddr_gold;gitadora_dm_arena;gitadora_gf_arena;iidx_lm;popn_pikapika;sdvx_vm,,allnet;eagate
楽市楽座砂津店,福岡県北九州市小倉北区砂津3-1-1チャチャタウン小倉B棟3F,33.8832387,130.8890874,chunithm;iidx;maimai_dx;other;sdvx,sdvx_vm,,allnet;eagate;ziv
楽市楽座行橋店,福岡県行橋市西泉６−１−１,33.7170085,130.9716317,chunithm;iidx;maimai_dx;nostalgia;other,iidx_lm,,allnet;eagate;ziv
楽市楽座黒崎店,福岡県北九州市八幡西区桜ヶ丘町１−３フレスポ黒崎２階,33.8656842,130.7560629,chunithm;ddr;drs;gitadora;iidx;jubeat;maimai_dx;nostalgia;ongeki;other;popn;project_diva;sdvx,ddr_gold;gitadora_dm_arena;gitadora_gf_arena;iidx_lm;popn_pikapika;sdvx_vm,,allnet;eagate;ziv
楽市街道 名古屋店,愛知県北名古屋市中之郷新明４５−１,35.2398490,136.8488049,chunithm;ddr;gitadora;iidx;maimai_dx;other;sdvx;taiko,gitadora_dm_arena;gitadora_gf_arena;iidx_lm;sdvx_vm,chunithm:3;ddr:1;gitadora:2;iidx:1;maimai_dx:2;sdvx:1;taiko:2,allnet;eagate;ziv;insert_coin
楽市街道箱崎店,福岡県福岡市東区箱崎５丁目１番８号,33.6242624,130.4196214,chunithm;ddr;gitadora;iidx;jubeat;maimai_dx;nostalgia;ongeki;other;popn;project_diva;sdvx,ddr_gold;gitadora_dm_arena;gitadora_gf_arena;iidx_lm;popn_pikapika;sdvx_vm,,allnet;eagate;ziv
永山コパボウル,多摩市永山1-3-4ヒューマックスパビリオン6F,35.6315068,139.4479486,ddr;gitadora;iidx;popn;sdvx,ddr_gold;iidx_lm;sdvx_vm,,eagate
沼津バッティングスタジアム,静岡県沼津市岡一色１９−２,35.1214134,138.8770793,chunithm;iidx;nostalgia;ongeki,,,allnet;eagate
滋賀レジャーランド大津店,滋賀県大津市におの浜３−１−４３　イオンタウンアヤハプラザ内,35.0039335,135.8834052,chunithm;ddr;iidx;maimai_dx;ongeki;other;popn;project_diva;sdvx,ddr_gold;iidx_lm;sdvx_vm,,allnet;eagate;ziv
社スポーツレーン,兵庫県加東市社1189-1,34.9161091,134.9614520,chunithm;iidx;maimai_dx,,,allnet;eagate
神奈川レジャーランド厚木店,神奈川県厚木市戸室5-31-1,35.4481120,139.3431770,chunithm;dance_evo;ddr;drs;gitadora;iidx;jubeat;maimai_dx;nostalgia;ongeki;other;polaris_chord;popn;project_diva;reflec;sdvx,ddr_gold;gitadora_dm_arena;gitadora_gf_arena;iidx_lm;popn_pikapika;sdvx_vm,,allnet;eagate;ziv
福井レジャーランド板垣店,福井県福井市下馬３−１０２,36.0423089,136.2337626,chunithm;ddr;gitadora;iidx;jubeat;maimai_dx;ongeki;other;polaris_chord;popn;sdvx,ddr_gold;gitadora_dm_arena;gitadora_gf_arena;iidx_lm;popn_pikapika;sdvx_vm,,allnet;eagate;ziv
群馬レジャーランド伊勢崎店,群馬県伊勢崎市連取町3066-1,36.3182128,139.1723709,chunithm;ddr;gitadora;iidx;jubeat;maimai_dx;ongeki;other;polaris_chord;popn;sdvx,ddr_gold;gitadora_dm_arena;gitadora_gf_arena;iidx_lm;popn_pikapika;sdvx_vm,,allnet;eagate;ziv
群馬レジャーランド前橋店,群馬県前橋市日吉町４ー３７ー１,36.4049826,139.0794233,chunithm;ddr;gitadora;iidx;maimai_dx;ongeki;polaris_chord;popn;sdvx,ddr_gold;gitadora_dm_arena;gitadora_gf_arena;iidx_lm;popn_pikapika;sdvx_vm,,allnet;eagate
群馬レジャーランド太田店,群馬県太田市西矢島町162-2,36.2681054,139.3759251,chunithm;ddr;gitadora;iidx;jubeat;maimai_dx;nostalgia;ongeki;other;polaris_chord;popn;sdvx,ddr_gold;gitadora_dm_arena;gitadora_gf_arena;iidx_lm;popn_pikapika;sdvx_vm,,allnet;eagate;ziv
群馬レジャーランド渋川店,群馬県渋川市八木原1364,36.4741949,139.0153797,chunithm;ddr;gitadora;iidx;maimai_dx;nostalgia;ongeki;other;polaris_chord;popn;sdvx,ddr_gold;gitadora_dm_arena;gitadora_gf_arena;iidx_lm;popn_pikapika;sdvx_vm,,allnet;eagate;ziv
群馬レジャーランド藤岡店,群馬県藤岡市中2002-1,36.2743443,139.0718665,chunithm;ddr;gitadora;iidx;jubeat;maimai_dx;nostalgia;ongeki;other;polaris_chord;popn;project_diva;sdvx,ddr_gold;gitadora_dm_arena;gitadora_gf_arena;iidx_lm;popn_pikapika;sdvx_vm,,allnet;eagate;ziv
群馬レジャーランド高崎駅東口店,群馬県高崎市江木町３３３−１高崎ＥＸビル,36.3298716,139.0128575,chunithm;ddr;drs;gitadora;iidx;jubeat;maimai_dx;nostalgia;ongeki;other;polaris_chord;popn;sdvx,ddr_gold;gitadora_dm_arena;gitadora_gf_arena;iidx_lm;popn_pikapika;sdvx_vm,,allnet;eagate;ziv
豊川メトロポリス,愛知県豊川市下長山町上アライ１４−１,34.8025832,137.3845019,chunithm;iidx;jubeat;maimai_dx;nostalgia;ongeki;other;polaris_chord;sdvx,iidx_lm;sdvx_vm,,allnet;eagate;ziv
遊スペース マジカル,兵庫県神戸市中央区琴ノ緒町５−２−３,34.6955046,135.1950389,chunithm;gitadora;iidx;jubeat;maimai_dx;nostalgia;ongeki;polaris_chord;popn;sdvx,gitadora_dm_arena;gitadora_gf_arena;iidx_lm;popn_pikapika;sdvx_vm,,allnet;eagate
遊ランド西御料店,北海道旭川市西御料５条２丁目,43.7238720,142.3688685,chunithm;iidx;jubeat;nostalgia;other;popn;project_diva;sdvx,sdvx_vm,,allnet;eagate;ziv
遊道楽嘉瀬店,佐賀県佐賀市嘉瀬町中原２４８８−１,33.2422048,130.2565009,chunithm;gitadora;iidx;jubeat;maimai_dx;ongeki;other;popn;project_diva;sdvx,iidx_lm;popn_pikapika;sdvx_vm,,allnet;eagate;ziv
金沢メトロポリス,石川県金沢市無量寺４−１２１−１,36.6011250,136.6140067,chunithm;iidx;other;popn;taiko,iidx_lm,,allnet;eagate;ziv
高田馬場ゲーセンミカド in オアシスプラザ,東京都新宿区高田馬場４丁目５−１０ オアシスプラザビル,,,gitadora;iidx;popn;project_diva;taiko,,gitadora:1;iidx:2;popn:1;project_diva:1;taiko:1,otogesetchi
Ａ．Ｃ．グランド,岐阜県岐阜市茜部大川1-77,35.3830948,136.7461877,chunithm;ddr;drs;gitadora;groove_coaster;iidx;jubeat;maimai_dx;nostalgia;ongeki;other;polaris_chord;popn;project_diva;pump_it_up;reflec;sdvx;taiko,ddr_gold;gitadora_dm_arena;gitadora_gf_arena;iidx_lm;popn_pikapika;sdvx_vm,chunithm:4;ddr:1;drs:1;gitadora:4;groove_coaster:1;iidx:4;jubeat:2;maimai_dx:2;nostalgia:2;ongeki:2;polaris_chord:2;popn:1;project_diva:1;pump_it_up:1;reflec:1;sdvx:4;taiko:2,allnet;eagate;ziv;insert_coin
ＡＤＸマミー出川店,愛知県春日井市不二ヶ丘１丁目５番地,35.2673215,137.0126718,chunithm;gitadora;iidx;jubeat;maimai_dx;ongeki;other;popn;sdvx,iidx_lm;popn_pikapika;sdvx_vm,chunithm:2;gitadora:3;iidx:4;jubeat:1;maimai_dx:1;ongeki:1;popn:1;sdvx:1,allnet;eagate;ziv;insert_coin
ＡＤＸマミー岡崎店,愛知県岡崎市井田新町６−１,34.9770308,137.1617195,chunithm;ddr;gitadora;iidx;jubeat;maimai_dx;ongeki;other;popn;sdvx,iidx_lm;popn_pikapika;sdvx_vm,,allnet;eagate;ziv
ＡｍｕｓｅｍｅｎｔｃｉｔｙＧ−ＳＴＡ,鹿児島県薩摩川内市向田本町４９番,31.8158073,130.3074018,chunithm;gitadora;iidx;maimai_dx;ongeki;other,iidx_lm,,allnet;eagate;ziv
ＦｅｅｄｙＤｉｎｅｒ＆Ａｒｃａｄｅ綾川,香川県綾歌郡綾川町萱原８２２−１　イオン綾川ＳＣ３Ｆ,34.2516659,133.9310040,chunithm;ddr;iidx;maimai_dx;ongeki;polaris_chord;popn,iidx_lm,,allnet;eagate
ＦｅｅｄｙＤｉｎｅｒ＆Ａｒｃａｄｅ茨木,大阪府茨木市松ケ本町８ー３０ー５　イオンＳＣ４Ｆ,34.8106152,135.5585385,chunithm;iidx;maimai_dx;ongeki;polaris_chord;sdvx,iidx_lm;sdvx_vm,,allnet;eagate
ＦＥＳＴＡ人吉店,熊本県人吉市宝来町１３０７−１ＨＩＴＯＹＯＳＨＩ−ＲＥＸ内,32.2120330,130.7482963,chunithm;iidx;jubeat;maimai_dx;ongeki;other;polaris_chord;reflec;sdvx,iidx_lm;sdvx_vm,,allnet;eagate;ziv
Ｇ−ｐａｌａ小倉,福岡県北九州市小倉南区上葛原1−14−1,33.8396527,130.9113355,chunithm;ddr;iidx;jubeat;maimai_dx;ongeki;other;polaris_chord;popn;project_diva;sdvx,ddr_gold;iidx_lm;sdvx_vm,,allnet;eagate;ziv
Ｇ−ｐａｌａ日田,大分県日田市友田997-1,33.3258135,130.9116595,chunithm;iidx;jubeat;maimai_dx;nostalgia;ongeki;other;polaris_chord;reflec;sdvx,iidx_lm;sdvx_vm,,allnet;eagate;ziv
Ｇ−ｐａｌａ時津,長崎県西彼杵郡時津町野田郷５９号,32.8243546,129.8478119,chunithm;iidx;maimai_dx;ongeki;other,iidx_lm,,allnet;eagate;ziv
Ｇ−ＳＴＡＧＥ七隈店,福岡県福岡市城南区七隈８−４−８,33.5512334,130.3643444,chunithm;gitadora;iidx;maimai_dx;ongeki;other;popn;sdvx;taiko,iidx_lm;popn_pikapika;sdvx_vm,chunithm:1;gitadora:2;iidx:1;maimai_dx:1;ongeki:1;popn:1;sdvx:1;taiko:1,allnet;eagate;ziv;insert_coin
Ｇ−ＳＴＡＧＥ小倉,福岡県北九州市小倉北区浅野2-14-5あるあるCITY2階,33.8875419,130.8847304,chunithm;gitadora;iidx;jubeat;maimai_dx;nostalgia;ongeki;other;polaris_chord;popn;sdvx,gitadora_dm_arena;gitadora_gf_arena;iidx_lm;popn_pikapika;sdvx_vm,chunithm:1;gitadora:2;iidx:1;maimai_dx:1;ongeki:1;polaris_chord:1;popn:1;sdvx:1,allnet;eagate;ziv;insert_coin
Ｇ−ＳＴＡＧＥ飯塚店,福岡県飯塚市枝国６８０−２,33.6364868,130.6760254,chunithm;iidx;maimai_dx;ongeki;other;popn;sdvx;taiko,iidx_lm;popn_pikapika;sdvx_vm,chunithm:1;iidx:1;maimai_dx:1;ongeki:1;popn:1;sdvx:1;taiko:1,allnet;eagate;ziv;insert_coin
ＧＡＭＥＢＡＮＫ仙台泉店,宮城県仙台市泉区大沢２−５−４,38.3527525,140.8774030,chunithm;ddr;drs;gitadora;iidx;jubeat;maimai_dx;nostalgia;ongeki;other;popn;project_diva;sdvx,gitadora_dm_arena;iidx_lm;sdvx_vm,,allnet;eagate;ziv
ＧｉＧＯあべのアポロ３Ｆ,大阪府大阪市阿倍野区阿倍野筋１‐５‐３１　アポロビル３Ｆ,34.6465681,135.5117823,chunithm;ddr;gitadora;iidx;maimai_dx;ongeki;other;polaris_chord;popn;sdvx,ddr_gold;gitadora_dm_arena;gitadora_gf_arena;iidx_lm;popn_pikapika;sdvx_vm,,allnet;eagate;ziv
ＧｉＧＯすすきの,北海道札幌市中央区南３条西４丁目１ー１,43.0564347,141.3528307,chunithm;ddr;iidx;maimai_dx;ongeki;popn;sdvx,ddr_gold;iidx_lm;popn_pikapika;sdvx_vm,,allnet;eagate
ＧｉＧＯひたちなか,茨城県ひたちなか市田中後４０−２,36.3475077,140.5800894,chunithm;gitadora;iidx;maimai_dx;ongeki;other;polaris_chord;sdvx,iidx_lm;sdvx_vm,,allnet;eagate;ziv
ＧｉＧＯアルパーク北棟,広島県広島市西区草津南４ー７ー１アルパーク北棟２Ｆ,34.3755120,132.3933319,chunithm;drs;gitadora;iidx;jubeat;maimai_dx;nostalgia;ongeki;other;polaris_chord;project_diva;sdvx,iidx_lm;sdvx_vm,,allnet;eagate;ziv
ＧｉＧＯイオンタウン刈谷,愛知県刈谷市東境町京和１,35.0388079,137.0267692,chunithm;iidx;maimai_dx;ongeki;other;sdvx;taiko,iidx_lm;sdvx_vm,chunithm:2;iidx:1;maimai_dx:2;ongeki:2;sdvx:1;taiko:1,allnet;eagate;ziv;insert_coin
ＧｉＧＯイオンモール岡山,岡山県岡山市北区下石井１−２−１イオンモール岡山６Ｆ,34.6620437,133.9177953,chunithm;iidx;maimai_dx;ongeki;other;polaris_chord;popn;sdvx,iidx_lm;popn_pikapika;sdvx_vm,,allnet;eagate;ziv
ＧｉＧＯイオンモール新発田,新潟県新発田市住吉町５‐１１‐５イオンモール新発田店２Ｆ,37.9425520,139.3088201,chunithm;ddr;iidx;maimai_dx;ongeki;polaris_chord;popn;sdvx,iidx_lm;sdvx_vm,,allnet;eagate
ＧｉＧＯイオンモール日根野,大阪府泉佐野市日根野２４９６−１イオンモール日根野２Ｆ,34.3924081,135.3341508,chunithm;drs;iidx;nostalgia;polaris_chord;popn,iidx_lm,,allnet;eagate
ＧｉＧＯイオンモール苫小牧,北海道苫小牧市柳町３丁目１番２０号イオンモール苫小牧２階,42.6563187,141.6420372,chunithm;gitadora;iidx;jubeat;maimai_dx;ongeki;other;polaris_chord;popn;sdvx,iidx_lm;popn_pikapika;sdvx_vm,,allnet;eagate;ziv
ＧｉＧＯイオン仙台中山,宮城県仙台市泉区南中山１−３５−５７別館３Ｆ,38.2978961,140.8270835,chunithm;ddr;iidx;maimai_dx;ongeki;other;sdvx,ddr_gold;iidx_lm;sdvx_vm,,allnet;eagate;ziv
ＧｉＧＯイオン新浦安ショッピングセンター,千葉県浦安市入船１−４−１イオン新浦安ＳＣ４Ｆ,35.6489954,139.9149219,chunithm;iidx;maimai_dx;other;sdvx;taiko,iidx_lm;sdvx_vm,,allnet;eagate;ziv
ＧｉＧＯイオン札幌手稲駅前ＳＣ,北海道札幌市手稲区前田１条１１丁目３階,43.1205333,141.2454205,chunithm;ddr;iidx;maimai_dx;ongeki;polaris_chord;popn;sdvx,ddr_gold;iidx_lm;sdvx_vm,,allnet;eagate
ＧｉＧＯエイスクエア草津,滋賀県草津市西渋川１−２３−２３エイスクエアＳＡＲＡ南館２階,35.0242214,135.9597829,chunithm;iidx;maimai_dx;ongeki;other;polaris_chord;sdvx,iidx_lm;sdvx_vm,,allnet;eagate;ziv
ＧｉＧＯサントムーン柿田川,静岡県駿東郡清水町玉川６１−２サントムーン柿田川２Ｆ,35.1097737,138.9030008,chunithm;iidx;maimai_dx;nostalgia;ongeki;other;polaris_chord;popn;sdvx,iidx_lm;popn_pikapika;sdvx_vm,,allnet;eagate;ziv
ＧｉＧＯショッピングセンターチェリオ鹿嶋,茨城県鹿嶋市宮中２９０−１ショッピングセンターチェリオ１階,35.9595986,140.6437542,chunithm;iidx;maimai_dx;ongeki;other;polaris_chord;sdvx,iidx_lm;sdvx_vm,,allnet;eagate;ziv
ＧｉＧＯスマーク伊勢崎,群馬県伊勢崎市西小保方町３６８スマーク伊勢崎３Ｆ　３０２区画,36.3391744,139.2330425,chunithm;drs;iidx;jubeat;maimai_dx;nostalgia;ongeki;other;polaris_chord;project_diva;sdvx,iidx_lm;sdvx_vm,,allnet;eagate;ziv
ＧｉＧＯセンター南,神奈川県横浜市都筑区茅ヶ崎中央３−２５,35.5446019,139.5746394,chunithm;iidx;maimai_dx;ongeki;other;polaris_chord;popn;sdvx;taiko,iidx_lm;popn_pikapika;sdvx_vm,chunithm:2;iidx:2;maimai_dx:2;ongeki:2;polaris_chord:2;popn:1;sdvx:2;taiko:3,allnet;eagate;ziv;otogesetchi
ＧｉＧＯデイズタウンつくば,茨城県つくば市竹園１-９−２デイズタウンつくば地下１Ｆ,36.0777294,140.1153316,chunithm;ddr;drs;gitadora;iidx;jubeat;maimai_dx;nostalgia;ongeki;other;polaris_chord;popn;project_diva;reflec;sdvx,ddr_gold;gitadora_dm_arena;gitadora_gf_arena;iidx_lm;popn_pikapika;sdvx_vm,ddr:2;drs:1;iidx:2;jubeat:8;popn:1,allnet;eagate;ziv;insert_coin
ＧｉＧＯトナリエ四日市,三重県四日市市安島１丁目３番３１号トナリエ四日市５階,34.9686061,136.6166547,chunithm;crossbeats;drs;groove_coaster;iidx;jubeat;maimai_dx;ongeki;other;polaris_chord;project_diva;sdvx;taiko,iidx_lm;sdvx_vm,chunithm:1;crossbeats:1;drs:1;groove_coaster:1;iidx:1;jubeat:1;maimai_dx:1;ongeki:1;project_diva:1;sdvx:1;taiko:2,allnet;eagate;ziv;insert_coin
ＧｉＧＯドリームタウン白樺,北海道帯広市白樺１６条西２丁目ドリームタウン白樺１階,42.9194181,143.1743325,chunithm;ddr;gitadora;iidx;maimai_dx;ongeki;other;polaris_chord;popn;project_diva;sdvx,ddr_gold;iidx_lm;popn_pikapika;sdvx_vm,,allnet;eagate;ziv
ＧｉＧＯヒタチエ,茨城県日立市幸町１丁目１６番１号ヒタチエ５階,36.5918049,140.6590163,chunithm;drs;iidx;jubeat;maimai_dx;ongeki;popn;reflec,,,allnet;eagate
ＧｉＧＯフジモール吹上,埼玉県鴻巣市袋９０ー１　２階,36.0994301,139.4732970,chunithm;gitadora;iidx;maimai_dx;ongeki;polaris_chord;sdvx,iidx_lm;sdvx_vm,chunithm:1;sdvx:1,allnet;eagate;insert_coin
ＧｉＧＯマーケットスクエアささしま,愛知県名古屋市中村区平池町４丁目６０番地１４号,35.1626230,136.8849364,chunithm;ddr;gitadora;iidx;jubeat;maimai_dx;nostalgia;ongeki;other;polaris_chord;popn;project_diva;sdvx;taiko,ddr_gold;gitadora_dm_arena;gitadora_gf_arena;iidx_lm;popn_pikapika;sdvx_vm,chunithm:6;ddr:2;gitadora:2;iidx:4;jubeat:1;maimai_dx:5;nostalgia:2;ongeki:4;polaris_chord:2;popn:1;project_diva:1;sdvx:4;taiko:3,allnet;eagate;ziv;insert_coin
ＧｉＧＯマーゴ関,岐阜県関市倉知５１６,35.4796478,136.9006802,chunithm;iidx;maimai_dx;nostalgia;ongeki;other;polaris_chord;project_diva;sdvx,iidx_lm;sdvx_vm,,allnet;eagate;ziv
ＧｉＧＯ万代シテイバスセンタービル,新潟県新潟市中央区万代１丁目６番１号,37.9163632,139.0556101,chunithm;iidx;maimai_dx;ongeki;polaris_chord;sdvx,iidx_lm;sdvx_vm,,allnet;eagate
ＧｉＧＯ三宮北口,兵庫県神戸市中央区北長狭通一丁目８番１号,34.6931201,135.1921928,chunithm;gitadora;iidx;maimai_dx;ongeki;other;polaris_chord;popn;sdvx,iidx_lm;popn_pikapika;sdvx_vm,,allnet;eagate;ziv
ＧｉＧＯ中間,福岡県中間市上蓮花寺３−１−１,33.8230744,130.7216062,chunithm;iidx;maimai_dx;ongeki;other;polaris_chord;project_diva;sdvx,iidx_lm;sdvx_vm,,allnet;eagate;ziv
ＧｉＧＯ仙台,宮城県仙台市青葉区中央２−５−５三経６０ビル,38.2616214,140.8767359,chunithm;ddr;drs;iidx;maimai_dx;nostalgia;ongeki;other;polaris_chord;popn;project_diva;sdvx,ddr_gold;iidx_lm;popn_pikapika;sdvx_vm,,allnet;eagate;ziv
ＧｉＧＯ仙台一番町,宮城県仙台市青葉区一番町４丁目５番１３号サンシャインビル１階,38.2641347,140.8711617,chunithm;ddr;gitadora;iidx;maimai_dx;ongeki;other;polaris_chord;popn;sdvx,ddr_gold;gitadora_dm_arena;gitadora_gf_arena;iidx_lm;popn_pikapika;sdvx_vm,,allnet;eagate;ziv
ＧｉＧＯ伊勢,三重県伊勢市中須町６６６,34.4921013,136.6780636,chunithm;crossbeats;groove_coaster;iidx;jubeat;maimai_dx;nostalgia;ongeki;other;polaris_chord;project_diva;sdvx;taiko,iidx_lm;sdvx_vm,chunithm:4;crossbeats:1;groove_coaster:1;iidx:1;jubeat:1;maimai_dx:2;nostalgia:2;ongeki:4;polaris_chord:2;project_diva:2;sdvx:1;taiko:1,allnet;eagate;ziv;insert_coin
ＧｉＧＯ会津若松,福島県会津若松市町北町上荒久田字宮下１４２,37.5183115,139.9221731,chunithm;ddr;iidx;maimai_dx;ongeki;other;polaris_chord;popn;sdvx,ddr_gold;iidx_lm;popn_pikapika;sdvx_vm,,allnet;eagate;ziv
ＧｉＧＯ入間,埼玉県入間市東藤沢２−１８,35.8192054,139.4181179,chunithm;gitadora;iidx;jubeat;maimai_dx;nostalgia;ongeki;other;polaris_chord;project_diva;sdvx,iidx_lm;sdvx_vm,,allnet;eagate;ziv
ＧｉＧＯ八戸,青森県八戸市城下４−２５−１４,40.5199277,141.4982922,chunithm;iidx;maimai_dx;ongeki;other;sdvx,iidx_lm;sdvx_vm,,allnet;eagate;ziv
ＧｉＧＯ八柱,千葉県松戸市日暮１−１−１八柱駅第２ビル２Ｆ,35.7913772,139.9377874,chunithm;ddr;iidx;jubeat;maimai_dx;ongeki;other;polaris_chord;popn;sdvx;taiko,ddr_gold;iidx_lm;popn_pikapika;sdvx_vm,,allnet;eagate;ziv
ＧｉＧＯ八王子高倉,東京都八王子市高倉町５５‐４,35.6650608,139.3664651,chunithm;iidx;jubeat;maimai_dx;nostalgia;ongeki;polaris_chord;popn;project_diva;sdvx,iidx_lm;popn_pikapika;sdvx_vm,,allnet;eagate
ＧｉＧＯ別府,大分県別府市餅ヶ浜町１６１−２,33.2955437,131.5030742,chunithm;iidx;maimai_dx;ongeki;other;project_diva;sdvx,iidx_lm;sdvx_vm,,allnet;eagate;ziv
ＧｉＧＯ利府,宮城県宮城郡利府町加瀬字新前谷地５５−１,38.3280286,140.9756113,chunithm;ddr;iidx;maimai_dx;ongeki;other;popn;sdvx,ddr_gold;iidx_lm;popn_pikapika;sdvx_vm,,allnet;eagate;ziv
ＧｉＧＯ北岡崎,愛知県岡崎市錦町２番地４,34.9733728,137.1599159,chunithm;ddr;drs;gitadora;iidx;jubeat;maimai_dx;nostalgia;ongeki;other;polaris_chord;popn;project_diva;sdvx,ddr_gold;gitadora_dm_arena;gitadora_gf_arena;iidx_lm;popn_pikapika;sdvx_vm,,allnet;eagate;ziv
ＧｉＧＯ北見,北海道北見市西三輪５丁目１番地１６号,43.7965975,143.8426114,chunithm;ddr;gitadora;iidx;jubeat;maimai_dx;ongeki;other;polaris_chord;popn;sdvx;taiko,ddr_gold;iidx_lm;sdvx_vm,,allnet;eagate;ziv
ＧｉＧＯ名取,宮城県名取市飯野坂字土城堀５７−１,38.1565615,140.8883654,chunithm;iidx;maimai_dx;ongeki;other;sdvx,iidx_lm;sdvx_vm,,allnet;eagate;ziv
ＧｉＧＯ大宮西口,埼玉県さいたま市大宮区桜木町二丁目３番地２,35.9069124,139.6221862,chunithm;iidx;maimai_dx;ongeki;sdvx,iidx_lm;sdvx_vm,,allnet;eagate
ＧｉＧＯ大森,東京都大田区山王２−１−５大森駅ララビル２Ｆ,35.5900117,139.7284234,chunithm;ddr;gitadora;iidx;jubeat;maimai_dx;ongeki;other;polaris_chord;popn;project_diva;sdvx;taiko,ddr_gold;gitadora_dm_arena;gitadora_gf_arena;iidx_lm;popn_pikapika;sdvx_vm,chunithm:4;ddr:1;gitadora:1;iidx:3;maimai_dx:3;ongeki:4;polaris_chord:2;popn:2;sdvx:4;taiko:3,allnet;eagate;ziv;otogesetchi
ＧｉＧＯ大阪第４ビル,大阪府大阪市北区梅田１−１１−４駅前第４ビルＢ１Ｆ,34.6997459,135.4995034,chunithm;iidx;ongeki;other;polaris_chord;sdvx,iidx_lm;sdvx_vm,,allnet;eagate;ziv
ＧｉＧＯ大阪道頓堀本店,大阪府大阪市中央区道頓堀１丁目８番２２号道頓座ビル１〜３Ｆ,34.6684903,135.5016990,chunithm;ddr;gitadora;iidx;maimai_dx;ongeki;polaris_chord;project_diva;sdvx;taiko,ddr_gold;gitadora_dm_arena;gitadora_gf_arena;iidx_lm;sdvx_vm,chunithm:1;ddr:1;gitadora:2;iidx:1;maimai_dx:1;ongeki:1;polaris_chord:1;project_diva:1;sdvx:1;taiko:1,allnet;eagate;ziv;insert_coin
ＧｉＧＯ天童,山形県天童市南町１−５−２６,38.3429386,140.3741282,chunithm;ddr;drs;gitadora;iidx;jubeat;maimai_dx;nostalgia;ongeki;other;polaris_chord;popn;project_diva;sdvx,ddr_gold;iidx_lm;sdvx_vm,,allnet;eagate;ziv
ＧｉＧＯ姫路駅前,兵庫県姫路市駅前町２５４姫路ＯＳビルＢ１Ｆ,34.8288891,134.6911463,chunithm;iidx;maimai_dx;ongeki;polaris_chord;popn;sdvx;taiko,iidx_lm;popn_pikapika;sdvx_vm,chunithm:1;iidx:1;maimai_dx:1;ongeki:1;polaris_chord:1;popn:1;sdvx:1;taiko:1,allnet;eagate;ziv;insert_coin
ＧｉＧＯ宇都宮,栃木県宇都宮市東宿郷５−１−７,36.5583104,139.9088155,chunithm;ddr;drs;gitadora;iidx;jubeat;maimai_dx;nostalgia;ongeki;other;polaris_chord;popn;project_diva;sdvx,ddr_gold;gitadora_dm_arena;gitadora_gf_arena;iidx_lm;popn_pikapika;sdvx_vm,,allnet;eagate;ziv
ＧｉＧＯ安城,愛知県安城市百石町２−３５−１３,34.9473926,137.0731591,chunithm;iidx;maimai_dx;ongeki;other;sdvx,iidx_lm;sdvx_vm,,allnet;eagate;ziv
ＧｉＧＯ小山,栃木県小山市東城南１−１−１８,36.2989766,139.8101635,chunithm;iidx;maimai_dx;nostalgia;ongeki;other;polaris_chord;project_diva;sdvx,iidx_lm;sdvx_vm,,allnet;eagate;ziv
ＧｉＧＯ尾西,愛知県一宮市篭屋３−９−７アソビックスびさい１Ｆ,35.3092178,136.7715210,chunithm;gitadora;iidx;maimai_dx;ongeki;other;polaris_chord;sdvx;taiko,iidx_lm;sdvx_vm,chunithm:3;gitadora:2;iidx:2;maimai_dx:3;ongeki:2;polaris_chord:2;sdvx:2;taiko:2,allnet;eagate;ziv
ＧｉＧＯ布施,大阪府東大阪市長堂１−１−１ロンモール布施内,34.6641110,135.5627449,chunithm;ddr;drs;gitadora;iidx;jubeat;maimai_dx;nostalgia;ongeki;other;polaris_chord;popn;project_diva;sdvx,ddr_gold;iidx_lm;popn_pikapika;sdvx_vm,,allnet;eagate;ziv
ＧｉＧＯ帯広稲田,北海道帯広市稲田町南八線西１２−１スズランボウル１・２階,42.8902056,143.1964602,chunithm;iidx;maimai_dx;ongeki;other;polaris_chord;sdvx,iidx_lm;sdvx_vm,,allnet;eagate;ziv
ＧｉＧＯ幕張,千葉県千葉市美浜区ひび野１−８メッセ・アミューズ・モール１Ｆ,35.6499867,140.0426445,chunithm;ddr;gitadora;iidx;jubeat;maimai_dx;ongeki;other;polaris_chord;popn;project_diva;sdvx;taiko,ddr_gold;iidx_lm;popn_pikapika;sdvx_vm,chunithm:4;gitadora:2;maimai_dx:2;ongeki:2;project_diva:2;sdvx:1,allnet;eagate;ziv
ＧｉＧＯ広,広島県呉市広中町１−９,34.2285551,132.6294083,chunithm;gitadora;iidx;jubeat;maimai_dx;ongeki;other;polaris_chord;popn;sdvx,iidx_lm;sdvx_vm,,allnet;eagate;ziv
ＧｉＧＯ成増,東京都板橋区成増２ー１７ー２４五曠第６ビル,35.7774582,139.6312607,chunithm;ddr;gitadora;iidx;maimai_dx;nostalgia;ongeki;polaris_chord;popn;project_diva;sdvx,ddr_gold;iidx_lm;popn_pikapika;sdvx_vm,,allnet;eagate
ＧｉＧＯ所沢,埼玉県所沢市日吉町８−１,35.7884760,139.4718990,chunithm;iidx;maimai_dx;nostalgia;ongeki;other;polaris_chord;project_diva;sdvx,iidx_lm;sdvx_vm,,allnet;eagate;ziv
ＧｉＧＯ新宿西口,東京都新宿区西新宿１−１２−５Ｂ１Ｆ・１Ｆ,35.6895292,139.6973700,chunithm;iidx;maimai_dx;ongeki;other;polaris_chord;popn;sdvx;taiko,iidx_lm;popn_pikapika;sdvx_vm,chunithm:6;iidx:4;maimai_dx:2;ongeki:4;polaris_chord:2;popn:1;sdvx:4;taiko:3,allnet;eagate;ziv;otogesetchi;insert_coin
ＧｉＧＯ新庄,山形県新庄市金沢１０６８,38.7646694,140.3084662,chunithm;gitadora;iidx;jubeat;maimai_dx;other;polaris_chord;popn;sdvx,iidx_lm;sdvx_vm,,allnet;eagate;ziv
ＧｉＧＯ新杉田,神奈川県横浜市磯子区杉田１−１−１らびすた新杉田２Ｆ,35.3860689,139.6188885,chunithm;iidx;maimai_dx;ongeki;other;polaris_chord;popn;project_diva;sdvx,iidx_lm;popn_pikapika;sdvx_vm,,allnet;eagate;ziv
ＧｉＧＯ春日井,愛知県春日井市岩野町４１８０,35.2695446,136.9605146,chunithm;drs;groove_coaster;iidx;jubeat;maimai_dx;nostalgia;ongeki;other;project_diva;sdvx;taiko;wacca,iidx_lm;sdvx_vm,chunithm:3;drs:1;groove_coaster:1;iidx:1;jubeat:1;maimai_dx:2;nostalgia:1;ongeki:4;project_diva:1;sdvx:1;taiko:1;wacca:1,allnet;eagate;ziv
ＧｉＧＯ本厚木,神奈川県厚木市中町４−１５−９,35.4390462,139.3619056,chunithm;gitadora;iidx;jubeat;maimai_dx;ongeki;other;polaris_chord;sdvx,iidx_lm;sdvx_vm,,allnet;eagate;ziv
ＧｉＧＯ本藤沢,神奈川県藤沢市本藤沢５‐６‐８,35.3580369,139.4681074,chunithm;iidx;jubeat;maimai_dx;ongeki;polaris_chord;popn;sdvx,iidx_lm;sdvx_vm,,allnet;eagate
ＧｉＧＯ札幌駅西口,北海道札幌市北区北６条西６丁目１‐１,43.0675310,141.3462795,chunithm;ddr;gitadora;iidx;maimai_dx;ongeki;other;popn;sdvx;taiko,ddr_gold;gitadora_dm_arena;gitadora_gf_arena;iidx_lm;popn_pikapika;sdvx_vm,chunithm:2;ddr:1;gitadora:2;iidx:4;maimai_dx:2;ongeki:2;popn:1;sdvx:4;taiko:2,allnet;eagate;ziv;insert_coin
ＧｉＧＯ枚方,大阪府枚方市須山町８３−１サンシャインプラザ枚方内,34.8196428,135.6755727,chunithm;iidx;maimai_dx;nostalgia;ongeki;other;project_diva;sdvx,iidx_lm;sdvx_vm,,allnet;eagate;ziv
ＧｉＧＯ柳津,岐阜県岐阜市柳津町上佐波西３‐６８,35.3759691,136.7145600,chunithm;gitadora;iidx;maimai_dx;ongeki;other;popn;sdvx;taiko,gitadora_dm_arena;gitadora_gf_arena;iidx_lm;sdvx_vm,chunithm:3;gitadora:2;iidx:1;maimai_dx:2;ongeki:3;popn:1;sdvx:1;taiko:1,allnet;eagate;ziv;insert_coin
ＧｉＧＯ桑名,三重県桑名市江場１５７８,35.0531263,136.6824919,chunithm;iidx;maimai_dx;ongeki;other;polaris_chord;sdvx;taiko,iidx_lm;sdvx_vm,,allnet;eagate;ziv
ＧｉＧＯ水戸,茨城県水戸市宮町１−７−４４コムボックス３１０,36.3694663,140.4745213,chunithm;ddr;drs;gitadora;iidx;jubeat;maimai_dx;nostalgia;ongeki;other;polaris_chord;popn;project_diva;sdvx,ddr_gold;iidx_lm;popn_pikapika;sdvx_vm,,allnet;eagate;ziv
ＧｉＧＯ水戸南,茨城県水戸市千波町２０１７−１,36.3503245,140.4430002,chunithm;ddr;gitadora;iidx;jubeat;maimai_dx;nostalgia;ongeki;other;polaris_chord;popn;project_diva;sdvx,iidx_lm;popn_pikapika;sdvx_vm,,allnet;eagate;ziv
ＧｉＧＯ海田,広島県安芸郡海田町南大正町３−３５,34.3676366,132.5336741,chunithm;iidx;maimai_dx;ongeki;other;polaris_chord;project_diva;sdvx,iidx_lm;sdvx_vm,,allnet;eagate;ziv
ＧｉＧＯ海老名,神奈川県海老名市中央一丁目４番３１号海老名プラザビル１階,35.4515535,139.3925418,chunithm;iidx;maimai_dx;ongeki;other;polaris_chord;project_diva;sdvx,iidx_lm;sdvx_vm,,allnet;eagate;ziv
ＧｉＧＯ渋谷宮益坂,東京都渋谷区渋谷１−１４−１４ＥＳＴ１階・７階,35.6600164,139.7025897,chunithm;ddr;iidx;jubeat;maimai_dx;nostalgia;ongeki;other;polaris_chord;popn;project_diva;sdvx;taiko,ddr_gold;iidx_lm;popn_pikapika;sdvx_vm,chunithm:5;ddr:1;iidx:2;jubeat:1;maimai_dx:2;nostalgia:2;ongeki:4;polaris_chord:2;popn:1;project_diva:1;sdvx:2;taiko:4,allnet;eagate;ziv;otogesetchi
ＧｉＧＯ港北インター,神奈川県横浜市都筑区東方町３２１‐６,35.5192486,139.5847936,chunithm;gitadora;iidx;maimai_dx;ongeki;polaris_chord;popn;sdvx,gitadora_dm_arena;gitadora_gf_arena;iidx_lm;popn_pikapika;sdvx_vm,,allnet;eagate
ＧｉＧＯ町田,東京都町田市原町田６−１３ー１７アーバンミサワビルＢ１,35.5438675,139.4469818,chunithm;ddr;iidx;maimai_dx;ongeki;other;polaris_chord;popn;project_diva;sdvx,ddr_gold;iidx_lm;popn_pikapika;sdvx_vm,,allnet;eagate;ziv
ＧｉＧＯ相模原,神奈川県相模原市中央区中央２−１−５,35.5735451,139.3710572,chunithm;ddr;gitadora;iidx;maimai_dx;ongeki;other;polaris_chord;popn;project_diva;sdvx,ddr_gold;iidx_lm;popn_pikapika;sdvx_vm,,allnet;eagate;ziv
ＧｉＧＯ相模大野,神奈川県相模原市南区相模大野３−１３−２東和ビル２Ｆ・３Ｆ,35.5321942,139.4358387,chunithm;ddr;gitadora;iidx;jubeat;maimai_dx;nostalgia;ongeki;other;polaris_chord;popn;project_diva;sdvx,ddr_gold;gitadora_dm_arena;gitadora_gf_arena;iidx_lm;popn_pikapika;sdvx_vm,,allnet;eagate;ziv
ＧｉＧＯ神栖,茨城県神栖市神栖１ー８−１,35.8979951,140.6444094,chunithm;gitadora;iidx;jubeat;maimai_dx;nostalgia;ongeki;other;polaris_chord;popn;sdvx,iidx_lm;sdvx_vm,,allnet;eagate;ziv
ＧｉＧＯ神楽坂,東京都新宿区神楽坂２−１１第２カグラヒルズ１Ｆ,35.7010372,139.7420111,chunithm;iidx;maimai_dx;ongeki;other;polaris_chord;popn;sdvx;taiko,iidx_lm;popn_pikapika;sdvx_vm,chunithm:4;iidx:2;maimai_dx:2;ongeki:3;polaris_chord:2;popn:1;sdvx:2;taiko:4,allnet;eagate;ziv;insert_coin
ＧｉＧＯ福井,福井県福井市丸山１−４１０,36.0733531,136.2429894,chunithm;gitadora;iidx;maimai_dx;nostalgia;ongeki;other;project_diva;sdvx,iidx_lm;sdvx_vm,,allnet;eagate;ziv
ＧｉＧＯ福岡天神,福岡県福岡市中央区天神２−７−６ＤＡＤＡビル,33.5898893,130.3966097,chunithm;ddr;drs;gitadora;iidx;maimai_dx;nostalgia;ongeki;other;polaris_chord;popn;project_diva;sdvx;taiko,ddr_gold;gitadora_dm_arena;gitadora_gf_arena;iidx_lm;popn_pikapika;sdvx_vm,gitadora:2;iidx:1;maimai_dx:1;popn:1;sdvx:1;taiko:1,allnet;eagate;ziv;insert_coin
ＧｉＧＯ福島南,福島県福島市黒岩字中島７−２,37.7277789,140.4671413,chunithm;ddr;iidx;maimai_dx;ongeki;other;polaris_chord;popn;sdvx,ddr_gold;iidx_lm;popn_pikapika;sdvx_vm,,allnet;eagate;ziv
ＧｉＧＯ福生,東京都福生市福生１０７６−１,35.7447000,139.3242870,chunithm;gitadora;iidx;maimai_dx;ongeki;other;polaris_chord;project_diva;sdvx,iidx_lm;sdvx_vm,,allnet;eagate;ziv
ＧｉＧＯ秋田,秋田県秋田市茨島１−１−１６,39.7042342,140.1045893,chunithm;iidx;maimai_dx;nostalgia;ongeki;other,iidx_lm,,allnet;eagate;ziv
ＧｉＧＯ秋葉原３号館,東京都千代田区外神田１‐１１‐１１外神田１丁目ビルディング,35.6992573,139.7709038,chunithm;ddr;drs;gitadora;iidx;jubeat;maimai_dx;nostalgia;ongeki;other;polaris_chord;popn;project_diva;reflec;sdvx;taiko,ddr_gold;gitadora_dm_arena;gitadora_gf_arena;iidx_lm;popn_pikapika;sdvx_vm,chunithm:12;ddr:4;drs:2;gitadora:2;iidx:8;jubeat:1;maimai_dx:3;nostalgia:1;ongeki:6;polaris_chord:8;popn:1;project_diva:1;reflec:1;sdvx:8;taiko:6,allnet;eagate;ziv;insert_coin
ＧｉＧＯ立川,東京都立川市柴崎町３−２−１サザンビル１・２Ｆ,35.6975104,139.4146195,chunithm;iidx;maimai_dx;ongeki;other;polaris_chord;popn;project_diva;sdvx;taiko,iidx_lm;popn_pikapika;sdvx_vm,chunithm:4;project_diva:2;taiko:2,allnet;eagate;ziv
ＧｉＧＯ立石,東京都葛飾区立石７丁目３番６号リ・セブン,35.7396004,139.8494377,chunithm;iidx;maimai_dx;ongeki;sdvx,iidx_lm;sdvx_vm,,allnet;eagate
ＧｉＧＯ竹の塚,東京都足立区竹の塚６−８−６ピーくんＰｌａｚａ−ｂ,35.7947506,139.7924968,chunithm;iidx;maimai_dx;ongeki;other;polaris_chord;sdvx,iidx_lm;sdvx_vm,,allnet;eagate;ziv
ＧｉＧＯ米沢,山形県米沢市大字花沢字タナコ原１７７,37.9109365,140.1336702,chunithm;iidx;maimai_dx;ongeki;other;polaris_chord;popn;sdvx,iidx_lm;sdvx_vm,,allnet;eagate;ziv
ＧｉＧＯ綱島,神奈川県横浜市港北区綱島西２−６−２９,35.5363864,139.6328782,chunithm;ddr;gitadora;iidx;jubeat;maimai_dx;nostalgia;ongeki;other;polaris_chord;popn;project_diva;sdvx;taiko,ddr_gold;gitadora_dm_arena;gitadora_gf_arena;iidx_lm;popn_pikapika;sdvx_vm,chunithm:2;ddr:1;gitadora:2;iidx:2;jubeat:1;maimai_dx:1;ongeki:3;polaris_chord:2;popn:1;sdvx:2;taiko:3,allnet;eagate;ziv;otogesetchi
ＧｉＧＯ総本店,東京都豊島区東池袋一丁目１３番６号,35.7295307,139.7147102,chunithm;ddr;drs;gitadora;iidx;jubeat;maimai_dx;nostalgia;ongeki;other;polaris_chord;popn;project_diva;sdvx;taiko,ddr_gold;gitadora_dm_arena;gitadora_gf_arena;iidx_lm;popn_pikapika;sdvx_vm,chunithm:1;ddr:3;drs:1;gitadora:2;iidx:1;jubeat:1;maimai_dx:6;ongeki:6;polaris_chord:8;popn:1;sdvx:1;taiko:1,allnet;eagate;ziv
ＧｉＧＯ自由が丘,東京都目黒区自由が丘２ー１０ー９,35.6084441,139.6675657,chunithm;gitadora;iidx;maimai_dx;ongeki;popn;project_diva;sdvx;taiko,iidx_lm;popn_pikapika;sdvx_vm,chunithm:4;gitadora:2;iidx:2;maimai_dx:2;ongeki:4;popn:1;project_diva:1;sdvx:2;taiko:3,allnet;eagate;ziv;otogesetchi
ＧｉＧＯ船堀,東京都江戸川区船堀１ー６ー１１,35.6848536,139.8638638,chunithm;gitadora;iidx;maimai_dx;nostalgia;ongeki;other;polaris_chord;project_diva;sdvx,iidx_lm;sdvx_vm,,allnet;eagate;ziv
ＧｉＧＯ西那須野,栃木県那須塩原市南郷屋２−１０６−２７,36.8951190,139.9822381,chunithm;gitadora;iidx;maimai_dx;nostalgia;ongeki;other;polaris_chord;project_diva;sdvx,iidx_lm;sdvx_vm,,allnet;eagate;ziv
ＧｉＧＯ調布,東京都調布市布田４丁目２ー４,35.6509849,139.5442311,chunithm;ddr;gitadora;iidx;maimai_dx;ongeki;polaris_chord;sdvx,ddr_gold;iidx_lm;sdvx_vm,,allnet;eagate
ＧｉＧＯ豊橋飯村,愛知県豊橋市飯村町字西山２５−１２１,34.7490943,137.4138729,chunithm;iidx;maimai_dx;ongeki;other;polaris_chord;sdvx,iidx_lm;sdvx_vm,,allnet;eagate;ziv
ＧｉＧＯ豊田,愛知県豊田市深田町１−６５−１,35.0678723,137.1238001,chunithm;ddr;gitadora;iidx;maimai_dx;nostalgia;ongeki;other;polaris_chord;popn;sdvx,ddr_gold;iidx_lm;popn_pikapika;sdvx_vm,,allnet;eagate;ziv
ＧｉＧＯ赤羽,東京都北区赤羽１−７−９赤羽第一葉山ビルＢ１,35.7789607,139.7222842,chunithm;gitadora;iidx;jubeat;maimai_dx;ongeki;other;polaris_chord;popn;sdvx,iidx_lm;popn_pikapika;sdvx_vm,,allnet;eagate;ziv
ＧｉＧＯ赤羽駅前,東京都北区赤羽１−２−４,35.7782507,139.7215917,chunithm;ddr;gitadora;iidx;maimai_dx;ongeki;other;polaris_chord;popn;sdvx,ddr_gold;gitadora_dm_arena;gitadora_gf_arena;iidx_lm;popn_pikapika;sdvx_vm,,allnet;eagate;ziv
ＧｉＧＯ足利朝倉,栃木県足利市朝倉町２４４‐１,36.3224907,139.4503431,chunithm;drs;gitadora;iidx;jubeat;maimai_dx;nostalgia;ongeki;polaris_chord;popn;sdvx,gitadora_dm_arena;gitadora_gf_arena;iidx_lm;popn_pikapika;sdvx_vm,,allnet;eagate
ＧｉＧＯ金山,愛知県名古屋市熱田区金山１−１９ー２,35.1426808,136.9021522,chunithm;gitadora;iidx;maimai_dx;ongeki;other;polaris_chord;popn;sdvx;taiko,iidx_lm;popn_pikapika;sdvx_vm,chunithm:8;gitadora:33;iidx:1;maimai_dx:2;ongeki:4;polaris_chord:2;sdvx:1;taiko:2,allnet;eagate;ziv;insert_coin
ＧｉＧＯ長久手,愛知県長久手市武蔵塚７０５,35.1714145,137.0454605,chunithm;ddr;gitadora;iidx;maimai_dx;ongeki;other;popn;sdvx;taiko,gitadora_dm_arena;gitadora_gf_arena;iidx_lm;popn_pikapika;sdvx_vm,chunithm:3;ddr:1;gitadora:2;iidx:2;maimai_dx:2;ongeki:3;popn:1;sdvx:2;taiko:2,allnet;eagate;ziv;insert_coin
ＧｉＧＯ難波アビオン,大阪府大阪市浪速区難波中２−３−１５　ＭＭＯビルＢ１Ｆ〜３Ｆ,34.6627327,135.5033112,chunithm;ddr;drs;gitadora;iidx;maimai_dx;nostalgia;ongeki;polaris_chord;popn;project_diva;pump_it_up;reflec;sdvx,ddr_gold;gitadora_dm_arena;gitadora_gf_arena;iidx_lm;popn_pikapika;sdvx_vm,chunithm:1;gitadora:2;iidx:4;maimai_dx:1;ongeki:1;polaris_chord:1;project_diva:1;pump_it_up:1;reflec:1;sdvx:1,allnet;eagate;ziv;insert_coin
ＧｉＧＯ高城,大分県大分市牧１−１６１−８,33.2417094,131.6372654,chunithm;drs;gitadora;iidx;jubeat;maimai_dx;nostalgia;ongeki;other;polaris_chord;popn;project_diva;sdvx,iidx_lm;sdvx_vm,,allnet;eagate;ziv
ＧｉＧＯ高田馬場,東京都新宿区高田馬場４−７−５高田馬場グランド東京,35.7136018,139.7037221,chunithm;ddr;iidx;maimai_dx;ongeki;other;polaris_chord;popn;sdvx;taiko,iidx_lm;popn_pikapika;sdvx_vm,chunithm:6;iidx:2;maimai_dx:3;ongeki:3;polaris_chord:2;popn:1;sdvx:2;taiko:1,allnet;eagate;ziv;otogesetchi
Ｈｅｙ,東京都千代田区外神田１−１０−５廣瀬本社ビル１階〜４階,35.6990241,139.7710638,chunithm;gitadora;iidx;other;polaris_chord;popn;sdvx;taiko,iidx_lm;sdvx_vm,chunithm:2;gitadora:2;iidx:2;polaris_chord:2;popn:1;sdvx:2;taiko:2,allnet;eagate;ziv;otogesetchi;insert_coin
ＪＯＹＬＡＮＤ敦賀店,福井県敦賀市木崎４０ー１２,35.6447457,136.0431584,chunithm;gitadora;iidx;maimai_dx;ongeki;sdvx,,,allnet
ＭＥＧＡＧＥＴ室蘭,北海道室蘭市中島本町２ー８ー１,42.3535264,141.0145420,chunithm;iidx;maimai_dx;ongeki;other;sdvx,iidx_lm;sdvx_vm,,allnet;eagate;ziv
ＭＥＧＡＧＥＴ釧路,北海道釧路郡釧路町木場２丁目１ー１,43.0089190,144.4080035,chunithm;iidx;maimai_dx;ongeki;sdvx,iidx_lm;sdvx_vm,maimai_dx:1,allnet;eagate;ziv;insert_coin
ｎａｍｃｏアミュプラザ長崎新館店,長崎県長崎市尾上町１番１号　アミュプラザ長崎新館４階,32.7516252,129.8709304,chunithm;iidx;maimai_dx;other;sdvx,iidx_lm;sdvx_vm,,allnet;eagate;ziv
ｎａｍｃｏフェドラＰ＆Ｄ佐野店,栃木県佐野市高萩町１３４０番地,36.2973133,139.6056474,chunithm;gitadora;iidx;maimai_dx;ongeki;polaris_chord;popn;sdvx,gitadora_dm_arena;gitadora_gf_arena;iidx_lm;popn_pikapika;sdvx_vm,,allnet;eagate
ｎａｍｃｏ博多バスターミナル店,福岡県福岡市博多区博多駅中央街２ー１博多バスターミナル７階,33.5915216,130.4198918,chunithm;gitadora;iidx;maimai_dx;ongeki;other;popn;sdvx,gitadora_dm_arena;gitadora_gf_arena;iidx_lm;popn_pikapika;sdvx_vm,,allnet;eagate;ziv
ｎａｍｃｏ宇都宮店,栃木県宇都宮市簗瀬町１６０６ー１　Ｐ＆Ｄビル,36.5438973,139.8915485,chunithm;iidx;maimai_dx;ongeki;project_diva;sdvx,iidx_lm;sdvx_vm,,allnet;eagate
ｎａｍｃｏ新潟店,新潟県新潟市中央区南笹口１ー１ー１　ひもろぎビル２Ｆ,37.9083798,139.0639094,chunithm;drs;iidx;maimai_dx;ongeki;popn;sdvx;wacca,iidx_lm;sdvx_vm,,allnet;eagate;ziv
ｎａｍｃｏ松戸店,千葉県松戸市松戸１２３０番地１ピアザ松戸１Ｆ,35.7835829,139.9007767,chunithm;gitadora;iidx;jubeat;maimai_dx;ongeki;other;polaris_chord;popn;sdvx;taiko,gitadora_dm_arena;gitadora_gf_arena;iidx_lm;popn_pikapika;sdvx_vm,,allnet;eagate;ziv
ｎａｍｃｏ梅田店,大阪府大阪市北区小松原町３ー３ＯＳビル２Ｆ,34.7027815,135.5003960,chunithm;gitadora;iidx;maimai_dx;ongeki;other;polaris_chord;popn;project_diva;sdvx;taiko,gitadora_dm_arena;gitadora_gf_arena;iidx_lm;popn_pikapika;sdvx_vm,chunithm:8;gitadora:2;iidx:6;maimai_dx:4;ongeki:4;polaris_chord:2;project_diva:1;sdvx:6;taiko:10,allnet;eagate;ziv
ｎａｍｃｏ王子サンスクエア店,東京都北区王子１ー４ー１サンスクエア２階,35.7529737,139.7389579,chunithm;gitadora;iidx;maimai_dx;ongeki;popn;sdvx,gitadora_dm_arena;gitadora_gf_arena;iidx_lm;popn_pikapika;sdvx_vm,chunithm:1;iidx:1;maimai_dx:1;ongeki:1;sdvx:1,allnet;eagate;ziv;insert_coin
ｎａｍｃｏＢｉＶｉ仙台駅東口店,宮城県仙台市宮城野区榴岡２ー１ー２５ＢｉＶｉ仙台駅東口店２Ｆ,38.2610647,140.8836719,chunithm;iidx;maimai_dx;sdvx,iidx_lm;sdvx_vm,,allnet;eagate
ＰＡＬＯむつ,青森県むつ市中央２−７−８　１Ｆ,41.2868804,141.1837297,chunithm;iidx;maimai_dx;ongeki;project_diva;sdvx,iidx_lm;sdvx_vm,iidx:1,allnet;eagate;ziv;insert_coin
ＰＡＬＯ防府,山口県防府市中央町１−３イオン防府店３Ｆ,34.0522015,131.5696784,chunithm;dance_evo;gitadora;iidx;maimai_dx;nostalgia;ongeki;other;polaris_chord;popn;sdvx,iidx_lm;sdvx_vm,,allnet;eagate;ziv
ＳＯＹＵ　Ｅ−ＳＴＵＤＩＯ須賀川店,福島県須賀川市古河１０５イオンタウン須賀川Ｂ棟内,37.2984206,140.3852977,chunithm;gitadora;iidx;jubeat;maimai_dx;ongeki;other;reflec,iidx_lm,,allnet;eagate;ziv
ＳＯＹＵ　ＧＡＭＥ　ＦＩＥＬＤ古川店,宮城県大崎市古川沢田字筒場浦１５番地イオンタウン古川内,38.5990232,140.9741564,chunithm;iidx;maimai_dx;ongeki;other,iidx_lm,,allnet;eagate;ziv
ＳＰＥＥＤ,山口県周南市大字久米３２１９,34.0339400,131.8346400,chunithm;ddr;gitadora;iidx;maimai_dx;ongeki;other;sdvx,ddr_gold;gitadora_dm_arena;gitadora_gf_arena;iidx_lm;sdvx_vm,,allnet;eagate;ziv
ＷＯＲＬＤ　ＧＡＭＥ　ＣＩＲＣＵＳ,東京都立川市羽衣町２−４−１３羽衣長田ビル１０１ＷＧＣ,35.6964221,139.4288034,chunithm;crossbeats;ddr;gitadora;iidx;jubeat;maimai_dx;museca;ongeki;other;popn;pump_it_up;reflec;sdvx;taiko,ddr_gold;gitadora_dm_arena;gitadora_gf_arena;iidx_lm;popn_pikapika;sdvx_vm,chunithm:4;crossbeats:1;ddr:1;gitadora:10;iidx:4;jubeat:3;maimai_dx:1;museca:1;ongeki:1;popn:4;pump_it_up:1;reflec:1;sdvx:1;taiko:1,allnet;eagate;ziv;insert_coin
ＹＡＺ寝屋川店,大阪府寝屋川市石津中町25-26,34.7802772,135.6194363,chunithm;gitadora;iidx;maimai_dx;ongeki;other;polaris_chord;sdvx,iidx_lm;sdvx_vm,,allnet;eagate;ziv
YURAKUCHO,"N 5-7A,Rua de Sacadura Cabral N14-18B,R/C E,EDF.POU SENG",22.1991168,113.5469361,chunithm;dance_evo;ddr;drs;gitadora;groove_coaster;iidx;jubeat;maimai_dx;nostalgia;other;popn;pump_it_up;sdvx;taiko;wacca,,chunithm:6;dance_evo:1;ddr:2;drs:1;gitadora:6;groove_coaster:1;iidx:6;jubeat:4;maimai_dx:8;nostalgia:2;popn:1;pump_it_up:1;sdvx:8;taiko:2;wacca:2,allnet;bemanicn;ziv;nearcade
Happy Land - Dataran Pahlawan,"Jalan Merdeka Bandar Hilir Melaka, 75000, Bandar Hilir",2.1903850,102.2505550,iidx,,,ziv
Wonderland Entertainment Center - Mahkota Parade,"Jalan Merdeka Bandar Hilir Melaka, 75000, Bandar Hilir",2.1880693,102.2508554,ddr;iidx;other;pump_it_up,,,ziv
Akiba District,"Boven Clarenburg 7, Hoog Catharijne Mall Utrecht Utrecht, 3511 CR, Utrecht",52.0907401,5.1151174,chunithm;dance_evo;ddr;groove_coaster;iidx;jubeat;nostalgia;other;project_diva;sdvx;stepmaniax;taiko;wacca,,chunithm:1;dance_evo:1;ddr:1;groove_coaster:1;iidx:1;jubeat:1;nostalgia:1;project_diva:1;sdvx:1;stepmaniax:2;taiko:2;wacca:1,ziv;insert_coin
Nationaal Videogame Museum,"Luxemburglaan 1 Zoetermeer Zuid-Holland, 2711 BD, Zoetermeer",52.0628739,4.4912525,chunithm;ddr;drs;gitadora;groove_coaster;iidx;jubeat;museca;nostalgia;ongeki;other;polaris_chord;popn;sdvx;stepmaniax;taiko;wacca,,chunithm:2;ddr:1;drs:1;gitadora:2;groove_coaster:2;iidx:1;jubeat:1;museca:1;nostalgia:1;ongeki:1;polaris_chord:1;popn:1;sdvx:2;stepmaniax:1;taiko:1;wacca:2,ziv;insert_coin
Pixel-Arcade,"Tramkade 24 's-Hertogenbosch Noord-Brabant, 5211 VB, 's-Hertogenbosch",51.6965149,5.2987253,chunithm;groove_coaster;iidx;other;popn;pump_it_up;sdvx;taiko;wacca,,chunithm:1;groove_coaster:1;iidx:1;popn:1;pump_it_up:2;sdvx:1;taiko:1;wacca:1,ziv;insert_coin
Rhythm Arcade,"Van Nesstraat 1a Alphen aan Den Rijn Zuid-Holland, 2404 AV, Alphen aan Den Rijn",52.1364350,4.6557408,chunithm;crossbeats;ddr;iidx;jubeat;other;popn;pump_it_up;sdvx;wacca,,chunithm:1;crossbeats:1;ddr:1;iidx:1;jubeat:1;popn:1;pump_it_up:1;sdvx:1;wacca:1,ziv;insert_coin
The Gaming Factory,"98 Ringbaan Oost Tilburg Noord-Brabant, 5013 CD, Tilburg",51.5698947,5.0970232,drs;groove_coaster;iidx;jubeat;nostalgia;other;sdvx;stepmaniax;taiko,,drs:1;groove_coaster:1;iidx:1;jubeat:1;nostalgia:1;sdvx:1;stepmaniax:1;taiko:1,ziv;insert_coin
GameOn @ Queen Street,"Upper Basement, 291-297 Queen Street Auckland, New Zealand Auckland City Auckland, 1010, Auckland City",-36.8513857,174.7638531,chunithm;ddr;drs;gitadora;iidx;maimai_dx;nostalgia;other;pump_it_up;taiko,,chunithm:2;ddr:1;drs:1;gitadora:1;iidx:1;maimai_dx:2;nostalgia:1;pump_it_up:1;taiko:2,ziv
"GameOn Arcade, Auckland","291-297 Queen Street, Auckland, 1010, NZ",-36.8515670,174.7639330,chunithm;ddr;drs;gitadora;iidx;maimai_dx;nostalgia;pump_it_up;taiko,,chunithm:1;ddr:1;drs:1;gitadora:1;iidx:1;maimai_dx:1;nostalgia:1;pump_it_up:1;taiko:1,insert_coin
Newmarket Tenpin Bowling,"6/2 York Street Auckland Auckland, 1023, Auckland",-36.8675094,174.7764921,iidx;other,,iidx:1,ziv;insert_coin
Brooklyn Warehouse - Manila,"2113 Recto Avenue, Manila, 1008, PH",14.6013530,120.9897260,chunithm;dance_evo;ddr;iidx;maimai_dx;sdvx;taiko,,chunithm:1;dance_evo:1;ddr:1;iidx:1;maimai_dx:1;sdvx:1;taiko:1,insert_coin
MX Gaming Grounds,"2nd Floor, Brooklyn Warehouse, 2113 Recto Ave, Sampaloc Manila 1008, Manila",14.6011095,120.9897627,chunithm;dance_evo;ddr;iidx;maimai_dx;other;sdvx;taiko,,,ziv
Quantum SM City Cauayan,"2F SM City Cauayan 83 National Highway Cauayan City Cagayan Valley, 3305, Cauayan City",16.9370070,121.7676330,iidx;other;sdvx,,iidx:1;sdvx:1,ziv;insert_coin
Arcade Lovers Game Center,"Arcade Lovers Game Center Travessa da Agra Velha, nº 52 Armazém R/C Trofa Porto, 4785-100, Trofa",41.3356001,-8.5490799,chunithm;drs;groove_coaster;iidx;jubeat;nostalgia;ongeki;other;popn;project_diva;reflec;sdvx;taiko;wacca,,,ziv
COW PLAY COW MOO DOWNTOWN EAST,"1 Pasir Ris Close,#04-102,Singapole 519599",1.3769815,103.9544216,chunithm;ddr;drs;gitadora;iidx;maimai_dx;nostalgia;other;popn;reflec;sdvx;taiko,,chunithm:1;maimai_dx:1,allnet;ziv;insert_coin
COW PLAY COW MOO NORTHSHORE PLAZA 2,418 Northshore Drive 03-01/ 02 Singapore 820418,1.4176495,103.9013264,chunithm;ddr;gitadora;iidx;jubeat;maimai_dx;sdvx;taiko,,chunithm:1;ddr:1;gitadora:2;iidx:1;jubeat:1;maimai_dx:2;sdvx:1;taiko:1,allnet;ziv;insert_coin
COW PLAY COW MOO SUNTEC CITY,"Sun Tec City 3Temasek Boulevard, 02-408/409,Singapore 038983",1.2950300,103.8583026,chunithm;ddr;gitadora;iidx;jubeat;maimai_dx;nostalgia;other;popn;pump_it_up;reflec;sdvx;taiko,,chunithm:2;ddr:1;gitadora:2;iidx:1;jubeat:1;maimai_dx:2;nostalgia:1;popn:1;pump_it_up:1;reflec:1;sdvx:2;taiko:1,allnet;ziv
VIRTUALAND BUGIS+,"201 Victoria Street , #05-04/05/06 Bugis+, Singapore 188067",1.2998000,103.8545500,chunithm;ddr;gitadora;iidx;jubeat;maimai_dx;nostalgia;other;sdvx;taiko,,chunithm:4;ddr:1;gitadora:2;iidx:1;jubeat:2;maimai_dx:6;nostalgia:1;sdvx:2;taiko:2,allnet;ziv;insert_coin
VIRTUALAND(NEX),"23, SERANGOON CENTRAL #04-65 NEX SINGAPORE",1.3507714,103.8722258,chunithm;ddr;drs;gitadora;groove_coaster;iidx;jubeat;maimai_dx;nostalgia;other;popn;sdvx;taiko;wacca,,chunithm:8;ddr:1;drs:1;gitadora:3;groove_coaster:2;iidx:1;jubeat:3;maimai_dx:10;nostalgia:1;popn:1;sdvx:2;taiko:3;wacca:1,allnet;ziv;insert_coin
ATTACK GAME CENTER,"190-14,SIMGOK 2-DONG,WONMI-GU,BUCHEON-SI,GYONGGI-DO,KOREA",37.4870729,126.7829252,chunithm;ddr;drs;gitadora;iidx;jubeat;maimai_dx;nostalgia;other;popn;pump_it_up;reflec;sdvx;taiko;wacca,,chunithm:4;ddr:2;drs:1;gitadora:7;iidx:7;jubeat:6;maimai_dx:5;nostalgia:3;popn:8;pump_it_up:4;reflec:1;sdvx:22;taiko:1;wacca:2,allnet;ziv;musecat;insert_coin
BEATLAB T,1029，Dongil-ro，Nowon-gu，Seoul,37.6219281,127.0738431,chunithm;ddr;gitadora;iidx;jubeat;maimai_dx;nostalgia;other;popn;pump_it_up;sdvx,,chunithm:2;ddr:1;gitadora:2;iidx:3;jubeat:2;maimai_dx:1;nostalgia:1;popn:3;pump_it_up:1;sdvx:7,allnet;ziv;musecat;insert_coin
BIG GAME LAND,"120-1, Gumijungang-ro, Gumi-si,Gyeongsangbuk-do",36.1269696,128.3352570,chunithm;drs;iidx;jubeat;maimai_dx;other;popn;pump_it_up;reflec;sdvx;taiko,,chunithm:1;drs:1;iidx:1;jubeat:2;maimai_dx:1;popn:1;pump_it_up:1;reflec:1;sdvx:3;taiko:1,allnet;ziv;musecat;insert_coin
Big Game Station (빅 게임 스테이션),"25 Cheongun-ro Gyeongsan Gyeongsangbuk-do, 38532, Gyeongsan",35.8376351,128.7534753,ddr;iidx;jubeat;museca;other;popn;reflec;sdvx,,ddr:1;iidx:1;jubeat:2;museca:1;popn:1;reflec:1;sdvx:2,ziv
CYMUSIC GAMEWORLD,62，Gungdong-ro 18beon-gil，Yuseong-gu，Daejeon,36.3626742,127.3507811,chunithm;ddr;gitadora;iidx;jubeat;maimai_dx;nostalgia;other;popn;pump_it_up;reflec;sdvx;taiko,,chunithm:4;ddr:2;gitadora:2;iidx:4;jubeat:2;maimai_dx:9;nostalgia:1;popn:4;pump_it_up:1;reflec:1;sdvx:10;taiko:2,allnet;ziv;musecat
G-Plex,"서울특별시 서대문구 창천동 31-32 Seoul 03776, Seoul",37.5578516,126.9375179,iidx;jubeat;pump_it_up;sdvx,,iidx:1;jubeat:1;pump_it_up:1;sdvx:1,ziv;insert_coin
G2ZONE YEONGDEUNGPO,"16, Yeongjung-ro 4-gil, Yeongdeungpo-gu, Seoul, Korea",37.5172567,126.9080386,chunithm;gitadora;iidx;jubeat;maimai_dx;popn;pump_it_up;sdvx;taiko,,chunithm:2;gitadora:2;iidx:1;jubeat:1;maimai_dx:2;popn:1;pump_it_up:5;sdvx:3;taiko:1,allnet;ziv;musecat;insert_coin
Game Club,"Uijeongbu-si Gyeonggi-do, 480-011, Uijeongbu-si",37.7385752,127.0496955,ddr;gitadora;iidx;jubeat;popn;pump_it_up;reflec;sdvx,,ddr:1;gitadora:1;iidx:1;jubeat:2;popn:1;pump_it_up:2;reflec:1;sdvx:2,ziv
Game Sports-Tec(게임 스포츠텍),"69-1 Gumijungang-ro Gumi-si Gyeongsangbuk-do, 39221, Gumi-si",36.1293992,128.3304800,ddr;gitadora;iidx;jubeat;nostalgia;other;popn;pump_it_up;reflec;sdvx,,ddr:1;gitadora:2;iidx:1;jubeat:3;nostalgia:1;popn:1;pump_it_up:1;reflec:1;sdvx:3,ziv;musecat;insert_coin
Game Village,"Uijeongbu-si Gyeonggi-do, 480-011, Uijeongbu-si",37.7428780,127.0505963,ddr;iidx;jubeat;other;popn;pump_it_up;reflec;sdvx;taiko,,ddr:1;iidx:1;jubeat:3;popn:2;pump_it_up:2;reflec:1;sdvx:1;taiko:1,ziv
GAME-D,"10,Suyeong-ro 298beon-gil,Nam-gu,Busan",35.1362742,129.0989805,chunithm;ddr;gitadora;groove_coaster;iidx;jubeat;maimai_dx;museca;nostalgia;other;popn;reflec;sdvx;taiko;wacca,,chunithm:1;ddr:1;gitadora:3;groove_coaster:1;iidx:7;jubeat:2;maimai_dx:2;museca:1;nostalgia:2;popn:5;reflec:1;sdvx:13;taiko:1;wacca:2,allnet;ziv;insert_coin
Gaos Game Center (가오스 게임장),"Daejeon, Jung-gu, Eun-hang dong 40-4, B1 Floor at Gacha Shop Daejeon 34921, Daejeon",36.3283463,127.4275002,crossbeats;gitadora;iidx;jubeat;museca;other;popn;pump_it_up;reflec;sdvx;taiko,,crossbeats:2;gitadora:1;iidx:1;jubeat:2;museca:1;popn:1;pump_it_up:3;reflec:1;sdvx:2;taiko:1,ziv
GLITCH,"37, Unsu-ro, Imsil-eup, Imsil-gun, Jeonbuk-do",35.6139136,127.2848303,gitadora;iidx;jubeat;maimai_dx;popn;pump_it_up;sdvx,,gitadora:2;iidx:2;jubeat:2;maimai_dx:1;popn:2;pump_it_up:1;sdvx:4,allnet;musecat
GUNSAN JOYPLAZA,"527, Daehak-ro, Gunsan-si, Jeollabuk-do",35.9481983,126.6854737,ddr;gitadora;iidx;jubeat;maimai_dx;other;popn;pump_it_up;sdvx,,ddr:1;gitadora:1;iidx:1;jubeat:1;maimai_dx:3;popn:2;pump_it_up:1;sdvx:4,allnet;ziv;musecat;insert_coin
Hanyang Game Center (한양 게임 센터),"서울시 성동구 행당동 19-100 성동구 (Seongdong-gu) 서울 (Seoul), 성동구 (Seongdong-gu)",37.5586706,127.0405402,gitadora;iidx;jubeat;nostalgia;other;popn;pump_it_up;sdvx;taiko,,gitadora:2;iidx:1;jubeat:1;nostalgia:1;popn:1;pump_it_up:2;sdvx:3;taiko:1,ziv;musecat;insert_coin
Heaven of Gamer,"28 Achasan-ro 29-gil Gwangin-Gu 서울 (Seoul), Gwangin-Gu",37.5420986,127.0687602,gitadora;iidx;jubeat;nostalgia;other;popn;sdvx;taiko,,gitadora:1;iidx:2;jubeat:3;nostalgia:2;popn:1;sdvx:3;taiko:1,ziv
JINJU GAME LAND,"42-7, Angol-ro 63beon-gil, Guri-si, Gyeonggi-do",37.5995494,127.1386631,chunithm;gitadora;iidx;jubeat;maimai_dx;nostalgia;popn;pump_it_up;sdvx;taiko,,gitadora:2;iidx:2;jubeat:1;maimai_dx:1;nostalgia:1;popn:2;pump_it_up:2;sdvx:4;taiko:1,allnet;musecat
JINJU JOYPLAZA,"34, Dongjin-ro, Jinju-si, Gyeongsangnam-do, Republic of Korea",35.1787595,128.0946751,chunithm;gitadora;iidx;jubeat;maimai_dx;popn;pump_it_up;sdvx;taiko,,chunithm:1;gitadora:3;iidx:2;jubeat:1;maimai_dx:2;popn:1;pump_it_up:1;sdvx:3;taiko:1,allnet;musecat
Jjang Entertainment Room (짱오락실 부평점),"27 Bupyeongmunhwa-ro 80beon-gil, Bupyeong-dong, Bupyeong-gu Incheon Incheon, 403-010, Incheon",37.4930491,126.7245309,drs;gitadora;iidx;jubeat;nostalgia;other;pump_it_up;sdvx;taiko,,drs:2;gitadora:1;iidx:1;jubeat:1;nostalgia:1;pump_it_up:1;sdvx:1;taiko:2,ziv;musecat
JUAN CPU,"31, Michuhol-daero 734beon-gil,Michuhol-gu, Incheon",37.4630241,126.6821976,chunithm;ddr;drs;gitadora;iidx;jubeat;maimai_dx;nostalgia;other;popn;pump_it_up;sdvx;taiko;wacca,,chunithm:3;ddr:2;drs:2;gitadora:4;iidx:8;jubeat:1;maimai_dx:2;nostalgia:1;popn:1;pump_it_up:2;sdvx:24;taiko:2;wacca:2,allnet;ziv
Millenium(밀레니엄) Game Land,"광주광역시 북구 설죽로214번길 114 Kwangju 500-070, Kwangju",35.1776762,126.9039122,iidx;jubeat;other;pump_it_up;sdvx,,iidx:1;jubeat:1;pump_it_up:1;sdvx:2,ziv
Nolrowa Game Zone (놀러와 게임존),"충청남도 천안시 서북구 두정동 886-1 | Cheonan-si Chungcheongnam-do, 331-959, Cheonan-si",36.8321690,127.1354896,ddr;gitadora;iidx;jubeat;other;popn;pump_it_up;reflec;sdvx;taiko,,ddr:1;gitadora:1;iidx:2;jubeat:2;popn:3;pump_it_up:2;reflec:1;sdvx:2;taiko:1,ziv
NORYANGJIN AMUSETOWN,"26, Manyang-ro 14ga-gil, Dongjak-gu, Seoul",37.5127094,126.9449436,chunithm;ddr;gitadora;iidx;jubeat;maimai_dx;nostalgia;other;popn;reflec;sdvx,,chunithm:2;ddr:1;gitadora:4;iidx:2;jubeat:3;maimai_dx:1;nostalgia:2;popn:2;reflec:1;sdvx:4,allnet;ziv
Plus Game World,"충청남도 천안시 동남구 신부동 460-2 Cheonan-si Chungcheongnam-do, 330-993, Cheonan-si",36.8181285,127.1554244,ddr;iidx;jubeat;popn;sdvx,,ddr:1;iidx:1;jubeat:2;popn:1;sdvx:1,ziv
Ppokkippokki / P2 Zone,"462-1 Buil-ro Bucheon Gyeonggi-do, 420-012, Bucheon",37.4858624,126.7815078,drs;iidx;jubeat;maimai_dx;museca;nostalgia;other;popn;pump_it_up;sdvx;taiko,,drs:1;iidx:1;jubeat:1;maimai_dx:1;museca:1;nostalgia:1;popn:1;pump_it_up:3;sdvx:1;taiko:1,ziv
ROYAL GAME,"454-1, Jungang-daero, Jung-gu, Daegu",35.8735075,128.5948787,chunithm;ddr;drs;gitadora;iidx;jubeat;maimai_dx;nostalgia;other;popn;pump_it_up;reflec;sdvx,,chunithm:2;ddr:1;drs:1;gitadora:4;iidx:3;jubeat:1;maimai_dx:3;nostalgia:1;popn:4;pump_it_up:1;reflec:1;sdvx:7,allnet;ziv;musecat
SAMBO R GAME,"69, Seojeon-ro 10beon-gil, Busanjin-gu, Busan",35.1552641,129.0606925,chunithm;ddr;drs;gitadora;iidx;jubeat;maimai_dx;other;popn;pump_it_up;reflec;sdvx;taiko;wacca,,chunithm:1;ddr:1;drs:1;gitadora:1;iidx:1;jubeat:4;maimai_dx:1;popn:6;pump_it_up:2;reflec:1;sdvx:6;taiko:2;wacca:2,allnet;ziv;insert_coin
SAMSEONGYO WOORI 2,"14, Samseongyo-ro 10-gil, Seongbuk-gu, Seoul",37.5873226,127.0090045,chunithm;ddr;gitadora;iidx;jubeat;maimai_dx;nostalgia;other;popn;pump_it_up;reflec;sdvx;taiko,,chunithm:2;ddr:1;gitadora:4;iidx:6;jubeat:1;maimai_dx:4;nostalgia:1;popn:4;pump_it_up:1;reflec:1;sdvx:9;taiko:1,allnet;ziv;musecat;insert_coin
Seohyeon Gamepark 21,"성남시, 13591, KR",37.3862020,127.1245780,ddr;gitadora;iidx;jubeat;popn;pump_it_up;reflec;sdvx;taiko,,ddr:1;gitadora:1;iidx:2;jubeat:1;popn:2;pump_it_up:1;reflec:1;sdvx:1;taiko:1,insert_coin
SUNCHEON GREENPIA,"110, Yeonhyangbeonyeong-gil, Suncheon-si, Jeollanam-do",34.9516625,127.5185423,gitadora;iidx;jubeat;maimai_dx;nostalgia;popn;pump_it_up;sdvx;taiko,,gitadora:1;iidx:1;jubeat:2;maimai_dx:2;nostalgia:1;popn:1;pump_it_up:1;sdvx:2;taiko:1,allnet;musecat
THE BUNKER GAMEZONE,"34, Daehak-ro, Yuseong-gu, Daejeon",36.3564331,127.3430268,chunithm;ddr;drs;gitadora;iidx;jubeat;maimai_dx;nostalgia;other;popn;pump_it_up;sdvx;taiko;wacca,,chunithm:2;ddr:1;drs:1;gitadora:4;iidx:2;jubeat:2;maimai_dx:4;nostalgia:1;popn:2;pump_it_up:2;sdvx:11;taiko:1;wacca:1,allnet;ziv;musecat;insert_coin
Ttudeuryeo(뚜드려) Arcade,"1st Basement Floor, 725 Buil-ro Wonmi-gu Bucheon Gyeonggi-do, 14671, Bucheon",37.4856028,126.8103147,gitadora;iidx;jubeat;museca;other;popn;pump_it_up;reflec;sdvx,,gitadora:2;iidx:1;jubeat:2;museca:1;popn:1;pump_it_up:1;reflec:1;sdvx:1,ziv
U-STAR GAMES (유스타 게임센터),"10-7, Doanbuk-ro 93beon-gil, Seo-gu, Daejeon, Republic of Korea Daejeon 35350, Daejeon",36.3306327,127.3393080,iidx;jubeat;pump_it_up;sdvx,,iidx:1;jubeat:1;pump_it_up:2;sdvx:1,ziv;musecat
Woori Gamecentre (우리게임장),"24, Daemyeong-gil Jongno-gu, Seoul, Republic of Korea Jongno-gu Seoul, 03077, Jongno-gu",37.5856639,126.9902411,iidx;other,,,ziv
YEONSINNAE JJANGGU GAME,"8-8, Yeonseo-ro 29-gil, Eunpyeong-gu, Seoul",37.6189525,126.9196972,chunithm;ddr;drs;gitadora;iidx;jubeat;maimai_dx;nostalgia;other;popn;pump_it_up;reflec;sdvx;taiko;wacca,,chunithm:2;ddr:1;drs:1;gitadora:3;iidx:3;jubeat:2;maimai_dx:1;nostalgia:2;popn:2;pump_it_up:2;reflec:1;sdvx:5;taiko:1;wacca:2,allnet;ziv;musecat
강릉일번가게임장,강원 강릉시 신대학길 17 강릉일번가,37.7531172,128.8948678,ddr;gitadora;iidx;jubeat;popn;pump_it_up;sdvx;taiko,,ddr:1;gitadora:1;iidx:1;jubeat:1;popn:1;pump_it_up:1;sdvx:3;taiko:1,musecat
게임캠프 원주단계점,강원 원주시 서원대로 165-3 아트스페이스,37.3450201,127.9299290,drs;iidx;popn;pump_it_up;reflec;sdvx;taiko;wacca,,drs:1;iidx:1;popn:1;pump_it_up:2;reflec:1;sdvx:1;taiko:1;wacca:2,musecat
게임파크 (Game Park 21) 분당점,"분당구 서현동 248-3 우성트윈프라자동관 201호 성남시 (Seongnam-si) 경기도 (Gyeonggi-do), 성남시 (Seongnam-si)",37.3862101,127.1245740,ddr;gitadora;iidx;jubeat;other;popn;pump_it_up;reflec;sdvx;taiko,,ddr:1;gitadora:1;iidx:3;jubeat:4;popn:2;pump_it_up:2;reflec:2;sdvx:1;taiko:1,ziv
경성대 게임D 2호점,부산 남구 용소로7번길 6-1,35.1366590,129.1008642,chunithm;ddr;drs;gitadora;groove_coaster;iidx;jubeat;maimai_dx;nostalgia;popn;pump_it_up;reflec;sdvx;taiko;wacca,,chunithm:1;ddr:1;drs:1;gitadora:3;groove_coaster:1;iidx:6;jubeat:2;maimai_dx:3;nostalgia:1;popn:2;pump_it_up:2;reflec:1;sdvx:7;taiko:5;wacca:1,musecat
광주 게임플라자,광주 동구 충장로안길 6,35.1484921,126.9142669,chunithm;ddr;drs;gitadora;iidx;jubeat;maimai_dx;nostalgia;popn;pump_it_up;reflec;sdvx;taiko,,chunithm:3;ddr:1;drs:1;gitadora:2;iidx:4;jubeat:2;maimai_dx:5;nostalgia:2;popn:3;pump_it_up:2;reflec:1;sdvx:13;taiko:3,musecat
노량진 어뮤즈타운,서울 동작구 만양로14가길 26,37.5127533,126.9449584,chunithm;ddr;gitadora;iidx;jubeat;maimai_dx;nostalgia;popn;sdvx,,chunithm:2;ddr:1;gitadora:4;iidx:8;jubeat:2;maimai_dx:6;nostalgia:1;popn:5;sdvx:12,musecat
동성로 놀자,대구 중구 중앙대로 434-4 1-4층,35.8717994,128.5944175,chunithm;drs;gitadora;iidx;jubeat;maimai_dx;nostalgia;popn;pump_it_up;sdvx;taiko,,chunithm:1;drs:1;gitadora:4;iidx:3;jubeat:1;maimai_dx:2;nostalgia:1;popn:2;pump_it_up:2;sdvx:5;taiko:1,musecat
밀레니엄게임랜드,광주 북구 설죽로214번길 114,35.1777447,126.9038702,gitadora;iidx;jubeat;popn;pump_it_up;sdvx,,gitadora:1;iidx:1;jubeat:2;popn:1;pump_it_up:1;sdvx:2,musecat
범계 게임천국,"동안구 호계동 1045-2 제일빌딩 지하 14호 안양시 (Anyang-si) 경기도 (Gyeonggi-do), 안양시 (Anyang-si)",37.3904230,126.9521076,chunithm;ddr;drs;gitadora;iidx;jubeat;maimai_dx;nostalgia;other;popn;pump_it_up;reflec;sdvx;taiko,,chunithm:4;ddr:1;drs:1;gitadora:4;iidx:3;jubeat:2;maimai_dx:6;nostalgia:1;popn:2;pump_it_up:4;reflec:1;sdvx:6;taiko:1,ziv;musecat
보우게임랜드,부산 금정구 금정로60번길 48-2,35.2291343,129.0886807,chunithm;drs;gitadora;iidx;jubeat;maimai_dx;nostalgia;popn;pump_it_up;reflec;sdvx;taiko;wacca,,chunithm:1;drs:1;gitadora:1;iidx:3;jubeat:1;maimai_dx:2;nostalgia:1;popn:2;pump_it_up:3;reflec:1;sdvx:6;taiko:2;wacca:1,musecat
부천 피투존,경기 부천시 부일로 462-1,37.4858809,126.7815436,drs;iidx;jubeat;maimai_dx;nostalgia;popn;pump_it_up;reflec;sdvx;taiko,,drs:1;iidx:2;jubeat:2;maimai_dx:2;nostalgia:2;popn:1;pump_it_up:2;reflec:1;sdvx:11;taiko:2,musecat
분당 타이토 스테이션,"분당구 서현동 248-5 코코프라자 지하1층 성남시 (Seongnam-si) 경기도 (Gyeonggi-do), 성남시 (Seongnam-si)",37.3858213,127.1240252,gitadora;iidx;jubeat;other;popn;pump_it_up;reflec;sdvx;taiko,,gitadora:1;iidx:1;jubeat:2;popn:1;pump_it_up:2;reflec:1;sdvx:1;taiko:2,ziv
뿅뿅오락실,서울 송파구 백제고분로7길 46,37.5106821,127.0838057,chunithm;gitadora;iidx;jubeat;maimai_dx;pump_it_up;sdvx;taiko,,chunithm:1;gitadora:2;iidx:1;jubeat:1;maimai_dx:1;pump_it_up:2;sdvx:2;taiko:1,musecat
사이버존게임랜드,전북 전주시 덕진구 명륜4길 17-5,35.8436405,127.1263070,drs;gitadora;iidx;jubeat;nostalgia;popn;pump_it_up;reflec;sdvx;taiko,,drs:1;gitadora:2;iidx:1;jubeat:2;nostalgia:1;popn:2;pump_it_up:3;reflec:1;sdvx:6;taiko:2,musecat;insert_coin
삼보R게임,부산 부산진구 서전로10번길 69,35.1548212,129.0600158,chunithm;ddr;gitadora;iidx;jubeat;maimai_dx;nostalgia;popn;reflec;sdvx;taiko;wacca,,chunithm:2;ddr:1;gitadora:6;iidx:3;jubeat:3;maimai_dx:4;nostalgia:1;popn:6;reflec:1;sdvx:13;taiko:1;wacca:1,musecat
스타뮤 게임센터,경기 수원시 장안구 화산로213번길 9-3,37.2991874,126.9730013,ddr;gitadora;groove_coaster;iidx;jubeat;nostalgia;popn;reflec;sdvx,,ddr:1;gitadora:3;groove_coaster:1;iidx:3;jubeat:4;nostalgia:1;popn:4;reflec:1;sdvx:6,musecat
시그널게임존,경기 수원시 팔달구 인계로124번길 43 대흥빌딩 3층,37.2654028,127.0305321,chunithm;gitadora;iidx;jubeat;maimai_dx;nostalgia;popn;sdvx;taiko,,chunithm:2;gitadora:2;iidx:2;jubeat:1;maimai_dx:5;nostalgia:1;popn:3;sdvx:6;taiko:1,musecat
신세계오락실,경남 창원시 마산회원구 합성서4길 6,35.2415682,128.5844680,chunithm;ddr;gitadora;iidx;jubeat;maimai_dx;nostalgia;popn;pump_it_up;reflec;sdvx,,chunithm:1;ddr:1;gitadora:2;iidx:1;jubeat:2;maimai_dx:3;nostalgia:1;popn:2;pump_it_up:1;reflec:1;sdvx:4,musecat
아이디 게임랜드,전남 무안군 삼향읍 대죽서로15번길 16,34.8105320,126.4612748,iidx;pump_it_up,,iidx:1;pump_it_up:1,musecat
안동 드림아이 청소년게임장,경북 안동시 문화광장길 45,36.5650947,128.7308806,iidx;jubeat;popn;pump_it_up;sdvx,,iidx:1;jubeat:2;popn:1;pump_it_up:1;sdvx:2,musecat
오산 놀러와,"원동 770-14 비비피아빌딩1층 오산시 (Osan-si) 경기도 (Gyeonggi-do), 오산시 (Osan-si)",37.1450477,127.0710855,drs;gitadora;iidx;jubeat;nostalgia;other;popn;pump_it_up;sdvx;taiko,,drs:1;gitadora:2;iidx:1;jubeat:1;nostalgia:1;popn:1;pump_it_up:1;sdvx:2;taiko:1,ziv;musecat
원주 어뮤즈월드,강원 원주시 우산로 61,37.3692519,127.9365611,gitadora;iidx;jubeat;popn;pump_it_up;sdvx,,gitadora:1;iidx:1;jubeat:2;popn:1;pump_it_up:1;sdvx:2,musecat
자바게임랜드,"경남 창원시 마산합포구 월영동2길 16 해운프라자 1,2층",35.1793065,128.5592935,iidx;pump_it_up;sdvx;taiko,,iidx:1;pump_it_up:1;sdvx:3;taiko:1,musecat
주안 씨피유 게임랜드,인천 미추홀구 미추홀대로734번길 17 4~5층,37.4630763,126.6814170,chunithm;ddr;drs;gitadora;iidx;jubeat;maimai_dx;nostalgia;popn;pump_it_up;reflec;sdvx;taiko;wacca,,chunithm:10;ddr:1;drs:1;gitadora:5;iidx:9;jubeat:3;maimai_dx:13;nostalgia:1;popn:3;pump_it_up:3;reflec:1;sdvx:17;taiko:2;wacca:1,musecat;insert_coin
진장동 짱구게임장,울산 북구 진장유통로 롯데마트 진장점 64,35.5760046,129.3590250,ddr;iidx;jubeat;nostalgia;popn;pump_it_up;reflec;sdvx,,ddr:1;iidx:1;jubeat:1;nostalgia:1;popn:1;pump_it_up:2;reflec:1;sdvx:3,musecat
짱구게임장 삼산점,인천 부평구 길주로 623 롯데마트 2층,37.5073501,126.7317619,chunithm;drs;gitadora;iidx;jubeat;maimai_dx;nostalgia;popn;pump_it_up;sdvx,,chunithm:1;drs:2;gitadora:2;iidx:1;jubeat:1;maimai_dx:1;nostalgia:1;popn:1;pump_it_up:1;sdvx:3,musecat
짱오락실 부천점,경기 부천시 부일로 460,37.4858845,126.7810603,drs;gitadora;iidx;jubeat;nostalgia;pump_it_up;sdvx;taiko,,drs:1;gitadora:1;iidx:1;jubeat:1;nostalgia:1;pump_it_up:3;sdvx:2;taiko:1,musecat
천안 스마일오락장,"충남 천안시 동남구 버들로 2, 지하 1층 13호",36.8094349,127.1481707,chunithm;gitadora;iidx;jubeat;maimai_dx;nostalgia;popn;sdvx,,chunithm:1;gitadora:2;iidx:2;jubeat:1;maimai_dx:1;nostalgia:1;popn:1;sdvx:3,musecat
추억의 오락실,경남 양산시 평산남4길 7,35.3778853,129.1500361,iidx;jubeat;popn;sdvx,,iidx:3;jubeat:2;popn:1;sdvx:1,musecat
컬쳐스페이스,강원 춘천시 중앙로67번길 18,37.8780390,127.7283784,drs;gitadora;iidx;jubeat;nostalgia;popn;pump_it_up;sdvx;taiko,,drs:1;gitadora:2;iidx:2;jubeat:2;nostalgia:1;popn:2;pump_it_up:3;sdvx:6;taiko:2,musecat
킹오락실,대구 중구 동성로 35-1,35.8699656,128.5954298,ddr;drs;gitadora;iidx;jubeat;maimai_dx;nostalgia;pump_it_up;sdvx;taiko;wacca,,ddr:1;drs:1;gitadora:2;iidx:1;jubeat:2;maimai_dx:1;nostalgia:2;pump_it_up:3;sdvx:2;taiko:1;wacca:2,musecat
팔로우미 오락실,경북 안동시 경북대로 418 테마프라자 3층,36.5663717,128.6997451,iidx;jubeat;popn;pump_it_up;sdvx,,iidx:1;jubeat:1;popn:2;pump_it_up:2;sdvx:5,musecat
펀시티 건대점,서울 광진구 동일로22길 81,37.5413214,127.0687116,chunithm;iidx;maimai_dx;nostalgia;popn;pump_it_up;sdvx;taiko,,chunithm:1;iidx:1;maimai_dx:1;nostalgia:1;popn:1;pump_it_up:2;sdvx:3;taiko:2,musecat
A.R.C.A.D.E.cat,"Esplugues de Llobregat Esplugues de Llobregat Catalunya, 08950, Esplugues de Llobregat",41.3771306,2.0891843,beatstream;chunithm;ddr;drs;gitadora;groove_coaster;iidx;jubeat;museca;nostalgia;other;project_diva;pump_it_up;reflec;taiko;wacca,,beatstream:1;chunithm:1;ddr:2;drs:1;gitadora:1;groove_coaster:1;iidx:1;jubeat:2;museca:1;nostalgia:1;project_diva:1;pump_it_up:1;reflec:1;taiko:1;wacca:1,ziv
Arcade Planet - Sevilla Retro,"Calle Jardín de la Isla 6 Bellavista Andalucía, 41012, Bellavista",37.3335993,-5.9696909,chunithm;crossbeats;dance_evo;ddr;drs;gitadora;groove_coaster;iidx;jubeat;maimai_dx;museca;nostalgia;ongeki;other;popn;project_diva;pump_it_up;reflec;sdvx;taiko;wacca,,chunithm:1;crossbeats:1;ddr:1;drs:1;groove_coaster:1;jubeat:1;maimai_dx:1;popn:1;pump_it_up:1;sdvx:1;wacca:1,ziv;insert_coin
Arcade Rebirth,"Avenida de la democracia 7 Planta 6, Local 9 Madrid Madrid, 28031, Madrid",40.3844947,-3.6251181,chunithm;gitadora;groove_coaster;iidx;jubeat;maimai_dx;nostalgia;ongeki;other;popn;project_diva;pump_it_up;reflec;sdvx;wacca,,chunithm:1;gitadora:1;groove_coaster:1;iidx:1;jubeat:1;maimai_dx:1;nostalgia:1;ongeki:1;popn:1;project_diva:1;pump_it_up:1;reflec:1;sdvx:1;wacca:1,ziv;insert_coin
Asociación ARCADE,"9 Carrer d'Esmeragda, Esplugues de Llobregat, 08950, ES",41.3705540,2.0895480,chunithm;ddr;drs;gitadora;groove_coaster;iidx;jubeat;maimai_dx;nostalgia;project_diva;pump_it_up;reflec;taiko;wacca,,chunithm:1;ddr:1;drs:1;gitadora:1;groove_coaster:1;iidx:1;jubeat:1;maimai_dx:1;nostalgia:1;project_diva:1;pump_it_up:1;reflec:1;taiko:1;wacca:1,insert_coin
Nextage Madrid,"Calle Arboleda 14, Nave 36 Madrid Comunidad de Madrid, 28031, Madrid",40.3859616,-3.6257565,ddr;gitadora;iidx;jubeat;nostalgia;other;popn;pump_it_up;sdvx;wacca,,ddr:1;gitadora:2;iidx:1;jubeat:1;nostalgia:1;popn:1;pump_it_up:1;sdvx:4;wacca:1,ziv;insert_coin
Retro-Arcade Elx,"53 Carrer Mariano Perez Vives Elx Comunidad Valenciana, 03205, Elx",38.2683615,-0.7128452,iidx;other,,iidx:1,ziv;insert_coin
HEY STHLM,"2 Gyldéngatan Stockholm Stockholms län, 113 27, Stockholm",59.3425924,18.0526113,chunithm;ddr;gitadora;groove_coaster;iidx;jubeat;museca;nostalgia;other;popn;sdvx;stepmaniax;taiko;wacca,,chunithm:1;ddr:1;gitadora:1;groove_coaster:1;iidx:1;jubeat:1;nostalgia:1;popn:1;sdvx:1;stepmaniax:1;taiko:1;wacca:1,ziv;insert_coin
Laserdome Borås/Pinballseye,"18 Bryggaregatan Borås Västra Götalands län, 503 38, Borås",57.7165117,12.9423168,gitadora;groove_coaster;iidx;jubeat;museca;other;popn;pump_it_up;reflec;sdvx,,gitadora:1;groove_coaster:1;iidx:1;jubeat:1;popn:1;pump_it_up:1;reflec:1;sdvx:1,ziv;insert_coin
Smålands Spelhall,"Smedjegatan 15 Växjö Kronobergs län, 352 46, Växjö",56.8830073,14.7797576,chunithm;ddr;drs;gitadora;groove_coaster;iidx;jubeat;nostalgia;other;reflec;sdvx;wacca,,chunithm:1;ddr:1;drs:1;gitadora:2;groove_coaster:1;iidx:1;jubeat:1;nostalgia:1;reflec:1;sdvx:1;wacca:1,ziv;insert_coin
H50 Music Game Station （H50MGS）,"269-48號 Section 2, Xitun Road, Taichung City, 407, TW",24.1744930,120.6442240,chunithm;ddr;groove_coaster;iidx;jubeat;maimai_dx;project_diva;sdvx;taiko;wacca,,chunithm:1;ddr:1;groove_coaster:1;iidx:1;jubeat:1;maimai_dx:1;project_diva:1;sdvx:1;taiko:1;wacca:1,insert_coin
HALA Planet Fengjia (H50MGS),"269-48 Section 2, Xitun Road Taichung City Xitun District, 407, Taichung City",24.1745091,120.6442534,chunithm;ddr;iidx;jubeat;maimai_dx;other;project_diva;sdvx;taiko,,chunithm:3;ddr:1;iidx:1;jubeat:1;maimai_dx:4;project_diva:1;sdvx:3;taiko:2,ziv
HALA PLANET(TAICHUNG YIZHONG),"No.10, Taiping Rd., North Dist., Taichung City 404008, Taiwan",24.1476019,120.6859621,chunithm;ddr;gitadora;iidx;maimai_dx;other;sdvx;taiko,,chunithm:1;ddr:1;gitadora:2;iidx:1;maimai_dx:4;sdvx:1;taiko:2,allnet;ziv
Hala Planet@Gongguan (哈啦星球) First Store,"130 Roosevelt Road Section 4 Zhongzheng Taipei, 100, Zhongzheng",25.0130475,121.5357561,chunithm;gitadora;iidx;maimai_dx;nostalgia;other;popn;sdvx;taiko,,chunithm:4;gitadora:2;iidx:1;maimai_dx:4;nostalgia:1;popn:1;sdvx:5;taiko:2,ziv
HYPER GAMER 遊戲玩家,"77號 Section 2, Wuchang Street, Taipei City, 10843, TW",25.0450940,121.5057360,chunithm;ddr;drs;iidx;jubeat;maimai_dx;popn;pump_it_up;sdvx;wacca,,chunithm:1;ddr:1;drs:1;iidx:1;jubeat:1;maimai_dx:1;popn:1;pump_it_up:1;sdvx:1;wacca:1,insert_coin
INFINITY WORLD,No.22-50-1 Zhongshan Rd. Banqiao Dist. New Taipei City 220073,25.0093347,121.4611035,chunithm;ddr;drs;gitadora;iidx;jubeat;maimai_dx;nostalgia;pump_it_up;sdvx;taiko,,,allnet
MAX GAME CENTER,"NO.78, SEC.2, CHONGXIN RD.,SANCHONG DIST., NEW TAIPEI CITY",25.0618105,121.4972921,chunithm;ddr;gitadora;iidx;jubeat;maimai_dx;nostalgia;other;pump_it_up;reflec;sdvx;taiko,,chunithm:3;ddr:1;gitadora:3;iidx:3;jubeat:2;maimai_dx:3;nostalgia:1;pump_it_up:1;reflec:1;sdvx:4;taiko:1,allnet;ziv;insert_coin
NEW CITY(ZHONGLI),"11F,NO.120,SEC.1,ZHONGYANG W.RD,ZHONGLI CITY, TAOYUAN",24.9584889,121.2203631,chunithm;dance_evo;ddr;gitadora;groove_coaster;iidx;jubeat;maimai_dx;nostalgia;other;popn;reflec;sdvx;taiko;wacca,,chunithm:2;dance_evo:1;ddr:1;gitadora:2;groove_coaster:2;iidx:2;jubeat:3;maimai_dx:2;nostalgia:1;popn:1;reflec:2;sdvx:2;taiko:1;wacca:2,allnet;bemanicn;ziv;maimaidx_tw;insert_coin
RHYTHM ARENA(KAOHSIUNG),"No.86-1, Zhonghua 3rd Rd.Qianjin Dist.,Kaohsiung City 801615",22.6272784,120.3014353,chunithm;ddr;drs;gitadora;iidx;jubeat;maimai_dx;nostalgia;popn;sdvx;taiko,,chunithm:3;ddr:1;drs:1;gitadora:2;iidx:1;jubeat:1;maimai_dx:3;nostalgia:1;popn:1;sdvx:4;taiko:1,allnet;ziv
SHIRONEKOYA(HSINCHU),"1F., No.76, Xinyi St., East Dist., Hsinchu City 300025, Taiwan",24.8032086,120.9706468,chunithm;iidx;maimai_dx,,iidx:1;maimai_dx:3,allnet;ziv
SHIRONEKOYA(TAICHUNG),"1F.,No.7,Ln. 6,Yucai St.,North Dist.,Taichung City,Taiwan",24.1502189,120.6849391,chunithm;ddr;gitadora;iidx;jubeat;maimai_dx;popn;sdvx;taiko,,chunithm:4;ddr:1;gitadora:2;iidx:1;jubeat:1;maimai_dx:5;popn:1;sdvx:3;taiko:1,allnet;bemanicn;ziv;maimaidx_tw;insert_coin
SHIRONEKOYA(ZHONGLI),"1F., No. 575, Yanping Rd., Zhongli Dist., Taoyuan City 320061",24.9547944,121.2226280,chunithm;iidx;maimai_dx;sdvx;taiko;wacca,,chunithm:3;iidx:1;maimai_dx:3;sdvx:2;taiko:1;wacca:1,allnet;bemanicn;ziv;maimaidx_tw;insert_coin
TIGER球の運動館,惠文路499號,24.1459790,120.6433435,chunithm;ddr;iidx;jubeat;nostalgia;sdvx;taiko,,chunithm:2;taiko:3,bemanicn;ziv;maimaidx_tw
X50 Music Game Station (First store),"134 Wuchang Street Section 2 Wanhua Taipei, 108, Wanhua",25.0455687,121.5027896,ddr;gitadora;iidx;jubeat;maimai_dx;popn;sdvx,,ddr:1;gitadora:2;iidx:2;jubeat:1;popn:1;sdvx:4,ziv
X50 Music Game Station 西門一店,武昌街二段134號,,,iidx;jubeat;sdvx,,iidx:2;jubeat:1;sdvx:6,bemanicn
力堡遊樂園,"50-1 Zhongxiao West Road Section 1 Zhongzheng Taipei, 100, Zhongzheng",25.0464581,121.5156019,chunithm;ddr;gitadora;iidx;jubeat;maimai_dx;nostalgia;sdvx;taiko;wacca,,chunithm:3;ddr:1;gitadora:3;iidx:2;jubeat:2;maimai_dx:2;nostalgia:1;sdvx:6;taiko:4;wacca:2,ziv
無限遊戲中心,中山路一段50巷22號1F,25.0088370,121.4615250,chunithm;ddr;drs;gitadora;iidx;jubeat;maimai_dx;nostalgia;other;pump_it_up;sdvx;taiko,,chunithm:3;ddr:1;drs:1;gitadora:1;iidx:2;jubeat:1;maimai_dx:4;nostalgia:1;pump_it_up:1;sdvx:6;taiko:2,bemanicn;ziv;maimaidx_tw
白喵一番屋 桃園店,成功路12號2樓,24.9929980,121.3128050,chunithm;ddr;gitadora;groove_coaster;iidx;jubeat;maimai_dx;nostalgia;sdvx;taiko;wacca,,chunithm:3;ddr:1;gitadora:2;groove_coaster:1;iidx:1;jubeat:1;maimai_dx:3;nostalgia:1;sdvx:2;taiko:2;wacca:2,bemanicn;ziv;maimaidx_tw;insert_coin
音樂創劇 Music Game x Livehouse,"320號B3 Jianguo 2nd Rd 高雄市三民區建國二路 320號B3 Kaohsiung Sanmin District, 807, Kaohsiung",22.6395013,120.3024280,chunithm;ddr;iidx;jubeat;other;sdvx;taiko;wacca,,chunithm:2;ddr:1;iidx:1;jubeat:1;sdvx:3;taiko:2;wacca:1,ziv
ECHO GAMES(ZPELL),"PL2.3.SHP01094PRAHONYOTHINRD,PRACHATIPAT,TANYABURI,PRATHUMTHANI",13.9887697,100.6173520,chunithm;ddr;drs;gitadora;iidx;maimai_dx;other;project_diva;pump_it_up;sdvx;taiko,,chunithm:1;ddr:1;drs:1;gitadora:2;iidx:1;maimai_dx:1;project_diva:1;pump_it_up:1;sdvx:2;taiko:1,allnet;ziv;insert_coin
EX10 MUSICPOD Central Ladprao,"1691, Central Ladprao 6th floor, Phahon Yothin Road Chatuchak, Chatuchak Bangkok 10900, Bangkok",13.8173744,100.5616147,chunithm;drs;gitadora;iidx;maimai_dx;nostalgia;other;pump_it_up;sdvx;taiko,,chunithm:1;drs:1;gitadora:1;iidx:1;maimai_dx:1;nostalgia:1;pump_it_up:1;sdvx:1;taiko:1,ziv;insert_coin
EX10(MAYA CHIANGMAI),"55/5 M.5 CHANGPHEUK  ,MEANG, CHIANGMAI",18.8026933,98.9672955,chunithm;drs;gitadora;iidx;maimai_dx;other;pump_it_up;sdvx;taiko,,chunithm:2;drs:1;gitadora:2;iidx:1;maimai_dx:2;pump_it_up:1;sdvx:1;taiko:1,allnet;ziv
EX10(MBK),"MBK CENTERBLDG.,444 PHAYATHAI RD.,PATHUM WAN BANGKOK",13.7443293,100.5299973,chunithm;ddr;drs;gitadora;iidx;maimai_dx;other;sdvx;taiko,,chunithm:4;ddr:1;drs:1;gitadora:2;iidx:2;maimai_dx:4;sdvx:2;taiko:2,allnet;ziv;insert_coin
GAMESMITH,"121/2 Ratchaphruek Road Bang Ramat, Taling Chan Bangkok, 10170, Bang Ramat, Taling Chan",13.7715447,100.4433849,chunithm;iidx;maimai_dx;nostalgia;other;sdvx,,chunithm:1;iidx:1;maimai_dx:1;nostalgia:1;sdvx:1,ziv;insert_coin
Let's Play MBK Center,"444, Phayathai Road Wang Mai, Pathum Wan Bangkok 10330, Bangkok",13.7447741,100.5301690,dance_evo;ddr;drs;gitadora;iidx;maimai_dx;other;popn;pump_it_up;sdvx,,dance_evo:1;ddr:1;drs:1;gitadora:2;iidx:1;maimai_dx:1;popn:1;pump_it_up:3;sdvx:2,ziv;insert_coin
MAYA Lifestyle Shopping Center,"55 หมู่ที่ 5 Huay Kaew Road, Chang Wat Chiang Mai, 50300, TH",18.8022460,98.9672630,chunithm;drs;gitadora;iidx;maimai_dx;pump_it_up;sdvx;taiko,,chunithm:1;drs:1;gitadora:2;iidx:1;maimai_dx:1;pump_it_up:1;sdvx:1;taiko:1,insert_coin
Arcade Club Bury,"Ela Mill, Cork Street Bury England, BL9 7BW, Bury",53.5951081,-2.2838197,chunithm;crossbeats;ddr;drs;gitadora;groove_coaster;iidx;jubeat;maimai_dx;museca;nostalgia;other;popn;project_diva;reflec;sdvx;stepmaniax;taiko;wacca,,chunithm:1;crossbeats:1;ddr:3;drs:1;gitadora:2;groove_coaster:1;iidx:1;jubeat:4;maimai_dx:1;museca:2;nostalgia:1;popn:2;project_diva:1;reflec:1;sdvx:2;stepmaniax:1;taiko:2;wacca:1,ziv;insert_coin
FreePlayCity,"ExFed 199 Eade Road London England, N4 1DN, London",51.5754211,-0.0877217,chunithm;ddr;drs;gitadora;groove_coaster;iidx;jubeat;museca;nostalgia;ongeki;other;popn;project_diva;pump_it_up;reflec;sdvx;taiko;wacca,,chunithm:2;ddr:2;drs:1;gitadora:2;groove_coaster:1;iidx:1;jubeat:1;museca:2;nostalgia:1;ongeki:1;popn:3;project_diva:1;pump_it_up:1;reflec:1;sdvx:1;taiko:1;wacca:1,ziv;insert_coin
Funland,"25, 27 Brunswick Square London England, WC1N 1AW, London",51.5243953,-0.1236096,ddr;iidx;jubeat;museca;other;popn;reflec;sdvx,,ddr:3;iidx:1;jubeat:1;museca:1;popn:1;reflec:2;sdvx:1,ziv;insert_coin
Playback Arcade,"Unit 20 The Galleries Shopping Centre Bristol England, BS1 3XB, Bristol",51.4568410,-2.5901905,ddr;drs;iidx;jubeat;nostalgia;ongeki;other;popn;project_diva;reflec;sdvx;taiko,,ddr:1;drs:1;iidx:1;jubeat:2;nostalgia:2;ongeki:1;popn:2;project_diva:1;reflec:2;sdvx:1;taiko:1,ziv;insert_coin
6R’s Entertainment Yard,"110B East Washington Street, Orange, VA, 22960, US",38.2472620,-78.1112290,groove_coaster;iidx,,groove_coaster:1;iidx:1,insert_coin
Akihabara,"8901 N Harlan St Westminster Colorado, 80031, Westminster",39.8581737,-105.0646787,chunithm;ddr;drs;groove_coaster;iidx;jubeat;nostalgia;other;popn;project_diva;sdvx;taiko;wacca,,chunithm:4;jubeat:2;wacca:2,ziv
Akihabara Arcade and Bar,"8901 Harlan Street Westminster, Colorado, 80031, Westminster,",39.8581171,-105.0651513,chunithm;ddr;drs;groove_coaster;iidx;other;popn;project_diva;taiko;wacca,,chunithm:4;ddr:1;drs:1;groove_coaster:2;iidx:1;popn:1;project_diva:2;taiko:1;wacca:2,ziv;community;insert_coin
Akihabara Electric Entertainment,"(PRIVATE) Bolingbrook Illinois, 60440, Bolingbrook",41.7108995,-88.0686898,chunithm;crossbeats;ddr;gitadora;iidx;jubeat;other;popn;pump_it_up;sdvx,,,ziv
Arcade Archaeology,"578 Aviation Road Queensbury NY, 12804, Queensbury",43.3265240,-73.6770822,chunithm;groove_coaster;iidx;other;pump_it_up;wacca,,chunithm:1;groove_coaster:1;iidx:1;pump_it_up:1;wacca:1,ziv;insert_coin
ARCADE MONSTERS,6362 INTERNATIONAL DR ORLANDO FL 32819,28.4596379,-81.4683551,chunithm;dance_evo;ddr;drs;groove_coaster;iidx;jubeat;maimai_dx;nostalgia;ongeki;other;popn;pump_it_up;sdvx;stepmaniax;taiko;wacca,,chunithm:1;dance_evo:1;ddr:2;drs:1;groove_coaster:1;iidx:1;jubeat:1;maimai_dx:1;nostalgia:1;ongeki:1;popn:1;pump_it_up:1;sdvx:1;stepmaniax:1;taiko:1;wacca:1,allnet;ziv;insert_coin
Arcade Monsters (Melbourne),"835 South Babcock Street Melbourne Florida, 32901, Melbourne",28.0950078,-80.6199064,chunithm;ddr;drs;gitadora;groove_coaster;iidx;jubeat;maimai_dx;museca;nostalgia;other;popn;project_diva;pump_it_up;sdvx;stepmaniax;taiko;wacca,,chunithm:1;ddr:1;drs:1;gitadora:2;groove_coaster:1;iidx:1;jubeat:1;maimai_dx:1;museca:1;nostalgia:1;popn:1;project_diva:1;pump_it_up:1;sdvx:1;stepmaniax:1;taiko:1;wacca:1,ziv;insert_coin
Arcade Monsters (Oviedo),"15 Alafaya Woods Blvd Suite 117 Oviedo Florida, 32765, Oviedo",28.6517888,-81.2068109,chunithm;crossbeats;ddr;drs;gitadora;groove_coaster;iidx;jubeat;maimai_dx;museca;nostalgia;other;popn;project_diva;pump_it_up;sdvx;taiko;wacca,,chunithm:1;crossbeats:1;ddr:2;drs:1;groove_coaster:1;iidx:1;jubeat:1;maimai_dx:1;popn:1;pump_it_up:1;sdvx:2;taiko:1;wacca:1,ziv;insert_coin
Arcade Odyssey,"12045 Southwest 117th Avenue Miami Florida, 33176, Miami",25.6556196,-80.3829644,chunithm;crossbeats;ddr;drs;groove_coaster;iidx;jubeat;maimai_dx;nostalgia;other;project_diva;pump_it_up;sdvx;taiko;wacca,,chunithm:1;crossbeats:1;ddr:1;drs:1;groove_coaster:1;iidx:1;jubeat:1;maimai_dx:1;pump_it_up:1;sdvx:1;wacca:1,ziv;insert_coin
Arcade Replay North,"7916 N. El Dorado St. Stockton CA, 95206, Stockton",38.0213750,-121.3139133,chunithm;ddr;gitadora;groove_coaster;iidx;jubeat;nostalgia;other;pump_it_up;sdvx;wacca,,chunithm:1;ddr:1;gitadora:2;groove_coaster:1;iidx:1;jubeat:1;nostalgia:1;pump_it_up:1;sdvx:1,ziv;insert_coin
Arcade UFO,"9029 Research Boulevard Building #100 Austin Texas, 78758, Austin",30.3731895,-97.7243085,chunithm;gitadora;iidx;jubeat;nostalgia;other;popn;pump_it_up;sdvx,,chunithm:2;gitadora:2;jubeat:2;popn:1;pump_it_up:1;sdvx:1,ziv;insert_coin
Beach Fun & Games,"12975 Village Blvd Madeira Beach Florida, 33708, Madeira Beach",27.7857550,-82.7833400,ddr;iidx;other;sdvx,,ddr:1;iidx:1;sdvx:1,ziv;insert_coin
Bragging Rights,"113 NW 8th Ave Gainesville Florida, 32605, Gainesville",29.6588870,-82.3262751,dance_evo;ddr;gitadora;iidx;nostalgia;other,,dance_evo:1;ddr:1;gitadora:2;iidx:1;nostalgia:1,ziv;insert_coin
Cactus Jack's Family Fun Center,"1211 North Council Road Oklahoma City Oklahoma, 73127, Oklahoma City",35.4813110,-97.6547317,iidx;jubeat;nostalgia;other;popn;reflec;sdvx;stepmaniax;wacca,,iidx:1;jubeat:1;nostalgia:1;popn:1;reflec:1;sdvx:1;stepmaniax:1;wacca:1,ziv;insert_coin
Captain Crazy's Paradise,"2139 South McKenzie Street Foley Alabama, 36535, Foley",30.3835992,-87.6824333,chunithm;groove_coaster;iidx;jubeat;nostalgia;other;popn;sdvx;stepmaniax;taiko;wacca,,chunithm:1;groove_coaster:1;iidx:1;jubeat:1;popn:1;sdvx:1;taiko:1;wacca:1,ziv;insert_coin
Clutch Effects Arcade - Liberty Station,"2850 Womble Road, San Diego, CA, 92106-6025, US",32.7357350,-117.2166950,iidx,,iidx:1,insert_coin
Dancetopia,"33054 Garfield Road Fraser, MI 48026, Fraser, MI",42.5399690,-82.9491717,ddr;groove_coaster;iidx;jubeat;nostalgia;other;pump_it_up;stepmaniax,,,ziv
DawnStar Video Games,"3007 W Clay St Suite A Richmond Virginia, 23230, Richmond",37.5659388,-77.4713260,ddr;iidx;jubeat;museca;nostalgia;other;project_diva;sdvx;wacca,,ddr:1;iidx:1;jubeat:1;nostalgia:1;project_diva:1;sdvx:1;wacca:1,ziv;insert_coin
ENTERRIUM,2 WOODFIELD MALL SCHAUMBURG IL 60173,42.0453408,-88.0340351,ddr;drs;gitadora;iidx;maimai_dx;other;popn;sdvx,,ddr:1;drs:1;gitadora:2;iidx:1;maimai_dx:1;popn:1;sdvx:1,allnet;ziv;insert_coin
Four Swords Retropub,"Main Floor, Masonic Square Mall, 130 W Washington St u6 Marquette Michigan, 49855, Marquette",46.5435319,-87.3939979,ddr;iidx;other,,ddr:1;iidx:1,ziv;insert_coin
Free Play Arcade - Dallas,"3015 Gulden Lane Dallas Texas, 75212, Dallas",32.7797926,-96.8281839,crossbeats;ddr;gitadora;iidx;jubeat;nostalgia;other;popn;sdvx,,crossbeats:1;ddr:1;gitadora:1;iidx:1;jubeat:1;nostalgia:1;popn:1;sdvx:1,ziv;insert_coin
Free Play Arcade - Denton,"101 West Hickory Street Denton Texas, 76201, Denton",33.2145359,-97.1328290,crossbeats;ddr;iidx;jubeat;museca;other;wacca,,crossbeats:1;ddr:1;iidx:1;jubeat:1;wacca:1,ziv;insert_coin
FUN FACTORY - PEARL CITY GATEWAY,"1140 KUALA STREET, UNIT #100  PEARL CITY, HI 96782",21.4001258,-157.9753304,iidx;maimai_dx;popn;stepmaniax,,maimai_dx:1;stepmaniax:1,allnet;ziv;insert_coin
Game Nest,"4525 Spring Mountain Road Suite 112 Las Vegas Nevada, 89102, Las Vegas",36.1253065,-115.2017679,chunithm;ddr;drs;gitadora;groove_coaster;iidx;jubeat;maimai_dx;museca;nostalgia;ongeki;other;polaris_chord;popn;project_diva;pump_it_up;reflec;sdvx;taiko;wacca,,chunithm:1;ddr:2;drs:1;gitadora:1;groove_coaster:1;iidx:1;jubeat:1;maimai_dx:1;museca:1;nostalgia:1;ongeki:1;polaris_chord:1;popn:1;project_diva:1;pump_it_up:1;reflec:1;sdvx:1;taiko:1;wacca:1,ziv;insert_coin
Game Underground,"349 Moody Street Waltham Massachusetts, 02453, Waltham",42.3702947,-71.2374590,chunithm;ddr;gitadora;groove_coaster;iidx;jubeat;maimai_dx;ongeki;other;popn;pump_it_up;reflec;sdvx;stepmaniax;wacca,,chunithm:2;ddr:1;gitadora:1;groove_coaster:1;iidx:1;jubeat:1;maimai_dx:1;ongeki:1;popn:1;pump_it_up:1;reflec:1;sdvx:1;stepmaniax:1;wacca:1,ziv;insert_coin
GATCHA KTOWN,"313 5TH AVE MANHATTAN , NY 10016",40.7468871,-73.9854214,chunithm;ddr;drs;iidx;jubeat;maimai_dx;nostalgia;other;popn;pump_it_up;taiko;wacca,,chunithm:3;ddr:1;drs:1;iidx:1;jubeat:1;maimai_dx:1;nostalgia:1;popn:1;pump_it_up:1;taiko:15;wacca:1,allnet;ziv;insert_coin
Hi-Score Arcade,"3429 Dillon Dr Pueblo Colorado, 81008, Pueblo",38.3022153,-104.6090591,iidx;sdvx,,iidx:1;sdvx:1,ziv;insert_coin
High Score Player Two: Classic Arcade,"2818 Mount Vernon Avenue Evansville Indiana, 47712, Evansville",37.9828765,-87.6086239,ddr;iidx;jubeat;popn;sdvx;wacca,,ddr:2;iidx:1;jubeat:1;popn:1;sdvx:1;wacca:1,ziv;insert_coin
Hometown Arcade (Northampton),"150 Main St Suite 40 Lower Level 1 Northampton Massachusetts, 01060, Northampton",42.3183282,-72.6308567,ddr;iidx;jubeat;other;sdvx,,iidx:2,ziv;insert_coin
Hooligans Arcade,"519 1st St SW Alabaster AL, 35007, Alabaster",33.2406078,-86.8195009,chunithm;dance_evo;ddr;iidx;other;popn;pump_it_up;sdvx;wacca,,chunithm:1;dance_evo:1;ddr:1;iidx:1;popn:1;pump_it_up:1;wacca:1,ziv;insert_coin
IKIGAI ARCADE,"5738 BAUM BLVD PITTSBURGH, PA 15206",40.4586541,-79.9324136,chunithm;ddr;groove_coaster;iidx;jubeat;maimai_dx;nostalgia;ongeki;other;popn;pump_it_up;sdvx;wacca,,chunithm:1;groove_coaster:1;iidx:1;jubeat:1;maimai_dx:1;nostalgia:1;popn:1;pump_it_up:1;sdvx:1;wacca:1,allnet;ziv;insert_coin
Insert Coin Olympia,"3430 Pacific Ave SE Suite D1 Olympia WA, 98501, Olympia",47.0424615,-122.8472944,gitadora;iidx;nostalgia;reflec;sdvx;stepmaniax,,gitadora:1;iidx:1;nostalgia:1;reflec:1;sdvx:1;stepmaniax:1,ziv;insert_coin
JUNGLE FUN ISLAND,"1450 ALA Moana Blvd, #1218 Honolulu HI 96814",21.2910038,-157.8432584,ddr;iidx;maimai_dx;other;sdvx,,ddr:2;iidx:1;maimai_dx:1;sdvx:1,allnet;ziv;insert_coin
Laser Assault - Provo,"1200 Towne Centre Blvd STC 2018 Provo Utah, 84601, Provo",40.2168649,-111.6630114,iidx;jubeat;nostalgia,,iidx:1;jubeat:1;nostalgia:1,ziv;insert_coin
Leaderboard 2 Arcade Bar & Pizzeria (Shad),"5285 Shad Road Suite 316 Jacksonville Florida, 32257, Jacksonville",30.1940262,-81.5774021,chunithm;ddr;drs;gitadora;iidx;jubeat;museca;nostalgia;ongeki;other;project_diva;pump_it_up;sdvx;taiko;wacca,,chunithm:2;ddr:1;drs:1;gitadora:2;iidx:1;jubeat:2;museca:1;nostalgia:1;ongeki:1;project_diva:1;pump_it_up:1;sdvx:1;taiko:2;wacca:2,ziv;insert_coin
Leaderboard Arcade Bar & Pizzeria (Wells),"1760 Wells Road Orange Park Florida, 32073, Orange Park",30.1860675,-81.7283306,chunithm;drs;iidx;jubeat;other;sdvx;taiko;wacca,,chunithm:1;drs:1;iidx:1;jubeat:2;sdvx:1;taiko:1;wacca:1,ziv;insert_coin
LITTLE TOKYO,"319 E 2nd St, Los Angeles, CA 90012",34.0491876,-118.2405746,ddr;gitadora;iidx;maimai_dx;other;popn;sdvx,,ddr:1;gitadora:2;iidx:1;maimai_dx:1;popn:1;sdvx:1,allnet;ziv;insert_coin
Max Funland (86th St),"1921 86th St Brooklyn New York, 11214, Brooklyn",40.6057546,-73.9996525,chunithm;ddr;gitadora;iidx;ongeki;other;taiko;wacca,,chunithm:1;ddr:1;gitadora:1;iidx:1;taiko:1;wacca:1,ziv;insert_coin
Neon Dreams Arcade,"11100 66th Street N Largo Florida, 33773, Largo",27.8729780,-82.7302186,chunithm;iidx;jubeat;other;popn;project_diva;pump_it_up;sdvx;wacca,,chunithm:1;iidx:1;jubeat:1;popn:1;project_diva:1;pump_it_up:1;sdvx:1;wacca:1,ziv;insert_coin
New Game Plus+,"1653 West Palmetto Street Florence South Carolina, 29501, Florence",34.1908887,-79.8001759,chunithm;dance_evo;ddr;gitadora;groove_coaster;iidx;museca;other;popn;project_diva;sdvx;taiko;wacca,,chunithm:1;dance_evo:1;ddr:1;gitadora:2;groove_coaster:1;iidx:1;popn:1;project_diva:1;sdvx:1;wacca:1,ziv;insert_coin
Okashi Japanese Arcade,"6065 Broadway Street, Pearland, TX, 77581, US",29.5604340,-95.3134140,chunithm;crossbeats;ddr;drs;groove_coaster;iidx;jubeat;maimai_dx;popn;pump_it_up;sdvx;wacca,,chunithm:1;crossbeats:1;ddr:1;drs:1;groove_coaster:1;iidx:1;jubeat:1;maimai_dx:1;popn:1;pump_it_up:1;sdvx:1;wacca:1,insert_coin
Red Note,"1881 South Rainbow Boulevard Las Vegas Nevada, 89146, Las Vegas",36.1505760,-115.2435833,chunithm;ddr;gitadora;groove_coaster;iidx;jubeat;maimai_dx;nostalgia;ongeki;other;popn;pump_it_up;sdvx;stepmaniax;wacca,,chunithm:4;ddr:5;gitadora:1;groove_coaster:1;iidx:2;jubeat:1;maimai_dx:1;nostalgia:1;ongeki:1;popn:2;pump_it_up:1;sdvx:2;stepmaniax:1;wacca:1,ziv;insert_coin
Revival Arcade,"1395 North E Street San Bernardino California, 92405, San Bernardino",34.1253699,-117.2939229,ddr;gitadora;groove_coaster;iidx;other;reflec;sdvx;wacca,,ddr:1;gitadora:2;groove_coaster:1;iidx:1;reflec:1;sdvx:1;wacca:1,ziv;insert_coin
RhythmPitt,"Join the discord! Pittsburgh Pennsylvania, 15208, Pittsburgh",40.4514865,-79.9081555,chunithm;crossbeats;ddr;drs;gitadora;groove_coaster;iidx;jubeat;museca;nostalgia;ongeki;other;popn;project_diva;reflec;sdvx;wacca,,chunithm:2;crossbeats:1;ddr:1;drs:1;gitadora:3;groove_coaster:1;iidx:2;jubeat:2;museca:2;nostalgia:1;ongeki:1;popn:2;project_diva:1;reflec:2;sdvx:3;wacca:3,ziv
Ric&Rik Otaku Cafe,"7022 Bandera Road San Antonio Texas, 78238, San Antonio",29.4989299,-98.6254450,chunithm;ddr;gitadora;groove_coaster;iidx;jubeat;museca;nostalgia;other;popn;project_diva;sdvx;stepmaniax;taiko;wacca,,chunithm:1;ddr:1;groove_coaster:1;iidx:1;jubeat:1;popn:1;sdvx:1;wacca:1,ziv;insert_coin
ROUND1 ARLINGTON PARKS,"3811 S. Cooper St., Suite 6004,Arlington TX 76015",32.6796797,-97.1295441,chunithm;dance_around;ddr;drs;gitadora;groove_coaster;iidx;maimai_dx;museca;other;popn;project_diva;pump_it_up;sdvx;taiko;wacca,,chunithm:1;dance_around:1;ddr:1;drs:1;gitadora:2;groove_coaster:1;iidx:1;maimai_dx:1;museca:2;popn:1;project_diva:1;pump_it_up:2;sdvx:1;taiko:1;wacca:1,allnet;ziv;round1usa;insert_coin
ROUND1 ARROWHEAD TOWN CENTER,"7650 Arrowhead Town Center, Glendale, AZ 85308",33.6413806,-112.2240577,chunithm;crossbeats;dance_around;ddr;drs;gitadora;iidx;maimai_dx;other;popn;pump_it_up;sdvx;stepmaniax;taiko;wacca,,chunithm:1;crossbeats:1;dance_around:1;ddr:2;drs:1;gitadora:4;iidx:2;maimai_dx:2;popn:1;pump_it_up:2;sdvx:1;stepmaniax:1;taiko:1;wacca:1,allnet;ziv;round1usa;insert_coin
Round1 Bowling & Arcade (Broadway Commons),"972 Broadway Mall Hicksville New York, 11801, Hicksville",40.7737561,-73.5331730,chunithm;dance_around;ddr;drs;gitadora;iidx;maimai_dx;other;popn;pump_it_up;sdvx;stepmaniax;taiko,,chunithm:1;dance_around:1;ddr:1;drs:1;gitadora:2;iidx:1;maimai_dx:1;popn:1;pump_it_up:1;sdvx:1;stepmaniax:1;taiko:4,ziv;insert_coin
Round1 Bowling & Arcade (Coronado Center),"6600 Menaul Boulevard Northeast Albuquerque New Mexico, 87110, Albuquerque",35.1066911,-106.5756805,chunithm;crossbeats;dance_around;ddr;drs;gitadora;groove_coaster;iidx;maimai_dx;museca;other;pump_it_up;sdvx;taiko;wacca,,chunithm:4;crossbeats:1;dance_around:1;ddr:1;drs:1;gitadora:2;groove_coaster:1;iidx:1;maimai_dx:1;museca:1;pump_it_up:4;sdvx:1;wacca:1,ziv;round1usa;insert_coin
Round1 Bowling & Arcade (Danbury Fair),"7 Backus Avenue Danbury Connecticut, 06810, Danbury",41.3796745,-73.4802532,chunithm;dance_around;ddr;drs;gitadora;iidx;maimai_dx;other;popn;pump_it_up;sdvx;stepmaniax;taiko;wacca,,chunithm:2;dance_around:1;ddr:2;drs:1;gitadora:2;iidx:1;maimai_dx:2;popn:2;pump_it_up:1;sdvx:2;stepmaniax:1;taiko:1;wacca:1,ziv;round1usa;insert_coin
Round1 Bowling & Arcade (Exton Square Mall),"172 Exton Square Parkway Exton Pennsylvania, 19341, Exton",40.0306751,-75.6223013,chunithm;dance_around;ddr;drs;gitadora;iidx;maimai_dx;other;popn;project_diva;pump_it_up;sdvx;taiko;wacca,,chunithm:1;dance_around:1;ddr:1;drs:1;gitadora:2;iidx:1;maimai_dx:1;popn:1;project_diva:1;pump_it_up:1;sdvx:1;taiko:1;wacca:1,ziv;round1usa;insert_coin
Round1 Bowling & Arcade (Great Lakes Crossing Outlets),"4220 Baldwin Rd Suite A502 Auburn Hills Michigan, 48326, Auburn Hills",42.7018127,-83.2980609,chunithm;crossbeats;dance_around;ddr;drs;gitadora;groove_coaster;iidx;maimai_dx;other;popn;project_diva;pump_it_up;sdvx;stepmaniax;taiko;wacca,,chunithm:1;crossbeats:1;dance_around:1;ddr:1;drs:1;gitadora:2;groove_coaster:1;iidx:2;maimai_dx:4;popn:1;project_diva:1;pump_it_up:1;sdvx:1;stepmaniax:1;taiko:2;wacca:1,ziv;insert_coin
Round1 Bowling & Arcade (Great Lakes Mall),"7850 Mentor Avenue Suite 200A Mentor Ohio, 44060, Mentor",41.6588704,-81.3629822,chunithm;dance_around;ddr;drs;gitadora;iidx;maimai_dx;other;project_diva;pump_it_up;sdvx;stepmaniax;taiko;wacca,,dance_around:1;ddr:4;drs:1;gitadora:2;iidx:1;project_diva:1;pump_it_up:1;sdvx:1;stepmaniax:1;wacca:1,ziv;round1usa
Round1 Bowling & Arcade (Gurnee Mills),"6170 West Grand Avenue Gurnee Illinois, 60031, Gurnee",42.3887186,-87.9597724,chunithm;dance_around;ddr;gitadora;iidx;maimai_dx;other;popn;project_diva;pump_it_up;sdvx;stepmaniax;taiko;wacca,,chunithm:2;dance_around:1;ddr:1;gitadora:4;iidx:1;maimai_dx:2;popn:2;project_diva:1;pump_it_up:1;sdvx:2;stepmaniax:1;taiko:2;wacca:1,ziv;insert_coin
Round1 Bowling & Arcade (Main Place Mall),"2800 North Main Street Suite 1100 Santa Ana California, 92705, Santa Ana",33.7743722,-117.8686519,chunithm;dance_around;ddr;drs;gitadora;iidx;maimai_dx;other;popn;pump_it_up;sdvx;stepmaniax;taiko,,dance_around:1;ddr:1;drs:1;gitadora:2;iidx:1;maimai_dx:1;popn:1;pump_it_up:1;sdvx:1;stepmaniax:1;taiko:1,ziv;round1usa;insert_coin
Round1 Bowling & Arcade (Maine Mall),"364 Maine Mall Road South Portland Maine, 04106, South Portland",43.6334348,-70.3348268,chunithm;dance_around;ddr;drs;gitadora;groove_coaster;iidx;maimai_dx;other;popn;pump_it_up;sdvx;taiko;wacca,,chunithm:1;dance_around:1;ddr:1;drs:1;gitadora:2;groove_coaster:1;iidx:1;maimai_dx:1;popn:1;pump_it_up:1;sdvx:1;taiko:1;wacca:1,ziv;round1usa;insert_coin
Round1 Bowling & Arcade (Menlo Park Mall),"55 Parsonage Rd Space 1850A Edison NJ, 08837, Edison",40.5461934,-74.3367040,chunithm;dance_around;ddr;drs;gitadora;iidx;maimai_dx;other;pump_it_up;sdvx;stepmaniax;taiko,,chunithm:1;dance_around:1;ddr:1;drs:1;gitadora:2;iidx:1;maimai_dx:1;pump_it_up:1;sdvx:1;stepmaniax:1;taiko:1,ziv;round1usa;insert_coin
Round1 Bowling & Arcade (North Riverside Park Mall),"7501 West Cermak Road North Riverside Illinois, 60546, North Riverside",41.8485053,-87.8113389,chunithm;dance_around;ddr;drs;gitadora;iidx;maimai_dx;other;popn;project_diva;pump_it_up;sdvx;taiko;wacca,,chunithm:1;dance_around:1;ddr:1;drs:1;gitadora:2;iidx:1;maimai_dx:3;popn:1;project_diva:1;pump_it_up:1;sdvx:1;taiko:1;wacca:1,ziv;round1usa;insert_coin
Round1 Bowling & Arcade (North Star Mall),"7400 San Pedro Avenue San Antonio Texas, 78216, San Antonio",29.5179905,-98.4945243,chunithm;dance_around;ddr;drs;gitadora;iidx;maimai_dx;other;popn;pump_it_up;sdvx;stepmaniax;taiko;wacca,,chunithm:1;dance_around:1;ddr:1;drs:1;gitadora:2;iidx:1;maimai_dx:2;popn:1;pump_it_up:1;sdvx:1;stepmaniax:1;taiko:1;wacca:1,ziv;round1usa;insert_coin
Round1 Bowling & Arcade (Promenade Temecula),"40710 Winchester Road Temecula California, 92591, Temecula",33.5262948,-117.1531965,chunithm;dance_around;ddr;drs;gitadora;groove_coaster;iidx;maimai_dx;other;popn;pump_it_up;sdvx;taiko,,chunithm:1;dance_around:1;ddr:1;drs:1;gitadora:2;groove_coaster:1;iidx:1;maimai_dx:1;popn:1;pump_it_up:1;sdvx:2;taiko:1,ziv;insert_coin
Round1 Bowling & Arcade (Stonestown Galleria),"285 Winston Dr Space No. B1 San Francisco California, 94132, San Francisco",37.7265378,-122.4778764,chunithm;dance_around;ddr;drs;gitadora;iidx;maimai_dx;other;popn;pump_it_up;sdvx;taiko;wacca,,dance_around:1;ddr:1;drs:1;gitadora:2;iidx:1;maimai_dx:1;popn:1;pump_it_up:1;sdvx:1;taiko:1;wacca:1,ziv;round1usa;insert_coin
Round1 Bowling & Arcade (Valley River Center),"600 Valley River Center Suite 101 Eugene Oregon, 97401, Eugene",44.0686091,-123.1083083,chunithm;dance_around;ddr;drs;gitadora;iidx;maimai_dx;other;popn;project_diva;pump_it_up;sdvx;taiko;wacca,,chunithm:1;dance_around:1;ddr:1;drs:1;gitadora:2;iidx:1;maimai_dx:1;popn:1;project_diva:2;pump_it_up:1;sdvx:1;taiko:1;wacca:1,ziv;round1usa;insert_coin
Round1 Bowling & Arcade (Westfield Plaza Bonita),"3030 Plaza Bonita Road National City California, 91902, National City",32.6567841,-117.0652516,chunithm;dance_around;ddr;drs;gitadora;iidx;maimai_dx;other;popn;project_diva;pump_it_up;sdvx;stepmaniax;taiko;wacca,,chunithm:1;dance_around:1;ddr:1;drs:1;gitadora:2;iidx:1;maimai_dx:10;popn:1;project_diva:1;pump_it_up:1;sdvx:1;stepmaniax:1;taiko:1;wacca:1,ziv;round1usa;insert_coin
Round1 Bowling & Arcade (Westfield Southcenter),"2351 Southcenter Mall Tukwila Washington, 98188, Tukwila",47.4598840,-122.2561471,chunithm;dance_around;ddr;drs;gitadora;iidx;maimai_dx;other;popn;project_diva;pump_it_up;sdvx;stepmaniax;taiko;wacca,,chunithm:1;dance_around:1;ddr:1;drs:1;gitadora:2;iidx:2;maimai_dx:1;popn:2;project_diva:1;pump_it_up:1;sdvx:3;stepmaniax:1;taiko:3;wacca:1,ziv;round1usa;insert_coin
Round1 Bowling & Arcade (Willowbrook Mall),"3000 Willobrook Mall (A) Houston TX, 77070, Houston",29.9625660,-95.5398235,chunithm;dance_around;ddr;drs;gitadora;groove_coaster;iidx;museca;other;pump_it_up;sdvx;stepmaniax;taiko;wacca,,chunithm:1;dance_around:1;ddr:3;drs:1;gitadora:2;groove_coaster:2;iidx:1;museca:1;pump_it_up:1;sdvx:1;stepmaniax:1;taiko:1;wacca:1,ziv;round1usa;insert_coin
Round1 Bowling & Arcade - Millcreek Mall Complex,"5800 Peach Street Erie Pennsylvania, 16509, Erie",42.0688513,-80.0985504,chunithm;dance_around;ddr;gitadora;iidx;maimai_dx;museca;other;popn;project_diva;pump_it_up;sdvx;taiko;wacca,,chunithm:1;dance_around:1;ddr:1;gitadora:2;iidx:1;maimai_dx:2;museca:2;popn:2;project_diva:1;pump_it_up:1;sdvx:1;taiko:1;wacca:1,ziv;insert_coin
Round1 Bowling & Arcade - Oklahoma City (Quail Springs Mall),"2501 West Memorial Road Oklahoma City Oklahoma, 73134, Oklahoma City",35.6131205,-97.5583516,chunithm;dance_around;ddr;drs;gitadora;groove_coaster;iidx;maimai_dx;other;popn;pump_it_up;sdvx;taiko;wacca,,chunithm:1;dance_around:1;ddr:1;drs:1;gitadora:2;groove_coaster:1;iidx:1;maimai_dx:1;popn:1;pump_it_up:1;sdvx:1;wacca:1,ziv;round1usa;insert_coin
Round1 Bowling & Arcade - Sandy (The Shops at South Town),"10600 South 110 West Sandy Utah, 84070, Sandy",40.5623948,-111.8943787,chunithm;dance_around;ddr;drs;gitadora;groove_coaster;iidx;maimai_dx;other;popn;project_diva;pump_it_up;sdvx;taiko;wacca,,chunithm:2;dance_around:1;ddr:2;drs:1;gitadora:2;groove_coaster:2;iidx:1;maimai_dx:2;popn:2;project_diva:1;pump_it_up:1;sdvx:3;taiko:1;wacca:1,ziv;round1usa
Round1 Bowling & Arcade The Shops at South Town,"10450 South State Street, Sandy, UT, 84070, US",40.5631610,-111.8959000,chunithm;dance_around;ddr;drs;gitadora;groove_coaster;iidx;maimai_dx;popn;project_diva;pump_it_up;sdvx;taiko;wacca,,chunithm:1;dance_around:1;ddr:1;drs:1;gitadora:2;groove_coaster:1;iidx:1;maimai_dx:1;popn:1;project_diva:1;pump_it_up:1;sdvx:1;taiko:1;wacca:1,insert_coin
ROUND1 BURBANK TOWN CENTER,"201 E Magnolia Blvd, Suite 145,Burbank, CA 91502",34.1833774,-118.3124048,chunithm;dance_around;ddr;drs;gitadora;iidx;maimai_dx;other;popn;project_diva;pump_it_up;sdvx;stepmaniax;taiko;wacca,,chunithm:1;dance_around:2;ddr:1;drs:1;gitadora:2;iidx:1;maimai_dx:1;popn:1;project_diva:1;pump_it_up:5;sdvx:1;stepmaniax:1;taiko:1;wacca:1,allnet;ziv;round1usa;insert_coin
ROUND1 CHANDLER FASHION CENTER,"3111 W Chandler Blvd, Chandler,AZ 85226",33.3014704,-111.8984059,chunithm;dance_around;ddr;drs;gitadora;iidx;maimai_dx;other;popn;project_diva;pump_it_up;sdvx;stepmaniax;taiko;wacca,,chunithm:1;dance_around:1;ddr:3;drs:1;gitadora:2;iidx:1;maimai_dx:1;popn:1;project_diva:1;pump_it_up:1;sdvx:1;stepmaniax:1;taiko:1;wacca:1,allnet;ziv;round1usa;insert_coin
ROUND1 CRYSTAL RUN GALLERIA,"1 Galleria Dr., Suite 01, Middletown, NY 10941",41.4528370,-74.3683538,chunithm;dance_around;ddr;drs;gitadora;iidx;maimai_dx;other;popn;pump_it_up;sdvx;taiko;wacca,,chunithm:1;dance_around:1;ddr:1;drs:1;gitadora:2;iidx:1;maimai_dx:1;popn:1;pump_it_up:1;sdvx:1;taiko:1;wacca:1,allnet;ziv;round1usa;insert_coin
ROUND1 CUMBERLAND MALL,"2860 Cumberland Mall, Suite 1500, Atlanta, GA 30339",33.8799947,-84.4680649,chunithm;crossbeats;dance_around;ddr;drs;gitadora;groove_coaster;iidx;maimai_dx;museca;other;popn;pump_it_up;sdvx;stepmaniax;taiko;wacca,,chunithm:1;crossbeats:2;dance_around:1;ddr:1;drs:1;gitadora:2;groove_coaster:2;iidx:1;maimai_dx:1;museca:2;popn:1;pump_it_up:1;sdvx:1;stepmaniax:1;taiko:2;wacca:1,allnet;ziv;round1usa;insert_coin
ROUND1 DEERBROOK MALL,"20131 US-59, Humble, TX 77338",30.0089636,-95.2697497,chunithm;dance_around;ddr;drs;gitadora;iidx;maimai_dx;other;popn;pump_it_up;sdvx;stepmaniax;taiko,,dance_around:1;ddr:2;drs:1;gitadora:2;iidx:1;maimai_dx:1;popn:2;pump_it_up:1;sdvx:1;stepmaniax:1;taiko:1,allnet;ziv;round1usa;insert_coin
ROUND1 DEPTFORD MALL,"1750 Deptford Center Road,Space#2350,Deptford Township,NJ 08096",39.8314319,-75.0978249,chunithm;dance_around;ddr;drs;gitadora;groove_coaster;iidx;maimai_dx;other;popn;project_diva;pump_it_up;sdvx;taiko;wacca,,chunithm:1;dance_around:1;ddr:1;drs:1;gitadora:2;groove_coaster:1;iidx:1;maimai_dx:1;popn:1;project_diva:1;pump_it_up:1;sdvx:1;taiko:1;wacca:1,allnet;ziv;round1usa;insert_coin
ROUND1 EASTRIDGE SHOPPING CENTER,"2200 Eastridge Loop Suite 2094,San Jose, CA 95122",37.3255349,-121.8133811,chunithm;dance_around;ddr;drs;gitadora;iidx;maimai_dx;other;popn;project_diva;pump_it_up;sdvx;stepmaniax;taiko;wacca,,chunithm:1;dance_around:1;ddr:2;drs:1;gitadora:2;iidx:1;maimai_dx:1;popn:2;project_diva:1;pump_it_up:1;sdvx:1;stepmaniax:1;taiko:1;wacca:1,allnet;ziv;round1usa;insert_coin
ROUND1 FAIRFIELD COMMONS,"2727 Fairfield Commons, Suite ANC1A, Beavercreek, OH 45431",39.7672589,-84.0566336,chunithm;dance_around;ddr;drs;gitadora;groove_coaster;iidx;maimai_dx;other;popn;project_diva;pump_it_up;sdvx;stepmaniax;taiko;wacca,,chunithm:1;dance_around:1;ddr:1;drs:1;gitadora:2;groove_coaster:1;iidx:1;maimai_dx:1;popn:1;project_diva:1;pump_it_up:1;sdvx:1;stepmaniax:1;taiko:1;wacca:1,allnet;ziv;round1usa;insert_coin
ROUND1 FASHION DISTRICT PHILADELPHIA,"1001 Market Street, #3010, Philadelphia, PA 19107",39.9519835,-75.1571648,chunithm;dance_around;ddr;drs;gitadora;groove_coaster;iidx;maimai_dx;other;popn;project_diva;pump_it_up;sdvx;taiko;wacca,,chunithm:1;dance_around:1;ddr:1;drs:1;gitadora:2;groove_coaster:1;iidx:1;maimai_dx:2;popn:1;project_diva:1;pump_it_up:1;sdvx:1;taiko:1;wacca:1,allnet;ziv;round1usa;insert_coin
ROUND1 FOUR SEASONS TOWN CENTRE,"125 Four Seasons Town Centre Greensboro, NC  27407",36.0392769,-79.8384279,chunithm;crossbeats;dance_around;ddr;drs;gitadora;groove_coaster;iidx;maimai_dx;other;popn;project_diva;pump_it_up;sdvx;taiko;wacca,,chunithm:1;crossbeats:1;dance_around:1;ddr:1;drs:1;gitadora:2;groove_coaster:1;iidx:1;maimai_dx:1;popn:1;project_diva:1;pump_it_up:1;sdvx:2;taiko:1;wacca:1,allnet;ziv;round1usa;insert_coin
ROUND1 FOX VALLEY MALL,"2480 Fox Valley Center, B13 Aurora, IL 60504",41.7588775,-88.2126401,chunithm;dance_around;ddr;drs;gitadora;groove_coaster;iidx;maimai_dx;other;popn;project_diva;pump_it_up;sdvx;taiko;wacca,,chunithm:1;dance_around:1;ddr:1;drs:1;gitadora:2;groove_coaster:1;iidx:1;maimai_dx:9;popn:1;project_diva:1;pump_it_up:1;sdvx:1;taiko:1;wacca:1,allnet;ziv;round1usa;insert_coin
ROUND1 GATEWAY MALL,"6100 O St., Space 190A, Lincoln, NE 68505",40.8156596,-96.6350068,chunithm;dance_around;ddr;gitadora;groove_coaster;iidx;maimai_dx;other;popn;pump_it_up;sdvx;taiko,,chunithm:1;dance_around:1;ddr:1;gitadora:2;groove_coaster:1;iidx:1;maimai_dx:1;popn:1;pump_it_up:1;sdvx:1;taiko:1,allnet;ziv;round1usa;insert_coin
ROUND1 GRAPEVINE MILLS,"3000 Grapevine Mills Pkwy Suite613, Grapevine, TX 76051",32.9661607,-97.0425031,chunithm;dance_around;ddr;drs;gitadora;groove_coaster;iidx;maimai_dx;other;popn;project_diva;pump_it_up;sdvx;taiko;wacca,,chunithm:1;dance_around:1;ddr:1;drs:1;gitadora:2;groove_coaster:1;iidx:1;maimai_dx:1;popn:1;project_diva:1;pump_it_up:2;sdvx:1;taiko:2;wacca:1,allnet;ziv;round1usa;insert_coin
ROUND1 HOLYOKE MALL,"50 Holyoke Street, Space J210, Holyoke, MA 01040",42.1676302,-72.6413569,chunithm;dance_around;ddr;drs;gitadora;groove_coaster;iidx;maimai_dx;other;popn;pump_it_up;sdvx;taiko;wacca,,chunithm:1;dance_around:1;ddr:2;drs:1;gitadora:2;groove_coaster:1;iidx:1;maimai_dx:2;popn:1;pump_it_up:1;sdvx:2;taiko:1;wacca:1,allnet;ziv;round1usa;insert_coin
ROUND1 JERSEY GARDEN,"651 Kapkowski Rd, Elizabeth, NJ07201",40.6590029,-74.1695025,chunithm;dance_around;ddr;drs;gitadora;iidx;maimai_dx;other;popn;pump_it_up;sdvx;stepmaniax;taiko,,dance_around:1;ddr:1;drs:1;gitadora:2;iidx:2;maimai_dx:2;popn:2;pump_it_up:1;sdvx:1;stepmaniax:1;taiko:1,allnet;ziv;round1usa;insert_coin
ROUND1 LAKEWOOD MALL,"401 Lakewood Ctr. Mall, Lakewood, CA 90712",33.8503969,-118.1385807,chunithm;dance_around;ddr;drs;gitadora;iidx;maimai_dx;other;popn;project_diva;pump_it_up;sdvx;stepmaniax;taiko;wacca,,chunithm:1;dance_around:1;ddr:1;drs:1;gitadora:2;iidx:1;maimai_dx:1;popn:1;project_diva:1;pump_it_up:1;sdvx:1;stepmaniax:1;taiko:2;wacca:2,allnet;ziv;round1usa;insert_coin
ROUND1 LAS VEGAS SOUTH PREMIUM OUTLETS,"7400 S. Las Vegas Blvd, Ste 0213, Las Vegas, NV, 89123",36.0510062,-115.1688657,chunithm;dance_around;ddr;drs;gitadora;iidx;maimai_dx;other;popn;pump_it_up;sdvx;stepmaniax;taiko;wacca,,chunithm:2;dance_around:1;ddr:1;gitadora:2;iidx:1;maimai_dx:2;popn:2;pump_it_up:1;sdvx:3;stepmaniax:1;taiko:1;wacca:1,allnet;ziv;round1usa;insert_coin
ROUND1 MEADOWOOD MALL,"5400 Meadowood Mall Circle,Reno,NV 89502",39.4745831,-119.7804218,chunithm;ddr;drs;gitadora;groove_coaster;iidx;maimai_dx;other;pump_it_up;sdvx;taiko;wacca,,ddr:1;drs:1;gitadora:2;groove_coaster:1;iidx:1;maimai_dx:1;pump_it_up:1;sdvx:1;taiko:1;wacca:1,allnet;ziv;round1usa;insert_coin
ROUND1 MEADOWS MALL,"4000 Meadows Ln Suite 100, Las Vegas, NV 89107",36.1726720,-115.1947320,chunithm;crossbeats;dance_around;ddr;drs;gitadora;iidx;maimai_dx;other;pump_it_up;sdvx;stepmaniax;taiko;wacca,,crossbeats:1;dance_around:1;ddr:3;gitadora:2;iidx:1;maimai_dx:1;pump_it_up:1;sdvx:1;stepmaniax:1;wacca:1,allnet;ziv;round1usa;insert_coin
ROUND1 MORENO VALLEY MALL,"22500 Town Circle Suite 2030, Moreno Valley, CA 92553",33.9387359,-117.2713013,chunithm;dance_around;ddr;drs;gitadora;iidx;maimai_dx;other;popn;pump_it_up;sdvx;taiko,,chunithm:2;dance_around:1;ddr:1;drs:1;gitadora:2;iidx:1;maimai_dx:1;popn:1;pump_it_up:1;sdvx:2;taiko:2,allnet;ziv;round1usa;insert_coin
ROUND1 NORTHRIDGE MALL,"1600 Northridge Mall, #200, Salinas, CA 93906",36.7169000,-121.6581870,chunithm;crossbeats;dance_around;ddr;drs;gitadora;iidx;maimai_dx;other;popn;pump_it_up;sdvx;taiko,,chunithm:1;crossbeats:1;dance_around:1;ddr:1;drs:1;gitadora:2;iidx:1;popn:1;pump_it_up:1;sdvx:1;taiko:1,allnet;ziv;round1usa;insert_coin
ROUND1 PARK CITY CENTER,"200 Park City Center, Lancaster, PA 17601",40.0688229,-76.3388131,chunithm;crossbeats;dance_around;ddr;drs;gitadora;groove_coaster;iidx;maimai_dx;museca;other;popn;project_diva;pump_it_up;sdvx;taiko;wacca,,chunithm:1;crossbeats:1;dance_around:1;ddr:2;drs:1;gitadora:2;groove_coaster:1;iidx:2;maimai_dx:1;museca:1;popn:1;project_diva:1;pump_it_up:2;sdvx:1;taiko:1;wacca:1,allnet;ziv;round1usa;insert_coin
ROUND1 PARK PLACE MALL,"5950 E Broadway Blvd Suite 110,Tucson, AZ 85711",32.2204809,-110.8637691,chunithm;dance_around;ddr;drs;groove_coaster;iidx;maimai_dx;museca;other;project_diva;pump_it_up;sdvx;taiko;wacca,,chunithm:1;dance_around:1;ddr:1;drs:1;groove_coaster:1;iidx:1;maimai_dx:1;project_diva:1;pump_it_up:1;sdvx:1;taiko:1;wacca:1,allnet;ziv;round1usa;insert_coin
ROUND1 PEMBROKE LAKES MALL,"12055 Pines BLVD, Pembroke Pines, FL 33026",26.0105910,-80.3078580,chunithm;crossbeats;dance_around;dance_evo;ddr;drs;gitadora;groove_coaster;iidx;maimai_dx;museca;other;popn;project_diva;pump_it_up;sdvx;stepmaniax;taiko;wacca,,chunithm:1;crossbeats:1;dance_around:1;dance_evo:1;ddr:1;drs:1;gitadora:2;groove_coaster:1;iidx:1;maimai_dx:1;museca:1;popn:1;project_diva:1;pump_it_up:2;sdvx:1;stepmaniax:1;taiko:1;wacca:1,allnet;ziv;round1usa;insert_coin
ROUND1 POTOMAC MILLS MALL,"2700 Potomac Mills Circle, Suite 882, Woodbridge, VA 22192",38.6433621,-77.2961829,chunithm;dance_around;ddr;drs;gitadora;groove_coaster;iidx;maimai_dx;other;popn;project_diva;pump_it_up;sdvx;stepmaniax;taiko;wacca,,chunithm:1;dance_around:1;ddr:1;drs:1;gitadora:2;groove_coaster:1;iidx:1;maimai_dx:1;popn:1;project_diva:1;pump_it_up:1;sdvx:1;stepmaniax:1;taiko:1;wacca:1,allnet;ziv;round1usa;insert_coin
ROUND1 PUENTE HILLS MALL,"1600 S Azusa Ave. Suite 285, City of Industry, CA 91748",33.9935867,-117.9274765,chunithm;crossbeats;ddr;drs;gitadora;groove_coaster;iidx;jubeat;maimai_dx;museca;other;popn;project_diva;pump_it_up;sdvx;stepmaniax;taiko;wacca,,chunithm:1;crossbeats:1;ddr:3;drs:1;gitadora:4;groove_coaster:4;iidx:1;jubeat:1;maimai_dx:3;museca:2;popn:2;project_diva:4;pump_it_up:2;sdvx:1;stepmaniax:1;taiko:2;wacca:1,allnet;ziv;round1usa;insert_coin
ROUND1 ROSEVILLE MALL,"1191 Galleria BL Suit 150, Roseville, CA 95678",38.7747318,-121.2700189,chunithm;dance_around;ddr;drs;gitadora;groove_coaster;iidx;maimai_dx;other;popn;pump_it_up;sdvx;stepmaniax;taiko;wacca,,chunithm:1;dance_around:1;ddr:1;gitadora:2;groove_coaster:1;iidx:1;maimai_dx:1;popn:1;pump_it_up:1;sdvx:1;stepmaniax:1;taiko:1;wacca:1,allnet;ziv;round1usa;insert_coin
ROUND1 SHOPS AT MISSION VIEJO,"60C The Shops at Mission Viejo,Mission Viejo, CA 92691",33.5576683,-117.6695391,chunithm;dance_around;ddr;drs;gitadora;iidx;maimai_dx;other;popn;pump_it_up;sdvx;taiko;wacca,,chunithm:1;dance_around:1;ddr:1;drs:1;gitadora:2;iidx:1;maimai_dx:1;popn:1;pump_it_up:1;sdvx:1;taiko:1;wacca:1,allnet;ziv;round1usa;insert_coin
ROUND1 SOUTH HILL MALL,"3500 S Meridian, Suite 900, Puyallup, WA 98373",47.1573499,-122.3005397,chunithm;dance_around;ddr;drs;gitadora;iidx;maimai_dx;other;popn;project_diva;pump_it_up;sdvx;stepmaniax;taiko;wacca,,chunithm:2;dance_around:2;ddr:2;drs:1;gitadora:2;iidx:1;maimai_dx:2;popn:2;project_diva:1;pump_it_up:1;sdvx:2;stepmaniax:1;taiko:2;wacca:1,allnet;ziv;round1usa;insert_coin
ROUND1 SOUTH WEST PLAZA,"8501 West Bowles Ave., Space 1183 Littleton, CO 80123",39.6119798,-105.0956537,chunithm;dance_around;ddr;drs;gitadora;iidx;maimai_dx;other;popn;pump_it_up;sdvx;taiko;wacca,,chunithm:1;dance_around:1;ddr:2;gitadora:2;iidx:1;maimai_dx:2;popn:2;pump_it_up:2;sdvx:1;wacca:1,allnet;ziv;round1usa;insert_coin
ROUND1 SOUTHLAND MALL,"545 Southland Mall Dr. Hayward,CA 94545",37.6509859,-122.1036974,chunithm;dance_around;ddr;drs;gitadora;groove_coaster;iidx;maimai_dx;museca;other;popn;project_diva;pump_it_up;sdvx;stepmaniax;taiko;wacca,,chunithm:1;dance_around:1;ddr:1;drs:1;gitadora:2;groove_coaster:1;iidx:1;maimai_dx:1;museca:2;popn:1;project_diva:1;pump_it_up:1;sdvx:1;stepmaniax:1;taiko:1;wacca:1,allnet;ziv;round1usa;insert_coin
ROUND1 SOUTHRIDGE MALL,"5200 S 76th St., Suite C, Greendale, WI 53129",42.9502674,-88.0057293,chunithm;dance_around;ddr;gitadora;iidx;maimai_dx;other;popn;project_diva;pump_it_up;sdvx;taiko;wacca,,chunithm:1;dance_around:1;ddr:1;gitadora:2;iidx:1;maimai_dx:1;popn:1;project_diva:1;pump_it_up:1;sdvx:1;taiko:1;wacca:1,allnet;ziv;round1usa;insert_coin
ROUND1 SUNVALLEY MALL,"185 Sunvalley Mall Concord, CA 94520",37.9671559,-122.0617194,chunithm;dance_around;ddr;drs;gitadora;groove_coaster;iidx;maimai_dx;museca;other;popn;project_diva;pump_it_up;sdvx;taiko;wacca,,chunithm:1;dance_around:1;ddr:1;gitadora:2;groove_coaster:1;iidx:1;maimai_dx:2;museca:1;popn:1;project_diva:1;pump_it_up:1;sdvx:1;wacca:2,allnet;ziv;round1usa;insert_coin
ROUND1 TOWN EAST SQUARE,"7700 East Kellogg Drive, Suite G03J, Wichita, KS 67207",37.6826997,-97.2474183,dance_around;ddr;iidx;maimai_dx;other;popn;pump_it_up;sdvx;taiko;wacca,,dance_around:1;ddr:1;iidx:1;maimai_dx:1;popn:1;pump_it_up:1;sdvx:1;taiko:1;wacca:1,allnet;ziv;round1usa;insert_coin
ROUND1 TOWSON TOWN CENTER,"825 Dulaney Valley Road, Suite 1190, Towson, MD 21204",39.4042658,-76.5990278,chunithm;dance_around;ddr;drs;gitadora;groove_coaster;iidx;maimai_dx;other;popn;project_diva;pump_it_up;sdvx;taiko;wacca,,chunithm:2;dance_around:1;ddr:2;drs:1;gitadora:2;groove_coaster:2;iidx:1;maimai_dx:4;popn:2;project_diva:2;pump_it_up:1;sdvx:1;taiko:1;wacca:1,allnet;ziv;round1usa;insert_coin
ROUND1 VANCOUVER MALL,"8800 NE Vancouver Mall Dr., Suite 100, Vancouver, WA 98662",45.6573284,-122.5830218,chunithm;dance_around;ddr;drs;gitadora;iidx;maimai_dx;other;project_diva;pump_it_up;sdvx;taiko;wacca,,chunithm:1;dance_around:1;ddr:1;drs:1;gitadora:2;iidx:1;project_diva:1;pump_it_up:1;sdvx:1;taiko:1;wacca:1,allnet;ziv;round1usa;insert_coin
Side Quest Arcade,"430 Winecup Way, Garland, TX 75040 Garland Texas, 75040, Garland",32.9532061,-96.6125894,crossbeats;dance_evo;ddr;gitadora;groove_coaster;iidx;maimai_dx;other;popn;sdvx,,crossbeats:1;maimai_dx:1;popn:1;sdvx:1,ziv;insert_coin
Soft Landing Arcade,"5703 North Academy Boulevard Colorado Springs Colorado, 80918, Colorado Springs",38.9135448,-104.7858971,beatstream;chunithm;ddr;gitadora;groove_coaster;iidx;jubeat;museca;nostalgia;ongeki;other;popn;project_diva;pump_it_up;reflec;sdvx;taiko;wacca,,beatstream:2;chunithm:1;ddr:1;gitadora:2;groove_coaster:1;iidx:1;jubeat:2;museca:1;nostalgia:2;ongeki:1;popn:1;project_diva:1;pump_it_up:1;reflec:1;sdvx:1;taiko:1;wacca:1,ziv;insert_coin
Sparks Pinball Museum & Arcade + Sparks Passport (Level 2),"412 W 14 Mile Rd Troy Michigan, 48083, Troy",42.5382834,-83.1105743,chunithm;ddr;iidx;jubeat;other;popn;sdvx,,chunithm:1;ddr:1;iidx:1;jubeat:1;popn:1;sdvx:1,ziv;insert_coin
Starrcade,"400 Ernest W Barrett Parkway Northwest Kennesaw Georgia, 30144, Kennesaw",34.0187897,-84.5633903,chunithm;ddr;groove_coaster;iidx;jubeat;maimai_dx;ongeki;other;popn;project_diva;pump_it_up;sdvx;taiko;wacca,,chunithm:1;ddr:1;groove_coaster:1;iidx:1;jubeat:1;maimai_dx:1;ongeki:1;popn:1;project_diva:1;pump_it_up:1;sdvx:1;taiko:1;wacca:1,ziv;insert_coin
Sweet Leaf Bubble Tea,"1441 Stillwater Blvd Stillwater Minnesota, 55082, Stillwater",45.0441231,-92.8378093,chunithm;iidx;nostalgia;popn;project_diva;sdvx;wacca,,chunithm:1;iidx:1;popn:1;project_diva:1;sdvx:1;wacca:1,ziv;insert_coin
The Dragon's Dojo,"199 College St Burlington Vermont, 05401, Burlington",44.4769912,-73.2117640,chunithm;drs;iidx;jubeat;other;popn;project_diva;sdvx;wacca,,chunithm:1;drs:1;iidx:1;jubeat:1;popn:1;project_diva:1;sdvx:1;wacca:1,ziv;insert_coin
The Dugout Arcade + Bar,"401 East 30th Street Baltimore Maryland, 21218, Baltimore",39.3244355,-76.6105406,beatstream;chunithm;ddr;groove_coaster;iidx;jubeat;museca;nostalgia;other;popn;pump_it_up;sdvx;stepmaniax;taiko;wacca,,beatstream:1;chunithm:2;ddr:1;groove_coaster:1;iidx:1;jubeat:2;museca:1;nostalgia:1;popn:2;pump_it_up:4;sdvx:1;stepmaniax:1;taiko:2;wacca:1,ziv;insert_coin
The Grid Retrocade,"5701 Moffett Road Mobile Alabama, 36618, Mobile",30.7281158,-88.1733897,iidx;jubeat;other;popn;pump_it_up;sdvx,,,ziv
Tokyo Station,"400 East South Street Arlington Texas, 76010, Arlington",32.7345140,-97.1031263,chunithm;crossbeats;ddr;drs;gitadora;groove_coaster;iidx;jubeat;other;popn;project_diva;sdvx;wacca,,chunithm:1;crossbeats:1;ddr:1;drs:1;gitadora:1;groove_coaster:1;iidx:1;jubeat:1;popn:1;project_diva:1;sdvx:1;wacca:1,ziv;community;insert_coin
Tri-County Bazaar,"3041 Hempstead Turnpike, Levittown, NY, 11756, US",40.7260850,-73.5237070,ddr;iidx;popn;stepmaniax,,ddr:2;iidx:1;popn:1;stepmaniax:1,insert_coin
Tri-County Flea Market,"3041 Hempstead Tpke Levittown New York, 11756, Levittown",40.7250377,-73.5229363,ddr;iidx;other;popn;stepmaniax,,,ziv
XSCAPE,"342 East Broadway Bloomington, MN 55425",44.8540767,-93.2402681,ddr;gitadora;iidx;jubeat;maimai_dx;other;popn;sdvx,,ddr:1;gitadora:2;iidx:1;maimai_dx:1;popn:1;sdvx:1,allnet;ziv;insert_coin
