name,address,latitude,longitude,games,cabs,game_counts,source
Zona Entretenimientos - COTO (Mar Del Tuyú),"Ruta Provincial 11 Mar del Tuyú Buenos Aires, Mar del Tuyú",-36.5824367,-56.7167206,ddr;other,,,ziv
Arcadia Bar,"9 Fifth Lane Mackay Queensland, 4740, Mackay",-21.1421046,149.1855143,ddr;other,,,ziv
ARCHIE BROTHERS CCW,"285 Springvale Road, Glen Waverley, Victoria, Australia, 3150",-37.8812875,145.1647251,ddr;maimai_dx;other;taiko,,,allnet;ziv
Archie Brothers Cirque Electriq Chadstone,"1341 Dandenong Rd Service Rd Malvern East Victoria, 3147, Malvern East",-37.8843548,145.0826168,ddr;taiko,,,ziv
Archie Brothers Cirque Electriq Melbourne Docklands,"440 Docklands Drive Docklands Victoria, 3008, Docklands",-37.8121484,144.9366159,ddr;other;taiko,,,ziv
Archie Brothers Cirque Electriq QV Melbourne,"Level 3 QV Shopping Centre 222 Lonsdale Street Melbourne VIC, 3000, Melbourne",-37.8107947,144.9652084,ddr;maimai_dx;other;sdvx;taiko,,ddr:1;maimai_dx:2;sdvx:1;taiko:1,ziv
Archie Brothers Karrinyup,"200 Karrinyup Road Karrinyup Western Australia, 6018, Karrinyup",-31.8772119,115.7767826,ddr;taiko,,,ziv
Archie Brothers Perth,"401 Wellington Street Perth Western Australia, 6000, Perth",-31.9523346,115.8607302,ddr,,,ziv
Archie Brothers Point Cook,"36 Wallace Avenue Point Cook Victoria, 3030, Point Cook",-37.8720925,144.7474909,ddr;other;taiko,,,ziv
B.LUCKY&SONS MELBOURNE,"Level 3, 211 Latrobe St., Melrourne, Vic,3000",-37.8105556,144.9630556,ddr;maimai_dx;other;sdvx;taiko,,,allnet;ziv
Barcadia,"12 Lake Street Northbridge Western Australia, 6003, Northbridge",-31.9483661,115.8567021,ddr;other;taiko,,,ziv
Bazinga Trading & Arcade Centre,"Level 1/10 Unity Way Munno Para South Australia, 5115, Munno Para",-34.6715844,138.6817287,ddr;other,,,ziv
Caribbean Rollerama,"1298 Ferntree Gully Road Scoresby Victoria, 3179, Scoresby",-37.8999614,145.2261029,ddr;other,,,ziv
Dreamworld,"Dreamworld Parkway Coomera Gold Coast Queensland (QLD), 4209, Gold Coast",-27.8637931,153.3155362,ddr,,,ziv
FORTRESS MELBOURNE,"23 CALEDONIAN LANE, MELBOURNE, VICTORIA, AUSTRALIA 3000",-37.8121261,144.9640502,ddr;maimai_dx;other;taiko,,,allnet;ziv
Funhouse - Carindale,"2012/1151 Creek Rd Carindale Queensland, 4152, Carindale",-27.5037602,153.1023513,ddr;other;taiko,,,ziv
Funhouse - Sunnybank Plaza,"Shop 112, The Food Court, Sunnybank Plaza Shopping Centre Corner Mains & McCullough Roads, Sunnybank Brisbane Queensland (QLD), 4109, Brisbane",-27.5713131,153.0634780,ddr;maimai_dx;taiko,,,ziv
FUNHOUSE BRISBANE CITY,"Level 3/91 Queen St, Brisbane City QLD 4000",-27.4706058,153.0248758,ddr;maimai_dx;other;taiko,,ddr:1;maimai_dx:1;taiko:2,allnet;ziv
Game Lobby,"22-28 Hutchinson Street Mount Barker South Australia, 5251, Mount Barker",-35.0659771,138.8591400,ddr;other,,,ziv
Games Station,"537 Mulgrave Road Earlville 4870, Earlville",-16.9426031,145.7403025,ddr,,,ziv
GAMR LASER TAG & VR,"25 Fletcher Road Chirnside Park Victoria, 3116, Chirnside Park",-37.7612214,145.3138220,ddr;other,,,ziv
Holey Moley Golf Club Northbridge,"53 Lake St Northbridge 6003, Northbridge",-31.9466568,115.8572834,ddr,,,ziv
iPlay Belconnen,"193 Benjamin Way Belconnen Australian Capital Territory, 2617, Belconnen",-35.2387515,149.0650025,ddr;other;taiko,,,ziv
iPlay Cairns Central,"Cairns Central Shopping Centre Shop Q121 McLeod St Cairns City Queensland, 4870, Cairns City",-16.9252036,145.7719660,ddr;taiko,,,ziv
IPLAY CAROUSEL,"SHOP MM223, 1382 ALBANY HWY, CANNINGTON, WA AUSTRALIA  6107",-32.0199279,115.9388969,ddr;maimai_dx;taiko,,,allnet;ziv
Kingpin Bowling Chermside,"899 Gympie Road Chermside Queensland, 4032, Chermside",-27.3836135,153.0319262,ddr;maimai_dx;other;taiko,,,ziv
Kingpin Bowling Townsville,"16 High Range Drive Thuringowa Townsville Queensland (QLD), 4187, Townsville",-19.3200174,146.7258416,ddr;gitadora;other;taiko,,,ziv
KINGPIN MELBOURNE,"260 Collins St, MELBOURNE VIC 3000",-37.8152725,144.9650986,chunithm;ddr;drs;maimai_dx;other;taiko,,chunithm:2;ddr:1;drs:1;maimai_dx:1;taiko:1,allnet;ziv
KINGPIN NORTH STRATHFIELD,"Building H3/3-5 George St, North Strathfield NSW 2137",-33.8632365,151.0889051,ddr;maimai_dx;other;taiko,,,allnet;ziv
KINGPIN(CROWN),"Malbourne,CrownEntertainmentComplex,WhitemanSt,Southbank,VIC3006",-37.8290000,144.9570000,chunithm;ddr;maimai_dx;other;sdvx;taiko,,chunithm:2;ddr:1;maimai_dx:2;sdvx:1;taiko:1,allnet;ziv
KOKO AMESEMENT HORNSBY,Shop 4000-1/236 Pacific Hwy Horsby NSW 2077,-33.7043415,151.1006823,ddr;maimai_dx;other;taiko,,,allnet;ziv
KOKO AMUSEMENT 614,Basement 614 George ST Sydney NSW 2000,-33.8757593,151.2067759,chunithm;ddr;drs;gitadora;iidx;maimai_dx;other;popn;pump_it_up;sdvx;taiko,,chunithm:6;ddr:2;drs:3;gitadora:1;iidx:1;maimai_dx:6;popn:2;pump_it_up:2;sdvx:2;taiko:5,allnet;ziv
KOKO AMUSEMENT BURWOOD,"lot29 27-31 belmore St,.Burwood,2134,NSW",-33.8784196,151.1021580,chunithm;ddr;drs;maimai_dx;other;taiko,,chunithm:1;ddr:1;drs:1;maimai_dx:2;taiko:2,allnet;ziv
KOKO HURSTVILLE,"G03/288 Forest Road, HurstvilleNSW",-33.9669703,151.1032215,ddr;drs;maimai_dx;other;taiko,,ddr:1;drs:1;maimai_dx:1;taiko:1,allnet;ziv
Playtime Entertainment,"Westpoint Shopping Centre Blacktown New South Wales, 2148, Blacktown",-33.7703740,150.9087386,ddr;other,,,ziv
The Beachouse,"4 Colley Terrace Glenelg South Australia, 5045, Glenelg",-34.9793130,138.5115197,ddr;other,,,ziv
Timezone - Orion Springfield,"Orion Springfield Central 1 Main Street Springfield Central Queensland, 4300, Springfield Central",-27.6788947,152.9007381,ddr;gitadora,,,ziv
Timezone Ballarat,"2 Bridge Mall Ballarat Ballarat Central, 3350, Ballarat",-37.5619310,143.8610932,ddr;other;taiko,,,ziv
TIMEZONE CHATSWOOD,"Level6 Westfield Chatswood,1 Anderson Street,Chatswood,NSW 2067",-33.7973628,151.1831083,chunithm;ddr;maimai_dx;other;taiko,,chunithm:1;ddr:1;maimai_dx:2;taiko:1,allnet;ziv
TIMEZONE EASTGARDENS,"Westfield Shopping Centre, Bunnerong Rd, Eastgardens, NSW, 2036",-33.9448896,151.2243238,ddr;maimai_dx;other,,,allnet;ziv
TIMEZONE EASTLAND,"Shop MM12/13 Eastland Shopping Centre,171 -175 Maroondah Hwy",-37.8126592,145.2292803,ddr;maimai_dx;other;pump_it_up;taiko,,,allnet;ziv
TIMEZONE ERINA,"SHOP H09, Terrigal Dr, Erina NSW 2250",-33.4377981,151.3915100,chunithm;ddr;maimai_dx;other;taiko,,,allnet;ziv
TIMEZONE FREMANTLE,Shop 32-33 South Terrace PiazzaFremantle WA 6160,-32.0562381,115.7479566,ddr;maimai_dx;taiko,,,allnet;ziv
Timezone Garden City,"Level 2, Westfield Garden City Upper Mount Gravatt Queensland, 4122, Upper Mount Gravatt",-27.5625104,153.0800495,chunithm;ddr;gitadora;maimai_dx;other;popn;pump_it_up;sdvx;taiko,,chunithm:1;ddr:2;gitadora:1;maimai_dx:2;popn:1;pump_it_up:1;sdvx:1;taiko:1,ziv
TIMEZONE KNOX,"2 Brisbane Ln, Wantirna South Vic 3152",-37.8699923,145.2437459,chunithm;ddr;maimai_dx;other;taiko,,,allnet;ziv
Timezone Lakeside Joondalup,"Lakeside Joondalup, Lakeside Shopping City Joondalup Western Australia, 6027, Joondalup",-31.7431818,115.7675314,ddr;taiko,,,ziv
Timezone Macquarie Park,"142 Herring Road Level 4 Macquarie Centre Corner of Herring Road &, Waterloo Rd North Ryde New South Wales, 2113, North Ryde",-33.7767774,151.1212644,chunithm;ddr;maimai_dx;other;taiko,,chunithm:1;ddr:1;maimai_dx:2;taiko:1,ziv
TIMEZONE PARRAMATTA,"Shop 4070, Westfield Parramatta, 175 Church St., NSW 2150",-33.8173782,151.0016557,chunithm;ddr;maimai_dx;other;taiko,,chunithm:1;ddr:1;maimai_dx:2;taiko:1,allnet;ziv
Timezone Plenty Valley,"Westfield Plenty Valley South Morang Victoria, 3082, South Morang",-37.6499658,145.0693189,ddr;other;taiko,,,ziv
Timezone Shellharbour,"211 Lake Entrance Road Shellharbour City Centre New South Wales, 2529, Shellharbour City Centre",-34.5644642,150.8391523,ddr;other,,,ziv
Timezone Southland,"Shop 3049B 1239 Nepean Highway Cheltenham Victoria, 3192, Cheltenham",-37.9585457,145.0547110,ddr;maimai_dx;other;taiko,,ddr:1;maimai_dx:2;taiko:1,ziv
Timezone Sunshine Plaza,"215/164 Horton Parade Maroochydore Queensland, 4558, Maroochydore",-26.6542589,153.0901377,ddr;other;pump_it_up;taiko,,,ziv
TIMEZONE SURFERS PARADISE,"Level1 Paradise Centre,Cavilll Mall,Surfers Paradise QLD 4217",-28.0019530,153.4298183,ddr;maimai_dx;other;pump_it_up;taiko,,,allnet;ziv
TIMEZONE TREE TEA PLAZA,"Tea Tree Plaza, 976 North East Road, Modbury SA 5092",-34.8307178,138.6901334,chunithm;ddr;maimai_dx;other;taiko,,chunithm:2;ddr:1;maimai_dx:2;taiko:1,allnet;ziv
TIMEZONE(HAYMARKET),"Level 3 Market City, 9-13 Hay Street, Haymerket, Sydney, NSW2020",-33.8797944,151.2033833,chunithm;ddr;drs;gitadora;maimai_dx;other;popn;pump_it_up;sdvx;taiko,,chunithm:2;ddr:2;drs:1;gitadora:2;maimai_dx:2;popn:1;pump_it_up:1;sdvx:1;taiko:1,allnet;ziv
TIMEZONE(HIGHPOINT),"Level 1 Highpoint SC,120-200Rosamond Rd,Maribyrnong,VIC3032",-37.7695602,144.8820803,chunithm;ddr;maimai_dx;other;sdvx;taiko,,,allnet;ziv
TIMEZONE(NORTHBRIDGE),"31 Lake Street, Northbridge, WA6003",-31.9475043,115.8567513,ddr;maimai_dx;other;pump_it_up;taiko,,ddr:1;maimai_dx:2;pump_it_up:1;taiko:1,allnet;ziv
Zone 3,"28 Weedon Close Belconnen, ACT Canberra New South Wales (NSW), 2617, Canberra",-35.2417912,149.0627866,ddr;other,,,ziv
Zone Bowling Cross Road,"Cross Road Westbourne Park South Australia, 5041, Westbourne Park",-34.9666055,138.5912451,ddr,,,ziv
ZONE BOWLING TOP RYDE,"GRD M5,Top Ryde City Shopping Centre,Blaxland Rd.&Devlin St.NSW",-33.8122148,151.1062214,chunithm;ddr;maimai_dx;other;taiko,,,allnet;ziv
ZONEBOWLING BLACKTOWN,"Shop 4011/17 Patrick st, Blacktown NSW 2148",-33.7699265,150.9061011,ddr;maimai_dx;other;taiko,,,allnet;ziv
Free Play Lanaken,"1d Industrieweg Lanaken Vlaams Gewest, 3620, Lanaken",50.8887037,5.6638867,ddr;groove_coaster;other;popn;taiko,,ddr:1;groove_coaster:2;popn:1;taiko:1,ziv
Gamestate Antwerpen,"15 De Keyserlei Antwerpen Vlaams Gewest, 2018, Antwerpen",51.2179578,4.4172051,ddr;other,,,ziv
BH Shopping (Hot Zone),"304 Praça Marcelo Góes Menicucci Belo Horizonte Minas Gerais, 30320-900, Belo Horizonte",-19.9743648,-43.9436292,ddr;pump_it_up,,,ziv
HotZone @ Shopping Campo Grande,"1200 Estrada do Monteiro Rio de Janeiro, 23045-830",-22.9268863,-43.5750922,ddr;pump_it_up,,,ziv
HotZone BarraShoppingSul,"Av. Diário de Notícias, 300 - Cristal Porto Alegre Rio Grande do Sul, 90810-080, Porto Alegre",-30.0852111,-51.2459010,ddr;other;pump_it_up;taiko,,,ziv
HotZone ParkShoppingSãoCaetano,"Alameda Terracota, 545 São Caetano do Sul State of São Paulo, 09531-190, São Caetano do Sul",-23.6255079,-46.5796319,ddr;other;pump_it_up;taiko,,,ziv
Puppy Play,"1000 Avenida Raul Lopes Teresina Piauí, 64046-010, Teresina",-5.0846177,-42.7895164,ddr;pump_it_up,,,ziv
Algonquin College (no machines on campus),"1385 Woodroffe Avenue Ottawa Ontario, K2G 3G7, Ottawa",45.3500077,-75.7564939,ddr;other,,,ziv
Arcade MTL,"2031 Rue Saint-Denis Montréal Québec, H2X 3K8, Montréal",45.5162853,-73.5659163,ddr;other,,,ziv
ARCstage,"10612 124 ST NW Unit 100 Edmonton Alberta, T5N 1S4, Edmonton",53.5497312,-113.5361830,chunithm;ddr;iidx;jubeat;other;project_diva;pump_it_up;sdvx;taiko;wacca,,chunithm:2;ddr:1;iidx:1;jubeat:1;project_diva:1;pump_it_up:1;sdvx:1;taiko:1;wacca:1,ziv
Arkadium Retro Arcade,"130 Broadway Boulevard Sherwood Park Alberta, T8H 2A3, Sherwood Park",53.5432560,-113.3122190,ddr;other,,,ziv
Bad Luck Bar,"59 Macdonell St Guelph N1H 2Z3, Guelph",43.5445121,-80.2482605,ddr;other,,,ziv
Banff Sizzlers,"#103 124 Banff Ave Banff Alberta, T1L1A7, Banff",51.1756622,-115.5707162,ddr;other,,,ziv
Barcadia,"347 Princess Street Kingston Ontario, K7L 1B6, Kingston",44.2328698,-76.4902295,ddr,,,ziv
Boss Battle Games Ottawa,"1200 St. Laurent Blvd Unit 301 Ottawa Ontario, K1K 3B8, Ottawa",45.4211495,-75.6387663,ddr;other,,,ziv
Canada's Wonderland (Crystal Arcade),"9580 Jane St, Vaughan, ON, Canada Vaughan Ontario, L6A, Vaughan",43.8430317,-79.5394227,ddr,,,ziv
Cinescape (Galaxy Cinemas Prince Albert),"2995 2 Avenue West Prince Albert Saskatchewan, S6V 5V5, Prince Albert",53.1846339,-105.7634804,ddr;other,,,ziv
Ciné Starz Deluxe (Longueuil),"1401 Chemin de Chambly Longueuil Québec, J4J 3X6, Longueuil",45.5322743,-73.4849846,ddr;other,,,ziv
Cinéma Guzzo,"1071 Chem. du Coteau Terrebonne Québec, J6W 5Y8, Terrebonne",45.7104647,-73.6494791,ddr;other,,,ziv
Claw Planet/Planète Claw,"563 Boulevard des Laurentides Laval Québec, H7G2V3, Laval",45.5718827,-73.6935639,chunithm;ddr;drs;gitadora;groove_coaster;iidx;jubeat;maimai_dx;ongeki;other;popn;project_diva;pump_it_up;sdvx;wacca,,chunithm:1;ddr:1;drs:1;gitadora:2;groove_coaster:1;iidx:1;jubeat:2;maimai_dx:2;ongeki:1;popn:1;project_diva:1;pump_it_up:1;sdvx:1;wacca:1,ziv
Darkzone Laval,"1605 Boulevard le Corbusier Laval Quebec, H7S 1Z3, Laval",45.5643777,-73.7276783,ddr;other,,,ziv
Dave & Buster's (Oakville Entertainment Centrum),"2021 Winston Park Drive Oakville Ontario, L6H 6P5, Oakville",43.5089720,-79.6679271,ddr;other,,,ziv
Dave & Buster's (Vaughan),"120 Interchange Way Vaughan Ontario, L4K 5C3, Vaughan",43.7883273,-79.5356913,ddr;other,,,ziv
DP Lazer Maze Inc.,"31 Gaudaur Rd Woodbridge Ontario, L4L 3R8, Woodbridge",43.7684674,-79.5602518,ddr;other,,,ziv
Espace Jeux Village Vacances Valcartier,"2280 Boulevard Valcartier Saint-Gabriel-de-Valcartier Québec, G0A4S0, Saint-Gabriel-de-Valcartier",46.9438755,-71.4759772,ddr,,,ziv
eSpot,"8181 Cambie Road Unit 1000 Richmond British Columbia, V6X 3X9, Richmond",49.1853728,-123.1336526,chunithm;ddr;gitadora;groove_coaster;iidx;jubeat;nostalgia;ongeki;other;popn;project_diva;sdvx;taiko;wacca,,chunithm:3;ddr:1;gitadora:2;groove_coaster:1;iidx:1;jubeat:2;nostalgia:1;ongeki:1;popn:1;project_diva:1;sdvx:2;taiko:2;wacca:1,ziv
FreePlay Toronto,"300 College Street Toronto Ontario, M5T 1R9, Toronto",43.6578276,-79.4016600,ddr;jubeat;other,,,ziv
Funhaven,"1050 Baxter Road Ottawa Ontario, K2P 3C1, Ottawa",45.3537681,-75.7800999,ddr;other,,,ziv
Galaxy Land,"1767-8882 170 Street Northwest Edmonton Alberta, T5T 4J2, Edmonton",53.5230403,-113.6212408,ddr,,,ziv
Guzzo Méga-Plex Marché Central 18 avec IMAX,"901 Crémazie Ouest Montréal Québec, H4N 3M5, Montréal",45.5328432,-73.6478836,ddr;other,,,ziv
Marché aux Puces Métropolitain,"6245 Boulevard Métropolitain Est Saint-Léonard Montréal Québec, H1P 1X7, Montréal",45.5922819,-73.5818658,ddr;other,,,ziv
Mira Amusement Brossard,"6400 Bd Taschereau #108 Brossard Québec, J4W 3J2, Brossard",45.4730331,-73.4686739,ddr;other,,,ziv
Mira Amusement MTL Forum,"2313 Rue Ste-Catherine Ouest Montréal Québec, H3H 1N2, Montréal",45.4904098,-73.5848755,ddr;other;pump_it_up,,,ziv
Montreal Pinball Arcade,"923-B Avenue Girouard Montréal Québec, H4A 3B9, Montréal",45.4693864,-73.6047127,ddr;other,,,ziv
Niagara Falls Fun Zone,"4955 Clifton Hill Niagara Falls Ontario, L2G 3N5, Niagara Falls",43.0915683,-79.0752477,ddr;other,,,ziv
Party Zone 51,"854 Boulevard des Bois Francs Sud Victoriaville Québec, G6P 5W4, Victoriaville",46.0406562,-71.9191374,ddr;other,,,ziv
Pixel Paradise Arcade @ Bayfield Mall,"320 Bayfield St Unit 201 Barrie Ontario, L4M 3C1, Barrie",44.4003069,-79.7031122,chunithm;ddr;gitadora;iidx;jubeat;nostalgia;other;popn;pump_it_up;taiko,,chunithm:2;ddr:2;gitadora:2;iidx:1;jubeat:2;nostalgia:1;popn:2;pump_it_up:1;taiko:2,ziv
Pixel Paradise Arcade @ Rainbow Mall,"3 Massey St. Unit 14 Angus Ontario, L0M 1B0, Angus",44.3151350,-79.8836598,ddr;gitadora;other;pump_it_up,,,ziv
Playland Arcade,"34 Main Street Winnipeg Beach Manitoba, R0C 3G0, Winnipeg Beach",50.4975412,-96.9666892,ddr;other,,,ziv
Quazar's Arcade,"1215 Government Street Victoria British Columbia, V8W 1Y5, Victoria",48.4258894,-123.3674384,chunithm;ddr;other;sdvx;wacca,,chunithm:2;ddr:1;sdvx:1;wacca:2,ziv
Riverdale Fun Centre,"943 Conception Bay Highway Conception Bay South Newfoundland and Labrador, A1X 7S9, Conception Bay South",47.4915303,-53.0295253,ddr,,,ziv
Scandia Golf and Games,"2898 Highway 97 North Kelowna British Columbia, V1X 5C1, Kelowna",49.9053281,-119.4064162,ddr;other,,,ziv
Silverball Games @ Best Western Plus Chocolate Lake,"250 Saint Margarets Bay Road Halifax Nova Scotia, B3N, Halifax",44.6397451,-63.6241572,ddr;other;project_diva,,,ziv
SilverCity CrossIron Mills Cinemas & Xscape Entertainment Centre,"261055 Crossiron Boulevard Rocky View County Alberta, T4A 0G3, Rocky View County",51.2021357,-113.9908579,ddr;other,,,ziv
TAG E-Karting & Amusement,"300 Rue Sicard Sainte-Thérèse Québec, J7E 3X4, Sainte-Thérèse",45.6421375,-73.8595938,ddr;other,,,ziv
The Fun Factor Family Fun Centre,"910 Tranquille Road Kamloops British Columbia, V2B 3J5, Kamloops",50.7002201,-120.3664736,ddr;other,,,ziv
The Zone,"70 Joseph Street Parry Sound Ontario, P2A2G5, Parry Sound",45.3592472,-80.0429423,ddr,,,ziv
Tilt Arcade Bar,"1255 Queen Street West Toronto Ontario, M6K 1L4, Toronto",43.6416413,-79.4308416,ddr;other,,,ziv
Tilt Arcade Bar,"359 Talbot St London Ontario, N6A 2R5, London",42.9813244,-81.2513423,ddr,,,ziv
Valhalla Games,"365 Cariboo Hwy #1 100 Mile House British Columbia , V0K 2E0, 100 Mile House",51.6432002,-121.2963348,ddr,,,ziv
Vogue Theater,"321 2 Avenue Fernie British Columbia, V0B 1M0, Fernie",49.5016769,-115.0631636,ddr;other,,,ziv
Xscape (Cineplex Cinemas at The Centre),"3510-8th Street Saskatoon Saskatchewan, S7H 0W6, Saskatoon",52.1135950,-106.5982173,ddr,,,ziv
Xscape (Cineplex Cinemas Empress Walk),"5095 Yonge St Toronto Ontario, M2N 6Z4, Toronto",43.7687269,-79.4121408,ddr;other,,,ziv
Xscape (Cineplex Cinemas Ottawa),"3090 Carling Avenue Ottawa Ontario, K2B 7K2, Ottawa",45.3532490,-75.8047414,ddr;other,,,ziv
Xscape (Cineplex Cinemas Vaughan),"3555 Highway 7 Vaughan Ontario, L4L 6B1, Vaughan",43.7889392,-79.5428643,ddr;other,,,ziv
Xscape (Cinéma Banque Scotia Montréal),"977 Rue Ste-Catherine O, Montréal, QC Montréal Québec, H3B 4W3, Montréal",45.5011062,-73.5720039,ddr;other,,,ziv
Xscape (Scotiabank Theatre Edmonton),"8770 170 Street Edmonton Alberta, T5T 4M2 , Edmonton",53.5229365,-113.6283598,ddr;other,,,ziv
Yume,"333 Spadina Ave 2nd Floor Toronto Ontario, M5T 2E9, Toronto",43.6547539,-79.3982745,chunithm;ddr;iidx;ongeki;other;project_diva;taiko;wacca,,chunithm:2;ddr:1;iidx:1;ongeki:1;project_diva:1;taiko:1;wacca:2,ziv
Entretenimientos Diana Merced,"Merced 839 Santiago Región Metropolitana, Santiago",-33.4382771,-70.6490706,ddr;iidx;other;pump_it_up,,,ziv
Game City - Mall Excelsior,"Manduvira Chile Asunción Asunción, Asunción",-25.2877392,-57.6387577,ddr;other;taiko,,,ziv
Juegos Diana San Diego,"San Diego 438 Santiago Región Metropolitana, 8330487, Santiago",-33.4511400,-70.6503400,dance_evo;ddr;gitadora;other;pump_it_up;taiko,,,ziv
Portal Friki,"269 Manuel Antonio Matta La Serena Coquimbo, 1710086, La Serena",-29.9003913,-71.2525178,ddr;iidx;jubeat;other;project_diva;pump_it_up;reflec;sdvx;taiko,,ddr:2;iidx:1;jubeat:2;project_diva:1;pump_it_up:3;reflec:1;sdvx:1;taiko:12,ziv
XAMG幻乐坊,钟楼地铁6号线F口出,34.2603289,108.9467382,chunithm;dance_evo;ddr;gitadora;iidx;jubeat;maimai_dx;other;popn;pump_it_up;sdvx;taiko,,chunithm:2;dance_evo:1;ddr:1;gitadora:2;iidx:2;jubeat:1;maimai_dx:3;popn:1;pump_it_up:1;sdvx:2;taiko:1,bemanicn;ziv
和音屋 x -Azisai- 北京店 立直麻将/音游,七里庄路口向北附近（详见群内信息）,39.8530000,116.2950000,chunithm;ddr;gitadora;iidx;maimai_dx;nostalgia;popn;sdvx,,chunithm:1;ddr:1;gitadora:2;iidx:2;maimai_dx:2;nostalgia:1;popn:1;sdvx:1,bemanicn;ziv
宁波工程学院,"147号-191号 Feng Hua Lu Ningbo Zhejiang, 315032, Ningbo",29.9109633,121.6119830,ddr;iidx;maimai_dx;nostalgia;other;pump_it_up;sdvx;taiko,,ddr:1;iidx:2;maimai_dx:1;nostalgia:1;pump_it_up:2;sdvx:1;taiko:1,ziv
汤姆熊欢乐世界 Tom's World (成都王府井科华店),"3rd Floor, Wangfujing Shopping Center (Ke Hua Branch) No. 9 Kehua Middle Road, Wuhou District 武侯区 Chengdu City 成都市 Sichuan Province 四川省, 610041, Chengdu City 成都市",30.6210914,104.0733368,ddr;iidx;jubeat;maimai_dx;other;sdvx;taiko,,ddr:1;iidx:1;jubeat:1;maimai_dx:2;sdvx:1;taiko:1,ziv;wahlap;bemanicn
泛时空 FUNSPACE BEIJING (北京荟聚西红门Livat) ★,"Second Floor, Livat，No. 15, Xinning Street, Daxing District, Bei 大兴区 Beijing Beijing, 102600, Beijing",39.7875739,116.3211018,chunithm;dance_evo;ddr;gitadora;iidx;jubeat;maimai_dx;other;sdvx;taiko,,chunithm:2;dance_evo:1;ddr:1;gitadora:2;iidx:2;jubeat:3;maimai_dx:4;sdvx:1;taiko:2,ziv;bemanicn
湯姆熊新光三越店,三多三路213號14樓,,,ddr;gitadora,,ddr:1;gitadora:2,bemanicn
湯姆熊秀泰生活嘉義店,文化路299號,,,ddr;maimai_dx;taiko,,ddr:1;maimai_dx:2;taiko:1,bemanicn
湯姆熊高雄左營新光三越店,高鐵路115號（彩虹市集2～4F）,,,ddr;maimai_dx;taiko,,ddr:1;maimai_dx:1;taiko:1,bemanicn
烈火游戏机娱乐,"Jiangning Road No. 77-4F 美琪大剧院对面 静安区 (Jing'an District) 上海 (Shanghai), 200041, 静安区 (Jing'an District)",31.2311100,121.4510035,chunithm;ddr;gitadora;groove_coaster;iidx;jubeat;maimai_dx;nostalgia;ongeki;other;sdvx;taiko,,chunithm:1;ddr:1;gitadora:2;groove_coaster:1;iidx:2;jubeat:1;maimai_dx:10;nostalgia:1;ongeki:1;sdvx:4;taiko:2,ziv
Africa Mallplaza Cali,"Cl. 5 #52-210 Cali Valle del Cauca, 760043, Cali",3.4126364,-76.5488073,ddr,,,ziv
Arkadia Game Start,"34-99 Transversal 93 Bucaramanga Santander, 680003, Bucaramanga",7.0996790,-73.1073833,ddr;other;pump_it_up,,,ziv
City Park - Metrópolis,"75a-52 Avenida Carrera 68 Local 252-A Bogotá Bogotá, 111061, Bogotá",4.6799979,-74.0820507,ddr,,,ziv
City Park Buenavista,"Cl. 98 #52-115, Riomar, Barranquilla, Atlántico local: 3-44 Barranquilla 080020, Barranquilla",11.0140847,-74.8281491,ddr,,,ziv
CITY PARK Centro Mayor,"Autopista sur con Calle 38 A Sur Piso 2, local 2-038 Bogotá Cundinamarca, Bogotá",4.5924239,-74.1238546,ddr;gitadora,,,ziv
City park los molinos,"Cl. 30A #28a - 26, Medellín, Belén, Medellín, Antioquia local 4001 medellin 050026, medellin",6.2325361,-75.6039029,ddr,,,ziv
City Park San Silverstre,"Carrera 19 Con Avenida 58 A, Esquina. Barrio Galán - Barrancaber local 399 piso 3 Barrancabrmeja Santander, 687038, Barrancabrmeja",7.0673495,-73.8580585,ddr,,,ziv
"City Park, BuenaVista","Santa Marta Magdalena, Santa Marta",11.2258460,-74.1732717,ddr;other,,,ziv
Diver Plaza,"Calle 72 con Avenida Longitudinal de Occidente Bogotá Cundinamarca, 11001, Bogotá",4.7007284,-74.1154861,ddr;pump_it_up,,,ziv
FoodGamer,"37-90 Calle 8 Sur Bogotá Bogotá, 111631, Bogotá",4.6036353,-74.1124571,ddr;other,,,ziv
GaMe OvEr PaRk,"Carrera 1 36-26 Centro comercial La Estacion Cali Valle del Cauca, 760003, Cali",3.4644243,-76.5133557,ddr;other;pump_it_up,,,ziv
Happy City - El Tesoro,"1a-45 Carrera 25 Medellín Antioquia, 050022, Medellín",6.1978428,-75.5589207,ddr,,,ziv
Happy City - Unicentro,"Calle 11 #34-78 Local 265 Pasto Nariño, 520002, Pasto",1.2166259,-77.2885549,ddr,,,ziv
PaseoGames,"Centro Comercial La Castellana Piso 2 Cartagena Cartagena, Cartagena",10.3935900,-75.4866137,ddr,,,ziv
Play Time,"Autopista Nte. #34-67 Hermosa Provincia Bello, Antioquia, 051050​, Hermosa Provincia",6.4217542,-75.9100342,ddr,,,ziv
Unicentro de Armenia,"Cra 14 No. 6-02 Armenia, Quindío, Colombia Armenia Quindío, Armenia",4.5396799,-75.6660725,ddr,,,ziv
Xtreme Zone - Santafe,"Carrera 43a, Calle 7 Sur Medellín Antioquia, 050022, Medellín",6.1968847,-75.5743273,ddr,,,ziv
Hobos Games Land,"14 Athenon Larnaca Larnaca, Larnaca",34.9145512,33.6373784,ddr;other,,,ziv
Gamecity Praha,"8 Jungmannovo náměstí Praha Hlavní město Praha, 110 00, Praha",50.0836966,14.4232118,ddr,,,ziv
Baboon City,"Åkirkebyvej 10 Herning Jylland, 7400, Herning",56.1533426,8.9772255,crossbeats;ddr;gitadora;groove_coaster;other;taiko,,,ziv
Arcade,"Place Morny Deauville Normandie, 14800, Deauville",49.3614137,0.0782869,ddr,,,ziv
Bowling City,"824 Avenue du Lys Dammarie-les-Lys Île-de-France, 77190, Dammarie-les-Lys",48.5185039,2.6244378,ddr,,,ziv
Bowling des 3 seines,"15 rue des bas Trévois - Boulevard Jules guesdes Troyes Champagne Ardenne, 10 000, Troyes",48.2926840,4.0822200,ddr,,,ziv
CGR Lanester,"9001 Rue Gustave Zédé Lanester Bretagne, 56600, Lanester",47.7755782,-3.3552004,ddr,,,ziv
CGR Montauban,"245 Avenue André Jorigne Montauban Occitanie, 82000, Montauban",44.0383986,1.3860753,ddr,,,ziv
Cinéma CGR Buxerolles,"Rue des Frères Lumière Buxerolles Nouvelle-Aquitaine, 86180, Buxerolles",46.6100246,0.3677952,ddr,,,ziv
Cinéma Kinepolis,"ZA du Grand But, 1 Rue du Chateau d'Isenghien Lomme Lomme Nord, 59160, Lomme",50.6512430,2.9813930,ddr,,,ziv
City Bowling d'Oz,"1 Rue de la Ferme du Presbytère Ozoir-la-Ferrière Île-de-France, 77330, Ozoir-la-Ferrière",48.7622084,2.6636087,ddr,,,ziv
"Cyber Avenue, Futuroscope","Avenue du Futuroscope Chasseneuil-du-Poitou Poitou-Charentes, 86360, Chasseneuil-du-Poitou",46.6689478,0.3691953,ddr,,,ziv
Envie De Japon,"1 Rue de Strasbourg Nantes Pays de la Loire, 44000, Nantes",47.2152861,-1.5506870,ddr;jubeat;other;popn;sdvx;taiko,,,ziv
Euro Park,"1 Route de Portiragnes Vias Languedoc-Roussillon, 34450, Vias",43.3089609,3.3947451,ddr,,,ziv
FirstBowl,"12 Rue Barthélemy Thimonnier 01000 Bourg-en-Bresse Rhône-Alpes, Bourg-en-Bresse",46.2181513,5.2238287,ddr,,,ziv
Funland,"117 Boulevard des Vendéens La Tranche-sur-Mer Pays de la Loire, 85360, La Tranche-sur-Mer",46.3486610,-1.4054951,ddr,,,ziv
Games Center,"57 Rue Léon Blum Rosny-sous-Bois Île-de-France, 93110, Rosny-sous-Bois",48.8850741,2.4764053,ddr;other,,,ziv
Games Centers,"Centre commercial Westfield Velizy 2 Avenue de l'Europe Vélizy-Villacoublay Île-de-France, 78140, Vélizy-Villacoublay",48.7800479,2.2195817,ddr,,,ziv
Hall U Need,"169 Rue Sadi Carnot Saint-André-lez-Lille Hauts-de-France, 59350, Saint-André-lez-Lille",50.6641553,3.0569689,ddr,,,ziv
Hyper Nova Lyon Part Dieu,"5 place Charles Beraudier 1er etage Galerie Beraudier Lyon 69003, Lyon",45.7597389,4.8597068,ddr,,,ziv
Jeux 73,"67 Avenue de la Boisse Chambéry Auvergne-Rhône-Alpes, 73000, Chambéry",45.5716195,5.9188608,ddr,,,ziv
La Galerie Bowling Billard Bar,"9 Place Hoche Quiberon Bretagne, 56170, Quiberon",47.4800500,-3.1218290,ddr,,,ziv
La Tête Dans Les Nuages,"5 Boulevard des Italiens Paris Ile-De-France, 75002, Paris",48.8717747,2.3390349,ddr;gitadora;other,,,ziv
La Tête Dans Les Nuages Aéroville,"30 Rue des Buissons Roissy-en-France Île-de-France, 95700, Roissy-en-France",48.9931240,2.5199060,ddr;other,,,ziv
La Tête dans les Nuages Les 4 Temps - La Défense,"15 Parv. de la Défense Centre commercial Les 4 Temps Puteaux 92092, Puteaux",48.8904586,2.2376249,ddr,,,ziv
La tête dans les nuages Lyon Part-Dieu,"17 Rue Dr Bouchut, 69003 Lyon 3 ème étage Lyon Auvergne-Rhône-Alpes, 69003, Lyon",45.7620610,4.8559301,ddr,,,ziv
La Tête dans les Nuages Nice Cap 3000,"217 Avenue Eugène Donadeï Saint-Laurent-du-Var Provence-Alpes-Côte d'Azur, 06700, Saint-Laurent-du-Var",43.6575712,7.1968949,ddr;other,,,ziv
Le Palace,"ZAC des Plaines de Figuerolles Martigues PACA, 13500, Martigues",43.4301008,5.0500448,ddr,,,ziv
Luna Park,"D1098 Fréjus PACA, 83600, Fréjus",43.3993007,6.7299234,ddr,,,ziv
LunaPark Burger,"29 Avenue Miln Carnac Bretagne, 56340, Carnac",47.5730162,-3.0755704,ddr;other,,,ziv
Magic World,"1255, Route des Marais Hyères PACA, 83400, Hyères",43.0811886,6.1369587,ddr;other,,,ziv
Pathé Brumath,"6, rue des Frères Lumières - ZI Brumath - 67170 Brumath Brumath Alsace, Brumath",48.7440724,7.6926439,ddr,,,ziv
Planet Bowling,"Lomme Nord, Lomme",50.6530794,2.9754388,ddr;pump_it_up,,,ziv
Reload Gaming Bar - Castres,"33 Place Pierre Fabre Castres Occitanie, 81100, Castres",43.6097725,2.2371957,ddr,,,ziv
"Samy's Diner,","Avenue des Marranes Le Sequestre Occitanie, 81990, Le Sequestre",43.9148390,2.1091544,ddr,,,ziv
Satellium Valenciennes,"Valenciennes Hauts-de-France, 59300, Valenciennes",50.3413289,3.5171888,ddr,,,ziv
Electric Carnival Stuttgart,"Mailänder Platz 7 Stuttgart Baden-Württemberg, 70173, Stuttgart",48.7906656,9.1845054,ddr;other,,,ziv
Electric Social,"Grunerstrasse 13 Berlin 10319, Berlin",52.5196908,13.4126516,ddr;groove_coaster;other;taiko,,,ziv
Gamestate Berlin,"7 Alte Potsdamer Straße Berlin Berlin, 10785, Berlin",52.5081210,13.3741915,ddr;other;pump_it_up,,,ziv
HI-SCORE,"Anna-Zammert-Str. 28 Hannover Niedersachsen, 30171, Hannover",52.3642896,9.7637075,chunithm;ddr;drs;groove_coaster;iidx;jubeat;nostalgia;ongeki;other;popn;project_diva;pump_it_up;reflec;sdvx;stepmaniax;taiko;wacca,,chunithm:1;ddr:1;drs:1;groove_coaster:1;iidx:1;jubeat:1;nostalgia:1;ongeki:1;popn:1;project_diva:1;pump_it_up:1;reflec:1;sdvx:1;stepmaniax:1;taiko:1;wacca:4,ziv
Insert Coins e.V.,"Bahnhofstraße 79 Herne Nordrhein-Westfalen, 44623, Herne",51.5336030,7.1575212,ddr;other,,,ziv
Lasergame Berlin Schöneweide,"Wilhelminenhofstraße 89 Gebäude 3 Berlin Berlin, 12459, Berlin",52.4620567,13.5124084,ddr;other;taiko,,,ziv
LVL World Of Gaming,"Schützenstraße 73 Berlin 10117, Berlin",52.5087479,13.3907408,ddr,,,ziv
TaKeTV Gaming Bar,"95-97 Alte Linner Straße Krefeld Nordrhein-Westfalen, 47799, Krefeld",51.3316373,6.5703213,ddr;other,,,ziv
"""Lobby Best Cocktails""","Leof. Kallitheas Faliraki 851 00 Greece Λεωφ. Καλλιθέας, Φαληράκι 851 00 Faliraki 851 00, Faliraki",36.3419138,28.2001164,ddr;other,,,ziv
VILLAGE 20 CINEMAS @ ΡΕΝΤΗ,"228 Thivon Agios Ioannis Rentis Bretagne, 182 33, Agios Ioannis Rentis",37.9747856,23.6677265,ddr;other,,,ziv
Village 5 Cinemas @ Athens Metro Mall,"Parodos Leoforou Vouliagmenis 276 Agios Dimitrios Attika, 173 43, Agios Dimitrios",37.9394296,23.7400550,ddr;other,,,ziv
GOLDEN ERA GAME CENTRE,"2/F, GOLDEN ERA PLAZA, 39SAI YEE STREET, MONGKOK, KOWLOON",22.3183610,114.1717300,chunithm;ddr;groove_coaster;iidx;jubeat;maimai_dx;other;popn;sdvx;taiko;wacca,,chunithm:5;ddr:1;groove_coaster:1;iidx:1;jubeat:4;maimai_dx:6;popn:1;sdvx:1;taiko:2;wacca:1,allnet;bemanicn;ziv
23Paskal (Game Master),"Jl. Pasirkaliki Bandung Jawa Barat, 40172, Bandung",-6.9149135,107.5952679,ddr;gitadora;other;pump_it_up;sdvx,,,ziv
Amazing Carribean - Kota Kasablanka,"Jalan Kasablanka Raya Kav. 88 Jakarta Jakarta, 12870, Jakarta",-6.2243770,106.8427438,ddr;other;pump_it_up;sdvx,,,ziv
Amazone - Carrefour MT Haryono,"Komp. Lakespra TNI AU Saryanto Jl. Letjend. MT. Haryono Jakarta Jakarta, 12770, Jakarta",-6.5118147,106.4300537,ddr;other,,,ziv
Amazone - Cilandak Mall,"Jakarta Jakarta, Jakarta",-6.3019637,106.8140544,ddr,,,ziv
Amazone - Lotte Shopping Avenue,"3-5 Jalan Professor Doktor Satrio Jakarta Selatan Daerah Khusus Ibukota Jakarta, 12940, Jakarta Selatan",-6.2239157,106.8229249,dance_evo;ddr;gitadora;groove_coaster;iidx;other;pump_it_up;sdvx,,dance_evo:1;ddr:1;gitadora:2;groove_coaster:2;iidx:1;pump_it_up:1;sdvx:1,ziv
Amazone - Mall Artha Gading,"1 Jalan Artha Gading Selatan Jakarta Daerah Khusus Ibukota Jakarta, 14240, Jakarta",-6.1458217,106.8925416,ddr;drs;iidx;other;pump_it_up;sdvx,,,ziv
Amazone Cibubur Plaza,"6 Jalan Cibubur-Cilengsi Jawa Barat, 17435",-6.3762117,106.9153652,ddr;other;popn;pump_it_up,,,ziv
Amazone Dream Island - Mall Balekota Tangerang,"Jalan Jend Sudirman Banten, 15119",-6.1793364,106.6430784,ddr;gitadora;other;pump_it_up,,,ziv
Amazone Jatinangor Town Square,"Jatinangor West Java (Jawa Barat), Jatinangor",-6.9345172,107.7714881,ddr;gitadora;other;pump_it_up,,,ziv
Amazone Pluit Village Mall,"23 Jalan Pluit Karang Karya Timur 1st Floor DKI Jakarta Pluit, Jakarta Utara, 14450, DKI Jakarta",-6.1161475,106.7880106,ddr;other;sdvx,,,ziv
Balaraja Plaza,"Balaraja Banten, Balaraja",-6.1980376,106.4582062,ddr,,,ziv
Cihampelas Walk / CiWalk (Game Master),"Jl. Cihampelas 160 Bandung Bandung West Java (Jawa Barat), Bandung",-6.8952197,107.6044214,ddr;drs;groove_coaster;other;pump_it_up;sdvx,,ddr:1;drs:1;groove_coaster:2;pump_it_up:1;sdvx:1,ziv
COW PLAY COW MOO CARSTENSZ MALL,Jalan jend sudirman no1. Cihuni. Kec pagedangan,-6.2697615,106.6304198,chunithm;ddr;drs;gitadora;iidx;maimai_dx;nostalgia;other;pump_it_up;sdvx,,chunithm:4;ddr:1;drs:1;gitadora:2;iidx:1;maimai_dx:4;nostalgia:2;pump_it_up:2;sdvx:2,allnet;ziv
Cow Play Cow Moo Mall of Indonesia,"2nd Floor Jl. Boulevard Bar. Raya No.12 Jakarta Utara 14240, Jakarta Utara",-6.1513526,106.8929172,chunithm;ddr;drs;gitadora;iidx;maimai_dx;other;pump_it_up;sdvx,,chunithm:4;ddr:1;drs:1;gitadora:2;iidx:1;maimai_dx:2;pump_it_up:1;sdvx:1,ziv
Cow Play Cow Moo PIK2,"Entertainment District PIK 2, Blok A6, Jl. Rasuna Said Pantai In Tanggerang Banten, 15214, Tanggerang",-6.0462851,106.7053288,chunithm;ddr;drs;gitadora;iidx;maimai_dx;nostalgia;pump_it_up;sdvx,,chunithm:4;ddr:1;drs:1;gitadora:3;iidx:1;maimai_dx:3;nostalgia:1;pump_it_up:2;sdvx:1,ziv
Cow Play Cow Moo Pluit Village Mall,"23 Jalan Pluit Karang Karya Timur 2nd Floor DKI Jakarta Jakarta Utara, 14450, DKI Jakarta",-6.1163928,106.7881072,chunithm;ddr;drs;gitadora;iidx;maimai_dx;nostalgia;pump_it_up;sdvx,,chunithm:3;ddr:1;drs:1;gitadora:3;iidx:1;maimai_dx:3;nostalgia:2;pump_it_up:2;sdvx:1,ziv
Cow Play Cow Moo ÉLYSÉE SCBD,"Jl. SCBD No. Kav 52-53, Lantai 3A, Jakarta Selatan, 12190,, Jakarta Selatan,",-6.2260035,106.8131916,chunithm;ddr;drs;iidx;maimai_dx;other;pump_it_up;sdvx,,chunithm:3;ddr:1;drs:1;iidx:1;maimai_dx:3;pump_it_up:1;sdvx:1,ziv
EMI - Gajah Mada Plaza,"Jakarta Jakarta, Jakarta",-6.1608809,106.8186200,ddr;gitadora;other,,,ziv
EMI - Seasons City,"Jakarta Jakarta, Jakarta",-6.1538780,106.7963040,ddr,,,ziv
Festival Citylink (Game Master),"JL. Peta No 241 Bandung West Java, Bandung",-6.9296992,107.5859571,ddr;groove_coaster;other;pump_it_up;sdvx,,ddr:1;groove_coaster:2;pump_it_up:2;sdvx:1,ziv
Fun World - Cinere Mall,"Depok West Java (Jawa Barat), Depok",-6.3243149,106.7841347,ddr,,,ziv
Fun World - Tamini Square,Daerah Khusus Ibukota Jakarta,-6.2907010,106.8816338,ddr;pump_it_up,,,ziv
Fun World-Metropolitan Mall,"Bekasi West Java (Jawa Barat), Bekasi",-6.2438040,106.9932750,ddr;gitadora;pump_it_up,,,ziv
Funworld - D Mall,"Depok West Java (Jawa Barat), Depok",-6.3870338,106.8268597,ddr;other;pump_it_up,,,ziv
Game Master - Plaza Semanggi,"Jakarta Jakarta, Jakarta",-6.2197641,106.8143392,ddr;gitadora;other;pump_it_up,,,ziv
Grage Mall Cirebon (Timezone),"Cirebon West Java (Jawa Barat), Cirebon",-6.7135554,108.5528962,ddr;other,,,ziv
Timezone - Plaza Kramat Jati Indah,"Jl. Raya Bogor Km. 19, Jakarta Timur Jakarta Jakarta, Jakarta",-6.3218780,106.8616330,ddr;gitadora;other,,,ziv
Barcadia,"3 Sheares Street Centre Cork County Cork, T12 XW4C, Cork",51.8981860,-8.4808067,ddr;other,,,ziv
Bray Bowl,"Quinsborough Rd Bray Wicklow, A98 E6X4, Bray",53.2054896,-6.1007340,ddr;other;stepmaniax,,,ziv
Bundoran Glowbowl & Macks Amusements,"Bundoran Donegal, Bundoran",54.4791416,-8.2779341,ddr,,,ziv
Elevate Athlone,"ATHLONE SHOPPING CENTRE SEAN COSTELLO STREET ATHLONE WESTMEATH, N37 P8P5, ATHLONE",53.1797039,-7.0202637,ddr,,,ziv
Funworld,"Ennis Road Limerick Limerick County Limerick, R857, Limerick",52.6705792,-8.6580205,ddr,,,ziv
K-Bowl Kilkenny,"McDonagh Junction Shopping Centre Kilkenny County Kilkenny, Kilkenny",52.6550060,-7.2456556,ddr;other,,,ziv
Level Up Arcade Bar,"109 O'Connell St, Prior's-Land Limerick County Limerick, V94 V3HH, Limerick",52.6533871,-8.6465371,ddr;groove_coaster;other;taiko;wacca,,,ziv
Pavilion Amusements Ballybunion,"Lartigue Drive Dromin Ballybunnion County Kerry, V31 F430, Ballybunnion",52.5113169,-9.6723114,ddr;other,,,ziv
Planet Entertainment Centre Athlone,"Diskin Centre Grace Rd. Athlone Co. Westmeath, N37 R7Y4, Athlone",53.4284643,-7.9515803,ddr,,,ziv
Planet Entertainment Centre Cork,"Old Mallow Rd Blackpool, Cork,, T23 NR4R, Blackpool,",51.9209725,-8.4794819,ddr;other,,,ziv
Planet Entertainment Centre Ennis,"Showgrounds Rd Clonroad Beg Ennis Co. Clare, V95 Y283, Ennis",52.8406504,-8.9929694,ddr,,,ziv
Planet Entertainment Centre Galway,"Planet Entertainment Centre, Galway Shopping Centre Headford Road Galway Galway, H91 NH1X, Galway",53.2797868,-9.0488881,ddr,,,ziv
Seapoint Leasure,"Salthill Galway Co. Galway, H91R7F7, Galway",53.2595889,-9.0756911,ddr,,,ziv
TOKEN,"Custom House Square, Unit 4 Mayor Street Lower, North Wall, Dublin Dublin 1, D01 DE47, Dublin",53.3537789,-6.2370157,ddr;other,,ddr:4,ziv
Bowling & Sala Giochi,"81 Via Ugo la Malfa Palermo Sicilia, 90146, Palermo",38.1598245,13.3164182,ddr;other,,,ziv
Bowling Di Caravaggio,"18 Via Calvenzano Caravaggio Lombardia, 24043, Caravaggio",45.4962497,9.6321666,ddr;other,,,ziv
Centro Commerciale Latina Fiori,"Viale M. L. Pietrosanti Latina Lazio, 04100, Latina",41.4653317,12.8907831,ddr;other,,,ziv
Globo Gioco,"Via Enrico Berlinguer, 48 Inside of Shopping Mall Globo Cornate D'adda Busnago, 20872, Cornate D'adda",45.6225696,9.4751501,ddr,,,ziv
LOG Lot Of Games,"Via Triboniano Milano Lombardia, 20156, Milano",45.5142751,9.1038840,ddr;other,,,ziv
Messico e Nuvole,"Viale Regina Elena 209 Rimini Emilia Romagna, 47924, Rimini",44.0495944,12.5999022,ddr;other,,,ziv
New Park,"Via Paolo Mantovani Genova Liguria, 16149, Genova",44.4134284,8.8796038,ddr;other,,,ziv
Sala Giochi Gaming Pontedera,"Via Tosco-Romagnola Pontedera Toscana, 56025, Pontedera",43.6673943,10.6484127,ddr,,,ziv
Sala Giochi Top Ten,"23 Lungomare Nazario Sauro Pesaro Marche, 61121, Pesaro",43.9121175,12.9214009,ddr;other,,,ziv
Sonic Bowling,"Via Don Carlo d'Orello Latina Lazio, 04100, Latina",41.4594544,12.9228194,ddr,,,ziv
Ace lane Katata,"日本、〒520-0241 滋賀県大津市今堅田２丁目４０−１０ Katata Shiga, 520-0241, Katata",35.1243489,135.9193756,chunithm;ddr;gitadora;jubeat;maimai_dx;ongeki;popn;taiko,,chunithm:1;ddr:1;gitadora:2;jubeat:2;maimai_dx:1;ongeki:1;popn:1;taiko:1,ziv
AMパークイオンモール奈良登美ヶ丘店,奈良県生駒市鹿畑町３０２７イオンモール専門店街３階,34.7260080,135.7505666,chunithm;ddr;iidx;maimai_dx;other;sdvx,sdvx_vm,,allnet;eagate;ziv
Comtech Square (コムテックスクエア),"1-16-8, Kanayama, Naka-ku Nagoya Aichi, 460-0022, Nagoya",35.1400000,136.9000000,chunithm;ddr;gitadora;iidx;jubeat;maimai_dx;nostalgia;ongeki;other;polaris_chord;popn;project_diva;reflec;sdvx;taiko,,chunithm:3;ddr:2;gitadora:4;iidx:4;jubeat:2;maimai_dx:2;nostalgia:2;ongeki:3;polaris_chord:2;popn:2;project_diva:1;reflec:1;sdvx:3;taiko:2,ziv
Ibusuki Iwasaki Hotel Jungle Jungle (指宿いわさきホテル ジャングルジャングル),"3805-1, Junicho Ibusuki Kagoshima, 891-0403, Ibusuki",31.2243303,130.6547865,ddr;gitadora;other,,,ziv
M's PARK刈谷店,愛知県刈谷市稲場町３−２０６,35.0054807,137.0014037,chunithm;ddr;gitadora;iidx;jubeat;maimai_dx;ongeki;other;popn;sdvx;taiko,ddr_gold;iidx_lm;popn_pikapika;sdvx_vm,chunithm:4;ddr:1;gitadora:2;iidx:1;jubeat:2;maimai_dx:1;ongeki:1;popn:1;sdvx:1;taiko:1,allnet;eagate;ziv
M's PARK豊田店,愛知県豊田市寿町３−２１、２２,35.0566411,137.1400157,chunithm;ddr;gitadora;iidx;jubeat;maimai_dx;nostalgia;ongeki;other;popn;project_diva;reflec;sdvx,ddr_gold;iidx_lm;popn_pikapika;sdvx_vm,,allnet;eagate;ziv
Molly Fantasy f Aratamabashi (モーリーファンタジーf 新瑞橋店),"1-7-10, Kikusumi, Minami-ku AEON MALL Aratamabashi (イオンモール新瑞橋) 3F Nagoya Aichi, 457-0012, Nagoya",35.1148291,136.9357160,chunithm;ddr;gitadora;maimai_dx;ongeki;other;polaris_chord;taiko,,chunithm:2;ddr:1;gitadora:2;maimai_dx:2;ongeki:1;polaris_chord:1;taiko:3,ziv
ROUND1 Stadium Handa (ラウンドワンスタジアム半田店),"6-7-8, Mizuho-cho Handa Aichi, 475-0828, Handa",34.8853884,136.9417513,chunithm;dance_around;ddr;drs;gitadora;iidx;maimai_dx;ongeki;other;polaris_chord;popn;sdvx;taiko;wacca,,chunithm:2;dance_around:1;ddr:1;drs:1;gitadora:2;iidx:1;maimai_dx:2;ongeki:2;polaris_chord:2;popn:1;sdvx:2;taiko:1;wacca:1,ziv
あそＶＩＶＡ阪急茨木店,大阪府茨木市永代町６−２スポーツプラザ茨木２Ｆ,34.8179736,135.5763883,chunithm;ddr;gitadora;iidx;maimai_dx;nostalgia;ongeki;polaris_chord;popn;sdvx,ddr_gold;iidx_lm;popn_pikapika;sdvx_vm,,allnet;eagate
えの木　高松店,香川県高松市藤塚町３丁目３−３,34.3358800,134.0537325,chunithm;ddr;gitadora;iidx;jubeat;maimai_dx;ongeki;other;popn;project_diva;sdvx,ddr_gold;gitadora_dm_arena;gitadora_gf_arena;iidx_lm;popn_pikapika;sdvx_vm,,allnet;eagate;ziv
アップルグランリバー大井川店,静岡県焼津市下江留１３２７,34.8097010,138.2733246,chunithm;ddr;gitadora;iidx;maimai_dx;nostalgia;ongeki;polaris_chord;popn;project_diva;sdvx,ddr_gold;gitadora_dm_arena;gitadora_gf_arena;iidx_lm;popn_pikapika;sdvx_vm,,allnet;eagate
アップル新北街道店,静岡県静岡市葵区沓谷5-13-4,34.9982997,138.4134498,chunithm;ddr;gitadora;iidx;maimai_dx;ongeki;other;popn;project_diva;sdvx,ddr_gold;gitadora_dm_arena;iidx_lm;sdvx_vm,,allnet;eagate;ziv
アピナ伊那店,長野県伊那市大字西町５０９３,35.8328702,137.9499861,chunithm;ddr;gitadora;iidx;jubeat;maimai_dx;nostalgia;ongeki;other;polaris_chord;project_diva,iidx_lm,,allnet;eagate;ziv
アピナ太田店,群馬県太田市内ケ島町９０７−１,36.2829707,139.3984248,chunithm;ddr;gitadora;iidx;jubeat;maimai_dx;nostalgia;ongeki;other;polaris_chord;popn;project_diva;reflec;sdvx,iidx_lm;popn_pikapika;sdvx_vm,,allnet;eagate;ziv
アピナ富山豊田店,富山県富山市豊田町２丁目１２−６６,36.7210181,137.2355046,chunithm;ddr;drs;gitadora;iidx;jubeat;maimai_dx;nostalgia;ongeki;other;polaris_chord;popn;project_diva;reflec;sdvx,ddr_gold;gitadora_dm_arena;gitadora_gf_arena;iidx_lm;popn_pikapika;sdvx_vm,,allnet;eagate;ziv
アピナ富谷店,宮城県富谷市大清水１丁目３３‐１　１０９シネマズ富谷１階,38.3648779,140.8752317,chunithm;ddr;gitadora;maimai_dx;ongeki;other;polaris_chord;popn;sdvx,ddr_gold;sdvx_vm,,allnet;eagate;ziv
アピナ松本店,長野県松本市双葉１９−１０,36.2105026,137.9615503,chunithm;dance_evo;ddr;drs;gitadora;iidx;jubeat;maimai_dx;nostalgia;ongeki;other;polaris_chord;popn;project_diva;reflec;sdvx,ddr_gold;gitadora_dm_arena;gitadora_gf_arena;iidx_lm;popn_pikapika;sdvx_vm,,allnet;eagate;ziv
アピナ荻窪店,東京都杉並区上荻１−１３−１０ハクサンビル,35.7050135,139.6181738,chunithm;ddr;iidx;maimai_dx;ongeki;other;polaris_chord;popn;sdvx,ddr_gold;iidx_lm;popn_pikapika;sdvx_vm,,allnet;eagate;ziv
アピナ長岡店,新潟県長岡市堺東町２２,37.4579741,138.8131975,chunithm;ddr;drs;gitadora;iidx;jubeat;maimai_dx;nostalgia;ongeki;other;polaris_chord;popn;project_diva;sdvx,gitadora_dm_arena;gitadora_gf_arena;iidx_lm;popn_pikapika;sdvx_vm,,allnet;eagate;ziv
アポロゲームセンター沖洲店,徳島県徳島市南沖洲１−９３,34.0671378,134.5828205,chunithm;ddr;gitadora;iidx;maimai_dx;nostalgia;other,iidx_lm,,allnet;eagate;ziv
アミパラがいな店,鳥取県米子市日ノ出町１−８−１３,35.4377737,133.3391965,chunithm;ddr;gitadora;iidx;maimai_dx;ongeki;other;polaris_chord;popn;sdvx,gitadora_dm_arena;gitadora_gf_arena;iidx_lm;popn_pikapika;sdvx_vm,,allnet;eagate;ziv
アミパラここじゃ店,広島県東広島市西条町下見６−１０−１９,34.4075855,132.7155369,chunithm;ddr;gitadora;iidx;maimai_dx;ongeki;other;polaris_chord;popn;sdvx,ddr_gold;gitadora_dm_arena;gitadora_gf_arena;iidx_lm;popn_pikapika;sdvx_vm,,allnet;eagate;ziv
アミパラテクノランド店,岡山県岡山市北区大和町１−７−１２,34.6791764,133.9274976,chunithm;ddr;drs;gitadora;iidx;maimai_dx;ongeki;other;polaris_chord;popn;sdvx;taiko,gitadora_dm_arena;gitadora_gf_arena;iidx_lm;popn_pikapika;sdvx_vm,chunithm:3;ddr:1;drs:1;gitadora:2;iidx:2;maimai_dx:3;ongeki:3;polaris_chord:1;popn:1;sdvx:2;taiko:2,allnet;eagate;ziv
アミパラ下関駅南店,山口県下関市東大和町１丁目３ー１５,33.9453095,130.9205149,chunithm;ddr;gitadora;iidx;maimai_dx;ongeki;polaris_chord;popn;sdvx,gitadora_dm_arena;gitadora_gf_arena;iidx_lm;popn_pikapika;sdvx_vm,,allnet;eagate
アミパラ丸亀店,香川県丸亀市飯野町西分字川縁甲５８４−１　ハローズ棟内,34.2848078,133.8210303,chunithm;ddr;gitadora;iidx;maimai_dx;ongeki;other;sdvx,sdvx_vm,,allnet;eagate;ziv
アミパラ佐世保店,長崎県佐世保市大塔町１８−１５,33.1500003,129.7803082,chunithm;ddr;drs;gitadora;iidx;jubeat;maimai_dx;ongeki;other;polaris_chord;popn;sdvx,iidx_lm;sdvx_vm,,allnet;eagate;ziv
アミパラ倉敷店,岡山県倉敷市西中新田624-1アミパラボウル1F,34.5835441,133.7713238,chunithm;ddr;gitadora;iidx;maimai_dx;ongeki;other;polaris_chord;popn;sdvx,ddr_gold;gitadora_dm_arena;gitadora_gf_arena;iidx_lm;popn_pikapika;sdvx_vm,,allnet;eagate;ziv
アミパラ大東店,大阪府大東市南新田２丁目３番５号,34.7011363,135.6385970,chunithm;ddr;gitadora;iidx;maimai_dx;ongeki;polaris_chord,ddr_gold;iidx_lm,,allnet;eagate
アミパラ岡山店,岡山県岡山市北区青江１丁目１３ー８,34.6362117,133.9199885,chunithm;ddr;gitadora;iidx;jubeat;maimai_dx;ongeki;other;popn;project_diva;sdvx,gitadora_dm_arena;gitadora_gf_arena;iidx_lm;popn_pikapika;sdvx_vm,,allnet;eagate;ziv
アミパラ橿原店,奈良県橿原市十市町1222-1ツインゲート橿原１F,34.5294150,135.7968476,chunithm;ddr;gitadora;iidx;maimai_dx;ongeki;other;polaris_chord;popn;sdvx,gitadora_dm_arena;gitadora_gf_arena;iidx_lm;popn_pikapika;sdvx_vm,,allnet;eagate;ziv
アミパラ高知店,高知県南国市篠原１９４−１,33.5679737,133.6344573,chunithm;ddr;gitadora;iidx;maimai_dx;ongeki;other;polaris_chord;project_diva;sdvx,ddr_gold;iidx_lm;sdvx_vm,,allnet;eagate;ziv
アミューズビバ,茨城県ひたちなか市東大島２−１１−１１,36.4063750,140.5318511,chunithm;ddr;gitadora;iidx;jubeat;maimai_dx;nostalgia;ongeki;polaris_chord;popn;project_diva;sdvx,ddr_gold;iidx_lm;popn_pikapika;sdvx_vm,,allnet;eagate
アミューズメントエース津田沼,千葉県船橋市前原西２−１５−１ファシービル,35.6922777,140.0201815,chunithm;ddr;gitadora;iidx;jubeat;maimai_dx;nostalgia;ongeki;other;polaris_chord;popn;sdvx,ddr_gold;gitadora_dm_arena;gitadora_gf_arena;iidx_lm;popn_pikapika;sdvx_vm,,allnet;eagate;ziv
アミューズメントスペースコミ丸四日市店,三重県四日市市鵜の森1-3-19,34.9664199,136.6164714,chunithm;ddr;gitadora;iidx;maimai_dx;nostalgia;ongeki;popn;sdvx,ddr_gold;gitadora_dm_arena;iidx_lm;popn_pikapika;sdvx_vm,,allnet;eagate
アミューズメントパレスワンダーヴュー阿見店,稲敷郡阿見町大字阿見2958ショッピングセンターマイ･アミ2F,36.0422309,140.2100215,ddr;gitadora;iidx;maimai_dx;nostalgia;ongeki;popn;sdvx,iidx_lm;sdvx_vm,ddr:2;iidx:3;maimai_dx:1;nostalgia:1;ongeki:1;popn:1,eagate;ziv
アミューズメントパークＭＧキスケ,愛媛県松山市宮田町４　キスケボックス内１階,33.8413598,132.7528735,chunithm;ddr;gitadora;iidx;jubeat;maimai_dx;nostalgia;ongeki;other;polaris_chord;popn;project_diva;sdvx,ddr_gold;gitadora_dm_arena;gitadora_gf_arena;iidx_lm;sdvx_vm,,allnet;eagate;ziv
アミューズメントパークＭＧ東予,愛媛県西条市周布７１５−１　フジ東予店　別棟,33.9204600,133.0775400,chunithm;ddr;gitadora;nostalgia;ongeki;polaris_chord;popn;project_diva,,,allnet;eagate
アミューズメントＣＵＥ京都円町店,京都府京都市中京区西ノ京西円町４０,35.0188326,135.7311504,chunithm;ddr;gitadora;iidx;jubeat;maimai_dx;nostalgia;ongeki;popn;reflec;sdvx;taiko,gitadora_dm_arena;gitadora_gf_arena;iidx_lm;sdvx_vm,chunithm:4;ddr:1;gitadora:2;iidx:2;jubeat:1;maimai_dx:2;nostalgia:1;ongeki:2;popn:1;reflec:1;sdvx:1;taiko:3,allnet;eagate;ziv
アミューズメントＣＵＥ奈良三条店,奈良県奈良市三条町478-1,34.6817818,135.8221376,chunithm;ddr;drs;gitadora;iidx;jubeat;maimai_dx;ongeki;other;popn;project_diva;sdvx;taiko;wacca,gitadora_dm_arena;gitadora_gf_arena;iidx_lm;sdvx_vm,chunithm:2;ddr:1;drs:1;gitadora:2;iidx:2;jubeat:2;maimai_dx:2;ongeki:4;popn:2;project_diva:1;sdvx:2;taiko:1;wacca:1,allnet;eagate;ziv
アミューズメントＣＵＥ奈良大和高田店,奈良県大和高田市東中２−１１−１６,34.4997760,135.7355951,chunithm;ddr;gitadora;iidx;jubeat;maimai_dx;ongeki;other;popn;sdvx,gitadora_dm_arena;gitadora_gf_arena;iidx_lm;sdvx_vm,,allnet;eagate;ziv
アミューズランドモナコ川越店,埼玉県川越市新富町2-4-1,35.9132940,139.4831383,chunithm;ddr;gitadora;iidx;jubeat;maimai_dx;ongeki;other;polaris_chord;popn;project_diva;reflec;sdvx;taiko,iidx_lm;popn_pikapika;sdvx_vm,ddr:2;gitadora:5;iidx:3;jubeat:7;popn:2;project_diva:3;reflec:6;sdvx:6;taiko:2,allnet;eagate;ziv
アルゴ,神戸市中央区下山手通1-1-8,34.6939218,135.1914556,ddr;gitadora;iidx;nostalgia;polaris_chord;popn;sdvx,ddr_gold;gitadora_dm_arena;gitadora_gf_arena;iidx_lm;popn_pikapika;sdvx_vm,,eagate
イミグランデ大和店,神奈川県大和市鶴間2-12-27,35.4914957,139.4548227,chunithm;ddr;gitadora;iidx;jubeat;popn;sdvx,gitadora_dm_arena;gitadora_gf_arena;iidx_lm;sdvx_vm,,allnet;eagate
イミグランデ日吉店３,神奈川県横浜市港北区日吉2−2−4,35.5544916,139.6466110,chunithm;ddr;gitadora;iidx;jubeat;maimai_dx;ongeki;popn;sdvx,ddr_gold;gitadora_dm_arena;gitadora_gf_arena;iidx_lm;popn_pikapika;sdvx_vm,,allnet;eagate
イミグランデ本厚木店,神奈川県厚木市中町３−２−１,35.4394850,139.3615862,chunithm;ddr;gitadora;iidx;jubeat;ongeki;popn;project_diva;sdvx,iidx_lm;sdvx_vm,,allnet;eagate
インターパークプラスワン 宇都宮店,宇都宮市インターパーク6-5-1,36.4882211,139.9053211,ddr;drs;gitadora;iidx;jubeat;nostalgia;polaris_chord;popn;sdvx,ddr_gold;gitadora_dm_arena;gitadora_gf_arena;iidx_lm;popn_pikapika;sdvx_vm,,eagate
ウェアハウス入谷店,東京都足立区入谷７ー８ー１１,35.8011192,139.7610034,chunithm;ddr;gitadora;iidx;jubeat;maimai_dx;nostalgia;ongeki;popn;reflec;sdvx,iidx_lm;sdvx_vm,,allnet;eagate
ウェアハウス草加店別館,埼玉県草加市稲荷２ー３６ー３３,35.8298831,139.8205853,chunithm;ddr;drs;gitadora;iidx;jubeat;maimai_dx;ongeki;project_diva;reflec;sdvx,iidx_lm;sdvx_vm,,allnet;eagate
エースレーン草津,草津市野路3-1-11,34.9996569,135.9463199,ddr;gitadora;iidx;jubeat;other;popn;sdvx,ddr_gold;gitadora_dm_arena;gitadora_gf_arena;iidx_lm;sdvx_vm,,eagate;ziv
エースレーン近江八幡店,滋賀県近江八幡市出町７３６アクトビル１Ｆ,35.1318688,136.1023034,chunithm;ddr;gitadora;iidx;jubeat;maimai_dx;ongeki;sdvx,ddr_gold;gitadora_dm_arena;gitadora_gf_arena;iidx_lm;sdvx_vm,,allnet;eagate
オリエンタルバッティング可児店,岐阜県可児市今渡６９５−１,35.4295361,137.0390542,chunithm;ddr;gitadora;iidx;maimai_dx;ongeki;sdvx,sdvx_vm,,allnet;eagate
キャッツアイ新札幌店,北海道札幌市厚別区厚別東五条１ー２−１０,43.0452612,141.4757970,chunithm;ddr;gitadora;iidx;jubeat;maimai_dx;ongeki;other;polaris_chord;popn;project_diva;reflec;sdvx,gitadora_dm_arena;gitadora_gf_arena;iidx_lm;sdvx_vm,,allnet;eagate;ziv
クァトロブーム小杉,富山県射水市三ケ2602,36.7193930,137.0916633,chunithm;ddr;gitadora;jubeat;maimai_dx;ongeki;other;sdvx,sdvx_vm,,allnet;eagate;ziv
ゲームキングジョイ,愛知県名古屋市中区栄３‐３‐３２,35.1679815,136.9049511,chunithm;dance_evo;ddr;drs;gitadora;groove_coaster;iidx;jubeat;maimai_dx;nostalgia;ongeki;other;polaris_chord;popn;reflec;sdvx;taiko;wacca,ddr_gold;gitadora_dm_arena;gitadora_gf_arena;iidx_lm;popn_pikapika;sdvx_vm,chunithm:10;dance_evo:1;ddr:3;drs:1;gitadora:2;groove_coaster:1;iidx:9;jubeat:3;maimai_dx:4;nostalgia:3;ongeki:10;polaris_chord:8;popn:4;reflec:2;sdvx:9;taiko:5;wacca:1,allnet;eagate;ziv
ゲームコーナー東部,宮城県仙台市若林区六丁の目中町26-60 斎喜東部ビル2F,38.2509985,140.9439369,chunithm;dance_evo;ddr;drs;gitadora;iidx;jubeat;maimai_dx;nostalgia;ongeki;polaris_chord;popn;project_diva;reflec;sdvx;wacca,ddr_gold;gitadora_dm_arena;gitadora_gf_arena;iidx_lm;popn_pikapika;sdvx_vm,wacca:2,allnet;eagate;ziv
ゲームスポットアップル,富山県魚津市吉島二丁目４０７−１,36.8266707,137.4139941,chunithm;ddr;iidx;jubeat;nostalgia;ongeki;popn;sdvx,iidx_lm;popn_pikapika;sdvx_vm,,allnet;eagate
ゲームセンターベティ,石川県七尾市舟尾町ウ-38,37.0671949,136.9069915,chunithm;ddr;drs;gitadora;iidx;jubeat;maimai_dx;nostalgia;ongeki;other;popn;project_diva;reflec;sdvx,iidx_lm;sdvx_vm,chunithm:2;ddr:2;drs:1;gitadora:2;iidx:4;jubeat:1;maimai_dx:1;nostalgia:1;popn:2;project_diva:1;reflec:1;sdvx:1,allnet;eagate;ziv
ゲームゾーン岡谷店,長野県岡谷市中央町２−２−１イルプラザ１Ｆ,36.0600624,138.0486341,chunithm;ddr;jubeat;maimai_dx;popn;project_diva;reflec,,,allnet;eagate
ゲームパニックつくば,茨城県土浦市中村東1-1-1サンタスワールド内,36.0463834,140.1682228,chunithm;ddr;drs;gitadora;iidx;jubeat;maimai_dx;nostalgia;ongeki;other;polaris_chord;popn;project_diva;sdvx,ddr_gold;gitadora_dm_arena;gitadora_gf_arena;iidx_lm;popn_pikapika;sdvx_vm,,allnet;eagate;ziv
ゲームパニック三郷,埼玉県三郷市ピアラシティ1-1-200,35.8421860,139.8548677,chunithm;ddr;gitadora;iidx;maimai_dx;ongeki;other;polaris_chord;popn;sdvx,ddr_gold;gitadora_dm_arena;gitadora_gf_arena;iidx_lm;popn_pikapika;sdvx_vm,,allnet;eagate;ziv
ゲームパニック大須,愛知県名古屋市中区大須3-30-93　メガタウンB1F,35.1600309,136.9053767,chunithm;ddr;gitadora;iidx;maimai_dx;nostalgia;ongeki;other;polaris_chord;popn;sdvx;taiko,ddr_gold;gitadora_dm_arena;gitadora_gf_arena;iidx_lm;popn_pikapika;sdvx_vm,chunithm:8;ddr:3;gitadora:2;iidx:7;maimai_dx:3;nostalgia:1;ongeki:4;polaris_chord:4;popn:2;sdvx:8;taiko:3,allnet;eagate;ziv
ゲームパニック大高,愛知県名古屋市緑区忠治山２０１番地,35.0485212,136.9497129,chunithm;ddr;drs;gitadora;iidx;jubeat;maimai_dx;nostalgia;ongeki;other;polaris_chord;popn;project_diva;sdvx;taiko,ddr_gold;gitadora_dm_arena;gitadora_gf_arena;iidx_lm;popn_pikapika;sdvx_vm,chunithm:6;ddr:3;drs:1;gitadora:4;iidx:6;jubeat:1;maimai_dx:2;nostalgia:1;ongeki:4;polaris_chord:2;popn:1;project_diva:1;sdvx:6;taiko:4,allnet;eagate;ziv
ゲームパニック新宿歌舞伎町,東京都新宿区歌舞伎町1-20-1　ﾋｭｰﾏｯｸｽﾊﾟﾋﾞﾘｵﾝ1階2階,35.6958088,139.7015128,chunithm;ddr;drs;gitadora;iidx;maimai_dx;nostalgia;ongeki;other;polaris_chord;popn;project_diva;sdvx;taiko,ddr_gold;gitadora_dm_arena;gitadora_gf_arena;iidx_lm;popn_pikapika;sdvx_vm,chunithm:1;ddr:3;drs:1;gitadora:2;iidx:10;maimai_dx:1;nostalgia:2;ongeki:4;polaris_chord:4;popn:2;project_diva:1;sdvx:8;taiko:4,allnet;eagate;ziv
ゲームパニック甲府,山梨県甲府市国母5-20-24,35.6420402,138.5473613,chunithm;ddr;gitadora;iidx;jubeat;maimai_dx;ongeki;other;polaris_chord;popn;sdvx,ddr_gold;gitadora_dm_arena;gitadora_gf_arena;iidx_lm;popn_pikapika;sdvx_vm,chunithm:3;ddr:2;gitadora:2;iidx:3;jubeat:1;maimai_dx:2;ongeki:3;polaris_chord:2;popn:1;sdvx:4,allnet;eagate;ziv
ゲームパニック秋葉原,東京都千代田区外神田1-13-1　Akihabara ex,35.6988516,139.7716001,chunithm;ddr;gitadora;iidx;maimai_dx;ongeki;other;polaris_chord;popn;sdvx,ddr_gold;gitadora_dm_arena;gitadora_gf_arena;iidx_lm;popn_pikapika;sdvx_vm,chunithm:1;ddr:3;gitadora:2;iidx:1;maimai_dx:1;ongeki:1;polaris_chord:4;popn:1;sdvx:1,allnet;eagate;ziv
ゲームメガ日立店,茨城県日立市東多賀町５−１０−１０,36.5482340,140.6305081,chunithm;ddr;gitadora;iidx;jubeat;maimai_dx;nostalgia;ongeki;other;polaris_chord;popn;project_diva;sdvx,ddr_gold;gitadora_dm_arena;gitadora_gf_arena;iidx_lm;sdvx_vm,,allnet;eagate;ziv
コミ丸アリババ大垣店,岐阜県大垣市池尻町９４０−１,35.3840722,136.5956108,chunithm;ddr;gitadora;iidx;jubeat;maimai_dx;ongeki;other;polaris_chord;popn;stepmaniax,ddr_gold;gitadora_dm_arena;gitadora_gf_arena;iidx_lm;popn_pikapika,,allnet;eagate;ziv
コムテックスクウェア,愛知県名古屋市中区金山1-16-8,35.1439706,136.8999023,chunithm;ddr;gitadora;iidx;jubeat;maimai_dx;nostalgia;ongeki;polaris_chord;popn;project_diva;reflec;sdvx,ddr_gold;gitadora_dm_arena;gitadora_gf_arena;iidx_lm;popn_pikapika;sdvx_vm,,allnet;eagate
コムテックタワー,愛知県名古屋市中村区名駅４−１０−２０,35.1694446,136.8859667,chunithm;ddr;gitadora;iidx;maimai_dx;ongeki;other;polaris_chord;popn;sdvx;taiko,ddr_gold;gitadora_dm_arena;gitadora_gf_arena;iidx_lm;sdvx_vm,chunithm:5;ddr:1;gitadora:2;iidx:3;maimai_dx:2;ongeki:3;polaris_chord:4;popn:2;sdvx:5;taiko:3,allnet;eagate;ziv
サービスエリアイン高岡,富山県高岡市石瀬８５７−１,36.7607712,137.0465972,chunithm;ddr;iidx;polaris_chord;sdvx,iidx_lm;sdvx_vm,,allnet;eagate
サープラ下関長府あそびタウン,山口県下関市ゆめタウン１ー１,34.0302255,131.0129312,chunithm;ddr;sdvx,ddr_gold;sdvx_vm,,allnet;eagate
サープラ沼津あそびタウン,静岡県沼津市大手町１ー１ー５,35.1040524,138.8611071,chunithm;ddr;drs;gitadora;iidx;maimai_dx;ongeki;popn;sdvx,ddr_gold;iidx_lm;sdvx_vm,,allnet;eagate
サープラＯＺ浜松あそびタウン,静岡県浜松市中央区宮竹町３２２−１,34.7222912,137.7654904,ddr;gitadora;iidx;maimai_dx;ongeki;sdvx,ddr_gold;iidx_lm;sdvx_vm,,allnet;eagate
ザ・インドアゲーム,大阪府大阪市旭区中宮5-6-19大阪工大正門前,34.7295402,135.5440250,chunithm;ddr;iidx;jubeat;maimai_dx;nostalgia;ongeki;polaris_chord;popn;project_diva;sdvx,ddr_gold;iidx_lm;sdvx_vm,,allnet;eagate
シルクハット八王子,東京都八王子市旭町２−５　八王子ツインタワービル３階,35.6564021,139.3384065,chunithm;ddr;gitadora;iidx;jubeat;maimai_dx;nostalgia;ongeki;other;polaris_chord;popn;sdvx,ddr_gold;gitadora_dm_arena;gitadora_gf_arena;iidx_lm;popn_pikapika;sdvx_vm,,allnet;eagate;ziv
シルクハット川崎ダイス,神奈川県川崎市川崎区駅前本町８番地ダイスビル地下２階,35.5314724,139.7003541,chunithm;ddr;gitadora;iidx;jubeat;maimai_dx;nostalgia;ongeki;polaris_chord;popn;sdvx;taiko,ddr_gold;gitadora_dm_arena;gitadora_gf_arena;iidx_lm;popn_pikapika;sdvx_vm,,allnet;eagate;ziv
シルクハット秋葉原,東京都千代田区外神田１丁目１０番地９号,35.6987160,139.7710022,chunithm;ddr;gitadora;iidx;maimai_dx;ongeki;other;popn;sdvx;taiko,ddr_gold;gitadora_dm_arena;gitadora_gf_arena;iidx_lm;popn_pikapika;sdvx_vm,chunithm:10;ddr:2;gitadora:2;iidx:1;maimai_dx:5;ongeki:4;popn:2;sdvx:1;taiko:5,allnet;eagate;ziv
シルクハット蒲田西口,東京都大田区西蒲田７−２−３第二醍醐ビル地下１階〜２階,35.5630730,139.7159650,chunithm;ddr;gitadora;iidx;maimai_dx;ongeki;other;popn;sdvx,ddr_gold;gitadora_dm_arena;gitadora_gf_arena;iidx_lm;popn_pikapika;sdvx_vm,,allnet;eagate;ziv
ジョイジャングル美浜,沖縄県中頭郡北谷町美浜１５−６８,26.3172082,127.7571399,chunithm;ddr;gitadora;iidx;jubeat;nostalgia;pump_it_up;taiko,,,allnet;eagate;ziv
スクウェアワンサイスポ店,埼玉県所沢市南永井1116,35.8236537,139.5314124,chunithm;ddr;gitadora;iidx;jubeat;nostalgia;other;taiko,,chunithm:1;ddr:1;gitadora:2;iidx:1;jubeat:4;nostalgia:1;taiko:1,allnet;eagate;ziv
スポーツウェーブ鉄腕24,千葉県千葉市中央区浜野町1025-59,35.5541062,140.1260538,chunithm;ddr;gitadora;iidx;maimai_dx;ongeki;other;popn;sdvx,ddr_gold;gitadora_dm_arena;gitadora_gf_arena;iidx_lm;popn_pikapika;sdvx_vm,,allnet;eagate;ziv
スポーツウェーブ鉄腕24稲毛長沼店,千葉県千葉市稲毛区長沼原町697番地,35.6620233,140.1265534,chunithm;ddr;iidx;jubeat;maimai_dx;nostalgia;other;popn;sdvx,ddr_gold;iidx_lm;popn_pikapika;sdvx_vm,,allnet;eagate;ziv
スーパーヒーロー倉吉,倉吉市見日町633,35.4383329,133.8393183,ddr;gitadora;iidx;jubeat;popn,ddr_gold;gitadora_dm_arena;gitadora_gf_arena;iidx_lm,,eagate;ziv
タイトーステーション 上野アメ横店,東京都台東区上野４−１０−１７,35.7105338,139.7744242,chunithm;ddr;gitadora;iidx;jubeat;maimai_dx;other;popn;taiko,gitadora_dm_arena;gitadora_gf_arena;iidx_lm,,allnet;eagate;ziv
タイトーステーション 仙台クリスロード店,宮城県仙台市青葉区中央２−３−２５,38.2610006,140.8756067,chunithm;ddr;drs;gitadora;iidx;jubeat;maimai_dx;nostalgia;ongeki;other;polaris_chord;popn;project_diva;sdvx;taiko,ddr_gold;gitadora_dm_arena;gitadora_gf_arena;iidx_lm;popn_pikapika;sdvx_vm,chunithm:2;ddr:2;drs:1;gitadora:2;iidx:3;jubeat:2;maimai_dx:2;nostalgia:2;ongeki:2;polaris_chord:4;popn:2;sdvx:3;taiko:1,allnet;eagate;ziv
タイトーステーション 和光店,埼玉県和光市丸山台１−４−５,35.7866435,139.6138036,chunithm;ddr;gitadora;iidx;jubeat;maimai_dx;nostalgia;other;popn;project_diva,,,allnet;eagate;ziv
タイトーステーション 大宮店,埼玉県さいたま市大宮区大門町１−１,35.9074467,139.6255974,chunithm;ddr;gitadora;iidx;jubeat;maimai_dx;nostalgia;ongeki;other;polaris_chord;popn;project_diva;reflec;sdvx;taiko,ddr_gold;gitadora_dm_arena;gitadora_gf_arena;iidx_lm;popn_pikapika;sdvx_vm,,allnet;eagate;ziv
タイトーステーション 所沢店,埼玉県所沢市日吉町３−７,35.7880928,139.4723684,chunithm;ddr;gitadora;groove_coaster;iidx;jubeat;maimai_dx;ongeki;other;popn;sdvx,iidx_lm;popn_pikapika;sdvx_vm,,allnet;eagate;ziv
タイトーステーション 柏店,千葉県柏市柏２−３−１フーサワビル,35.8613823,139.9727044,chunithm;ddr;gitadora;groove_coaster;iidx;maimai_dx;ongeki;other;popn;project_diva;sdvx;taiko,gitadora_dm_arena;gitadora_gf_arena;iidx_lm;popn_pikapika;sdvx_vm,,allnet;eagate;ziv
タイトーステーション 池袋西口店,東京都豊島区西池袋１−１５−９第一西池ビル,35.7305503,139.7097415,chunithm;ddr;drs;gitadora;iidx;jubeat;maimai_dx;nostalgia;ongeki;other;polaris_chord;popn;reflec;sdvx,gitadora_dm_arena;gitadora_gf_arena;iidx_lm;popn_pikapika;sdvx_vm,,allnet;eagate;ziv
タイトーステーション 渋谷店,東京都渋谷区渋谷１−２４−１２渋谷東映プラザ,35.6598520,139.7019928,chunithm;ddr;gitadora;iidx;maimai_dx;other;popn;sdvx;taiko,ddr_gold;gitadora_dm_arena;gitadora_gf_arena;iidx_lm;popn_pikapika;sdvx_vm,chunithm:3;ddr:1;gitadora:2;iidx:2;maimai_dx:1;sdvx:4;taiko:4,allnet;eagate;ziv
タイトーステーション 町田店,東京都町田市原町田６−２１−２３　松山ビル１階,35.5427132,139.4484861,chunithm;ddr;drs;gitadora;iidx;jubeat;maimai_dx;ongeki;polaris_chord;popn;sdvx;taiko,ddr_gold;gitadora_dm_arena;gitadora_gf_arena;iidx_lm;popn_pikapika;sdvx_vm,,allnet;eagate;ziv
タイトーステーション 秋葉原店,東京都千代田区外神田４−２−２貴三ビル,35.7002219,139.7717179,chunithm;ddr;drs;gitadora;iidx;jubeat;maimai_dx;nostalgia;ongeki;other;polaris_chord;popn;sdvx;taiko,ddr_gold;gitadora_dm_arena;gitadora_gf_arena;iidx_lm;popn_pikapika;sdvx_vm,chunithm:3;ddr:1;drs:1;gitadora:6;iidx:2;jubeat:1;maimai_dx:1;nostalgia:1;ongeki:2;polaris_chord:2;popn:2;sdvx:2;taiko:4,allnet;eagate;ziv
タイトーステーション 藤沢店,神奈川県藤沢市南藤沢２１−１,35.3372817,139.4873362,chunithm;ddr;gitadora;iidx;maimai_dx;ongeki;popn;taiko,iidx_lm;popn_pikapika,,allnet;eagate;ziv
タイトーステーション 金沢店,石川県金沢市片町２−１−７宇都宮片町ビル,36.5613365,136.6529997,chunithm;ddr;gitadora;groove_coaster;iidx;jubeat;maimai_dx;nostalgia;other;popn;sdvx;taiko,,,allnet;eagate;ziv
タイトーステーションイオンモール釧路昭和,釧路市昭和中央4-18-1イオンモール釧路昭和2F,43.0270250,144.3602010,ddr;iidx;jubeat,,,eagate;ziv
タイトーステーションフェドラ大須店,愛知県名古屋市中区大須３−３０−３１,35.1594771,136.9054347,chunithm;crossbeats;dance_evo;ddr;drs;gitadora;groove_coaster;iidx;jubeat;maimai_dx;museca;nostalgia;ongeki;other;polaris_chord;popn;project_diva;reflec;sdvx;taiko,ddr_gold;gitadora_dm_arena;gitadora_gf_arena;iidx_lm;popn_pikapika;sdvx_vm,chunithm:5;crossbeats:1;ddr:1;drs:2;gitadora:2;groove_coaster:1;iidx:5;jubeat:2;maimai_dx:3;museca:1;nostalgia:1;ongeki:4;polaris_chord:2;popn:2;project_diva:1;reflec:1;sdvx:6;taiko:3,allnet;eagate;ziv
タイトーステーション国分寺店,東京都国分寺市本町３−５−１１,35.7018475,139.4798890,chunithm;ddr;drs;gitadora;groove_coaster;iidx;jubeat;maimai_dx;nostalgia;ongeki;other;popn;sdvx,iidx_lm;popn_pikapika;sdvx_vm,,allnet;eagate;ziv
タイトーステーション大阪日本橋店,大阪府大阪市浪速区日本橋４−９−１４,34.6603931,135.5061456,chunithm;ddr;drs;gitadora;groove_coaster;iidx;jubeat;maimai_dx;nostalgia;ongeki;other;polaris_chord;popn;sdvx;taiko,gitadora_dm_arena;gitadora_gf_arena;iidx_lm;popn_pikapika;sdvx_vm,,allnet;eagate;ziv
タイトーステーション広島本通店,広島県広島市中区本通３−５せらかぐ本通ビル,34.3927984,132.4603900,chunithm;ddr;gitadora;groove_coaster;iidx;jubeat;maimai_dx;nostalgia;other;popn;reflec;sdvx;taiko,gitadora_dm_arena;gitadora_gf_arena,chunithm:1;ddr:1;gitadora:4;groove_coaster:1;iidx:2;jubeat:3;maimai_dx:1;nostalgia:1;popn:2;reflec:3;sdvx:2;taiko:2,allnet;eagate;ziv
タイトーステーション新宿東口店,東京都新宿区新宿３−２２−７　指田ビル,35.6932802,139.7015308,chunithm;ddr;groove_coaster;iidx;jubeat;maimai_dx;ongeki;other;popn;reflec;sdvx,iidx_lm;sdvx_vm,chunithm:4;ddr:1;groove_coaster:1;iidx:3;jubeat:2;maimai_dx:1;ongeki:1;popn:3;reflec:4;sdvx:4,allnet;eagate;ziv
タイトーステーション横浜西口五番街店,神奈川県横浜市西区南幸１−１２ー９,35.4646858,139.6195818,chunithm;ddr;gitadora;groove_coaster;iidx;maimai_dx;nostalgia;ongeki;other;polaris_chord;popn;sdvx,gitadora_dm_arena;gitadora_gf_arena;iidx_lm;popn_pikapika;sdvx_vm,chunithm:6;ddr:1;gitadora:2;groove_coaster:2;iidx:7;maimai_dx:1;nostalgia:1;ongeki:3;polaris_chord:4;popn:3;sdvx:6,allnet;eagate;ziv
タイトーステーション海老名ビナウォーク店,神奈川県海老名市中央１−１８−１　ビナウォーク６番館２Ｆ,35.4527589,139.3956832,chunithm;ddr;gitadora;iidx;jubeat;maimai_dx;nostalgia;ongeki;polaris_chord;popn;sdvx;taiko,ddr_gold;gitadora_dm_arena;gitadora_gf_arena;iidx_lm;popn_pikapika;sdvx_vm,,allnet;eagate;ziv
タイトーステーション溝の口,神奈川県川崎市高津区溝口１−１１−８ＯＫＫＡ６３４ビル３階,35.6002204,139.6124232,chunithm;ddr;gitadora;groove_coaster;iidx;jubeat;maimai_dx;nostalgia;ongeki;other;polaris_chord;popn;project_diva;sdvx;taiko,ddr_gold;gitadora_dm_arena;gitadora_gf_arena;iidx_lm;popn_pikapika;sdvx_vm,,allnet;eagate;ziv
タイトーステーション立川北口店,東京都立川市曙町２−４−５クリサス立川２・３Ｆ,35.6991102,139.4120958,chunithm;ddr;drs;gitadora;groove_coaster;iidx;jubeat;maimai_dx;nostalgia;ongeki;other;polaris_chord;popn;project_diva;sdvx,ddr_gold;gitadora_dm_arena;gitadora_gf_arena;iidx_lm;popn_pikapika;sdvx_vm,,allnet;eagate;ziv
タイトーステーション豊田ＧＡＺＡ,愛知県豊田市喜多町１−１４０ＧＡＺＡ３階,35.0880302,137.1572653,chunithm;ddr;groove_coaster;iidx;maimai_dx;nostalgia;ongeki;other;popn;sdvx;taiko,iidx_lm,,allnet;eagate;ziv
タイトーステーション錦糸町楽天地店,東京都墨田区江東橋４−２７−１４楽天地ビルＢ１Ｆ,35.6964979,139.8158070,chunithm;ddr;gitadora;iidx;jubeat;maimai_dx;nostalgia;ongeki;polaris_chord;popn;sdvx,ddr_gold;iidx_lm;sdvx_vm,chunithm:2;ddr:1;gitadora:2;iidx:2;jubeat:1;maimai_dx:1;nostalgia:1;ongeki:2;popn:1;sdvx:2,allnet;eagate;ziv
タイトー新宿南口ゲームワールド店,東京都新宿区新宿３−３５−８,35.6898660,139.7022542,chunithm;ddr;gitadora;groove_coaster;iidx;jubeat;maimai_dx;nostalgia;ongeki;other;polaris_chord;popn;sdvx;taiko,ddr_gold;gitadora_dm_arena;gitadora_gf_arena;iidx_lm;popn_pikapika;sdvx_vm,chunithm:1;ddr:2;gitadora:2;groove_coaster:1;iidx:8;jubeat:2;maimai_dx:1;nostalgia:1;ongeki:1;polaris_chord:4;popn:6;sdvx:9;taiko:1,allnet;eagate;ziv
タイトーＢＩＧＢＯＸ高田馬場店,東京都新宿区高田馬場１−３５−３　ＢＩＧＢＯＸ６Ｆ,35.7129463,139.7042567,chunithm;dance_evo;ddr;drs;gitadora;iidx;jubeat;maimai_dx;ongeki;other;polaris_chord;popn;reflec;sdvx;taiko,gitadora_dm_arena;gitadora_gf_arena;iidx_lm;popn_pikapika;sdvx_vm,chunithm:1;dance_evo:1;ddr:2;drs:1;gitadora:4;iidx:4;jubeat:6;maimai_dx:1;popn:5;reflec:6;sdvx:4;taiko:2,allnet;eagate;ziv
タイトーＦステーションイオン近江八幡店,滋賀県近江八幡市鷹飼町南３−７　１階,35.1218227,136.1029734,chunithm;ddr;gitadora;iidx;maimai_dx;other;popn;sdvx;taiko,iidx_lm;sdvx_vm,chunithm:3;ddr:1;gitadora:1;iidx:1;maimai_dx:1;popn:1;sdvx:1;taiko:2,allnet;eagate;ziv
タイトーＦステーションオリナス錦糸町店,東京都墨田区太平４ー１ー２　オリナスモール地下１Ｆ,35.7003101,139.8152653,chunithm;ddr;drs;gitadora;iidx;jubeat;maimai_dx;nostalgia;ongeki;polaris_chord;popn;sdvx,ddr_gold;gitadora_dm_arena;gitadora_gf_arena;iidx_lm;popn_pikapika;sdvx_vm,chunithm:1;ddr:2;drs:1;gitadora:2;iidx:5;jubeat:1;maimai_dx:1;nostalgia:1;ongeki:1;polaris_chord:1;popn:1;sdvx:5,allnet;eagate;ziv
タイトーＦステーション上越店,新潟県上越市富岡３５２４　Ｊーｍａｘシアター内１Ｆ,37.1481920,138.2590468,chunithm;ddr;gitadora;iidx;maimai_dx;nostalgia;ongeki;polaris_chord;project_diva;sdvx,ddr_gold;iidx_lm;sdvx_vm,,allnet;eagate;ziv
タイトーＦステーション市川妙典店,千葉県市川市妙典４ー１ー１　イオン市川妙典店２番街２Ｆ,35.6925377,139.9266786,chunithm;ddr;drs;gitadora;iidx;maimai_dx;nostalgia;ongeki;polaris_chord;popn;project_diva;sdvx,ddr_gold;gitadora_dm_arena;gitadora_gf_arena;iidx_lm;popn_pikapika;sdvx_vm,chunithm:1;ddr:1;drs:1;gitadora:2;iidx:4;maimai_dx:1;nostalgia:1;ongeki:1;polaris_chord:1;popn:1;sdvx:4,allnet;eagate;ziv
タイトーＦ郡山オリエントパーク店,福島県郡山市安積町荒井字大久保３５−１,37.3744762,140.3487551,chunithm;ddr;iidx;maimai_dx;ongeki;other;polaris_chord;sdvx;taiko,ddr_gold;iidx_lm;sdvx_vm,,allnet;eagate;ziv
テクノワールド,岩手県奥州市江刺愛宕字梁川１２７−１,39.1792419,141.1621682,chunithm;ddr;gitadora;iidx;jubeat;maimai_dx;nostalgia;ongeki;other;polaris_chord;popn;project_diva;sdvx,ddr_gold;iidx_lm;popn_pikapika;sdvx_vm,,allnet;eagate;ziv
トヤマレジャーランド呉羽店,富山県富山市高木字貝塚2054,36.7154246,137.1579952,chunithm;ddr;gitadora;iidx;maimai_dx;ongeki;other;popn;sdvx,ddr_gold;gitadora_dm_arena;gitadora_gf_arena;iidx_lm;popn_pikapika;sdvx_vm,,allnet;eagate;ziv
バイパスレジャーランド加賀店,石川県加賀市箱宮町ヲ1-1,36.3251944,136.4113866,chunithm;ddr;iidx;jubeat;maimai_dx;nostalgia;other;popn;sdvx,ddr_gold;iidx_lm;popn_pikapika;sdvx_vm,,allnet;eagate;ziv
バイパスレジャーランド藤江新館,石川県金沢市藤江南2-105,36.5837815,136.6206855,chunithm;ddr;gitadora;iidx;jubeat;maimai_dx;nostalgia;ongeki;other;polaris_chord;popn;sdvx,ddr_gold;gitadora_dm_arena;gitadora_gf_arena;iidx_lm;popn_pikapika;sdvx_vm,,allnet;eagate;ziv
パスカワールドグリーンランド店,熊本県荒尾市本井手１５７４−５４,32.9878473,130.4712114,chunithm;ddr;gitadora;iidx;jubeat;maimai_dx;nostalgia;ongeki;other;polaris_chord;popn;sdvx,gitadora_dm_arena;gitadora_gf_arena;iidx_lm;popn_pikapika;sdvx_vm,,allnet;eagate;ziv
パルケ上賀茂店,京都府京都市北区上賀茂西河原町１の１,35.0669415,135.7460749,chunithm;ddr;drs;gitadora;iidx;maimai_dx;nostalgia;ongeki;other;popn;taiko,iidx_lm,chunithm:2;ddr:1;drs:1;gitadora:2;iidx:1;maimai_dx:1;nostalgia:1;ongeki:1;popn:1;taiko:3,allnet;eagate;ziv
ピンクパンサー土浦店,茨城県土浦市木田余４５８５−３,36.1065463,140.2151975,chunithm;ddr;gitadora;iidx;jubeat;maimai_dx;ongeki;project_diva;sdvx,ddr_gold;iidx_lm;sdvx_vm,,allnet;eagate
ファンタジープラザ名古屋,愛知県名古屋市北区玄馬町２３４−１ﾄﾞﾝｷﾎｰﾃ名古屋本店２階,35.2264606,136.9089964,chunithm;ddr;gitadora;iidx;jubeat;maimai_dx;ongeki;other;popn;reflec;sdvx;taiko,ddr_gold;gitadora_dm_arena;gitadora_gf_arena;iidx_lm;popn_pikapika;sdvx_vm,chunithm:2;ddr:1;gitadora:2;iidx:3;jubeat:1;maimai_dx:1;ongeki:2;popn:1;reflec:1;sdvx:4;taiko:3,allnet;eagate;ziv
フリスポ下館,茨城県筑西市神分４７２,36.3024911,139.9565286,ddr;gitadora;iidx;ongeki;popn;sdvx,popn_pikapika;sdvx_vm,,allnet;eagate
フリスポ佐原,千葉県香取市佐原イ−４２００,35.9011456,140.4935107,chunithm;ddr;gitadora;iidx;maimai_dx;ongeki;polaris_chord;popn;sdvx,iidx_lm;sdvx_vm,,allnet;eagate
プレイハウス　エリナ,新潟県新潟市西蒲区津雲田６４０,37.7175185,138.8906472,chunithm;ddr;gitadora;iidx;jubeat;museca;nostalgia;ongeki;popn;sdvx,ddr_gold;iidx_lm;popn_pikapika;sdvx_vm,,allnet;eagate
ペップ魚町,福岡県北九州市小倉北区魚町２−４−２０,33.8839068,130.8803109,chunithm;ddr;gitadora;iidx;jubeat;maimai_dx;nostalgia;ongeki;other;popn;project_diva;reflec;sdvx,iidx_lm;sdvx_vm,,allnet;eagate;ziv
ポート２４八事店,愛知県名古屋市昭和区広路町北石坂102番地4,35.1371097,136.9641401,chunithm;ddr;gitadora;iidx;jubeat;maimai_dx;nostalgia;ongeki;other;popn;sdvx;taiko,ddr_gold;iidx_lm;sdvx_vm,chunithm:4;ddr:1;gitadora:2;iidx:4;jubeat:2;maimai_dx:2;nostalgia:1;ongeki:4;popn:1;sdvx:2;taiko:3,allnet;eagate;ziv
モンキートリック,大阪府寝屋川市香里南之町32-5　YNレジデンス香里2F,34.7834753,135.6288626,chunithm;ddr;gitadora;iidx;jubeat;maimai_dx;ongeki;polaris_chord;popn;sdvx,ddr_gold;gitadora_dm_arena;gitadora_gf_arena;iidx_lm;popn_pikapika;sdvx_vm,,allnet;eagate
ユーズランド下田店,青森県上北郡おいらせ町中野平４０−１イオンモール下田１Ｆ,40.6014566,141.4177839,chunithm;ddr;drs;gitadora;iidx;jubeat;maimai_dx;nostalgia;ongeki;other;polaris_chord;popn;project_diva;sdvx,ddr_gold;gitadora_dm_arena;gitadora_gf_arena;iidx_lm;popn_pikapika;sdvx_vm,,allnet;eagate;ziv
ユーズランド倉敷店,岡山県倉敷市水江１番地イオンモール倉敷２Ｆ,34.6032479,133.7454021,chunithm;ddr;drs;iidx;maimai_dx;ongeki;other;polaris_chord;popn;sdvx,ddr_gold;iidx_lm;popn_pikapika;sdvx_vm,,allnet;eagate;ziv
ユーズランド水戸内原店,茨城県水戸市内原２−１イオンモール水戸内原２Ｆ,36.3739629,140.3583896,chunithm;ddr;gitadora;iidx;maimai_dx;ongeki;polaris_chord;popn;sdvx,ddr_gold;gitadora_dm_arena;gitadora_gf_arena;iidx_lm;popn_pikapika;sdvx_vm,,allnet;eagate
ユーズランド高岡店,富山県高岡市下伏間江３８３イオンモール高岡２Ｆ,36.7241123,137.0170194,chunithm;ddr;iidx;maimai_dx;ongeki;polaris_chord;popn;sdvx,ddr_gold;iidx_lm;popn_pikapika;sdvx_vm,,allnet;eagate
ユーズランド高崎店,群馬県高崎市棟高町１４００番地イオンモール高崎２Ｆ,36.3904820,139.0065304,chunithm;ddr;drs;gitadora;iidx;jubeat;maimai_dx;ongeki;polaris_chord;popn;sdvx,ddr_gold;gitadora_dm_arena;gitadora_gf_arena;iidx_lm;popn_pikapika;sdvx_vm,,allnet;eagate
ラウンドワンさいか屋横須賀店,神奈川県横須賀市大滝町１丁目１３番,35.2821494,139.6695932,chunithm;dance_around;ddr;drs;gitadora;iidx;jubeat;maimai_dx;nostalgia;ongeki;polaris_chord;popn;project_diva;sdvx,ddr_gold;gitadora_dm_arena;gitadora_gf_arena;iidx_lm;popn_pikapika;sdvx_vm,,allnet;eagate
ラウンドワンさいたま・栗橋店,埼玉県久喜市小右衛門１９２−１,36.1235137,139.7151734,chunithm;dance_around;ddr;gitadora;iidx;jubeat;maimai_dx;museca;nostalgia;ongeki;other;polaris_chord;popn;sdvx,ddr_gold;gitadora_dm_arena;gitadora_gf_arena;iidx_lm;popn_pikapika;sdvx_vm,dance_around:1;ddr:1;gitadora:2;maimai_dx:4;museca:1;popn:2,allnet;eagate;ziv
ラウンドワンさいたま・鴻巣店,埼玉県鴻巣市箕田３１６３−７,36.0806388,139.4902256,chunithm;dance_around;dance_evo;ddr;drs;gitadora;iidx;jubeat;maimai_dx;nostalgia;ongeki;polaris_chord;popn;sdvx,ddr_gold;gitadora_dm_arena;gitadora_gf_arena;iidx_lm;popn_pikapika;sdvx_vm,,allnet;eagate;ziv
ラウンドワンみえ川越インターチェンジ店,三重県三重郡川越町南福崎８５１−１,35.0229015,136.6835299,chunithm;ddr;gitadora;iidx;maimai_dx;ongeki;other;polaris_chord;popn;sdvx,ddr_gold;gitadora_dm_arena;gitadora_gf_arena;iidx_lm;popn_pikapika;sdvx_vm,,allnet;eagate;ziv
ラウンドワンららぽーと新三郷店,埼玉県三郷市新三郷ららシティ3-1-1ららぽーと新三郷2F20000番,35.8594806,139.8671397,beatstream;chunithm;dance_around;dance_evo;ddr;gitadora;iidx;jubeat;maimai_dx;ongeki;polaris_chord;popn;sdvx,ddr_gold;gitadora_dm_arena;gitadora_gf_arena;iidx_lm;popn_pikapika;sdvx_vm,beatstream:2;chunithm:1;dance_evo:1;ddr:1;maimai_dx:1;sdvx:3,allnet;eagate;ziv
ラウンドワンららぽーと湘南平塚店,神奈川県平塚市天沼１０−１３階 ３３２８０番,35.3379406,139.3560477,chunithm;ddr;iidx;maimai_dx;ongeki;other;polaris_chord;popn;sdvx,ddr_gold;iidx_lm;popn_pikapika;sdvx_vm,,allnet;eagate;ziv
ラウンドワンわらび店,埼玉県蕨市北町５−１−６,35.8307831,139.6742333,chunithm;ddr;drs;gitadora;iidx;jubeat;maimai_dx;nostalgia;ongeki;other;polaris_chord;popn;project_diva;sdvx,ddr_gold;gitadora_dm_arena;gitadora_gf_arena;iidx_lm;popn_pikapika;sdvx_vm,,allnet;eagate;ziv
ラウンドワンアリオ柏店,千葉県柏市大島田１丁目６番地１セブンパークアリオ柏　１０７０,35.8323319,140.0119419,chunithm;dance_around;ddr;drs;gitadora;iidx;maimai_dx;ongeki;polaris_chord;popn;sdvx,ddr_gold;gitadora_dm_arena;gitadora_gf_arena;iidx_lm;popn_pikapika;sdvx_vm,,allnet;eagate
ラウンドワンダイバーシティ東京プラザ店,東京都江東区青海1-1-10ダイバーシティ東京プラザ6階61000,35.6256894,139.7763086,chunithm;crossbeats;dance_around;dance_evo;ddr;drs;gitadora;iidx;jubeat;maimai_dx;ongeki;other;polaris_chord;popn;project_diva;sdvx;taiko,ddr_gold;gitadora_dm_arena;gitadora_gf_arena;iidx_lm;popn_pikapika;sdvx_vm,chunithm:4;crossbeats:2;dance_around:3;dance_evo:1;ddr:1;drs:1;gitadora:4;iidx:2;jubeat:2;maimai_dx:2;ongeki:2;polaris_chord:2;popn:3;project_diva:1;sdvx:1;taiko:6,allnet;eagate;ziv
ラウンドワンモレラ岐阜店,岐阜県本巣市三橋１１００,35.4552106,136.6727657,chunithm;dance_around;ddr;drs;gitadora;iidx;jubeat;maimai_dx;nostalgia;ongeki;other;polaris_chord;popn;sdvx,ddr_gold;gitadora_dm_arena;gitadora_gf_arena;iidx_lm;popn_pikapika;sdvx_vm,,allnet;eagate;ziv
ラウンドワンヨロッカ春日井店,愛知県春日井市六軒屋町東丘２２テナント区画番号３０１０,35.2587361,136.9816772,chunithm;ddr;gitadora;iidx;maimai_dx;ongeki;other;polaris_chord;popn;sdvx;taiko,ddr_gold;gitadora_dm_arena;gitadora_gf_arena;iidx_lm;popn_pikapika;sdvx_vm,chunithm:3;ddr:1;gitadora:2;iidx:2;maimai_dx:2;ongeki:2;polaris_chord:2;sdvx:2;taiko:2,allnet;eagate;ziv
ラウンドワン三宮駅前店,兵庫県神戸市中央区小野柄通6-1-17,34.6939326,135.1973748,chunithm;dance_around;ddr;drs;gitadora;iidx;jubeat;maimai_dx;ongeki;other;polaris_chord;popn;sdvx;taiko,ddr_gold;gitadora_dm_arena;gitadora_gf_arena;iidx_lm;popn_pikapika;sdvx_vm,chunithm:8;dance_around:1;ddr:1;drs:2;gitadora:2;iidx:3;jubeat:1;maimai_dx:3;ongeki:6;polaris_chord:4;popn:1;sdvx:4;taiko:3,allnet;eagate;ziv
ラウンドワン上尾店,埼玉県上尾市大字平塚９１７−１,35.9857321,139.6078402,chunithm;dance_around;ddr;drs;gitadora;iidx;maimai_dx;nostalgia;ongeki;other;polaris_chord;popn;sdvx,ddr_gold;gitadora_dm_arena;gitadora_gf_arena;iidx_lm;popn_pikapika;sdvx_vm,,allnet;eagate;ziv
ラウンドワン中川１号線店,愛知県名古屋市中川区法蔵町２−２３,35.1236443,136.8636045,chunithm;dance_around;ddr;drs;gitadora;iidx;jubeat;maimai_dx;ongeki;other;polaris_chord;popn;sdvx;taiko,ddr_gold;gitadora_dm_arena;gitadora_gf_arena;iidx_lm;popn_pikapika;sdvx_vm,chunithm:4;dance_around:2;ddr:1;drs:1;gitadora:2;iidx:2;jubeat:1;maimai_dx:2;ongeki:4;polaris_chord:4;popn:1;sdvx:2;taiko:1,allnet;eagate;ziv
ラウンドワン京都伏見店,京都府京都市伏見区下鳥羽平塚町１３１,34.9359432,135.7463208,chunithm;ddr;gitadora;iidx;maimai_dx;ongeki;other;polaris_chord;popn;sdvx,ddr_gold;gitadora_dm_arena;gitadora_gf_arena;iidx_lm;popn_pikapika;sdvx_vm,,allnet;eagate;ziv
ラウンドワン京都河原町店,京都府京都市中京区河原町通三条下ル山崎町２５０,35.0070244,135.7686902,chunithm;dance_around;ddr;drs;gitadora;iidx;jubeat;maimai_dx;nostalgia;ongeki;other;polaris_chord;popn;project_diva;sdvx;taiko,ddr_gold;gitadora_dm_arena;gitadora_gf_arena;iidx_lm;popn_pikapika;sdvx_vm,chunithm:8;dance_around:1;ddr:2;drs:2;gitadora:4;iidx:5;jubeat:1;maimai_dx:8;nostalgia:1;ongeki:6;polaris_chord:4;popn:5;project_diva:1;sdvx:6;taiko:5,allnet;eagate;ziv
ラウンドワン仙台泉店,宮城県仙台市泉区大沢二丁目１２番４号　１階,38.3520265,140.8795076,chunithm;dance_around;ddr;gitadora;iidx;maimai_dx;ongeki;polaris_chord;popn;sdvx,ddr_gold;gitadora_dm_arena;gitadora_gf_arena;iidx_lm;popn_pikapika;sdvx_vm,,allnet;eagate
ラウンドワン仙台苦竹店,宮城県仙台市宮城野区苦竹１−７−１０,38.2680832,140.9172451,chunithm;dance_around;ddr;gitadora;iidx;jubeat;maimai_dx;nostalgia;ongeki;other;polaris_chord;popn;sdvx,ddr_gold;gitadora_dm_arena;gitadora_gf_arena;iidx_lm;popn_pikapika;sdvx_vm,,allnet;eagate;ziv
ラウンドワン伊丹店,兵庫県伊丹市昆陽７丁目２９,34.7790734,135.3934676,chunithm;ddr;gitadora;iidx;maimai_dx;ongeki;other;polaris_chord;popn;project_diva;sdvx,ddr_gold;gitadora_dm_arena;gitadora_gf_arena;iidx_lm;popn_pikapika;sdvx_vm,,allnet;eagate;ziv
ラウンドワン佐賀店,佐賀県佐賀市兵庫北４−２−１,33.2752276,130.3010551,chunithm;dance_around;ddr;drs;gitadora;iidx;maimai_dx;ongeki;other;polaris_chord;popn;sdvx,ddr_gold;gitadora_dm_arena;gitadora_gf_arena;iidx_lm;popn_pikapika;sdvx_vm,,allnet;eagate;ziv
ラウンドワン入間店,埼玉県入間市小谷田３−７−２５,35.8279801,139.3760089,chunithm;dance_around;ddr;gitadora;iidx;jubeat;maimai_dx;nostalgia;ongeki;other;polaris_chord;popn;sdvx,ddr_gold;gitadora_dm_arena;gitadora_gf_arena;iidx_lm;popn_pikapika;sdvx_vm,,allnet;eagate;ziv
ラウンドワン函館店,北海道函館市西桔梗町８４８−１１,41.8246380,140.7175148,chunithm;dance_around;ddr;gitadora;iidx;maimai_dx;nostalgia;ongeki;other;polaris_chord;popn;sdvx,ddr_gold;gitadora_dm_arena;gitadora_gf_arena;iidx_lm;popn_pikapika;sdvx_vm,,allnet;eagate;ziv
ラウンドワン前橋店,群馬県前橋市天川大島町１１０１−１,36.3687628,139.1052489,chunithm;ddr;drs;gitadora;iidx;maimai_dx;ongeki;other;polaris_chord;popn;sdvx,ddr_gold;gitadora_dm_arena;gitadora_gf_arena;iidx_lm;popn_pikapika;sdvx_vm,,allnet;eagate;ziv
ラウンドワン加古川店,兵庫県加古川市尾上町安田325番6号,34.7470428,134.8369253,chunithm;dance_around;ddr;gitadora;iidx;jubeat;maimai_dx;nostalgia;ongeki;other;polaris_chord;popn;sdvx,ddr_gold;gitadora_dm_arena;gitadora_gf_arena;iidx_lm;popn_pikapika;sdvx_vm,,allnet;eagate;ziv
ラウンドワン千日前店,大阪府大阪市中央区難波１−３−１,34.6675295,135.5027825,beatstream;chunithm;crossbeats;dance_around;ddr;drs;gitadora;iidx;jubeat;maimai_dx;museca;nostalgia;ongeki;other;polaris_chord;popn;project_diva;reflec;sdvx,ddr_gold;gitadora_dm_arena;gitadora_gf_arena;iidx_lm;popn_pikapika;sdvx_vm,beatstream:1;chunithm:8;crossbeats:1;dance_around:1;ddr:5;drs:1;gitadora:4;iidx:7;jubeat:1;maimai_dx:4;museca:1;nostalgia:1;ongeki:4;polaris_chord:2;popn:3;project_diva:2;reflec:5;sdvx:8,allnet;eagate;ziv
ラウンドワン千種店,愛知県名古屋市千種区新栄3-20-17タイホウ千種駅前南ビル1階,35.1680713,136.9280046,chunithm;ddr;drs;gitadora;iidx;jubeat;maimai_dx;ongeki;other;polaris_chord;popn;sdvx;taiko,ddr_gold;gitadora_dm_arena;gitadora_gf_arena;iidx_lm;popn_pikapika;sdvx_vm,chunithm:2;ddr:1;drs:1;gitadora:2;iidx:1;jubeat:2;maimai_dx:1;ongeki:2;polaris_chord:2;popn:2;sdvx:1;taiko:3,allnet;eagate;ziv
ラウンドワン半田店,愛知県半田市瑞穂町６−７−８,34.8853760,136.9413762,chunithm;ddr;gitadora;iidx;maimai_dx;ongeki;polaris_chord;popn;sdvx,ddr_gold;gitadora_dm_arena;gitadora_gf_arena;iidx_lm;popn_pikapika;sdvx_vm,,allnet;eagate
ラウンドワン南砂店,東京都江東区南砂６−７−１５トピレックプラザ４Ｆ,35.6718431,139.8369781,chunithm;dance_around;ddr;drs;gitadora;iidx;jubeat;maimai_dx;nostalgia;ongeki;other;polaris_chord;popn;project_diva;reflec;sdvx;taiko,ddr_gold;gitadora_dm_arena;gitadora_gf_arena;iidx_lm;popn_pikapika;sdvx_vm,ddr:2;gitadora:2;iidx:2;jubeat:2;popn:3;project_diva:2;reflec:3;sdvx:2;taiko:1,allnet;eagate;ziv
ラウンドワン博多半道橋店,福岡県福岡市博多区半道橋２−２−８,33.5840670,130.4383464,chunithm;dance_around;ddr;gitadora;iidx;maimai_dx;ongeki;other;polaris_chord;popn;sdvx,ddr_gold;gitadora_dm_arena;gitadora_gf_arena;iidx_lm;popn_pikapika;sdvx_vm,,allnet;eagate;ziv
ラウンドワン吉祥寺店,東京都武蔵野市吉祥寺本町1-11-22,35.7063020,139.5807799,chunithm;ddr;gitadora;iidx;jubeat;maimai_dx;nostalgia;ongeki;other;polaris_chord;popn;sdvx,ddr_gold;gitadora_dm_arena;gitadora_gf_arena;iidx_lm;popn_pikapika;sdvx_vm,,allnet;eagate;ziv
ラウンドワン名古屋西春店,愛知県北名古屋市宇福寺神明１５,35.2548498,136.8436265,chunithm;ddr;gitadora;iidx;maimai_dx;ongeki;other;polaris_chord;popn;sdvx;taiko,ddr_gold;gitadora_dm_arena;gitadora_gf_arena;iidx_lm;popn_pikapika;sdvx_vm,chunithm:2;ddr:1;gitadora:2;iidx:2;maimai_dx:2;ongeki:2;polaris_chord:4;popn:1;sdvx:2;taiko:1,allnet;eagate;ziv
ラウンドワン和歌山店,和歌山県和歌山市小雑賀７３９−３,34.1984612,135.1859700,chunithm;ddr;gitadora;iidx;maimai_dx;ongeki;other;polaris_chord;popn;sdvx,ddr_gold;gitadora_dm_arena;gitadora_gf_arena;iidx_lm;popn_pikapika;sdvx_vm,,allnet;eagate;ziv
ラウンドワン城東放出店,大阪府大阪市城東区今福南3-4-38,34.6964966,135.5593162,chunithm;ddr;gitadora;iidx;maimai_dx;ongeki;other;polaris_chord;popn;sdvx,ddr_gold;gitadora_dm_arena;gitadora_gf_arena;iidx_lm;popn_pikapika;sdvx_vm,,allnet;eagate;ziv
ラウンドワン堺中央環状店,大阪府堺市東区石原町２−２４１,34.5569759,135.5365126,chunithm;ddr;gitadora;iidx;jubeat;maimai_dx;ongeki;other;polaris_chord;popn;sdvx,ddr_gold;gitadora_dm_arena;gitadora_gf_arena;iidx_lm;popn_pikapika;sdvx_vm,,allnet;eagate;ziv
ラウンドワン堺駅前店,大阪府堺市堺区戎島町4-44-3,34.5834551,135.4684377,chunithm;dance_around;ddr;gitadora;iidx;maimai_dx;ongeki;other;polaris_chord;popn;sdvx,ddr_gold;gitadora_dm_arena;gitadora_gf_arena;iidx_lm;popn_pikapika;sdvx_vm,chunithm:2;ongeki:2,allnet;eagate;ziv
ラウンドワン大分店,大分県大分市萩原２−１３−１７,33.2489675,131.6402343,chunithm;ddr;drs;gitadora;iidx;maimai_dx;ongeki;other;polaris_chord;popn;sdvx,ddr_gold;gitadora_dm_arena;gitadora_gf_arena;iidx_lm;popn_pikapika;sdvx_vm,,allnet;eagate;ziv
ラウンドワン大宮店,埼玉県さいたま市大宮区宮町４−９０−７,35.9108281,139.6254402,chunithm;dance_around;ddr;drs;gitadora;iidx;jubeat;maimai_dx;nostalgia;ongeki;other;polaris_chord;popn;sdvx,ddr_gold;gitadora_dm_arena;gitadora_gf_arena;iidx_lm;popn_pikapika;sdvx_vm,,allnet;eagate;ziv
ラウンドワン大野城店,福岡県大野城市御笠川１−１８−１６,33.5464190,130.4822611,chunithm;dance_around;ddr;drs;gitadora;iidx;jubeat;maimai_dx;nostalgia;ongeki;other;polaris_chord;popn;sdvx,ddr_gold;gitadora_dm_arena;gitadora_gf_arena;iidx_lm;popn_pikapika;sdvx_vm,,allnet;eagate;ziv
ラウンドワン奈良・ミナーラ店,奈良県奈良市二条大路南１−３−１ミ・ナーラ５階,34.6849116,135.8025405,chunithm;dance_around;ddr;gitadora;iidx;maimai_dx;nostalgia;ongeki;other;polaris_chord;popn;sdvx,ddr_gold;gitadora_dm_arena;gitadora_gf_arena;iidx_lm;popn_pikapika;sdvx_vm,,allnet;eagate;ziv
ラウンドワン姫路飾磨店,兵庫県姫路市飾磨区中島１−２５４,34.7923295,134.6870919,chunithm;ddr;gitadora;iidx;maimai_dx;ongeki;other;polaris_chord;popn;sdvx,ddr_gold;gitadora_dm_arena;gitadora_gf_arena;iidx_lm;popn_pikapika;sdvx_vm,,allnet;eagate;ziv
ラウンドワン宇都宮店,栃木県宇都宮市江曽島町２０７２−１,36.5406864,139.8868934,chunithm;ddr;gitadora;iidx;jubeat;maimai_dx;nostalgia;ongeki;other;polaris_chord;popn;sdvx,ddr_gold;gitadora_dm_arena;gitadora_gf_arena;iidx_lm;popn_pikapika;sdvx_vm,,allnet;eagate;ziv
ラウンドワン守口店,大阪府守口市佐太東町２−６−１４ジャガーグリーン２Ｆ,34.7560955,135.5885314,chunithm;dance_around;ddr;drs;gitadora;iidx;jubeat;maimai_dx;nostalgia;ongeki;other;polaris_chord;popn;project_diva;sdvx,ddr_gold;gitadora_dm_arena;gitadora_gf_arena;iidx_lm;popn_pikapika;sdvx_vm,,allnet;eagate;ziv
ラウンドワン宮崎店,宮崎県宮崎市中村東３−４−６０,31.8953441,131.4175947,chunithm;dance_around;ddr;drs;gitadora;iidx;jubeat;maimai_dx;nostalgia;ongeki;other;polaris_chord;popn;sdvx,ddr_gold;gitadora_dm_arena;gitadora_gf_arena;iidx_lm;popn_pikapika;sdvx_vm,,allnet;eagate;ziv
ラウンドワン富士店,静岡県富士市八代町４−１５,35.1531225,138.6938123,chunithm;dance_around;ddr;gitadora;iidx;jubeat;maimai_dx;nostalgia;ongeki;other;polaris_chord;popn;sdvx,ddr_gold;gitadora_dm_arena;gitadora_gf_arena;iidx_lm;popn_pikapika;sdvx_vm,,allnet;eagate;ziv
ラウンドワン小倉店,福岡県北九州市小倉北区西港町15-65,33.8975963,130.8598416,chunithm;ddr;gitadora;iidx;maimai_dx;ongeki;other;polaris_chord;popn;sdvx,ddr_gold;gitadora_dm_arena;gitadora_gf_arena;iidx_lm;popn_pikapika;sdvx_vm,,allnet;eagate;ziv
ラウンドワン岡山妹尾店,岡山県岡山市南区妹尾３４１３−１,34.6230198,133.8695548,chunithm;ddr;drs;gitadora;iidx;maimai_dx;ongeki;other;polaris_chord;popn;sdvx,ddr_gold;gitadora_dm_arena;gitadora_gf_arena;iidx_lm;popn_pikapika;sdvx_vm,,allnet;eagate;ziv
ラウンドワン岸和田店,大阪府岸和田市八阪町２−１１−１,34.4565318,135.3885664,beatstream;chunithm;dance_around;ddr;gitadora;groove_coaster;iidx;jubeat;maimai_dx;nostalgia;ongeki;other;polaris_chord;popn;project_diva;reflec;sdvx;taiko,ddr_gold;gitadora_dm_arena;gitadora_gf_arena;iidx_lm;popn_pikapika;sdvx_vm,beatstream:4;ddr:1;gitadora:2;groove_coaster:2;iidx:1;jubeat:2;popn:1;project_diva:1;reflec:2;sdvx:2;taiko:1,allnet;eagate;ziv
ラウンドワン川崎大師店,神奈川県川崎市川崎区殿町１−５−１,35.5380415,139.7416951,chunithm;dance_around;ddr;drs;gitadora;iidx;maimai_dx;ongeki;other;polaris_chord;popn;sdvx,ddr_gold;gitadora_dm_arena;gitadora_gf_arena;iidx_lm;popn_pikapika;sdvx_vm,,allnet;eagate;ziv
ラウンドワン市原店,千葉県市原市八幡北町３−５−１,35.5474925,140.1233713,chunithm;ddr;drs;gitadora;iidx;jubeat;maimai_dx;nostalgia;ongeki;other;polaris_chord;popn;sdvx,ddr_gold;gitadora_dm_arena;gitadora_gf_arena;iidx_lm;popn_pikapika;sdvx_vm,,allnet;eagate;ziv
ラウンドワン市川鬼高店,千葉県市川市鬼高４−１−３,35.7112207,139.9274795,chunithm;dance_around;ddr;drs;gitadora;iidx;jubeat;maimai_dx;nostalgia;ongeki;other;polaris_chord;popn;project_diva;sdvx,ddr_gold;gitadora_dm_arena;gitadora_gf_arena;iidx_lm;popn_pikapika;sdvx_vm,,allnet;eagate;ziv
ラウンドワン広島店,広島県広島市中区立町３−１１,34.3937013,132.4601039,chunithm;dance_around;ddr;drs;gitadora;iidx;jubeat;maimai_dx;nostalgia;ongeki;other;polaris_chord;popn;project_diva;reflec;sdvx;taiko,ddr_gold;gitadora_dm_arena;gitadora_gf_arena;iidx_lm;popn_pikapika;sdvx_vm,ddr:1;gitadora:2;iidx:2;jubeat:4;popn:4;project_diva:3;reflec:4;sdvx:3;taiko:2,allnet;eagate;ziv
ラウンドワン府中本町駅前,東京都府中市本町１−１３−３カネタビル,35.6672709,139.4774004,chunithm;dance_around;ddr;drs;gitadora;groove_coaster;iidx;jubeat;maimai_dx;nostalgia;ongeki;other;polaris_chord;popn;project_diva;reflec;sdvx;taiko,ddr_gold;gitadora_dm_arena;gitadora_gf_arena;iidx_lm;popn_pikapika;sdvx_vm,ddr:1;gitadora:4;groove_coaster:2;iidx:2;jubeat:4;popn:4;project_diva:2;reflec:4;sdvx:4;taiko:1,allnet;eagate;ziv
ラウンドワン徳島・万代店,徳島県徳島市万代町４−１９−１,34.0647908,134.5646739,chunithm;ddr;gitadora;iidx;maimai_dx;ongeki;other;polaris_chord;popn;sdvx,ddr_gold;gitadora_dm_arena;gitadora_gf_arena;iidx_lm;popn_pikapika;sdvx_vm,,allnet;eagate;ziv
ラウンドワン所沢店,埼玉県所沢市東町５丁目２２　６階,35.7888614,139.4695620,chunithm;dance_around;ddr;gitadora;iidx;jubeat;maimai_dx;ongeki;other;polaris_chord;popn;sdvx,ddr_gold;gitadora_dm_arena;gitadora_gf_arena;iidx_lm;popn_pikapika;sdvx_vm,,allnet;eagate;ziv
ラウンドワン新潟店,新潟県新潟市中央区美咲町２−１−３８,37.8881096,139.0176867,chunithm;dance_around;ddr;gitadora;iidx;jubeat;maimai_dx;nostalgia;ongeki;other;polaris_chord;popn;sdvx,ddr_gold;gitadora_dm_arena;gitadora_gf_arena;iidx_lm;popn_pikapika;sdvx_vm,,allnet;eagate;ziv
ラウンドワン旭川店,北海道旭川市永山三条１−４−７,43.7863735,142.3974371,chunithm;dance_around;ddr;drs;gitadora;iidx;jubeat;maimai_dx;ongeki;polaris_chord;popn;reflec;sdvx,ddr_gold;gitadora_dm_arena;gitadora_gf_arena;iidx_lm;popn_pikapika;sdvx_vm,,allnet;eagate;ziv
ラウンドワン朝霞店,埼玉県朝霞市膝折町２−１６−１０,35.7902754,139.5796457,chunithm;dance_evo;ddr;gitadora;iidx;maimai_dx;ongeki;polaris_chord;popn;sdvx,ddr_gold;gitadora_dm_arena;gitadora_gf_arena;iidx_lm;popn_pikapika;sdvx_vm,,allnet;eagate;ziv
ラウンドワン札幌すすきの店,北海道札幌市中央区南五条西3-6-1,43.0545356,141.3545240,chunithm;dance_around;ddr;drs;gitadora;iidx;jubeat;maimai_dx;nostalgia;ongeki;other;polaris_chord;popn;project_diva;sdvx;taiko,ddr_gold;gitadora_dm_arena;gitadora_gf_arena;iidx_lm;popn_pikapika;sdvx_vm,chunithm:10;dance_around:2;ddr:3;drs:2;gitadora:4;iidx:9;jubeat:3;maimai_dx:4;ongeki:6;polaris_chord:8;popn:4;project_diva:1;sdvx:8;taiko:4,allnet;eagate;ziv
ラウンドワン札幌北２１条店,北海道札幌市東区北二十一条東１−１−２１,43.0867627,141.3497046,chunithm;dance_around;ddr;drs;gitadora;iidx;maimai_dx;nostalgia;ongeki;other;polaris_chord;popn;project_diva;sdvx;taiko,ddr_gold;gitadora_dm_arena;gitadora_gf_arena;iidx_lm;popn_pikapika;sdvx_vm,,allnet;eagate;ziv
ラウンドワン札幌白石本通店,北海道札幌市白石区本通１６丁目北１−５０,43.0367922,141.4328781,chunithm;ddr;gitadora;iidx;maimai_dx;ongeki;other;polaris_chord;popn;sdvx,ddr_gold;gitadora_dm_arena;gitadora_gf_arena;iidx_lm;popn_pikapika;sdvx_vm,,allnet;eagate;ziv
ラウンドワン東大阪店,大阪府東大阪市若江南町１−２−１２,34.6530441,135.6063264,chunithm;ddr;gitadora;iidx;jubeat;maimai_dx;ongeki;other;polaris_chord;popn;sdvx,ddr_gold;gitadora_dm_arena;gitadora_gf_arena;iidx_lm;popn_pikapika;sdvx_vm,,allnet;eagate;ziv
ラウンドワン東淀川店,大阪府大阪市東淀川区菅原７−１４−２８,34.7427577,135.5250375,chunithm;dance_around;ddr;gitadora;iidx;jubeat;maimai_dx;nostalgia;ongeki;other;polaris_chord;popn;sdvx,ddr_gold;gitadora_dm_arena;gitadora_gf_arena;iidx_lm;popn_pikapika;sdvx_vm,,allnet;eagate;ziv
ラウンドワン松山店,愛媛県松山市東長戸１−３−１０,33.8665121,132.7515765,chunithm;ddr;gitadora;iidx;maimai_dx;ongeki;other;polaris_chord;popn;sdvx,ddr_gold;gitadora_dm_arena;gitadora_gf_arena;iidx_lm;popn_pikapika;sdvx_vm,,allnet;eagate;ziv
ラウンドワン板橋店,東京都板橋区相生町１６−１３,35.7766273,139.6786153,chunithm;dance_around;ddr;drs;gitadora;iidx;jubeat;maimai_dx;ongeki;other;polaris_chord;popn;sdvx,ddr_gold;gitadora_dm_arena;gitadora_gf_arena;iidx_lm;popn_pikapika;sdvx_vm,,allnet;eagate;ziv
ラウンドワン梅田店,大阪府大阪市北区小松原町４−１６,34.7030460,135.5010682,beatstream;chunithm;dance_around;ddr;drs;gitadora;groove_coaster;iidx;jubeat;maimai_dx;nostalgia;ongeki;other;polaris_chord;popn;project_diva;reflec;sdvx;taiko,ddr_gold;gitadora_dm_arena;gitadora_gf_arena;iidx_lm;popn_pikapika;sdvx_vm,beatstream:8;dance_around:2;ddr:3;gitadora:6;groove_coaster:4;iidx:5;jubeat:2;popn:2;project_diva:4;reflec:8;sdvx:7;taiko:5,allnet;eagate;ziv
ラウンドワン横浜綱島店,神奈川県横浜市港北区樽町２−６−４０Ｔ-PLATZ内,35.5319981,139.6371792,chunithm;ddr;gitadora;iidx;maimai_dx;ongeki;other;polaris_chord;popn;sdvx,ddr_gold;gitadora_dm_arena;gitadora_gf_arena;iidx_lm;popn_pikapika;sdvx_vm,,allnet;eagate;ziv
ラウンドワン横浜駅西口店,神奈川県横浜市西区南幸２−８−１６,35.4639294,139.6179961,chunithm;dance_around;ddr;drs;gitadora;groove_coaster;iidx;jubeat;maimai_dx;nostalgia;ongeki;other;polaris_chord;popn;project_diva;sdvx;taiko,ddr_gold;gitadora_dm_arena;gitadora_gf_arena;iidx_lm;popn_pikapika;sdvx_vm,chunithm:8;dance_around:5;ddr:3;drs:2;gitadora:2;groove_coaster:2;iidx:6;jubeat:2;maimai_dx:6;nostalgia:2;ongeki:8;popn:3;project_diva:1;sdvx:8;taiko:4,allnet;eagate;ziv
ラウンドワン武蔵村山店,東京都武蔵村山市伊奈平３−１−１,35.7353291,139.3823619,chunithm;dance_around;ddr;drs;gitadora;iidx;maimai_dx;ongeki;other;polaris_chord;popn;sdvx,ddr_gold;gitadora_dm_arena;gitadora_gf_arena;iidx_lm;popn_pikapika;sdvx_vm,,allnet;eagate;ziv
ラウンドワン池袋店,東京都豊島区東池袋１−１４−１,35.7301352,139.7152049,chunithm;dance_around;ddr;drs;gitadora;iidx;jubeat;maimai_dx;nostalgia;ongeki;other;polaris_chord;popn;project_diva;sdvx;taiko,ddr_gold;gitadora_dm_arena;gitadora_gf_arena;iidx_lm;popn_pikapika;sdvx_vm,chunithm:16;dance_around:2;ddr:3;drs:2;gitadora:4;iidx:11;jubeat:1;maimai_dx:6;nostalgia:1;ongeki:4;polaris_chord:2;popn:7;project_diva:1;sdvx:11;taiko:4,allnet;eagate;ziv
ラウンドワン沖縄・南風原店,沖縄県島尻郡南風原町字兼城５５２番地,26.1951082,127.7209626,chunithm;ddr;drs;gitadora;groove_coaster;iidx;jubeat;maimai_dx;nostalgia;ongeki;other;polaris_chord;popn;project_diva;sdvx;wacca,ddr_gold;gitadora_dm_arena;gitadora_gf_arena;iidx_lm;popn_pikapika;sdvx_vm,,allnet;eagate;ziv
ラウンドワン沖縄・宜野湾店,沖縄県宜野湾市真志喜３−２８−８,26.2758542,127.7310091,chunithm;ddr;drs;gitadora;groove_coaster;iidx;jubeat;maimai_dx;nostalgia;ongeki;other;polaris_chord;popn;project_diva;sdvx;taiko;wacca,ddr_gold;gitadora_dm_arena;gitadora_gf_arena;iidx_lm;popn_pikapika;sdvx_vm,,allnet;eagate;ziv
ラウンドワン津・高茶屋店,三重県津市高茶屋小森町２７７−８,34.6724656,136.5194702,chunithm;dance_around;ddr;gitadora;iidx;maimai_dx;ongeki;other;polaris_chord;popn;sdvx;taiko,ddr_gold;gitadora_dm_arena;gitadora_gf_arena;iidx_lm;popn_pikapika;sdvx_vm,chunithm:2;dance_around:1;ddr:1;gitadora:2;iidx:1;maimai_dx:2;ongeki:2;polaris_chord:2;popn:2;sdvx:2;taiko:2,allnet;eagate;ziv
ラウンドワン浜大津アーカス店,滋賀県大津市浜町２−１浜大津アーカス内,35.0108080,135.8666001,chunithm;ddr;gitadora;iidx;maimai_dx;ongeki;other;polaris_chord;popn;sdvx,ddr_gold;gitadora_dm_arena;gitadora_gf_arena;iidx_lm;popn_pikapika;sdvx_vm,,allnet;eagate;ziv
ラウンドワン浜松店,静岡県浜松市中央区天王町諏訪１９８１−１７,34.7379036,137.7641716,chunithm;dance_around;ddr;drs;gitadora;iidx;maimai_dx;ongeki;other;polaris_chord;popn;sdvx,ddr_gold;gitadora_dm_arena;gitadora_gf_arena;iidx_lm;popn_pikapika;sdvx_vm,,allnet;eagate;ziv
ラウンドワン熊本店,熊本県熊本市西区春日7-25-15,32.7850486,130.6775472,chunithm;dance_around;ddr;drs;gitadora;iidx;maimai_dx;nostalgia;ongeki;other;polaris_chord;popn;sdvx,ddr_gold;gitadora_dm_arena;gitadora_gf_arena;iidx_lm;popn_pikapika;sdvx_vm,,allnet;eagate;ziv
ラウンドワン町田店,東京都町田市森野１−１３−１４,35.5439665,139.4432308,chunithm;ddr;gitadora;iidx;jubeat;maimai_dx;ongeki;other;polaris_chord;popn;project_diva;sdvx,ddr_gold;gitadora_dm_arena;gitadora_gf_arena;iidx_lm;popn_pikapika;sdvx_vm,,allnet;eagate;ziv
ラウンドワン盛岡店,岩手県盛岡市盛岡駅西通２−１０−３５,39.7003942,141.1331774,chunithm;ddr;gitadora;iidx;maimai_dx;nostalgia;ongeki;other;polaris_chord;popn;sdvx,ddr_gold;gitadora_dm_arena;gitadora_gf_arena;iidx_lm;popn_pikapika;sdvx_vm,,allnet;eagate;ziv
ラウンドワン福山店,広島県福山市明神町１−９−２８,34.4892062,133.3924382,chunithm;dance_around;ddr;drs;gitadora;iidx;maimai_dx;ongeki;polaris_chord;popn;sdvx,ddr_gold;gitadora_dm_arena;gitadora_gf_arena;iidx_lm;popn_pikapika;sdvx_vm,,allnet;eagate;ziv
ラウンドワン福岡天神店,福岡県福岡市中央区天神２−６−１２,33.5894630,130.3967853,chunithm;dance_around;ddr;drs;gitadora;iidx;jubeat;maimai_dx;ongeki;polaris_chord;popn;sdvx,ddr_gold;gitadora_dm_arena;gitadora_gf_arena;iidx_lm;popn_pikapika;sdvx_vm,chunithm:1;dance_around:2;ddr:3;drs:3;gitadora:4;iidx:1;maimai_dx:1;polaris_chord:1;sdvx:1,allnet;eagate;ziv
ラウンドワン福島店,福島県福島市太田町14-18,37.7525491,140.4561307,chunithm;ddr;gitadora;iidx;jubeat;maimai_dx;nostalgia;ongeki;other;polaris_chord;popn;sdvx,ddr_gold;gitadora_dm_arena;gitadora_gf_arena;iidx_lm;popn_pikapika;sdvx_vm,,allnet;eagate;ziv
ラウンドワン秋田店,秋田県秋田市卸町１−１−２,39.7020319,140.1094121,chunithm;ddr;gitadora;iidx;jubeat;maimai_dx;nostalgia;ongeki;other;polaris_chord;popn;sdvx,ddr_gold;gitadora_dm_arena;gitadora_gf_arena;iidx_lm;popn_pikapika;sdvx_vm,,allnet;eagate;ziv
ラウンドワン習志野店,千葉県習志野市芝園１−４−５,35.6602102,140.0226100,chunithm;ddr;drs;gitadora;iidx;maimai_dx;nostalgia;ongeki;other;polaris_chord;popn;sdvx,ddr_gold;gitadora_dm_arena;gitadora_gf_arena;iidx_lm;popn_pikapika;sdvx_vm,,allnet;eagate;ziv
ラウンドワン草加店,埼玉県草加市谷塚上町２０４番１,35.8124211,139.7879027,chunithm;ddr;gitadora;iidx;maimai_dx;ongeki;other;polaris_chord;popn;sdvx,ddr_gold;gitadora_dm_arena;gitadora_gf_arena;iidx_lm;popn_pikapika;sdvx_vm,,allnet;eagate;ziv
ラウンドワン豊中店,大阪府豊中市名神口１−１−１,34.7574026,135.4656578,chunithm;ddr;gitadora;iidx;maimai_dx;ongeki;other;polaris_chord;popn;sdvx,ddr_gold;gitadora_dm_arena;gitadora_gf_arena;iidx_lm;popn_pikapika;sdvx_vm,,allnet;eagate;ziv
ラウンドワン豊橋店,愛知県豊橋市大岩町字岩田２７−２,34.7237006,137.4326113,chunithm;dance_around;ddr;gitadora;iidx;maimai_dx;ongeki;other;polaris_chord;popn;sdvx,ddr_gold;gitadora_dm_arena;gitadora_gf_arena;iidx_lm;popn_pikapika;sdvx_vm,,allnet;eagate;ziv
ラウンドワン郡山店,福島県郡山市向河原町４−５５,37.4023215,140.3956360,chunithm;ddr;gitadora;iidx;maimai_dx;nostalgia;ongeki;other;polaris_chord;popn;sdvx,ddr_gold;gitadora_dm_arena;gitadora_gf_arena;iidx_lm;popn_pikapika;sdvx_vm,,allnet;eagate;ziv
ラウンドワン金沢店,石川県金沢市横川6-120-1,36.5420630,136.6259888,chunithm;dance_around;ddr;drs;gitadora;iidx;jubeat;maimai_dx;nostalgia;ongeki;polaris_chord;popn;sdvx,ddr_gold;gitadora_dm_arena;gitadora_gf_arena;iidx_lm;popn_pikapika;sdvx_vm,dance_around:2;ddr:1;drs:2,allnet;eagate;ziv
ラウンドワン長野店,長野県長野市大字東和田８２７番地６,36.6511151,138.2254058,chunithm;dance_around;ddr;gitadora;iidx;jubeat;maimai_dx;nostalgia;ongeki;other;polaris_chord;popn;sdvx,ddr_gold;gitadora_dm_arena;gitadora_gf_arena;iidx_lm;popn_pikapika;sdvx_vm,,allnet;eagate;ziv
ラウンドワン青森店,青森県青森市浜田３−１−１,40.7986939,140.7484106,chunithm;dance_around;ddr;drs;gitadora;iidx;jubeat;maimai_dx;nostalgia;ongeki;other;polaris_chord;popn;sdvx;taiko,ddr_gold;gitadora_dm_arena;gitadora_gf_arena;iidx_lm;popn_pikapika;sdvx_vm,chunithm:4;dance_around:1;ddr:1;drs:1;gitadora:2;jubeat:2;maimai_dx:3;ongeki:4;polaris_chord:4;popn:1;sdvx:2;taiko:2,allnet;eagate;ziv
ラウンドワン静岡・駿河店,静岡県静岡市駿河区向手越１丁目１０−１,34.9509793,138.3605224,chunithm;dance_around;ddr;gitadora;iidx;maimai_dx;ongeki;other;polaris_chord;popn;sdvx,ddr_gold;gitadora_dm_arena;gitadora_gf_arena;iidx_lm;popn_pikapika;sdvx_vm,,allnet;eagate;ziv
ラウンドワン高松店,香川県高松市松島町２−７−４３,34.3389079,134.0670672,chunithm;dance_around;ddr;drs;gitadora;iidx;maimai_dx;ongeki;other;polaris_chord;popn;sdvx,ddr_gold;gitadora_dm_arena;gitadora_gf_arena;iidx_lm;popn_pikapika;sdvx_vm,,allnet;eagate;ziv
ラウンドワン高槻店,大阪府高槻市辻子３−６−４,34.8326157,135.6300541,chunithm;dance_around;ddr;gitadora;iidx;maimai_dx;ongeki;polaris_chord;popn;sdvx,ddr_gold;gitadora_dm_arena;gitadora_gf_arena;iidx_lm;popn_pikapika;sdvx_vm,,allnet;eagate
ラウンドワン高知店,高知県高知市南宝永町４−１２,33.5578349,133.5543516,chunithm;dance_around;ddr;drs;gitadora;iidx;jubeat;maimai_dx;nostalgia;ongeki;other;polaris_chord;popn;project_diva;sdvx,ddr_gold;gitadora_dm_arena;gitadora_gf_arena;iidx_lm;popn_pikapika;sdvx_vm,,allnet;eagate;ziv
ラウンドワン鹿児島宇宿店,鹿児島県鹿児島市宇宿2-2-2,31.5447366,130.5434185,chunithm;dance_around;ddr;drs;gitadora;iidx;jubeat;maimai_dx;nostalgia;ongeki;other;polaris_chord;popn;project_diva;sdvx,ddr_gold;gitadora_dm_arena;gitadora_gf_arena;iidx_lm;popn_pikapika;sdvx_vm,,allnet;eagate;ziv
ラッキー中央店・フェリシダ,千葉県千葉市中央区富士見2-8-1,35.6102534,140.1182646,chunithm;ddr;drs;gitadora;iidx;jubeat;maimai_dx;nostalgia;ongeki;polaris_chord;popn;project_diva;pump_it_up;reflec;sdvx,ddr_gold;gitadora_dm_arena;gitadora_gf_arena;iidx_lm;popn_pikapika;sdvx_vm,,allnet;eagate;ziv
ロックンボウル,秋田県秋田市広面字長沼３０１,39.7172790,140.1434433,chunithm;ddr;gitadora;iidx;maimai_dx;other;popn,iidx_lm;popn_pikapika,,allnet;eagate;ziv
三冠王バッティングセンター,長崎県佐世保市相浦町２６８９−１,33.1907601,129.6529090,chunithm;ddr;gitadora;iidx;jubeat;maimai_dx;nostalgia;popn;project_diva;reflec;sdvx,iidx_lm;sdvx_vm,ddr:1;gitadora:4;iidx:1;jubeat:1;popn:1;reflec:1;sdvx:2,allnet;eagate;ziv
上越レジャーランボウル,新潟県上越市下門前薬島827-2,37.1641021,138.2489784,chunithm;ddr;iidx;maimai_dx;ongeki;other;sdvx,ddr_gold;iidx_lm;sdvx_vm,,allnet;eagate;ziv
千葉レジャーランド成東店,千葉県山武市姫島111-1,35.5884397,140.3901993,chunithm;ddr;iidx;jubeat;maimai_dx;ongeki;other;polaris_chord;popn;sdvx,ddr_gold;iidx_lm;popn_pikapika;sdvx_vm,,allnet;eagate;ziv
千葉レジャーランド野田店,千葉県野田市吉春776-1,35.9715710,139.8653064,chunithm;ddr;gitadora;iidx;jubeat;maimai_dx;nostalgia;ongeki;other;polaris_chord;popn;project_diva;sdvx,ddr_gold;gitadora_dm_arena;gitadora_gf_arena;iidx_lm;popn_pikapika;sdvx_vm,,allnet;eagate;ziv
名古屋レジャーランド内田橋店,愛知県名古屋市南区内田橋2-26-22,35.1137608,136.9098442,chunithm;ddr;gitadora;iidx;jubeat;maimai_dx;nostalgia;ongeki;other;polaris_chord;popn;project_diva;sdvx;taiko,ddr_gold;gitadora_dm_arena;gitadora_gf_arena;iidx_lm;popn_pikapika;sdvx_vm,chunithm:4;ddr:2;gitadora:4;iidx:4;jubeat:1;maimai_dx:2;nostalgia:1;ongeki:4;polaris_chord:4;popn:1;project_diva:1;sdvx:4;taiko:4,allnet;eagate;ziv
埼玉レジャーランド大宮ラクーン店,埼玉県さいたま市大宮区宮町1-60 RAKUUN５階,35.9077510,139.6256804,chunithm;ddr;gitadora;iidx;maimai_dx;ongeki;other;polaris_chord;popn;sdvx;taiko,ddr_gold;gitadora_dm_arena;gitadora_gf_arena;iidx_lm;popn_pikapika;sdvx_vm,,allnet;eagate;ziv
埼玉レジャーランド大宮駅東口店,埼玉県さいたま市大宮区宮町1-8大宮セントラルビルB1F-2F,35.9079906,139.6245492,chunithm;ddr;gitadora;iidx;maimai_dx;ongeki;polaris_chord;popn;sdvx,ddr_gold;gitadora_dm_arena;gitadora_gf_arena;iidx_lm;popn_pikapika;sdvx_vm,,allnet;eagate
埼玉レジャーランド春日部店,埼玉県春日部市大字増富字谷際163-1,35.9593592,139.7292399,chunithm;ddr;gitadora;iidx;jubeat;maimai_dx;ongeki;other;polaris_chord;popn;sdvx,ddr_gold;gitadora_dm_arena;gitadora_gf_arena;iidx_lm;popn_pikapika;sdvx_vm,,allnet;eagate;ziv
大慶園,市川市大町359,35.7630430,139.9693300,ddr;drs;gitadora;iidx;jubeat;nostalgia;popn,popn_pikapika,,eagate
安城メトロポリス,愛知県安城市浜富町６−８,34.9551953,137.0973455,chunithm;ddr;gitadora;iidx;maimai_dx;ongeki;other;polaris_chord;popn;sdvx,ddr_gold;gitadora_dm_arena;gitadora_gf_arena;iidx_lm;popn_pikapika;sdvx_vm,,allnet;eagate;ziv
富山レジャーランド掛尾店,富山県富山市掛尾町３６０−１,36.6660317,137.2088901,chunithm;ddr;iidx;maimai_dx;popn;sdvx,ddr_gold;iidx_lm;popn_pikapika;sdvx_vm,,allnet;eagate
岐阜レジャーランド穂積店,岐阜県瑞穂市稲里630番地,35.3843322,136.6846639,chunithm;ddr;drs;gitadora;iidx;jubeat;maimai_dx;ongeki;other;polaris_chord;popn;project_diva;sdvx,ddr_gold;gitadora_dm_arena;gitadora_gf_arena;iidx_lm;popn_pikapika;sdvx_vm,,allnet;eagate;ziv
星狩物語岸和田店,大阪府岸和田市作才町1-3-2,34.4544936,135.3850002,chunithm;ddr;gitadora;iidx;maimai_dx;other;popn;reflec;sdvx,ddr_gold;iidx_lm,,allnet;eagate;ziv
東京レジャーランド亀有店,東京都葛飾区亀有3-21-2,35.7654165,139.8480115,chunithm;ddr;gitadora;iidx;maimai_dx;ongeki;popn;sdvx,ddr_gold;gitadora_dm_arena;gitadora_gf_arena;iidx_lm;popn_pikapika;sdvx_vm,chunithm:4;iidx:2;maimai_dx:2;ongeki:2;sdvx:2,allnet;eagate;ziv
東京レジャーランド吉祥寺店,東京都武蔵野市吉祥寺本町1-3-7　YSビル地下１階〜4階,35.7035980,139.5787046,chunithm;ddr;gitadora;iidx;maimai_dx;ongeki;other;popn;sdvx,ddr_gold;gitadora_dm_arena;gitadora_gf_arena;iidx_lm;popn_pikapika;sdvx_vm,,allnet;eagate;ziv
東京レジャーランド池袋店,東京都豊島区東池袋１−２９−１サントロペ池袋２階３階,35.7304887,139.7164445,chunithm;ddr;gitadora;iidx;jubeat;maimai_dx;nostalgia;ongeki;other;polaris_chord;popn;project_diva;sdvx;taiko,ddr_gold;gitadora_dm_arena;gitadora_gf_arena;iidx_lm;popn_pikapika;sdvx_vm,chunithm:10;ddr:5;gitadora:2;iidx:7;jubeat:1;maimai_dx:4;nostalgia:1;ongeki:4;popn:4;project_diva:1;sdvx:8;taiko:8,allnet;eagate;ziv
東京レジャーランド秋葉原2号店,東京都千代田区外神田4-3-3ミナミビル6F・7F,35.7008302,139.7718494,chunithm;ddr;gitadora;iidx;jubeat;maimai_dx;ongeki;other;polaris_chord;popn;sdvx;taiko,ddr_gold;gitadora_dm_arena;gitadora_gf_arena;iidx_lm;popn_pikapika;sdvx_vm,chunithm:4;ddr:7;gitadora:2;iidx:6;jubeat:3;maimai_dx:3;ongeki:4;polaris_chord:2;popn:2;sdvx:8;taiko:3,allnet;eagate;ziv
東京レジャーランド秋葉原店,東京都千代田区外神田1-9-5,35.6987469,139.7701470,chunithm;ddr;gitadora;iidx;maimai_dx;ongeki;other;polaris_chord;popn;project_diva;sdvx;taiko,ddr_gold;gitadora_dm_arena;gitadora_gf_arena;iidx_lm;popn_pikapika;sdvx_vm,chunithm:8;ddr:4;gitadora:2;iidx:12;maimai_dx:2;ongeki:5;polaris_chord:4;popn:4;project_diva:1;sdvx:8;taiko:3,allnet;eagate;ziv
楽市楽座イオンモール土浦店,茨城県土浦市上高津３６７イオンモール土浦ＳＣ３階,36.0800877,140.1808547,chunithm;ddr;iidx;maimai_dx,,,allnet;eagate
楽市楽座イオンモール扶桑店,愛知県丹羽郡扶桑町南山名高塚5番地イオンモール扶桑2階,35.3612155,136.9005082,chunithm;ddr;iidx;maimai_dx;nostalgia;ongeki;popn,ddr_gold;iidx_lm,,allnet;eagate
楽市楽座イオンモール松本店,長野県松本市中央四丁目９番５１号,36.2340216,137.9781532,chunithm;ddr;iidx;maimai_dx;sdvx,sdvx_vm,,allnet;eagate
楽市楽座イオンモール福岡伊都店,福岡県福岡市西区北原1-3-1イオンモール福岡伊都SC別館,33.5770481,130.2564028,chunithm;ddr;drs;gitadora;iidx;jubeat;maimai_dx;nostalgia;ongeki;other;polaris_chord;popn;sdvx,ddr_gold;gitadora_dm_arena;gitadora_gf_arena;iidx_lm;popn_pikapika;sdvx_vm,,allnet;eagate;ziv
楽市楽座サンストリート浜北店,静岡県浜松市浜名区平口２８６１サンストリート浜北,34.7957494,137.7611092,chunithm;ddr;drs;gitadora;iidx;jubeat;maimai_dx;ongeki;popn;project_diva;sdvx,ddr_gold;gitadora_dm_arena;gitadora_gf_arena;iidx_lm;popn_pikapika;sdvx_vm,,allnet;eagate
楽市楽座黒崎店,福岡県北九州市八幡西区桜ヶ丘町１−３フレスポ黒崎２階,33.8656842,130.7560629,chunithm;ddr;drs;gitadora;iidx;jubeat;maimai_dx;nostalgia;ongeki;other;popn;project_diva;sdvx,ddr_gold;gitadora_dm_arena;gitadora_gf_arena;iidx_lm;popn_pikapika;sdvx_vm,,allnet;eagate;ziv
楽市街道 名古屋店,愛知県北名古屋市中之郷新明４５−１,35.2398490,136.8488049,chunithm;ddr;gitadora;iidx;maimai_dx;other;sdvx;taiko,gitadora_dm_arena;gitadora_gf_arena;iidx_lm;sdvx_vm,chunithm:3;ddr:1;gitadora:2;iidx:1;maimai_dx:2;sdvx:1;taiko:2,allnet;eagate;ziv
楽市街道箱崎店,福岡県福岡市東区箱崎５丁目１番８号,33.6242624,130.4196214,chunithm;dance_evo;ddr;gitadora;iidx;jubeat;maimai_dx;nostalgia;ongeki;other;popn;project_diva;sdvx,ddr_gold;gitadora_dm_arena;gitadora_gf_arena;iidx_lm;popn_pikapika;sdvx_vm,,allnet;eagate;ziv
永山コパボウル,多摩市永山1-3-4ヒューマックスパビリオン6F,35.6315068,139.4479486,ddr;gitadora;iidx;popn;sdvx,ddr_gold;iidx_lm;sdvx_vm,,eagate
滋賀レジャーランド大津店,滋賀県大津市におの浜３−１−４３　イオンタウンアヤハプラザ内,35.0039335,135.8834052,chunithm;ddr;iidx;maimai_dx;ongeki;other;popn;project_diva;sdvx,ddr_gold;iidx_lm;sdvx_vm,,allnet;eagate;ziv
神奈川レジャーランド厚木店,神奈川県厚木市戸室5-31-1,35.4481120,139.3431770,chunithm;dance_evo;ddr;drs;gitadora;iidx;jubeat;maimai_dx;nostalgia;ongeki;other;polaris_chord;popn;project_diva;reflec;sdvx,ddr_gold;gitadora_dm_arena;gitadora_gf_arena;iidx_lm;popn_pikapika;sdvx_vm,,allnet;eagate;ziv
福井レジャーランド板垣店,福井県福井市下馬３−１０２,36.0423089,136.2337626,chunithm;ddr;gitadora;iidx;jubeat;maimai_dx;ongeki;other;polaris_chord;popn;sdvx,ddr_gold;gitadora_dm_arena;gitadora_gf_arena;iidx_lm;popn_pikapika;sdvx_vm,,allnet;eagate;ziv
群馬レジャーランド伊勢崎店,群馬県伊勢崎市連取町3066-1,36.3182128,139.1723709,chunithm;ddr;gitadora;iidx;jubeat;maimai_dx;ongeki;other;polaris_chord;popn;sdvx,ddr_gold;gitadora_dm_arena;gitadora_gf_arena;iidx_lm;popn_pikapika;sdvx_vm,,allnet;eagate;ziv
群馬レジャーランド前橋店,群馬県前橋市日吉町４ー３７ー１,36.4049826,139.0794233,chunithm;ddr;gitadora;iidx;maimai_dx;ongeki;polaris_chord;popn;sdvx,ddr_gold;gitadora_dm_arena;gitadora_gf_arena;iidx_lm;popn_pikapika;sdvx_vm,,allnet;eagate
群馬レジャーランド太田店,群馬県太田市西矢島町162-2,36.2681054,139.3759251,chunithm;ddr;gitadora;iidx;jubeat;maimai_dx;nostalgia;ongeki;other;polaris_chord;popn;sdvx,ddr_gold;gitadora_dm_arena;gitadora_gf_arena;iidx_lm;popn_pikapika;sdvx_vm,,allnet;eagate;ziv
群馬レジャーランド渋川店,群馬県渋川市八木原1364,36.4741949,139.0153797,chunithm;ddr;gitadora;iidx;maimai_dx;nostalgia;ongeki;other;polaris_chord;popn;sdvx,ddr_gold;gitadora_dm_arena;gitadora_gf_arena;iidx_lm;popn_pikapika;sdvx_vm,,allnet;eagate;ziv
群馬レジャーランド藤岡店,群馬県藤岡市中2002-1,36.2743443,139.0718665,chunithm;ddr;gitadora;iidx;jubeat;maimai_dx;nostalgia;ongeki;other;polaris_chord;popn;project_diva;sdvx,ddr_gold;gitadora_dm_arena;gitadora_gf_arena;iidx_lm;popn_pikapika;sdvx_vm,,allnet;eagate;ziv
群馬レジャーランド高崎駅東口店,群馬県高崎市江木町３３３−１高崎ＥＸビル,36.3298716,139.0128575,chunithm;ddr;drs;gitadora;iidx;jubeat;maimai_dx;nostalgia;ongeki;other;polaris_chord;popn;sdvx,ddr_gold;gitadora_dm_arena;gitadora_gf_arena;iidx_lm;popn_pikapika;sdvx_vm,,allnet;eagate;ziv
Ａ．Ｃ．グランド,岐阜県岐阜市茜部大川1-77,35.3830948,136.7461877,chunithm;ddr;drs;gitadora;groove_coaster;iidx;jubeat;maimai_dx;nostalgia;ongeki;other;polaris_chord;popn;project_diva;pump_it_up;reflec;sdvx;taiko,ddr_gold;gitadora_dm_arena;gitadora_gf_arena;iidx_lm;popn_pikapika;sdvx_vm,chunithm:4;ddr:1;drs:1;gitadora:4;groove_coaster:1;iidx:4;jubeat:2;maimai_dx:2;nostalgia:2;ongeki:2;polaris_chord:2;popn:1;project_diva:1;pump_it_up:1;reflec:1;sdvx:4;taiko:2,allnet;eagate;ziv
ＡＤＸマミー岡崎店,愛知県岡崎市井田新町６−１,34.9770308,137.1617195,chunithm;ddr;gitadora;iidx;jubeat;maimai_dx;ongeki;other;popn;sdvx,iidx_lm;popn_pikapika;sdvx_vm,,allnet;eagate;ziv
ＦｅｅｄｙＡｒｃａｄｅ新潟亀田インター,新潟県新潟市江南区下早通柳田１ー１ー１　イオンモール２階,37.8760671,139.0812391,chunithm;ddr;gitadora;maimai_dx;ongeki,,,allnet;eagate
ＦｅｅｄｙＤｉｎｅｒ＆Ａｒｃａｄｅ綾川,香川県綾歌郡綾川町萱原８２２−１　イオン綾川ＳＣ３Ｆ,34.2516659,133.9310040,chunithm;ddr;iidx;maimai_dx;ongeki;polaris_chord;popn,iidx_lm,,allnet;eagate
Ｇ−ｐａｌａ小倉,福岡県北九州市小倉南区上葛原1−14−1,33.8396527,130.9113355,chunithm;ddr;iidx;jubeat;maimai_dx;ongeki;other;polaris_chord;popn;project_diva;sdvx,ddr_gold;iidx_lm;sdvx_vm,,allnet;eagate;ziv
ＧＡＭＥＢＡＮＫ仙台泉店,宮城県仙台市泉区大沢２−５−４,38.3527525,140.8774030,chunithm;ddr;drs;gitadora;iidx;jubeat;maimai_dx;nostalgia;ongeki;other;popn;project_diva;sdvx,gitadora_dm_arena;iidx_lm;sdvx_vm,,allnet;eagate;ziv
ＧｉＧＯあべのアポロ３Ｆ,大阪府大阪市阿倍野区阿倍野筋１‐５‐３１　アポロビル３Ｆ,34.6465681,135.5117823,chunithm;ddr;gitadora;iidx;maimai_dx;ongeki;other;polaris_chord;popn;sdvx,ddr_gold;gitadora_dm_arena;gitadora_gf_arena;iidx_lm;popn_pikapika;sdvx_vm,,allnet;eagate;ziv
ＧｉＧＯすすきの,北海道札幌市中央区南３条西４丁目１ー１,43.0564347,141.3528307,chunithm;ddr;iidx;maimai_dx;ongeki;popn;sdvx,ddr_gold;iidx_lm;popn_pikapika;sdvx_vm,,allnet;eagate
ＧｉＧＯイオンモール新発田,新潟県新発田市住吉町５‐１１‐５イオンモール新発田店２Ｆ,37.9425520,139.3088201,chunithm;ddr;iidx;maimai_dx;ongeki;polaris_chord;popn;sdvx,iidx_lm;sdvx_vm,,allnet;eagate
ＧｉＧＯイオン仙台中山,宮城県仙台市泉区南中山１−３５−５７別館３Ｆ,38.2978961,140.8270835,chunithm;ddr;iidx;maimai_dx;ongeki;other;sdvx,ddr_gold;iidx_lm;sdvx_vm,,allnet;eagate;ziv
ＧｉＧＯイオン札幌手稲駅前ＳＣ,北海道札幌市手稲区前田１条１１丁目３階,43.1205333,141.2454205,chunithm;ddr;iidx;maimai_dx;ongeki;polaris_chord;popn;sdvx,ddr_gold;iidx_lm;sdvx_vm,,allnet;eagate
ＧｉＧＯデイズタウンつくば,茨城県つくば市竹園１-９−２デイズタウンつくば地下１Ｆ,36.0777294,140.1153316,chunithm;crossbeats;dance_evo;ddr;drs;gitadora;iidx;jubeat;maimai_dx;museca;nostalgia;ongeki;other;polaris_chord;popn;project_diva;pump_it_up;reflec;sdvx,ddr_gold;gitadora_dm_arena;gitadora_gf_arena;iidx_lm;popn_pikapika;sdvx_vm,crossbeats:1;dance_evo:1;ddr:3;drs:1;iidx:2;jubeat:8;museca:1;pump_it_up:1,allnet;eagate;ziv
ＧｉＧＯドリームタウン白樺,北海道帯広市白樺１６条西２丁目ドリームタウン白樺１階,42.9194181,143.1743325,chunithm;ddr;gitadora;iidx;maimai_dx;ongeki;other;polaris_chord;popn;project_diva;sdvx,ddr_gold;iidx_lm;popn_pikapika;sdvx_vm,,allnet;eagate;ziv
ＧｉＧＯマーケットスクエアささしま,愛知県名古屋市中村区平池町４丁目６０番地１４号,35.1626230,136.8849364,chunithm;ddr;gitadora;iidx;jubeat;maimai_dx;nostalgia;ongeki;other;polaris_chord;popn;project_diva;sdvx;taiko,ddr_gold;gitadora_dm_arena;gitadora_gf_arena;iidx_lm;popn_pikapika;sdvx_vm,chunithm:6;ddr:2;gitadora:2;iidx:4;jubeat:1;maimai_dx:5;nostalgia:2;ongeki:4;polaris_chord:2;popn:1;project_diva:1;sdvx:4;taiko:3,allnet;eagate;ziv
ＧｉＧＯ仙台,宮城県仙台市青葉区中央２−５−５三経６０ビル,38.2616214,140.8767359,chunithm;ddr;drs;iidx;maimai_dx;nostalgia;ongeki;other;polaris_chord;popn;project_diva;sdvx,ddr_gold;iidx_lm;popn_pikapika;sdvx_vm,,allnet;eagate;ziv
ＧｉＧＯ仙台一番町,宮城県仙台市青葉区一番町４丁目５番１３号サンシャインビル１階,38.2641347,140.8711617,chunithm;ddr;gitadora;iidx;maimai_dx;ongeki;other;polaris_chord;popn;sdvx,ddr_gold;gitadora_dm_arena;gitadora_gf_arena;iidx_lm;popn_pikapika;sdvx_vm,,allnet;eagate;ziv
ＧｉＧＯ会津若松,福島県会津若松市町北町上荒久田字宮下１４２,37.5183115,139.9221731,chunithm;ddr;iidx;maimai_dx;ongeki;other;polaris_chord;popn;sdvx,ddr_gold;iidx_lm;popn_pikapika;sdvx_vm,,allnet;eagate;ziv
ＧｉＧＯ八柱,千葉県松戸市日暮１−１−１八柱駅第２ビル２Ｆ,35.7913772,139.9377874,chunithm;ddr;iidx;jubeat;maimai_dx;ongeki;other;polaris_chord;popn;sdvx,ddr_gold;iidx_lm;popn_pikapika;sdvx_vm,,allnet;eagate;ziv
ＧｉＧＯ利府,宮城県宮城郡利府町加瀬字新前谷地５５−１,38.3280286,140.9756113,chunithm;ddr;iidx;maimai_dx;ongeki;other;popn;sdvx,ddr_gold;iidx_lm;popn_pikapika;sdvx_vm,,allnet;eagate;ziv
ＧｉＧＯ北岡崎,愛知県岡崎市錦町２番地４,34.9733728,137.1599159,chunithm;ddr;drs;gitadora;iidx;jubeat;maimai_dx;nostalgia;ongeki;other;polaris_chord;popn;project_diva;sdvx,ddr_gold;gitadora_dm_arena;gitadora_gf_arena;iidx_lm;popn_pikapika;sdvx_vm,,allnet;eagate;ziv
ＧｉＧＯ北見,北海道北見市西三輪５丁目１番地１６号,43.7965975,143.8426114,chunithm;ddr;gitadora;iidx;jubeat;maimai_dx;ongeki;other;polaris_chord;popn;sdvx;taiko,ddr_gold;iidx_lm;sdvx_vm,,allnet;eagate;ziv
ＧｉＧＯ大森,東京都大田区山王２−１−５大森駅ララビル２Ｆ,35.5900117,139.7284234,chunithm;ddr;gitadora;iidx;jubeat;maimai_dx;ongeki;other;polaris_chord;popn;project_diva;sdvx,ddr_gold;gitadora_dm_arena;gitadora_gf_arena;iidx_lm;popn_pikapika;sdvx_vm,,allnet;eagate;ziv
ＧｉＧＯ大阪道頓堀本店,大阪府大阪市中央区道頓堀１丁目８番２２号道頓座ビル１〜３Ｆ,34.6684903,135.5016990,chunithm;ddr;gitadora;iidx;maimai_dx;ongeki;polaris_chord;project_diva;sdvx;taiko,ddr_gold;gitadora_dm_arena;gitadora_gf_arena;iidx_lm;sdvx_vm,chunithm:6;ddr:2;gitadora:2;iidx:3;maimai_dx:8;ongeki:2;polaris_chord:4;project_diva:1;sdvx:4;taiko:8,allnet;eagate;ziv
ＧｉＧＯ天童,山形県天童市南町１−５−２６,38.3429386,140.3741282,chunithm;ddr;drs;gitadora;iidx;jubeat;maimai_dx;nostalgia;ongeki;other;polaris_chord;popn;project_diva;sdvx,ddr_gold;iidx_lm;sdvx_vm,,allnet;eagate;ziv
ＧｉＧＯ宇都宮,栃木県宇都宮市東宿郷５−１−７,36.5583104,139.9088155,chunithm;ddr;drs;gitadora;iidx;jubeat;maimai_dx;nostalgia;ongeki;other;polaris_chord;popn;project_diva;sdvx,ddr_gold;gitadora_dm_arena;gitadora_gf_arena;iidx_lm;popn_pikapika;sdvx_vm,,allnet;eagate;ziv
ＧｉＧＯ布施,大阪府東大阪市長堂１−１−１ロンモール布施内,34.6641110,135.5627449,chunithm;ddr;drs;gitadora;iidx;jubeat;maimai_dx;nostalgia;ongeki;other;polaris_chord;popn;project_diva;sdvx,ddr_gold;iidx_lm;popn_pikapika;sdvx_vm,,allnet;eagate;ziv
ＧｉＧＯ幕張,千葉県千葉市美浜区ひび野１−８メッセ・アミューズ・モール１Ｆ,35.6499867,140.0426445,chunithm;ddr;gitadora;iidx;jubeat;maimai_dx;ongeki;other;polaris_chord;popn;project_diva;sdvx,ddr_gold;iidx_lm;popn_pikapika;sdvx_vm,chunithm:4;gitadora:2;maimai_dx:2;ongeki:2;project_diva:2;sdvx:1,allnet;eagate;ziv
ＧｉＧＯ成増,東京都板橋区成増２ー１７ー２４五曠第６ビル,35.7774582,139.6312607,chunithm;ddr;gitadora;iidx;maimai_dx;nostalgia;ongeki;polaris_chord;popn;project_diva;sdvx,ddr_gold;iidx_lm;popn_pikapika;sdvx_vm,,allnet;eagate
ＧｉＧＯ札幌駅西口,北海道札幌市北区北６条西６丁目１‐１,43.0675310,141.3462795,chunithm;ddr;gitadora;iidx;maimai_dx;ongeki;other;polaris_chord;popn;sdvx;taiko,ddr_gold;gitadora_dm_arena;gitadora_gf_arena;iidx_lm;popn_pikapika;sdvx_vm,chunithm:2;ddr:1;gitadora:2;iidx:4;maimai_dx:2;ongeki:2;polaris_chord:2;sdvx:4;taiko:2,allnet;eagate;ziv
ＧｉＧＯ水戸,茨城県水戸市宮町１−７−４４コムボックス３１０,36.3694663,140.4745213,chunithm;ddr;drs;gitadora;iidx;jubeat;maimai_dx;nostalgia;ongeki;other;polaris_chord;popn;project_diva;sdvx,ddr_gold;iidx_lm;popn_pikapika;sdvx_vm,,allnet;eagate;ziv
ＧｉＧＯ水戸南,茨城県水戸市千波町２０１７−１,36.3503245,140.4430002,chunithm;ddr;gitadora;iidx;jubeat;maimai_dx;nostalgia;ongeki;other;polaris_chord;popn;project_diva;sdvx,iidx_lm;popn_pikapika;sdvx_vm,,allnet;eagate;ziv
ＧｉＧＯ渋谷宮益坂,東京都渋谷区渋谷１−１４−１４ＥＳＴ１階・７階,35.6600164,139.7025897,chunithm;ddr;iidx;jubeat;maimai_dx;nostalgia;ongeki;other;polaris_chord;popn;project_diva;sdvx;taiko,ddr_gold;iidx_lm;popn_pikapika;sdvx_vm,chunithm:5;ddr:1;iidx:2;jubeat:1;maimai_dx:2;nostalgia:2;ongeki:1;polaris_chord:2;project_diva:1;sdvx:2;taiko:5,allnet;eagate;ziv
ＧｉＧＯ町田,東京都町田市原町田６−１３ー１７アーバンミサワビルＢ１,35.5438675,139.4469818,chunithm;ddr;iidx;maimai_dx;ongeki;other;polaris_chord;popn;project_diva;sdvx,ddr_gold;iidx_lm;popn_pikapika;sdvx_vm,,allnet;eagate;ziv
ＧｉＧＯ相模原,神奈川県相模原市中央区中央２−１−５,35.5735451,139.3710572,chunithm;ddr;gitadora;iidx;maimai_dx;ongeki;other;polaris_chord;popn;project_diva;sdvx,ddr_gold;iidx_lm;popn_pikapika;sdvx_vm,,allnet;eagate;ziv
ＧｉＧＯ相模大野,神奈川県相模原市南区相模大野３−１３−２東和ビル２Ｆ・３Ｆ,35.5321942,139.4358387,chunithm;ddr;gitadora;iidx;jubeat;maimai_dx;nostalgia;ongeki;other;polaris_chord;popn;project_diva;sdvx,ddr_gold;gitadora_dm_arena;gitadora_gf_arena;iidx_lm;popn_pikapika;sdvx_vm,,allnet;eagate;ziv
ＧｉＧＯ福岡天神,福岡県福岡市中央区天神２−７−６ＤＡＤＡビル,33.5898893,130.3966097,chunithm;ddr;drs;gitadora;iidx;maimai_dx;nostalgia;ongeki;other;polaris_chord;popn;project_diva;sdvx,ddr_gold;gitadora_dm_arena;gitadora_gf_arena;iidx_lm;popn_pikapika;sdvx_vm,,allnet;eagate;ziv
ＧｉＧＯ福島南,福島県福島市黒岩字中島７−２,37.7277789,140.4671413,chunithm;ddr;iidx;maimai_dx;ongeki;other;polaris_chord;popn;sdvx,ddr_gold;iidx_lm;popn_pikapika;sdvx_vm,,allnet;eagate;ziv
ＧｉＧＯ秋葉原３号館,東京都千代田区外神田１‐１１‐１１外神田１丁目ビルディング,35.6992573,139.7709038,chunithm;ddr;drs;gitadora;iidx;jubeat;maimai_dx;nostalgia;ongeki;other;polaris_chord;popn;project_diva;reflec;sdvx;taiko,ddr_gold;gitadora_dm_arena;gitadora_gf_arena;iidx_lm;popn_pikapika;sdvx_vm,chunithm:12;ddr:4;drs:2;gitadora:2;iidx:8;jubeat:1;maimai_dx:3;nostalgia:1;ongeki:6;polaris_chord:8;popn:1;project_diva:1;reflec:1;sdvx:8;taiko:6,allnet;eagate;ziv
ＧｉＧＯ綱島,神奈川県横浜市港北区綱島西２−６−２９,35.5363864,139.6328782,chunithm;ddr;gitadora;iidx;jubeat;maimai_dx;nostalgia;ongeki;other;polaris_chord;popn;project_diva;sdvx,ddr_gold;gitadora_dm_arena;gitadora_gf_arena;iidx_lm;popn_pikapika;sdvx_vm,,allnet;eagate;ziv
ＧｉＧＯ総本店,東京都豊島区東池袋一丁目１３番６号,35.7295307,139.7147102,chunithm;ddr;drs;gitadora;iidx;jubeat;maimai_dx;nostalgia;ongeki;other;polaris_chord;popn;project_diva;sdvx;taiko,ddr_gold;gitadora_dm_arena;gitadora_gf_arena;iidx_lm;popn_pikapika;sdvx_vm,chunithm:1;ddr:3;drs:1;gitadora:2;iidx:1;jubeat:1;maimai_dx:6;ongeki:6;polaris_chord:8;popn:1;sdvx:1;taiko:1,allnet;eagate;ziv
ＧｉＧＯ調布,東京都調布市布田４丁目２ー４,35.6509849,139.5442311,chunithm;ddr;gitadora;iidx;maimai_dx;ongeki;polaris_chord;sdvx,ddr_gold;iidx_lm;sdvx_vm,,allnet;eagate
ＧｉＧＯ豊田,愛知県豊田市深田町１−６５−１,35.0678723,137.1238001,chunithm;ddr;gitadora;iidx;maimai_dx;nostalgia;ongeki;other;polaris_chord;popn;sdvx,ddr_gold;iidx_lm;popn_pikapika;sdvx_vm,,allnet;eagate;ziv
ＧｉＧＯ赤羽駅前,東京都北区赤羽１−２−４,35.7782507,139.7215917,chunithm;ddr;gitadora;iidx;maimai_dx;ongeki;other;polaris_chord;popn;sdvx,ddr_gold;gitadora_dm_arena;gitadora_gf_arena;iidx_lm;popn_pikapika;sdvx_vm,,allnet;eagate;ziv
ＧｉＧＯ長久手,愛知県長久手市武蔵塚７０５,35.1714145,137.0454605,chunithm;ddr;gitadora;iidx;maimai_dx;ongeki;other;popn;sdvx;taiko,gitadora_dm_arena;gitadora_gf_arena;iidx_lm;popn_pikapika;sdvx_vm,chunithm:3;ddr:1;gitadora:2;iidx:2;maimai_dx:2;ongeki:3;popn:1;sdvx:2;taiko:2,allnet;eagate;ziv
ＧｉＧＯ難波アビオン,大阪府大阪市浪速区難波中２−３−１５　ＭＭＯビルＢ１Ｆ〜３Ｆ,34.6627327,135.5033112,chunithm;ddr;drs;gitadora;iidx;maimai_dx;nostalgia;ongeki;polaris_chord;popn;project_diva;pump_it_up;reflec;sdvx,ddr_gold;gitadora_dm_arena;gitadora_gf_arena;iidx_lm;popn_pikapika;sdvx_vm,chunithm:1;gitadora:2;iidx:4;maimai_dx:1;ongeki:1;polaris_chord:1;project_diva:1;pump_it_up:1;reflec:1;sdvx:1,allnet;eagate;ziv
ＧｉＧＯ高田馬場,東京都新宿区高田馬場４−７−５高田馬場グランド東京,35.7136018,139.7037221,chunithm;ddr;iidx;maimai_dx;ongeki;other;popn;sdvx,iidx_lm;popn_pikapika;sdvx_vm,,allnet;eagate;ziv
ＰＡＬＯ網走,北海道網走市駒場北５丁目８３番地,44.0009412,144.2839431,chunithm;ddr;maimai_dx;ongeki;other;project_diva,ddr_gold,,allnet;eagate;ziv
ＳＰＥＥＤ,山口県周南市大字久米３２１９,34.0339400,131.8346400,chunithm;ddr;gitadora;iidx;maimai_dx;ongeki;other;sdvx,ddr_gold;gitadora_dm_arena;gitadora_gf_arena;iidx_lm;sdvx_vm,,allnet;eagate;ziv
ＷＯＲＬＤ　ＧＡＭＥ　ＣＩＲＣＵＳ,東京都立川市羽衣町２−４−１３羽衣長田ビル１０１ＷＧＣ,35.6964221,139.4288034,chunithm;crossbeats;ddr;gitadora;iidx;jubeat;maimai_dx;museca;ongeki;other;polaris_chord;popn;project_diva;pump_it_up;reflec;sdvx;stepmaniax;taiko,ddr_gold;gitadora_dm_arena;gitadora_gf_arena;iidx_lm;popn_pikapika;sdvx_vm,chunithm:4;crossbeats:1;ddr:1;gitadora:10;iidx:6;jubeat:3;maimai_dx:1;museca:1;ongeki:1;popn:4;pump_it_up:1;reflec:1;sdvx:1;stepmaniax:1;taiko:1,allnet;eagate;ziv
YURAKUCHO,"N 5-7A,Rua de Sacadura Cabral N14-18B,R/C E,EDF.POU SENG",22.1991168,113.5469361,chunithm;dance_evo;ddr;drs;gitadora;groove_coaster;iidx;jubeat;maimai_dx;nostalgia;other;popn;pump_it_up;sdvx;taiko;wacca,,chunithm:6;dance_evo:1;ddr:2;drs:1;gitadora:2;groove_coaster:1;iidx:6;jubeat:4;maimai_dx:8;nostalgia:2;popn:1;pump_it_up:1;sdvx:4;taiko:2;wacca:2,allnet;bemanicn;ziv
"Berjaya Time Square (Cosmo’s World, Galaxy Station)","1 Jalan Imbi Bukit Bintang Kuala Lumpur, 55100, Bukit Bintang",3.1421551,101.7105165,ddr,,,ziv
"CKY Family Amusement Centre, Paragon","Level 1, Block B, Bintulu Paragon Jalan Old Airport, Bintulu Sarawak, 97000, Bintulu",3.1700935,113.0494505,ddr;other,,ddr:1,ziv
COW PLAY COW MOO SUTERA MALL,LG001-003 Sutera Mall 1 Jalan Sutera Tanjung 8/4,1.5171290,103.6714742,ddr;maimai_dx;other,,ddr:1;maimai_dx:2,allnet;ziv
"GAMEON Arcade Arena, Pavillion Bukit Jalil","L4.30.01 & L4.30.02 Pavilion Bukit Jalil Shopping Centre, Pusat Bandar, 2, Persiaran Jalil Utama, Bukit Jalil, Kuala Lumpur Wilayah Persekutuan Kuala Lumpur, 57000, Kuala Lumpur",3.0498478,101.6729678,chunithm;ddr;maimai_dx;other,,chunithm:4;ddr:2;maimai_dx:4,ziv
MOLLY FANTASY IPOH PARADE,"105,Jalan Sultan Abdul Jalil,Greentown,30450 Ipoh,Perak",4.5975025,101.0911448,chunithm;ddr;gitadora;maimai_dx;other;taiko,,chunithm:2;ddr:1;gitadora:2;maimai_dx:2;taiko:2,allnet;ziv
NextGen Theme Park 1Utama,"S603-S610, Level 2, 1 Utama E, 1 Utama Shopping Centre, Central Park Avenue, Bandar Utama, Petaling Jaya Selangor, 47800, Petaling Jaya",3.1488077,101.6173420,chunithm;ddr;maimai_dx;other;taiko,,chunithm:2;ddr:1;maimai_dx:2;taiko:1,ziv
Wonderland Entertainment Center - Mahkota Parade,"Jalan Merdeka Bandar Hilir Melaka, 75000, Bandar Hilir",2.1880693,102.2508554,ddr;iidx;other;pump_it_up,,,ziv
Madiana - Palais Des Congrès De La Martinique,"Impasse Des Quissys Schoelcher Fort-de-France, 97233, Schoelcher",14.6148712,-61.0949922,ddr;other,,,ziv
Arcade Monterrey,"Av. Paseo De Los Leones, 5a. Avenida 1649 Cumbres Del Sur, 1er Sector Monterrey Nuevo León, 66250, Monterrey",25.7006721,-100.3635805,ddr;other,,,ziv
Centro de Diversiones Fun eXtreme,"3 Avenida Pirgos Heroica Nogales Sonora, 84066, Heroica Nogales",31.2894981,-110.9390724,ddr;other;pump_it_up,,,ziv
Cinépolis Pabellón Rosarito,"Blvd. Benito Juárez 300 Rosarito Baja California, 22710, Rosarito",32.3768445,-117.0594335,ddr,,,ziv
Diversiónes Imagínate - San Luis,"Av. Quintana Roo Calle 25 San Luis Río Colorado Sonora, 83447, San Luis Río Colorado",32.4458709,-114.7624272,ddr;other,,,ziv
GameBox,"GXHJ+69 Tijuana, Baja California, Mexico Tijuana Baja California, 22010, Tijuana",32.5288585,-117.0182471,ddr,,,ziv
Incredible Pizza,"Periférico de la Juventud, Paseo de Las Moras 6315 Chihuahua Chihuahua, 31110, Chihuahua",28.6690517,-106.1293781,ddr,,,ziv
Infinity Games @ Centro Comercial Valle Soleado,"450 Avenida Ruiz Cortines Guadalupe Nuevo León, 67114, Guadalupe",25.7041112,-100.1622593,ddr,,,ziv
Jump & Fly,"300 Escenica Tijuana-Ensenada Rosarito Baja California, 22710, Rosarito",32.3756394,-117.0596910,ddr,,,ziv
La Horda Bar Arcade,"Calle Diego De Montemayor 827 Sur Monterrey Nuevo León, 64000, Monterrey",25.6677097,-100.3071468,chunithm;ddr;groove_coaster;jubeat;nostalgia;other;project_diva;pump_it_up;sdvx;taiko;wacca,,,ziv
La Horda Bar Arcade Sanico,"Av Juan Pablo II 450 L-24 Francisco Garza Sada San Nicolás De Los Garza Nuevo León, 66490, San Nicolás De Los Garza",25.7082309,-100.2626809,ddr;gitadora;other;popn;project_diva;pump_it_up,,,ziv
Mundo Aventuras @ Plaza La Fe,"100 Avenida Rómulo Garza San Nicolás de los Garza Nuevo León, 66477, San Nicolás de los Garza",25.7236349,-100.2169412,ddr;other,,,ziv
Oh Zone!,"11999 Boulevard Agua Caliente Tijuana Baja California, 22024, Tijuana",32.5081000,-116.9922142,ddr;other;pump_it_up,,,ziv
OLD SCHOOL GAMES,"534C Avenida Lázaro Cárdenas Monterrey Nuevo León, 64610, Monterrey",25.6988383,-100.3558915,ddr;pump_it_up,,,ziv
Plaza Garibaldi,"477A José Garibaldi Monterrey Nuevo León, 64000, Monterrey",25.6730356,-100.3169177,ddr;other;pump_it_up,,,ziv
Pool,"1831 Calle Pedro Anaya Saltillo Coahuila de Zaragoza, 25170, Saltillo",25.4086559,-101.0323977,ddr;other,,,ziv
XGames,"Jorge Jiménez Cantú 33, Ejidos de San Agustin, 56344 Cdad. Nezah Nezahualcóyotl Estado de Mexico, 56344, Nezahualcóyotl",19.3796660,-98.9779901,ddr;pump_it_up,,,ziv
Dream World,"285, Boulevard Brahim Roudani Casablanca Casablanca-Settat, 20250, Casablanca",33.5821921,-7.6328311,ddr;other,,,ziv
160k,"201 Schiekade Rotterdam Zuid-Holland, 3013 BR, Rotterdam",51.9253983,4.4769729,ddr;other;taiko,,,ziv
Akiba District,"Boven Clarenburg 7, Hoog Catharijne Mall Utrecht Utrecht, 3511 CR, Utrecht",52.0907401,5.1151174,chunithm;dance_evo;ddr;groove_coaster;iidx;jubeat;nostalgia;other;popn;project_diva;sdvx;stepmaniax;taiko;wacca,,chunithm:1;dance_evo:1;ddr:1;groove_coaster:1;iidx:1;jubeat:1;nostalgia:1;popn:1;project_diva:1;sdvx:2;stepmaniax:2;taiko:2;wacca:1,ziv
Circus Zandvoort,"Gasthuisplein 5 Zandvoort North Holland, 2042 JM, Zandvoort",52.3724986,4.5284154,ddr;other;pump_it_up,,,ziv
Club Puck,"747 Jan Evertsenstraat Amsterdam Noord-Holland, 1061 XZ, Amsterdam",52.3696571,4.8357831,ddr;groove_coaster;other;taiko,,,ziv
Funhouse Renesse,"182 Hogezoom Renesse Zeeland, 4325 BJ, Renesse",51.7305983,3.7711349,ddr;other,,,ziv
Gamestate Eindhoven,"45 Stationsplein Eindhoven Noord-Brabant, 5611 BC, Eindhoven",51.4414521,5.4805734,ddr;other,,,ziv
Gamestate Kerkrade,"2D Roda J.C. Ring Kerkrade Kerkrade Limburg, 6466 NH, Kerkrade",50.8578628,6.0032265,ddr;other,,,ziv
Gamestate Mall of the Netherlands,"Liguster 202 Leidschendam Zuid-Holland, 2262 AC, Leidschendam",52.0895886,4.3826559,ddr;other,,,ziv
King Cool Arcade,"Domoweg 1 Beilen Drenthe, 9411TX, Beilen",52.8560520,6.4978042,ddr;gitadora;other,,,ziv
Nationaal Videogame Museum,"Luxemburglaan 1 Zoetermeer Zuid-Holland, 2711 BD, Zoetermeer",52.0628739,4.4912525,chunithm;ddr;drs;gitadora;groove_coaster;iidx;jubeat;museca;nostalgia;ongeki;other;polaris_chord;popn;sdvx;stepmaniax;taiko;wacca,,chunithm:2;ddr:1;drs:1;gitadora:2;groove_coaster:2;iidx:31;jubeat:1;museca:1;nostalgia:1;ongeki:1;polaris_chord:1;popn:1;sdvx:2;stepmaniax:1;taiko:1;wacca:2,ziv
Rhythm Arcade,"Van Nesstraat 1a Alphen aan Den Rijn Zuid-Holland, 2404 AV, Alphen aan Den Rijn",52.1364350,4.6557408,chunithm;crossbeats;ddr;iidx;jubeat;other;popn;pump_it_up;sdvx;wacca,,,ziv
The Gaming Factory,"3B Arsenaalplein Vlissingen Zeeland, 4381 BL, Vlissingen",51.4410755,3.5777199,ddr;groove_coaster;jubeat;other;pump_it_up;taiko,,ddr:2;groove_coaster:1;jubeat:1;pump_it_up:1;taiko:1,ziv
TonTon Club Westergasfabriek,"Polonceaukade 27 Amsterdam Noord-Holland, 1014 DA, Amsterdam",52.3860121,4.8660618,ddr;drs;other;taiko,,,ziv
Archie Brothers Cirque Electriq @ Christchurch Central,"617 Colombo Street Christchurch Central City Christchurch Canterbury, 8011, Christchurch",-43.5351600,172.6364774,ddr;taiko,,,ziv
Archie Brothers Cirque Electriq @ Wellington,"1 Willis Street Wellington Wellington, 6011, Wellington",-41.2865814,174.7763008,ddr;other;taiko,,,ziv
Archie Brothers Cirque Electriq @ Westfield Newmarket,"277/309 Broadway, L3 Newmarket Auckland Auckland, 1023, Auckland",-36.8718106,174.7766340,ddr;other;taiko,,ddr:2;taiko:1,ziv
GameOn @ Queen Street,"Upper Basement, 291-297 Queen Street Auckland, New Zealand Auckland City Auckland, 1010, Auckland City",-36.8513857,174.7638531,chunithm;ddr;drs;gitadora;iidx;maimai_dx;nostalgia;other;pump_it_up;taiko,,chunithm:2;ddr:1;drs:1;gitadora:1;iidx:1;maimai_dx:2;nostalgia:1;pump_it_up:1;taiko:2,ziv
Starlight Arcade,"34 Te Roto Drive Paraparaumu Wellington, 5032, Paraparaumu",-40.9054753,174.9995462,ddr;other,,,ziv
Timezone @ Whangarei,"49 John Street Whangārei Northland, 0110, Whangārei",-35.7242931,174.3232604,ddr;other,,,ziv
TIMEZONE AUCKLAND CBD,"280 Queen Street, Auckland CBD 1010",-36.8504527,174.7651334,chunithm;ddr;maimai_dx;other;popn;pump_it_up;taiko,,chunithm:2;ddr:1;maimai_dx:2;popn:1;pump_it_up:1;taiko:1,allnet;ziv
TIMEZONE NEW MARKET,"135-141 Broadway, Newmarket, Auckland 1023",-36.8682537,174.7778716,ddr;maimai_dx;other;pump_it_up;taiko,,ddr:1;maimai_dx:2;pump_it_up:1;taiko:1,allnet;ziv
TIMEZONE PALMERSTON SQUARE,"113-116 The Square, Palmerston North Central,",-40.3551336,175.6120897,ddr;maimai_dx;other;taiko,,,allnet;ziv
ZONE Bowling @ Wairau,"12 Target Court Auckland Auckland, 0627, Auckland",-36.7661110,174.7359100,ddr;other;taiko,,,ziv
Arcade in Mega Plaza (not sure yet),"14b Idowu Martins Street Victoria Island Lagos Lagos, Lagos",6.4333233,3.4205302,ddr,,,ziv
Fun City Arcade @ Magic Land Amusement,"No. 1, Kukwaba Hills Constitution Avenue, Wuye Abuja Federal Capital Territory, Abuja",9.0431218,7.4520788,ddr,,,ziv
Tilt,"6 Badstugata Oslo Oslo, 0183, Oslo",59.9161968,10.7507100,ddr;other,,,ziv
MOY Park,"El Agustino Lima, El Agustino",-12.0410624,-77.0034528,ddr,,,ziv
Moy Park Larcomar,"2151 Jirón Áncash El Agustino Provincia de Lima, 15006, El Agustino",-12.0411064,-77.0030893,ddr;other;pump_it_up,,,ziv
Dodolon World Liana's Junction Plaza,"2F Liana's SUPERMARKET & DEPT. STORE Maharlika Highway corner Gov. Carpio Avenue, Poblacion IV Santo Tomas Batangas, Santo Tomas",14.1066520,121.1476886,ddr;other,,,ziv
Hiros Amusement Gaisano City Mall Cagayan de Oro,"Claro M. Recto Ave, Corrales Ave Poblacion Cagayan de Oro City Misamis Oriental, 9000, Cagayan de Oro City",8.4863955,124.6508253,ddr;gitadora;other;popn,,,ziv
Hiros Amusement Gaisano City Mall Iligan,"Roxas Avenue Iligan City Lanao del Norte, Iligan City",8.2306144,124.2412788,ddr;gitadora;other;popn,,,ziv
Hiros Amusement Gaisano Malaybalay,"Sayre Highway Malaybalay Northern Mindanao, 6000, Malaybalay",8.1547923,125.1276711,ddr;gitadora;other,,,ziv
MX Gaming Grounds,"2nd Floor, Brooklyn Warehouse, 2113 Recto Ave, Sampaloc Manila 1008, Manila",14.6011095,120.9897627,chunithm;dance_evo;ddr;iidx;maimai_dx;other;sdvx;taiko,,,ziv
Q POWER STATION SHANGRILA,"EASTWING EDSA CORNER SHAW BOULEVARD, MANDALUYONG CITY",14.5812818,121.0538687,chunithm;ddr;gitadora;maimai_dx;other;sdvx;taiko,,chunithm:1;ddr:1;gitadora:1;maimai_dx:1;sdvx:2;taiko:1,allnet;ziv
Q Power Station SM Mall of Asia,"3/F North Wing Expansion Area, SM Mall of Asia, Ocean Drive SM Central Business District, Bay City Pasay Metro Manila, 1300, Pasay",14.5357949,120.9814882,chunithm;ddr;drs;gitadora;maimai_dx;other;sdvx;taiko,,chunithm:1;ddr:1;drs:1;gitadora:1;maimai_dx:2;sdvx:1;taiko:1,ziv
Q-POWER STATION PODIUM,"4TH FL.,THE PODIUM MALL,18ADB AVE.CORJULIA VARGAS, MANDALUYONG",14.5853120,121.0592867,chunithm;ddr;maimai_dx;other;sdvx;taiko,,chunithm:2;ddr:1;maimai_dx:2;sdvx:2;taiko:1,allnet;ziv
QUANTUM SM BAGUIO,"3/F SM BAGUIO, LUNETA HILL SESSION ROAD, BAGUIO CITY",16.4088814,120.5991997,chunithm;ddr;gitadora;maimai_dx;other;pump_it_up;sdvx;taiko,,chunithm:2;ddr:1;gitadora:1;maimai_dx:3;pump_it_up:1;sdvx:1;taiko:1,allnet;ziv
Quantum SM City Bacolod,"3F, SM City Bacolod (North Wing) Bacolod Negros Occidental, 6100, Bacolod",10.6736080,122.9452515,chunithm;ddr;groove_coaster;maimai_dx;other;sdvx,,,ziv
Quantum SM City Calamba,"2F SM City Calamba Real Road, Calamba City Triangle, Brgy. Real Calamba Laguna, 4027, Calamba",14.2042132,121.1549239,chunithm;ddr;drs;gitadora;maimai_dx;other;sdvx;taiko,,chunithm:1;ddr:1;drs:1;gitadora:1;maimai_dx:2;sdvx:2;taiko:1,ziv
Quantum SM City Clark,"2F SM CITY CLARK Manuel A. Roxas Highway, Clark Freeport, Malabanias Angeles CIty Pampanga, 2009, Angeles CIty",15.1684992,120.5790496,chunithm;ddr;maimai_dx;other;sdvx;taiko,,chunithm:1;ddr:1;maimai_dx:1;sdvx:1;taiko:1,ziv
Quantum SM City Grand Central,"L5, SM Grand Central, Rizal Avenue Ext. cor. Bustamante St. Caloocan Metro Manila, 1403, Caloocan",14.6552883,120.9848571,chunithm;ddr;drs;gitadora;maimai_dx;museca;other;sdvx;taiko,,chunithm:1;ddr:1;drs:1;gitadora:2;maimai_dx:3;museca:1;sdvx:3;taiko:1,ziv
Quantum SM City Marikina,"3F SM City Marikina Marcos Highway, Calumpang Marikina City Metro Manila, 1800, Marikina City",14.6268043,121.0838521,ddr;groove_coaster;maimai_dx;other;sdvx,,ddr:1;groove_coaster:1;maimai_dx:2;sdvx:2,ziv
Quantum SM City San Lazaro,"3F, SM City San Lazaro, A.H. Lacson Ave. cor. Felix Huertas St. Sta. Cruz Manila Metro Manila, Manila",14.6181567,120.9853506,chunithm;ddr;maimai_dx;other,,chunithm:1;ddr:1;maimai_dx:1,ziv
Rodolfo's Meow Meow Gaming Hub,"045 San Jose (St. Joseph) Street Dampol II-B Pulilan Bulacan, 3005, Pulilan",14.9033328,120.8102387,ddr;gitadora;jubeat;other;pump_it_up,,ddr:16;gitadora:3;jubeat:1;pump_it_up:2,ziv
Tom's World Robinsons Place North Tacloban,"3 Pan-Philippine Highway Tacloban City Eastern Visayas, Tacloban City",11.2402623,124.9870104,ddr,,,ziv
Cinema City Centrum Handlowe Korona,"Bolesława Krzywoustego 126 Wrocław Lesser Poland, Wrocław",51.1418441,17.0874233,ddr;other,,,ziv
Krakow Arcade Museum,"41A Centralna Kraków Małopolska, 31-586, Kraków",50.0681310,20.0146950,ddr;groove_coaster;jubeat;other;popn;pump_it_up;wacca,,,ziv
Pixel-Mania,"1 Starowiejska Władysławowo Pomorskie, 84-120, Władysławowo",54.7902896,18.4096280,ddr;other,,,ziv
Tropical Time,"Avenida Almirante Reis 93A Lisboa 1150-021, Lisboa",38.7286521,-9.1349280,ddr;other,,,ziv
Aguadilla Bowling Center & Mini Golf,"Calle Marginal Aguadilla Aguadilla, 00603, Aguadilla",18.4075435,-67.1518727,ddr,,,ziv
At The Pier Arcade (Plaza Del Norte),"506 Truncado Street Space S100 Arecibo Hatillo, 00659, Arecibo",18.4808308,-66.7619500,ddr;other,,,ziv
Caribbean Cinemas (Fajardo),"Avenida Valero Punta del Este Inter. PR 3 y PR 194 Fajardo Fajardo, 00738, Fajardo",18.3452969,-65.6702077,ddr;other,,,ziv
Caribbean Cinemas (Plaza del Caribe),"Expreso 52, salida 104-A Avenida Rafael Cordero Ponce Puerto Rico, 00731, Ponce",17.9890806,-66.6113842,ddr,,,ziv
Caribbean Cinemas (Plaza Escorial),"5829 Plaza escorial Ave Regimiento 65 De Infanteria Carolina San Juan, 00987, Carolina",18.3961201,-65.9971948,ddr,,,ziv
Caribbean Cinemas (The Outlet 66),"18400 Autopista Roberto Sánchez Vilella Canovanas Canóvanas, 00729, Canovanas",18.3734862,-65.8823117,ddr;other,,,ziv
Caribbean Cinemas (Western Plaza),"2765 Ave Hostos Mayagüez Mayagüez, 00680, Mayagüez",18.2441834,-67.1618988,ddr;other,,,ziv
Carolina Bowling Center,"8120 E. Roberto Sanchez Vilella Ave. Carolina, PR Carolina Puerto Rico, 00983, Carolina",18.4171023,-65.9837526,ddr,,,ziv
"Game Room, Caribe Hilton","1 San Geronimo Street, San Juan, Puerto Rico San Juan Puerto Rico, 00901, San Juan",18.4631085,-66.0860601,ddr,,,ziv
The Zone (San Patricio Plaza),"100 Avenida San Patricio Guaynabo Guaynabo, 00968, Guaynabo",18.4089242,-66.1055195,ddr;other,,,ziv
Cinema Park,"1и Dubrovinskogo Street Krasnoyarsk Krasnoyarskiy kray, 660049, Krasnoyarsk",56.0091716,92.8882205,ddr,,,ziv
Pinball Museum GoPinball,"9 Garden Ring Moskva Moskva, 119049, Moskva",55.7333461,37.6013891,ddr;other;pump_it_up,,,ziv
Tetris,"59 prospekt Aleksandra Nevskogo Petrozavodsk Republic of Karelia, 185035, Petrozavodsk",61.7763461,34.3702260,ddr,,,ziv
COW PLAY COW MOO DOWNTOWN EAST,"1 Pasir Ris Close,#04-102,Singapole 519599",1.3769815,103.9544216,chunithm;ddr;drs;gitadora;iidx;maimai_dx;nostalgia;other;popn;reflec;sdvx;taiko,,,allnet;ziv
COW PLAY COW MOO NORTHSHORE PLAZA 2,418 Northshore Drive 03-01/ 02 Singapore 820418,1.4176495,103.9013264,chunithm;ddr;gitadora;iidx;jubeat;maimai_dx;sdvx;taiko,,chunithm:1;ddr:1;gitadora:2;iidx:1;jubeat:1;maimai_dx:2;sdvx:2;taiko:1,allnet;ziv
COW PLAY COW MOO SUNTEC CITY,"Sun Tec City 3Temasek Boulevard, 02-408/409,Singapore 038983",1.2950300,103.8583026,chunithm;ddr;gitadora;iidx;jubeat;maimai_dx;nostalgia;other;popn;pump_it_up;reflec;sdvx;taiko,,chunithm:2;ddr:1;gitadora:2;iidx:1;jubeat:1;maimai_dx:2;nostalgia:1;popn:1;pump_it_up:1;reflec:1;sdvx:2;taiko:1,allnet;ziv
Timezone (Orchard Xchange),"B1, Orchard Xchange Singapore 238884, Singapore",1.3043544,103.8318225,ddr;maimai_dx;other;popn;pump_it_up;taiko,,ddr:1;maimai_dx:3;popn:1;pump_it_up:1;taiko:1,ziv
TIMEZONE PASIR RIS MALL,"7 Pasir Ris Central, #2-55 Pasir Ris Mall, Singapore 519612",1.3720644,103.9495328,ddr;maimai_dx;other,,ddr:1;maimai_dx:2,allnet;ziv
TIMEZONE WESTGATE,"3 Gateway Drive,#B1-45/46 Westgate Singapore 608532",1.3345000,103.7427500,chunithm;ddr;maimai_dx;other;pump_it_up;taiko,,chunithm:3;ddr:1;maimai_dx:3;pump_it_up:1;taiko:1,allnet;ziv
VIRTUALAND BUGIS+,"201 Victoria Street , #05-04/05/06 Bugis+, Singapore 188067",1.2998000,103.8545500,chunithm;ddr;gitadora;iidx;jubeat;maimai_dx;nostalgia;other;sdvx;taiko,,chunithm:4;ddr:1;gitadora:2;iidx:1;jubeat:2;maimai_dx:6;nostalgia:1;sdvx:2;taiko:2,allnet;ziv
VIRTUALAND(NEX),"23, SERANGOON CENTRAL #04-65 NEX SINGAPORE",1.3507714,103.8722258,chunithm;ddr;drs;gitadora;groove_coaster;iidx;jubeat;maimai_dx;nostalgia;other;popn;sdvx;taiko;wacca,,chunithm:8;ddr:2;drs:1;gitadora:3;groove_coaster:2;iidx:1;jubeat:3;maimai_dx:10;nostalgia:1;popn:1;sdvx:2;taiko:3;wacca:1,allnet;ziv
Arcade @ Breakers Resort Hotel,"88 Lagoon Drive, Umhlanga, Umhlanga, KwaZulu-Natal, 4321, South Umhlanga Kwa-Zulu Natal, 4321, Umhlanga",-29.7135631,31.0923569,ddr,,,ziv
Arcade @ Donna Modern Italian,"Shop 1, New Salt Rock Centre, 1 New Salt Rock Road, Salt Rock, B Salt Rock ballito, 4391, Salt Rock",-29.4894047,31.2335300,ddr,,,ziv
Electric Avenue @ Gateway Theatre Of Shopping,"1 Palm Boulevard Umhlanga Ridge Durban KwaZulu-Natal, 4319, Durban",-29.7257118,31.0664369,ddr;other,,,ziv
Electric Avenue Arcade @ Hemingways Mall,"Cnr. Western Bypass and Hemingways Casino Two Rivers Dr Cambridge Village East London, 5201, Cambridge Village",-32.9708647,27.8989421,ddr,,,ziv
Fantasia @ Matlosana Mall,"N12 Joe Slovo Rd Klerksdorp North West, 2571, Klerksdorp",-26.8496078,26.7030772,ddr,,,ziv
Fantasia @ Mimosa Mall,"11 Parfitt Avenue Mimosa Mall, 131 Kellner St, Brandwag Bloemfontein Free State, 9301, Bloemfontein",-29.1088907,26.2020094,ddr,,,ziv
FUNLAND ENTERTAINMENT CENTRE,"19 Beach Road Amanzimtoti KwaZulu-Natal, 4126, Amanzimtoti",-30.0562311,30.8844727,ddr,,,ziv
Hard Hats @ Kollenade Pretoria,"Sefako Makgatho Drive, Sefako Makgatho Service Ln, Montana Park Pretoria Gauteng, 0182, Pretoria",-25.6809633,28.2494545,ddr,,ddr:4,ziv
Hard Hats @ Waterfall Mall,"1 Augrabies Avenue Cashan Rustenburg North West, 0299, Rustenburg",-25.7074729,27.2520590,ddr;other,,,ziv
Hard Hats Arcade @ Mall of Mthatha,"33 Errol Spring Ave Vulindlela Heights Mthatha 5099, Mthatha",-31.5964118,28.7885140,ddr,,,ziv
Hard Hats Arcade @ Thavhani Mall,"Thohoyandou-J Thohoyandou Thavhani City Limpopo, 0950, Thavhani City",-22.9842244,30.4624805,ddr,,,ziv
Magic Company @ Boardwalk Casino,"Beach road Summerstrand Port Elizabeth Eastern Cape, 6001, Port Elizabeth",-33.9832758,25.6586106,ddr,,,ziv
Magic Company @ Carnival City Casino,"Century Road Witpoortjie 117-Ir Brakpan Gauteng, 1541, Brakpan",-26.2566852,28.3149521,ddr,,ddr:2,ziv
Magic Company @ Emperors Palace,"64 Jones Road O. R Tambo Kempton Park Gauteng, 1627, Kempton Park",-26.1466191,28.2222474,ddr,,,ziv
Magic Company @ Golden Horse Casino,"45 New England Road Scottsville Pietermaritzburg KwaZulu-Natal, 3201, Pietermaritzburg",-29.6129163,30.3995248,ddr,,,ziv
Magic Company @ Graceland Hotel Casino and Country Club,"1 Embalenhle Rd Secunda Mpumalanga, 2302, Secunda",-26.5104038,29.1639801,ddr,,,ziv
Magic Company @ Grand West Casino,"36 Station Road Grandwest Casino, Denneboom Ave, Goodwood Cape Town Western Cape, 7460, Cape Town",-33.9167049,18.5466412,ddr,,,ziv
Magic Company @ Suncoast International,"Suncoast Boulevard O R Tambo Parade Durban KwaZulu-Natal, 4001, Durban",-29.8353805,31.0346212,ddr;other,,,ziv
Magic Company @ Westgate Shopping Centre,"120 Ontdekkers Road Horizon View Roodepoort Gauteng, 1724, Roodepoort",-26.1401805,27.8607711,ddr,,,ziv
Magic Company @ Wild Coast Sun,"Main Bizana Road Port Edward Eastern Cape, 4295, Port Edward",-31.0861639,30.1869106,ddr;other,,,ziv
The Magic Company @ Sun City,"R556, Sun City North West Province Sun City North West, 0316, Sun City",-25.3470900,27.1001387,ddr,,,ziv
VDM Amusements @ Goldfields Casino,"Buiten Street Corner Stateway Welkom Free State, 9460, Welkom",-27.9784090,26.7351576,ddr,,,ziv
Wonderland Arcade @ Canal Walk,"Century Boulevard Century City Cape Town Western Cape, 7446, Cape Town",-33.8923105,18.5105905,ddr;gitadora,,ddr:2;gitadora:2,ziv
Wonderland Arcade @ N1 City Mall,"Louwtjie Rothman St N1 City Cape Town Western Cape, 7463, Cape Town",-33.8913650,18.5602641,ddr;gitadora;other,,,ziv
Wonderland Arcade @ The Caledon Casino,"1 Nerina Street Caledon Western Cape, 7230, Caledon",-34.2253301,19.4380687,ddr,,,ziv
BEATLAB T,1029，Dongil-ro，Nowon-gu，Seoul,37.6219281,127.0738431,chunithm;ddr;gitadora;jubeat;maimai_dx;other;pump_it_up;sdvx,,ddr:1;gitadora:2;jubeat:4;maimai_dx:1;pump_it_up:1;sdvx:7,allnet;ziv
Big Game Station (빅 게임 스테이션),"25 Cheongun-ro Gyeongsan Gyeongsangbuk-do, 38532, Gyeongsan",35.8376351,128.7534753,ddr;iidx;jubeat;museca;other;popn;reflec;sdvx,,ddr:1;iidx:1;jubeat:2;museca:1;popn:1;reflec:1;sdvx:2,ziv
BUCHEON ATTACK,"28, Buil-ro 469beon-gil, Bucheon-si, Gyeonggi-do",37.4870906,126.7828212,chunithm;ddr;gitadora;iidx;jubeat;maimai_dx;nostalgia;other;pump_it_up;sdvx;taiko;wacca,,chunithm:4;ddr:2;gitadora:7;iidx:3;jubeat:6;maimai_dx:3;nostalgia:1;pump_it_up:4;sdvx:2;taiko:1;wacca:2,allnet;ziv
Daegu ZZANG 짱오락실 대구점(1호점),"대구 중구 동성로 35-1 동성로2가 82-5 대구광역시 중구, 700-092, 대구광역시",35.8693511,128.5952423,ddr;drs;other;pump_it_up;sdvx;wacca,,,ziv
Game Club,"Uijeongbu-si Gyeonggi-do, 480-011, Uijeongbu-si",37.7385752,127.0496955,ddr;gitadora;iidx;jubeat;popn;pump_it_up;reflec;sdvx,,ddr:1;gitadora:1;iidx:1;jubeat:2;popn:1;pump_it_up:2;reflec:1;sdvx:2,ziv
GAME PLUS,"11, Pyeonghwa-ro 542beon-gil, Uijeongbu-si, Gyeonggi-do",37.7405400,127.0481124,ddr;iidx;jubeat;maimai_dx;other;pump_it_up;reflec;sdvx;taiko,,ddr:1;iidx:1;jubeat:2;pump_it_up:1;reflec:1;sdvx:2;taiko:1,allnet;ziv
Game Sports-Tec(게임 스포츠텍),"69-1 Gumijungang-ro Gumi-si Gyeongsangbuk-do, 39221, Gumi-si",36.1293992,128.3304800,ddr;iidx;jubeat;other;popn;pump_it_up;reflec;sdvx,,ddr:1;iidx:1;jubeat:2;popn:1;pump_it_up:1;reflec:1;sdvx:2,ziv
Game Village,"Uijeongbu-si Gyeonggi-do, 480-011, Uijeongbu-si",37.7428780,127.0505963,ddr;iidx;jubeat;other;popn;pump_it_up;reflec;sdvx;taiko,,ddr:1;iidx:1;jubeat:3;popn:2;pump_it_up:2;reflec:1;sdvx:1;taiko:1,ziv
GAME-D,"10,Suyeong-ro 298beon-gil,Nam-gu,Busan",35.1362742,129.0989805,chunithm;ddr;gitadora;groove_coaster;iidx;jubeat;maimai_dx;museca;nostalgia;other;popn;reflec;sdvx;taiko;wacca,,chunithm:1;ddr:1;gitadora:3;groove_coaster:1;iidx:7;jubeat:2;maimai_dx:1;museca:1;nostalgia:2;popn:5;reflec:1;sdvx:13;taiko:1;wacca:2,allnet;ziv
GUNSAN JOYPLAZA,"527, Daehak-ro, Gunsan-si, Jeollabuk-do",35.9481983,126.6854737,ddr;gitadora;iidx;jubeat;maimai_dx;other;popn;pump_it_up;sdvx,,ddr:1;gitadora:1;iidx:1;jubeat:2;popn:1;pump_it_up:1;sdvx:1,allnet;ziv
HWAJUNG GAMELAND (화정 게임랜드),"경기 고양시 덕양구 화신로272번길 38 지하1층 화정동 980 Goyang-si Gyeonggi-do, 412-827, Goyang-si",37.6325694,126.8318877,chunithm;ddr;gitadora;iidx;jubeat;maimai_dx;nostalgia;other;popn;pump_it_up;reflec;sdvx;taiko;wacca,,chunithm:1;ddr:1;gitadora:1;iidx:1;jubeat:2;maimai_dx:1;nostalgia:1;popn:1;pump_it_up:4;reflec:1;sdvx:6;taiko:1;wacca:1,ziv
JUAN CPU,"31, Michuhol-daero 734beon-gil,Michuhol-gu, Incheon",37.4630241,126.6821976,chunithm;ddr;drs;gitadora;iidx;jubeat;maimai_dx;nostalgia;other;popn;pump_it_up;sdvx;taiko;wacca,,chunithm:3;ddr:2;drs:2;gitadora:4;iidx:8;jubeat:1;maimai_dx:2;nostalgia:1;popn:1;pump_it_up:2;sdvx:24;taiko:2;wacca:2,allnet;ziv
Nolrowa Game Zone (놀러와 게임존),"충청남도 천안시 서북구 두정동 886-1 | Cheonan-si Chungcheongnam-do, 331-959, Cheonan-si",36.8321690,127.1354896,ddr;gitadora;iidx;jubeat;other;popn;pump_it_up;reflec;sdvx;taiko,,ddr:1;gitadora:1;iidx:2;jubeat:2;popn:3;pump_it_up:2;reflec:1;sdvx:2;taiko:1,ziv
NORYANGJIN AMUSETOWN,"26, Manyang-ro 14ga-gil, Dongjak-gu, Seoul",37.5127094,126.9449436,chunithm;ddr;gitadora;iidx;jubeat;maimai_dx;nostalgia;other;popn;reflec;sdvx,,chunithm:2;ddr:1;gitadora:4;iidx:2;jubeat:3;maimai_dx:1;nostalgia:2;popn:2;reflec:1;sdvx:4,allnet;ziv
Plus Game World,"충청남도 천안시 동남구 신부동 460-2 Cheonan-si Chungcheongnam-do, 330-993, Cheonan-si",36.8181285,127.1554244,ddr;iidx;jubeat;popn;sdvx,,ddr:1;iidx:1;jubeat:2;popn:1;sdvx:1,ziv
ROYAL GAME,"454-1, Jungang-daero, Jung-gu, Daegu",35.8735075,128.5948787,chunithm;ddr;drs;gitadora;iidx;jubeat;maimai_dx;nostalgia;other;popn;pump_it_up;reflec;sdvx,,chunithm:2;ddr:1;drs:1;gitadora:2;iidx:3;jubeat:1;maimai_dx:1;nostalgia:1;popn:2;pump_it_up:1;reflec:1;sdvx:4,allnet;ziv
SAMSEONGYO WOORI 2,"14, Samseongyo-ro 10-gil, Seongbuk-gu, Seoul",37.5873226,127.0090045,chunithm;ddr;gitadora;iidx;jubeat;maimai_dx;nostalgia;other;popn;pump_it_up;reflec;sdvx;taiko,,chunithm:2;ddr:1;gitadora:4;iidx:2;jubeat:1;maimai_dx:4;nostalgia:1;popn:2;pump_it_up:1;reflec:1;sdvx:9;taiko:1,allnet;ziv
THE BUNKER GAMEZONE,"34, Daehak-ro, Yuseong-gu, Daejeon",36.3564331,127.3430268,chunithm;ddr;drs;gitadora;iidx;jubeat;maimai_dx;nostalgia;other;popn;pump_it_up;sdvx;taiko;wacca,,chunithm:1;ddr:1;drs:1;gitadora:2;iidx:2;jubeat:1;maimai_dx:1;nostalgia:1;popn:1;pump_it_up:2;sdvx:2;taiko:1;wacca:1,allnet;ziv
YEONSINNAE JJANGGU GAME,"8-8, Yeonseo-ro 29-gil, Eunpyeong-gu, Seoul",37.6189525,126.9196972,chunithm;ddr;drs;gitadora;iidx;jubeat;maimai_dx;nostalgia;other;popn;pump_it_up;reflec;sdvx;taiko;wacca,,chunithm:1;ddr:2;drs:1;gitadora:2;iidx:2;jubeat:1;maimai_dx:1;nostalgia:1;popn:1;pump_it_up:2;reflec:1;sdvx:2;taiko:1;wacca:1,allnet;ziv
게임파크 (Game Park 21) 분당점,"분당구 서현동 248-3 우성트윈프라자동관 201호 성남시 (Seongnam-si) 경기도 (Gyeonggi-do), 성남시 (Seongnam-si)",37.3862101,127.1245740,ddr;gitadora;iidx;jubeat;other;popn;pump_it_up;reflec;sdvx;taiko,,ddr:1;gitadora:1;iidx:3;jubeat:4;popn:2;pump_it_up:2;reflec:2;sdvx:1;taiko:1,ziv
범계 게임천국,"동안구 호계동 1045-2 제일빌딩 지하 14호 안양시 (Anyang-si) 경기도 (Gyeonggi-do), 안양시 (Anyang-si)",37.3904230,126.9521076,ddr;gitadora;iidx;jubeat;other;popn;pump_it_up;reflec;sdvx,,ddr:1;gitadora:1;iidx:2;jubeat:2;popn:1;pump_it_up:1;reflec:1;sdvx:1,ziv
삼보게임랜드(Sambo Gameland),"1F, Judies Taehwa New Building (쥬디스태화 신관) Seomyeon 부산 (Busan), Seomyeon",35.1555551,129.0584944,chunithm;ddr;drs;gitadora;iidx;jubeat;maimai_dx;other;popn;pump_it_up;reflec;sdvx;taiko;wacca,,chunithm:1;ddr:1;drs:1;gitadora:1;iidx:1;jubeat:4;maimai_dx:1;popn:6;pump_it_up:2;reflec:1;sdvx:6;taiko:2;wacca:2,ziv
A.R.C.A.D.E.cat,"Esplugues de Llobregat Esplugues de Llobregat Catalunya, 08950, Esplugues de Llobregat",41.3771306,2.0891843,beatstream;chunithm;ddr;drs;gitadora;groove_coaster;iidx;jubeat;museca;nostalgia;other;project_diva;pump_it_up;reflec;taiko;wacca,,beatstream:1;chunithm:1;ddr:2;drs:1;gitadora:1;groove_coaster:1;iidx:1;jubeat:2;museca:1;nostalgia:1;project_diva:1;pump_it_up:1;reflec:1;taiko:1;wacca:1,ziv
Arcade Planet - Sevilla Retro,"Calle Jardín de la Isla 6 Bellavista Andalucía, 41012, Bellavista",37.3335993,-5.9696909,chunithm;crossbeats;dance_evo;ddr;drs;gitadora;groove_coaster;iidx;jubeat;museca;nostalgia;ongeki;other;popn;project_diva;pump_it_up;reflec;sdvx;taiko;wacca,,,ziv
Big Bolera Burgos,"4 Calle Soria Burgos Castilla y León, 09004, Burgos",42.3481575,-3.6912223,ddr;other,,,ziv
Bowling Next Level MN4 Valencia,"S/N Calle Alcalde José Puertes Shopping Mall MN4, 2nd Floor Alfafar Comunidad Valenciana, 46910, Alfafar",39.4165156,-0.3805113,ddr;other,,,ziv
Centre Comercial Splau,"1093 E-90 Cornellà de Llobregat Cataluña, 08940, Cornellà de Llobregat",41.3474930,2.0778102,ddr;other,,,ziv
Centro Comercial Dreams Palacio de hielo,"85 Calle de Silvano Madrid Comunidad de Madrid, 28043, Madrid",40.4631362,-3.6362019,ddr;other;pump_it_up,,,ziv
Centro Comercial Plenilunio,"Calle Aracne S/N (Poligono Industrial Las Mercedes - Barajas) 2nd Floor, in the Bowling Illusiona Madrid Madrid, Madrid",40.4464186,-3.5888809,ddr;other,,,ziv
Ilusiona D'Aro Bowling,"27 Carrer Tramuntana Avinguda de s'Agaró Platja d'Aro Catalunya, 17250, Platja d'Aro",41.8060055,3.0539042,ddr,,,ziv
Ilusiona Heron Diversia,"Avda. Bruselas 21 (Alcobendas) Madrid Madrid, Madrid",40.5313817,-3.6373980,ddr,,,ziv
Ilusiona Maxbowling,"55 Retuerto Kalea Barakaldo Euskadi, 48903, Barakaldo",43.2872422,-3.0074752,ddr;other,,,ziv
Luna Park,"58 Carrer del Camí Ample L'Escala Catalunya, 17130, L'Escala",42.1168119,3.1362752,ddr,,,ziv
Magic Park Lloret,"Av. Just Marlés Vilarrodona, 44-48 Lloret de Mar Girona, 17310, Lloret de Mar",41.7001624,2.8433983,ddr,,,ziv
Mallorca Bowling,"213 Camí dels Reis Palma Illes Balears, 07011, Palma",39.5949735,2.6354212,ddr,,,ziv
Nextage Madrid,"Calle Arboleda 14, Nave 36 Madrid Comunidad de Madrid, 28031, Madrid",40.3859616,-3.6257565,ddr;gitadora;iidx;jubeat;nostalgia;other;popn;pump_it_up;sdvx;wacca,,ddr:1;gitadora:2;iidx:1;jubeat:1;nostalgia:1;popn:1;pump_it_up:1;sdvx:4;wacca:1,ziv
Oper Canarios,"Calle los Hervideros Costa Teguise Las Palmas Lanzarote , 35508, Las Palmas",29.0035351,-13.4892997,ddr,,,ziv
Retro Marcianitos asociacion cultural,"16 Calle de la Primavera Alicante (Alacant) Comunidad Valenciana, 03012, Alicante (Alacant)",38.3620500,-0.4819044,ddr;other,,,ziv
Salon recreativo Le Tram Marbella,"Av. Duque de Ahumada, 8, edf valdecantos, 29602 Málaga Marbella, 29602, Málaga",36.5071483,-4.8869749,ddr;other,,,ziv
Cafe på Bit,"Nygatan 24 Skellefteå Västerbotten, 93132, Skellefteå",64.7510358,20.9452092,ddr;other,,,ziv
HEY STHLM,"2 Gyldéngatan Stockholm Stockholms län, 113 27, Stockholm",59.3425924,18.0526113,chunithm;ddr;gitadora;groove_coaster;iidx;jubeat;museca;nostalgia;other;popn;sdvx;stepmaniax;taiko;wacca,,chunithm:1;ddr:1;gitadora:1;groove_coaster:2;iidx:1;jubeat:2;museca:1;nostalgia:1;popn:1;sdvx:1;stepmaniax:1;taiko:1;wacca:1,ziv
Pixel Arcade,"Roskildevägen 25 (25A but back of the building one floor down) Malmö Skåne län, 217 46, Malmö",55.5918141,12.9865839,crossbeats;ddr;groove_coaster;jubeat;nostalgia;other;popn;project_diva;sdvx;wacca,,crossbeats:1;ddr:1;groove_coaster:1;jubeat:2;nostalgia:1;popn:1;project_diva:1;sdvx:2;wacca:1,ziv
Smålands Spelhall,"Smedjegatan 15 Växjö Kronobergs län, 352 46, Växjö",56.8830073,14.7797576,chunithm;ddr;drs;gitadora;groove_coaster;iidx;jubeat;nostalgia;other;reflec;sdvx;wacca,,chunithm:1;ddr:1;drs:1;gitadora:2;groove_coaster:4;iidx:1;jubeat:4;nostalgia:1;reflec:1;sdvx:2;wacca:2,ziv
Strike Club,"1 Södra STADSBERGET Sundsvall Västernorrlands län, 852 38, Sundsvall",62.3688115,17.3217145,ddr;other,,,ziv
Funplanet Bulle,"Route de la Pâla 126 Bulle Canton of Fribourg, 1630, Bulle",46.6050266,7.0442150,ddr,,,ziv
Cartoony World@Mingyao Department Store (卡通尼樂園),"No. 200 Zhongxiao E Road Sec. 4 Taipei City Da'an District, 106, Taipei City",25.0411047,121.5521601,chunithm;ddr;nostalgia;other;sdvx;taiko,,chunithm:2;ddr:1;nostalgia:1;sdvx:2;taiko:2,ziv
CHAMELEON (CHIAYI),No.79 Wenhua Rd. East Dist. Chiayi City 600 Taiwan,23.4773433,120.4497225,chunithm;ddr;gitadora;maimai_dx;other;sdvx;taiko,,,allnet;ziv
HALA PLANET (XIMEN),"No.11, Ln.144, Sec.1,Zhonghua Rd.Wanhua Dist., Taipei City 108",25.0436445,121.5086610,chunithm;crossbeats;ddr;groove_coaster;jubeat;maimai_dx;other;popn;project_diva;reflec;sdvx;taiko,,chunithm:4;crossbeats:1;ddr:1;groove_coaster:1;jubeat:2;maimai_dx:4;popn:1;project_diva:1;reflec:1;sdvx:2;taiko:1,allnet;ziv
HALA Planet Fengjia (H50MGS),"269-48 Section 2, Xitun Road Taichung City Xitun District, 407, Taichung City",24.1745091,120.6442534,chunithm;ddr;iidx;jubeat;maimai_dx;other;project_diva;sdvx;taiko,,chunithm:3;ddr:1;iidx:1;jubeat:1;maimai_dx:4;project_diva:1;sdvx:3;taiko:2,ziv
HALA PLANET(TAICHUNG YIZHONG),"No.10, Taiping Rd., North Dist., Taichung City 404008, Taiwan",24.1476019,120.6859621,chunithm;ddr;gitadora;iidx;maimai_dx;other;sdvx;taiko,,chunithm:1;ddr:1;gitadora:2;iidx:1;maimai_dx:4;sdvx:1;taiko:2,allnet;ziv
Hala Planet@Gongguan (哈啦星球) Second Store,"142 Roosevelt Road Section 4 Zhongzheng Taipei, 100, Zhongzheng",25.0128443,121.5359681,chunithm;crossbeats;ddr;groove_coaster;jubeat;maimai_dx;other;project_diva;taiko,,chunithm:4;crossbeats:1;ddr:1;groove_coaster:1;jubeat:2;maimai_dx:4;project_diva:1;taiko:3,ziv
INF GAME Center (無限遊戲中心),"Zhongshan Road Section 1 Lane 50 No. 22 New Taipei City Banqiao District, 220, New Taipei City",25.0086270,121.4615713,chunithm;ddr;drs;gitadora;iidx;jubeat;maimai_dx;nostalgia;other;pump_it_up;sdvx;taiko,,chunithm:3;ddr:1;drs:1;gitadora:1;iidx:2;jubeat:1;maimai_dx:4;nostalgia:1;pump_it_up:1;sdvx:6;taiko:2,ziv
MAX GAME CENTER,"NO.78, SEC.2, CHONGXIN RD.,SANCHONG DIST., NEW TAIPEI CITY",25.0618105,121.4972921,chunithm;ddr;gitadora;iidx;jubeat;maimai_dx;nostalgia;other;pump_it_up;reflec;sdvx;taiko,,chunithm:3;ddr:1;gitadora:3;iidx:3;jubeat:2;maimai_dx:3;nostalgia:1;pump_it_up:1;reflec:1;sdvx:4;taiko:2,allnet;ziv
NEW CITY(ZHONGLI),"11F,NO.120,SEC.1,ZHONGYANG W.RD,ZHONGLI CITY, TAOYUAN",24.9584889,121.2203631,chunithm;dance_evo;ddr;gitadora;groove_coaster;iidx;jubeat;maimai_dx;nostalgia;other;popn;reflec;sdvx;taiko;wacca,,chunithm:2;dance_evo:1;ddr:1;gitadora:2;groove_coaster:2;iidx:2;jubeat:3;maimai_dx:2;nostalgia:1;popn:1;reflec:2;sdvx:2;taiko:1;wacca:2,allnet;ziv
RHYTHM ARENA(KAOHSIUNG),"No.86-1, Zhonghua 3rd Rd.Qianjin Dist.,Kaohsiung City 801615",22.6272784,120.3014353,chunithm;ddr;drs;gitadora;iidx;jubeat;maimai_dx;nostalgia;popn;sdvx;taiko,,chunithm:3;ddr:1;drs:1;gitadora:2;iidx:1;jubeat:1;maimai_dx:3;nostalgia:1;popn:1;sdvx:4;taiko:1,allnet;ziv
SHIRONEKOYA Taoyuan (白喵一番屋 桃園店),"12 Chenggong Road Section 1, Wuling Village 2F Taoyuan District Taoyuan City, 330, Taoyuan District",24.9929624,121.3128162,chunithm;ddr;gitadora;groove_coaster;iidx;jubeat;maimai_dx;nostalgia;sdvx;taiko;wacca,,chunithm:4;ddr:1;gitadora:2;groove_coaster:1;iidx:1;jubeat:1;maimai_dx:3;nostalgia:1;sdvx:2;taiko:2;wacca:2,ziv
SHIRONEKOYA(TAICHUNG),"1F.,No.7,Ln. 6,Yucai St.,North Dist.,Taichung City,Taiwan",24.1502189,120.6849391,chunithm;ddr;gitadora;iidx;jubeat;maimai_dx;popn;sdvx;taiko,,chunithm:4;ddr:1;gitadora:3;iidx:1;jubeat:1;maimai_dx:5;popn:1;sdvx:1;taiko:2,allnet;ziv
TIGER 球の運動館,"497號 Huiwen Road Taichung City 408, Taichung City",24.1459790,120.6433435,chunithm;ddr;iidx;jubeat;nostalgia;sdvx;taiko,,,ziv
TOM'S WORLD(JHONGSING@HSINCHU),"1F.,NO.32, LINSEN RD.,HSINCHU CITY,",24.8018720,120.9689311,chunithm;ddr;gitadora;jubeat;maimai_dx;project_diva;reflec,,,allnet;ziv
TOM'S WORLD(LIUHE@KAOHSIUNG),"NO.132, LIUHE 2ND RD.,QIANJIN DISTRICT, KAOHSIUNG",22.6311429,120.2959709,chunithm;ddr;drs;gitadora;maimai_dx;other;sdvx;taiko,,,allnet;ziv
X50 Music Game Station (First store),"134 Wuchang Street Section 2 Wanhua Taipei, 108, Wanhua",25.0455687,121.5027896,ddr;gitadora;iidx;jubeat;popn;sdvx,,ddr:1;gitadora:2;iidx:2;jubeat:1;popn:1;sdvx:4,ziv
力堡遊樂園,"50-1 Zhongxiao West Road Section 1 Zhongzheng Taipei, 100, Zhongzheng",25.0464581,121.5156019,chunithm;ddr;gitadora;iidx;jubeat;maimai_dx;nostalgia;sdvx;taiko;wacca,,chunithm:3;ddr:1;gitadora:3;iidx:2;jubeat:2;maimai_dx:2;nostalgia:1;sdvx:6;taiko:4;wacca:2,ziv
音樂創劇 Music Game x Livehouse,"320號B3 Jianguo 2nd Rd 高雄市三民區建國二路 320號B3 Kaohsiung Sanmin District, 807, Kaohsiung",22.6395013,120.3024280,chunithm;ddr;iidx;jubeat;other;sdvx;taiko;wacca,,chunithm:2;ddr:1;iidx:1;jubeat:1;sdvx:3;taiko:2;wacca:1,ziv
ECHO GAMES(ZPELL),"PL2.3.SHP01094PRAHONYOTHINRD,PRACHATIPAT,TANYABURI,PRATHUMTHANI",13.9887697,100.6173520,chunithm;ddr;drs;gitadora;iidx;maimai_dx;other;project_diva;pump_it_up;sdvx;taiko,,chunithm:2;ddr:1;drs:1;gitadora:2;iidx:1;maimai_dx:3;project_diva:1;pump_it_up:1;sdvx:3;taiko:2,allnet;ziv
EX10(MBK),"MBK CENTERBLDG.,444 PHAYATHAI RD.,PATHUM WAN BANGKOK",13.7443293,100.5299973,chunithm;ddr;drs;gitadora;iidx;maimai_dx;other;sdvx;taiko,,chunithm:16;ddr:1;drs:1;gitadora:2;iidx:2;maimai_dx:4;sdvx:2;taiko:2,allnet;ziv
Let's Play MBK Center,"444, Phayathai Road Wang Mai, Pathum Wan Bangkok 10330, Bangkok",13.7447741,100.5301690,dance_evo;ddr;drs;gitadora;iidx;other;popn;pump_it_up;sdvx,,dance_evo:1;ddr:1;drs:1;gitadora:2;iidx:1;popn:1;pump_it_up:4;sdvx:3,ziv
DEPOt Mall,"265А Holovna Street Chernivtsi Chernivets'ka oblast, 58000, Chernivtsi",48.2588343,25.9565359,ddr,,,ziv
Fantasy Town,"98 Volodymyrskyi Avenue DEPO't center, 2nd floor Lubny Lubny Raion, Poltava Oblast, 37500, Lubny",50.0210640,32.9831190,ddr;other,,,ziv
Ace Of Lanes,"2 Anchor Street Bishops Stortford England, CM23 3BP",51.8672052,0.1621884,ddr;other,,,ziv
Acle Bridge Inn Amusements,"Acle Bridge Inn Acle Norwich Norfolk, NR13 3AS, Norwich",52.6482614,1.5682717,ddr;other,,,ziv
Adventure Inside - Funtopia,"Sunken Gardens Western Esplanade Southend-on-Sea Essex, SS1 1EE, Southend-on-Sea",51.5325551,0.7145827,ddr;other,,,ziv
Alton Towers- X-Cite Games,"Farley Ln Alton Stoke-on-trent England, ST10 4DB, Stoke-on-trent",52.9864722,-1.8954191,ddr;other,,,ziv
Arcade Club Blackpool,"74 Bloomfield Road Blackpool England, FY1 6JL, Blackpool",53.8041519,-3.0465826,ddr;drs;groove_coaster;jubeat;museca;nostalgia;other;sdvx;taiko,,ddr:1;drs:1;groove_coaster:1;jubeat:2;museca:2;nostalgia:1;sdvx:1;taiko:1,ziv
Arcade Club Bury,"Ela Mill, Cork Street Bury England, BL9 7BW, Bury",53.5951081,-2.2838197,chunithm;crossbeats;ddr;drs;gitadora;groove_coaster;iidx;jubeat;museca;nostalgia;other;popn;project_diva;reflec;sdvx;stepmaniax;taiko;wacca,,chunithm:1;crossbeats:1;ddr:3;drs:1;gitadora:2;groove_coaster:1;iidx:1;jubeat:7;museca:2;nostalgia:1;popn:2;project_diva:1;reflec:1;sdvx:2;stepmaniax:1;taiko:2;wacca:1,ziv
Arcade Club Leeds,"2a Savins Mill Way Kirkstall Leeds England, LS5 3RP, Leeds",53.8156227,-1.6031883,ddr;drs;groove_coaster;jubeat;nostalgia;other;popn;project_diva;pump_it_up;reflec;taiko,,ddr:1;drs:1;groove_coaster:1;jubeat:2;nostalgia:1;popn:1;project_diva:1;pump_it_up:1;reflec:1;taiko:1,ziv
Arcadia Bar & Games,"120 Union Street Aberdeen AB10 1JJ, Aberdeen",57.1469385,-2.0978603,ddr,,ddr:2,ziv
Astro City,"2c Southchurch Road Southend-on-Sea Essex, SS1 2NE, Southend-on-Sea",51.5399578,0.7128145,ddr;other;popn;pump_it_up,,,ziv
Beach Plaza,"3 Beach Terrace Road Hunstanton Norfolk, PE36 5BQ, Hunstanton",52.9373220,0.4855900,ddr,,,ziv
Beachlands,"5 Sea Front Estate Hayling Island Portsmouth England, PO11 9JJ, Portsmouth",50.7834653,-0.9914749,ddr;other,,,ziv
Bell's Arcade,"Ingoldmells Lincolnshire, Ingoldmells",53.2010650,0.3495991,ddr;other,,,ziv
BJ's Leisure World,"Sea Lane Ingoldmells Lincolnshire, PE25 1PG, Ingoldmells",53.1933330,0.3439021,ddr,,,ziv
Black Cat Amusements,"Towyn Road Towyn Wales, LL22 9HQ, Towyn",53.3031032,-3.5385552,ddr,,,ziv
Blackpool Bowl,"29-37 Market St Blackpool Lancashire, FY1 1EX, Blackpool",53.8178175,-3.0556451,ddr,,ddr:24,ziv
Blackpool Pleasure Beach (Outside Park),"Promenade Blackpool England, FY4 1EZ, Blackpool",53.7927115,-3.0564362,ddr;other,,,ziv
Bognor Pier,"The Pier The Esplanade Bognor Regis West Sussex, PO21 1SY, Bognor Regis",50.7813386,-0.6761205,ddr;other,,,ziv
Boneyard Arcade,"180-182 Sidwelll Street Exeter Devon, EX4 6RD, Exeter",50.7258019,-3.5256082,ddr;ongeki;other;project_diva;sdvx;wacca,,,ziv
Bournemouth Pier Amusements,"W Undercliff Promenade Bournemouth Dorset, BH2 5AA, Bournemouth",50.7162320,-1.8755521,ddr;other,,,ziv
Brighton Pier (The Dome),"Brighton Pier Brighton Sussex, BN1 1FW, Brighton",50.8152445,-0.1370341,ddr;other,,,ziv
Brighton Pier (The Palace of Fun),"Brighton Pier, Grand Junction Road Brighton Sussex, BN1 1FW, Brighton",50.8181746,-0.1367283,ddr;other,,,ziv
Broadstairs Leisure Group,"Harbour Street Broadstairs England, CT10 1ET, Broadstairs",51.3596699,1.4437442,ddr;other,,,ziv
Bugsy's Tenpin Bowling,"Ethelbert Crescent Margate England, CT9 2DY, Margate",51.3916714,1.3932014,ddr,,,ziv
"Butlins (Skyline Pavilion, Hotshots & Studio 36)","Upper Bognor Rd Bognor Regis West Sussex, PO21 1JJ, Bognor Regis",50.7850440,-0.6628865,ddr;other;stepmaniax,,,ziv
Bytes,"Bytes 45-47 Market Street Westhoughton Bolton, BL5 3AG, Westhoughton",53.5485918,-2.5219014,ddr;other,,,ziv
Caesars Palace,"33 Marine Parade Great Yarmouth Norfolk, NR30 2EN, Great Yarmouth",52.6047612,1.7363629,ddr;other,,,ziv
Carousel,"3 Paget Rd Barry CF62 5TQ, Barry",51.3912981,-3.2761573,ddr;other,,,ziv
Carousel Amusements,"196 Newport Road Hemsby Norfolk, NR29 4NN, Hemsby",52.6918841,1.6973169,ddr;other,,,ziv
Carousel Bar Lincoln,"287 High Street Lincoln England, LN2 1AW, Lincoln",53.2301997,-0.5399850,ddr;other;stepmaniax,,,ziv
Carousel Leeds,"117 Albion St, Leeds LS2 8DY The Light Leeds LS2 8DY, Leeds",53.8001186,-1.5450650,ddr;other,,,ziv
Central Pier,"Blackpool Lancashire, Blackpool",53.8109812,-3.0560999,ddr;other,,,ziv
Chessington World Of Adventures (Adventure Games),"224 Leatherhead Road Chessington England, KT9 2NE, Chessington",51.3486029,-0.3170163,ddr;other,,,ziv
Circus Circus Amusements,"Marine Parade Southend-on-Sea Essex, Southend-on-Sea",51.5333510,0.7170031,ddr;other,,,ziv
Clacton Pier,"Pier Gap Clacton-on-Sea Essex, CO15 1QX, Clacton-on-Sea",51.7865114,1.1549196,ddr;other,,ddr:1,ziv
Clarence Pier,"Clarence Pier Clarence Esplanade Southsea Hampshire, PO5 3AA, Southsea",50.7859157,-1.1006713,ddr;other,,,ziv
Clip ‘n climb Newcastle,"Units A4-A5 Benfield Business Park Benfield Road Newcastle upon Tyne England, NE6 4NQ, Newcastle upon Tyne",54.9854031,-1.5615126,ddr;other,,,ziv
Codona's and Sunset Boulevard,"101 Links Road Aberdeen Aberdeen City, AB24 5EH, Aberdeen",57.1499295,-2.0803749,ddr;other,,,ziv
Coinless cavern,"203 Billacombe Road England, PL9 7HG",50.3655452,-4.0838467,ddr,,,ziv
Continue Arcades: Retro Gaming Lounge,"24-26, East Street Derby Derbyshire, DE1 2AF, Derby",52.9215805,-1.4740215,ddr;other,,,ziv
Continue? Arcades,"32-34 Princess Way Swansea SA3 3AG, Swansea",51.6209076,-3.9430188,ddr;other,,ddr:2,ziv
Continue? Chichester,"19 Southgate Chichester West Sussex, PO19 1ES, Chichester",50.8335571,-0.7801983,ddr;other,,,ziv
Continue? Tenby,"White Lion St. Tenby Pembrokeshire SA70 7ES, Pembrokeshire",51.6731124,-4.7020975,ddr;other,,,ziv
Crystal Palace Amusements,"40 Fakes Road Hemsby Norfolk, NR29 4NW, Hemsby",52.6913445,1.7044676,ddr;other,,,ziv
Dundonald Ice Bowl,"111 Old Dundonald Road Dundonald Antrim, BT16 1XT, Dundonald",54.5872867,-5.8185535,ddr,,,ziv
Eastchurch Holiday Centre,"Eastchurch Holiday Centre Ltd Fourth Avenue Eastchurch England, ME12 4EW, Eastchurch",51.4152165,0.8705176,ddr;other,,,ziv
Electric Avenue,"16-20 Marine Parade Southend-on-Sea Essex, SS1 2EJ, Southend-on-Sea",51.5332489,0.7183613,ddr;other,,,ziv
Electric Palace,"Weymouth Dorset, Weymouth",50.6084451,-2.4516719,ddr;other,,,ziv
Empire,"10-13 Grand Parade Skegness England, PE25 2UG, Skegness",53.1437587,0.3442669,ddr;other,,,ziv
Escape to Freight Island,"11 Baring Street Manchester England, M1 2PY, Manchester",53.4750845,-2.2275198,ddr;other;pump_it_up,,,ziv
Evan's,"238 Trunch Lane Chapel Saint Leonards England, PE24 5TU, Chapel Saint Leonards",53.2134113,0.3391879,ddr;other,,,ziv
Fantasia,"Marine Parade Southend-on-Sea Essex, ss1 2er, Southend-on-Sea",51.5323616,0.7250869,ddr;other,,,ziv
Fantasy World,"145-147 Promenade Cleethorpes Lincolnshire, DN35 8SQ, Cleethorpes",53.5614598,-0.0283509,ddr;other,,,ziv
Flamingo Amusements,"1 East Beach Street Hastings Sussex, TN34 3AR, Hastings",50.8557167,0.5913855,ddr;other,,,ziv
Four Quarters,"20 Ash Avenue Elephant Park London Southwark, SE17 1GQ, London",51.4933865,-0.0951889,ddr;other,,,ziv
Four Quarters,"54 Dean Street Newcastle upon Tyne England, NE1 1PG, Newcastle upon Tyne",54.9707016,-1.6101784,ddr;other,,,ziv
FreePlayCity,"ExFed 199 Eade Road London England, N4 1DN, London",51.5754211,-0.0877217,chunithm;ddr;drs;gitadora;groove_coaster;iidx;jubeat;museca;nostalgia;ongeki;other;popn;project_diva;pump_it_up;reflec;sdvx;taiko;wacca,,chunithm:2;ddr:1;drs:1;gitadora:2;groove_coaster:1;iidx:1;jubeat:3;museca:2;nostalgia:1;ongeki:1;popn:3;project_diva:1;pump_it_up:1;reflec:1;sdvx:2;taiko:1;wacca:1,ziv
Fun Factory,"75 Towyn Road Towyn Conwy, LL22 9HQ, Towyn",53.3029908,-3.5385023,ddr,,,ziv
Fun Palace Arcade (Pleasure Beach),"South Beach Parade Great Yarmouth Norfolk, NR30 3EH, Great Yarmouth",52.5949344,1.7358130,ddr,,,ziv
Funland,"24 - 30 Pier Road Whitby England, YO21 3PU, Whitby",54.4896142,-0.6147408,ddr;other,,,ziv
Funland,"25, 27 Brunswick Square London England, WC1N 1AW, London",51.5243953,-0.1236096,ddr;iidx;jubeat;museca;other;popn;reflec;sdvx,,ddr:4;iidx:2;jubeat:2;museca:1;popn:2;reflec:2;sdvx:4,ziv
Funland,"Blackpool Lancashire, Blackpool",53.8124849,-3.0550454,ddr;other,,,ziv
Funland Amusements,"2 Seaview Road Saint Osyth England, CO16 8SH, Saint Osyth",51.7765383,1.0858345,ddr;other,,,ziv
Funspot,"Trunch Lane Chapel Saint Leonards Lincolnshire, PE24 5TU, Chapel Saint Leonards",53.2135059,0.3392801,ddr;other,,,ziv
Funstation,"Unit 50C, St Stephen's Shopping Centre 110 Ferensway Hull East Riding of Yorkshire, HU2 8LN, Hull",53.7452142,-0.3482138,ddr,,,ziv
Funtasia,"Ingoldmells Lincolnshire, Ingoldmells",53.2005188,0.3499961,ddr;other,,,ziv
Game King,"1 Pier Road Withernsea England, HU19 2JS, Withernsea",53.7301942,0.0341821,ddr;other,,,ziv
Gamer X Preston,"50 Ring Way Preston England, PR1 2BA, Preston",53.7605970,-2.7011093,ddr;other,,,ziv
Gilly's Leisure Centre,"27 Foreshore Road Scarborough England, YO11 1PB, Scarborough",54.2831128,-0.3949258,ddr;other,,,ziv
Go Rogue,"78 Palmerston Rd Portsmouth Southsea, PO5 3PT, Portsmouth",50.7844742,-1.0889903,ddr;other,,,ziv
Gold rush,"35 Eastern Esplanade, Canvey Island SS8 7DN Canvey Island Essex, Ss8 7DN, Canvey Island",51.5127755,0.5976337,ddr;other,,,ziv
Golden Palms,"1-9 Cary Parade Torquay Devon, TQ2 5EX, Torquay",50.4617831,-3.5266180,ddr;other,,,ziv
Golden Palms,"South Road Chapel Saint Leonards Lincolnshire, PE24 5TR, Chapel Saint Leonards",53.2163912,0.3350014,ddr;other,,,ziv
Grahams Arcade,"Kings Road Arches Brighton Sussex, BN2 1TW, Brighton",50.8192489,-0.1374577,ddr;other,,,ziv
Gutterball Edinburgh Ocean Terminal,"98 Ocean Drive Leith Edinburgh Scotland, EH6 6JJ, Edinburgh",55.9807919,-3.1773488,ddr,,,ziv
Happidrome,"52 Marine Parade Southend-on-Sea Essex, SS1 2EN, Southend-on-Sea",51.5329539,0.7225576,ddr;other,,,ziv
Harbour Amusements,"Wharf Road St Ives St Ives Cornwall, TR26 1LF, St Ives",50.2137938,-5.4799703,ddr;other,,,ziv
Harbour Lights Amusements,"Queen’s Terrace Fleetwood Lancashire, Fleetwood",53.9267572,-3.0060932,ddr,,,ziv
Hi Tide,"80 Mackworth Road Porthcawl Wales, CF36 5BT, Porthcawl",51.4788870,-3.6943640,ddr;other,,,ziv
High Score Arcade Newport,"Chartist Tower Upper Dock Street Newport Wales, NP20 1DY, Newport",51.5875814,-2.9952147,ddr;other;pump_it_up,,,ziv
High Score Farnborough,"9 Kingsmead Unit 29 Farnborough England, GU14 7SL, Farnborough",51.2915999,-0.7543766,ddr;drs;other,,,ziv
High Score Newbury,"25 Cheap Street England, RG14 5DB",51.3996899,-1.3229520,ddr;groove_coaster;other,,,ziv
High Score Poole,"Dolphin Centre, Poole Poole BH15 1SS, Poole",50.7174249,-1.9798244,ddr,,,ziv
High Score Southampton,"103 East Street Southampton Hampshire, SO14 3HH, Southampton",50.9016458,-1.4013308,ddr;drs;other;popn,,,ziv
High Score Swindon,"The Plaza 29a Brunel Centre Swindon SN1 1LF, Swindon",51.5609495,-1.7855759,ddr,,,ziv
High Score Worcester,"Friary Walk Shopping Centre (Formally known as Crowngate) Worc Worcester west midlands, WR1 3LE, Worcester",52.1929788,-2.2233011,ddr;other,,,ziv
Holdsworth Amusements,"7-11 The Beach Road Filey England, YO14 9LF, Filey",54.2121586,-0.2818570,ddr;other,,,ziv
Insanity Gaming Arcade Newton Abbot,"Unit 3, Olympus Business Park, Newton Abbot Devon, TQ12 2SN, Newton Abbot",50.5349498,-3.6007449,ddr,,,ziv
Insanity Gaming Arcade Poole,"42 Harwell Road Nuffield Industrial Estate Poole Dorset, BH17 0GE, Poole",50.7404544,-1.9768685,ddr;jubeat;other,,,ziv
Jack Murpheys,"5 Wind St, Swansea SA1 Swansea SA1 1DE, Swansea",51.6199350,-3.9410849,ddr;other,,,ziv
Junkyard Golf Liverpool,"1 Paradise St Liverpool Merseyside, L1 8JF, Liverpool",53.4038764,-2.9865905,ddr;other,,,ziv
Junkyard Golf Oxford,"Junkyard Golf Castle St Oxford OX1 1NU, Oxford",51.7514708,-1.2612604,ddr;other,,,ziv
Kent Coast Holiday Park,"Allhallows Rochester England, ME3 9QD, Rochester",51.4763893,0.6442184,ddr;other,,,ziv
Kirkgate Market,"Kirkgate Centre Bradford Bradford Yorkshire, BD1 1QX, Bradford",53.7950110,-1.7549640,ddr,,,ziv
Lane 7 Edinburgh,"Saint James Square Saint James Quarter Edinburgh EH1 3AD, Edinburgh",55.9362698,-3.2108402,ddr;other,,ddr:2,ziv
Lane 7 The Gate,"The Gate Newgate Street Newcastle-upon-Tyne Tyne and Wear, NE1 5TG, Newcastle-upon-Tyne",54.9722196,-1.6175786,ddr;other,,,ziv
Lane7,"6-14 Albion Street Leeds LS1 6HX, Leeds",53.7960789,-1.5448116,ddr;other,,,ziv
Las Vegas Arcade Soho,"Wardour Street West End London, W1F 0UB, West End",51.5126877,-0.1336357,ddr;jubeat;museca;other;pump_it_up;taiko,,ddr:1;jubeat:2;museca:1;pump_it_up:3;taiko:1,ziv
Laser Quest Enfield,"20 Queensway England, EN3 4SA",51.6462962,-0.0477720,ddr;other,,,ziv
Leisure Island,"1221 Gallowgate Glasgow Scotland, G31 4EB, Glasgow",55.8530167,-4.2008972,ddr;other,,,ziv
Leisure Land Talacre,"3 Station Road Talacre Wales, CH8 9RD, Talacre",53.3520495,-3.3178452,ddr,,,ziv
Let's Go Bowling,"Barnstaple England, EX31 1LE, Barnstaple",51.0856750,-4.0756460,ddr;other,,,ziv
Level X Glasgow,"55 Saint Enoch Square Glasgow Scotland, G1 4BW, Glasgow",55.8570650,-4.2542186,ddr;other,,,ziv
Lime Tiger,"Lime Tyger Moor St Ormskirk L39 2AQ, Ormskirk",53.5670817,-2.8865656,ddr;other,,,ziv
Lucky Strike,"10 Grand Parade Skegness Lincolnshire, PE25, Skegness",53.1427148,0.3440630,ddr;other,,,ziv
M&D's at Scotlands Theme Park,"28 Bellshill Road Bothwell Scotland, G71 8AH, Bothwell",55.8027523,-4.0486979,ddr;other,,,ziv
Margate Amusements,"36-42 Marine Terrace Margate Kent, CT9 1XJ, Margate",51.3866370,1.3770097,ddr;other,,,ziv
Mega City,"233/249 High St Slough SL1 1BY, Slough",51.5080364,-0.5888671,ddr;other,,,ziv
MFA Bowl Ilkeston,"88 Derby Road Ilkeston England, DE7 5GA, Ilkeston",52.9673226,-1.3136226,ddr;other,,,ziv
MFA Bowl Yeovil,"Old Station Road Old Station Way Yeovil Somerset, BA20 1NP, Yeovil",50.9405982,-2.6249179,ddr;other,,,ziv
Mirage,"High Street Mablethorpe England, LN12 1AG, Mablethorpe",53.3421369,0.2627383,ddr;other;stepmaniax,,,ziv
Monte Carlo,"Marine Parade Southend-on-Sea Essex, Southend-on-Sea",51.5331099,0.7197668,ddr;other,,,ziv
Mr B's Amusements,"The Promenade Leysdown-on-Sea Kent, Leysdown-on-Sea",51.3988007,0.9220268,ddr;other,,,ziv
Mr Bibby's Amusements,"26 High Street Mablethorpe England, LN12 1AD",53.3422987,0.2624971,ddr;other,,,ziv
Mr P's Classic Amusements,"4 Waterloo Square England, PO21 1SU",50.7821001,-0.6753948,ddr;other,,,ziv
Namco @ Haven Combe Haven,"Harley Shute Road Hastings England, TN38 8BZ, Hastings",50.8543634,0.5265981,ddr;other,,,ziv
Namco Funscape Braintree,"Braintree Shopping & Leisure Park, Charter Way Braintree Leisure Park Braintree Essex, CM77 8YH, Braintree",51.8687957,0.5711648,ddr;other;taiko,,,ziv
Namco Funscape Romford,"Romford Essex, RM1 1AU, Romford",51.5764734,0.1801222,ddr;other,,,ziv
NQ64,"17 Bell Street Merchant City Glasgow Scotland, G1 1NU, Glasgow",55.8581517,-4.2450694,ddr;other,,,ziv
NQ64 - Birmingham,"305 Gibb Street Birmingham England, B9 4AA, Birmingham",52.4753035,-1.8843484,ddr;other,,,ziv
NQ64 - Bristol,"14-16 Baldwin St Bristol England, BS1 1SE, Bristol",51.4528433,-2.5949507,ddr;other,,,ziv
NQ64 - Leeds,"11 Merrion St Leeds LS1 6PG, Leeds",53.8004148,-1.5406635,ddr;other,,ddr:2,ziv
NQ64 - Northern Quarter,"12 Tib Street Manchester England, M4 1SH, Manchester",53.4824659,-2.2367314,ddr;other,,ddr:2,ziv
NQ64 Cardiff,"60-61 Saint Mary Street Cardiff Wales, CF10 1FE, Cardiff",51.4770965,-3.1767681,ddr;other,,,ziv
NQ64 Edinburgh,"25 Lothian Road Edinburgh Scotland, EH1 2DJ, Edinburgh",55.9483183,-3.2061624,ddr;other,,ddr:2,ziv
NQ64 Newcastle,"82-84 Pilgrim Street Newcastle upon Tyne England, NE1 6SG, Newcastle upon Tyne",54.9721472,-1.6106112,ddr;other,,,ziv
NQ64 Nottingham,"10 Thurland street Nottingham NG1 3DR, Nottingham",52.9540208,-1.1465049,ddr;other,,,ziv
NQ64 Peter Street,"23 Peter Street Manchester England, M2 5QR, Manchester",53.4782409,-2.2482760,ddr;other,,,ziv
NQ64 Shoreditch,"256-260 Old Street London England, EC1V 9DD, London",51.5260700,-0.0854196,ddr;other,,ddr:3,ziv
NQ64 Soho,"53-54 Berwick Street Soho London England, W1F 8SP, London",51.5155530,-0.1364620,ddr;other,,,ziv
Olympia Leisure,"Foreshore Rd Scarborough Yorkshire, YO11 1NU, Scarborough",54.2810552,-0.3972673,ddr;other;stepmaniax,,,ziv
Pencnwc Holiday Park,"A486 Cross Inn Wales, SA44 6NL, Cross Inn",52.1875889,-4.3545341,ddr,,,ziv
Planet Fun,"Sea lane Ingoldmells Lincolnshire, PE25 1PG, Ingoldmells",53.1928831,0.3505754,ddr;other,,,ziv
Playback Arcade,"Unit 20 The Galleries Shopping Centre Bristol England, BS1 3XB, Bristol",51.4568410,-2.5901905,ddr;drs;iidx;jubeat;nostalgia;ongeki;other;popn;project_diva;reflec;sdvx;taiko,,ddr:1;drs:1;iidx:1;jubeat:2;nostalgia:2;ongeki:1;popn:2;project_diva:1;reflec:2;sdvx:1;taiko:1,ziv
Playland,"7-9 Pelham Place Hastings England, TN34 3AD, Hastings",50.8552507,0.5855101,ddr;other,,,ziv
Plaza,"11 Grand Parade Skegness Lincolnshire, PE25 2UG, Skegness",53.1440723,0.3449427,ddr,,,ziv
Pleasureland Arbroath,"1 Queen's Drive arbroath Scotland, DD11 1QD, arbroath",56.5519391,-2.5927721,ddr;other,,ddr:2,ziv
Pleasurewood Hills,"Pleasurewood Hills Leisure Way Lowestoft Suffolk, NR32 5DZ, Lowestoft",52.5067270,1.7450758,ddr,,ddr:2,ziv
Potters Leisure Resort,"Coast Rd Hopton England, NR31 9BX, Hopton",52.5346980,1.7319238,ddr;other,,,ziv
Quay Amusements,"The Quay Poole Dorset, BH15 1HJ, Poole",50.7122667,-1.9861691,ddr,,,ziv
QuaySide Amusements,"13 The Quay Wells-next-the-Sea Norfolk, NR23 1AH, Wells-next-the-Sea",52.9571976,0.8516845,ddr;other,,,ziv
Rainbow Park Arcade,"Seagate Road Hunstanton Norfolk, PE36 5BD, Hunstanton",52.9339188,0.4822755,ddr,,,ziv
Retro Replay,"100 Castle Meadow Norwich England, NR1 3DD, Norwich",52.6277492,1.2954828,ddr;other,,,ziv
Retroids Arcade Bar,"8/9 College Street Worcester Cathedral Square, WR1 2LU, Worcester",52.1891346,-2.2193559,ddr;other,,,ziv
Riverside amusements,"2 Mill Cot Looe England, PL13 2AD, Looe",50.3562314,-4.4567049,ddr;other,,,ziv
Riverside Bowling,"Unit G, Colima Avenue Sunderland Enterprise Park Sunderland Tyne and Wear, SR5 3XD, Sunderland",54.9163517,-1.4343810,ddr;other,,,ziv
Riverside Caravan Park,"Shripney Road England, PO22 9NE",50.7996501,-0.6697953,ddr,,,ziv
Roxy Amusements And Cafe,"254 Quay Road Bridlington YO16 4JG, Bridlington",54.0889367,-0.2034105,ddr,,,ziv
Sand Le Mere Holiday Village Entertainment Venue,"Southfield Lane Tunstall England, HU12 0JN, Tunstall",53.7617803,-0.0076209,ddr;other,,,ziv
Sandown Pier,"Sandown Pier Esplanade Sandown Isle of Wight, PO36 8JR, Sandown",50.6525624,-1.1554956,ddr;other,,,ziv
Skirlington Holiday Park,"2 Manor Close Skipsea England, YO25 8UD, Skipsea",53.9796054,-0.2176262,ddr;other,,,ziv
Smith's,"37 Winthorpe Avenue Skegness England, PE25 1QY, Skegness",53.1662510,0.3508706,ddr;other,,,ziv
Space Bar,"effsdfseffv Sunderland SR1 1TR, Sunderland",54.9045440,-1.3822764,ddr;other,,,ziv
Sportsland Amusement Arcade,"28-34 Main Street Portrush Northern Ireland, BT56 8BL, Portrush",55.2063057,-6.6525111,ddr,,,ziv
Star Pins,"7 School Lane Liverpool L1 3AQ, Liverpool",53.4046295,-2.9844457,ddr;other,,,ziv
Star Pins,"West Orchards Shopping Centre Ring Road J9 Coventry West Midlands, CV1 1QX, Coventry",52.4089854,-1.5122294,ddr;other,,,ziv
Stardust Arcade,"9, Paget Rd, Barry Island Barry Island Glamorgan, CF62 5TQ , Barry Island",51.3917785,-3.2760022,ddr;other,,,ziv
Sunnyvale caravan park,"Wellington Road Kinmel Bay Conwy, LL18 5BQ, Kinmel Bay",53.3142995,-3.5116570,ddr,,,ziv
That Funky Golf Place,"Alcester Road Wythall England, B47 6AJ, Wythall",52.3721861,-1.8865836,ddr;other,,,ziv
The Beeston Social,"2 Station Road Beeston England, NG9 2WJ, Beeston",52.9262166,-1.2144184,ddr;other,,,ziv
The Flamingo,"17A Marine Gardens Margate England, CT9 1XJ, Margate",51.3864324,1.3746321,ddr;other,,,ziv
The Forum,"28 Promenade Bridlington England, YO19 2PB, Bridlington",54.0833971,-0.1882240,ddr;other,,,ziv
The Four Thieves,"51 Lavender Gardens London England, SW11 1JW, London",51.4642092,-0.1625658,ddr;other,,,ziv
The Light,"1, Kingsgate Centre King St Huddersfield West Yorkshire, HD1 2QB, Huddersfield",53.6454010,-1.7785244,ddr,,,ziv
The Lookout amusement,"5 Ocean View Skegness England, PE25 1JB, Skegness",53.1735565,0.3518598,ddr,,,ziv
The National Videogame Museum,"Castle House Sheffield England, Sheffield",53.3836995,-1.4656180,ddr;other,,,ziv
The Ping Pong Club,"129-131 Beverley Road Hull England, HU3 1TS, Hull",53.7545310,-0.3486614,ddr,,,ziv
The Pixel Bunker,"The Pixel Bunker 34 Secklow Gate West Milton Keynes Buckinghamshire, MK9 3AT, Milton Keynes",52.0449719,-0.7574129,ddr;other,,,ziv
The Retro Realm,"Unit 2, Waterside Place Marsh Ln Walsall West Midlands, WS2 8LN, Walsall",52.5853931,-1.9865321,ddr;other;popn;pump_it_up;reflec;sdvx;taiko,,,ziv
The World's End,"60-61 London Rd Brighton East Sussex, BN1 4JE, Brighton",50.8328145,-0.1383352,ddr;other,,,ziv
Thorpe Park,"Staines Road Chertsey Surrey, KT16 8PN, Chertsey",51.4050689,-0.5122590,ddr;other,,,ziv
Timewarp Arcade,"Watsons Lane Bridgwater Somerset, TA65BE , Bridgwater",51.1296302,-3.0006151,ddr;other,,,ziv
Tivoli Amusements,"18-21 Marine Terrace Margate Kent, CT9 1XJ, Margate",51.3866067,1.3769967,ddr;other,,,ziv
Treasure Island,"Friars Rd Barry Barry Island Wales, CF62 5TJ, Barry Island",51.3912506,-3.2752615,ddr;other,,ddr:3,ziv
Urban Fun,"Units 49, 50/52 Broad Street Mall Reading RG1 7QE, Reading",51.4548744,-0.9772387,ddr;other,,,ziv
Walton Pier,"21 New Pier Street Walton-on-the-Naze Essex, CO14 8ES, Walton-on-the-Naze",51.8462627,1.2727012,ddr;other,,,ziv
War Room Laser Tag,"2A Frank Place Birtley England, DH3 2QF, Birtley",54.8929586,-1.5781820,ddr;other,,,ziv
Wellington Bowl,"Wellington Pier Arcade Marine Parade Great Yarmouth Norfolk, NR30 3JF, Great Yarmouth",52.5992029,1.7378355,ddr;other,,,ziv
Wellington Pier,"Marine Parade Great Yarmouth Norfolk, NR30 3JF, Great Yarmouth",52.5991769,1.7367411,ddr;other,,,ziv
1-Up Lounge,"1121 McKenzie Ave Bellingham WA, 98225, Bellingham",48.7195932,-122.5026820,ddr;other;wacca,,,ziv
[PRIVATE] Night City,"31362 N Ellis Dr. Unit 210 Volo Illinois, 60073, Volo",42.3226516,-88.1578804,ddr;jubeat;other;project_diva;sdvx;wacca,,,ziv
Ace's Break Away & Play (Monroeville Mall),"200 Mall Circle Drive Level 1, Suite 100A Monroeville Pennsylvania, 15146, Monroeville",40.4286474,-79.7942483,ddr;other,,,ziv
Ace's Break Away and Play (Beaver Valley Mall),"570 Beaver Valley Mall Blvd. Monaca Pennsylvania, 15061, Monaca",40.6746225,-80.3154820,ddr,,,ziv
Ace's Break Away Game Room,"500 Southpark Center Strongsville, Strongsville Ohio, 44136, Strongsville",41.3082915,-81.8202509,ddr,,,ziv
Acres of Fun,"3889 Friendsville Road Wooster Ohio, 44691, Wooster",40.8472714,-81.9388032,ddr;other,,,ziv
Adventure Landing,"2400 Sheridan Drive Tonawanda New York, 14150, Tonawanda",42.9810855,-78.8449574,ddr;other,,,ziv
Adventure Landing Raleigh,"3311 Capital Blvd. Raleigh North Carolina, 27604, Raleigh",35.8251234,-78.5872136,ddr;other,,,ziv
Adventure Landing St. Augustine,"2780 Florida 16 St. Augustine Florida, 32092, St. Augustine",29.9243635,-81.4186585,ddr,,,ziv
Adventure Quest Laser Tag,"1001 Elmwood Park Boulevard New Orleans Louisiana, 70123, New Orleans",29.9592976,-90.1874072,ddr,,,ziv
Adventuredome @ Circus Circus Las Vegas Hotel Resort and Casino,"2880 South Las Vegas Boulevard Las Vegas Nevada, 89109, Las Vegas",36.1379880,-115.1663387,ddr;other,,,ziv
Aftershock Classic Arcade,"1444 East Washington Avenue Madison Wisconsin, 53703, Madison",43.0898654,-89.3631370,ddr,,,ziv
Air Bounce,"7659 North Lee Highway Cleveland Tennessee, Cleveland",35.2565992,-84.7906533,ddr,,,ziv
Akihabara,"8901 N Harlan St Westminster Colorado, 80031, Westminster",39.8581737,-105.0646787,chunithm;ddr;groove_coaster;jubeat;other;popn;project_diva;reflec;sdvx;taiko;wacca,,,ziv
Akihabara Arcade and Bar,"8901 Harlan Street Westminster, Colorado, 80031, Westminster,",39.8581171,-105.0651513,chunithm;ddr;drs;groove_coaster;iidx;jubeat;maimai_dx;nostalgia;other;popn;reflec;sdvx;taiko;wacca,,chunithm:1;ddr:1;drs:1;groove_coaster:1;iidx:1;jubeat:1;nostalgia:1;popn:2;reflec:2;sdvx:1;taiko:1;wacca:2,ziv;community
Akihabara Electric Entertainment,"(PRIVATE) Bolingbrook Illinois, 60440, Bolingbrook",41.7108995,-88.0686898,chunithm;crossbeats;ddr;gitadora;iidx;jubeat;other;popn;pump_it_up;sdvx,,,ziv
Akihabari,"10500 Centrum Parkway Pineville NC, 28134, Pineville",35.0897674,-80.8788909,ddr;other;project_diva;sdvx;wacca,,,ziv
All Star West,"8333 West 21st North Wichita Kansas, 67205, Wichita",37.7209270,-97.4386780,ddr;other,,,ziv
Alley Cats Family Entertainment Center,"2008 West Pleasant Ridge Road Arlington Texas, 76015, Arlington",32.6769083,-97.1411518,ddr,,,ziv
Andy B's,"8711 S. Lewis Tulsa, OK Tulsa Oklahoma, 74137, Tulsa",36.0379510,-95.9543480,ddr;other,,,ziv
Arcade '92 (Flower Mound),"801 International Parkway Suite 580 Flower Mound Texas, 75022, Flower Mound",32.9883818,-97.0639944,ddr;sdvx,,,ziv
Arcade '92 (McKinney),"305 East Virginia Street McKinney Texas, 75069, McKinney",33.1982356,-96.6128281,ddr;other,,,ziv
Arcade at Mobile Flea Market,"401 Schillinger Rd N Mobile Alabama, 36605, Mobile",30.6992583,-88.2287931,ddr;other,,,ziv
Arcade Galactic (formerly Game Grid Arcade),"3601 Constitution Boulevard Valley Fair Mall West Valley City Utah, 84119, West Valley City",40.6948038,-111.9553667,ddr;other;stepmaniax,,,ziv
ARCADE MONSTERS,6362 INTERNATIONAL DR ORLANDO FL 32819,28.4596379,-81.4683551,chunithm;dance_evo;ddr;drs;groove_coaster;iidx;jubeat;maimai_dx;nostalgia;ongeki;other;popn;pump_it_up;sdvx;stepmaniax;taiko;wacca,,chunithm:1;dance_evo:1;ddr:1;drs:2;groove_coaster:1;iidx:1;jubeat:2;maimai_dx:1;nostalgia:1;ongeki:1;popn:2;pump_it_up:1;sdvx:1;stepmaniax:1;taiko:1;wacca:1,allnet;ziv
Arcade Monsters (Lido Beach),"326 John Ringling Boulevard Sarasota Florida, 34236, Sarasota",27.3176131,-82.5779273,chunithm;ddr;gitadora;jubeat;nostalgia;other;popn;project_diva;pump_it_up;sdvx;wacca,,,ziv
Arcade Monsters (Melbourne),"835 South Babcock Street Melbourne Florida, 32901, Melbourne",28.0950078,-80.6199064,chunithm;ddr;drs;gitadora;groove_coaster;iidx;jubeat;museca;nostalgia;other;popn;project_diva;pump_it_up;sdvx;stepmaniax;taiko;wacca,,chunithm:1;ddr:1;drs:2;gitadora:2;groove_coaster:1;iidx:1;jubeat:1;museca:1;nostalgia:1;popn:1;project_diva:1;pump_it_up:1;sdvx:1;stepmaniax:1;taiko:1;wacca:1,ziv
Arcade Monsters (Murrieta),"39809 Avenida Acacias Murrieta California, 92563, Murrieta",33.5683717,-117.1796125,chunithm;ddr;drs;gitadora;jubeat;nostalgia;ongeki;other;polaris_chord;popn;pump_it_up;sdvx;stepmaniax;taiko;wacca,,chunithm:1;ddr:1;drs:2;gitadora:2;jubeat:3;nostalgia:1;ongeki:1;polaris_chord:1;popn:1;pump_it_up:1;sdvx:1;stepmaniax:1;taiko:1;wacca:1,ziv
Arcade Monsters (Oviedo),"15 Alafaya Woods Blvd Suite 117 Oviedo Florida, 32765, Oviedo",28.6517888,-81.2068109,chunithm;crossbeats;ddr;drs;gitadora;groove_coaster;iidx;jubeat;museca;nostalgia;other;popn;project_diva;pump_it_up;sdvx;taiko;wacca,,,ziv
Arcade Monsters (San Diego),"704 J St San Diego California, 92101, San Diego",32.7096136,-117.1579839,chunithm;dance_evo;ddr;drs;gitadora;groove_coaster;jubeat;nostalgia;ongeki;other;popn;project_diva;pump_it_up;sdvx;stepmaniax;taiko;wacca,,chunithm:4;dance_evo:1;ddr:1;drs:2;gitadora:2;groove_coaster:2;jubeat:2;nostalgia:2;ongeki:1;popn:1;project_diva:2;pump_it_up:1;sdvx:2;stepmaniax:1;taiko:1;wacca:1,ziv
Arcade Odyssey,"12045 Southwest 117th Avenue Miami Florida, 33176, Miami",25.6556196,-80.3829644,chunithm;crossbeats;ddr;drs;groove_coaster;iidx;jubeat;nostalgia;other;project_diva;pump_it_up;sdvx;taiko;wacca,,,ziv
Arcade Replay North,"7916 N. El Dorado St. Stockton CA, 95206, Stockton",38.0213750,-121.3139133,chunithm;ddr;gitadora;groove_coaster;iidx;jubeat;nostalgia;other;pump_it_up;sdvx;wacca,,,ziv
Arcade Replay South,"2542 S El Dorado St Stockton California, 95206, Stockton",37.9251740,-121.2793370,ddr;other,,,ziv
Artcade,"116 Main St Keene 03431, Keene",42.9312277,-72.2776152,ddr,,,ziv
Asheville Retrocade,"800 Haywood Road Suite #100 Asheville North Carolina, 28806, Asheville",35.5788341,-82.5952132,ddr,,,ziv
Astro Lanes,"32388 John R Road Madison Heights Michigan, 48071, Madison Heights",42.5307887,-83.1049712,ddr,,,ziv
At The Pier Arcade,"3423 Quincy Mall space 3423 Quincy Illinois, 62301, Quincy",40.2510463,-90.2918018,ddr;other,,,ziv
At the Pier Arcade,"750 Citadel Drive East Colorado Springs Colorado, 80909, Colorado Springs",38.8445040,-104.7589300,ddr,,,ziv
Atomic Bowl,"624 Wellsian Way, Richland WA Richland Washington, 99352, Richland",46.2740616,-119.2839380,ddr,,,ziv
Axecade,"2217 The Strand Suite 217 Galveston Texas, 77550, Galveston",29.3070682,-94.7941602,ddr,,,ziv
Axecadia,"55 W Nepessing St Lapeer Michigan, 48446, Lapeer",43.0165719,-83.6300956,ddr;other,,,ziv
BA Start,"647 Higuera St San Luis Obispo 93401, San Luis Obispo",35.2854242,-120.6532288,ddr,,,ziv
Back to the 80s,"911 West 15th Street Hazleton Pennsylvania, 18201, Hazleton",40.9664452,-75.9889019,ddr;other,,,ziv
BB Grand Slam,"910 Oak Tree Avenue South Plainfield New Jersey, 07080, South Plainfield",40.5759429,-74.3887203,ddr;other,,,ziv
Beach Fun & Games,"12975 Village Blvd Madeira Beach Florida, 33708, Madeira Beach",27.7857550,-82.7833400,ddr;iidx;other;sdvx,,,ziv
Bears Den Arcade - Tan-Tar-A Resort,"494 Tantara Dr Building B Osage Beach Missouri, 65065, Osage Beach",38.1275224,-92.7179790,ddr,,,ziv
Beercade2,"1423 S 13th St Omaha NE , 68108, Omaha",41.2446876,-95.9329967,ddr;other,,,ziv
BHOP Esports (Hawthorn),"506 Hawthorn Center Vernon Hills Illinois, 60061, Vernon Hills",42.2431155,-87.9517552,chunithm;ddr;groove_coaster;jubeat;other;pump_it_up;sdvx;stepmaniax;wacca,,,ziv
Big Al's Beaverton,"14950 SW Barrows Rd Beaverton Oregon, 97007, Beaverton",45.4290201,-122.8297587,ddr;other;pump_it_up,,,ziv
Big Al's Meridian,"1900 N Eagle Rd Meridian Idaho, 83646, Meridian",43.6222615,-116.3507576,ddr;other,,ddr:1,ziv
BIG Best in Games,"4095 Carpenter Road Ypsilanti Michigan, 48197, Ypsilanti",42.2282465,-83.6793741,ddr,,,ziv
Big Rock Mini Golf,"11411 Baseline Rd Little Rock Arkansas, 72209, Little Rock",34.7370985,-91.6946411,ddr,,,ziv
Bit Bar,"278 Derby Street Salem Massachusetts, 01970, Salem",42.5205473,-70.8909452,ddr;jubeat;other;wacca,,,ziv
Blackbeard's Family Entertainment Center,"4055 N Chestnut Diagonal Fresno California, 93727, Fresno",36.7917400,-119.7296160,ddr;gitadora,,,ziv
Boardman Movies 8,"469 Boardman Poland Road Boardman Ohio, 44512, Boardman",41.0206087,-80.6445166,ddr,,,ziv
Boardwalk Bar & Arcade,"715 Wharf Street Southwest Washington District of Columbia, 20024, Washington",38.8784368,-77.0240709,ddr;other,,,ziv
Bob’s Bullpen,"125 North 2nd Avenue Alpena Michigan, 49707, Alpena",45.0628317,-83.4325227,ddr,,,ziv
Boing! Jump Center,"532 South Econ Circle Oviedo Florida, 32765, Oviedo",28.6203441,-81.2143600,ddr;other,,,ziv
Boomers! (Santa Maria),"2250 N. Preisker Lane Santa Maria California, 93458 , Santa Maria",34.9819111,-120.4334003,ddr;other,,,ziv
Boomers! (Vista),"1525 Vista Way Vista California, 92083, Vista",33.1911508,-117.2363091,ddr;other,,,ziv
Boomers! Palm Springs,"67-700 E Palm Canyon Dr Cathedral City California, 92234, Cathedral City",33.7901332,-116.4836437,ddr,,,ziv
Boss Battle Games,"6020 East 82nd Street Indianapolis Indiana, 46250, Indianapolis",39.9088634,-86.0672431,ddr;gitadora;jubeat;other;popn;pump_it_up;sdvx,,,ziv
Boston Bowl,"820 William T Morrissey Boulevard Dorchester, MA Dorchester Massachusetts, 02122, Dorchester",42.2940060,-71.0462960,ddr,,,ziv
Bowlero (Gilbert),"1160 South Gilbert Road Gilbert Arizona, 85296, Gilbert",33.3291300,-111.7919254,ddr;other,,,ziv
Bowlero Murrieta,"40440 Cal Oaks Road Murietta California, 92562, Murietta",33.5762659,-117.2003710,ddr;other,,,ziv
Bragging Rights,"113 NW 8th Ave Gainesville Florida, 32605, Gainesville",29.6588870,-82.3262751,dance_evo;ddr;gitadora;iidx;nostalgia;other,,,ziv
Branchburg Sports Complex,"47 Readington Road Branchburg New Jersey, 08876, Branchburg",40.5976780,-74.6927834,ddr;other,,,ziv
Brunswick Zone,"24666 Sunnymead Boulevard Moreno Valley, CA Moreno Valley California, 92553, Moreno Valley",33.9398960,-117.2316740,ddr,,,ziv
Brunswick Zone,"785 Old Roswell Road Roswell Georgia, 30076, Roswell",34.0339710,-84.3387140,ddr,,,ziv
Buffaloe Lanes Mebane Bowling Center,"103 S 5th St Mebane, NC Mebane North Carolina, 27302, Mebane",36.0945267,-79.2653655,ddr,,,ziv
BumperNets @ Riverchase Galleria,"2000 Riverchase Galleria Hoover Alabama, 35244, Hoover",33.3772025,-86.8085237,ddr,,,ziv
CanCan Wonderland,"755 Prior Avenue North Saint Paul Minnesota, 55104, Saint Paul",44.9648326,-93.1834037,ddr;project_diva,,,ziv
Capital Lanes,"820 Capital Circle Northeast Tallahassee Florida, 32301, Tallahassee",30.4478708,-84.2288912,ddr;other,,,ziv
Castle Park,"3500 Polk Street Riverside California, 92505, Riverside",33.9029714,-117.4674186,ddr;stepmaniax,,,ziv
Castlecade (East Towne),"115 East Towne Way Madison Wisconsin, 53704, Madison",43.1250204,-89.3049577,ddr;jubeat;other;sdvx,,,ziv
Century 20 Downtown Redwood City,"825 Middlefield Road Redwood City California, 94063, Redwood City",37.4861834,-122.2289239,ddr;other,,,ziv
Century Laguna 16 Theatres,"9349 Big Horn Blvd. Elk Grove California, 95758, Elk Grove",38.4182159,-121.4044516,ddr;other,,,ziv
Century Theaters 14 and DX,"1201 Locust St, Walnut Creek, CA Walnut Creek California, 94596, Walnut Creek",37.8964605,-122.0618327,ddr;other,,,ziv
Century Theaters 16,"14300 E Alameda Ave Aurora Colorado, 80014, Aurora",39.7110390,-104.8215450,ddr,,,ziv
Chaparral 300,"4191 Chino Hills Parkway Chino Hills California, 91709, Chino Hills",33.9825237,-117.7142257,ddr,,,ziv
Chaparral Lanes,"400 West Bonita Avenue San Dimas California, 91773, San Dimas",34.1057329,-117.8144807,ddr,,,ziv
Charlie's Collectible Show,"6009 Memorial Dr Unit 14 Stone Mountain Georgia, 30083, Stone Mountain",33.8020805,-84.1915158,ddr,,,ziv
CHINATOWN FAIR,"8 Mott St, New York, NY 10038",40.7140173,-73.9985710,ddr;maimai_dx;other;pump_it_up,,ddr:1;maimai_dx:1;pump_it_up:2,allnet;ziv
Cinemark Imax,"10802 E 71st St Tulsa Oklahoma, 74133, Tulsa",36.0584017,-95.8564666,ddr,,,ziv
Cinemark Orlando and XD @ Dezerland,"5150 International Drive Orlando Florida, 32819, Orlando",28.4700025,-81.4463830,ddr;other,,,ziv
Cinemark Theatres,"4721 S Timberline Rd Fort Collins Colorado, 80528-300, Fort Collins",40.5206667,-105.0422144,ddr;other,,,ziv
Circuit Social,"258 Granby Street Norfolk Virginia, 23510, Norfolk",36.8495975,-76.2904663,ddr;other,,,ziv
Circus Arcade,"1401 Paul Bunyan Drive Northwest Bemidji Minnesota, 56601, Bemidji",47.4945751,-94.8997383,ddr,,,ziv
Cobra Arcade,"63 E Congress Street Tucson Arizona, 85701, Tucson",32.2221798,-110.9699741,ddr,,,ziv
Colonial Bowling and Entertainment,"2420 Brunswick Avenue Lawrenceville New Jersey, 08648, Lawrenceville",40.2571329,-74.7274675,ddr,,,ziv
Continues Arcade,"1050 N. Fayette Street Alexandria Virginia, 22314, Alexandria",38.8167293,-77.0505007,ddr;groove_coaster;other,,ddr:1;groove_coaster:1,ziv
CrackerJax,"16001 North Scottsdale Road Scottsdale Arizona, 85254, Scottsdale",33.6318145,-111.9231716,ddr,,,ziv
Crazy Quarters Arcade,"521 Washington Avenue Bay City Michigan, 48708, Bay City",43.5958708,-83.8882542,ddr;groove_coaster;other;pump_it_up,,,ziv
Crowbar Arcade,"195 State St Binghamton NY, 13901, Binghamton",42.1017828,-75.9119384,ddr,,,ziv
"Cyber Zone, Ho-Chunk Casino","S3214 County Highway Boulevard Baraboo Wisconsin, 53913, Baraboo",43.5283575,-89.7757131,ddr;other,,,ziv
Daffodil Bowl,"1624 E. Main Street Puyallup WA, 98372, Puyallup",47.1913444,-122.2713027,ddr,,,ziv
Dairy Queen,"6714 S Croatan Hwy Nags Head North Carolina, 27959, Nags Head",35.9179660,-75.6048297,ddr,,,ziv
Dancetopia,"33054 Garfield Road Fraser, MI 48026, Fraser, MI",42.5399690,-82.9491717,ddr;groove_coaster;iidx;jubeat;nostalgia;other;pump_it_up;stepmaniax,,,ziv
Dave & Buster's,"1105 Walnut Street Cary, NC Cary North Carolina, 27511, Cary",35.7714122,-78.7616971,ddr;other;pump_it_up,,,ziv
Dave & Buster's,"11780 Fountains Way Maple Grove Minnesota, 55369, Maple Grove",45.0929134,-93.4289450,ddr;other,,,ziv
Dave & Buster's,"250 Granite Street Braintree Massachusetts, 02184, Braintree",42.2188741,-71.0237172,ddr;other,,,ziv
Dave & Buster's,"3000 Oakwood Blvd Hollywood Florida, 33020-7100, Hollywood",26.0401649,-80.1622710,ddr;other,,,ziv
Dave & Buster's,"3023 Southwest 45th Street Gainesville Florida, 32608, Gainesville",29.6250788,-82.3936791,ddr,,,ziv
Dave & Buster's,"45511 Park Ave, Ste D Utica Michigan, 48315, Utica",42.6308861,-83.0115660,ddr;other,,,ziv
Dave & Buster's,"8361 Concord Mills Boulevard Concord North Carolina, 28027, Concord",35.3715796,-80.7237073,ddr,,,ziv
Dave & Buster's,"Greenwood Park Mall Greenwood Indiana, 46142, Greenwood",39.6337294,-86.1207445,ddr;other,,,ziv
Dave & Buster's,"Sugarloaf Mills 5900 Sugarloaf Pkwy Lawrenceville Georgia, 30043, Lawrenceville",33.9803767,-84.0785656,ddr;other,,,ziv
Dave & Buster's (Alderwood),"3000 184th St. S.W Lynnwood Washington, 98037, Lynnwood",47.8293640,-122.2701035,ddr;other,,,ziv
Dave & Buster's (Atlantic Center),"625 Atlantic Avenue Suite 311, 3rd Floor Brooklyn New York, 11217, Brooklyn",40.6837302,-73.9748014,ddr;other,,,ziv
Dave & Buster's (Austin),"9333 Research Boulevard Austin Texas, 78759, Austin",30.3834822,-97.7374288,ddr;other,,,ziv
Dave & Buster's (Baybrook Mall),"704 Baybrook Mall Dr Friendswood Texas, 77546, Friendswood",29.5449045,-95.1500239,ddr;other;pump_it_up,,,ziv
Dave & Buster's (Chattanooga),"2084 Hamilton Place Boulevard Chattanooga Tennessee, 37421, Chattanooga",35.0329111,-85.1593297,ddr,,,ziv
Dave & Buster's (Colorado Center),"2000 S Colorado Blvd Denver Colorado, 80222, Denver",39.6810168,-104.9391210,ddr;other,,,ziv
Dave & Buster's (Crossgates Mall),"1 Crossgates Mall Road Suite L117 Albany New York, 12203, Albany",42.6897797,-73.8522838,ddr;other,,,ziv
Dave & Buster's (Desert Ridge Marketplace),"21001 N Tatum Blvd, Ste 44-1400 Phoenix Arizona, 85050, Phoenix",33.6766801,-111.9731381,ddr,,,ziv
Dave & Buster's (Downtown Summerlin),"2130 Park Centre Drive, Ste. 100 Las Vegas Nevada, 89135, Las Vegas",36.1486133,-115.3325261,ddr;other,,,ziv
Dave & Buster's (Euless),"2525 Rio Grande Boulevard Euless Texas, 76039, Euless",32.8736583,-97.1032190,ddr,,,ziv
Dave & Buster's (Fountains at Roseville),"1174 Roseville Parkway Roseville California, 95678, Roseville",38.7680000,-121.2700778,ddr;other,,,ziv
Dave & Buster's (Franklin Mall),"1995 Franklin Mills Cir Philadelphia Pennsylvania, 19154, Philadelphia",40.0917222,-74.9610194,ddr;other,,,ziv
Dave & Buster's (Frisco),"2601 Preston Rd #1200, Frisco Texas, 75034, Frisco",33.0998646,-96.8111050,ddr,,,ziv
Dave & Buster's (Gateway Center),"395 Gateway Drive Brooklyn New York, 11239, Brooklyn",40.6505059,-73.8709973,ddr;other,,,ziv
Dave & Buster's (Gloucester),"200 Premium Outlets Dr Blackwood New Jersey, 08012, Blackwood",39.7851677,-75.0499973,ddr;other,,,ziv
Dave & Buster's (Great Mall),"940 Great Mall Drive Milpitas California, 95035, Milpitas",37.4185040,-121.8978380,ddr;other,,,ziv
Dave & Buster's (HHLA),"6081 Center Drive Los Angeles California, 90045, Los Angeles",33.9772731,-118.3905933,ddr;other;pump_it_up,,,ziv
Dave & Buster's (Hilliard),"3665 Park Mill Run Drive Hilliard Ohio, 43026, Hilliard",40.0279389,-83.1212818,ddr;other,,,ziv
Dave & Buster's (Homestead),"180 East Waterfront Drive Pittsburgh Pennsylvania, 15120, Pittsburgh",40.4095823,-79.9141634,ddr;other,,,ziv
Dave & Buster's (Irvine Spectrum Center),"661 Spectrum Center Drive Irvine California, 92618, Irvine",33.6508204,-117.7436127,ddr;other,,,ziv
Dave & Buster's (Islandia),"1856 Veterans Memorial Highway Islandia New York, 11749, Islandia",40.8031817,-73.1784749,ddr;other,,,ziv
"Dave & Buster's (Jacksonville, FL)","7025 Salisbury Rd Jacksonville Florida, 32256, Jacksonville",30.2449440,-81.5869290,ddr;other,,,ziv
Dave & Buster's (Janss Marketplace),"145 West Hillcrest Drive Thousand Oaks California, 91360, Thousand Oaks",34.1815192,-118.8797737,ddr;other;pump_it_up,,,ziv
Dave & Buster's (Legends Outlets),"1843 Village West Parkway Suite 201 Kansas City Kansas, 66111, Kansas City",39.1269054,-94.8270713,ddr;other,,,ziv
Dave & Buster's (Miami),"11481 NW 12th St Miami, FL 33172 Miami Florida, 33172, Miami",25.7867462,-80.3812020,ddr;other,,,ziv
Dave & Buster's (Nashville),"Opry Mills 540 Opry Mills Drive Nashville Tennessee, 37214, Nashville",36.2061703,-86.6942187,ddr;other,,,ziv
Dave & Buster's (Omaha),"2502 South 133rd Plaza Suite 111 Omaha Nebraska, 68144, Omaha",41.2358959,-96.1225660,ddr;other,,,ziv
Dave & Buster's (Ontario Mills),"4821 Mills Circle Ontario California, 91764, Ontario",34.0728981,-117.5480850,ddr,,,ziv
Dave & Buster's (Orland Park),"49 Orland Square Drive Orland Park Illinois, 60462, Orland Park",41.6172010,-87.8512787,ddr,,,ziv
Dave & Buster's (Ovation Hollywood),"6801 Hollywood Boulevard Los Angeles California, 90028, Los Angeles",34.1021626,-118.3392801,ddr;other,,,ziv
Dave & Buster's (Palisades Center),"4661 Palisades Center Drive West Nyack New York, 10994, West Nyack",41.0971138,-73.9544024,ddr;other,,,ziv
Dave & Buster's (Philadelphia Waterfront),"325 N Christopher Columbus Boulevard Philadelphia Pennsylvania, 19106, Philadelphia",39.9562188,-75.1386531,ddr;other,,,ziv
Dave & Buster's (Plymouth Meeting Mall),"500 West Germantown Pike Plymouth Meeting Pennsylvania, 19462, Plymouth Meeting",40.1158261,-75.2820725,ddr,,,ziv
Dave & Buster's (Serramonte Center),"130 Serremonte Center Daly City California, 94015, Daly City",37.6712269,-122.4714280,ddr;other;pump_it_up,,,ziv
Dave & Buster's (Shenandoah),"8915 Metropark Drive Shenandoah Texas, 77385, Shenandoah",30.1954187,-95.4500663,ddr;other,,,ziv
Dave & Buster's (Solano Town Center),"1420 Travis Boulevard Fairfield California, 94533, Fairfield",38.2593897,-122.0524354,ddr;other,,,ziv
Dave & Buster's (St. Louis),"13857 Riverport Drive Maryland Heights Missouri, 63043, Maryland Heights",38.7577189,-90.4681456,ddr;other,,,ziv
Dave & Buster's (The Mall of New Hampshire),"1500 South Willow Street Manchester New Hampshire, 03103, Manchester",42.9552862,-71.4347511,ddr;other,,,ziv
Dave & Buster's (The Outlets at Orange),"100 City Boulevard West Orange California, 92868, Orange",33.7848860,-117.8937296,ddr;other,,,ziv
Dave & Buster's (The Shops at Santa Anita),"400 South Baldwin Avenue Arcadia California, 91007, Arcadia",34.1357485,-118.0494545,ddr;other,,,ziv
Dave & Buster's (The Verdanda),"2075 Diamond Boulevard Ste. H180 Concord California, 94520, Concord",37.9732083,-122.0602675,ddr;other;pump_it_up,,,ziv
Dave & Buster's (The Village at River Park),"212 East River Park Circle Fresno California, 93720, Fresno",36.8550891,-119.7862744,ddr,,,ziv
Dave & Buster's (Times Square NYC),"234 West 42nd Street 3rd Floor New York NY, 10036, New York",40.7565601,-73.9881742,ddr;other,,ddr:3,ziv
Dave & Buster's (Torrance),"21880 Hawthorne Blvd Torrance California, 90503, Torrance",33.8285966,-118.3490716,ddr;other,,,ziv
Dave & Buster's (Vernon Hills),"424 Hawthorn Center Vernon Hills Illinois, 60061, Vernon Hills",42.2425641,-87.9487654,ddr;other,,,ziv
Dave & Buster's (Vintage Faire Mall),"3401 Dale Road Modesto California, 95356, Modesto",37.6888403,-121.0518435,ddr,,,ziv
Dave & Buster's (Westbury),"1504 Old Country Road Westbury New York, 11590, Westbury",40.7442123,-73.5944117,ddr;other,,,ziv
Dave & Buster's (Westlake),"25735 1st Street Westlake Ohio, 44145, Westlake",41.4732245,-81.9054580,ddr;other,,,ziv
Dave & Buster's (Westminster Prominade),"10667 Westminster Blvd. Westminster Colorado, 80020, Westminster",39.8901634,-105.0701952,ddr;other,,,ziv
Dave & Buster's (Whitehall),"1491 MacArthur Road Whitehall Pennsylvania, 18052, Whitehall",40.6291149,-75.4836124,ddr;other,,,ziv
Dave & Buster's - Providence Place Mall,"100 Francis Street Providence Rhode Island, 02908, Providence",41.8279586,-71.4173203,ddr;other,,,ziv
DAVE & BUSTER'S DALLAS,9450 n central expressway dallas tx 75231,32.8773588,-96.7692242,ddr;maimai_dx;other,,,allnet;ziv
Dave & Buster's Marietta,"2215 D and B Dr SE Marietta Georgia, 30067, Marietta",33.9191471,-84.4867140,ddr;other,,,ziv
Dave & Buster's Springdale,"11775 Commons Dr. Springdale Ohio, 45246, Springdale",39.2927274,-84.4539830,ddr;other,,,ziv
Dave & Busters,"201b Bay Park Square Green Bay Wisconsin, 54304, Green Bay",44.4845543,-88.0668461,ddr;other,,,ziv
"Dave & Busters (Augusta, GA)","807 Cabela Drive Augusta Georgia, 30909, Augusta",33.5245520,-82.0225076,ddr,,,ziv
Dave & Buster’s (Canton),"4110 Belden Village Street Northwest Canton Ohio, 44718, Canton",40.8549902,-81.4264383,ddr;other,,,ziv
Dave & Buster’s Sioux Falls,"2690 South Lorraine Place Sioux Falls South Dakota, 57106, Sioux Falls",43.5204183,-96.7826754,ddr,,,ziv
DawnStar Video Games,"3007 W Clay St Suite A Richmond Virginia, 23230, Richmond",37.5659388,-77.4713260,ddr;iidx;jubeat;museca;nostalgia;other;project_diva;sdvx;wacca,,ddr:1;iidx:1;jubeat:2;museca:1;nostalgia:1;project_diva:1;sdvx:2;wacca:1,ziv
Decades Amusement & Fare,"438 North Queen Street Lancaster Pennyslvania, 17603, Lancaster",40.0451810,-76.3076143,ddr;other,,,ziv
Dogpatch Arcade,"1482 Bagnell Dam Blvd Lake Ozark Missouri, 65049, Lake Ozark",38.1990645,-92.6395458,ddr,,,ziv
Draftcade (Kansas City),"7260 Northwest 87th Street Kansas City Missouri, 64153, Kansas City",39.2517003,-94.6648376,ddr,,,ziv
Dragon's Lair,"663 Stillwater Ave, Bangor, ME 04401, United States Bangor 04401, Bangor",44.8321043,-68.7475491,ddr,,,ziv
DUCK! - Mall Of America,"342 Central Parkway Bloomington Minnesota, 55425, Bloomington",44.8560837,-93.2420075,chunithm;ddr;drs;maimai_dx;pump_it_up;sdvx;taiko;wacca,,chunithm:1;ddr:1;drs:1;maimai_dx:2;pump_it_up:1;sdvx:1;taiko:1;wacca:1,ziv
EightyOne Arcade Bar,"221 South Phillips Avenue Sioux Falls South Dakota, 57104, Sioux Falls",43.5452702,-96.7271952,ddr;drs;groove_coaster;jubeat;nostalgia;other;pump_it_up;wacca,,,ziv
Eldorado Auto Skooter & Arcade,"1216 Surf Ave Brooklyn New York, 11224, Brooklyn",40.5748958,-73.9801785,ddr;other,,,ziv
Electric Starship Arcade,"5620 Denton Hwy Haltom City TX, 76148, Haltom City",32.8491297,-97.2628213,ddr;nostalgia;other;sdvx,,,ziv
Emerald Falls Arcade,"8602 Thomas Drive Panama City Florida, 32408, Panama City",30.1674056,-85.7879502,ddr,,,ziv
Emporium - San Francisco,"616 Divisadero Street San Francisco California, 94117, San Francisco",37.7754087,-122.4376608,ddr;other,,,ziv
ENTERRIUM,2 WOODFIELD MALL SCHAUMBURG IL 60173,42.0453408,-88.0340351,ddr;drs;iidx;maimai_dx;other;popn;sdvx,,ddr:1;drs:1;iidx:1;maimai_dx:2;popn:1;sdvx:1,allnet;ziv
Extraordinaire Arcade,"2237 Sepulveda Avenue San Bernardino California, 92405, San Bernardino",34.1367618,-117.2823556,ddr;other,,,ziv
Extravaganza Wilmington,"3500 Oleander Dr Wilmington North Carolina, 28403, Wilmington",34.2121038,-77.9064343,ddr;other;pump_it_up;stepmaniax,,,ziv
Extreme Fun Center,"901 S Boone St Aberdeen Washington, 98520, Aberdeen",46.9620090,-123.8058436,ddr,,,ziv
Family Fun Center,"2899 Whiteford Rd Unit #240 York PA, 17402, York",39.9898951,-76.6745273,ddr;other,,,ziv
Family Time Dine and Play,"550 Center Street Auburn Maine, 04210, Auburn",44.1217410,-70.2284332,ddr;other,,,ziv
Fat Cats Bowling,"10685 Westminster Blvd Westminster Colorado, Westminster",39.8907630,-105.0727760,ddr,,,ziv
Fire Betty's,"1122 Thomasville Road, #9 Tallahassee Florida, 32303, Tallahassee",30.4544435,-84.2786469,ddr;other;stepmaniax,,,ziv
Fireball Arcade,"218 East Main Street Front Royal Virginia, 22630, Front Royal",38.9177699,-78.1908520,ddr,,,ziv
Fizzy's Arcade,"4770 PA-405 N Milton Pennsylvania, 17847, Milton",40.9943057,-76.8634737,ddr;other,,,ziv
Flags and Wheels Indoor Racing and Arcade,"605 Saint Charles Street Rapid City South Dakota, 57701, Rapid City",44.0695053,-103.2283891,ddr,,,ziv
Flashback Arcade,"258 River Rock Boulevard Murfreesboro Tennessee, 37128, Murfreesboro",35.8450794,-86.4359796,crossbeats;ddr;groove_coaster;other,,,ziv
Flip Off Arcade,"15941 Meridian Avenue East Puyallup Washington, 98374, Puyallup",47.1116781,-122.2924895,ddr;other,,,ziv
Flippers Family Arcade,"1617 Capitol Ave. Cheyenne Wyoming, 82001, Cheyenne",41.1334811,-104.8154291,ddr;other,,,ziv
Flippin' Great Pinball,"632-2 Railroad Square Tallahassee Florida, 32310, Tallahassee",30.4332479,-84.2935908,chunithm;ddr;jubeat;other;sdvx,,,ziv
Flynn's Gaming,"5869 Margate Boulevard Margate Florida, 33063, Margate",26.2437895,-80.2053675,ddr;other;sdvx,,,ziv
Fortune Bay Casino & Resort,"1430 Bois Forte Road Tower Minnesota, 55790, Tower",47.8220375,-92.3430812,ddr,,,ziv
Four Swords Retropub,"Main Floor, Masonic Square Mall, 130 W Washington St u6 Marquette Michigan, 49855, Marquette",46.5435319,-87.3939979,ddr;iidx;other,,,ziv
Free Play Arcade - Abilene,"250 Cypress Street Abilene TX, 79601, Abilene",32.4509963,-99.7345412,crossbeats;ddr;groove_coaster;jubeat;other;reflec;sdvx,,,ziv
Free Play Arcade - Dallas,"3015 Gulden Lane Dallas Texas, 75212, Dallas",32.7797926,-96.8281839,crossbeats;ddr;gitadora;iidx;jubeat;nostalgia;other;popn;sdvx,,,ziv
Free Play Arcade - Denton,"101 West Hickory Street Denton Texas, 76201, Denton",33.2145359,-97.1328290,crossbeats;ddr;iidx;jubeat;museca;other;wacca,,,ziv
Free Play Arcade - Richardson,"1730 East Belt Line Road Richardson Texas, 75081, Richardson",32.9438056,-96.6933056,ddr;jubeat;museca;other;sdvx;wacca,,,ziv;community
Freeplay Bar & Arcade - Worcester,"25 Union Street Worcester Massachusetts, 01608, Worcester",42.2700266,-71.7982879,chunithm;ddr;groove_coaster;jubeat;ongeki;other;popn;project_diva;stepmaniax;wacca,,chunithm:2;ddr:1;groove_coaster:1;jubeat:1;ongeki:1;popn:1;project_diva:1;stepmaniax:1;wacca:1,ziv
Frontier Town Water Park and Mini Golf,"8428 Stephen Decatur Highway Berlin Maryland, 21811, Berlin",38.2929007,-75.1494348,ddr,,,ziv
Fun -N- Games Rewind,"6989 Market Street Boardman Ohio, 44512, Boardman",41.0278628,-80.6622647,ddr;other,,,ziv
Fun Factory (Kamehameha Shopping Center),"1620 North School Street Suite #113 Honolulu Hawaiʻi, 96817, Honolulu",21.3362078,-157.8683840,ddr;other,,,ziv
Fun Factory (Waiakea Center),"315 Makaʻala Street Hilo Hawaiʻi, 96720, Hilo",19.7014056,-155.0630016,ddr,,,ziv
Fun Factory (Windward Mall),"46-056 Kamehameha Highway Kaneohe Hawaiʻi, 96744, Kaneohe",21.4205431,-157.8058583,ddr;other;sdvx,,,ziv
Fun Factory - Kona Coast Shopping Center,"74-5586 Palani Rd Kailua Kona 96740, Kailua Kona",19.6458058,-155.9949508,ddr,,,ziv
FUN FACTORY - MAUI MALL,"70 EAST KAAHUMANU AVE, UNIT A-13  KAHULUI, HI 96732",20.8915555,-156.4645280,ddr;maimai_dx;other,,,allnet;ziv
FUN FACTORY - MILILANI,"95-1249 MEHEULA PKWY SUITE D-8 MILILANI, HI 96789",21.4533682,-158.0061044,ddr;maimai_dx;other;sdvx,,,allnet;ziv
Fun N Stuff,"661 Highland Rd E Macedonia Ohio, 44056, Macedonia",41.2997520,-81.4998300,ddr;other,,,ziv
Fun Zone USA (Folsom),"13000 Folsom Boulevard Suite 907 Folsom California, 95630, Folsom",38.6435859,-121.1879783,ddr;other;pump_it_up;stepmaniax,,,ziv
Fun-O-Rama,"9 Beach St. York Beach Maine, 03910, York Beach",43.1757209,-70.6104994,ddr;other,,,ziv
Funarama,"169 Ocean Blvd. Hampton New Hampshire, 03842, Hampton",42.9097257,-70.8109583,ddr;other,,,ziv
Funtastic Arcade (Columbia Gorge Outlets),"450 NW 257th Way #310 Troutdale Oregon, 97060, Troutdale",45.5435954,-122.3881111,ddr;other,,,ziv
Funtasticks Family Fun Park,"4540 North Stone Avenue Tucson Arizona, 85705, Tucson",32.2883151,-110.9683389,ddr,,,ziv
Funworld,"200 Daniel Webster Highway Nashua New Hampshire, 03060, Nashua",42.7162955,-71.4422874,ddr;gitadora;other;stepmaniax,,,ziv
Galaxy of Games Family Fun Center,"Zern's Farmer's Market, Stand #302, Gateway #29 (Rt. 73 E) Gilbertsville Pennsylvania, 19525, Gilbertsville",40.3215540,-75.6184440,ddr,,,ziv
GAMA Ride,"2200 Bridgepointe Pkwy San Mateo California, 94404, San Mateo",37.5619629,-122.2817801,ddr;other,,,ziv
Game Box Arcade (Dover),"1365 North Dupont Highway Dover Delaware, 19901, Dover",39.1947802,-75.5405713,ddr;other,,,ziv
Game Nest,"4525 Spring Mountain Road Suite 112 Las Vegas Nevada, 89102, Las Vegas",36.1253065,-115.2017679,chunithm;ddr;drs;gitadora;groove_coaster;iidx;jubeat;museca;nostalgia;ongeki;other;polaris_chord;popn;project_diva;pump_it_up;reflec;sdvx;taiko;wacca,,chunithm:2;ddr:2;drs:1;gitadora:1;groove_coaster:1;iidx:1;jubeat:1;museca:1;nostalgia:1;ongeki:1;polaris_chord:1;popn:1;project_diva:1;pump_it_up:1;reflec:1;sdvx:1;taiko:1;wacca:2,ziv
Game On (Mohegan Sun),"1 Mohegan Sun Boulevard Montville Connecticut, 06382, Montville",41.4933132,-72.0913598,ddr;other,,,ziv
Game On Arcade (Poppy Bank Epicenter),"3215 Coffey Lane Santa Rosa California, 95403, Santa Rosa",38.4673350,-122.7464375,ddr;other;pump_it_up,,,ziv
GameCraft Arcade & Bar,"168 Center Street Unit 106 Southington Connecticut, 06489, Southington",41.6007269,-72.8825582,ddr;other,,,ziv
Gamerheadz,"10 Southdale Center Edina Minnesota, 55435, Edina",44.8812805,-93.3250043,ddr;other,,,ziv
Games Gallery Arcade (California's Great America),"4701 Great America Pkwy Santa Clara CA , 95054, Santa Clara",37.3937762,-121.9720339,ddr;other,,,ziv
Games Room Etc. @ Cal Poly Pomona,"Bronco Student Center Bldg. 35-1110 3801 W. Temple Ave. Pomona California, 91768, Pomona",34.0504550,-117.8207300,ddr;other;pump_it_up,,,ziv
GAMEWORKS,1511  7TH AVE SEATTLE WA 98101,47.6118622,-122.3338196,ddr;gitadora;maimai_dx;other;popn;pump_it_up;taiko,,,allnet;ziv
Garden City Pavilion Arcade,"103 Atlantic Avenue Murrells Inlet South Carolina, 29576, Murrells Inlet",33.5769736,-78.9987842,ddr;other,,,ziv
Gary’s Arcade - West Seattle Arcade,"2820 Alki Ave SW Seattle WA, 98116, Seattle",47.5782356,-122.4128035,ddr;other,,,ziv
Gatcha (Koreatown),"313 5th Ave New York 10016, New York",40.7468871,-73.9854214,chunithm;ddr;drs;iidx;jubeat;maimai_dx;nostalgia;other;popn;pump_it_up;taiko;wacca,,chunithm:3;ddr:1;drs:1;iidx:1;jubeat:1;maimai_dx:2;nostalgia:1;popn:1;pump_it_up:1;taiko:15;wacca:1,ziv
GATCHA TANGRAM,133-33 37TH AVE #F1/F2 FLUSHINGNY 11354,40.7605824,-73.8337836,chunithm;ddr;drs;gitadora;maimai_dx;ongeki;other;project_diva;pump_it_up;taiko;wacca,,chunithm:2;ddr:1;drs:1;gitadora:2;maimai_dx:2;ongeki:2;project_diva:1;pump_it_up:1;taiko:1;wacca:1,allnet;ziv
GattiTown,"316 North Green River Road Evansville Indiana, 47715, Evansville",37.9800748,-87.4959071,ddr;other,,,ziv
Glitch's Arcade,"1950 N Grand Ave Sherman Texas, 75090, Sherman",33.6549034,-96.6033062,ddr;other,,,ziv
Gold Country Lanes,"81 Ridge Road Sutter Creek California, 95685, Sutter Creek",38.3764123,-120.8069644,ddr;other,,,ziv
Golf N' Stuff,"10501 Firestone Blvd, Norwalk, CA Norwalk California, 90650, Norwalk",33.9268122,-118.1070855,ddr;other,,,ziv
Golf N' Stuff,"6503 E Tanque Verde Rd. Tucson Arizona, 85715, Tucson",32.2455464,-110.8542100,ddr,,ddr:2,ziv
Golfland (Sunnyvale),"855 E El Camino Real Sunnyvale California, 94087, Sunnyvale",37.3546601,-122.0152486,ddr;other,,,ziv
Good Times Bowling,"750 E Glenn Ave Auburn Alabama, 36830, Auburn",32.6208702,-85.4736328,ddr,,,ziv
Grand Century Mall Arcade,"1111 Story Road San Jose California, 95122, San Jose",37.3334146,-121.8564678,ddr;other,,,ziv
Great Lakes Glow Golf,"3494 Plainfield Ave NE Grand Rapids Michigan, 49504, Grand Rapids",43.0266668,-85.6287503,ddr;other,,,ziv
Greek Peak Mountain Resort,"2000 New York 392 Cortland New York, 13045, Cortland",42.5087272,-76.1452230,ddr,,,ziv
Ground Kontrol Classic Arcade,"511 Northwest Couch Street Portland Oregon, 97209, Portland",45.5237885,-122.6758551,ddr;other,,,ziv
H Mart Naperville,"1295 E Ogden Ave Naperville Illinois, 60563, Naperville",41.7975218,-88.1229070,ddr;popn,,,ziv
Half Moon Penny Arcade,"300 Lakeside Ave. Laconia New Hampshire, 03246, Laconia",43.6064195,-71.4584090,ddr;other,,,ziv
Hamm's Arcade,"916 E BUS US 83 San Juan 78589, San Juan",26.1851073,-98.1403032,chunithm;ddr;drs;maimai_dx;ongeki;other;pump_it_up;taiko;wacca,,chunithm:1;ddr:1;drs:1;maimai_dx:1;ongeki:1;pump_it_up:1;taiko:1;wacca:2,ziv
Happy Valley Arcade Bar,"296 Main Street Beacon New York, 12508, Beacon",41.5054112,-73.9704155,ddr;other,,,ziv
Havasu Lanes and Kegler's Pub,"2134 McCulloch Boulevard North Lake Havasu City Arizona, 86403, Lake Havasu City",34.4741599,-114.3270461,ddr,,,ziv
Haze's Toys & Arcade,"5800 Northgate Drive Suite 62 San Rafael California, 94903, San Rafael",38.0038280,-122.5445396,chunithm;ddr;drs;ongeki;other;sdvx;wacca,,chunithm:2;ddr:1;drs:2;ongeki:1;sdvx:1;wacca:1,ziv
Headshots Bar and Grill,"2120 N Woodlawn Blvd #324 Wichita Kansas, 67208, Wichita",37.6877321,-97.3031089,ddr,,,ziv
Herrin Bowl,"625 N Pershing Street Energy Illinois, 62933, Energy",37.7712324,-89.0269512,ddr,,,ziv
High Score Player Two: Classic Arcade,"2818 Mount Vernon Avenue Evansville Indiana, 47712, Evansville",37.9828765,-87.6086239,ddr;iidx;jubeat;popn;sdvx;wacca,,,ziv
Hometown Arcade (Bloomfield),"85 Washington St Bloomfield New Jersey, 07003, Bloomfield",40.7938026,-74.1995305,ddr;other,,,ziv
Hometown Arcade (Northampton),"150 Main St Suite 40 Lower Level 1 Northampton Massachusetts, 01060, Northampton",42.3183282,-72.6308567,ddr;iidx;jubeat;other;sdvx,,,ziv
Hometown Arcade (Norwood),"61 Endicott St Building 26A, Mailstop #83 Norwood Massachusetts, 02062, Norwood",42.1770577,-71.2169733,ddr;nostalgia;other;sdvx;taiko,,,ziv
Honeybee Ice Cream and Arcade,"703 John Sims Parkway Niceville Florida, 32578, Niceville",30.5192906,-86.4816080,ddr;other,,,ziv
I/O Arcade Bar,"924 Williamson St Madison Wisconsin, 53703, Madison",43.0811316,-89.3666555,ddr,,,ziv
IKIGAI ARCADE,"5738 BAUM BLVD PITTSBURGH, PA 15206",40.4586541,-79.9324136,chunithm;ddr;groove_coaster;iidx;maimai_dx;ongeki;other;popn;pump_it_up;sdvx;wacca,,chunithm:2;ddr:1;groove_coaster:1;iidx:2;maimai_dx:1;ongeki:1;popn:2;pump_it_up:1;sdvx:2;wacca:4,allnet;ziv
Indiana Beach,"5224 East Indiana Beach Road Monitcello Indiana, 47960, Monitcello",40.7903485,-86.7717741,ddr,,,ziv
Jackson Rancheria Casino & Hotel,"12222 New York Ranch Rd Jackson California, 95602, Jackson",38.3860508,-120.7318493,ddr,,,ziv
Jaegers Paintball & Laser Tag,"9300 Northeast Underground Drive Kansas City Missouri, 64161, Kansas City",39.1605857,-94.4696707,ddr,,,ziv
John's Incredible Pizza,"3709 Rosedale Highway Bakersfield California, 93308, Bakersfield",35.3815661,-119.0492865,ddr,,,ziv
John's Incredible Pizza Company,"8601 On the Mall Buena Park California, 90620, Buena Park",33.8447915,-117.9891351,ddr;other,,,ziv
Jon's House,"751 Jacobs Millpond Road Elgin South Carolina, 29045, Elgin",34.1079816,-80.8240968,ddr;other,,,ziv
Jungle Fun Island - Ala Moana Center,"528 Kona Street Honolulu Hawaiʻi, 96814, Honolulu",21.2910038,-157.8432584,ddr;iidx;maimai_dx;other;sdvx,,,ziv
Jungle Rapids Family Fun Park,"5320 Oleander Dr. Wilmington North Carolina, 28403, Wilmington",34.2065770,-77.8633150,ddr,,,ziv
Kiddleton,"23330 Grand Cir Blvd Suite 160 Katy TX, 77449, Katy",29.7889129,-95.7731304,ddr;popn,,,ziv
Kiddleton (Gardena),"15484 S Western Ave Gardena California, 90247, Gardena",33.8893655,-118.3089084,ddr;other;popn,,,ziv
Kiddleton Cupertino,"19710 Stevens Creek Blvd Cupertino CA, 95014, Cupertino",37.3216340,-122.0179554,ddr;other;popn,,,ziv
Kidstar Park,"18505 Paulson Drive Port Charlotte Florida, 33954, Port Charlotte",27.0146126,-82.1435094,ddr;other,,,ziv
Landmark Lanes,"2220 North Farwell Avenue Milwaukee Wisconsin, 53202, Milwaukee",43.0596072,-87.8857943,ddr,,,ziv
Laser Ops Xtreme Fun Center,"6277 West Waters Avenue Tampa Florida, 33634, Tampa",28.0280250,-82.5476648,ddr,,,ziv
Laser Web Dayton,"533 Miamisburg Centerville Rd, Dayton, OH 45459 Ohio, 45459",39.6330962,-84.2012788,ddr,,,ziv
Lazer X,"2523 Judson Rd NorthLoop Plaza Longview Texas, 75605, Longview",32.5387366,-94.7487087,ddr,,,ziv
Lazer Xtreme,"8460-10390 Smith Road Middleburg Heights Ohio, 44130, Middleburg Heights",41.3754414,-81.7898808,ddr;other,,,ziv
Leaderboard 2 Arcade Bar & Pizzeria (Shad),"5285 Shad Road Suite 316 Jacksonville Florida, 32257, Jacksonville",30.1940262,-81.5774021,chunithm;ddr;drs;gitadora;iidx;jubeat;museca;nostalgia;ongeki;other;project_diva;pump_it_up;sdvx;taiko;wacca,,chunithm:2;ddr:1;drs:1;gitadora:2;iidx:1;jubeat:2;museca:1;nostalgia:1;ongeki:1;project_diva:1;pump_it_up:1;sdvx:1;taiko:2;wacca:2,ziv
Leaderboard 3 (Lakeshore),"2415 Blanding Blvd Ste 9 Jacksonville 32210, Jacksonville",30.2746416,-81.7312700,ddr;drs;other;popn;taiko;wacca,,,ziv
Legends Sportsplex,"70 Ken Hayes Drive Bourbonnais Illinois, 60914, Bourbonnais",41.1733681,-87.8448115,ddr;other,,,ziv
Let's Play! Cafe,"214 North Lewis Street Monroe Washington, 98272, Monroe",47.8574967,-121.9711509,ddr;other,,,ziv
LFG Gaming Bar,"116 Portage Street Kalamazoo Michigan, 49007, Kalamazoo",42.2913673,-85.5818019,ddr;other;sdvx,,,ziv
LITTLE TOKYO,"319 E 2nd St, Los Angeles, CA 90012",34.0491876,-118.2405746,ddr;gitadora;iidx;maimai_dx;other;popn;sdvx,,,allnet;ziv
Livingston's Amusements,"5947 Clark Center Avenue Sarasota Florida, 34238, Sarasota",27.6916172,-82.1007317,ddr,,,ziv
Logan Arcade,"2410 West Fullerton Avenue Chicago Illinois, 60647, Chicago",41.9251493,-87.6881743,ddr;other,,,ziv
Lowry Parcade,"1213 W Waters Ave Tampa 33604, Tampa",28.0256310,-82.4713017,ddr;jubeat;other;wacca,,,ziv
LR's Pizza,"707 High Street Delano California, 93215, Delano",35.7658032,-119.2464102,ddr,,,ziv
Lucky Strike Elkhorn,"20902 Cumberland Drive Omaha Nebraska, 68022, Omaha",41.2673360,-96.2420100,ddr;other,,,ziv
Main Event (Grapevine),"407 West State Highway 114 Grapevine Texas, 76051, Grapevine",32.9201869,-97.0816792,ddr;other,,,ziv
Malibu Grand Prix,"5295 Brook Hollow Parkway Norcross Georgia, 30071, Norcross",33.9247032,-84.1857243,ddr;other,,,ziv
Max Bowl,"3500 Regional Drive Port Arthur Texas, 77642, Port Arthur",29.8550091,-93.9721608,ddr,,,ziv
Max Funland (86th St),"1921 86th St Brooklyn New York, 11214, Brooklyn",40.6057546,-73.9996525,chunithm;ddr;gitadora;iidx;ongeki;other;taiko;wacca,,chunithm:1;ddr:1;gitadora:1;iidx:1;ongeki:1;taiko:2;wacca:1,ziv
Max Funland (Borough Park),"3901 8th Ave Brooklyn NY, 11232, Brooklyn",40.6469332,-73.9972653,chunithm;ddr;ongeki;other;taiko,,,ziv
Max Funland (Broadway),"47 Broadway 2nd Floor New York New York, 10006, New York",40.7066181,-74.0130875,chunithm;ddr;gitadora;ongeki;other,,chunithm:2;ddr:1;gitadora:2;ongeki:2,ziv
Maya Cinemas Fresno 16,"3090 East Campus Pointe Drive Fresno California, 93710, Fresno",36.8124617,-119.7345081,ddr,,,ziv
Mayan Palace,"1918 Southwest Military Drive San Antonio Texas, 78221, San Antonio",29.3551042,-98.5237251,ddr,,,ziv
MBM Fun Center Arcade (Ocean Beach Park),"98 Neptune Ave New London Connecticut, 06320, New London",41.3092524,-72.0986052,ddr;other,,,ziv
MegaPlay Family Entertainment Center,"2500 Miracle Ln # D Mishawaka, IN 46545 Mishawaka Indiana, 46545, Mishawaka",41.6826484,-86.1930473,ddr;other;pump_it_up,,,ziv
Micronesia Mall - Fun Fair,"1088 West Marine Corps Drive Dededo Guam, 96929, Dededo",13.5191493,144.8162200,ddr;drs;gitadora;other,,,ziv
Midway @ Circus Circus Las Vegas Hotel Resort and Casino,"2880 South Las Vegas Boulevard Las Vegas Nevada, 89109, Las Vegas",36.1367452,-115.1635190,ddr;other,,,ziv
Miner Mike's,"4515 Osage Beach Pkwy Osage Beach Missouri, 65065, Osage Beach",38.1469691,-92.6252979,ddr;other,,,ziv
Mini Putt Family Entertainment Center,"920 Benvenue Road Rocky Mount North Carolina, 27804, Rocky Mount",35.9669211,-77.8026737,ddr;other,,,ziv
Museum of Play at The Strong,"1 Manhattan Square Dr Rochester New York, 14607, Rochester",43.1527440,-77.6007090,ddr;other;stepmaniax,,,ziv
Namco Time Out - Rushmore Mall,"2200 North Maple Avenue Rapid City South Dakota, 57701, Rapid City",44.1074180,-103.2099220,ddr,,,ziv
Nerds Fun Center & LaserTag,"2312 S 1st St, Yakima, WA 98903 Yakima Pacific Northwest , 98903, Yakima",46.5686140,-120.4866525,ddr;other,,,ziv
Nest Arcade Seattle,"270 S. Hanford St. Unit 210 Seattle Washington, 98134, Seattle",47.5757838,-122.3304784,crossbeats;ddr;other;pump_it_up;wacca,,,ziv
New Game Plus+,"1653 West Palmetto Street Florence South Carolina, 29501, Florence",34.1908887,-79.8001759,chunithm;dance_evo;ddr;gitadora;groove_coaster;iidx;museca;other;popn;project_diva;sdvx;taiko;wacca,,,ziv
Nickel Mania - Murray,"6051 State Street Murray Utah, 84107, Murray",40.6394324,-111.8887728,ddr;other,,,ziv
Nickel Mania - West Jordan,"3245 W 7800 S Suite A West Jordan Utah, 84088, West Jordan",40.6088600,-111.9688490,ddr;groove_coaster,,ddr:2;groove_coaster:1,ziv
Nickel-A-Play,"15201 East Mississippi Avenue Aurora Colorado, 80012, Aurora",39.6978748,-104.8114449,ddr;other,,,ziv
Nickelmania - Orem,"1000 North State Street Orem Utah, 84057, Orem",40.3152520,-111.7028689,ddr;other;sdvx,,,ziv
Nifty Fifty's (Turnersville),"4670 Route 42 Turnersville New Jersey, 08012, Turnersville",39.7453523,-75.0444270,ddr;other,,ddr:2,ziv
Old North Arcade,"22 pullman square Huntington West Virginia, 25701, Huntington",38.4226740,-82.4436849,ddr;other,,,ziv
One Well Brewing,"4217 Portage Street Kalamazoo Michigan, 49001, Kalamazoo",42.2485543,-85.5591431,ddr,,,ziv
Oops Alley,"3721 Hwy 90 Pace Florida, 32571, Pace",30.5955598,-87.1685861,ddr,,ddr:1,ziv
P Dubs,"20800 Santa Lucia St Tehachapi California, 93561, Tehachapi",35.1209068,-118.4899199,ddr;other,,,ziv
Park Place Stadium Cinemas,"600 Washington Street East Charleston West Virginia, 25301, Charleston",38.3529155,-81.6334584,ddr;other,,,ziv
Party Jungle,"12046 N. 32nd St. Phoenix, AZ Phoenix Arizona, 85028, Phoenix",33.5961730,-112.0131886,ddr;other,,ddr:3,ziv
Peter Piper Pizza,"3007 Highland Blvd Ste 112 National City California, 91950, National City",32.6586119,-117.0886171,ddr,,,ziv
"PGH Dance Game Space (""The Space"")","Squirrel Hill South Pittsburgh Pennsylvania, 15217, Pittsburgh",40.4336536,-79.9230472,ddr;other;pump_it_up;stepmaniax,,ddr:1;pump_it_up:2;stepmaniax:2,ziv
Pinball Hall of Fame,"4925 South Las Vegas Boulevard Las Vegas Nevada, 89119, Las Vegas",36.0846385,-115.1715369,ddr;other,,,ziv
Pinball Land,"114 Courtland Street Rockford Michigan, 49341, Rockford",43.1207771,-85.5588463,ddr;other,,,ziv
Pinball Pete's,"220 Albert Ave East Lansing Michigan, 48823, East Lansing",42.7355550,-84.4813440,ddr,,ddr:2,ziv
Pinball Pete's,"500 East Liberty St. Ann Arbor Michigan, 48104, Ann Arbor",42.2792695,-83.7430608,ddr;other,,,ziv
Pinballz Arcade,"8940 Research Blvd. Suite 100 Austin Texas, 78758, Austin",30.3699900,-97.7215560,ddr;other,,,ziv
Pinballz Kingdom,"15201 S IH 35 Frontage Rd. Buda Texas, 78610, Buda",30.0867506,-97.8186524,ddr;other,,,ziv
Pinballz Lake Creek,"13729 Research Blvd Ste 1350 Austin Texas, 78750, Austin",30.4603264,-97.7903669,ddr;pump_it_up,,,ziv
Pixels Bar + Arcade,"110 Bluestone Crossing Rd Rolesville North Carolina, 27571, Rolesville",35.9216775,-78.4603911,ddr;other,,,ziv
Play Port,"2730 West 12th Street Erie Pennsylvania, 16505, Erie",42.1016915,-80.1423810,ddr;gitadora;other;popn,,,ziv
Player 1 Video Game Bar Vegas,"2797 South Maryland Parkway Las Vegas Nevada, 89109, Las Vegas",36.1391336,-115.1378313,ddr;other,,,ziv
Player 2 Arcade Bar,"219 N Washington St Green Bay WI, 54301, Green Bay",44.5065449,-88.0341339,ddr;other,,,ziv
Playzone Bowling and Amusement,"950 N Imperial Ave El Centro CA, 92243, El Centro",32.7532100,-115.5191803,ddr;popn,,,ziv
Plaza Stadium Cinemas 14,"255 West 5th Street Oxnard California, 93030, Oxnard",34.1984146,-119.1792128,ddr;other,,,ziv
Point Break Arcade,"445 Harrison Avenue Panama City Florida, 32401, Panama City",30.1560462,-85.6605591,chunithm;ddr;drs;groove_coaster;jubeat;nostalgia;other;popn;project_diva;sdvx;stepmaniax;taiko;wacca,,,ziv
Power Surge Bar Arcade,"347 Main St. Fitchburg Massachusetts, 01420, Fitchburg",42.5696120,-71.7797327,ddr;jubeat;other,,,ziv
PowerPlay Entertainment Center,"509 NW Barry Rd. Kansas City Missouri, 64118, Kansas City",39.2442375,-94.5881160,ddr;other;pump_it_up,,,ziv
Prairie Fun Land,"515 East Paquette Street Prairie du Chien Wisconsin, 53821, Prairie du Chien",43.0283914,-91.1379380,ddr,,,ziv
Premiere Cinemas,"1000 Premiere Parkway Southeast Rio Rancho New Mexico, 87124, Rio Rancho",35.2399556,-106.6996827,ddr,,ddr:15,ziv
Prince UFO Catchers,"131 Colonie Center Suite #152 Albany New York, 12205, Albany",42.7102506,-73.8160819,chunithm;ddr;other;wacca,,chunithm:2;ddr:1;wacca:1,ziv
Putt-Putt Fun Center,"3615 North Main Street Mishawaka Indiana, 46545, Mishawaka",41.6933737,-86.1825214,ddr,,,ziv
Putt-Putt Golf and Games,"2004 West Pleasant Ridge Road Arlington Texas, 76015, Arlington",32.6758038,-97.1410060,ddr,,,ziv
Rad Retrocade,"201 North Main Street Las Cruces New Mexico, 88001, Las Cruces",32.3104765,-106.7792372,ddr;other,,,ziv
Rainbow Skateland,"1109 Lincoln Avenue Lockport New York, 14094, Lockport",43.1536416,-78.6672415,ddr,,,ziv
Randolph Beer,"82 Prospect St Brooklyn New York, 11201, Brooklyn",40.7005059,-73.9875287,ddr;other,,,ziv
Rcade,"1615 East Empire Street Bloomington Illinois, 61701, Bloomington",40.4859631,-88.9561701,ddr;other,,,ziv
Realms,"109 South 23rd Street Boise Idaho, 83702, Boise",43.6207856,-116.2186634,chunithm;ddr;groove_coaster;other,,chunithm:2;ddr:1;groove_coaster:2,ziv
Reboot Arcade,"534 North Liberty Street Winston-Salem North Carolina, 27101, Winston-Salem",36.1008499,-80.2454969,ddr,,,ziv
Rec Hall STL,"800 S Duchesne Dr St Charles Missouri, 63301, St Charles",38.7878436,-90.5142868,ddr;pump_it_up,,,ziv
Recbar,"10301 Taylorsville Road Jeffersontown Kentucky, 40299, Jeffersontown",38.1958771,-85.5660066,ddr;other,,,ziv
Recbar 812,"336 Pearl Street New Albany Indiana, 47150, New Albany",38.2859091,-85.8226144,ddr;other,,,ziv
Red Note,"1881 South Rainbow Boulevard Las Vegas Nevada, 89146, Las Vegas",36.1505760,-115.2435833,chunithm;ddr;gitadora;groove_coaster;iidx;jubeat;nostalgia;ongeki;other;popn;pump_it_up;sdvx;stepmaniax;wacca,,chunithm:4;ddr:5;gitadora:1;groove_coaster:1;iidx:2;jubeat:1;nostalgia:1;ongeki:1;popn:2;pump_it_up:1;sdvx:3;stepmaniax:1;wacca:1,ziv
Regal Garden Grove 16,"9741 Chapman Avenue, Garden Grove Garden Grove California, 92841, Garden Grove",33.7886392,-117.9630404,ddr,,,ziv
Regency Fun Center,"2440 East Carson Street Lakewood California, 90712, Lakewood",33.8317139,-118.1627466,ddr;other,,,ziv
Retro City Arcade,"4446 Washington Rd Ste 7 Evans GA, 30809, Evans",33.5436325,-82.1425035,ddr;other,,,ziv
Retroware Arcade (Lansdale),"309 West Main Street Lansdale Pennsylvania, 19446, Lansdale",40.2435101,-75.2867609,chunithm;crossbeats;ddr;jubeat;nostalgia;other;project_diva;sdvx;stepmaniax;wacca,,,ziv
Revival Arcade,"1395 North E Street San Bernardino California, 92405, San Bernardino",34.1253699,-117.2939229,ddr;gitadora;groove_coaster;iidx;other;sdvx;wacca,,,ziv
Rex Center Arcade,"3680 S Maryland Pkwy #175 Las Vegas 89169, Las Vegas",36.1226885,-115.1345247,ddr;other,,,ziv
RhythmPitt,"Join the discord! Pittsburgh Pennsylvania, 15208, Pittsburgh",40.4514865,-79.9081555,chunithm;crossbeats;ddr;drs;gitadora;groove_coaster;iidx;jubeat;museca;nostalgia;ongeki;other;popn;project_diva;reflec;sdvx;wacca,,chunithm:2;crossbeats:1;ddr:1;drs:1;gitadora:3;groove_coaster:1;iidx:2;jubeat:2;museca:2;nostalgia:1;ongeki:1;popn:2;project_diva:1;reflec:2;sdvx:3;wacca:3,ziv
Ric&Rik Otaku Cafe,"7022 Bandera Road San Antonio Texas, 78238, San Antonio",29.4989299,-98.6254450,chunithm;ddr;gitadora;groove_coaster;iidx;jubeat;museca;nostalgia;other;popn;project_diva;sdvx;stepmaniax;taiko;wacca,,chunithm:2;ddr:1;gitadora:1;groove_coaster:1;iidx:1;jubeat:2;museca:1;nostalgia:1;popn:1;project_diva:1;sdvx:1;stepmaniax:1;taiko:1;wacca:2,ziv
Rigby's Entertainment Complex,"2001 Karl Drive Warner Robins Georgia, 31088, Warner Robins",32.5512499,-83.6868483,ddr,,,ziv
Rinky Dink Family Fun Center,"2390 Medina rd. Medina Ohio, 44256, Medina",41.1348200,-81.7736530,ddr,,,ziv
RIT Ritz Sports Zone,"Rochester New York, 14623, Rochester",43.0840285,-77.6746300,ddr;other,,,ziv
Roanoke STARCADE,"1 Market Square Southeast Floor 2 Roanoke Virginia, 24011, Roanoke",37.2714552,-79.9392486,ddr;other,,,ziv
Rocketbelly,"100 Pioneer Point Apartment Suite 156 Arlington Texas, 76010, Arlington",32.7070358,-97.1089495,ddr,,,ziv
Rolling Thunder Lanes (Sky Ute Casino and Resort),"14324 Hwy 172 North Ignacio Colorado, 81137, Ignacio",37.1376613,-107.6327524,ddr;other,,,ziv
ROUND1 ARLINGTON PARKS,"3811 S. Cooper St., Suite 6004,Arlington TX 76015",32.6796797,-97.1295441,chunithm;dance_around;ddr;drs;gitadora;groove_coaster;iidx;maimai_dx;museca;other;popn;project_diva;pump_it_up;sdvx;taiko;wacca,,chunithm:1;dance_around:1;ddr:3;drs:2;gitadora:2;groove_coaster:2;iidx:1;maimai_dx:2;museca:2;popn:1;project_diva:1;pump_it_up:3;sdvx:3;taiko:1;wacca:2,allnet;ziv;round1usa
ROUND1 ARROWHEAD TOWN CENTER,"7650 Arrowhead Town Center, Glendale, AZ 85308",33.6413806,-112.2240577,chunithm;crossbeats;dance_around;ddr;drs;gitadora;iidx;maimai_dx;other;popn;pump_it_up;sdvx;stepmaniax;taiko;wacca,,chunithm:2;crossbeats:2;dance_around:1;ddr:2;drs:1;gitadora:4;iidx:2;maimai_dx:2;popn:1;pump_it_up:2;sdvx:2;stepmaniax:1;taiko:2;wacca:1,allnet;ziv;round1usa
Round1 Auburn Hills (Great Lakes Crossing),"4220 Baldwin Rd, Auburn Hills, MI 48326, USA",42.7025380,-83.2996450,chunithm;ddr;drs;maimai_dx;sdvx;taiko,,,round1usa
Round1 Bowling & Arcade (Broadway Commons),"972 Broadway Mall Hicksville New York, 11801, Hicksville",40.7737561,-73.5331730,chunithm;dance_around;ddr;drs;gitadora;iidx;maimai_dx;other;popn;pump_it_up;sdvx;stepmaniax;taiko,,chunithm:2;dance_around:2;ddr:3;drs:1;gitadora:2;iidx:2;maimai_dx:2;popn:2;pump_it_up:1;sdvx:2;stepmaniax:1;taiko:4,ziv
Round1 Bowling & Arcade (Coronado Center),"6600 Menaul Boulevard Northeast Albuquerque New Mexico, 87110, Albuquerque",35.1066911,-106.5756805,chunithm;crossbeats;dance_around;ddr;drs;gitadora;groove_coaster;iidx;maimai_dx;museca;other;pump_it_up;sdvx;taiko;wacca,,chunithm:4;crossbeats:1;dance_around:1;ddr:2;drs:1;gitadora:2;groove_coaster:1;iidx:2;maimai_dx:2;museca:1;pump_it_up:4;sdvx:3;wacca:1,ziv;round1usa
Round1 Bowling & Arcade (Cumberland Mall),"2860 Cumberland Mall Atlanta Georgia, 30339, Atlanta",33.8802585,-84.4670214,chunithm;dance_around;ddr;drs;gitadora;iidx;maimai_dx;other;popn;pump_it_up;sdvx;stepmaniax;taiko;wacca,,chunithm:1;dance_around:2;ddr:3;drs:1;gitadora:2;iidx:2;maimai_dx:3;popn:2;pump_it_up:2;sdvx:3;stepmaniax:1;taiko:2;wacca:1,ziv;round1usa
Round1 Bowling & Arcade (Danbury Fair),"7 Backus Avenue Danbury Connecticut, 06810, Danbury",41.3796745,-73.4802532,chunithm;dance_around;ddr;drs;gitadora;iidx;maimai_dx;other;popn;pump_it_up;sdvx;stepmaniax;taiko;wacca,,chunithm:2;dance_around:1;ddr:2;drs:1;gitadora:2;iidx:1;maimai_dx:2;popn:2;pump_it_up:1;sdvx:2;stepmaniax:1;taiko:1;wacca:1,ziv;round1usa
Round1 Bowling & Arcade (Exton Square Mall),"172 Exton Square Parkway Exton Pennsylvania, 19341, Exton",40.0306751,-75.6223013,chunithm;dance_around;ddr;drs;gitadora;iidx;maimai_dx;other;popn;project_diva;pump_it_up;sdvx;taiko;wacca,,chunithm:1;dance_around:1;ddr:3;drs:1;gitadora:2;iidx:1;maimai_dx:3;popn:2;project_diva:1;pump_it_up:2;sdvx:2;taiko:1;wacca:1,ziv;round1usa
Round1 Bowling & Arcade (Great Lakes Crossing Outlets),"4220 Baldwin Rd Suite A502 Auburn Hills Michigan, 48326, Auburn Hills",42.7018127,-83.2980609,chunithm;crossbeats;dance_around;ddr;drs;gitadora;groove_coaster;iidx;maimai_dx;other;popn;project_diva;pump_it_up;sdvx;stepmaniax;taiko;wacca,,chunithm:2;crossbeats:1;dance_around:2;ddr:3;drs:2;gitadora:2;groove_coaster:2;iidx:2;maimai_dx:4;popn:1;project_diva:1;pump_it_up:1;sdvx:2;stepmaniax:1;taiko:2;wacca:1,ziv
Round1 Bowling & Arcade (Great Lakes Mall),"7850 Mentor Avenue Suite 200A Mentor Ohio, 44060, Mentor",41.6588704,-81.3629822,chunithm;dance_around;ddr;drs;gitadora;iidx;maimai_dx;other;project_diva;pump_it_up;sdvx;stepmaniax;taiko;wacca,,dance_around:1;ddr:4;drs:1;gitadora:2;iidx:1;project_diva:1;pump_it_up:1;sdvx:1;stepmaniax:1;wacca:1,ziv;round1usa
Round1 Bowling & Arcade (Gurnee Mills),"6170 West Grand Avenue Gurnee Illinois, 60031, Gurnee",42.3887186,-87.9597724,chunithm;dance_around;ddr;gitadora;iidx;maimai_dx;other;popn;project_diva;pump_it_up;sdvx;stepmaniax;taiko;wacca,,chunithm:2;dance_around:1;ddr:2;gitadora:4;iidx:1;maimai_dx:2;popn:2;project_diva:1;pump_it_up:1;sdvx:2;stepmaniax:1;taiko:2;wacca:1,ziv
Round1 Bowling & Arcade (Main Place Mall),"2800 North Main Street Suite 1100 Santa Ana California, 92705, Santa Ana",33.7743722,-117.8686519,chunithm;dance_around;ddr;drs;gitadora;iidx;maimai_dx;other;popn;pump_it_up;sdvx;stepmaniax;taiko,,dance_around:1;ddr:2;drs:1;gitadora:2;iidx:1;maimai_dx:2;popn:2;pump_it_up:1;sdvx:3;stepmaniax:1;taiko:1,ziv;round1usa
Round1 Bowling & Arcade (Maine Mall),"364 Maine Mall Road South Portland Maine, 04106, South Portland",43.6334348,-70.3348268,chunithm;dance_around;ddr;drs;gitadora;groove_coaster;iidx;maimai_dx;other;popn;pump_it_up;sdvx;taiko;wacca,,chunithm:1;dance_around:1;ddr:1;drs:1;gitadora:2;groove_coaster:1;iidx:1;maimai_dx:2;popn:2;pump_it_up:1;sdvx:1;taiko:1;wacca:1,ziv;round1usa
Round1 Bowling & Arcade (Menlo Park Mall),"55 Parsonage Rd Space 1850A Edison NJ, 08837, Edison",40.5461934,-74.3367040,chunithm;dance_around;ddr;drs;gitadora;iidx;maimai_dx;other;pump_it_up;sdvx;stepmaniax;taiko,,chunithm:2;dance_around:1;ddr:3;drs:2;gitadora:2;iidx:2;maimai_dx:1;pump_it_up:1;sdvx:2;stepmaniax:1;taiko:1,ziv;round1usa
Round1 Bowling & Arcade (North Riverside Park Mall),"7501 West Cermak Road North Riverside Illinois, 60546, North Riverside",41.8485053,-87.8113389,chunithm;dance_around;ddr;drs;gitadora;iidx;maimai_dx;other;popn;project_diva;pump_it_up;sdvx;taiko;wacca,,chunithm:2;dance_around:1;ddr:2;drs:1;gitadora:2;iidx:1;maimai_dx:3;popn:2;project_diva:1;pump_it_up:1;sdvx:2;taiko:2;wacca:1,ziv;round1usa
Round1 Bowling & Arcade (North Star Mall),"7400 San Pedro Avenue San Antonio Texas, 78216, San Antonio",29.5179905,-98.4945243,chunithm;dance_around;ddr;drs;gitadora;iidx;maimai_dx;other;popn;pump_it_up;sdvx;stepmaniax;taiko;wacca,,chunithm:2;dance_around:1;ddr:4;drs:1;gitadora:2;iidx:2;maimai_dx:2;popn:2;pump_it_up:1;sdvx:2;stepmaniax:1;taiko:2;wacca:1,ziv;round1usa
Round1 Bowling & Arcade (Promenade Temecula),"40710 Winchester Road Temecula California, 92591, Temecula",33.5262948,-117.1531965,chunithm;dance_around;ddr;drs;gitadora;groove_coaster;iidx;maimai_dx;other;popn;pump_it_up;sdvx;taiko,,chunithm:1;dance_around:2;ddr:3;drs:1;gitadora:2;groove_coaster:2;iidx:1;maimai_dx:2;popn:2;pump_it_up:2;sdvx:2;taiko:2,ziv
Round1 Bowling & Arcade (Stonestown Galleria),"285 Winston Dr Space No. B1 San Francisco California, 94132, San Francisco",37.7265378,-122.4778764,chunithm;dance_around;ddr;drs;gitadora;iidx;maimai_dx;other;popn;pump_it_up;sdvx;taiko;wacca,,dance_around:1;ddr:4;drs:1;gitadora:2;iidx:2;maimai_dx:3;popn:2;pump_it_up:1;sdvx:2;taiko:2;wacca:1,ziv;round1usa
Round1 Bowling & Arcade (The Shops at Skyview),"131-07 40th Road Suite C01 Flushing NY, 11354, Flushing",40.7568800,-73.8354164,chunithm;ddr;drs;gitadora;maimai_dx;other;sdvx;wacca,,chunithm:2;ddr:1;drs:1;gitadora:2;maimai_dx:3;sdvx:1;wacca:1,ziv
Round1 Bowling & Arcade (Valley River Center),"600 Valley River Center Suite 101 Eugene Oregon, 97401, Eugene",44.0686091,-123.1083083,chunithm;dance_around;ddr;drs;gitadora;iidx;maimai_dx;other;popn;project_diva;pump_it_up;sdvx;taiko;wacca,,chunithm:2;dance_around:1;ddr:2;drs:1;gitadora:2;iidx:1;maimai_dx:2;popn:2;project_diva:2;pump_it_up:1;sdvx:1;taiko:1;wacca:1,ziv;round1usa
Round1 Bowling & Arcade (Westfield Plaza Bonita),"3030 Plaza Bonita Road National City California, 91902, National City",32.6567841,-117.0652516,chunithm;dance_around;ddr;drs;gitadora;iidx;maimai_dx;other;popn;project_diva;pump_it_up;sdvx;stepmaniax;taiko;wacca,,chunithm:2;dance_around:2;ddr:3;drs:1;gitadora:2;iidx:1;maimai_dx:10;popn:2;project_diva:1;pump_it_up:1;sdvx:2;stepmaniax:1;taiko:2;wacca:1,ziv;round1usa
Round1 Bowling & Arcade (Westfield Southcenter),"2351 Southcenter Mall Tukwila Washington, 98188, Tukwila",47.4598840,-122.2561471,chunithm;dance_around;ddr;drs;gitadora;iidx;maimai_dx;other;popn;project_diva;pump_it_up;sdvx;stepmaniax;taiko,,chunithm:2;dance_around:1;ddr:2;drs:2;gitadora:2;iidx:2;maimai_dx:3;popn:2;project_diva:1;pump_it_up:1;sdvx:3;stepmaniax:1;taiko:3,ziv;round1usa
Round1 Bowling & Arcade (Willowbrook Mall),"3000 Willobrook Mall (A) Houston TX, 77070, Houston",29.9625660,-95.5398235,chunithm;dance_around;ddr;drs;gitadora;groove_coaster;iidx;maimai_dx;museca;other;pump_it_up;sdvx;stepmaniax;taiko;wacca,,chunithm:4;dance_around:1;ddr:3;drs:2;gitadora:4;groove_coaster:2;iidx:2;museca:1;pump_it_up:1;sdvx:2;stepmaniax:1;taiko:1;wacca:3,ziv;round1usa
Round1 Bowling & Arcade - Millcreek Mall Complex,"5800 Peach Street Erie Pennsylvania, 16509, Erie",42.0688513,-80.0985504,chunithm;dance_around;ddr;gitadora;iidx;maimai_dx;museca;other;popn;project_diva;pump_it_up;sdvx;taiko;wacca,,chunithm:1;dance_around:1;ddr:1;gitadora:2;iidx:1;maimai_dx:2;museca:2;popn:2;project_diva:1;pump_it_up:1;sdvx:1;taiko:1;wacca:1,ziv
Round1 Bowling & Arcade - Oklahoma City (Quail Springs Mall),"2501 West Memorial Road Oklahoma City Oklahoma, 73134, Oklahoma City",35.6131205,-97.5583516,chunithm;dance_around;ddr;drs;gitadora;groove_coaster;iidx;maimai_dx;other;popn;pump_it_up;sdvx;taiko;wacca,,chunithm:2;dance_around:2;ddr:2;drs:1;gitadora:2;groove_coaster:1;iidx:1;maimai_dx:2;popn:2;pump_it_up:1;sdvx:1;wacca:1,ziv;round1usa
Round1 Bowling & Arcade - Sandy (The Shops at South Town),"10600 South 110 West Sandy Utah, 84070, Sandy",40.5623948,-111.8943787,chunithm;dance_around;ddr;drs;gitadora;groove_coaster;iidx;maimai_dx;other;popn;project_diva;pump_it_up;sdvx;taiko;wacca,,chunithm:2;dance_around:1;ddr:2;drs:1;gitadora:2;groove_coaster:2;iidx:1;maimai_dx:2;popn:2;project_diva:1;pump_it_up:1;sdvx:3;taiko:1;wacca:1,ziv;round1usa
ROUND1 BROADWAY MALL,"358 North Broadway, Suite 1950,Hicksville, NY 11801",40.7732181,-73.5295087,chunithm;ddr;drs;maimai_dx;sdvx;taiko,,,allnet;round1usa
ROUND1 BURBANK TOWN CENTER,"201 E Magnolia Blvd, Suite 145,Burbank, CA 91502",34.1833774,-118.3124048,chunithm;dance_around;ddr;drs;gitadora;iidx;maimai_dx;other;popn;project_diva;pump_it_up;sdvx;stepmaniax;taiko;wacca,,chunithm:1;dance_around:2;ddr:3;drs:1;gitadora:2;iidx:1;maimai_dx:3;popn:2;project_diva:1;pump_it_up:5;sdvx:2;stepmaniax:1;taiko:2;wacca:1,allnet;ziv;round1usa
ROUND1 CHANDLER FASHION CENTER,"3111 W Chandler Blvd, Chandler,AZ 85226",33.3014704,-111.8984059,chunithm;dance_around;ddr;drs;gitadora;iidx;maimai_dx;other;popn;project_diva;pump_it_up;sdvx;stepmaniax;taiko;wacca,,chunithm:2;dance_around:1;ddr:3;drs:2;gitadora:2;iidx:1;maimai_dx:3;popn:2;project_diva:1;pump_it_up:1;sdvx:2;stepmaniax:1;taiko:2;wacca:1,allnet;ziv;round1usa
ROUND1 CRYSTAL RUN GALLERIA,"1 Galleria Dr., Suite 01, Middletown, NY 10941",41.4528370,-74.3683538,chunithm;dance_around;ddr;drs;gitadora;iidx;maimai_dx;other;popn;pump_it_up;sdvx;taiko;wacca,,chunithm:1;dance_around:1;ddr:2;drs:1;gitadora:2;iidx:1;maimai_dx:2;popn:2;pump_it_up:1;sdvx:2;taiko:1;wacca:1,allnet;ziv;round1usa
ROUND1 CUMBERLAND MALL,"2860 Cumberland Mall, Suite 1500, Atlanta, GA 30339",33.8799947,-84.4680649,crossbeats;ddr;gitadora;groove_coaster;iidx;maimai_dx;museca;other,,crossbeats:2;ddr:1;gitadora:2;groove_coaster:2;iidx:1;museca:2,allnet;ziv
ROUND1 DEERBROOK MALL,"20131 US-59, Humble, TX 77338",30.0089636,-95.2697497,chunithm;dance_around;ddr;drs;gitadora;iidx;maimai_dx;other;popn;pump_it_up;sdvx;stepmaniax;taiko,,dance_around:1;ddr:2;drs:2;gitadora:2;iidx:1;maimai_dx:2;popn:2;pump_it_up:1;sdvx:2;stepmaniax:1;taiko:2,allnet;ziv;round1usa
ROUND1 DEPTFORD MALL,"1750 Deptford Center Road,Space#2350,Deptford Township,NJ 08096",39.8314319,-75.0978249,chunithm;dance_around;ddr;drs;gitadora;groove_coaster;iidx;maimai_dx;other;popn;project_diva;pump_it_up;sdvx;taiko;wacca,,chunithm:1;dance_around:1;ddr:2;drs:1;gitadora:2;groove_coaster:2;iidx:1;maimai_dx:2;popn:2;project_diva:1;pump_it_up:1;sdvx:2;taiko:2;wacca:1,allnet;ziv;round1usa
ROUND1 EASTRIDGE SHOPPING CENTER,"2200 Eastridge Loop Suite 2094,San Jose, CA 95122",37.3255349,-121.8133811,chunithm;dance_around;ddr;drs;gitadora;iidx;maimai_dx;other;popn;project_diva;pump_it_up;sdvx;stepmaniax;taiko;wacca,,dance_around:1;ddr:5;drs:1;gitadora:2;iidx:2;maimai_dx:3;popn:2;project_diva:1;pump_it_up:2;sdvx:3;stepmaniax:1;taiko:2;wacca:1,allnet;ziv;round1usa
Round1 Erie (Millcreek Mall),"5800 Peach St, Erie, PA 16509, USA",42.0677230,-80.0977160,chunithm;ddr;drs;maimai_dx;sdvx;taiko,,,round1usa
ROUND1 FAIRFIELD COMMONS,"2727 Fairfield Commons, Suite ANC1A, Beavercreek, OH 45431",39.7672589,-84.0566336,chunithm;dance_around;ddr;drs;gitadora;groove_coaster;iidx;maimai_dx;other;popn;project_diva;pump_it_up;sdvx;stepmaniax;taiko;wacca,,chunithm:2;dance_around:2;ddr:3;drs:1;gitadora:2;groove_coaster:2;iidx:1;maimai_dx:2;popn:2;project_diva:2;pump_it_up:1;sdvx:3;stepmaniax:1;taiko:2;wacca:1,allnet;ziv;round1usa
ROUND1 FASHION DISTRICT PHILADELPHIA,"1001 Market Street, #3010, Philadelphia, PA 19107",39.9519835,-75.1571648,chunithm;dance_around;ddr;drs;gitadora;groove_coaster;iidx;maimai_dx;other;popn;project_diva;pump_it_up;sdvx;taiko;wacca,,chunithm:2;dance_around:1;ddr:2;drs:1;gitadora:2;groove_coaster:3;iidx:1;maimai_dx:2;popn:2;project_diva:1;pump_it_up:1;sdvx:2;taiko:1;wacca:2,allnet;ziv;round1usa
ROUND1 FOUR SEASONS TOWN CENTRE,"125 Four Seasons Town Centre Greensboro, NC  27407",36.0392769,-79.8384279,chunithm;crossbeats;dance_around;ddr;drs;gitadora;groove_coaster;iidx;maimai_dx;other;popn;project_diva;pump_it_up;sdvx;taiko;wacca,,chunithm:2;crossbeats:1;dance_around:1;ddr:2;drs:2;gitadora:2;groove_coaster:1;iidx:1;maimai_dx:1;popn:3;project_diva:1;pump_it_up:1;sdvx:2;taiko:1;wacca:1,allnet;ziv;round1usa
ROUND1 FOX VALLEY MALL,"2480 Fox Valley Center, B13 Aurora, IL 60504",41.7588775,-88.2126401,chunithm;dance_around;ddr;drs;gitadora;groove_coaster;iidx;maimai_dx;other;popn;project_diva;pump_it_up;sdvx;taiko;wacca,,chunithm:1;dance_around:1;ddr:2;drs:1;gitadora:2;groove_coaster:1;iidx:1;maimai_dx:9;popn:2;project_diva:1;pump_it_up:2;sdvx:3;taiko:2;wacca:1,allnet;ziv;round1usa
ROUND1 GATEWAY MALL,"6100 O St., Space 190A, Lincoln, NE 68505",40.8156596,-96.6350068,chunithm;dance_around;ddr;drs;gitadora;groove_coaster;iidx;maimai_dx;other;popn;pump_it_up;sdvx;taiko,,chunithm:2;dance_around:1;ddr:2;gitadora:2;groove_coaster:1;iidx:1;maimai_dx:2;popn:1;pump_it_up:1;sdvx:2;taiko:1,allnet;ziv;round1usa
ROUND1 GRAPEVINE MILLS,"3000 Grapevine Mills Pkwy Suite613, Grapevine, TX 76051",32.9661607,-97.0425031,chunithm;dance_around;ddr;drs;gitadora;groove_coaster;iidx;maimai_dx;other;project_diva;pump_it_up;sdvx;taiko;wacca,,chunithm:2;dance_around:2;ddr:3;drs:2;gitadora:2;groove_coaster:2;iidx:2;maimai_dx:3;project_diva:1;pump_it_up:2;sdvx:2;taiko:3;wacca:2,allnet;ziv;round1usa
Round1 Gurnee (Gurnee Mills),"6136 W Grand Ave., Gurnee, IL 60031, USA",42.3714200,-87.9170700,chunithm;ddr;drs;maimai_dx;sdvx;taiko,,,round1usa
ROUND1 HOLYOKE MALL,"50 Holyoke Street, Space J210, Holyoke, MA 01040",42.1676302,-72.6413569,chunithm;dance_around;ddr;drs;gitadora;iidx;maimai_dx;other;popn;pump_it_up;sdvx;taiko,,chunithm:2;dance_around:1;ddr:2;drs:1;gitadora:2;iidx:2;maimai_dx:2;popn:2;pump_it_up:2;sdvx:2;taiko:1,allnet;ziv;round1usa
ROUND1 JERSEY GARDEN,"651 Kapkowski Rd, Elizabeth, NJ07201",40.6590029,-74.1695025,chunithm;dance_around;ddr;drs;gitadora;iidx;maimai_dx;other;popn;pump_it_up;sdvx;stepmaniax;taiko,,dance_around:1;ddr:2;drs:1;gitadora:2;iidx:2;maimai_dx:2;popn:2;pump_it_up:1;sdvx:2;stepmaniax:1;taiko:1,allnet;ziv;round1usa
ROUND1 LAKEWOOD MALL,"401 Lakewood Ctr. Mall, Lakewood, CA 90712",33.8503969,-118.1385807,chunithm;dance_around;ddr;drs;gitadora;iidx;maimai_dx;other;popn;project_diva;pump_it_up;sdvx;stepmaniax;taiko;wacca,,chunithm:1;dance_around:1;ddr:4;drs:2;gitadora:2;iidx:2;maimai_dx:3;popn:2;project_diva:1;pump_it_up:1;sdvx:2;stepmaniax:1;taiko:2;wacca:2,allnet;ziv;round1usa
ROUND1 LAS VEGAS SOUTH PREMIUM OUTLETS,"7400 S. Las Vegas Blvd, Ste 0213, Las Vegas, NV, 89123",36.0510062,-115.1688657,chunithm;dance_around;ddr;drs;gitadora;iidx;maimai_dx;other;popn;pump_it_up;sdvx;stepmaniax;taiko;wacca,,chunithm:2;dance_around:1;ddr:2;gitadora:2;iidx:1;maimai_dx:2;popn:2;pump_it_up:1;sdvx:3;stepmaniax:1;taiko:1;wacca:1,allnet;ziv;round1usa
ROUND1 MEADOWOOD MALL,"5400 Meadowood Mall Circle,Reno,NV 89502",39.4745831,-119.7804218,chunithm;ddr;drs;gitadora;groove_coaster;iidx;maimai_dx;other;pump_it_up;sdvx;taiko;wacca,,ddr:2;drs:1;gitadora:2;groove_coaster:2;iidx:2;maimai_dx:2;pump_it_up:1;sdvx:1;taiko:1;wacca:1,allnet;ziv;round1usa
ROUND1 MEADOWS MALL,"4000 Meadows Ln Suite 100, Las Vegas, NV 89107",36.1726720,-115.1947320,chunithm;crossbeats;dance_around;ddr;drs;gitadora;iidx;maimai_dx;other;pump_it_up;sdvx;stepmaniax;taiko;wacca,,crossbeats:2;dance_around:1;ddr:3;gitadora:2;iidx:1;maimai_dx:2;pump_it_up:1;sdvx:1;stepmaniax:1;wacca:1,allnet;ziv;round1usa
ROUND1 MORENO VALLEY MALL,"22500 Town Circle Suite 2030, Moreno Valley, CA 92553",33.9387359,-117.2713013,chunithm;dance_around;ddr;drs;gitadora;iidx;maimai_dx;other;popn;pump_it_up;sdvx;taiko,,chunithm:2;dance_around:1;ddr:1;drs:1;gitadora:2;iidx:1;maimai_dx:2;popn:2;pump_it_up:2;sdvx:2;taiko:2,allnet;ziv;round1usa
ROUND1 NORTHRIDGE MALL,"1600 Northridge Mall, #200, Salinas, CA 93906",36.7169000,-121.6581870,chunithm;crossbeats;dance_around;ddr;drs;gitadora;iidx;maimai_dx;other;popn;pump_it_up;sdvx;taiko,,chunithm:2;crossbeats:2;dance_around:2;ddr:2;drs:1;gitadora:2;iidx:1;popn:2;pump_it_up:2;sdvx:2;taiko:1,allnet;ziv;round1usa
ROUND1 PARK CITY CENTER,"200 Park City Center, Lancaster, PA 17601",40.0688229,-76.3388131,chunithm;crossbeats;dance_around;ddr;drs;gitadora;groove_coaster;iidx;maimai_dx;museca;other;popn;pump_it_up;sdvx;taiko;wacca,,chunithm:2;crossbeats:1;dance_around:2;ddr:2;drs:1;gitadora:2;groove_coaster:1;iidx:1;maimai_dx:2;museca:1;popn:1;pump_it_up:1;sdvx:2;taiko:1;wacca:1,allnet;ziv;round1usa
ROUND1 PARK PLACE MALL,"5950 E Broadway Blvd Suite 110,Tucson, AZ 85711",32.2204809,-110.8637691,chunithm;dance_around;ddr;drs;groove_coaster;iidx;maimai_dx;museca;other;project_diva;pump_it_up;sdvx;taiko;wacca,,chunithm:2;dance_around:1;ddr:2;drs:1;groove_coaster:1;iidx:1;maimai_dx:2;museca:1;project_diva:2;pump_it_up:1;sdvx:2;taiko:1;wacca:1,allnet;ziv;round1usa
ROUND1 PEMBROKE LAKES MALL,"12055 Pines BLVD, Pembroke Pines, FL 33026",26.0105910,-80.3078580,chunithm;crossbeats;dance_around;dance_evo;ddr;drs;gitadora;groove_coaster;iidx;maimai_dx;museca;other;popn;project_diva;pump_it_up;sdvx;stepmaniax;taiko;wacca,,chunithm:1;crossbeats:2;dance_around:1;dance_evo:1;ddr:3;drs:1;gitadora:2;groove_coaster:2;iidx:2;maimai_dx:3;museca:1;popn:2;project_diva:1;pump_it_up:2;sdvx:2;stepmaniax:1;taiko:2;wacca:1,allnet;ziv;round1usa
ROUND1 POTOMAC MILLS MALL,"2700 Potomac Mills Circle, Suite 882, Woodbridge, VA 22192",38.6433621,-77.2961829,chunithm;dance_around;ddr;drs;gitadora;groove_coaster;iidx;maimai_dx;other;popn;project_diva;pump_it_up;sdvx;stepmaniax;taiko;wacca,,chunithm:1;dance_around:1;ddr:2;drs:1;gitadora:2;groove_coaster:1;iidx:2;maimai_dx:2;popn:2;project_diva:1;pump_it_up:1;sdvx:2;stepmaniax:1;taiko:2;wacca:1,allnet;ziv;round1usa
ROUND1 PROMENADE TEMECULA,"40710 Winchester Road, Suite 100, Temecula, CA 92591",33.5275009,-117.1529917,chunithm;ddr;drs;maimai_dx;sdvx;taiko,,,allnet;round1usa
ROUND1 PUENTE HILLS MALL,"1600 S Azusa Ave. Suite 285, City of Industry, CA 91748",33.9935867,-117.9274765,chunithm;crossbeats;ddr;drs;gitadora;groove_coaster;iidx;jubeat;maimai_dx;museca;other;popn;project_diva;pump_it_up;sdvx;stepmaniax;taiko;wacca,,chunithm:1;crossbeats:1;ddr:2;drs:1;gitadora:2;groove_coaster:4;iidx:3;jubeat:1;maimai_dx:3;museca:2;popn:2;project_diva:4;pump_it_up:3;sdvx:1;stepmaniax:1;taiko:3;wacca:1,allnet;ziv;round1usa
ROUND1 ROSEVILLE MALL,"1191 Galleria BL Suit 150, Roseville, CA 95678",38.7747318,-121.2700189,chunithm;dance_around;ddr;drs;gitadora;groove_coaster;iidx;maimai_dx;other;popn;pump_it_up;sdvx;stepmaniax;taiko;wacca,,chunithm:2;dance_around:2;ddr:2;gitadora:2;groove_coaster:1;iidx:2;maimai_dx:3;popn:2;pump_it_up:1;sdvx:3;stepmaniax:1;taiko:2;wacca:1,allnet;ziv;round1usa
ROUND1 SHOPS AT MISSION VIEJO,"60C The Shops at Mission Viejo,Mission Viejo, CA 92691",33.5576683,-117.6695391,chunithm;dance_around;ddr;drs;gitadora;iidx;maimai_dx;other;popn;pump_it_up;sdvx;taiko;wacca,,chunithm:2;dance_around:1;ddr:1;drs:1;gitadora:2;iidx:1;maimai_dx:2;popn:2;pump_it_up:1;sdvx:2;taiko:2;wacca:1,allnet;ziv;round1usa
ROUND1 SOUTH HILL MALL,"3500 S Meridian, Suite 900, Puyallup, WA 98373",47.1573499,-122.3005397,chunithm;dance_around;ddr;drs;gitadora;iidx;maimai_dx;other;popn;project_diva;pump_it_up;sdvx;stepmaniax;taiko;wacca,,chunithm:2;dance_around:2;ddr:2;drs:1;gitadora:2;iidx:1;maimai_dx:2;popn:2;project_diva:1;pump_it_up:1;sdvx:2;stepmaniax:1;taiko:2;wacca:1,allnet;ziv;round1usa
ROUND1 SOUTH WEST PLAZA,"8501 West Bowles Ave., Space 1183 Littleton, CO 80123",39.6119798,-105.0956537,chunithm;dance_around;ddr;drs;gitadora;iidx;maimai_dx;other;popn;pump_it_up;sdvx;taiko;wacca,,chunithm:2;dance_around:1;ddr:2;gitadora:2;iidx:1;maimai_dx:2;popn:2;pump_it_up:2;sdvx:2;wacca:1,allnet;ziv;round1usa
ROUND1 SOUTHLAND MALL,"545 Southland Mall Dr. Hayward,CA 94545",37.6509859,-122.1036974,chunithm;dance_around;ddr;drs;gitadora;groove_coaster;iidx;maimai_dx;museca;other;popn;project_diva;pump_it_up;sdvx;stepmaniax;taiko;wacca,,chunithm:1;dance_around:1;ddr:3;drs:1;gitadora:2;groove_coaster:1;iidx:1;maimai_dx:2;museca:2;popn:2;project_diva:2;pump_it_up:2;sdvx:2;stepmaniax:1;taiko:2;wacca:1,allnet;ziv;round1usa
ROUND1 SOUTHRIDGE MALL,"5200 S 76th St., Suite C, Greendale, WI 53129",42.9502674,-88.0057293,chunithm;dance_around;ddr;drs;gitadora;iidx;maimai_dx;other;popn;project_diva;pump_it_up;sdvx;taiko;wacca,,chunithm:2;dance_around:2;ddr:2;gitadora:2;iidx:1;maimai_dx:3;popn:2;project_diva:1;pump_it_up:2;sdvx:2;taiko:2;wacca:1,allnet;ziv;round1usa
ROUND1 SUNVALLEY MALL,"185 Sunvalley Mall Concord, CA 94520",37.9671559,-122.0617194,chunithm;dance_around;ddr;drs;gitadora;groove_coaster;iidx;maimai_dx;museca;other;popn;project_diva;pump_it_up;sdvx;taiko;wacca,,chunithm:1;dance_around:1;ddr:3;gitadora:2;groove_coaster:1;iidx:1;maimai_dx:2;museca:1;popn:2;project_diva:1;pump_it_up:1;sdvx:2;wacca:2,allnet;ziv;round1usa
ROUND1 TOWN EAST SQUARE,"7700 East Kellogg Drive, Suite G03J, Wichita, KS 67207",37.6826997,-97.2474183,chunithm;dance_around;ddr;drs;iidx;maimai_dx;other;popn;pump_it_up;sdvx;taiko;wacca,,dance_around:1;ddr:2;iidx:2;maimai_dx:2;popn:2;pump_it_up:1;sdvx:2;taiko:1;wacca:1,allnet;ziv;round1usa
ROUND1 TOWSON TOWN CENTER,"825 Dulaney Valley Road, Suite 1190, Towson, MD 21204",39.4042658,-76.5990278,chunithm;dance_around;ddr;drs;gitadora;groove_coaster;iidx;maimai_dx;other;popn;project_diva;pump_it_up;sdvx;taiko;wacca,,chunithm:2;dance_around:1;ddr:2;drs:1;gitadora:2;groove_coaster:2;iidx:1;maimai_dx:3;popn:2;project_diva:2;pump_it_up:1;sdvx:1;taiko:1;wacca:1,allnet;ziv;round1usa
ROUND1 VANCOUVER MALL,"8800 NE Vancouver Mall Dr., Suite 100, Vancouver, WA 98662",45.6573284,-122.5830218,chunithm;dance_around;ddr;drs;gitadora;iidx;maimai_dx;other;project_diva;pump_it_up;sdvx;taiko;wacca,,chunithm:2;dance_around:1;ddr:3;drs:1;gitadora:2;iidx:1;project_diva:1;pump_it_up:1;sdvx:3;taiko:1;wacca:1,allnet;ziv;round1usa
Roxy Movie Theater 10,"200 Legends Drive Lebanon Tennessee, 37087, Lebanon",36.1872821,-86.2930155,ddr,,,ziv
Rubiks Arcade Bar,"4025 North Mesa Street El Paso Texas, 79902, El Paso",31.7891834,-106.5078769,ddr;other,,,ziv
Ruby's Arcade,"165 S Main St. Harrisonburg Virginia, 22801, Harrisonburg",38.4277735,-78.9546204,ddr,,,ziv
Salem Willows,"1-7 Bay View Avenue Salem Massachusetts, 01970, Salem",42.5346152,-70.8698845,ddr;other,,,ziv
Salmoon's house,"Blue Bell Pennsylvania, 19446, Blue Bell",40.2284948,-75.3062326,ddr;other;pump_it_up,,,ziv
Sandy Nicklecade,"798 E 9400 S Salt Lake City Utah, 84094, Salt Lake City",40.5792157,-111.8700162,ddr;other,,,ziv
Scandia Golfland,"4300 Central Place Fairfield California, 94534, Fairfield",38.2246063,-122.1241816,ddr;maimai_dx;other,,,ziv
Scooter's Family Fun Center,"2750 Miracle Mile Bullhead City Arizona, 86442, Bullhead City",35.0856356,-114.5956107,ddr;other,,,ziv
Sea World,"10500 Sea World Dr, San Antonio, TX San Antonio Texas, 78251, San Antonio",29.4610355,-98.6981725,ddr;other,,,ziv
Seven-Ten Split: Bowling Alley,"350 SE 13th St. Ontario Oregon, 97914, Ontario",44.0225353,-116.9442406,ddr,,,ziv
Showplace Entertainment Center,"141 East Service Road Staten Island New York, 10314, Staten Island",40.5888768,-74.1917071,ddr,,,ziv
Showplace Lanes,"1950 Marketplace Dr. Dallas Texas, 75041, Dallas",32.8623720,-96.6544630,ddr,,,ziv
Side Quest Arcade,"430 Winecup Way, Garland, TX 75040 Garland Texas, 75040, Garland",32.9532061,-96.6125894,crossbeats;dance_evo;ddr;gitadora;groove_coaster;iidx;other;popn;sdvx,,,ziv
Silverball,"122 South 9th Street Columbia Missouri, 65201, Columbia",38.9497932,-92.3271757,ddr;other,,,ziv
Six Flags Great America,"542 Illinois 21 Gurnee Illinois, 60031, Gurnee",42.3679458,-87.9339020,ddr;other,,,ziv
Six Flags Over Texas,"2201 Road to Six Flags Arlington Texas, 76011, Arlington",32.7542206,-97.0727491,ddr,,,ziv
Sky Zone Trampoline Park,"31500 Viking Parkway Westlake Ohio, 44145, Westlake",41.4728386,-81.9635922,ddr;other,,,ziv
Soft Landing Arcade,"5703 North Academy Boulevard Colorado Springs Colorado, 80918, Colorado Springs",38.9135448,-104.7858971,beatstream;chunithm;ddr;gitadora;groove_coaster;iidx;jubeat;museca;nostalgia;ongeki;other;popn;project_diva;pump_it_up;reflec;sdvx;taiko;wacca,,beatstream:2;chunithm:3;ddr:1;gitadora:2;groove_coaster:1;iidx:2;jubeat:2;museca:1;nostalgia:2;ongeki:1;popn:4;project_diva:1;pump_it_up:2;reflec:1;sdvx:3;taiko:1;wacca:2,ziv
Soonercade,"3247 W Main St, Norman, OK 73072 Norman 73072, Norman",35.2198720,-97.4907714,ddr;gitadora,,,ziv
SOUTH POINT,"9777 S. Las Vegas Blvd, Las Vegas, NV 89183",36.0112104,-115.1751791,ddr;maimai_dx;other;popn,,,allnet;ziv
Spare Time Lanes,"711 West Vineyard Drive Kennewick Washington, 99336, Kennewick",46.2060664,-119.1278553,ddr,,,ziv
Sparks Pinball Museum & Arcade + Sparks Passport (Level 2),"412 W 14 Mile Rd Troy Michigan, 48083, Troy",42.5382834,-83.1105743,chunithm;ddr;iidx;jubeat;other;popn;sdvx,,,ziv
Star Worlds Arcade,"1234 East Lincoln Highway DeKalb Illinois, 60115, DeKalb",41.9257864,-88.7381193,chunithm;ddr;groove_coaster;jubeat;other;popn,,,ziv
Starcade at Gateway 12,"770 North Kolb Road Tucson Arizona, 85710, Tucson",32.2306210,-110.8393044,ddr;other,,,ziv
Starfighters Arcade,"4840 East Jasmine Street Suite 102 Mesa Arizona, 85205, Mesa",33.4491242,-111.7260906,ddr;other,,,ziv
Starlite Arcade,"69345 Main Street Richmond Michigan, 48062, Richmond",42.8117253,-82.7579942,ddr;other,,,ziv
Starrcade,"400 Ernest W Barrett Parkway Northwest Kennesaw Georgia, 30144, Kennesaw",34.0187897,-84.5633903,chunithm;ddr;groove_coaster;iidx;jubeat;ongeki;other;popn;project_diva;pump_it_up;sdvx;taiko;wacca,,chunithm:2;ddr:1;groove_coaster:1;iidx:1;jubeat:1;ongeki:1;popn:1;project_diva:1;pump_it_up:1;sdvx:1;taiko:1;wacca:1,ziv
"Stars and Strikes (Dallas, GA)","2400 Hiram Acworth Highway Dallas Georgia, 30157, Dallas",33.9257069,-84.7458569,ddr;other,,,ziv
State of Mind Public House Los Altos,"101 Plaza N Los Altos CA, 94022, Los Altos",37.3803649,-122.1157412,ddr;other,,,ziv
StepManiaX Hotspot,"Gainesville Florida, Gainesville",29.7131040,-82.3756230,ddr,,,ziv
Strike Zone Arcade at Leeward Bowl,"850 Kamehameha Hwy Pearl City Hawaiʻi, 96782, Pearl City",21.3943020,-157.9676914,ddr;other,,,ziv
Sugarloaf Entertainment,"925 Blossom Hill Road San Jose CA , 95123, San Jose",37.2525674,-121.8608103,ddr;other;popn,,,ziv
Sugarloaf Entertainment (Plaza Fiesta),"4166 Buford Hwy NE Atlanta Georgia, 30345, Atlanta",33.8647899,-84.3076497,ddr;popn,,,ziv
Summit Lanes,"3 Park Dr. East Pocono Summit Pennsylvania, 18346, Pocono Summit",40.9861554,-75.1974779,ddr,,,ziv
Swings -n- Things Family Fun Park,"8501 Stearns Road, Olmsted Falls Olmstead Falls Ohio, 44281, Olmstead Falls",41.3706580,-81.9428150,ddr;other,,,ziv
TAG's Maniac’s Mansion,"710 8th Street Wichita Falls Texas, 76301, Wichita Falls",33.9125367,-98.4913209,ddr;other,,,ziv
Taylorsville Nicklecade,"1725 W 4160 S Salt Lake City, UT Salt Lake City Utah, 84119, Salt Lake City",40.6803126,-111.9399548,ddr;other,,,ziv
Tech World,"14500 W. Colfax Avenue Colorado Mills Mall #G 471 Lakewood Colorado, 80401, Lakewood",39.7308380,-105.1592450,ddr;other,,,ziv
Texas Toy Museum,"312 Congress Ave Austin Texas, 78701, Austin",30.2666271,-97.7433828,ddr,,,ziv
The Airosphere,"622 Ware Blvd, Tampa, FL Tampa 33619, Tampa",27.9496322,-82.5286342,ddr,,,ziv
The Amazing Pizza Machine,"13955 ""S"" Plaza Omaha Nebraska, 68137, Omaha",41.2038437,-96.1326885,ddr;other,,ddr:2,ziv
The Arcade,"10816 East Grand River Road Brighton Michigan, 48116, Brighton",42.5158456,-83.7382248,chunithm;ddr;drs;ongeki;other;taiko;wacca,,chunithm:4;ddr:1;drs:1;ongeki:1;taiko:1;wacca:1,ziv
The Arcade Project,"235 Murray St Ste 1 Newark NY, 14513, Newark",43.0510970,-77.0872465,ddr;other,,,ziv
The Bloo Kangaroo @ Sunset Mall,"4001 Sunset Dr. San Angelo Texas, 76904, San Angelo",31.4278359,-100.4981970,ddr;other,,,ziv
The Boardwalk,"1286 Fletcher Parkway El Cajon California, 92020, El Cajon",32.8082861,-116.9786275,ddr;other,,,ziv
The Comedy Barn Theatre,"2775 Parkway Pigeon Forge Tennessee, 37863, Pigeon Forge",35.8012418,-83.5716339,ddr;other,,,ziv
The Corner Alley,"402 Euclid Ave Cleveland Ohio, 44114, Cleveland",40.6263561,-82.4546148,ddr,,,ziv
The Deep End,"5117 Old Jacksboro Highway Wichita Falls Texas, 76302, Wichita Falls",33.8522858,-98.4933131,ddr;other,,,ziv
The Dugout Arcade + Bar,"401 East 30th Street Baltimore Maryland, 21218, Baltimore",39.3244355,-76.6105406,beatstream;chunithm;ddr;groove_coaster;iidx;jubeat;museca;nostalgia;other;popn;pump_it_up;sdvx;stepmaniax;taiko;wacca,,beatstream:1;chunithm:2;ddr:1;groove_coaster:1;iidx:1;jubeat:2;museca:1;nostalgia:1;popn:2;pump_it_up:4;sdvx:1;stepmaniax:1;taiko:2;wacca:1,ziv
The Forge Social Gaming Center,"2138 University Square Mall Tampa 33612, Tampa",28.0570977,-82.4355463,ddr;other,,,ziv
The Game Gallery,"60 Center Square Circle Easton Pennsylvania, 18042, Easton",40.6917004,-75.2086826,ddr;other,,,ziv
The Game Is Afoot Arcade,"150 Easton Road Warrington Pennsylvania, 18976, Warrington",40.2147757,-75.1433615,ddr;other,,,ziv
The Game Preserve NASA,"20810 Gulf Freeway Suite Z Webster Texas, 77598, Webster",29.5234516,-95.1302694,ddr;other;pump_it_up,,,ziv
The Gaming Zone,"10040 N 43rd Ave #1k Glendale AZ, 85302, Glendale",33.5783991,-112.1519350,ddr,,,ziv
The Gaming Zone,"425 West Guadalupe Road Gilbert Arizona, 85233, Gilbert",33.3636982,-111.7986622,ddr,,,ziv
The Gaming Zone,"930 West Broadway Road Suite 5-6 Tempe Arizona, 85282, Tempe",33.4078160,-111.9534535,ddr;other,,,ziv
The Garcade,"N85 W15920 Appleton Avenue Menomonee Falls Wisconsin, 53051, Menomonee Falls",43.1726698,-88.1088442,ddr;other;pump_it_up,,,ziv
The Grid,"525 South Gilbert Road Mesa Arizona, 85204, Mesa",33.4059301,-111.7875603,ddr,,,ziv
The Lanes at Coffee Creek,"10301 North Owasso Expressway Owasso Oklahoma, 74055, Owasso",36.3065143,-95.8195782,ddr,,,ziv
The Last Level Fenton,"14281 Fenton Rd Fenton Michigan, 48430, Fenton",42.7933852,-83.6375427,chunithm;ddr;jubeat;other,,,ziv
THE ORLEANS,"The Orleans Hotel Casino,4500 WTropicana Ave,Las Vegas,NV 89103",36.1026267,-115.2009390,ddr;maimai_dx;popn,,,allnet;ziv
The Rewind Arcade,"6780 Depot Street Suite #140 Sebastopol California, 95472, Sebastopol",38.4034887,-122.8213012,ddr;jubeat;nostalgia;other;wacca,,,ziv
Thorsen personal arcade,"819 Cedar Street Springfield Ohio, 45504, Springfield",39.9511844,-82.9729360,chunithm;ddr;groove_coaster;other;popn;pump_it_up,,,ziv
Thrill It Fun Center,"20 City Blvd West Orange, CA Orange California, 92686, Orange",33.7829838,-117.8934624,ddr;other,,,ziv
Throwbacks Arcade,"201 South East Street Culpeper Virginia, 22701, Culpeper",38.4110963,-77.9328918,ddr;other,,,ziv
Thunder Valley,"1865 Dillard Drive Salem Virginia, 24153, Salem",37.2708790,-80.0316409,ddr;other,,,ziv
TILT - Aurora Town Center,"14200 Alameda Ave Aurora Colorado, 80014, Aurora",39.7089460,-104.8247940,ddr,,,ziv
Tilt Arcade (Pittsburgh Mills Mall),"590 Pittsburgh Mills Circle Tarentum Pennsylvania, 15084, Tarentum",40.5731274,-79.7948840,ddr;pump_it_up,,,ziv
Tilt Studio,"5000 South Arizona Mills Circle Tempe Arizona, 85282, Tempe",33.3854385,-111.9653115,ddr;other;pump_it_up,,,ziv
Tilt Studio,"5580 Logan Valley Mall Altoona Pennsylvania, 16602, Altoona",40.4693473,-78.4116839,ddr;other,,ddr:2,ziv
Tilt Studio (Northpark Mall),"3084-3126 Turkey Creek Road Joplin Missouri, 64801, Joplin",37.0921569,-94.4741266,ddr;other,,,ziv
Tilt Studio (Sandusky),"4314 Milan Rd Suite 400 Sandusky Ohio, 44870, Sandusky",41.4187673,-82.6682246,ddr;other,,,ziv
Tilt Studio @ Katy Mills Mall,"5000 Katy Mills Circle Katy Texas, 77494, Katy",29.7730569,-95.8090908,ddr;other;pump_it_up,,,ziv
Tilt Studio Parkdale Mall,"6155 Eastex Freeway Beaumont Texas, 77706, Beaumont",30.1253988,-94.1619759,ddr,,,ziv
Tilt!,"3200 Naglee Rd Tracy California, 95206, Tracy",37.7610264,-121.4591391,ddr;other,,,ziv
Tilted 10,"7200 Harrison Avenue Rockford Illinois, 61112, Rockford",42.2461345,-88.9757690,ddr;other,,,ziv
Tilted 10 (Willow Grove),"2500 West Moreland Road Willow Grove Pennsylvania, 19090, Willow Grove",40.1405314,-75.1254923,ddr;other;pump_it_up,,,ziv
Timeline Arcade (Hanover),"22 Carlisle Street Hanover Pennsylvania, 17331, Hanover",39.8010418,-76.9840711,ddr;other,,,ziv
Timeline Arcade (York),"54 West Market Street York Pennsylvania, 17401, York",39.9615753,-76.7292339,ddr;gitadora;other;pump_it_up,,ddr:1;gitadora:1;pump_it_up:2,ziv
Titan Student Union Arcade,"1121 North State College Boulevard Fullerton California, 92831, Fullerton",33.8816346,-117.8877801,ddr,,,ziv
Tokyo Station,"400 East South Street Arlington Texas, 76010, Arlington",32.7345140,-97.1031263,chunithm;crossbeats;ddr;drs;gitadora;groove_coaster;iidx;jubeat;maimai_dx;other;popn;project_diva;sdvx;wacca,,,ziv;community
Tornado Terrys Family Amusement Center,"4530 Keller Hicks Road Fort Worth Texas, 76244, Fort Worth",32.9379722,-97.2628427,ddr;other,,,ziv
Tri-County Flea Market,"3041 Hempstead Tpke Levittown New York, 11756, Levittown",40.7250377,-73.5229363,ddr;iidx;other;popn;stepmaniax,,,ziv
Tycoon Arcade,"195 McGregor Street Suite #201 Manchester New Hampshire, 03102, Manchester",42.9926367,-71.4720932,ddr;other;stepmaniax,,,ziv
Uncle Joe's Arcade,"500 W Germantown Pike Plymouth Meeting Pennsylvania, 19462, Plymouth Meeting",40.1155943,-75.2826009,ddr;other,,,ziv
Universal Islands of Adventure,"1000 Universal Studios Plaza Orlando Florida, 32819, Orlando",28.4708747,-81.4694273,ddr;other,,ddr:2,ziv
Up-Down - Oklahoma City,"1629 NW 16th St. Oklahoma City Oklahoma, 73106, Oklahoma City",35.4861051,-97.5381641,ddr,,,ziv
Up-Down - St. Louis,"405 North Euclid Avenue St. Louis Missouri, 63108, St. Louis",38.6487931,-90.2610556,ddr;other,,,ziv
Up-Down Arcade Bar,"927 Woodland Street Nashville Tennessee, 37206, Nashville",36.1759205,-86.7547202,ddr;other,,,ziv
Updown in Uptown,"3010 Lyndale Avenue South Minneapolis Minnesota, 55408, Minneapolis",44.9480313,-93.2885625,ddr,,,ziv
Vans (The Outlets at Orange),"130 City Boulevard East Orange California, 92868, Orange",33.7842289,-117.8919539,ddr,,,ziv
Velocity Esports - Las Vegas,"6587 South Las Vegas Boulevard Suite 171 Las Vegas Nevada, 89119, Las Vegas",36.0682362,-115.1786333,ddr;other;pump_it_up;stepmaniax,,,ziv
Video Game World,"105 S Old Statesville Rd Huntersville North Carolina, 28078, Huntersville",35.4101934,-80.8494581,ddr,,,ziv
War Torn Front,"506 N Union Rd Manteca California, 95337, Manteca",37.8049226,-121.2348443,ddr;other,,,ziv
Wayback's Arcade,"1305 Military Highway Pineville Louisiana, 71360, Pineville",31.3286153,-92.4291513,chunithm;ddr;jubeat;other;popn;pump_it_up;sdvx;wacca,,chunithm:1;ddr:1;jubeat:1;popn:1;pump_it_up:1;sdvx:1;wacca:2,ziv
Wendover Nugget Hotel and Casino,"101 Wendover Boulevard West Wendover Nevada, 89883, West Wendover",40.7349821,-114.0439009,ddr;other,,,ziv
Whatz-Up Family Fun Park,"700 East Cedar Creek Parkway Seven Points Texas, 75143, Seven Points",32.3250239,-96.2022969,ddr,,,ziv
Wild River Family Entertainment Center,"15136 South Avenue B Somerton Arizona, 85350, Somerton",32.6100115,-114.6508500,ddr,,,ziv
Wilmington Home Amusements,"14 Germay Drive Wilmington Delaware, 19804, Wilmington",39.7297863,-75.5789906,ddr;other,,,ziv
"World 1-1 Games ""The Game Play"" Arcade","246 Town Center E Santa Maria 93454, Santa Maria",34.9510881,-120.4340547,ddr;drs;other;pump_it_up,,,ziv
WOW! Family Entertainment Center (Crystal Mall),"850 Hartford Turnpike Waterford Connecticut, 06385, Waterford",41.3749909,-72.1457119,ddr,,,ziv
xophercade,"7541 Warden Road Sherwood Arkansas, 72120, Sherwood",34.8270040,-92.1957932,ddr;groove_coaster;pump_it_up;sdvx,,,ziv
XSCAPE,"342 East Broadway Bloomington, MN 55425",44.8540767,-93.2402681,ddr;gitadora;iidx;jubeat;maimai_dx;other;popn;sdvx,,,allnet;ziv
YESTERcades (Metuchen),"442 Main Street Metuchen New Jersey, 08840, Metuchen",40.5426164,-74.3618738,ddr;other,,,ziv
YESTERcades (Westfield),"151 East Broad Street Westfield New Jersey, 07090, Westfield",40.6515340,-74.3489939,ddr;other,,,ziv
Yetee Station Arcade,"11 North Broadway Aurora Illinois, 60505, Aurora",41.7573002,-88.3124869,ddr;wacca,,,ziv
Zap Zone,"43680 Van Dyke Avenue Sterling Heights Michigan, 48314, Sterling Heights",42.6150991,-83.0310792,ddr,,,ziv
Zap Zone Extreme Ltd.,"31506 Grand River Avenue Farmington, MI 48336 Farmington Hills Michigan, 48336, Farmington Hills",42.4567251,-83.3570019,ddr;other;pump_it_up,,,ziv
Zap Zone XL - Lansing,"5220 W Saginaw Hwy Lansing Michigan, 48917, Lansing",42.7431514,-84.6250010,ddr;stepmaniax,,,ziv
ZDT's,"1123 North Bowie Street Seguin Texas, 78155, Seguin",29.5795221,-97.9667026,ddr;other;pump_it_up,,,ziv
Zero gravity jump zone,"23780 U.S. 59 Kingwood Texas, 77339, Kingwood",30.0604516,-95.2480112,ddr,,,ziv
Indoor Karting Montevideo,"Veracierto 2663 Montevideo Departamento de Montevideo, 12100, Montevideo",-34.8686092,-56.1192477,ddr;other,,,ziv
Las Maquinitas,"Calle 22; Natalio Michelizzi 72 Atlántida Departamento de Canelones, 15200, Atlántida",-34.7739610,-55.7630020,ddr;other,,,ziv
Las Piedras Shopping,"318 Bulevar del Bicentenario Las Piedras Departamento de Canelones, 12400, Las Piedras",-34.7253902,-56.2034092,ddr,,,ziv
Maquinitas de Parque del Plata (Heladería Cafetería),"67MH+6G2, Mario Ferreira 67MH+8F2, Calle 9; Alfredo Zitarrosa Parque Del Plata Departamento de Canelones, 15300, Parque Del Plata",-34.7667437,-55.7213152,ddr;other,,,ziv
Playland (Punta Carretas Shopping),"350 José Ellauri Montevideo Departamento de Montevideo, 11300, Montevideo",-34.9238954,-56.1592127,ddr;other,,,ziv
C.C. Metrópolis (Super Máquinas),"con Avenida Florencio Jiménez Centro Comercial Metrópolis Barquisimeto Barquisimeto Lara, 3001, Barquisimeto",10.0626227,-69.3654452,ddr;other;pump_it_up,,,ziv
Epi.co Tiendas (El vigía),"Avenida Don Pepe Rojas por la Plaza José Antonio Páez Dd El Vigía Mérida, 2030, El Vigía",8.6108200,-71.6606641,ddr,,,ziv
Replay,"Calle de Servicio Maracay Aragua, 2102, Maracay",10.2629257,-67.5882068,ddr;other,,,ziv
Super Video Mania (Centro Comercial El Recreo),"Centro Comercial El Recreo, Avenida Casanova, Parroquia El Recre Nivel Feria Caracas Distrito Capital, 1050, Caracas",10.4917469,-66.8772474,ddr;other;pump_it_up,,,ziv
Super Video Mania (Orinokia Mall),"CC Dd Puerto Ordaz Bolívar, 8850, Puerto Ordaz",8.2920154,-62.7435985,ddr;other,,,ziv
Super Video Mania (Sambil Chacao),"Avenida Libertador, Sambil Chacao Nivel Diversión, Plaza La Fuente, Local D-C1 Caracas Distrito Capital, 1071, Caracas",10.4891622,-66.8539739,ddr;stepmaniax,,,ziv
