name,address,latitude,longitude,games,cabs,source
Clarck Entertaiment - Showroom,"2267 Añasco, EHO, Buenos Aires, C1416",-34.5993772,-58.4580465,gitadora;other,,ziv
Holiday´s,"7451 Calle 2, Mar del Tuyú, Buenos Aires",-36.5771986,-56.6903374,gitadora,,ziv
Playland Park Puerto Madryn,"Avenida Julio Argentino Roca, 28 de Julio, Puerto Madryn, Chubut, U9120",-42.7657391,-65.0336909,gitadora;other,,ziv
Space,"234 Avenida 3, Villa Gesell, Buenos Aires",-37.2540296,-56.9671688,gitadora;other,,ziv
AMUSE,"16 WITCOMBE STREET, ADELAIDE, SA5000",-34.9299206,138.5947976,chunithm;gitadora;jubeat;maimai_dx;sdvx,,allnet;ziv
Kingpin Bowling Townsville,"16 High Range Drive, Thuringowa, Townsville, Queensland (QLD), 4187",-19.3200174,146.7258416,ddr;gitadora;taiko,,ziv
KOKO AMUSEMENT 614,Basement 614 George ST Sydney NSW 2000,-33.8757593,151.2067759,chunithm;ddr;drs;gitadora;iidx;maimai_dx;other;popn;sdvx;taiko,,allnet;ziv
KOKO Amusement City Heroes,"505 George Street, Shop 6, Sydney, New South Wales, 2000",-33.8750989,151.2062354,jubeat;maimai_dx;ongeki;other;popn;sdvx;taiko,,ziv
Netherworld,"186 Brunswick Street, Fortitude Valley, Queensland, 4006",-27.4559055,153.0319767,jubeat,,ziv
PARADIGM ZONE,"58 Gawler Place, Adelaide SA 5000",-34.9234290,138.6021461,chunithm;drs;iidx;maimai_dx;other;popn;sdvx;taiko,,allnet;ziv
Timezone - Orion Springfield,"Orion Springfield Central, 1 Main Street, Springfield Central, Queensland, 4300",-27.6788947,152.9007381,ddr;gitadora,,ziv
Timezone Garden City,"Level 2, Westfield Garden City, Upper Mount Gravatt, Queensland, 4122",-27.5625104,153.0800495,chunithm;ddr;gitadora;maimai_dx;other;popn;sdvx;taiko,,ziv
TIMEZONE(HAYMARKET),"Level 3 Market City, 9-13 Hay Street, Haymerket, Sydney, NSW2020",-33.8797944,151.2033833,chunithm;ddr;drs;gitadora;maimai_dx;other;popn;sdvx;taiko,,allnet;ziv
FlippArena Vöcklabruck,"5 Vornbuch, Vöcklabruck, Oberösterreich, 4840",48.0067710,13.6869269,maimai_dx;museca;other;sdvx,,ziv
Atom City,"113 Rue Barthélémy Delespaul, Lille, Hauts-de-France, 59000",50.6243363,3.0652070,chunithm;drs;gitadora;iidx;jubeat;maimai_dx;nostalgia;other;popn;sdvx;taiko,,ziv
Free Play Lanaken,"1d Industrieweg, Lanaken, Vlaams Gewest, 3620",50.8887037,5.6638867,ddr;maimai_dx;other;popn;taiko,,ziv
Game-INN,"Vijfseweg 92, Waregem, 9300",50.8960464,3.4236199,drs;nostalgia;other,,ziv
The Gaming Factory,"3B Arsenaalplein, Vlissingen, Zeeland, 4381 BL",51.4410755,3.5777199,ddr;jubeat;other;taiko,,ziv
The Gaming Factory,"98 Ringbaan Oost, Tilburg, Noord-Brabant, 5013 CD",51.5698947,5.0970232,drs;iidx;jubeat;nostalgia;other;sdvx;taiko,,ziv
Mercado Camacho,"174 Bueno, La Paz, Departamento de La Paz",-16.5004649,-68.1318941,gitadora,,ziv
ARCstage,"10612 124 ST NW Unit 100, Edmonton, Alberta, T5N 1S4",53.5497312,-113.5361830,chunithm;ddr;iidx;jubeat;maimai_dx;other;sdvx;taiko,,ziv
Claw Planet/Planète Claw,"563 Boulevard des Laurentides, Laval, Québec, H7G2V3",45.5718827,-73.6935639,chunithm;ddr;drs;gitadora;iidx;jubeat;maimai_dx;ongeki;other;popn;sdvx,,ziv
eSpot,"8181 Cambie Road, Unit 1000, Richmond, British Columbia, V6X 3X9",49.1853728,-123.1336526,chunithm;ddr;gitadora;iidx;jubeat;maimai_dx;museca;nostalgia;ongeki;other;popn;sdvx;taiko,,ziv
FreePlay Toronto,"300 College Street, Toronto, Ontario, M5T 1R9",43.6578276,-79.4016600,ddr;jubeat,,ziv
La Rétro Arcade 2PM,"559 Route 131, Notre-Dame-des-Prairies, Quebec, J0K 1M0",46.0620203,-73.4195173,gitadora;other,,ziv
Phantom Amusement,"1 Forks Market Road, Winnipeg, Manitoba, R3C 4L9",49.8875653,-97.1316236,gitadora;other,,ziv
Pixel Paradise Arcade @ Bayfield Mall,"320 Bayfield St, Unit 201, Barrie, Ontario, L4M 3C1",44.4003069,-79.7031122,chunithm;ddr;gitadora;iidx;jubeat;nostalgia;other;popn;taiko,,ziv
Pixel Paradise Arcade @ Rainbow Mall,"3 Massey St., Unit 14, Angus, Ontario, L0M 1B0",44.3151350,-79.8836598,ddr;gitadora;other,,ziv
The Arcadium Grande Prairie,"11012 100 Street, Grande Prairie, AB, T8V 2N1",55.1802981,-118.7963408,gitadora;other;taiko,,ziv
Juegos Diana San Diego,"San Diego 438, Santiago, Región Metropolitana, 8330487",-33.4511400,-70.6503400,ddr;gitadora;other;taiko,,ziv
Kaneda Games,"11151 Los Mimbres, El Bosque, Región Metropolitana, 8031222",-33.5653519,-70.6631071,jubeat;other;taiko,,ziv
Mall Paseo del Mar,"Urmeneta 580, Puerto Montt, Region de los Lagos",-41.4720227,-72.9433501,gitadora;other,,ziv
Portal Friki,"269 Manuel Antonio Matta, La Serena, Coquimbo, 1710086",-29.9003913,-71.2525178,ddr;iidx;jubeat;maimai_dx;other;sdvx;taiko,,ziv
AKIBAGO上海杨浦百联ZX造趣场店,上海市杨浦区四平路2500号百联ZX造趣场2楼AKIBAGO,31.3003613,121.5115133,chunithm;jubeat;maimai_dx,,wahlap;ziv
Happy Hero 欢乐英雄,"6 Baixing West 3rd Road, 百姓西三路列圣庙堂旁边, Zhanjiang 湛江, Guangdong 广东, 524000",21.2646854,110.3695214,gitadora;jubeat;other,,ziv
PKBoys 潮玩嘉年华,"2F, WellTown mall, Yinrui East Road, Tongzhou District, Beijing, Beijing, 100020",39.8583642,116.6879762,chunithm;jubeat;maimai_dx;taiko,,ziv
Wanda Kids 宝贝王（通州万达2F）,"新华西街58号万达广场(通州店)3F东侧, Tongzhou District, Beijing, Beijing, 101101",39.9045310,116.6358140,chunithm;jubeat;maimai_dx;other;taiko,,ziv
XAMG 幻乐坊,"Xingzhengyuan Shopping, near the Zhonglou (Bell Towel) Metro Station, Line 6, Xi'an 西安市, Shannxi 陕西省, 710000",34.2603289,108.9467382,chunithm;ddr;gitadora;iidx;jubeat;maimai_dx;other;popn;sdvx;taiko,,ziv
世宇乐园(大信旗舰店),"广东省中山市石岐区宏基路大信商业街尾, 中山市(Chungshan), 广东省 (Guangdong Province)",22.5359579,113.3830597,jubeat;other,,ziv
世宇乐园广州棠下店,"广州市中山大道188号棠下好又多超市1楼, 广州市(CANTON), 广东省 (Guangdong Province)",23.1251636,113.3791959,jubeat;other;taiko,,ziv
乐炫风（静安大融城店）,"Room L240-6, Darongcheng, No.10, Lane 1111 Hutai Road, Jing'an D, Jing'an District, Shanghai, Shanghai, 200040",31.2814960,121.4202010,jubeat;maimai_dx;other;taiko,,ziv
乐酷汇电玩城,"SOLANA Blue Harbor Mall, Children's City, 1st Floor, East of Ice, Chaoyang District, Beijing, Beijing, 100125",39.9479334,116.4697374,gitadora;other;taiko,,ziv
乐酷电玩俱乐部(金源燕莎店),"Jinyuan Xinyansha Mall, 1 Yuanda Road, 5th Floor, BEIJING, Beijing Shi",39.9586480,116.2895215,gitadora;iidx;other;sdvx,,ziv
元气满满 (益田假日),"3rd floor, Shopping Holiday World(益田假日购物中心), 长乐西路 No.166, Xincheng District, Xi'an, Shannxi, 710000",34.2703306,108.9684320,gitadora;maimai_dx;other;taiko,,ziv
动力99,"东莞市南城区鸿福路200号第一国际汇一城313-333, 东莞市(Dongguan), 广东省 (Guangdong Province)",23.0088655,113.7549520,gitadora;iidx;jubeat;other,,ziv
和音屋 x -Azisai- 北京店 立直麻将/音游,"七里庄路口向北附近（详见群内信息）, Beijing, Beijing, 100071",39.8530000,116.2950000,chunithm;ddr;gitadora;iidx;maimai_dx;nostalgia;popn;sdvx,,ziv
哆啦乐图 DORALETU ★,"1st Floor, Zhonglou Wenshang Hotel, Beilin District, Xi'an, Shaanxi, 710000",34.2601937,108.9444047,chunithm;jubeat;maimai_dx;other;taiko,,ziv
城市英雄 Party House（海淀大悦城店）,"海淀大悦城3F, Haiding District, Beijing, Beijing, 100089",40.0892927,116.2228526,jubeat;maimai_dx;other;taiko,,ziv
城市英雄Party House(熙地港),"5th Floor, CityOn(熙地港), Rd. Weiyang, Weiyang District, Xi'an, Shannxi, 710018",34.3402935,108.9402983,chunithm;jubeat;maimai_dx;other;taiko,,ziv
城市英雄株洲店,"1077号-1083号 Xin Hua Xi Lu, Zhuzhou Shi, Hunan Sheng, 412000",27.8370973,113.1511552,gitadora;jubeat;maimai_dx;other,,ziv
城市英雄电玩,"河南省郑州市二七区西大街, 郑州(Zhengzhou), 河南 (Henan), 450001",34.7518012,113.6677963,iidx;jubeat;other;taiko,,ziv
城市英雄电玩(汉口店),"江汉区中山大道818号佳丽广场B1楼HAPPY站台, 武汉(Wuhan), 湖北(Hubei)",30.5788101,114.2911336,jubeat;maimai_dx;other,,ziv
城市英雄长沙店,"中国湖南省长沙市黄兴中路92号, Changsha Shi, Hunan Sheng",28.1935426,112.9760110,iidx;jubeat;other,,ziv
壹零壹电玩城 Super101 (新华广场店),"Zone H, European Town, Xinhua Square Underground Shopping Street, Xilingol North Rd., Xincheng District, Hohhot, Inner Mongolia, 010020",40.8180436,111.6612947,jubeat;maimai_dx;other,,ziv
大玩家超乐场,"广州市白云区云城东路505号万达广场1楼, 地铁飞翔公园站, 广州市(CANTON), 广东省 (Guangdong Province)",23.1717685,113.2666504,jubeat;taiko,,ziv
大玩家超乐场,"涧西区辽宁路170号, 洛阳(LuoYang), 河南 (Henan), 471003",34.6547713,112.4077441,jubeat;other;taiko,,ziv
大玩家超乐场(新会万达广场),"新会区会城启超大道2号万达广场二楼, Jiangmen, Guangdong",22.5046216,113.0459855,jubeat;taiko,,ziv
大玩家超乐场(江门万达广场),"蓬江区发展大道万达广场2楼, Jiangmen Shi, Guangdong Sheng, 529030",22.6161500,113.0832449,jubeat;maimai_dx;taiko,,ziv
大玩家超乐场（菱角湖万达广场店）,"江汉区唐家墩路5号菱角湖万达商业广场二层, 武汉(Wuhan), 湖北(Hubei)",30.6102720,114.2701040,jubeat;other;taiko,,ziv
天天玩 X 秋葉原日系动漫中心★,"Huiyin Plaza, Huashan Road (Xujiahui/Guangyuan Road) no. 2088, 徐汇区 (Xuhui District), 上海 (Shanghai), 200235",31.1986788,121.4326143,chunithm;gitadora;iidx;jubeat;maimai_dx;other;sdvx;taiko,,ziv
奇乐多,"F6 Floor, Xingshicheng Shopping Plaza, No. 34-1 Zhongxin Road, Bao’an District 宝安区, Shenzhen City 深圳市, Guangdong Province 广东省, 518104",22.7250983,113.8246733,gitadora;other;taiko,,ziv
奇奇乐园(新民众乐园店),"江汉区中山大道江汉路新民众乐园4楼, 武汉(Wuhan), 湖北(Hubei)",30.5758126,114.2861812,jubeat;other,,ziv
宁波工程学院,"147号-191号 Feng Hua Lu, Ningbo, Zhejiang, 315032",29.9109633,121.6119830,ddr;iidx;maimai_dx;nostalgia;other;sdvx;taiko,,ziv
宝贝计划常营华联店,"北京市朝阳区常营华联购物中心东区2-46, 朝阳区 District, Beijing, Beijing, 100024",39.9256115,116.5922494,jubeat;maimai_dx;taiko,,ziv
宝龙乐园,"台江区工业路193号宝龙城市广场B1层263/257, 福州市(Fuzhou), 福建省(Fujian)",26.0622089,119.2917779,jubeat;other;taiko,,ziv
峡谷达人电玩城,"北京市丰台区南三环西路16号 首地大峡谷购物中心, 丰台区 Fengtai District, 北京 (Beijing)",39.8544932,116.3667047,gitadora;other,,ziv
广州星力动漫游戏产业园,"广州市番禺区东环街迎新路8号, 广州市(CANTON), 广东省 (Guangdong Province)",22.9694623,113.3773774,gitadora;iidx;jubeat;other,,ziv
捌零时尚电玩会所(光谷店),"东湖高新技术开发区光谷广场一楼, 武汉(Wuhan), 湖北(Hubei)",30.5043562,114.3995297,jubeat;other,,ziv
捌零时尚电玩会所(江汉路店),"江汉区花楼街198号宝丽金国际广场2楼(近民生路), 武汉(Wuhan), 湖北(Hubei)",30.5768200,114.2916810,gitadora;jubeat;other,,ziv
星酷时代动漫,"昆明市官渡区双福路银海花园1号铺面, 昆明市(Kunming), 云南省(YunNan Province)",25.0079659,102.7379823,gitadora,,ziv
朗玩 Round1 Bowling & Arcade (Xintang AEON Mall),"増城区宁西街创新大道15号, 永旺梦乐城广州新塘, 广州市, Guangdong Province, 511338",23.1621958,113.6198759,chunithm;dance_around;drs;gitadora;maimai_dx;other;sdvx;taiko,,ziv
朗玩 Round1 Bowling & Arcade (龙华店),"壹成中心花园三区E座 壹方天地C区, 龙华区龙华街道景龙社区, 深圳市, 广东省, 518131",22.6477792,114.0244816,dance_around;drs;gitadora;maimai_dx;other;sdvx;taiko,,ziv
梦幻谷游艺城,"汾宁路东方广场翡翠城南侧, 佛山市(FoShan), 广东省 (Guangdong Province), 528000",23.0369874,113.1197881,iidx;jubeat;maimai_dx;other,,ziv
梦游仙境游乐园(岗顶店),"天河区天河路岗顶百脑汇4楼, Guangzhou Shi, Guangdong Sheng, 510640",23.1341642,113.3394428,gitadora;maimai_dx;other;taiko,,ziv
欢乐海洋,"北京市东城区东直门外大街46号(天恒大厦B1层), 东城/西城区 Dongcheng/Xicheng District, 北京 (Beijing)",39.9404320,116.4368579,iidx;jubeat;other;taiko,,ziv
欢天乐地,"成都 (Chengdu), 四川省 (Sichuan Province)",30.6514201,104.0687931,gitadora,,ziv
汤姆熊欢乐世界 Tom's World (上海龙之梦店),"长宁路1018号红中庭6202, 长宁区 (Changning District), Shanghai, Shanghai, 200042",31.2210865,121.4119288,chunithm;jubeat;maimai_dx;other;taiko,,ziv
汤姆熊欢乐世界 Tom's World (成都王府井科华店),"3rd Floor, Wangfujing Shopping Center (Ke Hua Branch), No. 9 Kehua Middle Road, Wuhou District 武侯区, Chengdu City 成都市, Sichuan Province 四川省, 610041",30.6210914,104.0733368,ddr;iidx;jubeat;maimai_dx;sdvx;taiko,,ziv
汤姆熊欢乐世界 Tom's World (罗斯福店),"4F, Roosevelt Tianxing International Center, 677 Huanghe Rd., Shahekou District, 大连 (Dalian), 辽宁省（Liaoning Province）, 116021",38.9122213,121.5816421,jubeat;maimai_dx;other;taiko,,ziv
泛时空 FUNSPACE BEIJING (北京荟聚西红门Livat) ★,"Second Floor, Livat，No. 15, Xinning Street, Daxing District, Bei, 大兴区, Beijing, Beijing, 102600",39.7875739,116.3211018,chunithm;ddr;gitadora;iidx;jubeat;maimai_dx;other;sdvx;taiko,,ziv
泛时空 FUNSPACE XI'AN (西安荟萃Livat),"Second Floor,Shopping Livat(西安宜家荟萃购物中心), Ziwu Avenue No.6,Yanta District, Xi'an(西安), Shannxi(陕西), 710000",34.1737133,108.8983934,chunithm;jubeat;maimai_dx;other;taiko,,ziv
泰格本色,"康王·柏德来商业城1区, 903 Kangwang North Road, Guangzhou Shi, Guangdong Sheng, 510000",23.1252079,113.2465339,gitadora;jubeat;maimai_dx;sdvx,,ziv
潮玩星球 (Chaowan Planet,"84 Xihu Road, Floors 1-3, Guangzhou Shi, Guangdong Sheng, 510063",23.1230724,113.2651377,gitadora;jubeat;other;sdvx,,ziv
烈火游戏机娱乐,"Jiangning Road No. 77-4F, 美琪大剧院对面, 静安区 (Jing'an District), 上海 (Shanghai), 200041",31.2311100,121.4510035,chunithm;ddr;gitadora;iidx;jubeat;maimai_dx;nostalgia;ongeki;other;sdvx;taiko,,ziv
爱玩荟家庭游乐中心 Love the game together（大望路店）,"2F, New world shopping mall, Wanda Plaza CBD Block A, No.93 Jianguo Road, Chaoyang District, Beijing, Chaoyang, 100025",39.9079133,116.4663541,chunithm;jubeat;maimai_dx;other,,ziv
环游乐园星力店,"番禺区大北路星力一号购物广场4楼, 广州市番禺区市桥繁华路1号, 广州市(CANTON), 广东省 (Guangdong Province)",22.9415931,113.3659780,gitadora;jubeat,,ziv
环游嘉年华 (龙华上邦百汇城),"2nd Floor, Building 3, Shangbang Baihui City, No. 5 Jinlong Road, Longhua District 龙华区, Haikou City 海口市, Hainan Province  海南省, 570125",20.0232744,110.3189783,jubeat;maimai_dx;other;taiko,,ziv
环游嘉年华 Funloop Land (上海环球港 Global Harbor) ★,"3F, 3300 Zhongshan North Road, Putuo District（普陀区）, Shanghai, 上海 (Shanghai), 200333",31.2338668,121.4074447,chunithm;jubeat;maimai_dx;taiko,,ziv
环游嘉年华(大学城),"广州大学城中大生活区GOGO新天地广场3楼, 大学城北一路与大学城中二横路交界(贝岗村旁), 广州市(CANTON), 广东省 (Guangdong Province)",23.0611451,113.3920276,jubeat;other;sdvx,,ziv
环游嘉年华(天河城),"天河城6楼, 广州市(CANTON), 广东省 (Guangdong Province)",23.1317223,113.3228320,gitadora;jubeat;maimai_dx;other;taiko,,ziv
环游嘉年华(广百店),"广州市海珠区宝岗大道498号6楼, 广州市(CANTON), 广东省 (Guangdong Province)",23.0933419,113.2663661,jubeat;other,,ziv
环游嘉年华(易发店),"易发商业中心(新大新百货5楼), 广州市番禺区市桥易发商业街新大新购物广场5楼, 广州市(CANTON), 广东省 (Guangdong Province)",22.9411139,113.3630651,gitadora;other;taiko,,ziv
环游嘉年华(江门汇悦城店),"Huiyuecheng, 166 Baishi Avenue, 蓬江区白石大道166号汇悦城三楼, Jiangmen Shi, Guangdong Sheng, 529030",22.6117979,113.0824735,jubeat;other;sdvx,,ziv
环游嘉年华（北京朝阳大悦城店）,"8F, Chaoyang Joy City, No. 101 Chaoyang North Road, Chaoyang District, Beijing, Beijing, 100020",39.9233673,116.5127771,chunithm;jubeat;maimai_dx;other;taiko,,ziv
百信广场4楼,"广州市新市墟百信广场4楼, 广州市(CANTON), 广东省 (Guangdong Province)",23.1940923,113.2620826,jubeat;taiko,,ziv
百盛电玩,"芝罘区南大街百盛五楼, 烟台市 (Yantai), 山东省 (Shandong Province)",37.5434417,121.3781118,jubeat;maimai_dx;other;taiko,,ziv
真快活电玩城（珞珈创意城）,"27 Luo Yu Lu, 街道口珞珈创意城 7楼(地铁2号线街道口C出口), Wuhan Shi, Hubei Sheng, 430073",30.5262432,114.3558311,iidx;jubeat;maimai_dx;other;taiko,,ziv
真快活美乐园(光谷天地店),"洪山区关山大道光谷天地2楼(近永和大王), 武汉(Wuhan), 湖北(Hubei)",30.4784884,114.4101512,jubeat,,ziv
真快活美乐园(司门口店),"武汉市武昌区司门口ATM潮流百货7楼, 武汉(Wuhan), 湖北(Hubei)",30.5471819,114.2995898,iidx;jubeat;other,,ziv
真快活美乐园(王家湾店),"汉阳区王家湾龙阳大道特6号摩尔城C座3楼(近汉阳大道), 武汉(Wuhan), 湖北(Hubei)",30.5578307,114.2083607,jubeat;other;taiko,,ziv
真快活美乐园（国广店）,"江汉区解放大道690号武汉国际广场7楼, Wuhan Shi, Hubei Sheng, 430072",30.5802799,114.2712231,gitadora;jubeat;maimai_dx;other;sdvx;taiko,,ziv
米洛克动漫城（房山绿地店）,"4F, Greenland Colorful City, No.1 Tianxing Street, Fangshan District, Beijing, Beijing, 102488",39.7552350,116.1544500,jubeat;taiko,,ziv
紫光游戏广场,"北京市朝阳区朝外大街10号 蓝岛大厦西区 6层, Chaoyang, 北京 (Beijing)",39.9228270,116.4465400,popn,,ziv
舞彩缤纷电玩,"洪山区珞喻路889号光谷国际广场B1楼(近鲁巷转盘), 武汉(Wuhan), 湖北(Hubei)",30.5072032,114.3979794,jubeat;other;taiko,,ziv
趣玩汇Games,"3F, Bailian Quyang Shopping Center, No.800 Quyang Road, Hongkou District, Shanghai, Shanghai, 200081",31.2884228,121.4876596,jubeat;maimai_dx;other;taiko,,ziv
趣玩汇电玩 Quwanhui Games (南京洪武路店),"1st Floor, Tianfeng Building, No.26 Hongwu Road, Qinhuai District, Nanjing Shi, Jiangsu Sheng, 210029",32.0416487,118.7819651,chunithm;jubeat;maimai_dx;other;taiko,,ziv
轻舞飞扬游乐场,"福山区福海路振华购物广场4楼, 烟台市 (Yantai), 山东省 (Shandong Province)",37.5058038,121.2593108,jubeat;other;taiko,,ziv
酷乐迪 Coolerdy,"5th Floor, Xing Wanda Plaza, No. 419 Guanlan Avenue,, Longhua District, Shenzhen City, Guangdong, 518110",22.7216545,114.0532883,jubeat;other,,ziv
酷玩空间 Coolplay Space (上海世纪汇店) ★,"B1 (LG1), Century Link Plaza, No.1192 Century Avenue, Pudong New District, Shanghai, Shanghai, 200120",31.2295323,121.5228398,chunithm;jubeat;maimai_dx;taiko,,ziv
酷玩空间 Coolplay Space (上海环球港 Global Harbor) ★,"B1 Floor, Global Harbor, No.3300 Zhongshan North Road, Putuo District, Shanghai, Shanghai, 200062",31.2363987,121.4085386,chunithm;jubeat;maimai_dx;other;sdvx;taiko,,ziv
金木一郎动漫游戏体验馆,"广东省东莞市莞城新风路8号新干线商场3楼, 东莞市(Dongguan), 广东省 (Guangdong Province)",23.0449011,113.7537396,jubeat;other,,ziv
鑫汇动漫城,"新会区大新路50号星汇广场二楼, Jiangmen Shi, Guangdong Sheng, 529100",22.5199279,113.0371953,jubeat;other,,ziv
闪电部落·欢乐世界(西市城),"西安市碑林区劳动南路1号大润发3楼, 西安市, 陕西省(Shaanxi Province), 710000",34.2465037,108.9044579,gitadora;maimai_dx;other;taiko,,ziv
阿凡达&爱玩荟朝阳华腾新天地店,北京市朝阳区东四环中路195号阿凡达&爱玩荟北京华腾新天地店,39.8842526,116.4821992,chunithm;jubeat;maimai_dx;other;taiko,,wahlap;ziv
青岛探索空间电玩城,"青岛市市北区台东商业步行街, 青岛市 (Qingdao), 山东省 (Shandong Province)",36.0833727,120.3553802,iidx;jubeat;other;popn;taiko,,ziv
风云再起动漫体验中心,"江西省宜春市袁州区东风路, 宜春市, 江西省（Jiangxi Province）",27.7929566,114.3863004,jubeat,,ziv
风云再起动漫体验中心,"河南省郑州市管城区东太康路, 郑州(Zhengzhou), 河南 (Henan), 450001",34.7558186,113.6692393,jubeat;other;taiko,,ziv
风云再起游乐汇 Fengyun Arcade (上海人民广场店) ★,"B1F, D Mall(迪美购物中心), Wusheng Road No.288, Huangpu District, Shanghai, Shanghai, 200003",31.2306146,121.4689314,chunithm;gitadora;maimai_dx;other;taiko,,ziv
CITY PARK Centro Mayor,"Autopista sur con Calle 38 A Sur, Piso 2, local 2-038, Bogotá, Cundinamarca",4.5924239,-74.1238546,ddr;gitadora,,ziv
Cibien's Corner - Cyber Arcade,"Bartůňkova 1761, Praha, Hlavní město Praha, 14000",50.0304983,14.5049841,chunithm;jubeat;other;taiko,,ziv
Cibien's Corner - Game Station,"2621/4 Štefánikovo náměstí, Plzeň, Plzeňský kraj, 301 00",49.7360477,13.3776224,chunithm;drs;jubeat;maimai_dx;nostalgia;other;popn;sdvx,,ziv
Cibien's Corner - Game World,"1 Fajtlova, Fajtlova 1090, Prague, Hlavní město Praha, 161 00",50.0934738,14.2904887,iidx;jubeat;nostalgia;other;sdvx,,ziv
Baboon City,"Åkirkebyvej 10, Herning, Jylland, 7400",56.1533426,8.9772255,ddr;gitadora;other;taiko,,ziv
AlphaNef,"55 Rue de l'Aiguillerie, Montpellier, Occitanie, 34000",43.6126541,3.8790916,jubeat;maimai_dx;other;popn;sdvx,,ziv
Envie De Japon,"1 Rue de Strasbourg, Nantes, Pays de la Loire, 44000",47.2152861,-1.5506870,ddr;jubeat;maimai_dx;other;popn;sdvx;taiko,,ziv
Gamespirit Lyon,"8 Rue Lanterne, Lyon, Rhône-Alpes, 69001",45.7666660,4.8316911,chunithm;jubeat;maimai_dx;sdvx,,ziv
Geek Room,"39 Rue de Nanterre, Asnières-sur-Seine, Île-de-France, 92600",48.9100278,2.2840505,jubeat;maimai_dx;other;popn,,ziv
La Tête Dans Les Nuages,"5 Boulevard des Italiens, Paris, Ile-De-France, 75002",48.8717747,2.3390349,ddr;gitadora;other,,ziv
HI-SCORE,"Anna-Zammert-Str. 28, Hannover, Niedersachsen, 30171",52.3642896,9.7637075,chunithm;ddr;drs;iidx;jubeat;maimai_dx;nostalgia;ongeki;other;popn;sdvx;taiko,,ziv
Micronesia Mall - Fun Fair,"1088 West Marine Corps Drive, Dededo, Guam, 96929",13.5191493,144.8162200,ddr;drs;gitadora;other,,ziv
BitCity,"B1 Floor, HUA (大中华国际交易广场) No. 1 Fuhua 1st Road, Convention and E, Futian 福田区, Shenzhen 深圳市, Guangdong 广东省, 518048",22.5386013,114.0569633,chunithm;jubeat;maimai_dx;other;taiko,,ziv
FUN @ APM,"觀塘觀塘道418號創紀之城五期商場11樓L11舖, Shop No.L11-1 Level 11, APM Millennium City 5, 418 Kwun Tong Rd., 觀塘 (Kwun Tong), 九龍 (Kowloon)",22.3124010,114.2252220,jubeat,,ziv
GAME CENTRE,"GAME CENTRE, 1 Jubilee Street, Central, Hong Kong, Central, 中環, 香港島 (Hong Kong Island)",22.2839869,114.1549126,gitadora;jubeat,,ziv
Game Zone,"B/F 65 Argyle St, 旺角 (Mong Kok), 九龍 (Kowloon)",22.3195947,114.1698092,chunithm;gitadora;jubeat;maimai_dx;other,,ziv
HOLLYWOOD GAME ZONE,"383, LEVEL 3, PLAZA HOLLYWOODDIAMOND HILL, KOWLOON,",22.3407058,114.2021096,chunithm;gitadora;jubeat;maimai_dx;other;taiko,,allnet;ziv
POWER CITY(TIN SHUI WAI),"G68-72 G/F,PHASE 1 KINGSWOOD GINZA, TIN SHUI WAI, N.T.",22.4569941,114.0046892,chunithm;iidx;jubeat;maimai_dx;other;sdvx;taiko,,allnet;ziv
SUPER KING GAME CENTRE,"B/F,WEST COAST BLDG, 290-296UN CHAU ST.,CHEUNG SHA WAN,KW",22.3356793,114.1591221,chunithm;drs;gitadora;iidx;jubeat;maimai_dx;nostalgia;sdvx,,allnet;ziv
TIN TIN GAME CENTRE(TUEN MUN),"SHOP B, G/F., SAI BO BUILDING, 5 TSING PAK PATH, TUEN MUN, NT",22.4016026,113.9781571,jubeat;maimai_dx;taiko,,allnet;ziv
城市英雄 Game One,"L2, Joy City Mall（大悦城）, Bao'an District, Shenzhen, Guangdong, 518617",22.5721702,113.8974404,chunithm;jubeat;maimai_dx;other;taiko,,ziv
新宿驛新港機城 (Silvercord Amusement & Games),"B03, 30 Canton Road, Tin Sha Tsui, Kowloon, 000",22.2977452,114.1694847,gitadora;iidx;jubeat;maimai_dx;other;popn;sdvx;taiko,,ziv
沙龍,"新界 沙田 瀝源街7號沙田娛樂城舖位C2地下, 沙田 (Sha Tin), 新界 (New Territories), 852",22.3840773,114.1922580,chunithm;gitadora;jubeat;maimai_dx;taiko,,ziv
金星遊戲機中心,"264-298號 青山公路 - 荃灣段, 新界",22.3737902,114.1163029,chunithm;gitadora;jubeat;maimai_dx;other;taiko,,ziv
金雞遊戲機 (Golden Era),"旺角洗衣街39號金雞廣場二樓, 2/F, Golden Era Plaza, 39 Sai Yee Street, Mong Kok, 九龍 (Kowloon), 旺角 (Mong Kok), -",22.3183945,114.1718115,chunithm;ddr;iidx;jubeat;maimai_dx;other;popn;sdvx;taiko,,ziv
23Paskal (Game Master),"Jl. Pasirkaliki, Bandung, Jawa Barat, 40172",-6.9149135,107.5952679,ddr;gitadora;maimai_dx;other;sdvx,,ziv
Amazone - Duta Mall,"Jl. A. Yani 3rd floor, Melayu, District. Banjarmasin Tengah, Banjarmasin City, South Borneo, 70234",-3.3229347,114.6031188,gitadora;other;sdvx,,ziv
Amazone - Lotte Shopping Avenue,"3-5 Jalan Professor Doktor Satrio, Jakarta Selatan, Daerah Khusus Ibukota Jakarta, 12940",-6.2239157,106.8229249,ddr;gitadora;iidx;maimai_dx;other;sdvx,,ziv
Amazone - Mal Olympic Gardens,"Malang, East Java (Jawa Timur)",-7.9775400,112.6238860,gitadora;maimai_dx;other;taiko,,ziv
Amazone BIG Mall,"Jalan Untung Surapati, Samarinda, Kalimantan Timur, 75243",-0.5260452,117.1156328,gitadora;other,,ziv
Amazone Cibubur Plaza,"6 Jalan Cibubur-Cilengsi, Jawa Barat, 17435",-6.3762117,106.9153652,ddr;other;popn,,ziv
Amazone Dream Island - Mall Balekota Tangerang,"Jalan Jend Sudirman, Banten, 15119",-6.1793364,106.6430784,ddr;gitadora;other,,ziv
Amazone Jatinangor Town Square,"Jatinangor, West Java (Jawa Barat)",-6.9345172,107.7714881,ddr;gitadora;other,,ziv
Amazone Jogja City Mall,"Jogja City Mall Lantai 2, Magelang St No.6 No.18, Kutu Patran, S, Yogyakarta, Daerah Istimewa Yogyakarta, 55284",-7.7533120,110.3606418,gitadora;other,,ziv
Amazone-Plaza Pondok Gede 2,"Jl. Raya Pondok Gede Plaza, Pondok Gede, Bekasi, West Java (Jawa Barat), 17411",-6.2837756,106.9122076,gitadora;other,,ziv
COW PLAY COW MOO CARSTENSZ MALL,Jalan jend sudirman no1. Cihuni. Kec pagedangan,-6.2697615,106.6304198,chunithm;ddr;drs;gitadora;iidx;maimai_dx;nostalgia;other;sdvx,,allnet;ziv
Cow Play Cow Moo Mall of Indonesia,"2nd Floor, Jl. Boulevard Bar. Raya No.12, Jakarta Utara, 14240",-6.1513526,106.8929172,chunithm;ddr;drs;gitadora;iidx;maimai_dx;other;sdvx,,ziv
Cow Play Cow Moo PIK2,"Entertainment District PIK 2, Blok A6, Jl. Rasuna Said Pantai In, Tanggerang, Banten, 15214",-6.0462851,106.7053288,chunithm;ddr;drs;gitadora;iidx;maimai_dx;nostalgia;other;sdvx,,ziv
Cow Play Cow Moo Pluit Village Mall,"23 Jalan Pluit Karang Karya Timur, 2nd Floor, DKI Jakarta, Jakarta Utara, 14450",-6.1163928,106.7881072,chunithm;ddr;drs;gitadora;iidx;maimai_dx;nostalgia;other;sdvx,,ziv
Element - Kaza City Mall,"Jl. Kapas Krampung No.45, Tambakrejo, Kec. Simokerto, Surabaya, 60142",-7.2481532,112.7583021,gitadora;other,,ziv
EMI - Gajah Mada Plaza,"Jakarta, Jakarta",-6.1608809,106.8186200,ddr;gitadora;other,,ziv
Fun World - Bintaro Plaza,"Jakarta, Jakarta",-6.2726419,106.7417908,gitadora;other,,ziv
Fun World Bintaro XChange,"212 Jalan Lingkar Jaya, South Tangerang, Banten, 15224",-6.2848379,106.7277669,gitadora;maimai_dx;other,,ziv
Fun World-Metropolitan Mall,"Bekasi, West Java (Jawa Barat)",-6.2438040,106.9932750,ddr;gitadora;other,,ziv
FunWorld - Ciputra World,"JL. Mayjend Sungkono no. 89, Surabaya, 60189",-7.2921497,112.7190828,gitadora;other,,ziv
FunWorld - Mal Ciputra,"Jl. Arteri S.Parman Grogol, Jakarta Barat, Jakarta,  11470",-6.1684277,106.7863423,gitadora;other,,ziv
FunWorld Green Pramuka Square,"Jl. Ahmad Yani kav. 49, Rawasari, Cempaka Putih, Jakarta Pusat, Daerah Khusus Ibukota Jakarta, 10570",-6.1893787,106.8739757,gitadora;other,,ziv
Game Master - Grand Yogya Kepatihan,"Grand Yogya Kepatihan 5th Floor, Jalan Kepatihan No. 8, Balonggede, Regol, Bandung, West Java, 40251",-6.9236360,107.6057074,gitadora;maimai_dx;other,,ziv
Game Master - Plaza Semanggi,"Jakarta, Jakarta",-6.2197641,106.8143392,ddr;gitadora;other,,ziv
Kid City - Trans Studio Mall Cibubur,"No.230 Jalan Alternatif Cibubur, Jl. Alternatif Cibubur No.230 A, Harjamukti, Kec. Cimanggis, Kot, Depok, West Java, 16454",-6.3749727,106.9017530,gitadora;other,,ziv
KidCity (TransStudio Mini) - TransMart Lampung,"Sultan Agung 283, Bandar Lampung, Lampung, 35132",-5.3837134,105.2823955,gitadora;sdvx,,ziv
KidCity Transmart Cempaka Putih,"Jl. Ahmad Yani No.83, Cempaka Putih Timur, Cempaka Putih, Jakarta Pusat, Daerah Khusus Ibukota Jakarta, 10510",-6.1688010,106.8767488,gitadora;other;sdvx,,ziv
Mr. Token - Darmo Trade Center,"16 Jalan Wonokromo Pasar Baru, Jawa Timur, 60244",-7.3022196,112.7375399,gitadora;other,,ziv
Mr. Token - ITC Surabaya (1st Floor),"2 Jalan Gembong, Surabaya, Jawa Timur, 60141",-7.2410166,112.7465728,gitadora;other,,ziv
Story Land - Miko Mall,"Miko Mall 2nd Floor, Jl. Raya Kopo No.622-634, Babakan Ciparay, Bandung, Jawa Barat, 40225",-6.9599729,107.5805646,gitadora;maimai_dx;other,,ziv
Timezone - Plaza Kramat Jati Indah,"Jl. Raya Bogor Km. 19, Jakarta Timur, Jakarta, Jakarta",-6.3218780,106.8616330,ddr;gitadora,,ziv
TIMEZONE TRANS STUDIO BANDUNG,"Jl. Gatot Subroto No.289A, Cibangkong, Kota Bandung,40273",-6.9249233,107.6367009,gitadora;maimai_dx;other,,allnet;ziv
Trans Studio Mini,"8 Jalan Veteran Malang, Malang, Jawa Timur, 65113",-7.9566669,112.6179265,gitadora;other,,ziv
Trans Studio Mini Jambi,"9 Jalan Jendral Sudirman, Jambi City, Jambi, 36138",-1.6140906,103.6264415,gitadora;other,,ziv
Zone 2000 - Cinere Square,"Depok, West Java (Jawa Barat)",-6.3328821,106.7828934,gitadora;other,,ziv
Jungle Zone,"Hyatt Plaza Road, Doha, Al Rayyan Municipality, 491229",25.2568847,51.4373172,gitadora;other,,ziv
Paradise Play Drink & Food,"Via Emilia Romagna 15/17, Monsano, Marche, 60030",43.5623881,13.2777825,gitadora;other,,ziv
Ace lane Katata,"日本、〒520-0241 滋賀県大津市今堅田２丁目４０−１０, Katata, Shiga, 520-0241",35.1243489,135.9193756,chunithm;ddr;gitadora;jubeat;maimai_dx;ongeki;popn;taiko,,ziv
Adores Asakusa (アドアーズ浅草店),"Hulic Asakusa 1-chome (ヒューリック浅草一丁目) B1F/1F, 1-42-4, Asakusa, Taito City, Tokyo, 111-0032",35.7130876,139.7934012,gitadora;iidx;jubeat;other;popn;sdvx;taiko,,ziv
Adores Sapporo Kita 42-jo (アドアーズ 札幌北42条店),"1-1, North 42 East 7, Higashi-ku, Shima Bldg. (嶋ビル) 2F, Sapporo, Hokkaido, 007-0842",43.1119349,141.3551937,chunithm;gitadora;iidx;maimai_dx;nostalgia;other;taiko,,ziv
ADX MAMY Kasugai Tegawa (ADXマミー春日井出川店),"1-7, Fujigaoka, Kasugai, Aichi, 487-0023",35.2672783,137.0127430,chunithm;gitadora;iidx;jubeat;maimai_dx;ongeki;other;popn;sdvx,,ziv
AMFマーズ,横浜市中区長者町6-106,35.4428479,139.6311041,gitadora;iidx;jubeat;nostalgia;sdvx,gitadora_dm_arena;gitadora_gf_arena;iidx_lm;sdvx_vm,eagate
AmiPara Technoland (アミパラ テクノランド店),"1-7-12, Yamatomachi, Kita-ku, Okayama, Okayama, 700-0808",34.6791711,133.9274775,chunithm;ddr;drs;gitadora;iidx;maimai_dx;ongeki;other;popn;sdvx;taiko,,ziv
AmuseLand Monaco Kawagoe (アミューズランドモナコ川越店),"2-4-1, Shintomicho, Kawagoe, Saitama, 350-0043",35.9132645,139.4830629,ddr;gitadora;iidx;jubeat;maimai_dx;other;popn;sdvx;taiko,,ziv
Amusement CUE Kyoto Emmachi (アミューズメントCUE京都円町店),"40, Nishinokyo-Enmachi, Nakagyo-ku, Kyoto, Kyoto, 604-8465",35.0188290,135.7310891,chunithm;ddr;gitadora;iidx;jubeat;maimai_dx;nostalgia;ongeki;other;popn;sdvx;taiko,,ziv
Amusement CUE Nara Sanjo (アミューズメントCUE 奈良三条店),"478-1, Sanjocho, Nara, Nara, 630-8244",34.6818045,135.8221195,chunithm;ddr;drs;gitadora;iidx;jubeat;maimai_dx;ongeki;other;popn;sdvx;taiko,,ziv
Amusement Space ASO:VIVA! (アミューズメントスペースASO:VIVA!),"1-10-5, Ebisu, Sankei Ebisu Bldg. (三恵エビスビル) 2-3F, Shibuya-ku, Tokyo, 150-0013",35.6467236,139.7109407,chunithm;iidx;maimai_dx;other;popn;taiko,,ziv
Amusement&Game MAGHREB,多摩市落合1-39-2マグレブビル1F,35.6240240,139.4231960,gitadora;iidx;jubeat;polaris_chord;popn;sdvx,gitadora_dm_arena;gitadora_gf_arena;iidx_lm;popn_pikapika;sdvx_vm,eagate
APINA Nagoya Sakae (アピナ名古屋栄店),"3-17-15, Nishiki, Naka-ku, B1F-B3F, Don Quijote Sakae Head Shop (ドン・キホーテ栄本店), Nagoya, Aichi, 460-0003",35.1701337,136.9064122,chunithm;iidx;maimai_dx;other;popn;sdvx;taiko,,ziv
APINA New Chitose Airport (アピナ新千歳空港店),"987-22, Bibi, New Chitose Airport Domestic Terminal Bldg. (新千歳空港国内線ターミナルビル) 4F, Chitose, Hokkaido, 066-0012",42.7873108,141.6802903,jubeat;ongeki;other;taiko,,ziv
APINA Yaizu (アピナ焼津店),"585, Dobara, Yaizu, Shizuoka, 425-0055",34.8335221,138.3059269,chunithm;gitadora;iidx;jubeat;maimai_dx;nostalgia;ongeki;other;popn;sdvx;taiko,,ziv
ASO:VIBA!,渋谷区恵比寿1-10-5,35.6467707,139.7109583,iidx;polaris_chord;popn;sdvx,iidx_lm;popn_pikapika;sdvx_vm,eagate
BANDAI NAMCO Cross Store Kyoto (バンダイナムコ Cross Store 京都店),"AEON MALL KYOTO Sakura Bldg. (イオンモールKYOTO Sakura館) 4F, 1, Nishikujo-Toriimachi, Minami-ku, Kyoto, Kyoto, 601-8417",34.9826178,135.7547904,chunithm;nostalgia;sdvx;taiko,,ziv
BOX.Q3,名古屋市中村区則武1-16-8第一Uコーポ1F,35.1731010,136.8766030,iidx;popn,iidx_lm,eagate;ziv
CLUB EXA2号館,立川市羽衣町2-11-2プランドール立川1F,35.6961682,139.4292280,nostalgia,,eagate
Comtech Square (コムテックスクエア),"1-16-8, Kanayama, Naka-ku, Nagoya, Aichi, 460-0022",35.1400000,136.9000000,chunithm;ddr;gitadora;iidx;jubeat;maimai_dx;nostalgia;ongeki;other;popn;sdvx;taiko,,ziv
Comtech Tower (コムテックタワー),"4-10-20, Meieki, Nakamura-ku, Nagoya, Aichi, 450-0002",35.1694300,136.8859780,chunithm;ddr;gitadora;iidx;maimai_dx;ongeki;other;popn;sdvx;taiko,,ziv
Cosmo Fantasia Street (コスモファンタジア・ストリート),"Yokohama Cosmo World (よこはまコスモワールド), 2-8-1, Shinko, Naka-ku, Yokohama, Kanagawa, 231-0001",35.4550791,139.6365054,popn;taiko,,ziv
Fantasy Plaza Nagoya (ファンタジープラザ名古屋店),"232, Gemba-cho, Kita-ku, CROSS TOWN 2F, Nagoya, Aichi, 462-0018",35.2261402,136.9089917,chunithm;ddr;gitadora;iidx;jubeat;maimai_dx;ongeki;other;popn;sdvx;taiko,,ziv
G-stage浜町,長崎県長崎市浜町2-26,32.7448472,129.8775421,chunithm;gitadora;iidx;maimai_dx;ongeki;popn;sdvx,iidx_lm;popn_pikapika;sdvx_vm,allnet;eagate
Game Center Betty (ゲームセンターベティ),"38, U, Funoomachi, Nanao, Ishikawa, 929-2102",37.0672911,136.9070068,chunithm;ddr;drs;gitadora;iidx;jubeat;maimai_dx;nostalgia;other;popn;sdvx,,ziv
Game Fantasian Yanaizu (ゲームファンタジアン柳津店),"3-68, Kamisabanishi, Yanaizu-cho, Gifu, Gifu, 501-6121",35.3759207,136.7145653,chunithm;gitadora;iidx;maimai_dx;ongeki;popn;sdvx;taiko,,ziv
Game Fantasy Land Dinasaur Age (ゲームファンタジーランド ダイナソアエイジ),"3-88, Toshin-cho, Obu, Aichi, 474-0073",35.0309320,136.9562397,chunithm;maimai_dx;popn,,ziv
GAME KING JOY (キングジョイ),"3-3-32, Sakae, Naka-ku, Nagoya, Aichi, 460-0008",35.1680373,136.9048581,chunithm;ddr;drs;gitadora;iidx;jubeat;maimai_dx;nostalgia;ongeki;other;popn;sdvx;taiko,,ziv
Game Land Joy Jungle Mihama (ジョイジャングル美浜店),"Dragon Palace (ドラゴンパレス), 15-68, Mihama, Chatan, Okinawa, 904-0115",26.3172933,127.7572480,ddr;gitadora;iidx;jubeat;nostalgia;other;taiko,,ziv
GAME PANIC Akihabara (ゲームパニック秋葉原),"Akihabara ex, 1-13-1, Sotokanda, Chiyoda City, Tokyo, 101-0021",35.6987655,139.7715667,chunithm;ddr;gitadora;iidx;maimai_dx;ongeki;other;popn;sdvx,,ziv
GAME PANIC Kofu (ゲームパニック甲府),"5-20-24, Kokubo, Kofu, Yamanashi, 400-0043",35.6420457,138.5473607,chunithm;ddr;gitadora;iidx;jubeat;maimai_dx;ongeki;other;popn;sdvx,,ziv
GAME PANIC Odaka (ゲームパニック大高),"201, Chujiyama, Midori-ku, Nagoya Grand Bowl (名古屋グランドボウル) B2F, Nagoya, Aichi, 459-8014",35.0485180,136.9497046,chunithm;ddr;drs;gitadora;iidx;jubeat;maimai_dx;nostalgia;ongeki;other;popn;sdvx;taiko,,ziv
GAME PANIC Osu (ゲームパニック大須),"3-30-93, Osu, Naka-ku, MEGA TOWN B1F, Nagoya, Aichi, 460-0011",35.1600676,136.9053516,chunithm;ddr;gitadora;iidx;maimai_dx;nostalgia;ongeki;other;popn;sdvx;taiko,,ziv
Game Park Galaxy Nishimachi (げーむぱーくぎゃらくしー 西町店),"6-1-1, Nishimachiminami, Nishi-ku, AEON Sapporo Nishimachi (イオン札幌西町店) 3F, Sapporo, Hokkaido, 063-0062",43.0780730,141.2888789,other;popn;taiko,,ziv
GAME・パフェ萩,山口県萩市大字椿東3000-5,34.4165984,131.4100396,chunithm;gitadora;iidx;popn;project_diva,,allnet;eagate
GiGO Advance Mall Matsusaka (GiGOアドバンスモール松阪),"235-1, Tamuracho, Matsusaka, Mie, 515-0062",34.5539564,136.5146685,chunithm;maimai_dx;nostalgia;ongeki;other;taiko,,ziv
GiGO Akihabara Building 3 (GiGO秋葉原3号館),"1-11-11, Sotokanda, Sotokanda 1-chome Bldg. (外神田1丁目ビルディング), Chiyoda City, Tokyo, 101-0021",35.6992398,139.7709404,chunithm;ddr;drs;gitadora;iidx;jubeat;maimai_dx;nostalgia;ongeki;other;popn;sdvx;taiko,,ziv
GiGO ALCO越谷ショッピングスクエア,埼玉県越谷市越ケ谷１‐１６‐６,35.8868319,139.7880353,chunithm;gitadora,,allnet;eagate
GiGO Bisai (GiGO尾西),"3-9-7, Kagoya, ASOBIX Bisai (アソビックスびさい) 1F, Ichinomiya, Aichi, 494-0002",35.3091766,136.7714393,chunithm;gitadora;iidx;maimai_dx;ongeki;other;sdvx;taiko,,ziv
GiGO DAYZ TOWN Tsukuba (GiGOデイズタウンつくば),"DAYZ TOWN (デイズタウン) B1F, 1-9-2, Takezono, Tsukuba, Ibaraki, 305-0032",36.0774147,140.1153360,ddr;drs;iidx;jubeat;museca;other,,ziv
GiGO Head Arcade (GiGO総本店),"1-13-6, Higashi-ikebukuro, Rokumaru Gate Ikebukuro (ロクマルゲート池袋) B1F-3F, Toshima-ku, Tokyo, 170-0013",35.7295887,139.7148908,chunithm;ddr;drs;gitadora;iidx;jubeat;maimai_dx;ongeki;other;popn;sdvx;taiko,,ziv
GiGO Himeji Sta. (GiGO姫路駅前),"Himeji Ekimae Bldg. (姫路駅前ビル) B1F, 254, Ekimaecho, Himeji, Hyogo, 670-0927",34.8288755,134.6911349,chunithm;iidx;maimai_dx;ongeki;other;popn;sdvx;taiko,,ziv
GiGO Ise (GiGO伊勢),"666, Nakazucho, Ise, Mie, 516-0053",34.4921979,136.6778867,chunithm;iidx;jubeat;maimai_dx;nostalgia;ongeki;other;sdvx;taiko,,ziv
GiGO Kagurazaka (GiGO神楽坂),"2-11, Kagurazaka, No.2 Kagura Hills (第二カグラヒルズ) 1F, Shinjuku-ku, Tokyo, 162-0825",35.7008511,139.7418621,chunithm;iidx;maimai_dx;ongeki;other;popn;sdvx;taiko,,ziv
GiGO Kanayama (GiGO金山),"1-19-2, Kanayama, Atsuta-ku, Nagoya, Aichi, 456-0001",35.1426805,136.9021901,chunithm;gitadora;iidx;maimai_dx;ongeki;other;sdvx;taiko,,ziv
GiGO Kasugai (GiGO春日井),"4180, Iwano-cho, Kasugai, Aichi, 486-0805",35.2695294,136.9605498,chunithm;drs;iidx;jubeat;maimai_dx;nostalgia;ongeki;other;sdvx;taiko,,ziv
GiGO Makuhari (GiGO幕張),"Messe Amuse Mall (メッセ・アミューズ・モール) 1F, 1-8, Hibino, Mihama-ku, Chiba, Chiba, 261-0021",35.6501512,140.0425265,chunithm;gitadora;maimai_dx;ongeki;other;sdvx,,ziv
GiGO Market Square Sasashima (GiGOマーケットスクエアささしま),"4-60-14, Hiraike-cho, Nakamura-ku, Nagoya, Aichi, 453-0872",35.1626790,136.8849120,chunithm;ddr;gitadora;iidx;jubeat;maimai_dx;nostalgia;ongeki;other;popn;sdvx;taiko,,ziv
GiGO Nagakute (GiGO長久手),"705, Musashizuka, Nagakute, Aichi, 480-1121",35.1713137,137.0455064,chunithm;ddr;gitadora;iidx;maimai_dx;ongeki;other;popn;sdvx;taiko,,ziv
GiGO Namba AVION (GiGO難波アビオン),"MMO Bldg. (MMOビル) B1F-3F, 2-3-15, Nambanaka, Naniwa-ku, Osaka, Osaka, 556-0011",34.6627355,135.5033024,chunithm;gitadora;iidx;maimai_dx;ongeki;other;sdvx,,ziv
GIGO Osaka Dotonbori Main (GiGO大阪道頓堀本店),"1-8-22, Dotonbori, Chuo-ku, Dotonza Bldg. (道頓座ビル) 1-3F, Osaka, Osaka, 542-0071",34.6685953,135.5017340,chunithm;ddr;gitadora;iidx;maimai_dx;ongeki;other;sdvx;taiko,,ziv
GiGO Sapporo Sta. West Exit (GiGO札幌駅西口),"1-1, North 6 West 6, Kita-ku, WEST6, Sapporo, Hokkaido, 060-0806",43.0676100,141.3464604,chunithm;ddr;gitadora;iidx;maimai_dx;ongeki;other;sdvx;taiko,,ziv
GiGO Shibuya Miyamasuzaka (GiGO渋谷宮益坂),"1-14-14, Shibuya, EST Shibuya East Exit Kaikan (EST渋谷東口会館) 1F/7F, Shibuya City, Tokyo, 150-0002",35.6600465,139.7027479,chunithm;ddr;iidx;jubeat;maimai_dx;nostalgia;ongeki;other;sdvx;taiko,,ziv
GiGO Takayama (GiGO高山),"7-7, Kamiokamotomachi, Takayama, Gifu, 506-0055",36.1425522,137.2436392,chunithm;maimai_dx;nostalgia;ongeki;other;taiko,,ziv
GiGO Tomei Bowl (GiGO東名ボール),"2-114, Nishiharacho, Tomei Bowl (東名ボール) 3F, Seto, Aichi, 489-0972",35.2091646,137.0628746,chunithm;maimai_dx;nostalgia;ongeki;other;taiko,,ziv
GiGO tonarie Yokkaichi (GiGOトナリエ四日市),"1-3-31, Yasujima, tonarie Yokkaichi (トナリエ四日市) 5F, Yokkaichi, Mie, 510-0075",34.9685199,136.6166049,chunithm;drs;iidx;jubeat;maimai_dx;ongeki;other;popn;sdvx;taiko,,ziv
GiGOアルパーク北棟,広島市西区草津南4-7-1アルパーク北棟2F,34.3763029,132.3950257,drs;gitadora;iidx;jubeat;nostalgia;polaris_chord;sdvx,iidx_lm;sdvx_vm,eagate
GiGOフジモール吹上,鴻巣市袋90-1フジモール吹上,36.0963060,139.4658445,gitadora;iidx;polaris_chord;sdvx,iidx_lm;sdvx_vm,eagate
Handa Metropolis (半田メトロポリス),"3-11-1, Asahi-machi, Handa KoronaWorld (半田コロナワールド) 2F, Handa, Aichi, 475-0838",34.8752571,136.9219392,chunithm;gitadora;iidx;maimai_dx;nostalgia;ongeki;other;popn;sdvx;taiko,,ziv
Hoshikari Monogatari Kishiwada (星狩物語 岸和田店),"1-3-2, Zakuzaicho, Kishiwada, Osaka, 596-0826",34.4544995,135.3850423,ddr;gitadora;iidx;other;sdvx,,ziv
Ibusuki Iwasaki Hotel Jungle Jungle (指宿いわさきホテル ジャングルジャングル),"3805-1, Junicho, Ibusuki, Kagoshima, 891-0403",31.2243303,130.6547865,ddr;gitadora;other,,ziv
Japan Weekend,"Av. de Luis Aragonés, 4, San Blas-Canillejas, Madrid, Madrid, 28022",40.4359075,-3.5995731,maimai_dx;nostalgia;other;popn;sdvx;taiko,,ziv
K-1BOWL,日立市石名坂町2-2-10,36.5134320,140.6050820,gitadora;nostalgia,,eagate
Let's Waku2 ベル店,福井市花堂南2-16-1,36.0338395,136.2120541,popn,,eagate
M's PARK刈谷店,愛知県刈谷市稲場町３−２０６,35.0054807,137.0014037,chunithm;ddr;gitadora;iidx;jubeat;maimai_dx;ongeki;other;popn;sdvx;taiko,ddr_gold;iidx_lm;popn_pikapika;sdvx_vm,allnet;eagate;ziv
M'Sパーク豊田店,豊田市寿町3-10-11,35.0565113,137.1404324,ddr;gitadora;iidx;jubeat;nostalgia;popn;reflec;sdvx,ddr_gold;iidx_lm;popn_pikapika;sdvx_vm,eagate
Molly Fantasy f Aratamabashi (モーリーファンタジーf 新瑞橋店),"1-7-10, Kikusumi, Minami-ku, AEON MALL Aratamabashi (イオンモール新瑞橋) 3F, Nagoya, Aichi, 457-0012",35.1148291,136.9357160,chunithm;ddr;gitadora;maimai_dx;ongeki;other;taiko,,ziv
Molly Fantasy f Gifu (モーリーファンタジーf 岐阜店),"1-2-1, Masakinaka, MASA21 North Bldg. (マーサ21北館) 3F, Gifu, Gifu, 502-0857",35.4478229,136.7450130,chunithm;drs;gitadora;jubeat;maimai_dx;ongeki;other;popn;sdvx;taiko,,ziv
Molly Fantasy Naha (モーリーファンタジー那覇店),"AEON Naha (イオン那覇店) 3F, 5-10-2, Kanagusuku, Naha, Okinawa, 901-0155",26.1968299,127.6658783,iidx;nostalgia;other;sdvx,,ziv
Nagoya LeisureLand Uchidabashi (名古屋レジャーランド内田橋店),"2-26-22, Uchidabashi, Minami-ku, Nagoya, Aichi, 457-0862",35.1137551,136.9098510,chunithm;ddr;gitadora;iidx;jubeat;maimai_dx;nostalgia;ongeki;other;popn;sdvx;taiko,,ziv
namco Umeda (namco梅田店),"3−3, Komatsubara-cho, Kita-ku, OS Bldg. (OSビル) 1-3F, Osaka, Osaka, 530-0018",34.7027415,135.5002749,chunithm;gitadora;iidx;maimai_dx;ongeki;other;sdvx;taiko,,ziv
New Greenpia Tsunan Hotel Game Center (ニュー・グリーンピア津南 ゲームセンター),"12300, Akinari, Tsunan, Niigata, 949-8313",36.9619020,138.6883432,other;popn;taiko,,ziv
Parque Kamigamo (パルケ上賀茂),"4F, 1-1, Kamigamo-Nishigawaracho, Kita-ku, Kyoto, Kyoto, 603-8036",35.0668030,135.7462040,chunithm;ddr;drs;gitadora;iidx;maimai_dx;nostalgia;ongeki;popn;taiko,,ziv
PEP魚町,北九州市小倉北区魚町2-4-20,33.8839655,130.8800260,ddr;gitadora;iidx;jubeat;nostalgia;popn;reflec;sdvx,iidx_lm;sdvx_vm,eagate
PORT24 Yagoto (ポート24 八事店),"102-4 Kita-ishizaka, Hiroji-cho, Showa-ku, Nagoya, Aichi, 466-0834",35.1370664,136.9641201,chunithm;ddr;gitadora;iidx;jubeat;maimai_dx;nostalgia;ongeki;popn;sdvx;taiko,,ziv
Rakuichi Gaido Nagoya (楽市街道 名古屋店),"45-1, Nakanogo-Shimmei, Kitanagoya, Aichi, 481-0045",35.2397829,136.8485431,chunithm;ddr;gitadora;iidx;maimai_dx;other;sdvx;taiko,,ziv
ROUND1 Aomori (ラウンドワン青森店),"3-1-1, Hamada, Aomori, Aomori, 030-0843",40.7986925,140.7483385,chunithm;dance_around;ddr;drs;gitadora;jubeat;maimai_dx;ongeki;other;popn;sdvx;taiko,,ziv
ROUND1 Chikusa (ラウンドワン千種店),"3-20-17, Shin-Sakae, Chikusa-ku, Taiho Chikusa Sta. Minami Bldg. (タイホウ千種駅南ビル) 1F&8F, Nagoya, Aichi, 464-0859",35.1679942,136.9279596,chunithm;ddr;drs;gitadora;iidx;jubeat;maimai_dx;ongeki;other;popn;sdvx;taiko,,ziv
ROUND1 Fuchu-Honmachi Ekimae (ラウンドワン府中本町駅前店),"Kaneta Bldg. (カネタビル), 1-13-3, Honmachi, Fuchu, Tokyo, 183-0027",35.6671724,139.4773498,ddr;gitadora;iidx;jubeat;maimai_dx;other;popn;sdvx;taiko,,ziv
ROUND1 Fukuoka Tenjin (ラウンドワン福岡天神店),"2-6-12, Tenjin, Chuo-ku, Fukuoka, Fukuoka, 810-0001",33.5895190,130.3968511,chunithm;dance_around;ddr;drs;gitadora;iidx;maimai_dx;other;sdvx,,ziv
ROUND1 Ikebukuro (ラウンドワン 池袋店),"1-14-1, Higashiikebukuro, Ikebukuro Square (池袋スクエア), 豊島区 (Toshima-ku), 東京都 (Tokyo Metropolis), 170-0013",35.7299682,139.7151706,chunithm;dance_around;ddr;drs;gitadora;iidx;jubeat;maimai_dx;nostalgia;ongeki;other;popn;sdvx;taiko,,ziv
ROUND1 Kishiwada (ラウンドワン岸和田店),"岸和田市八阪町2-11-1, Kishiwada, Osaka, 596-0049",34.4565209,135.3885211,ddr;gitadora;iidx;jubeat;maimai_dx;other;popn;sdvx;taiko,,ziv
ROUND1 Kyoto Kawaramachi (ラウンドワン 京都河原町店),"250, Yamazaki-cho, Nakagyo-ku, Kyoto, Kyoto, 604-8032",35.0070558,135.7688248,chunithm;dance_around;ddr;drs;gitadora;iidx;jubeat;maimai_dx;nostalgia;ongeki;other;popn;sdvx;taiko,,ziv
ROUND1 Narumi (ラウンドワン鳴海店),"28, Kakitsubata, Narumi-cho, Midori-ku, Nagoya, Aichi, 458-0801",35.0989110,136.9527380,dance_around;drs;gitadora;jubeat;maimai_dx;other;popn;sdvx;taiko,,ziv
ROUND1 Okinawa Haebaru (ラウンドワン沖縄・南風原店),"552, Aza-Kanegusuku, Haebaru, Okinawa, 901-1111",26.1951345,127.7209960,chunithm;ddr;drs;gitadora;iidx;jubeat;maimai_dx;nostalgia;other;popn;sdvx,,ziv
ROUND1 Saitama Konosu (ラウンドワン さいたま・鴻巣店),"3163-7, Mida, Konosu, Saitama, 365-0062",36.0806221,139.4902743,gitadora,,ziv
ROUND1 Sannomiya Ekimae (ラウンドワン三宮駅前店),"6-1-17, Onoedori, Chuo-ku, Kobe, Hyogo, 651-0088",34.6940336,135.1973419,chunithm;dance_around;ddr;drs;gitadora;iidx;jubeat;maimai_dx;ongeki;other;popn;sdvx;taiko,,ziv
ROUND1 Sapporo Susukino (ラウンドワン札幌すすきの店),"6-1, South 5 West 3, Chuo-ku, Sapporo, Hokkaido, 064-0805",43.0541982,141.3540252,chunithm;dance_around;ddr;drs;gitadora;iidx;jubeat;maimai_dx;ongeki;other;popn;sdvx;taiko,,ziv
ROUND1 Stadium Asahikawa (ラウンドワンスタジアム旭川店),"4-7, 3-1, Nagayama, Asahikawa, Hokkaido, 079-8413",43.7863077,142.3974532,ddr;gitadora;iidx;jubeat;other;popn;sdvx,,ziv
ROUND1 Stadium Handa (ラウンドワンスタジアム半田店),"6-7-8, Mizuho-cho, Handa, Aichi, 475-0828",34.8853884,136.9417513,chunithm;dance_around;ddr;drs;gitadora;iidx;maimai_dx;ongeki;other;popn;sdvx;taiko,,ziv
ROUND1 Stadium Nagoya Nishiharu (ラウンドワンスタジアム名古屋西春店),"15, Ubukuji-Shimmei, Kitanagoya, Aichi, 481-0035",35.2548570,136.8436855,chunithm;ddr;gitadora;iidx;maimai_dx;ongeki;other;popn;sdvx;taiko,,ziv
ROUND1 Stadium Nakagawa National Route 1 (ラウンドワンスタジアム 中川1号線店),"2-23, Hozo-cho, Nakagawa-ku, Nagoya, Aichi, 454-0859",35.1236338,136.8636315,chunithm;dance_around;ddr;drs;gitadora;iidx;jubeat;maimai_dx;ongeki;other;popn;sdvx;taiko,,ziv
ROUND1 Stadium Okinawa Ginowan (ラウンドワンスタジアム沖縄・宜野湾店),"3-28-8, Mashiki, Ginowan, Okinawa, 901-2224",26.2758113,127.7310231,chunithm;ddr;gitadora;iidx;jubeat;maimai_dx;nostalgia;other;popn;sdvx;taiko,,ziv
ROUND1 Stadium Saitama Kurihashi (ラウンドワンスタジアムさいたま・栗橋店),"192-1, Koemon, Kuki, Saitama, 349-1105",36.1234363,139.7151687,dance_around;ddr;gitadora;maimai_dx;museca;other;popn,,ziv
ROUND1 Stadium Sapporo Kita 21-jo (ラウンドワンスタジアム札幌北21条店),"1-21, North 21 East 1, Higashi-ku, Sapporo, Hokkaido, 065-0021",43.0867551,141.3497129,chunithm;dance_around;ddr;drs;gitadora;iidx;maimai_dx;nostalgia;ongeki;other;popn;sdvx;taiko,,ziv
ROUND1 Stadium Sennichimae (ラウンドワンスタジアム 千日前店),"1-3-1, Namba, Chuo-ku, Osaka, Osaka, 542-0076",34.6675185,135.5028026,chunithm;dance_around;ddr;drs;gitadora;iidx;jubeat;maimai_dx;museca;nostalgia;ongeki;other;popn;sdvx,,ziv
ROUND1 Stadium Tsu Takajaya (ラウンドワンスタジアム津・高茶屋店),"277-8, Takajayakomoricho, Tsu, Mie, 514-0817",34.6724802,136.5193570,chunithm;dance_around;ddr;gitadora;iidx;maimai_dx;ongeki;other;popn;sdvx;taiko,,ziv
ROUND1 Stadium YOROKKA Kasugai (ラウンドワンスタジアムヨロッカ春日井店),"22, Tokyu, Rokkenya-cho, YOROKKA Kasugai (ヨロッカ春日井) 3F, Kasugai, Aichi, 486-0842",35.2589554,136.9825235,chunithm;ddr;gitadora;iidx;maimai_dx;ongeki;other;sdvx;taiko,,ziv
Saitama Leisure Land Omiya RAKUUN (埼玉レジャーランド大宮ラクーン店),"Omiya RAKUUN (大宮ラクーン) 5F, 1-60, Miya-cho, Omiya-ku, Saitama, Saitama, 330-0802",35.9077262,139.6255848,chunithm;ddr;iidx;popn;sdvx;taiko,,ziv
SILK HAT Kawasaki DICE (シルクハット川崎ダイス),"DICE Bldg. B2F, 8, Ekimae-Honcho, Kawasaki-ku, Kawasaki, Kanagawa, 210-0007",35.5280451,139.6979238,popn;taiko,,ziv
SQUARE One Saitama Sports Center (スクウェアワンサイスポ店),"Saitama Sports Center (埼玉スポーツセンター), 1116, Minaminagai, Tokorozawa, Saitama, 359-0011",35.8231044,139.5316930,chunithm;ddr;gitadora;iidx;jubeat;nostalgia;taiko,,ziv
Taito F Station AEON Ichikawa Myoden(タイトーFステーションイオン市川妙典店),"AEON Ichikawa Myoden Bldg. 2 (イオン市川妙典2番街) 2F, 4-1-1, Myoden, Ichikawa, Chiba, 272-0111",35.6924912,139.9267375,chunithm;ddr;drs;gitadora;iidx;maimai_dx;nostalgia;ongeki;other;popn;sdvx,,ziv
Taito F Station AEON Omihachiman (タイトーFステーションイオン近江八幡店),"AEON Omihachiman Shopping Center Bldg. 2 (イオン近江八幡ショッピングセンター2番街), 3-7, Takakaicho-minami, Omihachiman, Shiga, 523-0891",35.1204595,136.1037402,chunithm;ddr;gitadora;iidx;maimai_dx;popn;sdvx;taiko,,ziv
Taito F Station AL.PLAZA Sabae (タイトーFステーションアルプラザ鯖江店),"AL.PLAZA Sabae Amuse Bldg. (アルプラザ鯖江店アミューズ棟), 16-1-1, Shimokobatacho, Sabae, Fukui, 916-0038",35.9679722,136.1889853,chunithm;maimai_dx;nostalgia;sdvx;taiko,,ziv
Taito F Station Centporta Oita (タイトーFステーションセントポルタ大分店),"2-1-1, Chuomachi, Oita, Oita, 870-0035",33.2353302,131.6063883,chunithm;gitadora;iidx;maimai_dx;nostalgia;ongeki;popn;sdvx;taiko,,ziv
Taito F Station Hachinohe (タイトーFステーション八戸店),"27, Mikkamachi, Hachinohe, Aomori, 031-0032",40.5093109,141.4904802,chunithm;gitadora;iidx;maimai_dx;ongeki;other;popn;sdvx;taiko,,ziv
Taito F Station Joetsu (タイトーFステーション上越店),"J-MAX Theater (J-MAXシアター), 3524, Tomioka, Joetsu, Niigata, 943-0173",37.1485743,138.2594099,chunithm;ddr;gitadora;iidx;maimai_dx;nostalgia;ongeki;other;sdvx,,ziv
Taito F Station Koriyama ATi (タイトーFステーション郡山アティ店),"ATi Koriyama (アティ郡山) 7F, 1-16-7, Ekimae, Koriyama, Fukushima, 963-8002",37.3969118,140.3874780,iidx;jubeat;other;taiko,,ziv
Taito F Station Mukogaoka Yuen (タイトーFステーション向ヶ丘遊園店),"1718-1, Noborito, Tama-ku, Kawasaki, Kanagawa, 214-0014",35.6163912,139.5651244,chunithm;gitadora;iidx;maimai_dx;ongeki;popn;sdvx,,ziv
Taito F Station Nishimuta Izumi (タイトーFステーションニシムタ出水店),"347, Rokugatsudamachi, Izumi, Kagoshima, 899-0126",32.1061425,130.3450743,chunithm;iidx;maimai_dx;nostalgia;ongeki;popn;sdvx;taiko,,ziv
Taito F Station olinas Kinshicho (タイトーFステーション オリナス錦糸町店),"olinas mall (オリナスモール) B1F, 4-1-2, Taihei, Sumida-ku, Tokyo, 130-0012",35.7003909,139.8154061,chunithm;ddr;drs;gitadora;iidx;jubeat;maimai_dx;nostalgia;ongeki;other;popn;sdvx,,ziv
Taito F Station Oyama (タイトーFステーション小山店),"Harvest Walk Park Town North (おやまゆうえんハーヴェストウォークパークタウンノース), 1475, Kizawa, Oyama, Tochigi, 323-0014",36.3360131,139.8074408,gitadora;jubeat;maimai_dx;ongeki;popn;sdvx;taiko,,ziv
Taito F Station Shizuoka (タイトーFステーション 静岡店),"Fushimiya Daini Bldg. (ふしみや第２ビル), 2-5-4, Gofuku-cho, Aoi-ku, Shizuoka, Shizuoka, 420-0031",34.9743995,138.3832145,chunithm;gitadora;maimai_dx;other;taiko,,ziv
Taito F Station Tsubame-Sanjo (タイトーFステーション燕三条店),"AEON Keno Amenity Bldg. (イオン県央店アメニティ棟) 1F, 3-150, Idomaki, Tsubame, Niigata, 959-1232",37.6505840,138.9364419,chunithm;iidx;jubeat;maimai_dx;other;taiko,,ziv
Taito Station AEON MALL Kushiro Showa (タイトーステーションイオンモール釧路昭和店),"AEON MALL Kushiro Showa (イオンモール釧路昭和) 2F, 4-18-1, Showachuo, Kushiro, Hokkaido, 084-0910",43.0261166,144.3590901,ddr;iidx;jubeat,,ziv
Taito Station AEON TOWN Mito Minami (タイトーステーションイオンタウン水戸南店),"3480-101, Nagaoka, Ibaraki, Ibaraki, 311-3116",36.3100960,140.4429526,iidx;other;popn;taiko,,ziv
Taito Station Akihabara (タイトーステーション秋葉原店),"4-2-2, Sotokanda, Takazo Bldg. (貴三ビル), Chiyoda City, Tokyo, 101-0021",35.7002341,139.7716887,chunithm;ddr;drs;gitadora;iidx;jubeat;maimai_dx;nostalgia;ongeki;other;popn;sdvx;taiko,,ziv
Taito Station Aomori AMZ (タイトーステーション青森アムゼ店),"SUNROAD Aomori (サンロード青森) 1F, 3-9-2, Midori, Aomori, Aomori, 030-0845",40.8081023,140.7539912,other;popn;taiko,,ziv
Taito Station Asahi Sunmall (タイトーステーション旭サンモール店),"Shopping Center Sunmall (ショッピングセンターサンモール) 3F, 2676-1, I, Asahi, Asahi, Chiba, 289-2511",35.7249775,140.6590728,gitadora;iidx;jubeat;maimai_dx;nostalgia;other;popn;sdvx;taiko,,ziv
Taito Station Chitose (タイトーステーション千歳店),"2-12-5, Hokuei, Chitose, Hokkaido, 066-0036",42.8334145,141.6450580,chunithm;iidx;jubeat;maimai_dx;nostalgia;ongeki;other;popn;sdvx;taiko,,ziv
Taito Station Ebina Vinawalk (タイトーステーション海老名ビナウォーク店),"1-18-1, Chuo, Vinawalk Bldg. 6 (ビナウォーク6番館) 2F, Ebina, Kanagawa, 243-0432",35.4526466,139.3955033,chunithm;ddr;gitadora;iidx;jubeat;maimai_dx;nostalgia;ongeki;other;popn;sdvx;taiko,,ziv
Taito Station Fujisawa (タイトーステーション藤沢店),"21-1, Minamifujisawa, Fujisawa, Kanagawa, 251-0055",35.3372374,139.4873628,chunithm;ddr;gitadora;iidx;maimai_dx;ongeki;popn;taiko,,ziv
Taito Station Funabashi (タイトーステーション船橋店),"1-4-1, Honcho, Funabashi, Chiba, 273-0005",35.6998956,139.9860006,chunithm;gitadora;iidx;maimai_dx;nostalgia;ongeki;other;popn,,ziv
Taito Station Hiroshima Hondori (タイトーステーション広島本通店),"Serakagu Hondori Building (せらかぐ本通ビル), 3-5, Hondori, Naka-ku, Hiroshima, Hiroshima, 730-0035",34.3928873,132.4604409,chunithm;ddr;gitadora;iidx;jubeat;maimai_dx;nostalgia;other;popn;sdvx;taiko,,ziv
Taito Station Hiroshima Kamiyacho (タイトーステーション広島紙屋町店),"2-2-21, Kamiyacho, Naka-ku, Hiroshima, Hiroshima, 730-0031",34.3940266,132.4560508,chunithm;gitadora;iidx;jubeat;maimai_dx;nostalgia;ongeki;other;popn;sdvx;taiko,,ziv
Taito Station Kanazawa (タイトーステーション金沢店),"Utsunomiya Katamachi Bldg. (宇都宮片町ビル), 2-1-7, Katamachi, Kanazawa, Ishikawa, 920-0981",36.5613456,136.6530555,chunithm;ddr;iidx;jubeat;maimai_dx;nostalgia;other;popn;sdvx;taiko,,ziv
Taito Station Kashiwa (タイトーステーション柏店),"Fusawa Bldg. (フーサワビル), 2-3-1, Kashiwa, Kashiwa, Chiba, 277-0005",35.8614093,139.9726618,chunithm;ddr;gitadora;iidx;maimai_dx;other;popn;sdvx;taiko,,ziv
Taito Station Kinshicho Rakutenchi (タイトーステーション錦糸町楽天地店),"RAKUTENCHI Bldg. (楽天地ビル) B1F, 4-27-14, Kotobashi, Sumida City, Tokyo, 130-0022",35.6961851,139.8156630,chunithm;ddr;gitadora;iidx;jubeat;maimai_dx;nostalgia;ongeki;popn;sdvx,,ziv
Taito Station Kokubunji (タイトーステーション国分寺店),"i Building (Iビルディング), 3-5-11, Honcho, Kokubunji, Tokyo, 185-0012",35.7019162,139.4800229,chunithm;ddr;drs;gitadora;iidx;jubeat;maimai_dx;nostalgia;ongeki;other;popn;sdvx,,ziv
Taito Station Machida (タイトーステーション 町田店),"6-21-23, Haramachida, Matsuyama Bldg. (松山ビル) 1F, Machida, Tokyo, 194-0013",35.5427303,139.4485301,chunithm;ddr;drs;gitadora;iidx;jubeat;maimai_dx;ongeki;other;popn;sdvx;taiko,,ziv
Taito Station Mizonokuchi (タイトーステーション 溝の口店),"1-11-8, Mizonokuchi, Takatsu-ku, OKKA634, Kawasaki, Kanagawa, 213-0001",35.6000113,139.6124554,chunithm;ddr;gitadora;iidx;jubeat;maimai_dx;nostalgia;ongeki;other;popn;sdvx;taiko,,ziv
Taito Station Morioka Mach Land (タイトーステーション盛岡マッハランド店),"1-2-38, Kamido, Morioka, Iwate, 020-0125",39.7236872,141.1269729,chunithm;gitadora;iidx;maimai_dx;nostalgia;other;popn;sdvx;taiko,,ziv
Taito Station Namba (タイトーステーション難波店),"15-12, Nambasennichimae, Chuo-ku, Osaka, Osaka, 542-0075",34.6633686,135.5031809,chunithm;iidx;maimai_dx;popn;sdvx;taiko,,ziv
Taito Station Odawara (タイトーステーション小田原店),"1-3-12, Sakaecho, Odawara, Kanagawa, 250-0011",35.2549187,139.1561527,chunithm;drs;gitadora;iidx;jubeat;maimai_dx;nostalgia;ongeki;other;popn;sdvx;taiko,,ziv
Taito Station Odawara City Mall (タイトーステーション小田原シティーモール店),"Frespo Odawara City Mall South Bldg. (フレスポ小田原シティーモール店南館) 2F, 120, Maekawa, Odawara, Kanagawa, 256-0813",35.2813174,139.1944133,chunithm;gitadora;iidx;jubeat;nostalgia;other;popn;sdvx;taiko,,ziv
Taito Station Omiya (タイトーステーション大宮店),"1-1, Daimoncho, Omiya-ku, Saitama, Saitama, 330-0846",35.9073739,139.6252434,chunithm;ddr;iidx;jubeat;maimai_dx;nostalgia;ongeki;other;popn;sdvx;taiko,,ziv
Taito Station Osaka Nipponbashi (タイトーステーション 大阪日本橋店),"4-9-14, Nipponbashi, Naniwa-ku, Osaka, Osaka, 556-0005",34.6603717,135.5061473,chunithm;ddr;gitadora;iidx;jubeat;maimai_dx;nostalgia;ongeki;other;popn;sdvx;taiko,,ziv
Taito Station Pearl City Inazawa (タイトーステーションパールシティ稲沢店),"Pearl City (パールシティ) 2F, 80-1, Inokuchiotsubocho, Inazawa, Aichi, 492-8164",35.2373941,136.8193604,gitadora;popn;sdvx;taiko,,ziv
Taito Station PHOEDRA Osu (タイトーステーション フェドラ大須店),"3-30-31, Osu, Naka-ku, Banshoji Parking Bldg. (萬松寺駐車場ビル) 1F/2F, Nagoya, Aichi, 460-0011",35.1594234,136.9053769,chunithm;ddr;drs;gitadora;iidx;jubeat;maimai_dx;museca;nostalgia;ongeki;other;popn;sdvx;taiko,,ziv
Taito Station Sapporo Tanuki Kōji 2-Chōme (タイトーステーション狸小路2丁目店),"Tanuki Kōji 2-Chōme, Sapporo, Hokkaido, 060-0063",43.0574451,141.3554485,chunithm;drs;iidx;jubeat;maimai_dx;nostalgia;ongeki;other;popn;sdvx;taiko,,ziv
Taito Station Sendai Clisroad (タイトーステーション 仙台クリスロード店),"2-3-25, Chuo, Aoba-ku, Sendai-shi, Miyagi-ken, 980-0021",38.2610055,140.8756075,chunithm;ddr;drs;gitadora;iidx;jubeat;maimai_dx;nostalgia;ongeki;other;popn;sdvx;taiko,,ziv
Taito Station Sendai Nakakecho (タイトーステーション 仙台名掛丁店),"1-7-13, Chuo, Aoba-ku, Sendai-shi, Miyagi-ken, 980-0021",38.2619907,140.8791777,chunithm;gitadora;iidx;jubeat;maimai_dx;other;taiko,,ziv
Taito Station Sendai VEGARO POLIS (タイトーステーション 仙台ベガロポリス店),"VEGARO POLIS Sendai-Minami (ベガロポリス仙台南), 5-24-1, Nishitaga, Taihaku-ku, Sendai, Miyagi, 982-0034",38.2193035,140.8486631,chunithm;gitadora;iidx;jubeat;maimai_dx;nostalgia;other;popn;taiko,,ziv
Taito Station Shibuya (タイトーステーション渋谷店),"1-24-12, Shibuya, Shibuya Toei Plaza Building (渋谷東映プラザ) B1F-1F, Shibuya City, Tokyo, 150-0002",35.6598667,139.7020827,chunithm;ddr;gitadora;iidx;maimai_dx;other;sdvx;taiko,,ziv
Taito Station Shinhamamatsu ZAZA CITY (タイトーステーション 新浜松ザザシティ店),"ZAZA CITY West Bldg. (ザザシティ西館) 2F, 15, Kaji-machi, Naka-ku, Hamamatsu, Shizuoka, 430-0933",34.7051662,137.7295524,chunithm;iidx;jubeat;maimai_dx;nostalgia;ongeki;other;popn;sdvx;taiko,,ziv
Taito Station Tachikawa Sta. North Exit (タイトーステーション立川北口店),"OSJ TACHIKAWA Bldg. (OSJ TACHIKAWAビル) 2F/3F, 2-4-5, Akebonocho, Tachikawa, Tokyo, 190-0012",35.6991974,139.4121544,chunithm;ddr;drs;gitadora;iidx;jubeat;maimai_dx;nostalgia;ongeki;other;popn;sdvx,,ziv
Taito Station Tokorozawa (タイトーステーション所沢店),"Sky View (スカイビュウ), 3-7, Hiyoshicho, Tokorozawa, Saitama, 359-1123",35.7880326,139.4722018,chunithm;ddr;gitadora;iidx;jubeat;maimai_dx;ongeki;other;popn;sdvx,,ziv
Taito Station Totsuka Sta. West Exit (タイトーステーション戸塚西口店),"4023, Totsukacho, Totsuka-ku, Yokohama, Kanagawa, 244-0003",35.3995324,139.5318454,chunithm;gitadora;iidx;maimai_dx;other;popn;taiko,,ziv
Taito Station Toyota GAZA (タイトーステーション豊田GAZA店),"GAZA 3F, 1-140, Kita-machi, Toyota, Aichi, 471-0027",35.0881732,137.1575928,chunithm;maimai_dx;nostalgia;ongeki;other;popn;sdvx;taiko,,ziv
Taito Station Ueno Ameyoko (タイトーステーション上野アメ横店),"4-10-17, Ueno, Taito City, Tokyo, 110-0005",35.7105220,139.7744467,chunithm;ddr;iidx;jubeat;maimai_dx;other;popn;taiko,,ziv
Taito Station Utsunomiya Bell Mall (タイトーステーション宇都宮ベルモール店),"Bell Mall (ベルモール) 2F, 6-2-1, Yoto, Utsunomiya, Tochigi, 321-0904",36.5558944,139.9280801,chunithm;maimai_dx;nostalgia;other;taiko,,ziv
Taito Station Wako (タイトーステーション和光店),"1-4-5, Maruyamadai, Wako, Saitama, 351-0112",35.7866617,139.6138168,chunithm;ddr;gitadora;iidx;jubeat;maimai_dx;nostalgia;other;popn,,ziv
TAITO STATION 横浜西口五番街店 (Yokohama West Exit 5th Ave.),"1-12-9, Minamisaiwai, Nishi-ku, Yokohama, Kanagawa, 220-0005",35.4647421,139.6195543,chunithm;ddr;gitadora;iidx;maimai_dx;nostalgia;ongeki;other;popn;sdvx,,ziv
TaitoFStation AEONMALL Hamamatsu Ichino (タイトーFステーションイオンモール浜松市野店),"AEON MALL Hamamatsu Ichino (イオンモール浜松市野) 2F, 1981-3, Tennoucho, Higashi-ku, Hamamatsu, Shizuoka, 435-0052",34.7401359,137.7630420,chunithm;gitadora;maimai_dx;other;taiko,,ziv
TaitoFStation SuperCenterOkuwa Nanki(タイトーFステーションスーパーセンターオークワ南紀店),"Super Center Okuwa Nanki (スーパーセンターオークワ南紀店), 3-11-19, Sano, Shingu, Wakayama, 647-0071",33.6721312,135.9704641,gitadora;other;popn;taiko,,ziv
Takadanobaba Mikado Game Center (高田馬場ゲーセンミカドinオアシスセンター),"4-5-10, Takadanobaba, Shinjuku City, Tokyo, 169-0075",35.7127363,139.7034547,gitadora;other;popn,,ziv
THE 3RD PLANET Yokohama Asobi Town (サープラ横浜あそびタウン),"Northport Mall (ノースポート・モール) 6F, 1-25-1, Nakagawachuo, Tsuzuki-ku, Yokohama, Kanagawa, 224-0003",35.5525064,139.5795898,jubeat,,ziv
Tokyo Leisure Land Ikebukuro (東京レジャーランド池袋店),"1-29-1, Higashiikebukuro, Maru Bldg. Ikebukuro (マルビル池袋) B1F-3F, Toshima-ku, Tokyo, 170-0013",35.7304616,139.7164823,chunithm;ddr;gitadora;iidx;jubeat;maimai_dx;nostalgia;ongeki;other;popn;sdvx;taiko,,ziv
Tokyo Leisureland Akihabara (東京レジャーランド秋葉原店),"1-9-5, Sotokanda, Chiyoda City, Tokyo, 101-0021",35.6987529,139.7701404,chunithm;ddr;gitadora;iidx;maimai_dx;ongeki;other;popn;sdvx;taiko,,ziv
Tokyo Leisureland Akihabara 2nd store (東京レジャーランド秋葉原2号店),"3-3-4, Sotokanda, Minami Bldg. (ミナミビル) 6F/7F, Chiyoda City, Tokyo, 101-0021",35.7007895,139.7717853,chunithm;ddr;gitadora;iidx;jubeat;maimai_dx;ongeki;other;popn;sdvx;taiko,,ziv
Video Game Museum Robot Fukaya /ビデオゲームミュージアム ロボット 深谷店,"4 Chome-12-1 Kamishibachonishi, Fukaya, Saitama, 〒366-0052",36.3539908,139.3395164,jubeat,,ziv
Yu-LAND Shunkou (遊ランド 春光店),"2-1, Shunkou, Pachinko P-TOWN Shunkou 2F, Asahikawa, Hokkaido, 070-0871",43.7981691,142.3740202,chunithm;drs;iidx;jubeat;maimai_dx;nostalgia;ongeki;other;popn;sdvx;taiko,,ziv
あそVIVA本店,福知山市字堀小字上高田2146-1あそVIVA1F,35.2897191,135.1348229,iidx;polaris_chord;popn;sdvx,iidx_lm;sdvx_vm,eagate
あそビレッジ山形店,山形県山形市成沢西５−３−２７,38.2085455,140.3177274,chunithm;maimai_dx;popn,,allnet;eagate
あそＶＩＶＡ阪急茨木店,大阪府茨木市永代町６−２スポーツプラザ茨木２Ｆ,34.8179736,135.5763883,chunithm;ddr;gitadora;iidx;maimai_dx;nostalgia;ongeki;polaris_chord;popn;sdvx,ddr_gold;iidx_lm;popn_pikapika;sdvx_vm,allnet;eagate
えの木 高松店,香川県高松市藤塚町３丁目３−３,34.3358800,134.0537325,ddr;gitadora;iidx;jubeat;popn;project_diva;sdvx,ddr_gold;gitadora_dm_arena;gitadora_gf_arena;iidx_lm;popn_pikapika;sdvx_vm,allnet;eagate
ふぇすたらんど倉敷マスカット店,岡山県倉敷市松島１１６３−２山陽マルナカマスカット店別館３Ｆ,34.6277433,133.8024727,chunithm;maimai_dx;ongeki;reflec,,allnet;eagate
ふぇすたらんど可部,広島県広島市安佐北区可部7-4-13マルナカ可部店内,34.5233926,132.5115150,chunithm;maimai_dx;ongeki;polaris_chord;popn,popn_pikapika,allnet;eagate
ゆりの木ボウル,青森県八戸市鷹匠小路１０,40.5066344,141.4932406,gitadora;iidx;maimai_dx;popn;sdvx,iidx_lm;sdvx_vm,allnet;eagate
アップルグランリバー大井川店,静岡県焼津市下江留１３２７,34.8097010,138.2733246,chunithm;ddr;gitadora;iidx;maimai_dx;nostalgia;ongeki;polaris_chord;popn;project_diva;sdvx,ddr_gold;gitadora_dm_arena;gitadora_gf_arena;iidx_lm;popn_pikapika;sdvx_vm,allnet;eagate
アップル島田店,静岡県島田市宝来町8-5,34.8266008,138.1874106,chunithm;gitadora;iidx;sdvx,gitadora_dm_arena;iidx_lm;sdvx_vm,allnet;eagate
アップル新北街道店,静岡県静岡市葵区沓谷5-13-4,34.9982997,138.4134498,chunithm;ddr;gitadora;iidx;maimai_dx;ongeki;popn;project_diva;sdvx,ddr_gold;gitadora_dm_arena;iidx_lm;sdvx_vm,allnet;eagate
アドアーズ上野アメ横,東京都台東区上野４−９−１４上野Ｋ．ＫビルＢ１〜４階,35.7100380,139.7742682,chunithm;gitadora;iidx;jubeat;ongeki;other;popn;sdvx;taiko,iidx_lm;sdvx_vm,allnet;eagate;ziv
アドアーズ亀戸店,東京都江東区亀戸５−２−６サンエービル１〜５階,35.6989635,139.8259037,chunithm;iidx;maimai_dx;popn;sdvx,popn_pikapika;sdvx_vm,allnet;eagate
アドアーズ札幌北４２条,北海道札幌市東区北４２条東７−１−１　嶋ビル２階,43.1119643,141.3551602,chunithm;gitadora;iidx;maimai_dx;nostalgia,gitadora_dm_arena;gitadora_gf_arena,allnet;eagate
アドアーズ橋本,神奈川県相模原市緑区橋本３−３−１ＳＩＮＧビル２Ｆ,35.5945224,139.3488614,chunithm;gitadora;iidx;maimai_dx;sdvx,gitadora_dm_arena;gitadora_gf_arena;sdvx_vm,allnet;eagate
アドアーズ船橋,千葉県船橋市本町１−３１−２６セブン船橋Ｂ１Ｆ〜３Ｆ,35.7005813,139.9844903,chunithm;iidx;maimai_dx;nostalgia;polaris_chord;popn;sdvx,iidx_lm;popn_pikapika;sdvx_vm,allnet;eagate
アドアーズ蕨,埼玉県蕨市塚越1-4-4ラ・セーヌビル2階,35.8278164,139.6915592,chunithm;iidx;maimai_dx;ongeki;popn;sdvx,iidx_lm;sdvx_vm,allnet;eagate
アピナ上尾店,上尾市緑丘3-3-11-2プリンセス棟別棟,35.9871910,139.5798770,gitadora;iidx;jubeat;nostalgia;polaris_chord;popn;sdvx,iidx_lm;popn_pikapika;sdvx_vm,eagate
アピナ上田店,長野県上田市秋和３５９−１,36.4159917,138.2235105,chunithm;gitadora;iidx;jubeat;maimai_dx;nostalgia;ongeki;polaris_chord;popn;sdvx,iidx_lm;sdvx_vm,allnet;eagate
アピナ上越インター店,新潟県上越市富岡３４３９,37.1542725,138.2556584,chunithm;gitadora;maimai_dx;ongeki;popn,popn_pikapika,allnet;eagate
アピナ下館店,筑西市玉戸1012-3,36.2932539,139.9440750,gitadora;iidx;jubeat;nostalgia;polaris_chord;sdvx,iidx_lm;sdvx_vm,eagate
アピナ伊那店,長野県伊那市大字西町５０９３,35.8328702,137.9499861,chunithm;ddr;gitadora;iidx;jubeat;maimai_dx;nostalgia;ongeki;polaris_chord;project_diva,iidx_lm,allnet;eagate
アピナ佐久インター店,長野県佐久市岩村田北１−１３−１,36.2844797,138.4823375,chunithm;drs;gitadora;iidx;jubeat;maimai_dx;ongeki;polaris_chord;popn;sdvx,iidx_lm;popn_pikapika;sdvx_vm,allnet;eagate
アピナ八王子みなみ野店,東京都八王子市みなみ野１−２−１アクロスモール３Ｆ,35.6306170,139.3292720,chunithm;gitadora;iidx;maimai_dx;ongeki;polaris_chord;popn;sdvx,iidx_lm;popn_pikapika;sdvx_vm,allnet;eagate
アピナ印西店,印西市原1-2ビッグホップガーデンモール印西2F,35.8030090,140.1624960,iidx;jubeat;polaris_chord;popn;sdvx,iidx_lm;sdvx_vm,eagate
アピナ名古屋栄店,愛知県名古屋市中区錦３‐１７‐１５ドン・キホーテ栄本店Ｂ１,35.1702098,136.9063906,chunithm;iidx;maimai_dx;popn;sdvx,iidx_lm;popn_pikapika;sdvx_vm,allnet;eagate
アピナ四日市店,三重県四日市市泊小柳町４−３４,34.9393248,136.6068238,chunithm;gitadora;iidx;jubeat;maimai_dx;nostalgia;ongeki;polaris_chord;popn;project_diva;reflec;sdvx,gitadora_dm_arena;gitadora_gf_arena;iidx_lm;popn_pikapika;sdvx_vm,allnet;eagate
アピナ塩尻店,長野県塩尻市広丘野村１７９４−１,36.1415524,137.9538308,chunithm;gitadora;iidx;jubeat;maimai_dx;ongeki;project_diva,iidx_lm,allnet;eagate
アピナ大須賀店,静岡県掛川市西大渕３３５９,34.6767312,137.9696162,jubeat;ongeki;reflec,,allnet;eagate
アピナ太田店,群馬県太田市内ケ島町９０７−１,36.2829707,139.3984248,chunithm;ddr;gitadora;iidx;jubeat;maimai_dx;nostalgia;ongeki;polaris_chord;popn;project_diva;reflec;sdvx,iidx_lm;popn_pikapika;sdvx_vm,allnet;eagate
アピナ姫路店,兵庫県姫路市東郷町１４５４−３姫路リオス２階,34.8269676,134.7151601,chunithm;dance_evo;drs;gitadora;iidx;jubeat;maimai_dx;nostalgia;ongeki;polaris_chord;popn;project_diva;reflec,iidx_lm;popn_pikapika,allnet;eagate
アピナ富山南店,富山県富山市堀川町３５５−３ マイプラザ内,36.6649370,137.2173196,gitadora;iidx;jubeat;nostalgia;polaris_chord;project_diva;sdvx,iidx_lm;sdvx_vm,allnet;eagate
アピナ富山新庄店,富山県富山市荒川３−２−１２,36.6953333,137.2480711,chunithm;gitadora;jubeat;maimai_dx;nostalgia;ongeki,,allnet;eagate
アピナ富山豊田店,富山県富山市豊田町２丁目１２−６６,36.7210181,137.2355046,chunithm;ddr;drs;gitadora;iidx;jubeat;maimai_dx;nostalgia;ongeki;polaris_chord;popn;project_diva;reflec;sdvx,ddr_gold;gitadora_dm_arena;gitadora_gf_arena;iidx_lm;popn_pikapika;sdvx_vm,allnet;eagate
アピナ富谷店,富谷市大清水1-33-1イオンモール109シネマズ富谷1F,38.3652826,140.8765988,ddr;gitadora;polaris_chord;popn;sdvx,ddr_gold;sdvx_vm,eagate
アピナ小山店,栃木県小山市駅南町４−２７−１８,36.3004010,139.8091238,chunithm;drs;gitadora;iidx;jubeat;maimai_dx;nostalgia;ongeki;polaris_chord;popn;sdvx,iidx_lm;popn_pikapika;sdvx_vm,allnet;eagate
アピナ川越店,埼玉県川越市泉町１−１　ウニクス南古谷シネマ棟１Ｆ,35.9038204,139.5153346,chunithm;gitadora;iidx;maimai_dx;ongeki;polaris_chord;popn;sdvx,iidx_lm;popn_pikapika;sdvx_vm,allnet;eagate
アピナ新千歳空港店,北海道千歳市美々1292番地33新千歳空港国内線旅客ﾀｰﾐﾅﾙﾋﾞﾙ4F,42.7871266,141.6805602,jubeat;ongeki;project_diva,,allnet;eagate
アピナ本巣店,本巣市政田字下西浦1986イオンタウン本巣内,35.4326960,136.6400994,popn,,eagate
アピナ松本店,長野県松本市双葉１９−１０,36.2105026,137.9615503,chunithm;dance_evo;ddr;drs;gitadora;iidx;jubeat;maimai_dx;nostalgia;ongeki;polaris_chord;popn;project_diva;reflec;sdvx,ddr_gold;gitadora_dm_arena;gitadora_gf_arena;iidx_lm;popn_pikapika;sdvx_vm,allnet;eagate
アピナ橋本店,神奈川県相模原市緑区西橋本５−１−１ラ・フロール駐車場棟１階,35.5973214,139.3373139,chunithm;gitadora;iidx;maimai_dx;nostalgia;ongeki;polaris_chord;popn;project_diva;sdvx,iidx_lm;popn_pikapika;sdvx_vm,allnet;eagate
アピナ浜松店,静岡県浜松市中央区葵西２−２７−１０,34.7674101,137.7081848,chunithm;gitadora;iidx;maimai_dx;ongeki;polaris_chord;sdvx,iidx_lm;sdvx_vm,allnet;eagate
アピナ焼津店,静岡県焼津市道原５８５,34.8335667,138.3059799,chunithm;gitadora;iidx;maimai_dx;nostalgia;ongeki;popn;reflec;sdvx,iidx_lm;sdvx_vm,allnet;eagate
アピナ磐田店,静岡県磐田市西貝塚横須賀道北3690イオンタウン磐田内,34.7270625,137.8772654,chunithm;gitadora;maimai_dx;nostalgia;ongeki;popn;reflec,,allnet;eagate
アピナ荻窪店,東京都杉並区上荻１−１３−１０ハクサンビル,35.7050135,139.6181738,chunithm;ddr;iidx;maimai_dx;ongeki;polaris_chord;popn;sdvx,ddr_gold;iidx_lm;popn_pikapika;sdvx_vm,allnet;eagate
アピナ豊橋,愛知県豊橋市藤沢町１４１ホリデイ・スクエアＡＭ棟１階,34.7445532,137.3713362,chunithm;iidx;maimai_dx;ongeki;polaris_chord;popn;sdvx,iidx_lm;popn_pikapika;sdvx_vm,allnet;eagate
アピナ野々市バッティングスタジアム,石川県野々市市若松町５−５,36.5367471,136.6110606,chunithm;jubeat;project_diva;reflec,,allnet;eagate
アピナ野々市店,石川県野々市市白山町４−１イオンタウン野々市店内,36.5273856,136.6121969,chunithm;gitadora;iidx;maimai_dx;ongeki,iidx_lm,allnet;eagate
アピナ野田七光台店,千葉県野田市七光台４−２,35.9823488,139.8501379,chunithm;nostalgia;popn,,allnet;eagate
アピナ鈴鹿店,三重県鈴鹿市庄野羽山4-20-1イオンタウン鈴鹿2階,34.8721888,136.5270464,chunithm;gitadora;maimai_dx;nostalgia;ongeki,,allnet;eagate
アピナ長岡店,新潟県長岡市堺東町２２,37.4579741,138.8131975,chunithm;ddr;drs;gitadora;iidx;jubeat;maimai_dx;nostalgia;ongeki;polaris_chord;popn;project_diva;sdvx,gitadora_dm_arena;gitadora_gf_arena;iidx_lm;popn_pikapika;sdvx_vm,allnet;eagate
アピナ長野大橋店,長野県長野市若里７−９−１２,36.6265335,138.2002093,chunithm;gitadora;iidx;maimai_dx;nostalgia;ongeki;sdvx,iidx_lm;sdvx_vm,allnet;eagate
アピナ長野川中島店,長野県長野市川中島町御厨９６７−１,36.5980241,138.1574813,chunithm;gitadora;iidx;maimai_dx;ongeki;polaris_chord;popn;sdvx,iidx_lm;popn_pikapika;sdvx_vm,allnet;eagate
アピナ飯田店,長野県飯田市座光寺３７２８−１,35.5299738,137.8597012,chunithm;gitadora;iidx;jubeat;maimai_dx;nostalgia;ongeki;popn;project_diva;reflec;sdvx,iidx_lm;sdvx_vm,allnet;eagate
アピナ鶴岡店,山形県鶴岡市文下字広野１−１,38.7581392,139.8443827,chunithm;drs;gitadora;iidx;jubeat;maimai_dx;nostalgia;ongeki;polaris_chord;popn;sdvx,iidx_lm;sdvx_vm,allnet;eagate
アポロゲームセンター沖洲店,徳島県徳島市南沖洲１−９３,34.0671378,134.5828205,chunithm;ddr;gitadora;iidx;maimai_dx;nostalgia,iidx_lm,allnet;eagate
アミパラがいな店,鳥取県米子市日ノ出町１−８−１３,35.4377737,133.3391965,chunithm;ddr;gitadora;iidx;maimai_dx;ongeki;polaris_chord;popn;sdvx,gitadora_dm_arena;gitadora_gf_arena;iidx_lm;popn_pikapika;sdvx_vm,allnet;eagate
アミパラここじゃ店,広島県東広島市西条町下見６−１０−１９,34.4075855,132.7155369,chunithm;ddr;gitadora;iidx;maimai_dx;ongeki;polaris_chord;popn;sdvx,ddr_gold;gitadora_dm_arena;gitadora_gf_arena;iidx_lm;popn_pikapika;sdvx_vm,allnet;eagate
アミパラテクノランド店,岡山県岡山市北区大和町１−７−１２,34.6791764,133.9274976,chunithm;ddr;gitadora;iidx;maimai_dx;ongeki;polaris_chord;popn;sdvx,gitadora_dm_arena;gitadora_gf_arena;iidx_lm;popn_pikapika;sdvx_vm,allnet;eagate
アミパラ下関駅南店,山口県下関市東大和町１丁目３ー１５,33.9453095,130.9205149,chunithm;ddr;gitadora;iidx;maimai_dx;ongeki;polaris_chord;popn;sdvx,gitadora_dm_arena;gitadora_gf_arena;iidx_lm;popn_pikapika;sdvx_vm,allnet;eagate
アミパラ丸亀店,香川県丸亀市飯野町西分字川縁甲５８４−１　ハローズ棟内,34.2848078,133.8210303,chunithm;ddr;gitadora;iidx;maimai_dx;ongeki;sdvx,sdvx_vm,allnet;eagate
アミパラ佐世保店,長崎県佐世保市大塔町１８−１５,33.1500003,129.7803082,chunithm;ddr;drs;gitadora;iidx;jubeat;maimai_dx;ongeki;polaris_chord;popn;sdvx,iidx_lm;sdvx_vm,allnet;eagate
アミパラ倉敷店,岡山県倉敷市西中新田624-1アミパラボウル1F,34.5835441,133.7713238,chunithm;ddr;gitadora;iidx;maimai_dx;ongeki;polaris_chord;popn;sdvx,ddr_gold;gitadora_dm_arena;gitadora_gf_arena;iidx_lm;popn_pikapika;sdvx_vm,allnet;eagate
アミパラ大東店,大阪府大東市南新田２丁目３番５号,34.7011363,135.6385970,chunithm;ddr;gitadora;iidx;maimai_dx;ongeki;polaris_chord,ddr_gold;iidx_lm,allnet;eagate
アミパラ岡山店,岡山県岡山市北区青江１丁目１３ー８,34.6362117,133.9199885,chunithm;ddr;gitadora;iidx;jubeat;maimai_dx;ongeki;popn;project_diva;sdvx,gitadora_dm_arena;gitadora_gf_arena;iidx_lm;popn_pikapika;sdvx_vm,allnet;eagate
アミパラ東岡山店,岡山市中区高屋308-1フレスポ高屋2F,34.6724377,133.9671516,gitadora,,eagate
アミパラ橿原店,奈良県橿原市十市町1222-1ツインゲート橿原１F,34.5294150,135.7968476,chunithm;ddr;gitadora;iidx;maimai_dx;ongeki;polaris_chord;popn;sdvx,gitadora_dm_arena;gitadora_gf_arena;iidx_lm;popn_pikapika;sdvx_vm,allnet;eagate
アミパラ高知店,高知県南国市篠原１９４−１,33.5679737,133.6344573,chunithm;ddr;gitadora;iidx;maimai_dx;ongeki;polaris_chord;project_diva;sdvx,ddr_gold;iidx_lm;sdvx_vm,allnet;eagate
アミュージアム南アルプス店,南アルプス市小笠原1423-1トライアル南アルプス店1F,35.6180690,138.4672320,jubeat;nostalgia;reflec,,eagate
アミュージアム津島店,愛知県津島市大字津島字北新開351番地ﾖｼﾂﾞﾔ津島本店ｼﾈﾏ館2F,35.1746003,136.7464136,chunithm;maimai_dx;ongeki;popn,,allnet;eagate
アミューズパーク郡山,福島県郡山市安積町日出山2丁目80,37.3744131,140.3839021,chunithm;iidx;jubeat;sdvx,iidx_lm;sdvx_vm,allnet;eagate
アミューズビバ,茨城県ひたちなか市東大島２−１１−１１,36.4063750,140.5318511,chunithm;ddr;gitadora;iidx;jubeat;maimai_dx;nostalgia;ongeki;polaris_chord;popn;project_diva;sdvx,ddr_gold;iidx_lm;popn_pikapika;sdvx_vm,allnet;eagate
アミューズメント ミール,三田市対中町5-21,34.8804725,135.2295927,gitadora;iidx;jubeat;nostalgia;popn;sdvx,gitadora_dm_arena;gitadora_gf_arena;iidx_lm;sdvx_vm,eagate
アミューズメントエース津田沼,千葉県船橋市前原西２−１５−１ファシービル,35.6922777,140.0201815,chunithm;ddr;gitadora;iidx;jubeat;maimai_dx;nostalgia;ongeki;polaris_chord;popn;sdvx,ddr_gold;gitadora_dm_arena;gitadora_gf_arena;iidx_lm;popn_pikapika;sdvx_vm,allnet;eagate
アミューズメントクラブ浦和,埼玉県さいたま市浦和区仲町1-10-7,35.8602600,139.6535399,chunithm;jubeat;maimai_dx;nostalgia;ongeki;project_diva,,allnet;eagate
アミューズメントシティーG-STA,薩摩川内市向田本町49,31.8157681,130.3073786,gitadora;iidx,iidx_lm,eagate
アミューズメントスペースコミ丸四日市店,三重県四日市市鵜の森1-3-19,34.9664199,136.6164714,chunithm;ddr;gitadora;iidx;maimai_dx;nostalgia;ongeki;popn;sdvx,ddr_gold;gitadora_dm_arena;iidx_lm;popn_pikapika;sdvx_vm,allnet;eagate
アミューズメントスペース遊ランド士別,北海道士別市大通東８,44.1739175,142.3943263,chunithm;jubeat;ongeki,,allnet;eagate
アミューズメントスペース遊ランド稚内店,北海道稚内市港５丁目８−１５,45.4006983,141.6808192,chunithm;gitadora;iidx;jubeat;nostalgia;ongeki;popn;project_diva;reflec;sdvx,sdvx_vm,allnet;eagate
アミューズメントパフェパレパレ田宮店,徳島県徳島市南田宮２−２−４６,34.0861319,134.5427222,chunithm;gitadora;jubeat;maimai_dx;ongeki;popn,,allnet;eagate
アミューズメントパレスワンダーヴュー阿見店,稲敷郡阿見町大字阿見2958ショッピングセンターマイ･アミ2F,36.0422309,140.2100215,ddr;gitadora;iidx;maimai_dx;nostalgia;ongeki;popn;sdvx,iidx_lm;sdvx_vm,eagate;ziv
アミューズメントパークMGレインボー店,高松市多肥下町字凹原630マルナカパワシティレインボー店2F,34.2996539,134.0588105,iidx;popn,iidx_lm,eagate
アミューズメントパークＭＧキスケ,愛媛県松山市宮田町４ キスケボックス内１階,33.8413598,132.7528735,ddr;gitadora;iidx;jubeat;nostalgia;polaris_chord;popn;project_diva;sdvx,ddr_gold;gitadora_dm_arena;gitadora_gf_arena;iidx_lm;sdvx_vm,allnet;eagate
アミューズメントパークＭＧジアス,広島県福山市柳津町１−７−６０,34.4406368,133.2606430,chunithm;gitadora;ongeki;polaris_chord;popn;sdvx,sdvx_vm,allnet;eagate
アミューズメントパークＭＧ伊予三島,愛媛県四国中央市中之庄町７５−１　アイランド三島内,33.9745392,133.5287779,chunithm;gitadora;iidx;ongeki;polaris_chord;popn;sdvx,iidx_lm;sdvx_vm,allnet;eagate
アミューズメントパークＭＧ大街道,愛媛県松山市大街道１−４−１７,33.8378938,132.7698832,chunithm;iidx;maimai_dx;ongeki;popn;sdvx,iidx_lm;sdvx_vm,allnet;eagate
アミューズメントパークＭＧ東予,愛媛県西条市周布７１５−１ フジ東予店 別棟,33.9204600,133.0775400,ddr;gitadora;nostalgia;polaris_chord;popn;project_diva,,allnet;eagate
アミューズメントヒカリ,宇都宮市江野町7-13ヒカリビル1F,36.5600400,139.8816700,gitadora;iidx;nostalgia;popn,,eagate
アミューズメントフィールドバイヨン,埼玉県ふじみ野市うれし野２−１６−１LCモールうれし野２Ｆ,35.8561384,139.5223952,chunithm;gitadora;iidx;jubeat;maimai_dx;nostalgia;popn;sdvx,gitadora_dm_arena;gitadora_gf_arena;iidx_lm;sdvx_vm,allnet;eagate
アミューズメントワールドメトロポリス小牧,愛知県小牧市村中新町３３,35.2959343,136.9056166,chunithm;iidx;maimai_dx;ongeki;polaris_chord;popn;sdvx,iidx_lm;popn_pikapika;sdvx_vm,allnet;eagate
アミューズメントＣＵＥ京都円町店,京都府京都市中京区西ノ京西円町４０,35.0188326,135.7311504,chunithm;ddr;gitadora;iidx;jubeat;maimai_dx;nostalgia;ongeki;popn;reflec;sdvx,gitadora_dm_arena;gitadora_gf_arena;iidx_lm;sdvx_vm,allnet;eagate
アミューズメントＣＵＥ奈良三条店,奈良県奈良市三条町478-1,34.6817818,135.8221376,chunithm;ddr;gitadora;iidx;maimai_dx;ongeki;popn;sdvx,gitadora_dm_arena;gitadora_gf_arena;iidx_lm;sdvx_vm,allnet;eagate
アミューズメントＣＵＥ奈良大和高田店,奈良県大和高田市東中２−１１−１６,34.4997760,135.7355951,chunithm;ddr;gitadora;iidx;jubeat;maimai_dx;ongeki;popn;sdvx,gitadora_dm_arena;gitadora_gf_arena;iidx_lm;sdvx_vm,allnet;eagate
アルゴ,神戸市中央区下山手通1-1-8,34.6939218,135.1914556,ddr;gitadora;iidx;nostalgia;polaris_chord;popn;sdvx,ddr_gold;gitadora_dm_arena;gitadora_gf_arena;iidx_lm;popn_pikapika;sdvx_vm,eagate
アル・プラザボウル鯖江,福井県鯖江市下河端町１６字下町６−１,35.9683629,136.1886629,chunithm;iidx;reflec,iidx_lm,allnet;eagate
アーチ北山バッティングセンター,豊橋市北山町字西ノ原40-20,34.7328155,137.3977467,jubeat,,eagate
イミグランデ大和店,神奈川県大和市鶴間2-12-27,35.4914957,139.4548227,chunithm;ddr;gitadora;iidx;jubeat;popn;sdvx,gitadora_dm_arena;gitadora_gf_arena;iidx_lm;sdvx_vm,allnet;eagate
イミグランデ日吉店３,神奈川県横浜市港北区日吉2−2−4,35.5544916,139.6466110,chunithm;ddr;gitadora;iidx;jubeat;maimai_dx;ongeki;popn;sdvx,ddr_gold;gitadora_dm_arena;gitadora_gf_arena;iidx_lm;popn_pikapika;sdvx_vm,allnet;eagate
イミグランデ本厚木店,神奈川県厚木市中町３−２−１,35.4394850,139.3615862,chunithm;ddr;gitadora;iidx;jubeat;ongeki;popn;project_diva;sdvx,iidx_lm;sdvx_vm,allnet;eagate
イミグランデ溝口店２,神奈川県川崎市高津区溝口1-14-7第2カスタムビル,35.6004909,139.6144708,chunithm;gitadora;iidx;jubeat;maimai_dx;ongeki;popn;sdvx,gitadora_dm_arena;gitadora_gf_arena;iidx_lm;sdvx_vm,allnet;eagate
インターパークプラスワン 宇都宮店,宇都宮市インターパーク6-5-1,36.4882211,139.9053211,ddr;drs;gitadora;iidx;jubeat;nostalgia;polaris_chord;popn;sdvx,ddr_gold;gitadora_dm_arena;gitadora_gf_arena;iidx_lm;popn_pikapika;sdvx_vm,eagate
インターワールド伊勢崎店,群馬県伊勢崎市宮子町３４２５−４,36.3315214,139.1625033,chunithm;gitadora;iidx;jubeat;maimai_dx;nostalgia;ongeki;polaris_chord;popn;project_diva;sdvx,gitadora_dm_arena;gitadora_gf_arena;iidx_lm;sdvx_vm,allnet;eagate
イーグルボウル,十和田市東四番町3-39,40.6088200,141.2211200,popn,,eagate
ウェアハウス一橋学園店,東京都小平市学園東町１丁目４番３９号平山ビル３Ｆ,35.7234026,139.4807157,chunithm;iidx;jubeat;maimai_dx;ongeki;project_diva;sdvx,iidx_lm;sdvx_vm,allnet;eagate
ウェアハウス三橋店,埼玉県さいたま市西区三橋６ー９５５ー１,35.9157914,139.5958473,chunithm;gitadora;iidx;jubeat;maimai_dx;nostalgia;ongeki;popn;project_diva;reflec;sdvx,iidx_lm;sdvx_vm,allnet;eagate
ウェアハウス上尾店,埼玉県上尾市二ツ宮１０４４,35.9812984,139.5998607,chunithm;gitadora;iidx;maimai_dx;ongeki;sdvx,iidx_lm;sdvx_vm,allnet;eagate
ウェアハウス保木間店,東京都足立区保木間１ー１ー１９,35.7891796,139.8033169,chunithm;gitadora;iidx;jubeat;maimai_dx;ongeki;popn;sdvx,iidx_lm;sdvx_vm,allnet;eagate
ウェアハウス入谷店,東京都足立区入谷７ー８ー１１,35.8011192,139.7610034,chunithm;ddr;gitadora;iidx;jubeat;maimai_dx;nostalgia;ongeki;popn;reflec;sdvx,iidx_lm;sdvx_vm,allnet;eagate
ウェアハウス四万十店,高知県四万十市右山五月町８−１３アピアさつき２F,32.9871096,132.9392991,chunithm;gitadora;iidx;jubeat;maimai_dx;ongeki;popn;project_diva;sdvx,iidx_lm;sdvx_vm,allnet;eagate
ウェアハウス岩槻店,埼玉県さいたま市岩槻区加倉３ー３ー６３,35.9411790,139.6861123,chunithm;gitadora;iidx;jubeat;maimai_dx;nostalgia;ongeki;reflec;sdvx,iidx_lm;sdvx_vm,allnet;eagate
ウェアハウス草加店別館,埼玉県草加市稲荷２ー３６ー３３,35.8298831,139.8205853,chunithm;ddr;drs;gitadora;iidx;jubeat;maimai_dx;ongeki;project_diva;reflec;sdvx,iidx_lm;sdvx_vm,allnet;eagate
ウェアハウス越谷店,埼玉県越谷市南荻島８４１ー１,35.9119605,139.7637724,chunithm;gitadora;iidx;jubeat;maimai_dx;ongeki;popn;sdvx,iidx_lm;sdvx_vm,allnet;eagate
エースレーン堅田,滋賀県大津市今堅田２−４０−１０,35.1246449,135.9194342,chunithm;gitadora;maimai_dx;ongeki;popn;sdvx,sdvx_vm,allnet;eagate
エースレーン守山,滋賀県守山市播磨田町２３１−４ＡＣＴ守山３番館内,35.0678892,135.9958577,chunithm;iidx;maimai_dx;nostalgia;ongeki;sdvx,iidx_lm;sdvx_vm,allnet;eagate
エースレーン草津,草津市野路3-1-11,34.9996569,135.9463199,ddr;gitadora;iidx;jubeat;popn;sdvx,ddr_gold;gitadora_dm_arena;gitadora_gf_arena;iidx_lm;sdvx_vm,eagate
エースレーン近江八幡店,滋賀県近江八幡市出町７３６アクトビル１Ｆ,35.1318688,136.1023034,chunithm;ddr;gitadora;iidx;jubeat;maimai_dx;ongeki;sdvx,ddr_gold;gitadora_dm_arena;gitadora_gf_arena;iidx_lm;sdvx_vm,allnet;eagate
オリエンタルバッティング可児店,岐阜県可児市今渡６９５−１,35.4295361,137.0390542,chunithm;ddr;gitadora;iidx;maimai_dx;ongeki;sdvx,sdvx_vm,allnet;eagate
オレンジハット沖之郷店,太田市沖之郷町447-3,36.2952560,139.4371920,popn,,eagate
カプコサーカス新潟東店,新潟県新潟市東区大形本町３−１−２　ジャスコシティ新潟東,37.9248691,139.1146199,chunithm;iidx;maimai_dx;ongeki;popn,,allnet;eagate
キッズサーカスシピィ店,福井県越前市新町７−８シピィ２階,35.9043403,136.1521819,chunithm;gitadora;jubeat;maimai_dx,,allnet;eagate
キャッツアイ八千代店,千葉県八千代市緑が丘西２丁目１３番地３　ｉｓｍ緑ヶ丘内,35.7335775,140.0724747,chunithm;gitadora;iidx;maimai_dx;ongeki;popn,,allnet;eagate
キャッツアイ恵庭店,北海道恵庭市住吉町２丁目９−１,42.8759049,141.5835042,chunithm;gitadora;iidx;jubeat;maimai_dx;ongeki;popn,gitadora_dm_arena;gitadora_gf_arena,allnet;eagate
キャッツアイ新川店,北海道札幌市北区新川二条７丁目１ー７,43.1007366,141.3102954,chunithm;gitadora;iidx;jubeat;maimai_dx;ongeki,gitadora_dm_arena;gitadora_gf_arena,allnet;eagate
キャッツアイ新札幌店,北海道札幌市厚別区厚別東五条１ー２−１０,43.0452612,141.4757970,chunithm;ddr;gitadora;iidx;jubeat;maimai_dx;ongeki;polaris_chord;popn;project_diva;reflec;sdvx,gitadora_dm_arena;gitadora_gf_arena;iidx_lm;sdvx_vm,allnet;eagate
キャッツアイ東苗穂店,北海道札幌市東区東苗穂６条２丁目１−２５,43.0923402,141.4069974,chunithm;gitadora;iidx;jubeat;maimai_dx;ongeki,,allnet;eagate
キャッツアイ清田店,北海道札幌市清田区清田１条１−２０−１,43.0029841,141.4363969,chunithm;gitadora;iidx;maimai_dx;ongeki;popn;sdvx,iidx_lm;sdvx_vm,allnet;eagate
キャッツアイ篠路店,北海道札幌市北区篠路１条４丁目６ー３０,43.1406639,141.3572109,chunithm;gitadora;iidx;maimai_dx;ongeki;popn;project_diva,,allnet;eagate
キャロム坂戸店,埼玉県坂戸市関間2-151-1,35.9526038,139.3985338,chunithm;gitadora;iidx;jubeat;maimai_dx;ongeki;popn,,allnet;eagate
キャロム所沢店,埼玉県所沢市下安松969-1,35.7915180,139.5041488,chunithm;gitadora;iidx;maimai_dx;reflec,,allnet;eagate
キャロム青梅店,東京都青梅市千ケ瀬町4-326-1,35.7860653,139.2699665,chunithm;gitadora;iidx;maimai_dx;ongeki;popn,,allnet;eagate
キョーイチアミューズメントパーク吉祥院,京都市南区吉祥院石原長田町1-2,34.9658897,135.7248239,reflec,,eagate
クァトロブーム小杉,射水市三ケ2602,36.7205000,137.0929120,ddr;gitadora;jubeat;sdvx,sdvx_vm,eagate
ゲーム　アルカナ,愛知県稲沢市朝府町２−３３,35.2518633,136.7788012,chunithm;iidx;maimai_dx;ongeki;popn,,allnet;eagate
ゲームえの木,高知市旭町3-104,33.5561172,133.5064153,gitadora;iidx,gitadora_gf_arena;iidx_lm,eagate
ゲームガリバー,千葉県柏市柏１‐１‐１１,35.8616855,139.9711177,chunithm;gitadora;iidx;maimai_dx;nostalgia;polaris_chord;popn;sdvx,iidx_lm;sdvx_vm,allnet;eagate
ゲームキングジョイ,愛知県名古屋市中区栄３‐３‐３２,35.1679815,136.9049511,chunithm;dance_evo;ddr;drs;gitadora;iidx;jubeat;maimai_dx;nostalgia;ongeki;polaris_chord;popn;reflec;sdvx,ddr_gold;gitadora_dm_arena;gitadora_gf_arena;iidx_lm;popn_pikapika;sdvx_vm,allnet;eagate
ゲームコーナー東部,宮城県仙台市若林区六丁の目中町26-60 斎喜東部ビル2F,38.2509985,140.9439369,chunithm;dance_evo;ddr;drs;gitadora;iidx;jubeat;maimai_dx;nostalgia;ongeki;polaris_chord;popn;project_diva;reflec;sdvx,ddr_gold;gitadora_dm_arena;gitadora_gf_arena;iidx_lm;popn_pikapika;sdvx_vm,allnet;eagate
ゲームサファリ大山,東京都板橋区大山東町60-10やすだ大山駅前店2F,35.7490330,139.7022392,chunithm;iidx;jubeat;maimai_dx;nostalgia;ongeki;popn;sdvx,iidx_lm;popn_pikapika;sdvx_vm,allnet;eagate
ゲームシティ川口店,埼玉県川口市栄町1-10-5,35.8025278,139.7256101,chunithm;gitadora;iidx;maimai_dx;nostalgia;ongeki;polaris_chord;popn;sdvx,iidx_lm;popn_pikapika;sdvx_vm,allnet;eagate
ゲームスタジオキューブ高円寺店,東京都杉並区高円寺南4-26-12-B1,35.7049297,139.6495132,chunithm;iidx;ongeki;popn;sdvx,iidx_lm;popn_pikapika;sdvx_vm,allnet;eagate
ゲームスペースA-3,福島県西白河郡西郷村字豊作西15-16-17,37.1245560,140.1826120,chunithm;gitadora;iidx;jubeat;nostalgia;popn;project_diva,iidx_lm,allnet;eagate
ゲームスポットSPEED,周南市久米3219,34.0341851,131.8347616,ddr;gitadora;iidx;sdvx,ddr_gold;gitadora_dm_arena;gitadora_gf_arena;iidx_lm;sdvx_vm,eagate
ゲームスポットアップル,魚津市吉島2-407-1,36.8255737,137.4142933,ddr;iidx;jubeat;nostalgia;popn;sdvx,iidx_lm;popn_pikapika;sdvx_vm,eagate
ゲームセンター　スペース1,福岡県小郡市小郡1466-3,33.3926311,130.5419638,chunithm;jubeat,,allnet;eagate
ゲームセンターテクノポリス,新潟県長岡市要町1-8-50,37.4249811,138.8377295,chunithm;iidx;nostalgia;popn;sdvx,iidx_lm;popn_pikapika;sdvx_vm,allnet;eagate
ゲームゾーントレジャー北町店,山形市北町2-2-45山形ファミリーボウル内,38.2687380,140.3293290,gitadora;iidx;jubeat;nostalgia;popn;sdvx,iidx_lm;sdvx_vm,eagate
ゲームゾーン岡谷店,長野県岡谷市中央町２−２−１イルプラザ１Ｆ,36.0600624,138.0486341,chunithm;ddr;jubeat;maimai_dx;popn;project_diva;reflec,,allnet;eagate
ゲームパドック プラスワン,古河市小堤1916-1,36.2067047,139.7580433,gitadora;iidx;jubeat;nostalgia;popn;sdvx,gitadora_dm_arena;iidx_lm;popn_pikapika;sdvx_vm,eagate
ゲームパニックつくば,茨城県土浦市中村東1-1-1サンタスワールド内,36.0463834,140.1682228,chunithm;ddr;drs;gitadora;iidx;jubeat;maimai_dx;nostalgia;ongeki;polaris_chord;popn;project_diva;sdvx,ddr_gold;gitadora_dm_arena;gitadora_gf_arena;iidx_lm;popn_pikapika;sdvx_vm,allnet;eagate
ゲームパニック三郷,埼玉県三郷市ピアラシティ1-1-200,35.8421860,139.8548677,chunithm;ddr;gitadora;iidx;maimai_dx;ongeki;polaris_chord;popn;sdvx,ddr_gold;gitadora_dm_arena;gitadora_gf_arena;iidx_lm;popn_pikapika;sdvx_vm,allnet;eagate
ゲームパニック大須,愛知県名古屋市中区大須3-30-93　メガタウンB1F,35.1600309,136.9053767,chunithm;ddr;gitadora;iidx;maimai_dx;nostalgia;ongeki;polaris_chord;popn;sdvx,ddr_gold;gitadora_dm_arena;gitadora_gf_arena;iidx_lm;popn_pikapika;sdvx_vm,allnet;eagate
ゲームパニック大高,愛知県名古屋市緑区忠治山２０１番地,35.0485212,136.9497129,chunithm;ddr;gitadora;iidx;jubeat;maimai_dx;nostalgia;ongeki;polaris_chord;popn;project_diva;sdvx,ddr_gold;gitadora_dm_arena;gitadora_gf_arena;iidx_lm;popn_pikapika;sdvx_vm,allnet;eagate
ゲームパニック新宿歌舞伎町,東京都新宿区歌舞伎町1-20-1 ﾋｭｰﾏｯｸｽﾊﾟﾋﾞﾘｵﾝ1階2階,35.6958088,139.7015128,chunithm;ddr;drs;gitadora;iidx;maimai_dx;nostalgia;ongeki;other;polaris_chord;popn;project_diva;sdvx;taiko,ddr_gold;gitadora_dm_arena;gitadora_gf_arena;iidx_lm;popn_pikapika;sdvx_vm,allnet;eagate;ziv
ゲームパニック甲府,山梨県甲府市国母5-20-24,35.6420402,138.5473613,chunithm;ddr;gitadora;iidx;jubeat;maimai_dx;ongeki;polaris_chord;popn;sdvx,ddr_gold;gitadora_dm_arena;gitadora_gf_arena;iidx_lm;popn_pikapika;sdvx_vm,allnet;eagate
ゲームパニック秋葉原,東京都千代田区外神田1-13-1　Akihabara ex,35.6988516,139.7716001,chunithm;ddr;gitadora;iidx;maimai_dx;ongeki;polaris_chord;popn;sdvx,ddr_gold;gitadora_dm_arena;gitadora_gf_arena;iidx_lm;popn_pikapika;sdvx_vm,allnet;eagate
ゲームファクトリーマグマ草加店,埼玉県草加市氷川町2125-1,35.8282375,139.8025135,chunithm;gitadora;iidx;maimai_dx;ongeki;popn;sdvx,iidx_lm;popn_pikapika;sdvx_vm,allnet;eagate
ゲームファンタジアン柳津店,岐阜市柳津町上佐波西3-68,35.3759683,136.7145391,gitadora;iidx;popn;sdvx,gitadora_dm_arena;gitadora_gf_arena;iidx_lm;sdvx_vm,eagate
ゲームプラザセントラル八王子店,東京都八王子市東町12-15第5セントラル,35.6580006,139.3381762,chunithm;iidx;maimai_dx;popn;sdvx,iidx_lm;popn_pikapika;sdvx_vm,allnet;eagate
ゲームプラザセントラル浦安店,千葉県浦安市北栄1-16-15,35.6651795,139.8933456,chunithm;iidx;maimai_dx;ongeki;polaris_chord;popn;sdvx,iidx_lm;popn_pikapika;sdvx_vm,allnet;eagate
ゲームメガつくば店,茨城県つくば市小野崎１７７−２,36.0768508,140.1047378,chunithm;gitadora;iidx;jubeat;maimai_dx;ongeki;popn;sdvx,iidx_lm;sdvx_vm,allnet;eagate
ゲームメガ日立店,茨城県日立市東多賀町５−１０−１０,36.5482340,140.6305081,chunithm;ddr;gitadora;iidx;jubeat;maimai_dx;nostalgia;ongeki;polaris_chord;popn;project_diva;sdvx,ddr_gold;gitadora_dm_arena;gitadora_gf_arena;iidx_lm;sdvx_vm,allnet;eagate
ゲームメガ水戸けやき台店,茨城県水戸市酒門町３２７６−１,36.3379624,140.4832287,chunithm;gitadora;iidx;jubeat;maimai_dx;nostalgia;ongeki;popn;project_diva;sdvx,iidx_lm;sdvx_vm,allnet;eagate
ゲームワンダーランド2東店,伊勢崎市東小保方町3464-1,36.3285600,139.2472670,gitadora;iidx;jubeat;popn;sdvx,iidx_lm;sdvx_vm,eagate
ゲームＷ,東京都豊島区南長崎5-27-6,35.7292370,139.6828715,chunithm;iidx;jubeat;maimai_dx;nostalgia;polaris_chord;sdvx,sdvx_vm,allnet;eagate
コミ丸アリババ大垣店,岐阜県大垣市池尻町９４０−１,35.3840722,136.5956108,chunithm;ddr;gitadora;iidx;jubeat;maimai_dx;ongeki;polaris_chord;popn,ddr_gold;gitadora_dm_arena;gitadora_gf_arena;iidx_lm;popn_pikapika,allnet;eagate
コムテックスクウェア,愛知県名古屋市中区金山1-16-8,35.1439706,136.8999023,chunithm;ddr;gitadora;iidx;jubeat;maimai_dx;nostalgia;ongeki;polaris_chord;popn;project_diva;reflec;sdvx,ddr_gold;gitadora_dm_arena;gitadora_gf_arena;iidx_lm;popn_pikapika;sdvx_vm,allnet;eagate
コムテックタワー,愛知県名古屋市中村区名駅４−１０−２０,35.1694446,136.8859667,chunithm;ddr;gitadora;iidx;maimai_dx;ongeki;polaris_chord;popn;sdvx,ddr_gold;gitadora_dm_arena;gitadora_gf_arena;iidx_lm;sdvx_vm,allnet;eagate
サンシャイン,岩手県盛岡市大通２ー７ー２１ジュリアンビル１階,39.7031919,141.1454343,chunithm;iidx;maimai_dx;ongeki;popn,,allnet;eagate
サープラ山口あそびタウン,山口県山口市湯田温泉６ー８ー３,34.1646973,131.4517994,chunithm;drs;gitadora;iidx;maimai_dx;ongeki;sdvx,iidx_lm;sdvx_vm,allnet;eagate
サープラ沼津あそびタウン,沼津市大手町1-1-5,35.1026645,138.8598883,ddr;drs;gitadora;iidx;popn;sdvx,ddr_gold;iidx_lm;sdvx_vm,eagate
サープラＯＺ浜松あそびタウン,静岡県浜松市中央区宮竹町３２２−１,34.7222912,137.7654904,ddr;gitadora;iidx;maimai_dx;ongeki;sdvx,ddr_gold;iidx_lm;sdvx_vm,allnet;eagate
ザ・インドアゲーム,大阪府大阪市旭区中宮5-6-19大阪工大正門前,34.7295402,135.5440250,chunithm;ddr;iidx;jubeat;maimai_dx;nostalgia;ongeki;polaris_chord;popn;project_diva;sdvx,ddr_gold;iidx_lm;sdvx_vm,allnet;eagate
シルクハット伊勢佐木町,神奈川県横浜市中区伊勢佐木町３—９６日活会館３階,35.4426850,139.6300831,chunithm;iidx;maimai_dx;ongeki;popn;sdvx,iidx_lm;popn_pikapika;sdvx_vm,allnet;eagate
シルクハット八王子,東京都八王子市旭町２−５　八王子ツインタワービル３階,35.6564021,139.3384065,chunithm;ddr;gitadora;iidx;jubeat;maimai_dx;nostalgia;ongeki;polaris_chord;popn;sdvx,ddr_gold;gitadora_dm_arena;gitadora_gf_arena;iidx_lm;popn_pikapika;sdvx_vm,allnet;eagate
シルクハット大船,神奈川県鎌倉市大船１−２４　大船駅前ビル１〜３Ｆ,35.3532239,139.5325263,chunithm;iidx;maimai_dx;ongeki;polaris_chord;popn;sdvx,iidx_lm;popn_pikapika;sdvx_vm,allnet;eagate
シルクハット川口,埼玉県川口市栄町３−１−１６イート川口ビル４Ｆ,35.8030675,139.7174452,chunithm;iidx;maimai_dx;ongeki;popn;sdvx,iidx_lm;popn_pikapika;sdvx_vm,allnet;eagate
シルクハット川崎ダイス,神奈川県川崎市川崎区駅前本町８番地ダイスビル地下２階,35.5314724,139.7003541,chunithm;ddr;gitadora;iidx;jubeat;maimai_dx;nostalgia;ongeki;polaris_chord;popn;sdvx,ddr_gold;gitadora_dm_arena;gitadora_gf_arena;iidx_lm;popn_pikapika;sdvx_vm,allnet;eagate
シルクハット本厚木,神奈川県厚木市中町３−４−２２第二会田ビル２階,35.4400309,139.3630066,chunithm;gitadora;iidx;maimai_dx;ongeki;polaris_chord;popn;sdvx,iidx_lm;popn_pikapika;sdvx_vm,allnet;eagate
シルクハット津田沼,千葉県習志野市津田沼１−２−１十三ビル地下１階,35.6903923,140.0222009,chunithm;iidx;maimai_dx;ongeki;polaris_chord;popn;sdvx,iidx_lm;popn_pikapika;sdvx_vm,allnet;eagate
シルクハット秋葉原,東京都千代田区外神田１丁目１０番地９号,35.6987160,139.7710022,chunithm;ddr;gitadora;iidx;maimai_dx;ongeki;popn;sdvx,ddr_gold;gitadora_dm_arena;gitadora_gf_arena;iidx_lm;popn_pikapika;sdvx_vm,allnet;eagate
シルクハット蒲田西口,東京都大田区西蒲田７−２−３第二醍醐ビル地下１階〜２階,35.5630730,139.7159650,chunithm;ddr;gitadora;iidx;maimai_dx;ongeki;popn;sdvx,ddr_gold;gitadora_dm_arena;gitadora_gf_arena;iidx_lm;popn_pikapika;sdvx_vm,allnet;eagate
シーサイドリゾート,宇都宮市睦町7-3,36.5632765,139.8604649,gitadora;iidx;jubeat;polaris_chord;popn;sdvx,iidx_lm;popn_pikapika;sdvx_vm,eagate
ジョイジャングル石垣,沖縄県石垣市真栄里２３９−１８,24.3351754,124.1796341,chunithm;iidx;jubeat,,allnet;eagate
ジョイジャングル美浜,沖縄県中頭郡北谷町美浜１５−６８,26.3172082,127.7571399,chunithm;gitadora;iidx;jubeat,,allnet;eagate
ジョイランド敦賀店,敦賀市木崎40-土三田12USAアリーナ内,35.6447376,136.0430148,gitadora;iidx;sdvx,iidx_lm;sdvx_vm,eagate
スクウェアワンサイスポ店,埼玉県所沢市南永井1116,35.8236537,139.5314124,chunithm;gitadora;iidx;jubeat;nostalgia,,allnet;eagate
スタジオプリモ本八幡店,千葉県市川市八幡２−１５−１０パティオ５階,35.7213241,139.9275016,chunithm;iidx;jubeat;maimai_dx;nostalgia;ongeki;project_diva;sdvx,iidx_lm;sdvx_vm,allnet;eagate
スポラ九品寺,熊本県熊本市中央区九品寺5丁目10-15,32.7904656,130.7148881,chunithm;drs;gitadora;iidx;jubeat;ongeki;popn,iidx_lm,allnet;eagate
スポラ菊陽,熊本県菊池郡菊陽町津久礼駄飼代２６１７−２,32.8644516,130.8090616,chunithm;drs;gitadora;iidx;jubeat;maimai_dx;ongeki,,allnet;eagate
スポーツウェーブ鉄腕24,千葉県千葉市中央区浜野町1025-59,35.5541062,140.1260538,chunithm;ddr;gitadora;iidx;maimai_dx;ongeki;popn;sdvx,ddr_gold;gitadora_dm_arena;gitadora_gf_arena;iidx_lm;popn_pikapika;sdvx_vm,allnet;eagate
スポーツウェーブ鉄腕24稲毛長沼店,千葉県千葉市稲毛区長沼原町697番地,35.6620233,140.1265534,chunithm;ddr;iidx;jubeat;maimai_dx;nostalgia;popn;sdvx,ddr_gold;iidx_lm;popn_pikapika;sdvx_vm,allnet;eagate
スーパーヒーロー倉吉,倉吉市見日町633,35.4383329,133.8393183,ddr;gitadora;iidx;jubeat;popn,ddr_gold;gitadora_dm_arena;gitadora_gf_arena;iidx_lm,eagate
ソユーエンターテイメントスタジオ須賀川店,須賀川市古河105イオンタウン須賀川B棟内,37.2982734,140.3853001,gitadora;iidx;jubeat;reflec,iidx_lm,eagate
ソユーゲームフィールド堺鉄砲町店,堺市堺区鉄砲町1イオンモール堺鉄砲町3F,34.5943108,135.4791565,jubeat,,eagate
ソユーゲームフィールド御所野店,秋田市御所野地蔵田1-1-1イオンモール秋田2F,39.6633375,140.1609952,polaris_chord;popn,popn_pikapika,eagate
ソユーゲームフィールド旭川西店,旭川市緑町23-2161-3イオンモール旭川西3F,43.7942983,142.3255915,popn,,eagate
ソユーゲームフィールド菖蒲店,久喜市菖蒲町菖蒲6005-1モラージュ菖蒲3F,36.0751407,139.6116324,polaris_chord;popn,popn_pikapika,eagate
ソユーゲームフィールド長野店,長野県長野市三輪９−４３−２４イオンタウン長野三輪店,36.6695676,138.2072749,chunithm;jubeat;maimai_dx;ongeki,,allnet;eagate
ソユースペースファンタジーインフィニ,青森県弘前市城東北３−１０−１さくら野百貨店弘前店４Ｆ,40.6066860,140.4958836,chunithm;iidx;jubeat;maimai_dx;ongeki;polaris_chord;popn;reflec,iidx_lm,allnet;eagate
ソユートイズニューヨーク守谷店,守谷市百合ケ丘3-249-1イオンタウン守谷2F,35.9448689,139.9912010,jubeat;polaris_chord;reflec,,eagate
ソユーファミリーゲームフィールド花巻店,岩手県花巻市高木第１６地割６８−６　銀河モール１Ｆ,39.3864097,141.1359548,chunithm;gitadora;iidx;jubeat;maimai_dx;ongeki;popn;reflec,iidx_lm,allnet;eagate
タイトーFステーションおやまゆうえん店,小山市喜沢1475-52ハーヴェストウォーク内,36.3346780,139.8077850,gitadora;iidx;popn,,eagate
タイトーFステーションイオン近江八幡店,近江八幡市鷹飼町190-9イオン近江八幡2番街 1F,35.1204734,136.1037493,ddr;gitadora;iidx;popn;sdvx,iidx_lm;sdvx_vm,eagate
タイトーFステーション南紀,新宮市佐野3-11-19スーパーセンターオオクワ1F,33.6721299,135.9704993,gitadora;popn,,eagate
タイトーFステーション向ヶ丘遊園店,神奈川県川崎市多摩区登戸2718-1,35.6164678,139.5650747,chunithm;gitadora;iidx;maimai_dx;ongeki;polaris_chord;popn;sdvx,gitadora_dm_arena;gitadora_gf_arena;iidx_lm;popn_pikapika;sdvx_vm,allnet;eagate
タイトーFステーション郡山アティ店,郡山市駅前1-16-7郡山アティ7F,37.3969187,140.3875023,museca,,eagate
タイトーステーション 上野アメ横店,東京都台東区上野４−１０−１７,35.7105338,139.7744242,chunithm;ddr;gitadora;iidx;maimai_dx,gitadora_dm_arena;gitadora_gf_arena;iidx_lm,allnet;eagate
タイトーステーション 仙台クリスロード店,宮城県仙台市青葉区中央２−３−２５,38.2610006,140.8756067,chunithm;ddr;drs;gitadora;iidx;jubeat;maimai_dx;nostalgia;ongeki;polaris_chord;popn;project_diva;sdvx,ddr_gold;gitadora_dm_arena;gitadora_gf_arena;iidx_lm;popn_pikapika;sdvx_vm,allnet;eagate
タイトーステーション 千歳店,北海道千歳市北栄２−１２−５,42.8333942,141.6450539,chunithm;iidx;maimai_dx;ongeki;polaris_chord;popn;project_diva;sdvx,sdvx_vm,allnet;eagate
タイトーステーション 和光店,埼玉県和光市丸山台１−４−５,35.7866435,139.6138036,chunithm;ddr;gitadora;iidx;jubeat;nostalgia;popn;project_diva,,allnet;eagate
タイトーステーション 大宮店,埼玉県さいたま市大宮区大門町１−１,35.9074467,139.6255974,chunithm;ddr;gitadora;iidx;jubeat;maimai_dx;nostalgia;ongeki;polaris_chord;popn;project_diva;reflec;sdvx,ddr_gold;gitadora_dm_arena;gitadora_gf_arena;iidx_lm;popn_pikapika;sdvx_vm,allnet;eagate
タイトーステーション 小田原店,神奈川県小田原市栄町１−３−１２,35.2549374,139.1561373,chunithm;gitadora;iidx;maimai_dx;nostalgia;ongeki;polaris_chord;popn;project_diva,popn_pikapika,allnet;eagate
タイトーステーション 所沢店,埼玉県所沢市日吉町３−７,35.7880928,139.4723684,chunithm;ddr;gitadora;iidx;jubeat;maimai_dx;ongeki;popn;sdvx,iidx_lm;popn_pikapika;sdvx_vm,allnet;eagate
タイトーステーション 柏店,千葉県柏市柏２−３−１フーサワビル,35.8613823,139.9727044,chunithm;ddr;gitadora;iidx;maimai_dx;ongeki;popn;project_diva;sdvx,gitadora_dm_arena;gitadora_gf_arena;iidx_lm;popn_pikapika;sdvx_vm,allnet;eagate
タイトーステーション 池袋西口店,東京都豊島区西池袋１−１５−９第一西池ビル,35.7305503,139.7097415,chunithm;ddr;drs;gitadora;iidx;jubeat;maimai_dx;nostalgia;ongeki;other;polaris_chord;popn;sdvx,gitadora_dm_arena;gitadora_gf_arena;iidx_lm;popn_pikapika;sdvx_vm,allnet;eagate;ziv
タイトーステーション 渋谷店,東京都渋谷区渋谷１−２４−１２渋谷東映プラザ,35.6598520,139.7019928,chunithm;ddr;gitadora;iidx;maimai_dx;popn;sdvx,ddr_gold;gitadora_dm_arena;gitadora_gf_arena;iidx_lm;popn_pikapika;sdvx_vm,allnet;eagate
タイトーステーション 町田店,東京都町田市原町田６−２１−２３　松山ビル１階,35.5427132,139.4484861,chunithm;ddr;drs;gitadora;iidx;jubeat;maimai_dx;ongeki;polaris_chord;popn;sdvx,ddr_gold;gitadora_dm_arena;gitadora_gf_arena;iidx_lm;popn_pikapika;sdvx_vm,allnet;eagate
タイトーステーション 盛岡マッハランド店,岩手県盛岡市上堂１−２−３８マッハランド内,39.7231654,141.1264518,chunithm;gitadora;iidx;maimai_dx;popn;sdvx,iidx_lm;sdvx_vm,allnet;eagate
タイトーステーション 秋葉原店,東京都千代田区外神田４−２−２貴三ビル,35.7002219,139.7717179,chunithm;ddr;drs;gitadora;iidx;jubeat;maimai_dx;ongeki;polaris_chord;popn;sdvx,ddr_gold;gitadora_dm_arena;gitadora_gf_arena;iidx_lm;popn_pikapika;sdvx_vm,allnet;eagate
タイトーステーション 船橋店,千葉県船橋市本町１−６−１,35.6998912,139.9859705,chunithm;gitadora;iidx;maimai_dx;nostalgia;ongeki;popn,iidx_lm;popn_pikapika,allnet;eagate
タイトーステーション 藤沢店,神奈川県藤沢市南藤沢２１−１,35.3372817,139.4873362,chunithm;ddr;iidx;maimai_dx;ongeki;popn,iidx_lm;popn_pikapika,allnet;eagate
タイトーステーション 金沢店,石川県金沢市片町２−１−７宇都宮片町ビル,36.5613365,136.6529997,chunithm;ddr;gitadora;iidx;jubeat;maimai_dx;nostalgia;popn,,allnet;eagate
タイトーステーションイオンタウン水戸南店,東茨城郡茨城町長岡3480-101イオンタウン水戸南ショッピングC,36.3109170,140.4422070,iidx;popn,,eagate
タイトーステーションイオンモール釧路昭和,釧路市昭和中央4-18-1イオンモール釧路昭和2F,43.0270250,144.3602010,ddr;iidx;jubeat,,eagate
タイトーステーションパールシティ稲沢店,稲沢市井之口大坪町80-1パールシティ稲沢2F,35.2374440,136.8193550,gitadora,,eagate
タイトーステーションフェドラ大須店,愛知県名古屋市中区大須３−３０−３１,35.1594771,136.9054347,chunithm;dance_evo;ddr;drs;gitadora;iidx;jubeat;maimai_dx;museca;nostalgia;ongeki;polaris_chord;popn;project_diva;reflec;sdvx,ddr_gold;gitadora_dm_arena;gitadora_gf_arena;iidx_lm;popn_pikapika;sdvx_vm,allnet;eagate
タイトーステーション仙台名掛丁店,宮城県仙台市青葉区中央１−７−１３,38.2619434,140.8792076,chunithm;gitadora;iidx;jubeat;maimai_dx;ongeki;polaris_chord;popn,gitadora_dm_arena;gitadora_gf_arena;popn_pikapika,allnet;eagate
タイトーステーション国分寺店,東京都国分寺市本町３−５−１１,35.7018475,139.4798890,chunithm;ddr;iidx;maimai_dx;ongeki;popn;sdvx,iidx_lm;popn_pikapika;sdvx_vm,allnet;eagate
タイトーステーション大阪日本橋店,大阪府大阪市浪速区日本橋４−９−１４,34.6603931,135.5061456,chunithm;ddr;drs;gitadora;iidx;jubeat;maimai_dx;nostalgia;ongeki;polaris_chord;popn;sdvx,gitadora_dm_arena;gitadora_gf_arena;iidx_lm;popn_pikapika;sdvx_vm,allnet;eagate
タイトーステーション広島本通店,広島県広島市中区本通３−５せらかぐ本通ビル,34.3927984,132.4603900,chunithm;ddr;gitadora;iidx;jubeat;maimai_dx;nostalgia;popn,gitadora_dm_arena;gitadora_gf_arena,allnet;eagate
タイトーステーション広島紙屋町店,広島県広島市中区紙屋町２−２−２１,34.3940539,132.4560508,chunithm;gitadora;iidx;jubeat;maimai_dx;nostalgia;ongeki;polaris_chord;popn;reflec,gitadora_dm_arena;gitadora_gf_arena;iidx_lm;popn_pikapika,allnet;eagate
タイトーステーション戸塚西口店,神奈川県横浜市戸塚区戸塚町４０２３,35.3995319,139.5318297,chunithm;gitadora;iidx;maimai_dx;ongeki;popn,gitadora_dm_arena;gitadora_gf_arena;iidx_lm;popn_pikapika,allnet;eagate
タイトーステーション新宿東口店,東京都新宿区新宿３−２２−７　指田ビル,35.6932802,139.7015308,chunithm;ddr;iidx;jubeat;maimai_dx;ongeki;other;popn;sdvx,iidx_lm;sdvx_vm,allnet;eagate;ziv
タイトーステーション新宿歌舞伎町店,東京都新宿区歌舞伎町１の２３の１,35.6940294,139.7008896,chunithm;maimai_dx;nostalgia;ongeki;polaris_chord;popn;sdvx,popn_pikapika;sdvx_vm,allnet;eagate
タイトーステーション新浜松ザザシティ店,静岡県浜松市中央区鍛冶町１５サザンシティ西館２Ｆ,34.7049378,137.7293310,chunithm;iidx;jubeat;maimai_dx;nostalgia;ongeki;popn,,allnet;eagate
タイトーステーション札幌狸小路２丁目店,北海道札幌市中央区南３条西２丁目−１４,43.0573356,141.3554530,chunithm;iidx;maimai_dx;ongeki;polaris_chord;popn;sdvx,iidx_lm;popn_pikapika;sdvx_vm,allnet;eagate
タイトーステーション横浜西口五番街店,神奈川県横浜市西区南幸１−１２ー９,35.4646858,139.6195818,chunithm;gitadora;iidx;maimai_dx;nostalgia;ongeki;polaris_chord;popn;sdvx,gitadora_dm_arena;gitadora_gf_arena;iidx_lm;popn_pikapika;sdvx_vm,allnet;eagate
タイトーステーション池袋ロサ店,豊島区西池袋1-37-12ロサ会館1F,35.7324830,139.7093050,chunithm;gitadora;iidx;other;polaris_chord;popn;reflec;sdvx;taiko,,eagate;ziv
タイトーステーション海老名ビナウォーク店,神奈川県海老名市中央１−１８−１　ビナウォーク６番館２Ｆ,35.4527589,139.3956832,chunithm;ddr;gitadora;iidx;jubeat;maimai_dx;nostalgia;ongeki;polaris_chord;popn;sdvx,ddr_gold;gitadora_dm_arena;gitadora_gf_arena;iidx_lm;popn_pikapika;sdvx_vm,allnet;eagate
タイトーステーション溝の口,神奈川県川崎市高津区溝口１−１１−８ＯＫＫＡ６３４ビル３階,35.6002204,139.6124232,chunithm;ddr;gitadora;iidx;jubeat;maimai_dx;nostalgia;ongeki;polaris_chord;popn;project_diva;sdvx,ddr_gold;gitadora_dm_arena;gitadora_gf_arena;iidx_lm;popn_pikapika;sdvx_vm,allnet;eagate
タイトーステーション福岡天神店,福岡県福岡市中央区天神２−６−３５サザンクロスビル,33.5896519,130.3973464,chunithm;iidx;maimai_dx;ongeki;polaris_chord;popn;sdvx,iidx_lm;popn_pikapika;sdvx_vm,allnet;eagate
タイトーステーション立川北口店,東京都立川市曙町２−４−５クリサス立川２・３Ｆ,35.6991102,139.4120958,chunithm;ddr;drs;gitadora;iidx;jubeat;maimai_dx;nostalgia;ongeki;polaris_chord;popn;project_diva;sdvx,ddr_gold;gitadora_dm_arena;gitadora_gf_arena;iidx_lm;popn_pikapika;sdvx_vm,allnet;eagate
タイトーステーション豊田ＧＡＺＡ,愛知県豊田市喜多町１−１４０ＧＡＺＡ３階,35.0880302,137.1572653,chunithm;ddr;iidx;maimai_dx;ongeki;popn,iidx_lm,allnet;eagate
タイトーステーション青森アムゼ店,青森市緑3-9-2アムゼ内,40.8079137,140.7533047,popn,,eagate
タイトー小田原シティーモール店,神奈川県小田原市前川１２０　フレスポ小田原シティーモール２Ｆ,35.2810794,139.1943117,chunithm;gitadora;iidx;jubeat;popn,popn_pikapika,allnet;eagate
タイトー新宿南口ゲームワールド店,東京都新宿区新宿３−３５−８,35.6898660,139.7022542,chunithm;ddr;gitadora;iidx;jubeat;maimai_dx;nostalgia;ongeki;other;polaris_chord;popn;sdvx;taiko,ddr_gold;gitadora_dm_arena;gitadora_gf_arena;iidx_lm;popn_pikapika;sdvx_vm,allnet;eagate;ziv
タイトーＢＩＧＢＯＸ高田馬場店,東京都新宿区高田馬場１−３５−３　ＢＩＧＢＯＸ６Ｆ,35.7129463,139.7042567,chunithm;dance_evo;ddr;drs;gitadora;iidx;jubeat;maimai_dx;ongeki;other;polaris_chord;popn;sdvx;taiko,gitadora_dm_arena;gitadora_gf_arena;iidx_lm;popn_pikapika;sdvx_vm,allnet;eagate;ziv
タイトーＦステーションオリナス錦糸町店,東京都墨田区太平４ー１ー２　オリナスモール地下１Ｆ,35.7003101,139.8152653,chunithm;ddr;gitadora;iidx;jubeat;maimai_dx;nostalgia;ongeki;polaris_chord;popn;sdvx,ddr_gold;gitadora_dm_arena;gitadora_gf_arena;iidx_lm;popn_pikapika;sdvx_vm,allnet;eagate
タイトーＦステーションクレアモール川越店,埼玉県川越市新富町２−１−１３,35.9138263,139.4829221,chunithm;gitadora;iidx;ongeki;popn;sdvx,gitadora_dm_arena;gitadora_gf_arena;iidx_lm;popn_pikapika;sdvx_vm,allnet;eagate
タイトーＦステーションセントポルタ大分店,大分県大分市中央町２−１−１,33.2354219,131.6063391,chunithm;gitadora;iidx;maimai_dx;nostalgia;ongeki;popn;sdvx,iidx_lm;sdvx_vm,allnet;eagate
タイトーＦステーションニシムタ出水店,鹿児島県出水市六月田町３４７番地,32.1052481,130.3454411,chunithm;iidx;maimai_dx;nostalgia;ongeki;popn;project_diva;sdvx,iidx_lm;sdvx_vm,allnet;eagate
タイトーＦステーション上越店,新潟県上越市富岡３５２４ Ｊーｍａｘシアター内１Ｆ,37.1481920,138.2590468,ddr;gitadora;iidx;nostalgia;polaris_chord;project_diva;sdvx,ddr_gold;iidx_lm;sdvx_vm,allnet;eagate
タイトーＦステーション今治ワールドプラザ,愛媛県今治市東村１の１４の２今治ワールドプラザ内,34.0426810,133.0278780,chunithm;maimai_dx;popn,popn_pikapika,allnet;eagate
タイトーＦステーション八戸店,青森県八戸市三日町２７,40.5093072,141.4905810,chunithm;gitadora;iidx;maimai_dx;ongeki;popn,,allnet;eagate
タイトーＦステーション市川妙典店,千葉県市川市妙典４ー１ー１ イオン市川妙典店２番街２Ｆ,35.6925377,139.9266786,ddr;gitadora;iidx;nostalgia;polaris_chord;popn;project_diva;sdvx,ddr_gold;gitadora_dm_arena;gitadora_gf_arena;iidx_lm;popn_pikapika;sdvx_vm,allnet;eagate
タイトーＦステーション静岡,静岡県静岡市葵区呉服町２−５−４　ふしみや第２ビル,34.9744541,138.3832431,chunithm;gitadora;iidx;maimai_dx;ongeki;popn;sdvx,gitadora_dm_arena;gitadora_gf_arena;iidx_lm;popn_pikapika;sdvx_vm,allnet;eagate
タカラ島 亀岡店,亀岡市篠町野条上又11-1アルプラザ亀岡店3F,35.0013970,135.6029062,gitadora;jubeat;popn,,eagate
タロフォフォ,兵庫県西宮市田中町５−２１,34.7366936,135.3365065,gitadora;iidx;jubeat;popn;project_diva,,allnet;eagate
ダイナソアエイジ,愛知県大府市東新町三丁目８８番地,35.0310080,136.9562745,chunithm;maimai_dx;popn,,allnet;eagate
チャリオット五井店,千葉県市原市五井中央西２−１−２,35.5136111,140.0898121,chunithm;gitadora;iidx;maimai_dx;ongeki;popn;project_diva;sdvx,gitadora_dm_arena;gitadora_gf_arena;iidx_lm;sdvx_vm,allnet;eagate
チャリオット辰巳店,千葉県市原市市原500-1,35.5249124,140.1219330,chunithm;gitadora;popn,,allnet;eagate
テクノワールド,岩手県奥州市江刺愛宕字梁川１２７−１,39.1792419,141.1621682,chunithm;ddr;gitadora;iidx;jubeat;maimai_dx;nostalgia;ongeki;polaris_chord;popn;project_diva;sdvx,ddr_gold;iidx_lm;popn_pikapika;sdvx_vm,allnet;eagate
トップラン岩岡,兵庫県神戸市西区岩岡町古郷１４７４−１,34.7176826,134.9289029,chunithm;maimai_dx;ongeki;project_diva;reflec;sdvx,sdvx_vm,allnet;eagate
トップラン東大阪,大阪府東大阪市東鴻池町１−６−３０イオンタウン東大阪店２Ｆ,34.6938172,135.6175909,chunithm;maimai_dx;ongeki;popn;project_diva;reflec,,allnet;eagate
トムソーヤのなかまたち鷹巣店,北秋田市栄字中綱31-1イオンタウン鷹巣店,40.2298090,140.3847140,gitadora;popn,,eagate
トム・ソーヤのなかまたち湯沢店,秋田県湯沢市字上萩生田162イオンスーパーセンター湯沢店内,39.1504850,140.4694260,chunithm;gitadora;nostalgia;popn;project_diva,,allnet;eagate
トヤマレジャーランド呉羽店,富山県富山市高木字貝塚2054,36.7154246,137.1579952,chunithm;ddr;gitadora;iidx;maimai_dx;ongeki;popn;sdvx,ddr_gold;gitadora_dm_arena;gitadora_gf_arena;iidx_lm;popn_pikapika;sdvx_vm,allnet;eagate
トライセン中津店,大分県中津市下池永６７−３,33.5896776,131.2110360,chunithm;gitadora;iidx;jubeat;maimai_dx;ongeki;popn;sdvx,gitadora_dm_arena;gitadora_gf_arena;iidx_lm;sdvx_vm,allnet;eagate
トライセン萩原,大分県大分市萩原４−２２７−７,33.2491774,131.6436745,chunithm;gitadora;iidx;jubeat;maimai_dx;ongeki;popn;reflec,gitadora_dm_arena;gitadora_gf_arena;iidx_lm,allnet;eagate
ドライブイン古城,倉敷市福田町福田2111-1,34.5513949,133.7675318,gitadora;iidx;nostalgia,,eagate
ドリームキャンディ,三重県伊賀市小田町７１１−１,34.7752694,136.1227939,chunithm;gitadora;iidx;maimai_dx;nostalgia;ongeki;reflec;sdvx,iidx_lm;sdvx_vm,allnet;eagate
バイパスレジャーランド加賀店,石川県加賀市箱宮町ヲ1-1,36.3251944,136.4113866,chunithm;ddr;iidx;jubeat;maimai_dx;nostalgia;popn;sdvx,ddr_gold;iidx_lm;popn_pikapika;sdvx_vm,allnet;eagate
バイパスレジャーランド御経塚店,石川県野々市市御経塚4丁目46,36.5479275,136.6012300,chunithm;iidx;popn;sdvx,iidx_lm;popn_pikapika;sdvx_vm,allnet;eagate
バイパスレジャーランド藤江新館,石川県金沢市藤江南2-105,36.5837815,136.6206855,chunithm;ddr;gitadora;iidx;jubeat;maimai_dx;nostalgia;ongeki;polaris_chord;popn;sdvx,ddr_gold;gitadora_dm_arena;gitadora_gf_arena;iidx_lm;popn_pikapika;sdvx_vm,allnet;eagate
バンダイナムコＣｒｏｓｓＳｔｏｒｅ京都,京都市南区西九条鳥居口町イオンＭ京都ＳＡＫＵＲＡ館４階,34.9828149,135.7546262,chunithm;maimai_dx;ongeki;popn,popn_pikapika,allnet;eagate
パスカランド博多店,福岡市東区東浜1-1-1ゆめタウン博多店2F,33.6112900,130.4114600,popn,popn_pikapika,eagate
パスカランド福重店,福岡県福岡市西区拾六町１丁目７番１号ＭＥＧＡドンキ福重店３Ｆ,33.5672500,130.3148720,chunithm;iidx;maimai_dx;ongeki;popn;sdvx,iidx_lm;popn_pikapika;sdvx_vm,allnet;eagate
パスカランド鳥栖,佐賀県鳥栖市本鳥栖町５３７−１フレスポ鳥栖店２階,33.3758911,130.5168476,chunithm;maimai_dx;ongeki;popn,popn_pikapika,allnet;eagate
パスカランド黒崎店,福岡県北九州市八幡西区西曲里町３−１,33.8597850,130.7602544,chunithm;maimai_dx;ongeki;popn,popn_pikapika,allnet;eagate
パスカワールドグリーンランド店,熊本県荒尾市本井手１５７４−５４,32.9878473,130.4712114,chunithm;ddr;gitadora;iidx;jubeat;maimai_dx;nostalgia;ongeki;polaris_chord;popn;sdvx,gitadora_dm_arena;gitadora_gf_arena;iidx_lm;popn_pikapika;sdvx_vm,allnet;eagate
パルケデアミーゴ,山形市嶋北1-3-1,38.2837819,140.3216374,iidx;jubeat,,eagate
パルケ上賀茂店,京都府京都市北区上賀茂西河原町１の１,35.0669415,135.7460749,chunithm;ddr;gitadora;iidx;maimai_dx;nostalgia;ongeki;popn,iidx_lm,allnet;eagate
パレパレ稲毛長沼店,千葉市稲毛区長沼原町731-25フレスポ稲毛A2棟-4,35.6575327,140.1291870,gitadora;popn,,eagate
ビッグボウル杉戸,埼玉県北葛飾郡杉戸町大字杉戸２３３８,36.0401850,139.7208181,chunithm;iidx;maimai_dx;nostalgia;sdvx,iidx_lm;sdvx_vm,allnet;eagate
ビデオゲームミュージアムロボット深谷店,埼玉県深谷市上柴町西４−１２−１,36.1796392,139.2988013,iidx;jubeat;popn;project_diva;sdvx,iidx_lm;sdvx_vm,allnet;eagate
ビバーチャ,広島県広島市中区南竹屋町１０−１７,34.3793334,132.4612792,chunithm;gitadora;iidx;jubeat;maimai_dx;ongeki;popn,,allnet;eagate
ピンクパンサー下妻店,茨城県下妻市小島884-10,36.1702653,139.9665309,chunithm;gitadora;iidx;maimai_dx;ongeki;sdvx,sdvx_vm,allnet;eagate
ピンクパンサー土浦店,茨城県土浦市木田余４５８５−３,36.1065463,140.2151975,chunithm;ddr;gitadora;iidx;jubeat;maimai_dx;ongeki;project_diva;sdvx,ddr_gold;iidx_lm;sdvx_vm,allnet;eagate
ファンタジスタ,岡山県倉敷市新倉敷駅前５−１９４,34.5583269,133.6767549,chunithm;gitadora;iidx;jubeat;nostalgia;popn;sdvx,iidx_lm;popn_pikapika;sdvx_vm,allnet;eagate
ファンタジードーム八戸,青森県八戸市江陽２−１４−１,40.5218721,141.5027091,chunithm;iidx;jubeat;maimai_dx;nostalgia;ongeki;popn;reflec,iidx_lm,allnet;eagate
ファンタジープラザ名古屋,愛知県名古屋市北区玄馬町２３４−１ﾄﾞﾝｷﾎｰﾃ名古屋本店２階,35.2264606,136.9089964,chunithm;ddr;gitadora;iidx;jubeat;maimai_dx;ongeki;popn;reflec;sdvx,ddr_gold;gitadora_dm_arena;gitadora_gf_arena;iidx_lm;popn_pikapika;sdvx_vm,allnet;eagate
フェスタ人吉店,人吉市宝来町1307-1人吉レックス内,32.2120774,130.7482481,iidx;jubeat;polaris_chord;reflec;sdvx,iidx_lm;sdvx_vm,eagate
フェスタ古河店,古河市松並2-18-10マーケットシティ古河内,36.2096015,139.7086044,iidx;polaris_chord;popn;sdvx,iidx_lm;popn_pikapika;sdvx_vm,eagate
フクイレジャーランドワイプラザ店,福井市新保北1-303ヤスサキワイプラザB棟2F,36.0875080,136.2494211,iidx;jubeat;polaris_chord;popn;sdvx,iidx_lm;popn_pikapika;sdvx_vm,eagate
フリスポ下館,茨城県筑西市神分４７２,36.3024911,139.9565286,ddr;gitadora;iidx;ongeki;popn;sdvx,popn_pikapika;sdvx_vm,allnet;eagate
フリスポ佐原,千葉県香取市佐原イ−４２００,35.9011456,140.4935107,chunithm;ddr;gitadora;iidx;maimai_dx;ongeki;polaris_chord;popn;sdvx,iidx_lm;sdvx_vm,allnet;eagate
ブラックジャックアクア店,広島県広島市安佐南区大町東４−１２−１１,34.4689057,132.4624719,chunithm;iidx;popn,iidx_lm,allnet;eagate
プラサカプコン大曲店,秋田県大仙市和合字坪立１７７イオン大曲ＳＣ２Ｆ,39.4385014,140.5088973,chunithm;iidx;maimai_dx;ongeki;popn,,allnet;eagate
プラサカプコン甲府店,山梨県中巨摩郡昭和町西条３７１７,35.6428959,138.5462509,chunithm;iidx;maimai_dx;ongeki;popn;project_diva,,allnet;eagate
プラサカプコン石巻店,宮城県石巻市茜平4丁目104番地 ｲｵﾝ石巻ｼｮｯﾋﾟﾝｸﾞｾﾝﾀｰ2F,38.4476841,141.2652783,chunithm;maimai_dx;ongeki;popn,,allnet;eagate
プレイゾーン　バンブー,新潟県南魚沼市竹俣６０ー５,37.0510088,138.8681410,chunithm;iidx;nostalgia;ongeki;popn,,allnet;eagate
プレイハウス　エリナ,新潟県新潟市西蒲区津雲田６４０,37.7175185,138.8906472,chunithm;ddr;gitadora;iidx;jubeat;museca;nostalgia;ongeki;popn;sdvx,ddr_gold;iidx_lm;popn_pikapika;sdvx_vm,allnet;eagate
プレイランドイン黒部,富山県黒部市沓掛645,36.8889558,137.4644997,chunithm;gitadora;iidx;jubeat;sdvx,sdvx_vm,allnet;eagate
ベティ,七尾市舟尾町ウ-38,37.0673154,136.9070025,ddr;gitadora;iidx;nostalgia;popn;sdvx,iidx_lm;sdvx_vm,eagate
ホムスタ加古川店,加古川市尾上町安田351-1メガコート,34.7455290,134.8355115,iidx;popn,iidx_lm,eagate
ホムスタ玉津店,神戸市西区丸塚2-9-18メガパレス2F,34.6792248,134.9831791,gitadora;iidx;polaris_chord;popn;sdvx,iidx_lm;sdvx_vm,eagate
ポート２４八事店,愛知県名古屋市昭和区広路町北石坂102番地4,35.1371097,136.9641401,chunithm;ddr;gitadora;iidx;jubeat;maimai_dx;nostalgia;ongeki;popn;sdvx,ddr_gold;iidx_lm;sdvx_vm,allnet;eagate
ポート２４幸田店,愛知県額田郡幸田町相見沖原1-3,34.8902431,137.1631359,chunithm;gitadora;iidx;maimai_dx;ongeki;popn;project_diva;sdvx,iidx_lm;popn_pikapika;sdvx_vm,allnet;eagate
ポート２４浜松店,静岡県浜松市中央区坪井町4183-1,34.6801467,137.6443581,chunithm;drs;gitadora;iidx;jubeat;maimai_dx;nostalgia;ongeki;popn;project_diva;sdvx,gitadora_dm_arena;gitadora_gf_arena;iidx_lm;sdvx_vm,allnet;eagate
マックスプラザ善通寺,香川県善通寺市中村町１７９８−２,34.2436048,133.7640148,chunithm;gitadora;iidx;jubeat;maimai_dx;nostalgia;ongeki;polaris_chord;popn;project_diva;sdvx,iidx_lm;sdvx_vm,allnet;eagate
マトリクス前橋,群馬県前橋市小相木町５５８−１,36.3727439,139.0596614,chunithm;gitadora;iidx;ongeki;popn;sdvx,gitadora_dm_arena;gitadora_gf_arena;iidx_lm;popn_pikapika;sdvx_vm,allnet;eagate
ミラクルイン中村橋,東京都練馬区貫井１−１−２ＹＫビル２Ｆ,35.7371368,139.6383560,chunithm;iidx;ongeki;popn;sdvx,iidx_lm;sdvx_vm,allnet;eagate
メカランド サルビア,鳥取市南隈860,35.5198034,134.2034528,iidx;jubeat;popn;reflec,,eagate
メジャーロード見附店,新潟県見附市上新田町字下野沖516番地1,37.5430983,138.8914470,chunithm;gitadora;iidx;jubeat;maimai_dx;ongeki;popn;sdvx,sdvx_vm,allnet;eagate
メジャーロード黒埼,新潟県新潟市西区山田３３０３番地（３３０２番地）,37.8682204,139.0173416,chunithm;gitadora;iidx;jubeat;maimai_dx;ongeki;sdvx,sdvx_vm,allnet;eagate
モナコ川越店,川越市新富町2-4-1,35.9132611,139.4831650,ddr;iidx;polaris_chord;popn;sdvx,iidx_lm;popn_pikapika;sdvx_vm,eagate
モンキートリック,大阪府寝屋川市香里南之町32-5　YNレジデンス香里2F,34.7834753,135.6288626,chunithm;ddr;gitadora;iidx;jubeat;maimai_dx;ongeki;polaris_chord;popn;sdvx,ddr_gold;gitadora_dm_arena;gitadora_gf_arena;iidx_lm;popn_pikapika;sdvx_vm,allnet;eagate
モーリーファンタジーf広島祇園,広島県広島市安佐南区祇園３−２−１　イオン広島祇園ＳＣ３Ｆ,34.4440456,132.4615509,chunithm;gitadora;maimai_dx;ongeki;popn,,allnet;eagate
モーリーファンタジー三笠店,北海道三笠市岡山１０５９−１スーパーセンター１Ｆ,43.2435815,141.8055111,chunithm;maimai_dx;ongeki;popn,,allnet;eagate
モーリーファンタジー下妻,茨城県下妻市掘篭９７２−１イオン下妻店2F,36.1900459,139.9897216,chunithm;maimai_dx;popn,,allnet;eagate
モーリーファンタジー本荘,秋田県由利本荘市石脇田中１３８番地,39.3915017,140.0274931,chunithm;maimai_dx;nostalgia;ongeki;popn;sdvx,sdvx_vm,allnet;eagate
モーリーファンタジー米子駅前３Ｆ,鳥取県米子市末広町311　イオン３F,35.4228224,133.3329143,gitadora;maimai_dx;ongeki;popn,,allnet;eagate
モーリーファンタジー米沢,山形県米沢市春日2-13-4　2F,37.9230092,140.1086180,chunithm;gitadora;maimai_dx;ongeki;popn,,allnet;eagate
モーリーファンタジー能代,秋田県能代市柳町１１−１　３Ｆ,40.2090900,140.0246518,maimai_dx;nostalgia;popn,,allnet;eagate
モーリーファンタジー那覇,沖縄県那覇市金城５−１０−２　イオン那覇店３F,26.1970331,127.6658532,chunithm;dance_evo;iidx;jubeat;maimai_dx;ongeki;polaris_chord;popn;reflec;sdvx,iidx_lm;sdvx_vm,allnet;eagate
モーリーファンタジーｆ 岐阜,岐阜県岐阜市正木中１−２−１マーサ２１北館３Ｆ,35.4484474,136.7449465,chunithm;drs;gitadora;iidx;jubeat;maimai_dx;ongeki;polaris_chord;popn;sdvx,iidx_lm;sdvx_vm,allnet;eagate
モーリーファンタジーｆ加西北条,兵庫県加西市北条町北条３０８−１イオン加西北条２Ｆ,34.9304411,134.8284644,chunithm;gitadora;maimai_dx;popn,,allnet;eagate
モーリーファンタジーｆ富士南,静岡県富士市鮫島１１８−１０　イオンタウン富士南２Ｆ,35.1397246,138.6758022,chunithm;maimai_dx;ongeki;polaris_chord;popn;sdvx,sdvx_vm,allnet;eagate
ユーズランド三光店,中津市三光佐知1032イオン三光SC2F,33.5590020,131.1928570,iidx;nostalgia;polaris_chord;sdvx,sdvx_vm,eagate
ユーズランド下田店,青森県上北郡おいらせ町中野平４０−１イオンモール下田１Ｆ,40.6014566,141.4177839,chunithm;ddr;drs;gitadora;iidx;jubeat;maimai_dx;nostalgia;ongeki;polaris_chord;popn;project_diva;sdvx,ddr_gold;gitadora_dm_arena;gitadora_gf_arena;iidx_lm;popn_pikapika;sdvx_vm,allnet;eagate
ユーズランド倉敷店,岡山県倉敷市水江１番地イオンモール倉敷２Ｆ,34.6032479,133.7454021,chunithm;ddr;drs;iidx;maimai_dx;ongeki;polaris_chord;popn;sdvx,ddr_gold;iidx_lm;popn_pikapika;sdvx_vm,allnet;eagate
ユーズランド太田店,群馬県太田市石原町８１番地イオンモール太田２Ｆ,36.2941440,139.4004362,chunithm;gitadora;iidx;maimai_dx;ongeki;polaris_chord;popn;sdvx,gitadora_dm_arena;gitadora_gf_arena;iidx_lm;popn_pikapika;sdvx_vm,allnet;eagate
ユーズランド日の出店,東京都西多摩郡日の出町大字平井237-3イオンモール日の出３Ｆ,35.7348561,139.2752446,chunithm;maimai_dx;ongeki;popn,popn_pikapika,allnet;eagate
ユーズランド春日部店,春日部市下柳420-1イオンモール春日部2F 2037,35.9878950,139.7884780,iidx;jubeat;nostalgia;sdvx,iidx_lm;sdvx_vm,eagate
ユーズランド東浦店,愛知県知多郡東浦町緒川旭１３−２イオンモール東浦２Ｆ,34.9781318,136.9742667,chunithm;iidx;maimai_dx;ongeki;polaris_chord;popn;sdvx,iidx_lm;popn_pikapika;sdvx_vm,allnet;eagate
ユーズランド水戸内原店,茨城県水戸市内原２−１イオンモール水戸内原２Ｆ,36.3739629,140.3583896,chunithm;ddr;gitadora;iidx;maimai_dx;ongeki;polaris_chord;popn;sdvx,ddr_gold;gitadora_dm_arena;gitadora_gf_arena;iidx_lm;popn_pikapika;sdvx_vm,allnet;eagate
ユーズランド越谷店,埼玉県越谷市レイクタウン4-2-2イオンレイクタウンKAZE3F,35.8778002,139.8245962,chunithm;iidx;maimai_dx;ongeki;popn;sdvx,iidx_lm;popn_pikapika;sdvx_vm,allnet;eagate
ユーズランド高岡店,富山県高岡市下伏間江３８３イオンモール高岡２Ｆ,36.7241123,137.0170194,chunithm;ddr;iidx;maimai_dx;ongeki;polaris_chord;popn;sdvx,ddr_gold;iidx_lm;popn_pikapika;sdvx_vm,allnet;eagate
ユーズランド高崎店,群馬県高崎市棟高町１４００番地イオンモール高崎２Ｆ,36.3904820,139.0065304,chunithm;ddr;drs;gitadora;iidx;jubeat;maimai_dx;ongeki;polaris_chord;popn;sdvx,ddr_gold;gitadora_dm_arena;gitadora_gf_arena;iidx_lm;popn_pikapika;sdvx_vm,allnet;eagate
ラウンドワンさいか屋横須賀店,神奈川県横須賀市大滝町１丁目１３番,35.2821494,139.6695932,chunithm;dance_around;ddr;drs;gitadora;iidx;jubeat;maimai_dx;nostalgia;ongeki;polaris_chord;popn;project_diva;sdvx,ddr_gold;gitadora_dm_arena;gitadora_gf_arena;iidx_lm;popn_pikapika;sdvx_vm,allnet;eagate
ラウンドワンさいたま・上里店,埼玉県児玉郡上里町大字金久保３９４−１,36.2599800,139.1374381,chunithm;dance_around;drs;gitadora;iidx;maimai_dx;nostalgia;ongeki;polaris_chord;popn;sdvx,gitadora_dm_arena;gitadora_gf_arena;iidx_lm;popn_pikapika;sdvx_vm,allnet;eagate
ラウンドワンさいたま・栗橋店,埼玉県久喜市小右衛門１９２−１,36.1235137,139.7151734,chunithm;dance_around;ddr;gitadora;iidx;jubeat;maimai_dx;nostalgia;ongeki;polaris_chord;popn;sdvx,ddr_gold;gitadora_dm_arena;gitadora_gf_arena;iidx_lm;popn_pikapika;sdvx_vm,allnet;eagate
ラウンドワンさいたま・鴻巣店,埼玉県鴻巣市箕田３１６３−７,36.0806388,139.4902256,chunithm;dance_around;dance_evo;ddr;drs;gitadora;iidx;jubeat;maimai_dx;nostalgia;ongeki;polaris_chord;popn;sdvx,ddr_gold;gitadora_dm_arena;gitadora_gf_arena;iidx_lm;popn_pikapika;sdvx_vm,allnet;eagate
ラウンドワンみえ川越インターチェンジ店,三重県三重郡川越町南福崎８５１−１,35.0229015,136.6835299,chunithm;ddr;gitadora;iidx;maimai_dx;ongeki;polaris_chord;popn;sdvx,ddr_gold;gitadora_dm_arena;gitadora_gf_arena;iidx_lm;popn_pikapika;sdvx_vm,allnet;eagate
ラウンドワンららぽーと和泉店,大阪府和泉市あゆみ野４−４−７　４階　４２１００番,34.4356803,135.4479088,chunithm;iidx;maimai_dx;ongeki;popn;sdvx,iidx_lm;popn_pikapika;sdvx_vm,allnet;eagate
ラウンドワンららぽーと新三郷店,埼玉県三郷市新三郷ららシティ3-1-1ららぽーと新三郷2F20000番,35.8594806,139.8671397,chunithm;dance_around;ddr;gitadora;iidx;jubeat;maimai_dx;ongeki;other;polaris_chord;popn;sdvx,ddr_gold;gitadora_dm_arena;gitadora_gf_arena;iidx_lm;popn_pikapika;sdvx_vm,allnet;eagate;ziv
ラウンドワンららぽーと湘南平塚店,平塚市天沼10-1ららぽーと湘南平塚店3F,35.3358250,139.3547690,ddr;iidx;polaris_chord;popn;sdvx,ddr_gold;iidx_lm;popn_pikapika;sdvx_vm,eagate
ラウンドワンわらび店,埼玉県蕨市北町５−１−６,35.8307831,139.6742333,chunithm;ddr;drs;gitadora;iidx;jubeat;maimai_dx;nostalgia;ongeki;polaris_chord;popn;project_diva;sdvx,ddr_gold;gitadora_dm_arena;gitadora_gf_arena;iidx_lm;popn_pikapika;sdvx_vm,allnet;eagate
ラウンドワンアリオ柏店,千葉県柏市大島田１丁目６番地１セブンパークアリオ柏　１０７０,35.8323319,140.0119419,chunithm;dance_around;ddr;drs;gitadora;iidx;maimai_dx;ongeki;polaris_chord;popn;sdvx,ddr_gold;gitadora_dm_arena;gitadora_gf_arena;iidx_lm;popn_pikapika;sdvx_vm,allnet;eagate
ラウンドワンダイバーシティ東京プラザ店,東京都江東区青海1-1-10ダイバーシティ東京プラザ6階61000,35.6256894,139.7763086,chunithm;dance_around;ddr;drs;gitadora;iidx;jubeat;maimai_dx;ongeki;other;polaris_chord;popn;sdvx;taiko,ddr_gold;gitadora_dm_arena;gitadora_gf_arena;iidx_lm;popn_pikapika;sdvx_vm,allnet;eagate;ziv
ラウンドワンモレラ岐阜店,岐阜県本巣市三橋１１００,35.4552106,136.6727657,chunithm;dance_around;ddr;drs;gitadora;iidx;jubeat;maimai_dx;nostalgia;ongeki;polaris_chord;popn;sdvx,ddr_gold;gitadora_dm_arena;gitadora_gf_arena;iidx_lm;popn_pikapika;sdvx_vm,allnet;eagate
ラウンドワンヨロッカ春日井店,愛知県春日井市六軒屋町東丘２２テナント区画番号３０１０,35.2587361,136.9816772,chunithm;ddr;gitadora;iidx;maimai_dx;ongeki;polaris_chord;popn;sdvx,ddr_gold;gitadora_dm_arena;gitadora_gf_arena;iidx_lm;popn_pikapika;sdvx_vm,allnet;eagate
ラウンドワン三宮駅前店,兵庫県神戸市中央区小野柄通6-1-17,34.6939326,135.1973748,chunithm;ddr;gitadora;iidx;maimai_dx;ongeki;polaris_chord;popn;sdvx,ddr_gold;gitadora_dm_arena;gitadora_gf_arena;iidx_lm;popn_pikapika;sdvx_vm,allnet;eagate
ラウンドワン上尾店,埼玉県上尾市大字平塚９１７−１,35.9857321,139.6078402,chunithm;dance_around;ddr;drs;gitadora;iidx;maimai_dx;nostalgia;ongeki;polaris_chord;popn;sdvx,ddr_gold;gitadora_dm_arena;gitadora_gf_arena;iidx_lm;popn_pikapika;sdvx_vm,allnet;eagate
ラウンドワン中川１号線店,愛知県名古屋市中川区法蔵町２−２３,35.1236443,136.8636045,chunithm;dance_around;ddr;drs;gitadora;iidx;jubeat;maimai_dx;ongeki;polaris_chord;popn;sdvx,ddr_gold;gitadora_dm_arena;gitadora_gf_arena;iidx_lm;popn_pikapika;sdvx_vm,allnet;eagate
ラウンドワン京都伏見店,京都府京都市伏見区下鳥羽平塚町１３１,34.9359432,135.7463208,chunithm;ddr;gitadora;iidx;maimai_dx;ongeki;polaris_chord;popn;sdvx,ddr_gold;gitadora_dm_arena;gitadora_gf_arena;iidx_lm;popn_pikapika;sdvx_vm,allnet;eagate
ラウンドワン京都河原町店,京都府京都市中京区河原町通三条下ル山崎町２５０,35.0070244,135.7686902,chunithm;dance_around;ddr;drs;gitadora;iidx;jubeat;maimai_dx;nostalgia;ongeki;polaris_chord;popn;project_diva;sdvx,ddr_gold;gitadora_dm_arena;gitadora_gf_arena;iidx_lm;popn_pikapika;sdvx_vm,allnet;eagate
ラウンドワン仙台泉店,宮城県仙台市泉区大沢二丁目１２番４号　１階,38.3520265,140.8795076,chunithm;dance_around;ddr;gitadora;iidx;maimai_dx;ongeki;polaris_chord;popn;sdvx,ddr_gold;gitadora_dm_arena;gitadora_gf_arena;iidx_lm;popn_pikapika;sdvx_vm,allnet;eagate
ラウンドワン仙台苦竹店,宮城県仙台市宮城野区苦竹１−７−１０,38.2680832,140.9172451,chunithm;dance_around;ddr;gitadora;iidx;jubeat;maimai_dx;nostalgia;ongeki;polaris_chord;popn;sdvx,ddr_gold;gitadora_dm_arena;gitadora_gf_arena;iidx_lm;popn_pikapika;sdvx_vm,allnet;eagate
ラウンドワン伊丹店,兵庫県伊丹市昆陽７丁目２９,34.7790734,135.3934676,chunithm;ddr;gitadora;iidx;maimai_dx;ongeki;polaris_chord;popn;project_diva;sdvx,ddr_gold;gitadora_dm_arena;gitadora_gf_arena;iidx_lm;popn_pikapika;sdvx_vm,allnet;eagate
ラウンドワン佐賀店,佐賀県佐賀市兵庫北４−２−１,33.2752276,130.3010551,chunithm;dance_around;ddr;drs;gitadora;iidx;maimai_dx;ongeki;polaris_chord;popn;sdvx,ddr_gold;gitadora_dm_arena;gitadora_gf_arena;iidx_lm;popn_pikapika;sdvx_vm,allnet;eagate
ラウンドワン入間店,埼玉県入間市小谷田３−７−２５,35.8279801,139.3760089,chunithm;dance_around;ddr;gitadora;iidx;jubeat;maimai_dx;nostalgia;ongeki;polaris_chord;popn;sdvx,ddr_gold;gitadora_dm_arena;gitadora_gf_arena;iidx_lm;popn_pikapika;sdvx_vm,allnet;eagate
ラウンドワン函館店,北海道函館市西桔梗町８４８−１１,41.8246380,140.7175148,chunithm;dance_around;ddr;gitadora;iidx;maimai_dx;nostalgia;ongeki;polaris_chord;popn;sdvx,ddr_gold;gitadora_dm_arena;gitadora_gf_arena;iidx_lm;popn_pikapika;sdvx_vm,allnet;eagate
ラウンドワン前橋店,群馬県前橋市天川大島町１１０１−１,36.3687628,139.1052489,chunithm;ddr;drs;gitadora;iidx;maimai_dx;ongeki;polaris_chord;popn;sdvx,ddr_gold;gitadora_dm_arena;gitadora_gf_arena;iidx_lm;popn_pikapika;sdvx_vm,allnet;eagate
ラウンドワン加古川店,兵庫県加古川市尾上町安田325番6号,34.7470428,134.8369253,chunithm;dance_around;ddr;gitadora;iidx;jubeat;maimai_dx;nostalgia;ongeki;polaris_chord;popn;sdvx,ddr_gold;gitadora_dm_arena;gitadora_gf_arena;iidx_lm;popn_pikapika;sdvx_vm,allnet;eagate
ラウンドワン千日前店,大阪府大阪市中央区難波１−３−１,34.6675295,135.5027825,chunithm;ddr;drs;gitadora;iidx;jubeat;maimai_dx;nostalgia;ongeki;polaris_chord;popn;sdvx,ddr_gold;gitadora_dm_arena;gitadora_gf_arena;iidx_lm;popn_pikapika;sdvx_vm,allnet;eagate
ラウンドワン千種店,愛知県名古屋市千種区新栄3-20-17タイホウ千種駅前南ビル1階,35.1680713,136.9280046,chunithm;ddr;drs;gitadora;iidx;jubeat;ongeki;polaris_chord;popn;sdvx,ddr_gold;gitadora_dm_arena;gitadora_gf_arena;iidx_lm;popn_pikapika;sdvx_vm,allnet;eagate
ラウンドワン半田店,愛知県半田市瑞穂町６−７−８,34.8853760,136.9413762,chunithm;ddr;gitadora;iidx;maimai_dx;ongeki;polaris_chord;popn;sdvx,ddr_gold;gitadora_dm_arena;gitadora_gf_arena;iidx_lm;popn_pikapika;sdvx_vm,allnet;eagate
ラウンドワン南砂店,東京都江東区南砂６−７−１５トピレックプラザ４Ｆ,35.6718431,139.8369781,chunithm;dance_around;ddr;drs;gitadora;iidx;jubeat;maimai_dx;nostalgia;ongeki;other;polaris_chord;popn;sdvx;taiko,ddr_gold;gitadora_dm_arena;gitadora_gf_arena;iidx_lm;popn_pikapika;sdvx_vm,allnet;eagate;ziv
ラウンドワン博多半道橋店,福岡県福岡市博多区半道橋２−２−８,33.5840670,130.4383464,chunithm;dance_around;ddr;gitadora;iidx;maimai_dx;ongeki;polaris_chord;popn;sdvx,ddr_gold;gitadora_dm_arena;gitadora_gf_arena;iidx_lm;popn_pikapika;sdvx_vm,allnet;eagate
ラウンドワン吉祥寺店,東京都武蔵野市吉祥寺本町1-11-22,35.7063020,139.5807799,chunithm;ddr;gitadora;iidx;jubeat;maimai_dx;nostalgia;ongeki;polaris_chord;popn;sdvx,ddr_gold;gitadora_dm_arena;gitadora_gf_arena;iidx_lm;popn_pikapika;sdvx_vm,allnet;eagate
ラウンドワン名古屋西春店,愛知県北名古屋市宇福寺神明１５,35.2548498,136.8436265,chunithm;ddr;gitadora;iidx;maimai_dx;ongeki;polaris_chord;popn;sdvx,ddr_gold;gitadora_dm_arena;gitadora_gf_arena;iidx_lm;popn_pikapika;sdvx_vm,allnet;eagate
ラウンドワン和歌山店,和歌山県和歌山市小雑賀７３９−３,34.1984612,135.1859700,chunithm;ddr;gitadora;iidx;maimai_dx;ongeki;polaris_chord;popn;sdvx,ddr_gold;gitadora_dm_arena;gitadora_gf_arena;iidx_lm;popn_pikapika;sdvx_vm,allnet;eagate
ラウンドワン城東放出店,大阪府大阪市城東区今福南3-4-38,34.6964966,135.5593162,chunithm;ddr;gitadora;iidx;maimai_dx;ongeki;polaris_chord;popn;sdvx,ddr_gold;gitadora_dm_arena;gitadora_gf_arena;iidx_lm;popn_pikapika;sdvx_vm,allnet;eagate
ラウンドワン堺中央環状店,大阪府堺市東区石原町２−２４１,34.5569759,135.5365126,chunithm;ddr;gitadora;iidx;jubeat;maimai_dx;ongeki;polaris_chord;popn;sdvx,ddr_gold;gitadora_dm_arena;gitadora_gf_arena;iidx_lm;popn_pikapika;sdvx_vm,allnet;eagate
ラウンドワン堺駅前店,大阪府堺市堺区戎島町4-44-3,34.5834551,135.4684377,chunithm;dance_around;ddr;gitadora;iidx;maimai_dx;ongeki;polaris_chord;popn;sdvx,ddr_gold;gitadora_dm_arena;gitadora_gf_arena;iidx_lm;popn_pikapika;sdvx_vm,allnet;eagate
ラウンドワン大分店,大分県大分市萩原２−１３−１７,33.2489675,131.6402343,chunithm;ddr;drs;gitadora;iidx;maimai_dx;ongeki;polaris_chord;popn;sdvx,ddr_gold;gitadora_dm_arena;gitadora_gf_arena;iidx_lm;popn_pikapika;sdvx_vm,allnet;eagate
ラウンドワン大宮店,埼玉県さいたま市大宮区宮町４−９０−７,35.9108281,139.6254402,chunithm;dance_around;ddr;drs;gitadora;iidx;jubeat;maimai_dx;nostalgia;ongeki;polaris_chord;popn;sdvx,ddr_gold;gitadora_dm_arena;gitadora_gf_arena;iidx_lm;popn_pikapika;sdvx_vm,allnet;eagate
ラウンドワン大野城店,福岡県大野城市御笠川１−１８−１６,33.5464190,130.4822611,chunithm;dance_around;ddr;drs;gitadora;iidx;jubeat;maimai_dx;nostalgia;ongeki;polaris_chord;popn;sdvx,ddr_gold;gitadora_dm_arena;gitadora_gf_arena;iidx_lm;popn_pikapika;sdvx_vm,allnet;eagate
ラウンドワン奈良・ミナーラ店,奈良県奈良市二条大路南１−３−１ミ・ナーラ５階,34.6849116,135.8025405,chunithm;dance_around;ddr;gitadora;iidx;maimai_dx;nostalgia;ongeki;polaris_chord;popn;sdvx,ddr_gold;gitadora_dm_arena;gitadora_gf_arena;iidx_lm;popn_pikapika;sdvx_vm,allnet;eagate
ラウンドワン姫路飾磨店,兵庫県姫路市飾磨区中島１−２５４,34.7923295,134.6870919,chunithm;ddr;gitadora;iidx;maimai_dx;ongeki;polaris_chord;popn;sdvx,ddr_gold;gitadora_dm_arena;gitadora_gf_arena;iidx_lm;popn_pikapika;sdvx_vm,allnet;eagate
ラウンドワン宇都宮店,栃木県宇都宮市江曽島町２０７２−１,36.5406864,139.8868934,chunithm;ddr;gitadora;iidx;jubeat;maimai_dx;nostalgia;ongeki;polaris_chord;popn;sdvx,ddr_gold;gitadora_dm_arena;gitadora_gf_arena;iidx_lm;popn_pikapika;sdvx_vm,allnet;eagate
ラウンドワン守口店,大阪府守口市佐太東町２−６−１４ジャガーグリーン２Ｆ,34.7560955,135.5885314,chunithm;dance_around;ddr;drs;gitadora;iidx;jubeat;maimai_dx;nostalgia;ongeki;polaris_chord;popn;project_diva;sdvx,ddr_gold;gitadora_dm_arena;gitadora_gf_arena;iidx_lm;popn_pikapika;sdvx_vm,allnet;eagate
ラウンドワン宮崎店,宮崎県宮崎市中村東３−４−６０,31.8953441,131.4175947,chunithm;dance_around;ddr;drs;gitadora;iidx;jubeat;maimai_dx;nostalgia;ongeki;polaris_chord;popn;sdvx,ddr_gold;gitadora_dm_arena;gitadora_gf_arena;iidx_lm;popn_pikapika;sdvx_vm,allnet;eagate
ラウンドワン富士店,静岡県富士市八代町４−１５,35.1531225,138.6938123,chunithm;dance_around;ddr;gitadora;iidx;jubeat;maimai_dx;nostalgia;ongeki;polaris_chord;popn;sdvx,ddr_gold;gitadora_dm_arena;gitadora_gf_arena;iidx_lm;popn_pikapika;sdvx_vm,allnet;eagate
ラウンドワン小倉店,福岡県北九州市小倉北区西港町15-65,33.8975963,130.8598416,chunithm;ddr;gitadora;iidx;maimai_dx;ongeki;polaris_chord;popn;sdvx,ddr_gold;gitadora_dm_arena;gitadora_gf_arena;iidx_lm;popn_pikapika;sdvx_vm,allnet;eagate
ラウンドワン岡山妹尾店,岡山県岡山市南区妹尾３４１３−１,34.6230198,133.8695548,chunithm;ddr;drs;gitadora;iidx;maimai_dx;ongeki;polaris_chord;popn;sdvx,ddr_gold;gitadora_dm_arena;gitadora_gf_arena;iidx_lm;popn_pikapika;sdvx_vm,allnet;eagate
ラウンドワン岸和田店,大阪府岸和田市八阪町２−１１−１,34.4565318,135.3885664,chunithm;dance_around;ddr;gitadora;iidx;jubeat;maimai_dx;nostalgia;ongeki;polaris_chord;popn;sdvx,ddr_gold;gitadora_dm_arena;gitadora_gf_arena;iidx_lm;popn_pikapika;sdvx_vm,allnet;eagate
ラウンドワン川崎大師店,神奈川県川崎市川崎区殿町１−５−１,35.5380415,139.7416951,chunithm;dance_around;ddr;drs;gitadora;iidx;maimai_dx;ongeki;polaris_chord;popn;sdvx,ddr_gold;gitadora_dm_arena;gitadora_gf_arena;iidx_lm;popn_pikapika;sdvx_vm,allnet;eagate
ラウンドワン市原店,千葉県市原市八幡北町３−５−１,35.5474925,140.1233713,chunithm;ddr;drs;gitadora;iidx;jubeat;maimai_dx;nostalgia;ongeki;polaris_chord;popn;sdvx,ddr_gold;gitadora_dm_arena;gitadora_gf_arena;iidx_lm;popn_pikapika;sdvx_vm,allnet;eagate
ラウンドワン市川鬼高店,千葉県市川市鬼高４−１−３,35.7112207,139.9274795,chunithm;dance_around;ddr;drs;gitadora;iidx;jubeat;maimai_dx;nostalgia;ongeki;polaris_chord;popn;project_diva;sdvx,ddr_gold;gitadora_dm_arena;gitadora_gf_arena;iidx_lm;popn_pikapika;sdvx_vm,allnet;eagate
ラウンドワン広島店,広島県広島市中区立町３−１１,34.3937013,132.4601039,chunithm;dance_around;ddr;drs;gitadora;iidx;jubeat;maimai_dx;nostalgia;ongeki;other;polaris_chord;popn;sdvx;taiko,ddr_gold;gitadora_dm_arena;gitadora_gf_arena;iidx_lm;popn_pikapika;sdvx_vm,allnet;eagate;ziv
ラウンドワン府中本町駅前,東京都府中市本町１−１３−３カネタビル,35.6672709,139.4774004,chunithm;dance_around;ddr;drs;gitadora;iidx;jubeat;maimai_dx;nostalgia;ongeki;polaris_chord;popn;sdvx,ddr_gold;gitadora_dm_arena;gitadora_gf_arena;iidx_lm;popn_pikapika;sdvx_vm,allnet;eagate
ラウンドワン徳島・万代店,徳島県徳島市万代町４−１９−１,34.0647908,134.5646739,chunithm;ddr;gitadora;iidx;maimai_dx;ongeki;polaris_chord;popn;sdvx,ddr_gold;gitadora_dm_arena;gitadora_gf_arena;iidx_lm;popn_pikapika;sdvx_vm,allnet;eagate
ラウンドワン所沢店,埼玉県所沢市東町５丁目２２　６階,35.7888614,139.4695620,chunithm;dance_around;ddr;gitadora;iidx;jubeat;maimai_dx;ongeki;polaris_chord;popn;sdvx,ddr_gold;gitadora_dm_arena;gitadora_gf_arena;iidx_lm;popn_pikapika;sdvx_vm,allnet;eagate
ラウンドワン新潟店,新潟県新潟市中央区美咲町２−１−３８,37.8881096,139.0176867,chunithm;dance_around;ddr;gitadora;iidx;jubeat;maimai_dx;nostalgia;ongeki;polaris_chord;popn;sdvx,ddr_gold;gitadora_dm_arena;gitadora_gf_arena;iidx_lm;popn_pikapika;sdvx_vm,allnet;eagate
ラウンドワン旭川店,北海道旭川市永山三条１−４−７,43.7863735,142.3974371,chunithm;dance_around;ddr;drs;gitadora;iidx;maimai_dx;ongeki;polaris_chord;popn;sdvx,ddr_gold;gitadora_dm_arena;gitadora_gf_arena;iidx_lm;popn_pikapika;sdvx_vm,allnet;eagate
ラウンドワン朝霞店,埼玉県朝霞市膝折町２−１６−１０,35.7902754,139.5796457,chunithm;ddr;gitadora;iidx;maimai_dx;ongeki;polaris_chord;popn;sdvx,ddr_gold;gitadora_dm_arena;gitadora_gf_arena;iidx_lm;popn_pikapika;sdvx_vm,allnet;eagate
ラウンドワン札幌すすきの店,北海道札幌市中央区南五条西3-6-1,43.0545356,141.3545240,chunithm;dance_around;ddr;drs;gitadora;iidx;jubeat;maimai_dx;nostalgia;ongeki;polaris_chord;popn;project_diva;sdvx,ddr_gold;gitadora_dm_arena;gitadora_gf_arena;iidx_lm;popn_pikapika;sdvx_vm,allnet;eagate
ラウンドワン札幌北２１条店,北海道札幌市東区北二十一条東１−１−２１,43.0867627,141.3497046,chunithm;dance_around;ddr;gitadora;iidx;maimai_dx;nostalgia;ongeki;polaris_chord;popn;sdvx,ddr_gold;gitadora_dm_arena;gitadora_gf_arena;iidx_lm;popn_pikapika;sdvx_vm,allnet;eagate
ラウンドワン札幌白石本通店,北海道札幌市白石区本通１６丁目北１−５０,43.0367922,141.4328781,chunithm;ddr;gitadora;iidx;maimai_dx;ongeki;polaris_chord;popn;sdvx,ddr_gold;gitadora_dm_arena;gitadora_gf_arena;iidx_lm;popn_pikapika;sdvx_vm,allnet;eagate
ラウンドワン東大阪店,大阪府東大阪市若江南町１−２−１２,34.6530441,135.6063264,chunithm;ddr;gitadora;iidx;jubeat;maimai_dx;ongeki;polaris_chord;popn;sdvx,ddr_gold;gitadora_dm_arena;gitadora_gf_arena;iidx_lm;popn_pikapika;sdvx_vm,allnet;eagate
ラウンドワン東淀川店,大阪府大阪市東淀川区菅原７−１４−２８,34.7427577,135.5250375,chunithm;dance_around;ddr;gitadora;iidx;jubeat;maimai_dx;nostalgia;ongeki;polaris_chord;popn;sdvx,ddr_gold;gitadora_dm_arena;gitadora_gf_arena;iidx_lm;popn_pikapika;sdvx_vm,allnet;eagate
ラウンドワン松山店,愛媛県松山市東長戸１−３−１０,33.8665121,132.7515765,chunithm;ddr;gitadora;iidx;maimai_dx;ongeki;polaris_chord;popn;sdvx,ddr_gold;gitadora_dm_arena;gitadora_gf_arena;iidx_lm;popn_pikapika;sdvx_vm,allnet;eagate
ラウンドワン板橋店,東京都板橋区相生町１６−１３,35.7766273,139.6786153,chunithm;dance_around;ddr;drs;gitadora;iidx;jubeat;maimai_dx;ongeki;polaris_chord;popn;sdvx,ddr_gold;gitadora_dm_arena;gitadora_gf_arena;iidx_lm;popn_pikapika;sdvx_vm,allnet;eagate
ラウンドワン梅田店,大阪府大阪市北区小松原町４−１６,34.7030460,135.5010682,chunithm;dance_around;ddr;drs;gitadora;iidx;jubeat;maimai_dx;nostalgia;ongeki;other;polaris_chord;popn;sdvx;taiko,ddr_gold;gitadora_dm_arena;gitadora_gf_arena;iidx_lm;popn_pikapika;sdvx_vm,allnet;eagate;ziv
ラウンドワン横浜綱島店,神奈川県横浜市港北区樽町２−６−４０Ｔ-PLATZ内,35.5319981,139.6371792,chunithm;ddr;gitadora;iidx;maimai_dx;ongeki;polaris_chord;popn;sdvx,ddr_gold;gitadora_dm_arena;gitadora_gf_arena;iidx_lm;popn_pikapika;sdvx_vm,allnet;eagate
ラウンドワン横浜駅西口店,神奈川県横浜市西区南幸２−８−１６,35.4639294,139.6179961,chunithm;dance_around;ddr;drs;gitadora;iidx;jubeat;maimai_dx;nostalgia;ongeki;other;polaris_chord;popn;project_diva;sdvx;taiko,ddr_gold;gitadora_dm_arena;gitadora_gf_arena;iidx_lm;popn_pikapika;sdvx_vm,allnet;eagate;ziv
ラウンドワン武蔵村山店,東京都武蔵村山市伊奈平３−１−１,35.7353291,139.3823619,chunithm;dance_around;ddr;drs;gitadora;iidx;maimai_dx;ongeki;polaris_chord;popn;sdvx,ddr_gold;gitadora_dm_arena;gitadora_gf_arena;iidx_lm;popn_pikapika;sdvx_vm,allnet;eagate
ラウンドワン池袋店,東京都豊島区東池袋１−１４−１,35.7301352,139.7152049,chunithm;dance_around;ddr;drs;gitadora;iidx;jubeat;maimai_dx;nostalgia;ongeki;polaris_chord;popn;project_diva;sdvx,ddr_gold;gitadora_dm_arena;gitadora_gf_arena;iidx_lm;popn_pikapika;sdvx_vm,allnet;eagate
ラウンドワン沖縄・南風原店,沖縄県島尻郡南風原町字兼城５５２番地,26.1951082,127.7209626,chunithm;ddr;drs;gitadora;iidx;jubeat;maimai_dx;nostalgia;ongeki;polaris_chord;popn;project_diva;sdvx,ddr_gold;gitadora_dm_arena;gitadora_gf_arena;iidx_lm;popn_pikapika;sdvx_vm,allnet;eagate
ラウンドワン沖縄・宜野湾店,沖縄県宜野湾市真志喜３−２８−８,26.2758542,127.7310091,chunithm;ddr;drs;gitadora;iidx;jubeat;maimai_dx;ongeki;polaris_chord;popn;sdvx,ddr_gold;gitadora_dm_arena;gitadora_gf_arena;iidx_lm;popn_pikapika;sdvx_vm,allnet;eagate
ラウンドワン津・高茶屋店,三重県津市高茶屋小森町２７７−８,34.6724656,136.5194702,chunithm;ddr;gitadora;iidx;maimai_dx;ongeki;polaris_chord;popn;sdvx,ddr_gold;gitadora_dm_arena;gitadora_gf_arena;iidx_lm;popn_pikapika;sdvx_vm,allnet;eagate
ラウンドワン浜大津アーカス店,滋賀県大津市浜町２−１浜大津アーカス内,35.0108080,135.8666001,chunithm;ddr;gitadora;iidx;maimai_dx;ongeki;polaris_chord;popn;sdvx,ddr_gold;gitadora_dm_arena;gitadora_gf_arena;iidx_lm;popn_pikapika;sdvx_vm,allnet;eagate
ラウンドワン浜松店,静岡県浜松市中央区天王町諏訪１９８１−１７,34.7379036,137.7641716,chunithm;dance_around;ddr;drs;gitadora;iidx;maimai_dx;ongeki;polaris_chord;popn;sdvx,ddr_gold;gitadora_dm_arena;gitadora_gf_arena;iidx_lm;popn_pikapika;sdvx_vm,allnet;eagate
ラウンドワン熊本店,熊本県熊本市西区春日7-25-15,32.7850486,130.6775472,chunithm;dance_around;ddr;drs;gitadora;iidx;maimai_dx;nostalgia;ongeki;polaris_chord;popn;sdvx,ddr_gold;gitadora_dm_arena;gitadora_gf_arena;iidx_lm;popn_pikapika;sdvx_vm,allnet;eagate
ラウンドワン町田店,東京都町田市森野１−１３−１４,35.5439665,139.4432308,chunithm;ddr;gitadora;iidx;jubeat;maimai_dx;ongeki;polaris_chord;popn;project_diva;sdvx,ddr_gold;gitadora_dm_arena;gitadora_gf_arena;iidx_lm;popn_pikapika;sdvx_vm,allnet;eagate
ラウンドワン盛岡店,岩手県盛岡市盛岡駅西通２−１０−３５,39.7003942,141.1331774,chunithm;ddr;gitadora;iidx;maimai_dx;nostalgia;ongeki;polaris_chord;popn;sdvx,ddr_gold;gitadora_dm_arena;gitadora_gf_arena;iidx_lm;popn_pikapika;sdvx_vm,allnet;eagate
ラウンドワン福山店,広島県福山市明神町１−９−２８,34.4892062,133.3924382,chunithm;dance_around;ddr;drs;gitadora;iidx;maimai_dx;ongeki;polaris_chord;popn;sdvx,ddr_gold;gitadora_dm_arena;gitadora_gf_arena;iidx_lm;popn_pikapika;sdvx_vm,allnet;eagate
ラウンドワン福岡天神店,福岡県福岡市中央区天神２−６−１２,33.5894630,130.3967853,chunithm;dance_around;ddr;gitadora;iidx;jubeat;maimai_dx;ongeki;polaris_chord;popn;sdvx,ddr_gold;gitadora_dm_arena;gitadora_gf_arena;iidx_lm;popn_pikapika;sdvx_vm,allnet;eagate
ラウンドワン福島店,福島県福島市太田町14-18,37.7525491,140.4561307,chunithm;ddr;gitadora;iidx;jubeat;maimai_dx;nostalgia;ongeki;polaris_chord;popn;sdvx,ddr_gold;gitadora_dm_arena;gitadora_gf_arena;iidx_lm;popn_pikapika;sdvx_vm,allnet;eagate
ラウンドワン秋田店,秋田県秋田市卸町１−１−２,39.7020319,140.1094121,chunithm;ddr;gitadora;iidx;jubeat;maimai_dx;nostalgia;ongeki;polaris_chord;popn;sdvx,ddr_gold;gitadora_dm_arena;gitadora_gf_arena;iidx_lm;popn_pikapika;sdvx_vm,allnet;eagate
ラウンドワン習志野店,千葉県習志野市芝園１−４−５,35.6602102,140.0226100,chunithm;ddr;drs;gitadora;iidx;maimai_dx;nostalgia;ongeki;polaris_chord;popn;sdvx,ddr_gold;gitadora_dm_arena;gitadora_gf_arena;iidx_lm;popn_pikapika;sdvx_vm,allnet;eagate
ラウンドワン草加店,埼玉県草加市谷塚上町２０４番１,35.8124211,139.7879027,chunithm;ddr;gitadora;iidx;maimai_dx;ongeki;polaris_chord;popn;sdvx,ddr_gold;gitadora_dm_arena;gitadora_gf_arena;iidx_lm;popn_pikapika;sdvx_vm,allnet;eagate
ラウンドワン豊中店,大阪府豊中市名神口１−１−１,34.7574026,135.4656578,chunithm;ddr;gitadora;iidx;maimai_dx;ongeki;polaris_chord;popn;sdvx,ddr_gold;gitadora_dm_arena;gitadora_gf_arena;iidx_lm;popn_pikapika;sdvx_vm,allnet;eagate
ラウンドワン豊橋店,愛知県豊橋市大岩町字岩田２７−２,34.7237006,137.4326113,chunithm;dance_around;ddr;gitadora;iidx;maimai_dx;ongeki;polaris_chord;popn;sdvx,ddr_gold;gitadora_dm_arena;gitadora_gf_arena;iidx_lm;popn_pikapika;sdvx_vm,allnet;eagate
ラウンドワン郡山店,福島県郡山市向河原町４−５５,37.4023215,140.3956360,chunithm;ddr;gitadora;iidx;maimai_dx;nostalgia;ongeki;polaris_chord;popn;sdvx,ddr_gold;gitadora_dm_arena;gitadora_gf_arena;iidx_lm;popn_pikapika;sdvx_vm,allnet;eagate
ラウンドワン金沢店,石川県金沢市横川6-120-1,36.5420630,136.6259888,chunithm;dance_around;ddr;drs;gitadora;iidx;jubeat;maimai_dx;nostalgia;ongeki;polaris_chord;popn;sdvx,ddr_gold;gitadora_dm_arena;gitadora_gf_arena;iidx_lm;popn_pikapika;sdvx_vm,allnet;eagate
ラウンドワン長野店,長野県長野市大字東和田８２７番地６,36.6511151,138.2254058,chunithm;dance_around;ddr;gitadora;iidx;jubeat;maimai_dx;nostalgia;ongeki;polaris_chord;popn;sdvx,ddr_gold;gitadora_dm_arena;gitadora_gf_arena;iidx_lm;popn_pikapika;sdvx_vm,allnet;eagate
ラウンドワン青森店,青森県青森市浜田３−１−１,40.7986939,140.7484106,chunithm;ddr;gitadora;iidx;jubeat;maimai_dx;nostalgia;ongeki;polaris_chord;popn;sdvx,ddr_gold;gitadora_dm_arena;gitadora_gf_arena;iidx_lm;popn_pikapika;sdvx_vm,allnet;eagate
ラウンドワン静岡・駿河店,静岡県静岡市駿河区向手越１丁目１０−１,34.9509793,138.3605224,chunithm;dance_around;ddr;gitadora;iidx;maimai_dx;ongeki;polaris_chord;popn;sdvx,ddr_gold;gitadora_dm_arena;gitadora_gf_arena;iidx_lm;popn_pikapika;sdvx_vm,allnet;eagate
ラウンドワン高松店,香川県高松市松島町２−７−４３,34.3389079,134.0670672,chunithm;dance_around;ddr;drs;gitadora;iidx;maimai_dx;ongeki;polaris_chord;popn;sdvx,ddr_gold;gitadora_dm_arena;gitadora_gf_arena;iidx_lm;popn_pikapika;sdvx_vm,allnet;eagate
ラウンドワン高槻店,大阪府高槻市辻子３−６−４,34.8326157,135.6300541,chunithm;dance_around;ddr;gitadora;iidx;maimai_dx;ongeki;polaris_chord;popn;sdvx,ddr_gold;gitadora_dm_arena;gitadora_gf_arena;iidx_lm;popn_pikapika;sdvx_vm,allnet;eagate
ラウンドワン高知店,高知県高知市南宝永町４−１２,33.5578349,133.5543516,chunithm;dance_around;ddr;drs;gitadora;iidx;jubeat;maimai_dx;nostalgia;ongeki;polaris_chord;popn;project_diva;sdvx,ddr_gold;gitadora_dm_arena;gitadora_gf_arena;iidx_lm;popn_pikapika;sdvx_vm,allnet;eagate
ラウンドワン鳴海店,愛知県名古屋市緑区鳴海町杜若２８,35.0989113,136.9527377,chunithm;gitadora;iidx;maimai_dx;ongeki;polaris_chord;popn;sdvx,gitadora_dm_arena;gitadora_gf_arena;iidx_lm;popn_pikapika;sdvx_vm,allnet;eagate
ラウンドワン鹿児島宇宿店,鹿児島県鹿児島市宇宿2-2-2,31.5447366,130.5434185,chunithm;dance_around;ddr;drs;gitadora;iidx;jubeat;maimai_dx;nostalgia;ongeki;polaris_chord;popn;project_diva;sdvx,ddr_gold;gitadora_dm_arena;gitadora_gf_arena;iidx_lm;popn_pikapika;sdvx_vm,allnet;eagate
ラウンドワンＪＲ尼崎駅前店,兵庫県尼崎市潮江１−４−５プラストいきいき館４階,34.7334158,135.4329719,chunithm;iidx;maimai_dx;ongeki;popn;sdvx,iidx_lm;popn_pikapika;sdvx_vm,allnet;eagate
ラッキーバッティングドーム八千代店,千葉県八千代市大和田新田1088,35.7245286,140.0673411,chunithm;drs;gitadora;iidx;jubeat;maimai_dx;nostalgia;ongeki;polaris_chord;popn;sdvx,gitadora_dm_arena;gitadora_gf_arena;iidx_lm;popn_pikapika;sdvx_vm,allnet;eagate
ラッキー中央店・フェリシダ,千葉県千葉市中央区富士見2-8-1,35.6102534,140.1182646,chunithm;ddr;drs;gitadora;iidx;jubeat;maimai_dx;nostalgia;ongeki;polaris_chord;popn;project_diva;reflec;sdvx,ddr_gold;gitadora_dm_arena;gitadora_gf_arena;iidx_lm;popn_pikapika;sdvx_vm,allnet;eagate
ラッキー佐倉店,千葉県佐倉市井野1475,35.7184529,140.1362184,chunithm;gitadora;iidx;maimai_dx;nostalgia;ongeki;polaris_chord;popn;sdvx,gitadora_dm_arena;gitadora_gf_arena;iidx_lm;popn_pikapika;sdvx_vm,allnet;eagate
ル･モンド 巣鴨店,豊島区巣鴨2-5-9,35.7340420,139.7396620,jubeat;popn,,eagate
ロックンボウル,秋田県秋田市広面字長沼３０１,39.7172790,140.1434433,chunithm;ddr;gitadora;iidx;maimai_dx;popn,iidx_lm;popn_pikapika,allnet;eagate
三冠王,佐世保市相浦町2689-1,33.1907987,129.6528712,gitadora;iidx;nostalgia;popn;sdvx,iidx_lm;sdvx_vm,eagate
三郷ヤングボウル,三郷市戸ヶ崎5-131,35.7970590,139.8599740,gitadora;jubeat,,eagate
八街ヤングボウル,千葉県八街市八街ほ-380番地11,35.6520813,140.3195367,chunithm;jubeat;maimai_dx;ongeki,,allnet;eagate
北上ヤングボウル,北上市柳原町2-3-3,39.2932750,141.1093960,gitadora;jubeat,,eagate
千葉レジャーランド成東店,千葉県山武市姫島111-1,35.5884397,140.3901993,chunithm;ddr;iidx;jubeat;maimai_dx;ongeki;polaris_chord;popn;sdvx,ddr_gold;iidx_lm;popn_pikapika;sdvx_vm,allnet;eagate
千葉レジャーランド野田店,千葉県野田市吉春776-1,35.9715710,139.8653064,chunithm;ddr;gitadora;iidx;jubeat;maimai_dx;nostalgia;ongeki;polaris_chord;popn;project_diva;sdvx,ddr_gold;gitadora_dm_arena;gitadora_gf_arena;iidx_lm;popn_pikapika;sdvx_vm,allnet;eagate
半田メトロポリス,愛知県半田市旭町３−１１−１,34.8746637,136.9216480,chunithm;gitadora;iidx;maimai_dx;nostalgia;ongeki;polaris_chord;popn;project_diva;sdvx,gitadora_dm_arena;gitadora_gf_arena;iidx_lm;sdvx_vm,allnet;eagate
名古屋レジャーランド内田橋店,愛知県名古屋市南区内田橋2-26-22,35.1137608,136.9098442,chunithm;ddr;gitadora;iidx;jubeat;maimai_dx;nostalgia;ongeki;polaris_chord;popn;project_diva;sdvx,ddr_gold;gitadora_dm_arena;gitadora_gf_arena;iidx_lm;popn_pikapika;sdvx_vm,allnet;eagate
埼玉レジャーランド大宮ラクーン店,埼玉県さいたま市大宮区宮町1-60 RAKUUN５階,35.9077510,139.6256804,chunithm;ddr;gitadora;iidx;maimai_dx;ongeki;polaris_chord;popn;sdvx,ddr_gold;gitadora_dm_arena;gitadora_gf_arena;iidx_lm;popn_pikapika;sdvx_vm,allnet;eagate
埼玉レジャーランド大宮駅東口店,埼玉県さいたま市大宮区宮町1-8大宮セントラルビルB1F-2F,35.9079906,139.6245492,chunithm;ddr;gitadora;iidx;maimai_dx;ongeki;polaris_chord;popn;sdvx,ddr_gold;gitadora_dm_arena;gitadora_gf_arena;iidx_lm;popn_pikapika;sdvx_vm,allnet;eagate
埼玉レジャーランド春日部店,埼玉県春日部市大字増富字谷際163-1,35.9593592,139.7292399,chunithm;ddr;gitadora;iidx;jubeat;maimai_dx;ongeki;polaris_chord;popn;sdvx,ddr_gold;gitadora_dm_arena;gitadora_gf_arena;iidx_lm;popn_pikapika;sdvx_vm,allnet;eagate
大垣メトロポリス,岐阜県大垣市三塚町西沼５２３−１,35.3670652,136.6292333,chunithm;iidx;maimai_dx;nostalgia;ongeki;polaris_chord;sdvx,iidx_lm;sdvx_vm,allnet;eagate
大慶園,市川市大町359,35.7630430,139.9693300,ddr;drs;gitadora;iidx;jubeat;nostalgia;popn,popn_pikapika,eagate
大田原スポーツランド,栃木県那須塩原市一区町１０４−６０,36.8519301,139.9933560,chunithm;gitadora;iidx;jubeat;maimai_dx;ongeki;popn;project_diva,iidx_lm,allnet;eagate
太宰府Jボウル,太宰府市都府楼南5-6-12ゲームコーナー,33.5012920,130.5136994,gitadora;jubeat,,eagate
宇土パスカワールド,熊本県宇土市善道寺町綾織９５,32.6834753,130.6681987,chunithm;gitadora;iidx;maimai_dx;ongeki;popn;sdvx,gitadora_dm_arena;gitadora_gf_arena;iidx_lm;popn_pikapika;sdvx_vm,allnet;eagate
安城メトロポリス,愛知県安城市浜富町６−８,34.9551953,137.0973455,chunithm;ddr;gitadora;iidx;maimai_dx;ongeki;polaris_chord;popn;sdvx,ddr_gold;gitadora_dm_arena;gitadora_gf_arena;iidx_lm;popn_pikapika;sdvx_vm,allnet;eagate
宮西スタジアム２,愛媛県松山市宮西二丁目４の４１,33.8485225,132.7514682,chunithm;gitadora;jubeat;maimai_dx;nostalgia;ongeki;popn,,allnet;eagate
富山レジャーランド掛尾店,富山県富山市掛尾町３６０−１,36.6660317,137.2088901,chunithm;ddr;iidx;maimai_dx;popn;sdvx,ddr_gold;iidx_lm;popn_pikapika;sdvx_vm,allnet;eagate
小倉メトロポリス店,北九州市小倉北区西港町27-5,33.8963324,130.8596114,gitadora;iidx,iidx_lm,eagate
小川ヤングボウル,埼玉県比企郡小川町青山７４９,36.0502869,139.2618426,chunithm;nostalgia,,allnet;eagate
岐阜レジャーランド穂積店,岐阜県瑞穂市稲里630番地,35.3843322,136.6846639,chunithm;ddr;drs;gitadora;iidx;jubeat;maimai_dx;ongeki;polaris_chord;popn;project_diva;sdvx,ddr_gold;gitadora_dm_arena;gitadora_gf_arena;iidx_lm;popn_pikapika;sdvx_vm,allnet;eagate
嶺宝スポーツセンター,福島県いわき市小名浜住吉折返２−２,36.9742495,140.8905580,chunithm;drs;gitadora;iidx;jubeat;maimai_dx;nostalgia;ongeki;popn;sdvx,gitadora_dm_arena;gitadora_gf_arena;iidx_lm;popn_pikapika;sdvx_vm,allnet;eagate
常盤平ボウリングセンター,松戸市常盤平2-8-2,35.8029445,139.9501294,gitadora,,eagate
彦根パスカ,滋賀県彦根市西沼波町１６６,35.2586299,136.2654728,chunithm;gitadora;iidx;jubeat;maimai_dx;nostalgia;ongeki;popn;sdvx,iidx_lm;sdvx_vm,allnet;eagate
新宿スポーツランド本館,東京都新宿区新宿3-22-12,35.6931260,139.7018295,chunithm;gitadora;iidx;maimai_dx;ongeki;polaris_chord;popn;sdvx,gitadora_dm_arena;gitadora_gf_arena;iidx_lm;popn_pikapika;sdvx_vm,allnet;eagate
星狩物語岸和田店,大阪府岸和田市作才町1-3-2,34.4544936,135.3850002,chunithm;ddr;iidx;maimai_dx;popn,ddr_gold;iidx_lm,allnet;eagate
最後の５ドル,福岡県糟屋郡粕屋町大字仲原2706仲原ファミリープラザ2F,33.6091366,130.4453675,chunithm;gitadora;iidx;jubeat;maimai_dx;ongeki;sdvx,gitadora_dm_arena;gitadora_gf_arena;iidx_lm;sdvx_vm,allnet;eagate
東京レジャーランド亀有店,東京都葛飾区亀有3-21-2,35.7654165,139.8480115,chunithm;ddr;gitadora;iidx;maimai_dx;ongeki;popn;sdvx,ddr_gold;gitadora_dm_arena;gitadora_gf_arena;iidx_lm;popn_pikapika;sdvx_vm,allnet;eagate
東京レジャーランド吉祥寺店,東京都武蔵野市吉祥寺本町1-3-7　YSビル地下１階〜4階,35.7035980,139.5787046,chunithm;ddr;gitadora;iidx;maimai_dx;ongeki;popn;sdvx,ddr_gold;gitadora_dm_arena;gitadora_gf_arena;iidx_lm;popn_pikapika;sdvx_vm,allnet;eagate
東京レジャーランド池袋店,東京都豊島区東池袋１−２９−１サントロペ池袋２階３階,35.7304887,139.7164445,chunithm;ddr;gitadora;iidx;jubeat;maimai_dx;nostalgia;ongeki;polaris_chord;popn;sdvx,ddr_gold;gitadora_dm_arena;gitadora_gf_arena;iidx_lm;popn_pikapika;sdvx_vm,allnet;eagate
東京レジャーランド秋葉原2号店,東京都千代田区外神田4-3-3ミナミビル6F・7F,35.7008302,139.7718494,chunithm;ddr;gitadora;iidx;jubeat;maimai_dx;ongeki;polaris_chord;popn;sdvx,ddr_gold;gitadora_dm_arena;gitadora_gf_arena;iidx_lm;popn_pikapika;sdvx_vm,allnet;eagate
東京レジャーランド秋葉原店,東京都千代田区外神田1-9-5,35.6987469,139.7701470,chunithm;ddr;gitadora;iidx;maimai_dx;ongeki;polaris_chord;popn;project_diva;sdvx,ddr_gold;gitadora_dm_arena;gitadora_gf_arena;iidx_lm;popn_pikapika;sdvx_vm,allnet;eagate
東武イーストモールアミューズメントランド,北海道北見市端野町３区５７２番地１,43.8414261,143.9286964,chunithm;gitadora;iidx;maimai_dx;ongeki;sdvx,gitadora_dm_arena;gitadora_gf_arena;iidx_lm;sdvx_vm,allnet;eagate
柏駅前ヤングボウル,千葉県柏市柏１−３−１,35.8606968,139.9712677,chunithm;jubeat;ongeki;sdvx,sdvx_vm,allnet;eagate
楽市楽座 イオンモール大和郡山店,奈良県大和郡山市下三橋町741-333イオンモール大和郡山店,34.6518656,135.8020009,gitadora;iidx;jubeat;project_diva,,allnet;eagate
楽市楽座イオンモール扶桑店,丹羽郡扶桑町南山名字高塚5イオンモール扶桑2F,35.3620953,136.8990146,ddr;iidx;nostalgia;popn,ddr_gold;iidx_lm,eagate
楽市楽座イオンモール福岡伊都店,福岡県福岡市西区北原1-3-1イオンモール福岡伊都SC別館,33.5770481,130.2564028,chunithm;ddr;drs;gitadora;iidx;jubeat;maimai_dx;nostalgia;ongeki;polaris_chord;popn;sdvx,ddr_gold;gitadora_dm_arena;gitadora_gf_arena;iidx_lm;popn_pikapika;sdvx_vm,allnet;eagate
楽市楽座サンストリート浜北店,浜松市浜名区平口2861サンストリート浜北内 M-207,34.7946727,137.7607979,ddr;drs;gitadora;iidx;jubeat;popn;sdvx,ddr_gold;gitadora_dm_arena;gitadora_gf_arena;iidx_lm;popn_pikapika;sdvx_vm,eagate
楽市楽座広島店,広島県広島市南区段原南１−３−５２広島段原ＳＣ７階７００１,34.3852255,132.4760186,chunithm;maimai_dx;nostalgia,,allnet;eagate
楽市楽座行橋店,福岡県行橋市西泉６−１−１,33.7170085,130.9716317,chunithm;iidx;maimai_dx;nostalgia,iidx_lm,allnet;eagate
楽市楽座黒崎店,福岡県北九州市八幡西区桜ヶ丘町１−３フレスポ黒崎２階,33.8656842,130.7560629,chunithm;ddr;drs;gitadora;iidx;jubeat;maimai_dx;nostalgia;ongeki;popn;project_diva;sdvx,ddr_gold;gitadora_dm_arena;gitadora_gf_arena;iidx_lm;popn_pikapika;sdvx_vm,allnet;eagate
楽市街道 名古屋店,愛知県北名古屋市中之郷新明４５−１,35.2398490,136.8488049,chunithm;ddr;gitadora;iidx;maimai_dx;sdvx,gitadora_dm_arena;gitadora_gf_arena;iidx_lm;sdvx_vm,allnet;eagate
楽市街道くるめ店,福岡県久留米市新合川2-7-10久留米アミューズメントビル内,33.3197842,130.5426705,chunithm;gitadora;maimai_dx,,allnet;eagate
楽市街道箱崎店,福岡県福岡市東区箱崎５丁目１番８号,33.6242624,130.4196214,chunithm;dance_evo;ddr;gitadora;iidx;jubeat;maimai_dx;nostalgia;ongeki;popn;project_diva;sdvx,ddr_gold;gitadora_dm_arena;gitadora_gf_arena;iidx_lm;popn_pikapika;sdvx_vm,allnet;eagate
欢乐嘉年华（百联店）,"沈阳(Shenyang), 辽宁省（Liaoning Province）",41.7923420,123.4333810,jubeat;other;taiko,,ziv
永山コパボウル,多摩市永山1-3-4ヒューマックスパビリオン6F,35.6315068,139.4479486,ddr;gitadora;iidx;popn;sdvx,ddr_gold;iidx_lm;sdvx_vm,eagate
沼津バッティングスタジアム,静岡県沼津市岡一色１９−２,35.1214134,138.8770793,chunithm;iidx;nostalgia;ongeki,,allnet;eagate
沼津バッティングセンター,沼津市岡一色字三竹道19-2,35.1211993,138.8770362,popn,,eagate
滋賀レジャーランド大津店,滋賀県大津市におの浜３−１−４３ イオンタウンアヤハプラザ内,35.0039335,135.8834052,ddr;iidx;popn;project_diva;sdvx,ddr_gold;iidx_lm;sdvx_vm,allnet;eagate
神奈川レジャーランド厚木店,神奈川県厚木市戸室5-31-1,35.4481120,139.3431770,chunithm;dance_evo;ddr;drs;gitadora;iidx;jubeat;maimai_dx;nostalgia;ongeki;polaris_chord;popn;project_diva;reflec;sdvx,ddr_gold;gitadora_dm_arena;gitadora_gf_arena;iidx_lm;popn_pikapika;sdvx_vm,allnet;eagate
福井レジャーランド板垣店,福井県福井市下馬３−１０２,36.0423089,136.2337626,chunithm;ddr;gitadora;iidx;jubeat;maimai_dx;ongeki;polaris_chord;popn;sdvx,ddr_gold;gitadora_dm_arena;gitadora_gf_arena;iidx_lm;popn_pikapika;sdvx_vm,allnet;eagate
群馬レジャーランド伊勢崎店,群馬県伊勢崎市連取町3066-1,36.3182128,139.1723709,chunithm;ddr;gitadora;iidx;jubeat;maimai_dx;ongeki;polaris_chord;popn;sdvx,ddr_gold;gitadora_dm_arena;gitadora_gf_arena;iidx_lm;popn_pikapika;sdvx_vm,allnet;eagate
群馬レジャーランド前橋店,群馬県前橋市日吉町４ー３７ー１,36.4049826,139.0794233,chunithm;ddr;gitadora;iidx;maimai_dx;ongeki;polaris_chord;popn;sdvx,ddr_gold;gitadora_dm_arena;gitadora_gf_arena;iidx_lm;popn_pikapika;sdvx_vm,allnet;eagate
群馬レジャーランド太田店,群馬県太田市西矢島町162-2,36.2681054,139.3759251,chunithm;ddr;gitadora;iidx;jubeat;maimai_dx;nostalgia;ongeki;polaris_chord;popn;sdvx,ddr_gold;gitadora_dm_arena;gitadora_gf_arena;iidx_lm;popn_pikapika;sdvx_vm,allnet;eagate
群馬レジャーランド渋川店,群馬県渋川市八木原1364,36.4741949,139.0153797,chunithm;ddr;gitadora;iidx;maimai_dx;nostalgia;ongeki;polaris_chord;popn;sdvx,ddr_gold;gitadora_dm_arena;gitadora_gf_arena;iidx_lm;popn_pikapika;sdvx_vm,allnet;eagate
群馬レジャーランド藤岡店,群馬県藤岡市中2002-1,36.2743443,139.0718665,chunithm;ddr;gitadora;iidx;jubeat;maimai_dx;nostalgia;ongeki;polaris_chord;popn;project_diva;sdvx,ddr_gold;gitadora_dm_arena;gitadora_gf_arena;iidx_lm;popn_pikapika;sdvx_vm,allnet;eagate
群馬レジャーランド高崎駅東口店,群馬県高崎市江木町３３３−１高崎ＥＸビル,36.3298716,139.0128575,chunithm;ddr;drs;gitadora;iidx;jubeat;maimai_dx;nostalgia;ongeki;polaris_chord;popn;sdvx,ddr_gold;gitadora_dm_arena;gitadora_gf_arena;iidx_lm;popn_pikapika;sdvx_vm,allnet;eagate
茂原ヤングボウル,茂原市高師4-5,35.4349830,140.2931460,jubeat;nostalgia,,eagate
葛飾ヤングボウル,葛飾区青戸5-13-3,35.7483255,139.8540342,gitadora;jubeat;nostalgia,,eagate
豊川メトロポリス,愛知県豊川市下長山町上アライ１４−１,34.8025832,137.3845019,chunithm;iidx;jubeat;maimai_dx;nostalgia;ongeki;polaris_chord;sdvx,iidx_lm;sdvx_vm,allnet;eagate
遊スペース マジカル,兵庫県神戸市中央区琴ノ緒町５−２−３,34.6955046,135.1950389,chunithm;gitadora;iidx;jubeat;maimai_dx;nostalgia;ongeki;polaris_chord;popn;sdvx,gitadora_dm_arena;gitadora_gf_arena;iidx_lm;popn_pikapika;sdvx_vm,allnet;eagate
遊ランド富良野店,北海道富良野市弥生町５番５０号,43.3442505,142.3785285,chunithm;jubeat;reflec,,allnet;eagate
遊ランド春光店,旭川市春光1条7-2-25,43.7981920,142.3739830,drs;iidx;jubeat;nostalgia;popn;sdvx,iidx_lm;sdvx_vm,eagate
遊ランド西御料店,北海道旭川市西御料５条２丁目,43.7238720,142.3688685,chunithm;iidx;jubeat;nostalgia;popn;project_diva;sdvx,sdvx_vm,allnet;eagate
遊道楽嘉瀬店,佐賀県佐賀市嘉瀬町中原２４８８−１,33.2422048,130.2565009,chunithm;gitadora;iidx;jubeat;maimai_dx;ongeki;popn;project_diva;sdvx,iidx_lm;popn_pikapika;sdvx_vm,allnet;eagate
金沢メトロポリス,石川県金沢市無量寺４−１２１−１,36.6011250,136.6140067,chunithm;iidx;popn,iidx_lm,allnet;eagate
館山ヤングボウル,千葉県館山市北条1564,34.9907318,139.8673618,chunithm;gitadora;maimai_dx;nostalgia;ongeki,,allnet;eagate
Ａ．Ｃ．グランド,岐阜県岐阜市茜部大川1-77,35.3830948,136.7461877,chunithm;ddr;drs;gitadora;iidx;jubeat;maimai_dx;nostalgia;ongeki;other;polaris_chord;popn;project_diva;reflec;sdvx;taiko,ddr_gold;gitadora_dm_arena;gitadora_gf_arena;iidx_lm;popn_pikapika;sdvx_vm,allnet;eagate;ziv
ＡＤＸマミー出川店,愛知県春日井市不二ヶ丘１丁目５番地,35.2673215,137.0126718,chunithm;gitadora;iidx;jubeat;maimai_dx;ongeki;popn;sdvx,iidx_lm;popn_pikapika;sdvx_vm,allnet;eagate
ＡＤＸマミー岡崎店,愛知県岡崎市井田新町６−１,34.9770308,137.1617195,chunithm;ddr;gitadora;iidx;jubeat;maimai_dx;ongeki;popn;sdvx,iidx_lm;popn_pikapika;sdvx_vm,allnet;eagate
ＦｅｅｄｙＡｒｃａｄｅ新潟亀田インター,新潟県新潟市江南区下早通柳田１ー１ー１　イオンモール２階,37.8760671,139.0812391,chunithm;ddr;gitadora;maimai_dx;ongeki,,allnet;eagate
ＦｅｅｄｙＤｉｎｅｒ＆Ａｒｃａｄｅ綾川,香川県綾歌郡綾川町萱原８２２−１　イオン綾川ＳＣ３Ｆ,34.2516659,133.9310040,chunithm;ddr;iidx;maimai_dx;ongeki;polaris_chord;popn,iidx_lm,allnet;eagate
Ｇ−ｐａｌａ小倉,福岡県北九州市小倉南区上葛原1−14−1,33.8396527,130.9113355,chunithm;ddr;iidx;jubeat;maimai_dx;ongeki;polaris_chord;popn;project_diva;sdvx,ddr_gold;iidx_lm;sdvx_vm,allnet;eagate
Ｇ−ｐａｌａ日田,大分県日田市友田997-1,33.3258135,130.9116595,chunithm;iidx;jubeat;maimai_dx;nostalgia;ongeki;polaris_chord;reflec;sdvx,iidx_lm;sdvx_vm,allnet;eagate
Ｇ−ＳＴＡＧＥ七隈店,福岡県福岡市城南区七隈８−４−８,33.5512334,130.3643444,chunithm;gitadora;iidx;maimai_dx;ongeki;popn;sdvx,iidx_lm;popn_pikapika;sdvx_vm,allnet;eagate
Ｇ−ＳＴＡＧＥ小倉,福岡県北九州市小倉北区浅野2-14-5あるあるCITY2階,33.8875419,130.8847304,chunithm;gitadora;iidx;jubeat;maimai_dx;museca;nostalgia;ongeki;polaris_chord;popn;sdvx,gitadora_dm_arena;gitadora_gf_arena;iidx_lm;popn_pikapika;sdvx_vm,allnet;eagate
Ｇ−ＳＴＡＧＥ飯塚店,福岡県飯塚市枝国６８０−２,33.6364868,130.6760254,chunithm;iidx;maimai_dx;ongeki;popn;sdvx,iidx_lm;popn_pikapika;sdvx_vm,allnet;eagate
ＧＡＭＥＢＡＮＫ仙台泉店,宮城県仙台市泉区大沢２−５−４,38.3527525,140.8774030,chunithm;ddr;drs;gitadora;iidx;jubeat;maimai_dx;nostalgia;ongeki;popn;project_diva;sdvx,gitadora_dm_arena;iidx_lm;sdvx_vm,allnet;eagate
ＧｉＧＯ ＭＯＭＯテラス京都伏見,京都府京都市伏見区桃山町山ノ下３２ ＭＯＭＯテラス別館２Ｆ,34.9373547,135.7951229,jubeat;project_diva,,allnet;eagate
ＧｉＧＯあべのアポロ３Ｆ,大阪府大阪市阿倍野区阿倍野筋１‐５‐３１　アポロビル３Ｆ,34.6465681,135.5117823,chunithm;ddr;gitadora;iidx;maimai_dx;ongeki;polaris_chord;popn;sdvx,ddr_gold;gitadora_dm_arena;gitadora_gf_arena;iidx_lm;popn_pikapika;sdvx_vm,allnet;eagate
ＧｉＧＯいわきエブリア,福島県いわき市鹿島町米田字日渡５いわきエブリア２階,36.9937290,140.9051075,jubeat;ongeki,,allnet;eagate
ＧｉＧＯすすきの,北海道札幌市中央区南３条西４丁目１ー１,43.0564347,141.3528307,chunithm;ddr;iidx;maimai_dx;ongeki;popn;sdvx,ddr_gold;iidx_lm;popn_pikapika;sdvx_vm,allnet;eagate
ＧｉＧＯひたちなか,茨城県ひたちなか市田中後４０−２,36.3475077,140.5800894,chunithm;gitadora;iidx;maimai_dx;ongeki;polaris_chord;sdvx,iidx_lm;sdvx_vm,allnet;eagate
ＧｉＧＯアドバンスモール松阪,三重県松阪市田村町２３５−１,34.5538974,136.5146608,chunithm;maimai_dx;nostalgia;ongeki;polaris_chord;project_diva,,allnet;eagate
ＧｉＧＯイオンタウン小郡,山口県山口市小郡前田町３−６イオンタウン小郡内,34.0869865,131.3986628,chunithm;maimai_dx;nostalgia;ongeki;project_diva,,allnet;eagate
ＧｉＧＯイオンモール岡山,岡山県岡山市北区下石井１−２−１イオンモール岡山６Ｆ,34.6620437,133.9177953,chunithm;iidx;maimai_dx;ongeki;polaris_chord;popn;sdvx,iidx_lm;popn_pikapika;sdvx_vm,allnet;eagate
ＧｉＧＯイオンモール新発田,新潟県新発田市住吉町５‐１１‐５イオンモール新発田店２Ｆ,37.9425520,139.3088201,chunithm;ddr;iidx;maimai_dx;ongeki;polaris_chord;popn;sdvx,iidx_lm;sdvx_vm,allnet;eagate
ＧｉＧＯイオンモール日根野,大阪府泉佐野市日根野２４９６−１イオンモール日根野２Ｆ,34.3924081,135.3341508,chunithm;drs;iidx;nostalgia;polaris_chord;popn,iidx_lm,allnet;eagate
ＧｉＧＯイオンモール苫小牧,北海道苫小牧市柳町３丁目１番２０号イオンモール苫小牧２階,42.6563187,141.6420372,chunithm;gitadora;iidx;jubeat;maimai_dx;ongeki;polaris_chord;popn;sdvx,iidx_lm;popn_pikapika;sdvx_vm,allnet;eagate
ＧｉＧＯイオン札幌手稲駅前ＳＣ,北海道札幌市手稲区前田１条１１丁目３階,43.1205333,141.2454205,chunithm;ddr;iidx;maimai_dx;ongeki;polaris_chord;popn;sdvx,ddr_gold;iidx_lm;sdvx_vm,allnet;eagate
ＧｉＧＯサントムーン柿田川,静岡県駿東郡清水町玉川６１−２サントムーン柿田川２Ｆ,35.1097737,138.9030008,chunithm;iidx;maimai_dx;nostalgia;ongeki;polaris_chord;popn;sdvx,iidx_lm;popn_pikapika;sdvx_vm,allnet;eagate
ＧｉＧＯスマーク伊勢崎,群馬県伊勢崎市西小保方町３６８スマーク伊勢崎３Ｆ ３０２区画,36.3391744,139.2330425,drs;iidx;jubeat;nostalgia;polaris_chord;project_diva;sdvx,iidx_lm;sdvx_vm,allnet;eagate
ＧｉＧＯセンター南,神奈川県横浜市都筑区茅ヶ崎中央３−２５,35.5446019,139.5746394,chunithm;iidx;maimai_dx;ongeki;polaris_chord;popn;sdvx,iidx_lm;popn_pikapika;sdvx_vm,allnet;eagate
ＧｉＧＯデイズタウンつくば,茨城県つくば市竹園１—９−２デイズタウンつくば地下１Ｆ,36.0777294,140.1153316,chunithm;dance_evo;ddr;drs;gitadora;iidx;jubeat;maimai_dx;museca;nostalgia;ongeki;polaris_chord;popn;project_diva;reflec;sdvx,ddr_gold;gitadora_dm_arena;gitadora_gf_arena;iidx_lm;popn_pikapika;sdvx_vm,allnet;eagate
ＧｉＧＯトナリエ四日市,三重県四日市市安島１丁目３番３１号トナリエ四日市５階,34.9686061,136.6166547,chunithm;drs;iidx;jubeat;maimai_dx;ongeki;polaris_chord;project_diva;sdvx,iidx_lm;sdvx_vm,allnet;eagate
ＧｉＧＯドリームタウン白樺,北海道帯広市白樺１６条西２丁目ドリームタウン白樺１階,42.9194181,143.1743325,chunithm;ddr;gitadora;iidx;maimai_dx;ongeki;polaris_chord;popn;project_diva;sdvx,ddr_gold;iidx_lm;popn_pikapika;sdvx_vm,allnet;eagate
ＧｉＧＯヒタチエ,茨城県日立市幸町１丁目１６番１号ヒタチエ５階,36.5918049,140.6590163,chunithm;drs;iidx;jubeat;maimai_dx;ongeki;popn;reflec,,allnet;eagate
ＧｉＧＯマーケットスクエアささしま,愛知県名古屋市中村区平池町４丁目６０番地１４号,35.1626230,136.8849364,chunithm;ddr;gitadora;iidx;jubeat;maimai_dx;nostalgia;ongeki;polaris_chord;popn;sdvx,ddr_gold;gitadora_dm_arena;gitadora_gf_arena;iidx_lm;popn_pikapika;sdvx_vm,allnet;eagate
ＧｉＧＯマーゴ関,岐阜県関市倉知５１６,35.4796478,136.9006802,chunithm;iidx;maimai_dx;nostalgia;ongeki;polaris_chord;project_diva;sdvx,iidx_lm;sdvx_vm,allnet;eagate
ＧｉＧＯ一関,岩手県一関市山目字中野９２ー１,38.9337343,141.1183423,chunithm;maimai_dx;polaris_chord;popn,,allnet;eagate
ＧｉＧＯ三宮北口,兵庫県神戸市中央区北長狭通一丁目８番１号,34.6931201,135.1921928,chunithm;gitadora;iidx;maimai_dx;ongeki;polaris_chord;popn;sdvx,iidx_lm;popn_pikapika;sdvx_vm,allnet;eagate
ＧｉＧＯ上田,長野県上田市大字上田１８４７−１,36.4127733,138.2619352,chunithm;nostalgia;ongeki;project_diva,,allnet;eagate
ＧｉＧＯ久居,三重県津市久居明神町字風早２５３４−１,34.6842048,136.4668428,chunithm;maimai_dx;nostalgia;ongeki;project_diva,,allnet;eagate
ＧｉＧＯ今福,大阪府大阪市城東区今福東１−９−３４,34.7009266,135.5574414,chunithm;jubeat;maimai_dx;nostalgia;ongeki;polaris_chord;project_diva,,allnet;eagate
ＧｉＧＯ仙台,宮城県仙台市青葉区中央２−５−５三経６０ビル,38.2616214,140.8767359,chunithm;ddr;drs;iidx;maimai_dx;nostalgia;ongeki;polaris_chord;popn;project_diva;sdvx,ddr_gold;iidx_lm;popn_pikapika;sdvx_vm,allnet;eagate
ＧｉＧＯ仙台一番町,宮城県仙台市青葉区一番町４丁目５番１３号サンシャインビル１階,38.2641347,140.8711617,chunithm;ddr;gitadora;iidx;maimai_dx;ongeki;polaris_chord;popn;sdvx,ddr_gold;gitadora_dm_arena;gitadora_gf_arena;iidx_lm;popn_pikapika;sdvx_vm,allnet;eagate
ＧｉＧＯ伊勢,三重県伊勢市中須町６６６,34.4921013,136.6780636,chunithm;iidx;jubeat;maimai_dx;nostalgia;ongeki;polaris_chord;project_diva;sdvx,iidx_lm;sdvx_vm,allnet;eagate
ＧｉＧＯ会津若松,福島県会津若松市町北町上荒久田字宮下１４２,37.5183115,139.9221731,chunithm;ddr;iidx;maimai_dx;ongeki;polaris_chord;popn;sdvx,ddr_gold;iidx_lm;popn_pikapika;sdvx_vm,allnet;eagate
ＧｉＧＯ入間,埼玉県入間市東藤沢２−１８,35.8192054,139.4181179,chunithm;gitadora;iidx;jubeat;maimai_dx;nostalgia;ongeki;polaris_chord;project_diva;sdvx,iidx_lm;sdvx_vm,allnet;eagate
ＧｉＧＯ八柱,千葉県松戸市日暮１−１−１八柱駅第２ビル２Ｆ,35.7913772,139.9377874,chunithm;ddr;iidx;jubeat;maimai_dx;ongeki;polaris_chord;popn;sdvx,ddr_gold;iidx_lm;popn_pikapika;sdvx_vm,allnet;eagate
ＧｉＧＯ八王子高倉,東京都八王子市高倉町５５‐４,35.6650608,139.3664651,chunithm;iidx;jubeat;maimai_dx;nostalgia;ongeki;polaris_chord;popn;project_diva;sdvx,iidx_lm;popn_pikapika;sdvx_vm,allnet;eagate
ＧｉＧＯ利府,宮城県宮城郡利府町加瀬字新前谷地５５−１,38.3280286,140.9756113,chunithm;ddr;iidx;maimai_dx;ongeki;popn;sdvx,ddr_gold;iidx_lm;popn_pikapika;sdvx_vm,allnet;eagate
ＧｉＧＯ北岡崎,愛知県岡崎市錦町２番地４,34.9733728,137.1599159,chunithm;ddr;drs;gitadora;iidx;jubeat;maimai_dx;nostalgia;ongeki;polaris_chord;popn;project_diva;sdvx,ddr_gold;gitadora_dm_arena;gitadora_gf_arena;iidx_lm;popn_pikapika;sdvx_vm,allnet;eagate
ＧｉＧＯ北見,北海道北見市西三輪５丁目１番地１６号,43.7965975,143.8426114,chunithm;ddr;gitadora;iidx;jubeat;maimai_dx;ongeki;polaris_chord;popn;sdvx,ddr_gold;iidx_lm;sdvx_vm,allnet;eagate
ＧｉＧＯ名張,三重県名張市希央台３番町１５,34.6235067,136.1035133,chunithm;drs;maimai_dx;nostalgia;ongeki,,allnet;eagate
ＧｉＧＯ大森,東京都大田区山王２−１−５大森駅ララビル２Ｆ,35.5900117,139.7284234,chunithm;ddr;gitadora;iidx;jubeat;maimai_dx;ongeki;polaris_chord;popn;project_diva;sdvx,ddr_gold;gitadora_dm_arena;gitadora_gf_arena;iidx_lm;popn_pikapika;sdvx_vm,allnet;eagate
ＧｉＧＯ大阪道頓堀本店,大阪府大阪市中央区道頓堀１丁目８番２２号道頓座ビル１〜３Ｆ,34.6684903,135.5016990,chunithm;ddr;gitadora;iidx;maimai_dx;ongeki;polaris_chord;project_diva;sdvx,ddr_gold;gitadora_dm_arena;gitadora_gf_arena;iidx_lm;sdvx_vm,allnet;eagate
ＧｉＧＯ天童,山形県天童市南町１−５−２６,38.3429386,140.3741282,chunithm;ddr;drs;gitadora;iidx;jubeat;maimai_dx;nostalgia;ongeki;polaris_chord;popn;project_diva;sdvx,ddr_gold;iidx_lm;sdvx_vm,allnet;eagate
ＧｉＧＯ姫路駅前,兵庫県姫路市駅前町２５４姫路ＯＳビルＢ１Ｆ,34.8288891,134.6911463,chunithm;iidx;maimai_dx;ongeki;polaris_chord;popn;sdvx,iidx_lm;popn_pikapika;sdvx_vm,allnet;eagate
ＧｉＧＯ宇都宮,栃木県宇都宮市東宿郷５−１−７,36.5583104,139.9088155,chunithm;ddr;drs;gitadora;iidx;jubeat;maimai_dx;nostalgia;ongeki;polaris_chord;popn;project_diva;sdvx,ddr_gold;gitadora_dm_arena;gitadora_gf_arena;iidx_lm;popn_pikapika;sdvx_vm,allnet;eagate
ＧｉＧＯ室蘭,北海道室蘭市東町４丁目３１番２号１階,42.3421726,141.0259566,chunithm;maimai_dx;ongeki;popn,,allnet;eagate
ＧｉＧＯ小山,栃木県小山市東城南１−１−１８,36.2989766,139.8101635,chunithm;iidx;maimai_dx;nostalgia;ongeki;polaris_chord;project_diva;sdvx,iidx_lm;sdvx_vm,allnet;eagate
ＧｉＧＯ尾西,愛知県一宮市篭屋３−９−７アソビックスびさい１Ｆ,35.3092178,136.7715210,chunithm;gitadora;iidx;maimai_dx;ongeki;polaris_chord;sdvx,iidx_lm;sdvx_vm,allnet;eagate
ＧｉＧＯ岡山藤崎,岡山県岡山市中区藤崎５９９−１２,34.6088660,133.9766043,chunithm;maimai_dx;nostalgia;ongeki;project_diva,,allnet;eagate
ＧｉＧＯ岡谷,長野県岡谷市塚間町２−１−２１,36.0652155,138.0530269,chunithm;maimai_dx;nostalgia;ongeki;project_diva,,allnet;eagate
ＧｉＧＯ川口,埼玉県川口市東領家２−２−１０,35.7948508,139.7475285,chunithm;drs;maimai_dx;nostalgia;ongeki;polaris_chord;project_diva,,allnet;eagate
ＧｉＧＯ布施,大阪府東大阪市長堂１−１−１ロンモール布施内,34.6641110,135.5627449,chunithm;ddr;drs;gitadora;iidx;jubeat;maimai_dx;nostalgia;ongeki;polaris_chord;popn;project_diva;sdvx,ddr_gold;iidx_lm;popn_pikapika;sdvx_vm,allnet;eagate
ＧｉＧＯ幕張,千葉県千葉市美浜区ひび野１−８メッセ・アミューズ・モール１Ｆ,35.6499867,140.0426445,chunithm;ddr;gitadora;iidx;jubeat;maimai_dx;ongeki;polaris_chord;popn;project_diva;sdvx,ddr_gold;iidx_lm;popn_pikapika;sdvx_vm,allnet;eagate
ＧｉＧＯ広,広島県呉市広中町１−９,34.2285551,132.6294083,chunithm;gitadora;iidx;jubeat;maimai_dx;ongeki;polaris_chord;popn;sdvx,iidx_lm;sdvx_vm,allnet;eagate
ＧｉＧＯ延岡,宮崎県延岡市平原町５−１４９２−８,32.5498259,131.6778907,chunithm;maimai_dx;nostalgia;ongeki;project_diva,,allnet;eagate
ＧｉＧＯ成増,東京都板橋区成増２ー１７ー２４五曠第６ビル,35.7774582,139.6312607,chunithm;ddr;gitadora;iidx;maimai_dx;nostalgia;ongeki;polaris_chord;popn;project_diva;sdvx,ddr_gold;iidx_lm;popn_pikapika;sdvx_vm,allnet;eagate
ＧｉＧＯ所沢,埼玉県所沢市日吉町８−１,35.7884760,139.4718990,chunithm;iidx;maimai_dx;nostalgia;ongeki;polaris_chord;project_diva;sdvx,iidx_lm;sdvx_vm,allnet;eagate
ＧｉＧＯ掛川,静岡県掛川市細田２４８,34.7738744,137.9853301,chunithm;maimai_dx;nostalgia;ongeki,,allnet;eagate
ＧｉＧＯ新宿西口,東京都新宿区西新宿１−１２−５Ｂ１Ｆ・１Ｆ,35.6895292,139.6973700,chunithm;iidx;maimai_dx;ongeki;polaris_chord;popn;sdvx,iidx_lm;popn_pikapika;sdvx_vm,allnet;eagate
ＧｉＧＯ新庄,山形県新庄市金沢１０６８,38.7646694,140.3084662,chunithm;gitadora;iidx;jubeat;maimai_dx;polaris_chord;popn;sdvx,iidx_lm;sdvx_vm,allnet;eagate
ＧｉＧＯ新杉田,神奈川県横浜市磯子区杉田１−１−１らびすた新杉田２Ｆ,35.3860689,139.6188885,chunithm;iidx;maimai_dx;ongeki;polaris_chord;popn;project_diva;sdvx,iidx_lm;popn_pikapika;sdvx_vm,allnet;eagate
ＧｉＧＯ日光,栃木県日光市芹沼１４４８−１,36.7410949,139.7101397,chunithm;maimai_dx;nostalgia;ongeki;polaris_chord;project_diva,,allnet;eagate
ＧｉＧＯ日立,茨城県日立市田尻町３−２６−１,36.6264312,140.6698583,chunithm;gitadora;jubeat;maimai_dx;nostalgia;ongeki;project_diva,,allnet;eagate
ＧｉＧＯ明石,兵庫県明石市魚住町清水２４６４−１,34.7200565,134.8968320,chunithm;drs;gitadora;maimai_dx;nostalgia;ongeki,,allnet;eagate
ＧｉＧＯ春日井,愛知県春日井市岩野町４１８０,35.2695446,136.9605146,chunithm;iidx;jubeat;maimai_dx;nostalgia;ongeki;project_diva;sdvx,iidx_lm;sdvx_vm,allnet;eagate
ＧｉＧＯ本厚木,神奈川県厚木市中町４−１５−９,35.4390462,139.3619056,chunithm;gitadora;iidx;jubeat;maimai_dx;ongeki;polaris_chord;sdvx,iidx_lm;sdvx_vm,allnet;eagate
ＧｉＧＯ本藤沢,神奈川県藤沢市本藤沢５‐６‐８,35.3580369,139.4681074,chunithm;iidx;jubeat;maimai_dx;ongeki;polaris_chord;popn;sdvx,iidx_lm;sdvx_vm,allnet;eagate
ＧｉＧＯ札幌駅西口,北海道札幌市北区北６条西６丁目１‐１,43.0675310,141.3462795,chunithm;ddr;gitadora;iidx;maimai_dx;ongeki;popn;sdvx,ddr_gold;gitadora_dm_arena;gitadora_gf_arena;iidx_lm;popn_pikapika;sdvx_vm,allnet;eagate
ＧｉＧＯ松山,愛媛県松山市枝松５−７−３２,33.8282598,132.7865030,chunithm;maimai_dx;nostalgia;ongeki,,allnet;eagate
ＧｉＧＯ松江,島根県松江市嫁島町１２−１５,35.4500922,133.0478147,chunithm;maimai_dx;nostalgia;ongeki;project_diva,,allnet;eagate
ＧｉＧＯ枚方,大阪府枚方市須山町８３−１サンシャインプラザ枚方内,34.8196428,135.6755727,chunithm;iidx;maimai_dx;nostalgia;ongeki;project_diva;sdvx,iidx_lm;sdvx_vm,allnet;eagate
ＧｉＧＯ武雄,佐賀県武雄市武雄町富岡１２５１７−１,33.1993539,130.0346461,chunithm;drs;jubeat;maimai_dx;nostalgia;ongeki;polaris_chord;project_diva,,allnet;eagate
ＧｉＧＯ水戸,茨城県水戸市宮町１−７−４４コムボックス３１０,36.3694663,140.4745213,chunithm;ddr;drs;gitadora;iidx;jubeat;maimai_dx;nostalgia;ongeki;polaris_chord;popn;project_diva;sdvx,ddr_gold;iidx_lm;popn_pikapika;sdvx_vm,allnet;eagate
ＧｉＧＯ水戸南,茨城県水戸市千波町２０１７−１,36.3503245,140.4430002,chunithm;ddr;gitadora;iidx;jubeat;maimai_dx;nostalgia;ongeki;polaris_chord;popn;project_diva;sdvx,iidx_lm;popn_pikapika;sdvx_vm,allnet;eagate
ＧｉＧＯ池上,東京都大田区池上６−２−３松山ビル２Ｆ,35.5726635,139.7021271,chunithm;maimai_dx;nostalgia;ongeki,,allnet;eagate
ＧｉＧＯ渋谷宮益坂,東京都渋谷区渋谷１−１４−１４ＥＳＴ１階・７階,35.6600164,139.7025897,chunithm;ddr;iidx;jubeat;maimai_dx;nostalgia;ongeki;polaris_chord;popn;project_diva;sdvx,ddr_gold;iidx_lm;popn_pikapika;sdvx_vm,allnet;eagate
ＧｉＧＯ港北インター,神奈川県横浜市都筑区東方町３２１‐６,35.5192486,139.5847936,chunithm;gitadora;iidx;maimai_dx;ongeki;polaris_chord;popn;sdvx,gitadora_dm_arena;gitadora_gf_arena;iidx_lm;popn_pikapika;sdvx_vm,allnet;eagate
ＧｉＧＯ生桑,三重県四日市市生桑町字川原崎２９９−１,34.9864590,136.6016295,chunithm;jubeat;maimai_dx;nostalgia;ongeki;project_diva,,allnet;eagate
ＧｉＧＯ町田,東京都町田市原町田６−１３ー１７アーバンミサワビルＢ１,35.5438675,139.4469818,chunithm;ddr;iidx;maimai_dx;ongeki;polaris_chord;popn;project_diva;sdvx,ddr_gold;iidx_lm;popn_pikapika;sdvx_vm,allnet;eagate
ＧｉＧＯ相模原,神奈川県相模原市中央区中央２−１−５,35.5735451,139.3710572,chunithm;ddr;gitadora;iidx;maimai_dx;ongeki;polaris_chord;popn;project_diva;sdvx,ddr_gold;iidx_lm;popn_pikapika;sdvx_vm,allnet;eagate
ＧｉＧＯ相模大野,神奈川県相模原市南区相模大野３−１３−２東和ビル２Ｆ・３Ｆ,35.5321942,139.4358387,chunithm;ddr;gitadora;iidx;jubeat;maimai_dx;nostalgia;ongeki;polaris_chord;popn;project_diva;sdvx,ddr_gold;gitadora_dm_arena;gitadora_gf_arena;iidx_lm;popn_pikapika;sdvx_vm,allnet;eagate
ＧｉＧＯ石岡,茨城県石岡市東大橋中峯１９７６−１,36.1986319,140.3033861,chunithm;jubeat;maimai_dx;nostalgia;ongeki;polaris_chord;project_diva,,allnet;eagate
ＧｉＧＯ神栖,茨城県神栖市神栖１ー８−１,35.8979951,140.6444094,chunithm;gitadora;iidx;jubeat;maimai_dx;nostalgia;ongeki;polaris_chord;popn;sdvx,iidx_lm;sdvx_vm,allnet;eagate
ＧｉＧＯ神楽坂,東京都新宿区神楽坂２−１１第２カグラヒルズ１Ｆ,35.7010372,139.7420111,chunithm;iidx;maimai_dx;ongeki;polaris_chord;popn;sdvx,iidx_lm;popn_pikapika;sdvx_vm,allnet;eagate
ＧｉＧＯ福井,福井県福井市丸山１−４１０,36.0733531,136.2429894,chunithm;gitadora;iidx;maimai_dx;nostalgia;ongeki;project_diva;sdvx,iidx_lm;sdvx_vm,allnet;eagate
ＧｉＧＯ福岡天神,福岡県福岡市中央区天神２−７−６ＤＡＤＡビル,33.5898893,130.3966097,chunithm;ddr;gitadora;iidx;maimai_dx;nostalgia;ongeki;polaris_chord;popn;project_diva;sdvx,ddr_gold;gitadora_dm_arena;gitadora_gf_arena;iidx_lm;popn_pikapika;sdvx_vm,allnet;eagate
ＧｉＧＯ福島南,福島県福島市黒岩字中島７−２,37.7277789,140.4671413,chunithm;ddr;iidx;maimai_dx;ongeki;polaris_chord;popn;sdvx,ddr_gold;iidx_lm;popn_pikapika;sdvx_vm,allnet;eagate
ＧｉＧＯ福生,東京都福生市福生１０７６−１,35.7447000,139.3242870,chunithm;gitadora;iidx;maimai_dx;ongeki;polaris_chord;project_diva;sdvx,iidx_lm;sdvx_vm,allnet;eagate
ＧｉＧＯ秋田,秋田県秋田市茨島１−１−１６,39.7042342,140.1045893,chunithm;iidx;maimai_dx;nostalgia;ongeki,iidx_lm,allnet;eagate
ＧｉＧＯ秋葉原３号館,東京都千代田区外神田１‐１１‐１１外神田１丁目ビルディング,35.6992573,139.7709038,chunithm;ddr;drs;gitadora;iidx;jubeat;maimai_dx;nostalgia;ongeki;polaris_chord;popn;project_diva;sdvx,ddr_gold;gitadora_dm_arena;gitadora_gf_arena;iidx_lm;popn_pikapika;sdvx_vm,allnet;eagate
ＧｉＧＯ立川,東京都立川市柴崎町３−２−１サザンビル１・２Ｆ,35.6975104,139.4146195,chunithm;iidx;maimai_dx;ongeki;polaris_chord;popn;sdvx,iidx_lm;popn_pikapika;sdvx_vm,allnet;eagate
ＧｉＧＯ米沢,山形県米沢市大字花沢字タナコ原１７７,37.9109365,140.1336702,chunithm;iidx;maimai_dx;ongeki;polaris_chord;popn;sdvx,iidx_lm;sdvx_vm,allnet;eagate
ＧｉＧＯ綱島,神奈川県横浜市港北区綱島西２−６−２９,35.5363864,139.6328782,chunithm;ddr;gitadora;iidx;jubeat;maimai_dx;nostalgia;ongeki;polaris_chord;popn;project_diva;sdvx,ddr_gold;gitadora_dm_arena;gitadora_gf_arena;iidx_lm;popn_pikapika;sdvx_vm,allnet;eagate
ＧｉＧＯ総本店,東京都豊島区東池袋一丁目１３番６号,35.7295307,139.7147102,chunithm;ddr;drs;gitadora;iidx;jubeat;maimai_dx;nostalgia;ongeki;polaris_chord;popn;project_diva;sdvx,ddr_gold;gitadora_dm_arena;gitadora_gf_arena;iidx_lm;popn_pikapika;sdvx_vm,allnet;eagate
ＧｉＧＯ自由が丘,東京都目黒区自由が丘２ー１０ー９,35.6084441,139.6675657,chunithm;gitadora;iidx;maimai_dx;ongeki;popn;sdvx,iidx_lm;popn_pikapika;sdvx_vm,allnet;eagate
ＧｉＧＯ船堀,東京都江戸川区船堀１ー６ー１１,35.6848536,139.8638638,chunithm;gitadora;iidx;maimai_dx;nostalgia;ongeki;polaris_chord;project_diva;sdvx,iidx_lm;sdvx_vm,allnet;eagate
ＧｉＧＯ西那須野,栃木県那須塩原市南郷屋２−１０６−２７,36.8951190,139.9822381,chunithm;gitadora;iidx;maimai_dx;nostalgia;ongeki;polaris_chord;project_diva;sdvx,iidx_lm;sdvx_vm,allnet;eagate
ＧｉＧＯ調布,東京都調布市布田４丁目２ー４,35.6509849,139.5442311,chunithm;ddr;gitadora;iidx;maimai_dx;ongeki;polaris_chord;sdvx,ddr_gold;iidx_lm;sdvx_vm,allnet;eagate
ＧｉＧＯ諫早,長崎県諫早市小川町９０−１,32.8315106,130.0552128,chunithm;maimai_dx;nostalgia;ongeki;polaris_chord;popn,,allnet;eagate
ＧｉＧＯ豊田,愛知県豊田市深田町１−６５−１,35.0678723,137.1238001,chunithm;ddr;gitadora;iidx;maimai_dx;nostalgia;ongeki;polaris_chord;popn;sdvx,ddr_gold;iidx_lm;popn_pikapika;sdvx_vm,allnet;eagate
ＧｉＧＯ豊科,長野県安曇野市豊科南穂高１１１５,36.3031122,137.9227144,chunithm;maimai_dx;nostalgia;ongeki;project_diva,,allnet;eagate
ＧｉＧＯ赤羽,東京都北区赤羽１−７−９赤羽第一葉山ビルＢ１,35.7789607,139.7222842,chunithm;gitadora;iidx;jubeat;maimai_dx;ongeki;polaris_chord;popn;sdvx,iidx_lm;popn_pikapika;sdvx_vm,allnet;eagate
ＧｉＧＯ赤羽駅前,東京都北区赤羽１−２−４,35.7782507,139.7215917,chunithm;ddr;gitadora;iidx;maimai_dx;ongeki;polaris_chord;popn;sdvx,ddr_gold;gitadora_dm_arena;gitadora_gf_arena;iidx_lm;popn_pikapika;sdvx_vm,allnet;eagate
ＧｉＧＯ足利朝倉,栃木県足利市朝倉町２４４‐１,36.3224907,139.4503431,chunithm;drs;gitadora;iidx;jubeat;maimai_dx;nostalgia;ongeki;polaris_chord;popn;sdvx,gitadora_dm_arena;gitadora_gf_arena;iidx_lm;popn_pikapika;sdvx_vm,allnet;eagate
ＧｉＧＯ金山,愛知県名古屋市熱田区金山１−１９ー２,35.1426808,136.9021522,chunithm;iidx;maimai_dx;ongeki;polaris_chord;popn;sdvx,iidx_lm;popn_pikapika;sdvx_vm,allnet;eagate
ＧｉＧＯ長久手,愛知県長久手市武蔵塚７０５,35.1714145,137.0454605,chunithm;ddr;gitadora;iidx;maimai_dx;ongeki;popn;sdvx,gitadora_dm_arena;gitadora_gf_arena;iidx_lm;popn_pikapika;sdvx_vm,allnet;eagate
ＧｉＧＯ難波アビオン,大阪府大阪市浪速区難波中２−３−１５ ＭＭＯビルＢ１Ｆ〜３Ｆ,34.6627327,135.5033112,ddr;drs;gitadora;iidx;nostalgia;polaris_chord;popn;project_diva;reflec;sdvx,ddr_gold;gitadora_dm_arena;gitadora_gf_arena;iidx_lm;popn_pikapika;sdvx_vm,allnet;eagate
ＧｉＧＯ高城,大分県大分市牧１−１６１−８,33.2417094,131.6372654,chunithm;drs;gitadora;iidx;jubeat;maimai_dx;nostalgia;ongeki;polaris_chord;popn;project_diva;sdvx,iidx_lm;sdvx_vm,allnet;eagate
ＧｉＧＯ高山,岐阜県高山市上岡本町７−７,36.1426267,137.2436265,chunithm;maimai_dx;nostalgia;ongeki;project_diva,,allnet;eagate
ＧｉＧＯ高田馬場,東京都新宿区高田馬場４−７−５高田馬場グランド東京,35.7136018,139.7037221,chunithm;iidx;maimai_dx;ongeki;popn;sdvx,iidx_lm;popn_pikapika;sdvx_vm,allnet;eagate
ＧｉＧＯ龍ヶ崎,茨城県龍ケ崎市藤ケ丘４−２−８,35.9385388,140.1959422,chunithm;drs;jubeat;maimai_dx;nostalgia;ongeki;project_diva,,allnet;eagate
Ｈｅｙ,東京都千代田区外神田１−１０−５廣瀬本社ビル１階〜４階,35.6990241,139.7710638,chunithm;gitadora;iidx;other;popn;sdvx;taiko,iidx_lm;sdvx_vm,allnet;eagate;ziv
ｎａｍｃｏイオンタウン郡山店,福島県郡山市松木町２ー８８イオンタウン郡山内,37.3892958,140.3906753,chunithm;jubeat;maimai_dx;ongeki;popn;sdvx,sdvx_vm,allnet;eagate
ｎａｍｃｏフェドラＰ＆Ｄ佐野店,栃木県佐野市高萩町１３４０番地,36.2973133,139.6056474,chunithm;gitadora;iidx;maimai_dx;ongeki;polaris_chord;popn;sdvx,gitadora_dm_arena;gitadora_gf_arena;iidx_lm;popn_pikapika;sdvx_vm,allnet;eagate
ｎａｍｃｏワンダーシティ南熊本店,熊本県熊本市中央区九品寺６−９−１,32.7868920,130.7147318,chunithm;iidx;maimai_dx;ongeki;polaris_chord;popn;sdvx,iidx_lm;popn_pikapika;sdvx_vm,allnet;eagate
ｎａｍｃｏ博多バスターミナル店,福岡県福岡市博多区博多駅中央街２ー１博多バスターミナル７階,33.5915216,130.4198918,chunithm;gitadora;iidx;maimai_dx;ongeki;popn;sdvx,gitadora_dm_arena;gitadora_gf_arena;iidx_lm;popn_pikapika;sdvx_vm,allnet;eagate
ｎａｍｃｏ新潟店,新潟県新潟市中央区南笹口１ー１ー１　ひもろぎビル２Ｆ,37.9083798,139.0639094,chunithm;drs;iidx;maimai_dx;ongeki;popn;sdvx,iidx_lm;sdvx_vm,allnet;eagate
ｎａｍｃｏ松戸店,千葉県松戸市松戸１２３０番地１ピアザ松戸１Ｆ,35.7835829,139.9007767,chunithm;gitadora;iidx;jubeat;maimai_dx;ongeki;polaris_chord;popn;sdvx,gitadora_dm_arena;gitadora_gf_arena;iidx_lm;popn_pikapika;sdvx_vm,allnet;eagate
ｎａｍｃｏ梅田店,大阪府大阪市北区小松原町３ー３ＯＳビル２Ｆ,34.7027815,135.5003960,chunithm;gitadora;iidx;maimai_dx;ongeki;polaris_chord;popn;project_diva;sdvx,gitadora_dm_arena;gitadora_gf_arena;iidx_lm;popn_pikapika;sdvx_vm,allnet;eagate
ｎａｍｃｏ王子サンスクエア店,東京都北区王子１ー４ー１サンスクエア２階,35.7529737,139.7389579,chunithm;gitadora;iidx;maimai_dx;ongeki;popn;sdvx,gitadora_dm_arena;gitadora_gf_arena;iidx_lm;popn_pikapika;sdvx_vm,allnet;eagate
ＰＡＬＯ喜多方,福島県喜多方市字押切南２−４２−１リオンドールガーデンＳＱ内,37.6468072,139.8595921,chunithm;maimai_dx;popn,,allnet;eagate
ＰＡＬＯ松江,島根県松江市東朝日町１５１ イオン松江店ＳＣ３Ｆ,35.4639773,133.0694928,jubeat;nostalgia;popn;project_diva,,allnet;eagate
ＰＡＬＯ熊谷,埼玉県熊谷市本石２−１３５,36.1453711,139.3788291,chunithm;gitadora;maimai_dx;ongeki,,allnet;eagate
ＰＡＬＯ防府,山口県防府市中央町１−３イオン防府店３Ｆ,34.0522015,131.5696784,chunithm;dance_evo;gitadora;iidx;maimai_dx;nostalgia;ongeki;polaris_chord;popn;sdvx,iidx_lm;sdvx_vm,allnet;eagate
ＷＯＲＬＤ ＧＡＭＥ ＣＩＲＣＵＳ,東京都立川市羽衣町２−４−１３羽衣長田ビル１０１ＷＧＣ,35.6964221,139.4288034,chunithm;ddr;gitadora;iidx;jubeat;maimai_dx;museca;ongeki;other;polaris_chord;popn;project_diva;sdvx;taiko,ddr_gold;gitadora_dm_arena;gitadora_gf_arena;iidx_lm;popn_pikapika;sdvx_vm,allnet;eagate;ziv
ＹＡＺ寝屋川店,大阪府寝屋川市石津中町25-26,34.7802772,135.6194363,chunithm;gitadora;iidx;maimai_dx;ongeki;polaris_chord;sdvx,iidx_lm;sdvx_vm,allnet;eagate
YURAKUCHO,"N 5-7A,Rua de Sacadura Cabral N14-18B,R/C E,EDF.POU SENG",22.1991168,113.5469361,chunithm;ddr;drs;gitadora;iidx;jubeat;maimai_dx;nostalgia;other;popn;sdvx;taiko,,allnet;ziv
佳景樂園兒童天地 Future Bright Amusement Park,"1G Rua de Coelho do Amaral, 白鴿巢麗豪花園地下, Macau, 999078",22.1993165,113.5403605,gitadora;jubeat;other,,ziv
兒童王國,"澳門永華街3-91 號僑光大廈, Macau, Macau, 999078",22.2105391,113.5525042,drs;gitadora;jubeat;maimai_dx;other;taiko,,ziv
新遊戲,"永華街57號僑光工業大廈地下H舖, Macau, 999078",22.2104124,113.5521863,drs;gitadora;jubeat;maimai_dx;other;taiko,,ziv
栢蕙遊戲廣場 Praça de Diversóes Pak Wai,"122 Avenida do Conselheiro Ferreira de Almeida, 荷蘭園大馬路122號地下, Macau, 999078",22.2028453,113.5507782,gitadora;jubeat;other,,ziv
海濱遊樂 Kaihin Yuraku,"451 Rua do General Ivens Ferraz, Macau, -",22.2067161,113.5411691,chunithm;gitadora;maimai_dx;other;popn;sdvx;taiko,,ziv
Capcom Station City Mall,"GA1-GA3 Jalan Lintas, Kota Kinabalu, Sabah, 88300",5.9613697,116.0963853,gitadora,,ziv
COBAY WANGSA WALK,"TINGKAT2,WANGSA WALK1,JL.WANGSADELIMA12,WANGSA MAJU,KL.",3.1975526,101.7416211,gitadora;maimai_dx;other,,allnet;ziv
FANTAZIA AEON Klebang,"Lot S15&15A, Second Floor, AEON Mall Klebang,, Jalan Kuala Kangsar,, Ipoh, Perak., 31200",4.6773858,101.1236304,gitadora;taiko,,ziv
FANTAZIA Vivacity Megamall,"L3-031,Lorong Wan Alwi 5,Jalan Wan Alwi,93350 Kuching,Sarawak",1.5277760,110.3678552,chunithm;jubeat;maimai_dx;other;taiko,,allnet;ziv
FUN SCAPE@SUNWAY PYRAMID,"SUNWAY,PYRAMID LG3IR03,BANDARSUNWAY,SELANGOR",3.0726570,101.6074960,chunithm;maimai_dx;other;popn,,allnet;ziv
FUNSCAPE Cobay Plaza Low Yat,"LG-030 - LG-034, LG Floor, Plaza Low Yat,, 7, Jalan Bintang, Off Jalan Bukit Bintang, Bukit Bintang,, Kuala Lumpur, Wilayah Persekutuan Kuala Lumpur, 55100",3.1443754,101.7100981,chunithm;gitadora;maimai_dx;other;popn;taiko,,ziv
Hokki Bear Batam City Square,"Jl. Bunga Raya, Batu Selicin, Kec. Lubuk Baja, Kota Batam, Batam, Kepulauan Riau, 29462",1.1334544,104.0099421,chunithm;gitadora;iidx;maimai_dx;other;taiko,,ziv
"Magicland, Subang Parade","F34, 1st Floor, 5, Subang Parade,, Jalan Kemajuan Subang, SS 16, Subang Jaya, Selangor, 47500",3.0826648,101.5855618,gitadora;sdvx,,ziv
MOLLY FANTASY MY TOWN CHERAS,"N0.6 Jalan Cochrane,Seksyen 90,55100 Kuala Lumpur",3.1348713,101.7227420,chunithm;gitadora;maimai_dx;taiko,,allnet;ziv
Mollyfantasy Ipoh Parade,"Lot T23, 3rd Floor, Ipoh Parade, 105, Jalan Sultan Abdul Jalil,, Ipoh, Perak, 30450",4.5954127,101.0901718,chunithm;ddr;gitadora;maimai_dx;taiko,,ziv
"Myplayzone Mega Toys, 1Borneo","Unit S-309, 2nd Floor, 1 Borneo Hypermall,, Jalan UMS, Kota Kinabalu, Sabah, 88450",6.0351866,116.1292026,jubeat;other;taiko,,ziv
"Toy Catchers, EkoCheras Mall","Lot L2-27, Level 2, EkoCheras Mall, Batu 5, Jalan Cheras, Kuala Lumpur, Wilayah Persekutuan Kuala Lumpur, 56000",3.0943513,101.7388675,gitadora,,ziv
U-bowl (Cobay) AEON Seremban 2,"LOT F01 &F02 AEON SEREMBAN2, 112, Persiaran S2 B1, Seremban 2,, Seremban, Negeri Sembilan, 70300",2.7016190,101.9116635,gitadora;maimai_dx;other;taiko,,ziv
Rhythm Zone,"310 Nicolás Regules, Matehuala, San Luis Potosí, 78700",23.6404544,-100.6472288,jubeat;other;popn;sdvx,,ziv
Round1 Bowling & Arcade (Coronado Center),"6600 Menaul Boulevard Northeast, Albuquerque, New Mexico, 87110",35.1066911,-106.5756805,chunithm;dance_around;ddr;drs;gitadora;iidx;maimai_dx;museca;other;sdvx,,ziv
Alibaba (Capital Mall MDY),"Level-4, The Capital Mall Mandalay, Financial Center, 80th St, Bwt 27th St & 28th St, Chanayethazan Township,Mandalay, Mandalay, Chanayethazan Twsp., 05022",21.9805656,96.0842344,drs;gitadora;other;taiko,,ziv
Akiba District,"Boven Clarenburg 7, Hoog Catharijne Mall, Utrecht, Utrecht, 3511 CR",52.0907401,5.1151174,chunithm;ddr;iidx;jubeat;nostalgia;other;popn;sdvx;taiko,,ziv
Blast Galaxy,"5 Magneetstraat, Amsterdam, Noord-Holland, 1014 CC",52.3901700,4.8539078,jubeat;maimai_dx;museca;nostalgia;other;sdvx;taiko,,ziv
King Cool Arcade,"Domoweg 1, Beilen, Drenthe, 9411TX",52.8560520,6.4978042,ddr;gitadora,,ziv
Molly's Arena Arcade,"Osdorpplein 771, Amsterdam, Noord-Holland, 1068 TC",52.3592086,4.8060894,gitadora;nostalgia;other;sdvx;taiko,,ziv
Nationaal Videogame Museum,"Luxemburglaan 1, Zoetermeer, Zuid-Holland, 2711 BD",52.0628739,4.4912525,chunithm;ddr;drs;gitadora;iidx;jubeat;maimai_dx;museca;nostalgia;ongeki;other;popn;sdvx;taiko,,ziv
Pixel-Arcade,"Tramkade 24, 's-Hertogenbosch, Noord-Brabant, 5211 VB",51.6965149,5.2987253,chunithm;iidx;maimai_dx;other;popn;sdvx;taiko,,ziv
PlushCade,"Contact us via Facebook or Email, Boxmeer, Noord Brabant, 5831",51.6541261,5.9427747,jubeat;museca;other,,ziv
Rhythm Arcade,"Van Nesstraat 1a, Alphen aan Den Rijn, Zuid-Holland, 2404 AV",52.1364350,4.6557408,chunithm;ddr;iidx;jubeat;other;popn;sdvx,,ziv
GameOn @ Queen Street,"Upper Basement, 291-297 Queen Street, Auckland, New Zealand, Auckland City, Auckland, 1010",-36.8513857,174.7638531,chunithm;ddr;drs;gitadora;iidx;maimai_dx;nostalgia;other;taiko,,ziv
Timezone @ Queen Street,"280 Queen Street, Auckland, Auckland Central, 1010",-36.8504792,174.7650412,chunithm;ddr;maimai_dx;other;popn;taiko,,ziv
Chiruto,"Universitetsgata 2, Oslo, 0164",59.9171207,10.7399409,drs;gitadora;jubeat;maimai_dx;nostalgia;other;popn;sdvx,,ziv
HEY STHLM,"2 Gyldéngatan, Stockholm, Stockholms län, 113 27",59.3425924,18.0526113,chunithm;ddr;gitadora;iidx;jubeat;maimai_dx;museca;nostalgia;other;popn;sdvx;taiko,,ziv
Sugoi,"7 C Teerisuonkuja, Helsinki, 00700",60.2526444,25.0258137,chunithm;ddr;iidx;jubeat;maimai_dx;nostalgia;ongeki;other;popn;sdvx;taiko,,ziv
Bibo SM City Cebu,"3rd Floor, SM City Cebu, North Reclamation Area, Cebu City, 6000",10.3119115,123.9173995,gitadora;other,,ziv
Bibo SM City Iloilo,"LG Level, SM City Iloilo, Sen. Benigno Aquino Avenue, Mandurriao, Iloilo City, Western Visayas, 5000",10.7141861,122.5510633,gitadora;other,,ziv
Club Synergy SM Hypermarket FTI,"SM Hypermarket FTI, DBP Avenue cor. Mayor Tanyang Avenue, Food Terminal Incorporated-Special Economic Zone, Western Bicuta, Taguig, Metro Manila",14.5082147,121.0503727,gitadora;sdvx,,ziv
Fun House Puregold Q.I. Central,"Quezon City, Metro Manila, 1111",14.6181567,121.0144781,gitadora,,ziv
Hiros Amusement Gaisano City Mall Cagayan de Oro,"Claro M. Recto Ave, Corrales Ave, Poblacion, Cagayan de Oro City, Misamis Oriental, 9000",8.4863955,124.6508253,ddr;gitadora;other;popn,,ziv
Hiros Amusement Gaisano City Mall Iligan,"Roxas Avenue, Iligan City, Lanao del Norte",8.2306144,124.2412788,ddr;gitadora;other;popn,,ziv
Hiros Amusement Gaisano Malaybalay,"Sayre Highway, Malaybalay, Northern Mindanao, 6000",8.1547923,125.1276711,ddr;gitadora,,ziv
Hiros Amusement Gaisano Valencia,"Magsaysay Street, National Highway, Parian, Valencia City, Northern Mindanao",7.9037129,125.0902677,gitadora,,ziv
Q POWER STATION SHANGRILA,"EASTWING EDSA CORNER SHAW BOULEVARD, MANDALUYONG CITY",14.5812818,121.0538687,chunithm;ddr;gitadora;maimai_dx;sdvx;taiko,,allnet;ziv
Q Power Station SM Mall of Asia,"3/F North Wing Expansion Area, SM Mall of Asia, Ocean Drive, SM Central Business District, Bay City, Pasay, Metro Manila, 1300",14.5357949,120.9814882,chunithm;ddr;drs;gitadora;maimai_dx;sdvx;taiko,,ziv
Quantum Estancia Mall,"LG, East Wing, Estancia Mall, Capitol Commons, Ortigas Center, Pasig City, Metro Manila, 1605",14.5757442,121.0641591,museca;other;sdvx,,ziv
Quantum Robinsons Place Las Piñas,"Level 2, Robinsons Place Las Piñas, 345 Alabang–Zapote Road, Las Piñas, Metro Manila, 1747",14.4430851,120.9989903,gitadora;other;sdvx,,ziv
QUANTUM SM BACOOR,"LGF SM BACOOR, CORNER AGUINALDO& TIRONA HWAY, BACOOR CAVITE",14.4448137,120.9517372,gitadora;maimai_dx;museca;sdvx,,allnet;ziv
QUANTUM SM BAGUIO,"3/F SM BAGUIO, LUNETA HILL SESSION ROAD, BAGUIO CITY",16.4088814,120.5991997,chunithm;ddr;gitadora;maimai_dx;other;sdvx;taiko,,allnet;ziv
Quantum SM Center Ormoc,"2F SM Center Ormoc, Real Street, Barangay District 14, Ormoc City, Eastern Visayas, 6541",11.0103432,124.6074531,gitadora;museca;other;sdvx,,ziv
Quantum SM Center Pasig,"Eulogio Rodriguez Jr. Ave. cor. Frontera Verde, Ortigas Center, Doña Julia Vargas Ave, Pasig, Metro Manila",14.5848353,121.0769622,gitadora;sdvx,,ziv
Quantum SM Center Sangandaan,"3F SM Center Sangandaan, M.H. del Pilar St. cor. Samson Rd., Barangay 3, Sangandaan, Caloocan, Metro Manila, 1409",14.6582050,120.9717035,gitadora;sdvx,,ziv
QUANTUM SM CITY BF PARANAQUE,"2nd Floor, SM BF, Dr Arcadio Santos Ave, Paranaque, 1700 PH",14.4576524,121.0332604,chunithm;gitadora;maimai_dx;sdvx,,allnet;ziv
Quantum SM City Bicutan,"LGF, Bldg. A, SM City Bicutan, Doña Soledad Ave., Lower Bicutan, Parañaque City, Metro Manila, 1709",14.4872066,121.0439435,gitadora;other;sdvx,,ziv
Quantum SM City Calamba,"2F SM City Calamba, Real Road, Calamba City Triangle, Brgy. Real, Calamba, Laguna, 4027",14.2042132,121.1549239,chunithm;ddr;drs;gitadora;maimai_dx;sdvx;taiko,,ziv
Quantum SM City CDO Uptown,"2F SM City CDO Uptown, Masterson Avenue, Cagayan De Oro, Misamis Oriental, 9000",8.4559768,124.6236478,gitadora,,ziv
Quantum SM City Consolacion,"SM City Consolacion, 6001 Cebu North Road, Consolacion, Cebu, 6015",10.3804526,123.9644763,gitadora;sdvx,,ziv
Quantum SM City Grand Central,"L5, SM Grand Central, Rizal Avenue Ext. cor. Bustamante St., Caloocan, Metro Manila, 1403",14.6552883,120.9848571,chunithm;ddr;drs;gitadora;maimai_dx;museca;sdvx;taiko,,ziv
Quantum SM City Manila,"3F East Wing, SM City Manila, Arroceros cor Natividad Lopez Sts., Ermita, Manila, Metro Manila",14.5901403,120.9838164,chunithm;gitadora;maimai_dx;other;sdvx;taiko,,ziv
Quantum SM City Rosales,"3F SM City Rosales, McArthur Hwy., Brgy. Carmen East, Rosales, Pangasinan",15.8787362,120.6033423,gitadora;other;sdvx,,ziv
Quantum SM City San Jose del Monte,"Pecson Ville Subdivision, San Jose del Monte City, Central Luzon, 3023",14.7866049,121.0751563,gitadora;other;sdvx;taiko,,ziv
Quantum SM City Sucat,"3F, SM City Sucat Building A, Dr. A. Santos Avenue cor. Carlos P. Garcia Avenue Extension, Parañaque City, Metro Manila, 1700",14.4838232,120.9932828,museca;sdvx,,ziv
Quantum SM City Taytay,"2F SM CITY TAYTAY Bldg. A, Manila East Road, Dolores, Taytay, Rizal, 1920",14.5655057,121.1411673,gitadora;museca;other;sdvx;taiko,,ziv
Quantum SM City Valenzuela,"3F SM City Valenzuela, McArthur Highway, Karuhatan, Valenzuela, Metro Manila, 1123",14.6855121,120.9771967,gitadora;maimai_dx;sdvx,,ziv
QUANTUM SM LUCENA,"2nd FL,140 Dalahican Road, corner Maharlika Hwy, Lucena",13.9410227,121.6246557,maimai_dx;museca;other;sdvx,,allnet;ziv
QUANTUM SM NOVALICHES GF,"GF SM NOVALICHES, QUIRINO HWY.,NOVALICHES, QUEZON CITY",14.7082280,121.0373958,gitadora;maimai_dx;sdvx,,allnet;ziv
QUANTUM SM SEASIDE CEBU,"3104-3106 SM SEASIDE COMPLEX, SOUTH ROAD PROPERTIES, CEBU CITY",10.2816376,123.8815772,gitadora;maimai_dx;other,,allnet;ziv
Quantum SM Southmall,"LG/F, SM Southmall, Alabang-Zapote Road, Almanza Uno, Las Pinas City, Metro Manila, 1747",14.4333503,121.0120440,chunithm;gitadora;maimai_dx;sdvx,,ziv
QUANTUM SM URDANETA,"Level2, SM Urdaneta Central, McArthur Hwy, Pangasinan",15.9711341,120.5718656,maimai_dx;museca;other;sdvx;taiko,,allnet;ziv
Quantum Super Metro Lapu-Lapu,"Locata Road, Lapu-Lapu City, Central Visayas, 6015",10.3126869,123.9555869,gitadora;sdvx,,ziv
"Quantum, Metro Gaisano Colon","Balintawak, Cebu City, Central Visayas, 6000",10.2956972,123.8983905,other;popn,,ziv
"Quantum, Robinsons Tuguegarao","12 Asian Highway 26, Tuguegarao City, Cagayan Valley, 3500",17.6277640,121.7329770,gitadora;other;sdvx,,ziv
"Quantum, SM City Puerto Princesa","2F SM City Puerto Princesa, Lacao Street, Puerto Princesa, Western Visayas, 5300",9.7432052,118.7401351,gitadora;other;sdvx,,ziv
Rodolfo's Meow Meow Gaming Hub,"045 San Jose (St. Joseph) Street, Dampol II-B, Pulilan, Bulacan, 3005",14.9033328,120.8102387,ddr;gitadora;jubeat;other,,ziv
Tap N Play @ NCCC Mall Buhangin,"Level 4, NCCC Mall Buhangin, Km. 7 Tigatto Road, Buhangin, Davao City, Davao Del Sur, 8000",7.1106501,125.6117969,jubeat;other,,ziv
Timezone (LGF) faiview terraces,"LGF Fairview Terraces, Quirino Highway cor. Maligaya Drive, Fairview, Quezon City, Metro Manila",14.7369256,121.0598892,gitadora,,ziv
Timezone Marquee Mall,"3F Marquee Mall, 3033 A. Gueco Street, Angeles, Central Luzon, 2009",15.1628142,120.6099701,gitadora;other,,ziv
Timezone SM City Rosales,"GF SM City Rosales, McArthur Hwy., Brgy. Carmen East, Rosales, Pangasinan, 2400",15.8790045,120.6019368,gitadora,,ziv
Tom's World (X-Site) Festival Alabang,"2F Main Wing, Festival Alabang, Filinvest City, Alabang, Muntinlupa, Metro Manila, 1770",14.4178319,121.0416287,gitadora;other,,ziv
Versus Barcade - Uptown Bonifacio,"36th Street, Bonifacio Global City, Taguig, Metro Manila, 1634",14.5573754,121.0545980,gitadora,,ziv
"Wakuland, Zabarte Mall","588 Camarin Road Corner, Zabarte Road, Caloocan, Metro Manila, 1500",14.7563536,121.0433078,gitadora,,ziv
Wonderpark Primark Center Noveleta,"M. Salud Road, Noveleta, Calabarzon, 4108",14.4282097,120.8813238,gitadora,,ziv
Wonderpark WalterMart Sucat,"UGF WalterMart Sucat, Dr. A. Santos Ave., Sucat, Parañaque, Metro Manila, 1700",14.4727984,121.0082138,gitadora;other;sdvx,,ziv
"World Of Fun,  SM City Batangas","Concha Road, Batangas, Calabarzon",13.7547174,121.0687201,gitadora,,ziv
Gilbert Park,"Eliza Ozheshko st. 15, Grodno region, Hrodno, 230023",53.6852318,23.8363407,gitadora,,ziv
Krakow Arcade Museum,"41A Centralna, Kraków, Małopolska, 31-586",50.0681310,20.0146950,ddr;jubeat;maimai_dx;other;popn,,ziv
Warsaw Arcade Museum,"Al. Jerozolimskie 200, Warszawa, Mazowieckie, 02-486",52.1947500,20.9239029,nostalgia;other;popn;taiko,,ziv
Arcade Lovers Game Center,"Arcade Lovers Game Center, Travessa da Agra Velha, nº 52 Armazém R/C, Trofa, Porto, 4785-100",41.3356001,-8.5490799,chunithm;drs;jubeat;maimai_dx;nostalgia;other;popn;sdvx;taiko,,ziv
Cow Play Cow Moo (Downtown East),"1 Pasir Ris Close, E!Hub @ Downtown East, #04-102, Singapore, Pasir Ris, 519599",1.3757927,103.9556998,chunithm;ddr;drs;gitadora;iidx;maimai_dx;nostalgia;other;popn;sdvx;taiko,,ziv
COW PLAY COW MOO NORTHSHORE PLAZA 2,418 Northshore Drive 03-01/ 02 Singapore 820418,1.4176495,103.9013264,chunithm;ddr;gitadora;iidx;jubeat;maimai_dx;sdvx;taiko,,allnet;ziv
COW PLAY COW MOO SUNTEC CITY,"Sun Tec City 3Temasek Boulevard, 02-408/409,Singapore 038983",1.2950300,103.8583026,chunithm;ddr;gitadora;iidx;jubeat;maimai_dx;nostalgia;other;popn;sdvx;taiko,,allnet;ziv
Timezone (Orchard Xchange),"B1, Orchard Xchange, Singapore, 238884",1.3043544,103.8318225,ddr;maimai_dx;other;popn;taiko,,ziv
VIRTUALAND @ Nex,"#04-65, 23 Serangoon Central, Singapore, Serangoon, 556083",1.3495775,103.8725082,chunithm;ddr;drs;gitadora;iidx;jubeat;maimai_dx;nostalgia;other;popn;sdvx;taiko,,ziv
VIRTUALAND BUGIS+,"201 Victoria Street , #05-04/05/06 Bugis+, Singapore 188067",1.2998000,103.8545500,chunithm;ddr;gitadora;iidx;jubeat;maimai_dx;nostalgia;sdvx;taiko,,allnet;ziv
Wonderland Arcade @ Canal Walk,"Century Boulevard, Century City, Cape Town, Western Cape, 7446",-33.8923105,18.5105905,ddr;gitadora,,ziv
Wonderland Arcade @ N1 City Mall,"Louwtjie Rothman St, N1 City, Cape Town, Western Cape, 7463",-33.8913650,18.5602641,ddr;gitadora;other,,ziv
BEATLAB T,1029，Dongil-ro，Nowon-gu，Seoul,37.6219281,127.0738431,chunithm;ddr;gitadora;jubeat;maimai_dx;other;sdvx,,allnet;ziv
BIG GAME LAND,"120-1, Gumijungang-ro, Gumi-si,Gyeongsangbuk-do",36.1269696,128.3352570,chunithm;drs;iidx;jubeat;maimai_dx;other;popn;sdvx,,allnet;ziv
Big Game Station (빅 게임 스테이션),"25, Cheongun-ro, Gyeongsan, Gyeongsangbuk-do, 38532",35.8376351,128.7534753,ddr;iidx;jubeat;museca;other;popn;sdvx,,ziv
BUCHEON ATTACK,"28, Buil-ro 469beon-gil, Bucheon-si, Gyeonggi-do",37.4870906,126.7828212,chunithm;ddr;gitadora;iidx;jubeat;maimai_dx;nostalgia;other;sdvx;taiko,,allnet;ziv
CGV Gangbyeon@Techno Mart,"596-4 Guuidong, Gwangjin-gu, Seoul, Gwangin-Gu, 서울 (Seoul)",37.5359065,127.0954634,jubeat;other;taiko,,ziv
Children's Grand Park-Amusement Park,"Gwangin-Gu, 서울 (Seoul)",37.5514173,127.0838870,gitadora;other,,ziv
CyberZone Game Center,"전라북도 전주시 덕진구 명륜4길 17-5, 17-5, Myeongnyun 4-gil, Deokjin-gu, Jeonju-si, Jeollabuk-do, Kor, Jeonju, Jeollabuk-do, 561-191",35.8436230,127.1263392,gitadora;jubeat;other;popn;sdvx;taiko,,ziv
CYMUSIC GAMEWORLD,62，Gungdong-ro 18beon-gil，Yuseong-gu，Daejeon,36.3626742,127.3507811,chunithm;iidx;jubeat;maimai_dx;nostalgia;other;popn;sdvx,,allnet;ziv
DaeGung Gameland(대궁 게임랜드),"Tongjaeyeong 3-gil, Yeosu, Jeollanam-do, 550-110",34.7412084,127.7341146,gitadora;jubeat;other,,ziv
DaeWang Game Center (대왕 게임센터),"부산광역시 남구 용소로13번길 6, 1층, Busan, 부산 (Busan), 48512",35.1363828,129.1012343,gitadora;jubeat;other;popn;sdvx;taiko,,ziv
Fun Park,"Hangangno 3(sam)-ga 40-999, I'Park Mall, Yongsan, 서울 (Seoul)",37.5293616,126.9657058,jubeat;other;taiko,,ziv
G-Plex,"서울특별시 서대문구 창천동 31-32, Seoul, 03776",37.5578516,126.9375179,iidx;jubeat;other;sdvx,,ziv
G2ZONE YEONGDEUNGPO,"16, Yeongjung-ro 4-gil, Yeongdeungpo-gu, Seoul, Korea",37.5172567,126.9080386,chunithm;gitadora;jubeat;maimai_dx;other;popn;sdvx;taiko,,allnet;ziv
Game Club,"Uijeongbu-si, Gyeonggi-do, 480-011",37.7385752,127.0496955,ddr;gitadora;iidx;jubeat;other;popn;sdvx,,ziv
GAME D,"남구 용소로7번길 6-1, 부산광역시, Busan",35.1366945,129.1009141,chunithm;ddr;gitadora;iidx;jubeat;maimai_dx;museca;nostalgia;other;popn;sdvx;taiko,,ziv
GAME PLUS,"11, Pyeonghwa-ro 542beon-gil, Uijeongbu-si, Gyeonggi-do",37.7405400,127.0481124,ddr;iidx;jubeat;maimai_dx;other;sdvx;taiko,,allnet;ziv
Game Sports-Tec(게임 스포츠텍),"69-1, Gumijungang-ro, Gumi-si, Gyeongsangbuk-do, 39221",36.1293992,128.3304800,ddr;iidx;jubeat;other;popn;sdvx,,ziv
Game Village,"Uijeongbu-si, Gyeonggi-do, 480-011",37.7428780,127.0505963,ddr;iidx;jubeat;other;popn;sdvx;taiko,,ziv
Game World(게임월드),"452-59번지, 김천시 평화동, 김천(Gimcheon), 경상북도(Gyeongsangbuk-do)",36.1265880,128.1097626,jubeat;other;sdvx,,ziv
Gaos Game Center (가오스 게임장),"Daejeon, Jung-gu, Eun-hang dong, 40-4, B1 Floor at Gacha Shop, Daejeon, 34921",36.3283463,127.4275002,gitadora;iidx;jubeat;maimai_dx;museca;other;popn;sdvx;taiko,,ziv
GUNSAN JOYPLAZA,"527, Daehak-ro, Gunsan-si, Jeollabuk-do",35.9481983,126.6854737,ddr;gitadora;iidx;jubeat;maimai_dx;other;popn;sdvx,,allnet;ziv
Guro Fun it Licensed by SEGA(구로 펀잇),"152, Gurojungang-ro, Guro-gu, AK Plaza 5th floor,, Seoul, 152-050",37.5014377,126.8825293,gitadora;other;taiko,,ziv
Hanyang Game Center (한양 게임 센터),"서울시 성동구 행당동 19-100, 성동구 (Seongdong-gu), 서울 (Seoul)",37.5586706,127.0405402,gitadora;iidx;jubeat;other;popn;sdvx,,ziv
Heaven of Gamer,"28 Achasan-ro 29-gil, Gwangin-Gu, 서울 (Seoul)",37.5420986,127.0687602,gitadora;iidx;jubeat;nostalgia;popn;sdvx;taiko,,ziv
HWAJUNG GAMELAND (화정 게임랜드),"경기 고양시 덕양구 화신로272번길 38 지하1층, 화정동 980, Goyang-si, Gyeonggi-do, 412-827",37.6325694,126.8318877,chunithm;ddr;gitadora;iidx;jubeat;maimai_dx;nostalgia;other;popn;sdvx;taiko,,ziv
IZONE (아이존) Game.plex,"Cinepark (CGV 동수원) 6F, 수원시 (Suwon-si), 경기도 (Gyeonggi-do)",37.2637126,127.0322113,gitadora;other;taiko,,ziv
Jjang Entertainment Room (짱오락실 부평점),"27 Bupyeongmunhwa-ro 80beon-gil, Bupyeong-dong, Bupyeong-gu, Incheon, Incheon, 403-010",37.4930491,126.7245309,iidx;jubeat;sdvx;taiko,,ziv
JUAN CPU,"31, Michuhol-daero 734beon-gil,Michuhol-gu, Incheon",37.4630241,126.6821976,chunithm;ddr;drs;gitadora;iidx;jubeat;maimai_dx;nostalgia;other;popn;sdvx;taiko,,allnet;ziv
Millenium(밀레니엄) Game Land,"광주광역시 북구 설죽로214번길 114, Kwangju, 500-070",35.1776762,126.9039122,iidx;jubeat;maimai_dx;other;sdvx,,ziv
Nolrowa Game Zone (놀러와 게임존),"충청남도 천안시 서북구 두정동 886-1 |, Cheonan-si, Chungcheongnam-do, 331-959",36.8321690,127.1354896,ddr;gitadora;iidx;jubeat;other;popn;sdvx;taiko,,ziv
NORYANGJIN AMUSETOWN,"26, Manyang-ro 14ga-gil, Dongjak-gu, Seoul",37.5127094,126.9449436,chunithm;ddr;gitadora;iidx;jubeat;maimai_dx;nostalgia;other;popn;sdvx,,allnet;ziv
Plus Game World,"충청남도 천안시 동남구 신부동 460-2, Cheonan-si, Chungcheongnam-do, 330-993",36.8181285,127.1554244,ddr;iidx;jubeat;popn;sdvx,,ziv
Ppokkippokki / P2 Zone,"462-1 Buil-ro, Bucheon, Gyeonggi-do, 420-012",37.4858624,126.7815078,drs;iidx;jubeat;maimai_dx;museca;nostalgia;other;popn;sdvx;taiko,,ziv
Rodeo Game Land (로데오 게임랜드),"Yuseong gu, Gung dong 409-7, 대전광역시 유성구 궁동 409-7, Daejeon, 34138",36.3624029,127.3503203,jubeat;other;sdvx,,ziv
SAMSEONGYO WOORI 2,"14, Samseongyo-ro 10-gil, Seongbuk-gu, Seoul",37.5873226,127.0090045,chunithm;ddr;gitadora;iidx;jubeat;maimai_dx;nostalgia;other;popn;sdvx;taiko,,allnet;ziv
Sankanoh (三冠王),"2687, Ainouracho, Sasebo, Nagasaki, 858-0918",33.1907438,129.6528966,ddr;gitadora;iidx;jubeat;other;popn;sdvx,,ziv
T-nolza,"강원도 원주시 단계동 873 아트스페이스 빌딩 3층, Wonju-si, Gangwon-do, 220-100",37.3450001,127.9297284,jubeat;other;popn,,ziv
THE BUNKER GAMEZONE,"34, Daehak-ro, Yuseong-gu, Daejeon",36.3564331,127.3430268,chunithm;ddr;drs;gitadora;iidx;jubeat;maimai_dx;nostalgia;other;popn;sdvx;taiko,,allnet;ziv
Ttudeuryeo(뚜드려) Arcade,"1st Basement Floor, 725 Buil-ro, Wonmi-gu, Bucheon, Gyeonggi-do, 14671",37.4856028,126.8103147,gitadora;iidx;jubeat;museca;other;popn;sdvx,,ziv
ZZANG Oraksil (Yeongtong),"Yeongtong-gu, Suwon-si, Gyeonggi-do, Republic of Korea, 30, Bandal-ro 7beon-gil, Suwon, Gyeonggi-do, 16704",37.2530369,127.0749515,chunithm;jubeat;maimai_dx;sdvx,,ziv
게임은 동전으로(수원),"장안구 율전동 (성대점) 288-6 2층, 수원시 (Suwon-si), 경기도 (Gyeonggi-do)",37.2985803,126.9721776,jubeat;other,,ziv
게임파크 (Game Park 21) 분당점,"분당구 서현동 248-3 우성트윈프라자동관 201호, 성남시 (Seongnam-si), 경기도 (Gyeonggi-do)",37.3862101,127.1245740,ddr;gitadora;iidx;jubeat;other;popn;sdvx;taiko,,ziv
다모아 게임장 (水原　ＤＡＭＯＡ（・ι・）２番★),"영통구 원천동 18-14 2층, 수원시 (Suwon-si), 경기도 (Gyeonggi-do)",37.2785206,127.0442520,jubeat;other,,ziv
동탄 CGV 점내 오락실,"반송동 메타폴리스 A블럭 3층 S05호, 화성시 (Hwaseong-si), 경기도 (Gyeonggi-do)",37.1958165,127.0729195,jubeat,,ziv
로얄게임장 (Royal Gameland),"454-1, Jungang-daero, Jung-gu, Daegu, 41909",35.8734859,128.5948927,chunithm;ddr;drs;gitadora;iidx;jubeat;maimai_dx;nostalgia;other;popn;sdvx,,ziv
범계 게임천국,"동안구 호계동 1045-2 제일빌딩 지하 14호, 안양시 (Anyang-si), 경기도 (Gyeonggi-do)",37.3904230,126.9521076,ddr;gitadora;iidx;jubeat;other;popn;sdvx,,ziv
분당 타이토 스테이션,"분당구 서현동 248-5 코코프라자 지하1층, 성남시 (Seongnam-si), 경기도 (Gyeonggi-do)",37.3858213,127.1240252,gitadora;iidx;jubeat;other;popn;sdvx;taiko,,ziv
삼보게임랜드(Sambo Gameland),"1F, Judies Taehwa New Building (쥬디스태화 신관), Seomyeon, 부산 (Busan)",35.1555551,129.0584944,chunithm;ddr;drs;gitadora;iidx;jubeat;maimai_dx;other;popn;sdvx;taiko,,ziv
수원 준 게임장 / 권선동 준오락실,"권선구 권선동 1258-2호, 수원시 (Suwon-si), 경기도 (Gyeonggi-do)",37.2523709,127.0302631,gitadora;jubeat;other,,ziv
스타트랙 게임장,"수정구 신흥동 4191번지, 성남시 (Seongnam-si), 경기도 (Gyeonggi-do)",37.4408020,127.1454684,gitadora;jubeat;other,,ziv
아주대 태경 게임장 (Taekyong),"12, Aju-ro 47beon-gil, Paldal-gu, Suwon-si, Gyeonggi-do, 16497",37.2792039,127.0430503,gitadora;jubeat;other;sdvx,,ziv
안양 NDDR,"Anyang-si, Gyeonggi-do, 431-080",37.3845959,126.9588589,gitadora;other,,ziv
안양 나노게임장,"경기도 안양시 만안구 안양동 674-232호, 안양시 (Anyang-si), 경기도 (Gyeonggi-do)",37.3987624,126.9234262,jubeat,,ziv
오산 놀러와,"원동 770-14 비비피아빌딩1층, 오산시 (Osan-si), 경기도 (Gyeonggi-do)",37.1450477,127.0710855,jubeat;other,,ziv
지큐브 오락실 (북수원 CGV),"장안구 조원동 893번지 북수원 패션아울렛 4층, 수원시 (Suwon-si), 경기도 (Gyeonggi-do)",37.3035105,127.0074902,jubeat;other,,ziv
짱구게임장(ZZANG GU Amusement),"8-8, Yeonseo-ro 29-gil, Eunpyeong-gu, Seoul, Republic of Korea, Eunpyeong-gu, Seoul, 03330",37.6189712,126.9196812,chunithm;ddr;drs;gitadora;iidx;jubeat;maimai_dx;nostalgia;other;popn;sdvx;taiko,,ziv
A.R.C.A.D.E.cat,"Esplugues de Llobregat, Esplugues de Llobregat, Catalunya, 08950",41.3771306,2.0891843,chunithm;ddr;drs;gitadora;iidx;jubeat;maimai_dx;museca;nostalgia;other;taiko,,ziv
Arcade Levels,"72 Calle Valencia, Cuarte de Huerva, Aragón, 50410",41.5946275,-0.9404924,chunithm;jubeat;museca;nostalgia;other;sdvx,,ziv
Arcade Planet - Sevilla Retro,"Calle Jardín de la Isla 6, Bellavista, Andalucía, 41012",37.3335993,-5.9696909,chunithm;ddr;drs;gitadora;iidx;jubeat;maimai_dx;museca;nostalgia;ongeki;other;popn;sdvx;taiko,,ziv
Arcade Rebirth,"Avenida de la democracia 7, Planta 6, Local 9, Madrid, Madrid, 28031",40.3844947,-3.6251181,chunithm;gitadora;iidx;jubeat;nostalgia;ongeki;other;popn;sdvx,,ziv
Museo del recreativo,"30 Calle Mariana de Carvajal y Saavedra, Jaén, Andalucía, 23009",37.8164249,-3.7796080,nostalgia;other;taiko,,ziv
Next Level Arcade Bar 2,"13 Calle de Guzmán el Bueno, Madrid, Comunidad de Madrid, 28015",40.4314875,-3.7138014,gitadora;nostalgia;other,,ziv
Nextage Madrid,"Calle Arboleda 14, Nave 36, Madrid, Comunidad de Madrid, 28031",40.3859616,-3.6257565,ddr;gitadora;iidx;jubeat;maimai_dx;nostalgia;other;popn;sdvx,,ziv
OXO - Museo del Videojuego,"2 Plaza del Siglo, Málaga, Andalucía, 29015",36.7214351,-4.4201031,chunithm;maimai_dx;nostalgia;other;taiko,,ziv
Laserdome Borås/Pinballseye,"18 Bryggaregatan, Borås, Västra Götalands län, 503 38",57.7165117,12.9423168,gitadora;iidx;jubeat;museca;other;popn;sdvx,,ziv
Pixel Arcade,"Roskildevägen 25 (25A but back of the building one floor down), Malmö, Skåne län, 217 46",55.5918141,12.9865839,ddr;jubeat;nostalgia;other;popn;sdvx,,ziv
Musée Suisse du Jeu,"Rue du Château 11, La Tour-de-Peilz, 1814",46.4526681,6.8547230,jubeat,,ziv
Cartoony World@Mingyao Department Store (卡通尼樂園),"No. 200 Zhongxiao E Road Sec. 4, Taipei City, Da'an District, 106",25.0411047,121.5521601,chunithm;ddr;maimai_dx;nostalgia;other;sdvx;taiko,,ziv
CHAMELEON (CHIAYI),No.79 Wenhua Rd. East Dist. Chiayi City 600 Taiwan,23.4773433,120.4497225,chunithm;ddr;gitadora;maimai_dx;sdvx;taiko,,allnet;ziv
HALA PLANET (RAOHE),"No.202, Raohe St., Songshan Dist., Taipei City 105058",25.0506930,121.5770277,chunithm;jubeat;maimai_dx;nostalgia;other;sdvx;taiko,,allnet;ziv
HALA PLANET (XIMEN),"No.11, Ln.144, Sec.1,Zhonghua Rd.Wanhua Dist., Taipei City 108",25.0436445,121.5086610,chunithm;ddr;jubeat;maimai_dx;other;popn;sdvx;taiko,,allnet;ziv
HALA Planet Fengjia (H50MGS),"269-48 Section 2, Xitun Road, Taichung City, Xitun District, 407",24.1745091,120.6442534,chunithm;ddr;iidx;jubeat;maimai_dx;other;sdvx;taiko,,ziv
HALA PLANET(TAICHUNG YIZHONG),"No.10, Taiping Rd., North Dist., Taichung City 404008, Taiwan",24.1476019,120.6859621,chunithm;ddr;gitadora;iidx;maimai_dx;sdvx;taiko,,allnet;ziv
Hala Planet@Gongguan (哈啦星球) First Store,"130 Roosevelt Road, Section 4, Zhongzheng, Taipei, 100",25.0130475,121.5357561,chunithm;gitadora;iidx;maimai_dx;nostalgia;popn;sdvx;taiko,,ziv
Hala Planet@Gongguan (哈啦星球) Second Store,"142 Roosevelt Road, Section 4, Zhongzheng, Taipei, 100",25.0128443,121.5359681,chunithm;ddr;jubeat;maimai_dx;other;taiko,,ziv
Halar Cinema (哈拉影城),"72 Kangning Road, Section 3, Neihu, Taipei City, 114",25.0700753,121.6112118,jubeat;maimai_dx;taiko,,ziv
INF GAME Center (無限遊戲中心),"Zhongshan Road Section 1 Lane 50 No. 22, New Taipei City, Banqiao District, 220",25.0086270,121.4615713,chunithm;ddr;drs;gitadora;iidx;jubeat;maimai_dx;nostalgia;other;sdvx;taiko,,ziv
MAX GAME CENTER,"NO.78, SEC.2, CHONGXIN RD.,SANCHONG DIST., NEW TAIPEI CITY",25.0618105,121.4972921,chunithm;ddr;gitadora;iidx;jubeat;maimai_dx;nostalgia;other;sdvx;taiko,,allnet;ziv
NEW CITY(ZHONGLI),"11F,NO.120,SEC.1,ZHONGYANG W.RD,ZHONGLI CITY, TAOYUAN",24.9584889,121.2203631,chunithm;ddr;gitadora;iidx;jubeat;maimai_dx;nostalgia;other;popn;sdvx;taiko,,allnet;ziv
Rhythm Arena,"No. 86-1, Zhonghua 3rd Rd., Qianjin Dist., Kaohsiung City, 801",22.6280119,120.2965942,chunithm;ddr;drs;gitadora;iidx;jubeat;maimai_dx;nostalgia;popn;sdvx;taiko,,ziv
SHIRONEKOYA Taoyuan (白喵一番屋 桃園店),"12 Chenggong Road Section 1, Wuling Village, 2F, Taoyuan District, Taoyuan City, 330",24.9929624,121.3128162,chunithm;ddr;gitadora;iidx;jubeat;maimai_dx;nostalgia;other;sdvx;taiko,,ziv
SHIRONEKOYA(TAICHUNG),"1F.,No.7,Ln. 6,Yucai St.,North Dist.,Taichung City,Taiwan",24.1502189,120.6849391,chunithm;ddr;gitadora;iidx;jubeat;maimai_dx;popn;sdvx;taiko,,allnet;ziv
Taiko Park 太鼓歡樂園,"No. 62, Section 2, Zhonghua E Rd, Fuqiang Village, East District, Tainan City, 701",22.9860220,120.2318752,chunithm;maimai_dx;popn;sdvx;taiko,,ziv
TIGER 球の運動館,"497號 Huiwen Road, Taichung City, 408",24.1459790,120.6433435,chunithm;ddr;iidx;jubeat;nostalgia;sdvx;taiko,,ziv
Tom's World (Taitung) 湯姆熊歡樂世界 台東店,"439 Section 1 Zhonghua Rd., Floor 1, Taitung City, Taitung County, 95042",22.7530366,121.1520231,jubeat;maimai_dx;sdvx,,ziv
TOM'S WORLD(CHIN CHIN@TAICHUNG),"B1F.-2,NO.14, BEITUN RD.,NORTH DISTRICT,TAICHUNG CITY",24.1601923,120.6919917,chunithm;gitadora;maimai_dx;taiko,,allnet;ziv
TOM'S WORLD(DREAM MALL@KAOHSIUNG),"B1., NO.789, ZHONGHUA 5TH RD.QIANZHEN DIST., KAOHSIUNG CITY",22.6227314,120.3580461,chunithm;gitadora;jubeat;maimai_dx;other;popn;sdvx,,allnet;ziv
TOM'S WORLD(JHONGSING@HSINCHU),"1F.,NO.32, LINSEN RD.,HSINCHU CITY,",24.8018720,120.9689311,chunithm;ddr;gitadora;jubeat;maimai_dx;other,,allnet;ziv
TOM'S WORLD(JINWANNIAN@TAIPEI),"5F., NO.70, SINING S.RD.,WANHUADISTRICT, TAIPEI CITY,",25.0435101,121.5058933,chunithm;drs;gitadora;jubeat;maimai_dx;other;sdvx;taiko,,allnet;ziv
TOM'S WORLD(LIUHE@KAOHSIUNG),"NO.132, LIUHE 2ND RD.,QIANJIN DISTRICT, KAOHSIUNG",22.6311429,120.2959709,chunithm;ddr;drs;gitadora;maimai_dx;other;sdvx;taiko,,allnet;ziv
X50 Music Game Station (First store),"134 Wuchang Street, Section 2, Wanhua, Taipei, 108",25.0455687,121.5027896,ddr;gitadora;iidx;jubeat;popn;sdvx,,ziv
力堡遊樂園,"50-1 Zhongxiao West Road, Section 1, Zhongzheng, Taipei, 100",25.0464581,121.5156019,chunithm;ddr;gitadora;iidx;jubeat;maimai_dx;nostalgia;other;sdvx;taiko,,ziv
永淇樂園@Taipei City Mall,"100 Shimin Boulevard, Section 1, Zhongzheng, Taipei, 100",25.0496510,121.5130913,chunithm;gitadora;jubeat;maimai_dx;nostalgia;other;sdvx;taiko,,ziv
百威娛樂城,"70050 West Central District, Section 2, Minquan Rd, Tainan, 118",22.9950937,120.2035215,gitadora;jubeat;maimai_dx;other;taiko,,ziv
音樂創劇 Music Game x Livehouse,"320號B3 Jianguo 2nd Rd, 高雄市三民區建國二路 320號B3, Kaohsiung, Sanmin District, 807",22.6395013,120.3024280,chunithm;ddr;iidx;jubeat;other;sdvx;taiko,,ziv
ECHO GAMES(ZPELL),"PL2.3.SHP01094PRAHONYOTHINRD,PRACHATIPAT,TANYABURI,PRATHUMTHANI",13.9887697,100.6173520,chunithm;ddr;drs;gitadora;iidx;maimai_dx;other;sdvx;taiko,,allnet;ziv
EX10 MUSICPOD Central Ladprao,"1691, Central Ladprao 6th floor, Phahon Yothin Road, Chatuchak, Chatuchak, Bangkok, 10900",13.8173744,100.5616147,chunithm;drs;gitadora;iidx;maimai_dx;nostalgia;other;sdvx;taiko,,ziv
EX10(MAYA CHIANGMAI),"55/5 M.5 CHANGPHEUK  ,MEANG, CHIANGMAI",18.8026933,98.9672955,chunithm;drs;gitadora;iidx;maimai_dx;other;sdvx;taiko,,allnet;ziv
EX10(MBK),"MBK CENTERBLDG.,444 PHAYATHAI RD.,PATHUM WAN BANGKOK",13.7443293,100.5299973,chunithm;ddr;drs;gitadora;iidx;maimai_dx;sdvx;taiko,,allnet;ziv
Fun City Central Salaya,"99/19,99/20 Moo 2, Bang Toei , Sam Phran, Nakhon Pathom, 73210",13.7870597,100.2774824,gitadora;maimai_dx;other,,ziv
Fun Station Big C Supercenter Rama 2 Branch 1,"127 Rama II Road, Samae Dam, Bang Khun Thian, Bangkok, 10150",13.6614022,100.4406781,jubeat,,ziv
GAMESMITH,"121/2 Ratchaphruek Road, Bang Ramat, Taling Chan, Bangkok, 10170",13.7715447,100.4433849,chunithm;iidx;maimai_dx;nostalgia;sdvx,,ziv
Let's Play MBK Center,"444, Phayathai Road, Wang Mai, Pathum Wan, Bangkok, 10330",13.7447741,100.5301690,ddr;drs;gitadora;iidx;maimai_dx;other;popn;sdvx,,ziv
Arcade Club Blackpool,"74 Bloomfield Road, Blackpool, England, FY1 6JL",53.8041519,-3.0465826,ddr;drs;jubeat;maimai_dx;museca;nostalgia;other;sdvx;taiko,,ziv
Arcade Club Bury,"Ela Mill, Cork Street, Bury, England, BL9 7BW",53.5951081,-2.2838197,chunithm;ddr;drs;gitadora;iidx;jubeat;maimai_dx;museca;nostalgia;other;popn;sdvx;taiko,,ziv
Arcade Club Leeds,"2a Savins Mill Way, Kirkstall, Leeds, England, LS5 3RP",53.8156227,-1.6031883,ddr;drs;jubeat;maimai_dx;nostalgia;other;popn;taiko,,ziv
Astro City,"2c Southchurch Road, Southend-on-Sea, Essex, SS1 2NE",51.5399578,0.7128145,ddr;other;popn,,ziv
Chief Coffee,"Turnham Green, Terrace Mews, London, England, W4 1QU",51.4939957,-0.2548184,chunithm;maimai_dx;nostalgia;other;taiko,,ziv
FreePlayCity,"ExFed, 199 Eade Road, London, England, N4 1DN",51.5754211,-0.0877217,chunithm;ddr;drs;gitadora;iidx;jubeat;museca;nostalgia;ongeki;other;popn;sdvx;taiko,,ziv
Funland,"25, 27 Brunswick Square, London, England, WC1N 1AW",51.5243953,-0.1236096,ddr;iidx;jubeat;museca;other;popn;sdvx,,ziv
High Score Southampton,"103 East Street, Southampton, Hampshire, SO14 3HH",50.9016458,-1.4013308,ddr;drs;other;popn,,ziv
Insanity Gaming Arcade Poole,"42 Harwell Road, Nuffield Industrial Estate, Poole, Dorset, BH17 0GE",50.7404544,-1.9768685,ddr;jubeat;other,,ziv
Las Vegas Arcade Soho,"Wardour Street, West End, London, W1F 0UB",51.5126877,-0.1336357,ddr;jubeat;museca;other;taiko,,ziv
Pixel Bar Manchester,"10 Thomas Street, Manchester, M4 1DH",53.4846749,-2.2378848,jubeat;maimai_dx;other,,ziv
Playback Arcade,"Unit 20, The Galleries Shopping Centre, Bristol, England, BS1 3XB",51.4568410,-2.5901905,ddr;drs;iidx;jubeat;maimai_dx;nostalgia;ongeki;other;popn;sdvx;taiko,,ziv
Retrodome,"Thomas Street, Barnsley, England, S70 1LP",53.5488834,-1.4804881,gitadora;maimai_dx;nostalgia;other,,ziv
The Arcade Warehouse Lincoln,"Dixon Street, Lincoln, England, LN6 7BN",53.2197925,-0.5556083,jubeat;museca;other;sdvx;taiko,,ziv
The Heart Of Gaming + Playnation Games,"44-46 North End Road, Croydon, England, CR0 1TG",51.3751662,-0.1001684,jubeat;maimai_dx;other;popn;taiko,,ziv
The Retro Realm,"Unit 2, Waterside Place, Marsh Ln, Walsall, West Midlands, WS2 8LN",52.5853931,-1.9865321,ddr;maimai_dx;other;popn;sdvx;taiko,,ziv
Akihabara,"8901 N Harlan St, Westminster, Colorado, 80031",39.8581737,-105.0646787,chunithm;ddr;jubeat;maimai_dx;other;popn;sdvx;taiko,,ziv
Akihabara Arcade and Bar,"8901 Harlan Street, Westminster,, Colorado, 80031",39.8581171,-105.0651513,chunithm;ddr;drs;iidx;jubeat;maimai_dx;nostalgia;other;popn;sdvx;taiko,,ziv;community
Another Castle - Arcade Edition (Edmonds),"23303C Washington 99, Edmonds, Washington, 98026",47.7876204,-122.3399439,other;popn,,ziv
ARCADE MONSTERS,6362 INTERNATIONAL DR ORLANDO FL 32819,28.4596379,-81.4683551,chunithm;ddr;drs;iidx;jubeat;maimai_dx;nostalgia;ongeki;other;popn;sdvx;taiko,,allnet;ziv
Arcade Monsters (Lake Mary),"1130 Townpark Ave, Suite 1122, Lake Mary, Florida, 32746",28.7885860,-81.3560626,chunithm;drs;other;popn;sdvx;taiko,,ziv
Arcade Monsters (Lido Beach),"326 John Ringling Boulevard, Sarasota, Florida, 34236",27.3176131,-82.5779273,chunithm;ddr;gitadora;jubeat;maimai_dx;nostalgia;other;popn;sdvx,,ziv
Arcade Monsters (Melbourne),"835 South Babcock Street, Melbourne, Florida, 32901",28.0950078,-80.6199064,chunithm;ddr;drs;gitadora;iidx;jubeat;maimai_dx;museca;nostalgia;other;popn;sdvx;taiko,,ziv
Arcade Monsters (Murrieta),"39809 Avenida Acacias, Murrieta, California, 92563",33.5683717,-117.1796125,chunithm;ddr;drs;gitadora;jubeat;maimai_dx;nostalgia;ongeki;other;popn;sdvx;taiko,,ziv
Arcade Monsters (Oviedo),"15 Alafaya Woods Blvd, Suite 117, Oviedo, Florida, 32765",28.6517888,-81.2068109,chunithm;ddr;drs;gitadora;iidx;jubeat;maimai_dx;museca;nostalgia;other;popn;sdvx;taiko,,ziv
Arcade Monsters (San Diego),"704 J St, San Diego, California, 92101",32.7096136,-117.1579839,chunithm;ddr;drs;gitadora;jubeat;maimai_dx;nostalgia;ongeki;other;popn;sdvx;taiko,,ziv
Arcade Odyssey,"12045 Southwest 117th Avenue, Miami, Florida, 33176",25.6556196,-80.3829644,chunithm;ddr;drs;iidx;jubeat;maimai_dx;nostalgia;other;sdvx;taiko,,ziv
Arcade Replay North,"7916 N. El Dorado St., Stockton, CA, 95206",38.0213750,-121.3139133,chunithm;ddr;gitadora;iidx;jubeat;nostalgia;other;sdvx,,ziv
Arcade UFO,"9029 Research Boulevard, Building #100, Austin, Texas, 78758",30.3731895,-97.7243085,chunithm;gitadora;jubeat;other;popn;sdvx,,ziv
Arcadia,"504 Congress Street, Portland, Maine, 04101",43.6562376,-70.2605010,chunithm;jubeat;sdvx,,ziv
Arcadia Manor,"1707 Spring Garden Street, Greensboro, North Carolina, 27403",36.0635232,-79.8192626,chunithm;jubeat;other;sdvx,,ziv
BHOP Esports (Hawthorn),"506 Hawthorn Center, Vernon Hills, Illinois, 60061",42.2431155,-87.9517552,chunithm;ddr;jubeat;other;sdvx,,ziv
Bit Bar,"278 Derby Street, Salem, Massachusetts, 01970",42.5205473,-70.8909452,ddr;jubeat;other,,ziv
Blackbeard's Family Entertainment Center,"4055 N Chestnut Diagonal, Fresno, California, 93727",36.7917400,-119.7296160,ddr;gitadora,,ziv
Boss Battle Games,"6020 East 82nd Street, Indianapolis, Indiana, 46250",39.9088634,-86.0672431,ddr;gitadora;jubeat;other;popn;sdvx,,ziv
Bragging Rights,"113 NW 8th Ave, Gainesville, Florida, 32605",29.6588870,-82.3262751,ddr;gitadora;iidx;nostalgia;other,,ziv
Cactus Jack's Family Fun Center,"1211 North Council Road, Oklahoma City, Oklahoma, 73127",35.4813110,-97.6547317,iidx;jubeat;nostalgia;other;popn;sdvx,,ziv
Captain Crazy's Paradise,"2139 South McKenzie Street, Foley, Alabama, 36535",30.3835992,-87.6824333,chunithm;iidx;jubeat;maimai_dx;nostalgia;other;popn;sdvx;taiko,,ziv
Castlecade (East Towne),"115 East Towne Way, Madison, Wisconsin, 53704",43.1250204,-89.3049577,ddr;jubeat;sdvx,,ziv
Cidercade (Arlington),"500 E. Division St., Arlington, Texas, 76010",32.7360917,-97.1029971,jubeat;maimai_dx;other;sdvx,,ziv
CIDERCADE AUSTIN,600 e riverside Dr Austin tx 78704,30.2524716,-97.7410337,chunithm;jubeat;maimai_dx;ongeki;other;sdvx,,allnet;ziv
CIDERCADE HOUSTON,2320 canal st  #100 Houston TX 77003,29.7575862,-95.3464930,chunithm;jubeat;maimai_dx;nostalgia;ongeki;other;popn;sdvx,,allnet;ziv
COMPUTER Z@NE,"MD100, Elkridge, Maryland, 21075",39.1967420,-76.7667958,jubeat;museca;other,,ziv
Dancetopia,"33054 Garfield Road, Fraser, MI, 48026",42.5399690,-82.9491717,ddr;iidx;jubeat;nostalgia;other,,ziv
DawnStar Video Games,"3007 W Clay St, Suite A, Richmond, Virginia, 23230",37.5659388,-77.4713260,ddr;iidx;jubeat;museca;nostalgia;other;sdvx,,ziv
Decades Arcade,"418 East Main Street, Charlottesville, Virginia, 22902",38.0297920,-78.4788333,jubeat;other;popn;sdvx,,ziv
District 57,"1526 Alleghany St B, Charlotte, 28208",35.3425749,-81.0578156,chunithm;jubeat,,ziv
EightyOne Arcade Bar,"221 South Phillips Avenue, Sioux Falls, South Dakota, 57104",43.5452702,-96.7271952,ddr;drs;jubeat;nostalgia;other,,ziv
Electric Bat Arcade,"25 West Southern Avenue, Tempe, Arizona, 85282",33.3926519,-111.9403517,jubeat;other;popn;sdvx,,ziv
Electric Starship Arcade,"5620 Denton Hwy, Haltom City, TX, 76148",32.8491297,-97.2628213,ddr;nostalgia;other;sdvx,,ziv
ENTERRIUM,2 WOODFIELD MALL SCHAUMBURG IL 60173,42.0453408,-88.0340351,ddr;drs;iidx;maimai_dx;other;popn;sdvx,,allnet;ziv
Family Arcade (Family Amusement Corp),"876 N Vermont Ave, Los Angeles, California, 90029",34.0875259,-118.2913430,gitadora;other,,ziv
Flippin' Great Pinball,"632-2 Railroad Square, Tallahassee, Florida, 32310",30.4332479,-84.2935908,chunithm;ddr;jubeat;sdvx,,ziv
Free Play Arcade - Abilene,"250 Cypress Street, Abilene, TX, 79601",32.4509963,-99.7345412,ddr;jubeat;other;sdvx,,ziv
Free Play Arcade - Dallas,"3015 Gulden Lane, Dallas, Texas, 75212",32.7797926,-96.8281839,ddr;gitadora;iidx;jubeat;maimai_dx;nostalgia;other;popn;sdvx,,ziv
Free Play Arcade - Denton,"101 West Hickory Street, Denton, Texas, 76201",33.2145359,-97.1328290,ddr;iidx;jubeat;museca;other,,ziv
Free Play Arcade - Richardson,"1730 East Belt Line Road, Richardson, Texas, 75081",32.9438056,-96.6933056,ddr;jubeat;museca;other;sdvx,,ziv;community
Freeplay Bar & Arcade - Worcester,"25 Union Street, Worcester, Massachusetts, 01608",42.2700266,-71.7982879,chunithm;ddr;jubeat;ongeki;other;popn,,ziv
FUN FACTORY - PEARL CITY GATEWAY,"1140 KUALA STREET, UNIT #100  PEARL CITY, HI 96782",21.4001258,-157.9753304,iidx;maimai_dx;other;popn,,allnet;ziv
Funworld,"200 Daniel Webster Highway, Nashua, New Hampshire, 03060",42.7162955,-71.4422874,ddr;gitadora;other,,ziv
Game Nest,"4525 Spring Mountain Road, Suite 112, Las Vegas, Nevada, 89102",36.1253065,-115.2017679,chunithm;ddr;drs;gitadora;iidx;jubeat;maimai_dx;museca;nostalgia;ongeki;other;popn;sdvx;taiko,,ziv
GAME OVER,"1022 E Broadway, Alton, Illinois, 62002",38.8886862,-90.1699020,jubeat;other,,ziv
Game Underground,"349 Moody Street, Waltham, Massachusetts, 02453",42.3702947,-71.2374590,chunithm;jubeat;maimai_dx;ongeki;other;popn;sdvx,,ziv
gamecenter,"22009 68th Ave S, Kent, Washington, 98032",47.4046797,-122.2500229,chunithm;jubeat;maimai_dx;museca;ongeki;other;taiko,,ziv
gamecenter arcade,"22009 68th Ave S, Kent, WA 98032",,,chunithm;jubeat;maimai_dx;museca;ongeki;other;taiko,,community
GAMEWORKS,1511  7TH AVE SEATTLE WA 98101,47.6118622,-122.3338196,ddr;gitadora;maimai_dx;other;popn;taiko,,allnet;ziv
Gatcha (King of Prussia Mall),"160 N Gulph Rd, Suite #2015, King of Prussia, Pennsylvania, 19406",40.0881374,-75.3934354,chunithm;drs;jubeat;maimai_dx;other;taiko,,ziv
Gatcha (Koreatown),"313 5th Ave, New York, 10016",40.7468871,-73.9854214,chunithm;ddr;drs;iidx;jubeat;maimai_dx;nostalgia;other;popn;taiko,,ziv
GATCHA TANGRAM,133-33 37TH AVE #F1/F2 FLUSHINGNY 11354,40.7605824,-73.8337836,chunithm;ddr;drs;gitadora;maimai_dx;ongeki;other;taiko,,allnet;ziv
Glitch Bar,"905 Northeast 5th Avenue, Fort Lauderdale, Florida, 33304",26.1353548,-80.1391912,jubeat,,ziv
Golf N Stuff,"5555 Walker St., Ventura, California, 93003",34.2553778,-119.2150524,gitadora;other,,ziv
H Mart Naperville,"1295 E Ogden Ave, Naperville, Illinois, 60563",41.7975218,-88.1229070,ddr;popn,,ziv
Han Lao Asian Market,"7219 Manchester Road, Maplewood, Missouri, 63143",38.6140873,-90.3149016,chunithm;other;popn;sdvx,,ziv
Heroes Venture Arcade,"2022 Washington St, Two Rivers, 54241",44.1533426,-87.5683669,gitadora;other,,ziv
High Score Player Two: Classic Arcade,"2818 Mount Vernon Avenue, Evansville, Indiana, 47712",37.9828765,-87.6086239,ddr;iidx;jubeat;other;popn;sdvx,,ziv
Hometown Arcade (Northampton),"150 Main St Suite 40, Lower Level 1, Northampton, Massachusetts, 01060",42.3183282,-72.6308567,ddr;iidx;jubeat;other;sdvx,,ziv
Hometown Arcade (Norwood),"61 Endicott St Building 26A, Mailstop #83, Norwood, Massachusetts, 02062",42.1770577,-71.2169733,ddr;nostalgia;other;sdvx;taiko,,ziv
IKIGAI ARCADE,"5738 BAUM BLVD PITTSBURGH, PA 15206",40.4586541,-79.9324136,chunithm;ddr;iidx;maimai_dx;ongeki;other;popn;sdvx,,allnet;ziv
Insert Coin Olympia,"3430 Pacific Ave SE, Suite D1, Olympia, WA, 98501",47.0424615,-122.8472944,gitadora;iidx;nostalgia;other;sdvx,,ziv
Joysticks Arcade,"483 Mandalay Avenue, Clearwater, Florida, 33767",27.9817408,-82.8267593,drs;maimai_dx;nostalgia;other;popn,,ziv
Keg & Coin,"1271 King Street, Jacksonville, Florida, 32204",30.3116277,-81.6941857,other;popn,,ziv
Kiddleton,"23330 Grand Cir Blvd, Suite 160, Katy, TX, 77449",29.7889129,-95.7731304,ddr;popn,,ziv
Kiddleton (Gardena),"15484 S Western Ave, Gardena, California, 90247",33.8893655,-118.3089084,ddr;popn,,ziv
Kiddleton (Little Tokyo),"335 E 2nd St., Los Angeles, California, 90012",34.0492372,-118.2406601,ddr;iidx;maimai_dx;popn;sdvx,,ziv
Kiddleton Cupertino,"19710 Stevens Creek Blvd, Cupertino, CA, 95014",37.3216340,-122.0179554,ddr;popn,,ziv
La Horda Bar Arcade,"Calle Diego De Montemayor 827 Sur, Monterrey, Nuevo León, 64000",25.6677097,-100.3071468,chunithm;ddr;jubeat;nostalgia;other;sdvx;taiko,,ziv
La Horda Bar Arcade Sanico,"Av Juan Pablo II 450 L-24, Francisco Garza Sada, San Nicolás De Los Garza, Nuevo León, 66490",25.7082309,-100.2626809,ddr;gitadora;maimai_dx;other;popn,,ziv
Laser Assault - Provo,"1200 Towne Centre Blvd STC 2018, Provo, Utah, 84601",40.2168649,-111.6630114,iidx;jubeat;nostalgia,,ziv
Leaderboard 2 Arcade Bar & Pizzeria (Shad),"5285 Shad Road, Suite 316, Jacksonville, Florida, 32257",30.1940262,-81.5774021,chunithm;ddr;drs;gitadora;iidx;jubeat;maimai_dx;museca;nostalgia;ongeki;other;sdvx;taiko,,ziv
Leaderboard 3 (Lakeshore),"2415 Blanding Blvd, Ste 9, Jacksonville, 32210",30.2746416,-81.7312700,ddr;drs;maimai_dx;other;popn;taiko,,ziv
Leaderboard Arcade Bar & Pizzeria (Wells),"1760 Wells Road, Orange Park, Florida, 32073",30.1860675,-81.7283306,chunithm;drs;iidx;jubeat;maimai_dx;other;sdvx;taiko,,ziv
Lowry Parcade,"1213 W Waters Ave, Tampa, 33604",28.0256310,-82.4713017,ddr;jubeat;other,,ziv
Max Funland (86th St),"1921 86th St, Brooklyn, New York, 11214",40.6057546,-73.9996525,chunithm;ddr;gitadora;iidx;maimai_dx;ongeki;other;taiko,,ziv
Max Funland (Broadway),"47 Broadway, 2nd Floor, New York, New York, 10006",40.7066181,-74.0130875,chunithm;ddr;gitadora;maimai_dx;ongeki,,ziv
New Game Plus+,"1653 West Palmetto Street, Florence, South Carolina, 29501",34.1908887,-79.8001759,chunithm;ddr;gitadora;iidx;maimai_dx;museca;other;popn;sdvx;taiko,,ziv
Nickel City Xtreme (Northbrook),"555 Waukegan Road, Northbrook, Illinois, 60062",42.1454121,-87.8283763,jubeat;other,,ziv
Out of Order Arcade,"13320 Lincoln Way, Auburn, California, 95603",38.9212893,-121.0566766,popn,,ziv
Pantsu_pnm's House,"5830 Climax Avenue, Klamath Falls, Oregon, 97603",42.2096008,-121.7169278,other;popn,,ziv
Peabody Heights Brewery,"401 East 30th Street, Baltimore, Maryland, 21218",39.3244591,-76.6104024,popn,,ziv
Play 2 Win Games,"3903 Western Ave, Knoxville, Tennessee, 37921",35.9806412,-84.0152487,popn,,ziv
Play Port,"2730 West 12th Street, Erie, Pennsylvania, 16505",42.1016915,-80.1423810,ddr;gitadora;other;popn,,ziv
Playzone Bowling and Amusement,"950 N Imperial Ave, El Centro, CA, 92243",32.7532100,-115.5191803,ddr;popn,,ziv
Plaza de la tecnología,"Calle Libertad 514, Colonia Zona Centro, Chihuahua, Chihuahua , 31000",28.6385450,-106.0743635,nostalgia;other;sdvx,,ziv
Point Break Arcade,"445 Harrison Avenue, Panama City, Florida, 32401",30.1560462,-85.6605591,chunithm;ddr;drs;jubeat;maimai_dx;nostalgia;other;popn;sdvx;taiko,,ziv
Power Surge Bar Arcade,"347 Main St., Fitchburg, Massachusetts, 01420",42.5696120,-71.7797327,ddr;jubeat;other,,ziv
PUSH START PLAY Family Entertainment Center,"1165 S Stemmons Fwy #192, Lewisville, TX, 75067",33.0285088,-96.9940210,drs;jubeat;maimai_dx;other;sdvx,,ziv
RAD BAR,"119 Staff Drive Northeast, Fort Walton Beach, Florida, 32548",30.4155769,-86.6058308,jubeat;other;popn;sdvx,,ziv
Rat Nest,"12345 Mountain Avenue, Chino, California, 91710",34.0295221,-117.6664528,popn,,ziv
Red Note,"1881 South Rainbow Boulevard, Las Vegas, Nevada, 89146",36.1505760,-115.2435833,chunithm;ddr;gitadora;iidx;jubeat;maimai_dx;nostalgia;ongeki;other;popn;sdvx,,ziv
Retro Rush Arcade,"100 N 9th St, Richmond, Indiana, 47374",39.8307605,-84.8917539,jubeat;other;sdvx,,ziv
Retrovolt Arcade,"544 Myrtlewood Drive, Calimesa, California, 92320",33.9967638,-117.0579657,other;popn;sdvx,,ziv
Retroware Arcade (Lansdale),"309 West Main Street, Lansdale, Pennsylvania, 19446",40.2435101,-75.2867609,chunithm;ddr;jubeat;nostalgia;other;sdvx,,ziv
Revival Arcade,"1395 North E Street, San Bernardino, California, 92405",34.1253699,-117.2939229,ddr;gitadora;iidx;other;sdvx,,ziv
RhythmPitt,"Join the discord!, Pittsburgh, Pennsylvania, 15208",40.4514865,-79.9081555,chunithm;ddr;drs;gitadora;iidx;jubeat;maimai_dx;museca;nostalgia;ongeki;other;popn;sdvx,,ziv
Ric&Rik Otaku Cafe,"7022 Bandera Road, San Antonio, Texas, 78238",29.4989299,-98.6254450,chunithm;ddr;gitadora;iidx;jubeat;maimai_dx;museca;nostalgia;other;popn;sdvx;taiko,,ziv
Round1 Arcade (Deerbrook Mall),"20131 U.S. 59 #1240, Humble, Texas, 77338",30.0108345,-95.2702403,dance_around;ddr;drs;gitadora;iidx;maimai_dx;other;popn;sdvx;taiko,,ziv
Round1 Arcade (Las Vegas South Premium Outlets),"7400 South Las Vegas Boulevard, Suite 0213, Las Vegas, Nevada, 89123",36.0509813,-115.1691493,chunithm;dance_around;ddr;gitadora;iidx;maimai_dx;other;popn;sdvx;taiko,,ziv
Round1 Arcade (The Shops at Mission Viejo),"555 Shops At Mission Viejo, Mission Viejo, California, 92691",33.5578649,-117.6690459,chunithm;dance_around;ddr;drs;gitadora;iidx;maimai_dx;other;popn;sdvx;taiko,,ziv
Round1 Bowling & Arcade  (Westfield Plaza Bonita),"3030 Plaza Bonita Road, National City, California, 91902",32.6567841,-117.0652516,chunithm;dance_around;ddr;drs;gitadora;iidx;maimai_dx;other;popn;sdvx;taiko,,ziv
Round1 Bowling & Arcade (Arlington Parks),"3811 South Cooper Street, Arlington, Texas, 76015",32.6794343,-97.1296624,chunithm;dance_around;ddr;drs;gitadora;iidx;maimai_dx;museca;other;popn;sdvx;taiko,,ziv
Round1 Bowling & Arcade (Arrowhead Towne Center),"7700 West Arrowhead Towne Center, Glendale, Arizona, 85308",33.6413200,-112.2241185,chunithm;dance_around;ddr;drs;gitadora;iidx;maimai_dx;other;popn;sdvx;taiko,,ziv
Round1 Bowling & Arcade (Broadway Commons),"972 Broadway Mall, Hicksville, New York, 11801",40.7737561,-73.5331730,chunithm;dance_around;ddr;drs;gitadora;iidx;maimai_dx;other;popn;sdvx;taiko,,ziv
Round1 Bowling & Arcade (Burbank Town Center),"201 East Magnolia Boulevard, Burbank, California, 91502",34.1840093,-118.3120680,chunithm;dance_around;ddr;drs;gitadora;iidx;maimai_dx;other;popn;sdvx;taiko,,ziv
Round1 Bowling & Arcade (Chandler Fashion Center),"3111 W Chandler Blvd, Chandler, Arizona, 85226",33.3010314,-111.8999679,chunithm;dance_around;ddr;drs;gitadora;iidx;maimai_dx;other;popn;sdvx;taiko,,ziv
Round1 Bowling & Arcade (Cumberland Mall),"2860 Cumberland Mall, Atlanta, Georgia, 30339",33.8802585,-84.4670214,chunithm;dance_around;ddr;drs;gitadora;iidx;maimai_dx;other;popn;sdvx;taiko,,ziv
Round1 Bowling & Arcade (Danbury Fair),"7 Backus Avenue, Danbury, Connecticut, 06810",41.3796745,-73.4802532,chunithm;dance_around;ddr;drs;gitadora;iidx;maimai_dx;other;popn;sdvx;taiko,,ziv
Round1 Bowling & Arcade (Deptford Mall),"1750 Deptford Center Road, Deptford, New Jersey, 08096",39.8302390,-75.0978078,chunithm;dance_around;ddr;drs;gitadora;iidx;maimai_dx;other;popn;sdvx;taiko,,ziv
Round1 Bowling & Arcade (Eastridge Shopping Center),"2200 Eastridge Loop, Suite 2094, San Jose, California, 95122",37.3249160,-121.8135252,dance_around;ddr;drs;gitadora;iidx;maimai_dx;other;popn;sdvx;taiko,,ziv
Round1 Bowling & Arcade (Exton Square Mall),"172 Exton Square Parkway, Exton, Pennsylvania, 19341",40.0306751,-75.6223013,chunithm;dance_around;ddr;drs;gitadora;iidx;maimai_dx;other;popn;sdvx;taiko,,ziv
Round1 Bowling & Arcade (Fairfield Commons),"2727 Fairfield Commons, Beavercreek, Ohio, 45431",39.7659582,-84.0557259,chunithm;dance_around;ddr;drs;gitadora;iidx;maimai_dx;other;popn;sdvx;taiko,,ziv
Round1 Bowling & Arcade (Fashion District Philadelphia),"1001 Market Street, Philadelphia, Pennsylvania, 19107",39.9521838,-75.1585248,chunithm;dance_around;ddr;drs;gitadora;iidx;maimai_dx;other;popn;sdvx;taiko,,ziv
Round1 Bowling & Arcade (Four Seasons Town Centre),"410 4 Seasons Town Center Ent, Greensboro, North Carolina, 27427",36.0405325,-79.8381615,chunithm;dance_around;ddr;drs;gitadora;iidx;maimai_dx;other;popn;sdvx;taiko,,ziv
Round1 Bowling & Arcade (Fox Valley Mall),"1500 Fox Valley Center Road, Aurora, Illinois, 60504",41.7589159,-88.2119107,chunithm;dance_around;ddr;drs;gitadora;iidx;maimai_dx;other;popn;sdvx;taiko,,ziv
Round1 Bowling & Arcade (Galleria at Crystal Run),"1 Galleria Drive, Middletown, New York, 10941",41.4525155,-74.3688673,chunithm;dance_around;ddr;drs;gitadora;iidx;maimai_dx;other;popn;sdvx;taiko,,ziv
Round1 Bowling & Arcade (Gateway Mall),"6100 O Street, Suite 190A, Lincoln, Nebraska, 68505",40.8159669,-96.6347263,chunithm;dance_around;ddr;gitadora;iidx;maimai_dx;other;popn;sdvx;taiko,,ziv
Round1 Bowling & Arcade (Grapevine Mills),"3000 Grapevine Mills Parkway, Grapevine, Texas, 76051",32.9638467,-97.0444894,chunithm;dance_around;ddr;drs;gitadora;iidx;maimai_dx;other;sdvx;taiko,,ziv
Round1 Bowling & Arcade (Great Lakes Crossing Outlets),"4220 Baldwin Rd, Suite A502, Auburn Hills, Michigan, 48326",42.7018127,-83.2980609,chunithm;dance_around;ddr;drs;gitadora;iidx;maimai_dx;other;popn;sdvx;taiko,,ziv
Round1 Bowling & Arcade (Great Lakes Mall),"7850 Mentor Avenue, Suite 200A, Mentor, Ohio, 44060",41.6588704,-81.3629822,dance_around;ddr;drs;gitadora;iidx;other;sdvx,,ziv
Round1 Bowling & Arcade (Gurnee Mills),"6170 West Grand Avenue, Gurnee, Illinois, 60031",42.3887186,-87.9597724,chunithm;dance_around;ddr;gitadora;iidx;maimai_dx;other;popn;sdvx;taiko,,ziv
Round1 Bowling & Arcade (Holyoke Mall),"50 Holyoke Street, Holyoke, Massachusetts, 01040",42.1683020,-72.6411724,chunithm;dance_around;ddr;drs;gitadora;iidx;maimai_dx;other;popn;sdvx;taiko,,ziv
Round1 Bowling & Arcade (Lakewood Center),"401 Lakewood Center Mall, Lakewood, California, 90712",33.8504383,-118.1385227,chunithm;dance_around;ddr;drs;gitadora;iidx;maimai_dx;other;popn;sdvx;taiko,,ziv
Round1 Bowling & Arcade (Main Place Mall),"2800 North Main Street, Suite 1100, Santa Ana, California, 92705",33.7743722,-117.8686519,dance_around;ddr;drs;gitadora;iidx;maimai_dx;other;popn;sdvx;taiko,,ziv
Round1 Bowling & Arcade (Maine Mall),"364 Maine Mall Road, South Portland, Maine, 04106",43.6334348,-70.3348268,chunithm;dance_around;ddr;drs;gitadora;iidx;maimai_dx;other;popn;sdvx;taiko,,ziv
Round1 Bowling & Arcade (Meadowood Mall),"5400 Meadowood Mall Circle, Reno, Nevada, 89502",39.4746222,-119.7805774,ddr;drs;gitadora;iidx;maimai_dx;other;sdvx;taiko,,ziv
Round1 Bowling & Arcade (Meadows Mall),"4300 Meadows Lane, Las Vegas, Nevada, 89107",36.1726641,-115.1945472,dance_around;ddr;gitadora;iidx;maimai_dx;other;sdvx,,ziv
Round1 Bowling & Arcade (Menlo Park Mall),"55 Parsonage Rd, Space 1850A, Edison, NJ, 08837",40.5461934,-74.3367040,chunithm;dance_around;ddr;drs;gitadora;iidx;maimai_dx;other;sdvx;taiko,,ziv
Round1 Bowling & Arcade (Moreno Valley Mall),"22500 Town Circle, Moreno Valley, California, 92553",33.9392929,-117.2710966,chunithm;dance_around;ddr;drs;gitadora;iidx;maimai_dx;other;popn;sdvx;taiko,,ziv
Round1 Bowling & Arcade (North Riverside Park Mall),"7501 West Cermak Road, North Riverside, Illinois, 60546",41.8485053,-87.8113389,chunithm;dance_around;ddr;drs;gitadora;iidx;maimai_dx;other;popn;sdvx;taiko,,ziv
Round1 Bowling & Arcade (North Star Mall),"7400 San Pedro Avenue, San Antonio, Texas, 78216",29.5179905,-98.4945243,chunithm;dance_around;ddr;drs;gitadora;iidx;maimai_dx;other;popn;sdvx;taiko,,ziv
Round1 Bowling & Arcade (Northridge Mall),"1600 Northridge Mall, Suite #200, Salinas, California, 93906",36.7168736,-121.6579484,chunithm;dance_around;ddr;drs;gitadora;iidx;other;popn;sdvx;taiko,,ziv
Round1 Bowling & Arcade (Park City Center),"142 Park City Center, Lancaster, Pennsylvania, 17601",40.0688127,-76.3387746,chunithm;dance_around;ddr;drs;gitadora;iidx;maimai_dx;other;popn;sdvx;taiko,,ziv
Round1 Bowling & Arcade (Park Place Mall),"5950 East Broadway Boulevard, Tucson, Arizona, 85711",32.2197722,-110.8637613,chunithm;dance_around;ddr;drs;iidx;maimai_dx;museca;other;sdvx;taiko,,ziv
Round1 Bowling & Arcade (Pembroke Lakes Mall),"12055 Pines Boulevard, Pembroke Pines, Florida, 33026",26.0106061,-80.3070438,chunithm;dance_around;ddr;drs;gitadora;iidx;maimai_dx;museca;other;popn;sdvx;taiko,,ziv
Round1 Bowling & Arcade (Potomac Mills),"2700 Potomac Mills Circle, Suite 882, Woodbridge, Virginia, 22192",38.6436402,-77.2960496,chunithm;dance_around;ddr;drs;gitadora;iidx;maimai_dx;other;popn;sdvx;taiko,,ziv
Round1 Bowling & Arcade (Promenade Temecula),"40710 Winchester Road, Temecula, California, 92591",33.5262948,-117.1531965,chunithm;dance_around;ddr;drs;gitadora;iidx;maimai_dx;other;popn;sdvx;taiko,,ziv
Round1 Bowling & Arcade (Puente Hills Mall),"1600 Azusa Ave., City of Industry, California, 91748",33.9933163,-117.9267130,chunithm;ddr;drs;gitadora;iidx;maimai_dx;other;popn;sdvx;taiko,,ziv
Round1 Bowling & Arcade (South Hill Mall),"3500 South Meridian, Puyallup, Washington, 98373",47.1569219,-122.3002553,chunithm;dance_around;ddr;drs;gitadora;iidx;maimai_dx;other;popn;sdvx;taiko,,ziv
Round1 Bowling & Arcade (Southland Mall),"551 Southland Mall, Hayward, California, 94545",37.6514003,-122.1038497,chunithm;dance_around;ddr;drs;gitadora;iidx;maimai_dx;museca;other;popn;sdvx;taiko,,ziv
Round1 Bowling & Arcade (Southridge Mall),"5300 South 76th Street, Greendale, Wisconsin, 53129",42.9496536,-88.0039430,chunithm;dance_around;ddr;gitadora;iidx;maimai_dx;other;popn;sdvx;taiko,,ziv
Round1 Bowling & Arcade (Southwest Plaza),"8501 West Bowles Avenue, Space 1183, Littleton, Colorado, 80123",39.6128555,-105.0955003,chunithm;dance_around;ddr;gitadora;iidx;maimai_dx;other;popn;sdvx,,ziv
Round1 Bowling & Arcade (Stonestown Galleria),"285 Winston Dr Space No. B1, San Francisco, California, 94132",37.7265378,-122.4778764,dance_around;ddr;drs;gitadora;iidx;maimai_dx;other;popn;sdvx;taiko,,ziv
Round1 Bowling & Arcade (Sunvalley Mall),"185 Sunvalley Mall, Concord, California, 94520",37.9688906,-122.0617050,chunithm;dance_around;ddr;gitadora;iidx;maimai_dx;museca;other;popn;sdvx,,ziv
Round1 Bowling & Arcade (The Mills at Jersey Gardens),"651 Kapkowski Road, Elizabeth, New Jersey, 07201",40.6586777,-74.1706714,dance_around;ddr;drs;gitadora;iidx;maimai_dx;other;popn;sdvx;taiko,,ziv
Round1 Bowling & Arcade (The Shops at Skyview),"131-07 40th Road, Suite C01, Flushing, NY, 11354",40.7568800,-73.8354164,chunithm;ddr;drs;gitadora;maimai_dx;other;sdvx,,ziv
Round1 Bowling & Arcade (Towne East Square),"7700 East Kellogg Drive, Wichita, Kansas, 67207",37.6826189,-97.2476774,dance_around;ddr;iidx;maimai_dx;other;popn;sdvx;taiko,,ziv
Round1 Bowling & Arcade (Towson Town Center),"825 Dulaney Valley Road, Suite 1190, Towson, Maryland, 21204",39.4051749,-76.5997294,chunithm;dance_around;ddr;drs;gitadora;iidx;maimai_dx;other;popn;sdvx;taiko,,ziv
Round1 Bowling & Arcade (Valley River Center),"600 Valley River Center, Suite 101, Eugene, Oregon, 97401",44.0686091,-123.1083083,chunithm;dance_around;ddr;drs;gitadora;iidx;maimai_dx;other;popn;sdvx;taiko,,ziv
Round1 Bowling & Arcade (Vancouver Mall),"8700 NE Vancouver Mall Rd, Vancouver, Washington , 98662",45.6582526,-122.5838721,chunithm;dance_around;ddr;drs;gitadora;iidx;other;sdvx;taiko,,ziv
Round1 Bowling & Arcade (Westfield Galleria),"1191 Galleria Boulevard, Suite 150, Roseville, California, 95678",38.7747002,-121.2703353,chunithm;dance_around;ddr;gitadora;iidx;maimai_dx;other;popn;sdvx;taiko,,ziv
Round1 Bowling & Arcade (Westfield Southcenter),"2351 Southcenter Mall, Tukwila, Washington, 98188",47.4598840,-122.2561471,chunithm;dance_around;ddr;drs;gitadora;iidx;maimai_dx;other;popn;sdvx;taiko,,ziv
Round1 Bowling & Arcade (Willowbrook Mall),"3000 Willobrook Mall (A), Houston, TX, 77070",29.9625660,-95.5398235,chunithm;dance_around;ddr;drs;gitadora;iidx;museca;other;sdvx;taiko,,ziv
Round1 Bowling & Arcade - Millcreek Mall Complex,"5800 Peach Street, Erie, Pennsylvania, 16509",42.0688513,-80.0985504,chunithm;dance_around;ddr;gitadora;iidx;maimai_dx;museca;other;popn;sdvx;taiko,,ziv
Round1 Bowling & Arcade - Oklahoma City (Quail Springs Mall),"2501 West Memorial Road, Oklahoma City, Oklahoma, 73134",35.6131205,-97.5583516,chunithm;dance_around;ddr;drs;gitadora;iidx;maimai_dx;other;popn;sdvx,,ziv
Round1 Bowling & Arcade - Sandy (The Shops at South Town),"10600 South 110 West, Sandy, Utah, 84070",40.5623948,-111.8943787,chunithm;dance_around;ddr;drs;gitadora;iidx;maimai_dx;other;popn;sdvx;taiko,,ziv;round1usa
San Francisco State University - Rack n Cue,"Cesar Chavez Student Center, San Francisco, California, 94132",37.7225168,-122.4785800,gitadora,,ziv
Save Point,"17 North Main Street, Union Bridge, Maryland, 21791",39.5696379,-77.1776097,chunithm;jubeat;other;taiko,,ziv
Shadowfox31's house,"529 S Front St, New Bern, North Carolina, 28562",35.1046814,-77.0424414,jubeat;popn,,ziv
Side Quest Arcade,"430 Winecup Way, Garland, TX 75040, Garland, Texas, 75040",32.9532061,-96.6125894,maimai_dx;other;popn;sdvx,,ziv
Side Quest Arcade,"430 Winecup Way, Garland, Texas, 75040",32.9531161,-96.6128738,ddr;gitadora;iidx;maimai_dx;other;sdvx,,ziv
Soft Landing Arcade,"5703 North Academy Boulevard, Colorado Springs, Colorado, 80918",38.9135448,-104.7858971,chunithm;ddr;gitadora;iidx;jubeat;maimai_dx;museca;nostalgia;ongeki;other;popn;sdvx;taiko,,ziv
Soonercade,"3247 W Main St, Norman, OK 73072, Norman, 73072",35.2198720,-97.4907714,ddr;gitadora,,ziv
SOUTH POINT,"9777 S. Las Vegas Blvd, Las Vegas, NV 89183",36.0112104,-115.1751791,ddr;maimai_dx;popn,,allnet;ziv
Sparks Pinball Museum & Arcade + Sparks Passport (Level 2),"412 W 14 Mile Rd, Troy, Michigan, 48083",42.5382834,-83.1105743,chunithm;ddr;iidx;jubeat;other;popn;sdvx,,ziv
Spinners Pinball Arcade,"1301 West Patrick Street, Frederick, Maryland, 21701",39.4212851,-77.4570447,other;popn,,ziv
Spo-Cha at Round1 (Cumberland Mall),"2860 Cumberland Mall SE, Atlanta, Georgia, 30339",33.8799445,-84.4672948,ddr;gitadora;iidx;museca;other,,ziv
Spo-Cha at Round1 (Park City Center),"142 Park City Center, Lancaster, Pennsylvania, 17601",40.0688045,-76.3390374,ddr;iidx;museca;other;popn,,ziv
Spo-Cha at Round1 (Puente Hills Mall),"1600 South Azusa Avenue, City of Industry, California, 91748",33.9932226,-117.9261961,chunithm;ddr;gitadora;iidx;jubeat;museca;other;popn,,ziv
Star Worlds Arcade,"1234 East Lincoln Highway, DeKalb, Illinois, 60115",41.9257864,-88.7381193,chunithm;ddr;jubeat;other;popn,,ziv
Starrcade,"400 Ernest W Barrett Parkway Northwest, Kennesaw, Georgia, 30144",34.0187897,-84.5633903,chunithm;ddr;iidx;jubeat;maimai_dx;ongeki;other;popn;sdvx;taiko,,ziv
Stop_Button,"4251 Legion Road, Hope Mills, North Carolina, 28348",34.9826148,-78.9313400,jubeat;other;sdvx,,ziv
Sugarloaf Entertainment,"925 Blossom Hill Road, San Jose, CA , 95123",37.2525674,-121.8608103,ddr;popn,,ziv
Sugarloaf Entertainment (Plaza Fiesta),"4166 Buford Hwy NE, Atlanta, Georgia, 30345",33.8647899,-84.3076497,ddr;popn,,ziv
Super Abari Game Bar,"1015 Seigle Avenue, Charlotte, North Carolina, 28205",35.2281474,-80.8229439,chunithm;jubeat;other;taiko,,ziv
Sweet Leaf Bubble Tea,"1441 Stillwater Blvd, Stillwater, Minnesota, 55082",45.0441231,-92.8378093,chunithm;iidx;nostalgia;other;popn;sdvx,,ziv
The Box Arcade,"612 Main Street, Van Buren, Arkansas, 72956",35.4356841,-94.3536034,jubeat;other;sdvx,,ziv
The Dragon's Dojo,"199 College St, Burlington, Vermont, 05401",44.4769912,-73.2117640,chunithm;drs;iidx;jubeat;maimai_dx;other;popn;sdvx,,ziv
The Dugout Arcade + Bar,"401 East 30th Street, Baltimore, Maryland, 21218",39.3244355,-76.6105406,chunithm;ddr;iidx;jubeat;maimai_dx;museca;nostalgia;other;popn;sdvx;taiko,,ziv
The Flipside,"140 East 4th Street, Loveland, Colorado, 80537",40.3953364,-105.0747469,jubeat;sdvx,,ziv
The Grid Retrocade,"5701 Moffett Road, Mobile, Alabama, 36618",30.7281158,-88.1733897,iidx;jubeat;other;popn;sdvx,,ziv
The Last Level Fenton,"14281 Fenton Rd, Fenton, Michigan, 48430",42.7933852,-83.6375427,chunithm;ddr;jubeat;other,,ziv
THE ORLEANS,"The Orleans Hotel Casino,4500 WTropicana Ave,Las Vegas,NV 89103",36.1026267,-115.2009390,ddr;maimai_dx;popn,,allnet;ziv
The Rewind Arcade,"6780 Depot Street, Suite #140, Sebastopol, California, 95472",38.4034887,-122.8213012,ddr;jubeat;nostalgia;other,,ziv
Thorsen personal arcade,"819 Cedar Street, Springfield, Ohio, 45504",39.9511844,-82.9729360,chunithm;ddr;other;popn,,ziv
TimberBeast Axe Throwing and Arcade,"579 West Tuscarawas Ave., Barberton, Ohio, 44203",41.0130213,-81.6109148,chunithm;jubeat;other,,ziv
Time Rift Arcade,"2113 Harwood Rd., Suite 351, Bedford, TX 76021",32.8536339,-97.1323290,jubeat;other,,ziv
Timeline Arcade (York),"54 West Market Street, York, Pennsylvania, 17401",39.9615753,-76.7292339,ddr;gitadora;other,,ziv
Tokyo Station,"400 East South Street, Arlington, Texas, 76010",32.7345140,-97.1031263,chunithm;ddr;drs;gitadora;iidx;jubeat;maimai_dx;other;popn;sdvx,,ziv;community
Tri-County Flea Market,"3041 Hempstead Tpke, Levittown, New York, 11756",40.7250377,-73.5229363,ddr;iidx;other;popn,,ziv
Troy Rewind,"96 Congress Street, Troy, NY, 12180",42.7285317,-73.6898062,chunithm;nostalgia;other,,ziv
Underground Retrocade,"121 W Main St, West Dundee, IL 60118, West Dundee, 60118",42.0977766,-88.2781935,jubeat,,ziv
Victory Pointe Gaming Lounge and Arcade,"1121 East Carson Street, Pittsburgh, Pennsylvania, 15203",40.4288237,-79.9868650,jubeat;other;sdvx,,ziv
Wayback's Arcade,"1305 Military Highway, Pineville, Louisiana, 71360",31.3286153,-92.4291513,chunithm;ddr;jubeat;other;popn;sdvx,,ziv
XSCAPE,"342 East Broadway Bloomington, MN 55425",44.8540767,-93.2402681,ddr;gitadora;iidx;jubeat;maimai_dx;other;popn;sdvx,,allnet;ziv
Fun City Central Udon,"277/1-3, Prajak Sillapakom Road, Nong Na Kham, Mueang Udon Thani, Udon Thani, 41000",17.4052231,102.7999091,gitadora;maimai_dx;other;sdvx,,ziv
南宁玛丽奥动漫电玩俱乐部,"兴宁区兴宁路步行街59号红星电影城1-2楼, 南宁市(Nanning), 广西省 (Guangxi Province)",22.8142057,108.3205108,jubeat,,ziv
