name,address,latitude,longitude,games,cabs,game_counts,source
CHQ Entertainment,"4800 Kingsway Burnaby British Columbia, V5H 4N2, Burnaby",49.2272058,-122.9994267,chunithm;drs;groove_coaster;maimai_dx;ongeki;other;pump_it_up;sdvx;taiko;wacca,,chunithm:4;drs:1;groove_coaster:1;ongeki:1;pump_it_up:1;sdvx:1;taiko:1;wacca:2,ziv
Claw Planet/Planète Claw,"563 Boulevard des Laurentides Laval Québec, H7G2V3, Laval",45.5718827,-73.6935639,chunithm;ddr;drs;gitadora;groove_coaster;iidx;jubeat;maimai_dx;ongeki;other;popn;project_diva;pump_it_up;sdvx;wacca,,chunithm:1;ddr:1;drs:1;gitadora:2;groove_coaster:1;iidx:1;jubeat:2;maimai_dx:2;ongeki:1;popn:1;project_diva:1;pump_it_up:1;sdvx:1;wacca:1,ziv
eSpot,"8181 Cambie Road Unit 1000 Richmond British Columbia, V6X 3X9, Richmond",49.1853728,-123.1336526,chunithm;ddr;gitadora;groove_coaster;iidx;jubeat;maimai_dx;nostalgia;ongeki;other;popn;project_diva;sdvx;taiko;wacca,,chunithm:3;ddr:1;gitadora:2;groove_coaster:1;iidx:1;jubeat:2;nostalgia:1;ongeki:1;popn:1;project_diva:1;sdvx:2;taiko:2;wacca:1,ziv
GuNe火窝,新津街道珠池路丽水庄西区40栋,23.3748930,116.7279540,chunithm;maimai_dx;ongeki,,chunithm:2;maimai_dx:1;ongeki:1,bemanicn
SW窝,福建省邵武市解放东路与公路巷交叉口西40米,27.3468180,117.4888630,chunithm;maimai_dx;ongeki,,chunithm:1;maimai_dx:1;ongeki:1,bemanicn
䨻䨻音游同好会,浙江省宁波市海曙区东渡路29号宁波世界贸易中心,29.8710320,121.5539470,chunithm;maimai_dx;ongeki,,chunithm:1;maimai_dx:1;ongeki:1,bemanicn
三华里の漫音屋（广州花都店）,尖东街115号三华里羽毛球馆,23.4015570,113.1837720,chunithm;maimai_dx;ongeki,,chunithm:1;maimai_dx:1;ongeki:1,bemanicn
元气屋龙窝音游屋,柳巷南路柳巷商贸3F元气屋,37.8629960,112.5604180,chunithm;maimai_dx;ongeki,,chunithm:1;maimai_dx:1;ongeki:1,bemanicn
和月雀荘,北一路295号A-2093（万达金街二楼））,37.4563560,118.5354210,chunithm;maimai_dx;ongeki,,chunithm:1;maimai_dx:1;ongeki:1,bemanicn
和音屋（昆明南屏街店）,五华区世纪广场C2幢17楼E,25.0409510,102.7105320,chunithm;maimai_dx;ongeki,,chunithm:2;maimai_dx:1;ongeki:1,bemanicn;wahlap
咖喱窝×未来盒子,长安南路72号诚意防腐木业院内,34.1890470,108.9397570,chunithm;maimai_dx;ongeki,,chunithm:2;maimai_dx:1;ongeki:1,bemanicn
哈基窝,库洛雀庄（欢乐宫西侧同城配送门市）,42.8911140,129.4733570,chunithm;iidx;maimai_dx;ongeki;sdvx,,chunithm:1;maimai_dx:2;ongeki:1,bemanicn
哎呦窝,复地嘉年华A3A座,43.8149790,125.4020280,chunithm;maimai_dx;ongeki,,chunithm:1;maimai_dx:1;ongeki:1,bemanicn
堡窝,江苏省徐州市鼓楼区华联大厦B座24层C1,34.2655630,117.1847920,chunithm;maimai_dx;ongeki,,chunithm:2;maimai_dx:2;ongeki:1,bemanicn
愣窝,河南省郑州市金水区庙李街6号庙李商务文苑15号楼2126室,34.8162550,113.6413810,chunithm;maimai_dx;ongeki,,chunithm:1;maimai_dx:1;ongeki:1,bemanicn
拼好窝 PINHOWO,祖庙路百花广场主楼,23.0290650,113.1060990,chunithm;maimai_dx;ongeki,,chunithm:1;maimai_dx:1;ongeki:1,bemanicn
星钥阁（天府五街店）,四川省成都市武侯区天府五街花漾锦江c区1705,30.5381930,104.0628690,chunithm;maimai_dx;ongeki,,chunithm:1;maimai_dx:1;ongeki:1,bemanicn
月宫,解放路地铁站，详细地址进群获得,34.6708460,112.4295210,chunithm;maimai_dx;ongeki,,chunithm:2;maimai_dx:1;ongeki:2,bemanicn
栖弦屋（弦窝）迎泽店,山西省太原市迎泽区迎泽南街迎泽区双塔鼎元时代中心(迎泽南街南)A座17层1705,37.8577310,112.5747510,chunithm;maimai_dx;ongeki,,chunithm:1;maimai_dx:3;ongeki:1,bemanicn
湖南渔乐社-衡阳店,湖南省衡阳市石鼓区潇湘街道湘江北路48号渔乐数码维修铺,26.9071780,112.6085720,chunithm;maimai_dx;ongeki,,chunithm:2;maimai_dx:2;ongeki:1,bemanicn
焊窝×7shop,康桥圣菲2栋220,32.0965540,118.9083860,chunithm;maimai_dx;ongeki,,chunithm:1;maimai_dx:3;ongeki:1,bemanicn
燕窝 2.9ver,趵北路龙泉商城五楼东头南侧,36.6629750,117.0125580,chunithm;maimai_dx;ongeki,,chunithm:1;maimai_dx:1;ongeki:1,bemanicn
猫窝布吉店,广东省深圳市龙岗区鸿冠实业5栋,22.6063130,114.1206500,chunithm;maimai_dx;ongeki,,chunithm:5;maimai_dx:5;ongeki:1,wahlap;bemanicn
猫窝（东圃）,东圃地铁站，详情请加群,23.1125930,113.3958540,chunithm;maimai_dx;ongeki,,chunithm:3;maimai_dx:3;ongeki:1,bemanicn
猫窝（京溪）,白云区广州大道北1421号圣地大厦L203-2,23.1846380,113.3162080,chunithm;maimai_dx;ongeki,,chunithm:3;maimai_dx:3;ongeki:1,bemanicn
电波屋合肥滨湖店,安徽省合肥市包河区滨湖世纪城世纪金源公寓,31.7467850,117.2829880,maimai_dx;chunithm;ongeki,,chunithm:1;maimai_dx:1;ongeki:1,wahlap;bemanicn
畅梦妙妙屋,河南省商丘市梁园区华商世贸A座11层C01室,34.4393090,115.6509850,chunithm;maimai_dx;ongeki,,chunithm:1;maimai_dx:1;ongeki:1,bemanicn
皆道口studio,街道口，详情加群了解,30.5834600,114.3486730,chunithm;maimai_dx;ongeki,,chunithm:2;maimai_dx:1;ongeki:1,bemanicn
糕小窝,拱苑小区2期 祥符街道,30.2997540,120.1059650,chunithm;maimai_dx;ongeki,,chunithm:1;maimai_dx:2;ongeki:1,bemanicn
繁水屋Club,万昌路站a口200m内,28.3811810,121.3716890,chunithm;maimai_dx;ongeki,,chunithm:1;maimai_dx:1;ongeki:1,bemanicn
芥末酒窝,银海路3号,37.4717700,121.4333090,chunithm;maimai_dx;ongeki,,chunithm:2;maimai_dx:2;ongeki:1,bemanicn
葱音舍【管理留：请于7日内完善详细地址，逾期将视为不公开店铺】,阜桥街道 苏宁写字楼八层,35.4069530,116.5868410,chunithm;maimai_dx;ongeki,,chunithm:2;maimai_dx:3;ongeki:1,bemanicn
衡水MUG,中华北大街与大庆西路交叉口北行100米路东铁路六宿舍,37.7525975,115.6774719,chunithm;maimai_dx;ongeki,,chunithm:1;maimai_dx:1;ongeki:1,bemanicn;ziv
诺窝,襄城区檀溪路国际商都,32.0078880,112.1091760,chunithm;iidx;maimai_dx;nostalgia;ongeki;sdvx,,chunithm:1;maimai_dx:2;ongeki:1,bemanicn
酷乐窝宝安店,美宜佳,22.5580320,113.8789450,chunithm;maimai_dx;ongeki,,chunithm:3;maimai_dx:2;ongeki:1,bemanicn
霍普卡牌,新疆维吾尔自治区石河子市东城街道57小区28栋a22号商铺游戏王霍普卡牌 QQ群：343555405,44.3080800,86.0973890,chunithm;maimai_dx;ongeki,,chunithm:2;maimai_dx:2;ongeki:1,bemanicn
静窝喵喵喵,江西省宜春市袁州区文体路343号袁州区顺欣新旧货市场(文体路南),27.8119490,114.3919790,chunithm;maimai_dx;ongeki,,chunithm:1;maimai_dx:2;ongeki:1,bemanicn
风の屋,吾悦广场红点大道步行街二楼S7—236风之屋,40.6165150,109.8171450,chunithm;maimai_dx;ongeki,,chunithm:2;maimai_dx:1;ongeki:1,bemanicn
香霖堂KOURINDOU,清远市清城区笔架北路,23.7110480,113.0342350,chunithm;maimai_dx;ongeki,,chunithm:1;maimai_dx:2;ongeki:1,bemanicn
鱼窝,河南省郑州市二七区西太康路二七区金博大LIVE(西太康路南),34.7566160,113.6596180,chunithm;maimai_dx;ongeki,,chunithm:2;maimai_dx:4;ongeki:1,bemanicn
鸭窝,欣明国际816,31.6933850,118.5178000,chunithm;maimai_dx;ongeki,,chunithm:1;maimai_dx:2;ongeki:1,bemanicn
Ace lane Katata,"日本、〒520-0241 滋賀県大津市今堅田２丁目４０−１０ Katata Shiga, 520-0241, Katata",35.1243489,135.9193756,chunithm;ddr;gitadora;jubeat;maimai_dx;ongeki;popn;taiko,,chunithm:1;ddr:1;gitadora:2;jubeat:2;maimai_dx:1;ongeki:1;popn:1;taiko:1,ziv
ACT草津ACTION,滋賀県草津市野路町1161-1,34.9991007,135.9459039,chunithm;maimai_dx;ongeki,,,allnet
Comtech Square (コムテックスクエア),"1-16-8, Kanayama, Naka-ku Nagoya Aichi, 460-0022, Nagoya",35.1400000,136.9000000,chunithm;ddr;gitadora;iidx;jubeat;maimai_dx;nostalgia;ongeki;other;polaris_chord;popn;project_diva;reflec;sdvx;taiko,,chunithm:3;ddr:2;gitadora:4;iidx:4;jubeat:2;maimai_dx:2;nostalgia:2;ongeki:3;polaris_chord:2;popn:2;project_diva:1;reflec:1;sdvx:3;taiko:2,ziv
G-stage浜町,長崎県長崎市浜町2-26,32.7448472,129.8775421,chunithm;gitadora;iidx;maimai_dx;ongeki;other;popn;sdvx,iidx_lm;popn_pikapika;sdvx_vm,,allnet;eagate;ziv
GiGO Ito-Yokado Hachioji (GiGOイトーヨーカドー八王子),"Ito-Yokado Hachioji 3F 1426-1 Hazamamachi Hachioji Tokyo, 193-0941, Hachioji",35.7130527,139.3245041,chunithm;maimai_dx;ongeki;other,,chunithm:2;maimai_dx:1;ongeki:2,ziv
INTER PARK+1宇都宮,栃木県宇都宮市インターパーク６−５−１,36.4881173,139.9055690,chunithm;maimai_dx;ongeki;other;project_diva,,,allnet;ziv
M's PARK刈谷店,愛知県刈谷市稲場町３−２０６,35.0054807,137.0014037,chunithm;ddr;gitadora;iidx;jubeat;maimai_dx;ongeki;other;popn;sdvx;taiko,ddr_gold;iidx_lm;popn_pikapika;sdvx_vm,chunithm:4;ddr:1;gitadora:2;iidx:1;jubeat:2;maimai_dx:1;ongeki:1;popn:1;sdvx:1;taiko:1,allnet;eagate;ziv
M's PARK豊田店,愛知県豊田市寿町３−２１、２２,35.0566411,137.1400157,chunithm;ddr;gitadora;iidx;jubeat;maimai_dx;nostalgia;ongeki;other;popn;project_diva;reflec;sdvx,ddr_gold;iidx_lm;popn_pikapika;sdvx_vm,,allnet;eagate;ziv
Molly Fantasy f Aratamabashi (モーリーファンタジーf 新瑞橋店),"1-7-10, Kikusumi, Minami-ku AEON MALL Aratamabashi (イオンモール新瑞橋) 3F Nagoya Aichi, 457-0012, Nagoya",35.1148291,136.9357160,chunithm;ddr;gitadora;maimai_dx;ongeki;other;polaris_chord;taiko,,chunithm:2;ddr:1;gitadora:2;maimai_dx:2;ongeki:1;polaris_chord:1;taiko:3,ziv
namco Nagoya Ekimae (namco名古屋駅前店),"6-6, Tsubaki-cho Bic Camera Nagoya Sta. West (ビックカメラ名古屋駅西店) B1F/6F Nagoya Aichi, 453-0015, Nagoya",35.1704354,136.8794553,chunithm;maimai_dx;ongeki;other;taiko,,,ziv
NICOPA iias Takao (NICOPA イーアス 高尾),"iias Takao 2F 550-1 Higashiasakawamachi Hachioji Tokyo, 193-0834, Hachioji",35.6584099,139.3241394,chunithm;maimai_dx;ongeki,,chunithm:2;maimai_dx:1;ongeki:1,ziv
ROUND1 Stadium Handa (ラウンドワンスタジアム半田店),"6-7-8, Mizuho-cho Handa Aichi, 475-0828, Handa",34.8853884,136.9417513,chunithm;dance_around;ddr;drs;gitadora;iidx;maimai_dx;ongeki;other;polaris_chord;popn;sdvx;taiko;wacca,,chunithm:2;dance_around:1;ddr:1;drs:1;gitadora:2;iidx:1;maimai_dx:2;ongeki:2;polaris_chord:2;popn:1;sdvx:2;taiko:1;wacca:1,ziv
SOYU Bremen Town Narumi (ソユーブレーメンタウン鳴海店),"3-9, Denjiyama, Narumi-cho, Midori-ku APiTA Narumi (アピタ鳴海店) 2F Nagoya Aichi, 458-8555, Nagoya",35.0939417,136.9593108,chunithm;maimai_dx;ongeki;other;taiko,,,ziv
SOYU GAME FIELD堺鉄砲町店,大阪府堺市堺区鉄砲町1番地イオンモール堺鉄砲町3F,34.5940463,135.4812086,chunithm;maimai_dx;ongeki,,,allnet
SOYU ZAURUS WORLD 大森店,東京都大田区大森北2-13-1イトーヨーカドー大森店3F,35.5864789,139.7330455,chunithm;maimai_dx;ongeki,,,allnet
SOYUGameFieldみのおキューズモール店,大阪府箕面市西宿１−１５−３０みのおキューズモールＣ棟２階,34.8330133,135.4894015,chunithm;maimai_dx;ongeki,,,allnet
SOYUGameField奈良橿原店,奈良県橿原市曲川町7-20-1　イオンモール橿原3F,34.5055231,135.7624537,chunithm;maimai_dx;ongeki;other;polaris_chord,,,allnet;eagate;ziv
SOYUGameField旭川西店,北海道旭川市緑町23-2161-3イオンモール旭川西3F,43.7940872,142.3259299,chunithm;maimai_dx;ongeki,,,allnet
Taito F Station Takasaki OPA (タイトーFステーション高崎オーパ店),"Takasaki OPA (高崎オーパ) 7F 46-1, Yashimacho Takasaki Gunma, 370-0849, Takasaki",36.3232131,139.0107003,chunithm;iidx;maimai_dx;ongeki;sdvx;taiko,,,ziv
TFSトナリエ宇都宮,栃木県宇都宮市駅前通り１丁目４番６号トナリエ宇都宮,36.5604643,139.8969966,chunithm;maimai_dx;ongeki;other,,,allnet;ziv
あそＶＩＶＡゲームセンター,京都府福知山市字堀小字上高田２１４６−１,35.2906140,135.1331396,chunithm;maimai_dx;ongeki,,,allnet
あそＶＩＶＡ阪急茨木店,大阪府茨木市永代町６−２スポーツプラザ茨木２Ｆ,34.8179736,135.5763883,chunithm;ddr;gitadora;iidx;maimai_dx;nostalgia;ongeki;polaris_chord;popn;sdvx,ddr_gold;iidx_lm;popn_pikapika;sdvx_vm,,allnet;eagate
あみぱらんど福山店,広島県福山市三吉町南２ー８ー２４,34.4884797,133.3784340,chunithm;maimai_dx;ongeki;other,,,allnet;ziv
えの木　高松店,香川県高松市藤塚町３丁目３−３,34.3358800,134.0537325,chunithm;ddr;gitadora;iidx;jubeat;maimai_dx;ongeki;other;popn;project_diva;sdvx,ddr_gold;gitadora_dm_arena;gitadora_gf_arena;iidx_lm;popn_pikapika;sdvx_vm,,allnet;eagate;ziv
ふぇすたらんど久留米店,福岡県久留米市野中町1411-1,33.3031851,130.5301183,chunithm;maimai_dx;ongeki;other,,,allnet;ziv
ふぇすたらんど五日市店,広島県広島市佐伯区八幡１−２４−１７サンリブ五日市店２Ｆ,34.3868209,132.3583323,chunithm;maimai_dx;ongeki;other,,,allnet;ziv
ふぇすたらんど倉敷マスカット店,岡山県倉敷市松島１１６３−２山陽マルナカマスカット店別館３Ｆ,34.6277433,133.8024727,chunithm;maimai_dx;ongeki;other;reflec,,,allnet;eagate;ziv
ふぇすたらんど可部,広島県広島市安佐北区可部7-4-13マルナカ可部店内,34.5233926,132.5115150,chunithm;maimai_dx;ongeki;other;polaris_chord;popn,popn_pikapika,,allnet;eagate;ziv
ふぇすたらんど菊陽店,熊本県菊池郡菊陽町津久礼２４７２,32.8620047,130.8012059,chunithm;maimai_dx;ongeki;other,,,allnet;ziv
アソビクル新宮店,福岡県糟屋郡新宮町三代９９９番地１,33.7031295,130.4559895,chunithm;maimai_dx;ongeki;other,,,allnet;ziv
アソビクル長崎戸町店,長崎県長崎市戸町４‐９‐３,32.7211376,129.8611866,chunithm;maimai_dx;ongeki;other,,,allnet;ziv
アソビックスゲームワールド,三重県三重郡朝日町小向181,35.0306354,136.6728597,chunithm;maimai_dx;ongeki,,,allnet
アップルグランリバー大井川店,静岡県焼津市下江留１３２７,34.8097010,138.2733246,chunithm;ddr;gitadora;iidx;maimai_dx;nostalgia;ongeki;polaris_chord;popn;project_diva;sdvx,ddr_gold;gitadora_dm_arena;gitadora_gf_arena;iidx_lm;popn_pikapika;sdvx_vm,,allnet;eagate
アップル新北街道店,静岡県静岡市葵区沓谷5-13-4,34.9982997,138.4134498,chunithm;ddr;gitadora;iidx;maimai_dx;ongeki;other;popn;project_diva;sdvx,ddr_gold;gitadora_dm_arena;iidx_lm;sdvx_vm,,allnet;eagate;ziv
アドアーズ新小岩,東京都葛飾区新小岩１−４４−４　ＶＯＲＴ新小岩ビル,35.7162968,139.8582264,chunithm;iidx;maimai_dx;ongeki;sdvx,iidx_lm;sdvx_vm,,allnet;eagate;ziv
アドアーズ蕨,埼玉県蕨市塚越1-4-4ラ・セーヌビル2階,35.8278164,139.6915592,chunithm;iidx;maimai_dx;ongeki;popn;sdvx,iidx_lm;sdvx_vm,,allnet;eagate
アピナ上尾店,埼玉県上尾市緑丘３−３−１１−２　Ｐ・Ａ・Ｐ・Ａ上尾ＳＣ別棟,35.9882466,139.5808223,chunithm;gitadora;iidx;jubeat;maimai_dx;nostalgia;ongeki;other;polaris_chord;popn;project_diva;sdvx,iidx_lm;popn_pikapika;sdvx_vm,,allnet;eagate;ziv
アピナ上田店,長野県上田市秋和３５９−１,36.4159917,138.2235105,chunithm;gitadora;iidx;jubeat;maimai_dx;nostalgia;ongeki;other;polaris_chord;popn;sdvx,iidx_lm;sdvx_vm,,allnet;eagate;ziv
アピナ上越インター店,新潟県上越市富岡３４３９,37.1542725,138.2556584,chunithm;gitadora;maimai_dx;ongeki;other;popn,popn_pikapika,,allnet;eagate;ziv
アピナ下館店,茨城県筑西市玉戸１０１２−３,36.2954256,139.9456893,chunithm;gitadora;iidx;jubeat;maimai_dx;nostalgia;ongeki;other;polaris_chord;project_diva;sdvx,iidx_lm;sdvx_vm,,allnet;eagate;ziv
アピナ伊那店,長野県伊那市大字西町５０９３,35.8328702,137.9499861,chunithm;ddr;gitadora;iidx;jubeat;maimai_dx;nostalgia;ongeki;other;polaris_chord;project_diva,iidx_lm,,allnet;eagate;ziv
アピナ佐久インター店,長野県佐久市岩村田北１−１３−１,36.2844797,138.4823375,chunithm;drs;gitadora;iidx;jubeat;maimai_dx;ongeki;other;polaris_chord;popn;sdvx,iidx_lm;popn_pikapika;sdvx_vm,,allnet;eagate;ziv
アピナ八王子みなみ野店,東京都八王子市みなみ野１−２−１アクロスモール３Ｆ,35.6306170,139.3292720,chunithm;gitadora;iidx;maimai_dx;ongeki;other;polaris_chord;popn;sdvx,iidx_lm;popn_pikapika;sdvx_vm,,allnet;eagate;ziv
アピナ各務原店,岐阜県各務原市蘇原花園町２丁目９番地１,35.4120854,136.8480680,chunithm;maimai_dx;ongeki;other;sdvx,sdvx_vm,,allnet;eagate;ziv
アピナ四日市店,三重県四日市市泊小柳町４−３４,34.9393248,136.6068238,chunithm;gitadora;iidx;jubeat;maimai_dx;nostalgia;ongeki;other;polaris_chord;popn;project_diva;reflec;sdvx,gitadora_dm_arena;gitadora_gf_arena;iidx_lm;popn_pikapika;sdvx_vm,,allnet;eagate;ziv
アピナ塩尻店,長野県塩尻市広丘野村１７９４−１,36.1415524,137.9538308,chunithm;gitadora;iidx;jubeat;maimai_dx;ongeki;other;project_diva,iidx_lm,,allnet;eagate;ziv
アピナ太田店,群馬県太田市内ケ島町９０７−１,36.2829707,139.3984248,chunithm;ddr;gitadora;iidx;jubeat;maimai_dx;nostalgia;ongeki;other;polaris_chord;popn;project_diva;reflec;sdvx,iidx_lm;popn_pikapika;sdvx_vm,,allnet;eagate;ziv
アピナ姫路店,兵庫県姫路市東郷町１４５４−３姫路リオス２階,34.8269676,134.7151601,chunithm;dance_evo;drs;gitadora;iidx;jubeat;maimai_dx;nostalgia;ongeki;other;polaris_chord;popn;project_diva;reflec,iidx_lm;popn_pikapika,,allnet;eagate;ziv
アピナ宇都宮店,栃木県河内郡上三川町磯岡４２１ー１ジョイフル本田宇都宮店２階,36.4801944,139.9082222,chunithm;maimai_dx;ongeki;sdvx,sdvx_vm,,allnet;eagate
アピナ富山南店,富山県富山市堀川町３５５−３　マイプラザ内,36.6649370,137.2173196,chunithm;gitadora;iidx;jubeat;maimai_dx;nostalgia;ongeki;polaris_chord;project_diva;sdvx;wacca,iidx_lm;sdvx_vm,,allnet;eagate;ziv
アピナ富山新庄店,富山県富山市荒川３−２−１２,36.6953333,137.2480711,chunithm;gitadora;jubeat;maimai_dx;nostalgia;ongeki;other,,,allnet;eagate;ziv
アピナ富山豊田店,富山県富山市豊田町２丁目１２−６６,36.7210181,137.2355046,chunithm;ddr;drs;gitadora;iidx;jubeat;maimai_dx;nostalgia;ongeki;other;polaris_chord;popn;project_diva;reflec;sdvx,ddr_gold;gitadora_dm_arena;gitadora_gf_arena;iidx_lm;popn_pikapika;sdvx_vm,,allnet;eagate;ziv
アピナ富谷店,宮城県富谷市大清水１丁目３３‐１　１０９シネマズ富谷１階,38.3648779,140.8752317,chunithm;ddr;gitadora;maimai_dx;ongeki;other;polaris_chord;popn;sdvx,ddr_gold;sdvx_vm,,allnet;eagate;ziv
アピナ小山店,栃木県小山市駅南町４−２７−１８,36.3004010,139.8091238,chunithm;drs;gitadora;iidx;jubeat;maimai_dx;nostalgia;ongeki;other;polaris_chord;popn;sdvx,iidx_lm;popn_pikapika;sdvx_vm,,allnet;eagate;ziv
アピナ川越店,埼玉県川越市泉町１−１　ウニクス南古谷シネマ棟１Ｆ,35.9038204,139.5153346,chunithm;gitadora;iidx;maimai_dx;ongeki;other;polaris_chord;popn;sdvx,iidx_lm;popn_pikapika;sdvx_vm,,allnet;eagate;ziv
アピナ市原店,千葉県市原市更級４丁目２番１号アクロスプラザ市原更級Ｆ棟１階,35.5098965,140.1013068,chunithm;maimai_dx;ongeki;other,,,allnet;ziv
アピナ新利府　北館店,宮城県宮城郡利府町利府字新屋田前２２イオンモール新利府北館２,38.3268494,140.9719782,chunithm;maimai_dx;ongeki;other,,,allnet;ziv
アピナ松本店,長野県松本市双葉１９−１０,36.2105026,137.9615503,chunithm;dance_evo;ddr;drs;gitadora;iidx;jubeat;maimai_dx;nostalgia;ongeki;other;polaris_chord;popn;project_diva;reflec;sdvx,ddr_gold;gitadora_dm_arena;gitadora_gf_arena;iidx_lm;popn_pikapika;sdvx_vm,,allnet;eagate;ziv
アピナ橋本店,神奈川県相模原市緑区西橋本５−１−１ラ・フロール駐車場棟１階,35.5973214,139.3373139,chunithm;gitadora;iidx;maimai_dx;nostalgia;ongeki;other;polaris_chord;popn;project_diva;sdvx,iidx_lm;popn_pikapika;sdvx_vm,,allnet;eagate;ziv
アピナ浜松店,静岡県浜松市中央区葵西２−２７−１０,34.7674101,137.7081848,chunithm;gitadora;iidx;maimai_dx;ongeki;other;polaris_chord;sdvx,iidx_lm;sdvx_vm,,allnet;eagate;ziv
アピナ焼津店,静岡県焼津市道原５８５,34.8335667,138.3059799,chunithm;gitadora;iidx;jubeat;maimai_dx;nostalgia;ongeki;other;popn;reflec;sdvx;taiko,iidx_lm;sdvx_vm,chunithm:3;gitadora:2;iidx:1;jubeat:1;maimai_dx:1;nostalgia:1;ongeki:2;popn:1;reflec:1;sdvx:2;taiko:1,allnet;eagate;ziv
アピナ磐田店,静岡県磐田市西貝塚横須賀道北3690イオンタウン磐田内,34.7270625,137.8772654,chunithm;gitadora;maimai_dx;nostalgia;ongeki;other;popn;reflec,,,allnet;eagate;ziv
アピナ米子店,鳥取県米子市米原二丁目１３２０番地１メガドン・キホーテ３階,35.4422830,133.3300695,chunithm;iidx;maimai_dx;ongeki;sdvx,iidx_lm;sdvx_vm,,allnet;eagate
アピナ荻窪店,東京都杉並区上荻１−１３−１０ハクサンビル,35.7050135,139.6181738,chunithm;ddr;iidx;maimai_dx;ongeki;other;polaris_chord;popn;sdvx,ddr_gold;iidx_lm;popn_pikapika;sdvx_vm,,allnet;eagate;ziv
アピナ豊橋,愛知県豊橋市藤沢町１４１ホリデイ・スクエアＡＭ棟１階,34.7445532,137.3713362,chunithm;iidx;maimai_dx;ongeki;other;polaris_chord;popn;sdvx,iidx_lm;popn_pikapika;sdvx_vm,,allnet;eagate;ziv
アピナ野々市店,石川県野々市市白山町４−１イオンタウン野々市店内,36.5273856,136.6121969,chunithm;gitadora;iidx;maimai_dx;ongeki;other,iidx_lm,,allnet;eagate;ziv
アピナ鈴鹿店,三重県鈴鹿市庄野羽山4-20-1イオンタウン鈴鹿2階,34.8721888,136.5270464,chunithm;gitadora;maimai_dx;nostalgia;ongeki;other,,,allnet;eagate;ziv
アピナ長岡店,新潟県長岡市堺東町２２,37.4579741,138.8131975,chunithm;ddr;drs;gitadora;iidx;jubeat;maimai_dx;nostalgia;ongeki;other;polaris_chord;popn;project_diva;sdvx,gitadora_dm_arena;gitadora_gf_arena;iidx_lm;popn_pikapika;sdvx_vm,,allnet;eagate;ziv
アピナ長野大橋店,長野県長野市若里７−９−１２,36.6265335,138.2002093,chunithm;gitadora;iidx;maimai_dx;nostalgia;ongeki;other;sdvx,iidx_lm;sdvx_vm,,allnet;eagate;ziv
アピナ長野川中島店,長野県長野市川中島町御厨９６７−１,36.5980241,138.1574813,chunithm;gitadora;iidx;maimai_dx;ongeki;other;polaris_chord;popn;sdvx,iidx_lm;popn_pikapika;sdvx_vm,,allnet;eagate;ziv
アピナ飯田店,長野県飯田市座光寺３７２８−１,35.5299738,137.8597012,chunithm;gitadora;iidx;jubeat;maimai_dx;nostalgia;ongeki;other;popn;project_diva;reflec;sdvx,iidx_lm;sdvx_vm,,allnet;eagate;ziv
アピナ鶴岡店,山形県鶴岡市文下字広野１−１,38.7581392,139.8443827,chunithm;drs;gitadora;iidx;jubeat;maimai_dx;nostalgia;ongeki;other;polaris_chord;popn;sdvx,iidx_lm;sdvx_vm,,allnet;eagate;ziv
アミパラがいな店,鳥取県米子市日ノ出町１−８−１３,35.4377737,133.3391965,chunithm;ddr;gitadora;iidx;maimai_dx;ongeki;other;polaris_chord;popn;sdvx,gitadora_dm_arena;gitadora_gf_arena;iidx_lm;popn_pikapika;sdvx_vm,,allnet;eagate;ziv
アミパラここじゃ店,広島県東広島市西条町下見６−１０−１９,34.4075855,132.7155369,chunithm;ddr;gitadora;iidx;maimai_dx;ongeki;other;polaris_chord;popn;sdvx,ddr_gold;gitadora_dm_arena;gitadora_gf_arena;iidx_lm;popn_pikapika;sdvx_vm,,allnet;eagate;ziv
アミパラテクノランド店,岡山県岡山市北区大和町１−７−１２,34.6791764,133.9274976,chunithm;ddr;drs;gitadora;iidx;maimai_dx;ongeki;other;polaris_chord;popn;sdvx;taiko,gitadora_dm_arena;gitadora_gf_arena;iidx_lm;popn_pikapika;sdvx_vm,chunithm:3;ddr:1;drs:1;gitadora:2;iidx:2;maimai_dx:3;ongeki:3;polaris_chord:1;popn:1;sdvx:2;taiko:2,allnet;eagate;ziv
アミパラ下関駅南店,山口県下関市東大和町１丁目３ー１５,33.9453095,130.9205149,chunithm;ddr;gitadora;iidx;maimai_dx;ongeki;polaris_chord;popn;sdvx,gitadora_dm_arena;gitadora_gf_arena;iidx_lm;popn_pikapika;sdvx_vm,,allnet;eagate
アミパラ丸亀店,香川県丸亀市飯野町西分字川縁甲５８４−１　ハローズ棟内,34.2848078,133.8210303,chunithm;ddr;gitadora;iidx;maimai_dx;ongeki;other;sdvx,sdvx_vm,,allnet;eagate;ziv
アミパラ佐世保店,長崎県佐世保市大塔町１８−１５,33.1500003,129.7803082,chunithm;ddr;drs;gitadora;iidx;jubeat;maimai_dx;ongeki;other;polaris_chord;popn;sdvx,iidx_lm;sdvx_vm,,allnet;eagate;ziv
アミパラ倉敷店,岡山県倉敷市西中新田624-1アミパラボウル1F,34.5835441,133.7713238,chunithm;ddr;gitadora;iidx;maimai_dx;ongeki;other;polaris_chord;popn;sdvx,ddr_gold;gitadora_dm_arena;gitadora_gf_arena;iidx_lm;popn_pikapika;sdvx_vm,,allnet;eagate;ziv
アミパラ光明池店,大阪府和泉市室堂町８２４−３６,34.4717247,135.4765921,chunithm;maimai_dx;ongeki,,,allnet
アミパラ垂水店,兵庫県神戸市垂水区名谷町字室山１４００−１８,34.6645304,135.0667880,chunithm;maimai_dx;ongeki,,,allnet
アミパラ大東店,大阪府大東市南新田２丁目３番５号,34.7011363,135.6385970,chunithm;ddr;gitadora;iidx;maimai_dx;ongeki;polaris_chord,ddr_gold;iidx_lm,,allnet;eagate
アミパラ岡山店,岡山県岡山市北区青江１丁目１３ー８,34.6362117,133.9199885,chunithm;ddr;gitadora;iidx;jubeat;maimai_dx;ongeki;other;popn;project_diva;sdvx,gitadora_dm_arena;gitadora_gf_arena;iidx_lm;popn_pikapika;sdvx_vm,,allnet;eagate;ziv
アミパラ松山店,愛媛県松山市生石町６５５−１,33.8336799,132.7449960,chunithm;maimai_dx;ongeki;other,,,allnet;ziv
アミパラ松江店,島根県松江市東朝日町２０３−１,35.4637094,133.0741923,chunithm;maimai_dx;ongeki;other,,,allnet;ziv
アミパラ橿原店,奈良県橿原市十市町1222-1ツインゲート橿原１F,34.5294150,135.7968476,chunithm;ddr;gitadora;iidx;maimai_dx;ongeki;other;polaris_chord;popn;sdvx,gitadora_dm_arena;gitadora_gf_arena;iidx_lm;popn_pikapika;sdvx_vm,,allnet;eagate;ziv
アミパラ津山店,岡山県津山市河辺１０００−１イオンモール津山２Ｆ,35.0650815,134.0464219,chunithm;iidx;maimai_dx;ongeki;other;sdvx,iidx_lm;sdvx_vm,,allnet;eagate;ziv
アミパラ鈴鹿店,三重県鈴鹿市西条町字東澤430-1,34.8752638,136.5711436,chunithm;iidx;maimai_dx;ongeki;polaris_chord,iidx_lm,,allnet;eagate
アミパラ高松店,香川県高松市伏石町２１６８番２,34.3070192,134.0591869,chunithm;maimai_dx;ongeki;other,,,allnet;ziv
アミパラ高知店,高知県南国市篠原１９４−１,33.5679737,133.6344573,chunithm;ddr;gitadora;iidx;maimai_dx;ongeki;other;polaris_chord;project_diva;sdvx,ddr_gold;iidx_lm;sdvx_vm,,allnet;eagate;ziv
アミュージアム周南店,山口県下松市中央町21-3THEMALL周南3F,34.0186116,131.8628765,chunithm;maimai_dx;ongeki;other,,,allnet;ziv
アミュージアム津島店,愛知県津島市大字津島字北新開351番地ﾖｼﾂﾞﾔ津島本店ｼﾈﾏ館2F,35.1746003,136.7464136,chunithm;maimai_dx;ongeki;other;popn,,,allnet;eagate;ziv
アミュージアム高松店,香川県高松市伏石町2144-9,34.3077315,134.0603231,chunithm;maimai_dx;ongeki;other,,,allnet;ziv
アミュージアムＯＳＣ店,東京都練馬区東大泉２−３４−１オズスタジオシティ２Ｆ,35.7530406,139.5948349,chunithm;maimai_dx;ongeki,,,allnet
アミューズビバ,茨城県ひたちなか市東大島２−１１−１１,36.4063750,140.5318511,chunithm;ddr;gitadora;iidx;jubeat;maimai_dx;nostalgia;ongeki;polaris_chord;popn;project_diva;sdvx,ddr_gold;iidx_lm;popn_pikapika;sdvx_vm,,allnet;eagate
アミューズメントエース津田沼,千葉県船橋市前原西２−１５−１ファシービル,35.6922777,140.0201815,chunithm;ddr;gitadora;iidx;jubeat;maimai_dx;nostalgia;ongeki;other;polaris_chord;popn;sdvx,ddr_gold;gitadora_dm_arena;gitadora_gf_arena;iidx_lm;popn_pikapika;sdvx_vm,,allnet;eagate;ziv
アミューズメントクラブ浦和,埼玉県さいたま市浦和区仲町1-10-7,35.8602600,139.6535399,chunithm;jubeat;maimai_dx;nostalgia;ongeki;project_diva,,,allnet;eagate
アミューズメントゲーム　マグレブ,東京都多摩市落合１−３９−２マグレブビル１階,35.6245439,139.4256174,chunithm;gitadora;iidx;jubeat;maimai_dx;ongeki;polaris_chord;popn;sdvx,,,allnet
アミューズメントスペースASO：VIBA！,東京都渋谷区恵比寿1-10-5三恵エビスビル2F,35.6467821,139.7110171,chunithm;iidx;maimai_dx;ongeki;other;polaris_chord;popn;sdvx;taiko,iidx_lm;popn_pikapika;sdvx_vm,chunithm:2;iidx:1;maimai_dx:1;polaris_chord:1;popn:1;taiko:2,allnet;eagate;ziv
アミューズメントスペースコミ丸四日市店,三重県四日市市鵜の森1-3-19,34.9664199,136.6164714,chunithm;ddr;gitadora;iidx;maimai_dx;nostalgia;ongeki;popn;sdvx,ddr_gold;gitadora_dm_arena;iidx_lm;popn_pikapika;sdvx_vm,,allnet;eagate
アミューズメントスペース遊ランド春光店,北海道旭川市春光1条7丁目2-25,43.7981968,142.3740362,chunithm;drs;groove_coaster;iidx;jubeat;maimai_dx;nostalgia;ongeki;other;popn;sdvx;taiko,iidx_lm;sdvx_vm,,allnet;eagate;ziv
アミューズメントゾーン北上店,岩手県北上市本通２丁目２ー１クラソ・プレイス北上４Ｆ,39.2884426,141.1158249,chunithm;maimai_dx;ongeki;other,,,allnet;ziv
アミューズメントパフェパレパレ田宮店,徳島県徳島市南田宮２−２−４６,34.0861319,134.5427222,chunithm;gitadora;jubeat;maimai_dx;ongeki;other;popn,,,allnet;eagate;ziv
アミューズメントパーク静岡店,静岡県静岡市葵区柚木１０２６番地３階,34.9844378,138.4104109,chunithm;maimai_dx;ongeki,,,allnet
アミューズメントパークＭＧキスケ,愛媛県松山市宮田町４　キスケボックス内１階,33.8413598,132.7528735,chunithm;ddr;gitadora;iidx;jubeat;maimai_dx;nostalgia;ongeki;other;polaris_chord;popn;project_diva;sdvx,ddr_gold;gitadora_dm_arena;gitadora_gf_arena;iidx_lm;sdvx_vm,,allnet;eagate;ziv
アミューズメントパークＭＧ大街道,愛媛県松山市大街道１−４−１７,33.8378938,132.7698832,chunithm;iidx;maimai_dx;ongeki;other;popn;sdvx,iidx_lm;sdvx_vm,,allnet;eagate;ziv
アミューズメントプラザワイド,愛知県東海市名和町二番割上16-2,35.0651865,136.9118987,chunithm;maimai_dx;ongeki;other,,,allnet;ziv
アミューズメントワールドメトロポリス小牧,愛知県小牧市村中新町３３,35.2959343,136.9056166,chunithm;iidx;maimai_dx;ongeki;other;polaris_chord;popn;sdvx;taiko,iidx_lm;popn_pikapika;sdvx_vm,chunithm:2;iidx:2;maimai_dx:2;ongeki:2;polaris_chord:1;sdvx:2;taiko:2,allnet;eagate;ziv
アミューズメントＣＵＥ京都円町店,京都府京都市中京区西ノ京西円町４０,35.0188326,135.7311504,chunithm;ddr;gitadora;iidx;jubeat;maimai_dx;nostalgia;ongeki;popn;reflec;sdvx;taiko,gitadora_dm_arena;gitadora_gf_arena;iidx_lm;sdvx_vm,chunithm:4;ddr:1;gitadora:2;iidx:2;jubeat:1;maimai_dx:2;nostalgia:1;ongeki:2;popn:1;reflec:1;sdvx:1;taiko:3,allnet;eagate;ziv
アミューズメントＣＵＥ奈良三条店,奈良県奈良市三条町478-1,34.6817818,135.8221376,chunithm;ddr;drs;gitadora;iidx;jubeat;maimai_dx;ongeki;other;popn;project_diva;sdvx;taiko;wacca,gitadora_dm_arena;gitadora_gf_arena;iidx_lm;sdvx_vm,chunithm:2;ddr:1;drs:1;gitadora:2;iidx:2;jubeat:2;maimai_dx:2;ongeki:4;popn:2;project_diva:1;sdvx:2;taiko:1;wacca:1,allnet;eagate;ziv
アミューズメントＣＵＥ奈良大和高田店,奈良県大和高田市東中２−１１−１６,34.4997760,135.7355951,chunithm;ddr;gitadora;iidx;jubeat;maimai_dx;ongeki;other;popn;sdvx,gitadora_dm_arena;gitadora_gf_arena;iidx_lm;sdvx_vm,,allnet;eagate;ziv
アミューズランドモナコ川越店,埼玉県川越市新富町2-4-1,35.9132940,139.4831383,chunithm;ddr;gitadora;iidx;jubeat;maimai_dx;ongeki;other;polaris_chord;popn;project_diva;reflec;sdvx;taiko,iidx_lm;popn_pikapika;sdvx_vm,ddr:2;gitadora:5;iidx:3;jubeat:7;popn:2;project_diva:3;reflec:6;sdvx:6;taiko:2,allnet;eagate;ziv
アミューズランドモナコ調布駅前店,東京都調布市布田４−２−２２,35.6512163,139.5443517,chunithm;iidx;maimai_dx;ongeki;polaris_chord;sdvx,iidx_lm;sdvx_vm,,allnet;eagate
アレックス,山口県宇部市西宇部南３−５−５３,33.9993804,131.2201177,chunithm;iidx;maimai_dx;ongeki;other;sdvx,iidx_lm;sdvx_vm,,allnet;eagate;ziv
イオン根室アミューズメントランド,北海道根室市常磐町3-9,43.3322256,145.5829486,chunithm;maimai_dx;ongeki,,,allnet
イオン紋別　キッズパーク,北海道紋別市花園町３丁目４の３９,44.3495319,143.3478737,chunithm;maimai_dx;ongeki,,,allnet
イスカンダル,千葉県木更津市潮見４−１−２,35.3696837,139.9175383,chunithm;iidx;maimai_dx;ongeki;other;sdvx,iidx_lm;sdvx_vm,,allnet;eagate;ziv
イミグランデ日吉店３,神奈川県横浜市港北区日吉2−2−4,35.5544916,139.6466110,chunithm;ddr;gitadora;iidx;jubeat;maimai_dx;ongeki;popn;sdvx,ddr_gold;gitadora_dm_arena;gitadora_gf_arena;iidx_lm;popn_pikapika;sdvx_vm,,allnet;eagate
イミグランデ溝口店２,神奈川県川崎市高津区溝口1-14-7第2カスタムビル,35.6004909,139.6144708,chunithm;gitadora;iidx;jubeat;maimai_dx;ongeki;popn;sdvx,gitadora_dm_arena;gitadora_gf_arena;iidx_lm;sdvx_vm,,allnet;eagate
インターワールド伊勢崎店,群馬県伊勢崎市宮子町３４２５−４,36.3315214,139.1625033,chunithm;gitadora;iidx;jubeat;maimai_dx;nostalgia;ongeki;polaris_chord;popn;project_diva;sdvx,gitadora_dm_arena;gitadora_gf_arena;iidx_lm;sdvx_vm,,allnet;eagate
ウェアハウス一橋学園店,東京都小平市学園東町１丁目４番３９号平山ビル３Ｆ,35.7234026,139.4807157,chunithm;iidx;jubeat;maimai_dx;ongeki;project_diva;sdvx,iidx_lm;sdvx_vm,,allnet;eagate
ウェアハウス三橋店,埼玉県さいたま市西区三橋６ー９５５ー１,35.9157914,139.5958473,chunithm;gitadora;iidx;jubeat;maimai_dx;nostalgia;ongeki;other;popn;project_diva;reflec;sdvx,iidx_lm;sdvx_vm,,allnet;eagate;ziv
ウェアハウス上尾店,埼玉県上尾市二ツ宮１０４４,35.9812984,139.5998607,chunithm;gitadora;iidx;maimai_dx;ongeki;sdvx,iidx_lm;sdvx_vm,,allnet;eagate
ウェアハウス保木間店,東京都足立区保木間１ー１ー１９,35.7891796,139.8033169,chunithm;gitadora;iidx;jubeat;maimai_dx;ongeki;popn;sdvx,iidx_lm;sdvx_vm,,allnet;eagate
ウェアハウス入谷店,東京都足立区入谷７ー８ー１１,35.8011192,139.7610034,chunithm;ddr;gitadora;iidx;jubeat;maimai_dx;nostalgia;ongeki;popn;reflec;sdvx,iidx_lm;sdvx_vm,,allnet;eagate
ウェアハウス四万十店,高知県四万十市右山五月町８−１３アピアさつき２F,32.9871096,132.9392991,chunithm;gitadora;iidx;jubeat;maimai_dx;ongeki;other;popn;project_diva;sdvx,iidx_lm;sdvx_vm,,allnet;eagate;ziv
ウェアハウス岩槻店,埼玉県さいたま市岩槻区加倉３ー３ー６３,35.9411790,139.6861123,chunithm;gitadora;iidx;jubeat;maimai_dx;nostalgia;ongeki;other;reflec;sdvx,iidx_lm;sdvx_vm,,allnet;eagate;ziv
ウェアハウス草加店別館,埼玉県草加市稲荷２ー３６ー３３,35.8298831,139.8205853,chunithm;ddr;drs;gitadora;iidx;jubeat;maimai_dx;ongeki;project_diva;reflec;sdvx,iidx_lm;sdvx_vm,,allnet;eagate
ウェアハウス越谷店,埼玉県越谷市南荻島８４１ー１,35.9119605,139.7637724,chunithm;gitadora;iidx;jubeat;maimai_dx;ongeki;popn;sdvx,iidx_lm;sdvx_vm,,allnet;eagate
エースレーン堅田,滋賀県大津市今堅田２−４０−１０,35.1246449,135.9194342,chunithm;gitadora;maimai_dx;ongeki;other;popn;sdvx,sdvx_vm,,allnet;eagate;ziv
エースレーン守山,滋賀県守山市播磨田町２３１−４ＡＣＴ守山３番館内,35.0678892,135.9958577,chunithm;iidx;maimai_dx;nostalgia;ongeki;other;sdvx,iidx_lm;sdvx_vm,,allnet;eagate;ziv
エースレーン近江八幡店,滋賀県近江八幡市出町７３６アクトビル１Ｆ,35.1318688,136.1023034,chunithm;ddr;gitadora;iidx;jubeat;maimai_dx;ongeki;sdvx,ddr_gold;gitadora_dm_arena;gitadora_gf_arena;iidx_lm;sdvx_vm,,allnet;eagate
オリエンタルバッティング可児店,岐阜県可児市今渡６９５−１,35.4295361,137.0390542,chunithm;ddr;gitadora;iidx;maimai_dx;ongeki;sdvx,sdvx_vm,,allnet;eagate
カプコサーカス新潟東店,新潟県新潟市東区大形本町３−１−２　ジャスコシティ新潟東,37.9248691,139.1146199,chunithm;iidx;maimai_dx;ongeki;other;popn,,,allnet;eagate;ziv
キッズサーカス五福店,富山県富山市五福1143-1,36.6955623,137.1925382,chunithm;maimai_dx;ongeki,,,allnet
キッズサーカス奈良柏木店,奈良県奈良市柏木町４５６−１,34.6718191,135.7991956,chunithm;maimai_dx;ongeki;other;polaris_chord,,,allnet;eagate;ziv
キャッツアイ八千代店,千葉県八千代市緑が丘西２丁目１３番地３　ｉｓｍ緑ヶ丘内,35.7335775,140.0724747,chunithm;gitadora;iidx;maimai_dx;ongeki;popn,,,allnet;eagate
キャッツアイ恵庭店,北海道恵庭市住吉町２丁目９−１,42.8759049,141.5835042,chunithm;gitadora;iidx;jubeat;maimai_dx;ongeki;other;popn,gitadora_dm_arena;gitadora_gf_arena,,allnet;eagate;ziv
キャッツアイ新川店,北海道札幌市北区新川二条７丁目１ー７,43.1007366,141.3102954,chunithm;gitadora;iidx;jubeat;maimai_dx;ongeki;other,gitadora_dm_arena;gitadora_gf_arena,,allnet;eagate;ziv
キャッツアイ新札幌店,北海道札幌市厚別区厚別東五条１ー２−１０,43.0452612,141.4757970,chunithm;ddr;gitadora;iidx;jubeat;maimai_dx;ongeki;other;polaris_chord;popn;project_diva;reflec;sdvx,gitadora_dm_arena;gitadora_gf_arena;iidx_lm;sdvx_vm,,allnet;eagate;ziv
キャッツアイ東苗穂店,北海道札幌市東区東苗穂６条２丁目１−２５,43.0923402,141.4069974,chunithm;gitadora;iidx;jubeat;maimai_dx;ongeki;other,,,allnet;eagate;ziv
キャッツアイ清田店,北海道札幌市清田区清田１条１−２０−１,43.0029841,141.4363969,chunithm;gitadora;iidx;maimai_dx;ongeki;other;popn;sdvx,iidx_lm;sdvx_vm,,allnet;eagate;ziv
キャッツアイ篠路店,北海道札幌市北区篠路１条４丁目６ー３０,43.1406639,141.3572109,chunithm;gitadora;iidx;maimai_dx;ongeki;other;popn;project_diva,,,allnet;eagate;ziv
キャロム坂戸店,埼玉県坂戸市関間2-151-1,35.9526038,139.3985338,chunithm;gitadora;iidx;jubeat;maimai_dx;ongeki;popn,,,allnet;eagate
キャロム青梅店,東京都青梅市千ケ瀬町4-326-1,35.7860653,139.2699665,chunithm;gitadora;iidx;maimai_dx;ongeki;popn,,,allnet;eagate
クァトロブーム小杉,富山県射水市三ケ2602,36.7193930,137.0916633,chunithm;ddr;gitadora;jubeat;maimai_dx;ongeki;other;sdvx,sdvx_vm,,allnet;eagate;ziv
ゲーム　アルカナ,愛知県稲沢市朝府町２−３３,35.2518633,136.7788012,chunithm;iidx;maimai_dx;ongeki;other;popn,,,allnet;eagate;ziv
ゲームアイビス太子,兵庫県揖保郡太子町太田２１４９,34.8322249,134.6000040,chunithm;iidx;maimai_dx;ongeki;other;sdvx,iidx_lm;sdvx_vm,,allnet;eagate;ziv
ゲームキングジョイ,愛知県名古屋市中区栄３‐３‐３２,35.1679815,136.9049511,chunithm;dance_evo;ddr;drs;gitadora;groove_coaster;iidx;jubeat;maimai_dx;nostalgia;ongeki;other;polaris_chord;popn;reflec;sdvx;taiko;wacca,ddr_gold;gitadora_dm_arena;gitadora_gf_arena;iidx_lm;popn_pikapika;sdvx_vm,chunithm:10;dance_evo:1;ddr:3;drs:1;gitadora:2;groove_coaster:1;iidx:9;jubeat:3;maimai_dx:4;nostalgia:3;ongeki:10;polaris_chord:8;popn:4;reflec:2;sdvx:9;taiko:5;wacca:1,allnet;eagate;ziv
ゲームコーナー東部,宮城県仙台市若林区六丁の目中町26-60 斎喜東部ビル2F,38.2509985,140.9439369,chunithm;dance_evo;ddr;drs;gitadora;iidx;jubeat;maimai_dx;nostalgia;ongeki;polaris_chord;popn;project_diva;reflec;sdvx;wacca,ddr_gold;gitadora_dm_arena;gitadora_gf_arena;iidx_lm;popn_pikapika;sdvx_vm,wacca:2,allnet;eagate;ziv
ゲームサファリ大山,東京都板橋区大山東町60-10やすだ大山駅前店2F,35.7490330,139.7022392,chunithm;iidx;jubeat;maimai_dx;nostalgia;ongeki;popn;sdvx,iidx_lm;popn_pikapika;sdvx_vm,,allnet;eagate
ゲームシティ川口店,埼玉県川口市栄町1-10-5,35.8025278,139.7256101,chunithm;gitadora;iidx;maimai_dx;nostalgia;ongeki;other;polaris_chord;popn;sdvx,iidx_lm;popn_pikapika;sdvx_vm,,allnet;eagate;ziv
ゲームセンターベティ,石川県七尾市舟尾町ウ-38,37.0671949,136.9069915,chunithm;ddr;drs;gitadora;iidx;jubeat;maimai_dx;nostalgia;ongeki;other;popn;project_diva;reflec;sdvx,iidx_lm;sdvx_vm,chunithm:2;ddr:2;drs:1;gitadora:2;iidx:4;jubeat:1;maimai_dx:1;nostalgia:1;popn:2;project_diva:1;reflec:1;sdvx:1,allnet;eagate;ziv
ゲームセンター電撃ベイサイド,鹿児島県鹿児島市浜町2-2,31.6023045,130.5657537,chunithm;maimai_dx;ongeki;other,,,allnet;ziv
ゲームパニックつくば,茨城県土浦市中村東1-1-1サンタスワールド内,36.0463834,140.1682228,chunithm;ddr;drs;gitadora;iidx;jubeat;maimai_dx;nostalgia;ongeki;other;polaris_chord;popn;project_diva;sdvx,ddr_gold;gitadora_dm_arena;gitadora_gf_arena;iidx_lm;popn_pikapika;sdvx_vm,,allnet;eagate;ziv
ゲームパニック三郷,埼玉県三郷市ピアラシティ1-1-200,35.8421860,139.8548677,chunithm;ddr;gitadora;iidx;maimai_dx;ongeki;other;polaris_chord;popn;sdvx,ddr_gold;gitadora_dm_arena;gitadora_gf_arena;iidx_lm;popn_pikapika;sdvx_vm,,allnet;eagate;ziv
ゲームパニック大須,愛知県名古屋市中区大須3-30-93　メガタウンB1F,35.1600309,136.9053767,chunithm;ddr;gitadora;iidx;maimai_dx;nostalgia;ongeki;other;polaris_chord;popn;sdvx;taiko,ddr_gold;gitadora_dm_arena;gitadora_gf_arena;iidx_lm;popn_pikapika;sdvx_vm,chunithm:8;ddr:3;gitadora:2;iidx:7;maimai_dx:3;nostalgia:1;ongeki:4;polaris_chord:4;popn:2;sdvx:8;taiko:3,allnet;eagate;ziv
ゲームパニック大高,愛知県名古屋市緑区忠治山２０１番地,35.0485212,136.9497129,chunithm;ddr;drs;gitadora;iidx;jubeat;maimai_dx;nostalgia;ongeki;other;polaris_chord;popn;project_diva;sdvx;taiko,ddr_gold;gitadora_dm_arena;gitadora_gf_arena;iidx_lm;popn_pikapika;sdvx_vm,chunithm:6;ddr:3;drs:1;gitadora:4;iidx:6;jubeat:1;maimai_dx:2;nostalgia:1;ongeki:4;polaris_chord:2;popn:1;project_diva:1;sdvx:6;taiko:4,allnet;eagate;ziv
ゲームパニック新宿歌舞伎町,東京都新宿区歌舞伎町1-20-1　ﾋｭｰﾏｯｸｽﾊﾟﾋﾞﾘｵﾝ1階2階,35.6958088,139.7015128,chunithm;ddr;drs;gitadora;iidx;maimai_dx;nostalgia;ongeki;other;polaris_chord;popn;project_diva;sdvx;taiko,ddr_gold;gitadora_dm_arena;gitadora_gf_arena;iidx_lm;popn_pikapika;sdvx_vm,chunithm:1;ddr:3;drs:1;gitadora:2;iidx:10;maimai_dx:1;nostalgia:2;ongeki:4;polaris_chord:4;popn:2;project_diva:1;sdvx:8;taiko:4,allnet;eagate;ziv
ゲームパニック甲府,山梨県甲府市国母5-20-24,35.6420402,138.5473613,chunithm;ddr;gitadora;iidx;jubeat;maimai_dx;ongeki;other;polaris_chord;popn;sdvx,ddr_gold;gitadora_dm_arena;gitadora_gf_arena;iidx_lm;popn_pikapika;sdvx_vm,chunithm:3;ddr:2;gitadora:2;iidx:3;jubeat:1;maimai_dx:2;ongeki:3;polaris_chord:2;popn:1;sdvx:4,allnet;eagate;ziv
ゲームパニック秋葉原,東京都千代田区外神田1-13-1　Akihabara ex,35.6988516,139.7716001,chunithm;ddr;gitadora;iidx;maimai_dx;ongeki;other;polaris_chord;popn;sdvx,ddr_gold;gitadora_dm_arena;gitadora_gf_arena;iidx_lm;popn_pikapika;sdvx_vm,chunithm:1;ddr:3;gitadora:2;iidx:1;maimai_dx:1;ongeki:1;polaris_chord:4;popn:1;sdvx:1,allnet;eagate;ziv
ゲームファクトリーマグマ草加店,埼玉県草加市氷川町2125-1,35.8282375,139.8025135,chunithm;gitadora;iidx;maimai_dx;ongeki;popn;sdvx,iidx_lm;popn_pikapika;sdvx_vm,,allnet;eagate
ゲームフィールド仙台上杉店,宮城県仙台市青葉区堤通雨宮町１ー１イオンモール仙台上杉３階,38.2757060,140.8706628,chunithm;maimai_dx;ongeki,,,allnet
ゲームフィールド仙台長町店,宮城県仙台市太白区長町７丁目２０番３号ザ・モール仙台長町店３階,38.2259896,140.8767364,chunithm;maimai_dx;ongeki;other;polaris_chord,,,allnet;eagate;ziv
ゲームフィールド十文字店,秋田県横手市十文字町仁井田字東22-1スーパーモールラッキー内,39.2161139,140.5210551,chunithm;maimai_dx;ongeki;other,,,allnet;ziv
ゲームフェイス八尾店,大阪府八尾市天王寺屋2-68,34.6039833,135.6123516,chunithm;maimai_dx;ongeki;polaris_chord,,,allnet;eagate
ゲームプラザセントラル浦安店,千葉県浦安市北栄1-16-15,35.6651795,139.8933456,chunithm;iidx;maimai_dx;ongeki;polaris_chord;popn;sdvx,iidx_lm;popn_pikapika;sdvx_vm,,allnet;eagate
ゲームメガつくば店,茨城県つくば市小野崎１７７−２,36.0768508,140.1047378,chunithm;gitadora;iidx;jubeat;maimai_dx;ongeki;other;popn;sdvx,iidx_lm;sdvx_vm,,allnet;eagate;ziv
ゲームメガ日立店,茨城県日立市東多賀町５−１０−１０,36.5482340,140.6305081,chunithm;ddr;gitadora;iidx;jubeat;maimai_dx;nostalgia;ongeki;other;polaris_chord;popn;project_diva;sdvx,ddr_gold;gitadora_dm_arena;gitadora_gf_arena;iidx_lm;sdvx_vm,,allnet;eagate;ziv
ゲームメガ水戸けやき台店,茨城県水戸市酒門町３２７６−１,36.3379624,140.4832287,chunithm;gitadora;iidx;jubeat;maimai_dx;nostalgia;ongeki;popn;project_diva;sdvx,iidx_lm;sdvx_vm,,allnet;eagate
ゲームランドちはら台店,千葉県市原市ちはら台西３−４ｕｎｉｍｏちはら台２Ｆ,35.5280847,140.1717253,chunithm;maimai_dx;ongeki,,,allnet
ゲームランドつがる柏店,青森県つがる市柏稲盛幾世41イオンモールつがる柏2F,40.8026321,140.4166545,chunithm;maimai_dx;ongeki;other,,,allnet;ziv
ゲームランド佐沼店,宮城県登米市南方町新島前４６−１イオンタウン佐沼ＳＣ,38.6825915,141.1839248,chunithm;maimai_dx;ongeki;other,,,allnet;ziv
ゲームランド千葉ニュータウン店,千葉県印西市中央北３丁目２番イオンモール千葉ＮＴモール棟３階,35.8029522,140.1136873,chunithm;maimai_dx;ongeki;other,,,allnet;ziv
ゲームランド新さっぽろ,北海道札幌市厚別区厚別中央２条５丁目７サンピアザ３階,43.0374407,141.4724783,chunithm;maimai_dx;ongeki;other,,,allnet;ziv
コミ丸アリババ大垣店,岐阜県大垣市池尻町９４０−１,35.3840722,136.5956108,chunithm;ddr;gitadora;iidx;jubeat;maimai_dx;ongeki;other;polaris_chord;popn;stepmaniax,ddr_gold;gitadora_dm_arena;gitadora_gf_arena;iidx_lm;popn_pikapika,,allnet;eagate;ziv
コムテックスクウェア,愛知県名古屋市中区金山1-16-8,35.1439706,136.8999023,chunithm;ddr;gitadora;iidx;jubeat;maimai_dx;nostalgia;ongeki;polaris_chord;popn;project_diva;reflec;sdvx,ddr_gold;gitadora_dm_arena;gitadora_gf_arena;iidx_lm;popn_pikapika;sdvx_vm,,allnet;eagate
コムテックタワー,愛知県名古屋市中村区名駅４−１０−２０,35.1694446,136.8859667,chunithm;ddr;gitadora;iidx;maimai_dx;ongeki;other;polaris_chord;popn;sdvx;taiko,ddr_gold;gitadora_dm_arena;gitadora_gf_arena;iidx_lm;sdvx_vm,chunithm:5;ddr:1;gitadora:2;iidx:3;maimai_dx:2;ongeki:3;polaris_chord:4;popn:2;sdvx:5;taiko:3,allnet;eagate;ziv
サンシャイン,岩手県盛岡市大通２ー７ー２１ジュリアンビル１階,39.7031919,141.1454343,chunithm;iidx;maimai_dx;ongeki;other;popn,,,allnet;eagate;ziv
サープラ下通りあそびタウン,熊本県熊本市中央区手取本町４番１２号,32.8026613,130.7093307,chunithm;iidx;maimai_dx;ongeki;sdvx;taiko,iidx_lm;sdvx_vm,,allnet;eagate;ziv
サープラ京都あそびタウン,京都府京都市中京区西ノ京栂尾町１０７,35.0104305,135.7412456,chunithm;iidx;maimai_dx;ongeki;other;sdvx;taiko,,,allnet;ziv
サープラ天文館あそびタウン,鹿児島県鹿児島市千日町５ー６,31.5892294,130.5557189,chunithm;iidx;maimai_dx;ongeki;other,iidx_lm,,allnet;eagate;ziv
サープラ山口あそびタウン,山口県山口市湯田温泉６ー８ー３,34.1646973,131.4517994,chunithm;drs;gitadora;iidx;maimai_dx;ongeki;other;sdvx,iidx_lm;sdvx_vm,,allnet;eagate;ziv
サープラ沼津あそびタウン,静岡県沼津市大手町１ー１ー５,35.1040524,138.8611071,chunithm;ddr;drs;gitadora;iidx;maimai_dx;ongeki;popn;sdvx,ddr_gold;iidx_lm;sdvx_vm,,allnet;eagate
ザ・インドアゲーム,大阪府大阪市旭区中宮5-6-19大阪工大正門前,34.7295402,135.5440250,chunithm;ddr;iidx;jubeat;maimai_dx;nostalgia;ongeki;polaris_chord;popn;project_diva;sdvx,ddr_gold;iidx_lm;sdvx_vm,,allnet;eagate
シルクハット伊勢佐木町,神奈川県横浜市中区伊勢佐木町３-９６日活会館３階,35.4426850,139.6300831,chunithm;iidx;maimai_dx;ongeki;other;popn;sdvx,iidx_lm;popn_pikapika;sdvx_vm,,allnet;eagate;ziv
シルクハット八王子,東京都八王子市旭町２−５　八王子ツインタワービル３階,35.6564021,139.3384065,chunithm;ddr;gitadora;iidx;jubeat;maimai_dx;nostalgia;ongeki;other;polaris_chord;popn;sdvx,ddr_gold;gitadora_dm_arena;gitadora_gf_arena;iidx_lm;popn_pikapika;sdvx_vm,,allnet;eagate;ziv
シルクハット大船,神奈川県鎌倉市大船１−２４　大船駅前ビル１〜３Ｆ,35.3532239,139.5325263,chunithm;iidx;maimai_dx;ongeki;other;polaris_chord;popn;sdvx,iidx_lm;popn_pikapika;sdvx_vm,,allnet;eagate;ziv
シルクハット川口,埼玉県川口市栄町３−１−１６イート川口ビル４Ｆ,35.8030675,139.7174452,chunithm;iidx;maimai_dx;ongeki;other;popn;sdvx,iidx_lm;popn_pikapika;sdvx_vm,,allnet;eagate;ziv
シルクハット川崎ダイス,神奈川県川崎市川崎区駅前本町８番地ダイスビル地下２階,35.5314724,139.7003541,chunithm;ddr;gitadora;iidx;jubeat;maimai_dx;nostalgia;ongeki;polaris_chord;popn;sdvx;taiko,ddr_gold;gitadora_dm_arena;gitadora_gf_arena;iidx_lm;popn_pikapika;sdvx_vm,,allnet;eagate;ziv
シルクハット本厚木,神奈川県厚木市中町３−４−２２第二会田ビル２階,35.4400309,139.3630066,chunithm;gitadora;iidx;maimai_dx;ongeki;other;polaris_chord;popn;sdvx,iidx_lm;popn_pikapika;sdvx_vm,,allnet;eagate;ziv
シルクハット津田沼,千葉県習志野市津田沼１−２−１十三ビル地下１階,35.6903923,140.0222009,chunithm;iidx;maimai_dx;ongeki;other;polaris_chord;popn;sdvx,iidx_lm;popn_pikapika;sdvx_vm,,allnet;eagate;ziv
シルクハット秋葉原,東京都千代田区外神田１丁目１０番地９号,35.6987160,139.7710022,chunithm;ddr;gitadora;iidx;maimai_dx;ongeki;other;popn;sdvx;taiko,ddr_gold;gitadora_dm_arena;gitadora_gf_arena;iidx_lm;popn_pikapika;sdvx_vm,chunithm:10;ddr:2;gitadora:2;iidx:1;maimai_dx:5;ongeki:4;popn:2;sdvx:1;taiko:5,allnet;eagate;ziv
シルクハット蒲田西口,東京都大田区西蒲田７−２−３第二醍醐ビル地下１階〜２階,35.5630730,139.7159650,chunithm;ddr;gitadora;iidx;maimai_dx;ongeki;other;popn;sdvx,ddr_gold;gitadora_dm_arena;gitadora_gf_arena;iidx_lm;popn_pikapika;sdvx_vm,,allnet;eagate;ziv
シーサイドリゾートアミューズメントパーク,栃木県宇都宮市睦町７−３,36.5632663,139.8603778,chunithm;gitadora;iidx;jubeat;maimai_dx;ongeki;other;polaris_chord;popn;project_diva;sdvx,iidx_lm;popn_pikapika;sdvx_vm,,allnet;eagate;ziv
スタジオプリモ山形店,山形県山形市城南町１−１−１　霞城セントラル２Ｆ,38.2501614,140.3267779,chunithm;maimai_dx;ongeki;other,,,allnet;ziv
スタジオプリモ本八幡店,千葉県市川市八幡２−１５−１０パティオ５階,35.7213241,139.9275016,chunithm;iidx;jubeat;maimai_dx;nostalgia;ongeki;project_diva;sdvx,iidx_lm;sdvx_vm,,allnet;eagate
スタジオプリモ水戸店,茨城県水戸市宮町１−２−４マイム１F,36.3714779,140.4774261,chunithm;maimai_dx;ongeki,,,allnet
スポラ菊陽,熊本県菊池郡菊陽町津久礼駄飼代２６１７−２,32.8644516,130.8090616,chunithm;drs;gitadora;iidx;jubeat;maimai_dx;ongeki;other,,,allnet;eagate;ziv
スポーツウェーブ鉄腕24,千葉県千葉市中央区浜野町1025-59,35.5541062,140.1260538,chunithm;ddr;gitadora;iidx;maimai_dx;ongeki;other;popn;sdvx,ddr_gold;gitadora_dm_arena;gitadora_gf_arena;iidx_lm;popn_pikapika;sdvx_vm,,allnet;eagate;ziv
スーパーウェーブ柏,千葉県柏市十余二２４９−５,35.8820708,139.9593512,chunithm;iidx;maimai_dx;ongeki;polaris_chord;sdvx,iidx_lm;sdvx_vm,,allnet;eagate
スーパーウェーブ静岡,静岡県静岡市清水区鳥坂８６０,35.0132017,138.4341497,chunithm;iidx;maimai_dx;ongeki;sdvx,iidx_lm;sdvx_vm,,allnet;eagate
ソニックワールド大村店,長崎県大村市古賀島町３８３−１,32.9273122,129.9395836,chunithm;iidx;maimai_dx;ongeki;other;sdvx,iidx_lm;sdvx_vm,,allnet;eagate;ziv
ソユーゲームフィールド三川店,山形県東田川郡三川町大字猪子字和田庫１２８−１イオン三川１Ｆ,38.8159569,139.8354580,chunithm;maimai_dx;ongeki;other,,,allnet;ziv
ソユーゲームフィールド上大岡店,神奈川県横浜市港南区上大岡西１−１８−３　ミオカリスト館６階,35.4077804,139.5952989,chunithm;maimai_dx;ongeki;polaris_chord,,,allnet;eagate
ソユーゲームフィールド八戸店,青森県八戸市沼館4-7-112八戸ピアドゥＢ棟2F,40.5277672,141.4971338,chunithm;maimai_dx;ongeki;other,,,allnet;ziv
ソユーゲームフィールド小名浜店,福島県いわき市小名浜字辰巳町７９イオンモールいわき小名浜３Ｆ,36.9468192,140.9037941,chunithm;maimai_dx;ongeki,,,allnet
ソユーゲームフィールド川口店,埼玉県川口市並木元町１−７９　アリオ川口３Ｆ,35.8071181,139.7141349,chunithm;maimai_dx;ongeki,,,allnet
ソユーゲームフィールド幕張店,千葉県千葉市花見川区幕張町４−４１７−２５　ＩＹ幕張店２Ｆ,35.6563445,140.0512381,chunithm;maimai_dx;ongeki,,,allnet
ソユーゲームフィールド旭川駅前店,北海道旭川市宮下通７−２−５ｲｵﾝﾓｰﾙ旭川駅前４F,43.7640056,142.3571151,chunithm;drs;groove_coaster;maimai_dx;ongeki;other;polaris_chord;taiko;wacca,,,allnet;eagate;ziv
ソユーゲームフィールド木更津店,千葉県木更津市築地１−４イオンモール木更津２F,35.3660728,139.9083423,chunithm;maimai_dx;ongeki,,,allnet
ソユーゲームフィールド橋本店,神奈川県相模原市緑区西橋本５丁目４番３号　コトエ橋本２Ｆ,,,chunithm;maimai_dx;ongeki,,,allnet
ソユーゲームフィールド江釣子店,岩手県北上市北鬼柳１９地割７４番地３江釣子ＳＣパルシネマ館,,,chunithm;maimai_dx;ongeki,,,allnet
ソユーゲームフィールド発寒,北海道札幌市西区発寒8条12丁目1　イオン札幌発寒SC3F,43.0964222,141.2764949,chunithm;drs;maimai_dx;ongeki;polaris_chord,,,allnet;eagate
ソユーゲームフィールド盛岡南,岩手県盛岡市本宮７−１−１イオンモール盛岡南２Ｆ,39.6835670,141.1286694,chunithm;maimai_dx;ongeki;polaris_chord;wacca,,,allnet;eagate;ziv
ソユーゲームフィールド苗穂店,北海道札幌市東区東苗穂2条3-1-1　イオンモール札幌苗穂２Ｆ,43.0798364,141.4038123,chunithm;maimai_dx;ongeki;other,,,allnet;ziv
ソユーゲームフィールド菖蒲店,埼玉県久喜市菖蒲町菖蒲６００５番地１　モラージュ菖蒲３Ｆ,36.0756627,139.6098695,chunithm;maimai_dx;ongeki;polaris_chord;popn,popn_pikapika,,allnet;eagate
ソユーゲームフィールド赤池店,愛知県日進市赤池町箕ノ手１番プライムツリー赤池３階,35.1086210,137.0243969,chunithm;maimai_dx;ongeki;other;taiko,,chunithm:2;maimai_dx:1;ongeki:1;taiko:5,allnet;ziv
ソユーゲームフィールド釜石店,岩手県釜石市港町２−１−１イオンタウン釜石店３F,39.2711988,141.8818052,chunithm;maimai_dx;ongeki;other,,,allnet;ziv
ソユーゲームフィールド長野店,長野県長野市三輪９−４３−２４イオンタウン長野三輪店,36.6695676,138.2072749,chunithm;jubeat;maimai_dx;ongeki,,,allnet;eagate
ソユーゲームフィールド鳴海店,名古屋市緑区鳴海町字伝治山３番地９　アピタ鳴海店２Ｆ,35.0941213,136.9593450,chunithm;maimai_dx;ongeki,,,allnet
ソユースペースファンタジーインフィニ,青森県弘前市城東北３−１０−１さくら野百貨店弘前店４Ｆ,40.6066860,140.4958836,chunithm;iidx;jubeat;maimai_dx;ongeki;other;polaris_chord;popn;reflec,iidx_lm,,allnet;eagate;ziv
ソユーファミリーゲームフィールド花巻店,岩手県花巻市高木第１６地割６８−６　銀河モール１Ｆ,39.3864097,141.1359548,chunithm;gitadora;iidx;jubeat;maimai_dx;ongeki;other;popn;reflec,iidx_lm,,allnet;eagate;ziv
ソユーファミリーゲームフィールド防府店,山口県防府市鐘紡町７−１イオンタウン防府1F,34.0483850,131.5902076,chunithm;maimai_dx;ongeki;other;polaris_chord,,,allnet;eagate;ziv
ソユーフォレストハンター松前店,愛媛県伊予郡松前町筒井８５０ＡＭ棟１階,33.7878677,132.7148652,chunithm;maimai_dx;ongeki;other;polaris_chord,,,allnet;eagate;ziv
タイト-Ｆステーション高崎オ-パ店,群馬県高崎市八島町４６−１　高崎オ-パ７階,36.3230805,139.0110729,chunithm;maimai_dx;ongeki,,,allnet
タイトーFステーション向ヶ丘遊園店,神奈川県川崎市多摩区登戸2718-1,35.6164678,139.5650747,chunithm;gitadora;iidx;maimai_dx;ongeki;polaris_chord;popn;sdvx,gitadora_dm_arena;gitadora_gf_arena;iidx_lm;popn_pikapika;sdvx_vm,,allnet;eagate;ziv
タイトーステーション 仙台クリスロード店,宮城県仙台市青葉区中央２−３−２５,38.2610006,140.8756067,chunithm;ddr;drs;gitadora;iidx;jubeat;maimai_dx;nostalgia;ongeki;other;polaris_chord;popn;project_diva;sdvx;taiko,ddr_gold;gitadora_dm_arena;gitadora_gf_arena;iidx_lm;popn_pikapika;sdvx_vm,chunithm:2;ddr:2;drs:1;gitadora:2;iidx:3;jubeat:2;maimai_dx:2;nostalgia:2;ongeki:2;polaris_chord:4;popn:2;sdvx:3;taiko:1,allnet;eagate;ziv
タイトーステーション 千歳店,北海道千歳市北栄２−１２−５,42.8333942,141.6450539,chunithm;groove_coaster;iidx;jubeat;maimai_dx;nostalgia;ongeki;other;polaris_chord;popn;project_diva;sdvx;taiko,sdvx_vm,,allnet;eagate;ziv
タイトーステーション 大宮店,埼玉県さいたま市大宮区大門町１−１,35.9074467,139.6255974,chunithm;ddr;gitadora;iidx;jubeat;maimai_dx;nostalgia;ongeki;other;polaris_chord;popn;project_diva;reflec;sdvx;taiko,ddr_gold;gitadora_dm_arena;gitadora_gf_arena;iidx_lm;popn_pikapika;sdvx_vm,,allnet;eagate;ziv
タイトーステーション 小田原店,神奈川県小田原市栄町１−３−１２,35.2549374,139.1561373,chunithm;drs;gitadora;groove_coaster;iidx;jubeat;maimai_dx;nostalgia;ongeki;other;polaris_chord;popn;project_diva;sdvx;taiko,popn_pikapika,,allnet;eagate;ziv
タイトーステーション 所沢店,埼玉県所沢市日吉町３−７,35.7880928,139.4723684,chunithm;ddr;gitadora;groove_coaster;iidx;jubeat;maimai_dx;ongeki;other;popn;sdvx,iidx_lm;popn_pikapika;sdvx_vm,,allnet;eagate;ziv
タイトーステーション 柏店,千葉県柏市柏２−３−１フーサワビル,35.8613823,139.9727044,chunithm;ddr;gitadora;groove_coaster;iidx;maimai_dx;ongeki;other;popn;project_diva;sdvx;taiko,gitadora_dm_arena;gitadora_gf_arena;iidx_lm;popn_pikapika;sdvx_vm,,allnet;eagate;ziv
タイトーステーション 池袋西口店,東京都豊島区西池袋１−１５−９第一西池ビル,35.7305503,139.7097415,chunithm;ddr;drs;gitadora;iidx;jubeat;maimai_dx;nostalgia;ongeki;other;polaris_chord;popn;reflec;sdvx,gitadora_dm_arena;gitadora_gf_arena;iidx_lm;popn_pikapika;sdvx_vm,,allnet;eagate;ziv
タイトーステーション 町田店,東京都町田市原町田６−２１−２３　松山ビル１階,35.5427132,139.4484861,chunithm;ddr;drs;gitadora;iidx;jubeat;maimai_dx;ongeki;polaris_chord;popn;sdvx;taiko,ddr_gold;gitadora_dm_arena;gitadora_gf_arena;iidx_lm;popn_pikapika;sdvx_vm,,allnet;eagate;ziv
タイトーステーション 秋葉原店,東京都千代田区外神田４−２−２貴三ビル,35.7002219,139.7717179,chunithm;ddr;drs;gitadora;iidx;jubeat;maimai_dx;nostalgia;ongeki;other;polaris_chord;popn;sdvx;taiko,ddr_gold;gitadora_dm_arena;gitadora_gf_arena;iidx_lm;popn_pikapika;sdvx_vm,chunithm:3;ddr:1;drs:1;gitadora:6;iidx:2;jubeat:1;maimai_dx:1;nostalgia:1;ongeki:2;polaris_chord:2;popn:2;sdvx:2;taiko:4,allnet;eagate;ziv
タイトーステーション 船橋店,千葉県船橋市本町１−６−１,35.6998912,139.9859705,chunithm;gitadora;iidx;maimai_dx;nostalgia;ongeki;other;popn,iidx_lm;popn_pikapika,,allnet;eagate;ziv
タイトーステーション 藤沢店,神奈川県藤沢市南藤沢２１−１,35.3372817,139.4873362,chunithm;ddr;gitadora;iidx;maimai_dx;ongeki;popn;taiko,iidx_lm;popn_pikapika,,allnet;eagate;ziv
タイトーステーションフェドラ大須店,愛知県名古屋市中区大須３−３０−３１,35.1594771,136.9054347,chunithm;crossbeats;dance_evo;ddr;drs;gitadora;groove_coaster;iidx;jubeat;maimai_dx;museca;nostalgia;ongeki;other;polaris_chord;popn;project_diva;reflec;sdvx;taiko,ddr_gold;gitadora_dm_arena;gitadora_gf_arena;iidx_lm;popn_pikapika;sdvx_vm,chunithm:5;crossbeats:1;ddr:1;drs:2;gitadora:2;groove_coaster:1;iidx:5;jubeat:2;maimai_dx:3;museca:1;nostalgia:1;ongeki:4;polaris_chord:2;popn:2;project_diva:1;reflec:1;sdvx:6;taiko:3,allnet;eagate;ziv
タイトーステーション仙台名掛丁店,宮城県仙台市青葉区中央１−７−１３,38.2619434,140.8792076,chunithm;gitadora;iidx;jubeat;maimai_dx;ongeki;other;polaris_chord;popn;taiko,gitadora_dm_arena;gitadora_gf_arena;popn_pikapika,chunithm:4;gitadora:2;iidx:2;jubeat:1;maimai_dx:1;taiko:1,allnet;eagate;ziv
タイトーステーション国分寺店,東京都国分寺市本町３−５−１１,35.7018475,139.4798890,chunithm;ddr;drs;gitadora;groove_coaster;iidx;jubeat;maimai_dx;nostalgia;ongeki;other;popn;sdvx,iidx_lm;popn_pikapika;sdvx_vm,,allnet;eagate;ziv
タイトーステーション大阪日本橋店,大阪府大阪市浪速区日本橋４−９−１４,34.6603931,135.5061456,chunithm;ddr;drs;gitadora;groove_coaster;iidx;jubeat;maimai_dx;nostalgia;ongeki;other;polaris_chord;popn;sdvx;taiko,gitadora_dm_arena;gitadora_gf_arena;iidx_lm;popn_pikapika;sdvx_vm,,allnet;eagate;ziv
タイトーステーション広島紙屋町店,広島県広島市中区紙屋町２−２−２１,34.3940539,132.4560508,chunithm;gitadora;groove_coaster;iidx;jubeat;maimai_dx;nostalgia;ongeki;other;polaris_chord;popn;reflec;sdvx;taiko,gitadora_dm_arena;gitadora_gf_arena;iidx_lm;popn_pikapika,chunithm:1;gitadora:2;groove_coaster:1;iidx:1;jubeat:3;maimai_dx:2;nostalgia:1;ongeki:1;polaris_chord:1;popn:2;reflec:2;sdvx:1;taiko:1,allnet;eagate;ziv
タイトーステーション戸塚西口店,神奈川県横浜市戸塚区戸塚町４０２３,35.3995319,139.5318297,chunithm;gitadora;iidx;maimai_dx;ongeki;other;popn;taiko,gitadora_dm_arena;gitadora_gf_arena;iidx_lm;popn_pikapika,,allnet;eagate;ziv
タイトーステーション新宿東口店,東京都新宿区新宿３−２２−７　指田ビル,35.6932802,139.7015308,chunithm;ddr;groove_coaster;iidx;jubeat;maimai_dx;ongeki;other;popn;reflec;sdvx,iidx_lm;sdvx_vm,chunithm:4;ddr:1;groove_coaster:1;iidx:3;jubeat:2;maimai_dx:1;ongeki:1;popn:3;reflec:4;sdvx:4,allnet;eagate;ziv
タイトーステーション新宿歌舞伎町店,東京都新宿区歌舞伎町１の２３の１,35.6940294,139.7008896,chunithm;maimai_dx;nostalgia;ongeki;polaris_chord;popn;sdvx,popn_pikapika;sdvx_vm,,allnet;eagate
タイトーステーション新浜松ザザシティ店,静岡県浜松市中央区鍛冶町１５サザンシティ西館２Ｆ,34.7049378,137.7293310,chunithm;groove_coaster;iidx;jubeat;maimai_dx;nostalgia;ongeki;other;popn;sdvx;taiko,,,allnet;eagate;ziv
タイトーステーション札幌狸小路２丁目店,北海道札幌市中央区南３条西２丁目−１４,43.0573356,141.3554530,chunithm;drs;groove_coaster;iidx;jubeat;maimai_dx;nostalgia;ongeki;other;polaris_chord;popn;sdvx;taiko,iidx_lm;popn_pikapika;sdvx_vm,,allnet;eagate;ziv
タイトーステーション横浜西口五番街店,神奈川県横浜市西区南幸１−１２ー９,35.4646858,139.6195818,chunithm;ddr;gitadora;groove_coaster;iidx;maimai_dx;nostalgia;ongeki;other;polaris_chord;popn;sdvx,gitadora_dm_arena;gitadora_gf_arena;iidx_lm;popn_pikapika;sdvx_vm,chunithm:6;ddr:1;gitadora:2;groove_coaster:2;iidx:7;maimai_dx:1;nostalgia:1;ongeki:3;polaris_chord:4;popn:3;sdvx:6,allnet;eagate;ziv
タイトーステーション海老名ビナウォーク店,神奈川県海老名市中央１−１８−１　ビナウォーク６番館２Ｆ,35.4527589,139.3956832,chunithm;ddr;gitadora;iidx;jubeat;maimai_dx;nostalgia;ongeki;polaris_chord;popn;sdvx;taiko,ddr_gold;gitadora_dm_arena;gitadora_gf_arena;iidx_lm;popn_pikapika;sdvx_vm,,allnet;eagate;ziv
タイトーステーション溝の口,神奈川県川崎市高津区溝口１−１１−８ＯＫＫＡ６３４ビル３階,35.6002204,139.6124232,chunithm;ddr;gitadora;groove_coaster;iidx;jubeat;maimai_dx;nostalgia;ongeki;other;polaris_chord;popn;project_diva;sdvx;taiko,ddr_gold;gitadora_dm_arena;gitadora_gf_arena;iidx_lm;popn_pikapika;sdvx_vm,,allnet;eagate;ziv
タイトーステーション福岡天神店,福岡県福岡市中央区天神２−６−３５サザンクロスビル,33.5896519,130.3973464,chunithm;groove_coaster;iidx;maimai_dx;ongeki;other;polaris_chord;popn;sdvx;taiko,iidx_lm;popn_pikapika;sdvx_vm,,allnet;eagate;ziv
タイトーステーション立川北口店,東京都立川市曙町２−４−５クリサス立川２・３Ｆ,35.6991102,139.4120958,chunithm;ddr;drs;gitadora;groove_coaster;iidx;jubeat;maimai_dx;nostalgia;ongeki;other;polaris_chord;popn;project_diva;sdvx,ddr_gold;gitadora_dm_arena;gitadora_gf_arena;iidx_lm;popn_pikapika;sdvx_vm,,allnet;eagate;ziv
タイトーステーション豊田ＧＡＺＡ,愛知県豊田市喜多町１−１４０ＧＡＺＡ３階,35.0880302,137.1572653,chunithm;ddr;groove_coaster;iidx;maimai_dx;nostalgia;ongeki;other;popn;sdvx;taiko,iidx_lm,,allnet;eagate;ziv
タイトーステーション錦糸町楽天地店,東京都墨田区江東橋４−２７−１４楽天地ビルＢ１Ｆ,35.6964979,139.8158070,chunithm;ddr;gitadora;iidx;jubeat;maimai_dx;nostalgia;ongeki;polaris_chord;popn;sdvx,ddr_gold;iidx_lm;sdvx_vm,chunithm:2;ddr:1;gitadora:2;iidx:2;jubeat:1;maimai_dx:1;nostalgia:1;ongeki:2;popn:1;sdvx:2,allnet;eagate;ziv
タイトー新宿南口ゲームワールド店,東京都新宿区新宿３−３５−８,35.6898660,139.7022542,chunithm;ddr;gitadora;groove_coaster;iidx;jubeat;maimai_dx;nostalgia;ongeki;other;polaris_chord;popn;sdvx;taiko,ddr_gold;gitadora_dm_arena;gitadora_gf_arena;iidx_lm;popn_pikapika;sdvx_vm,chunithm:1;ddr:2;gitadora:2;groove_coaster:1;iidx:8;jubeat:2;maimai_dx:1;nostalgia:1;ongeki:1;polaris_chord:4;popn:6;sdvx:9;taiko:1,allnet;eagate;ziv
タイトーＢＩＧＢＯＸ高田馬場店,東京都新宿区高田馬場１−３５−３　ＢＩＧＢＯＸ６Ｆ,35.7129463,139.7042567,chunithm;dance_evo;ddr;drs;gitadora;iidx;jubeat;maimai_dx;ongeki;other;polaris_chord;popn;reflec;sdvx;taiko,gitadora_dm_arena;gitadora_gf_arena;iidx_lm;popn_pikapika;sdvx_vm,chunithm:1;dance_evo:1;ddr:2;drs:1;gitadora:4;iidx:4;jubeat:6;maimai_dx:1;popn:5;reflec:6;sdvx:4;taiko:2,allnet;eagate;ziv
タイトーＦステーションゆめタウン三豊店,香川県三豊市豊中町本山甲２２,34.1454067,133.6994380,chunithm;maimai_dx;ongeki;taiko,,,allnet;ziv
タイトーＦステーションアスピア明石店,兵庫県明石市東仲ノ町６‐１　アスピア明石店南館３階,34.6478050,134.9950820,chunithm;maimai_dx;ongeki;taiko,,,allnet;ziv
タイトーＦステーションイオンモール富士宮,静岡県富士宮市浅間町１−８　イオンモール富士宮３Ｆ,35.2204706,138.6119827,chunithm;iidx;maimai_dx;ongeki;sdvx,iidx_lm;sdvx_vm,,allnet;eagate;ziv
タイトーＦステーションオリナス錦糸町店,東京都墨田区太平４ー１ー２　オリナスモール地下１Ｆ,35.7003101,139.8152653,chunithm;ddr;drs;gitadora;iidx;jubeat;maimai_dx;nostalgia;ongeki;polaris_chord;popn;sdvx,ddr_gold;gitadora_dm_arena;gitadora_gf_arena;iidx_lm;popn_pikapika;sdvx_vm,chunithm:1;ddr:2;drs:1;gitadora:2;iidx:5;jubeat:1;maimai_dx:1;nostalgia:1;ongeki:1;polaris_chord:1;popn:1;sdvx:5,allnet;eagate;ziv
タイトーＦステーションセントポルタ大分店,大分県大分市中央町２−１−１,33.2354219,131.6063391,chunithm;gitadora;iidx;maimai_dx;nostalgia;ongeki;popn;sdvx;taiko,iidx_lm;sdvx_vm,,allnet;eagate;ziv
タイトーＦステーションニシムタ出水店,鹿児島県出水市六月田町３４７番地,32.1052481,130.3454411,chunithm;iidx;maimai_dx;nostalgia;ongeki;popn;project_diva;sdvx;taiko,iidx_lm;sdvx_vm,,allnet;eagate;ziv
タイトーＦステーション三宮西館店,兵庫県神戸市中央区三宮町２丁目１１−１センタープラザ西館,34.6911162,135.1911671,chunithm;maimai_dx;ongeki;sdvx;taiko,sdvx_vm,,allnet;eagate;ziv
タイトーＦステーション上越店,新潟県上越市富岡３５２４　Ｊーｍａｘシアター内１Ｆ,37.1481920,138.2590468,chunithm;ddr;gitadora;iidx;maimai_dx;nostalgia;ongeki;polaris_chord;project_diva;sdvx,ddr_gold;iidx_lm;sdvx_vm,,allnet;eagate;ziv
タイトーＦステーション八戸店,青森県八戸市三日町２７,40.5093072,141.4905810,chunithm;gitadora;groove_coaster;iidx;maimai_dx;ongeki;popn;sdvx;taiko,,,allnet;eagate;ziv
タイトーＦステーション小山店,栃木県小山市喜沢1475ハーヴェストウォーク内スポーツシネマ棟,36.3361438,139.8073796,chunithm;gitadora;jubeat;maimai_dx;ongeki;popn;project_diva;sdvx;taiko,,,allnet;ziv
タイトーＦステーション山口メルクス店,山口県山口市大字黒川８２−１ハイパーモールメルクス内,34.1359172,131.4345602,chunithm;maimai_dx;ongeki;taiko,,,allnet;ziv
タイトーＦステーション市川妙典店,千葉県市川市妙典４ー１ー１　イオン市川妙典店２番街２Ｆ,35.6925377,139.9266786,chunithm;ddr;drs;gitadora;iidx;maimai_dx;nostalgia;ongeki;polaris_chord;popn;project_diva;sdvx,ddr_gold;gitadora_dm_arena;gitadora_gf_arena;iidx_lm;popn_pikapika;sdvx_vm,chunithm:1;ddr:1;drs:1;gitadora:2;iidx:4;maimai_dx:1;nostalgia:1;ongeki:1;polaris_chord:1;popn:1;sdvx:4,allnet;eagate;ziv
タイトーＦステーション弥富店,愛知県弥富市五明町蒲原１３７１‐４,35.1155664,136.7178037,chunithm;maimai_dx;ongeki,,,allnet
タイトーＦステーション静岡,静岡県静岡市葵区呉服町２−５−４　ふしみや第２ビル,34.9744541,138.3832431,chunithm;gitadora;groove_coaster;iidx;maimai_dx;ongeki;popn;sdvx;taiko,gitadora_dm_arena;gitadora_gf_arena;iidx_lm;popn_pikapika;sdvx_vm,,allnet;eagate;ziv
タイトーＦステーションＡＳ大宮西口駅前店,埼玉県さいたま市大宮区桜木町２‐３　イオンスタイル大宮西７Ｆ,35.9068898,139.6217932,chunithm;maimai_dx;ongeki;taiko,,,allnet;ziv
タイトーＦ郡山オリエントパーク店,福島県郡山市安積町荒井字大久保３５−１,37.3744762,140.3487551,chunithm;ddr;iidx;maimai_dx;ongeki;other;polaris_chord;sdvx;taiko,ddr_gold;iidx_lm;sdvx_vm,,allnet;eagate;ziv
チャリオット五井店,千葉県市原市五井中央西２−１−２,35.5136111,140.0898121,chunithm;gitadora;iidx;maimai_dx;ongeki;popn;project_diva;sdvx,gitadora_dm_arena;gitadora_gf_arena;iidx_lm;sdvx_vm,,allnet;eagate
テクノワールド,岩手県奥州市江刺愛宕字梁川１２７−１,39.1792419,141.1621682,chunithm;ddr;gitadora;iidx;jubeat;maimai_dx;nostalgia;ongeki;other;polaris_chord;popn;project_diva;sdvx,ddr_gold;iidx_lm;popn_pikapika;sdvx_vm,,allnet;eagate;ziv
テクモピア座間店,神奈川県座間市ひばりが丘４−１１−４８,35.4800807,139.4320181,chunithm;iidx;maimai_dx;ongeki;sdvx,iidx_lm;sdvx_vm,,allnet;eagate
テクモピア船橋南口店,千葉県船橋市本町１ー７ー６ドリーム船橋ビル３Ｆ,35.6990191,139.9858078,chunithm;iidx;maimai_dx;ongeki;sdvx,iidx_lm;sdvx_vm,,allnet;eagate
トップラン岩岡,兵庫県神戸市西区岩岡町古郷１４７４−１,34.7176826,134.9289029,chunithm;maimai_dx;ongeki;project_diva;reflec;sdvx,sdvx_vm,,allnet;eagate
トップラン東大阪,大阪府東大阪市東鴻池町１−６−３０イオンタウン東大阪店２Ｆ,34.6938172,135.6175909,chunithm;maimai_dx;ongeki;popn;project_diva;reflec,,,allnet;eagate
トヤマレジャーランド呉羽店,富山県富山市高木字貝塚2054,36.7154246,137.1579952,chunithm;ddr;gitadora;iidx;maimai_dx;ongeki;other;popn;sdvx,ddr_gold;gitadora_dm_arena;gitadora_gf_arena;iidx_lm;popn_pikapika;sdvx_vm,,allnet;eagate;ziv
トライセン中津店,大分県中津市下池永６７−３,33.5896776,131.2110360,chunithm;gitadora;iidx;jubeat;maimai_dx;ongeki;other;popn;sdvx,gitadora_dm_arena;gitadora_gf_arena;iidx_lm;sdvx_vm,,allnet;eagate;ziv
トライセン萩原,大分県大分市萩原４−２２７−７,33.2491774,131.6436745,chunithm;gitadora;iidx;jubeat;maimai_dx;ongeki;other;popn;reflec,gitadora_dm_arena;gitadora_gf_arena;iidx_lm,,allnet;eagate;ziv
トレジャーサバイバル,山形県山形市北町２−２−４５,38.2687430,140.3293800,chunithm;maimai_dx;ongeki,,,allnet
ドリームキャンディ,三重県伊賀市小田町７１１−１,34.7752694,136.1227939,chunithm;gitadora;iidx;maimai_dx;nostalgia;ongeki;reflec;sdvx,iidx_lm;sdvx_vm,,allnet;eagate
ネオブラボー,山口県防府市高倉１−３−３０,34.0549567,131.5591985,chunithm;iidx;maimai_dx;ongeki;other;sdvx,iidx_lm;sdvx_vm,,allnet;eagate;ziv
ハイパーメッセ,福岡県北九州市小倉南区北方４−６−７,33.8391643,130.8741119,chunithm;drs;maimai_dx;ongeki;other,,,allnet;eagate;ziv
ハローズガーデン新三田,兵庫県三田市けやき台１‐６‐２イオン三田２番街,34.9081575,135.1861575,chunithm;iidx;maimai_dx;ongeki,iidx_lm,,allnet;eagate
バイパスレジャーランド藤江新館,石川県金沢市藤江南2-105,36.5837815,136.6206855,chunithm;ddr;gitadora;iidx;jubeat;maimai_dx;nostalgia;ongeki;other;polaris_chord;popn;sdvx,ddr_gold;gitadora_dm_arena;gitadora_gf_arena;iidx_lm;popn_pikapika;sdvx_vm,,allnet;eagate;ziv
バンダイナムコＣｒｏｓｓＳｔｏｒｅ京都,京都市南区西九条鳥居口町イオンＭ京都ＳＡＫＵＲＡ館４階,34.9828149,135.7546262,chunithm;maimai_dx;nostalgia;ongeki;other;popn;sdvx;taiko,popn_pikapika,chunithm:1;nostalgia:1;sdvx:1;taiko:5,allnet;eagate;ziv
パスカランドはません,熊本県熊本市南区田井島1-2-1ゆめタウンはません3F,32.7716760,130.7264165,chunithm;maimai_dx;ongeki;other,,,allnet;ziv
パスカランド博多店,福岡県福岡市東区東浜１−１−１ゆめタウン博多店２階,33.6122355,130.4123165,chunithm;maimai_dx;ongeki;other;popn,popn_pikapika,,allnet;eagate;ziv
パスカランド大川店,福岡県大川市上巻４３０−１ゆめタウン２F,33.2027312,130.3880983,chunithm;maimai_dx;ongeki;other,,,allnet;ziv
パスカランド大牟田店,福岡県大牟田市旭町２丁目２８−１,33.0366941,130.4538265,chunithm;maimai_dx;ongeki;other,,,allnet;ziv
パスカランド福重店,福岡県福岡市西区拾六町１丁目７番１号ＭＥＧＡドンキ福重店３Ｆ,33.5672500,130.3148720,chunithm;iidx;maimai_dx;ongeki;other;popn;sdvx,iidx_lm;popn_pikapika;sdvx_vm,,allnet;eagate;ziv
パスカランド長嶺,熊本県熊本市東区長嶺西1-5-1　シュロアモール長嶺店内,32.8114009,130.7618624,chunithm;maimai_dx;ongeki;other,,,allnet;ziv
パスカランド鳥栖,佐賀県鳥栖市本鳥栖町５３７−１フレスポ鳥栖店２階,33.3758911,130.5168476,chunithm;maimai_dx;ongeki;other;popn,popn_pikapika,,allnet;eagate;ziv
パスカランド黒崎店,福岡県北九州市八幡西区西曲里町３−１,33.8597850,130.7602544,chunithm;maimai_dx;ongeki;other;popn,popn_pikapika,,allnet;eagate;ziv
パスカワールドグリーンランド店,熊本県荒尾市本井手１５７４−５４,32.9878473,130.4712114,chunithm;ddr;gitadora;iidx;jubeat;maimai_dx;nostalgia;ongeki;other;polaris_chord;popn;sdvx,gitadora_dm_arena;gitadora_gf_arena;iidx_lm;popn_pikapika;sdvx_vm,,allnet;eagate;ziv
パルケ・デ・アミーゴ！山形店,山形県山形市嶋北１−３−１,38.2836662,140.3216001,chunithm;iidx;jubeat;maimai_dx;ongeki;other,,,allnet;eagate;ziv
パルケ上賀茂店,京都府京都市北区上賀茂西河原町１の１,35.0669415,135.7460749,chunithm;ddr;drs;gitadora;iidx;maimai_dx;nostalgia;ongeki;other;popn;taiko,iidx_lm,chunithm:2;ddr:1;drs:1;gitadora:2;iidx:1;maimai_dx:1;nostalgia:1;ongeki:1;popn:1;taiko:3,allnet;eagate;ziv
パレパレ稲毛長沼店,千葉県千葉市稲毛区長沼原町731-17フレスポ稲毛Ａ２棟４,35.6575891,140.1277036,chunithm;gitadora;maimai_dx;ongeki;popn;project_diva,,,allnet;eagate
ビバーチャ,広島県広島市中区南竹屋町１０−１７,34.3793334,132.4612792,chunithm;gitadora;iidx;jubeat;maimai_dx;ongeki;other;popn,,,allnet;eagate;ziv
ピノキオランド日南,宮崎県日南市材木町１ＳＣ日南２Ｆ,31.5866486,131.4013068,chunithm;maimai_dx;ongeki;other,,,allnet;ziv
ピノキオランド本渡,熊本県天草市船之尾町279-6,32.4583537,130.1882685,chunithm;iidx;maimai_dx;ongeki;other,iidx_lm,,allnet;eagate;ziv
ピノキオランド玉名,熊本県玉名市亀甲字前田110カリーノ玉名店2F,32.9279906,130.5553164,chunithm;maimai_dx;ongeki;other,,,allnet;ziv
ピンクパンサー下妻店,茨城県下妻市小島884-10,36.1702653,139.9665309,chunithm;gitadora;iidx;maimai_dx;ongeki;sdvx,sdvx_vm,,allnet;eagate
ピンクパンサー土浦店,茨城県土浦市木田余４５８５−３,36.1065463,140.2151975,chunithm;ddr;gitadora;iidx;jubeat;maimai_dx;ongeki;project_diva;sdvx,ddr_gold;iidx_lm;sdvx_vm,,allnet;eagate
ファンタジックランド西春店,愛知県北名古屋市鹿田若宮３９２６‐１０ヨシズヤ西春店５階,35.2449611,136.8717714,chunithm;maimai_dx;ongeki;other;taiko,,,allnet;ziv
ファンタジードーム八戸,青森県八戸市江陽２−１４−１,40.5218721,141.5027091,chunithm;iidx;jubeat;maimai_dx;nostalgia;ongeki;other;popn;reflec,iidx_lm,,allnet;eagate;ziv
ファンタジープラザ名古屋,愛知県名古屋市北区玄馬町２３４−１ﾄﾞﾝｷﾎｰﾃ名古屋本店２階,35.2264606,136.9089964,chunithm;ddr;gitadora;iidx;jubeat;maimai_dx;ongeki;other;popn;reflec;sdvx;taiko,ddr_gold;gitadora_dm_arena;gitadora_gf_arena;iidx_lm;popn_pikapika;sdvx_vm,chunithm:2;ddr:1;gitadora:2;iidx:3;jubeat:1;maimai_dx:1;ongeki:2;popn:1;reflec:1;sdvx:4;taiko:3,allnet;eagate;ziv
ファンタジープラザ苫小牧,北海道苫小牧市木場町1-6-1MEGAドンキホーテ苫小牧2F,42.6410419,141.5952854,chunithm;maimai_dx;ongeki;other,,,allnet;ziv
フクイレジャーランドワイプラザ店,福井県福井市新保北1-303　ヤスサキワイプラザＢ棟2Ｆ,36.0861836,136.2493644,chunithm;iidx;jubeat;maimai_dx;ongeki;other;polaris_chord;popn;sdvx,iidx_lm;popn_pikapika;sdvx_vm,,allnet;eagate;ziv
フタバボウル泉大津店,大阪府泉大津市松之浜町１−２−５３,34.5108583,135.4156272,chunithm;maimai_dx;ongeki;other;sdvx,sdvx_vm,,allnet;eagate;ziv
フリスポ佐原,千葉県香取市佐原イ−４２００,35.9011456,140.4935107,chunithm;ddr;gitadora;iidx;maimai_dx;ongeki;polaris_chord;popn;sdvx,iidx_lm;sdvx_vm,,allnet;eagate
フレスパランドカッタの湯,山口県宇部市海南町1675,33.9584481,131.2615249,chunithm;iidx;maimai_dx;ongeki;other;polaris_chord;sdvx,iidx_lm;sdvx_vm,,allnet;eagate;ziv
プラサカプコン 成田店 PLAZA CAPCOM Narita,"24 Aeon Mall Narita 2F Uingutsuchiya Narita Chiba, 286-0029, Narita",35.7959181,140.3172541,chunithm;maimai_dx;ongeki;taiko,,chunithm:4;maimai_dx:3;ongeki:2;taiko:3,ziv
プラサカプコン京都店,京都府京都市右京区西院追分町２５−１イオンモール京都五条３Ｆ,34.9974534,135.7273526,chunithm;maimai_dx;ongeki;other,,,allnet;ziv
プラサカプコン大分店,大分県大分市公園通り西２−１パークプレイス大分２Ｆ,33.1953607,131.6579235,chunithm;maimai_dx;ongeki;other,,,allnet;ziv
プラサカプコン大曲店,秋田県大仙市和合字坪立１７７イオン大曲ＳＣ２Ｆ,39.4385014,140.5088973,chunithm;iidx;maimai_dx;ongeki;other;popn,,,allnet;eagate;ziv
プラサカプコン富津店,千葉県富津市青木1-5-1イオンモール富津内ゲームコーナー,35.3300728,139.8468705,chunithm;maimai_dx;ongeki,,,allnet
プラサカプコン広島店,広島県広島市佐伯区石内東４丁目１−１ジアウトレット広島,34.4117273,132.3976117,chunithm;maimai_dx;ongeki;other,,,allnet;ziv
プラサカプコン徳重店,愛知県名古屋市緑区元徳重１丁目５０５ビルズウォーク徳重２階,35.0943886,136.9992084,chunithm;maimai_dx;ongeki;other;taiko,,chunithm:2;maimai_dx:1;ongeki:2;taiko:2,allnet;ziv
プラサカプコン志都呂店,静岡県浜松市中央区志都呂２丁目３７番１号,34.6966884,137.6509232,chunithm;maimai_dx;ongeki,,,allnet
プラサカプコン成田店,千葉県成田市ウイング土屋２４イオン成田ＳＣ２Ｆ,35.7958330,140.3176162,chunithm;maimai_dx;ongeki,,,allnet
プラサカプコン新居浜店,愛媛県新居浜市前田町８−８イオンモール新居浜２Ｆ,33.9537705,133.2688546,chunithm;maimai_dx;ongeki;other,,,allnet;ziv
プラサカプコン横須賀店,神奈川県横須賀市若松町2-30モアーズシティ4F,35.2782938,139.6700409,chunithm;iidx;maimai_dx;ongeki;other,,,allnet;eagate;ziv
プラサカプコン甲府店,山梨県中巨摩郡昭和町西条３７１７,35.6428959,138.5462509,chunithm;iidx;maimai_dx;ongeki;other;popn;project_diva,,,allnet;eagate;ziv
プラサカプコン直方店,福岡県直方市湯野原２−１−１イオンモール直方２Ｆ,33.7689496,130.7497505,chunithm;maimai_dx;ongeki;other,,,allnet;ziv
プラサカプコン石巻店,宮城県石巻市茜平4丁目104番地 ｲｵﾝ石巻ｼｮｯﾋﾟﾝｸﾞｾﾝﾀｰ2F,38.4476841,141.2652783,chunithm;maimai_dx;ongeki;other;popn,,,allnet;eagate;ziv
プラサカプコン稲沢店,愛知県稲沢市長野７丁目１−２リーフウォーク稲沢２Ｆ,35.2607481,136.8190404,chunithm;maimai_dx;ongeki,,,allnet
プラサカプコン羽生店,埼玉県羽生市川崎２−２８１−３イオンモール羽生２階,36.1428612,139.5427460,chunithm;maimai_dx;ongeki,,,allnet
プラサカプコン藤井寺,大阪府藤井寺市岡２丁目１０番１１号イオン藤井寺ＳＣ２Ｆ,34.5739493,135.5931971,chunithm;maimai_dx;ongeki,,,allnet
プラサカプコン高知,高知県高知市秦南町１−４−８イオンモール高知３Ｆ,33.5764248,133.5424596,chunithm;maimai_dx;ongeki;other,,,allnet;ziv
プレイランド大和鶴間,神奈川県大和市下鶴間１−３−１イトーヨーカドー大和鶴間店３Ｆ,35.4905089,139.4571330,chunithm;maimai_dx;ongeki;polaris_chord,,,allnet;eagate
プレイランド川崎,神奈川県川崎市川崎区小田栄2-2-1-3F,35.5146280,139.7087781,chunithm;maimai_dx;ongeki,,,allnet
ペップ魚町,福岡県北九州市小倉北区魚町２−４−２０,33.8839068,130.8803109,chunithm;ddr;gitadora;iidx;jubeat;maimai_dx;nostalgia;ongeki;other;popn;project_diva;reflec;sdvx,iidx_lm;sdvx_vm,,allnet;eagate;ziv
ポート２４八事店,愛知県名古屋市昭和区広路町北石坂102番地4,35.1371097,136.9641401,chunithm;ddr;gitadora;iidx;jubeat;maimai_dx;nostalgia;ongeki;other;popn;sdvx;taiko,ddr_gold;iidx_lm;sdvx_vm,chunithm:4;ddr:1;gitadora:2;iidx:4;jubeat:2;maimai_dx:2;nostalgia:1;ongeki:4;popn:1;sdvx:2;taiko:3,allnet;eagate;ziv
ポート２４幸田店,愛知県額田郡幸田町相見沖原1-3,34.8902431,137.1631359,chunithm;gitadora;iidx;maimai_dx;ongeki;other;popn;project_diva;sdvx,iidx_lm;popn_pikapika;sdvx_vm,,allnet;eagate;ziv
ポート２４浜松店,静岡県浜松市中央区坪井町4183-1,34.6801467,137.6443581,chunithm;drs;gitadora;iidx;jubeat;maimai_dx;nostalgia;ongeki;other;popn;project_diva;sdvx,gitadora_dm_arena;gitadora_gf_arena;iidx_lm;sdvx_vm,,allnet;eagate;ziv
マックスプラザ善通寺,香川県善通寺市中村町１７９８−２,34.2436048,133.7640148,chunithm;gitadora;groove_coaster;iidx;jubeat;maimai_dx;nostalgia;ongeki;polaris_chord;popn;project_diva;sdvx;wacca,iidx_lm;sdvx_vm,,allnet;eagate;ziv
ムー大陸西尾シャオ店,愛知県西尾市下町御城下２３−１シャオ２Ｆ,34.8677828,137.0454315,chunithm;iidx;maimai_dx;ongeki;sdvx,iidx_lm;sdvx_vm,,allnet;eagate
メジャーロード白根,新潟県新潟市南区上下諏訪木論地９４８−２,37.7605971,139.0222139,chunithm;iidx;maimai_dx;ongeki,,,allnet;eagate
メジャーロード見附店,新潟県見附市上新田町字下野沖516番地1,37.5430983,138.8914470,chunithm;gitadora;iidx;jubeat;maimai_dx;ongeki;other;popn;sdvx,sdvx_vm,,allnet;eagate;ziv
メジャーロード黒埼,新潟県新潟市西区山田３３０３番地（３３０２番地）,37.8682204,139.0173416,chunithm;gitadora;iidx;jubeat;maimai_dx;ongeki;other;sdvx,sdvx_vm,,allnet;eagate;ziv
メルヘンランド　コーナン鎌倉大船店,神奈川県鎌倉市岡本１１８８番地１　コーナン鎌倉大船店,35.3472054,139.5168641,chunithm;maimai_dx;ongeki,,,allnet
モンキートリック,大阪府寝屋川市香里南之町32-5　YNレジデンス香里2F,34.7834753,135.6288626,chunithm;ddr;gitadora;iidx;jubeat;maimai_dx;ongeki;polaris_chord;popn;sdvx,ddr_gold;gitadora_dm_arena;gitadora_gf_arena;iidx_lm;popn_pikapika;sdvx_vm,,allnet;eagate
モーリーファンタジーf広島祇園,広島県広島市安佐南区祇園３−２−１　イオン広島祇園ＳＣ３Ｆ,34.4440456,132.4615509,chunithm;gitadora;maimai_dx;ongeki;other;popn,,,allnet;eagate;ziv
モーリーファンタジーつがる柏,青森県つがる市柏稲盛幾世４１−１イオンつがる柏店１F,40.8030950,140.4163648,chunithm;maimai_dx;ongeki,,,allnet
モーリーファンタジーとなみ,富山県砺波市中神１丁目１７４番地１イオンモール２Ｆ,36.6412277,136.9469814,chunithm;maimai_dx;ongeki,,,allnet
モーリーファンタジークロスガーデン川崎,神奈川県川崎市幸区小倉5-19-23,35.5392911,139.6676904,chunithm;maimai_dx;ongeki,,,allnet
モーリーファンタジー三笠店,北海道三笠市岡山１０５９−１スーパーセンター１Ｆ,43.2435815,141.8055111,chunithm;maimai_dx;ongeki;other;popn,,,allnet;eagate;ziv
モーリーファンタジー中標津,北海道標津郡中標津町南町３番地１０　東武サウスヒルズ,43.5362399,144.9778039,chunithm;maimai_dx;ongeki;other,,,allnet;ziv
モーリーファンタジー新瑞橋,愛知県名古屋市南区菊住１丁目７ー１０イオンモール新瑞橋店３階,35.1147088,136.9352500,chunithm;maimai_dx;ongeki;polaris_chord,,,allnet;eagate
モーリーファンタジー明石店,兵庫県明石市大久保町ゆりのき通り３−３−１イオン明石３番街３Ｆ,34.6786239,134.9351236,chunithm;maimai_dx;ongeki,,,allnet
モーリーファンタジー本荘,秋田県由利本荘市石脇田中１３８番地,39.3915017,140.0274931,chunithm;maimai_dx;nostalgia;ongeki;other;popn;sdvx,sdvx_vm,,allnet;eagate;ziv
モーリーファンタジー米沢,山形県米沢市春日2-13-4　2F,37.9230092,140.1086180,chunithm;gitadora;maimai_dx;ongeki;other;popn,,,allnet;eagate;ziv
モーリーファンタジー那覇,沖縄県那覇市金城５−１０−２　イオン那覇店３F,26.1970331,127.6658532,chunithm;dance_evo;iidx;jubeat;maimai_dx;nostalgia;ongeki;polaris_chord;popn;reflec;sdvx,iidx_lm;sdvx_vm,,allnet;eagate;ziv
モーリーファンタジーｆ 岐阜,岐阜県岐阜市正木中１−２−１マーサ２１北館３Ｆ,35.4484474,136.7449465,chunithm;drs;gitadora;iidx;jubeat;maimai_dx;ongeki;other;polaris_chord;popn;reflec;sdvx;taiko,iidx_lm;sdvx_vm,chunithm:3;drs:1;gitadora:2;jubeat:2;maimai_dx:3;ongeki:2;popn:1;reflec:1;sdvx:1;taiko:3,allnet;eagate;ziv
モーリーファンタジーｆ富士南,静岡県富士市鮫島１１８−１０　イオンタウン富士南２Ｆ,35.1397246,138.6758022,chunithm;maimai_dx;ongeki;polaris_chord;popn;sdvx,sdvx_vm,,allnet;eagate
ユーズランド三光店,大分県中津市三光佐知1032イオンモール三光2F,33.5604305,131.1920613,chunithm;iidx;maimai_dx;nostalgia;ongeki;other;polaris_chord;sdvx,sdvx_vm,,allnet;eagate;ziv
ユーズランド下田店,青森県上北郡おいらせ町中野平４０−１イオンモール下田１Ｆ,40.6014566,141.4177839,chunithm;ddr;drs;gitadora;iidx;jubeat;maimai_dx;nostalgia;ongeki;other;polaris_chord;popn;project_diva;sdvx,ddr_gold;gitadora_dm_arena;gitadora_gf_arena;iidx_lm;popn_pikapika;sdvx_vm,,allnet;eagate;ziv
ユーズランド倉敷店,岡山県倉敷市水江１番地イオンモール倉敷２Ｆ,34.6032479,133.7454021,chunithm;ddr;drs;iidx;maimai_dx;ongeki;other;polaris_chord;popn;sdvx,ddr_gold;iidx_lm;popn_pikapika;sdvx_vm,,allnet;eagate;ziv
ユーズランド和歌山店,和歌山県和歌山市ふじと台２３番地イオンモール和歌山２Ｆ,34.2761543,135.1492010,chunithm;iidx;maimai_dx;ongeki;other;polaris_chord;sdvx,iidx_lm;sdvx_vm,,allnet;eagate;ziv
ユーズランド大河原店,宮城県柴田郡大河原町小島２−１フォルテ２Ｆ,38.0656136,140.7373892,chunithm;iidx;maimai_dx;ongeki;other;polaris_chord,,,allnet;eagate;ziv
ユーズランド太田店,群馬県太田市石原町８１番地イオンモール太田２Ｆ,36.2941440,139.4004362,chunithm;gitadora;iidx;maimai_dx;ongeki;polaris_chord;popn;sdvx,gitadora_dm_arena;gitadora_gf_arena;iidx_lm;popn_pikapika;sdvx_vm,,allnet;eagate
ユーズランド日の出店,東京都西多摩郡日の出町大字平井237-3イオンモール日の出３Ｆ,35.7348561,139.2752446,chunithm;maimai_dx;ongeki;popn,popn_pikapika,,allnet;eagate
ユーズランド春日部店,埼玉県春日部市下柳４２０−１イオンモール春日部２Ｆ,35.9885734,139.7898122,chunithm;iidx;jubeat;maimai_dx;nostalgia;ongeki;sdvx,iidx_lm;sdvx_vm,,allnet;eagate
ユーズランド東浦店,愛知県知多郡東浦町緒川旭１３−２イオンモール東浦２Ｆ,34.9781318,136.9742667,chunithm;iidx;maimai_dx;ongeki;other;polaris_chord;popn;sdvx;taiko,iidx_lm;popn_pikapika;sdvx_vm,chunithm:5;iidx:2;maimai_dx:2;ongeki:5;polaris_chord:3;sdvx:2;taiko:6,allnet;eagate;ziv
ユーズランド水戸内原店,茨城県水戸市内原２−１イオンモール水戸内原２Ｆ,36.3739629,140.3583896,chunithm;ddr;gitadora;iidx;maimai_dx;ongeki;polaris_chord;popn;sdvx,ddr_gold;gitadora_dm_arena;gitadora_gf_arena;iidx_lm;popn_pikapika;sdvx_vm,,allnet;eagate
ユーズランド越谷店,埼玉県越谷市レイクタウン4-2-2イオンレイクタウンKAZE3F,35.8778002,139.8245962,chunithm;iidx;maimai_dx;ongeki;popn;sdvx,iidx_lm;popn_pikapika;sdvx_vm,,allnet;eagate
ユーズランド高岡店,富山県高岡市下伏間江３８３イオンモール高岡２Ｆ,36.7241123,137.0170194,chunithm;ddr;iidx;maimai_dx;ongeki;polaris_chord;popn;sdvx,ddr_gold;iidx_lm;popn_pikapika;sdvx_vm,,allnet;eagate
ユーズランド高崎店,群馬県高崎市棟高町１４００番地イオンモール高崎２Ｆ,36.3904820,139.0065304,chunithm;ddr;drs;gitadora;iidx;jubeat;maimai_dx;ongeki;polaris_chord;popn;sdvx,ddr_gold;gitadora_dm_arena;gitadora_gf_arena;iidx_lm;popn_pikapika;sdvx_vm,,allnet;eagate
ラウンドワンさいか屋横須賀店,神奈川県横須賀市大滝町１丁目１３番,35.2821494,139.6695932,chunithm;dance_around;ddr;drs;gitadora;iidx;jubeat;maimai_dx;nostalgia;ongeki;polaris_chord;popn;project_diva;sdvx,ddr_gold;gitadora_dm_arena;gitadora_gf_arena;iidx_lm;popn_pikapika;sdvx_vm,,allnet;eagate
ラウンドワンさいたま・上里店,埼玉県児玉郡上里町大字金久保３９４−１,36.2599800,139.1374381,chunithm;dance_around;drs;gitadora;iidx;maimai_dx;nostalgia;ongeki;other;polaris_chord;popn;sdvx,gitadora_dm_arena;gitadora_gf_arena;iidx_lm;popn_pikapika;sdvx_vm,,allnet;eagate;ziv
ラウンドワンさいたま・栗橋店,埼玉県久喜市小右衛門１９２−１,36.1235137,139.7151734,chunithm;dance_around;ddr;gitadora;iidx;jubeat;maimai_dx;museca;nostalgia;ongeki;other;polaris_chord;popn;sdvx,ddr_gold;gitadora_dm_arena;gitadora_gf_arena;iidx_lm;popn_pikapika;sdvx_vm,dance_around:1;ddr:1;gitadora:2;maimai_dx:4;museca:1;popn:2,allnet;eagate;ziv
ラウンドワンさいたま・鴻巣店,埼玉県鴻巣市箕田３１６３−７,36.0806388,139.4902256,chunithm;dance_around;dance_evo;ddr;drs;gitadora;iidx;jubeat;maimai_dx;nostalgia;ongeki;polaris_chord;popn;sdvx,ddr_gold;gitadora_dm_arena;gitadora_gf_arena;iidx_lm;popn_pikapika;sdvx_vm,,allnet;eagate;ziv
ラウンドワンみえ川越インターチェンジ店,三重県三重郡川越町南福崎８５１−１,35.0229015,136.6835299,chunithm;ddr;gitadora;iidx;maimai_dx;ongeki;other;polaris_chord;popn;sdvx,ddr_gold;gitadora_dm_arena;gitadora_gf_arena;iidx_lm;popn_pikapika;sdvx_vm,,allnet;eagate;ziv
ラウンドワンららぽーと和泉店,大阪府和泉市あゆみ野４−４−７　４階　４２１００番,34.4356803,135.4479088,chunithm;iidx;maimai_dx;ongeki;other;popn;sdvx,iidx_lm;popn_pikapika;sdvx_vm,,allnet;eagate;ziv
ラウンドワンららぽーと新三郷店,埼玉県三郷市新三郷ららシティ3-1-1ららぽーと新三郷2F20000番,35.8594806,139.8671397,beatstream;chunithm;dance_around;dance_evo;ddr;gitadora;iidx;jubeat;maimai_dx;ongeki;polaris_chord;popn;sdvx,ddr_gold;gitadora_dm_arena;gitadora_gf_arena;iidx_lm;popn_pikapika;sdvx_vm,beatstream:2;chunithm:1;dance_evo:1;ddr:1;maimai_dx:1;sdvx:3,allnet;eagate;ziv
ラウンドワンららぽーと湘南平塚店,神奈川県平塚市天沼１０−１３階 ３３２８０番,35.3379406,139.3560477,chunithm;ddr;iidx;maimai_dx;ongeki;other;polaris_chord;popn;sdvx,ddr_gold;iidx_lm;popn_pikapika;sdvx_vm,,allnet;eagate;ziv
ラウンドワンわらび店,埼玉県蕨市北町５−１−６,35.8307831,139.6742333,chunithm;ddr;drs;gitadora;iidx;jubeat;maimai_dx;nostalgia;ongeki;other;polaris_chord;popn;project_diva;sdvx,ddr_gold;gitadora_dm_arena;gitadora_gf_arena;iidx_lm;popn_pikapika;sdvx_vm,,allnet;eagate;ziv
ラウンドワンアリオ柏店,千葉県柏市大島田１丁目６番地１セブンパークアリオ柏　１０７０,35.8323319,140.0119419,chunithm;dance_around;ddr;drs;gitadora;iidx;maimai_dx;ongeki;polaris_chord;popn;sdvx,ddr_gold;gitadora_dm_arena;gitadora_gf_arena;iidx_lm;popn_pikapika;sdvx_vm,,allnet;eagate
ラウンドワンダイバーシティ東京プラザ店,東京都江東区青海1-1-10ダイバーシティ東京プラザ6階61000,35.6256894,139.7763086,chunithm;crossbeats;dance_around;dance_evo;ddr;drs;gitadora;iidx;jubeat;maimai_dx;ongeki;other;polaris_chord;popn;project_diva;sdvx;taiko,ddr_gold;gitadora_dm_arena;gitadora_gf_arena;iidx_lm;popn_pikapika;sdvx_vm,chunithm:4;crossbeats:2;dance_around:3;dance_evo:1;ddr:1;drs:1;gitadora:4;iidx:2;jubeat:2;maimai_dx:2;ongeki:2;polaris_chord:2;popn:3;project_diva:1;sdvx:1;taiko:6,allnet;eagate;ziv
ラウンドワンモレラ岐阜店,岐阜県本巣市三橋１１００,35.4552106,136.6727657,chunithm;dance_around;ddr;drs;gitadora;iidx;jubeat;maimai_dx;nostalgia;ongeki;other;polaris_chord;popn;sdvx,ddr_gold;gitadora_dm_arena;gitadora_gf_arena;iidx_lm;popn_pikapika;sdvx_vm,,allnet;eagate;ziv
ラウンドワンヨロッカ春日井店,愛知県春日井市六軒屋町東丘２２テナント区画番号３０１０,35.2587361,136.9816772,chunithm;ddr;gitadora;iidx;maimai_dx;ongeki;other;polaris_chord;popn;sdvx;taiko,ddr_gold;gitadora_dm_arena;gitadora_gf_arena;iidx_lm;popn_pikapika;sdvx_vm,chunithm:3;ddr:1;gitadora:2;iidx:2;maimai_dx:2;ongeki:2;polaris_chord:2;sdvx:2;taiko:2,allnet;eagate;ziv
ラウンドワン三宮駅前店,兵庫県神戸市中央区小野柄通6-1-17,34.6939326,135.1973748,chunithm;dance_around;ddr;drs;gitadora;iidx;jubeat;maimai_dx;ongeki;other;polaris_chord;popn;sdvx;taiko,ddr_gold;gitadora_dm_arena;gitadora_gf_arena;iidx_lm;popn_pikapika;sdvx_vm,chunithm:8;dance_around:1;ddr:1;drs:2;gitadora:2;iidx:3;jubeat:1;maimai_dx:3;ongeki:6;polaris_chord:4;popn:1;sdvx:4;taiko:3,allnet;eagate;ziv
ラウンドワン上尾店,埼玉県上尾市大字平塚９１７−１,35.9857321,139.6078402,chunithm;dance_around;ddr;drs;gitadora;iidx;maimai_dx;nostalgia;ongeki;other;polaris_chord;popn;sdvx,ddr_gold;gitadora_dm_arena;gitadora_gf_arena;iidx_lm;popn_pikapika;sdvx_vm,,allnet;eagate;ziv
ラウンドワン中川１号線店,愛知県名古屋市中川区法蔵町２−２３,35.1236443,136.8636045,chunithm;dance_around;ddr;drs;gitadora;iidx;jubeat;maimai_dx;ongeki;other;polaris_chord;popn;sdvx;taiko,ddr_gold;gitadora_dm_arena;gitadora_gf_arena;iidx_lm;popn_pikapika;sdvx_vm,chunithm:4;dance_around:2;ddr:1;drs:1;gitadora:2;iidx:2;jubeat:1;maimai_dx:2;ongeki:4;polaris_chord:4;popn:1;sdvx:2;taiko:1,allnet;eagate;ziv
ラウンドワン京都伏見店,京都府京都市伏見区下鳥羽平塚町１３１,34.9359432,135.7463208,chunithm;ddr;gitadora;iidx;maimai_dx;ongeki;other;polaris_chord;popn;sdvx,ddr_gold;gitadora_dm_arena;gitadora_gf_arena;iidx_lm;popn_pikapika;sdvx_vm,,allnet;eagate;ziv
ラウンドワン京都河原町店,京都府京都市中京区河原町通三条下ル山崎町２５０,35.0070244,135.7686902,chunithm;dance_around;ddr;drs;gitadora;iidx;jubeat;maimai_dx;nostalgia;ongeki;other;polaris_chord;popn;project_diva;sdvx;taiko,ddr_gold;gitadora_dm_arena;gitadora_gf_arena;iidx_lm;popn_pikapika;sdvx_vm,chunithm:8;dance_around:1;ddr:2;drs:2;gitadora:4;iidx:5;jubeat:1;maimai_dx:8;nostalgia:1;ongeki:6;polaris_chord:4;popn:5;project_diva:1;sdvx:6;taiko:5,allnet;eagate;ziv
ラウンドワン仙台泉店,宮城県仙台市泉区大沢二丁目１２番４号　１階,38.3520265,140.8795076,chunithm;dance_around;ddr;gitadora;iidx;maimai_dx;ongeki;polaris_chord;popn;sdvx,ddr_gold;gitadora_dm_arena;gitadora_gf_arena;iidx_lm;popn_pikapika;sdvx_vm,,allnet;eagate
ラウンドワン仙台苦竹店,宮城県仙台市宮城野区苦竹１−７−１０,38.2680832,140.9172451,chunithm;dance_around;ddr;gitadora;iidx;jubeat;maimai_dx;nostalgia;ongeki;other;polaris_chord;popn;sdvx,ddr_gold;gitadora_dm_arena;gitadora_gf_arena;iidx_lm;popn_pikapika;sdvx_vm,,allnet;eagate;ziv
ラウンドワン伊丹店,兵庫県伊丹市昆陽７丁目２９,34.7790734,135.3934676,chunithm;ddr;gitadora;iidx;maimai_dx;ongeki;other;polaris_chord;popn;project_diva;sdvx,ddr_gold;gitadora_dm_arena;gitadora_gf_arena;iidx_lm;popn_pikapika;sdvx_vm,,allnet;eagate;ziv
ラウンドワン佐賀店,佐賀県佐賀市兵庫北４−２−１,33.2752276,130.3010551,chunithm;dance_around;ddr;drs;gitadora;iidx;maimai_dx;ongeki;other;polaris_chord;popn;sdvx,ddr_gold;gitadora_dm_arena;gitadora_gf_arena;iidx_lm;popn_pikapika;sdvx_vm,,allnet;eagate;ziv
ラウンドワン入間店,埼玉県入間市小谷田３−７−２５,35.8279801,139.3760089,chunithm;dance_around;ddr;gitadora;iidx;jubeat;maimai_dx;nostalgia;ongeki;other;polaris_chord;popn;sdvx,ddr_gold;gitadora_dm_arena;gitadora_gf_arena;iidx_lm;popn_pikapika;sdvx_vm,,allnet;eagate;ziv
ラウンドワン函館店,北海道函館市西桔梗町８４８−１１,41.8246380,140.7175148,chunithm;dance_around;ddr;gitadora;iidx;maimai_dx;nostalgia;ongeki;other;polaris_chord;popn;sdvx,ddr_gold;gitadora_dm_arena;gitadora_gf_arena;iidx_lm;popn_pikapika;sdvx_vm,,allnet;eagate;ziv
ラウンドワン前橋店,群馬県前橋市天川大島町１１０１−１,36.3687628,139.1052489,chunithm;ddr;drs;gitadora;iidx;maimai_dx;ongeki;other;polaris_chord;popn;sdvx,ddr_gold;gitadora_dm_arena;gitadora_gf_arena;iidx_lm;popn_pikapika;sdvx_vm,,allnet;eagate;ziv
ラウンドワン加古川店,兵庫県加古川市尾上町安田325番6号,34.7470428,134.8369253,chunithm;dance_around;ddr;gitadora;iidx;jubeat;maimai_dx;nostalgia;ongeki;other;polaris_chord;popn;sdvx,ddr_gold;gitadora_dm_arena;gitadora_gf_arena;iidx_lm;popn_pikapika;sdvx_vm,,allnet;eagate;ziv
ラウンドワン千日前店,大阪府大阪市中央区難波１−３−１,34.6675295,135.5027825,beatstream;chunithm;crossbeats;dance_around;ddr;drs;gitadora;iidx;jubeat;maimai_dx;museca;nostalgia;ongeki;other;polaris_chord;popn;project_diva;reflec;sdvx,ddr_gold;gitadora_dm_arena;gitadora_gf_arena;iidx_lm;popn_pikapika;sdvx_vm,beatstream:1;chunithm:8;crossbeats:1;dance_around:1;ddr:5;drs:1;gitadora:4;iidx:7;jubeat:1;maimai_dx:4;museca:1;nostalgia:1;ongeki:4;polaris_chord:2;popn:3;project_diva:2;reflec:5;sdvx:8,allnet;eagate;ziv
ラウンドワン千種店,愛知県名古屋市千種区新栄3-20-17タイホウ千種駅前南ビル1階,35.1680713,136.9280046,chunithm;ddr;drs;gitadora;iidx;jubeat;maimai_dx;ongeki;other;polaris_chord;popn;sdvx;taiko,ddr_gold;gitadora_dm_arena;gitadora_gf_arena;iidx_lm;popn_pikapika;sdvx_vm,chunithm:2;ddr:1;drs:1;gitadora:2;iidx:1;jubeat:2;maimai_dx:1;ongeki:2;polaris_chord:2;popn:2;sdvx:1;taiko:3,allnet;eagate;ziv
ラウンドワン半田店,愛知県半田市瑞穂町６−７−８,34.8853760,136.9413762,chunithm;ddr;gitadora;iidx;maimai_dx;ongeki;polaris_chord;popn;sdvx,ddr_gold;gitadora_dm_arena;gitadora_gf_arena;iidx_lm;popn_pikapika;sdvx_vm,,allnet;eagate
ラウンドワン南砂店,東京都江東区南砂６−７−１５トピレックプラザ４Ｆ,35.6718431,139.8369781,chunithm;dance_around;ddr;drs;gitadora;iidx;jubeat;maimai_dx;nostalgia;ongeki;other;polaris_chord;popn;project_diva;reflec;sdvx;taiko,ddr_gold;gitadora_dm_arena;gitadora_gf_arena;iidx_lm;popn_pikapika;sdvx_vm,ddr:2;gitadora:2;iidx:2;jubeat:2;popn:3;project_diva:2;reflec:3;sdvx:2;taiko:1,allnet;eagate;ziv
ラウンドワン博多半道橋店,福岡県福岡市博多区半道橋２−２−８,33.5840670,130.4383464,chunithm;dance_around;ddr;gitadora;iidx;maimai_dx;ongeki;other;polaris_chord;popn;sdvx,ddr_gold;gitadora_dm_arena;gitadora_gf_arena;iidx_lm;popn_pikapika;sdvx_vm,,allnet;eagate;ziv
ラウンドワン吉祥寺店,東京都武蔵野市吉祥寺本町1-11-22,35.7063020,139.5807799,chunithm;ddr;gitadora;iidx;jubeat;maimai_dx;nostalgia;ongeki;other;polaris_chord;popn;sdvx,ddr_gold;gitadora_dm_arena;gitadora_gf_arena;iidx_lm;popn_pikapika;sdvx_vm,,allnet;eagate;ziv
ラウンドワン名古屋西春店,愛知県北名古屋市宇福寺神明１５,35.2548498,136.8436265,chunithm;ddr;gitadora;iidx;maimai_dx;ongeki;other;polaris_chord;popn;sdvx;taiko,ddr_gold;gitadora_dm_arena;gitadora_gf_arena;iidx_lm;popn_pikapika;sdvx_vm,chunithm:2;ddr:1;gitadora:2;iidx:2;maimai_dx:2;ongeki:2;polaris_chord:4;popn:1;sdvx:2;taiko:1,allnet;eagate;ziv
ラウンドワン和歌山店,和歌山県和歌山市小雑賀７３９−３,34.1984612,135.1859700,chunithm;ddr;gitadora;iidx;maimai_dx;ongeki;other;polaris_chord;popn;sdvx,ddr_gold;gitadora_dm_arena;gitadora_gf_arena;iidx_lm;popn_pikapika;sdvx_vm,,allnet;eagate;ziv
ラウンドワン城東放出店,大阪府大阪市城東区今福南3-4-38,34.6964966,135.5593162,chunithm;ddr;gitadora;iidx;maimai_dx;ongeki;other;polaris_chord;popn;sdvx,ddr_gold;gitadora_dm_arena;gitadora_gf_arena;iidx_lm;popn_pikapika;sdvx_vm,,allnet;eagate;ziv
ラウンドワン堺中央環状店,大阪府堺市東区石原町２−２４１,34.5569759,135.5365126,chunithm;ddr;gitadora;iidx;jubeat;maimai_dx;ongeki;other;polaris_chord;popn;sdvx,ddr_gold;gitadora_dm_arena;gitadora_gf_arena;iidx_lm;popn_pikapika;sdvx_vm,,allnet;eagate;ziv
ラウンドワン堺駅前店,大阪府堺市堺区戎島町4-44-3,34.5834551,135.4684377,chunithm;dance_around;ddr;gitadora;iidx;maimai_dx;ongeki;other;polaris_chord;popn;sdvx,ddr_gold;gitadora_dm_arena;gitadora_gf_arena;iidx_lm;popn_pikapika;sdvx_vm,chunithm:2;ongeki:2,allnet;eagate;ziv
ラウンドワン大分店,大分県大分市萩原２−１３−１７,33.2489675,131.6402343,chunithm;ddr;drs;gitadora;iidx;maimai_dx;ongeki;other;polaris_chord;popn;sdvx,ddr_gold;gitadora_dm_arena;gitadora_gf_arena;iidx_lm;popn_pikapika;sdvx_vm,,allnet;eagate;ziv
ラウンドワン大宮店,埼玉県さいたま市大宮区宮町４−９０−７,35.9108281,139.6254402,chunithm;dance_around;ddr;drs;gitadora;iidx;jubeat;maimai_dx;nostalgia;ongeki;other;polaris_chord;popn;sdvx,ddr_gold;gitadora_dm_arena;gitadora_gf_arena;iidx_lm;popn_pikapika;sdvx_vm,,allnet;eagate;ziv
ラウンドワン大野城店,福岡県大野城市御笠川１−１８−１６,33.5464190,130.4822611,chunithm;dance_around;ddr;drs;gitadora;iidx;jubeat;maimai_dx;nostalgia;ongeki;other;polaris_chord;popn;sdvx,ddr_gold;gitadora_dm_arena;gitadora_gf_arena;iidx_lm;popn_pikapika;sdvx_vm,,allnet;eagate;ziv
ラウンドワン奈良・ミナーラ店,奈良県奈良市二条大路南１−３−１ミ・ナーラ５階,34.6849116,135.8025405,chunithm;dance_around;ddr;gitadora;iidx;maimai_dx;nostalgia;ongeki;other;polaris_chord;popn;sdvx,ddr_gold;gitadora_dm_arena;gitadora_gf_arena;iidx_lm;popn_pikapika;sdvx_vm,,allnet;eagate;ziv
ラウンドワン姫路飾磨店,兵庫県姫路市飾磨区中島１−２５４,34.7923295,134.6870919,chunithm;ddr;gitadora;iidx;maimai_dx;ongeki;other;polaris_chord;popn;sdvx,ddr_gold;gitadora_dm_arena;gitadora_gf_arena;iidx_lm;popn_pikapika;sdvx_vm,,allnet;eagate;ziv
ラウンドワン宇都宮店,栃木県宇都宮市江曽島町２０７２−１,36.5406864,139.8868934,chunithm;ddr;gitadora;iidx;jubeat;maimai_dx;nostalgia;ongeki;other;polaris_chord;popn;sdvx,ddr_gold;gitadora_dm_arena;gitadora_gf_arena;iidx_lm;popn_pikapika;sdvx_vm,,allnet;eagate;ziv
ラウンドワン守口店,大阪府守口市佐太東町２−６−１４ジャガーグリーン２Ｆ,34.7560955,135.5885314,chunithm;dance_around;ddr;drs;gitadora;iidx;jubeat;maimai_dx;nostalgia;ongeki;other;polaris_chord;popn;project_diva;sdvx,ddr_gold;gitadora_dm_arena;gitadora_gf_arena;iidx_lm;popn_pikapika;sdvx_vm,,allnet;eagate;ziv
ラウンドワン宮崎店,宮崎県宮崎市中村東３−４−６０,31.8953441,131.4175947,chunithm;dance_around;ddr;drs;gitadora;iidx;jubeat;maimai_dx;nostalgia;ongeki;other;polaris_chord;popn;sdvx,ddr_gold;gitadora_dm_arena;gitadora_gf_arena;iidx_lm;popn_pikapika;sdvx_vm,,allnet;eagate;ziv
ラウンドワン富士店,静岡県富士市八代町４−１５,35.1531225,138.6938123,chunithm;dance_around;ddr;gitadora;iidx;jubeat;maimai_dx;nostalgia;ongeki;other;polaris_chord;popn;sdvx,ddr_gold;gitadora_dm_arena;gitadora_gf_arena;iidx_lm;popn_pikapika;sdvx_vm,,allnet;eagate;ziv
ラウンドワン小倉店,福岡県北九州市小倉北区西港町15-65,33.8975963,130.8598416,chunithm;ddr;gitadora;iidx;maimai_dx;ongeki;other;polaris_chord;popn;sdvx,ddr_gold;gitadora_dm_arena;gitadora_gf_arena;iidx_lm;popn_pikapika;sdvx_vm,,allnet;eagate;ziv
ラウンドワン岡山妹尾店,岡山県岡山市南区妹尾３４１３−１,34.6230198,133.8695548,chunithm;ddr;drs;gitadora;iidx;maimai_dx;ongeki;other;polaris_chord;popn;sdvx,ddr_gold;gitadora_dm_arena;gitadora_gf_arena;iidx_lm;popn_pikapika;sdvx_vm,,allnet;eagate;ziv
ラウンドワン岸和田店,大阪府岸和田市八阪町２−１１−１,34.4565318,135.3885664,beatstream;chunithm;dance_around;ddr;gitadora;groove_coaster;iidx;jubeat;maimai_dx;nostalgia;ongeki;other;polaris_chord;popn;project_diva;reflec;sdvx;taiko,ddr_gold;gitadora_dm_arena;gitadora_gf_arena;iidx_lm;popn_pikapika;sdvx_vm,beatstream:4;ddr:1;gitadora:2;groove_coaster:2;iidx:1;jubeat:2;popn:1;project_diva:1;reflec:2;sdvx:2;taiko:1,allnet;eagate;ziv
ラウンドワン川崎大師店,神奈川県川崎市川崎区殿町１−５−１,35.5380415,139.7416951,chunithm;dance_around;ddr;drs;gitadora;iidx;maimai_dx;ongeki;other;polaris_chord;popn;sdvx,ddr_gold;gitadora_dm_arena;gitadora_gf_arena;iidx_lm;popn_pikapika;sdvx_vm,,allnet;eagate;ziv
ラウンドワン市原店,千葉県市原市八幡北町３−５−１,35.5474925,140.1233713,chunithm;ddr;drs;gitadora;iidx;jubeat;maimai_dx;nostalgia;ongeki;other;polaris_chord;popn;sdvx,ddr_gold;gitadora_dm_arena;gitadora_gf_arena;iidx_lm;popn_pikapika;sdvx_vm,,allnet;eagate;ziv
ラウンドワン市川鬼高店,千葉県市川市鬼高４−１−３,35.7112207,139.9274795,chunithm;dance_around;ddr;drs;gitadora;iidx;jubeat;maimai_dx;nostalgia;ongeki;other;polaris_chord;popn;project_diva;sdvx,ddr_gold;gitadora_dm_arena;gitadora_gf_arena;iidx_lm;popn_pikapika;sdvx_vm,,allnet;eagate;ziv
ラウンドワン広島店,広島県広島市中区立町３−１１,34.3937013,132.4601039,chunithm;dance_around;ddr;drs;gitadora;iidx;jubeat;maimai_dx;nostalgia;ongeki;other;polaris_chord;popn;project_diva;reflec;sdvx;taiko,ddr_gold;gitadora_dm_arena;gitadora_gf_arena;iidx_lm;popn_pikapika;sdvx_vm,ddr:1;gitadora:2;iidx:2;jubeat:4;popn:4;project_diva:3;reflec:4;sdvx:3;taiko:2,allnet;eagate;ziv
ラウンドワン府中本町駅前,東京都府中市本町１−１３−３カネタビル,35.6672709,139.4774004,chunithm;dance_around;ddr;drs;gitadora;groove_coaster;iidx;jubeat;maimai_dx;nostalgia;ongeki;other;polaris_chord;popn;project_diva;reflec;sdvx;taiko,ddr_gold;gitadora_dm_arena;gitadora_gf_arena;iidx_lm;popn_pikapika;sdvx_vm,ddr:1;gitadora:4;groove_coaster:2;iidx:2;jubeat:4;popn:4;project_diva:2;reflec:4;sdvx:4;taiko:1,allnet;eagate;ziv
ラウンドワン徳島・万代店,徳島県徳島市万代町４−１９−１,34.0647908,134.5646739,chunithm;ddr;gitadora;iidx;maimai_dx;ongeki;other;polaris_chord;popn;sdvx,ddr_gold;gitadora_dm_arena;gitadora_gf_arena;iidx_lm;popn_pikapika;sdvx_vm,,allnet;eagate;ziv
ラウンドワン所沢店,埼玉県所沢市東町５丁目２２　６階,35.7888614,139.4695620,chunithm;dance_around;ddr;gitadora;iidx;jubeat;maimai_dx;ongeki;other;polaris_chord;popn;sdvx,ddr_gold;gitadora_dm_arena;gitadora_gf_arena;iidx_lm;popn_pikapika;sdvx_vm,,allnet;eagate;ziv
ラウンドワン新潟店,新潟県新潟市中央区美咲町２−１−３８,37.8881096,139.0176867,chunithm;dance_around;ddr;gitadora;iidx;jubeat;maimai_dx;nostalgia;ongeki;other;polaris_chord;popn;sdvx,ddr_gold;gitadora_dm_arena;gitadora_gf_arena;iidx_lm;popn_pikapika;sdvx_vm,,allnet;eagate;ziv
ラウンドワン旭川店,北海道旭川市永山三条１−４−７,43.7863735,142.3974371,chunithm;dance_around;ddr;drs;gitadora;iidx;jubeat;maimai_dx;ongeki;polaris_chord;popn;reflec;sdvx,ddr_gold;gitadora_dm_arena;gitadora_gf_arena;iidx_lm;popn_pikapika;sdvx_vm,,allnet;eagate;ziv
ラウンドワン朝霞店,埼玉県朝霞市膝折町２−１６−１０,35.7902754,139.5796457,chunithm;dance_evo;ddr;gitadora;iidx;maimai_dx;ongeki;polaris_chord;popn;sdvx,ddr_gold;gitadora_dm_arena;gitadora_gf_arena;iidx_lm;popn_pikapika;sdvx_vm,,allnet;eagate;ziv
ラウンドワン札幌すすきの店,北海道札幌市中央区南五条西3-6-1,43.0545356,141.3545240,chunithm;dance_around;ddr;drs;gitadora;iidx;jubeat;maimai_dx;nostalgia;ongeki;other;polaris_chord;popn;project_diva;sdvx;taiko,ddr_gold;gitadora_dm_arena;gitadora_gf_arena;iidx_lm;popn_pikapika;sdvx_vm,chunithm:10;dance_around:2;ddr:3;drs:2;gitadora:4;iidx:9;jubeat:3;maimai_dx:4;ongeki:6;polaris_chord:8;popn:4;project_diva:1;sdvx:8;taiko:4,allnet;eagate;ziv
ラウンドワン札幌北２１条店,北海道札幌市東区北二十一条東１−１−２１,43.0867627,141.3497046,chunithm;dance_around;ddr;drs;gitadora;iidx;maimai_dx;nostalgia;ongeki;other;polaris_chord;popn;project_diva;sdvx;taiko,ddr_gold;gitadora_dm_arena;gitadora_gf_arena;iidx_lm;popn_pikapika;sdvx_vm,,allnet;eagate;ziv
ラウンドワン札幌白石本通店,北海道札幌市白石区本通１６丁目北１−５０,43.0367922,141.4328781,chunithm;ddr;gitadora;iidx;maimai_dx;ongeki;other;polaris_chord;popn;sdvx,ddr_gold;gitadora_dm_arena;gitadora_gf_arena;iidx_lm;popn_pikapika;sdvx_vm,,allnet;eagate;ziv
ラウンドワン東大阪店,大阪府東大阪市若江南町１−２−１２,34.6530441,135.6063264,chunithm;ddr;gitadora;iidx;jubeat;maimai_dx;ongeki;other;polaris_chord;popn;sdvx,ddr_gold;gitadora_dm_arena;gitadora_gf_arena;iidx_lm;popn_pikapika;sdvx_vm,,allnet;eagate;ziv
ラウンドワン東淀川店,大阪府大阪市東淀川区菅原７−１４−２８,34.7427577,135.5250375,chunithm;dance_around;ddr;gitadora;iidx;jubeat;maimai_dx;nostalgia;ongeki;other;polaris_chord;popn;sdvx,ddr_gold;gitadora_dm_arena;gitadora_gf_arena;iidx_lm;popn_pikapika;sdvx_vm,,allnet;eagate;ziv
ラウンドワン松山店,愛媛県松山市東長戸１−３−１０,33.8665121,132.7515765,chunithm;ddr;gitadora;iidx;maimai_dx;ongeki;other;polaris_chord;popn;sdvx,ddr_gold;gitadora_dm_arena;gitadora_gf_arena;iidx_lm;popn_pikapika;sdvx_vm,,allnet;eagate;ziv
ラウンドワン板橋店,東京都板橋区相生町１６−１３,35.7766273,139.6786153,chunithm;dance_around;ddr;drs;gitadora;iidx;jubeat;maimai_dx;ongeki;other;polaris_chord;popn;sdvx,ddr_gold;gitadora_dm_arena;gitadora_gf_arena;iidx_lm;popn_pikapika;sdvx_vm,,allnet;eagate;ziv
ラウンドワン梅田店,大阪府大阪市北区小松原町４−１６,34.7030460,135.5010682,beatstream;chunithm;dance_around;ddr;drs;gitadora;groove_coaster;iidx;jubeat;maimai_dx;nostalgia;ongeki;other;polaris_chord;popn;project_diva;reflec;sdvx;taiko,ddr_gold;gitadora_dm_arena;gitadora_gf_arena;iidx_lm;popn_pikapika;sdvx_vm,beatstream:8;dance_around:2;ddr:3;gitadora:6;groove_coaster:4;iidx:5;jubeat:2;popn:2;project_diva:4;reflec:8;sdvx:7;taiko:5,allnet;eagate;ziv
ラウンドワン横浜綱島店,神奈川県横浜市港北区樽町２−６−４０Ｔ-PLATZ内,35.5319981,139.6371792,chunithm;ddr;gitadora;iidx;maimai_dx;ongeki;other;polaris_chord;popn;sdvx,ddr_gold;gitadora_dm_arena;gitadora_gf_arena;iidx_lm;popn_pikapika;sdvx_vm,,allnet;eagate;ziv
ラウンドワン横浜駅西口店,神奈川県横浜市西区南幸２−８−１６,35.4639294,139.6179961,chunithm;dance_around;ddr;drs;gitadora;groove_coaster;iidx;jubeat;maimai_dx;nostalgia;ongeki;other;polaris_chord;popn;project_diva;sdvx;taiko,ddr_gold;gitadora_dm_arena;gitadora_gf_arena;iidx_lm;popn_pikapika;sdvx_vm,chunithm:8;dance_around:5;ddr:3;drs:2;gitadora:2;groove_coaster:2;iidx:6;jubeat:2;maimai_dx:6;nostalgia:2;ongeki:8;popn:3;project_diva:1;sdvx:8;taiko:4,allnet;eagate;ziv
ラウンドワン武蔵村山店,東京都武蔵村山市伊奈平３−１−１,35.7353291,139.3823619,chunithm;dance_around;ddr;drs;gitadora;iidx;maimai_dx;ongeki;other;polaris_chord;popn;sdvx,ddr_gold;gitadora_dm_arena;gitadora_gf_arena;iidx_lm;popn_pikapika;sdvx_vm,,allnet;eagate;ziv
ラウンドワン池袋店,東京都豊島区東池袋１−１４−１,35.7301352,139.7152049,chunithm;dance_around;ddr;drs;gitadora;iidx;jubeat;maimai_dx;nostalgia;ongeki;other;polaris_chord;popn;project_diva;sdvx;taiko,ddr_gold;gitadora_dm_arena;gitadora_gf_arena;iidx_lm;popn_pikapika;sdvx_vm,chunithm:16;dance_around:2;ddr:3;drs:2;gitadora:4;iidx:11;jubeat:1;maimai_dx:6;nostalgia:1;ongeki:4;polaris_chord:2;popn:7;project_diva:1;sdvx:11;taiko:4,allnet;eagate;ziv
ラウンドワン沖縄・南風原店,沖縄県島尻郡南風原町字兼城５５２番地,26.1951082,127.7209626,chunithm;ddr;drs;gitadora;groove_coaster;iidx;jubeat;maimai_dx;nostalgia;ongeki;other;polaris_chord;popn;project_diva;sdvx;wacca,ddr_gold;gitadora_dm_arena;gitadora_gf_arena;iidx_lm;popn_pikapika;sdvx_vm,,allnet;eagate;ziv
ラウンドワン沖縄・宜野湾店,沖縄県宜野湾市真志喜３−２８−８,26.2758542,127.7310091,chunithm;ddr;drs;gitadora;groove_coaster;iidx;jubeat;maimai_dx;nostalgia;ongeki;other;polaris_chord;popn;project_diva;sdvx;taiko;wacca,ddr_gold;gitadora_dm_arena;gitadora_gf_arena;iidx_lm;popn_pikapika;sdvx_vm,,allnet;eagate;ziv
ラウンドワン津・高茶屋店,三重県津市高茶屋小森町２７７−８,34.6724656,136.5194702,chunithm;dance_around;ddr;gitadora;iidx;maimai_dx;ongeki;other;polaris_chord;popn;sdvx;taiko,ddr_gold;gitadora_dm_arena;gitadora_gf_arena;iidx_lm;popn_pikapika;sdvx_vm,chunithm:2;dance_around:1;ddr:1;gitadora:2;iidx:1;maimai_dx:2;ongeki:2;polaris_chord:2;popn:2;sdvx:2;taiko:2,allnet;eagate;ziv
ラウンドワン浜大津アーカス店,滋賀県大津市浜町２−１浜大津アーカス内,35.0108080,135.8666001,chunithm;ddr;gitadora;iidx;maimai_dx;ongeki;other;polaris_chord;popn;sdvx,ddr_gold;gitadora_dm_arena;gitadora_gf_arena;iidx_lm;popn_pikapika;sdvx_vm,,allnet;eagate;ziv
ラウンドワン浜松店,静岡県浜松市中央区天王町諏訪１９８１−１７,34.7379036,137.7641716,chunithm;dance_around;ddr;drs;gitadora;iidx;maimai_dx;ongeki;other;polaris_chord;popn;sdvx,ddr_gold;gitadora_dm_arena;gitadora_gf_arena;iidx_lm;popn_pikapika;sdvx_vm,,allnet;eagate;ziv
ラウンドワン熊本店,熊本県熊本市西区春日7-25-15,32.7850486,130.6775472,chunithm;dance_around;ddr;drs;gitadora;iidx;maimai_dx;nostalgia;ongeki;other;polaris_chord;popn;sdvx,ddr_gold;gitadora_dm_arena;gitadora_gf_arena;iidx_lm;popn_pikapika;sdvx_vm,,allnet;eagate;ziv
ラウンドワン町田店,東京都町田市森野１−１３−１４,35.5439665,139.4432308,chunithm;ddr;gitadora;iidx;jubeat;maimai_dx;ongeki;other;polaris_chord;popn;project_diva;sdvx,ddr_gold;gitadora_dm_arena;gitadora_gf_arena;iidx_lm;popn_pikapika;sdvx_vm,,allnet;eagate;ziv
ラウンドワン盛岡店,岩手県盛岡市盛岡駅西通２−１０−３５,39.7003942,141.1331774,chunithm;ddr;gitadora;iidx;maimai_dx;nostalgia;ongeki;other;polaris_chord;popn;sdvx,ddr_gold;gitadora_dm_arena;gitadora_gf_arena;iidx_lm;popn_pikapika;sdvx_vm,,allnet;eagate;ziv
ラウンドワン福山店,広島県福山市明神町１−９−２８,34.4892062,133.3924382,chunithm;dance_around;ddr;drs;gitadora;iidx;maimai_dx;ongeki;polaris_chord;popn;sdvx,ddr_gold;gitadora_dm_arena;gitadora_gf_arena;iidx_lm;popn_pikapika;sdvx_vm,,allnet;eagate;ziv
ラウンドワン福岡天神店,福岡県福岡市中央区天神２−６−１２,33.5894630,130.3967853,chunithm;dance_around;ddr;drs;gitadora;iidx;jubeat;maimai_dx;ongeki;polaris_chord;popn;sdvx,ddr_gold;gitadora_dm_arena;gitadora_gf_arena;iidx_lm;popn_pikapika;sdvx_vm,chunithm:1;dance_around:2;ddr:3;drs:3;gitadora:4;iidx:1;maimai_dx:1;polaris_chord:1;sdvx:1,allnet;eagate;ziv
ラウンドワン福島店,福島県福島市太田町14-18,37.7525491,140.4561307,chunithm;ddr;gitadora;iidx;jubeat;maimai_dx;nostalgia;ongeki;other;polaris_chord;popn;sdvx,ddr_gold;gitadora_dm_arena;gitadora_gf_arena;iidx_lm;popn_pikapika;sdvx_vm,,allnet;eagate;ziv
ラウンドワン秋田店,秋田県秋田市卸町１−１−２,39.7020319,140.1094121,chunithm;ddr;gitadora;iidx;jubeat;maimai_dx;nostalgia;ongeki;other;polaris_chord;popn;sdvx,ddr_gold;gitadora_dm_arena;gitadora_gf_arena;iidx_lm;popn_pikapika;sdvx_vm,,allnet;eagate;ziv
ラウンドワン習志野店,千葉県習志野市芝園１−４−５,35.6602102,140.0226100,chunithm;ddr;drs;gitadora;iidx;maimai_dx;nostalgia;ongeki;other;polaris_chord;popn;sdvx,ddr_gold;gitadora_dm_arena;gitadora_gf_arena;iidx_lm;popn_pikapika;sdvx_vm,,allnet;eagate;ziv
ラウンドワン草加店,埼玉県草加市谷塚上町２０４番１,35.8124211,139.7879027,chunithm;ddr;gitadora;iidx;maimai_dx;ongeki;other;polaris_chord;popn;sdvx,ddr_gold;gitadora_dm_arena;gitadora_gf_arena;iidx_lm;popn_pikapika;sdvx_vm,,allnet;eagate;ziv
ラウンドワン豊中店,大阪府豊中市名神口１−１−１,34.7574026,135.4656578,chunithm;ddr;gitadora;iidx;maimai_dx;ongeki;other;polaris_chord;popn;sdvx,ddr_gold;gitadora_dm_arena;gitadora_gf_arena;iidx_lm;popn_pikapika;sdvx_vm,,allnet;eagate;ziv
ラウンドワン豊橋店,愛知県豊橋市大岩町字岩田２７−２,34.7237006,137.4326113,chunithm;dance_around;ddr;gitadora;iidx;maimai_dx;ongeki;other;polaris_chord;popn;sdvx,ddr_gold;gitadora_dm_arena;gitadora_gf_arena;iidx_lm;popn_pikapika;sdvx_vm,,allnet;eagate;ziv
ラウンドワン郡山店,福島県郡山市向河原町４−５５,37.4023215,140.3956360,chunithm;ddr;gitadora;iidx;maimai_dx;nostalgia;ongeki;other;polaris_chord;popn;sdvx,ddr_gold;gitadora_dm_arena;gitadora_gf_arena;iidx_lm;popn_pikapika;sdvx_vm,,allnet;eagate;ziv
ラウンドワン金沢店,石川県金沢市横川6-120-1,36.5420630,136.6259888,chunithm;dance_around;ddr;drs;gitadora;iidx;jubeat;maimai_dx;nostalgia;ongeki;polaris_chord;popn;sdvx,ddr_gold;gitadora_dm_arena;gitadora_gf_arena;iidx_lm;popn_pikapika;sdvx_vm,dance_around:2;ddr:1;drs:2,allnet;eagate;ziv
ラウンドワン長野店,長野県長野市大字東和田８２７番地６,36.6511151,138.2254058,chunithm;dance_around;ddr;gitadora;iidx;jubeat;maimai_dx;nostalgia;ongeki;other;polaris_chord;popn;sdvx,ddr_gold;gitadora_dm_arena;gitadora_gf_arena;iidx_lm;popn_pikapika;sdvx_vm,,allnet;eagate;ziv
ラウンドワン青森店,青森県青森市浜田３−１−１,40.7986939,140.7484106,chunithm;dance_around;ddr;drs;gitadora;iidx;jubeat;maimai_dx;nostalgia;ongeki;other;polaris_chord;popn;sdvx;taiko,ddr_gold;gitadora_dm_arena;gitadora_gf_arena;iidx_lm;popn_pikapika;sdvx_vm,chunithm:4;dance_around:1;ddr:1;drs:1;gitadora:2;jubeat:2;maimai_dx:3;ongeki:4;polaris_chord:4;popn:1;sdvx:2;taiko:2,allnet;eagate;ziv
ラウンドワン静岡・駿河店,静岡県静岡市駿河区向手越１丁目１０−１,34.9509793,138.3605224,chunithm;dance_around;ddr;gitadora;iidx;maimai_dx;ongeki;other;polaris_chord;popn;sdvx,ddr_gold;gitadora_dm_arena;gitadora_gf_arena;iidx_lm;popn_pikapika;sdvx_vm,,allnet;eagate;ziv
ラウンドワン高松店,香川県高松市松島町２−７−４３,34.3389079,134.0670672,chunithm;dance_around;ddr;drs;gitadora;iidx;maimai_dx;ongeki;other;polaris_chord;popn;sdvx,ddr_gold;gitadora_dm_arena;gitadora_gf_arena;iidx_lm;popn_pikapika;sdvx_vm,,allnet;eagate;ziv
ラウンドワン高槻店,大阪府高槻市辻子３−６−４,34.8326157,135.6300541,chunithm;dance_around;ddr;gitadora;iidx;maimai_dx;ongeki;polaris_chord;popn;sdvx,ddr_gold;gitadora_dm_arena;gitadora_gf_arena;iidx_lm;popn_pikapika;sdvx_vm,,allnet;eagate
ラウンドワン高知店,高知県高知市南宝永町４−１２,33.5578349,133.5543516,chunithm;dance_around;ddr;drs;gitadora;iidx;jubeat;maimai_dx;nostalgia;ongeki;other;polaris_chord;popn;project_diva;sdvx,ddr_gold;gitadora_dm_arena;gitadora_gf_arena;iidx_lm;popn_pikapika;sdvx_vm,,allnet;eagate;ziv
ラウンドワン鳴海店,愛知県名古屋市緑区鳴海町杜若２８,35.0989113,136.9527377,chunithm;dance_around;drs;gitadora;iidx;jubeat;maimai_dx;ongeki;other;polaris_chord;popn;sdvx;taiko,gitadora_dm_arena;gitadora_gf_arena;iidx_lm;popn_pikapika;sdvx_vm,,allnet;eagate;ziv
ラウンドワン鹿児島宇宿店,鹿児島県鹿児島市宇宿2-2-2,31.5447366,130.5434185,chunithm;dance_around;ddr;drs;gitadora;iidx;jubeat;maimai_dx;nostalgia;ongeki;other;polaris_chord;popn;project_diva;sdvx,ddr_gold;gitadora_dm_arena;gitadora_gf_arena;iidx_lm;popn_pikapika;sdvx_vm,,allnet;eagate;ziv
ラウンドワンＪＲ尼崎駅前店,兵庫県尼崎市潮江１−４−５プラストいきいき館４階,34.7334158,135.4329719,chunithm;iidx;maimai_dx;ongeki;other;popn;sdvx,iidx_lm;popn_pikapika;sdvx_vm,,allnet;eagate;ziv
ラッキーバッティングドーム八千代店,千葉県八千代市大和田新田1088,35.7245286,140.0673411,chunithm;drs;gitadora;iidx;jubeat;maimai_dx;nostalgia;ongeki;polaris_chord;popn;sdvx,gitadora_dm_arena;gitadora_gf_arena;iidx_lm;popn_pikapika;sdvx_vm,,allnet;eagate
ラッキー中央店・フェリシダ,千葉県千葉市中央区富士見2-8-1,35.6102534,140.1182646,chunithm;ddr;drs;gitadora;iidx;jubeat;maimai_dx;nostalgia;ongeki;polaris_chord;popn;project_diva;pump_it_up;reflec;sdvx,ddr_gold;gitadora_dm_arena;gitadora_gf_arena;iidx_lm;popn_pikapika;sdvx_vm,,allnet;eagate;ziv
ラッキー佐倉店,千葉県佐倉市井野1475,35.7184529,140.1362184,chunithm;gitadora;iidx;maimai_dx;nostalgia;ongeki;polaris_chord;popn;sdvx,gitadora_dm_arena;gitadora_gf_arena;iidx_lm;popn_pikapika;sdvx_vm,,allnet;eagate
上越レジャーランボウル,新潟県上越市下門前薬島827-2,37.1641021,138.2489784,chunithm;ddr;iidx;maimai_dx;ongeki;other;sdvx,ddr_gold;iidx_lm;sdvx_vm,,allnet;eagate;ziv
世田谷オークラボウル,東京都世田谷区桜３−２４−１,35.6405200,139.6386376,chunithm;iidx;maimai_dx;ongeki,,,allnet;eagate
八街ヤングボウル,千葉県八街市八街ほ-380番地11,35.6520813,140.3195367,chunithm;jubeat;maimai_dx;ongeki,,,allnet;eagate
千葉レジャーランド成東店,千葉県山武市姫島111-1,35.5884397,140.3901993,chunithm;ddr;iidx;jubeat;maimai_dx;ongeki;other;polaris_chord;popn;sdvx,ddr_gold;iidx_lm;popn_pikapika;sdvx_vm,,allnet;eagate;ziv
千葉レジャーランド野田店,千葉県野田市吉春776-1,35.9715710,139.8653064,chunithm;ddr;gitadora;iidx;jubeat;maimai_dx;nostalgia;ongeki;other;polaris_chord;popn;project_diva;sdvx,ddr_gold;gitadora_dm_arena;gitadora_gf_arena;iidx_lm;popn_pikapika;sdvx_vm,,allnet;eagate;ziv
半田メトロポリス,愛知県半田市旭町３−１１−１,34.8746637,136.9216480,chunithm;gitadora;iidx;maimai_dx;nostalgia;ongeki;other;polaris_chord;popn;project_diva;sdvx;taiko,gitadora_dm_arena;gitadora_gf_arena;iidx_lm;sdvx_vm,chunithm:3;gitadora:4;iidx:3;maimai_dx:2;nostalgia:1;ongeki:3;polaris_chord:1;popn:1;project_diva:1;sdvx:3;taiko:3,allnet;eagate;ziv
名古屋レジャーランド内田橋店,愛知県名古屋市南区内田橋2-26-22,35.1137608,136.9098442,chunithm;ddr;gitadora;iidx;jubeat;maimai_dx;nostalgia;ongeki;other;polaris_chord;popn;project_diva;sdvx;taiko,ddr_gold;gitadora_dm_arena;gitadora_gf_arena;iidx_lm;popn_pikapika;sdvx_vm,chunithm:4;ddr:2;gitadora:4;iidx:4;jubeat:1;maimai_dx:2;nostalgia:1;ongeki:4;polaris_chord:4;popn:1;project_diva:1;sdvx:4;taiko:4,allnet;eagate;ziv
埼玉レジャーランド大宮ラクーン店,埼玉県さいたま市大宮区宮町1-60 RAKUUN５階,35.9077510,139.6256804,chunithm;ddr;gitadora;iidx;maimai_dx;ongeki;other;polaris_chord;popn;sdvx;taiko,ddr_gold;gitadora_dm_arena;gitadora_gf_arena;iidx_lm;popn_pikapika;sdvx_vm,,allnet;eagate;ziv
埼玉レジャーランド大宮駅東口店,埼玉県さいたま市大宮区宮町1-8大宮セントラルビルB1F-2F,35.9079906,139.6245492,chunithm;ddr;gitadora;iidx;maimai_dx;ongeki;polaris_chord;popn;sdvx,ddr_gold;gitadora_dm_arena;gitadora_gf_arena;iidx_lm;popn_pikapika;sdvx_vm,,allnet;eagate
埼玉レジャーランド春日部店,埼玉県春日部市大字増富字谷際163-1,35.9593592,139.7292399,chunithm;ddr;gitadora;iidx;jubeat;maimai_dx;ongeki;other;polaris_chord;popn;sdvx,ddr_gold;gitadora_dm_arena;gitadora_gf_arena;iidx_lm;popn_pikapika;sdvx_vm,,allnet;eagate;ziv
大垣メトロポリス,岐阜県大垣市三塚町西沼５２３−１,35.3670652,136.6292333,chunithm;iidx;maimai_dx;nostalgia;ongeki;other;polaris_chord;sdvx,iidx_lm;sdvx_vm,,allnet;eagate;ziv
大田原スポーツランド,栃木県那須塩原市一区町１０４−６０,36.8519301,139.9933560,chunithm;gitadora;iidx;jubeat;maimai_dx;ongeki;other;popn;project_diva,iidx_lm,,allnet;eagate;ziv
宇土パスカワールド,熊本県宇土市善道寺町綾織９５,32.6834753,130.6681987,chunithm;gitadora;iidx;maimai_dx;ongeki;other;popn;sdvx,gitadora_dm_arena;gitadora_gf_arena;iidx_lm;popn_pikapika;sdvx_vm,,allnet;eagate;ziv
安城メトロポリス,愛知県安城市浜富町６−８,34.9551953,137.0973455,chunithm;ddr;gitadora;iidx;maimai_dx;ongeki;other;polaris_chord;popn;sdvx,ddr_gold;gitadora_dm_arena;gitadora_gf_arena;iidx_lm;popn_pikapika;sdvx_vm,,allnet;eagate;ziv
宮西スタジアム２,愛媛県松山市宮西二丁目４の４１,33.8485225,132.7514682,chunithm;gitadora;jubeat;maimai_dx;nostalgia;ongeki;other;popn,,,allnet;eagate;ziv
岐阜レジャーランド穂積店,岐阜県瑞穂市稲里630番地,35.3843322,136.6846639,chunithm;ddr;drs;gitadora;iidx;jubeat;maimai_dx;ongeki;other;polaris_chord;popn;project_diva;sdvx,ddr_gold;gitadora_dm_arena;gitadora_gf_arena;iidx_lm;popn_pikapika;sdvx_vm,,allnet;eagate;ziv
嶺宝スポーツセンター,福島県いわき市小名浜住吉折返２−２,36.9742495,140.8905580,chunithm;drs;gitadora;iidx;jubeat;maimai_dx;nostalgia;ongeki;other;popn;sdvx,gitadora_dm_arena;gitadora_gf_arena;iidx_lm;popn_pikapika;sdvx_vm,,allnet;eagate;ziv
彦根パスカ,滋賀県彦根市西沼波町１６６,35.2586299,136.2654728,chunithm;gitadora;iidx;jubeat;maimai_dx;nostalgia;ongeki;other;popn;sdvx,iidx_lm;sdvx_vm,,allnet;eagate;ziv
新宿スポーツランド本館,東京都新宿区新宿3-22-12,35.6931260,139.7018295,chunithm;gitadora;iidx;maimai_dx;ongeki;other;polaris_chord;popn;project_diva;sdvx,gitadora_dm_arena;gitadora_gf_arena;iidx_lm;popn_pikapika;sdvx_vm,,allnet;eagate;ziv
最後の５ドル,福岡県糟屋郡粕屋町大字仲原2706仲原ファミリープラザ2F,33.6091366,130.4453675,chunithm;gitadora;iidx;jubeat;maimai_dx;ongeki;other;sdvx,gitadora_dm_arena;gitadora_gf_arena;iidx_lm;sdvx_vm,,allnet;eagate;ziv
東京レジャーランド亀有店,東京都葛飾区亀有3-21-2,35.7654165,139.8480115,chunithm;ddr;gitadora;iidx;maimai_dx;ongeki;popn;sdvx,ddr_gold;gitadora_dm_arena;gitadora_gf_arena;iidx_lm;popn_pikapika;sdvx_vm,chunithm:4;iidx:2;maimai_dx:2;ongeki:2;sdvx:2,allnet;eagate;ziv
東京レジャーランド吉祥寺店,東京都武蔵野市吉祥寺本町1-3-7　YSビル地下１階〜4階,35.7035980,139.5787046,chunithm;ddr;gitadora;iidx;maimai_dx;ongeki;other;popn;sdvx,ddr_gold;gitadora_dm_arena;gitadora_gf_arena;iidx_lm;popn_pikapika;sdvx_vm,,allnet;eagate;ziv
東京レジャーランド池袋店,東京都豊島区東池袋１−２９−１サントロペ池袋２階３階,35.7304887,139.7164445,chunithm;ddr;gitadora;iidx;jubeat;maimai_dx;nostalgia;ongeki;other;polaris_chord;popn;project_diva;sdvx;taiko,ddr_gold;gitadora_dm_arena;gitadora_gf_arena;iidx_lm;popn_pikapika;sdvx_vm,chunithm:10;ddr:5;gitadora:2;iidx:7;jubeat:1;maimai_dx:4;nostalgia:1;ongeki:4;popn:4;project_diva:1;sdvx:8;taiko:8,allnet;eagate;ziv
東京レジャーランド秋葉原2号店,東京都千代田区外神田4-3-3ミナミビル6F・7F,35.7008302,139.7718494,chunithm;ddr;gitadora;iidx;jubeat;maimai_dx;ongeki;other;polaris_chord;popn;sdvx;taiko,ddr_gold;gitadora_dm_arena;gitadora_gf_arena;iidx_lm;popn_pikapika;sdvx_vm,chunithm:4;ddr:7;gitadora:2;iidx:6;jubeat:3;maimai_dx:3;ongeki:4;polaris_chord:2;popn:2;sdvx:8;taiko:3,allnet;eagate;ziv
東京レジャーランド秋葉原店,東京都千代田区外神田1-9-5,35.6987469,139.7701470,chunithm;ddr;gitadora;iidx;maimai_dx;ongeki;other;polaris_chord;popn;project_diva;sdvx;taiko,ddr_gold;gitadora_dm_arena;gitadora_gf_arena;iidx_lm;popn_pikapika;sdvx_vm,chunithm:8;ddr:4;gitadora:2;iidx:12;maimai_dx:2;ongeki:5;polaris_chord:4;popn:4;project_diva:1;sdvx:8;taiko:3,allnet;eagate;ziv
東武イーストモールアミューズメントランド,北海道北見市端野町３区５７２番地１,43.8414261,143.9286964,chunithm;gitadora;iidx;maimai_dx;ongeki;sdvx,gitadora_dm_arena;gitadora_gf_arena;iidx_lm;sdvx_vm,,allnet;eagate
楽市楽座イオンモール四條畷店,大阪府四條畷市砂4-3-2イオンモール四條畷店3F,34.7463611,135.6292494,chunithm;maimai_dx;ongeki,,,allnet
楽市楽座イオンモール扶桑店,愛知県丹羽郡扶桑町南山名高塚5番地イオンモール扶桑2階,35.3612155,136.9005082,chunithm;ddr;iidx;maimai_dx;nostalgia;ongeki;popn,ddr_gold;iidx_lm,,allnet;eagate
楽市楽座イオンモール沖縄ライカム店,沖縄県中頭郡北中城村字沖縄ﾗｲｶﾑ1ｲｵﾝﾓｰﾙ沖縄ﾗｲｶﾑ4階,26.3142859,127.7964644,chunithm;groove_coaster;iidx;maimai_dx;ongeki;sdvx;taiko,sdvx_vm,,allnet;eagate;ziv
楽市楽座イオンモール福岡伊都店,福岡県福岡市西区北原1-3-1イオンモール福岡伊都SC別館,33.5770481,130.2564028,chunithm;ddr;drs;gitadora;iidx;jubeat;maimai_dx;nostalgia;ongeki;other;polaris_chord;popn;sdvx,ddr_gold;gitadora_dm_arena;gitadora_gf_arena;iidx_lm;popn_pikapika;sdvx_vm,,allnet;eagate;ziv
楽市楽座サンストリート浜北店,静岡県浜松市浜名区平口２８６１サンストリート浜北,34.7957494,137.7611092,chunithm;ddr;drs;gitadora;iidx;jubeat;maimai_dx;ongeki;popn;project_diva;sdvx,ddr_gold;gitadora_dm_arena;gitadora_gf_arena;iidx_lm;popn_pikapika;sdvx_vm,,allnet;eagate
楽市楽座黒崎店,福岡県北九州市八幡西区桜ヶ丘町１−３フレスポ黒崎２階,33.8656842,130.7560629,chunithm;ddr;drs;gitadora;iidx;jubeat;maimai_dx;nostalgia;ongeki;other;popn;project_diva;sdvx,ddr_gold;gitadora_dm_arena;gitadora_gf_arena;iidx_lm;popn_pikapika;sdvx_vm,,allnet;eagate;ziv
楽市街道箱崎店,福岡県福岡市東区箱崎５丁目１番８号,33.6242624,130.4196214,chunithm;dance_evo;ddr;gitadora;iidx;jubeat;maimai_dx;nostalgia;ongeki;other;popn;project_diva;sdvx,ddr_gold;gitadora_dm_arena;gitadora_gf_arena;iidx_lm;popn_pikapika;sdvx_vm,,allnet;eagate;ziv
滋賀レジャーランド大津店,滋賀県大津市におの浜３−１−４３　イオンタウンアヤハプラザ内,35.0039335,135.8834052,chunithm;ddr;iidx;maimai_dx;ongeki;other;popn;project_diva;sdvx,ddr_gold;iidx_lm;sdvx_vm,,allnet;eagate;ziv
神奈川レジャーランド厚木店,神奈川県厚木市戸室5-31-1,35.4481120,139.3431770,chunithm;dance_evo;ddr;drs;gitadora;iidx;jubeat;maimai_dx;nostalgia;ongeki;other;polaris_chord;popn;project_diva;reflec;sdvx,ddr_gold;gitadora_dm_arena;gitadora_gf_arena;iidx_lm;popn_pikapika;sdvx_vm,,allnet;eagate;ziv
福井レジャーランド板垣店,福井県福井市下馬３−１０２,36.0423089,136.2337626,chunithm;ddr;gitadora;iidx;jubeat;maimai_dx;ongeki;other;polaris_chord;popn;sdvx,ddr_gold;gitadora_dm_arena;gitadora_gf_arena;iidx_lm;popn_pikapika;sdvx_vm,,allnet;eagate;ziv
群馬レジャーランド伊勢崎店,群馬県伊勢崎市連取町3066-1,36.3182128,139.1723709,chunithm;ddr;gitadora;iidx;jubeat;maimai_dx;ongeki;other;polaris_chord;popn;sdvx,ddr_gold;gitadora_dm_arena;gitadora_gf_arena;iidx_lm;popn_pikapika;sdvx_vm,,allnet;eagate;ziv
群馬レジャーランド前橋店,群馬県前橋市日吉町４ー３７ー１,36.4049826,139.0794233,chunithm;ddr;gitadora;iidx;maimai_dx;ongeki;polaris_chord;popn;sdvx,ddr_gold;gitadora_dm_arena;gitadora_gf_arena;iidx_lm;popn_pikapika;sdvx_vm,,allnet;eagate
群馬レジャーランド太田店,群馬県太田市西矢島町162-2,36.2681054,139.3759251,chunithm;ddr;gitadora;iidx;jubeat;maimai_dx;nostalgia;ongeki;other;polaris_chord;popn;sdvx,ddr_gold;gitadora_dm_arena;gitadora_gf_arena;iidx_lm;popn_pikapika;sdvx_vm,,allnet;eagate;ziv
群馬レジャーランド渋川店,群馬県渋川市八木原1364,36.4741949,139.0153797,chunithm;ddr;gitadora;iidx;maimai_dx;nostalgia;ongeki;other;polaris_chord;popn;sdvx,ddr_gold;gitadora_dm_arena;gitadora_gf_arena;iidx_lm;popn_pikapika;sdvx_vm,,allnet;eagate;ziv
群馬レジャーランド藤岡店,群馬県藤岡市中2002-1,36.2743443,139.0718665,chunithm;ddr;gitadora;iidx;jubeat;maimai_dx;nostalgia;ongeki;other;polaris_chord;popn;project_diva;sdvx,ddr_gold;gitadora_dm_arena;gitadora_gf_arena;iidx_lm;popn_pikapika;sdvx_vm,,allnet;eagate;ziv
群馬レジャーランド高崎駅東口店,群馬県高崎市江木町３３３−１高崎ＥＸビル,36.3298716,139.0128575,chunithm;ddr;drs;gitadora;iidx;jubeat;maimai_dx;nostalgia;ongeki;other;polaris_chord;popn;sdvx,ddr_gold;gitadora_dm_arena;gitadora_gf_arena;iidx_lm;popn_pikapika;sdvx_vm,,allnet;eagate;ziv
豊川メトロポリス,愛知県豊川市下長山町上アライ１４−１,34.8025832,137.3845019,chunithm;iidx;jubeat;maimai_dx;nostalgia;ongeki;other;polaris_chord;sdvx,iidx_lm;sdvx_vm,,allnet;eagate;ziv
遊スペース アローズ,兵庫県神戸市西区丸塚２丁目９−１８,34.6791423,134.9829518,chunithm;maimai_dx;ongeki,,,allnet
遊スペース マジカル,兵庫県神戸市中央区琴ノ緒町５−２−３,34.6955046,135.1950389,chunithm;gitadora;iidx;jubeat;maimai_dx;nostalgia;ongeki;polaris_chord;popn;sdvx,gitadora_dm_arena;gitadora_gf_arena;iidx_lm;popn_pikapika;sdvx_vm,,allnet;eagate
遊道楽嘉瀬店,佐賀県佐賀市嘉瀬町中原２４８８−１,33.2422048,130.2565009,chunithm;gitadora;iidx;jubeat;maimai_dx;ongeki;other;popn;project_diva;sdvx,iidx_lm;popn_pikapika;sdvx_vm,,allnet;eagate;ziv
関大前フタバボウル,大阪府吹田市千里山東１−７−１８,34.7728868,135.5062606,chunithm;maimai_dx;ongeki,,,allnet
館山ヤングボウル,千葉県館山市北条1564,34.9907318,139.8673618,chunithm;gitadora;maimai_dx;nostalgia;ongeki,,,allnet;eagate
Ａ．Ｃ．グランド,岐阜県岐阜市茜部大川1-77,35.3830948,136.7461877,chunithm;ddr;drs;gitadora;groove_coaster;iidx;jubeat;maimai_dx;nostalgia;ongeki;other;polaris_chord;popn;project_diva;pump_it_up;reflec;sdvx;taiko,ddr_gold;gitadora_dm_arena;gitadora_gf_arena;iidx_lm;popn_pikapika;sdvx_vm,chunithm:4;ddr:1;drs:1;gitadora:4;groove_coaster:1;iidx:4;jubeat:2;maimai_dx:2;nostalgia:2;ongeki:2;polaris_chord:2;popn:1;project_diva:1;pump_it_up:1;reflec:1;sdvx:4;taiko:2,allnet;eagate;ziv
ＡＤＸマミー出川店,愛知県春日井市不二ヶ丘１丁目５番地,35.2673215,137.0126718,chunithm;gitadora;iidx;jubeat;maimai_dx;ongeki;other;popn;sdvx,iidx_lm;popn_pikapika;sdvx_vm,chunithm:2;gitadora:3;iidx:4;jubeat:1;maimai_dx:1;ongeki:1;popn:1;sdvx:1,allnet;eagate;ziv
ＡＤＸマミー岡崎店,愛知県岡崎市井田新町６−１,34.9770308,137.1617195,chunithm;ddr;gitadora;iidx;jubeat;maimai_dx;ongeki;other;popn;sdvx,iidx_lm;popn_pikapika;sdvx_vm,,allnet;eagate;ziv
ＡｍｕｓｅｍｅｎｔｃｉｔｙＧ−ＳＴＡ,鹿児島県薩摩川内市向田本町４９番,31.8158073,130.3074018,chunithm;gitadora;iidx;maimai_dx;ongeki;other,iidx_lm,,allnet;eagate;ziv
ＤＡＩＫＥＩＥＮ,千葉県市川市大町３５９,35.7624643,139.9691552,chunithm;maimai_dx;ongeki,,,allnet
ＦｅｅｄｙＡｒｃａｄｅ新潟亀田インター,新潟県新潟市江南区下早通柳田１ー１ー１　イオンモール２階,37.8760671,139.0812391,chunithm;ddr;gitadora;maimai_dx;ongeki,,,allnet;eagate
ＦｅｅｄｙＤｉｎｅｒ＆Ａｒｃａｄｅ綾川,香川県綾歌郡綾川町萱原８２２−１　イオン綾川ＳＣ３Ｆ,34.2516659,133.9310040,chunithm;ddr;iidx;maimai_dx;ongeki;polaris_chord;popn,iidx_lm,,allnet;eagate
ＦｅｅｄｙＤｉｎｅｒ＆Ａｒｃａｄｅ茨木,大阪府茨木市松ケ本町８ー３０ー５　イオンＳＣ４Ｆ,34.8106152,135.5585385,chunithm;iidx;maimai_dx;ongeki;polaris_chord;sdvx,iidx_lm;sdvx_vm,,allnet;eagate
ＦＥＳＴＡコスモタウン佐伯店,大分県佐伯市鶴岡西町２丁目１６３番地 コスモタウン佐伯内,32.9609481,131.8662463,chunithm;maimai_dx;ongeki;other;polaris_chord;sdvx,sdvx_vm,,allnet;eagate;ziv
ＦＥＳＴＡフリーモールわさだ店,大分県大分市大字木上字鉾手２１０２番地,33.1847361,131.5680652,chunithm;maimai_dx;ongeki;other;polaris_chord;sdvx,sdvx_vm,,allnet;eagate;ziv
ＦＥＳＴＡ人吉店,熊本県人吉市宝来町１３０７−１ＨＩＴＯＹＯＳＨＩ−ＲＥＸ内,32.2120330,130.7482963,chunithm;iidx;jubeat;maimai_dx;ongeki;other;polaris_chord;reflec;sdvx,iidx_lm;sdvx_vm,,allnet;eagate;ziv
ＦＥＳＴＡ古河店,茨城県古河市松並２−１８−１０マーケットシティ古河,36.2097136,139.7096531,chunithm;maimai_dx;ongeki,,,allnet
ＦＥＳＴＡ山鹿店,熊本県山鹿市方保田字鳥越3468-1,33.0046941,130.7230284,chunithm;maimai_dx;ongeki;other;polaris_chord;sdvx,sdvx_vm,,allnet;eagate;ziv
Ｇ−ｐａｌａ小倉,福岡県北九州市小倉南区上葛原1−14−1,33.8396527,130.9113355,chunithm;ddr;iidx;jubeat;maimai_dx;ongeki;other;polaris_chord;popn;project_diva;sdvx,ddr_gold;iidx_lm;sdvx_vm,,allnet;eagate;ziv
Ｇ−ｐａｌａ日田,大分県日田市友田997-1,33.3258135,130.9116595,chunithm;iidx;jubeat;maimai_dx;nostalgia;ongeki;other;polaris_chord;reflec;sdvx,iidx_lm;sdvx_vm,,allnet;eagate;ziv
Ｇ−ｐａｌａ時津,長崎県西彼杵郡時津町野田郷５９号,32.8243546,129.8478119,chunithm;iidx;maimai_dx;ongeki;other,iidx_lm,,allnet;eagate;ziv
Ｇ−ＳＴＡＧＥ七隈店,福岡県福岡市城南区七隈８−４−８,33.5512334,130.3643444,chunithm;gitadora;iidx;maimai_dx;ongeki;other;popn;sdvx,iidx_lm;popn_pikapika;sdvx_vm,,allnet;eagate;ziv
Ｇ−ＳＴＡＧＥ小倉,福岡県北九州市小倉北区浅野2-14-5あるあるCITY2階,33.8875419,130.8847304,chunithm;gitadora;iidx;jubeat;maimai_dx;museca;nostalgia;ongeki;other;polaris_chord;popn;sdvx,gitadora_dm_arena;gitadora_gf_arena;iidx_lm;popn_pikapika;sdvx_vm,,allnet;eagate;ziv
Ｇ−ＳＴＡＧＥ飯塚店,福岡県飯塚市枝国６８０−２,33.6364868,130.6760254,chunithm;iidx;maimai_dx;ongeki;other;popn;sdvx,iidx_lm;popn_pikapika;sdvx_vm,,allnet;eagate;ziv
ＧＡＭＥ ＰＡＤＤＯＣＫ＋１,茨城県古河市小堤１９１６−１,36.2067383,139.7578725,chunithm;maimai_dx;ongeki;project_diva,,,allnet
ＧＡＭＥ　ＧＥＴーＢｅｅ　ＶＡＬ小山店,栃木県小山市城山町３丁目３番地２２号,36.3126948,139.8066084,chunithm;maimai_dx;ongeki;other,,,allnet;ziv
ＧＡＭＥＢＡＮＫ仙台泉店,宮城県仙台市泉区大沢２−５−４,38.3527525,140.8774030,chunithm;ddr;drs;gitadora;iidx;jubeat;maimai_dx;nostalgia;ongeki;other;popn;project_diva;sdvx,gitadora_dm_arena;iidx_lm;sdvx_vm,,allnet;eagate;ziv
ＧａｍｅＦｉｅｌｄ千城台店,千葉県千葉市若葉区千城台北３丁目２１−１イコアス千城台３Ｆ,35.6222355,140.1893642,chunithm;maimai_dx;ongeki,,,allnet
ＧｉＧＯ　ＢＬｉＸ茅ヶ崎,神奈川県茅ヶ崎市新栄町１１ー８,35.3318835,139.4050952,chunithm;maimai_dx;ongeki,,,allnet
ＧｉＧＯ　ＭＥＧＡドンキＵＮＹ石和,山梨県笛吹市石和町窪中島１５４,35.6457934,138.6321530,chunithm;maimai_dx;ongeki,,,allnet
ＧｉＧＯ　ＭＥＧＡドン･キホーテ勝田,茨城県ひたちなか市石川町１‐１,36.3931124,140.5274577,chunithm;maimai_dx;ongeki,,,allnet
ＧｉＧＯ　ＭＥＧＡドン･キホーテ桐生,群馬県桐生市永楽町５‐１０,36.4124944,139.3358553,chunithm;maimai_dx;ongeki;project_diva,,,allnet
ＧｉＧＯ　ＭＯＭＯテラス京都伏見,京都府京都市伏見区桃山町山ノ下３２　ＭＯＭＯテラス別館２Ｆ,34.9373547,135.7951229,chunithm;jubeat;maimai_dx;ongeki;other;project_diva,,,allnet;eagate;ziv
ＧｉＧＯあべのアポロ３Ｆ,大阪府大阪市阿倍野区阿倍野筋１‐５‐３１　アポロビル３Ｆ,34.6465681,135.5117823,chunithm;ddr;gitadora;iidx;maimai_dx;ongeki;other;polaris_chord;popn;sdvx,ddr_gold;gitadora_dm_arena;gitadora_gf_arena;iidx_lm;popn_pikapika;sdvx_vm,,allnet;eagate;ziv
ＧｉＧＯすすきの,北海道札幌市中央区南３条西４丁目１ー１,43.0564347,141.3528307,chunithm;ddr;iidx;maimai_dx;ongeki;popn;sdvx,ddr_gold;iidx_lm;popn_pikapika;sdvx_vm,,allnet;eagate
ＧｉＧＯそよら今治馬越,愛媛県今治市馬越町４ー８ー１,34.0561961,132.9798160,chunithm;maimai_dx;ongeki,,,allnet
ＧｉＧＯそよら成田ニュータウン,千葉県成田市赤坂２丁目１ー１０　５Ｆ　５１０区画,35.7768890,140.2934670,chunithm;maimai_dx;ongeki,,,allnet
ＧｉＧＯつかしん,兵庫県尼崎市塚口本町４−８−１つかしん内,34.7618838,135.4180485,chunithm;maimai_dx;ongeki;other;project_diva,,,allnet;ziv
ＧｉＧＯひたちなか,茨城県ひたちなか市田中後４０−２,36.3475077,140.5800894,chunithm;gitadora;iidx;maimai_dx;ongeki;other;polaris_chord;sdvx,iidx_lm;sdvx_vm,,allnet;eagate;ziv
ＧｉＧＯみらい長崎ココウォーク,長崎県長崎市茂里町１−５５みらい長崎ココウォーク５Ｆ,32.7625341,129.8646484,chunithm;maimai_dx;ongeki;other,,,allnet;ziv
ＧｉＧＯゆめタウン飯塚,福岡県飯塚市菰田西３丁目６番１号,33.6326269,130.6852821,chunithm;maimai_dx;ongeki;other,,,allnet;ziv
ＧｉＧＯアクアウォーク大垣,岐阜県大垣市林町６ー８０ー２１アクアウォーク大垣２Ｆ,35.3687856,136.6166472,chunithm;maimai_dx;ongeki;other,,,allnet;ziv
ＧｉＧＯアトレ川越,埼玉県川越市脇田町１０５番地１Ｆ,35.9099983,139.4828345,chunithm;maimai_dx;ongeki,,,allnet
ＧｉＧＯアドバンスモール松阪,三重県松阪市田村町２３５−１,34.5538974,136.5146608,chunithm;maimai_dx;nostalgia;ongeki;other;polaris_chord;project_diva;taiko,,chunithm:2;maimai_dx:1;nostalgia:1;ongeki:2;polaris_chord:2;project_diva:1;taiko:2,allnet;eagate;ziv
ＧｉＧＯアミュプラザみやざき,宮崎県宮崎市老松２丁目２番２２号アミュプラザみやざき　うみ館,31.9142659,131.4315529,chunithm;maimai_dx;ongeki;other,,,allnet;ziv
ＧｉＧＯアリオ葛西,東京都江戸川区東葛西９−３−３イトーヨーカドー３Ｆ,35.6525143,139.8817872,chunithm;maimai_dx;ongeki;other;project_diva,,,allnet;ziv
ＧｉＧＯアルパーク北棟,広島県広島市西区草津南４ー７ー１アルパーク北棟２Ｆ,34.3755120,132.3933319,chunithm;drs;gitadora;iidx;jubeat;maimai_dx;nostalgia;ongeki;other;polaris_chord;project_diva;sdvx,iidx_lm;sdvx_vm,,allnet;eagate;ziv
ＧｉＧＯアルプラザ金沢,石川県金沢市諸江町３０−１,36.5910868,136.6431540,chunithm;maimai_dx;ongeki;other,,,allnet;ziv
ＧｉＧＯイオンタウン刈谷,愛知県刈谷市東境町京和１,35.0388079,137.0267692,chunithm;iidx;maimai_dx;ongeki;other;sdvx;taiko,iidx_lm;sdvx_vm,chunithm:2;iidx:1;maimai_dx:2;ongeki:2;sdvx:1;taiko:1,allnet;eagate;ziv
ＧｉＧＯイオンタウン名西,愛知県名古屋市西区香呑町６−４９−１イオンタウン名西２Ｆ,35.2041270,136.8925985,chunithm;maimai_dx;ongeki;other;taiko,,chunithm:2;maimai_dx:1;ongeki:2;taiko:1,allnet;ziv
ＧｉＧＯイオンタウン小郡,山口県山口市小郡前田町３−６イオンタウン小郡内,34.0869865,131.3986628,chunithm;maimai_dx;nostalgia;ongeki;other;project_diva,,,allnet;eagate;ziv
ＧｉＧＯイオンモールむさし村山,東京都武蔵村山市榎１−１−３−２０５９,35.7467413,139.3850665,chunithm;maimai_dx;ongeki;other,,,allnet;ziv
ＧｉＧＯイオンモール与野,埼玉県さいたま市中央区本町西５ー２−９イオンモール与野３Ｆ,35.8906333,139.6151016,chunithm;maimai_dx;ongeki;other,,,allnet;ziv
ＧｉＧＯイオンモール姫路リバーシティー,兵庫県姫路市飾磨区細江２５６０番地,34.7981195,134.6686313,chunithm;maimai_dx;ongeki,,,allnet
ＧｉＧＯイオンモール岡山,岡山県岡山市北区下石井１−２−１イオンモール岡山６Ｆ,34.6620437,133.9177953,chunithm;iidx;maimai_dx;ongeki;other;polaris_chord;popn;sdvx,iidx_lm;popn_pikapika;sdvx_vm,,allnet;eagate;ziv
ＧｉＧＯイオンモール新発田,新潟県新発田市住吉町５‐１１‐５イオンモール新発田店２Ｆ,37.9425520,139.3088201,chunithm;ddr;iidx;maimai_dx;ongeki;polaris_chord;popn;sdvx,iidx_lm;sdvx_vm,,allnet;eagate
ＧｉＧＯイオンモール木曽川,愛知県一宮市木曽川町黒田八ヶ池２５−１イオンモール木曽川３Ｆ,35.3489689,136.7735999,chunithm;maimai_dx;ongeki;other;taiko,,chunithm:2;maimai_dx:2;ongeki:2;taiko:2,allnet;ziv
ＧｉＧＯイオンモール苫小牧,北海道苫小牧市柳町３丁目１番２０号イオンモール苫小牧２階,42.6563187,141.6420372,chunithm;gitadora;iidx;jubeat;maimai_dx;ongeki;other;polaris_chord;popn;sdvx,iidx_lm;popn_pikapika;sdvx_vm,,allnet;eagate;ziv
ＧｉＧＯイオンモール銚子,千葉県銚子市三崎町２−２６６０−１イオンモール銚子２Ｆ,35.7098939,140.7876201,chunithm;maimai_dx;ongeki;other;project_diva,,,allnet;ziv
ＧｉＧＯイオンモール高松,香川県高松市香西本町1-1 イオンモール高松2F　227-2,34.3524161,134.0050942,chunithm;maimai_dx;ongeki;other,,,allnet;ziv
ＧｉＧＯイオン仙台中山,宮城県仙台市泉区南中山１−３５−５７別館３Ｆ,38.2978961,140.8270835,chunithm;ddr;iidx;maimai_dx;ongeki;other;sdvx,ddr_gold;iidx_lm;sdvx_vm,,allnet;eagate;ziv
ＧｉＧＯイオン札幌手稲駅前ＳＣ,北海道札幌市手稲区前田１条１１丁目３階,43.1205333,141.2454205,chunithm;ddr;iidx;maimai_dx;ongeki;polaris_chord;popn;sdvx,ddr_gold;iidx_lm;sdvx_vm,,allnet;eagate
ＧｉＧＯイオン淡路,兵庫県淡路市志筑新島１０ー２,34.4259919,134.9062305,chunithm;maimai_dx;ongeki,,,allnet
ＧｉＧＯイトーヨーカドー八王子,東京都八王子市狭間町１４６２番地１　ＩＹ八王子３階,35.6380448,139.2934910,chunithm;maimai_dx;ongeki,,,allnet
ＧｉＧＯイトーヨーカドー古淵,神奈川県相模原市南区古淵３−１３−３３イトーヨーカドー３Ｆ,35.5530135,139.4186535,chunithm;maimai_dx;ongeki;other,,,allnet;ziv
ＧｉＧＯエイスクエア草津,滋賀県草津市西渋川１−２３−２３エイスクエアＳＡＲＡ南館２階,35.0242214,135.9597829,chunithm;iidx;maimai_dx;ongeki;other;polaris_chord;sdvx,iidx_lm;sdvx_vm,,allnet;eagate;ziv
ＧｉＧＯギャラリエアピタ知立,愛知県知立市長篠町大山１８−１ギャラリエアピタ１Ｆ,34.9991237,137.0528421,chunithm;maimai_dx;ongeki;other;taiko,,chunithm:2;maimai_dx:1;ongeki:2;taiko:3,allnet;ziv
ＧｉＧＯコロワ甲子園,兵庫県西宮市甲子園高潮町３−３Ｃｒｏｗａ甲子園３Ｆ,34.7237339,135.3618492,chunithm;maimai_dx;ongeki;other,,,allnet;ziv
ＧｉＧＯサントムーン柿田川,静岡県駿東郡清水町玉川６１−２サントムーン柿田川２Ｆ,35.1097737,138.9030008,chunithm;iidx;maimai_dx;nostalgia;ongeki;other;polaris_chord;popn;sdvx,iidx_lm;popn_pikapika;sdvx_vm,,allnet;eagate;ziv
ＧｉＧＯショッピングセンターチェリオ鹿嶋,茨城県鹿嶋市宮中２９０−１ショッピングセンターチェリオ１階,35.9595986,140.6437542,chunithm;iidx;maimai_dx;ongeki;other;polaris_chord;sdvx,iidx_lm;sdvx_vm,,allnet;eagate;ziv
ＧｉＧＯスエヒロボウル徳島,徳島県徳島市南末広町４−９５−２,34.0611124,134.5727754,chunithm;maimai_dx;ongeki;other;project_diva,,,allnet;ziv
ＧｉＧＯスマーク伊勢崎,群馬県伊勢崎市西小保方町３６８スマーク伊勢崎３Ｆ　３０２区画,36.3391744,139.2330425,chunithm;drs;iidx;jubeat;maimai_dx;nostalgia;ongeki;other;polaris_chord;project_diva;sdvx,iidx_lm;sdvx_vm,,allnet;eagate;ziv
ＧｉＧＯセンター南,神奈川県横浜市都筑区茅ヶ崎中央３−２５,35.5446019,139.5746394,chunithm;iidx;maimai_dx;ongeki;other;polaris_chord;popn;sdvx,iidx_lm;popn_pikapika;sdvx_vm,,allnet;eagate;ziv
ＧｉＧＯダイナシティ小田原,神奈川県小田原市中里２９６−１ダイナシティイーストモール３Ｆ,35.2818014,139.1886624,chunithm;maimai_dx;ongeki;other,,,allnet;ziv
ＧｉＧＯデイズタウンつくば,茨城県つくば市竹園１-９−２デイズタウンつくば地下１Ｆ,36.0777294,140.1153316,chunithm;crossbeats;dance_evo;ddr;drs;gitadora;iidx;jubeat;maimai_dx;museca;nostalgia;ongeki;other;polaris_chord;popn;project_diva;pump_it_up;reflec;sdvx,ddr_gold;gitadora_dm_arena;gitadora_gf_arena;iidx_lm;popn_pikapika;sdvx_vm,crossbeats:1;dance_evo:1;ddr:3;drs:1;iidx:2;jubeat:8;museca:1;pump_it_up:1,allnet;eagate;ziv
ＧｉＧＯトナリエクレオつくば,茨城県つくば市吾妻１丁目７−１　トナリエクレオ３Ｆ,36.0805071,140.1117159,chunithm;maimai_dx;ongeki,,,allnet
ＧｉＧＯトナリエ四日市,三重県四日市市安島１丁目３番３１号トナリエ四日市５階,34.9686061,136.6166547,chunithm;crossbeats;drs;groove_coaster;iidx;jubeat;maimai_dx;ongeki;other;polaris_chord;popn;project_diva;sdvx;taiko,iidx_lm;sdvx_vm,,allnet;eagate;ziv
ＧｉＧＯドリームタウン白樺,北海道帯広市白樺１６条西２丁目ドリームタウン白樺１階,42.9194181,143.1743325,chunithm;ddr;gitadora;iidx;maimai_dx;ongeki;other;polaris_chord;popn;project_diva;sdvx,ddr_gold;iidx_lm;popn_pikapika;sdvx_vm,,allnet;eagate;ziv
ＧｉＧＯヒタチエ,茨城県日立市幸町１丁目１６番１号ヒタチエ５階,36.5918049,140.6590163,chunithm;drs;iidx;jubeat;maimai_dx;ongeki;popn;reflec,,,allnet;eagate
ＧｉＧＯビバモール埼玉大井,埼玉県ふじみ野市西鶴ケ岡１丁目３ー１５,35.8637878,139.5022199,chunithm;maimai_dx;ongeki,,,allnet
ＧｉＧＯビバモール寝屋川,大阪府寝屋川市寝屋南２−２２−２ビバモール寝屋川モール棟２Ｆ,34.7657720,135.6506536,chunithm;maimai_dx;ongeki;other;project_diva,,,allnet;ziv
ＧｉＧＯフェニックスプラザ摩耶,兵庫県神戸市灘区味泥町６−１フェニックスプラザ１Ｆ,34.7040510,135.2280184,chunithm;maimai_dx;ongeki;other,,,allnet;ziv
ＧｉＧＯフジグラン高知,高知県高知市朝倉東町５２−１５フジグラン高知３Ｆ,33.5430367,133.4979066,chunithm;maimai_dx;ongeki;other,,,allnet;ziv
ＧｉＧＯフジモール吹上,埼玉県鴻巣市袋９０ー１　２階,36.0994301,139.4732970,chunithm;gitadora;iidx;maimai_dx;ongeki;polaris_chord;sdvx,iidx_lm;sdvx_vm,,allnet;eagate
ＧｉＧＯフレスポ東大阪,大阪府東大阪市稲田新町３−９−６４,34.6907943,135.5913188,chunithm;maimai_dx;ongeki;other,,,allnet;ziv
ＧｉＧＯベイドリーム清水,静岡県静岡市清水区駒越北８−１ベイドリーム清水２Ｆ,34.9848744,138.4994607,chunithm;maimai_dx;ongeki;other,,,allnet;ziv
ＧｉＧＯマリエとやま,富山県富山市桜町１丁目１番６１号マリエとやま４Ｆ,36.7003922,137.2141065,chunithm;maimai_dx;ongeki;other,,,allnet;ziv
ＧｉＧＯマーケットスクエアささしま,愛知県名古屋市中村区平池町４丁目６０番地１４号,35.1626230,136.8849364,chunithm;ddr;gitadora;iidx;jubeat;maimai_dx;nostalgia;ongeki;other;polaris_chord;popn;project_diva;sdvx;taiko,ddr_gold;gitadora_dm_arena;gitadora_gf_arena;iidx_lm;popn_pikapika;sdvx_vm,chunithm:6;ddr:2;gitadora:2;iidx:4;jubeat:1;maimai_dx:5;nostalgia:2;ongeki:4;polaris_chord:2;popn:1;project_diva:1;sdvx:4;taiko:3,allnet;eagate;ziv
ＧｉＧＯマーゴ関,岐阜県関市倉知５１６,35.4796478,136.9006802,chunithm;iidx;maimai_dx;nostalgia;ongeki;other;polaris_chord;project_diva;sdvx,iidx_lm;sdvx_vm,,allnet;eagate;ziv
ＧｉＧＯミーナ天神,福岡県福岡市中央区天神４丁目３番８号　ミーナ天神７階　７０,33.5929742,130.3983736,chunithm;maimai_dx;ongeki;other,,,allnet;ziv
ＧｉＧＯラパーク瑞江,東京都江戸川区瑞江２−１−２ドン・キホーテラパーク瑞江店４Ｆ,35.6928467,139.8967529,chunithm;maimai_dx;ongeki,,,allnet
ＧｉＧＯヴィータモールせいせき,東京都多摩市関戸４丁目７２番地,35.6486018,139.4472360,chunithm;maimai_dx;ongeki;other;taiko,,chunithm:2;maimai_dx:2;ongeki:2;taiko:2,allnet;ziv
ＧｉＧＯ万代シテイバスセンタービル,新潟県新潟市中央区万代１丁目６番１号,37.9163632,139.0556101,chunithm;iidx;maimai_dx;ongeki;polaris_chord;sdvx,iidx_lm;sdvx_vm,,allnet;eagate
ＧｉＧＯ三宮北口,兵庫県神戸市中央区北長狭通一丁目８番１号,34.6931201,135.1921928,chunithm;gitadora;iidx;maimai_dx;ongeki;other;polaris_chord;popn;sdvx,iidx_lm;popn_pikapika;sdvx_vm,,allnet;eagate;ziv
ＧｉＧＯ中筋,広島県広島市安佐南区中筋４−１１−７,34.4553375,132.4788461,chunithm;maimai_dx;ongeki;other;project_diva,,,allnet;ziv
ＧｉＧＯ中間,福岡県中間市上蓮花寺３−１−１,33.8230744,130.7216062,chunithm;iidx;maimai_dx;ongeki;other;polaris_chord;project_diva;sdvx,iidx_lm;sdvx_vm,,allnet;eagate;ziv
ＧｉＧＯ久居,三重県津市久居明神町字風早２５３４−１,34.6842048,136.4668428,chunithm;maimai_dx;nostalgia;ongeki;other;project_diva,,,allnet;eagate;ziv
ＧｉＧＯ今福,大阪府大阪市城東区今福東１−９−３４,34.7009266,135.5574414,chunithm;jubeat;maimai_dx;nostalgia;ongeki;other;polaris_chord;project_diva,,,allnet;eagate;ziv
ＧｉＧＯ仙台,宮城県仙台市青葉区中央２−５−５三経６０ビル,38.2616214,140.8767359,chunithm;ddr;drs;iidx;maimai_dx;nostalgia;ongeki;other;polaris_chord;popn;project_diva;sdvx,ddr_gold;iidx_lm;popn_pikapika;sdvx_vm,,allnet;eagate;ziv
ＧｉＧＯ仙台一番町,宮城県仙台市青葉区一番町４丁目５番１３号サンシャインビル１階,38.2641347,140.8711617,chunithm;ddr;gitadora;iidx;maimai_dx;ongeki;other;polaris_chord;popn;sdvx,ddr_gold;gitadora_dm_arena;gitadora_gf_arena;iidx_lm;popn_pikapika;sdvx_vm,,allnet;eagate;ziv
ＧｉＧＯ伊勢,三重県伊勢市中須町６６６,34.4921013,136.6780636,chunithm;crossbeats;groove_coaster;iidx;jubeat;maimai_dx;nostalgia;ongeki;other;polaris_chord;project_diva;sdvx;taiko,iidx_lm;sdvx_vm,chunithm:4;crossbeats:1;groove_coaster:1;iidx:1;jubeat:1;maimai_dx:2;nostalgia:2;ongeki:4;polaris_chord:2;project_diva:2;sdvx:1;taiko:1,allnet;eagate;ziv
ＧｉＧＯ会津若松,福島県会津若松市町北町上荒久田字宮下１４２,37.5183115,139.9221731,chunithm;ddr;iidx;maimai_dx;ongeki;other;polaris_chord;popn;sdvx,ddr_gold;iidx_lm;popn_pikapika;sdvx_vm,,allnet;eagate;ziv
ＧｉＧＯ佐沼,宮城県登米市迫町佐沼字中江２−５−８,38.6904449,141.1891181,chunithm;maimai_dx;ongeki;other,,,allnet;ziv
ＧｉＧＯ倉敷,岡山県倉敷市西中新田５３５−２,34.5839063,133.7698652,chunithm;maimai_dx;ongeki;other,,,allnet;ziv
ＧｉＧＯ入間,埼玉県入間市東藤沢２−１８,35.8192054,139.4181179,chunithm;gitadora;iidx;jubeat;maimai_dx;nostalgia;ongeki;other;polaris_chord;project_diva;sdvx,iidx_lm;sdvx_vm,,allnet;eagate;ziv
ＧｉＧＯ八戸,青森県八戸市城下４−２５−１４,40.5199277,141.4982922,chunithm;iidx;maimai_dx;ongeki;other;sdvx,iidx_lm;sdvx_vm,,allnet;eagate;ziv
ＧｉＧＯ八柱,千葉県松戸市日暮１−１−１八柱駅第２ビル２Ｆ,35.7913772,139.9377874,chunithm;ddr;iidx;jubeat;maimai_dx;ongeki;other;polaris_chord;popn;sdvx,ddr_gold;iidx_lm;popn_pikapika;sdvx_vm,,allnet;eagate;ziv
ＧｉＧＯ八王子高倉,東京都八王子市高倉町５５‐４,35.6650608,139.3664651,chunithm;iidx;jubeat;maimai_dx;nostalgia;ongeki;polaris_chord;popn;project_diva;sdvx,iidx_lm;popn_pikapika;sdvx_vm,,allnet;eagate
ＧｉＧＯ別府,大分県別府市餅ヶ浜町１６１−２,33.2955437,131.5030742,chunithm;iidx;maimai_dx;ongeki;other;project_diva;sdvx,iidx_lm;sdvx_vm,,allnet;eagate;ziv
ＧｉＧＯ利府,宮城県宮城郡利府町加瀬字新前谷地５５−１,38.3280286,140.9756113,chunithm;ddr;iidx;maimai_dx;ongeki;other;popn;sdvx,ddr_gold;iidx_lm;popn_pikapika;sdvx_vm,,allnet;eagate;ziv
ＧｉＧＯ北山形,山形県山形市北町１−３−２０,38.2682491,140.3313510,chunithm;maimai_dx;ongeki;other;project_diva,,,allnet;ziv
ＧｉＧＯ北岡崎,愛知県岡崎市錦町２番地４,34.9733728,137.1599159,chunithm;ddr;drs;gitadora;iidx;jubeat;maimai_dx;nostalgia;ongeki;other;polaris_chord;popn;project_diva;sdvx,ddr_gold;gitadora_dm_arena;gitadora_gf_arena;iidx_lm;popn_pikapika;sdvx_vm,,allnet;eagate;ziv
ＧｉＧＯ北見,北海道北見市西三輪５丁目１番地１６号,43.7965975,143.8426114,chunithm;ddr;gitadora;iidx;jubeat;maimai_dx;ongeki;other;polaris_chord;popn;sdvx;taiko,ddr_gold;iidx_lm;sdvx_vm,,allnet;eagate;ziv
ＧｉＧＯ北谷,沖縄県中頭郡北谷町美浜９−８,26.3169305,127.7555816,chunithm;maimai_dx;ongeki;other;taiko,,,allnet;ziv
ＧｉＧＯ千葉,千葉県千葉市中央区富士見２−４−１,35.6115641,140.1158508,chunithm;maimai_dx;ongeki;other;project_diva,,,allnet;ziv
ＧｉＧＯ南町田グランベリーパークシアター,東京都町田市鶴間３‐４‐１　ワンダーシアター１Ｆ,35.5098378,139.4699593,chunithm;maimai_dx;ongeki,,,allnet
ＧｉＧＯ南越谷ラクーン,埼玉県越谷市南越谷１丁目１５番１号南越谷ラクーン２Ｆ,35.8750206,139.7931848,chunithm;maimai_dx;ongeki,,,allnet;ziv
ＧｉＧＯ名取,宮城県名取市飯野坂字土城堀５７−１,38.1565615,140.8883654,chunithm;iidx;maimai_dx;ongeki;other;sdvx,iidx_lm;sdvx_vm,,allnet;eagate;ziv
ＧｉＧＯ名張,三重県名張市希央台３番町１５,34.6235067,136.1035133,chunithm;drs;maimai_dx;nostalgia;ongeki;other,,,allnet;eagate;ziv
ＧｉＧＯ和泉,大阪府和泉市肥子町２−４−４１,34.4867343,135.4180002,chunithm;maimai_dx;ongeki;other,,,allnet;ziv
ＧｉＧＯ大宮西口,埼玉県さいたま市大宮区桜木町二丁目３番地２,35.9069124,139.6221862,chunithm;iidx;maimai_dx;ongeki;sdvx,iidx_lm;sdvx_vm,,allnet;eagate
ＧｉＧＯ大森,東京都大田区山王２−１−５大森駅ララビル２Ｆ,35.5900117,139.7284234,chunithm;ddr;gitadora;iidx;jubeat;maimai_dx;ongeki;other;polaris_chord;popn;project_diva;sdvx,ddr_gold;gitadora_dm_arena;gitadora_gf_arena;iidx_lm;popn_pikapika;sdvx_vm,,allnet;eagate;ziv
ＧｉＧＯ大阪道頓堀本店,大阪府大阪市中央区道頓堀１丁目８番２２号道頓座ビル１〜３Ｆ,34.6684903,135.5016990,chunithm;ddr;gitadora;iidx;maimai_dx;ongeki;polaris_chord;project_diva;sdvx;taiko,ddr_gold;gitadora_dm_arena;gitadora_gf_arena;iidx_lm;sdvx_vm,chunithm:6;ddr:2;gitadora:2;iidx:3;maimai_dx:8;ongeki:2;polaris_chord:4;project_diva:1;sdvx:4;taiko:8,allnet;eagate;ziv
ＧｉＧＯ天童,山形県天童市南町１−５−２６,38.3429386,140.3741282,chunithm;ddr;drs;gitadora;iidx;jubeat;maimai_dx;nostalgia;ongeki;other;polaris_chord;popn;project_diva;sdvx,ddr_gold;iidx_lm;sdvx_vm,,allnet;eagate;ziv
ＧｉＧＯ太田,群馬県太田市西矢島町５７５−１,36.2745539,139.3780843,chunithm;maimai_dx;ongeki;other,,,allnet;ziv
ＧｉＧＯ姫路駅前,兵庫県姫路市駅前町２５４姫路ＯＳビルＢ１Ｆ,34.8288891,134.6911463,chunithm;iidx;maimai_dx;ongeki;polaris_chord;popn;sdvx;taiko,iidx_lm;popn_pikapika;sdvx_vm,chunithm:4;iidx:2;maimai_dx:3;ongeki:4;polaris_chord:2;popn:1;sdvx:1;taiko:3,allnet;eagate;ziv
ＧｉＧＯ宇都宮,栃木県宇都宮市東宿郷５−１−７,36.5583104,139.9088155,chunithm;ddr;drs;gitadora;iidx;jubeat;maimai_dx;nostalgia;ongeki;other;polaris_chord;popn;project_diva;sdvx,ddr_gold;gitadora_dm_arena;gitadora_gf_arena;iidx_lm;popn_pikapika;sdvx_vm,,allnet;eagate;ziv
ＧｉＧＯ安城,愛知県安城市百石町２−３５−１３,34.9473926,137.0731591,chunithm;iidx;maimai_dx;ongeki;other;sdvx,iidx_lm;sdvx_vm,,allnet;eagate;ziv
ＧｉＧＯ室蘭,北海道室蘭市東町４丁目３１番２号１階,42.3421726,141.0259566,chunithm;maimai_dx;ongeki;other;popn,,,allnet;eagate;ziv
ＧｉＧＯ小山,栃木県小山市東城南１−１−１８,36.2989766,139.8101635,chunithm;iidx;maimai_dx;nostalgia;ongeki;other;polaris_chord;project_diva;sdvx,iidx_lm;sdvx_vm,,allnet;eagate;ziv
ＧｉＧＯ尾西,愛知県一宮市篭屋３−９−７アソビックスびさい１Ｆ,35.3092178,136.7715210,chunithm;gitadora;iidx;maimai_dx;ongeki;other;polaris_chord;sdvx;taiko,iidx_lm;sdvx_vm,chunithm:3;gitadora:2;iidx:2;maimai_dx:3;ongeki:2;polaris_chord:2;sdvx:2;taiko:2,allnet;eagate;ziv
ＧｉＧＯ尾道,広島県尾道市新浜１−２−１３,34.4030398,133.1863131,chunithm;maimai_dx;ongeki;other,,,allnet;ziv
ＧｉＧＯ岡山藤崎,岡山県岡山市中区藤崎５９９−１２,34.6088660,133.9766043,chunithm;maimai_dx;nostalgia;ongeki;other;project_diva,,,allnet;eagate;ziv
ＧｉＧＯ岡崎,愛知県岡崎市上地３−５０−４,34.9113546,137.1693120,chunithm;maimai_dx;ongeki;other;project_diva,,,allnet;ziv
ＧｉＧＯ岡谷,長野県岡谷市塚間町２−１−２１,36.0652155,138.0530269,chunithm;maimai_dx;nostalgia;ongeki;other;project_diva,,,allnet;eagate;ziv
ＧｉＧＯ川口,埼玉県川口市東領家２−２−１０,35.7948508,139.7475285,chunithm;drs;maimai_dx;nostalgia;ongeki;other;polaris_chord;project_diva,,,allnet;eagate;ziv
ＧｉＧＯ布施,大阪府東大阪市長堂１−１−１ロンモール布施内,34.6641110,135.5627449,chunithm;ddr;drs;gitadora;iidx;jubeat;maimai_dx;nostalgia;ongeki;other;polaris_chord;popn;project_diva;sdvx,ddr_gold;iidx_lm;popn_pikapika;sdvx_vm,,allnet;eagate;ziv
ＧｉＧＯ帯広稲田,北海道帯広市稲田町南八線西１２−１スズランボウル１・２階,42.8902056,143.1964602,chunithm;iidx;maimai_dx;ongeki;other;polaris_chord;sdvx,iidx_lm;sdvx_vm,,allnet;eagate;ziv
ＧｉＧＯ幕張,千葉県千葉市美浜区ひび野１−８メッセ・アミューズ・モール１Ｆ,35.6499867,140.0426445,chunithm;ddr;gitadora;iidx;jubeat;maimai_dx;ongeki;other;polaris_chord;popn;project_diva;sdvx,ddr_gold;iidx_lm;popn_pikapika;sdvx_vm,chunithm:4;gitadora:2;maimai_dx:2;ongeki:2;project_diva:2;sdvx:1,allnet;eagate;ziv
ＧｉＧＯ広,広島県呉市広中町１−９,34.2285551,132.6294083,chunithm;gitadora;iidx;jubeat;maimai_dx;ongeki;other;polaris_chord;popn;sdvx,iidx_lm;sdvx_vm,,allnet;eagate;ziv
ＧｉＧＯ広島本通,広島県広島市中区本通９−３０ランドマークビル１Ｆ,34.3924267,132.4608008,chunithm;maimai_dx;ongeki;other,,,allnet;ziv
ＧｉＧＯ府中,東京都府中市西原町１−６−２フレスポ府中１Ｆ・２Ｆ,35.6824046,139.4603984,chunithm;maimai_dx;ongeki;other,,,allnet;ziv
ＧｉＧＯ延岡,宮崎県延岡市平原町５−１４９２−８,32.5498259,131.6778907,chunithm;maimai_dx;nostalgia;ongeki;other;project_diva,,,allnet;eagate;ziv
ＧｉＧＯ弘前,青森県弘前市末広１−３−３,40.6040697,140.4999194,chunithm;maimai_dx;ongeki;other,,,allnet;ziv
ＧｉＧＯ成増,東京都板橋区成増２ー１７ー２４五曠第６ビル,35.7774582,139.6312607,chunithm;ddr;gitadora;iidx;maimai_dx;nostalgia;ongeki;polaris_chord;popn;project_diva;sdvx,ddr_gold;iidx_lm;popn_pikapika;sdvx_vm,,allnet;eagate
ＧｉＧＯ我孫子,千葉県我孫子市柴崎字天王谷４７−１,35.8782703,140.0300563,chunithm;maimai_dx;ongeki;other,,,allnet;ziv
ＧｉＧＯ所沢,埼玉県所沢市日吉町８−１,35.7884760,139.4718990,chunithm;iidx;maimai_dx;nostalgia;ongeki;other;polaris_chord;project_diva;sdvx,iidx_lm;sdvx_vm,,allnet;eagate;ziv
ＧｉＧＯ掛川,静岡県掛川市細田２４８,34.7738744,137.9853301,chunithm;maimai_dx;nostalgia;ongeki;other,,,allnet;eagate;ziv
ＧｉＧＯ新三国アルゴ７,大阪府豊中市神州町１−１５,34.7386679,135.4794168,chunithm;maimai_dx;ongeki;other,,,allnet;ziv
ＧｉＧＯ新宿西口,東京都新宿区西新宿１−１２−５Ｂ１Ｆ・１Ｆ,35.6895292,139.6973700,chunithm;iidx;maimai_dx;ongeki;other;polaris_chord;popn;sdvx;taiko,iidx_lm;popn_pikapika;sdvx_vm,chunithm:6;iidx:4;maimai_dx:2;ongeki:4;polaris_chord:2;sdvx:4;taiko:3,allnet;eagate;ziv
ＧｉＧＯ新杉田,神奈川県横浜市磯子区杉田１−１−１らびすた新杉田２Ｆ,35.3860689,139.6188885,chunithm;iidx;maimai_dx;ongeki;other;polaris_chord;popn;project_diva;sdvx,iidx_lm;popn_pikapika;sdvx_vm,,allnet;eagate;ziv
ＧｉＧＯ日光,栃木県日光市芹沼１４４８−１,36.7410949,139.7101397,chunithm;maimai_dx;nostalgia;ongeki;other;polaris_chord;project_diva,,,allnet;eagate;ziv
ＧｉＧＯ日和田,福島県郡山市日和田町字西中島７−１,37.4482007,140.3804128,chunithm;drs;maimai_dx;ongeki;other;project_diva,,,allnet;eagate;ziv
ＧｉＧＯ日立,茨城県日立市田尻町３−２６−１,36.6264312,140.6698583,chunithm;gitadora;jubeat;maimai_dx;nostalgia;ongeki;other;project_diva,,,allnet;eagate;ziv
ＧｉＧＯ旭,千葉県旭市二３１５０−１,35.7235695,140.6395598,chunithm;maimai_dx;ongeki;other;project_diva,,,allnet;ziv
ＧｉＧＯ明石,兵庫県明石市魚住町清水２４６４−１,34.7200565,134.8968320,chunithm;drs;gitadora;maimai_dx;nostalgia;ongeki;other,,,allnet;eagate;ziv
ＧｉＧＯ春日井,愛知県春日井市岩野町４１８０,35.2695446,136.9605146,chunithm;drs;groove_coaster;iidx;jubeat;maimai_dx;nostalgia;ongeki;other;project_diva;sdvx;taiko;wacca,iidx_lm;sdvx_vm,chunithm:3;drs:1;groove_coaster:1;iidx:1;jubeat:1;maimai_dx:2;nostalgia:1;ongeki:4;project_diva:1;sdvx:1;taiko:1;wacca:1,allnet;eagate;ziv
ＧｉＧＯ本厚木,神奈川県厚木市中町４−１５−９,35.4390462,139.3619056,chunithm;gitadora;iidx;jubeat;maimai_dx;ongeki;other;polaris_chord;sdvx,iidx_lm;sdvx_vm,,allnet;eagate;ziv
ＧｉＧＯ本藤沢,神奈川県藤沢市本藤沢５‐６‐８,35.3580369,139.4681074,chunithm;iidx;jubeat;maimai_dx;ongeki;polaris_chord;popn;sdvx,iidx_lm;sdvx_vm,,allnet;eagate
ＧｉＧＯ札幌駅西口,北海道札幌市北区北６条西６丁目１‐１,43.0675310,141.3462795,chunithm;ddr;gitadora;iidx;maimai_dx;ongeki;other;polaris_chord;popn;sdvx;taiko,ddr_gold;gitadora_dm_arena;gitadora_gf_arena;iidx_lm;popn_pikapika;sdvx_vm,chunithm:2;ddr:1;gitadora:2;iidx:4;maimai_dx:2;ongeki:2;polaris_chord:2;sdvx:4;taiko:2,allnet;eagate;ziv
ＧｉＧＯ東名ボール,愛知県瀬戸市西原町２−１１４,35.2092202,137.0628682,chunithm;maimai_dx;nostalgia;ongeki;other;project_diva;taiko,,chunithm:2;maimai_dx:1;nostalgia:2;ongeki:2;project_diva:1;taiko:1,allnet;ziv
ＧｉＧＯ東梅田,大阪府大阪市北区堂山町９−２８,34.7031007,135.5039563,chunithm;maimai_dx;ongeki;other;project_diva,,,allnet;ziv
ＧｉＧＯ松山,愛媛県松山市枝松５−７−３２,33.8282598,132.7865030,chunithm;maimai_dx;nostalgia;ongeki;other,,,allnet;eagate;ziv
ＧｉＧＯ松江,島根県松江市嫁島町１２−１５,35.4500922,133.0478147,chunithm;maimai_dx;nostalgia;ongeki;other;project_diva,,,allnet;eagate;ziv
ＧｉＧＯ枚方,大阪府枚方市須山町８３−１サンシャインプラザ枚方内,34.8196428,135.6755727,chunithm;iidx;maimai_dx;nostalgia;ongeki;other;project_diva;sdvx,iidx_lm;sdvx_vm,,allnet;eagate;ziv
ＧｉＧＯ柏,千葉県柏市柏１−１−１１丸井デパート内Ｂ１Ｆ,35.8614881,139.9709011,chunithm;maimai_dx;ongeki;other,,,allnet;ziv
ＧｉＧＯ柳津,岐阜県岐阜市柳津町上佐波西３‐６８,35.3759691,136.7145600,chunithm;gitadora;iidx;maimai_dx;ongeki;other;popn;sdvx;taiko,gitadora_dm_arena;gitadora_gf_arena;iidx_lm;sdvx_vm,chunithm:3;gitadora:2;iidx:1;maimai_dx:2;ongeki:3;popn:1;sdvx:1;taiko:1,allnet;eagate;ziv
ＧｉＧＯ桑名,三重県桑名市江場１５７８,35.0531263,136.6824919,chunithm;iidx;maimai_dx;ongeki;other;polaris_chord;sdvx;taiko,iidx_lm;sdvx_vm,,allnet;eagate;ziv
ＧｉＧＯ横浜中華街,神奈川県横浜市中区山下町８０−１,35.4438130,139.6480761,chunithm;maimai_dx;ongeki;other,,,allnet;ziv
ＧｉＧＯ武生,福井県越前市新町３−１３−４,35.9051868,136.1534092,chunithm;maimai_dx;ongeki;other,,,allnet;ziv
ＧｉＧＯ武雄,佐賀県武雄市武雄町富岡１２５１７−１,33.1993539,130.0346461,chunithm;drs;jubeat;maimai_dx;nostalgia;ongeki;other;polaris_chord;project_diva,,,allnet;eagate;ziv
ＧｉＧＯ水戸,茨城県水戸市宮町１−７−４４コムボックス３１０,36.3694663,140.4745213,chunithm;ddr;drs;gitadora;iidx;jubeat;maimai_dx;nostalgia;ongeki;other;polaris_chord;popn;project_diva;sdvx,ddr_gold;iidx_lm;popn_pikapika;sdvx_vm,,allnet;eagate;ziv
ＧｉＧＯ水戸南,茨城県水戸市千波町２０１７−１,36.3503245,140.4430002,chunithm;ddr;gitadora;iidx;jubeat;maimai_dx;nostalgia;ongeki;other;polaris_chord;popn;project_diva;sdvx,iidx_lm;popn_pikapika;sdvx_vm,,allnet;eagate;ziv
ＧｉＧＯ水沢,岩手県奥州市水沢佐倉河字鐙田４−１,39.1526569,141.1493722,chunithm;maimai_dx;ongeki;other;polaris_chord,,,allnet;eagate;ziv
ＧｉＧＯ池上,東京都大田区池上６−２−３松山ビル２Ｆ,35.5726635,139.7021271,chunithm;maimai_dx;nostalgia;ongeki;other,,,allnet;eagate;ziv
ＧｉＧＯ海田,広島県安芸郡海田町南大正町３−３５,34.3676366,132.5336741,chunithm;iidx;maimai_dx;ongeki;other;polaris_chord;project_diva;sdvx,iidx_lm;sdvx_vm,,allnet;eagate;ziv
ＧｉＧＯ海老名,神奈川県海老名市中央一丁目４番３１号海老名プラザビル１階,35.4515535,139.3925418,chunithm;iidx;maimai_dx;ongeki;other;polaris_chord;project_diva;sdvx,iidx_lm;sdvx_vm,,allnet;eagate;ziv
ＧｉＧＯ渋谷宮益坂,東京都渋谷区渋谷１−１４−１４ＥＳＴ１階・７階,35.6600164,139.7025897,chunithm;ddr;iidx;jubeat;maimai_dx;nostalgia;ongeki;other;polaris_chord;popn;project_diva;sdvx;taiko,ddr_gold;iidx_lm;popn_pikapika;sdvx_vm,chunithm:5;ddr:1;iidx:2;jubeat:1;maimai_dx:2;nostalgia:2;ongeki:1;polaris_chord:2;project_diva:1;sdvx:2;taiko:5,allnet;eagate;ziv
ＧｉＧＯ港北インター,神奈川県横浜市都筑区東方町３２１‐６,35.5192486,139.5847936,chunithm;gitadora;iidx;maimai_dx;ongeki;polaris_chord;popn;sdvx,gitadora_dm_arena;gitadora_gf_arena;iidx_lm;popn_pikapika;sdvx_vm,,allnet;eagate
ＧｉＧＯ生桑,三重県四日市市生桑町字川原崎２９９−１,34.9864590,136.6016295,chunithm;jubeat;maimai_dx;nostalgia;ongeki;other;project_diva,,,allnet;eagate;ziv
ＧｉＧＯ甲西,滋賀県湖南市夏見字二ツ橋３５６−１,34.9949073,136.0972139,chunithm;maimai_dx;ongeki;other;project_diva,,,allnet;ziv
ＧｉＧＯ町田,東京都町田市原町田６−１３ー１７アーバンミサワビルＢ１,35.5438675,139.4469818,chunithm;ddr;iidx;maimai_dx;ongeki;other;polaris_chord;popn;project_diva;sdvx,ddr_gold;iidx_lm;popn_pikapika;sdvx_vm,,allnet;eagate;ziv
ＧｉＧＯ白河,福島県白河市新高山１−１　メガステージ白河内,37.1193163,140.1944179,chunithm;maimai_dx;ongeki;other,,,allnet;ziv
ＧｉＧＯ相模原,神奈川県相模原市中央区中央２−１−５,35.5735451,139.3710572,chunithm;ddr;gitadora;iidx;maimai_dx;ongeki;other;polaris_chord;popn;project_diva;sdvx,ddr_gold;iidx_lm;popn_pikapika;sdvx_vm,,allnet;eagate;ziv
ＧｉＧＯ相模原ラクーン,神奈川県相模原市中央区小山１ー１ー１４,35.5843140,139.3621420,chunithm;maimai_dx;ongeki;other,,,allnet;ziv
ＧｉＧＯ相模大野,神奈川県相模原市南区相模大野３−１３−２東和ビル２Ｆ・３Ｆ,35.5321942,139.4358387,chunithm;ddr;gitadora;iidx;jubeat;maimai_dx;nostalgia;ongeki;other;polaris_chord;popn;project_diva;sdvx,ddr_gold;gitadora_dm_arena;gitadora_gf_arena;iidx_lm;popn_pikapika;sdvx_vm,,allnet;eagate;ziv
ＧｉＧＯ石岡,茨城県石岡市東大橋中峯１９７６−１,36.1986319,140.3033861,chunithm;jubeat;maimai_dx;nostalgia;ongeki;other;polaris_chord;project_diva,,,allnet;eagate;ziv
ＧｉＧＯ石巻,宮城県石巻市大街道東４−１−４５,38.4294077,141.2853678,chunithm;maimai_dx;ongeki;other;project_diva,,,allnet;ziv
ＧｉＧＯ神戸ｕｍｉｅサウスモール,兵庫県神戸市中央区東川崎町１ー７−２ダイヤニッセイビル４Ｆ,34.6792583,135.1827079,chunithm;maimai_dx;ongeki,,,allnet
ＧｉＧＯ神栖,茨城県神栖市神栖１ー８−１,35.8979951,140.6444094,chunithm;gitadora;iidx;jubeat;maimai_dx;nostalgia;ongeki;other;polaris_chord;popn;sdvx,iidx_lm;sdvx_vm,,allnet;eagate;ziv
ＧｉＧＯ神楽坂,東京都新宿区神楽坂２−１１第２カグラヒルズ１Ｆ,35.7010372,139.7420111,chunithm;iidx;maimai_dx;ongeki;other;polaris_chord;popn;sdvx;taiko,iidx_lm;popn_pikapika;sdvx_vm,chunithm:4;iidx:2;maimai_dx:2;ongeki:3;polaris_chord:2;popn:1;sdvx:2;taiko:4,allnet;eagate;ziv
ＧｉＧＯ福井,福井県福井市丸山１−４１０,36.0733531,136.2429894,chunithm;gitadora;iidx;maimai_dx;nostalgia;ongeki;other;project_diva;sdvx,iidx_lm;sdvx_vm,,allnet;eagate;ziv
ＧｉＧＯ福山,広島県福山市瀬戸町大字山北３００,34.4760604,133.3159193,chunithm;maimai_dx;ongeki;other;project_diva,,,allnet;ziv
ＧｉＧＯ福岡天神,福岡県福岡市中央区天神２−７−６ＤＡＤＡビル,33.5898893,130.3966097,chunithm;ddr;drs;gitadora;iidx;maimai_dx;nostalgia;ongeki;other;polaris_chord;popn;project_diva;sdvx,ddr_gold;gitadora_dm_arena;gitadora_gf_arena;iidx_lm;popn_pikapika;sdvx_vm,,allnet;eagate;ziv
ＧｉＧＯ福島,福島県福島市本内中井１−２,37.7852287,140.4875123,chunithm;maimai_dx;ongeki;other,,,allnet;ziv
ＧｉＧＯ福島南,福島県福島市黒岩字中島７−２,37.7277789,140.4671413,chunithm;ddr;iidx;maimai_dx;ongeki;other;polaris_chord;popn;sdvx,ddr_gold;iidx_lm;popn_pikapika;sdvx_vm,,allnet;eagate;ziv
ＧｉＧＯ福生,東京都福生市福生１０７６−１,35.7447000,139.3242870,chunithm;gitadora;iidx;maimai_dx;ongeki;other;polaris_chord;project_diva;sdvx,iidx_lm;sdvx_vm,,allnet;eagate;ziv
ＧｉＧＯ秋田,秋田県秋田市茨島１−１−１６,39.7042342,140.1045893,chunithm;iidx;maimai_dx;nostalgia;ongeki;other,iidx_lm,,allnet;eagate;ziv
ＧｉＧＯ秋葉原３号館,東京都千代田区外神田１‐１１‐１１外神田１丁目ビルディング,35.6992573,139.7709038,chunithm;ddr;drs;gitadora;iidx;jubeat;maimai_dx;nostalgia;ongeki;other;polaris_chord;popn;project_diva;reflec;sdvx;taiko,ddr_gold;gitadora_dm_arena;gitadora_gf_arena;iidx_lm;popn_pikapika;sdvx_vm,chunithm:12;ddr:4;drs:2;gitadora:2;iidx:8;jubeat:1;maimai_dx:3;nostalgia:1;ongeki:6;polaris_chord:8;popn:1;project_diva:1;reflec:1;sdvx:8;taiko:6,allnet;eagate;ziv
ＧｉＧＯ稲毛オーツーパーク,千葉県千葉市稲毛区園生町３８０−１,35.6505317,140.1191122,chunithm;maimai_dx;ongeki;other;project_diva,,,allnet;ziv
ＧｉＧＯ立川,東京都立川市柴崎町３−２−１サザンビル１・２Ｆ,35.6975104,139.4146195,chunithm;iidx;maimai_dx;ongeki;other;polaris_chord;popn;project_diva;sdvx;taiko,iidx_lm;popn_pikapika;sdvx_vm,chunithm:4;project_diva:2;taiko:2,allnet;eagate;ziv
ＧｉＧＯ立石,東京都葛飾区立石７丁目３番６号リ・セブン,35.7396004,139.8494377,chunithm;iidx;maimai_dx;ongeki;sdvx,iidx_lm;sdvx_vm,,allnet;eagate
ＧｉＧＯ竹の塚,東京都足立区竹の塚６−８−６ピーくんＰｌａｚａ−ｂ,35.7947506,139.7924968,chunithm;iidx;maimai_dx;ongeki;other;polaris_chord;sdvx,iidx_lm;sdvx_vm,,allnet;eagate;ziv
ＧｉＧＯ籠原,埼玉県熊谷市美土里町１−１−１６９,36.1709504,139.3182563,chunithm;maimai_dx;ongeki;other,,,allnet;ziv
ＧｉＧＯ米沢,山形県米沢市大字花沢字タナコ原１７７,37.9109365,140.1336702,chunithm;iidx;maimai_dx;ongeki;other;polaris_chord;popn;sdvx,iidx_lm;sdvx_vm,,allnet;eagate;ziv
ＧｉＧＯ綱島,神奈川県横浜市港北区綱島西２−６−２９,35.5363864,139.6328782,chunithm;ddr;gitadora;iidx;jubeat;maimai_dx;nostalgia;ongeki;other;polaris_chord;popn;project_diva;sdvx,ddr_gold;gitadora_dm_arena;gitadora_gf_arena;iidx_lm;popn_pikapika;sdvx_vm,,allnet;eagate;ziv
ＧｉＧＯ総本店,東京都豊島区東池袋一丁目１３番６号,35.7295307,139.7147102,chunithm;ddr;drs;gitadora;iidx;jubeat;maimai_dx;nostalgia;ongeki;other;polaris_chord;popn;project_diva;sdvx;taiko,ddr_gold;gitadora_dm_arena;gitadora_gf_arena;iidx_lm;popn_pikapika;sdvx_vm,chunithm:1;ddr:3;drs:1;gitadora:2;iidx:1;jubeat:1;maimai_dx:6;ongeki:6;polaris_chord:8;popn:1;sdvx:1;taiko:1,allnet;eagate;ziv
ＧｉＧＯ自由が丘,東京都目黒区自由が丘２ー１０ー９,35.6084441,139.6675657,chunithm;gitadora;iidx;maimai_dx;ongeki;popn;project_diva;sdvx;taiko,iidx_lm;popn_pikapika;sdvx_vm,iidx:1;maimai_dx:2;ongeki:1;project_diva:1;sdvx:1;taiko:2,allnet;eagate;ziv
ＧｉＧＯ船堀,東京都江戸川区船堀１ー６ー１１,35.6848536,139.8638638,chunithm;gitadora;iidx;maimai_dx;nostalgia;ongeki;other;polaris_chord;project_diva;sdvx,iidx_lm;sdvx_vm,,allnet;eagate;ziv
ＧｉＧＯ花園,埼玉県深谷市荒川３５９,36.1204271,139.2330687,chunithm;maimai_dx;ongeki;other;project_diva,,,allnet;ziv
ＧｉＧＯ袋井,静岡県袋井市川井１１４２−１,34.7463375,137.9114390,chunithm;maimai_dx;ongeki;other;project_diva,,,allnet;ziv
ＧｉＧＯ西葛西,東京都江戸川区西葛西５−１−１４第一保志ビル,35.6652968,139.8592688,chunithm;maimai_dx;ongeki;other,,,allnet;ziv
ＧｉＧＯ西那須野,栃木県那須塩原市南郷屋２−１０６−２７,36.8951190,139.9822381,chunithm;gitadora;iidx;maimai_dx;nostalgia;ongeki;other;polaris_chord;project_diva;sdvx,iidx_lm;sdvx_vm,,allnet;eagate;ziv
ＧｉＧＯ調布,東京都調布市布田４丁目２ー４,35.6509849,139.5442311,chunithm;ddr;gitadora;iidx;maimai_dx;ongeki;polaris_chord;sdvx,ddr_gold;iidx_lm;sdvx_vm,,allnet;eagate
ＧｉＧＯ諫早,長崎県諫早市小川町９０−１,32.8315106,130.0552128,chunithm;maimai_dx;nostalgia;ongeki;other;polaris_chord;popn,,,allnet;eagate;ziv
ＧｉＧＯ豊橋飯村,愛知県豊橋市飯村町字西山２５−１２１,34.7490943,137.4138729,chunithm;iidx;maimai_dx;ongeki;other;polaris_chord;sdvx,iidx_lm;sdvx_vm,,allnet;eagate;ziv
ＧｉＧＯ豊田,愛知県豊田市深田町１−６５−１,35.0678723,137.1238001,chunithm;ddr;gitadora;iidx;maimai_dx;nostalgia;ongeki;other;polaris_chord;popn;sdvx,ddr_gold;iidx_lm;popn_pikapika;sdvx_vm,,allnet;eagate;ziv
ＧｉＧＯ豊科,長野県安曇野市豊科南穂高１１１５,36.3031122,137.9227144,chunithm;maimai_dx;nostalgia;ongeki;other;project_diva,,,allnet;eagate;ziv
ＧｉＧＯ赤羽,東京都北区赤羽１−７−９赤羽第一葉山ビルＢ１,35.7789607,139.7222842,chunithm;gitadora;iidx;jubeat;maimai_dx;ongeki;other;polaris_chord;popn;sdvx,iidx_lm;popn_pikapika;sdvx_vm,,allnet;eagate;ziv
ＧｉＧＯ赤羽駅前,東京都北区赤羽１−２−４,35.7782507,139.7215917,chunithm;ddr;gitadora;iidx;maimai_dx;ongeki;other;polaris_chord;popn;sdvx,ddr_gold;gitadora_dm_arena;gitadora_gf_arena;iidx_lm;popn_pikapika;sdvx_vm,,allnet;eagate;ziv
ＧｉＧＯ足利朝倉,栃木県足利市朝倉町２４４‐１,36.3224907,139.4503431,chunithm;drs;gitadora;iidx;jubeat;maimai_dx;nostalgia;ongeki;polaris_chord;popn;sdvx,gitadora_dm_arena;gitadora_gf_arena;iidx_lm;popn_pikapika;sdvx_vm,,allnet;eagate
ＧｉＧＯ那覇国際通り,沖縄県那覇市久茂地３ー３ー２０,26.2144145,127.6821469,chunithm;maimai_dx;ongeki,,,allnet
ＧｉＧＯ金山,愛知県名古屋市熱田区金山１−１９ー２,35.1426808,136.9021522,chunithm;gitadora;iidx;maimai_dx;ongeki;other;polaris_chord;popn;sdvx;taiko,iidx_lm;popn_pikapika;sdvx_vm,chunithm:8;gitadora:2;iidx:1;maimai_dx:2;ongeki:4;polaris_chord:2;sdvx:1;taiko:2,allnet;eagate;ziv
ＧｉＧＯ長久手,愛知県長久手市武蔵塚７０５,35.1714145,137.0454605,chunithm;ddr;gitadora;iidx;maimai_dx;ongeki;other;popn;sdvx;taiko,gitadora_dm_arena;gitadora_gf_arena;iidx_lm;popn_pikapika;sdvx_vm,chunithm:3;ddr:1;gitadora:2;iidx:2;maimai_dx:2;ongeki:3;popn:1;sdvx:2;taiko:2,allnet;eagate;ziv
ＧｉＧＯ難波アビオン,大阪府大阪市浪速区難波中２−３−１５　ＭＭＯビルＢ１Ｆ〜３Ｆ,34.6627327,135.5033112,chunithm;ddr;drs;gitadora;iidx;maimai_dx;nostalgia;ongeki;polaris_chord;popn;project_diva;pump_it_up;reflec;sdvx,ddr_gold;gitadora_dm_arena;gitadora_gf_arena;iidx_lm;popn_pikapika;sdvx_vm,chunithm:1;gitadora:2;iidx:4;maimai_dx:1;ongeki:1;polaris_chord:1;project_diva:1;pump_it_up:1;reflec:1;sdvx:1,allnet;eagate;ziv
ＧｉＧＯ静岡,静岡県静岡市葵区七間町４番地,34.9740698,138.3815063,chunithm;maimai_dx;ongeki;other,,,allnet;ziv
ＧｉＧＯ館林,群馬県館林市小桑原町９４９−１,36.2352210,139.5203287,chunithm;maimai_dx;ongeki;other;project_diva,,,allnet;ziv
ＧｉＧＯ高城,大分県大分市牧１−１６１−８,33.2417094,131.6372654,chunithm;drs;gitadora;iidx;jubeat;maimai_dx;nostalgia;ongeki;other;polaris_chord;popn;project_diva;sdvx,iidx_lm;sdvx_vm,,allnet;eagate;ziv
ＧｉＧＯ高山,岐阜県高山市上岡本町７−７,36.1426267,137.2436265,chunithm;maimai_dx;nostalgia;ongeki;other;project_diva;taiko,,chunithm:2;maimai_dx:2;nostalgia:1;ongeki:1;project_diva:1;taiko:1,allnet;eagate;ziv
ＧｉＧＯ高田馬場,東京都新宿区高田馬場４−７−５高田馬場グランド東京,35.7136018,139.7037221,chunithm;ddr;iidx;maimai_dx;ongeki;other;popn;sdvx,iidx_lm;popn_pikapika;sdvx_vm,,allnet;eagate;ziv
ＧｉＧＯ鳥取,鳥取県鳥取市安長４１６,35.5118559,134.2105547,chunithm;maimai_dx;ongeki;other;project_diva,,,allnet;ziv
ＧｉＧＯ龍ヶ崎,茨城県龍ケ崎市藤ケ丘４−２−８,35.9385388,140.1959422,chunithm;drs;jubeat;maimai_dx;nostalgia;ongeki;other;project_diva,,,allnet;eagate;ziv
ＪＯＹＬＡＮＤ敦賀店,福井県敦賀市木崎４０ー１２,35.6447457,136.0431584,chunithm;maimai_dx;ongeki,,,allnet
ＭＥＧＡＧＥＴ室蘭,北海道室蘭市中島本町２ー８ー１,42.3535264,141.0145420,chunithm;iidx;maimai_dx;ongeki;other;sdvx,iidx_lm;sdvx_vm,,allnet;eagate;ziv
ＭＥＧＡＧＥＴ釧路,北海道釧路郡釧路町木場２丁目１ー１,43.0089190,144.4080035,chunithm;iidx;maimai_dx;ongeki;sdvx,iidx_lm;sdvx_vm,,allnet;eagate;ziv
ＭＩＲＡＩＮＯイオンモール土岐店,岐阜県土岐市土岐津町土岐口中山１３７２番１,35.3472649,137.1541472,chunithm;maimai_dx;ongeki;other;taiko,,chunithm:4;maimai_dx:3;ongeki:2;taiko:3,allnet;ziv
ＭＩＲＡＩＮＯイオンモール白山店,石川県白山市横江町５００１番地,36.5431130,136.5853170,chunithm;maimai_dx;ongeki,,,allnet
ＭＩＲＡＩＮＯイオンモール豊川店,愛知県豊川市白鳥町兎足１丁目１６　イオンモール豊川３階,34.8252746,137.3512726,chunithm;maimai_dx;ongeki,,,allnet
ｎａｍｃｏけやきウォーク前橋店,群馬県前橋市文京町２ー１ー１けやきウォーク前橋２Ｆ,36.3791412,139.0780865,chunithm;maimai_dx;ongeki,,,allnet
ｎａｍｃｏイオンタウン大館西店,秋田県大館市根下戸新町１８番１２１号　イオンタウン大館西内,40.2736778,140.5300206,chunithm;maimai_dx;ongeki;other,,,allnet;ziv
ｎａｍｃｏイオンタウン郡山店,福島県郡山市松木町２ー８８イオンタウン郡山内,37.3892958,140.3906753,chunithm;jubeat;maimai_dx;ongeki;other;popn;sdvx,sdvx_vm,,allnet;eagate;ziv
ｎａｍｃｏイオンモールナゴヤドーム前店,名古屋市東区矢田南４ー１０２ー３イオンモールナゴヤドーム３Ｆ,35.1871751,136.9440943,chunithm;maimai_dx;ongeki;other;taiko,,chunithm:3;maimai_dx:1;ongeki:2;taiko:5,allnet;ziv
ｎａｍｃｏイオンモール各務原インター店,岐阜県各務原市那加萱場町３ー８イオンモール各務原店２Ｆ,35.3925385,136.8230671,chunithm;maimai_dx;ongeki,,,allnet
ｎａｍｃｏイオン具志川店,沖縄県うるま市字前原幸崎原３０３イオン具志川ＳＣ内２Ｆ,26.3383686,127.8446809,chunithm;maimai_dx;ongeki;other,,,allnet;ziv
ｎａｍｃｏウイングベイ小樽店,北海道小樽市築港１１ー５ウィングベイ小樽５番街３階,43.1839414,141.0223104,chunithm;maimai_dx;ongeki;other,,,allnet;ziv
ｎａｍｃｏビバシティ彦根店,滋賀県彦根市竹ケ鼻町４３ー１ビバシティ彦根２Ｆ,35.2437061,136.2508666,chunithm;maimai_dx;ongeki;other,,,allnet;ziv
ｎａｍｃｏフェドラＰ＆Ｄ佐野店,栃木県佐野市高萩町１３４０番地,36.2973133,139.6056474,chunithm;gitadora;iidx;maimai_dx;ongeki;polaris_chord;popn;sdvx,gitadora_dm_arena;gitadora_gf_arena;iidx_lm;popn_pikapika;sdvx_vm,,allnet;eagate
ｎａｍｃｏフジグラン北宇和島店,愛媛県宇和島市伊吹町甲９１２番地２フジグラン北宇和島店別棟,33.2346692,132.5694247,chunithm;maimai_dx;ongeki,,,allnet
ｎａｍｃｏモラージュ佐賀店,佐賀県佐賀市巨勢町大字牛島７３０モラージュ佐賀南館１Ｆ,33.2512754,130.3196785,chunithm;maimai_dx;ongeki;other,,,allnet;ziv
ｎａｍｃｏワンダーシティ南熊本店,熊本県熊本市中央区九品寺６−９−１,32.7868920,130.7147318,chunithm;iidx;maimai_dx;ongeki;other;polaris_chord;popn;sdvx,iidx_lm;popn_pikapika;sdvx_vm,,allnet;eagate;ziv
ｎａｍｃｏ中野店,東京都中野区中野５ー５２ー１５中野ブロードウェイ別館,35.7091276,139.6661371,chunithm;maimai_dx;ongeki;other;taiko,,chunithm:2;maimai_dx:1;ongeki:2;taiko:4,allnet;ziv
ｎａｍｃｏ博多バスターミナル店,福岡県福岡市博多区博多駅中央街２ー１博多バスターミナル７階,33.5915216,130.4198918,chunithm;gitadora;iidx;maimai_dx;ongeki;other;popn;sdvx,gitadora_dm_arena;gitadora_gf_arena;iidx_lm;popn_pikapika;sdvx_vm,,allnet;eagate;ziv
ｎａｍｃｏ宇都宮店,栃木県宇都宮市簗瀬町１６０６ー１　Ｐ＆Ｄビル,36.5438973,139.8915485,chunithm;iidx;maimai_dx;ongeki;project_diva;sdvx,iidx_lm;sdvx_vm,,allnet;eagate
ｎａｍｃｏ新潟店,新潟県新潟市中央区南笹口１ー１ー１　ひもろぎビル２Ｆ,37.9083798,139.0639094,chunithm;drs;iidx;maimai_dx;ongeki;popn;sdvx;wacca,iidx_lm;sdvx_vm,,allnet;eagate;ziv
ｎａｍｃｏ松戸店,千葉県松戸市松戸１２３０番地１ピアザ松戸１Ｆ,35.7835829,139.9007767,chunithm;gitadora;iidx;jubeat;maimai_dx;ongeki;other;polaris_chord;popn;sdvx,gitadora_dm_arena;gitadora_gf_arena;iidx_lm;popn_pikapika;sdvx_vm,,allnet;eagate;ziv
ｎａｍｃｏ梅田店,大阪府大阪市北区小松原町３ー３ＯＳビル２Ｆ,34.7027815,135.5003960,chunithm;gitadora;iidx;maimai_dx;ongeki;other;polaris_chord;popn;project_diva;sdvx;taiko,gitadora_dm_arena;gitadora_gf_arena;iidx_lm;popn_pikapika;sdvx_vm,chunithm:8;gitadora:2;iidx:6;maimai_dx:4;ongeki:4;polaris_chord:2;project_diva:1;sdvx:6;taiko:10,allnet;eagate;ziv
ｎａｍｃｏ熊谷店,埼玉県熊谷市銀座２ー９７ＣＡＲＰＡ１階,36.1391162,139.3949055,chunithm;maimai_dx;ongeki;project_diva,,,allnet
ｎａｍｃｏ王子サンスクエア店,東京都北区王子１ー４ー１サンスクエア２階,35.7529737,139.7389579,chunithm;gitadora;iidx;maimai_dx;ongeki;popn;sdvx,gitadora_dm_arena;gitadora_gf_arena;iidx_lm;popn_pikapika;sdvx_vm,chunithm:2;iidx:1;maimai_dx:2;ongeki:1;sdvx:1,allnet;eagate;ziv
ＮＩＣＯＰＡ高尾店,東京都八王子市東浅川町550-1イーアス高尾2F,35.6451640,139.2912724,chunithm;maimai_dx;ongeki,,,allnet
ＰＡＬＯむつ,青森県むつ市中央２−７−８　１Ｆ,41.2868804,141.1837297,chunithm;iidx;maimai_dx;ongeki;project_diva;sdvx,iidx_lm;sdvx_vm,,allnet;eagate;ziv
ＰＡＬＯ久慈,岩手県久慈市長内町第３０地割３２−２久慈SC１F,40.1898616,141.7855976,chunithm;maimai_dx;ongeki;other;polaris_chord;project_diva;sdvx,sdvx_vm,,allnet;eagate;ziv
ＰＡＬＯ市川,千葉県市川市鬼高１−１−１ニッケコルトンプラザ２Ｆ,35.7167873,139.9342126,chunithm;maimai_dx;ongeki,,,allnet
ＰＡＬＯ松江,島根県松江市東朝日町１５１　イオン松江店ＳＣ３Ｆ,35.4639773,133.0694928,chunithm;jubeat;maimai_dx;nostalgia;ongeki;other;popn;project_diva,,,allnet;eagate;ziv
ＰＡＬＯ江別,北海道江別市幸町35　3F,43.0969784,141.5336446,chunithm;maimai_dx;ongeki;other,,,allnet;ziv
ＰＡＬＯ津南,三重県津市高茶屋小森町１４５番地　イオンモール津南３Ｆ,34.6669190,136.4897805,chunithm;maimai_dx;ongeki,,,allnet
ＰＡＬＯ熊谷,埼玉県熊谷市本石２−１３５,36.1453711,139.3788291,chunithm;gitadora;maimai_dx;ongeki,,,allnet;eagate
ＰＡＬＯ網走,北海道網走市駒場北５丁目８３番地,44.0009412,144.2839431,chunithm;ddr;maimai_dx;ongeki;other;project_diva,ddr_gold,,allnet;eagate;ziv
ＰＡＬＯ防府,山口県防府市中央町１−３イオン防府店３Ｆ,34.0522015,131.5696784,chunithm;dance_evo;gitadora;iidx;maimai_dx;nostalgia;ongeki;other;polaris_chord;popn;sdvx,iidx_lm;sdvx_vm,,allnet;eagate;ziv
ＳＯＹＵGAME　FIELD湘南店,神奈川県藤沢市辻堂新町4-1-1湘南モールＦＩＬＬ2F,35.3391335,139.4645105,chunithm;maimai_dx;ongeki,,,allnet
ＳＯＹＵ　Ｅ−ＳＴＵＤＩＯ須賀川店,福島県須賀川市古河１０５イオンタウン須賀川Ｂ棟内,37.2984206,140.3852977,chunithm;gitadora;iidx;jubeat;maimai_dx;ongeki;other;reflec,iidx_lm,,allnet;eagate;ziv
ＳＯＹＵ　ＧＡＭＥ　ＦＩＥＬＤ古川店,宮城県大崎市古川沢田字筒場浦１５番地イオンタウン古川内,38.5990232,140.9741564,chunithm;iidx;maimai_dx;ongeki;other,iidx_lm,,allnet;eagate;ziv
ＳＯＹＵ　ＴＯＹ’Ｓ　ＮＹ　守谷店,茨城県守谷市百合ヶ丘3-249-1イオンタウン守谷2Ｆ,35.9447943,139.9906006,chunithm;maimai_dx;ongeki,,,allnet
ＳＯＹＵＧａｍｅＦｅｉｌｄ熊谷,埼玉県熊谷市銀座2-245ﾆｯﾄﾓｰﾙ4F,36.1387884,139.3937695,chunithm;maimai_dx;ongeki,,,allnet
ＳＯＹＵＧａｍｅＦｉｅｌｄ大館店,秋田県大館市御成町三丁目７番５８号いとく大館ＳＣ３階,40.2808817,140.5603404,chunithm;maimai_dx;ongeki;other,,,allnet;ziv
ＳＯＹＵＧａｍｅＦｉｅｌｄ御所野店,秋田県秋田市御所野地蔵田１ー１−１イオンモール秋田２Ｆ,39.6634143,140.1610980,chunithm;maimai_dx;ongeki;other;polaris_chord;popn,popn_pikapika,,allnet;eagate;ziv
ＳＯＹＵＧａｍｅＦｉｅｌｄ矢本店,宮城県東松島市小松字上浮足４３番地イオンタウン矢本,38.4251947,141.2029746,chunithm;maimai_dx;ongeki,,,allnet
ＳＯＹＵＧａｍｅＦｉｅｌｄ能代店,秋田県能代市鰄渕字古屋布１番イオンタウン能代内,40.1888271,140.0775041,chunithm;maimai_dx;ongeki,,,allnet
ＳＯＹＵＧａｍｅＦｉｅｌｄ酒田店,山形県酒田市泉町１９８番地イオンタウン酒田内,38.9357019,139.8469270,chunithm;maimai_dx;ongeki,,,allnet
ＳＰＥＥＤ,山口県周南市大字久米３２１９,34.0339400,131.8346400,chunithm;ddr;gitadora;iidx;maimai_dx;ongeki;other;sdvx,ddr_gold;gitadora_dm_arena;gitadora_gf_arena;iidx_lm;sdvx_vm,,allnet;eagate;ziv
ＷＯＲＬＤ　ＧＡＭＥ　ＣＩＲＣＵＳ,東京都立川市羽衣町２−４−１３羽衣長田ビル１０１ＷＧＣ,35.6964221,139.4288034,chunithm;crossbeats;ddr;gitadora;iidx;jubeat;maimai_dx;museca;ongeki;other;popn;pump_it_up;reflec;sdvx;taiko,ddr_gold;gitadora_dm_arena;gitadora_gf_arena;iidx_lm;popn_pikapika;sdvx_vm,chunithm:4;crossbeats:1;ddr:1;gitadora:10;iidx:6;jubeat:3;maimai_dx:1;museca:1;ongeki:1;popn:4;pump_it_up:1;reflec:1;sdvx:1;taiko:1,allnet;eagate;ziv
ＹＡＺ寝屋川店,大阪府寝屋川市石津中町25-26,34.7802772,135.6194363,chunithm;gitadora;iidx;maimai_dx;ongeki;other;polaris_chord;sdvx,iidx_lm;sdvx_vm,,allnet;eagate;ziv
ｙｏｕｍｅ　ＣＩＲＣＵＳ出雲店,島根県出雲市大塚町６５０−１ゆめタウン出雲店　東館３Ｆ,35.3774033,132.7562280,chunithm;maimai_dx;ongeki;other,,,allnet;ziv
ARCADE MONSTERS,6362 INTERNATIONAL DR ORLANDO FL 32819,28.4596379,-81.4683551,chunithm;dance_evo;ddr;drs;groove_coaster;iidx;jubeat;maimai_dx;nostalgia;ongeki;other;popn;pump_it_up;sdvx;stepmaniax;taiko;wacca,,chunithm:1;dance_evo:1;ddr:1;drs:2;groove_coaster:1;iidx:1;jubeat:2;maimai_dx:1;nostalgia:1;ongeki:1;popn:2;pump_it_up:1;sdvx:1;stepmaniax:1;taiko:1;wacca:1,allnet;ziv
CIDERCADE AUSTIN,600 e riverside Dr Austin tx 78704,30.2524716,-97.7410337,chunithm;groove_coaster;jubeat;maimai_dx;ongeki;other;pump_it_up;sdvx;stepmaniax;wacca,,chunithm:2;groove_coaster:1;jubeat:2;maimai_dx:1;ongeki:1;pump_it_up:1;sdvx:2;stepmaniax:1;wacca:1,allnet;ziv
CIDERCADE HOUSTON,2320 canal st  #100 Houston TX 77003,29.7575862,-95.3464930,chunithm;groove_coaster;jubeat;maimai_dx;nostalgia;ongeki;other;popn;pump_it_up;sdvx;stepmaniax;wacca,,chunithm:2;groove_coaster:1;jubeat:1;maimai_dx:2;nostalgia:1;ongeki:1;popn:1;pump_it_up:1;sdvx:2;stepmaniax:1;wacca:2,allnet;ziv
gamecenter arcade,"22009 68th Ave S, Kent, WA 98032",,,chunithm;jubeat;maimai_dx;museca;ongeki;other;taiko,,,community
GATCHA TANGRAM,133-33 37TH AVE #F1/F2 FLUSHINGNY 11354,40.7605824,-73.8337836,chunithm;ddr;drs;gitadora;maimai_dx;ongeki;other;project_diva;pump_it_up;taiko;wacca,,chunithm:2;ddr:1;drs:1;gitadora:2;maimai_dx:2;ongeki:2;project_diva:1;pump_it_up:1;taiko:1;wacca:1,allnet;ziv
Hamm's Arcade,"916 E BUS US 83 San Juan 78589, San Juan",26.1851073,-98.1403032,chunithm;ddr;drs;maimai_dx;ongeki;other;pump_it_up;taiko;wacca,,chunithm:1;ddr:1;drs:1;maimai_dx:1;ongeki:1;pump_it_up:1;taiko:1;wacca:2,ziv
IKIGAI ARCADE,"5738 BAUM BLVD PITTSBURGH, PA 15206",40.4586541,-79.9324136,chunithm;ddr;groove_coaster;iidx;maimai_dx;ongeki;other;popn;pump_it_up;sdvx;wacca,,chunithm:2;ddr:1;groove_coaster:1;iidx:2;maimai_dx:1;ongeki:1;popn:2;pump_it_up:1;sdvx:2;wacca:4,allnet;ziv
Red Note,"1881 South Rainbow Boulevard Las Vegas Nevada, 89146, Las Vegas",36.1505760,-115.2435833,chunithm;ddr;gitadora;groove_coaster;iidx;jubeat;maimai_dx;nostalgia;ongeki;other;popn;pump_it_up;sdvx;stepmaniax;wacca,,chunithm:4;ddr:5;gitadora:1;groove_coaster:1;iidx:2;jubeat:1;nostalgia:1;ongeki:1;popn:2;pump_it_up:1;sdvx:3;stepmaniax:1;wacca:1,ziv
Xepher Arcade,"4015 University Dr Ste H Durham North Carolina, 27707, Durham",35.9645715,-78.9565434,chunithm;crossbeats;groove_coaster;maimai_dx;ongeki;other;project_diva;pump_it_up;stepmaniax;wacca,,chunithm:1;crossbeats:2;groove_coaster:1;ongeki:1;project_diva:2;pump_it_up:1;stepmaniax:1;wacca:3,ziv;community
