name,address,latitude,longitude,games,cabs,game_counts,source
(装修中）玩家来也（全运路万达店）,全运路万达3F,41.6751100,123.4623050,other,,,bemanicn
1-7PLAY(西美花街店),红旗大街西美·花街生活工场4楼,38.0390830,114.5054380,maimai_dx;other;taiko,,maimai_dx:1;taiko:1,bemanicn
1-7play一起玩嘉年华,怀仁市新天地购物广场5楼,39.3298480,112.4235110,taiko,,taiko:1,bemanicn
1-7PLAY一起玩嘉年华(沧州一首诗生活中心店),沧州市运河区黄河西路与开元南大道交叉口荣盛国际购物广场F2,38.3055070,116.8269580,maimai_dx,,maimai_dx:1,bemanicn
1-7play一起玩家庭娱乐中心（天津东丽万达店）,东丽万达广场①入口3楼直达,39.0793730,117.3218770,maimai_dx;other;taiko,,maimai_dx:1;taiko:1,bemanicn;ziv
1-7PLAY一起玩滁州苏宁广场店（原风云再起）,天长西路54号苏宁广场负一层,32.2602480,118.3334930,maimai_dx;other;taiko,,maimai_dx:1;taiko:1,bemanicn
1-7PLAY唐山世界城店,河北省唐山市开平区中骏世界城二层1-7PLAY家庭娱乐中心,39.6271240,118.1780320,maimai_dx,,,wahlap
1-7PLAY家庭娱乐中心(中骏世界城店),普光道北侧规划新开路西侧中骏世界城(唐山店)二层西南角,39.6334100,118.1741900,maimai_dx;taiko,,maimai_dx:1;taiko:1,bemanicn
1-7PLAY家庭娱乐中心（雄安奥特莱斯店）,县容东双文街118号雄安奥特莱斯A301,38.8720440,115.4625540,taiko,,taiko:1,bemanicn
1-7play沧州一首诗中心店,河北省沧州市一首诗艺术生活中心二楼,38.3078860,116.8371550,maimai_dx,,,wahlap
1-7play电玩天津东丽万达店,天津市东丽区先锋东路6号万达广场(东丽店)3楼1-7play一起玩嘉年华电玩城（东丽万达店）,39.0819830,117.3099350,maimai_dx,,,wahlap
101潮玩中心,湖光路101号101聚厂B栋1楼101潮玩中心,24.4786060,118.0815360,maimai_dx;other,,maimai_dx:1,bemanicn
101潮玩中心厦门思明店,福建省厦门市思明区湖光路101-29号105室、106室、107室,24.4815260,118.0859000,maimai_dx,,,wahlap
11Lab超乐场天津SM广场店,天津市东丽区环河北路SM城市广场168号金环B门一层11Lab超乐场,39.0807710,117.3055770,chunithm,,,wahlap
11Lab超乐场天津东丽店,天津市东丽区环河北路168号SM天津滨海城市广场一楼11Lab超乐场,39.1566230,117.4124470,maimai_dx;other;taiko,,maimai_dx:1;taiko:1,wahlap;bemanicn;ziv
168遊戲機中心,觀塘牛頭角道300-302號裕民中心地下54-58號鋪,22.2858660,114.1646850,chunithm;maimai_dx;taiko,,chunithm:2;maimai_dx:1;taiko:1,bemanicn
1号机长,海安中央广场,31.9861180,120.8913630,maimai_dx;other,,maimai_dx:1,bemanicn
1号机长(凯德壹店),湖南省长沙市岳麓区茶子山东路112号(茶子山地铁站4号口步行320米)凯德壹中心,28.2276730,112.9349550,maimai_dx,,maimai_dx:1,bemanicn
1号机长化州万达店,万达广场(茂名化州店)三楼,21.6705840,110.9203470,maimai_dx,,maimai_dx:1,bemanicn
1号机长南通海安中央广场店,江苏省南通市海安市中坝中路41号喜润城3楼C3015号1号机长,31.9842060,120.8873350,maimai_dx,,,wahlap
1号机长合肥瑶海天地店,安徽省合肥市瑶海区瑶海天地3楼,31.8225250,117.2174740,jubeat;maimai_dx,,jubeat:2;maimai_dx:2,wahlap;bemanicn
1号机长合肥蜀山万象汇店,安徽省合肥市蜀山区南七街道合作化路与望江西路交口西南角合肥蜀山万象汇L0218N号,31.8205720,117.2185340,maimai_dx,,maimai_dx:1,wahlap;bemanicn
1号机长常德安乡城市广场店,湖南省常德市安乡县深柳镇城市广场1楼,29.0298390,111.6928270,maimai_dx,,maimai_dx:1,wahlap;bemanicn
1号机长常德武陵店,湖南省常德市武陵区武陵大道998号和瑞欢乐城3楼3030号,29.0298010,111.6960640,maimai_dx,,maimai_dx:1,wahlap;bemanicn
1号机长常德澧县店,湖南省常德市澧县欢乐城22号入口1号机长超乐场,29.0346160,111.6902630,maimai_dx,,,wahlap
1号机长常德鼎城吾悦广场店,湖南省常德市鼎城区玉霞街道常德吾悦广场3F一号机长,29.0342040,111.6978800,maimai_dx,,maimai_dx:1,wahlap;bemanicn
1号机长怀化溆浦万达店,湖南省怀化市溆浦县卢峰镇万达广场三楼1号机长,27.5705440,109.9935490,maimai_dx,,,wahlap
1号机长超乐场常德澧县店,欢乐城22号入口下,29.0309580,111.6890600,maimai_dx,,maimai_dx:1,bemanicn
1号机长超乐场芜湖inPARK店,安徽省芜湖市镜湖区中山路步行街inPARK商场4楼1号机长超乐场,31.3590390,118.4253550,maimai_dx,,,wahlap
1号机长超乐场茂名化州店,广东省茂名市化州市万达广场三楼1号机长,21.6634440,110.9185180,maimai_dx,,,wahlap
1号机长超乐场西安未央西咸万象城店,西安市未央区三桥街道西咸万象城三楼一号机长,34.3473280,108.9343630,chunithm;maimai_dx,,,wahlap
1号机长超乐场郑州金水美盛龙湖天街店,郑州市金水区丰庆路美盛龙湖天街3层17号,34.7462810,113.6210870,maimai_dx,,,wahlap
1号机长超乐场（溆浦店）,溆浦县万达广场一号,27.5762720,110.0012760,maimai_dx;taiko,,maimai_dx:1;taiko:1,bemanicn
1号机长超乐场（随州吾悦广场店）,曾都区交通大道吾悦广场三楼,31.6958310,113.3722560,maimai_dx,,maimai_dx:1,bemanicn
1号机长郑州郑东新区熙地港店,河南省郑州市郑东新区农业东路15号熙地港(郑州)购物中心3层027号1号机长店铺,34.7456220,113.6213610,chunithm;maimai_dx,,,wahlap
1号机长随州曾都店,湖北省随州市曾都区交通大道466号吾悦广场3楼1号机长,31.6900310,113.3758880,maimai_dx,,,wahlap
1号机长（芜湖镜湖inPARK店）,中山路步行街48号inPARK4楼,31.3504680,118.4269180,maimai_dx,,maimai_dx:2,bemanicn
1号玩家淄博淄川sm广场店,山东省淄博市淄川区sm广场二楼1号玩家,36.8166250,118.0502080,maimai_dx,,,wahlap
1号街区,沱江镇汇金国际,26.4213170,111.6050810,other,,,bemanicn
1号赢家,人民路与汤王大道交汇处,33.8489390,115.7747960,maimai_dx,,maimai_dx:2,bemanicn
1号赢家亳州谯城万达店,安徽省亳州市谯城区万达广场2F-6,33.8448590,115.7778410,maimai_dx,,,wahlap
303lab家庭娱乐中心,天津市天津市宁河区商业道60号百荣商厦三层303303lab家庭游乐中心,39.3246550,117.8225490,maimai_dx,,maimai_dx:1,bemanicn;ziv
365PLAY潮玩,昆仑南道与北站西路交叉口东北角 任丘市万达广场,38.3084730,116.8297650,maimai_dx,,maimai_dx:1,bemanicn
365PLAY潮玩沧州任丘万达店,河北省沧州市任丘市万达广场二楼365PLAY潮玩,38.3035740,116.8268690,maimai_dx,,,wahlap
37度家庭娱乐中心搜购店,和平路路南搜购购物中心2层,36.6255460,114.5361800,maimai_dx,,maimai_dx:1,bemanicn
37度邯郸和平店,河北省邯郸市邯山区和平路搜购购物广场二楼,36.6285220,114.5288400,maimai_dx,,,wahlap
50动漫游艺空间,盛京大家庭广场区四层,41.6751260,123.4545750,maimai_dx,,maimai_dx:1,bemanicn
51区动漫游乐天津西青店,天津市西青区中北镇阜盛道永旺梦乐城2楼51区动漫游乐场,39.1383520,117.0008210,chunithm;maimai_dx,,,wahlap
51区动漫游戏主题乐园,"白云区云霄路353号5号停机坪购物广场F3 Guangzhou Shi Guangdong Sheng, 510000, Guangzhou Shi",23.1814473,113.2658819,maimai_dx;other,,maimai_dx:3,ziv
51区南京浦口天悦城店,江苏省南京市浦口区沿江街道百润路9号天悦城2楼 51区超级乐园,32.0600770,118.7933370,maimai_dx,,,wahlap
51区天津南开大悦城店,天津市南开区南门外大街南开大悦城3f51区超级乐园,39.1343370,117.1425140,maimai_dx,,,wahlap
51区天津南开熙悦汇店,天津市南开区熙悦汇购物中心3F 51区超级乐园,39.1416120,117.1429740,maimai_dx,,,wahlap
51区天津市西青区社会山店,天津市西青区张家窝镇知景道321号社会山广场2层51区超级乐园,39.1449450,117.0045810,maimai_dx,,,wahlap
51区天津西青枫雅印象城店,张家窝镇枫雅道198号天津枫雅印象城购物中心F2层,39.1432540,117.0039260,maimai_dx;taiko,,maimai_dx:1;taiko:1,bemanicn
51区天津西青风雅印象城店,天津市西青区张家窝镇风雅印象城二楼51区超级乐园,39.1437090,116.9986640,maimai_dx,,,wahlap
51区家庭娱乐中心黄岛店,漓江西路1669号东馆3F,36.0675640,120.3824850,maimai_dx;other;taiko,,maimai_dx:1;taiko:1,bemanicn
51区滨湖江南大悦城店,江苏省无锡市滨湖区江南大悦城二楼51区超级乐园,31.4943960,120.3093460,chunithm,,,wahlap
51区超级乐园 AREA-51 SUPER PARK (天津津南店),"3F, Building 1, Shente Plaza, AEON Mall, Xinzhuang Town Jinnan District Tianjin Tianjin, 300350, Tianjin",39.0262676,117.3353740,maimai_dx;other;taiko,,maimai_dx:2;taiko:1,ziv
51区超级乐园 AREA-51 SUPER PARK (天津西青曹庄店),"3F, AEON Mall, No.1 Fusheng Road, Area 51 Arcade Xiqing District Tianjin Tianjin, 300380, Tianjin",39.1417930,117.0844700,chunithm;maimai_dx;other;taiko,,chunithm:2;maimai_dx:2;taiko:2,ziv
51区超级乐园 AREA-51 SUPER PARK (枫雅印象城购物中心),"2F, Fengya Impression City, No.198 Fengya Road Xiqing District Tianjin Tianjin, 300800, Tianjin",39.0533490,117.0229700,maimai_dx;other;taiko,,,ziv
51区超级乐园 AREA-51 SUPER PARK (梅江永旺店),"2F, AEON Mall, No.111 Youyi South Road Xiqing District Tianjin Tianjin, 300380, Tianjin",39.0269354,117.2129843,maimai_dx;other;taiko,,,ziv
51区超级乐园 AREA-51 SUPER PARK (梅江环宇城店),"Zhonghai Tianjin UniPark (Huanyucheng) Shopping Center, No.689 J Hexi District Tianjin Tianjin, 300201, Tianjin",39.0421696,117.2285200,chunithm;maimai_dx;other,,chunithm:2;maimai_dx:2,ziv
51区超级乐园 AREA-51 SUPER PARK (水游城店),"2F, Building A, Pengxin Aqua City, Dafeng Road Hongqiao District Tianjin Tianjin, 300131, Tianjin",39.1461542,117.1639109,chunithm;maimai_dx;taiko,,chunithm:2;maimai_dx:2;taiko:1,ziv
51区超级乐园 AREA-51 SUPER PARK (熙悦汇店),"3F, Xi Yue Hui, No.513 Huanghe Road Nankai District Tianjin Tianjin, 300190, Tianjin",39.1367300,117.1178110,maimai_dx;other;taiko,,,ziv
51区超级乐园 AREA-51 SUPER PARK (社会山店),"2F, Shehuishan Shopping Center, Zhangjiawo Town Xiqing District Tianjin Tianjin, 300380, Tianjin",39.0509760,117.0439270,maimai_dx,,,ziv
51区超级乐园 AREA-51 · solo park,"3F, Joy City Shopping Center, No.2 Nanmenwai Street Nankai District Tianjin Tianjin, 300100, Tianjin",39.1330950,117.1739410,chunithm;maimai_dx;other;taiko,,chunithm:2;maimai_dx:2;taiko:1,ziv
51区超级乐园 天悦城店,江苏省南京市浦口区沿江街道百润路9号天悦城二层,32.0629140,118.7930500,chunithm;maimai_dx;taiko,,chunithm:2;maimai_dx:2;taiko:1,bemanicn
51区超级乐园(新城市广场店),鼓楼区草场门大街99号新城市广场,32.0636080,118.7939120,maimai_dx;other;taiko,,maimai_dx:2;taiko:1,bemanicn
51区超级乐园·solo park,南门外大街2号天津大悦城购物中心3楼,39.1269620,117.1820010,chunithm;maimai_dx;taiko,,chunithm:2;maimai_dx:2;taiko:1,bemanicn
51区超级乐园南京鼓楼店,江苏省南京市鼓楼区草场门大街99号龙江新城市广场一期第三层A305号（51区超级乐园）,32.0608590,118.7946630,maimai_dx,,,wahlap
51区超级乐园天津津南店,天津市津南区辛庄永旺3楼五十一区超级乐园,38.9393080,117.3551360,maimai_dx;other;taiko,,maimai_dx:2;taiko:1,wahlap;bemanicn
51区超级乐园天津红桥水游城店,天津市红桥区水游城A座2楼51区超级乐园,39.1703750,117.1482550,chunithm;maimai_dx,,,wahlap
51区超级乐园天津西青曹庄店,阜盛道1号永旺梦乐城2楼51区动漫游乐场,39.1369050,117.0016590,chunithm;maimai_dx;taiko,,chunithm:2;maimai_dx:2;taiko:2,bemanicn
51区超级乐园梅江永旺店,西青区友谊南路111号永旺梦乐城F2层,39.1458700,117.0029050,maimai_dx;taiko,,maimai_dx:1;taiko:1,bemanicn
51区超级乐园梅江环宇城店,天津市河西区-解放南路689号中海天津环宇城购物中心,39.1105940,117.2144490,chunithm;maimai_dx;taiko,,chunithm:2;maimai_dx:2;taiko:1,bemanicn
51区超级乐园水游城店,天津市红桥区大丰路鹏欣水游城A馆2F,39.1693360,117.1427330,chunithm;maimai_dx;taiko,,chunithm:2;maimai_dx:2;taiko:1,bemanicn
51区超级乐园济南印象城店,山东省济南市历城区花园路136号印象城5楼L519-L522,36.6508030,117.1198050,chunithm;maimai_dx;taiko,,chunithm:2;maimai_dx:1;taiko:1,wahlap;bemanicn
51区超级乐园滨州滨城万达广场店,山东省滨州市滨城区万达广场一楼51区超级乐园,37.3813780,117.9606850,maimai_dx,,,wahlap
51区超级乐园熙悦汇店,南开区黄河道513号熙悦汇F3层,39.1389960,117.1384410,maimai_dx;taiko,,maimai_dx:1;taiko:1,bemanicn
51区超级乐园盘锦万达店,辽宁省盘锦市兴隆台区万达广场一楼51区超级乐园,40.7164190,122.1691620,maimai_dx;other,,maimai_dx:2,wahlap;bemanicn
51区超级乐园聊城东昌府万达店,山东省聊城市东昌府区万达广场三楼51区超级乐园前台,36.4604370,115.9772320,maimai_dx,,,wahlap
51区超级乐园西青梅江永旺店,天津市西青区梅江永旺51区超级乐园,39.1393770,117.0047170,maimai_dx,,,wahlap
51区超级乐园（社会山店）,张家窝镇社会山购物中心2楼,39.1221890,117.1894090,maimai_dx,,maimai_dx:1,bemanicn
51区青岛市北悦荟广场店,山东省青岛市市北区人民路269号悦荟广场5楼,36.0682000,120.3747210,chunithm,,,wahlap
51区青岛李沧万达店,山东省青岛市李沧区巨峰路万达广场2楼51区超级乐园,36.0641610,120.3795480,chunithm;maimai_dx;taiko,,chunithm:2;maimai_dx:3;taiko:1,wahlap;bemanicn
54工场邢台威县店,河北省邢台市威县信誉楼三楼,37.0575010,114.4896730,maimai_dx,,,wahlap
58潮玩空间（任丘万达店）,昆仑南道与北站西路交叉口东北角 任丘市万达广场,38.3056890,116.8265600,maimai_dx,,maimai_dx:1,bemanicn
6686家庭娱乐中心赣州章贡店,江西省赣州市章贡区6686家庭娱乐中心,25.8367690,114.9306910,maimai_dx,,maimai_dx:1,wahlap;bemanicn
7484泛娱乐中心重庆秀山店,重庆秀山土家族苗族自治县中和街道朝阳路138号负1号地下商场负1-1966,28.4506840,108.9971350,maimai_dx,,,wahlap
7484益阳南县步步高桂花店,湖南省益阳市南县南州镇步步高桂花广场三楼f3015号铺7484&爱巴爱麻电玩城,28.5619380,112.3503300,maimai_dx,,,wahlap
7shop南京栖霞康桥圣菲店,江苏省南京市栖霞区文范路9号 康桥圣菲,32.0643840,118.7935450,maimai_dx,,,wahlap
903Psi玩家之家,珞南街道武珞路阜华大厦C座9楼C903,30.5991060,114.2979740,other,,,bemanicn
941卡通尼南京浦口江北虹悦城店,江苏省南京市浦口区龙华路1号江北虹悦城3楼卡通尼,32.0631810,118.7947020,maimai_dx,,,wahlap
[北碚音游窝]RhythmVerse乐律诗篇,天生支路28号北碚五一所（地铁3号口左拐步行200米）6-2-1-1,29.8084150,106.3949540,chunithm;maimai_dx,,chunithm:2;maimai_dx:2,bemanicn
ABAM家庭娱乐中心（三明爱琴海店）,福建省三明市三元区爱琴海购物中心A区一层,26.2650100,117.6298980,maimai_dx,,maimai_dx:1,bemanicn
ABAM电玩娱乐中心,赣南大道爱琴海购物公园3F3001,25.8323170,114.9269310,maimai_dx,,maimai_dx:1,bemanicn
AG潮玩,中弘范特区三楼电影院旁边,34.6210180,112.4436300,maimai_dx;other,,maimai_dx:1,bemanicn
AIKBAGO 北京朝阳微博IN,"Weibo IN, Chaoyang Park Chaoyang District Beijing Beijing, 100032, Beijing",39.9458218,116.4799635,chunithm;maimai_dx;other,,chunithm:2;maimai_dx:4,ziv
AKIBA GO（奇谷米次元街区店）,坡子街街道黄兴南路步行街商业街西厢南栋2628号,28.2343060,112.9329880,chunithm;taiko,,chunithm:2;taiko:1,bemanicn
AKIBAGO上海杨浦百联ZX造趣场店,上海市杨浦区四平路2500号百联ZX造趣场2楼AKIBAGO,31.3003613,121.5115133,chunithm;jubeat;maimai_dx;other,,chunithm:2;jubeat:2;maimai_dx:7,wahlap;bemanicn;ziv
AKIBAGO北京朝阳微博in店,北京市朝阳区朝阳公园微博in跨次元引力场一层,39.9220050,116.4396190,chunithm;maimai_dx;other,,chunithm:2;maimai_dx:4,wahlap;bemanicn
AKIBAGO深圳罗湖新白马·次元店,广东省深圳市罗湖区东门街道新白马·次元9号,22.5453220,114.0497220,chunithm;maimai_dx;taiko,,chunithm:2;maimai_dx:4;taiko:1,wahlap;bemanicn
AKIBA深圳奇谷米次元街区店,广东省深圳市南山区沙河街道东方社区白石路2033号欢乐海岸购物中心L2-E202,22.5450270,114.0511910,chunithm,,,wahlap
ALL IN 次元电玩城,广东省深圳市罗湖区南湖路3005号国贸商业大厦2f,22.5411440,114.0526470,chunithm;maimai_dx;taiko,,chunithm:2;maimai_dx:2;taiko:1,bemanicn
ALL IN极限潮玩馆深圳罗湖国贸广场二期店,深圳市罗湖区南湖街道嘉北社区南湖路3007号国贸 广场（二期）二层F2-01,22.5435740,114.0509900,chunithm;maimai_dx,,,wahlap
AP FUNLL(吾角天街店),吾角天街,30.2456840,120.2093240,other,,,bemanicn
AREA-51区烟台开发区永旺店,烟台开发区长江路120号永旺梦乐城（烟台金沙滩店）3楼302b AREA-51游戏厅,37.4655370,121.4431960,chunithm;maimai_dx;taiko,,chunithm:1;maimai_dx:2;taiko:1,bemanicn
AREA-51区烟台福山永旺店,山东省烟台市福山区永旺梦乐城302b酷玩空间,37.4646680,121.4466520,chunithm;maimai_dx,,,wahlap
AREA-51区超极乐园宝贝王,黄河十二路890号万达广场1楼,37.3824780,117.9687600,maimai_dx,,maimai_dx:2,bemanicn
AREA-51区超级乐园青岛永旺店,山东省青岛市黄岛区漓江西路永旺梦乐城1楼东馆AREA-51区超级乐园,36.0642080,120.3732950,maimai_dx,,,wahlap
Ark of the Realm 全境方舟 (东门不夜天),"F2,XinheCommercialBuilding, No.2010 DongmenMiddleRoad, Luohu 罗湖区 Shenzhen 深圳市 Guangdong 广东省, 518001, Shenzhen 深圳市",22.5494343,114.1167015,maimai_dx;other;taiko,,maimai_dx:1;taiko:2,ziv
Ark of the Realm 全境方舟 (深圳天河城),"2nd Floor, South Zone, Shenzhen Teemall Shopping Center, No. 3009 Taibai Road, Luohu 罗湖区 Shenzhen 深圳市 Guangdong 广东省, 518001, Shenzhen 深圳市",22.5785897,114.1297907,maimai_dx;other;taiko,,,ziv
A级玩家,广东省佛山市顺德区大良街道大良步行街顺利德广场117号铺A级玩家(步行街店),23.0209480,113.1156870,taiko,,taiko:1,bemanicn
baby go梦幻乐园,石角镇美林湖摩天轮下,23.6845330,113.0558260,other;taiko,,taiko:2,bemanicn
Baby熊太和万达店,太和大道666号万达广场3楼,32.8969760,115.8086090,maimai_dx,,maimai_dx:1,bemanicn
Baby熊家庭阜阳太和万达店,安徽省阜阳市太和县城关镇太和大道万达广场三楼Baby熊家庭,32.8966420,115.8048910,maimai_dx,,,wahlap
BEEBEELAND 蜂狂天地,路凼填海區澳門葡京人2樓 H853 Fun Factory 娛樂廠 R92 AB 鋪,22.1866740,113.5333710,maimai_dx;other,,maimai_dx:2,bemanicn
BitCity,"B1 Floor, HUA (大中华国际交易广场) No. 1 Fuhua 1st Road, Convention and E Futian 福田区 Shenzhen 深圳市 Guangdong 广东省, 518048, Shenzhen 深圳市",22.5386013,114.0569633,chunithm;jubeat;maimai_dx;other;taiko,,chunithm:2;jubeat:2;maimai_dx:3;taiko:4,ziv
BitCity大中华广场(次元小镇),会展福华一路1号大中华HUA广场G层,22.5443200,114.0564990,chunithm;maimai_dx;taiko,,chunithm:2;maimai_dx:3;taiko:4,bemanicn
Bubble's Home,双河市明珠街道壹号公馆1单元,44.8371930,82.3514870,chunithm;maimai_dx,,chunithm:1;maimai_dx:1,bemanicn
Cartoony World 卡通尼世界（金台万达）,"3rd Floor, Wanda Plaza, Jintai District Baoji City Shaanxi Province, 721000, Baoji City",34.3607261,107.1743774,taiko,,,ziv
Cartoony World 卡通尼乐园 (上海马桥店),"3F, Maqiao Wanda Plaza, No.121 Fuyan Road Minhang District Shanghai Shanghai, 201111, Shanghai",31.0255089,121.3684943,other;taiko,,,ziv
Cartoony World 卡通尼乐园 (北京荟聚中心店),"F3, Livat Beijing, No.15 Xinning Street Daxing District Beijing Beijing, 102600, Beijing",39.7848737,116.3210388,other;taiko,,,ziv
Cartoony World 卡通尼乐园 (北京银座和谐广场店),"万丰路68号银座和谐广场3F-301（商场3楼西北角） Fengtai District Beijing Beijing, 100070, Beijing",39.8809594,116.2905423,other;taiko,,,ziv
Cartoony World 卡通尼乐园 (嘉亭荟城市生活广场店),"3F West, Jiatinghui City Life Plaza, No.1055-1077 Moyu South Roa Jiading District Shanghai Shanghai, 201805, Shanghai",31.2895909,121.1562907,other;taiko,,,ziv
Cartoony World 卡通尼乐园 (宝鸡银泰城),"3 Floor, Yintai City, No. 66 Jintai Avenue, Jintai District, (金台大道66号银泰城3楼) Baoji Shannxi, 721004, Baoji",34.3611733,107.1909748,other,,,ziv
Cartoony World 卡通尼乐园 (西安熙地港CityOn),"3rd Floor, Wangfujing Department Store, No. 170 Weiyang Road, We (未央路170号熙地港王府井百货3F) Xi'an Shannxi, 710016, Xi'an",34.3393611,108.9407836,other,,,ziv
Cartoony World 卡通尼乐园 (西安益田假日世界),"L3 Floor, Yitian Holiday World Shopping Center, No. 166 Changle (益田假日世界购物中心L3层) Xi'an Shannxi, 710032, Xi'an",34.2702774,108.9697514,other,,,ziv
Cartoony World 卡通尼乐园 (西安荟聚Livat),"1 Floor, Livat, intersection of Ziwu Avenue and Western Avenue, (子午大道荟聚宜家购物中心1楼) Xi'an Shannxi, 710065, Xi'an",34.1742459,108.8950262,other,,,ziv
Cartoony World 卡通尼乐园 (西安金地广场),"2nd Floor, F214A-F214B, Xi’an Jindi Plaza, No. 999 Qujiangchi Ea (曲江池东路999号西安金地广场2F) Xi'an Shannxi, 710061, Xi'an",34.2043135,108.9834363,other;taiko,,,ziv
Cartoony World 卡通尼乐园 (龙首原印象城InCity),"InCity City, No. 33 Weiyang Road, Weiyang District, (未央路33号西安龙首印象城) Xi'an Shannxi, 710014, Xi'an",34.2954448,108.9433372,other,,,ziv
Cartoony World 卡通尼乐园 × Fun Forward (今潮八弄店),"LG1 Floor, Bingang Commercial Center (Jinchao Balong), Sichuan N Hongkou District Shanghai Shanghai, 200085, Shanghai",31.2517471,121.4789144,taiko,,,ziv
Cartoony World 卡通尼乐园 × Safari 非洲探索乐园 (金桥国际商业广场店),"3F-4F, Building 1, Jinqiao International Commercial Plaza, No.36 Pudong New District Shanghai Shanghai, 200136, Shanghai",31.2579160,121.5752488,other;taiko,,,ziv
Cartoony World 卡通尼乐园（北京凯德大兴3F）,"No.2 Huatuo Road, Kaide Mall (CapitaMall Daxing), 3F, Daxing Dis Daxing District, near Tiangongyuan Station (Line 4) Beijing Beijing, 102629, Beijing",39.6719761,116.3129752,other;taiko,,,ziv
Cartoony World 卡通尼欢乐世界 (美兰湖店),"Building B 3F, Zhongji Jindi Plaza, No.19 Lane Nianxi Road Baoshan District Shanghai Shanghai, 201908, Shanghai",31.4019822,121.3458610,other;taiko,,,ziv
Cartoony卡通尼乐园(西安曲江大悦城),"西安曲江大悦城3F, ci'en west road, 雁塔区 Yanta District Xi‘an Shannxi, 710000, Xi‘an",34.2187756,108.9572740,other;taiko,,,ziv
CCTEDAY超乐馆南宁万达茂店,广西南宁市邕宁区良堤路6号万达茂一楼,22.8188720,108.3667290,maimai_dx;other,,maimai_dx:1,wahlap;bemanicn
Club 禊,凤翼路黄金局家属院,34.6210110,112.4527010,chunithm;maimai_dx;taiko,,chunithm:1;maimai_dx:1;taiko:1,bemanicn
CLUBPLAY（振华广场店）,锡林郭勒北路29号振华广场7楼,40.8167648,111.6611445,other;sdvx;taiko,,sdvx:2;taiko:1,bemanicn;ziv
cocopark广州荔湾健康港店,广东省广州荔湾区健康港星河cocopark 北馆3楼极客森门店,23.1328210,113.2536690,maimai_dx,,,wahlap
coohooMax真快活(北京西城),"西单北大街130号华威大厦5层 Xicheng District Beijing Beijing, 100032, Beijing",39.9100211,116.3684761,maimai_dx;other;taiko,,maimai_dx:2;taiko:1,ziv
Coolman Zone 酷漫地带,"No.36, U-Life Patio Block C, Yingda Road, (英达路悠生活庭院C座36号) Baoji Shannxi, 721000, Baoji",34.3546767,107.1295416,other,,,ziv
cowplaycowmoo上海徐汇新六百店,上海市徐汇区衡山路 932 号新六百young 四楼407 CPCM,31.1926530,121.4345700,maimai_dx;taiko,,maimai_dx:4;taiko:1,wahlap;bemanicn
CPCM龙之梦长宁城市生活中心店,上海市长宁区长宁路1018号龙之梦城市生活广场5楼cow play cow moo,31.2215910,121.4178820,chunithm;maimai_dx;taiko,,chunithm:2;maimai_dx:3;taiko:1,wahlap;bemanicn
C站杭州余杭店,浙江省杭州市余杭区南苑街道迎宾路501号余之城生活广场186单元,30.2522420,120.2037390,maimai_dx,,,wahlap
C翻乐园,江苏省无锡市滨湖区金石路C翻乐园无锡万象城,31.4951540,120.3062240,maimai_dx,,maimai_dx:2,bemanicn
C翻乐园 C-FUN Sport & Game (海口龙湖天街),"Unit C-3F-01-02-03, 3rd Floor, Phase II, Paradise Walk, No. 15 N Jinyu Subdistrict 金宇街道, Longhua 龙华区 Haikou City 海口市 Hainan Province 海南省, 570311, Haikou City 海口市",20.0006929,110.3295549,maimai_dx;other,,maimai_dx:2,ziv
C翻乐园厦门集美大悦城店,福建省厦门市集美区大悦城3楼C翻乐园,24.4850490,118.0790650,maimai_dx;other,,maimai_dx:2,wahlap;bemanicn
C翻乐园成都滨江天街店,四川省成都市成华区建设路街道龙湖滨江天街3F一01A,30.5730200,104.0689070,maimai_dx,,,wahlap
C翻乐园武汉洪山大悦城店,湖北省武汉市洪山区高新大道718号大悦城3楼,30.5930170,114.3025060,chunithm;maimai_dx;other,,chunithm:2;maimai_dx:1,wahlap;bemanicn
C翻乐园武汉群星城店,湖北省武汉市武昌区徐东大街120号福星惠誉群星城5楼,30.5969620,114.2965090,maimai_dx,,,wahlap
C翻乐园苏州姑苏万象天地店,江苏省苏州市姑苏区万象天地三楼C翻乐园,31.3057000,120.5837010,jubeat;maimai_dx;other,,jubeat:2;maimai_dx:2,wahlap;bemanicn
C翻乐园（龙湖东安天街店）,龙湖东安天街B馆3F,30.5745730,104.0584020,maimai_dx,,maimai_dx:1,bemanicn
C翻群星城店,徐东大街120号福星惠誉群星城5层,30.5984210,114.3013770,maimai_dx;other,,maimai_dx:1,bemanicn
D 窝,新园北路敏捷城一期,23.0473150,112.4574790,chunithm;maimai_dx;taiko,,chunithm:2;maimai_dx:1;taiko:1,bemanicn
D1玩家,四川省成都市锦江区春熙路友谊广场D1玩家(春熙路友谊广场店),30.5749690,104.0605810,maimai_dx,,maimai_dx:1,bemanicn
D7星空之城恩施星光里店,民族路星光里购物中心2楼,30.2723790,109.4808950,taiko,,taiko:1,bemanicn
DDPARK潮玩临汾尧都店,山西省临汾市尧都区解放路33号生龙国际悦享城F4001,36.0911720,111.5131470,chunithm;maimai_dx;other,,chunithm:2;maimai_dx:2,wahlap;bemanicn
DE DE APU潮玩运动聚乐部,运河西街道隆悦城北区3楼,39.1059800,117.2139050,other,,,bemanicn
DEDEAPU @ Shanghai,"Kejia Square, Huancheng East Road, Fengxian District, Shanghai Fengxian District Shanghai Shanghai, 201400, Shanghai",30.9265066,121.4623968,maimai_dx;other,,,ziv
DEDEAPU @ Tianjin,"3F, Longyue Cheng North Block, Yunhe West Subdistrict Wuqing District Tianjin Tianjin, 301700, Tianjin",39.3786360,117.0416080,other,,,ziv
DEDEAPU上海奉贤可家广场,上海奉贤区南桥镇可家广场,30.9237020,121.4688630,maimai_dx,,maimai_dx:1,wahlap;bemanicn
DIJOYTOWN 电玩橙(西安曲江大悦城),"No.48 3rd floor JOYCITY(西安曲江大悦城3F), Ci'en west road No.777 (慈恩西路 Yanta District(雁塔区) Xi‘an Shannxi, 710000, Xi‘an",34.2179948,108.9573598,chunithm;maimai_dx;other,,chunithm:2;maimai_dx:2,ziv
DIJOYTOWN电玩橙(元谷Mall),"3rd Floor, Yuangu Mall(元谷商业中心), Tuanjie South Road， Yanta District Xi'an Shannxi, 710077, Xi'an",34.2530796,108.8780040,maimai_dx;other,,maimai_dx:2,ziv
DK超乐场秦皇岛海港恒山路店,河北省秦皇岛市海港区恒山路一号院内,39.8889140,119.5114540,maimai_dx,,,wahlap
Dongmen,"深圳市(Shenzhen) 广东省 (Guangdong Province), 深圳市(Shenzhen)",22.5568386,114.1310042,other,,,ziv
DORAPLANET 哆啦星球 (高新玫瑰ONE),"Rose 1F, One Shopping Center (Gaoxin), Chengzhang Road No.1512 Chang'an District Xi'an Shaanxi Province, 710101, Xi'an",34.1346055,108.8204260,chunithm;drs;maimai_dx;other;sdvx,,chunithm:2;drs:1;maimai_dx:1;sdvx:2,ziv
DORAPLANET: Main Battlefield (哆啦星球主战场·四海唐人街),"2nd Floor, Mall of Chinatown , Fengcheng third Road (四海唐人街2楼001号店铺) Xi'an Shannxi, 710000, Xi'an",34.3215262,108.9656962,other,,,ziv
DORAPLANET: Main Battlefield (哆啦星球主战场·大旺城),"Dawang City Shopping , No.81 Daqing Road Xi'an Shannxi, 710000, Xi'an",34.2697565,108.8516191,sdvx,,sdvx:2,ziv
Doro窝,江西省南昌市青山湖区上海北路南客住宅区,28.6877410,115.8578070,chunithm;maimai_dx,,chunithm:1;maimai_dx:2,bemanicn
D壹电玩,河北省廊坊市霸州市胜富路霸州市大华世纪商厦(胜富路店),39.5373070,116.6835440,maimai_dx,,maimai_dx:1,bemanicn
D迪卡丘家庭体验中心佳木斯万达店,佳木斯市向阳区光复西路1801号,46.8004000,130.3115780,maimai_dx,,maimai_dx:1,bemanicn
E+潮玩,城南街道济川东路228泰州万达广场3楼原大玩家位置,32.4617730,119.9182340,maimai_dx,,maimai_dx:2,bemanicn
e+潮玩•乐园云（灌云店）,万达广场3F,34.5987850,119.2139520,maimai_dx,,maimai_dx:1,bemanicn
e+潮玩万达广场店,万达广场二楼西侧,33.9636870,118.2669130,maimai_dx,,maimai_dx:1,bemanicn
e+潮玩乐园云(宿迁吾悦店),吾悦广场2楼 肯德基上方,33.9604060,118.2695810,chunithm;maimai_dx,,chunithm:2;maimai_dx:1,bemanicn
e+潮玩南京江宁宝龙店,江苏省南京市江宁区麒麟街道青喜社区丹霞街169号宝龙广场F3,32.0622410,118.7936680,chunithm;maimai_dx,,chunithm:2;maimai_dx:2,wahlap;bemanicn
e+潮玩宿迁宿豫万达店,江苏省宿迁市宿豫区万达广场L2026,33.9622530,118.2685980,maimai_dx,,,wahlap
e+潮玩宿迁沭阳万达店,江苏省宿迁市沭阳县万达广场e+潮玩,33.9665290,118.2716010,maimai_dx;taiko,,maimai_dx:1;taiko:1,wahlap;bemanicn
e+潮玩扬州邗江万达店,江苏省扬州市邗江区万达广场3楼e+潮玩,32.3989710,119.4123320,chunithm;maimai_dx;other,,chunithm:2;maimai_dx:1,wahlap;bemanicn
e+潮玩泰州泰兴万达店,江苏省泰州市泰兴市万达广场2楼e+潮玩,32.4582020,119.9233760,maimai_dx,,maimai_dx:1,wahlap;bemanicn
e+潮玩淮南爱琴海购物中心店,安徽省淮南市田家庵区爱琴海购物中心二楼e+潮玩,32.5862550,117.0161770,chunithm;maimai_dx,,chunithm:2;maimai_dx:2,wahlap;bemanicn
E+潮玩连云港灌云万达店,江苏省连云港市灌云县万达广场三楼E+潮玩,34.5994740,119.2170950,maimai_dx,,,wahlap
e+酷玩,安徽省芜湖市无为大润发一层张友记糖水铺旁,31.3502080,118.4258200,maimai_dx,,maimai_dx:1,bemanicn
e+酷玩芜湖无为大润发店,安徽省芜湖市无为市无城镇润发广场一层10243-F1-16,31.3533370,118.4235560,maimai_dx,,,wahlap
E享空间北京西城百货大楼店,北京市西城区北京城区新华百货大楼6层,39.9087270,116.3655480,maimai_dx,,,wahlap
e加潮玩宿迁宿城吾悦广场店,江苏省宿迁市宿城区吾悦广场e加潮玩,33.9680770,118.2705910,chunithm;maimai_dx,,,wahlap
E号玩家顺德大融城店,佛山市顺德区大融城3楼大玩家,23.0244640,113.1216390,maimai_dx;other,,maimai_dx:1,wahlap;bemanicn
E时空电玩城（淄博恒太城店）,山东省淄博市张店区房镇镇华光路331号淄博明发恒太城,36.8148150,118.0470190,maimai_dx,,maimai_dx:1,bemanicn
e码潮玩佛山顺德北滘店,广东省佛山市顺德区北滘商业广场3楼e码潮玩,23.0257220,113.1180800,maimai_dx,,,wahlap
e＋潮玩泰州海陵万达店,江苏省泰州市济川东路228号万达广场三楼,32.4595690,119.9218300,maimai_dx,,,wahlap
FIRST福思特动漫电玩世界嘉定宝龙广场店,阿克苏路1099号嘉定宝龙广场1L,31.3476135,121.2561217,maimai_dx,,maimai_dx:1,bemanicn;ziv
First福思特动漫电玩世界（漯河源汇万达店）,源汇区长江路与九龙山路交叉口万达广场3层次主1号铺,33.5840190,114.0115900,chunithm;maimai_dx,,chunithm:2;maimai_dx:2,bemanicn
FIRST福斯特动漫电玩世界（晋中榆次定阳万达店）,晋中定阳万达广场3号门，二层,37.6849470,112.7507940,chunithm;maimai_dx,,chunithm:2;maimai_dx:2,bemanicn
FOLIVE PARK重庆南山凡米里店,重庆市南岸区向黄路南山凡米里北楼4楼,29.5064860,106.6381570,maimai_dx,,,wahlap
Freetime潮玩街区(小寨金莎国际),"B1 Floor, 金莎国际,Middle Chang'an Road Yanta District Xi'an Shannxi, 710000, Xi'an",34.2279173,108.9426425,other,,,ziv
FS COMICS动漫,吉瑞二路99号成都时光里购物中心B区B1081号FS动漫,30.5747990,104.0594470,chunithm;maimai_dx;taiko,,chunithm:2;maimai_dx:1;taiko:2,bemanicn
FS COMICS动漫大融城店,两江新区观音桥大融城重百造梦场1楼,29.6468410,106.5676140,taiko,,taiko:1,bemanicn
FS COMICS成都武侯时光里店,四川省成都市武侯区吉瑞二路成都保利时光里南里B1081,30.5782780,104.0663550,chunithm;maimai_dx,,,wahlap
FULL-OFF 福爪爪快乐街区 (花园城中心),"2nd Floor, Shekou Garden City Center, No. 1090 Nanhai Avenue, Nanshan District, Shenzhen Guangdong, 518067, Shenzhen",22.5050638,113.9186524,maimai_dx;other,,,ziv
FUN VALLEY潮玩广州越秀侨光西路店,广东省广州市越秀区侨光西路11号星寰国际商业中心三楼L3-01-1,23.1354820,113.2609000,chunithm;maimai_dx,,,wahlap
FUN WLLEY星寰店,侨光西路11号星寰国际商业中心3层L3-01-1,23.1367840,113.2629500,chunithm;maimai_dx;taiko,,chunithm:2;maimai_dx:3;taiko:1,bemanicn
FUNDOLAND Sports·Games·VR 反斗乐园 (中航城君尚(天虹)购物中心),"L5 Floor, Zone A, Zhonghang City Junshang Shopping Center, (福田区振中路中航城君尚购物中心A区5层L511) Shenzhen 深圳市 Guangdong 广东省, 518032, Shenzhen 深圳市",22.5457755,114.0772090,maimai_dx;other;taiko,,maimai_dx:1;taiko:2,ziv
FUNDOLAND π,"501-9, 海岸城广场, Wenxin Wu Road No.33 Yuehai Subdistrict, Nanshan District Shenzhen Guangdong, 518084, Shenzhen",22.5202875,113.9305638,chunithm;other;taiko,,chunithm:2;taiko:1,ziv
FUNDOLAND 反斗乐园 (欢乐海岸),"[Temporary Closed] L2 Floor, OCT Harbour Shopping, No.8 Baishi Road, Nanshan District (欢乐海岸购物中心2楼) Shenzhen 深圳市 Guangdong 广东省, 518001, Shenzhen 深圳市",22.5282357,113.9842270,other;taiko,,,ziv
FUNDOLAND 反斗乐园 (金光华),"L4 Floor, Kingglory Plaza, No. 4 Jiabin Road, Luohu District, (金光华购物广场4楼L4-001&L4-007) Shenzhen 深圳市 Guangdong 广东省, 518001, Shenzhen 深圳市",22.5423222,114.1149983,maimai_dx;other;taiko,,maimai_dx:1;taiko:2,ziv
FUNDOLAND（中心城）,"138 Fuhua 3rd Road 中心城2楼反斗星际传奇 Shenzhen Guangdong , 518000, Shenzhen",22.5381306,114.0542919,maimai_dx;other;taiko,,,ziv
FUNFUN CITY 环游乐园 (渭南信达),"3rd Floor, China Resources Vanguard Shopping Center, Qianjin Roa (前进路华润万家购物中心三楼) Weinan (渭南市) Shannxi (陕西省), 714000, Weinan (渭南市)",34.4989705,109.4895749,other,,,ziv
FUNFUN CITY 环游乐园 (渭南宏帆),"3rd Floor, China Resources Vanguard Shopping Center, Qianjin Roa (前进路华润万家购物中心三楼) Weinan (渭南市) Shannxi (陕西省), 714000, Weinan (渭南市)",34.4974850,109.4854774,maimai_dx;other,,,ziv
FUNFUN CITY 环游乐园 (蓝田新茂),"Xinmao Shopping Plaza, F3, Lantian County, (新茂购物广场3楼) Xi'an (西安市) Shannxi (陕西省), 710500, Xi'an (西安市)",34.1660127,109.3110734,other;taiko,,,ziv
FUNFUN CITY 环游乐园 (铜锣湾),"Tongluowan No.3, Xincheng Avenue (蒲城县新城大道铜锣湾3楼) Weinan 715500, Weinan",34.9413220,109.5929144,other,,,ziv
Funloop Land (Joy City Mall Chaoyang Beijing),"8F, Joy City Mall, Chaoyang North Road Chaoyang District Beijing Beijing, 100121, Beijing",39.9234054,116.5127754,other,,,ziv
funmall贵阳万象城店,贵州省贵阳市遵义路万象城3F,26.6530450,106.6198330,chunithm;maimai_dx,,chunithm:2;maimai_dx:1,wahlap;bemanicn
FunMall贵阳南明万象城店,贵州省贵阳市南明区万象城3楼L331号铺,26.6542940,106.6214960,maimai_dx,,,wahlap
Funs趣玩咸宁赤壁摩尔城店,湖北省咸宁市赤壁市摩尔城三楼Funs趣玩,29.8416360,114.3181450,maimai_dx,,maimai_dx:1,wahlap;bemanicn
Funwlley家庭娱乐中心广州番禺店,广东省广州市番禺区洛溪环岛南路398号洛溪大厦喜邻里商业中心4楼funwlley家庭娱乐中心,23.1374730,113.2573390,maimai_dx;taiko,,maimai_dx:1;taiko:1,wahlap;bemanicn
FUN电潮玩馆开封万岁山店,河南省开封市龙亭区万岁山景区潮玩街区,34.7961810,114.3105320,maimai_dx,,maimai_dx:1,wahlap;bemanicn
FY Legend (飞影传奇榆林店),"Zone D, Fuzi Temple Culture Pedestrian Mall （夫子庙步行街-D区） Yulin 榆林市 Shannxi 陕西省, 719000, Yulin 榆林市",38.2833680,109.7466585,other,,,ziv
FY Legend 飞影传奇,"Moscow Commercial Street, Cultural Palace, Hongqi Subdistrict, Tongchuan 铜川市 Shannxi 陕西省, 727000, Tongchuan 铜川市",35.0640983,109.0655494,other,,,ziv
G2 Trendy Entertainment (G2街区·西安大兴龙湖店),"L3009, L3 Floor, Loonghu Daxing Starry Street Shopping, No.2 Dax (大兴东路2号西安龙湖大兴星悦荟3楼009号) xi'an shannxi, 710016, xi'an",34.2870661,108.9151606,maimai_dx;other,,,ziv
G2潮玩街区(西安大兴龙湖店),大兴东路2-26号龙湖星悦荟3F,34.3416900,108.9371250,maimai_dx,,maimai_dx:1,bemanicn
G2街区,张店区中润大道17号 富力万达广场3F西南,36.8142100,118.0510860,maimai_dx,,maimai_dx:1,bemanicn
G2街区(聊城店),聊城东昌府万达广场3F-A,36.4528710,115.9805520,maimai_dx,,maimai_dx:1,bemanicn
G2街区乐山市中沃尔玛店,四川省乐山市市中区鼓楼街58号沃尔玛二楼,29.5593390,103.7668230,maimai_dx,,,wahlap
G2街区呼和浩特万达店,内蒙古自治区呼和浩特市赛罕区万达广场苏宁易购五层G2街区,40.8388160,111.7415760,maimai_dx,,,wahlap
G2街区四川王府井购物中心店,四川省巴中市巴州区秦巴大道巴中王府井购物中心4楼G2街区,31.8661260,106.7427690,maimai_dx,,,wahlap
G2街区广州番禺钻汇星城店,广州市番禺区市桥街桥兴大道134号钻汇星城负一层B区1077 1078 1079铺,23.1281820,113.2566790,maimai_dx,,,wahlap
G2街区成都优品道广场店,四川省成都市双流街区优品道广场,30.5766690,104.0674610,maimai_dx,,,wahlap
G2街区成都成华SM广场店,四川省成都市成华区SM广场三楼,30.5756860,104.0684380,chunithm;maimai_dx,,,wahlap
g2街区淄博富力万达店,山东省淄博市张店区中润大道17号富力万达g2街区,36.8184040,118.0490510,maimai_dx,,,wahlap
G2街区潮玩娱乐(遂宁万象汇店),杨渡街道德水北路660号遂宁万象汇L424,30.5373760,105.5877860,maimai_dx;taiko,,maimai_dx:1;taiko:1,bemanicn
G2街区潮玩娱乐-钻汇星城店,"番禺区市桥街道市桥街桥兴大道134号钻汇星城B1层B区1077,1078,1079",23.1346260,113.2600600,maimai_dx,,maimai_dx:2,bemanicn
G2街区潮玩娱乐（南金鹰店）,金鹰购物中心(盐城聚龙湖店)三楼,33.3470800,120.1633840,maimai_dx;other,,maimai_dx:1,bemanicn
g2街区盐城聚龙湖金鹰店,盐城市南城聚龙湖金鹰购物中心三楼,33.3545800,120.1572400,maimai_dx,,,wahlap
G2街区盘锦兴隆万达店,辽宁省盘锦市兴隆台区双兴南路万达广场一楼G2街区潮玩娱乐宝贝王家庭娱乐中心,40.7165320,122.1687800,maimai_dx,,,wahlap
G2街区自贡华商国际城店,四川省自贡市华商国际城1楼G2街区,29.3454250,104.7762120,maimai_dx,,,wahlap
g2街区西安莲湖店,陕西省西安市莲湖区龙湖星悦汇三楼g2街区,34.3488300,108.9349640,maimai_dx,,,wahlap
G2街区遂宁船山万象汇店,四川省遂宁市船山区河东新区万象汇4楼G2街区,30.5348060,105.5913560,maimai_dx,,,wahlap
G2街区青岛未来城万科广场店,山东省青岛市市北区四流南路66号丙,36.0652430,120.3750010,maimai_dx,,maimai_dx:1,wahlap;bemanicn
g2街区青岛莱西王府井店,山东省青岛市莱西市水集街道办事处北京路118号莱西市王府井购物中心G-3Fg2街区,36.0637160,120.3762910,maimai_dx,,maimai_dx:1,wahlap;bemanicn
G2街区（乐山沃尔玛店）,沃尔玛鼓楼街2楼12、13号,29.5504110,103.7624210,maimai_dx;taiko,,maimai_dx:1;taiko:1,bemanicn
G2街区（巴中王府井店）,秦巴大道西段2号王府井购物中心4楼,31.8694420,106.7476890,maimai_dx,,maimai_dx:1,bemanicn
G2街区（成都双流店）,城南优品道广场1号门或5号门2楼G2街区,30.5795090,104.0599570,maimai_dx,,maimai_dx:1,bemanicn
G2街区（自贡自流井）,四川省自贡市自流井区华商国际城一期5号楼5-1-24G2街区潮玩娱乐(自贡店),29.3450410,104.7753010,maimai_dx;other,,maimai_dx:1,bemanicn
G2街区（苏宁百货店）,苏宁百货三楼,40.8344714,111.7270249,maimai_dx;other,,maimai_dx:1,bemanicn;ziv
Game Cube 游戏大魔方 (三原万达),"3rd Floor, Wanda Plaza, Xihuan Road, Sanyuan County (三原县西环路万达广场三楼) Xianyang Shaanxi, 713800, Xianyang",34.6106764,108.9111722,maimai_dx;other,,,ziv
Game Cube 游戏大魔方 (临渭万达),"Wanda Plaza, Intersection of Weihe Avenue and Cangcheng Road, (渭南市渭河大街与仓程路口万达广场) Weinan 渭南市 Shannxi 陕西省, 714000, Weinan 渭南市",34.5320154,109.4738621,maimai_dx;other;taiko,,,ziv
Game Cube 游戏大魔方 (宝鸡吾悦),"2nd west floor, Wuyue Plaza (宝鸡市吾悦广场二楼西厅) Baoji Shannxi, 721000, Baoji",34.3413809,107.2292237,other,,,ziv
Game Cube 游戏大魔方 (泾阳万达),"3rd Floor, Wanda Plaza, Jinggan Street, Jingyang County, (泾阳县泾干大街万达广场三楼) Xianyang (咸阳市) Shaanxi (陕西省), 713700, Xianyang (咸阳市)",34.5316265,108.8325944,maimai_dx;other,,,ziv
Game Zone Arcade Club 盖姆龙电玩俱乐部（新辰里）,"No.8 Beichen East Road, Yard 1, Building 1, Xinchenli Shopping C Chaoyang District Beijing Beijing, 100101, Beijing",39.9897762,116.4004019,maimai_dx;other;taiko,,,ziv
GAME ZONE 盖姆龙电玩俱乐部,"33号 Guangshun North Street Beijing Beijing, 100102, Beijing",39.9744398,116.4848828,other;taiko,,,ziv
Game33,新界 葵涌 和塘咀街87-89號 美涌大廈上層地舖,22.2785610,114.1628300,taiko,,taiko:1,bemanicn
GameCube游戏大魔方 (西咸吾悦),"L6 Floor, Wuyue Plaza, Kunming Road 昆明路西咸吾悦广场6楼) Xi'an Shannxi, 710000, Xi'an",34.2556690,108.8185608,other,,,ziv
GameCube游戏大魔方(乐荟中心),"3rd Floor, Nan Feihong Yuehui Center, No. 1589 Zhuque South Road 朱雀南路1589号南飞鸿悦荟中心3楼F3-01、2号商铺 Xi'an Shannxi, 710000, Xi'an",34.1872687,108.9374551,drs;maimai_dx;other,,,ziv
GameO 快乐星球电玩城（大兴凯德Mall店）,"4F Captal Land Mall Daxing Branch (大兴凯德Mall), Huatuo Road, Tiang Daxing District Beijing Beijing, 102600, Beijing",39.6712055,116.3130708,maimai_dx,,,ziv
GAMEONE深圳宝安大悦城店,广东省深圳市宝安区大悦城L2层GAMEONE,22.5456980,114.0503700,chunithm;maimai_dx,,,wahlap
GiGO 上海概念店,南京东路340-372号百联ZX创趣场-B1F,31.2385330,121.4764160,maimai_dx;other;taiko,,maimai_dx:3;taiko:1,bemanicn;ziv
Golden Apple Game 金苹果乐园,"3rd Floor, Jinhu Shopping, Xixiang County Hanzhong 汉中市 Shannxi 陕西省, 723500, Hanzhong 汉中市",32.9938261,107.7719897,maimai_dx;other,,,ziv
GOODSLOVE LAND上海五角场店,上海市杨浦区五角场万达广场C区2楼,31.3039699,121.5083960,chunithm;maimai_dx;other,,chunithm:1;maimai_dx:1,wahlap;bemanicn;ziv
GOOGOOISLAND咕咕岛,范阳中路590号君悦广场 3层,38.8695090,115.4586360,chunithm;maimai_dx;taiko,,chunithm:1;maimai_dx:2;taiko:1,bemanicn
Green Dragonfly Games 绿蜻蜓电玩（国泰密云店）,"No.16 Gulou South Street, Guotai Department Store (Miyun Branch) Miyun District Beijing Beijing, 101500, Beijing",40.3741600,116.8401899,maimai_dx;other,,maimai_dx:2,ziv
Green Dragonfly Meijixiong (Tiantongyuan Guotai),"3F, Guotai Department Store, Building 2, Tiantongyuan East Zone Beijing, China Beijing Beijing, 102218, Beijing",40.0717668,116.4292358,other,,,ziv
GuNe火窝,新津街道珠池路丽水庄西区40栋,23.3545070,116.6786770,chunithm;maimai_dx;ongeki,,chunithm:2;maimai_dx:1;ongeki:1,bemanicn
G元素保定竞秀北国店,河北省保定市竞秀区北国先天下六层G元素,38.8759450,115.4564660,chunithm;maimai_dx,,,wahlap
G元素（北国先天下店）,北国先天下六层,38.8783090,115.4552220,chunithm;maimai_dx;taiko,,chunithm:1;maimai_dx:2;taiko:1,bemanicn
HAPPY CUBE 乐立方潮玩运动馆（龙玥城店）,"科创五街38号龙玥城一层D区 Daxin District Beijing Beijing, 102600, Beijing",39.8008213,116.5272233,maimai_dx;other;taiko,,maimai_dx:2;taiko:1,ziv
Happy Hero 欢乐英雄,"6 Baixing West 3rd Road 百姓西三路列圣庙堂旁边 Zhanjiang 湛江 Guangdong 广东, 524000, Zhanjiang 湛江",21.2646854,110.3695214,gitadora;jubeat;other,,gitadora:2;jubeat:1,ziv
Happy Memories 忆童乐家庭游乐中心,"3rd Floor, Chengye Plaza, Shenliu Road,(神柳路成业广场三楼) Shenmu 神木市 Yulin 榆林市 Shannxi 陕西省, 719300, Yulin 榆林市",38.8922353,110.4677007,maimai_dx;other,,,ziv
HappyExperience都市玩家(太白印象城),"B1 Floor, Shopping InCity(太白印象城), Taibai North Road No.155 Yanta xi'an Shannxi, 710000, xi'an",34.2367742,108.9165688,maimai_dx;other,,,ziv
HAPPY潮玩湖州德清店,浙江省湖州市德清武康镇正翔商业广场三楼HAPPY潮玩游戏厅,30.8945750,120.0853050,maimai_dx,,maimai_dx:1,wahlap;bemanicn
HERO英雄城市电玩中心钦州年年丰广场店,广西钦州市钦南区年年丰广场内五层E4-1号商铺,21.9846890,108.6456790,maimai_dx,,,wahlap
hero英雄城市（年年丰店）,年年丰广场5楼,21.9851100,108.6557880,maimai_dx,,maimai_dx:1,bemanicn
HeyLulu嘿鹿鹿（芜湖镜湖八佰伴店）,中山北路33号3层最北侧,31.3524900,118.4250840,maimai_dx;other,,maimai_dx:1,bemanicn
Hi one潮玩运动馆,维港十字街11栋二楼,29.1163760,110.4782250,taiko,,taiko:1,bemanicn
HIHI KOKO,平原路469号胖东来三胖2楼,35.3050080,113.9251490,chunithm;jubeat;maimai_dx,,chunithm:2;jubeat:2;maimai_dx:1,bemanicn
HIHIKOKO快乐制造地新乡胖东来店,河南省新乡市胖东来HIHIKOKO快乐制造地,35.3024040,113.9245870,chunithm;maimai_dx,,,wahlap
HiSome嗨森汇潮玩俱乐部,太原北街84甲7号苏宁广场4F,41.6754340,123.4621090,other,,,bemanicn
Hi乐园,人民广场mall（原京新购物中心）,36.0952610,114.3883720,maimai_dx,,maimai_dx:1,bemanicn
HJMD窝,金塘花苑34栋3单元1201,25.8365060,114.9263040,chunithm;maimai_dx,,chunithm:1;maimai_dx:2,bemanicn
HOOLIPAY年轻力聚场合肥蜀山店,安徽省合肥市蜀山区新粮仓28号仓,31.8249830,117.2195090,maimai_dx,,,wahlap
HOOLIPAY新粮仓店虎力场,安徽省合肥市蜀山区望江西路蜀山区新粮仓28号仓,31.8215590,117.2164070,maimai_dx;other,,maimai_dx:1,bemanicn
HOP-DX,"Intersection of Xinghua 1st Road and Haixiu Road, Bao’an District Shenzhen Guangdong, 518101, Shenzhen",22.5536082,113.8815040,maimai_dx;other;taiko,,maimai_dx:2;taiko:1,ziv
HOP-DX前海天地店,宝安区兴华一路与海秀路交界处,22.5464270,114.0576870,gitadora;maimai_dx,,gitadora:1;maimai_dx:1,bemanicn
HOP-DX深圳中兴店,深圳市宝安区新安街道宝安中心前海HOP天地负一楼 HOP-DX,22.5498170,114.0541410,maimai_dx,,,wahlap
io电动工坊(宝龙广场店),开元大道219号洛阳宝龙广场F3,34.6247930,112.4502680,other;taiko,,taiko:1,bemanicn
io电动工坊(湾悦天地店),江西省南昌市红谷滩区龙兴大街968号湾悦天地2层A-L2-01铺,28.6855060,115.8507060,chunithm;maimai_dx,,chunithm:2;maimai_dx:1,bemanicn
iO电动工坊南昌红谷滩湾悦店,江西省南昌市红谷滩区大街968号建发湾悦天地2层IO电动工坊龙兴,28.6833900,115.8556190,maimai_dx,,,wahlap
io电动工坊太原小店万达店,山西省太原市小店区龙城大街130号万达广场二层,37.8733100,112.5416500,maimai_dx,,,wahlap
io电动工坊太原龙城万达店,龙城大街130号龙城万达广场2楼,37.8660820,112.5417810,maimai_dx,,maimai_dx:1,bemanicn
IO电动工坊马鞍山雨山区万达店,安徽省马鞍山市雨山区万达广场2楼IO电动工坊,31.6711790,118.5054390,maimai_dx,,,wahlap
iQ潮玩,市中区人民路55号附201号11号楼2层201号房屋,29.5800050,105.0547020,maimai_dx,,maimai_dx:1,bemanicn
IQ潮玩(成都郫都石犀里店),四川省成都市郫都区犀浦街道华都路120号润扬双铁广场石犀里-1F,30.5785780,104.0649460,maimai_dx;taiko,,maimai_dx:1;taiko:1,bemanicn
IQ潮玩内江人民店,四川内江市中区人民路55号11栋附201号（二楼IQ潮玩）,29.5849280,105.0604360,maimai_dx,,,wahlap
IQ潮玩成都一方里店,四川省成都市一方里负一楼IQ潮玩,30.5734730,104.0605590,maimai_dx,,,wahlap
IQ潮玩成都成华天府国际店,四川省成都市成华区青龙街道天府国际IQ潮玩,30.5749640,104.0663710,maimai_dx,,,wahlap
iQ潮玩（天府国际动漫城店）,东紫路173号1栋附203（天府国际动漫城二层S8-203）,30.5721450,104.0618170,maimai_dx;taiko,,maimai_dx:1;taiko:1,bemanicn
JAJAPOP一番赏天津和平店,天津市和平区南京路221号国际商场负一层JAJAPOP一番赏,39.1148990,117.2110040,maimai_dx,,,wahlap
JIRUI 吉睿游艺（悠唐中心店）,"3F, Yotang Shopping Center,Chaoyangmenwai Avenue No.2 Chaoyang District Beijing Beijing, 100000, Beijing",39.9201706,116.4336395,other;taiko,,,ziv
JIRUI 吉睿潮玩（海淀学清路店）,"No.8 Xueqing Road, Xinchenli (Xueqing Road), 3F, Haidian Distric Haidian District, near Liudaokou Station Beijing Beijing, 100083, Beijing",40.0070000,116.3480000,chunithm;other;taiko,,chunithm:4;taiko:1,ziv
joycity宝乐城,山东省临沂市郯城县团结路宝乐城郯城福隆店宝乐城 郯城福隆店,35.1056440,118.3542360,maimai_dx,,maimai_dx:1,bemanicn
Joyful Planet 快乐星球 (榆林天街),"3rd floor, Time Paradise Walk(时光天街), No.175 Xinda Rd. Yulin 榆林市 Shannxi 陕西省, 719000, Yulin 榆林市",38.2369076,109.7429467,maimai_dx;other,,,ziv
JOYMARK十堰茅箭寿康华悦城店,十堰市茅箭区朝阳中路29号寿康华悦城3楼,32.6303660,110.7892070,jubeat;maimai_dx,,jubeat:1;maimai_dx:1,wahlap;bemanicn
JOYMARK眉山东坡万达店,四川省眉山市东坡区文忠街东坡万达广场3楼3031B,30.0791620,103.8491830,maimai_dx,,,wahlap
Joymark（大唐西市店）,莲湖区桃园路街道劳动南路118号西市城购物中心负1层3格,34.3431300,108.9306150,taiko,,taiko:1,bemanicn
Joypolis广州华夏世嘉都市乐园,永宁创盈路1号钧明欢乐世界C区,23.1348270,113.2610780,maimai_dx;other,,maimai_dx:2,bemanicn
Kids Amaze 儿童乐园 (阳光城),"L3, Youyi Sunshine City, Jinlong Road Longhua District 龙华区 Haikou City 海口市 Hainan Province 海南省, 570125, Haikou City 海口市",20.0251494,110.3188117,taiko,,,ziv
Kidz Amaze儿童乐园(阳光城店),友谊阳光城3楼,20.0510710,110.1991820,taiko,,taiko:1,bemanicn
KiKi Game Club奇奇乐园(大兴龙湖),"L3009, L3 Floor, Loonghu Daxing Starry Street Shopping, No.2 Dax 大兴东路2号西安龙湖大兴星悦荟3楼009号) Xi'an Shannxi Province, 710016, Xi'an",34.2871747,108.9148629,other,,,ziv
KiKi Game Club奇奇乐园(盛龙广场),"盛龙广场B区2F,未央路80号(R.Weiyang No.80),未央区 Weiyang District Xi'an 710000, Xi'an",34.3009932,108.9409554,other;taiko,,,ziv
KiKi Game Club奇奇乐园(立丰国际),"9th Floor, Lifeng International Shopping, No.59 Jinhua South Roa (金花南路59号立丰国际9楼) 西安市(Xi'an) 陕西省(Shaanxi Province), 710032, 西安市(Xi'an)",34.2488450,108.9928722,other,,,ziv
kikisland其趣丽影广场店,丽影广场东区3楼,23.1297720,113.2591690,maimai_dx;taiko,,maimai_dx:1;taiko:2,bemanicn
Kikis其趣同和店,同和大街1号金铂广场A座2层,23.1362830,113.2579190,chunithm;maimai_dx;taiko,,chunithm:2;maimai_dx:1;taiko:1,bemanicn
Kikis其趣客村丽影店,广东省广州市海珠区客村地铁站D出口丽影广场三楼Kiki’s其趣,23.1292130,113.2609230,maimai_dx,,,wahlap
kikis其趣广州白云佳润广场店,广州市白云区佳润广场二楼kikis其趣,23.1304040,113.2607300,maimai_dx,,maimai_dx:1,wahlap;bemanicn
kikis其趣游乐广州白云店,广东省广州市白云区同和大道金铂天地2层kikis其趣游乐体验世界,23.1307950,113.2610290,chunithm;maimai_dx,,,wahlap
kikis其趣游玩广州白云湖金铂广场店,广东省广州市白云区机场路2829号白云湖金铂天地,23.1339610,113.2548020,maimai_dx,,,wahlap
KiKis其趣白云湖金铂中心店,机场路2829号（白云湖金铂天地三楼）,23.1338940,113.2617770,maimai_dx;taiko,,maimai_dx:1;taiko:1,bemanicn
KK园区成安分园,迎宾北大街新世纪小区,36.6262280,114.5286290,chunithm,,chunithm:1,bemanicn
KM'Square昆明官渡店,云南省昆明市官渡区新亚洲体育城星耀广场三楼A010-012,24.8849810,102.8282160,maimai_dx,,,wahlap
KM·Square 昆明街区 星耀店,云南省昆明市官渡区新亚洲体育城星耀广场3楼010－012,24.8842950,102.8272710,maimai_dx;other,,maimai_dx:1,bemanicn
KM·Square 昆明街区 滨江店,白云路 滨江·俊发广场,24.8856960,102.8354600,chunithm;maimai_dx,,chunithm:2;maimai_dx:2,bemanicn
KM•Square昆明街区（陆良店）,中枢街道中枢大厦1F,25.4955300,103.7975530,maimai_dx,,maimai_dx:1,bemanicn
kt fighter space（石景山喜隆多店）,北京市石景山区喜隆多4层,39.9217175,116.1652287,other,,,bemanicn;ziv
KT竞技现场(朝阳合生汇店),西大望路21号北京朝阳合生汇B1层21街区东侧,39.8926934,116.4740774,chunithm;maimai_dx;other,,,bemanicn;ziv
KT竞技现场（五棵松华熙LIVE店）,北京市海淀区万寿路街道复兴路69号华熙live KT竞技现场,39.9088803,116.2707797,chunithm;maimai_dx;other,,chunithm:2;maimai_dx:1,wahlap;bemanicn;ziv
KT超级竞技现场 FIGHTER-SPACE（超级合生汇店）,"No.16 Gulou South Street, Guotai Department Store (Miyun Branch) Miyun District Beijing Beijing, 101500, Beijing",40.0957008,116.2861523,other;taiko,,,ziv
LBF活动室,佛山创意产业园内,23.0208050,113.1132780,chunithm;maimai_dx;sdvx,,chunithm:1;maimai_dx:2;sdvx:1,bemanicn
LETSBIU潮玩运动馆,莱西市王府井负一楼最东侧LETSBIU潮玩运动馆,36.0633960,120.3801410,other;taiko,,taiko:1,bemanicn
Longwei Carnival (泷威嘉年华),"No. 64, West Section of south 2nd Ring Road, 3F, 凯德广场(CapitaMall New Land) Xi'an City Shannxi Province, 710000, Xi'an City",34.2307603,108.9318681,maimai_dx;other,,,ziv
Love the game together 爱玩荟电玩家庭娱乐中心（北苑店）,"F4, K-OOL Fasion Plaza,Beiyuan Road No.42 Chaoyang District Beijing Beijing, 130000, Beijing",40.0321656,116.4133642,chunithm;maimai_dx;other;taiko,,chunithm:2;maimai_dx:3;taiko:1,ziv
Lucky Star 幸运星家庭娱乐中心(惠州隆生金山湖中心店),河南岸三环南路三环立交桥东南角隆生金山湖商业中心3楼(永旺超市楼上),23.1120000,114.4141120,maimai_dx;other,,maimai_dx:1,bemanicn
luckystar宁波鄞州龙湖天街店,浙江省宁波市鄞州区龙湖天街3楼,29.8605560,121.6192970,maimai_dx,,,wahlap
M8潮玩街区呼和浩特店,内蒙古呼和浩特市回民区中山西路街道海亮负一层,40.8403390,111.7388720,chunithm;maimai_dx,,,wahlap
M8潮玩街区（时尚摩尔地下街店）,中山路海亮广场B1层茂业时尚摩尔地下街夜上海街区,40.8139310,111.6634190,chunithm;maimai_dx;other;taiko,,chunithm:2;maimai_dx:2;taiko:1,bemanicn;ziv
M9潮玩街区张家口市桥东店,河北省张家口市桥东区百盛五楼M9潮玩街区,40.7695400,114.8830700,chunithm;maimai_dx,,,wahlap
M9潮玩街区（张家口百盛店）,桥东区百盛购物广场5楼,40.7667510,114.8745920,chunithm;maimai_dx,,chunithm:2;maimai_dx:2,bemanicn
MAGIC畅想城（番禺亚运城店）,亚运大道1191号新华里购物中心一楼F1012-F1015,23.1320260,113.2568260,chunithm;maimai_dx,,chunithm:2;maimai_dx:2,bemanicn
Mass Cinema/Happy Place,"North Sichuan Road (Qiujiang Road) no. 1552-1F 虹口区 (Hongkou District) 上海 (Shanghai), 虹口区 (Hongkou District)",31.2560658,121.4833082,other,,,ziv
Mega Game Cube 游戏大魔方 (延安吾悦),"Shopping WUYUE, Baota District Yan'an 延安市 Shannxi 陕西省, 716000, Yan'an 延安市",36.6419864,109.4938660,other,,,ziv
Mega Game Cube 游戏大魔方 (汉中吾悦),"Shop Z10, 3rd Floor, Wuyue Plaza, Shayan Road, Xixin St, (汉中市西新街沙沿路吾悦广场3楼Z10商铺) Hanzhong 汉中市 Shannxi 陕西省, 723000, Hanzhong 汉中市",33.0739940,106.9913436,maimai_dx;other,,,ziv
MELAND,潜山路111号万象城F3层,31.8226190,117.2182570,taiko,,taiko:1,bemanicn
MELAND CLUB（合生汇店）,温江区柳城街道光华大道三段1588号珠江广场F3L306A、L306,30.5782480,104.0620660,taiko,,taiko:1,bemanicn
Mestage郑州郑东云尚店,河南省郑州市郑东新区商都路63号（云尚购物中心）B1层B1075,34.7443660,113.6215580,maimai_dx,,,wahlap
MK潮玩攻略中防万宝城店,福建省福州市台江区工业路199号中防万宝城(宝龙负一层),26.0766360,119.2940020,taiko,,taiko:1,bemanicn
Moe Shop,南大街,34.6230880,112.4470080,maimai_dx,,maimai_dx:2,bemanicn
MY泛娱乐中心鹤岗红星店,黑龙江省鹤岗市工农区新南街道解放路246号红星万象城3楼,47.3486750,130.2866120,maimai_dx;other,,maimai_dx:1,wahlap;bemanicn
NATAKIDS家庭娱乐中心,吾悅广场三楼NATAKIDS家庭娱乐中心,31.3056360,120.5852320,maimai_dx;taiko,,maimai_dx:1;taiko:1,bemanicn
NATAKIDS漳州龙文吾悦店,吾悦广场3楼NATAKIDS,24.5175620,117.6445140,maimai_dx,,maimai_dx:1,bemanicn
NATAKIDS银川兴庆吾悦店,北京东路与友爱街交叉口东北角吾悦广场三楼,38.4889730,106.2313210,maimai_dx,,maimai_dx:1,bemanicn
New Century Global Center,"Jinyue West Road Cheng Du Shi Si Chuan Sheng, 610094, Cheng Du Shi",30.5693106,104.0631619,other,,,ziv
OK动漫城吉林龙潭店,吉林省吉林市龙潭区遵义路江北百货大楼3楼OK动漫城,43.8325690,126.5459020,maimai_dx;taiko,,maimai_dx:1;taiko:1,wahlap;bemanicn
OWANGE运动超乐场,横琴粤澳深度合作区横琴华发商都B馆2楼B2001铺,22.2772250,113.5712150,chunithm;maimai_dx;taiko,,chunithm:2;maimai_dx:2;taiko:1,bemanicn
OWANGE运动超乐场珠海横琴华发商都店,广东省珠海市横琴合作区横琴华发商都南区二楼OWANGE运动超乐场,22.2726290,113.5729550,chunithm;maimai_dx,,,wahlap
party on运动潮玩承德店,福地华园西区A3号楼商业负一层,40.9538260,117.9556610,other,,,bemanicn
PK PARTY KING家庭娱乐中心,云潭南路2号万达广场,26.6487100,106.6289950,maimai_dx;taiko,,maimai_dx:2;taiko:2,bemanicn
PKBoys 潮玩嘉年华,"2F, WellTown mall, Yinrui East Road Tongzhou District Beijing Beijing, 100020, Beijing",39.8583642,116.6879762,chunithm;jubeat;maimai_dx;other;taiko,,chunithm:2;jubeat:4;maimai_dx:4;taiko:2,ziv
PKboy北京湾里奥莱店,北京市通州区颐瑞东路湾里奥莱二层,39.9137860,116.7271420,chunithm;maimai_dx,,,wahlap
PKBoy潮玩嘉年华北京湾里奥莱店,颐瑞东路66号1号楼湾里·王府井WellTown L2北侧,39.8610590,116.6725350,chunithm;maimai_dx;other;taiko,,chunithm:2;maimai_dx:3;taiko:2,bemanicn;ziv
PKPARTYKING贵阳观山湖万达店,贵州省贵阳市观山湖区万达广场1BF-AB号,26.6507980,106.6222020,maimai_dx,,,wahlap
PLAY-ONE家庭娱乐中心六安银泰店,安徽省六安市金安区银泰百货2楼PLAY-ONE家庭娱乐中心,31.7371650,116.5191570,maimai_dx,,,wahlap
play1家庭娱乐中心六安银泰百货店,金安区清水河街道六安银泰百货2层L2-032.033.035铺,31.7356270,116.5158240,maimai_dx,,maimai_dx:1,bemanicn
play1家庭娱乐中心（新乡）,新乡市牧野区宏力大道与学院路交叉路口新乡牧野万达广场2~3楼,35.3013620,113.9255970,other,,,bemanicn
PLAYCE乐顽星电玩（京西大悦城店）,北京市石景山区阜石路173号院1号楼京西大悦城B1层B1-13/14/15,39.9239973,116.1769950,maimai_dx;other;taiko,,maimai_dx:4;taiko:2,bemanicn;ziv
PLAYCE插电师 (王府井银泰店),"王府井银泰in88 2楼 Beijing 100010, Beijing",39.9148584,116.4055625,chunithm;iidx;maimai_dx;other;sdvx;taiko,,chunithm:2;iidx:2;maimai_dx:3;sdvx:2;taiko:1,ziv
PLAYCE插电师电玩（芳圆里店）,东四环中路189号芳圆里ID MALL L3北侧meland club旁,39.8885722,116.4819847,other;taiko,,taiko:1,bemanicn;ziv
playone武汉菱角湖万达店,湖北省武汉市江汉区唐家墩菱角湖万达广场2层playone,30.6000220,114.2999670,maimai_dx,,,wahlap
pop bear(衢州吾悦广场店),衢州新城吾悦广场3楼,28.9773990,118.8547510,maimai_dx,,maimai_dx:1,bemanicn
POP BEAR电玩城（丽水银泰城店）,丽水银泰城2楼L2002,28.4701410,119.9216070,maimai_dx;other,,maimai_dx:1,bemanicn
powerplay arena,香港特别行政区香港特别行政区深水埗区香港九龙荔枝角长顺街15号D2 Place 二期,22.2845260,114.1626230,other;taiko,,taiko:2,bemanicn
PPG潮玩汇九江店,江西省九江市浔阳区联盛九龙广场五楼PPG潮玩汇,29.6629030,115.9449030,maimai_dx;other,,maimai_dx:2,wahlap;bemanicn
PPG潮玩汇兰州店,甘肃省兰州市城关区东方红广场广场南路8号G层,36.0629460,103.8265050,maimai_dx;other,,maimai_dx:1,wahlap;bemanicn
PPG潮玩汇大同平城店,山西省大同时平城区绿地缤纷汇8号楼哈尼鹿家庭成长中心,40.0914100,113.3605830,chunithm;maimai_dx;other,,chunithm:2;maimai_dx:1,wahlap;bemanicn
PPG潮玩汇天津大悦城店,天津市南开区南门外大街大悦城南区四楼,39.1378630,117.1498130,chunithm,,,wahlap
Quantum Space (量子空间顺义锦荟港),"3F, Jinhui Port, Shunyi District, Beijing Beijing, China Beijing Beijing, 101300, Beijing",40.1251872,116.6417066,maimai_dx;other,,,ziv
Quantum Strategy (量子攻略北京大兴旧宫店),"No.1 Zhongliang Road, Vanke Plaza, 5th Floor, Jiugong, Daxing Di Daxing District Beijing Beijing, 102600, Beijing",39.8043754,116.4533268,maimai_dx;other,,maimai_dx:2,ziv
Quantum Strategy (量子攻略金隅嘉品Mall店),"3F, No.38 Dongba Middle Road, Jinyu Jiapin Mall, Chaoyang Distri Beijing, China Beijing Beijing, 100020, Beijing",39.9502572,116.5422293,maimai_dx;other;taiko,,maimai_dx:2;taiko:1,ziv
Quart Gaming 夸特游艺（望京店）,"3F, Captial Land Shopping Mall(凯德广场), Guangshun North No.33 Chaoyang District Beijing Beijing, 100102, Beijing",39.9916866,116.4622686,chunithm;maimai_dx;other;taiko,,chunithm:2;maimai_dx:2;taiko:1,ziv
Quart Gaming 夸特游艺（西北旺店）,"4th Floor, MixC Mall Xibeiwang Branch Haiding District Beijing Beijing, 100080, Beijing",40.0483859,116.2541489,maimai_dx;other,,maimai_dx:2,ziv
Quart World 夸特游艺（北苑店）,"北苑Longfor Paradise WalkZone A4FWest Side Chaoyang District Beijing Beijing, 100012, Beijing",40.0413600,116.4323600,maimai_dx;other,,,ziv
Quart World 夸特游艺（长楹店）,"3rd Floor, West Zone, Changying Paradise Walk Shopping Mall Chaoyang District Beijing Beijing, 100024, Beijing",39.9230669,116.5930084,maimai_dx;other,,maimai_dx:2,ziv
Quart World 夸特游艺（门头沟店）,"No.17 Xincheng East Street, Building 2, Longfor Chang'an Paradis Mentougou District Beijing Beijing, 102300, Beijing",39.9040082,116.1170345,chunithm;maimai_dx,,chunithm:2;maimai_dx:1,ziv
Quartsug Land 夸特糖乐园 (Fangshan),"3F Fangshan Longfor Paradise Walk Mall Fangshan District Beijing Beijing, 102488, Beijing",39.7441900,116.1341300,maimai_dx;other;taiko,,maimai_dx:2;taiko:1,ziv
Rainbow Trendy Entertainment 润宝梦想潮玩 (龙湖天街),"4 Floor, Shopping Loonghu Xi'an Weiyang Paradise Walk (西安龙湖未央天街4楼) Xi'an Shannxi, 710000, Xi'an",34.3465055,108.9807594,chunithm;maimai_dx;taiko,,chunithm:2;maimai_dx:2;taiko:1,ziv
Rainforest 热带雨林超乐场（丰科万达3F）,"丰科路6号丰科万达广场3层 Fengtai District Beijing 100070, Beijing",39.8230616,116.2931041,maimai_dx;other,,maimai_dx:2,ziv
RETROCITY CONCEPT (会员制店铺),尖東麼地道63號好時中心LG23,22.2798890,114.1613610,maimai_dx,,maimai_dx:2,bemanicn
Rich Stars 夹米星球（昌平悦荟）,"5th Floor, mosaic Mall (Beijing Branch) , Nanhuan Road, Changping District Beijing Beijing, 102000, Beijing",40.2111132,116.2333181,maimai_dx;other;taiko,,maimai_dx:2;taiko:1,ziv
RNPPIE PARK 运动潮玩馆（惠州高谷仓店）,惠州市惠城区鑫月金中环广场鑫月高谷仓4F,23.1167540,114.4095540,maimai_dx,,,wahlap
SaturneyMusicHouse重庆大学城店,重庆市沙坪坝区大学城熙街3期2栋2012SaturneyMusicHouse,29.5470860,106.4487500,maimai_dx,,,wahlap
SEER PARTY仙桃吾悦广场店,湖北省仙桃市前通路与新城大道交汇处吾悦广场三楼,30.3281780,113.4349140,maimai_dx;taiko,,maimai_dx:2;taiko:1,wahlap;bemanicn
Sheng'ao Elite Arcade,"F3, Ruijin Shopping, Chenchang Road Beichen District Tianjin Tianjin, 300400, Tianjin",39.1988372,117.1139166,other,,,ziv
SOLOPARK天津大悦城店,天津市南开区南门外大街2号天津大悦城购物中心3F-73/95/96/97/98/99/A01/A02号商铺,39.1396770,117.1426040,chunithm,,,wahlap
SONY Playstation（北京世纪金源店）,"B1 Floor, East Area, Century Golden Resources Shopping Center, H Haidian District Beijing Beijing, 100080, Beijing",39.9574420,116.2839380,other;taiko,,,ziv
Sowhat搜哇特（方圆荟店）,市府路与208省道交叉口西50米,27.7229270,107.0280200,other,,,bemanicn
SSG潮玩游艺中心金华店,世贸城市广场3楼,29.0827860,119.6405270,jubeat;maimai_dx;other,,jubeat:2;maimai_dx:1,bemanicn
SSG电玩浙江金华店,浙江省金华市婺城区三江街道李渔路888号金华世贸城市广场3楼SSG电玩,29.0852170,119.6403990,maimai_dx,,,wahlap
STAR LEGEND 星际传奇 (东坝万达店),"No.25 Dongba Middle Road, Dongba Wanda Plaza, 3F, Room A, Chaoya Chaoyang District Beijing Beijing, 100018, Beijing",39.9613659,116.5427542,other,,,ziv
STAR LEGEND星际传奇北京丽泽天地店,"丽泽天地购物中心3楼 Beijing 100161, Beijing",39.8664318,116.2993204,maimai_dx;other,,,ziv
StarLegend星际传奇(MOMOPARK),"F3-9-10, MOMO PARK Shopping Center, No. 216 Xiaozhai West Road (置地时代MOMO PARK F3-9-10) Xi'an Shannxi, 710068, Xi'an",34.2239453,108.9291855,other;taiko,,,ziv
SUPER ALL DAY 潮玩运动街区（金台万达）,"5th Floor, Wanda Plaza, Jintai District Baoji City Shaanxi Province, 721000, Baoji City",34.3596455,107.1744633,maimai_dx;other,,,ziv
Super All Day潮玩街区（新辰天地店）,文化路1588号潍坊新辰天地2F层,36.7044400,119.1561910,maimai_dx,,maimai_dx:1,bemanicn
SUPER ALL DAY潮玩运动街区（宝鸡金台万达店）,万达广场五楼,34.3683180,107.2336540,maimai_dx,,maimai_dx:1,bemanicn
Super Constellation超级星座(万宴城),"3rd Floor, Wanyan City Mall, No. 222 Jiefang North Road, Tiansha (乌鲁木齐天山区解放北路222号万宴城3楼) Ürümqi Xinjiang Uygur Autonomous Region, 830002, Ürümqi",43.7932705,87.6185310,maimai_dx;other,,maimai_dx:2,ziv
Super101 潮漫电玩(万茂广场店),大学东路35号大学东路万茂广场3F,22.8246260,108.3637380,maimai_dx,,maimai_dx:1,bemanicn
SUPER101 潮漫电玩城（北流万达店）,二环北路159号北流万达广场3F-B,22.6589240,110.1737170,maimai_dx;other;taiko,,maimai_dx:1;taiko:1,bemanicn
super101万家丽八楼店,湖南省长沙市芙蓉区万家丽8楼101电玩,28.2304830,112.9382320,maimai_dx;taiko,,maimai_dx:1;taiko:1,wahlap;bemanicn
super101临沂兰陵店,山东省临沂市兰陵县开元广场4楼super101,35.1023160,118.3539140,maimai_dx,,maimai_dx:1,wahlap;bemanicn
super101乐清南虹店,浙江省温州市乐清市南虹广场二楼super101,27.9927330,120.6949620,maimai_dx,,,wahlap
Super101呼和浩特新城店,内蒙古自治区呼和浩特市新城区网红街19号口电玩城,40.8397780,111.7463380,maimai_dx,,maimai_dx:1,wahlap;bemanicn
super101壹零壹潮漫电玩,椹川大道376号湛江印象汇第MA栋第L3层第03-32A号,21.2772670,110.3513750,maimai_dx,,maimai_dx:1,bemanicn
SUPER101壹零壹潮漫电玩(渭南吾悦店),吾悦广场5F,34.5170920,109.4634640,maimai_dx,,maimai_dx:1,bemanicn
SUPER101壹零壹潮漫电玩（九江十里万达店）,濂溪区青年路818号九江十里万达4F壹零壹潮漫电玩娱乐中心,29.6630890,115.9541650,maimai_dx,,maimai_dx:1,bemanicn
SUPER101壹零壹潮漫电玩（日照万象汇店）,烟台路176号万象汇LG楼东侧,35.4130800,119.5187750,maimai_dx,,maimai_dx:1,bemanicn
SUPER101壹零壹潮漫电玩（烟台芝罘万达店）,西关南街6号芝罘区万达广场2楼,37.4613870,121.4367110,chunithm;maimai_dx;taiko,,chunithm:2;maimai_dx:1;taiko:1,bemanicn
super101日照万象汇店,山东省日照市东港区秦楼街道烟台路176号华润万象汇LG-120-2,35.4144260,119.5200610,maimai_dx,,,wahlap
super101昆明店,云南省昆明市盘龙区北京路同德广场负一层super101,24.8822030,102.8351330,chunithm,,,wahlap
super101湛江赤坎店,广东省湛江市赤坎区印象汇三楼,21.2717900,110.3554130,maimai_dx,,,wahlap
SUPER101潮漫北流店,广西壮族自治区玉林市北流市北流万达3F-B ，SUPER101,22.6597160,110.1775610,maimai_dx,,,wahlap
super101潮漫电玩,汀旗路132号强力广场3层,23.8835420,100.0869800,maimai_dx,,maimai_dx:1,bemanicn
super101潮漫电玩宜昌宜都万达店,湖北省宜昌市宜都市万达广场二楼super101潮漫电玩,30.6966830,111.2806280,maimai_dx,,,wahlap
Super101潮漫电玩（耒阳龙腾店）,龙腾时代广场4楼,26.8941310,112.5671590,maimai_dx,,maimai_dx:1,bemanicn
SUPER101潮漫电玩（胶州宝龙店）,山东省青岛市胶州市三里河街道福州南路97号宝龙城市广场B座L 3-025号,36.0687490,120.3753140,chunithm;maimai_dx;other,,chunithm:2;maimai_dx:1,bemanicn
super101潮漫诸暨店（万风新天地）,诸暨市苎萝东路555号万风新天地负一楼(诸暨气象局对面),30.0575300,120.5753290,maimai_dx,,maimai_dx:1,bemanicn
Super101茂南万达店,双山九路万达广场，3楼C区,21.6656750,110.9250650,chunithm;maimai_dx;taiko,,chunithm:1;maimai_dx:1;taiko:1,bemanicn
super101青岛崂山店,山东省青岛市崂山区丽达广场super101,36.0650030,120.3786790,chunithm,,,wahlap
super101青岛胶州宝龙店,山东省青岛市胶州市宝龙广场三楼super101电玩城,36.0664050,120.3722040,chunithm;maimai_dx,,,wahlap
superallday潮玩街区十堰茅箭店,湖北省十堰市茅箭区丰融集市3楼superallday潮玩街区,32.6345560,110.7907500,chunithm;maimai_dx,,,wahlap
superallday潮玩街区和平恒隆广场店,天津市和平区兴安路恒隆广场4楼4030superallday潮玩街区,39.1271620,117.1939680,chunithm;maimai_dx,,chunithm:2;maimai_dx:1,wahlap;bemanicn;ziv
SUPERBUDDY常州天宁华润店,江苏省常州市天宁区离宫路329号华润国际花园100栋常州万象城四楼L459,31.8141450,119.9668500,chunithm;maimai_dx,,,wahlap
SUPERBUDDY成都锦江光环店,四川省成都市锦江区东大路333号光环购物公园A馆负一楼03铺SUPERBUDDY超级乐园,30.5733240,104.0652660,maimai_dx,,,wahlap
Superbuddy超级乐园（成都光环店）,四川省成都市锦江区沙河街道东大街东大路段333号(东大路地铁站G口步行120米)成都光环购物公园A馆,30.5798090,104.0657780,jubeat;maimai_dx;taiko,,jubeat:2;maimai_dx:1;taiko:1,bemanicn
superbuddy超级乐园（杭州亚奥万象天地）,浙江省杭州市萧山区亚运村万象天地327号,30.2504830,120.2035560,chunithm;maimai_dx;taiko,,chunithm:2;maimai_dx:2;taiko:1,bemanicn
SuperPlayer 大玩家 (万达广场金牛店),"金牛区环路北三段1号万达广场金牛店万达百货2层 Chengdu Shi Sichuan Sheng, 610081, Chengdu Shi",30.6890575,104.0714490,other,,,ziv
SuperPlayer 大玩家 (延安万达),"L3, Wanda Plaza, Yanhe West Road Yan'an 延安市 Shannxi 陕西省, 716000, Yan'an 延安市",36.5975188,109.4839203,other,,,ziv
SuperPlayer 大玩家 (延安红街万达),"D0208, Wanda Plaza, Yan'an Red Street, No.15 Fangta Road Yan'an 延安市 Shannxi 陕西省, 716000, Yan'an 延安市",36.5657454,109.5121801,other,,,ziv
SuperPlayer 大玩家超乐场 (榆林万达),"3rd floor, Wanda Shopping Mall(万达广场), 长兴路 Yulin 榆林市 Shannxi 陕西省, 719000, Yulin 榆林市",38.2461557,109.7469970,other,,,ziv
SuperPlayer大玩家 (拉萨城关万达),"2nd Floor, Wanda Plaza, No. 1, Najin East Road Chengguan District Lhasa Tibet, 850032, Lhasa",29.6595848,91.1798211,maimai_dx;other,,,ziv
SuperPlayer大玩家 (西湖万达店),"Yun Jin Lu Nanchang Shi Jiangxi Sheng, 330009, Nanchang Shi",28.6363910,115.8538343,maimai_dx;other,,,ziv
SuperPlayer大玩家超乐场 (杨凌万达),"3rd Floor, Wanda Plaza, Yangling District (杨凌区万达广场3F大玩家) 咸阳市 Xianyang City 陕西省 Shannxi Province, 712100, 咸阳市 Xianyang City",34.2670766,108.0913399,maimai_dx;other;taiko,,,ziv
SuperPlayer大玩家超乐场 (渭南万达),"2F-B, 2nd Floor, Wanda Plaza (渭南市万达广场2层大玩家) 渭南市 Weinan City 陕西省 Shannxi Province, 714000, 渭南市 Weinan City",34.5042402,109.4483976,other,,,ziv
SuperPlayer大玩家超乐场(大明宫万达),"2nd floor, Wanda Plaza(Daming Palace),Fengcheng 1st Road No.369, 凤城一路369号大明宫万达广场二楼 Xi'an City Shannxi Province, 710000, Xi'an City",34.3174191,108.9681047,maimai_dx;other,,,ziv
SuperPlayer大玩家超乐场(民乐园万达),"Wanda Plaza(Minleyuan), jiefang road 五路口 西安市 陕西省(Shaanxi Province), 710000, 西安市",34.2696479,108.9594519,other,,,ziv
SuperPlayer大玩家超乐场(西安大融城),"3rd floor, IMIXPARK Shopping(大融城),未央路 Weiyang District Xi'an Shannxi, 710000, Xi'an",34.3395604,108.9443724,maimai_dx;other,,,ziv
SuperPlayer大玩家超乐场(高新万达),"2F-B floor, Wanda Plaza(Gaoxin Palace),Mutazhai West Road No.719 木塔寨西路719号高新万达广场二楼2F-B Xi'an City Shannxi Province, 710065, Xi'an City",34.2103826,108.8860613,other,,,ziv
SuperPlayer大玩家超乐场（咸阳秦都万达）,"2nd Floor, Wanda Plaza, No. 29 Renmin West Road, Qindu District (人民西路29号万达广场二楼) Xianyang (咸阳市) Shannxi (陕西省), 712000, Xianyang (咸阳市)",34.3371197,108.6955555,maimai_dx;other;taiko,,,ziv
SW窝,福建省邵武市解放东路与公路巷交叉口西40米,27.3838230,118.0757820,chunithm;maimai_dx;ongeki,,chunithm:1;maimai_dx:1;ongeki:1,bemanicn
The one电玩城嘉兴桐乡店,浙江省嘉兴市桐乡市梧桐街道公园路22号万嘉中心2楼电玩城,30.7445750,120.7487500,maimai_dx,,maimai_dx:1,wahlap;bemanicn
Tianfuhong Shopping Centre,"JinjiangNo.18, Dongyu Street ChengDu Sichuan , ChengDu",30.6582046,104.0647316,chunithm;maimai_dx;other;taiko,,chunithm:2;maimai_dx:1;taiko:1,ziv
TKZC 天空之城 (汉中吾悦),"3rd Floor, Wuyue Plaza, Shayan Road, Xixin St, (汉中吾悦广场三楼) Hanzhong City 汉中市 Shannxi 陕西省, 723000, Hanzhong City 汉中市",33.0748391,106.9904208,maimai_dx;other,,,ziv
TOKOYO电玩工作室,众越万山国际一期二十一栋二单元101,29.5321710,106.5016650,chunithm;maimai_dx,,chunithm:1;maimai_dx:1,bemanicn
Tom's World 汤姆熊欢乐世界(西安立丰城LECITY),"5th Floor, LECITY, No.151 Zhangba East Road (丈八东路151号立丰城5楼) Xian Shaanxi, 710000, Xian",34.1981731,108.8990271,other;taiko,,,ziv
Tom's World 汤姆熊欢乐世界(西安阳光城),"B1 Floor, Sunshine City Shopping, No. 60 Boshi Road, Gaoxin Yant (博士路60号西安阳光天地60号) Xi'an Shaanxi, 710075, Xi'an",34.1724019,108.8637963,other;taiko,,taiko:2,ziv
Top City佛山祖庙店,广东省佛山市祖庙街道祖庙路29NOVA岭南站6楼Top City,23.0254220,113.1210780,maimai_dx,,,wahlap
Top City家庭主题乐园(佛山岭南店),祖庙路29号nova岭南站第6层,23.0259350,113.1176010,maimai_dx;taiko,,maimai_dx:3;taiko:1,bemanicn
Top City家庭主题乐园(荔湾领展店),多宝街道黄沙大道8号领展广场西区2楼,23.1341740,113.2576080,maimai_dx;taiko,,maimai_dx:1;taiko:1,bemanicn
Top Player 大玩家（西铁营万达店）,"西铁营中路1号院万达广场4层东侧 Fengtai District Beijing 100069, Beijing",39.8593531,116.3496869,maimai_dx;other;taiko,,maimai_dx:2;taiko:1,ziv
TOPTOP未来战场聊城东昌府万达店,山东省聊城市东昌府区万达广场四楼TOPTOP未来战场,36.4576140,115.9832260,maimai_dx,,,wahlap
TOP玩家宁夏银川店,宁夏回族自治区银川新华百货CCpark三层3C02铺TOP玩家家庭娱乐中心,38.4892420,106.2281490,maimai_dx;other;taiko,,maimai_dx:1;taiko:1,wahlap;bemanicn
Tree窝,春满家园一号楼,41.6794140,123.4605300,chunithm;maimai_dx,,chunithm:1;maimai_dx:2,bemanicn
TRENDY PLAY综合游乐中心（龙湖紫荆天街店）,龙湖紫荆天街3楼，古墩路与秀里街交叉口,30.2473880,120.2072200,maimai_dx,,maimai_dx:1,bemanicn
Trendyplay杭州西湖店,浙江省杭州市西湖区三墩镇龙湖紫荆天街3楼,30.2522620,120.2048820,maimai_dx,,,wahlap
UFOCENTER广州从化欣荣店,广东省广州市从化区欣荣时尚广场A区B栋2楼UFO-CENTER,23.1335700,113.2534430,maimai_dx;other,,maimai_dx:2,wahlap;bemanicn
ULAND公主岭荣超金未来店,吉林省公主岭市荣超金未来8号楼ULAND家庭娱乐中心,43.8137650,125.3126800,maimai_dx,,maimai_dx:1,wahlap;bemanicn
Unity Power窝,西槎路158号雅怡花园（团结之力）,23.1309180,113.2644370,maimai_dx;ongeki;other,,maimai_dx:1;ongeki:1,bemanicn
U享魔方,兴义市黄草街道云南路星悦茂地下商业街A547-581、B547;,25.0893100,104.9024590,maimai_dx,,maimai_dx:1,bemanicn
U享魔方兴义星悦茂店,贵州省黔西南布依族自治州兴义市云南路星悦茂地下商业街a区U享魔方,25.0890780,104.9013940,maimai_dx,,,wahlap
U享魔方（黔西店）,星尚里地下商场,27.2859100,105.2910380,other,,,bemanicn
V-Play Party,"Room 106, 1st Floor, Dahongmen Group Shopping Plaza, (大红门购物广场1楼106) Hanzhong 汉中市 Shannxi 陕西省, 723000, Hanzhong 汉中市",33.0789498,107.0241442,other,,,ziv
V-play潮玩乐园（爱琴海店）,东增路与龙旺大道交叉口 爱琴海购物公园L3,23.9072900,106.6187710,maimai_dx;other;taiko,,maimai_dx:1;taiko:1,bemanicn
V-play潮玩家庭娱乐中心,岐黄大道与兰州路交叉口南约80米东方丽晶茂F4,35.7111090,107.6349910,maimai_dx;other;taiko,,maimai_dx:1;taiko:1,bemanicn
V-play潮玩运动街区(重庆时代天街店),石油路时代天街C馆四楼,29.5389270,106.4983760,maimai_dx;other,,maimai_dx:1,bemanicn
V-play潮玩重庆时代天街店,重庆市渝中区石油路时代天街C馆四楼潮玩运动街区,29.5548220,106.5709660,maimai_dx,,,wahlap
V-Play超能星客,大亚湾吾悦广场二楼V-Play,23.1193220,114.4134370,taiko,,taiko:1,bemanicn
V-play超能星客（蓝鲸店）,西南大道88号大亚湾·蓝鲸世界F2,23.1147260,114.4154700,maimai_dx,,maimai_dx:1,bemanicn
Vita音游（试运营中）,证大喜玛拉雅L座6楼626室,32.0661610,118.7888570,chunithm;ongeki;taiko,,chunithm:1;ongeki:1;taiko:1,bemanicn
VPLAY潮玩百色右江爱琴海店,广西百色市右江区龙景街道爱琴海购物公园三楼潮玩,23.9048050,106.6174290,maimai_dx,,,wahlap
V动地带兴城兴隆大家庭店,辽宁省兴城市兴隆大家庭五楼V动地带电玩城,40.7080790,120.8251660,maimai_dx;other;taiko,,maimai_dx:1;taiko:1,wahlap;bemanicn
v动地带（朝阳兴隆店）,朝阳大街4段1号兴隆大家庭11楼,41.6019160,120.4823670,taiko,,taiko:1,bemanicn
Wanda Kids 宝贝王（丰科万达2F）,"2F, Fengke Wanda Plaza Fengtai District Beijing Beijing, 100071, Beijing",39.8234685,116.2936929,other;taiko,,,ziv
Wanda Kids 宝贝王（昌平沙河万达）,"Shahe Wanda Plaza, 3F Southwest Corner, Changping District, Beij Changping District, near Zhuxinzhuang Station Beijing Beijing, 102206, Beijing",40.1070000,116.3080000,maimai_dx;other,,,ziv
Wanda Kids 宝贝王（通州万达2F）,"新华西街58号万达广场(通州店)3F东侧 Tongzhou District Beijing Beijing, 101101, Beijing",39.9045310,116.6358140,chunithm;jubeat;maimai_dx;other;taiko,,chunithm:2;jubeat:2;maimai_dx:4;taiko:1,ziv
Who Are You 虎阿游 (咸阳秦都万达),"L3, Wanda Plaza, No. 29 Renmin West Road, Qindu District (人民西路29号万达广场三楼) Xianyang Shannxi, 712000, Xianyang",34.3390510,108.6950290,maimai_dx;other,,,ziv
Who Are You 虎阿游 (渭南万达),"2nd Floor, Wanda Plaza (渭南市万达广场2层) 渭南市 Weinan City 陕西省 Shannxi Province,, 714000, 渭南市 Weinan City",34.5044391,109.4477588,maimai_dx;other,,,ziv
Wind and Fire Wheels (风火轮电玩),"F43, First Floor, MINSUN Plaza, Dongda Street Luomashi No.1 步行街钟楼民生百货云景坊1楼 Xi'an Shaanxi, 710000, Xi'an",34.2606348,108.9461240,other,,,ziv
WIN窝 | 赢窝,沙东街道陶庄路5号,23.1363270,113.2585400,chunithm;maimai_dx,,chunithm:1;maimai_dx:3,bemanicn
wonderland奇境家庭娱乐中心（长白鹿特丹店）,长白南路232号鹿特丹生活广场L3层305商铺,41.6794850,123.4603830,maimai_dx,,maimai_dx:1,bemanicn
WONDERLAND家庭娱乐中心沈阳和平鹿特丹万芊荟店,沈阳市和平区长白南路212号鹿特丹万芊荟三楼305,41.6745710,123.4630600,maimai_dx,,,wahlap
W·盈玩家庭娱乐中心,河南省三门峡市湖滨区和平西路与大岭北路交汇处西南侧三门峡湖滨万达广场,34.7691420,111.1957770,maimai_dx;other,,maimai_dx:2,bemanicn
X-in空间·动漫体验中心 (宝鸡高新天下汇),"4th Floor, Tianxiahui, Gaoxin Avenue, Maying Town, Huayin Distri (马营镇高新大道天下汇四楼) Baoji Shannxi, 721000, Baoji",34.3471034,107.2241163,maimai_dx;other,,,ziv
X-in空间·动漫体验中心 (西安金辉广场),"Shop F0173, 1st Floor, Jinhui Plaza, No. 885 Yanta South Road, Q (雁塔南路885号金辉广场一楼) Xi'an Shannxi, 710061, Xi'an",34.1825271,108.9599240,chunithm;maimai_dx;other;taiko,,chunithm:2;maimai_dx:2;taiko:1,ziv
X-in空间动漫游戏体验中心,曲江新区雁塔南路885号金辉广场1楼F0173号商铺,34.3490930,108.9344890,chunithm;maimai_dx;taiko,,chunithm:2;maimai_dx:2;taiko:1,bemanicn
X-in空间西安雁塔金辉广场店,陕西省西安市雁塔区雁塔南路885号金辉广场01-F01-73号,34.3398580,108.9325330,chunithm;maimai_dx,,,wahlap
X.in机地电玩城,四川省成都市青羊区日月大道一段978号一栋3层3号,30.5773300,104.0683320,maimai_dx,,maimai_dx:1,bemanicn
XAMG幻乐坊,钟楼地铁6号线F口出,34.2603289,108.9467382,chunithm;dance_evo;ddr;gitadora;iidx;jubeat;maimai_dx;other;popn;sdvx;taiko,,chunithm:2;dance_evo:1;ddr:1;gitadora:2;iidx:2;jubeat:1;maimai_dx:3;popn:1;sdvx:2;taiko:1,bemanicn;ziv
XH新濠电玩城（呼市七彩城店）,七彩城五楼XH（新濠）电玩城,40.8417960,111.7385870,maimai_dx,,maimai_dx:1,bemanicn
Xin基地成都青羊日月大道店,四川省成都市青羊区日月大道一段978号一栋3层3号X.in基地,30.5718710,104.0681900,maimai_dx,,,wahlap
Xin空间宝鸡高新店,陕西省宝鸡市渭滨区高新大道高新天下汇4楼Xin空间动漫游戏体验中心,34.3610850,107.2327030,maimai_dx,,,wahlap
X³-Play 炫次方 (万丰海岸城),"E515, 万丰海岸城BlockA, Wanfeng Community, Xinqiao Subdistrict, Bao'an District Shenzhen Guangdong, 518000, Shenzhen",22.7162263,113.8158542,chunithm;maimai_dx;other,,chunithm:2;maimai_dx:1,ziv
X³-Play 炫次方 (宝能太古城),"SL211, South Zone, Baoneng ALL CITY Shopping, Nanshan District, Shenzhen Guangdong, 518067, Shenzhen",22.5027197,113.9347615,maimai_dx;other,,,ziv
x机地家庭娱乐中心（巴南万达店）,巴南万达广场3F，3号线学堂湾站下车，1号口出轻轨，进商场后可扶梯直达,29.4070940,106.5317490,maimai_dx,,maimai_dx:1,bemanicn
X机地重庆巴南万达广场店,重庆市巴南区渝南大道万达广场3楼X机地,29.4070310,106.5381950,maimai_dx,,,wahlap
X街区X-block太原晋源店,山西省太原市晋源区长风国贸第六馆A006号X街区X-block,37.8716780,112.5388740,maimai_dx,,maimai_dx:1,wahlap;bemanicn
YH城电玩城-白云嘉禾店(未开业),"白云区鹤龙一路208号(详见Location Information) 广州市(CANTON) 广东省 (Guangdong Province), 广州市(CANTON)",23.2116400,113.2661006,other,,,ziv
YiXiQingShan Experience Store (一袭青衫-二次元体验中心),"No.1007-1009, 1st Floor, E2 Block, Dahua1935, Taihua South Road. 太华南路大华1935商城E2馆一层1007-1009室 Xi'an City Shannxi Province, 710000, Xi'an City",34.2862528,108.9693221,maimai_dx,,maimai_dx:2,ziv
YOLO 悠乐哒 (新业坊店),"1F, Building 9, Xinyefang, No.1328 Yixian Road, Baoshan District Baoshan District Shanghai Shanghai, 201900, Shanghai",31.3197493,121.4790699,chunithm;maimai_dx;other;taiko,,,ziv
YumeWorld上海徐汇万科店,上海市徐汇区万科广场二楼,31.1597576,121.4271284,maimai_dx;other,,maimai_dx:2,wahlap;bemanicn;ziv
Zebra Forest Game Club (斑马森林动漫体验中心),"No. 2-60, North District, 2nd Floor, Taiyi City Life Center, No. Xi'an Shannxi, 710000, Xi'an",34.2371999,108.9682657,other,,,ziv
ZhuaBei抓呗电玩(西安碑林),"东大街骡马市1号楼民生百货L1 First Floor, MINSON Plaza, Luomashi Xi'an City Shannxi Province, 710000, Xi'an City",34.2598057,108.9457297,maimai_dx;other,,,ziv
π客联盟赤峰松山万达店,内蒙古赤峰市松山区万达广场3楼π客联盟,42.2526360,118.8817780,chunithm,,,wahlap
【8.8开业】M.Lab 米莱音游研究所,北京市北京市朝阳区朝阳北路102号朝阳区青年汇三期 米莱音游研究所,39.9202720,116.4415920,chunithm;maimai_dx,,chunithm:2;maimai_dx:5,bemanicn
【即将停业】吾技动漫（四元桥店）,四元桥购物中心苏宁易购1层,39.9003880,116.4033640,other;taiko,,taiko:1,bemanicn
【即将开业】E享空间北京新华百货CCmall店,新街口北大街1号新华百货CCmall（新街口店）L6云川台球旁,39.9459863,116.3650631,maimai_dx;other,,maimai_dx:1,bemanicn;ziv
【暂停歇业中】潮玩派对天鹅湖万达店,【地址无效】安徽省合肥市蜀山区笔架山街道万达广场B1永辉超市外租区001号孩子王对面潮玩驿站(天鹅湖万达店),31.8222260,117.2259150,maimai_dx;other,,maimai_dx:2,bemanicn
【舞萌故障】汤姆熊欢乐世界（亿合城三楼店）,辽宁省大连市甘井子区山东路235号亿合城F3汤姆熊欢乐世界(华南亿合城店),38.9139420,121.6124370,maimai_dx;other,,maimai_dx:1,bemanicn
【营业状态存疑】迪乐尼电玩城望京中福百货店,中福百货,39.9065070,116.4032670,taiko,,taiko:1,bemanicn
䨻䨻音游同好会,浙江省宁波市海曙区东渡路29号宁波世界贸易中心,29.8605760,121.6245230,chunithm;maimai_dx;ongeki,,chunithm:1;maimai_dx:1;ongeki:1,bemanicn
一七八电玩城 Arcade 178 ༡༧༨ གློག་རྩེད་ཁང་།,"3F, Gongbu Farmers’ Market, Zangda Middle Road Lhasa Tibet, 850021, Lhasa",29.6478199,91.1595288,other,,,ziv
一乐马丁宁波慈溪店,浙江省宁波市慈溪市白沙街道新河坊云泰park 26号楼三楼,29.8666210,121.6208280,maimai_dx,,,wahlap
一乐马丁宁波镇海店,浙江省宁波市镇海区庄市街道万科广场3楼一乐马丁,29.8601000,121.6192450,maimai_dx,,,wahlap
一乐马丁家庭娱乐中心（新河坊）,白沙路街道新河坊26号楼3层03001,29.8628630,121.6230000,maimai_dx,,maimai_dx:2,bemanicn
一号机长邵阳洞口步步高店,湖南省邵阳市洞口县金坪路步步高凰腾新天地2楼一号机长,27.2389340,111.4615880,maimai_dx,,,wahlap
一号机长郑州美盛天街店,丰庆路街道丰庆路与博远路美盛龙湖天街3层17室,34.7455220,113.6230800,maimai_dx;other,,maimai_dx:2,bemanicn
一号机长长沙岳麓店,湖南省长沙市岳麓区茶子山东路112号凯德一中心L2一号机长,28.2327000,112.9365000,maimai_dx,,,wahlap
一号机长阜阳太和万达店,安徽省阜阳市太和县太和大道万达广场3F一号机长,32.8947150,115.8067920,maimai_dx;taiko,,maimai_dx:1;taiko:1,wahlap;bemanicn
一号机长（成都大悦城店）,四川省成都市武侯区大悦路518号2栋2楼4号2F-S01,30.5722200,104.0624370,chunithm;maimai_dx,,chunithm:2;maimai_dx:1,bemanicn
一号机长（洞口店）,湖南省邵阳市洞口县边田路洞口县步步高凰腾新天地(边田路西),27.2443890,111.4650800,maimai_dx,,maimai_dx:1,bemanicn
一号机长（郑州熙地港店）,CityOn熙地港购物中心3F027号,34.7464280,113.6255280,chunithm;maimai_dx;taiko,,chunithm:2;maimai_dx:2;taiko:1,bemanicn
一号玩家阳江阳西凯旋店,广东省阳江市阳西县凯旋广场4楼一号玩家,21.8625990,111.9748750,maimai_dx,,maimai_dx:1,wahlap;bemanicn
一号街区,宁远县九嶷中路腾飞铂富广场一楼,26.4207850,111.6036580,other,,,bemanicn
一号街区新化店,新化县上梅街道崇阳岭社区天华路世纪华联超市一号街区,27.6985750,111.9886310,other;taiko,,taiko:1,bemanicn
一同潮玩 Ace Play,"梅江区三角镇金燕大道109号 梅州市 Meizhou 广东省 Guangdong Province, 514071, 梅州市 Meizhou",24.2744012,116.1307425,maimai_dx;other,,,ziv
一同潮玩 Ace Play (马成时代广场),"225C, Shixia time Plaza 石厦时代广场 Futian District 福田区 Shenzhen City 深圳市 Guangdong Province 广东省, 518049, Shenzhen City 深圳市",22.5242121,114.0480427,maimai_dx;other,,,ziv
一同潮玩AcePlay东莞店,广东省东莞市塘厦镇天虹购物中心4楼一潮同玩AcePlay,23.0200950,113.7425940,maimai_dx,,maimai_dx:1,wahlap;bemanicn
一同潮玩AcePlay惠州博罗店,广东省惠州市博罗县罗阳镇天虹购物中心负一楼一同潮玩,23.1172210,114.4060650,maimai_dx,,maimai_dx:1,wahlap;bemanicn
一同潮玩南昌旭辉店,江西省南昌市经开区蛟桥街道双港西大街旭辉Cmall4楼011号一同潮玩,28.6886350,115.8565660,maimai_dx,,,wahlap
一同潮玩惠州惠城天益城店,广东省惠州市惠城区陈江街道天益城购物中心1期号门直上3楼001铺,23.1164970,114.4066950,maimai_dx,,maimai_dx:1,wahlap;bemanicn
一同潮玩梅州梅江店,广东省梅州市梅江区江南金燕大道万达广场2楼一同潮玩,24.2917260,116.1199560,maimai_dx,,maimai_dx:1,wahlap;bemanicn
一同潮玩泛娱乐体验中心,新赣州大道3号（君尚购物中心3楼）,25.8329180,114.9310250,maimai_dx,,maimai_dx:1,bemanicn
一同潮玩泛娱乐体验中心(华润万象汇店),江西省南昌市青山湖区高新大道1918号万象汇商业中心L329、L331、L333号商铺（南昌幸运星游乐有限公司）,28.6859560,115.8490020,maimai_dx,,maimai_dx:1,bemanicn
一同潮玩泛娱乐体验中心(南昌旭辉店),江西省南昌市南昌经济技术开发区双港西大街899号经开旭辉江来中心1#商业4F-011（南昌市太乐游乐有限公司）,28.6854800,115.8578000,maimai_dx,,maimai_dx:1,bemanicn
一同潮玩深圳石厦时代广场店,石厦北二街89号马成时代广场2层,22.5506940,114.0522400,maimai_dx,,maimai_dx:1,bemanicn
一同潮玩深圳福田店,广东省深圳市福田区石夏北二街89号马成时代广场,22.5448990,114.0562540,maimai_dx,,,wahlap
一同潮玩赣州南水君尚店,江西省赣州市南水街道君尚购物中心三楼一同潮玩,25.8340720,114.9258720,maimai_dx,,,wahlap
一同潮玩连云港店,江苏省连云港市海州区灌通北路58号苏宁广场3楼301一同潮玩,34.5936860,119.2171960,maimai_dx,,,wahlap
一同潮玩鹰潭天虹店,江西省鹰潭市月湖区天虹购物中心3楼3030铺,28.2718580,117.0375020,maimai_dx,,maimai_dx:1,wahlap;bemanicn
一袭青衫＿二次元体验馆,大华1935E2区1007一1009,34.3473360,108.9317830,other,,,bemanicn
一起玩呼和浩特玉泉凯德店,内蒙古呼和浩特市玉泉区凯德广场五楼一起玩家年华,40.8455360,111.7450250,maimai_dx,,,wahlap
一起玩嘉年华保定莲池店,河北省保定市莲池区爱情广场三楼一起玩嘉年华,38.8695040,115.4617340,maimai_dx,,,wahlap
一起玩天水秦州大城店,甘肃省天水市秦州区大城街道阳光饭店对面一起玩潮趣嘉年华,34.5807060,105.7203820,maimai_dx,,,wahlap
一起玩天水麦积桥南店,甘肃省天水市市麦积区桥南五道街广场2楼一起玩潮趣嘉年华,34.5793700,105.7215110,chunithm;maimai_dx,,,wahlap
一起玩家年华 17 PLAY（凯德广场诺和木勒店）,"5th Floor, CapitaMall, No.38 Ordos Street Yuquan District Hohhot Inner Mongolia, 010031, Hohhot",40.7959530,111.6720128,maimai_dx;other,,,ziv
一起玩家年华保定莲池店,朝阳大街与南二环交汇处保定爱情广场3层Z302号商铺,38.8709550,115.4596760,maimai_dx,,maimai_dx:1,bemanicn
一起玩家年华泰安爱琴海店,山东省泰安市爱琴海购物广场二楼一起玩嘉年华,36.1994450,117.0749770,maimai_dx,,,wahlap
一起玩家年华（凯德广场诺和木勒店）,鄂尔多斯大街38号凯德广场五楼(诺和木勒地铁站出入口旁),40.8383450,111.7429080,maimai_dx,,maimai_dx:1,bemanicn
一起玩潮趣嘉年华,桥南五道街商业街区2楼一起玩潮趣嘉年华（桥南建材市场内）,34.5802710,105.7201990,chunithm;maimai_dx,,chunithm:2;maimai_dx:1,bemanicn
一起玩潮趣嘉年华（步行街店）,中华西路步行街阳光饭店对面西北20米,34.5848550,105.7269040,maimai_dx;other,,maimai_dx:1,bemanicn
一起玩烟台龙口保利店,山东省烟台市龙口市南山路保利广场一起玩,37.4619320,121.4366220,maimai_dx,,,wahlap
丁丁家庭娱乐中心,水南镇城市茂三楼,29.5851650,105.0533490,other,,,bemanicn
丁丁家庭娱乐中心(万达广场),东湖街道庐山北路一段8号德阳万达广场13号楼商业广场3F-A-A,31.1273960,104.3942210,chunithm;maimai_dx,,chunithm:2;maimai_dx:2,bemanicn
丁丁家庭娱乐中心(中驰奥特店),六桥街道建设西路盛世阳光财富中心1、2栋1单元三层1-3-24,27.2872460,105.2853110,maimai_dx;other,,maimai_dx:1,bemanicn
丁丁家庭娱乐中心威宁中驰奥特莱斯店,贵州省毕节市威宁县建设西路中驰奥特莱斯三楼,27.2896640,105.2875260,maimai_dx,,,wahlap
丁丁家庭娱乐中心德阳旌阳区万达店,四川省德阳市旌阳区东湖街道庐山北路一段8号德阳万达广场13号楼商业广场3F-A-A,31.1333020,104.3955650,chunithm;maimai_dx,,,wahlap
丁丁家庭娱乐中心（正安时代天街店）,贵州省遵义市正安县凤仪街道文化北路御熙苑平安小区西侧约160米正安时代天街丁丁家庭娱乐中心(正安县时代天街店),27.7234200,107.0290780,maimai_dx,,maimai_dx:1,bemanicn
七凰音游窝,平凉路429号浩森·兰亭福地,36.0641300,103.8285060,chunithm;maimai_dx,,chunithm:1;maimai_dx:2,bemanicn
七十二变家庭娱乐中心,学府世纪广场2楼,38.4174420,112.7309820,other,,,bemanicn
七号电玩城,鑫达新天地购物广场 1F,39.5345600,116.6722290,maimai_dx,,maimai_dx:1,bemanicn
七号电玩城廊坊新天地店,河北省廊坊市大城县城新天地超市七号电玩城,39.5411300,116.6801700,maimai_dx,,,wahlap
七彩天空(鄞州龙湖天街店),中兴路77号龙湖天街4F,29.8588640,121.6194110,maimai_dx,,maimai_dx:1,bemanicn
七彩天空乐园(万华广场店),万华广场二层,30.2503040,120.2023210,maimai_dx,,maimai_dx:1,bemanicn
七彩天空乐园(临安宝龙店),杭州市临安宝龙广场2楼,30.2485060,120.2098610,chunithm;maimai_dx,,chunithm:2;maimai_dx:2,bemanicn
七彩天空乐园(杭州财富店),钱王财富中心,30.2505840,120.2101830,maimai_dx,,maimai_dx:1,bemanicn
七彩天空乐园(杭州青山湖宝龙广场店),青山湖宝龙广场 A区3楼（星巴克楼上）,30.2485200,120.2007110,maimai_dx,,maimai_dx:1,bemanicn
七彩天空乐园（滨湖天地店）,临安滨湖天地购物中心3层（近1号门）,30.2470770,120.2071250,maimai_dx,,maimai_dx:1,bemanicn
七彩天空杭州临安万华广场店,浙江省杭州市临安区万华广场二楼七彩天空,30.2455870,120.2050050,maimai_dx,,,wahlap
七彩天空杭州临安锦北宝龙店,浙江省杭州市临安区锦北街道宝龙广场2楼七彩天空乐园,30.2521130,120.2094020,chunithm;maimai_dx,,,wahlap
七彩天空杭州临安锦城财富店,浙江省杭州市临安区锦城街道钱王财富中心2楼七彩天空乐园,30.2505060,120.2037980,maimai_dx,,,wahlap
七彩天空杭州临安青山湖宝龙店,浙江省杭州市临安区青山湖街道宝龙广场3楼七彩天空乐园,30.2498190,120.2011170,maimai_dx,,,wahlap
七彩天空电玩城,群力第六大道3266号君康大厦B1层,45.7977660,126.5255250,maimai_dx,,maimai_dx:1,bemanicn
七彩天空道里君康店,哈尔滨市道里区群力第六大道君康大厦负一层七彩天空电玩,45.8004300,126.5321530,maimai_dx,,,wahlap
七彩拾光潮玩街区巴中通江店,四川省巴中市通江县壁州街道滨河路87号,31.8670700,106.7424750,maimai_dx,,maimai_dx:1,wahlap;bemanicn
七彩潮玩聊城阳谷利客来店,山东省聊城市阳谷县利客来购物中心3楼七彩潮玩,36.4551810,115.9853440,maimai_dx,,,wahlap
七彩糖亲子乐园,吉州百货 化州市北岸罗江花园北岸区三之八段E40号(北京西路与民主北路交汇处),21.6698040,110.9200960,taiko,,taiko:1,bemanicn
七星潮六安舒城万达店,安徽省六安市舒城县经济开发区龙津大道舒城万达商业广场商铺编号3F-3铺,31.7408800,116.5133630,maimai_dx,,maimai_dx:1,wahlap;bemanicn
万众国际影城,祥源街万众娱乐广场1号楼,40.9907820,113.1240060,taiko,,taiko:1,bemanicn
万德隆南阳镇平时代广场店,河南省南阳市镇平县万德隆时代广场店四楼万德隆超乐场,33.0198120,112.5813720,maimai_dx,,,wahlap
万德隆漯河舞阳时代广场店,河南省漯河市舞阳县海南路与张家港路交叉口万德隆时代广场四楼万德隆,33.5853980,114.0120850,maimai_dx,,,wahlap
万德隆电玩城（镇平店）,河南省南阳市镇平县平安大道万德隆时代广场→四楼万德隆超乐场,33.0223770,112.5804390,maimai_dx,,maimai_dx:1,bemanicn
万德隆超乐场（邓州时代广场店）,邓州市文化路与新华路交叉口西侧万德隆时代广场,33.0208890,112.5744150,maimai_dx,,maimai_dx:1,bemanicn
万有引力沈阳欧亚长青城店,辽宁省沈阳市浑南区长青南街6甲号欧亚长青城,41.6740040,123.4554760,chunithm;maimai_dx;taiko,,chunithm:2;maimai_dx:1;taiko:1,wahlap;bemanicn
万有引力沈阳盛京大东城店,辽宁省沈阳市大东区东陵西路37号4f万有引力盛京大东城店,41.6782320,123.4601010,maimai_dx;other,,maimai_dx:1,wahlap;bemanicn
万达大玩家 余杭,余杭区文西路万达广场 二楼,30.2460260,120.2056260,other,,,bemanicn
万达大玩家（大亚湾万达广场店）,大亚湾万达广场三楼宝贝王,23.1140900,114.4077180,chunithm;maimai_dx;taiko,,chunithm:2;maimai_dx:1;taiko:1,bemanicn
万达宝贝王 (荣县千坊店),千坊1376一号楼二楼,29.3442540,104.7745140,maimai_dx,,maimai_dx:1,bemanicn
万达宝贝王 Wanda Kid (金桥太茂广场店),"2F, Jinqiao Taimao Commercial Plaza, No.1882 Jingao Road Pudong New District Shanghai Shanghai, 201206, Shanghai",31.2691245,121.6040308,maimai_dx;other,,,ziv
万达宝贝王 Wanda Kids (上海浦江万达店),"3F, Wanda Plaza Pujiang, No.360 Yongyue Road, Pujiang Town Minhang District Shanghai Shanghai, 201112, Shanghai",31.0296948,121.5072750,maimai_dx;other,,,ziv
万达宝贝王 龙岩新罗万达店,双龙路1号万达广场2F,25.0835380,117.0143890,taiko,,taiko:1,bemanicn
万达宝贝王义乌万达店,浙江省金华市义乌市稠江街道万达广场楼宝贝王二,29.0822370,119.6382400,maimai_dx,,maimai_dx:2,wahlap;bemanicn
万达宝贝王乐园(桂林高新),广西壮族自治区桂林市七星区穿山东路43号桂林高新万达广场12栋2层3F-A-A,25.2386190,110.1776470,maimai_dx;taiko,,maimai_dx:1;taiko:1,bemanicn
万达宝贝王北京沙河万达店,沙河万达广场3层西南角万达宝贝王,39.9017420,116.3948170,maimai_dx,,maimai_dx:1,bemanicn
万达宝贝王宁夏吴忠店,万达广场一号门3楼,37.9943700,106.1980240,chunithm;maimai_dx,,chunithm:2;maimai_dx:1,bemanicn
万达宝贝王家庭娱乐中心上海金桥太茂广场店,上海市浦东新区金桥太茂商业广场二楼宝贝王,31.2205710,121.5372390,maimai_dx,,,wahlap
万达宝贝王宿州埇桥万达店,安徽省宿州市埇桥区银河三路万达二楼宝贝王,33.6466090,116.9543860,maimai_dx;taiko,,maimai_dx:1;taiko:1,wahlap;bemanicn
万达宝贝王成长乐园,永川区星光大道787号万达广场重庆永川店1BF层,29.3590390,105.9211440,maimai_dx;other,,maimai_dx:2,bemanicn
万达宝贝王成长乐园（咸宁咸安万达广场店）,咸安区-长安大道特188号万达广场2层,29.8459160,114.3180340,maimai_dx;other,,maimai_dx:1,bemanicn
万达宝贝王枣庄薛城万达店,山东省枣庄市薛城区万达广场一楼万达宝贝王,34.8112470,117.3125630,maimai_dx,,,wahlap
万达宝贝王金桥太茂广场店,金高路1882号金桥太茂商业广场2F,31.2362040,121.4660260,maimai_dx,,maimai_dx:1,bemanicn
万达宝贝王（丰科万达2F）,丰科路6号院万达广场（北京丰科店）2F,39.9067710,116.3980720,taiko,,taiko:1,bemanicn
万达宝贝王（丹东店）,锦山大街298号丹东万达广场二楼,40.0036320,124.3464760,taiko,,taiko:1,bemanicn
万达宝贝王（晋江万达店）,福建省泉州市晋江万达广场2楼,24.8789830,118.6683230,maimai_dx;other,,maimai_dx:1,bemanicn
万达宝贝王（柳州城中万达）,东环大道256号城中万达2楼,24.3304690,109.4269310,maimai_dx;taiko,,maimai_dx:1;taiko:1,bemanicn
万达宝贝王（淮北万达广场店）,南湖路与桓谭路交叉口万达广场3楼东南角,33.9556570,116.7913790,maimai_dx,,maimai_dx:1,bemanicn
万达宝贝王（濮阳经开万达店）,濮阳市华龙区绿城中路与开州北路交叉口万达广场3楼东北角,35.7670280,115.0203420,chunithm;maimai_dx,,chunithm:2;maimai_dx:1,bemanicn
万达宝贝王（虎门万达店）,在二楼喵,23.0206100,113.7458410,maimai_dx,,maimai_dx:1,bemanicn
万达宝贝王（遂宁店）,慈音街道香林南路300号万达广场二号门二楼,30.5385540,105.5917560,chunithm;maimai_dx,,chunithm:2;maimai_dx:1,bemanicn
万隆电玩城,青年路2199号,43.8165810,125.3205670,taiko,,taiko:1,bemanicn
三十六计 尹山湖歌林公园店,郭巷街道清禾路888号 尹山湖歌林公园1号楼2层1201B,31.3057710,120.5785590,maimai_dx,,maimai_dx:1,bemanicn
三十六计苏州吴中店,江苏省苏州市吴中区郭巷街道清禾路888号歌林公园1号楼二层1201B,31.3033010,120.5850900,maimai_dx,,,wahlap
三十六计苏州吴中永旺店,苏州市吴中区苏震桃路188号永旺梦乐城3层NO.366三十六计,31.3049390,120.5808650,chunithm;maimai_dx;other,,maimai_dx:1,wahlap;bemanicn
三十六计苏州观前店,江苏省苏州市吴中区金枫路悠方购物中心2F218,31.3020840,120.5835420,maimai_dx,,,wahlap
三华里x精致玩家广州花都店,广东省广州市花都区迎宾大道西24号三华里招商办,23.1362690,113.2588200,chunithm;maimai_dx,,,wahlap
三华里の漫音屋（广州花都店）,尖东街115号三华里羽毛球馆,23.1307920,113.2633440,chunithm;maimai_dx;ongeki,,chunithm:1;maimai_dx:1;ongeki:1,bemanicn
三国战纪电玩城,东风中路1999号万博广场三楼北区,38.8723710,115.4643260,other,,,bemanicn
三声筋斗云gt鞍山万达店,辽宁省鞍山市立山区高新万达广场1b筋斗云,41.1037970,122.9839280,maimai_dx;other;taiko,,maimai_dx:1;taiko:2,wahlap;bemanicn
三明万达宝贝王成长乐园,三明万达广场一层1号门万达宝贝王,26.2721020,117.6339430,maimai_dx,,maimai_dx:1,bemanicn
三明市三元区进珠游乐城,三明市三元区和仁新村44幢地下室,26.2694420,117.6338830,chunithm;jubeat;maimai_dx,,chunithm:2;jubeat:1;maimai_dx:1,bemanicn
上河城(嘉年华欢乐世界),上河城嘉年华欢乐世界,33.0197490,114.0125080,maimai_dx,,maimai_dx:1,bemanicn
上海汤姆熊正大乐城店,上海市徐汇区龙华中路7幢2层7-201至7-203室,31.1944910,121.4350490,maimai_dx,,,wahlap
上海烈火游戏机娱乐有限公司,上海市静安区江宁路77号4楼,31.2317120,121.4412080,chunithm;maimai_dx,,,wahlap
不二家欢乐世界大庆让胡路万达店,黑龙江省大庆市让胡路区万达广场3F-A,46.5866170,125.0923480,maimai_dx,,maimai_dx:1,wahlap;bemanicn
不二的潮 新汇大融城店,新会区会城启超大道9号7座新汇大融城三楼,22.5796690,113.0736990,other,,,bemanicn
不玩星球,新天泽国际广场1F,29.5377630,106.5003890,maimai_dx,,maimai_dx:1,bemanicn
不玩星球(雅安万达广场店),雅安万达广场三楼,30.0118430,103.0363410,maimai_dx,,maimai_dx:1,bemanicn
不玩星球重庆大渡口新天泽店,重庆市大渡口区新天泽国际广场1F017室不玩星球,29.4827640,106.4780400,maimai_dx,,,wahlap
世佳乐园石狮德辉广场店,福建省泉州市石狮市德辉广场7楼世佳乐园,24.8769900,118.6665410,chunithm;maimai_dx,,,wahlap
世嘉华翰 SEGAWORLD Beijing,"Beijing APM mall, Build 138, WANGFUJING St 北京市东城区王府井大街138号 新东安广场APM 东城/西城区 Dongcheng/Xicheng District 北京 (Beijing), 东城/西城区 Dongcheng/Xicheng District",39.9138020,116.4139030,other,,,ziv
世外星空游乐厅枣庄滕州银座店,枣庄市滕州银座2楼世外星空游乐厅,34.8125160,117.3208560,maimai_dx,,,wahlap
世外星空濮阳华龙店,河南省濮阳市华龙区胜利路京开大道东南角世外星空游乐厅,35.7596580,115.0189310,maimai_dx,,maimai_dx:1,wahlap;bemanicn
世宇乐园 UNiS LAND,"3F, 吉林欧亚综合体 Fengman District 吉林市 (Jilin City) Jilin Province, 132000, 吉林市 (Jilin City)",43.7878878,126.5481019,maimai_dx;other;taiko,,,ziv
世宇乐园(大信旗舰店),"广东省中山市石岐区宏基路大信商业街尾 中山市(Chungshan) 广东省 (Guangdong Province), 中山市(Chungshan)",22.5359579,113.3830597,jubeat;other,,jubeat:4,ziv
世宇乐园广州棠下店,"广州市中山大道188号棠下好又多超市1楼 广州市(CANTON) 广东省 (Guangdong Province), 广州市(CANTON)",23.1251636,113.3791959,jubeat;other;taiko,,jubeat:2;taiko:2,ziv
世宇乐园（吉林欧亚综合体）,吉林大街1-2号 欧亚商都综合体3层,43.8364640,126.5413310,maimai_dx;other;taiko,,maimai_dx:1;taiko:1,bemanicn
世纪嘉年华重庆开州店,重庆市开州区汉丰街道开州大道88号地一国际商业街D区22号,31.1645080,108.3913730,maimai_dx,,maimai_dx:1,wahlap;bemanicn
世纪星球,开州区新世纪购物百货步行街(世纪神话B区),31.1665460,108.3867070,maimai_dx,,maimai_dx:1,bemanicn
世纪星球重庆开州店,重庆市开州区开州大道中段新世纪百货B区三楼世纪星球家庭娱乐中心,31.1589040,108.3913970,maimai_dx,,,wahlap
世纪欢乐城朔州怀仁店,山西省朔州市怀仁市神隆生活广场四楼,39.3267030,112.4285330,drs;maimai_dx,,drs:1;maimai_dx:1,wahlap;bemanicn
东台吾悦摩兜欢乐岛,吾悦广场,33.3548910,120.1570740,maimai_dx,,maimai_dx:1,bemanicn
东方棕泉深圳福田店,广东省深圳市福田区金田路1001号金港豪庭,22.5465090,114.0498900,maimai_dx;other;taiko,,maimai_dx:1;taiko:1,wahlap;bemanicn
东方神启家庭娱乐中心(盐亭店),四川省绵阳市盐亭县锦绣江城·墨竹里5号楼一楼,31.4686780,104.6806980,other,,,bemanicn
东方英雄 （本溪新玛特）,平山区平山路与解放南二路交叉口西80米新玛特7楼,41.2945140,123.7623010,other;taiko,,taiko:1,bemanicn
东方英雄嘉年华（大悦城店）,大悦城6楼中庭&7楼大楼梯口,41.1046890,122.9865030,other,,,bemanicn
东方英雄嘉年华（碧乐城店）,鞍山市铁东区二道街71号7层7017号商铺（碧乐城7楼南侧，电影院旁边）,41.1026090,122.9859420,other;taiko,,taiko:1,bemanicn
东方英雄嘉年华（站前店）,铁东五道街60号,41.1048130,122.9919210,maimai_dx;other,,maimai_dx:1,bemanicn
东方英雄鞍山站前店,辽宁省鞍山市铁东区五道街60号东方英雄站前店,41.1089550,122.9891310,maimai_dx,,,wahlap
东方英雄（盘锦水游城店）,石油大街130号，鹏欣水游城4F,40.7146630,122.1614560,other,,,bemanicn
中嘉动漫城毕节七星关创美国贸广场店,贵州省毕节市七星关区创美国贸广场二楼中嘉动漫,27.2873360,105.2842160,maimai_dx,,,wahlap
中嘉动漫城毕节黔西花漾阳光城店,毕节市黔西市连城街道阳光城B区二楼中嘉动漫,27.2845010,105.2847770,maimai_dx,,maimai_dx:1,wahlap;bemanicn
中嘉动漫城（创美店）,市西街道创美国贸广场二楼,27.2850440,105.2828580,maimai_dx,,maimai_dx:1,bemanicn
中嘉动漫城（曲靖店）,云南省曲靖市麒麟区益宁街道办事处花柯社区70花柯不夜城5栋1-18-19-20号及5栋2-3号中嘉动漫城曲靖店,25.4912200,103.7943820,maimai_dx,,maimai_dx:1,bemanicn
中嘉动漫曲靖麒麟花柯不夜城店,云南省曲靖市麒麟区益宁街道办事处花柯社区70花柯不夜城5栋,25.4957660,103.7951690,maimai_dx,,,wahlap
中山市文化馆,博爱五路2号中山市文化馆二楼,22.5155260,113.3855710,other,,,bemanicn
中影星美晋城兰花城店,山西省晋城市兰花城四楼中影星美,35.4914150,112.8431890,maimai_dx,,,wahlap
中潜潜水运动深圳南山店,广东省深圳市南山区桃园路田厦国际中心AB座2-3层中潜潜水运动有限公司,22.5420900,114.0534720,maimai_dx,,,wahlap
丰乐嘉家庭娱乐中心（兰州华联店）,甘肃省兰州市城关区南昌路982号北京华联兰州购物中心4F,36.0628750,103.8340430,maimai_dx,,maimai_dx:1,bemanicn
丰华动漫城,印象汇负一楼,21.2750580,110.3515560,maimai_dx,,maimai_dx:1,bemanicn
丰华动漫湛江赤坎店,广东省湛江市赤坎区椹川大道376号湛江印象汇B1-29~33号丰华动漫,21.2705150,110.3479210,maimai_dx,,,wahlap
临平银泰城王者之风店,临平区银泰城3F-304(临平地铁站B3口步行360米),30.2496330,120.2077810,maimai_dx,,maimai_dx:2,bemanicn
临沂兰山星濠汤泉微度假酒店,山东省临沂市兰山区解放路29号星濠汤泉微度假酒店,35.1041690,118.3566120,maimai_dx,,maimai_dx:1,wahlap;bemanicn
临沂壹家庭游乐园泰盛广场店,解放路88号泰盛广场三层(通达路与解放路交汇处东北角),35.1038250,118.3537410,chunithm;maimai_dx;taiko,,chunithm:2;maimai_dx:1;taiko:1,bemanicn
丹东嗨翻（湾岸殿堂圣地）,辽宁省丹东市振兴区花园街道丹东天赐未来城嗨翻乐园(丹东市嗨翻乐园动漫有限公司),40.0037030,124.3521960,other,,,bemanicn
丽水雄霸风云电玩城,浙江省丽水市莲都区中广未来城2楼,28.4716830,119.9217370,maimai_dx,,maimai_dx:2,bemanicn
义乌之心天空之城,义乌之心F6层,29.0782280,119.6399880,chunithm,,chunithm:2,bemanicn
乐π潮玩/乐派潮玩（让胡路万达店）,万达3F,46.5905880,125.1027500,other,,,bemanicn
乐享潮玩,财富广场二楼观光电梯右侧,26.2596530,105.9484150,maimai_dx,,maimai_dx:1,bemanicn
乐享潮玩安顺家家惠购物广场店,贵州省安顺市镇宁布依族苗族自治县顺立达财富广场家家惠购物广场二楼乐享潮玩电玩城,26.2598280,105.9470900,maimai_dx,,,wahlap
乐兜兜家庭成长中心（王府井奥莱店）,王府井奥莱如意小镇3楼,40.8427630,111.7451010,taiko,,taiko:1,bemanicn
乐其城柳州柳南万达广场店,广西柳州市柳南区柳邕路263号柳南万达广场三楼乐其城,24.3314630,109.4237680,maimai_dx;other;taiko,,maimai_dx:1;taiko:1,wahlap;bemanicn
乐其城火星总动员/乐其潮玩（兴宁吾悦店）,吾悦广场三楼,22.8223080,108.3653580,maimai_dx;other,,maimai_dx:1,bemanicn
乐其潮玩(玉林店),玉州区人民中路六路口东门商业广场A座-1层A-1号摩尔街A23-30号,22.6548760,110.1719200,maimai_dx;taiko,,maimai_dx:2;taiko:1,bemanicn
乐其潮玩五星店,中山中路2号兴隆大厦负一层,24.3305550,109.4207010,chunithm;maimai_dx;taiko,,chunithm:2;maimai_dx:2;taiko:1,bemanicn
乐其潮玩南宁兴宁吾悦广场店,南宁市兴宁区吾悦广场三楼乐其潮玩,22.8249150,108.3595920,maimai_dx,,,wahlap
乐其潮玩大同平城百盛星茂汇店,山西省大同市平城区星茂汇三层机动侠,40.0951830,113.3645470,maimai_dx,,,wahlap
乐其潮玩家庭娱乐中心(酉阳店),酉阳县红卫桥原优选超市(翠屏山大道北路8号2楼),28.8422430,108.7600140,taiko,,taiko:1,bemanicn
乐其潮玩柳州兴隆大厦店,广西壮族自治区柳州市城中区城中街道中山中路2号兴隆大厦负一层夹层,24.3249690,109.4214620,chunithm;maimai_dx,,,wahlap
乐其潮玩玉林玉州东门店,广西壮族自治区玉林市玉州区东门商业广场负1层乐其潮玩,22.6558400,110.1727960,maimai_dx,,,wahlap
乐其潮玩重庆酉阳翠屏山大道北店,重庆市酉阳县翠屏山大道北段8号乐其潮玩,28.8438780,108.7600900,maimai_dx,,,wahlap
乐到底家庭娱乐中心,黄河十二路渤海十一路万达广场三楼乐到底家庭娱乐中心,37.3786460,117.9629590,other,,,bemanicn
乐到底烟台福山万达店,山东省烟台市福山区万达广场三楼乐到底家庭娱乐中心,37.4615060,121.4463530,maimai_dx,,,wahlap
乐动乐享世博店,汾江南路38号世博广场3层,23.0228450,113.1190450,other;taiko,,taiko:1,bemanicn
乐动全城遵义仁怀方圆荟店,贵州省遵义市仁怀市盐津街道方圆荟BF-002乐动全城,27.7246890,107.0245130,maimai_dx;taiko,,maimai_dx:1;taiko:1,wahlap;bemanicn
乐动城,吾悦广场三楼,41.6708160,123.4554110,other,,,bemanicn
乐动时空(M3碧乐城店)(暂停营业),朱雀大街南段12号M3碧乐城B1层011B商铺,34.3462060,108.9306020,maimai_dx,,maimai_dx:1,bemanicn
乐动时空西安雁塔碧乐城店,陕西省西安市雁塔区朱雀大街M3碧乐城街区负一层乐动时空,34.3462640,108.9378440,maimai_dx,,,wahlap
乐动达人 (天润奥莱广场店),江城区东风一路11号天润奥莱广场F6层,21.8581600,111.9743080,jubeat,,jubeat:1,bemanicn
乐园云·大玩家（学府凯德店）,学府路1-1号凯德广场-学府3层16、19号,45.8004050,126.5261410,chunithm;maimai_dx;taiko,,chunithm:2;maimai_dx:2;taiko:1,bemanicn
乐宇电玩城山西大同店,山西省大同市平城区太和路重熙街交汇处太和汇城市广场3层,40.0943150,113.3549410,maimai_dx,,,wahlap
乐客密码周口开元万达店,河南省周口市开元万达乐客密码,33.6353820,114.6988750,maimai_dx,,,wahlap
乐尔宝儿童乐园,华丽港生活超市负一层,37.6829820,112.7428810,taiko,,taiko:1,bemanicn
乐山万达宝贝王,乐青路662号万达广场购物中心1F-A,29.5580950,103.7603010,maimai_dx;taiko,,maimai_dx:1;taiko:1,bemanicn
乐山世豪广场店星际传奇,乐山世豪广场店星际传奇（3楼）,29.5511070,103.7602920,taiko,,taiko:1,bemanicn
乐掌门潍坊奎文店,山东潍坊市奎文区万达广场2楼乐掌门,36.7114060,119.1590340,maimai_dx,,,wahlap
乐掌门电玩[潍坊万达店],东风街鸢飞路交叉口东万达广场二楼,36.7047360,119.1567590,maimai_dx;taiko,,maimai_dx:1;taiko:1,bemanicn
乐掌门电玩（泰安万达店）,泰山大街566号万达广场3F北,36.1973210,117.0786240,maimai_dx;taiko,,maimai_dx:2;taiko:1,bemanicn
乐斗时代厦门湖里万达店,福建省厦门市湖里区仙岳路万达广场4666号302室乐斗时代,24.4837550,118.0820120,chunithm;maimai_dx;other,,chunithm:2;maimai_dx:2,wahlap;bemanicn
乐斗星球潮玩中心（十字门华发商都二期）,广东省珠海市香洲区景秀四路香洲区十字门华发商都二期(A8),22.2699650,113.5734470,maimai_dx,,maimai_dx:1,bemanicn
乐斗星空,诚毅中路616号中交和美天地3楼3001,24.4806190,118.0791010,chunithm;maimai_dx;taiko,,chunithm:2;maimai_dx:2;taiko:1,bemanicn
乐斗星空厦门集美店,福建省厦门市集美区诚毅大街361号和美天地商场1号门三楼L301号乐斗星空,24.4803310,118.0831590,chunithm;maimai_dx,,,wahlap
乐斯尼万宁文化广场店,海南省万宁市万城镇人民中路文化广场一楼,18.7968780,110.3912060,maimai_dx;taiko,,maimai_dx:1;taiko:1,bemanicn
乐斯尼乐园万宁万城店,海南省万宁市万城镇人民中路文化商业广场内一楼16号海洋乐园,18.7982890,110.3853150,maimai_dx,,,wahlap
乐斯尼乐园乐东黄流龙腾金街店,海南省乐东黎族自治县君海湾龙腾金街商业区乐斯尼1层,18.7523350,109.1658140,maimai_dx,,maimai_dx:1,wahlap;bemanicn
乐斯尼乐园屯昌宝真广场店,海南省屯昌县文化路286号宝真广场一楼,19.3536940,110.1006110,maimai_dx,,,wahlap
乐斯尼乐园文昌耀龄广场店,海南省文昌市文城镇教育东路88号耀龄广场裙房商业2层F2-02铺位,19.5411180,110.7935980,maimai_dx,,,wahlap
乐斯尼乐园昌江恒基广场店,海南省昌江黎族自治县石碌镇恒基广场乐斯尼乐园,19.2946600,109.0520030,maimai_dx,,,wahlap
乐斯尼屯昌宝真广场店,宝真超市一楼,19.3499010,110.0986670,maimai_dx,,maimai_dx:1,bemanicn
乐斯尼文昌耀龄文化广场店,海南省文昌市教育东路耀龄广场2楼,19.5437730,110.7890680,maimai_dx;other;taiko,,maimai_dx:1;taiko:1,bemanicn
乐斯尼昌江恒基商业广场店,海南省昌江黎族自治县恒基商业广场一楼乐斯尼欢乐世界(市民广场二路),19.3010990,109.0550490,maimai_dx;other;taiko,,maimai_dx:1;taiko:1,bemanicn
乐欣谷电玩汕头潮阳店,广东省汕头市潮阳区和平镇紫南路3号万欣广场3楼,23.3551880,116.6753260,maimai_dx,,,wahlap
乐清SUPER101电玩城,伯乐东路666号南虹广场2楼,28.0010880,120.6943110,maimai_dx,,maimai_dx:1,bemanicn
乐清虹桥沃克公园（天元店）,浙江省温州市乐清市虹桥镇飞虹南路555号华都·天元广场二楼,27.9975220,120.6915570,maimai_dx,,maimai_dx:1,bemanicn
乐游悦动(生态城万达店),天津生态城万达广场乐游悦动,39.1233730,117.7566930,maimai_dx;other;taiko,,maimai_dx:1;taiko:1,bemanicn;ziv
乐游悦动天津河东爱琴海店,天津市河东区上杭街道爱琴海,39.1295440,117.2437950,maimai_dx,,,wahlap
乐游悦动滨海万达店,天津市滨海新区万达广场三楼乐游悦动,39.0167320,117.6929180,maimai_dx,,,wahlap
乐游悦动电玩城青岛店,山东省青岛市黄岛区灵山卫街道滨海大道新城吾悦广场C馆2楼2018号乐游悦动超级玩家(青岛新城吾悦广场店),36.0643310,120.3798280,maimai_dx;other,,maimai_dx:1,bemanicn
乐游悦动青岛黄岛吾悦店,山东省青岛市黄岛区滨海大道2888号吾悦广场c区2楼2018乐游悦动,36.0677850,120.3740510,maimai_dx,,,wahlap
乐游悦动（大港万达店）,天津市滨海新区古林街道世纪大道305号万达广场3楼,38.8440660,117.4831240,maimai_dx;other;taiko,,maimai_dx:1;taiko:1,bemanicn;ziv
乐游悦动（远洋乐堤港店）,津滨大道160号远洋乐堤港(原爱琴海)3层,39.1157470,117.2657650,maimai_dx;other;taiko,,maimai_dx:2;taiko:1,bemanicn;ziv
乐游游动漫电玩城,鱼峰路17号银泰城3楼3001-3026室 （秀没有 EVO）,24.3249330,109.4230520,taiko,,taiko:1,bemanicn
乐游电子天津滨海新区万达店,天津市滨海新区古林街道世纪大道305号万达广场3楼次主-2,39.0131550,117.6889790,maimai_dx,,,wahlap
乐游记丰台京盛时代店,北京市丰台区京盛时代广场4楼乐游记,39.8593130,116.2841620,maimai_dx,,,wahlap
乐游记游戏体验中心,镇岗塔路云岗航天人才家园1号楼京盛时代购物中心4F,39.8183706,116.1668871,maimai_dx,,maimai_dx:1,bemanicn;ziv
乐满地(融冠乐城店),融冠乐街C5栋二楼,26.8947540,112.5680960,taiko,,taiko:1,bemanicn
乐满堂Super Buddy（常州华润万象城店）,中吴大道1231号万象城4楼L459-460,31.8121320,119.9711660,chunithm;maimai_dx;taiko,,chunithm:2;maimai_dx:1;taiko:1,bemanicn
乐满堂嘉兴南湖店,浙江省嘉兴市南湖区嘉兴八佰伴华府店二楼乐满堂,30.7451900,120.7540300,maimai_dx,,,wahlap
乐满堂家庭游乐中心,新都购物中心3F,42.2214970,123.7136770,taiko,,taiko:1,bemanicn
乐满堂常州溧阳上河城店,江苏省溧阳市溧城街道平陵中路369号上河城二楼乐满堂,31.8123590,119.9666930,maimai_dx,,maimai_dx:1,wahlap;bemanicn
乐满堂杭州富阳玉长城店,浙江省杭州市富阳区春秋北路271号玉长城商业广场二楼乐满堂,30.2526320,120.2051280,maimai_dx;taiko,,maimai_dx:1;taiko:1,wahlap;bemanicn
乐满堂欢乐王国,江苏省常州市武进区湖塘镇路劲又一城一楼乐满堂欢乐王国,31.8118380,119.9708540,maimai_dx,,,wahlap
乐满堂欢乐王国(大有境店),崇川区观畅路38号大有境F3层,31.9858370,120.8907340,taiko,,taiko:1,bemanicn
乐满堂欢乐王国(金坛吾悦店),西城街道南环二路1208号（金坛新城吾悦广场3019商铺）,31.8159030,119.9712610,taiko,,taiko:1,bemanicn
乐满堂欢乐王国•达州店,巴渠东路318号仁和新城购物中心1号楼第三层303-2/304/305/306/307/308,31.2101800,107.4674340,maimai_dx;other;taiko,,maimai_dx:1;taiko:1,bemanicn
乐满堂欢乐王国嘉兴华府八佰伴店,嘉兴市南湖区城南路1532号 嘉兴八佰伴(华府店),30.7468670,120.7498590,maimai_dx;other;taiko,,maimai_dx:1;taiko:1,bemanicn
乐满堂电玩常州武进吾悅广场店,江苏省常州市武进区人民路吾悅广场3楼,31.8105560,119.9713750,maimai_dx;other,,maimai_dx:1,wahlap;bemanicn
乐满堂达州通川仁和店,四川省达州市通川区朝阳街道达州仁和春天仁和新城3楼乐满堂,31.2116010,107.4608190,maimai_dx,,,wahlap
乐漫天(瓮安店),贵州省黔南布依族苗族自治州瓮安县解放路富贵花园2号楼2层,26.2554320,107.5144480,other,,,bemanicn
乐漫天动漫城（独山店）,井城街道和平路中心广场香港盛大百货（盛大购物广场）1层,26.2613030,107.5182510,other,,,bemanicn
乐炫风上海静安大融城店,上海市静安区大融城2楼,31.2814960,121.4202010,jubeat;maimai_dx;other;taiko,,jubeat:2;maimai_dx:2;taiko:1,wahlap;bemanicn;ziv
乐炫风世欧广场店（南区）,长河路88号世欧广场南区3层,26.0755590,119.2873860,other;taiko,,taiko:1,bemanicn
乐炫风东百中心店,八一七北路100号东百中心c馆负一楼(东街口地铁站C口步行140米),26.0734290,119.2906770,chunithm;maimai_dx;taiko,,chunithm:2;maimai_dx:2;taiko:1,bemanicn
乐炫风东百城永嘉天地店,上街镇国宾大道268号永嘉天地16号楼第3层3016商铺,26.0727630,119.2943530,maimai_dx;other,,maimai_dx:1,bemanicn
乐炫风福州闽侯永嘉天地店,福建省福州市闽侯县上街镇永嘉天地三楼乐炫风,26.0769050,119.2949600,maimai_dx,,,wahlap
乐炫风福州鼓楼东百中心店,福建省福州市鼓楼区东街东百中心C馆负一楼乐炫风,26.0742060,119.2944410,chunithm;maimai_dx,,,wahlap
乐玩U选常德武陵欢乐城店,湖南省常德市武陵欢乐城B馆1号门A1016乐玩U选,29.0333720,111.6910460,maimai_dx,,,wahlap
乐玩U选常德澧县万达店,湖南省常德市澧县万达负一楼乐玩U选,29.0321000,111.6905480,chunithm;maimai_dx;other;taiko,,maimai_dx:1;taiko:1,wahlap;bemanicn
乐玩U选津市店,三洲驿街道三洲街社区好润佳超市一楼1F15号,29.0319820,111.6929480,maimai_dx,,maimai_dx:1,bemanicn
乐玩之星动漫体验中心,武展东路特1号新崇光时尚广场A座F1层,30.5924840,114.2954930,maimai_dx,,maimai_dx:1,bemanicn
乐玩之星武汉江汉店,武汉市江汉区万松街街道武展东路金崇光时肖广场特1号负一楼乐玩之星动漫体验城,30.5959440,114.2947660,maimai_dx,,,wahlap
乐玩嘉年华许昌魏都吾悦广场店,许昌市魏都区天宝路吾悦广场三楼西,34.0383100,113.8424250,maimai_dx,,maimai_dx:1,wahlap;bemanicn
乐玩基地广西百色新靖店,广西壮族自治州百色市靖西市新靖镇龙潭路9号广佰汇购物广场2楼乐玩机地游乐场,23.9062500,106.6099360,maimai_dx,,,wahlap
乐玩客信阳天润店,河南省信阳市天润广场三楼乐玩客潮玩城,32.1509640,114.0898520,maimai_dx,,maimai_dx:1,wahlap;bemanicn
乐玩客天润泰德广场店,广东省云浮市罗定市天润广场三楼乐玩客,22.9224130,112.0408980,maimai_dx,,,wahlap
乐玩客揭阳普宁新天地店,广东揭阳市普宁市万泰新天地2楼乐玩客潮玩城,23.5529320,116.3623420,maimai_dx,,,wahlap
乐玩客江北远东城店,重庆市江北区远东城b1乐玩客,29.5402620,106.4976380,maimai_dx,,,wahlap
乐玩客泰德天润广场店,广东省云浮市罗定市天润广场三楼乐玩客,22.9219440,112.0372280,maimai_dx,,maimai_dx:1,bemanicn
乐玩客泸州大世界店,四川省泸州市迎晖路2号大世界1楼乐玩客潮玩城,28.8715410,105.4375390,maimai_dx,,,wahlap
乐玩客潮玩城 Fun Guest (云领天街店),"3F, Building A, Yunling Paradise Walk, No. 37 Yingbin Avenue Jiulongpo District Chongqing Chongqing, 400039, Chongqing",29.5080344,106.4593340,maimai_dx,,,ziv
乐玩客潮玩城(沙坪坝店),重庆市沙坪坝区渝碚路三峡广场50-6号,29.5446470,106.4560280,maimai_dx,,maimai_dx:1,bemanicn
乐玩客潮玩城云领天街店,二郎街道迎宾大道37号A馆-3F-17,29.5324860,106.5042800,maimai_dx,,maimai_dx:1,bemanicn
乐玩客潮玩城合川,重庆市合川区财富广场2楼乐玩客潮玩城,29.9728480,106.2679890,maimai_dx;taiko,,maimai_dx:1;taiko:1,wahlap;bemanicn
乐玩客潮玩城大融城店,两江新区观音桥大融城LG层,29.6426060,106.5644690,maimai_dx;taiko,,maimai_dx:1;taiko:1,bemanicn
乐玩客潮玩城射洪凯立广场店,四川省遂宁市射洪市平安街道平安社区枇杷街10号凯立广场［K216、K217A号］,30.5362230,105.5834780,maimai_dx,,maimai_dx:1,bemanicn
乐玩客潮玩城泸州大世界店,迎晖路2号大世界1楼乐玩客潮玩城,28.8758440,105.4392230,maimai_dx,,maimai_dx:1,bemanicn
乐玩客潮玩城达州大竹店,四川省达州市大竹县煌歌广场一楼乐玩客潮玩城,31.2141210,107.4632570,maimai_dx,,,wahlap
乐玩客潮玩城重庆三峡广场店,重庆市沙坪坝区三峡广场融信大厦二楼乐玩客潮玩城,29.5430360,106.4482030,maimai_dx,,,wahlap
乐玩客潮玩城（万泰新天地店）,流沙北街道西陇社区环城北路与广达路交汇处南侧万泰新天地购物中心（原普宁星河Coco City）F2,23.5496470,116.3656410,maimai_dx,,maimai_dx:1,bemanicn
乐玩客潮玩城（龙兴天街店）,两江新区龙兴镇两江大道738号A馆2F-1,29.6473520,106.5612000,maimai_dx,,maimai_dx:1,bemanicn
乐玩客遂宁射洪凯立广场店,四川省遂宁市射洪市平安街道凯立广场二楼乐玩客潮玩城,30.5385400,105.5927910,maimai_dx,,,wahlap
乐玩客重庆两江龙兴店,重庆市两江新区龙湖龙兴天街2L乐玩客潮玩城,29.6432850,106.5611620,maimai_dx,,,wahlap
乐玩客重庆云领天街店,重庆市九龙坡区龙湖云领天街3楼乐玩客潮玩城,29.5084200,106.5106290,maimai_dx,,,wahlap
乐玩客重庆南岸万达店,重庆市南岸区江南大道8号南坪万达广场金街乐玩客潮玩城,29.5000170,106.6436370,maimai_dx,,,wahlap
乐玩客重庆星汇天街店,重庆市九龙坡区石桥铺街道石杨路18号龙湖星汇天街A馆3楼01室乐玩客潮玩城,29.5075610,106.5109760,maimai_dx,,,wahlap
乐玩客重庆梁平名豪店,重庆市梁平区梁平街道名豪商贸区中心广场1层乐玩客潮玩城,30.6601080,107.7663360,maimai_dx;taiko,,taiko:1,wahlap;bemanicn
乐玩客重庆观音桥店,重庆重庆市江北区观音桥街道大融城LG层乐玩客潮玩城,29.5351300,106.4990030,maimai_dx,,,wahlap
乐玩客重庆金沙天街店,重庆市沙坪坝区金沙天街A管3楼-15号乐玩客潮玩城,29.5466350,106.4538050,maimai_dx,,,wahlap
乐玩家超乐场（铜锣湾店）,铜锣湾广场三楼乐玩家店,30.1986260,115.0328100,maimai_dx,,maimai_dx:1,bemanicn
乐玩家黄石阳新铜锣湾店,湖北省黄石市阳新县阳新大道铜锣湾广场3F乐玩家超乐场,30.2034990,115.0310030,maimai_dx,,,wahlap
乐玩新天地长沙麻石公园店,湖南省长沙市望城区mcc麻石公园二楼乐玩新天地,28.2280150,112.9333590,maimai_dx,,maimai_dx:1,wahlap;bemanicn
乐玩机地,广西壮族自治区百色市靖西市新靖镇广佰汇购物广场2楼乐玩机地电玩城,23.9073780,106.6181740,maimai_dx,,maimai_dx:1,bemanicn
乐界星耀潮玩空间滨州博兴碧乐城店,滨州市博兴县锦秋街道碧乐城三楼,37.3802780,117.9707240,maimai_dx,,maimai_dx:1,wahlap;bemanicn
乐百惠家庭娱乐中心,柠都大道西段普州广场东南侧约150米,30.1336600,104.6303870,maimai_dx,,maimai_dx:1,bemanicn
乐百惠资阳安岳店,四川省资阳市安岳县民族商业城乐百惠家庭娱乐中心,30.1318490,104.6295130,maimai_dx,,,wahlap
乐秀电玩城,"抚顺市新抚区中央大街7号金地大厦 抚顺市(FuShun) 辽宁省（Liaoning Province）, 抚顺市(FuShun)",41.8616174,123.9031857,iidx,,,ziv
乐立方大冒险丰台海户屯京东店,北京市丰台区海户屯京东MALL二层,39.8517093,116.3951897,maimai_dx;other,,maimai_dx:1,wahlap;bemanicn;ziv
乐立方潮玩大兴龙玥城店,北京市大兴区亦庄科创五街38号院龙玥城一层FD0001乐立方潮玩,39.7219420,116.3340700,maimai_dx,,,wahlap
乐立方潮玩运动馆大兴龙玥城店,科创五街38号龙玥城一层D区,39.7233020,116.3404540,maimai_dx;other;taiko,,maimai_dx:1;taiko:1,bemanicn
乐维尼超乐场苏州相城店,江苏省苏州市相城区龙湖天街三楼乐维尼超乐场,31.3014550,120.5838820,maimai_dx;other,,maimai_dx:2,wahlap;bemanicn
乐缘地带电玩城,广裕街街万家生活广场二楼,42.2187100,123.7216190,other;taiko,,taiko:2,bemanicn
乐缤纷游艺室次元嘉年华（原疯狂牛仔城上下九店）,下九路90-92号东急新天地3层5-7,23.1316640,113.2563060,maimai_dx;other,,maimai_dx:1,bemanicn
乐翻天承德双桥店,河北省承德市双桥区酒仙庙路2号乐翻天游乐城,40.9542990,117.9506330,maimai_dx,,,wahlap
乐翻天游乐园,"承德市佟温路二号 承德市（Chengde） 河北省（Hebei）, 067000, 承德市（Chengde）",40.9734372,117.9355261,iidx;other;reflec;taiko,,,ziv
乐翻天游乐城,佟温路2号,40.9496080,117.9554660,maimai_dx,,maimai_dx:1,bemanicn
乐翻天邢台沙河中豪生活店,河北省邢台市沙河市南联路中豪生活广场店,37.0613510,114.4950100,maimai_dx,,,wahlap
乐贝尔主题乐园,江苏省无锡市新吴区新光路555号方圆荟B栋3楼乐贝儿主题乐园(新之城购物广场店),31.4913800,120.3108800,taiko,,taiko:1,bemanicn
乐趣时代·智趣乐园（石岐大信店）,莲员东路2号大信·新都汇二期B座3楼,22.5249070,113.3869700,chunithm;jubeat;maimai_dx,,chunithm:1;jubeat:2;maimai_dx:2,bemanicn
乐趣时代中山坦洲店,广东省中山市坦洲镇优越城购物中心3楼乐趣时代1.2卡,22.5212630,113.3831410,maimai_dx,,,wahlap
乐趣时代桂林七星店,广西省桂林市七星区客世界商业广场3楼乐趣时代,25.2400650,110.1783840,maimai_dx,,,wahlap
乐趣时代汕头星汇店,广东省汕头市东厦北路175号,23.3525950,116.6741700,chunithm;maimai_dx,,,wahlap
乐趣时代贵港港北店,广西贵港市港北区贵城街道客世界三楼乐趣时代,23.1172480,109.5929370,maimai_dx,,,wahlap
乐趣时代（坦洲优越城店）,坦洲镇界狮南路55号优越城百货,22.5150680,113.3866530,maimai_dx,,maimai_dx:1,bemanicn
乐趣时代（桂林客世界）,漓江路19号,25.2406260,110.1737530,maimai_dx;other,,maimai_dx:1,bemanicn
乐趣时代（汕头星汇国际广场店）,广厦街道科技北二街与华山北路交叉口北80米星汇国际广场3楼,23.3556450,116.6742620,chunithm;maimai_dx,,chunithm:2;maimai_dx:2,bemanicn
乐趣时代（贵港客世界店）,中山路与江北大道交汇处客世界广场3层,23.1170240,109.5921720,maimai_dx;other,,maimai_dx:1,bemanicn
乐趣游戏空间,河南省南阳市方城县百信广场5楼,33.0159910,112.5821220,taiko,,taiko:1,bemanicn
乐趣游戏空间郑州国贸店,河南省郑州市金水区花园路39号国贸360负一层1948街区乐趣游戏空间,34.7468940,113.6237890,maimai_dx,,maimai_dx:1,wahlap;bemanicn
乐趣游戏空间郑州郑东店,河南省郑州市郑东新区平安大道197号永和时光里乐趣游戏空间电玩城,34.7468020,113.6242620,maimai_dx,,maimai_dx:1,wahlap;bemanicn
乐跑酷动漫城,江苏省无锡市江阴市澄江福地商业街5号2楼乐跑酷动漫城,31.4912750,120.3046290,maimai_dx,,maimai_dx:1,bemanicn
乐迪队长邵阳武冈店,湖南省邵阳市武冈市铜保北路保利和盛堂3楼乐迪队长,27.2466760,111.4599520,maimai_dx,,maimai_dx:1,wahlap;bemanicn
乐透城河南安阳吾悦广场店,河南安阳滑县城关街道吾悦广场3楼乐透城,36.1025010,114.3862290,maimai_dx,,,wahlap
乐通天下汉中市洋店,陕西省汉中市洋县朱鹮广场二楼蔚蓝超市乐通天下,33.0707410,107.0167370,maimai_dx,,maimai_dx:1,wahlap;bemanicn
乐逸超乐场包头青山万达店,内蒙古包头市青山区钢铁大街万达广场二楼乐逸超乐场,40.6174450,109.9510120,chunithm;maimai_dx;other,,chunithm:2;maimai_dx:2,wahlap;bemanicn
乐逸超乐场包头青山华联店,内蒙古自治区包头市青山区北京华联购物中心四楼乐逸超乐场,40.6198380,109.9415540,maimai_dx,,,wahlap
乐逸超乐场广州增城店,广州市增城区新塘镇金海岸广场负一楼乐逸超乐场,23.1280920,113.2590070,maimai_dx,,maimai_dx:2,wahlap;bemanicn
乐逸超乐场昆都仑包百步行街店,内蒙古包头市昆都仑区包百步行街乐逸超乐场,40.6217610,109.9407670,maimai_dx,,,wahlap
乐逸超乐场（昆区包百步行街店）,内蒙古自治区包头市昆都仑区前进道街道鞍山道包百步行街,40.6178550,109.9456990,maimai_dx,,maimai_dx:1,bemanicn
乐逸超乐场（正翔国际店）,内蒙古自治区包头市青山区钢铁大街与富强路东北角BHGMall北京华联包头购物中心4层北,40.6179560,109.9507700,maimai_dx,,maimai_dx:1,bemanicn
乐遥遥乐游城,美的旭辉天地3楼,23.1198790,114.4121490,drs,,drs:1,bemanicn
乐酷主题电玩乐园,广场南路160号金鼎商业广场一层,29.2769140,117.1770460,maimai_dx;other;taiko,,maimai_dx:2;taiko:1,bemanicn
乐酷星球(南郊生活广场店),赤岭街道书院南路73号南郊生活广场负二楼,28.2296720,112.9363850,other;taiko,,taiko:1,bemanicn
乐酷星球(龙湾店),福元西路108号龙湾商业广场一层M05号店铺,28.2294730,112.9326560,other,,,bemanicn
乐酷汇电玩城,蓝色港湾儿童城一层冰场东侧K114号,39.9479334,116.4697374,gitadora;other;taiko,,gitadora:1;taiko:1,bemanicn;ziv
乐酷电玩俱乐部(金源燕莎店),"Jinyuan Xinyansha Mall, 1 Yuanda Road 5th Floor BEIJING Beijing Shi, BEIJING",39.9586480,116.2895215,gitadora;iidx;other;sdvx,,gitadora:2;iidx:1;sdvx:1,ziv
乐酷电玩景德珠山金鼎店,江西省景德镇市珠山区广场南路金鼎购物广场1楼,29.2737970,117.1803400,maimai_dx,,,wahlap
乐顽猩超乐园,江北华贸天地3楼,23.1194380,114.4095960,maimai_dx,,maimai_dx:1,bemanicn
乐骑士超级英雄,夏庄街道鑫江东方城1楼（家家悦内）,36.0706290,120.3753720,maimai_dx;other,,maimai_dx:1,bemanicn
乖乖鼠儿童乐园,北关路277号宝龙广场2F,37.4660100,121.4433460,other,,,bemanicn
乖乖鼠南平建阳店,福建省南平市建阳区建发悦城三楼乖乖鼠游乐园,27.3825560,118.0760480,maimai_dx,,,wahlap
乖乖鼠家庭娱乐中心建发悦城店,福建省南平市建阳区建发悦城三楼乖乖鼠乐园,27.3887550,118.0783890,maimai_dx,,maimai_dx:1,bemanicn
乖比兔家庭娱乐中心,新冶大道38号,30.2030060,115.0372490,other,,,bemanicn
乖贝特,辽宁省大连市瓦房店市景翠路77号3楼斐卡影城对面电玩城,38.9128010,121.6046380,chunithm;maimai_dx;taiko,,chunithm:2;maimai_dx:1;taiko:1,bemanicn
乖贝特大连瓦房店店,辽宁省大连市瓦房店市景翠路77号3楼斐卡影城对面电玩城,38.9164030,121.6124720,maimai_dx,,,wahlap
乖贝特大连瓦房店长兴店,辽宁省大连市瓦房店市长兴岛景翠路77号斐卡影城三楼电玩城,38.9169240,121.6126510,chunithm,,,wahlap
九州城梦乐园阳江阳东店,广东省阳江市阳东区始兴南路96号,21.8635080,111.9759130,chunithm;maimai_dx;taiko,,chunithm:2;maimai_dx:1;taiko:1,wahlap;bemanicn
九江大玩家超乐场,万达广场三楼大玩家超乐场,29.6651230,115.9468190,maimai_dx;other,,maimai_dx:1,bemanicn
九盈电玩台州南宫新天地店,浙江省台州市路桥区路桥街道南官新天地观澜上城47幢102-123室,28.6614740,121.4152200,chunithm,,,wahlap
九盈电玩台州温岭店,浙江省台州市温岭市松门镇振兴路129号14幢3楼九盈电玩游戏厅,28.6615920,121.4203530,maimai_dx,,,wahlap
事诚电玩重庆路万达店,长春市朝阳区重庆路1388号万达广场综合楼3F02,43.8103390,125.3135500,maimai_dx,,,wahlap
事诚电竞长春万达店,吉林省长春市宽城区人民大街155号长春宽城万达场商业广场室内步行街1F层百1F11A号,43.8174860,125.3182160,maimai_dx,,,wahlap
事诚电竞长春绿园车城万达店,长春市汽车开发区西湖大路与腾飞大路交汇车城万达广场购物中心A1-1#楼3F-A-,43.8165570,125.3189090,maimai_dx,,,wahlap
事诚电竞（宽城万达店）,宽城区北人民大街155号万达广场一楼,43.8158530,125.3116110,maimai_dx,,maimai_dx:1,bemanicn
事诚电竞（车城万达店）,车城万达广场3楼大玩家对面,43.8188570,125.3209700,maimai_dx,,maimai_dx:1,bemanicn
事诚电竞（重庆路万达店）,重庆路万达广场3楼,43.8132980,125.3118760,maimai_dx,,maimai_dx:1,bemanicn
云尚电玩,商都路康平路郑东商业中心A区云尚负一楼,34.7453910,113.6137110,maimai_dx,,maimai_dx:1,bemanicn
云汇动感,帕米尔西路帕米尔大桥旁云汇广场4F,39.7116960,76.1660530,maimai_dx,,maimai_dx:1,bemanicn
云海汇成都锦江店,四川省成都市锦江区锦逸路76号,30.5702890,104.0632910,maimai_dx,,,wahlap
云龙万达酷客领域,万达2号门进门2楼（原大玩家）,34.2034930,117.2794400,maimai_dx;other,,maimai_dx:2,bemanicn
五十一区天津市河西区环宇城店,天津市河西区解放南路环宇城3楼51区超级乐园,39.1061360,117.2144450,chunithm;maimai_dx,,,wahlap
亚马逊丛林主题电玩娱乐乐园,海亮广场步行街底商,40.8365970,111.7378140,other,,,bemanicn
享区家庭娱乐中心(万达店),青岛路369号万达广场(青岛路店)3楼,35.4195610,119.5235390,maimai_dx,,maimai_dx:1,bemanicn
享区日照东港万达店,山东省日照市东港区秦楼街道万达广场三楼享区家庭娱乐中心,35.4161260,119.5241670,maimai_dx,,,wahlap
京北智玩空间,府前街14号京北大世界五层,40.3142172,116.6267502,chunithm;maimai_dx;other,,chunithm:2;maimai_dx:3,bemanicn;ziv
任丘市悦淘乐园,会战道悦都汇三楼悦淘乐园,38.3073920,116.8340870,other;taiko,,taiko:1,bemanicn
伊仕丹顿雷之城（海拉尔店）,海拉尔区桥头街11号 伊仕丹购物广场六楼 顿雷之城电玩城,49.1650020,119.7751260,maimai_dx;taiko,,maimai_dx:1;taiko:1,bemanicn
伍零动漫沈阳沈河店,辽宁省沈阳市沈河区中街路115号盛京百货大家庭4楼,41.6729200,123.4577210,maimai_dx,,,wahlap
众安广场部落酷玩乐园（义乌店）,富港大道雪峰西路交汇处众安广场2L北面,29.0857710,119.6445920,maimai_dx;taiko,,maimai_dx:1;taiko:1,bemanicn
伟亿电玩城 WEIYI Arcade,"B1 Floor, Wangfujing Outlets Ruyi Town Xincheng District Hohhot Inner Mongolia, 010090, Hohhot",40.8437977,111.7586616,other,,,ziv
伟亿电玩城呼和浩特店,王府井奥莱如意小镇B1层,40.8398710,111.7377940,other,,,bemanicn
佐佐佑佑(箬横锦悦城店),箬横镇锦悦城2楼,28.6567300,121.4123610,other,,,bemanicn
佐佐佑佑电玩城,"名城广场3F 公园路163号 Wenzhou Shi Zhejiang Sheng, 325100, Wenzhou Shi",28.0130744,120.6623617,drs;maimai_dx;other;sdvx,,drs:1;maimai_dx:2;sdvx:1,ziv
佐敦Game Zone,佐敦吳松街2號地底鋪,22.2779810,114.1655430,other;taiko,,taiko:1,bemanicn
余干县柒彩大玩家,余干县德胜大街鹏颂百货一楼012商铺,28.4625500,117.9398730,maimai_dx;taiko,,maimai_dx:1;taiko:1,bemanicn
你我家园宁德霞浦店,福建省宁德市霞浦县福宁大道88号s1幢方圆荟三层3001你我家园娱乐中心,26.6662660,119.5415390,maimai_dx,,,wahlap
你我家园宁德霞浦店（蓝鲸游乐园方圆荟店）,福建省宁德市霞浦县福宁大道88号s1幢方圆荟三层3001你我家园娱乐中心,26.6737790,119.5411980,maimai_dx,,maimai_dx:1,bemanicn
佳世客,"莱山JUSCO 烟台市 (Yantai) 山东省 (Shandong Province), 烟台市 (Yantai)",37.4717332,121.4479941,other,,,ziv
佳乐佳娱乐城,河北省秦皇岛市青龙满族自治县燕山路县政府东侧泰丰·首府,39.8820690,119.5124030,maimai_dx,,maimai_dx:1,bemanicn
佳乐佳青龙泰丰广场店,秦皇岛市青龙满族自治县燕山路泰丰广场三楼B01,39.8897830,119.5165460,maimai_dx,,,wahlap
佳慧电玩城,鲁山路与润生路交汇处鲁中义务商贸城东区,36.8131630,118.0513680,other,,,bemanicn
佳景樂園,连胜街1A号白鴿巢麗豪花園地庫,22.1883310,113.5404550,gitadora;jubeat,,gitadora:2;jubeat:2,bemanicn
假日小镇多奇妙乐园（义乌吾悦店）,新城吾悦广场3楼3002商铺,29.0816200,119.6455060,maimai_dx,,maimai_dx:1,bemanicn
偶予-大玩家卓展店,黑龙江省哈尔滨市道里区上海街99号卓展购物中心哈尔滨店B座二层2B010,45.8027500,126.5273850,maimai_dx,,,wahlap
偶予动漫三亚天涯店,海南省三亚市天涯区胜利路胜利购物广场1楼,18.2564840,109.5108310,chunithm;maimai_dx,,,wahlap
偶予动漫电玩体验中心（凯德广场店）,埃德蒙顿路38号凯德广场四楼-01/02A/21号,45.8044790,126.5244860,maimai_dx,,maimai_dx:1,bemanicn
偶予潮玩潍坊潍城店,山东省潍坊市潍城区北宫西街清平路交叉口中百奥莱四楼偶予潮玩,36.7075790,119.1492960,maimai_dx,,,wahlap
偶予潮玩社即墨宝龙广场店,蓝鳌路1137号即墨宝龙城市广场F4,36.0649800,120.3731660,maimai_dx;taiko,,maimai_dx:1;taiko:1,bemanicn
偶予潮玩社潍坊安丘店,泰华城一期三楼,36.7084670,119.1512250,maimai_dx,,maimai_dx:1,bemanicn
偶予潮玩社潍坊泰华城店,山东省潍坊市安丘市泰华城一期三楼偶予潮玩社,36.7066860,119.1592740,maimai_dx,,,wahlap
偶予电玩 I GIVE Video Games (阳光城),"L4, Youyi Sunshine City, Jinlong Road Longhua District 龙华区 Haikou City 海口市 Hainan Province 海南省, 570125, Haikou City 海口市",20.0263338,110.3202113,chunithm;maimai_dx;other;taiko,,chunithm:2;maimai_dx:1;taiko:1,ziv
偶予电玩 OHYO (海口友谊国贸城店),"3rd Floor, North Zone, Guomao Shopping Mall, Youyi Road, No. 21 Longhua District 龙华区 Haikou City 海口市 Hainan Province 海南省, 570125, Haikou City 海口市",20.0306127,110.3145144,chunithm;maimai_dx;other;taiko,,chunithm:2;maimai_dx:2;taiko:1,ziv
偶予电玩(万家丽店),万家丽路99号万家丽购物广场B1层东南角,28.2330240,112.9290850,chunithm;maimai_dx;taiko,,chunithm:2;maimai_dx:2;taiko:1,bemanicn
偶予电玩三亚体验中心,天涯区胜利路老火车站胜利广场旺豪超市A区一层右侧偶予电玩三亚体验中心,18.2590170,109.5062170,chunithm;maimai_dx;taiko,,chunithm:2;maimai_dx:1;taiko:1,bemanicn
偶予电玩儋州大勇商场店,海南省儋州市大勇商场偶予电玩,19.5246340,109.5817450,maimai_dx,,maimai_dx:1,wahlap;bemanicn
偶予电玩动漫体验中心(万家丽店),"99-101 Wanjiali Middle Road 1st Section B1 floor B42&B43-1 长沙市芙蓉区东屯渡街道万家丽中路一段99-101号B1楼B42&B43-1号商铺 Changsha Shi Hunan Sheng, Changsha Shi",28.1903146,113.0317426,other,,,ziv
偶予电玩南通如东中央商场店,江苏省南通市如东县城中区中央商场2楼偶予电玩,31.9876400,120.8897770,maimai_dx,,,wahlap
偶予电玩古德锦店（4F）,北宫西街3678号,36.7027240,119.1549100,maimai_dx,,maimai_dx:1,bemanicn
偶予电玩哈尔滨松北店,黑龙江省哈尔滨市松北区利民大道555号杉杉奥特曼莱斯3楼偶予电玩城,45.8050040,126.5305540,maimai_dx;other;taiko,,maimai_dx:1;taiko:1,wahlap;bemanicn
偶予电玩哈尔滨道里凯德店,黑龙江省哈尔滨市道里区埃德蒙顿路38号凯德广场4楼21号,45.8021170,126.5333070,maimai_dx,,,wahlap
偶予电玩梧州店,广西壮族自治区梧州市万秀区高旺路1号万达广场二楼偶予电玩,23.4785480,111.2777460,maimai_dx,,,wahlap
偶予电玩海南陵水店,海南省陵水县椰林镇海韵广场4楼陵水椰林偶予电玩动漫体验中心,18.5100010,110.0330870,maimai_dx,,,wahlap
偶予电玩海口龙华友谊国贸城店,海南省海口市龙华区友谊国贸城3fb38偶予电玩,20.0469650,110.1977100,chunithm;maimai_dx;taiko,,chunithm:2;maimai_dx:2;taiko:1,wahlap;bemanicn
偶予电玩海口龙华友谊阳光城店,海南省海口市龙华区友谊阳光城4楼偶予电玩,20.0502370,110.1992740,chunithm;maimai_dx,,,wahlap
偶予电玩环球春天广场店,嘉积镇东风路环球春天广场一楼,19.2584930,110.4669540,maimai_dx;other;taiko,,maimai_dx:1;taiko:1,bemanicn
偶予电玩琼海嘉积春天广场店,海南省琼海市嘉积镇环球春天广场一楼偶予电玩城,19.2625690,110.4708980,maimai_dx,,,wahlap
偶予电玩绥化海伦店,黑龙江省绥化市海伦市盛京百货大家庭四楼偶予电玩城,46.6553030,126.9592500,maimai_dx,,maimai_dx:1,wahlap;bemanicn
偶予电玩陵水海韵广场店,海南省陵水黎族自治县椰林镇海韵广场四楼,18.5106810,110.0322560,maimai_dx;other;taiko,,maimai_dx:1;taiko:1,bemanicn
偶予电玩青岛宝龙店,山东省青岛市即墨区宝龙广场四楼偶予电玩,36.0656720,120.3741950,maimai_dx,,,wahlap
偶予电玩（友谊阳光城店）,金龙路2号友谊阳光城4楼（可乘坐友谊阳光城的4号、9号或10号楼电梯上去）,20.0470810,110.2003110,chunithm;maimai_dx;taiko,,chunithm:2;maimai_dx:1;taiko:1,bemanicn
偶予电玩（梧州高旺万达店）,万达广场二楼偶予动漫电玩体验中心,23.4784420,111.2714480,maimai_dx;taiko,,maimai_dx:1;taiko:1,bemanicn
像素玩家南宁西南商都店,广西壮族自治区南宁市民生街道朝阳路29号西南商都地下一层66号,22.8179940,108.3641030,jubeat;maimai_dx;taiko,,jubeat:2;maimai_dx:3;taiko:2,wahlap;bemanicn
元宇宙电玩天地南门里park店,南门里park购物公园地下一层,36.6531780,109.4850680,other,,,bemanicn
元气之星徐州邳州中钰购物中心店,苏省邳州市中钰购物中心三楼元气之星,34.2009440,117.2757900,chunithm;maimai_dx,,chunithm:2;maimai_dx:1,wahlap;bemanicn
元气屋龙窝音游屋,柳巷南路柳巷商贸3F元气屋,37.8742110,112.5470990,chunithm;maimai_dx;ongeki,,chunithm:1;maimai_dx:1;ongeki:1,bemanicn
元气总动员 Happy Story (时代天街),"3rd Floor, Block B, 龙湖时代天街, No. 89 Hezuo Road Pidu District 郫都区 Chengdu City 成都市 Sichuan Province 四川省, 611730, Chengdu City 成都市",30.7545509,103.9200103,chunithm;maimai_dx;other;sdvx;taiko,,chunithm:2;maimai_dx:2;sdvx:1;taiko:1,ziv
元气总动员(成都都江堰店),至臻路1号融创文旅城融创茂3楼,30.5722950,104.0685110,maimai_dx;sdvx,,maimai_dx:1;sdvx:1,bemanicn
元气总动员成都仁和新城店,四川省成都市武侯区仁和新城购物中心5楼,30.5788290,104.0638340,chunithm,,,wahlap
元气总动员成都双流北京华联店,四川省成都市双流区机场路常乐段辅路瑞晶酒店北京华联员工通道五楼 元气总动员,30.5778620,104.0621380,maimai_dx;taiko,,maimai_dx:1;taiko:1,wahlap;bemanicn
元气总动员成都郫都时代店,四川省成都市郫都区时代天街三楼元气总动员,30.5723780,104.0615310,chunithm;maimai_dx,,,wahlap
元气总动员成都锦江卓锦曼购店,四川省成都市锦江区枫树街2号卓锦曼购2楼元气总动员,30.5732410,104.0666710,maimai_dx,,,wahlap
元气总动员成都龙泉驿店,四川省成都市龙泉驿区东安街道桃都大道中段666号龙湖东安天街A馆-3F-02号元气总动员,30.5785430,104.0621480,chunithm;maimai_dx;taiko,,chunithm:1;maimai_dx:2;taiko:1,wahlap;bemanicn
元气总动员（卓锦曼购中心店）,四川省成都市锦江区枫树街2号卓锦曼购中心f2层,30.5758700,104.0587120,maimai_dx;taiko,,maimai_dx:1;taiko:1,bemanicn
元气总动员（时代天街店）,合作路89号龙湖时代天街B馆3楼,30.5733720,104.0646060,chunithm;maimai_dx;taiko,,chunithm:2;maimai_dx:4;taiko:1,bemanicn
元气派对红河州开远店,云南省红河州哈尼彝族自治州开远市南正街元气派对,23.3628030,103.3725050,maimai_dx,,maimai_dx:1,wahlap;bemanicn
元气满满 (益田假日),"3rd floor, Shopping Holiday World(益田假日购物中心), 长乐西路 No.166 Xincheng District Xi'an Shannxi, 710000, Xi'an",34.2703306,108.9684320,gitadora;maimai_dx;other;taiko,,,ziv
元气满满广州白云万达广场店,广州市白云区万达广场2楼,23.1334780,113.2552000,maimai_dx,,maimai_dx:1,wahlap;bemanicn
元气满满潮玩娱乐,"Zone West, Underground floor, Jinxing Plaza 金信广场 Fugu County 府谷县 Yulin 榆林市 Shannxi 陕西省, 719400, Yulin 榆林市",39.0405863,111.0493755,other,,,ziv
元气潮玩社沧州河间同创百货店,河北省沧州市河间市同创百货元气潮玩社,38.3054580,116.8282010,maimai_dx,,maimai_dx:1,wahlap;bemanicn
元气狗佛山南海金沙洲店,广东省佛山市南海区里广路2号金沙国际广场2楼元气狗电玩城,23.0218680,113.1156900,maimai_dx,,,wahlap
元气猩球&宝贝王(白云安华汇店),白云大道北880号安华汇三楼,23.1346280,113.2585310,maimai_dx,,maimai_dx:1,bemanicn
兄弟动漫,新东方购物中心3楼,43.8128990,125.3148990,maimai_dx;other,,maimai_dx:1,bemanicn
兄弟动漫城德惠新东方购物中心店,吉林省德惠市新东方购物中心三楼兄弟动漫城吉林省德惠市新东方购物中心三楼兄弟动漫城,43.8391360,126.5411180,maimai_dx,,,wahlap
光年游艺,大化镇 红河北路地下街,24.4894670,108.6382040,other,,,bemanicn
光影未来成都武侯店,四川省成都市武侯区二环路南四段51号莱蒙都会3栋3楼3001BC,30.5744310,104.0587930,maimai_dx,,,wahlap
光影未来游乐汇（莱蒙都会店）,武侯区二环路南四段51号(莱蒙都会)3栋3楼3001B、3001C,30.5777850,104.0612530,maimai_dx;taiko,,maimai_dx:1;taiko:1,bemanicn
光影欢乐嘉年华超乐场（汇嘉店）,汇嘉时代广场3楼,40.5500330,81.2725040,taiko,,taiko:1,bemanicn
光环乐源(新蔡店）,新蔡县古吕街道振兴路与和平街交叉口宝利商业文化广场1号楼3层,33.0198600,114.0175220,maimai_dx,,maimai_dx:1,bemanicn
光环乐源‌驻马店正阳锐思店,河南省正阳县锐思广场三楼光环乐源家庭娱乐中心,33.0142060,114.0190370,maimai_dx,,maimai_dx:1,wahlap;bemanicn
光环乐源家庭娱乐中心芒市财富中心广场店,中国云南省德宏傣族景颇族自治州芒市芒市财富中心一楼 光环乐源家庭娱乐中心,24.4393530,98.5859010,maimai_dx,,maimai_dx:1,wahlap;bemanicn
克罗米星VR电玩1903店,云南省昆明市西山区公园1903店克罗米星VR电玩,24.8864370,102.8378650,maimai_dx,,,wahlap
克罗米星体验中心(祥和商业广场店),玉雪大道祥和商业广场b栋2层,26.8593660,100.2283410,maimai_dx,,maimai_dx:1,bemanicn
兔优塔潮玩汇连云港万达店,江苏省连云港市海州区万达广场3楼兔优塔潮玩汇,34.6012170,119.2203500,maimai_dx,,maimai_dx:2,wahlap;bemanicn
兔优塔连云港嘉瑞宝广场店,江苏省连云港市连云区虚构街道嘉瑞宝广场2楼兔优塔潮玩汇,34.5977710,119.2219950,maimai_dx,,maimai_dx:1,wahlap;bemanicn
兔子团苏州吴中万达店,江苏省苏州市吴中区石湖西路188号苏州吴中万达广场步行街3层娱乐3F-A,31.3052870,120.5858350,chunithm;maimai_dx,,,wahlap
兔子团都市乐园苏州吴中店,江苏省苏州市吴中区木渎镇金山南路288号木渎影视城1号楼兔子团都市乐园,31.3035590,120.5833760,chunithm;maimai_dx;other,,chunithm:1;maimai_dx:1,wahlap;bemanicn
全境方舟佛山三水店,广东省佛山市三水区万达广场3楼全境方舟,23.0223830,113.1173870,maimai_dx;other;taiko,,maimai_dx:1;taiko:1,wahlap;bemanicn
全境方舟广州南沙店,广东省广州市南沙区黄阁镇悦方城3楼,23.1295690,113.2548800,maimai_dx,,,wahlap
全境方舟悦方城店,黄阁黄梅路328号悦方城3层333,23.1335230,113.2612150,maimai_dx;other;taiko,,maimai_dx:1;taiko:1,bemanicn
全境方舟深圳东门店,广东省深圳市罗湖区东门街道城东社区东门中路2010号信和东门商厦201（2楼整层）,22.5419280,114.0521990,maimai_dx,,,wahlap
全境方舟深圳罗湖天河城店,广东省深圳市罗湖区东晓街道东晓社区布心路2018号粤海置地深圳天河城N205、N206、N207,22.5486310,114.0542170,maimai_dx,,,wahlap
全境方舟萝岗万达店,广东省广州萝岗万达广场3楼全境方舟,23.1351010,113.2545330,maimai_dx;other;taiko,,maimai_dx:2;taiko:1,wahlap;bemanicn
全境方舟（信和·东门商厦店）,东门中路2010号信和·东门商厦F2层,22.5429820,114.0488730,maimai_dx;taiko,,maimai_dx:1;taiko:2,bemanicn
全境方舟（深圳天河城店）,太白路3009号深圳天河城购物中心南区2楼N205,22.5432880,114.0525650,maimai_dx;taiko,,maimai_dx:1;taiko:1,bemanicn
全椒县奥康潮玩城,奥康步行街苏宁电器三楼（大地影院下面）,32.2547940,118.3248970,maimai_dx,,maimai_dx:1,bemanicn
全民头号玩家虎门万达广场店（原大玩家）,连升北路388号万达广场3F层,23.0274220,113.7448770,maimai_dx,,maimai_dx:1,bemanicn
全球玩家苏州昆山店,江苏省苏州市昆山市昆山开发区景王东路1111阅荟商业广场1号楼3楼全球玩家电玩城,31.3029760,120.5853900,maimai_dx,,,wahlap
全球玩家（昆山阅荟商业广场店）,经济开发区景王东路1111号阅荟商业广场3楼,31.3005580,120.5792320,maimai_dx,,maimai_dx:1,bemanicn
全福元游乐园潍坊寿光洛城店,山东省潍坊市寿光市洛城全福元中心全福元游乐园,36.7079290,119.1522040,chunithm;maimai_dx,,,wahlap
全福元游乐园（洛城全福元中心店）,寿光市圣城东街与尧河路交叉口西全福元中心一楼全福元游乐园畅玩部落,36.7085030,119.1600740,chunithm;maimai_dx;other,,chunithm:1;maimai_dx:1,bemanicn
八爪娱 Have Fun,"L1-1020, Hengji Shopping Center Dongfeng Av. Weinan 渭南市 Shannxi 陕西省, 714000, Weinan 渭南市",34.5029670,109.4835770,other;taiko,,,ziv
六代玩家 Player Gen6 (上海松江店),"2F East, Jiahong Daju Yinxianghui, No.41 Sibao Road, Sijing Town Songjiang District Shanghai Shanghai, 201601, Shanghai",31.1181277,121.2561171,maimai_dx;other,,maimai_dx:2,ziv
六代玩家 PlayerGen6 (上海嘉定南翔店),"L2 West, Zhongye Xiangteng City Plaza, Zhennan Road at Minzhu Ea Jiading District Shanghai Shanghai, 201802, Shanghai",31.2976926,121.3184670,chunithm;maimai_dx;other;taiko,,chunithm:2;maimai_dx:3;taiko:2,ziv
六代玩家上海嘉定店,上海市嘉定区真南路4368弄3号2层中冶祥腾六代玩家,31.3819140,121.2582240,chunithm;maimai_dx;taiko,,chunithm:2;maimai_dx:3;taiko:2,wahlap;bemanicn
六代玩家上海松江店,上海市松江区泗泾镇泗宝路41号嘉宏·大橘印象荟六代玩家,31.0315990,121.2196380,maimai_dx,,maimai_dx:2,wahlap;bemanicn
关窝,浙江省杭州市西湖区高教大道支四路小和山新苑小和山新苑6区,30.2458330,120.2087260,maimai_dx;ongeki;taiko,,maimai_dx:2;ongeki:1;taiko:1,bemanicn
冒险岛之纯玩街区,河南省郑州市中原区棉纺西路36号锦艺城F2冒险岛之纯玩街区,34.7497330,113.6180520,maimai_dx;other;taiko,,maimai_dx:1;taiko:1,bemanicn
冒险岛深圳南山方大城店,广东省深圳市南山区西丽龙珠四路2号方大城购物中心三层冒险岛,22.5441770,114.0535210,maimai_dx,,maimai_dx:1,wahlap;bemanicn
冒险岛郑州中原锦艺城店,河南省郑州市中原区棉纺路西36号锦艺城购物中心B区二层B2-16/17/18,34.7495110,113.6211320,maimai_dx,,,wahlap
冒险岛（方大城购物中心）,"3 Floor, Fangda City Shopping, Loongjing 4th Road Nanshan District Shenzhen Guangdong, 518000, Shenzhen",22.5593103,113.9678979,maimai_dx;other,,,ziv
农安佳加乐超市动漫城,德彪街25号3F,43.8195180,125.3187230,other,,,bemanicn
冰河世纪动漫城 东莞华南Mall店,万道路南10号华南Mall D1区3楼,23.0215900,113.7433220,maimai_dx;other;taiko,,maimai_dx:1;taiko:1,bemanicn
冰河世纪动漫城东莞华南摩尔店,广东省东莞市万江区华南摩尔D区三楼冰河世纪动漫城,23.0265450,113.7490950,maimai_dx,,,wahlap
凤梨潮玩社南京环宇城店,江苏省南京市鼓楼区清凉门大街1号江苏省南京市鼓楼区北圩路中海环宇城3楼,32.0607970,118.7884920,maimai_dx;taiko,,maimai_dx:1;taiko:1,wahlap;bemanicn
凯尔游艺淮安清江浦店,江苏省淮安清江浦区淮海南路727号永业梦乐广场三楼凯尔游艺,33.5511070,119.1090040,maimai_dx,,maimai_dx:1,wahlap;bemanicn
凯普乐运动星球,雁滩路3113号欣大购物广场六楼,36.0633030,103.8342060,drs;other,,drs:1,bemanicn
凯泰·KTxBingo美式社交主题电玩城,中山七路333号1906科技园扬韬广场2楼,23.1365500,113.2610710,other;taiko,,taiko:1,bemanicn
凯蒂星动电玩城,凯蒂商厦2楼,42.2187310,123.7261870,maimai_dx;other,,maimai_dx:1,bemanicn
创世纪宇宙英雄（罗斯福店）,辽宁省大连市沙河口区罗斯福购物中心3楼(近中央大道侧)创世纪宇宙英雄电玩城(罗斯福店),38.9152790,121.6084730,maimai_dx;other,,maimai_dx:2,bemanicn
创新超玩儿童乐园(衡水路北爱特生活广场店),育才北大街与大庆路交叉口西北角爱特生活广场二楼,37.7398450,115.6609010,maimai_dx,,maimai_dx:2,bemanicn
创游星际喀什明升国际广场店,新疆维吾尔自治区喀什地区喀什市库木代尔瓦扎街道克孜勒都维路喀什明升国际广场5楼创游星际电玩,39.4736380,75.9829080,maimai_dx,,,wahlap
创游星际电玩城（古城万达店）（原明升国际）,喀什市库木德尔瓦扎街道明升国际广场1号楼5层006号商铺,39.4709110,75.9840410,maimai_dx,,maimai_dx:1,bemanicn
利士堡潮玩乐园（新会时代ITC店）,会城镇冈州大道东73号时代ITC一楼,22.5814460,113.0740420,other,,,bemanicn
利客来购物中心3楼七彩潮玩,山东省聊城市阳谷县侨润街道运河东路1号利客来阳谷购物中心店F3层,36.4538720,115.9815260,maimai_dx,,maimai_dx:1,bemanicn
利群商厦,"莱州 山东省 (Shandong Province), 莱州",37.1814500,119.9422073,taiko,,,ziv
刺窝,卓鱼电竞旁f栋,30.5988260,114.2940800,chunithm;maimai_dx;taiko,,chunithm:2;maimai_dx:4;taiko:1,bemanicn
加菲队长南昌九颂荟店,江西省南昌市南昌县莲塘镇银三角九颂荟商场2楼加菲队长,28.6906690,115.8558100,maimai_dx,,,wahlap
加菲队长家庭娱乐中心(南昌九颂荟店),江西省南昌市南昌县银三角管委会安宝大道497号九颂山河时代城1栋商业二层09号商铺（南昌市加菲游乐有限公司）,28.6847530,115.8475550,maimai_dx,,maimai_dx:1,bemanicn
加菲队长晋城阳城晶海广场,山西省晋城市阳城县风城镇右岸大道与秀泽交叉口晋城阳城晶海广场3层加菲队长,35.4953550,112.8470190,maimai_dx,,maimai_dx:1,wahlap;bemanicn
加菲队长（华容城市广场店）,湖南省岳阳市华容县桥西路8-3号华容县章华镇桥西路(沱江广场),29.3585940,113.1195220,other,,,bemanicn
动力99,"东莞市南城区鸿福路200号第一国际汇一城313-333 东莞市(Dongguan) 广东省 (Guangdong Province), 东莞市(Dongguan)",23.0088655,113.7549520,gitadora;iidx;jubeat;reflec,,gitadora:2;iidx:1;jubeat:1;reflec:1,ziv
动感无限沧州店,河北省沧州市沧州商城二楼北区动感无限,38.3012170,116.8337270,maimai_dx,,,wahlap
动感电玩中心宾隆店,贵州毕节市威宁县会展中心宾隆购物“动感,27.2895910,105.2916320,maimai_dx,,maimai_dx:1,wahlap;bemanicn
动感街区,新邵县湾田广场二楼电影院旁边,27.2437780,111.4643860,maimai_dx,,maimai_dx:1,bemanicn
动感街区铜仁沿河店,贵州省铜仁市沿河土家族自治县团结街道三桥乌江丽都13栋3楼动感街区,27.7328910,109.1843360,maimai_dx,,maimai_dx:1,wahlap;bemanicn
动感街区黔南惠水店,贵州省黔南布依族苗族自治州惠水县涟江街道圆台庭院二楼动感街区,26.2526490,107.5181090,maimai_dx,,,wahlap
动感街区（惠水店）,贵州省黔南布依族苗族自治州惠水县涟江街道圆台庭院步行中心动感街区(惠水县店),26.2541970,107.5130820,maimai_dx,,maimai_dx:1,bemanicn
动漫e族,湖南省益阳市赫山区桃花仑西路555号益阳印象汇,28.5602060,112.3468810,maimai_dx,,maimai_dx:1,bemanicn
动漫e族河源坚基广场店,广东省河源市源城区东埔街道越王大道坚基购物中心2F中庭动漫の族,23.7437240,114.6949940,maimai_dx,,,wahlap
动漫E族益阳赫山印象汇店,益阳市赫山区桃花仑西路555号印象汇1楼,28.5549200,112.3550220,maimai_dx,,,wahlap
动漫e族茂名电白万达广场店,广东省茂名市电白区万达广场3楼,21.6635940,110.9219650,maimai_dx,,,wahlap
动漫の族,河源市源城区越王大道139号坚基购物中心2楼中庭,23.7512780,114.6925450,maimai_dx;other;taiko,,maimai_dx:2;taiko:1,bemanicn
动漫の族（电白万达店）,电白区水东街道迎宾大道66号,21.6632980,110.9259730,maimai_dx;other;taiko,,maimai_dx:2;taiko:1,bemanicn
动漫前线游艺城(凤阳商贸城广场店),凤阳县府西街商贸城2期3层302,32.2620810,118.3308710,maimai_dx,,maimai_dx:1,bemanicn
动漫英雄（禹州一峰店）,禹州市一峰城市广场3l动漫英雄,34.0425610,113.8427820,maimai_dx;taiko,,maimai_dx:1;taiko:1,bemanicn
动物也疯狂,泰安路93号泰业国际广场3楼,25.6073850,100.2718300,chunithm;maimai_dx,,chunithm:1;maimai_dx:1,bemanicn
动物也疯狂大理昆百店,云南省大理市昆百大泰业城3楼,25.6123110,100.2634000,chunithm,,,wahlap
包头东河吾悦广场极客森,内蒙古自治区包头市东河区井坪路与广顺路交叉口正北方向101米左右吾悦广场,40.6158450,109.9446620,maimai_dx;other;taiko,,maimai_dx:1;taiko:1,bemanicn
北京上地华联嘉贝乐,北京市海淀区农大南路1号院1号楼华联商厦上地店,39.9558940,116.2915360,maimai_dx,,,wahlap
北京海淀嗨翻竞技体育乐园,北京市海淀区复兴路69号嗨翻竞技主题乐园,39.9613110,116.2865100,maimai_dx,,,wahlap
北滘商业广场E码潮玩,北滘商业广场3楼,23.0218630,113.1200930,maimai_dx,,maimai_dx:1,bemanicn
区虫俱乐部成都天府麓山国际圣安德鲁店,成都市天府新区麓山大道麓山国际圣安德鲁9栋,30.5726440,104.0656070,maimai_dx,,,wahlap
十七回合莱阳万达店,莱阳万达广场三楼西南角十七回合,37.4615320,121.4391430,other,,,bemanicn
十七回合（和谐银座店）,向阳路和谐银座（银座华府）,36.0668380,120.3716690,other,,,bemanicn
十七回合（银座商城店）,香港中路31号银座商城3楼,36.0707630,120.3800120,other,,,bemanicn
十七回合（高密中百店）,中百大厦5楼东侧,36.7108690,119.1566990,other,,,bemanicn
十三嘉年华(万达广场店),四平万达广场3F,43.1606650,124.3424400,maimai_dx;other,,maimai_dx:1,bemanicn
十三嘉年华四平铁东万达店,吉林省四平市铁东区沥山路万达广场三楼十三嘉年华,43.1617310,124.3387360,maimai_dx,,,wahlap
十九星球厦门海上世界店（原第一回合）,双狮西路海上世界购物中心二层L222,24.4819260,118.0816050,maimai_dx;other;taiko,,maimai_dx:2;taiko:2,bemanicn
十二星球(龙湖时代天街店),东岸街道龙湖芙蓉天街3楼,28.2341270,112.9281330,maimai_dx,,maimai_dx:1,bemanicn
十二星球上饶信州万达店,江西省上饶市信州区万达广场三楼十二星球,28.4584360,117.9337560,maimai_dx,,,wahlap
十二星球南京建邺万达店,江苏省南京市建邺区万达广场二楼十二星球,32.0647060,118.7932850,maimai_dx;other;taiko,,maimai_dx:1;taiko:1,wahlap;bemanicn
十二星球南京溧水万达店,江苏省南京市溧水区万达广场二楼十二星球,32.0592410,118.7922810,maimai_dx;other;taiko,,maimai_dx:1;taiko:1,wahlap;bemanicn
十二星球岳阳华容店,湖南省岳阳市华容县西正街步步高新天地十二星球,29.3570710,113.1212470,maimai_dx,,,wahlap
十二星球潮玩城吉首店,湖南省湘西自治州吉首市人民中路天虹购物中心四楼,28.2239640,109.6657000,maimai_dx,,,wahlap
十二星球长沙望城店,湖南省长沙市望城区月亮岛街道银杉路与月亮岛路交汇处西南角长沙月亮岛天街,28.2272940,112.9344300,maimai_dx,,,wahlap
十二星球长沙芙蓉店,湖南省长沙市芙蓉区东岸街道长沙龙湖天街3楼,28.2345900,112.9332780,maimai_dx,,,wahlap
千哆啦三亚吉阳店,海南省三亚市吉阳区荔枝路01号乐天城千哆啦动漫体验工厂,18.2591610,109.5065950,maimai_dx,,,wahlap
千哆啦动漫体验工厂（乐天城店）,荔枝沟路868号乐天城1号楼1F01号,18.2569140,109.5047340,maimai_dx,,maimai_dx:1,bemanicn
千机幻城,汉溪大道东390号四海城2楼恐龙公园入口,23.1377220,113.2608020,chunithm;maimai_dx;taiko,,chunithm:2;maimai_dx:1;taiko:2,bemanicn
千机幻城番禺四海城店,广东省广州市番禺区汉溪大道东390号四海城商业广场东区F2层01铺,23.1350680,113.2540660,chunithm;maimai_dx,,,wahlap
千麦电玩楚雄银座花园城店,云南省楚雄市永安路1号四季银座花园城商业广场负一楼B04号千麦电玩,25.0472510,101.5230190,maimai_dx,,,wahlap
午夜战车杭州富阳店,浙江省杭州市富阳富春街道东方茂D座一楼午夜战车,30.2459170,120.2071180,maimai_dx,,,wahlap
午夜战车游乐世界（杭州富阳东方茂店）,富阳区金桥北路与横凉亭路交叉口西北角东北茂一楼,30.2480770,120.2020100,maimai_dx,,maimai_dx:1,bemanicn
华和智慧天地,梅菉沿江路华和智慧天地,21.2765830,110.3494280,maimai_dx,,maimai_dx:1,bemanicn
华容县十二星球动漫体验中心（岳阳市华容步步高新天地店）,湖南省岳阳市华容县章华镇步步高新天地L5-5002号,29.3612400,113.1255750,maimai_dx,,maimai_dx:1,bemanicn
华录乐园(南昌新城吾悦店),"高新区京东大道与东元路交汇处新城吾悦广场3层 Nanchang Shi Jiangxi Sheng, 330029, Nanchang Shi",28.7120368,115.9719801,other,,,ziv
华录乐园哈尔滨王府井店,黑龙江省哈尔滨市道里区群力王府井购物中心3楼华录乐园,45.8048560,126.5238240,chunithm;maimai_dx,,,wahlap
华录乐园荣成九龙城店,威海市荣成市九龙城购物广场三楼3F-02,37.5149160,122.1176970,maimai_dx,,,wahlap
华录乐园荣成店,荣成市悦湖路91号荣成九龙城休闲购物广场三楼,37.5146640,122.1113620,maimai_dx;other,,maimai_dx:1,bemanicn
华录动漫·娱乐（华录乐园）,景江东路899号王府井购物中心3层,45.8053640,126.5278460,chunithm;maimai_dx,,chunithm:2;maimai_dx:1,bemanicn
华景欢乐城,重庆市沙坪坝区经纬大道1108号重庆沙坪坝万达广场F2华景欢乐城·亲子乐园·主题派对(重庆沙坪坝万达店) 工作日七点关门，节假日八点关门别跑空 人非常少 没人不会开机 可找店员开机,29.5485780,106.4515060,maimai_dx,,maimai_dx:1,bemanicn
华景潮玩沙坪坝万达店,重庆市沙坪坝区沙坪坝万达广场3F-3051A-3056A,29.5466240,106.4547040,maimai_dx,,,wahlap
华欣动漫城上饶鄱阳店,江西省上饶市鄱阳县喜盈门·范城A区2楼,28.4607540,117.9389850,maimai_dx,,maimai_dx:1,wahlap;bemanicn
南京风云再起常发广场店,江苏省南京市玄武区红山路88号常发广场3F风云再起,32.0597900,118.7928890,maimai_dx;other;taiko,,maimai_dx:2;taiko:1,wahlap;bemanicn
南国游乐场（井岸店）,斗门区井岸镇港霞东路98号南国欢乐城三楼,22.2788670,113.5689940,other;taiko,,taiko:1,bemanicn
南宁会展动漫城,广西壮族自治区南宁市青秀区民族大道106号南宁国际会展中心,22.8205330,108.3601630,maimai_dx,,maimai_dx:1,wahlap;bemanicn
南宁玛丽奥动漫电玩俱乐部,"兴宁区兴宁路步行街59号红星电影城1-2楼 南宁市(Nanning) 广西省 (Guangxi Province), 南宁市(Nanning)",22.8142057,108.3205108,jubeat,,jubeat:2,ziv
南安萌多拉都市幻想,"南安市江北路北侧,梅林路东侧中骏世界城2F萌多拉都市幻想",24.8727030,118.6709100,chunithm;maimai_dx;other,,chunithm:1;maimai_dx:1,bemanicn
南梦园三亚金润阳光店,海南省三亚市天涯区河西路金润阳光三楼南梦园,18.2575740,109.5033400,maimai_dx,,,wahlap
南梦园电子游艺厅（河西店）,河西路100号金润阳光购物广场F3层,18.2556520,109.5054580,maimai_dx;other;taiko,,maimai_dx:1;taiko:1,bemanicn
南梦园电玩城,陵水黎族自治县椰林镇文化路148号惠陵广场2楼,18.5100710,110.0314080,taiko,,taiko:1,bemanicn
南浔吾悦摩兜欢乐岛,南林路与人瑞路交叉口吾悦广场3楼,30.8950710,120.0799050,maimai_dx,,maimai_dx:1,bemanicn
南通天空之城动漫电玩世界,"圆融广场3楼 Nantong Shi Jiangsu Sheng, 226007, Nantong Shi",32.0043545,120.8845422,other,,,ziv
南通风云再起,"南通印象城 Nantong Shi Jiangsu Sheng, 226000, Nantong Shi",31.9873671,120.8877182,other,,,ziv
博禹动漫,"沈河区北中街路180号 Shenyang Shi Liaoning Sheng, 110041, Shenyang Shi",41.8023349,123.4580627,other,,,ziv
博禹动漫世界,德惠路888号住邦休闲购物商都A座5F层,43.8160930,125.3210070,other,,,bemanicn
博禹嘉年华（桦甸店）＆萌娃抓抓,吉林国贸购物中心四楼,43.8337780,126.5445180,other,,,bemanicn
博禹电玩城（阳光城市广场店）,范家屯镇阳光城市广场4F,43.8113320,125.3152040,taiko,,taiko:1,bemanicn
博雅★云海汇,锦江区静逸路76号,30.5775600,104.0618800,maimai_dx;other,,maimai_dx:1,bemanicn
卡乐比乐园,"G Floor 3G13-3G15, Zone 3, Shiboyuan, No.1368 Shibo Avenue Pudong New District Shanghai Shanghai, 200126, Shanghai",31.1860043,121.4879794,maimai_dx;other;taiko,,,ziv
卡乐比乐园上海浦东新区店,上海市浦东新区世博大道1368号世博源三区G层卡乐比乐园,31.2195270,121.5376060,maimai_dx,,,wahlap
卡乐比乐园（上海世博源店）,世博大道1368号世博源3区G层3G13-3G15,31.2355180,121.4680420,maimai_dx;taiko,,maimai_dx:1;taiko:1,bemanicn
卡乐游游乐体验中心,长安大道188号万达广场2F,29.8417460,114.3200250,maimai_dx;taiko,,maimai_dx:1;taiko:1,bemanicn
卡乐游游乐体验中心（荆州万达广场店）,北京西路508号万达广场2号门2楼,30.3373120,112.2396740,maimai_dx;other,,maimai_dx:1,bemanicn
卡乐游（荆门万达店）,象山大道南端1号万达广场3F,31.0428700,112.1949600,maimai_dx,,maimai_dx:1,bemanicn
卡乐潮漫夹机站（星悦荟店）,珠城路28号星悦荟2楼,23.3517980,116.6768860,other,,,bemanicn
卡吉姆吉林昌邑店,吉林省吉林市昌邑区财富广场5层卡吉姆动漫,43.8343200,126.5457200,maimai_dx,,,wahlap
卡奇部落(太原街印象城店),"和平区太原街中华路15号印象城3层 Shenyang Shi Liaoning Sheng, 110025, Shenyang Shi",41.7925089,123.3987162,other,,,ziv
卡奇部落家庭娱乐中心（沈阳大悦城店）,中街大悦城D馆 3楼,41.6789610,123.4616700,maimai_dx;other;taiko,,maimai_dx:1;taiko:3,bemanicn
卡奇部落沈阳大悦城店,辽宁省沈阳市大东区小东路9号大悦城购物中心D馆3楼D316,41.6752240,123.4637040,maimai_dx,,,wahlap
卡奇部落达州罗浮广场店,西外镇罗浮广场4楼卡奇部落,31.2127360,107.4596230,maimai_dx,,maimai_dx:1,bemanicn
卡奇部落达州达川升华店,四川省达州市达川区升华广场3楼卡奇部落,31.2081330,107.4670100,maimai_dx;other,,maimai_dx:1,wahlap;bemanicn
卡奇部落达州通州店,四川省达州市通川区西外镇罗浮广场4楼卡奇部落,31.2136460,107.4619060,maimai_dx,,,wahlap
卡希尔乐享汇,成都金牛招商花园城4f,30.5797240,104.0652550,maimai_dx,,maimai_dx:1,bemanicn
卡希尔乐享汇成都金牛招商花园城店,四川省成都市金牛区金牛招商花园城4F卡希尔乐享汇,30.5730540,104.0617860,maimai_dx,,,wahlap
卡希尔乐享汇淮南凤台凤凰环球港店,安徽省淮南市凤台县凤凰镇环球港2楼2018,32.5835380,117.0146830,maimai_dx,,maimai_dx:1,wahlap;bemanicn
卡希尔乐享汇温州龙湾万达店,浙江省温州市龙湾区万达广场二楼卡希尔乐享汇,27.9937950,120.6932560,chunithm;maimai_dx,,,wahlap
卡希尔乐享汇盐城爱琴海店,江苏省盐城响水爱琴海购物中心卡希尔乐享汇,33.3536300,120.1564880,maimai_dx,,,wahlap
卡希尔乐享汇重庆北碚万达广场店,重庆北碚万达广场A1楼卡希尔乐享汇,29.8111120,106.3910630,maimai_dx,,maimai_dx:1,wahlap;bemanicn
卡希尔乐享汇重庆奉节万达广场店,重庆市奉节县夔州西路万达广场2F次主-3号商铺,31.0218910,109.4003360,maimai_dx,,,wahlap
卡希尔乐享汇（响水爱琴海店）,爱琴海购物中心3F,33.3503140,120.1629480,maimai_dx,,maimai_dx:1,bemanicn
卡希尔乐享汇（夔州西路店）,万达广场2F次主-3号商铺,29.2916080,108.1681770,maimai_dx;taiko,,maimai_dx:1;taiko:1,bemanicn
卡希尔乐享汇（龙湾万达店）（原大玩家超乐场）,永定路1188号温州龙湾万达广场2F（麦当劳隔壁）,27.9994940,120.6929200,chunithm;maimai_dx;taiko,,chunithm:2;maimai_dx:3;taiko:1,bemanicn
卡希尔乐园（星悦广场店）,高新六路与流芳路交汇口，伟星光谷星悦广场3楼,30.5938840,114.2994030,jubeat;maimai_dx;taiko,,jubeat:2;maimai_dx:2;taiko:1,bemanicn
卡希尔家庭娱乐中心,状元路与楚都大道交叉口西南环球港二楼,32.5886490,117.0103210,maimai_dx,,maimai_dx:1,bemanicn
卡希尔武汉光谷星悦广场店,湖北省武汉市东湖新技术开发区高新六路与流芳一路交叉口光谷星悦广场3F-01商铺,30.5957770,114.2947270,maimai_dx,,,wahlap
卡希尔淮南寿县环球港店,安徽省淮南市寿县环球港卡希尔家庭娱乐中心,32.5862740,117.0157790,maimai_dx,,,wahlap
卡希尔灌南恒基广场店,连云港灌南县新安镇恒基广场三楼卡希尔,34.5992800,119.2201520,maimai_dx,,maimai_dx:1,wahlap;bemanicn
卡狸萌宜昌伍家岗长江店,湖北省宜昌市伍家岗区长江广场三楼,30.6962510,111.2801670,maimai_dx,,,wahlap
卡狸萌家庭体验中心,方圆荟长江广场3F,30.6918390,111.2760400,maimai_dx;taiko,,maimai_dx:1;taiko:1,bemanicn
卡迪龙合肥瑶海保利店,安徽省合肥市瑶海区郎溪路保利广场三楼,31.8268090,117.2245530,maimai_dx,,,wahlap
卡迪龙奇幻世界（保利广场店）,郎溪路保利广场三楼东南侧3006-3007号,31.8175250,117.2219920,maimai_dx,,maimai_dx:1,bemanicn
卡通尼safari非洲探索乐园武汉销品茂店,武昌区徐东大街销品茂2-3楼,30.5988720,114.2945160,taiko,,taiko:1,bemanicn
卡通尼· Fun Forward（东莞大朗）,"L3, Lily Garden Mall(碧桂园里悦里购物中心), Mingzuo Plaza Dalang Town Dongguan Guangdong, 523000, Dongguan",22.9363671,113.9224448,maimai_dx;other;taiko,,,ziv
卡通尼·Fun Forward（今潮八弄店）,滨港商业中心LG1层,31.2347130,121.4661600,taiko,,taiko:1,bemanicn
卡通尼·Safari探索乐园(泉州中骏店),泉州中骏世界城3楼卡通尼,24.8808380,118.6706630,other;taiko,,taiko:1,bemanicn
卡通尼·可以玩的博物馆,重庆来福士购物中心L1层24号嘉陵江中庭,29.5382740,106.5015520,other;taiko,,taiko:1,bemanicn
卡通尼上海美兰湖金地店,上海市宝山区年喜路19弄中集金地广场B馆3F,31.4058400,121.4796340,taiko,,taiko:1,bemanicn
卡通尼东莞大朗店,广东省东莞市大朗镇名座广场项目里悦里购物中心商铺L3-001三楼卡通尼乐园,23.0267620,113.7420540,maimai_dx;taiko,,maimai_dx:1;taiko:1,wahlap;bemanicn
卡通尼乐园(北京荟聚中心店),北京市大兴区欣宁街15号北京荟聚中心F3,39.7258050,116.3406810,other;taiko,,taiko:1,bemanicn
卡通尼乐园(嘉亭荟城市生活广场店),嘉定区墨玉南路1055-1077号嘉亭荟城市生活广场西区F3层,31.3798100,121.2573350,taiko,,taiko:1,bemanicn
卡通尼乐园(金桥国际商业广场店),张杨路3611号金桥国际商业广场1座3/4层,31.2323170,121.4635780,other;taiko,,taiko:1,bemanicn
卡通尼乐园(长沙荟聚店),湖南省长沙市岳麓区洋湖街道洋湖路253号长沙荟聚中心L3层,28.2342400,112.9318730,taiko,,taiko:1,bemanicn
卡通尼乐园上海马桥店,上海市闵行区富岩路121号马桥万达广场3,31.1115800,121.3775820,taiko,,taiko:1,bemanicn
卡通尼乐园无锡荟聚店,云林路荟聚商场2楼（麦当劳对面）,31.4915100,120.3057690,taiko,,taiko:1,bemanicn
卡通尼乐园景枫中心店,双龙大道1698号景枫中心3楼（CGV影城对过）,32.0594850,118.7905750,maimai_dx;other;taiko,,maimai_dx:1;taiko:1,bemanicn
卡通尼乐园江北虹悦城店,龙华路1号江北虹悦城（三楼）,32.0633810,118.7923370,maimai_dx;taiko,,maimai_dx:2;taiko:1,bemanicn
卡通尼乐园西安大悦城店,小寨路街道慈恩西路曲江大悦城购物中心L3-10、L3-11号商铺,34.3477500,108.9339680,other;taiko,,taiko:1,bemanicn
卡通尼乐园重庆新光天地店,两江新区龙溪街道红锦大道89号D区B1,29.6450530,106.5652810,maimai_dx;other;taiko,,maimai_dx:1;taiko:1,bemanicn
卡通尼乐园金桥永旺店,金桥大道15号永旺梦乐城(武汉金桥店)F3-347,30.5921960,114.2971570,maimai_dx,,maimai_dx:1,bemanicn
卡通尼乐园金银潭永旺店,金银潭大道1号永旺梦乐城(武汉金银潭店)3F层332,30.5975440,114.3031940,other;taiko,,taiko:1,bemanicn
卡通尼乐园靖江印象城店,印象城3楼,32.4617150,119.9183610,maimai_dx,,maimai_dx:1,bemanicn
卡通尼乐园（北京凯德大兴3F）,天宫院华佗路2号大兴凯德MALL3层,39.7243250,116.3407370,other;taiko,,taiko:1,bemanicn
卡通尼乐园（北京银座和谐广场店）,万丰路68号银座和谐广场3F-301（商场3楼西北角）,39.8992330,116.3992670,other;taiko,,taiko:1,bemanicn
卡通尼乐园（太湖中心分店）,江苏省苏州市吴中区香山路与伍相路交叉口太湖中心MALL,31.3022390,120.5787010,taiko,,taiko:1,bemanicn
卡通尼乐园（新湖广场店）,江陵西路1688号新湖广场F3层,31.2977030,120.5830170,taiko,,taiko:1,bemanicn
卡通尼乐园（昆山花桥中骏世界城店）,花桥镇光明路728号中骏世界城3楼,31.3048360,120.5856980,taiko,,taiko:1,bemanicn
卡通尼乐园（萧山开元广场店）,蜀山街道市心南路1216号（曹家桥地铁站B口旁）萧山开元广场L4层,30.2489370,120.2009840,taiko,,taiko:1,bemanicn
卡通尼乐园（虹悦城店）,南京虹悦城三楼,32.0643850,118.7880490,taiko,,taiko:1,bemanicn
卡通尼乐园（金台万达广场店）,万达广场3楼卡通尼乐园,34.3613530,107.2323420,taiko,,taiko:1,bemanicn
卡通尼儿童乐园,常青城市广场3楼,30.3373360,112.2316020,taiko,,taiko:1,bemanicn
卡通尼南京江宁店,江苏省南京市江宁区双龙大道1698号景枫中心三楼卡通尼,32.0629440,118.7931310,maimai_dx,,,wahlap
卡通尼南京溧水店,中大街81号海乐城三楼3F-07-010号卡通尼乐园,32.0627700,118.7886180,taiko,,taiko:1,bemanicn
卡通尼南京龙湖龙湾天街店,江宁龙湖龙湾天街3楼,32.0626460,118.7896590,other;taiko,,taiko:1,bemanicn
卡通尼厦门思明店,福建省厦门市思明区嘉禾路468号SM广场3F-313铺位卡通尼乐园,24.4844920,118.0863250,maimai_dx,,,wahlap
卡通尼宝鸡银泰城店,陕西省宝鸡市金台区金台大道银泰城66号301,34.3681160,107.2313900,other;taiko,,taiko:1,bemanicn
卡通尼扬州京华城店,扬州市京华城路168号京华城1期3楼,32.3920080,119.4069340,taiko,,taiko:1,bemanicn
卡通尼杭州上城工联店,浙江省杭州市上城区延安路292号工联CC3楼309-310,30.2521470,120.2027320,maimai_dx,,,wahlap
卡通尼杭州工联店,延安路292号工联CC3楼 309/310店铺,30.2536070,120.2076050,maimai_dx;other;taiko,,maimai_dx:2;taiko:2,bemanicn
卡通尼武汉江夏永旺店,湖北省武汉市江夏区江夏永旺梦乐城三楼卡通尼乐园,30.5956900,114.2967830,maimai_dx;other,,maimai_dx:1,wahlap;bemanicn
卡通尼武汉江岸永旺店,湖北省武汉市江岸区金桥大道15号永旺梦乐城3F卡通尼乐园,30.5932260,114.2936920,maimai_dx,,,wahlap
卡通尼武汉金银潭店,湖北省武汉市东西湖区永旺金银潭店3F卡通尼乐园,30.5968430,114.2958500,maimai_dx,,,wahlap
卡通尼渝北新光天地店,重庆市渝北区新光天地D区B1楼卡通尼乐园,29.5336580,106.5061110,maimai_dx,,,wahlap
卡通尼烟台永旺店,长江路120号永旺梦乐城金沙滩购物中心,37.4634930,121.4393120,taiko,,taiko:1,bemanicn
卡通尼苏州常熟永旺店,江苏省苏州市常熟市东南大道168号永旺梦乐城,31.3066160,120.5837790,maimai_dx;taiko,,maimai_dx:1;taiko:1,wahlap;bemanicn
卡通尼西安金地广场店,曲江新区曲江池东路999号金地广场项目F2楼F214A号商铺,34.3419810,108.9317670,other;taiko,,taiko:1,bemanicn
卡通尼青岛融创茂店,东方影都融创茂二楼最东侧卡通尼乐园,36.0678290,120.3753760,taiko,,taiko:1,bemanicn
卢比猩球,红星美凯龙595号7-1-101,39.5371480,116.6724090,maimai_dx;taiko,,maimai_dx:1;taiko:1,bemanicn
卢比猩球文安红星美凯龙店,河北省廊坊市文安县文安镇红星美凯龙595号7-1-101卢比猩球,39.5395930,116.6729800,maimai_dx,,,wahlap
印象邯郸道,河北省邯郸市丛台区邯郸道G309号,36.6254430,114.5357650,chunithm;maimai_dx;taiko,,chunithm:2;maimai_dx:2;taiko:2,wahlap;bemanicn
印象邯郸道邯郸丛台店,河北省邯郸市丛台区邯郸道历史文化街区北区G111号,36.6251750,114.5384330,maimai_dx,,,wahlap
即刻街区成都彭州沃尔玛店,四川省成都市彭州市金彭东路122号沃尔玛3楼即刻街区,30.5751100,104.0596920,maimai_dx,,,wahlap
即刻街区潮玩（彭州店）,牡丹西路45号5栋3层（置信逸都城3楼）,30.5737510,104.0625130,maimai_dx,,maimai_dx:1,bemanicn
厘米窝,政和路，详细地址请加群,34.6225710,112.4463490,chunithm,,chunithm:1,bemanicn
厦门卡通尼SM广场店,思明区嘉禾路468号SM广场三期3F-313,24.4826060,118.0878510,maimai_dx;other;taiko,,maimai_dx:2;taiko:2,bemanicn
厦门虫虫乐园,厦禾路889号罗宾森购物广场3F层S3-12d,24.4856490,118.0813140,other;taiko,,taiko:1,bemanicn
及放运动吉林丰满店,吉林省吉林市丰满区吉林大街1-2号欧亚综合体6楼及放运动潮玩空间,43.8334510,126.5469480,maimai_dx,,,wahlap
及放运动潮玩空间,欧亚综合体6楼,43.8374290,126.5376140,maimai_dx;other,,maimai_dx:1,bemanicn
双燕天河城炫舞星河,长江路35号双燕天河城3F,42.2204160,123.7153090,maimai_dx;other;taiko,,maimai_dx:2;taiko:2,bemanicn
反斗乐园π海岸城店,粤海街道文心五路33号海岸城购物中心501-9,22.5446910,114.0487120,chunithm;other;taiko,,chunithm:2;taiko:2,bemanicn
反斗乐园广州花都融创茂店,广东省广州市花都区凤凰北路融创茂1号门2楼反斗乐园,23.1294690,113.2559270,maimai_dx,,,wahlap
反斗乐园广州花都骏壹万邦店,广东省广州市花都区曙光路骏壹万邦3楼3401反斗乐园,23.1365980,113.2625880,maimai_dx,,,wahlap
反斗乐园派长沙雨花星城店,湖南省长沙市雨花区中意一路与湘府路交叉口步步高星城天地L3-3046,28.2362150,112.9328190,chunithm;maimai_dx;other,,chunithm:2;maimai_dx:1,wahlap;bemanicn
反斗乐园深圳南山海岸城店,广东省深圳市南山区海岸城五楼,22.5444520,114.0517540,chunithm,,,wahlap
反斗乐园深圳福田中心城店,广东省深圳市福田区福华一路怡景中心城UG层反斗乐园,22.5489600,114.0512700,maimai_dx,,,wahlap
反斗乐园深圳福田华强北店,广东省深圳市福田区华强北街道君尚购物中心L511号铺,22.5480440,114.0552040,maimai_dx,,,wahlap
反斗乐园深圳福田领展中心城店,福田区福田街道福华一路3号领展购物广场M层64B,22.5415550,114.0557360,maimai_dx,,,wahlap
反斗乐园深圳龙华天虹店,广东省深圳市龙华区民治街道人民路2020号天虹购物中心三楼反斗乐园,22.5505340,114.0549730,maimai_dx;other;taiko,,maimai_dx:1;taiko:2,wahlap;bemanicn
反斗乐园融创茂店,凤凰北路63号融创茂2层101,23.1294610,113.2607390,maimai_dx;taiko,,maimai_dx:1;taiko:3,bemanicn
反斗乐园金光华店,人民南路2028号金光华广场L4层L4-001~007,22.5429220,114.0529710,maimai_dx;taiko,,maimai_dx:1;taiko:2,bemanicn
反斗乐园领展中心城店,福华一路3号领展中心城M层64B,22.5503290,114.0507840,maimai_dx;other;taiko,,maimai_dx:1;taiko:2,bemanicn
反斗乐园骏壹万邦店,曙光路81号骏壹万邦广场第三层3401,23.1288490,113.2593530,maimai_dx;taiko,,maimai_dx:1;taiko:2,bemanicn
反斗乐园（天虹购物中心店）,中航路1号中航城君尚购物中心5层,22.5497420,114.0551730,maimai_dx;other;taiko,,maimai_dx:1;taiko:2,bemanicn
叮当次元长春宽城万达店,吉林省长春市宽城区上海路宽城广场3楼3023A,43.8108360,125.3155590,chunithm,,,wahlap
可可猩球 COCO CHIMPA (天津南开大悦城),"2nd Floor, Joy City Nankai District Tianjin Tianjin, 300100, Tianjin",39.1351701,117.1737170,chunithm;maimai_dx;other;taiko,,chunithm:2;maimai_dx:1;taiko:1,ziv
可可猩球 COCO CHIMPA (天津陆家嘴中心店),"L305-L306, Tianjin Lujiazui Center, No.25-29 Dafeng Road Hongqiao District Tianjin Tianjin, 300102, Tianjin",39.1464750,117.1659140,maimai_dx;other,,,ziv
可可猩球南开大悦城店,天津市南开区南门外大街大悦城北区2楼1号可可猩球电玩,39.1347250,117.1408910,chunithm;maimai_dx;taiko,,chunithm:2;maimai_dx:1;taiko:1,wahlap;bemanicn
可可猩球天津天河城店,天津市和平区哈尔滨道天河城4层401,39.1178720,117.2113490,maimai_dx,,,wahlap
可可猩球天津红桥陆家嘴店,天津市红桥区大丰路2529号陆家嘴中心3层可可猩球,39.1664130,117.1399460,maimai_dx,,,wahlap
可可猩球（天津陆家嘴中心店),大丰路25-29号天津陆家嘴中心L305-L306,39.1229890,117.1793860,maimai_dx;other,,maimai_dx:1,bemanicn
可多梦北京丰台店,北京市丰台区南四环西路76号花乡奥莱村13号楼13101-B号,39.8565600,116.2769820,chunithm;maimai_dx,,,wahlap
可多梦北京丰台花乡奥莱店,花乡奥莱村13号楼1楼（大牌子耀莱成龙影院）,39.8263030,116.3180080,chunithm;maimai_dx;other,,chunithm:2;maimai_dx:1,bemanicn;ziv
可心可丽家庭娱乐中心,丽景南街砂之船奥莱B馆2楼,38.4856540,106.2210540,maimai_dx;other,,maimai_dx:1,bemanicn
可心可丽家庭娱乐中心银川兴庆砂之船奥莱店,银川市兴庆区丽景南街砂之船奥莱B馆2楼可心可丽家庭娱乐中心,38.4839340,106.2220190,maimai_dx,,,wahlap
可爱抓 COCO GOTCHA（仁恒伊势丹店）,仁恒伊势丹A馆负一层,39.1366260,117.1849070,maimai_dx;other,,maimai_dx:1,bemanicn;ziv
可爱淘家庭娱乐中心（潮玩地带）张北店,永春南大街登元超市总店二楼,40.7696220,114.8782480,taiko,,taiko:1,bemanicn
可爱淘家庭游乐中心石家庄藁城时尚汇,河北省石家庄市藁城区工业东路 78 号时尚汇地下步行街,38.0421810,114.5112990,maimai_dx,,,wahlap
可爱淘（时尚汇地下商业街）,时尚汇地下商业街,38.0436580,114.5094510,maimai_dx,,maimai_dx:1,bemanicn
合力宝贝王疯狂计划电玩城,he li bao bei,27.7243760,107.0237120,other,,,bemanicn
合家欢威海威高广场店,山东省威海市环翠区威高广场A馆四楼合家欢家庭娱乐中心,37.5111330,122.1208900,maimai_dx,,,wahlap
合家欢家庭娱乐中心 台东利群店,市北区台东利群广场4楼,36.0690530,120.3822100,chunithm;maimai_dx;taiko,,chunithm:2;maimai_dx:2;taiko:1,bemanicn
合家欢家庭娱乐中心(悦荟店),四方街道人民路260号悦荟3楼,36.0655370,120.3804950,chunithm;maimai_dx;taiko,,chunithm:2;maimai_dx:2;taiko:1,bemanicn
合家欢家庭娱乐中心威海威高店,新威路17-5号威高广场A馆四楼开乐影城旁,37.5102490,122.1163190,maimai_dx;other;taiko,,maimai_dx:2;taiko:2,bemanicn
合家欢青岛市北利群店,山东省青岛市市北区台东利群广场4楼(万达影城旁)合家欢家庭娱乐中心,36.0658290,120.3813620,chunithm;maimai_dx,,,wahlap
合家欢青岛市北悦荟店,山东省青岛市市北区四方路悦荟广场3楼,36.0636480,120.3764200,chunithm;maimai_dx,,,wahlap
合成电玩城,"狮岭合成三街1号合成广场3层3-08,3-09",23.1358180,113.2624040,maimai_dx,,maimai_dx:1,bemanicn
合成电玩广州花都狮岭店,广东省广州市花都区狮岭镇合成村合成北三街1号楼3楼3-08、3-09之一合成电玩城,23.1318580,113.2570270,maimai_dx,,,wahlap
合电占mega南京浦口店,江苏省南京市浦口区江北新区浦口大道8号东方万汇城北区2层合电占 7-215-2商铺,32.0617390,118.7974740,maimai_dx,,,wahlap
合电占MEGA（东方万汇城店）,东方万汇城北区2层,32.0582180,118.7894610,maimai_dx;other;taiko,,maimai_dx:2;taiko:1,bemanicn
合电占meta(马群店),马群大融城3F,32.0603450,118.7893800,maimai_dx;taiko,,maimai_dx:2;taiko:1,bemanicn
合电占南京栖霞大融城店,江苏省南京市栖霞区中山门大街698号大融城3楼合电占,32.0626100,118.7867320,maimai_dx,,,wahlap
合电占泛娱乐空间,南京国际金融中心ifcx3楼,32.0601790,118.7865950,chunithm;maimai_dx;taiko,,chunithm:2;maimai_dx:5;taiko:2,bemanicn
合电占秦淮国际金融中心店,江苏省南京市秦淮区汉中路一号国际金融中心3楼,32.0594140,118.7898530,chunithm;maimai_dx,,,wahlap
合电占金华义乌宝龙店,浙江省金华市义乌市青口宝龙广场合电占动漫娱乐空间,29.0854260,119.6380740,maimai_dx,,,wahlap
合电占青口宝龙店,浙江省金华市义乌市江东街道青口宝龙广场第二层M1-L2-018商铺合电占·电玩·动漫娱乐空间(青口宝龙店),29.0798940,119.6402850,maimai_dx,,maimai_dx:1,bemanicn
吉合家庭娱乐中心烟台开发区万达店,烟台开发区万达广场三楼吉合家庭娱乐中心,37.4605910,121.4415890,chunithm;maimai_dx;other;taiko,,chunithm:2;maimai_dx:1;taiko:1,wahlap;bemanicn
吉合家庭娱乐中心西宁万达店,青海省西宁市城西区广场路1号海湖万达广场3号楼三层3F-A,36.6760310,101.7592670,maimai_dx;taiko,,maimai_dx:1;taiko:2,wahlap;bemanicn
吉林卡吉姆动漫娱乐城,吉林大街173号财富广场F5-北区,43.8387680,126.5449220,maimai_dx,,maimai_dx:1,bemanicn
吉林市丰满区世宇乐园,吉林省吉林市吉林大街1~2号欧亚综合体三楼,43.8391130,126.5462990,maimai_dx,,,wahlap
吉睿游艺北京海淀学清路店,北京市海淀区学清路8号三层吉睿游艺,39.9563180,116.2891420,chunithm;maimai_dx,,,wahlap
吉睿游艺（太阳宫凯德mall店）,太阳宫中路12号太阳宫凯德MALL3楼寿司郎对面,39.8995510,116.4031900,maimai_dx;other;taiko,,maimai_dx:1;taiko:1,bemanicn
吉睿游艺（悠唐中心店）,朝阳区朝阳门外大街三丰北里2号悠唐购物中心三楼,39.9196710,116.4393250,other;taiko,,taiko:1,bemanicn
吉睿潮玩 JIRUI Fashion Play（祥云小镇 Shine Hills）,"2F, Block 11, Shine Hills (Southern Zone), No.6 Antai Avenue Shunyi District Beijing Beijing, 101318, Beijing",40.0851804,116.5319716,maimai_dx;other;taiko,,,ziv
吉睿潮玩(顺义祥云小镇店),安泰大街6号院祥云小镇南区11号楼二层,40.1487100,116.6611770,maimai_dx;other;taiko,,maimai_dx:1;taiko:1,bemanicn
吉睿潮玩北京顺义店,北京市顺义区安泰大街6号院11号楼祥云小镇二层吉睿潮玩,40.1452840,116.6553000,maimai_dx,,,wahlap
吉睿潮玩朝阳凯德茂店,北京市朝阳区太阳宫中路12号凯德茂三层吉睿潮玩,39.9175840,116.4395520,maimai_dx,,,wahlap
吉睿潮玩（海淀学清路店）,学清路8号新辰里（学清路店）3楼,39.9606390,116.2892110,chunithm;maimai_dx;taiko,,chunithm:4;maimai_dx:1;taiko:1,bemanicn
吉首天虹十二星球潮玩城,吉首天虹购物中心4楼,28.2190550,109.6657200,maimai_dx,,maimai_dx:1,bemanicn
同信游乐场,大溪镇登云南路86号2楼,28.6576560,121.4112050,maimai_dx,,maimai_dx:1,bemanicn
同欢潮玩东莞凤岗益田店,广东省东莞市凤岗镇龙平南路1号负1028室,23.0216090,113.7454580,maimai_dx,,,wahlap
名将之风漯河店,人民路新天地钟楼广场东,33.5791340,114.0118630,other,,,bemanicn
吾悦广场潮玩街区,吾悦广场3楼,33.3478270,120.1548260,maimai_dx,,maimai_dx:1,bemanicn
吾技动漫北京龙德广场店,北京市昌平区立汤路186号院龙德广场四层吾技动漫,40.0583739,116.4092172,chunithm;maimai_dx;taiko,,chunithm:4;maimai_dx:3;taiko:1,wahlap;bemanicn;ziv
吾爱玩济南历下店,山东省济南市历下区奥体西路3699号龙湖天街A馆三F01A吾爱玩潮玩体验中心,36.6535080,117.1084260,maimai_dx,,,wahlap
吾爱玩潮玩（济南奥体龙湖天街店）,奥体西路3699号龙湖济南奥体天街A馆3楼,36.6473940,117.1136420,maimai_dx,,maimai_dx:1,bemanicn
呀呀潮玩（株洲王府星mall店）,王府井星mall五楼,27.8366290,113.1243720,other;taiko,,taiko:1,bemanicn
呆毛熊泉州惠安店,福建省泉州市惠安县螺阳镇禹州商场二楼呆毛熊潮玩,24.8791990,118.6697320,maimai_dx,,,wahlap
呆毛熊潮玩(泉州禹悦汇店),惠安县螺阳镇世纪大道1号泉州禹悦汇F2,24.8817410,118.6731610,maimai_dx;other;taiko,,maimai_dx:1;taiko:1,bemanicn
呆毛熊潮玩城厦门翔安店,福建省厦门市翔安区汇景广场负一楼b107呆毛熊潮玩城,24.4824890,118.0874230,maimai_dx,,maimai_dx:1,wahlap;bemanicn
呆毛熊潮玩城龙岩新罗万达店,龙岩万达3F呆毛熊潮玩城,25.0737030,117.0107550,chunithm;maimai_dx;other,,chunithm:2;maimai_dx:1,bemanicn
呆毛熊龙岩新罗万达店,福建省龙岩市新罗区双龙路1号A区A1幢万达广场3F-01,25.0815670,117.0164270,chunithm;maimai_dx,,,wahlap
呈贡区海乐星游乐园,云南省昆明市呈贡区吴家营仕林街云上小镇5栋36号,24.8863780,102.8312120,maimai_dx,,maimai_dx:1,bemanicn
周口市鹿邑县星际梦想城,紫气大道万顺达5楼,33.6386740,114.6907580,maimai_dx;other,,maimai_dx:1,bemanicn
呱呱乐园,西乡街道前海科兴科学园,22.5458010,114.0563740,maimai_dx,,maimai_dx:1,bemanicn
呱呱乐园 Happy Frog Games (航城里 Hangchengli),"Hangchengli Shopping Center, Intersection of Hangcheng Avenue an Bao'an District 宝安区 Shenzhen City 深圳市 Guangdong Province 广东省, 518126, Shenzhen City 深圳市",22.6099106,113.8446450,other,,,ziv
呱呱乐园 Happy Frog Games (西乡 Xixiang),"Unit 1-006A, Qianhai Kexing Science Park, Laodong Community Bao'an District 宝安区 Shenzhen City 深圳市 Guangdong Province 广东省, 518101, Shenzhen City 深圳市",22.5763509,113.8465762,maimai_dx;other,,,ziv
呱呱乐园深圳宝安科兴店,广东省深圳市宝安区西乡街道劳动社区前海科兴科学园二楼呱呱乐园,22.5434730,114.0569110,maimai_dx,,,wahlap
和月雀荘,北一路295号A-2093（万达金街二楼））,37.4281990,118.6704820,chunithm;maimai_dx;ongeki,,chunithm:1;maimai_dx:1;ongeki:1,bemanicn
和音屋 x -Azisai- 北京店 立直麻将/音游,七里庄路口向北附近（详见群内信息）,39.8530000,116.2950000,chunithm;ddr;gitadora;iidx;maimai_dx;nostalgia;popn;sdvx,,chunithm:1;ddr:1;gitadora:2;iidx:2;maimai_dx:2;nostalgia:1;popn:1;sdvx:2,bemanicn;ziv
和音屋(成都川大望江店),亚太广场C座1020,30.5751440,104.0685070,chunithm;maimai_dx,,chunithm:1;maimai_dx:2,bemanicn
和音屋x出勤公司沈阳中街店,辽宁省沈阳市大东区津桥路3号新世界时尚广场4楼和音屋出勤公司,41.6765550,123.4567120,chunithm;maimai_dx,,chunithm:1;maimai_dx:2,wahlap;bemanicn
和音屋合肥之心城环球中心,安徽省合肥市蜀山区三里庵之心城写字楼b座1501,31.8272510,117.2230450,maimai_dx,,,wahlap
和音屋合肥蜀山环球中心店,安徽省合肥市蜀山区之心城环球中心B座1501,31.8192390,117.2217850,chunithm,,,wahlap
和音屋成都武侯店,四川省成都市武侯区科华北路58号亚太广场C座1020和音屋,30.5799090,104.0648470,chunithm;maimai_dx,,,wahlap
和音屋昆明世纪广场店,云南省昆明市五华区世纪广场C2幢17楼E号,24.8816060,102.8341500,chunithm;maimai_dx,,,wahlap
和音屋深圳福田CBD店,广东省深圳市福田区金田路3038号现代国际大厦1502室,22.5478160,114.0540070,chunithm;maimai_dx,,chunithm:1;maimai_dx:1,wahlap;bemanicn
和音屋（合肥之心城店）,之心城环球中心B座1501,31.8250660,117.2241590,chunithm;maimai_dx;sdvx,,chunithm:1;maimai_dx:2;sdvx:1,bemanicn
和音屋（昆明南屏街店）,五华区世纪广场C2幢17楼E,24.8856170,102.8373640,chunithm;maimai_dx;ongeki,,chunithm:2;maimai_dx:1;ongeki:1,bemanicn
咔喳砰家庭娱乐中心（龙泉万达店）,万达广场(龙泉店)三楼,28.4673720,119.9185600,maimai_dx,,maimai_dx:1,bemanicn
咔嘻龙包头萨拉齐店,内蒙古自治区包头市土默特右旗萨拉齐镇果园路九号金街229号喜玛特超市一楼,40.6229580,109.9534910,maimai_dx,,,wahlap
咔嘻龙家庭娱乐中心,喜玛特购物广场一楼,40.6212410,109.9525960,maimai_dx,,maimai_dx:1,bemanicn
咔奇咔奇咸阳秦都万达店,陕西省咸阳市秦都万达2楼咔奇咔奇,34.3285940,108.7005470,chunithm;maimai_dx,,,wahlap
咔奇咔奇石家庄裕华店,河北省石家庄市裕华区裕华万达三楼咔奇咔奇,38.0417510,114.5052500,maimai_dx,,,wahlap
咔奇咔奇超乐场(咸阳万达店),秦都万达b馆,34.3292350,108.7027600,chunithm;maimai_dx;taiko,,chunithm:2;maimai_dx:2;taiko:1,bemanicn
咔奇咔奇超乐场（裕华万达店）,裕华区槐安东路123号万达广场三楼,38.0393390,114.5148820,maimai_dx,,maimai_dx:2,bemanicn
咔萌贝贝动漫游戏体验中心,内蒙古自治区通辽市奈曼旗新天地购物中心咔萌贝贝动漫游戏体验中心(新天地购物中心店),43.6499310,122.2320990,other;taiko,,taiko:1,bemanicn
咕咕小镇家庭娱乐中心,益津中路海悦广场三楼西侧咕咕小镇家庭娱乐中心,39.5406730,116.6770890,maimai_dx;other,,maimai_dx:1,bemanicn
咕咕岛保定涿州君悦广场店,河北省保定市涿州市范阳东路君悦广场3层咕咕岛超级乐园,38.8721290,115.4598570,maimai_dx,,,wahlap
咕咕岛儿童乐园,广平大街信誉商厦,38.8740430,115.4616580,maimai_dx,,maimai_dx:1,bemanicn
咕咕岛儿童乐园保定涞源信誉商厦店,保定市涞源县信誉商厦一楼咕咕岛儿童乐园,38.8756880,115.4555120,maimai_dx,,,wahlap
咕咕岛超级乐园,范阳西路129号 京通大奥莱,38.8780610,115.4555360,maimai_dx;other;taiko,,maimai_dx:2;taiko:1,bemanicn
咕咕鲨廊坊霸州海悦店,河北省廊坊市霸州市海悦广场3楼咕咕鲨超级乐园,39.5402470,116.6782410,maimai_dx,,,wahlap
咕咕鲨超级乐园保定万博店,河北省保定市竞秀区万博广场三层南区咕咕鲨超级乐园,38.8705510,115.4591190,chunithm;maimai_dx;taiko,,chunithm:2;maimai_dx:2;taiko:1,wahlap;bemanicn
咖喱窝×未来盒子,长安南路72号诚意防腐木业院内,34.3441120,108.9286460,chunithm;maimai_dx;ongeki,,chunithm:2;maimai_dx:1;ongeki:1,bemanicn
咖来乐·电玩嘉年华,万虹广场南门2楼 2F081-100C,36.6478710,117.1157140,maimai_dx;taiko,,maimai_dx:1;taiko:1,bemanicn
咖来乐济南万虹广场店,济南市历城区工业北路万虹广场2楼南侧,36.6555270,117.1102080,maimai_dx,,,wahlap
咘隆家族家庭娱乐中心（新华城市广场店）,新华城市广场3楼,33.0203530,112.5739170,maimai_dx,,maimai_dx:1,bemanicn
咪乐派欢乐谷济南市中店,山东省济南市市中区十六里河街道领秀城贵和购物中心2楼,36.6533410,117.1117370,maimai_dx,,maimai_dx:1,wahlap;bemanicn
哆力王国唐山丰南店,河北省唐山市丰南区港岛中心哆力王国,39.6275730,118.1757120,maimai_dx,,,wahlap
哆力王国（唐山丰南港岛中心店）,港岛中心（国丰大街与运河东路交叉口东南）A座2层,39.6329320,118.1729980,maimai_dx,,maimai_dx:1,bemanicn
哆咪啦儿童乐园（静安广场）,静安荟,34.3432420,108.9377510,taiko,,taiko:1,bemanicn
哆哆咪电玩,灵凤路51号,24.4063610,111.5586620,maimai_dx,,maimai_dx:1,bemanicn
哆哆咪电玩城贺州八步嘉年豪庭店,广西省贺州市八步区凤灵路51号哆哆咪电玩城,24.4043760,111.5628600,maimai_dx,,,wahlap
哆啦乐图 DORALETU ★,"1st Floor, Zhonglou Wenshang Hotel Beilin District Xi'an Shaanxi, 710000, Xi'an",34.2601937,108.9444047,chunithm;jubeat;maimai_dx;other;taiko,,chunithm:4;jubeat:2;maimai_dx:4;taiko:1,ziv
哆啦乐图西安钟楼店,陕西省西安市碑林区骡马市60号文商大厦一层,34.3475330,108.9299910,chunithm;maimai_dx,,,wahlap
哆啦乐图钟楼店（文商）,东大街开元商城外东侧停车场入口对面一层,34.3415150,108.9306560,chunithm;maimai_dx;taiko,,chunithm:4;maimai_dx:4;taiko:1,bemanicn
哆啦奇妙儿童乐园,广东省汕尾市城区香洲路777号显达广场二层商铺42号,22.7929660,115.3751050,taiko,,taiko:1,bemanicn
哆啦星球(高新玫瑰ONE店)装修中(原小寨店),长安区成章路1512号高新玫瑰ONE,34.3441620,108.9385580,chunithm;jubeat;maimai_dx,,chunithm:2;jubeat:2;maimai_dx:2,bemanicn
哆啦星球主战场大旺城店,大庆西路81号,34.3436150,108.9390770,sdvx,,sdvx:1,bemanicn
哆啦星球西安雁塔小寨店,陕西省西安市雁塔区长安中路215号西旅国际一楼,34.3442050,108.9321230,maimai_dx,,,wahlap
哇哇哇游乐城,天河路228号正佳广场7层7A001、7B002,23.1344651,113.3218021,chunithm;drs;maimai_dx;other;taiko,,chunithm:2;drs:1;maimai_dx:2;taiko:1,bemanicn;ziv
哇哇哇游乐城广州天河正佳店,广东省广州市天河区天河路228号正佳广场七楼,23.1316350,113.2546940,chunithm;maimai_dx,,,wahlap
哈乐谷潮玩中心（南宁百货大楼店）,朝阳路39号南宁百货大楼朝阳店南楼3楼,22.8185080,108.3620750,maimai_dx,,maimai_dx:1,bemanicn
哈乐谷潮玩南宁朝阳店,广西南宁市百货大楼朝阳店南楼三楼,22.8161160,108.3603880,maimai_dx,,,wahlap
哈哈科技动漫郑州郑东新商务中央公园店,郑州市郑东新区商务中央公园2号2号楼1层附4号,34.7446000,113.6215120,maimai_dx,,,wahlap
哈基窝,库洛雀庄（欢乐宫西侧同城配送门市）,42.9058990,129.4590590,chunithm;maimai_dx;ongeki,,chunithm:1;maimai_dx:2;ongeki:1,bemanicn
哈奇乐园烟台金都百货店,山东省烟台市招远市金都百货6楼,37.4660500,121.4440890,maimai_dx;taiko,,maimai_dx:2;taiko:1,wahlap;bemanicn
哈尔滨大玩家香坊万达店,黑龙江省哈尔滨香坊区衡山路17号万达广场三楼大玩家超乐场,45.7963610,126.5316170,maimai_dx;other;taiko,,maimai_dx:1;taiko:1,wahlap;bemanicn
哈尼鹿儿童乐园（大同星茂汇店）,平城区永泰南路6666号凯德世家广场儿童城1—3层,40.1001080,113.3623170,other,,,bemanicn
哈森梦,城东街道横湖东路北侧万达广场三楼哈森梦,28.6587010,121.4193670,maimai_dx,,maimai_dx:1,bemanicn
哈森梦台州温岭万达店,浙江省台州市温岭万达广场3楼哈森梦,28.6590230,121.4198570,maimai_dx,,,wahlap
哈森梦宁波象山万达店,浙江省宁波市象山县万达广场二楼哈森梦,29.8628700,121.6242680,maimai_dx,,maimai_dx:1,wahlap;bemanicn
哈森梦连云港灌云万达店,江苏省连云港市灌云县万达广场二楼哈森梦,34.5964840,119.2218790,maimai_dx,,maimai_dx:1,wahlap;bemanicn
哈雷慧6号星球淄博高新店,山东省淄博市高新区银泰城三楼哈雷慧6号星球,36.8105390,118.0503220,maimai_dx;other,,maimai_dx:1,wahlap;bemanicn
哈雷慧6号星球电玩城,大顺路63号时代广场F3,36.8121230,118.0525890,other;taiko,,taiko:1,bemanicn
哈雷慧六号星球（全福元城市广场店）,广饶县乐安大街全福元三楼,37.4363480,118.6680650,other,,,bemanicn
哈雷慧济南莱芜店,山东省济南市莱芜区文化南路001号,36.6491830,117.1167710,maimai_dx,,,wahlap
哎呦玩家长春净月店,吉林省长春市南关区复地嘉年华广场A3A座十楼1002,43.8127470,125.3116100,maimai_dx,,,wahlap
哎呦窝,复地嘉年华A3A座,43.8175990,125.3136950,chunithm;maimai_dx;ongeki,,chunithm:1;maimai_dx:1;ongeki:1,bemanicn
哒不溜赤峰松山万达店,内蒙古赤峰市松山万达广场三楼哒不溜欢乐王国,42.2589080,118.8830640,maimai_dx,,,wahlap
哒卟溜欢乐王国(赤峰松山万达广场店),万达广场三楼,42.2566300,118.8785040,maimai_dx,,maimai_dx:1,bemanicn
哒卟溜欢乐王国南通海安万达店,江苏省南通海安万达广场2楼哒卟溜欢乐王国,31.9874050,120.8911930,maimai_dx,,maimai_dx:1,wahlap;bemanicn
哒卟溜欢乐王国涵江水韵城天虹店,福建省莆田市涵江区天虹水韵城,25.4561610,119.0005670,maimai_dx;other,,maimai_dx:1,bemanicn
哒卟溜莆田涵江天虹店,福建省莆田市涵江区天虹水韵城三楼,25.4563060,118.9979330,maimai_dx,,,wahlap
哒趣游乐场广州从化店,广东省广州市从化区江浦街道107号远达汇聚2楼,23.1310760,113.2550380,chunithm;maimai_dx,,,wahlap
哒趣超乐场,"江埔从城大道107号远达汇聚广场2层H2-007,008,009",23.1376120,113.2596280,chunithm;jubeat;maimai_dx,,chunithm:2;jubeat:2;maimai_dx:1,bemanicn
唛乐岛泰迪熊家庭世界台州天台祥生世纪店,浙江省台州市天台县天台祥生世纪广场三楼,28.6620620,121.4209460,maimai_dx,,,wahlap
唛乐岛绍兴新昌万达店,浙江省绍兴市新昌县万达广场三号门二楼唛乐岛,30.0514080,120.5798430,maimai_dx,,,wahlap
唛乐岛超级电玩嘉兴龙鼎万达店,嘉兴市经开区龙鼎万达B座2楼唛乐岛超级电玩,30.7523440,120.7499290,maimai_dx,,maimai_dx:1,wahlap;bemanicn
啪啪熊乐园6号营地,"龙岗区宝能城市广场4楼 Shenzhen Shi Guangdong Sheng, 518172, Shenzhen Shi",22.7249799,114.2481858,other,,,ziv
啵比特 BOBITE（上海浦江万达店）,"2F, Wanda Plaza Pujiang, No.360 Yongyue Road, Pujiang Town Minhang District Shanghai Shanghai, 201112, Shanghai",31.0296768,121.5069277,chunithm;maimai_dx;other;taiko,,chunithm:2;maimai_dx:3;taiko:1,ziv
啵比特上海闵行浦江万达店,上海市闵行区永跃路360号浦江万达2层2F-A室啵比特家庭娱乐中心,31.1158570,121.3815860,chunithm;maimai_dx,,,wahlap
啵比特动漫游乐世界(梧田老街店),瓯海区-梧田老街D1-201-1号,27.9945700,120.6907360,maimai_dx;other,,maimai_dx:1,bemanicn
啵比特动漫游乐世界温州瓯海店,浙江省温州市瓯海区梧田街道D1-201-1啵比特动漫游乐世界,27.9943220,120.6995510,maimai_dx,,,wahlap
啵比特动漫游乐世界绍兴越城店,浙江省绍兴市越城区府山街道解放北路199号三楼F3002,30.0509900,120.5743960,maimai_dx;other,,maimai_dx:1,wahlap;bemanicn
啵比特（上海浦江万达店）,浦江万达广场2楼(瑞辛上面),31.2316130,121.4651180,chunithm;maimai_dx;taiko,,chunithm:2;maimai_dx:3;taiko:1,bemanicn
喜漫游·潮玩中心 XMY.PLAY（上海临港蓝鲸世界店）,"Shop L3-49, Longguang Blue Whale World Shopping Center, Hucheng Pudong New District Shanghai Shanghai, 201306, Shanghai",30.8983868,121.8921049,maimai_dx;other,,maimai_dx:2,ziv
喜漫游·潮玩中心（上海临港蓝鲸世界店）,沪城环路与方竹路交汇处龙光蓝鲸世界购物中心L3-49室,31.2386430,121.4682290,maimai_dx;other,,maimai_dx:2,bemanicn
喜漫游上海浦东龙光蓝鲸店,上海市浦东新区龙光蓝鲸世界购物中心L3-49喜漫游,31.2232010,121.5441570,maimai_dx,,,wahlap
喜漫游潮玩中心开封万达店,河南省开封市郑开大道万达广场二楼喜漫游潮玩中心,34.7964440,114.3055870,maimai_dx,,maimai_dx:1,wahlap;bemanicn
喜魔方潮玩乐园,旱河路京粮广场2层,39.9600000,116.2900000,other;taiko,,taiko:1,bemanicn;ziv
喵呜雀庄,江西省南昌市青云谱区洪城路158号王府井购物中心正街二楼2-227号喵呜雀庄,28.6880020,115.8494360,maimai_dx,,maimai_dx:1,bemanicn
喵奏舍studio,地区医院西院附近,36.1005940,114.3836860,chunithm;maimai_dx;taiko,,chunithm:1;maimai_dx:1;taiko:1,bemanicn
嗨fun天地太原尖草坪山姆士店,山西省太原市尖草坪区汇丰街道兴华街299号山姆士广场三层F3-016,37.8670750,112.5386330,chunithm;maimai_dx,,,wahlap
嗨FUN天地家庭娱乐中心,山西省太原市尖草坪区兴华街与千峰北路交叉口正东方向89米左右蓝塔烘焙3层,37.8694030,112.5464880,chunithm;maimai_dx;taiko,,chunithm:2;maimai_dx:1;taiko:1,bemanicn
嗨PARTY洛阳中州万达店,河南省洛阳市西工区中州万达广场5楼嗨party运动娱乐中心,34.6199400,112.4421950,maimai_dx;other;taiko,,maimai_dx:1;taiko:1,bemanicn
嗨party洛阳泉舜店,河南省洛阳市洛龙区泉舜购物四楼,34.6236230,112.4431220,maimai_dx,,,wahlap
嗨party洛阳西工万达店,河南省洛阳市西工区中州万达广场5楼嗨party运动娱乐中心,34.6231170,112.4426040,maimai_dx,,,wahlap
嗨Party运动娱乐中心（洛阳泉舜店）,牡丹大道166号泉舜财富购物中心4楼南侧,34.6237520,112.4471570,maimai_dx;other,,maimai_dx:1,bemanicn
嗨之星动漫,欢乐海岸购物广场三楼,29.6665110,115.9454400,maimai_dx;taiko,,maimai_dx:1;taiko:2,bemanicn
嗨乐动漫空间（三亚蓝海店）,新风街261号蓝海购物广场3楼,18.2531000,109.5057900,maimai_dx;other;taiko,,maimai_dx:1;taiko:1,bemanicn
嗨乐园安阳林州店,河南省安阳市林州市紫云街人民广场MALL一楼嗨乐园家庭娱乐中心,36.1002080,114.3835890,maimai_dx,,,wahlap
嗨乐电玩三亚吉阳蓝海店,海南省三亚市吉阳区新风街261号蓝海购物广场C030号商铺嗨乐电玩,18.2559420,109.5129640,maimai_dx,,,wahlap
嗨倍堂常州新北江南环球港店,常州市新北区衡山路江南环球港二楼嗨倍堂,31.8114840,119.9682310,maimai_dx,,,wahlap
嗨倍堂欢乐世界（娄底吾悦店）,氐星路吾悦广场四楼,27.7021570,111.9915420,maimai_dx;other,,maimai_dx:2,bemanicn
嗨倍堂欢乐世界（衡阳蒸湘万达店）,湖南省衡阳市蒸湘区万达广场（衡阳蒸湘店）3 楼 0365 门面,26.8929330,112.5650420,maimai_dx,,maimai_dx:1,bemanicn
嗨倍堂超级乐园南通店,江苏省南通市海门区龙信广场3楼嗨倍堂超级乐园,31.9784850,120.8891260,maimai_dx,,,wahlap
嗨倍堂超级乐园（常州龙湖店）,勤业路295号龙湖常州龙城天街3楼西侧,31.8113450,119.9712500,maimai_dx;other,,maimai_dx:1,bemanicn
嗨倍堂长沙宁乡吾悦广场店,湖南省长沙市宁乡市白马桥街道吾悦广场四楼4001室嗨倍堂超级乐园,28.2304970,112.9310730,maimai_dx,,,wahlap
嗨倍堂（常州环球港店）,通江路黄河路江南环球港2F最北边,31.8165780,119.9671350,maimai_dx,,maimai_dx:3,bemanicn
嗨嗨电玩娱乐城,钢铁北路与中兴西大街交叉口东北80米体育馆北鸿盛商城2楼,37.0603190,114.4954520,chunithm;maimai_dx,,chunithm:2;maimai_dx:2,bemanicn
嗨嗨电玩邢台新都鸿胜店,河北省邢台市信都区中兴西大街与钢铁北路交叉口东80米鸿胜商城2层,37.0620630,114.4882740,chunithm;maimai_dx,,,wahlap
嗨宝潮玩家庭娱乐中心,锦华街122号英特购物三楼,41.0985030,121.1216900,other;taiko,,taiko:1,bemanicn
嗨客玩家东莞厚街万达店,广东省东莞市厚街镇厚街万达广场3楼嗨客玩家,23.0210200,113.7463390,chunithm;jubeat;maimai_dx,,chunithm:2;jubeat:2;maimai_dx:1,wahlap;bemanicn
嗨客玩家东莞常平翔龙天地店,广东省东莞市常平镇翔龙天地购物中心二楼,23.0267620,113.7457570,chunithm;maimai_dx,,,wahlap
嗨客玩家东莞桥头店,广东省东莞市桥头镇上悦汇购物中心B区三楼嗨客玩家电玩城,23.0208970,113.7496280,chunithm;maimai_dx,,,wahlap
嗨客玩家电玩城（东莞桥头上悦汇店）,上悦汇购物中心B区三楼,23.0210400,113.7511450,chunithm;maimai_dx,,chunithm:2;maimai_dx:1,bemanicn
嗨客玩家（常平店）,常平镇翔龙天地,23.0262970,113.7439680,chunithm;maimai_dx;other,,chunithm:2;maimai_dx:2,bemanicn
嗨森汇乐园成都金牛凯德店,四川省成都市金牛区交大路183号凯德广场一期四楼嗨森汇乐园,30.5723070,104.0602370,maimai_dx;taiko,,maimai_dx:2;taiko:1,wahlap;bemanicn
嗨森汇乐园武汉东湖光谷店,湖北省武汉市东湖高新区光谷世界城3楼嗨森汇乐园,30.5939320,114.2978220,maimai_dx,,,wahlap
嗨森汇乐园电玩城(光谷店),东湖高新技术开发区珞喻路726号世界城光谷步行街一期3楼,30.5997140,114.2974320,maimai_dx;other;taiko,,maimai_dx:3;taiko:1,bemanicn
嗨森汇山东烟台大悦城店,山东省烟台市芝罘区大悦城4楼,37.4598670,121.4467680,chunithm;maimai_dx,,,wahlap
嗨森汇广州北京路天河城店,北京路168号北京路天河城A区3层B336-340,23.1224255,113.2650706,chunithm;maimai_dx;other,,chunithm:2;maimai_dx:2,bemanicn;ziv
嗨森汇广州越秀店,广东省广州市越秀区北京路168号天河城A区三楼B336-B340嗨森汇,23.1352440,113.2596840,chunithm;maimai_dx,,,wahlap
嗨森汇（原悦动先锋）山东烟台大悦城店,北马路150号大悦城4层（幸福蓝海国际影城附近）,37.4615740,121.4431810,chunithm;maimai_dx;taiko,,chunithm:2;maimai_dx:1;taiko:1,bemanicn
嗨森玩家泉州石狮世茂店,福建省泉州市石狮市灵秀镇世茂摩天城广场二楼嗨森玩家,24.8763410,118.6675450,maimai_dx,,maimai_dx:1,wahlap;bemanicn
嗨潮联盟（中建幸孚Mall）,团结路2906、2928（2F）,36.0673820,120.3831990,other,,,bemanicn
嗨潮联盟（胶州利群广场店）,利群购物广场负一楼嗨潮联盟,36.0663330,120.3720770,other,,,bemanicn
嗨潮联盟（青岛合美mall店）,凤凰山路1398号合美茂L2层,36.0704400,120.3748570,other,,,bemanicn
嗨爆公园(创意谷店),曲江新区雁翔路3369号曲江创意谷G-A-2号商铺,34.3438340,108.9370920,maimai_dx,,maimai_dx:2,bemanicn
嗨爆公园西安曲江创意谷店,陕西省西安市雁塔区雁翔路3369号创意谷展演中心G层A2号商号,34.3447100,108.9376300,maimai_dx,,,wahlap
嗨玩国度电玩城（珠海光合汇店）,廣東省珠海市香洲區拱北街道僑光路154號光合匯3楼,22.2714990,113.5716720,maimai_dx;other;taiko,,maimai_dx:1;taiko:1,bemanicn
嗨玩国度贵阳南明海豚广场店,贵州省贵阳市南明区海豚广场三楼嗨玩国度,26.6484720,106.6275230,maimai_dx,,,wahlap
嗨玩时空周口鹿邑万农邻里生活中心店,河南省周口市鹿邑县鹿穆路万农邻里生活中心二楼嗨玩时空,33.6365770,114.6928720,maimai_dx,,,wahlap
嗨玩星际乐园店,湖北省洪湖市天远时代D区二楼,30.3386990,112.2414930,maimai_dx,,maimai_dx:1,wahlap;bemanicn
嗨玩社巨亿万达店,章贡区沙河镇八一四大道39号巨亿万达2-408,25.8366410,114.9257380,maimai_dx,,maimai_dx:1,bemanicn
嗨玩社赣州章贡万达店,江西省赣州市章贡区东外街道八一四大道巨亿万达广场二楼嗨玩社,25.8330090,114.9319190,maimai_dx,,,wahlap
嗨玩社遵义吾悦广场店,贵州省遵义市红花岗区吾悦广场3楼嗨玩社,27.7207950,107.0274160,chunithm;maimai_dx;other,,maimai_dx:1,wahlap;bemanicn
嗨玩竞技现场,万达广场负一楼1-5,40.6224840,109.9447360,other,,,bemanicn
嗨玩街区重庆涪陵泽胜广场店,重庆市涪陵区荔枝街道泽胜广场嗨玩街区,29.7552950,107.2449090,maimai_dx,,,wahlap
嗨玩迪动漫城,溪北路溪畔·乡贤里,26.6465230,106.6233460,maimai_dx,,maimai_dx:2,bemanicn
嗨玩队长武汉光谷店,湖北省武汉市洪山区光谷步行街一期D区4楼,30.5974630,114.3012830,maimai_dx;other,,maimai_dx:5,wahlap;bemanicn
嗨皮星球家庭娱乐中心,尉氏县两湖街道文化路与自由路交叉口旁八房井2楼,34.8018740,114.3103860,other,,,bemanicn
嗨贝堂衡阳蒸湘万达店,湖南省衡阳市蒸湘万达三楼嗨贝堂电玩城,26.9023090,112.5685610,maimai_dx,,,wahlap
嗨贝天地厦门万象城二期店,厦门市思明区湖滨社区湖滨南路与金榜路交叉口东北侧厦门万象城二期NL325商铺,24.4789040,118.0862650,maimai_dx;other;taiko,,maimai_dx:2;taiko:1,wahlap;bemanicn
嗨陆空内江隆昌店,四川省内江市隆昌市人民中路五段8号港盈新街里10栋2层附201号-218号,29.5811620,105.0516430,maimai_dx;taiko,,maimai_dx:1;taiko:1,wahlap;bemanicn
嗨陆空家庭娱乐,合江金融商业美荔城二层,28.8754350,105.4358610,maimai_dx,,maimai_dx:1,bemanicn
嗨陆空家庭娱乐MALL（永宁汇店）,永宁汇3楼,28.8727000,105.4413100,maimai_dx,,maimai_dx:1,bemanicn
嗨陆空游乐场泸州合江永宁汇店,四川省泸州市叙永县环城中路201号永宁汇3楼,28.8748940,105.4413500,maimai_dx,,,wahlap
嗨陆空游乐场泸州美荔城店,四川省泸州市合江县荔城大道美荔城,28.8734740,105.4361090,maimai_dx,,,wahlap
嘉乐猫江苏太仓沙溪店,太仓市明溪路599号溪亭商业中心3幢202-207室,31.2982000,120.5845150,taiko,,taiko:1,bemanicn
嘉年华探险乐园肇庆广宁店,广东省肇庆市广宁县南街街道中华中路32号弘字万汇城A区三层A3F02号嘉年华探险乐园,23.0511010,112.4571460,maimai_dx,,maimai_dx:1,wahlap;bemanicn
嘉年华欢乐世界驻马店平舆店,河南省驻马店市平舆县清河南路南侧上河城163号,33.0163040,114.0196350,maimai_dx,,,wahlap
嘉润游乐园,永宁西路7号,37.5145140,111.1396290,other,,,bemanicn
嘉贝乐北京五道口店,北京市海淀区成府路28号五道口购物中心三层,39.9906975,116.3333476,maimai_dx;other;taiko,,maimai_dx:2;taiko:1,wahlap;bemanicn;ziv
嘉贝乐北京朝阳店,北京市朝阳区黄厂西路惠多港三层嘉贝乐,39.9168760,116.4344620,maimai_dx,,,wahlap
嘉贝乐惠多港店,黄厂西路惠多港三层嘉贝乐,39.8495207,116.5448202,maimai_dx,,maimai_dx:1,bemanicn;ziv
嘉贝乐电玩城(上地华联店),嘉贝乐(上地华联店)，BHGMall上地店3层,40.0273284,116.3051277,maimai_dx;taiko,,maimai_dx:2;taiko:1,bemanicn;ziv
嘉酷大玩家,盘州市亦资街道银杏广场,26.5943000,104.8265070,maimai_dx;other,,maimai_dx:1,bemanicn
嘟比熊喀什新城南店,新疆维吾尔自治区喀什地区喀什市东城万达二号门负一楼,39.4702280,75.9841870,maimai_dx,,,wahlap
嘟比熊（东城万达店）,新疆维吾尔自治区喀什地区喀什市新城南路东城万达广场负一层嘟比熊数字潮玩,39.4660440,75.9860570,maimai_dx,,maimai_dx:1,bemanicn
嘟玛宝郑州金水店,河南省郑州市金水区花园路39号新田360广场D103+D203号嘟玛宝,34.7464700,113.6212330,chunithm;maimai_dx,,,wahlap
嘻品堂(万家丽店),万家丽路99号万家丽国际购物广场5楼,28.2296430,112.9344100,maimai_dx,,maimai_dx:1,bemanicn
嘻品堂(中海店),中意二路111号环宇城F2,28.2296530,112.9285160,maimai_dx,,maimai_dx:1,bemanicn
嘻品堂(德思勤店),雨花区德思勤城市广场L3,28.2336340,112.9378210,maimai_dx,,maimai_dx:1,bemanicn
嘻品堂(星沙永旺店),永旺乐梦城西入口3楼三福旁（地铁3号线广生站1出入口进入商场）,28.2293320,112.9349370,maimai_dx,,maimai_dx:2,bemanicn
嘻品堂成都龙泉东安天街店,四川省成都市龙泉街道东安街道桃都大道中段666号龙湖东安天街B馆3L12-14C翻乐园嘻品堂,30.5753610,104.0595550,maimai_dx,,,wahlap
嘻品堂武汉青山印象城店,湖北省武汉市青山区印象城3楼L3-13B商铺嘻品堂,30.5935190,114.2954330,maimai_dx,,maimai_dx:1,wahlap;bemanicn
嘻品堂电玩长沙万家丽店,湖南省长沙市万家丽中路99号万家丽国际购物广场五楼嘻品堂电玩,28.2304850,112.9385690,maimai_dx,,,wahlap
嘻品堂邵阳东方凤凰城店,湖南省邵阳市邵阳县渡口路和沿河街交叉口西北角东方凤凰城,27.2410250,111.4673220,maimai_dx,,maimai_dx:1,wahlap;bemanicn
嘻品堂长沙天心中海店,湖南省长沙市天心区中意二路中海环宇城二楼嘻品堂乐园,28.2312390,112.9381520,maimai_dx,,,wahlap
嘻品堂长沙永旺店,湖南省长沙市长沙县永旺梦乐城3楼嘻品堂电玩城,28.2303900,112.9374490,maimai_dx,,,wahlap
嘻品堂长沙湘江永旺店,湖南长沙湘江新区⾦⼭桥街道雷锋⼤道1118号永旺梦乐城,28.2300040,112.9306370,maimai_dx,,maimai_dx:2,wahlap;bemanicn
嘻品堂长沙雨花四季汇店,湖南省长沙市雨花区德思勤四季汇三楼嘻品堂,28.2313800,112.9306510,maimai_dx,,,wahlap
嘻哈乐宁德蕉城店,福建省宁德市蕉城区蕉南街道湖东1路万达广场二楼嘻哈乐,26.6691880,119.5402740,maimai_dx,,,wahlap
嘻哈乐家庭娱乐中心宁德万达店,万达广场二层,26.6664870,119.5384930,maimai_dx;other,,maimai_dx:1,bemanicn
嘻哈乐猩球万欣广场店,汕头市潮阳区和平镇万欣广场,23.3578860,116.6748500,maimai_dx,,,wahlap
嘻哈乐猩球揭阳普宁新天地店,广东省揭阳市普宁市商品城尚东新天地2楼嘻哈乐猩球家庭娱乐中心,23.5507140,116.3703310,maimai_dx,,,wahlap
嘻哈乐猩球揭阳榕城万业店,广东省揭阳市榕城区黄岐大道万业广场2楼嘻哈乐猩球,23.5513330,116.3653970,maimai_dx,,,wahlap
嘻哈乐猩球汕头金平世纪明辉购物广场店,广东省汕头市金平区金东街道汕樟路170号世纪明辉购物广场金平店-2楼嘻哈乐猩球游乐园,23.3526410,116.6775590,maimai_dx,,,wahlap
嘻哈乐猩球游乐园（国际商品城店）,流沙东街道流沙大道与东环大道交汇处中国-普宁国际商品城尚东新天地2楼 4-201号,23.5496340,116.3655160,chunithm;maimai_dx;other,,chunithm:2;maimai_dx:2,bemanicn
嘻哈乐猩球游乐园（流沙万泰城店）,流沙南街道南环大道与康美大道交界处（普宁开心广场南侧）万泰城购物中心F3 C001~005号 F2 蒙自源旁边阳台,23.5562840,116.3666760,maimai_dx,,maimai_dx:2,bemanicn
嘻哈乐猩球（万业广场店）,永泰万业广场2楼（原广百百货）,23.5495000,116.3645170,maimai_dx,,maimai_dx:1,bemanicn
嘻哈乐猩球（汕头金平店）,汕樟路170号世纪明辉购物广场2楼,23.3545820,116.6765420,maimai_dx,,maimai_dx:1,bemanicn
嘻哈乐电玩城(领尚购物广场店),玉屏路11号领尚购物广场F2层,23.0248570,113.7483340,maimai_dx,,maimai_dx:1,bemanicn
嘻哈乐电玩城东莞大岭山店,广东省东莞市大岭山镇玉屏路沃尔玛二楼嘻哈乐,23.0246880,113.7490660,maimai_dx,,,wahlap
嘻哈欢乐岛忻州河曲家福乐店,山西省忻州市河曲县家福乐购物中心一楼嘻哈欢乐岛,38.4161710,112.7239990,maimai_dx,,maimai_dx:1,wahlap;bemanicn
嘻哈电玩城西宁湟中店,青海省西宁市湟中区滨河南路北侧1号C区C-58-59嘻哈电玩城,36.6728780,101.7589550,maimai_dx,,maimai_dx:1,wahlap;bemanicn
嘻嘻王国 台山万达店,台山万达广场,22.5804910,113.0725110,maimai_dx,,maimai_dx:1,bemanicn
嘻嘻王国台山台城公园万达店,广东省江门市台山市台城公园路万达广场二楼嘻嘻王国,22.5783190,113.0759750,maimai_dx,,,wahlap
嘻游嘉年华,"Gulou Square, North of Ancient Street East Entrance Jizhou District Tianjin Tianjin, 301900, Tianjin",40.0432080,117.4022580,maimai_dx;other;taiko,,maimai_dx:2;taiko:1,ziv
嘻游嘉年华廊坊安次万达店,河北省廊坊市安次区南龙道万达广场3楼嘻游嘉年华,39.5404830,116.6812960,maimai_dx,,maimai_dx:1,wahlap;bemanicn
嘻游嘉年华蓟州渔阳店,天津市蓟州区渔阳镇武定街东段路北1号嘻游嘉年华,40.0466970,117.4050350,maimai_dx;taiko,,maimai_dx:2;taiko:1,wahlap;bemanicn
嘻游嘉年华诸暨店,浙江省诸暨市暨阳街道青悦城2-20嘻游嘉年华,30.0587410,120.5811960,maimai_dx;other,,maimai_dx:1,wahlap;bemanicn
嘻游大侠惠州中海环宇天地店,广东省惠州市惠城区江北街道市民乐园西路7号中海广场B1层07-09号嘻游大侠,23.1181940,114.4134870,maimai_dx;other,,maimai_dx:1,wahlap;bemanicn
嘻游大玩家廊坊三河店,河北廊坊市三河市燕郊镇鑫乐汇百货四楼嘻游大玩家,39.5378510,116.6731210,maimai_dx,,,wahlap
嘻游大玩家成都武侯银泰城店,四川省成都市武侯区高新区益州大1999号成都银泰城三楼中嘻游大玩家电玩城,30.5720350,104.0656200,maimai_dx,,,wahlap
嘻游大玩家马鞍山金鹰商场店,安徽省马鞍山市金鹰商场三楼嘻游大玩家,31.6728600,118.5022070,maimai_dx,,maimai_dx:1,wahlap;bemanicn
嘻游大玩家（鑫乐汇购物广场店）,燕郊开发区-神威北大街376号，鑫乐汇购物广场F4,39.5403900,116.6749830,chunithm;maimai_dx,,chunithm:2;maimai_dx:1,bemanicn
嘻游大玩家（银泰城店）,武侯区-高新区益州大道中段1999号成都银泰城3F,30.5799580,104.0630190,maimai_dx,,maimai_dx:1,bemanicn
嘻游王国,七都广场三楼,23.4016880,104.2171860,maimai_dx,,maimai_dx:1,bemanicn
嘻游王国文山七都广场店,云南省文山市砚山县江那镇七都广场嘻游王国,23.4043900,104.2162160,maimai_dx,,,wahlap
嘻游记动漫城,滨江首府附近,27.0923360,114.9633150,taiko,,taiko:1,bemanicn
嘻游记金华浦江店,浙江省金华市浦江县人民广场2楼213室嘻游记乐园,29.0852960,119.6377740,maimai_dx,,,wahlap
嘻玩客昆明官渡星天地店,云南省昆明市官渡区新亚洲体育城星天地商业广场S21-07嘻玩客电玩城,24.8868430,102.8368010,maimai_dx,,,wahlap
嘻玩客潮玩娱乐中心（新亚洲体育中心）,云南省昆明市官渡区矣六街道新亚洲体育城星天地商业广场S21-07(王者足疗旁)路边一楼嘻玩客·动漫电玩(新亚洲体育城店）,24.8828240,102.8283770,maimai_dx,,maimai_dx:1,bemanicn
嘻翻乐园海口龙湖天街店,海南省海口市龙华区金宇街道南海大道15号海口天街C馆3楼嘻翻乐园,20.0488380,110.1983500,maimai_dx;other,,maimai_dx:2,wahlap;bemanicn
嘿棒潮玩星球(荣信·财富广场店),中央大街77号（中央南大街与沈辽西路交叉口西南角）荣信财富中心三楼,41.6790360,123.4601570,maimai_dx,,maimai_dx:1,bemanicn
嘿棒潮玩星球沈阳财富中心店,辽宁省沈阳市沈阳经济开发区中央大街32号3005财富中心三楼,41.6740410,123.4527750,maimai_dx,,,wahlap
嘿鹿鹿主题乐园,虹桥南路256八佰伴,31.4886180,120.3051470,maimai_dx;other;taiko,,maimai_dx:1;taiko:1,bemanicn
嘿鹿鹿芜湖镜湖八佰伴店,安徽省芜湖市镜湖区中山北路八佰伴三楼嘿鹿鹿主题乐园,31.3544760,118.4314070,maimai_dx,,,wahlap
噜彼熊嘉年华北京东城店,北京市东城区东直门外大街48号东方银座商场三层L3-10-11-12,39.9256500,116.4067170,chunithm;maimai_dx,,,wahlap
噜彼熊电玩嘉年华 Rubi Bear Gaming Carnival,"L3 Floor, Oriental Yinzuo Mall, No.48 Dongzhimen Outer Street Dongcheng District Beijing Beijing, 100027, Beijing",39.9387930,116.4292699,chunithm;maimai_dx;other;taiko,,chunithm:2;maimai_dx:2;taiko:3,ziv
噜彼熊电玩嘉年华(华联万柳),"2F North Side, BHG Mall Wanliu, No.2 Bagou Road, Haidian Subdist Beijing, China Beijing Beijing, 100080, Beijing",39.9717062,116.2889774,chunithm;maimai_dx;taiko,,chunithm:2;maimai_dx:2;taiko:1,ziv
噜彼熊电玩嘉年华万柳店,北京市海淀区巴沟路2号万柳华联购物中心二层,39.9420000,116.4360000,chunithm;iidx;maimai_dx;other;sdvx;taiko,,chunithm:2;iidx:1;maimai_dx:2;sdvx:2;taiko:3,wahlap;bemanicn;ziv
噜彼熊营口站前万达店,辽宁省营口市站前区万达广场F4-B-B,40.6260250,122.2173180,maimai_dx,,,wahlap
噜彼熊超级乐园（营口万达店）,辽宁省营口市站前区万达商业广场娱乐楼4F_B-B,40.6256670,122.2111090,maimai_dx;other;taiko,,maimai_dx:1;taiko:1,bemanicn
四隆主题公园,东山街33号甲四隆广场4楼,41.1033700,122.9834910,maimai_dx;other,,maimai_dx:1,bemanicn
团结之力广州白云同德围店,广东省广州市白云区同德围西槎路96号新都汇购物广场商场2楼,23.1317830,113.2551030,maimai_dx,,,wahlap
国士无双智竞馆南山店,向南瑞峰商业广场4066号,22.5277154,113.9207768,taiko,,taiko:1,bemanicn;ziv
国贸电玩城,东山大道106号国贸大厦7楼,30.6972150,111.2794720,other,,,bemanicn
图灵欢乐城绍兴柯桥店,浙江省绍兴市柯桥区钱清街道金帝星隆城三楼3022/3022一3,30.0569620,120.5767160,maimai_dx;taiko,,maimai_dx:1;taiko:1,wahlap;bemanicn
图腾广场玩游引力,四川省广元市利州区北街与市场街交叉口东南角图腾海博春天中心广场,32.4404360,105.8405570,maimai_dx,,maimai_dx:1,bemanicn
圣斗士电玩城嫩江时代广场店,嫩江市嫩興路199號時代廣場七樓,50.2432940,127.5127870,taiko,,taiko:1,bemanicn
地一城宇宙英雄游乐体验中心,辽宁省大连市金州区向应广场地下城A区B1门口地一城宇宙英雄(金州地一城店),38.9133810,121.6049020,maimai_dx,,maimai_dx:1,bemanicn
地心王国,民主路地下商场,26.8615670,100.2203980,other;taiko,,taiko:1,bemanicn
坦克哥潮玩运动中心淄博傅家淄博客运中心店,山东省淄博市淄博经济开发区傅家镇昌国西路125号淄博客运中心1号楼2层,36.8167040,118.0471490,maimai_dx,,,wahlap
坦克哥潮玩运动中心（客运站店）,淄博客运中心西侧2楼,36.8151460,118.0456270,maimai_dx,,maimai_dx:1,bemanicn
坪山百佳华佳漾里奇妙之城,坪山百佳华佳漾里奇妙之城,22.5499710,114.0560040,maimai_dx,,maimai_dx:1,bemanicn
城东美颂电玩地带,"安吉大道与玉磬路交叉口东180米 城东美颂广场 Hu Zhou Shi Zhe Jiang Sheng, 313399, Hu Zhou Shi",30.6218577,119.7028685,maimai_dx,,,ziv
城市NiCOLE张家界永定中商广场店,湖南省张家界市永定区中商广场三楼城市NiCOLE,29.1206200,110.4703070,chunithm;maimai_dx;taiko,,chunithm:2;maimai_dx:1;taiko:1,wahlap;bemanicn
城市Nicole潮玩街区(奇峰店),永定区永定街道办事处崇实社区(奇峰广场)商场3层L333号,29.1219530,110.4792430,jubeat;maimai_dx;taiko,,jubeat:2;maimai_dx:1;taiko:1,bemanicn
城市动力珠海香洲弘桥商城店,广东省珠海市香洲区南屏镇南湾北路弘桥商城一楼城市动力动漫娱乐中心,22.2725250,113.5674150,maimai_dx,,maimai_dx:1,wahlap;bemanicn
城市宝贝,酃湖万达广场三楼,26.8963780,112.5619810,maimai_dx,,maimai_dx:1,bemanicn
城市宝贝衡阳珠晖万达广场店,湖南省衡阳市珠晖区酃湖万达广场3楼城市宝贝,26.8974810,112.5612480,maimai_dx,,,wahlap
城市家年华家庭娱乐中心,迎宾大道信宜东汇城二楼,21.6661160,110.9262530,other,,,bemanicn
城市家年华江门鹤山广场店,广东省江门鹤山市鹤山广场,22.5821540,113.0720570,maimai_dx,,,wahlap
城市星空,徽州大道与紫云路交口方圆荟B区/C区3层,31.8219250,117.2179140,maimai_dx,,maimai_dx:1,bemanicn
城市星空亳州方圆荟店,安徽省亳州市高新区养生大道与神农大道交叉口西北角方圆荟购物中心四楼城市星空,33.8492270,115.7752590,maimai_dx,,,wahlap
城市星空南京六合区,江苏省南京市六合区龙湖天街三楼城市星空,32.0641160,118.7861310,maimai_dx,,,wahlap
城市星空合肥包河店,安徽省合肥市包河区滨湖新区方圆荟3楼C区城市星空动漫体验中心,31.8225660,117.2269780,maimai_dx,,,wahlap
城市星空合肥北城店,安徽省合肥市长丰县双墩镇北城世纪城购物中心四楼城市星空店,31.8272200,117.2226700,maimai_dx,,,wahlap
城市星空合肥高新龙湖天街店（原明日世界）,高新区龙湖天街4楼,31.8176990,117.2211390,maimai_dx,,maimai_dx:1,bemanicn
城市星空家庭娱乐中心（兰溪宝龙广场店）,振兴路299号兰溪宝龙广场M1-L3-027号商铺,29.0838950,119.6451330,maimai_dx,,maimai_dx:1,bemanicn
城市星空家庭娱乐中心（利辛七彩世界店,安徽省亳州市利辛县城关镇七彩世界三楼,33.8491620,115.7711730,maimai_dx,,maimai_dx:1,bemanicn
城市星空武汉汉阳店,湖北省武汉市汉阳区方圆荟奥莱5号门3楼城市星空,30.5940450,114.3023360,chunithm;maimai_dx,,chunithm:2;maimai_dx:1,wahlap;bemanicn
城市星空淮南恒太城店,安徽省淮南市寿县恒太城3楼城市星空,32.5906050,117.0164460,maimai_dx,,,wahlap
城市星空电玩城（合肥北城店）,安徽省合肥市长丰县蒙城北路与双墩路交叉口北城世纪金源购物中心b栋4楼,31.8234270,117.2185840,maimai_dx,,maimai_dx:1,bemanicn
城市星空电玩（南京六合天街店）,雄州街道景兰路2号龙湖南京六合天街A-3F-16号,32.0663430,118.7894670,chunithm;maimai_dx,,chunithm:2;maimai_dx:1,bemanicn
城市星空蒙城方圆荟店,安徽省亳州市蒙城县方圆荟三楼城市星空,33.8441030,115.7746420,maimai_dx,,maimai_dx:1,wahlap;bemanicn
城市星空金华兰溪店,浙江省金华市兰溪市宝龙广场3楼城市星空,29.0856980,119.6435000,maimai_dx,,,wahlap
城市星空阜阳商厦时代店,安徽省阜阳市颍州区阜南路与颍河西路交汇处商厦时代广场四楼城市星空电玩娱乐中心,32.8903110,115.8081130,maimai_dx,,maimai_dx:1,wahlap;bemanicn
城市星空阜阳颍上幸福恒太店,安徽省阜阳市颍上县慎城镇幸福恒太城4楼城市星空动漫城,32.8929150,115.8123040,maimai_dx,,,wahlap
城市星空驻马平舆店,河南省驻马店市平舆县解放街中段爱家购物中心三楼南区11号城市星空,33.0174590,114.0195610,maimai_dx,,,wahlap
城市星空（淮河路步行街店）前电玩狮,淮河路步行街百盛斜对面,31.8209750,117.2198000,maimai_dx,,maimai_dx:2,bemanicn
城市星空（瑶海万达店）,方庙街道临泉东路第277号万达广场2楼,31.8236770,117.2162690,maimai_dx,,maimai_dx:1,bemanicn
城市猎人,明水大街维华商业广场一楼，地下大润发超市附近,36.6559030,117.1140290,other;taiko,,taiko:1,bemanicn
城市猩球(唐商广场店),沿河南路(侨中路)唐商广场商业11号(2层Z209商铺),23.6563270,116.6189200,maimai_dx,,maimai_dx:1,bemanicn
城市猩球东莞长安店,广东省东莞市长安镇长安长青南路303号3栋106室,23.0216300,113.7477290,maimai_dx,,maimai_dx:1,wahlap;bemanicn
城市猩球潮州饶平唐商广场店,广东省潮州市饶平县黄冈镇沿河南路唐商广场商业11号（2层Z209商铺）,23.6631290,116.6164480,maimai_dx,,,wahlap
城市玩家张家口人民公园店,河北省张家口市宣化区人民公园东门城市玩家,40.7690480,114.8766430,maimai_dx,,,wahlap
城市玩家通辽科尔沁太平洋店,内蒙古通辽市科尔沁区太平洋商场一楼城市玩家大乐场,43.6468090,122.2353070,chunithm;maimai_dx,,,wahlap
城市玩家（阜阳颍泉店）,香港财富广场新天地购物中心四楼A29号,32.8900830,115.8111490,maimai_dx,,maimai_dx:1,bemanicn
城市英雄 Party House (津南吾悦店),"3F, Jinnan Wuyue Plaza, Xianshuigu Town Jinnan District Tianjin Tianjin, 300350, Tianjin",38.9776880,117.3682450,chunithm;maimai_dx;taiko,,chunithm:2;maimai_dx:2;taiko:1,ziv
城市英雄 Party House（海淀大悦城店）,"海淀大悦城3F Haiding District Beijing Beijing, 100089, Beijing",40.0892927,116.2228526,jubeat;maimai_dx;other;taiko,,jubeat:2;maimai_dx:2;taiko:2,ziv
城市英雄(湘江新区永旺梦乐城店),永旺梦乐城湘江新区店3楼,28.2361110,112.9336020,chunithm;maimai_dx;taiko,,chunithm:2;maimai_dx:4;taiko:2,bemanicn
城市英雄(银盆岭万达店),长沙市岳麓区银盆岭万达广场3楼,28.2341470,112.9365220,maimai_dx;taiko,,maimai_dx:1;taiko:1,bemanicn
城市英雄(长沙万象城店),桐梓坡路万象城L553号店铺,28.2269800,112.9352040,chunithm;maimai_dx;taiko,,chunithm:2;maimai_dx:3;taiko:1,bemanicn
城市英雄(长沙北辰荟店),湘江北路1500号长沙北辰荟3F,28.2275900,112.9349520,chunithm;maimai_dx;taiko,,chunithm:2;maimai_dx:4;taiko:2,bemanicn
城市英雄(长沙德思勤店),湘府中路18号德思勤城市广场四季汇购物中心北馆三层L3-19号,28.2301140,112.9380730,jubeat;maimai_dx;taiko,,jubeat:2;maimai_dx:2;taiko:1,bemanicn
城市英雄(长沙梅溪湖新天地店),枫林三路1099号步步高梅溪湖新天地B1层,28.2341870,112.9314170,chunithm;maimai_dx;taiko,,chunithm:2;maimai_dx:3;taiko:2,bemanicn
城市英雄(长沙金茂览秀城店),湖南省长沙市岳麓区梅溪湖路金茂览秀城LG层LG28号,28.2298450,112.9313820,jubeat;maimai_dx;taiko,,jubeat:2;maimai_dx:3;taiko:2,bemanicn
城市英雄game one,深圳市宝安区创业二路深圳大悦城,22.5721702,113.8974404,chunithm;jubeat;maimai_dx;other;taiko,,chunithm:2;jubeat:2;maimai_dx:4;taiko:5,bemanicn;ziv
城市英雄Party House(印象城),"3th Floor, INCITY(印象城), No.33 Rd. Weiyang Weiyang District Xi'an Shannxi, 710016, Xi'an",34.2963223,108.9431709,maimai_dx;other;taiko,,maimai_dx:1;taiko:2,ziv
城市英雄Party House(熙地港),"5th Floor, CityOn(熙地港), Rd. Weiyang Weiyang District Xi'an Shannxi, 710018, Xi'an",34.3402935,108.9402983,chunithm;jubeat;maimai_dx;other;taiko,,chunithm:2;jubeat:2;maimai_dx:2;taiko:2,ziv
城市英雄Party House(龙湖新荣天街店),"后湖大道355号新荣天街A-4F-25,A-4F-26,A-4F-27",30.5924920,114.2951760,jubeat;maimai_dx;taiko,,jubeat:2;maimai_dx:2;taiko:1,bemanicn
城市英雄Party House(龙湖滨江天街店),和平大道659号龙湖武汉滨江天街4层13、14、15、16号商铺,30.5917940,114.2988530,chunithm;maimai_dx;taiko,,chunithm:2;maimai_dx:3;taiko:1,bemanicn
城市英雄Party house（张家港店）,江苏省苏州市张家港市吾悦广场二楼城市英雄,31.2992400,120.5788500,maimai_dx;other;taiko,,maimai_dx:1;taiko:1,bemanicn
城市英雄Party house（淮安店）,生态文旅区吾悦广场2楼,33.5530760,119.1022200,jubeat;maimai_dx;taiko,,jubeat:2;maimai_dx:1;taiko:1,bemanicn
城市英雄PartyHouse(南昌吾悦广场店),江西省南昌市新建区长堎镇长堎大道666号新城吾悦广场2层2027商铺（南昌聚会屋娱乐有限公司）,28.6833840,115.8552450,chunithm;maimai_dx;taiko,,chunithm:2;maimai_dx:2;taiko:1,bemanicn
城市英雄PartyHouse(南昌大悦城店),江西省南昌市西湖区抚生南路666号南昌大悦城L4层城市英雄,28.6370879,115.8581144,chunithm;maimai_dx;other;taiko,,chunithm:2;maimai_dx:3;taiko:1,bemanicn;ziv
城市英雄佛山顺德店,广东佛山顺德区大信新都汇3楼城市英雄,23.0233870,113.1215860,maimai_dx,,,wahlap
城市英雄动漫城（无限城店）,无限城购物中心六楼,34.7516480,113.6169750,other,,,bemanicn
城市英雄北京海淀大悦城店,北京市海淀区西北旺海淀大悦城3楼城市英雄,39.9569980,116.2960900,jubeat;maimai_dx;taiko,,jubeat:2;maimai_dx:2;taiko:2,wahlap;bemanicn
城市英雄南宁江南万达店,广西省南宁市江南万达二楼,22.8222000,108.3646210,chunithm;maimai_dx;taiko,,chunithm:2;maimai_dx:4;taiko:1,wahlap;bemanicn
城市英雄南昌大悦城店,江西省南昌市西湖区抚生南路666号南昌大悦城L4层城市英雄,28.6898530,115.8491020,maimai_dx,,,wahlap
城市英雄南昌店,"长堎大道与子实路交叉口新建新城吾悦广场2楼 Nanchang Shi Jiangxi Sheng, Nanchang Shi",28.6859008,115.8005668,chunithm;maimai_dx;other;taiko,,chunithm:2;maimai_dx:2;taiko:1,ziv
城市英雄司门口店,湖南省长沙市解放西路147号,28.2333920,112.9359570,chunithm;maimai_dx;taiko,,chunithm:2;maimai_dx:4;taiko:2,wahlap;bemanicn
城市英雄天津津南吾悦广场店,天津市津南区吾悦广场三楼城市英雄,38.9336580,117.3487340,chunithm;maimai_dx;taiko,,chunithm:2;maimai_dx:2;taiko:1,wahlap;bemanicn
城市英雄宁波吾悦店,城市英雄(宁波新城吾悦广场店),29.8635420,121.6233420,jubeat;maimai_dx;taiko,,jubeat:1;maimai_dx:1;taiko:1,bemanicn
城市英雄宁波镇海吾悦广场店,浙江省宁波市镇海区新城吾悦广场三层城市英雄party house,29.8636990,121.6157050,maimai_dx,,,wahlap
城市英雄安徽黄山店,安徽省黄山市歙县颐高广场2楼,29.7187880,118.3308210,maimai_dx,,,wahlap
城市英雄岳阳步行街店,湖南省岳阳市岳阳楼区步行街康星百货负一楼,29.3559480,113.1218500,maimai_dx,,,wahlap
城市英雄常州天宁吾悦广场店,江苏省常州市天宁区吾悦广场三楼,31.8115330,119.9725660,jubeat;maimai_dx;taiko,,jubeat:2;maimai_dx:1;taiko:1,wahlap;bemanicn
城市英雄广州番禺K11店,广东省广州市番禺区钟村街汉溪大道东住178号三层自编L332、L333号商铺,23.1283890,113.2575960,chunithm;maimai_dx;taiko,,chunithm:4;maimai_dx:4;taiko:3,wahlap;bemanicn
城市英雄广州番禺万达店,广东省广州市番禺区南村镇兴南大道万达广场二楼城市英雄,23.1333760,113.2615720,chunithm;maimai_dx;taiko,,chunithm:2;maimai_dx:3;taiko:1,wahlap;bemanicn
城市英雄张家港吾悦广场店,江苏省苏州市张家港市杨舍镇金港大道338号吾悦广场14幢2层219,31.3065480,120.5802420,maimai_dx,,,wahlap
城市英雄慈溪吾悦广场店,浙江省慈溪市浒山街道新城大道南路新城吾悦广场3001/3050,29.8650780,121.6150100,maimai_dx;other;taiko,,maimai_dx:1;taiko:1,wahlap;bemanicn
城市英雄扬州邗江吾悦广场店,江苏省扬州市邗江区竹西路23号扬州新城吾悦广场二层2002-1商铺,32.3947380,119.4089010,jubeat;maimai_dx;taiko,,jubeat:1;maimai_dx:1;taiko:1,wahlap;bemanicn
城市英雄星沙吾悦店,湖南省长沙市长沙县松雅湖吾悦广场3楼3005号商铺,28.2321080,112.9359410,jubeat;maimai_dx;taiko,,jubeat:2;maimai_dx:3;taiko:1,wahlap;bemanicn
城市英雄春天百货店,湖南省长沙市天心区春天百货负一楼城市英雄电玩,28.2289050,112.9332210,chunithm;maimai_dx;taiko,,chunithm:2;maimai_dx:5;taiko:4,wahlap;bemanicn
城市英雄株洲店,"1077号-1083号 Xin Hua Xi Lu Zhuzhou Shi Hunan Sheng, 412000, Zhuzhou Shi",27.8370973,113.1511552,gitadora;jubeat;maimai_dx;other,,gitadora:2;jubeat:1;maimai_dx:1,ziv
城市英雄株洲芦淞店,湖南省株洲市芦淞区美佳you范mall-3楼城市英雄,27.8293310,113.1234810,maimai_dx,,,wahlap
城市英雄步步高店,湖南省岳阳市步步高店,29.3600000,113.1182940,jubeat;maimai_dx;taiko,,jubeat:2;maimai_dx:1;taiko:2,wahlap;bemanicn
城市英雄武汉新荣天街店,湖北省武汉市江岸区后湖大道355号武汉新荣天街4F,30.5950340,114.3043260,maimai_dx,,,wahlap
城市英雄武汉江汉店,湖北省武汉市江汉区中山大道818号佳丽广场负一层城市英雄,30.5961190,114.3022720,maimai_dx,,,wahlap
城市英雄武汉滨江天街店,湖北省武汉市武昌区徐家棚街道滨江天街4楼城市英雄,30.5980200,114.3012430,maimai_dx,,,wahlap
城市英雄江西南昌店,江西省南昌市新建区长棱大道新城吾悦广场2楼,28.6838790,115.8519310,chunithm;maimai_dx,,,wahlap
城市英雄浙江义乌吾悦广场店,浙江省义乌市江东街道吾悦广场3楼城市英雄,29.0843800,119.6386530,jubeat;maimai_dx;taiko,,jubeat:2;maimai_dx:1;taiko:1,wahlap;bemanicn
城市英雄淮安文旅吾悦店,江苏省淮安市文旅区凤里路1号吾悦广场二楼城市英雄,33.5502300,119.1097280,maimai_dx,,,wahlap
城市英雄深圳怀德万象汇店,广东省深圳市宝安区福永街道怀德社区福永大道33号万象汇商场AL216城市英雄店铺。,22.5495660,114.0527940,chunithm;maimai_dx;taiko,,chunithm:2;maimai_dx:3;taiko:2,wahlap;bemanicn
城市英雄清远清城店,广东省清远市清城区清飞路保利广场二楼,23.6825210,113.0451950,maimai_dx,,,wahlap
城市英雄渝北龙湖礼嘉天街店,重庆市渝北区龙湖礼嘉天街A馆负一楼,29.5332650,106.4977330,maimai_dx;other;taiko,,maimai_dx:1;taiko:2,wahlap;bemanicn
城市英雄电玩,"河南省郑州市二七区西大街 郑州(Zhengzhou) 河南 (Henan), 450001, 郑州(Zhengzhou)",34.7518012,113.6677963,iidx;jubeat;other;reflec;taiko,,iidx:1;jubeat:2;reflec:2;taiko:1,ziv
城市英雄电玩(汉口店),"江汉区中山大道818号佳丽广场B1楼HAPPY站台 武汉(Wuhan) 湖北(Hubei), 武汉(Wuhan)",30.5788101,114.2911336,jubeat;maimai_dx;other,,,ziv
城市英雄石家庄市桥西勒泰店,河北省石家庄市桥西区城角街勒泰广场三楼城市英雄,38.0392420,114.5073660,maimai_dx,,,wahlap
城市英雄芜湖弋江银泰城店,安徽省芜湖市弋江区银泰城2楼城市英雄电玩,31.3498430,118.4281810,maimai_dx,,,wahlap
城市英雄衡阳解放路店,湖南省衡阳市石鼓区解放路26号,26.8984950,112.5697020,maimai_dx,,,wahlap
城市英雄西安熙地港店,陕西省西安市未央区凤城七路熙地港购物中心五楼,34.3464310,108.9311870,chunithm;maimai_dx;taiko,,chunithm:2;maimai_dx:2;taiko:1,wahlap;bemanicn
城市英雄西安龙首印象城店,陕西省西安市未央区未央路33号龙首印象城三楼,34.3459630,108.9377700,jubeat;maimai_dx;taiko,,jubeat:1;maimai_dx:1;taiko:2,wahlap;bemanicn
城市英雄赣州店,江西省赣州市章贡区红旗大道33号步步高新天地四楼,25.8320210,114.9270980,chunithm;maimai_dx;taiko,,chunithm:2;maimai_dx:2;taiko:1,wahlap;bemanicn
城市英雄郴州友阿店,湖南省郴州市北湖区同心路1号友阿国际广场街区1F城市英雄,25.7742890,113.0080210,jubeat;maimai_dx;taiko,,jubeat:2;maimai_dx:2;taiko:1,wahlap;bemanicn
城市英雄重庆龙湖时代天街店,重庆市渝中区大坪龙湖时代天街A馆UG层,29.5536310,106.5658490,chunithm,,,wahlap
城市英雄长春南关活力城店,长春市南关区重庆路与大经路交汇活力城四楼徐氏城市英雄,43.8116540,125.3144110,maimai_dx,,,wahlap
城市英雄长沙岳麓万象城店,湖南省长沙市岳麓区万象城L5 553城市英雄,28.2305080,112.9387890,chunithm;maimai_dx,,,wahlap
城市英雄长沙岳麓万达店,长沙岳麓区银盆岭街道岳麓大道57号万达广场3号口3层3-1.3-2号城市英雄商铺,28.2357860,112.9307560,maimai_dx,,,wahlap
城市英雄长沙岳麓金茂店,湖南省长沙市岳麓区天顶街道金茂览秀城LG层28号,28.2359080,112.9322310,maimai_dx,,,wahlap
城市英雄长沙店,"中国湖南省长沙市黄兴中路92号 Changsha Shi Hunan Sheng, Changsha Shi",28.1935426,112.9760110,iidx;jubeat;other;reflec,,,ziv
城市英雄长沙开福北辰荟店,湖南省长沙市开福区湘江路1500号北辰荟购物中心3楼,28.2281210,112.9319350,chunithm;maimai_dx,,,wahlap
城市英雄长沙梅溪湖步步高店,湖南省长沙市岳麓区梅溪湖步步高负一层城市英雄,28.2310040,112.9286030,chunithm;maimai_dx,,,wahlap
城市英雄长沙永旺梦乐城店,湖南省长沙市湘江新区永旺梦乐城3楼332城市英雄电玩馆,28.2344180,112.9376400,chunithm;maimai_dx,,,wahlap
城市英雄长沙珠江店,湖南省长沙市开福区福元西路珠江星环2楼2001,28.2288780,112.9344790,maimai_dx;other;taiko,,maimai_dx:1;taiko:1,wahlap;bemanicn
城市英雄长沙荟聚店,湖南省长沙市岳麓区洋湖街道潭州大道宜家荟聚购物中心三楼,28.2291920,112.9298470,jubeat;maimai_dx;taiko,,jubeat:2;maimai_dx:3;taiko:2,wahlap;bemanicn
城市英雄长沙雨花喜盈门店,湖南省长沙市雨花区喜盈门范城3-8栋G层B1-326号城市英雄,28.2359730,112.9316110,jubeat;maimai_dx;taiko,,jubeat:2;maimai_dx:2;taiko:2,wahlap;bemanicn
城市英雄长沙雨花德思勤店,湖南省长沙市雨花区湘府中路18号德思勤城市广场三楼,28.2322510,112.9384850,maimai_dx,,,wahlap
城市英雄顺德大信·新都汇店,大良街道彩虹路大信·新都汇3楼L3007号,23.0265720,113.1179120,jubeat;maimai_dx;taiko,,jubeat:1;maimai_dx:2;taiko:2,bemanicn
城市英雄（勒泰广场店）,桥西区城角街672号勒泰广场3楼,38.0449220,114.5084150,maimai_dx,,maimai_dx:1,bemanicn
城市英雄（株洲美佳/汉华国际店）,建设南路338号美佳YOUNG范MALL商业楼三楼,27.8365170,113.1255440,maimai_dx,,maimai_dx:1,bemanicn
城市英雄（歙县店）,颐高购物广场2楼最里面,29.7162990,118.3382700,maimai_dx,,maimai_dx:1,bemanicn
城市英雄（清远保利广场店）,清飞路与学文路交叉路口西南角保利广场2楼,23.6833290,113.0468100,maimai_dx,,maimai_dx:2,bemanicn
城市英雄（芜湖银泰店）,银泰百货2楼,31.3534140,118.4306350,maimai_dx,,maimai_dx:1,bemanicn
城市英雄（茂业摩尔城店）,新华东街62号茂业摩尔城A座L11层（新华东街与东影南路交汇处长乐宫东）,40.8381170,111.7381750,other;taiko,,taiko:1,bemanicn
城市英雄（鹤山）,鹤山广场三楼电梯门口,22.5821270,113.0736050,maimai_dx;other,,maimai_dx:1,bemanicn
城市部落动漫城（祁阳步步高新天地店）,椒山北路步步高新天地广场G层,26.4215150,111.6080740,maimai_dx,,maimai_dx:1,bemanicn
城市部落家庭欢乐中心（祁东友阿广场店）,友阿广场1栋3层1201店铺,26.9008860,112.5618890,chunithm;maimai_dx,,chunithm:2;maimai_dx:2,bemanicn
城市部落永州祁阳店,湖南省永州市祁阳县浯溪街道椒山北路与滨湖路交叉口新天地G层城市部落动漫游戏体验中心,26.4214040,111.6060790,maimai_dx,,,wahlap
城市部落衡阳祁东友阿广场店,湖南省衡阳市祁东县友阿广场城市部落,26.8945860,112.5660520,chunithm;maimai_dx,,,wahlap
城市阳光动漫城,二道街98东南方向71米,45.8027690,126.5344100,taiko,,taiko:1,bemanicn
堡窝,江苏省徐州市鼓楼区华联大厦B座24层C1,34.2031760,117.2749660,chunithm;maimai_dx;ongeki,,chunithm:2;maimai_dx:2;ongeki:1,bemanicn
墨窝,贵州省毕节市黔西市水西半岛七栋一单元,27.2849920,105.2876940,chunithm;maimai_dx,,chunithm:1;maimai_dx:1,bemanicn
壹冠乐园,福源北路6号三角壹加壹商场壹冠乐园,22.5191350,113.3926270,other,,,bemanicn
壹加壹潮玩,雪峰广场西入口系惠泰超市下层-1楼,27.2475820,111.4620420,maimai_dx,,maimai_dx:1,bemanicn
壹加壹潮玩(陆川店),温泉镇地王广场3楼,22.6561150,110.1805490,maimai_dx,,maimai_dx:1,bemanicn
壹加壹潮玩贵港平南通泰百货店,贵港市平南县平南街道朝阳大道通泰百货超市一楼主通道右边,23.1173760,109.5973880,maimai_dx,,,wahlap
壹加壹潮玩邵阳洞口步步高店,湖南省邵阳市洞口县步步高超市负一楼壹加壹潮玩,27.2465540,111.4614890,maimai_dx,,,wahlap
壹加壹潮玩（平南店）,广西壮族自治区贵港市平南县朝阳通泰百货一楼壹加壹潮玩（平南店）,23.1184540,109.5924030,maimai_dx,,maimai_dx:1,bemanicn
壹加壹潮玩（浮梁店）,新昌北路宝鼎盛世一楼大润发超市对面,29.2751390,117.1756150,taiko,,taiko:1,bemanicn
壹加壹玉林陆川店,广西壮族自治区玉林市陆川县温泉镇地王广场3楼壹加壹潮玩,22.6610690,110.1782970,maimai_dx,,,wahlap
壹号玩家(遂宁万达广场店),四川省遂宁市船山区香林南路300号遂宁万达广场三楼,30.5351990,105.5948850,maimai_dx,,maimai_dx:1,bemanicn
壹号玩家上海浦东店,上海市浦东新区航头镇鹤雷路319号3层301-310号壹号玩家电玩城,31.2269510,121.5413620,maimai_dx,,,wahlap
壹号玩家动漫城 Player No.1（航头浦乐汇店）,"Shops 301-310, 3F, Pulehui Mall, No.319 Helei Road, Hangtou Town Pudong New District Shanghai Shanghai, 201317, Shanghai",31.0800970,121.5888652,maimai_dx;other;taiko,,,ziv
壹号玩家动漫城（航头浦乐汇店）,上海市浦东新区鹤雷路319号3层301-310号,31.2260460,121.5379800,maimai_dx;taiko,,maimai_dx:1;taiko:1,bemanicn
壹号玩家遂宁河东新万达广场店,遂宁市河东新区万达广场3F壹号玩家,30.5364730,105.5934510,maimai_dx,,,wahlap
壹城潮玩榆林绥德联丰百货店,陕西省榆林市绥德县文化广场联丰百货二楼,38.2854480,109.7310650,maimai_dx,,,wahlap
壹城潮玩济南章丘世茂广场店,山东省济南市章丘区世茂广场L301铺,36.6505280,117.1193850,maimai_dx,,maimai_dx:2,wahlap;bemanicn
壹城潮玩电玩城聊城店,山东省聊城市高新技术开发区东昌东路177号当代购物中心四楼,36.4527090,115.9782030,maimai_dx,,maimai_dx:1,wahlap;bemanicn
壹城电玩,绥德县文化广场二楼壹城电玩,38.2861700,109.7233820,maimai_dx,,maimai_dx:1,bemanicn
壹家庭游乐园临沂店,山东省临沂市兰山区泰盛广场3楼壹家庭游乐园,35.1048780,118.3546940,chunithm;maimai_dx,,,wahlap
壹家庭游乐园宁波店,浙江省宁波市北仑区富邦世纪D区3楼3031号壹家庭游乐园,29.8672800,121.6239190,maimai_dx;taiko,,maimai_dx:1;taiko:1,wahlap;bemanicn
壹玖玖娱乐馆,赤马港街道社区河北大道97号怡景大楼,29.8429020,114.3116240,maimai_dx,,maimai_dx:1,bemanicn
壹玖玖娱乐馆咸宁赤壁怡景大楼店,湖北省咸宁市赤壁市赤马港街道大桥社区河北大道97号怡景大楼,29.8449160,114.3194830,maimai_dx,,,wahlap
壹耀娱乐佛山高明店,广东省佛山市高明区荷城街道沧江路423号中港城3楼8-11号铺壹耀娱乐,23.0209760,113.1204600,chunithm;maimai_dx,,,wahlap
壹耀娱乐潮玩体验中心,荷城街道沧江路423号中港城3楼8-11号,23.0264950,113.1118120,chunithm;maimai_dx;taiko,,chunithm:2;maimai_dx:2;taiko:1,bemanicn
壹零壹嘻游大玩家郑州金水店,河南省郑州市金水区正弘城6楼店壹零壹嘻游大玩家,34.7475540,113.6168740,chunithm;maimai_dx,,,wahlap
壹零壹渭南临渭吾悦店,陕西省渭南市临渭区杜桥街道渭南吾悦广场5楼101潮漫,34.5197840,109.4631160,maimai_dx,,,wahlap
壹零壹潮漫万家丽负一楼店（偶予电玩）,湖南省长沙市芙蓉区东沌渡街道万家丽中路一段99－101号B1楼B42&B43－1号商铺,28.2307300,112.9377400,chunithm;maimai_dx,,,wahlap
壹零壹潮漫九江濂溪店,江西省九江市濂溪区青年路818号九江十里万达4F壹零壹潮漫电玩娱乐中心,29.6607180,115.9455280,maimai_dx,,,wahlap
壹零壹潮漫南宁西乡塘万达店,广西南宁市西乡塘区大学东路万达广场三楼壹零壹潮漫电玩,22.8210870,108.3643030,maimai_dx,,,wahlap
壹零壹潮漫电玩南昌印象城店,江西省南昌印象城壹零壹潮漫电玩,28.6838490,115.8548460,chunithm,,,wahlap
壹零壹潮漫电玩郴州北湖锦马时代店,湖南省郴州市北湖区锦马时代三楼super101电玩城,25.7718980,113.0051060,maimai_dx,,,wahlap
壹零壹电玩城 Super101 (新华广场店),"Zone H, European Town, Xinhua Square Underground Shopping Street Xilingol North Rd., Xincheng District Hohhot Inner Mongolia, 010020, Hohhot",40.8180436,111.6612947,jubeat;maimai_dx;other,,,ziv
夏娃迪卡动漫城,广东省茂名市茂南区茂南大道东163号大院6号爱琴海购物公园三层,21.6668550,110.9169560,maimai_dx;other,,maimai_dx:1,bemanicn
夏娃迪卡茂名茂南店,广东省茂名市茂南区茂南大道163号大院6号爱琴海购物公园三楼3019-3025号铺位,21.6635450,110.9181050,maimai_dx,,,wahlap
夏意乐园,荔城府佑路98号东汇城2层268（大润发出口）,23.1305750,113.2600210,maimai_dx;other,,maimai_dx:1,bemanicn
夏意乐园动漫城增城店,广东省广州市增城区东汇城大润发二楼出口,23.1280730,113.2595280,maimai_dx,,,wahlap
夏津县酷动乐园,夏津县泰和街夏津德百广场四楼酷动乐园,37.4406080,116.3530060,maimai_dx,,maimai_dx:1,bemanicn
夏邑玩美商丘夏邑未来城店,河南省商丘市夏邑县城关镇和谐大道6号北辰未来城二楼2-12号夏邑玩美,34.4201860,115.6481480,maimai_dx,,,wahlap
多乐世界,乐都汇4L多乐世界,39.8898810,119.5127690,maimai_dx;other;taiko,,maimai_dx:1;taiko:1,bemanicn
多乐世界秦皇岛海港店,河北省秦皇岛市海港区乐都汇4层多乐世界,39.8897240,119.5129860,maimai_dx,,,wahlap
多乐潮流空间,睢阳区帝和-时代中心三楼东侧多米乐家庭娱乐中心,34.4188110,115.6449060,other,,,bemanicn
多咪乐乐教园,民生路惠丰超市二楼,23.9089490,106.6126740,taiko,,taiko:1,bemanicn
多多爱台州温岭店,浙江省台州市温岭市大溪镇多方里商场二楼,28.6546320,121.4124860,maimai_dx,,,wahlap
多奇妙儿童乐园,江苏省镇江市丹阳市金陵西路88号新城吾悦广场3F,32.1902160,119.4225500,maimai_dx,,maimai_dx:1,bemanicn
多奇妙儿童乐园(高新吾悦店),新城吾悦广场(高新店),28.6907550,115.8505660,maimai_dx,,maimai_dx:1,bemanicn
多拉贡,威威步行街C区2C61（张妈小吃二楼）,21.6691050,110.9224120,chunithm;maimai_dx;taiko,,chunithm:2;maimai_dx:1;taiko:1,bemanicn
大世界潮玩娱乐,徐闻县国贸广场2-3层,21.2751500,110.3514990,maimai_dx;taiko,,maimai_dx:1;taiko:1,bemanicn
大世界西安太白印象城店,陕西省西安市碑林区二环南路太白印象城 L2-11号,34.3414590,108.9331950,maimai_dx,,,wahlap
大乐橙威海欧乐坊店,世昌大道268号欧乐坊商业广场一楼184号,37.5110010,122.1123570,jubeat;maimai_dx,,jubeat:1;maimai_dx:1,bemanicn
大乐橙山东威海环翠店,山东省威海市环翠区世昌大道268号欧乐坊,37.5072160,122.1156810,maimai_dx,,,wahlap
大乐荟潮玩西安高新店,陕西省西安市高新区科技路50号金桥国际广场b_c商业一层,34.3467680,108.9369350,maimai_dx,,maimai_dx:1,wahlap;bemanicn
大乐魔潮玩星球黄石摩尔城店,湖北省黄石市黄石摩尔城中商广场四楼,30.2038200,115.0298260,chunithm,,chunithm:2,wahlap;bemanicn
大兵小将石家庄桥西店,河北省石家庄市桥西区西美花街生活工场二楼西头,38.0419140,114.5060450,maimai_dx,,,wahlap
大兵小将（西美花街店）,红旗大街西美·花街生活工场2楼西头,38.0374090,114.5083150,maimai_dx;other,,maimai_dx:2,bemanicn
大凡曲靖麒麟店,云南省曲靖市麒麟区寥廓南路218美食城旁大凡欢乐馆,25.4897460,103.7912200,maimai_dx,,,wahlap
大凡欢乐馆,云南省曲靖市麒麟区寥廓南路218美食城旁大凡欢乐馆,25.4966120,103.7979870,maimai_dx,,maimai_dx:1,bemanicn
大同乐其潮玩,星茂汇负一层,40.0959030,113.3642170,maimai_dx;taiko,,maimai_dx:2;taiko:1,bemanicn
大嘴猴哈尔滨铜锣湾店,黑龙江省哈尔滨市道里区群力第五大道518号铜锣湾广场115号,45.8023610,126.5320800,maimai_dx,,,wahlap
大埔桌球娱乐城 i-game,大埔安祥路2号李福林体育馆地库,22.2838160,114.1689870,chunithm;maimai_dx;taiko,,chunithm:1;maimai_dx:1;taiko:2,bemanicn
大大梦幻王国,郑州市新郑市龙湖镇龙湖万佳商业广场北侧,34.7468650,113.6130790,maimai_dx;taiko,,maimai_dx:1;taiko:1,bemanicn
大娱海棠,迎宾大道1号万科生活广场2楼,23.0218520,113.7505090,maimai_dx,,maimai_dx:1,bemanicn
大娱海棠万江店,龙湾奥特莱斯三楼,23.0206200,113.7427400,maimai_dx,,maimai_dx:1,bemanicn
大娱海棠东莞万江奥特莱店,广东东莞市万江街道新城社区万道路万江段27号龙湾奥特莱斯商场3楼大娱海棠电玩城,23.0239770,113.7424710,maimai_dx,,,wahlap
大娱海棠东莞塘厦店,广东省东莞市塘厦镇迎宾大道1号万科生活广场二楼大娱海棠电玩城,23.0233400,113.7433580,maimai_dx,,,wahlap
大娱海棠东莞大岭山润升百货店,广东省东莞市大岭山镇润升百货一楼大娱海棠电玩城,23.0236490,113.7415030,maimai_dx,,,wahlap
大娱海棠深圳龙岗天虹店,广东省深圳市龙岗区坂田街道吉华路696号天虹商场三楼大娱海棠电玩城,22.5450050,114.0563310,maimai_dx,,maimai_dx:1,wahlap;bemanicn
大家乐东莞中堂店,广东省东莞市中堂镇一村中新广场一路1号万众广场二楼,23.0279390,113.7443420,maimai_dx,,,wahlap
大家乐家庭游乐中心（东莞中堂店）,一村中新广场一路1号万众广场二楼,23.0211130,113.7471330,maimai_dx;other,,maimai_dx:1,bemanicn
大家乐超玩场,美奂广场,25.4938360,103.7919310,drs,,drs:1,bemanicn
大岭山大娱海棠,大岭山镇教育路12号1329室,23.0207150,113.7501610,maimai_dx,,maimai_dx:1,bemanicn
大明星武汉江汉世贸店,湖北省武汉市江汉区解放大道686号世贸广场7楼,30.5982800,114.2942100,chunithm;maimai_dx,,,wahlap
大明星超乐场,大新路,30.3288460,113.4397760,other;taiko,,taiko:1,bemanicn
大明星超乐场世贸店,解放大道686号武商MALL•世贸L7层,30.5992790,114.3017060,chunithm;maimai_dx;taiko,,chunithm:2;maimai_dx:1;taiko:1,bemanicn
大森林时空屋京都茂商业广场店,甘肃省兰州市皋兰县西岔镇文曲胡中心社区京都茂商业广场三楼3011,36.0591970,103.8351290,maimai_dx,,,wahlap
大森林时空屋兰州京都之星店,甘肃省兰州市兰州新区京都之星3楼,36.0628640,103.8337580,chunithm;maimai_dx;other,,chunithm:1;maimai_dx:1,wahlap;bemanicn
大森林时空屋兰州大学城店,甘肃省兰州市兰州新区大学城京都茂三楼,36.0635520,103.8299790,chunithm;maimai_dx;taiko,,chunithm:1;maimai_dx:1;taiko:1,wahlap;bemanicn
大橡电玩城,俪城MiniMall三楼,40.7842906,111.6658866,other,,,bemanicn;ziv
大海豚乐园招商花园城店,湛江经济技术开发区海滨大道北12号招商国际邮轮城40号楼,21.2705470,110.3520090,chunithm;other,,chunithm:2,wahlap;bemanicn
大海豚乐园海之音艺术中心（益华广场店）,恩平市昌大昌,22.5840700,113.0789300,other,,,bemanicn
大海豚乐园湛江霞山店,广东省湛江市霞山区新园街道人民大道南116号鼎盛广场购物中心五层大海豚乐园,21.2673940,110.3511570,maimai_dx,,,wahlap
大海豚乐园湛江鼎盛店,人民大道南116号(原址系湛江啤酒厂)F5,21.2706800,110.3496280,maimai_dx;other,,maimai_dx:2,bemanicn
大海豚（仙游三凌广场店）,柳安街1188号三凌广场2楼大海豚,25.4592350,119.0022930,taiko,,taiko:1,bemanicn
大潮玩家庭娱乐中心,建设西路2号龙之梦大都汇2楼东侧,41.6756300,123.4551690,maimai_dx;other,,maimai_dx:1,bemanicn
大潮玩沈阳铁西龙之梦店,沈阳市铁西区建设西路2号龙之梦大都汇2楼东侧大潮玩,41.6744610,123.4618400,maimai_dx,,,wahlap
大玩家,"包河万达2楼 Hefei Shi Anhui Sheng, 230069, Hefei Shi",31.8572524,117.3021314,other,,,ziv
大玩家 Super Player（西铁营万达店）,"西铁营中 Road1院 Wanda Plaza4F东侧 Fengtai District Beijing Beijing, 100071, Beijing",39.8600000,116.2900000,other,,,ziv
大玩家 （利辛万达店）,城关镇淝河大道万达广场,33.8477450,115.7691380,maimai_dx;other,,maimai_dx:1,bemanicn
大玩家(内江万晟汇店),四川省内江市东兴区汉安大道东二段555号万晟汇购物中心二层,29.5790220,105.0539350,maimai_dx,,maimai_dx:1,bemanicn
大玩家(双流万达店),四川省成都市双流区星空路999号双流万达广场F3-3038/3039大玩家(双流万达店),30.5766600,104.0610070,other,,,bemanicn
大玩家(如东中央商场店),城中街道珠江路7号如东喜润城2层,31.9830310,120.8863840,maimai_dx,,maimai_dx:1,bemanicn
大玩家(松北融创茂店),黑龙江省哈尔滨市松北区世茂大道99号融创茂3F大玩家(哈尔滨融创茂店),45.8005340,126.5249830,maimai_dx;other;taiko,,maimai_dx:1;taiko:1,bemanicn
大玩家(济南魏家庄万达店),市中区经四路5号魏家庄万达广场娱乐楼3层,36.6537380,117.1133010,other;taiko,,taiko:1,bemanicn
大玩家(西安高新万达店),木塔寨西路719号西安高新万达广场2层,34.3489640,108.9362480,maimai_dx;taiko,,maimai_dx:1;taiko:1,bemanicn
大玩家(长治万达广场店),万达广场二楼,36.1978470,113.1145040,other;taiko,,taiko:1,bemanicn
大玩家JN11太白路万达店,太白东路55号万达广场2F层,35.4125430,116.5782750,maimai_dx;other,,maimai_dx:2,bemanicn
大玩家上海周浦万达店,上海市浦东新区周浦镇周浦万达广场二楼大玩家,31.2282520,121.5407290,maimai_dx,,,wahlap
大玩家上海宝山万达店,上海市宝山区128纪念路万达广场3楼大玩家,31.4044790,121.4830720,maimai_dx,,,wahlap
大玩家上海闵行浦江万达店,上海市闵行区浦江镇永跃路浦江万达广场二楼,31.1164220,121.3729310,maimai_dx,,,wahlap
大玩家乌兰察布集宁万达店,乌兰察布市集宁区新区万达广场,40.9963580,113.1267820,maimai_dx,,maimai_dx:1,wahlap;bemanicn
大玩家乌鲁木齐万达广场店,新疆维吾尔自治区乌鲁木齐市沙依巴克区经开万达广场二楼大玩家,43.8241380,87.6089200,maimai_dx,,,wahlap
大玩家乐山市中万达店,四川省乐山市市中区万达广场三楼大玩家,29.5531440,103.7692120,maimai_dx,,,wahlap
大玩家九江濂溪万达店,江西省九江市濂溪区万达广场三楼大玩家,29.6594570,115.9479320,maimai_dx,,,wahlap
大玩家二店,"Unnamed Road Nanchang Shi Jiangxi Sheng, 330200, Nanchang Shi",28.5786505,115.7918433,maimai_dx;other,,,ziv
大玩家亳州蒙城万达店,安徽省亳州市蒙城县城关街道蒙城万达广场2楼大玩家,33.8441870,115.7742160,maimai_dx,,maimai_dx:1,wahlap;bemanicn
大玩家亳州高新万达店,安徽省亳州市高新万达广场,33.8515910,115.7707340,maimai_dx,,,wahlap
大玩家兴庆万达店,兴庆万达3楼,38.4854260,106.2253450,maimai_dx;other,,maimai_dx:1,bemanicn
大玩家内江高新万晟汇店,四川省内江市高新区汉安大道东段万晟汇购物中心一号门二楼大玩家超乐场,29.5828450,105.0588160,maimai_dx,,,wahlap
大玩家动漫娱乐中心（百盛购物中心太平桥店）,东直路118号百盛购物中心道外区太平桥店F3层,45.8012470,126.5333660,jubeat;maimai_dx;taiko,,jubeat:2;maimai_dx:2;taiko:1,bemanicn
大玩家北京丰台西铁营万达店,北京市丰台区南苑乡西铁营中路1号万达广场四层A,39.8551140,116.2815170,maimai_dx,,,wahlap
大玩家北京通州万达店,北京市通州区新华西街58号万达广场3楼大玩家,39.9138680,116.7280310,chunithm;maimai_dx,,,wahlap
大玩家北海合浦店,广西北海市合浦县廉州镇车沟底55号合浦商业中心三楼大玩家,21.4837120,109.1124810,maimai_dx,,maimai_dx:1,wahlap;bemanicn
大玩家南京建邺万达店,江苏省南京市建邺区万达广场2楼大玩家,32.0607330,118.7970170,maimai_dx,,,wahlap
大玩家南京江宁万达店,江苏省南京江宁区东山街道竹山路68号万达广场2号门2楼大玩家超乐场,32.0654400,118.7874940,maimai_dx,,,wahlap
大玩家南宁江南万达店,广西省南宁市江南区亭洪路48-1江南万达广场一号门二楼,22.8248940,108.3599330,maimai_dx,,,wahlap
大玩家南昌红谷滩万达店,江西省南昌市红谷滩区大玩家万达店,28.6836910,115.8497150,maimai_dx,,,wahlap
大玩家厦门杏林万达店,福建省厦门市集美区杏滨街道杏前路杏林万达广场2楼大玩家,24.4774120,118.0860670,maimai_dx,,,wahlap
大玩家周口文昌万达店,河南省周口市文昌大道与大庆路交叉口周口东新万达广场2F-A商铺大玩家,33.6372810,114.6918030,chunithm;maimai_dx;other,,chunithm:2;maimai_dx:1,wahlap;bemanicn
大玩家哈尔滨南岗万达店,黑龙江省哈尔滨市南岗区哈西万达广场三楼大玩家,45.8027600,126.5256200,chunithm;maimai_dx,,,wahlap
大玩家哈尔滨南岗松雷商场店,黑龙江省哈尔滨市南岗区东大直街329号松雷商场5楼大玩家,45.8011120,126.5338600,maimai_dx,,,wahlap
大玩家哈尔滨南岗红博中央公园店,黑龙江哈尔滨南岗区红旗大街33号红博中央公园B1大玩家,45.8007380,126.5334970,chunithm;maimai_dx,,,wahlap
大玩家哈尔滨南岗西城红场店,哈尔滨市南岗区西城红场负一楼大玩家,45.8028140,126.5301400,maimai_dx,,,wahlap
大玩家哈尔滨融创茂店,黑龙江省哈尔滨市松北区世茂大道融创茂三楼大玩家超乐场,45.8022010,126.5316960,maimai_dx,,,wahlap
大玩家哈尔滨道外区百盛店,黑龙江省哈尔滨市道外区118号百盛三楼,45.8033570,126.5230580,maimai_dx,,,wahlap
大玩家哈尔滨道里悦荟店,黑龙江省哈尔滨道里区友谊路187号悦荟广场C座一楼,45.8040590,126.5325810,maimai_dx,,,wahlap
大玩家哈尔滨香坊乐松广场店,黑龙江省哈尔滨市香坊区三大动力路乐松广场三楼大玩家,45.7971370,126.5275160,chunithm;maimai_dx,,,wahlap
大玩家嘉兴平湖银泰店,浙江省嘉兴市平湖市当湖街道彩虹广场6-7幢2楼,30.7495040,120.7451340,maimai_dx,,maimai_dx:1,wahlap;bemanicn
大玩家大同万达广场店,大同万达广场3楼,40.0983220,113.3626250,maimai_dx;other,,maimai_dx:1,bemanicn
大玩家大同平城万达店,大同市平城区万达广场三层3f-B大玩家,40.0945240,113.3627280,maimai_dx,,,wahlap
大玩家宜昌万达广场店,沿江大道特168号万达广场2楼,30.6956740,111.2834400,maimai_dx;other;taiko,,maimai_dx:1;taiko:1,bemanicn
大玩家宜昌伍家岗万达店,湖北省宜昌市伍家岗区沿江大道万达广场二楼大玩家,30.6926940,111.2775680,maimai_dx,,,wahlap
大玩家广州南沙店,广东省广州市南沙区双山大道3号3F主力店A,23.1378310,113.2586340,maimai_dx;other;taiko,,maimai_dx:1;taiko:1,wahlap;bemanicn
大玩家广州番禺万达店,广东省广州市番禺区南村镇兴南大道万达广场二楼大玩家超乐场,23.1295000,113.2613840,chunithm,,,wahlap
大玩家廊坊广阳万达店,河北省廊坊市广阳区万达广场三楼大玩家超乐场,39.5384020,116.6800300,maimai_dx,,,wahlap
大玩家延吉万达店,吉林省延吉市公园街道万达广场二楼大玩家,43.8377480,126.5463790,maimai_dx,,,wahlap
大玩家徐州云龙万达店,江苏省徐州市云龙区云龙万达2楼大玩家,34.2033900,117.2783280,maimai_dx,,,wahlap
大玩家徐州铜山万达广场店,江苏省徐州市铜山区铜山街道北京北路万达广场三楼大玩家,34.2082640,117.2777360,maimai_dx;other,,maimai_dx:1,wahlap;bemanicn
大玩家扬州江都万达店,江苏省扬州市江都区仙女镇新都北路118号万达广场二楼大玩家,32.3955980,119.4045870,maimai_dx,,,wahlap
大玩家扬州蜀岗万达店,邗江中路302号万达广场3楼,32.3980030,119.4044860,taiko,,taiko:1,bemanicn
大玩家揭阳榕城万达店,广东省揭阳市榕城区万达广场三楼大玩家超乐场,23.5553630,116.3723740,maimai_dx,,,wahlap
大玩家杭州富阳万达店,浙江省杭州市富阳区万达广场二楼大玩家,30.2512310,120.2065470,maimai_dx,,maimai_dx:1,wahlap;bemanicn
大玩家武汉新洲万达店,湖北省武汉市新洲区阳逻街柴泊大道119号万达广场2楼大玩家,30.5935800,114.2956100,maimai_dx,,,wahlap
大玩家武汉经开万达店,湖北省武汉市蔡甸区东风大道111号万达大玩家,30.5948470,114.2952780,maimai_dx,,,wahlap
大玩家沧州任丘万达店,河北省沧州市任丘市万达广场二楼大玩家,38.3003940,116.8351920,maimai_dx,,,wahlap
大玩家河南三门峡万达店,河南省三门峡市湖滨区万达广场2号门三楼大玩家,34.7781280,111.1930960,maimai_dx,,,wahlap
大玩家济宁太白路万达店,山东省济宁市太白路万达广场二楼大玩家,35.4167540,116.5789430,maimai_dx,,,wahlap
大玩家烟台芝罘万达店,山东省烟台市芝罘区南大街万达广场二楼大玩家超乐场,37.4675550,121.4395770,maimai_dx,,,wahlap
大玩家牡丹江万达店,黑龙江省牡丹江市西安区西七条路万达广场三楼大玩家,44.5448650,129.6266890,maimai_dx,,,wahlap
大玩家牡丹江西安万达店,黑龙江省牡丹江市西安区万达广场三楼大玩家,44.5534100,129.6256830,maimai_dx;other;taiko,,maimai_dx:2;taiko:1,wahlap;bemanicn
大玩家益阳赫山万达店,湖南省益阳市赫山区万达广场二楼大玩家,28.5559770,112.3499300,maimai_dx,,,wahlap
大玩家石家庄裕华万达店,河北省石家庄市裕华区建华南大街万达广场3楼大玩家,38.0431560,114.5059420,maimai_dx,,,wahlap
大玩家石景山万达店,北京市石景山区石景山路乙18号万达广场1楼大玩家家庭娱乐中心,39.9066360,116.2207510,maimai_dx,,,wahlap
大玩家石河子万达店,新疆维吾尔自治区石河子市开发区万达广场三楼C大玩家,44.3069650,86.0752100,chunithm;maimai_dx;taiko,,chunithm:2;maimai_dx:1;taiko:1,wahlap;bemanicn
大玩家秀屿笏石万达店,清塘西大道99号莆田秀屿万达广场F3层,25.4552380,119.0006320,maimai_dx,,maimai_dx:1,bemanicn
大玩家秦皇岛万达店,河北省秦皇岛市海港区燕山大街万达广场二楼大玩家,39.8897230,119.5150510,chunithm;maimai_dx,,,wahlap
大玩家聊城东昌府万达店,山东省聊城市东昌府区万达广场二楼大玩家,36.4526850,115.9814690,maimai_dx,,,wahlap
大玩家莆田秀屿万达店,福建省莆田市秀屿区笏石镇万达广场3楼大玩家,25.4570300,119.0080700,maimai_dx,,,wahlap
大玩家西安大融城店,陕西省西安市未央区大融城3楼大玩家,34.3435760,108.9319360,maimai_dx,,maimai_dx:1,wahlap;bemanicn
大玩家西安雁塔万达店,陕西省西安市雁塔区科技七路万达广场二楼大玩家,34.3487670,108.9331640,maimai_dx,,,wahlap
大玩家贵阳南明亨特店,贵州省贵阳市南明区机场路18号亨特城市广场176号商铺大玩家,26.6472830,106.6226380,maimai_dx,,,wahlap
大玩家赤峰松山万达店,内蒙古赤峰市松山区万达广场3楼大玩家,42.2534350,118.8855430,maimai_dx,,,wahlap
大玩家赤峰洪山店,内蒙古自治区赤峰市红山区西拉沐沦大街万达广场二楼娱乐楼大玩家超乐场,42.2545100,118.8779250,maimai_dx,,,wahlap
大玩家超乐场,"广州市白云区云城东路505号万达广场1楼 地铁飞翔公园站 广州市(CANTON) 广东省 (Guangdong Province), 广州市(CANTON)",23.1717685,113.2666504,jubeat;taiko,,jubeat:2;taiko:2,ziv
大玩家超乐场,"涧西区辽宁路170号 洛阳(LuoYang) 河南 (Henan), 471003, 洛阳(LuoYang)",34.6547713,112.4077441,jubeat;other;taiko,,jubeat:2;taiko:2,ziv
大玩家超乐场(新会万达广场),"新会区会城启超大道2号万达广场二楼 Jiangmen Guangdong, Jiangmen",22.5046216,113.0459855,jubeat;taiko,,,ziv
大玩家超乐场(江门万达广场),"蓬江区发展大道万达广场2楼 Jiangmen Shi Guangdong Sheng, 529030, Jiangmen Shi",22.6161500,113.0832449,jubeat;maimai_dx;taiko,,jubeat:2;maimai_dx:1;taiko:1,ziv
大玩家超乐场(红谷滩万达广场店),"红谷滩凤凰中大道与会展路交汇处万达广场二楼 南昌市 (Nanchang) 江西省（Jiangxi Province）, 330038, 南昌市 (Nanchang)",28.6936111,115.8497787,maimai_dx;other,,,ziv
大玩家超乐场(郑州中原万达店),"郑州市中原区中原中路171号万达百货3层 Zhengzhou Shi Henan Sheng, Zhengzhou Shi",34.7466299,113.6013660,other,,,ziv
大玩家超乐场乌海万达店,内蒙古自治区乌海市海勃湾区万达广场三楼大玩家超乐场,39.6579010,106.7897500,maimai_dx,,,wahlap
大玩家超乐场哈尔滨凯德店,黑龙江省哈尔滨市南岗区学府路1-1号凯德广场-学府3层16-19号,45.8027170,126.5332170,chunithm;maimai_dx,,,wahlap
大玩家超乐场哈尔滨友谊店,黑龙江省哈尔滨市道里区友谊路187号,45.8033760,126.5247800,chunithm,,,wahlap
大玩家超乐场秦皇岛万达店,燕山大街22号万达广场二楼大玩家,39.8855780,119.5179870,chunithm;maimai_dx;taiko,,chunithm:2;maimai_dx:2;taiko:1,bemanicn
大玩家超乐场（任丘万达店）,昆仑南道与北站西路交叉口东北角,38.3061450,116.8301090,maimai_dx;other;taiko,,maimai_dx:1;taiko:1,bemanicn
大玩家超乐场（南川万达）,渝南大道16号,29.1635320,107.0948370,other,,,bemanicn
大玩家超乐场（广州海珠店）,"3F, Wanda Plaza Haizhu 238 Yijing Road, Haizhu District Guangzhou Shi Guangdong Sheng, Guangzhou Shi",23.0837478,113.3136310,drs;other;sdvx,,,ziv
大玩家超乐场（江宁万达广场店）,南京市江宁区竹山路68号万达广场F2,32.0653090,118.7885860,jubeat;maimai_dx;taiko,,jubeat:1;maimai_dx:1;taiko:1,bemanicn
大玩家超乐场（沌口店）,经济技术开发区东风大道111号万达广场经开店万达百货1层,30.6005810,114.3001930,maimai_dx;other,,maimai_dx:1,bemanicn
大玩家超乐场（满洲里万达店）,华埠大街6号万达广场,49.1603290,119.7700750,other;taiko,,taiko:1,bemanicn
大玩家超乐场（菱角湖万达广场店）,"江汉区唐家墩路5号菱角湖万达商业广场二层 武汉(Wuhan) 湖北(Hubei), 武汉(Wuhan)",30.6102720,114.2701040,jubeat;other;taiko,,jubeat:1;taiko:2,ziv
大玩家超乐场（赤峰松山万达广场店）,友谊大街与百柳路交叉口西南侧松山万达广场,42.2534620,118.8783130,maimai_dx;other,,maimai_dx:1,bemanicn
大玩家超乐场（赤峰红山万达广场店）,西拉沐沦大街8号,42.2552800,118.8766000,maimai_dx,,maimai_dx:1,bemanicn
大玩家超乐空间（乌兰浩特万达广场店）,乌兰浩特市万达广场大玩家二楼,46.0778590,122.0339970,chunithm;jubeat;maimai_dx,,chunithm:2;jubeat:2;maimai_dx:2,bemanicn
大玩家郑州二七万达店,河南省郑州市二七区大学路航海路二七万达广场二楼大玩家,34.7430890,113.6192270,maimai_dx,,,wahlap
大玩家重庆万州万达广场店,重庆市万州区高笋塘街道北滨大道998号万达二楼大玩家超乐场,30.8138120,108.4069340,maimai_dx,,,wahlap
大玩家重庆大渡口万达店,重庆市大渡口区建桥大道108号大渡口万达广场2F-A-A/2008A/2008BA,29.4864860,106.4831240,maimai_dx,,,wahlap
大玩家重庆大足吾悦店,重庆市大足区吾悦广场1号门2楼大玩家,29.7138960,105.7196340,maimai_dx,,maimai_dx:1,wahlap;bemanicn
大玩家重庆永川万达店,重庆市永川区万达广场3F大玩家超乐场,29.3611200,105.9180030,maimai_dx,,,wahlap
大玩家金华永康万达店,浙江省金华市永康市东城街道长城西大道万达广场2楼大玩家,29.0804370,119.6438570,maimai_dx,,maimai_dx:2,wahlap;bemanicn
大玩家青岛城阳万达店,青岛市城阳区向阳中路万达广场二楼大玩家,36.0649570,120.3798520,maimai_dx,,,wahlap
大玩家马桥万达店,上海市马桥万达广场三楼大玩家,31.2351550,121.4693600,maimai_dx,,,wahlap
大玩家鸡西鸡冠万达店,黑龙江省鸡西市鸡冠区中心大街万达广场三楼大玩家,45.2941140,130.9653570,maimai_dx,,,wahlap
大玩家齐齐哈尔万达店,黑龙江省齐齐哈尔市建华区新江路万达广场三楼大玩家,47.3522510,123.9083820,maimai_dx;other;taiko,,maimai_dx:1;taiko:1,wahlap;bemanicn
大玩家（三门峡湖滨万达店）,三门峡市湖滨区万达广场3F,34.7759800,111.1984370,maimai_dx;other,,maimai_dx:1,bemanicn
大玩家（上饶十二星球店）,滨江西路66号上饶万达广场2号门三层最东边,28.4629350,117.9399050,maimai_dx;taiko,,maimai_dx:1;taiko:1,bemanicn
大玩家（中央公园店）,红旗大街339号红博中央公园商场大道B1-D-07号,45.8046360,126.5265140,chunithm;maimai_dx;taiko,,chunithm:2;maimai_dx:1;taiko:1,bemanicn
大玩家（乐松店）,三大动力路乐松广场3层334号商铺,45.7980930,126.5249840,chunithm;maimai_dx;taiko,,chunithm:2;maimai_dx:2;taiko:1,bemanicn
大玩家（亳州万达店）,亳州高新万达广场,33.8498680,115.7719140,maimai_dx;other;taiko,,maimai_dx:1;taiko:1,bemanicn
大玩家（卓展购物中心店）,上海街99号卓展购物中心哈尔滨B座二层2B010,45.8019370,126.5250580,maimai_dx,,maimai_dx:1,bemanicn
大玩家（哈尔滨哈西万达店）,中兴大道168号哈西万达广场3层,45.8015960,126.5243350,chunithm;maimai_dx;taiko,,chunithm:2;maimai_dx:2;taiko:2,bemanicn
大玩家（哈尔滨悦荟店）（江一）,道里区友谊路187号印象城C座（原悦荟C座）1F（南门旁边）,45.7965540,126.5291100,chunithm;maimai_dx;taiko,,chunithm:2;maimai_dx:1;taiko:1,bemanicn
大玩家（拉萨城关万达广场店）,西藏自治区拉萨市城关区纳金街道纳金东路(拉萨市公安局纳金路安居园),29.6555480,91.1661520,maimai_dx,,maimai_dx:1,bemanicn
大玩家（揭阳万达店）,榕城区榕东街道许厝巷南汇金中心旁万达广场（揭阳榕城店）F3,23.5530270,116.3639850,maimai_dx;other;taiko,,maimai_dx:1;taiko:1,bemanicn
大玩家（杨凌万达广场）,万达广场3层大玩家,34.3332390,108.6994630,maimai_dx;other;taiko,,maimai_dx:1;taiko:1,bemanicn
大玩家（松雷商场店）,东大直街329号松雷商场-5F-006,45.8051410,126.5251870,maimai_dx;other;taiko,,maimai_dx:1;taiko:1,bemanicn
大玩家（肇庆鼎湖万达店）,桃园路万达广场,23.0466550,112.4578750,taiko,,taiko:1,bemanicn
大玩家（西城红场店）,黑龙江省哈尔滨市南岗区和谐大道南岗区西城红场-1楼下沉广场,45.7975250,126.5311060,jubeat;maimai_dx;taiko,,jubeat:2;maimai_dx:1;taiko:1,bemanicn
大玩家（西铁营万达店）,西铁营中路1号院万达广场4层东侧,39.8996430,116.4015260,maimai_dx;taiko,,maimai_dx:2;taiko:1,bemanicn
大玩家（银泰城店）,群力街道银泰购物中心2层07-08室,45.7990370,126.5342030,maimai_dx;taiko,,maimai_dx:1;taiko:1,bemanicn
大玩家（黄冈万达广场店）,赤壁二路39号万达广场1号门上电梯F3层,30.4550710,114.8714390,other,,,bemanicn
大玩小乐（莆田万象汇店）,文献东路莆田万象汇,25.4583960,119.0053430,maimai_dx,,maimai_dx:1,bemanicn
大蓝鲸家庭娱乐中心,西夏区文萃街与怀远路交叉口新百宁阳广场三楼,38.4880330,106.2320380,maimai_dx,,maimai_dx:1,bemanicn
大蓝鲸家庭娱乐中心萍乡市天虹商场店,江西省萍乡市安源区天虹商场二楼大蓝鲸家庭娱乐中心,27.6662740,113.8849150,maimai_dx,,,wahlap
大蓝鲸银川西夏店,宁夏回族自治区银川市西夏区宁阳广场三楼北侧大蓝鲸家庭娱乐中心,38.4841570,106.2229260,maimai_dx,,,wahlap
大风车威海W37店,齐鲁大道与海滨南路交叉口东北W37购物中心二楼,37.5106840,122.1198940,maimai_dx,,maimai_dx:1,bemanicn
大风车威海嘉禾天地店,山东省威海市威高广场嘉禾天地三楼大风车游乐场,37.5145840,122.1153270,maimai_dx,,,wahlap
大鲨渔湛江麻章广弘店,广东省湛江市麻章区瑞云中路广弘商业广场3002,21.2768950,110.3562350,maimai_dx,,,wahlap
大鲨鱼家庭娱乐中心（麻章店）,广东省湛江市麻章区瑞云中路86号广弘商业广场3楼 02商铺,21.2721600,110.3499940,maimai_dx,,maimai_dx:1,bemanicn
大黄鸭商丘民权千商万悦城店,河南省商丘市民权县千商万悦城三楼,34.4175540,115.6480520,maimai_dx,,maimai_dx:1,wahlap;bemanicn
大黄鸭潮玩吉安吉州店,江西省吉安市吉州区井冈山大道广场天虹商场3楼大黄鸭潮玩,27.0964650,114.9569490,maimai_dx,,maimai_dx:1,wahlap;bemanicn
天一动漫,河北省邢台市襄都区天一城D座4层13号电梯直达,37.0622290,114.4938400,chunithm;maimai_dx;other,,chunithm:2;maimai_dx:1,bemanicn
天一动漫邢台襄都天一城店,河北省邢台市襄都区天一城D座4层天一动漫,37.0565790,114.4937850,maimai_dx,,,wahlap
天下无双邢台襄都店,河北省邢台市襄都区天一城D座2层天下无双动漫乐园,37.0556190,114.4957190,chunithm,,,wahlap
天下电玩宁波海曙店,浙江省宁波市海曙区环城南路龙湖天街三楼天下电玩,29.8660720,121.6163870,maimai_dx;other,,maimai_dx:1,wahlap;bemanicn
天下电玩杭州富阳店,浙江省杭州市富阳区富春街道春秋北路271号玉长城3楼,30.2508780,120.2056730,maimai_dx,,,wahlap
天下电玩浙江石桥银泰店,浙江省杭州市拱墅区石桥街道石祥路138号中大银泰城购物中心F3层天下电玩,30.2536450,120.2079210,chunithm;maimai_dx,,,wahlap
天下电玩（原嘻游记）（中大银泰城店）,东新街道石祥路138号中大银泰城购物中心F3层3018、3019号,30.2497120,120.2082410,chunithm;maimai_dx,,chunithm:2;maimai_dx:2,bemanicn
天下电玩（富阳玉长城店）,浙江省杭州市富阳区富春街道春秋北路271号玉长城3楼,30.2510980,120.2071300,maimai_dx;other,,maimai_dx:1,bemanicn
天之城动漫南通海门店,江苏省南通市海门区江海中路337号大有镜二楼,31.9809500,120.8878080,maimai_dx,,,wahlap
天乐动漫邢台信都天乐城店,河北省邢台市信都区天乐城B座3层天乐动漫,37.0552640,114.4944830,maimai_dx,,,wahlap
天乐动漫（天乐城）,中兴西大街466号天乐城b座3层,37.0597890,114.4885710,maimai_dx,,maimai_dx:1,bemanicn
天使之翼哈尔滨店,黑龙江省哈尔滨市道里区透笼街58号透笼曼哈顿大厦新006天使之翼,45.7996110,126.5262730,maimai_dx,,,wahlap
天堡欢乐城阳江江城店,广东省阳江市江城区东风一路42号,21.8593130,111.9820320,chunithm;maimai_dx;taiko,,chunithm:2;maimai_dx:2;taiko:1,wahlap;bemanicn
天天玩 X 秋葉原日系动漫中心★,"Huiyin Plaza, Huashan Road (Xujiahui/Guangyuan Road) no. 2088 徐汇区 (Xuhui District) 上海 (Shanghai), 200235, 徐汇区 (Xuhui District)",31.1986788,121.4326143,chunithm;gitadora;iidx;jubeat;maimai_dx;other;sdvx;taiko,,chunithm:4;gitadora:1;iidx:4;jubeat:2;maimai_dx:7;sdvx:4;taiko:3,ziv
天天玩Game（上海徐汇汇银广场店）,华山路2088号汇银广场南楼7M层,31.1876920,121.4367890,chunithm;maimai_dx;taiko,,chunithm:4;maimai_dx:7;taiko:1,bemanicn
天天玩上海徐汇汇银广场店,上海市徐汇区华山路2088号汇银广场南楼7M层天天玩,31.1880240,121.4327440,chunithm;maimai_dx,,,wahlap
天娱广场2楼,"广州市天河区天河路623号，地铁岗顶站A出口 广州市(CANTON) 广东省 (Guangdong Province), 广州市(CANTON)",23.1354073,113.3400263,maimai_dx;taiko,,,ziv
天朗电玩城,西一路31号天朗国际广场3楼,41.8758310,123.9545840,other,,,bemanicn
天津可爱抓仁恒店,天津市南开区仁恒置地广场A馆B1可爱抓,39.1406660,117.1470640,maimai_dx,,,wahlap
天津麦趣熊泉汇店,天津市河西区大沽南路1118号泉汇购物中心一楼,39.1104590,117.2145800,maimai_dx,,,wahlap
天空の城（包头昆区吾悦店）,内蒙古包头市昆都仑区校园路与丰盈道交汇处吾悦广场3层Z10商铺,40.6219730,109.9450330,maimai_dx,,maimai_dx:1,bemanicn
天空の城（芜湖吾悦广场店）,芜纺织路与长江路交叉口西北角，中山北路33号吾悦广场三楼,31.3587430,118.4298720,chunithm;maimai_dx;other,,chunithm:2;maimai_dx:2,bemanicn
天空之城,"蜀山区长江西路189号之心城购物中心F7 Hefei Anhui, 230022, Hefei",31.8544575,117.2575360,maimai_dx;other,,,ziv
天空之城 (南瑞路宜悦里店),新模范马路38号2F-30商铺,32.0593590,118.7898640,maimai_dx;other,,maimai_dx:1,bemanicn
天空之城 SKY CITY (青浦吾悦WUYUE),"WUYUE Mall Shanghai Qinpu Brench 3F, Dianshanhu Avenue, 青浦区 (Qingpu District) Shanghai 上海 (Shanghai), 201700, Shanghai",31.1457024,121.0906433,maimai_dx;other;taiko,,,ziv
天空之城 Sky City Amusement World (上海万嘉广场店),"2F, Wanjia Commercial Plaza, No.1881 Dongjing Road Pudong New District Shanghai Shanghai, 200120, Shanghai",31.2957047,121.6065342,chunithm;maimai_dx;other;taiko,,chunithm:2;maimai_dx:2;taiko:1,ziv
天空之城 Sky City Amusement World (上海招商花园城店),"L3-018, 3F, Zhaoshang Garden City, No.99 Gutang Road Pudong New District Shanghai Shanghai, 200120, Shanghai",31.2650532,121.6536519,chunithm;maimai_dx;taiko,,chunithm:2;maimai_dx:2;taiko:1,ziv
天空之城 Sky City Amusement World (南京鹏欣水游城店),"Pengxin Aqua City, No. 1 Jiankang Road Qinghuai District Nanjing Jiangsu, 210000, Nanjing",32.0255170,118.7807255,chunithm;maimai_dx;other,,chunithm:2;maimai_dx:3,ziv
天空之城 Sky City Amusement World (商洛万达),"F1A Floor, Shangluo Wanda Plaza Shangluo Shannxi, 726000, Shangluo",33.8725178,109.9210399,maimai_dx;other,,,ziv
天空之城 Sky City Amusement World (星河 CoCo Park),"3rd Floor, Galaxy COCO Park (Longgang Branch) Longgang District Shenzhen Guangdong, 518172, Shenzhen",22.6937344,114.2234156,maimai_dx;other,,,ziv
天空之城 Sky City Amusement World (津南吾悦),"2F, Wuyue Plaza, Jinnan District Jinnan District Tianjin Tianjin, 300350, Tianjin",38.9779604,117.3685093,chunithm;maimai_dx;other;taiko,,chunithm:2;maimai_dx:1;taiko:1,ziv
天空之城 Sky City Amusement World (西安李家村万达),"2nd Floor, Wanda Plaza Lijiacun, R.Yanta North Xi'an Shaanxi Province, 710000, Xi'an",34.2449251,108.9578325,maimai_dx;other,,maimai_dx:2,ziv
天空之城 Sky City Amusement World (龙湖光年),"Unit A-3F-01a, 3rd Floor, Phase I, Longhu Light years, Longhua District Haikou Hainan, 570311, Haikou",19.9981321,110.3250291,chunithm;maimai_dx;other,,chunithm:2;maimai_dx:2,ziv
天空之城 Sky City Amusement World（宝山龙湖天街店）,"3F, Longfor Baoshan Paradise Walk, No.1 Lane 50 Danxia Mountain Baoshan District Shanghai Shanghai, 201900, Shanghai",31.3602380,121.3579910,chunithm;maimai_dx;other,,chunithm:2;maimai_dx:2,ziv
天空之城 星湖天街店,工业园区唯亭街道亭谊街38号 龙湖星湖天街A座2楼,31.2996500,120.5775050,maimai_dx;other,,maimai_dx:1,bemanicn
天空之城(兴化吾悦广场店),兴化市吾悦广场,32.4597640,119.9204250,maimai_dx,,maimai_dx:1,bemanicn
天空之城(南通圆融购物中心店),江苏省南通市崇川区学田街道工农路57号圆融广场3楼314-315号天空之城动漫电玩世界(圆融广场店),31.9814420,120.8897480,chunithm;maimai_dx;taiko,,chunithm:2;maimai_dx:2;taiko:1,bemanicn
天空之城(启东新城吾悦广场店),汇龙镇建设南路88号新城吾悦广场三楼,31.9837360,120.8855560,maimai_dx;other,,maimai_dx:1,bemanicn
天空之城(小寨·原力场),"3rd Floor, Prime Field·Xiaozhai(小寨·原力场), Middle Chang'an Road No Yanta District(雁塔区) Xi'an(西安市) Shannxi(陕西省), 710000, Xi'an(西安市)",34.2265978,108.9412746,chunithm;maimai_dx;other,,chunithm:2;maimai_dx:2,ziv
天空之城(永旺梦乐城店),星湖大道1066号永旺梦乐城F2层,31.9796210,120.8923400,maimai_dx;other,,maimai_dx:1,bemanicn
天空之城(泰汶吾悦店),泰山区青年路556号吾悦广场(泰安泰汶店),36.2029480,117.0757560,maimai_dx,,maimai_dx:1,bemanicn
天空之城(重庆江津吾悦广场店),江津区-祥福大道与福城大道交叉口重庆江津吾悦广场F3,29.3228170,106.2631490,maimai_dx,,maimai_dx:1,bemanicn
天空之城/多奇妙乐园（钦州吾悦店）,钦南区金海湾东大街1号新城吾悦广场三层Z20商铺（原多奇妙位置）,21.9856450,108.6520580,chunithm;maimai_dx;taiko,,chunithm:2;maimai_dx:1;taiko:1,bemanicn
天空之城·多奇妙乐园（南京万谷慧店）,栖霞区迈皋桥街道华电路1号万谷慧3层A-3F1018,32.0586970,118.7913390,maimai_dx;other,,maimai_dx:2,bemanicn
天空之城·多奇妙儿童乐园,吾悦广场三楼,34.3627230,107.2299090,maimai_dx,,maimai_dx:2,bemanicn
天空之城·多奇妙儿童乐园 (宝鸡吾悦),"3rd floor, Wuyue Plaza (宝鸡市吾悦广场三楼) Baoji Shannxi, 721000, Baoji",34.3416422,107.2302532,maimai_dx;other,,maimai_dx:2,ziv
天空之城·多奇妙儿童乐园(西咸吾悦店),昆明路与天台路交汇处西咸沣东吾悦广场3楼,34.2551769,108.8189336,maimai_dx;other,,maimai_dx:1,bemanicn;ziv
天空之城·多奇妙娱乐中心（常州天宁吾悦店）,天宁吾悦广场三楼（原多奇妙）,31.8160490,119.9719970,maimai_dx,,maimai_dx:1,bemanicn
天空之城•明日世界（新西南店）,人民中路昆百大新西南4层E04F05,24.8878710,102.8299500,maimai_dx,,maimai_dx:1,bemanicn
天空之城•明日世界（昆明吾悦店）,王筇路吾悦广场三楼F3-6商铺,24.8880800,102.8361260,maimai_dx,,maimai_dx:1,bemanicn
天空之城•明日世界（昆明和谐店）,和谐广场C座二楼天空之城明日世界,24.8864310,102.8373710,maimai_dx,,maimai_dx:1,bemanicn
天空之城上海万嘉广场店,上海市浦东新区东靖路1881号万嘉广场2楼天空之城,31.2194230,121.5374500,chunithm;maimai_dx;taiko,,chunithm:2;maimai_dx:2;taiko:1,wahlap;bemanicn
天空之城上海宝山店,上海市宝山区丹霞山路50弄1号龙湖宝山天街A-3F-30a,31.4114810,121.4858990,chunithm;maimai_dx,,,wahlap
天空之城上海招商花园店,上海市浦东新区顾唐路招商花园城三楼天空之城,31.2229590,121.5461980,chunithm;maimai_dx;taiko,,chunithm:2;maimai_dx:2;taiko:1,wahlap;bemanicn
天空之城上海青浦吾悦店,上海青浦区淀山湖大道218号吾悦广场2楼,31.1534730,121.1139450,maimai_dx;other;taiko,,maimai_dx:1;taiko:1,wahlap;bemanicn
天空之城上饶吾悦广场店,江西省上饶市广信区吾悦广场天空之城,28.4547790,117.9356670,maimai_dx;other,,maimai_dx:1,wahlap;bemanicn
天空之城东莞东城星河城店,广东省东莞市东城街道星河城3楼天空之城,23.0219170,113.7503970,maimai_dx,,,wahlap
天空之城东莞南城汇一城店,广东省东莞市南城街道鸿福路200号第一国际汇一城3区5号门2楼天空之城,23.0219670,113.7453320,chunithm;maimai_dx,,,wahlap
天空之城东莞店,广东省东莞市东城东路229号星河城3F-302号商铺,23.0201290,113.7433810,chunithm,,,wahlap
天空之城中山小榄汇丰城店,广东省中山市小榄镇汇丰城C3-1天空之城游乐体验世界,22.5219300,113.3856830,maimai_dx,,maimai_dx:2,wahlap;bemanicn
天空之城九江浔阳联盛店,江西省九江市浔阳区联盛快乐城2F天空之城,29.6615970,115.9473390,chunithm;maimai_dx,,,wahlap
天空之城云浮吾悦店,广东省云浮市云城区吾悦广场z306,22.9146560,112.0426060,chunithm;maimai_dx,,,wahlap
天空之城佛山南海万达店,广东省佛山市南海区桂城区桂澜北路3号南海万达广场2楼天空之城,23.0262940,113.1204250,chunithm;maimai_dx;other,,chunithm:2;maimai_dx:2,wahlap;bemanicn
天空之城佛山南海大沥店,广东省佛山市南海区大沥镇广佛路黄岐金铂天地二楼天空之城游乐体验世界,23.0221700,113.1118630,maimai_dx,,,wahlap
天空之城佛山南海金沙洲店,广东省佛山市南海区金沙洲建设大道金铂天地3楼天空之城游艺世界,23.0278190,113.1141570,maimai_dx,,,wahlap
天空之城佛山金铂中心店,广东省佛山市南海区桂城街道桂业路88号金铂中心三层330天空之城,23.0250430,113.1137650,chunithm;maimai_dx;other,,chunithm:2;maimai_dx:2,wahlap;bemanicn
天空之城佛山顺德悦然店,广东省佛山市顺德区北滘镇诚德路美的悦然广场3楼天空之城,23.0207430,113.1152680,maimai_dx,,,wahlap
天空之城兰州店,甘肃省兰州市安宁区吾悦广场3楼天空之城,36.0571030,103.8306400,chunithm;maimai_dx,,,wahlap
天空之城动漫体验中心,会宁路312-1号达仁·印象城购物中心F5,45.8033480,126.5266640,maimai_dx;taiko,,maimai_dx:1;taiko:1,bemanicn
天空之城动漫电玩世界,江苏省镇江市丹阳市金陵西路88号新城吾悦广场3F,32.1919390,119.4233610,maimai_dx;other,,maimai_dx:1,bemanicn
天空之城动漫电玩世界（快乐城店）,京九路9号九江·联盛快乐城,29.6663070,115.9469940,chunithm;maimai_dx;taiko,,chunithm:2;maimai_dx:2;taiko:1,bemanicn
天空之城包头昆都仑吾悦广场店,内蒙古包头市昆都仑区昆河镇吾悦广场三楼天空之城,40.6184950,109.9441300,maimai_dx,,,wahlap
天空之城北滘美的悦然广场,北滘诚德路1号美的悦然广场3层,23.0261790,113.1123960,maimai_dx;other,,maimai_dx:1,bemanicn
天空之城南京建邺店,江苏省南京市建邺区云龙山路89号河西天街2楼2F一01号商铺,32.0595050,118.7892390,maimai_dx,,,wahlap
天空之城南京栖霞万象汇店,江苏省南京市栖霞区南京城北万象汇A座L3028天空之城3楼,32.0591950,118.7943950,maimai_dx;other,,maimai_dx:1,wahlap;bemanicn
天空之城南京江宁龙湖店,江苏省南京市江宁区东山街道潭园西路199号龙湖南京龙湾天街二楼天空之城,32.0617470,118.7942950,maimai_dx;other,,maimai_dx:1,wahlap;bemanicn
天空之城南京浦口龙湖天街店,江苏省南京市浦口区文景路99号龙湖天街3楼天空之城,32.0634400,118.7971760,chunithm;maimai_dx,,,wahlap
天空之城南京秦淮水游城店,江苏省南京市秦淮区健康路1号水游城三楼天空之城,32.0648270,118.7884010,chunithm;maimai_dx,,,wahlap
天空之城南京雨花台万象天地店,江苏省南京市雨花台区西善桥南京雨花万象天地天空之城L301,32.0631860,118.7900470,maimai_dx,,,wahlap
天空之城南京鹏欣水游城店,夫子庙商圈水游城三楼天空之城（江苏省南京市秦淮区建康路1号鹏欣水游城铺位F3T02-T14）,32.0641540,118.7860270,chunithm;maimai_dx;other,,chunithm:2;maimai_dx:3,bemanicn
天空之城南京鼓楼吾悦广场店,江苏省南京市鼓楼区湖北路51号吾悦广场三楼天空之城,32.0591590,118.7911730,maimai_dx,,,wahlap
天空之城南京鼓楼宜悦里店,江苏省南京市鼓楼区新模范马路宜悦里2F天空之城,32.0583100,118.7885310,maimai_dx,,,wahlap
天空之城南宁良庆宜家店,广西南宁市良庆区平乐大道12号宜家家居天空之城游乐体验世界,22.8206570,108.3597700,maimai_dx,,,wahlap
天空之城南昌进贤吾悦店,江西省南昌市进贤县滨湖大道吾悦广场三楼Z08商铺,28.6831990,115.8531310,maimai_dx,,,wahlap
天空之城南昌高新吾悦广场店,江西省南昌市高新区艾溪湖北路高新新城吾悦广场三楼天空之城,28.6857310,115.8503810,maimai_dx,,,wahlap
天空之城南昌高新技术产业开发新城吾悦广场店,江西省南昌市南昌高新技术产业开发区艾溪湖北路77号新城吾悦广场三楼3006-1商铺,28.6882480,115.8490990,chunithm;maimai_dx,,,wahlap
天空之城南通圆融店,江苏省南通市崇川区工农路57号圆融广场三楼天空之城,31.9808100,120.8939270,chunithm;maimai_dx,,,wahlap
天空之城南通如皋吾悦广场店,江苏省南通市如皋吾悦广场三楼天空之城,31.9809850,120.8893110,maimai_dx;taiko,,maimai_dx:2;taiko:1,wahlap;bemanicn
天空之城南通崇川万象城店,江苏省南通市崇川区北大街111号万象城四楼天空之城,31.9842990,120.8944190,maimai_dx,,maimai_dx:1,wahlap;bemanicn
天空之城南通永旺店,江苏省南通市开发区新开街道星湖大道1066号永旺梦乐城南通星湖店2F228-A,31.9850640,120.8883400,maimai_dx,,,wahlap
天空之城厦门思明店,福建省厦门市思明区莲前东路117-129号加州城市广场219单元,24.4790550,118.0863140,chunithm;maimai_dx,,maimai_dx:2,wahlap;bemanicn
天空之城台山万达店,广东省台山市台城陈宜禧路南97号万达广场2楼天空之城,22.5812710,113.0729340,maimai_dx;other,,maimai_dx:1,wahlap;bemanicn
天空之城台州路桥吾悦店,浙江省台州市路桥区路北街道腾达路527号,28.6612420,121.4163560,chunithm,,,wahlap
天空之城合肥坝上吾悦广场店,芜湖路坝上吾悦广场3F东侧,31.8199920,117.2185780,maimai_dx;other,,maimai_dx:1,bemanicn
天空之城合肥瑶海吾悦广场店,安徽省合肥市瑶海区芜湖路坝上吾悦广场,31.8258360,117.2221680,maimai_dx,,,wahlap
天空之城启东汇龙店,江苏省南通市启东市汇龙镇 建设南路88号吾悦广场三楼天空之城,31.9800170,120.8907110,maimai_dx,,,wahlap
天空之城咸阳沣西吾悦广场店,陕西省咸阳市秦都区钓台街道统一西路与白马河路交叉口吾悦广场3楼多奇妙,34.3289800,108.7006010,maimai_dx,,maimai_dx:1,wahlap;bemanicn
天空之城唐山吾悦广场店,河北省唐山市路北区果园镇吾悦广场3f天空之城多奇妙z08商铺,39.6291820,118.1766720,chunithm;maimai_dx,,,wahlap
天空之城商洛商州万达店,陕西省商洛市商州区万达广场1A天空之城,33.8740060,109.9188230,maimai_dx,,maimai_dx:1,wahlap;bemanicn
天空之城嘉兴平湖吾悦广场店,浙江省嘉兴市平湖市吾悦广场二楼天空之城,30.7470780,120.7548070,maimai_dx,,,wahlap
天空之城嘉兴平湖店,吾悦广场二楼天空之城,30.7513610,120.7521530,maimai_dx;taiko,,maimai_dx:1;taiko:1,bemanicn
天空之城嘉兴海盐吾悦广场店,浙江省嘉兴市海盐县吾悦广场二楼天空之城,30.7517130,120.7489630,maimai_dx;other,,maimai_dx:1,wahlap;bemanicn
天空之城多奇妙(长沙店),星沙松雅湖吾悦广场3楼3015店铺（城市英雄店铺出门往右走到底）,28.2357530,112.9294900,chunithm;maimai_dx;taiko,,chunithm:2;maimai_dx:1;taiko:1,bemanicn
天空之城多奇妙乐园 瑞安吾悦店,瑞安市新城吾悦广场(瑞安店)3楼3055号,27.9996030,120.6946220,maimai_dx;other,,maimai_dx:1,bemanicn
天空之城多奇妙南京迈皋桥万谷慧店,江苏省南京市栖霞区华电路1号万谷·慧生活广场,32.0602620,118.7949140,maimai_dx,,,wahlap
天空之城多奇妙家庭娱乐中心,津南吾悦广场二楼,38.9325730,117.3479490,chunithm;maimai_dx;taiko,,chunithm:2;maimai_dx:1;taiko:1,bemanicn
天空之城多奇妙家庭娱乐中心(六安吾悦店),安徽省六安市裕安区小华山街道新城吾悦广场3层Z6号铺,31.7376440,116.5083870,chunithm;maimai_dx,,chunithm:2;maimai_dx:1,bemanicn
天空之城多奇妙家庭娱乐中心(唐山吾悦店),学院北路700号龙翔里吾悦广场3楼,39.6326190,118.1770240,chunithm;maimai_dx;other,,chunithm:2;maimai_dx:2,bemanicn
天空之城多奇妙家庭娱乐中心（安庆吾悦店）,安徽省安庆市迎江区菱湖南路1号吾悦广场二层2F-2013天空之城多奇妙家庭娱乐中心（安庆吾悦店）,30.5389880,117.1112620,chunithm;maimai_dx;taiko,,chunithm:2;maimai_dx:1;taiko:1,bemanicn
天空之城多奇妙家庭娱乐中心（淮南吾悦店）,田家庵区新城吾悦广场3F天空之城多奇妙家庭娱乐中心（淮南吾悦店）,32.5834530,117.0129600,chunithm;maimai_dx;taiko,,chunithm:2;maimai_dx:2;taiko:1,bemanicn
天空之城多奇妙扬州邗江吾悦店,竹西路29号新城吾悅商场3楼天空之城,32.3966920,119.4015180,chunithm;maimai_dx;other,,chunithm:2;maimai_dx:1,bemanicn
天空之城多奇妙淮安新城吾悦广场店,吾悦广场3层,33.5556810,119.1035300,maimai_dx;other,,maimai_dx:1,bemanicn
天空之城多奇妙（常州武进吾悦店）,湖塘镇武宜北路19号吾悦广场3楼,31.8112820,119.9672890,chunithm;maimai_dx;other,,chunithm:1;maimai_dx:2,bemanicn
天空之城大同云冈吾悦广场店,山西省大同市云冈区吾悦广场3楼天空之城,40.0960720,113.3629320,maimai_dx,,,wahlap
天空之城大沥店,黄岐广佛路121号金铂天地二楼,23.0235590,113.1203990,maimai_dx,,maimai_dx:1,bemanicn
天空之城大理爱琴海店,云南省大理市下关镇鸡足山路爱琴海购物公园2楼天空之城,25.6115110,100.2685150,maimai_dx,,maimai_dx:1,wahlap;bemanicn
天空之城天津津南吾悦店,天津市津南区咸水沽镇聚兴道7号1号楼524-20天津津南吾悦广场二层Z08-2016号商铺,38.9387680,117.3495460,chunithm;maimai_dx,,,wahlap
天空之城孝感孝南吾悦店,湖北省孝感市孝南区复兴大道吾悦广场二楼天空之城,30.9210100,113.9542310,maimai_dx,,,wahlap
天空之城安庆吾悦广场店,安徽省安庆市迎江区菱湖南路1号吾悦广场二层2F-2013商铺天空之城多奇妙,30.5384560,117.1100380,chunithm;maimai_dx,,,wahlap
天空之城安徽阜阳吾悦店,安徽省阜阳市颍州区颍西街道阜南路天空之城吾悦广场店,32.8912520,115.8098370,maimai_dx,,,wahlap
天空之城宜兴万达店,宜兴万达广场2楼,31.4934090,120.3105550,chunithm;maimai_dx,,chunithm:1;maimai_dx:2,bemanicn
天空之城宝鸡渭滨吾悅广场店,陕西省宝鸡市渭滨区吾悅广场三楼天空之城,34.3628050,107.2284690,maimai_dx,,,wahlap
天空之城宿州埇桥吾悦店,安徽省宿州市埇桥区新城吾悦广场三楼Z08商铺,33.6459520,116.9620200,maimai_dx,,,wahlap
天空之城宿迁泗洪店,江苏省宿迁市泗洪县青阳街道吾悦广场二楼天空之城,33.9598050,118.2676110,maimai_dx,,,wahlap
天空之城嵊州吾悦广场店,三江街道兴盛街666号吾悦广场2楼炫技星空（店名天空之城）,30.0494410,120.5771970,maimai_dx,,maimai_dx:1,bemanicn
天空之城常州天宁店,江苏省常州市天宁区天宁吾悦广场3楼天空之城,31.8140780,119.9720070,maimai_dx,,,wahlap
天空之城常州武进店,江苏省常州市武进区湖塘镇吾悦广场4幢301铺,31.8115810,119.9681490,chunithm;maimai_dx,,,wahlap
天空之城常州钟楼吾悦广场店,江苏省常州市钟楼区延陵西路吾悦国际广场3楼天空之城,31.8162920,119.9674600,chunithm,,,wahlap
天空之城常州飞龙吾悦店,常州市新北区三井街道飞龙吾悦广场3楼天空之城,31.8152290,119.9716960,maimai_dx;other,,maimai_dx:1,wahlap;bemanicn
天空之城平顶山湛河店,河南省平顶山市湛河区和顺路与凌云路交叉口中骏世界城2层,33.7712940,113.1857550,maimai_dx,,,wahlap
天空之城广安吾悦广场店,四川省广安市广安区金安大道三段70号广安吾悦广场Z301,30.4571660,106.6299410,maimai_dx,,maimai_dx:1,wahlap;bemanicn
天空之城广州华丰汇店,广东省广州市番禺区市桥街清河东路203号番禺华丰汇购物中心3楼,23.1286940,113.2602580,chunithm;maimai_dx,,,wahlap
天空之城广州嘉禾店,望岗鹤龙二路85号嘉禾金铂天地2层,23.1287690,113.2607430,chunithm;maimai_dx,,chunithm:2;maimai_dx:2,bemanicn
天空之城广州白云嘉禾店,广东省广州市白云区望岗鹤龙二路85号嘉禾金铂天地二楼天空之城,23.1295540,113.2596220,chunithm;maimai_dx,,,wahlap
天空之城广州白云百信店,"广东省广州市白云区棠乐路1,3,5,7号3层XL3019号铺",23.1286250,113.2588120,maimai_dx,,,wahlap
天空之城建邺吾悦广场店,江苏省南京市建邺区汉中门大街299号吾悦广场二楼天空之城,32.0652240,118.7911610,chunithm;maimai_dx,,maimai_dx:1,wahlap;bemanicn
天空之城徐州贾汪店,江苏省徐州市贾汪区吾悦广场2楼天空之城,34.2032490,117.2763770,maimai_dx;other,,maimai_dx:1,wahlap;bemanicn
天空之城成都龙泉驿吾悦广场店,四川省成都市龙泉驿区东安街道桃都大道中段888号1栋4单元3层68号吾悦广场三3F-3027号天空之城,30.5754680,104.0670200,maimai_dx;other,,maimai_dx:1,wahlap;bemanicn
天空之城扬州三盛店,江苏省扬州市邗江区三盛国际广场3楼天空之城,32.3946260,119.4057730,maimai_dx,,,wahlap
天空之城扬州安宜吾悦广场店,江苏省扬州市宝应县安宜镇吾悦广场二楼天空之城,32.3987520,119.4130020,maimai_dx,,,wahlap
天空之城扬州邗江吾悦店,江苏省扬州市邗江区竹西路29号新城吾悅商场3楼天空之城,32.3944470,119.4100920,chunithm;maimai_dx,,,wahlap
天空之城扬州金鹰广场店,江苏省扬州市江都区金鹰广场三楼天空之城,32.3962040,119.4047830,maimai_dx,,,wahlap
天空之城无锡万达店,江苏省无锡市宜兴市宜城街道万达广场1号娱乐楼Z-2F-A点位天空之城,31.4900530,120.3086730,chunithm;maimai_dx,,,wahlap
天空之城无锡滨湖店,江苏省无锡市滨湖区蠡园街道蠡园开发区标准写字楼A4第二层202-33,31.4884890,120.3075510,maimai_dx,,,wahlap
天空之城昆明五华吾悦广场店,云南省昆明市五华区吾悦广场三楼多奇妙儿童乐园,24.8816240,102.8351190,maimai_dx,,,wahlap
天空之城昆明安宁吾悦广场店,云南省昆明市安宁市连然街道金方路116号吾悦广场1b层天空之城,24.8835360,102.8292630,maimai_dx,,maimai_dx:1,wahlap;bemanicn
天空之城昆明晋宁吾悦广场店,云南省昆明市晋宁区昆阳街道办永乐大街晋宁吾悦广场Z205号商铺天空之城,24.8823830,102.8322770,maimai_dx,,maimai_dx:1,wahlap;bemanicn
天空之城昆明西山南悦城店,云南省昆明市西山区滇池度假区广福路南悦城9栋2楼天空之城,24.8834770,102.8303420,maimai_dx,,,wahlap
天空之城明日世界（南悦城店）,云南省昆明市西山区广福路南悦城爱琴海城市广场2层F9202号商铺天空之城·明日世界(南悦城店),24.8857920,102.8292600,maimai_dx,,maimai_dx:1,bemanicn
天空之城李家村万达店,碑林万达广场二层-A-A(原大玩家超乐场旧址),34.3459610,108.9375400,maimai_dx;other,,maimai_dx:2,bemanicn
天空之城杭州上城西湖银泰店,浙江省杭州市上城区延安路98号西湖银泰3楼,30.2478080,120.2099780,chunithm;maimai_dx;taiko,,chunithm:4;maimai_dx:3;taiko:1,wahlap;bemanicn
天空之城枣庄滕州吾悦店,山东省枣庄市滕州市北辛街道北辛路与善国路交汇处滕州吾悦广场三层天空之城,34.8070570,117.3172760,maimai_dx,,maimai_dx:2,wahlap;bemanicn
天空之城桂林吾悦店,广西桂林市临桂区吾悦广场二楼天空之城,25.2391370,110.1693410,maimai_dx;taiko,,maimai_dx:2;taiko:1,wahlap;bemanicn
天空之城桐乡吾悦店,桐乡新城吾悦广场三楼,30.7474270,120.7528360,other,,,bemanicn
天空之城永州冷水滩万达店,湖南省永州市冷水滩区曲河街道进贤路万达商业广场3F层3F-A,26.4223150,111.6107170,maimai_dx,,,wahlap
天空之城汉中汉台吾悦广场店,陕西省汉中市汉台区吾悦广场三楼Z06铺天空之城多奇妙,33.0666950,107.0168850,maimai_dx,,,wahlap
天空之城汕头澄海店,汕头市澄海区澄华街道德政路中骏世界城M301单元,23.3559560,116.6808610,maimai_dx,,,wahlap
天空之城江苏沭阳店,江苏省宿迁市沭阳县吾悦广场二楼天空之城,33.9668680,118.2709800,maimai_dx,,,wahlap
天空之城江门新会万达店,广东省江门市新会区会城启超大道2号江门新会万达广场二层2F-A-A,22.5797740,113.0707670,chunithm;maimai_dx,,chunithm:2;maimai_dx:2,wahlap;bemanicn
天空之城泉州晋江上悦城店,福建省泉州市晋江市池店镇华洲村华东路86号百捷上悦城三楼天空之城,24.8738250,118.6675580,maimai_dx,,,wahlap
天空之城泉州晋江店,福建省泉州市晋江市陈埭镇鞋都路吾悦广场三楼天空之城,24.8725290,118.6710500,maimai_dx,,,wahlap
天空之城泰安新泰吾悦广场店,山东省泰安市新泰市青云街道吾悦广场二楼Z03,36.2014000,117.0872500,maimai_dx,,maimai_dx:1,wahlap;bemanicn
天空之城泰安泰山吾悦广场店,山东省泰安市泰山区徐家楼街道青年路556号泰汶吾悦广场Z202号商铺,36.2000820,117.0765860,maimai_dx,,,wahlap
天空之城泰安肥城吾悦店,山东省泰安市肥城市新城街道办事处肥桃路109号吾悦广场购物中心Z302商铺,36.2053440,117.0764070,maimai_dx,,,wahlap
天空之城泰州中骏店,京泰路街道迎春东路中骏世界城2楼,32.4550770,119.9160320,maimai_dx;other,,maimai_dx:1,bemanicn
天空之城泰州海陵店,江苏省泰州市海陵区中骏世界城二楼M251号天空之城,32.4635910,119.9209960,maimai_dx,,,wahlap
天空之城海口龙华店,海南省海口市龙华区金宇街道南海大道15号龙湖海口时代天街一期3楼A-3F-01a号天空之城,20.0493790,110.1917080,chunithm;maimai_dx,,,wahlap
天空之城淄博张店吾悦店,山东省淄博市张店区付家镇吾悦广场2楼天空之城,36.8164630,118.0502910,maimai_dx;other;taiko,,maimai_dx:1;taiko:1,wahlap;bemanicn
天空之城淮南田家庵店,安徽省淮南市田家庵区洞山东路吾悦广场3F天空之城多奇妙,32.5878240,117.0101470,chunithm;maimai_dx;other,,maimai_dx:1,wahlap;bemanicn
天空之城淮安万象城店,江苏淮安市清江浦区翔宇中道170号淮安万象城L4FL415商铺,33.5561850,119.1039430,chunithm;maimai_dx;taiko,,chunithm:2;maimai_dx:2;taiko:1,wahlap;bemanicn
天空之城淮安涟水滨河吾悦店,江苏省淮安市涟水县涟城街道清涟大道与淮浦南路交叉口路滨河吾悦广场二楼Z205商铺,33.5507920,119.1076310,maimai_dx,,maimai_dx:2,wahlap;bemanicn
天空之城淮安生态新城吾悦店,江苏省淮安市生态新城吾悦广场三楼天空之城多奇妙乐园,33.5528670,119.1139580,maimai_dx,,,wahlap
天空之城深圳龙岗店,广东省深圳市龙岗区龙城街道大运星河COCO PARK三楼天空之城,22.5427890,114.0553780,maimai_dx,,,wahlap
天空之城清远店,湖西路89号清远万达广场3层3F-A-1,23.6809050,113.0463020,chunithm;maimai_dx;taiko,,chunithm:2;maimai_dx:2;taiko:1,bemanicn
天空之城清远清城万达店,广东省清远市清城区凤城街道湖西路万达广场1号门3楼天空之城,23.6823580,113.0462370,chunithm;maimai_dx,,,wahlap
天空之城温州吾悦广场店,浙江省温州市龙湾区蒲州街道上江路150号吾悦广场三楼天空之城,27.9954480,120.6987280,chunithm;maimai_dx,,,wahlap
天空之城温州瑞安吾悦广场店,浙江省温州市瑞安市新城吾悦广场3楼3055号商铺天空之城,27.9984450,120.6924390,maimai_dx,,,wahlap
天空之城游乐体验世界,云冈区南环西路吾悦广场三楼Z301号,40.0926920,113.3562900,maimai_dx,,maimai_dx:2,bemanicn
天空之城游乐体验世界 东莞星河城店,东城东路229号星河城3F-302号商铺（海底捞旁）,23.0280310,113.7432270,chunithm;maimai_dx,,chunithm:2;maimai_dx:3,bemanicn
天空之城游乐体验世界(兰州吾悦店),银安路252号吾悦广场3层Z301号商铺,36.0658340,103.8332910,chunithm;maimai_dx;other,,chunithm:1;maimai_dx:1,bemanicn
天空之城游乐体验世界(南昌高新吾悦店),青山湖区南昌高新技术产业开发区艾溪湖北路77号新 城吾悦广场3楼3006-1商铺,28.6879780,115.8501840,chunithm;maimai_dx,,chunithm:2;maimai_dx:1,bemanicn
天空之城游乐体验世界(宿州吾悦店),新城吾悦广场三楼Z08商铺,33.6454720,116.9601620,maimai_dx,,maimai_dx:1,bemanicn
天空之城游乐体验世界(澄海中骏世界城店),"澄华街道德政路北侧,高速公路东侧中骏世界城M301单元(天空之城游乐体验世界)",23.3564780,116.6811040,maimai_dx,,maimai_dx:1,bemanicn
天空之城游乐体验世界(肥城吾悦广场店),山东省泰安市肥城市新城街道办事处肥桃路109号吾悦广场购物中心Z302商铺天空之城游乐体验世界(肥城吾悦广场店),36.2048620,117.0769750,maimai_dx,,maimai_dx:1,bemanicn
天空之城游乐体验世界(高密中骏店),中骏世界城三楼西南角,36.7057710,119.1524130,maimai_dx,,maimai_dx:1,bemanicn
天空之城游乐体验世界(鼓楼吾悦店),湖北路51号吾悦广场3楼3015号,32.0582810,118.7863410,maimai_dx;other,,maimai_dx:1,bemanicn
天空之城游乐体验世界平潭吾悦广场店,福建省平潭县瑶竹南路11号平潭吾悦广场S1号楼171-Z201商铺,26.0753750,119.2959750,maimai_dx,,maimai_dx:1,bemanicn
天空之城游乐体验世界深圳龙岗店,星河COCO Park(龙岗店)三楼天空之城,22.5514050,114.0516040,maimai_dx;other,,maimai_dx:1,bemanicn
天空之城游乐体验世界福州中骏店,利民路11号中骏世界城3楼,26.0729810,119.2919840,chunithm;maimai_dx;taiko,,chunithm:2;maimai_dx:2;taiko:1,bemanicn
天空之城游乐体验世界苏宁广场店,"工业路233号福州苏宁广场3F层A区-310,311,312,313号",26.0778310,119.2942520,chunithm;maimai_dx;taiko,,chunithm:2;maimai_dx:2;taiko:1,bemanicn
天空之城游乐体验世界（三盛店）,邗江中路358号三盛国际广场3楼,32.3962100,119.4123760,maimai_dx,,maimai_dx:1,bemanicn
天空之城游乐体验世界（吾悦广场温州龙湾店）,上江路150号吾悦广场3楼,27.9971910,120.6920570,chunithm;maimai_dx;other,,chunithm:2;maimai_dx:1,bemanicn
天空之城游乐体验世界（潍坊吾悦广场）,高新区新城街道府佑社区渤海路与桂园街交汇处潍坊高新吾悦广场三层Z305铺位（十甲农贸市场东）,36.7099630,119.1600230,maimai_dx,,maimai_dx:1,bemanicn
天空之城游乐体验世界（金华永盛店）,婺城区城中街道新华街永盛购物广场四层402室-31号,29.0770770,119.6421420,maimai_dx,,maimai_dx:1,bemanicn
天空之城游艺体验世界（东莞汇一城店）,鸿福路200号海德汇一城3区2楼,23.0248150,113.7450220,chunithm;maimai_dx;taiko,,chunithm:2;maimai_dx:3;taiko:1,bemanicn
天空之城滨湖万象汇,滨湖区太湖大道1688号万象汇4楼,31.4926770,120.3106240,maimai_dx,,maimai_dx:1,bemanicn
天空之城潍坊吾悦广场店,山东省潍坊市奎文区吾悦广场三楼天空之城,36.7079980,119.1525750,maimai_dx,,,wahlap
天空之城番禺华丰汇店,市桥清河东路203号番禺华丰汇购物中心3层3010-3013,23.1294010,113.2571780,chunithm;maimai_dx;taiko,,chunithm:2;maimai_dx:3;taiko:1,bemanicn
天空之城白云万象汇店,"新市街道棠乐路1,3,5,7号广州白云万象汇3层XL3019",23.1315470,113.2561390,chunithm;maimai_dx;other,,chunithm:2;maimai_dx:2,bemanicn
天空之城盐城中南店,江苏省盐城市盐都区解放南路278号中南城购物中心二楼天空之城,33.3523410,120.1618280,chunithm;maimai_dx,,,wahlap
天空之城盐城大丰吾悦广场店,江苏省盐城市大丰区常新北路8号吾悦广场二楼,33.3494640,120.1603490,maimai_dx,,maimai_dx:1,wahlap;bemanicn
天空之城福州仓山中俊店,福建省福州市仓山区利民路11号A地块中骏世界城项目,26.0770530,119.2875600,chunithm;maimai_dx,,,wahlap
天空之城福州苏宁广场店,福建省福州市台江区宁化街道工业路233号福州苏宁广场3F层A区﹣310号天空之城,26.0799110,119.2918060,chunithm;maimai_dx,,,wahlap
天空之城绍兴嵊州店,浙江省绍兴市嵊州市环城南路与富豪路交汇处东北角嵊州吾悦广场F2天空之城,30.0516590,120.5737390,maimai_dx,,,wahlap
天空之城肇庆四会吾悦广场店,广东省肇庆市四会市东城街道玉城居委会商业大道125号四会吾悦广场三楼Z11天空之城多奇妙,23.0456780,112.4590500,maimai_dx;other,,maimai_dx:2,wahlap;bemanicn
天空之城芜湖镜湖店,安徽省芜湖市镜湖区华强吾悦广场3楼,31.3586280,118.4239490,chunithm;maimai_dx,,,wahlap
天空之城苏州昆山吾悦店,江苏省苏州市昆山市玉山镇吾悦广场二楼天空之城,31.3046320,120.5784950,maimai_dx,,maimai_dx:1,wahlap;bemanicn
天空之城苏州胥江店,江苏省苏州市姑苏区劳动路777号2号楼A-3F-30a、A-3F-31、A-3F-32a号天空之城,31.3045670,120.5803570,chunithm,,,wahlap
天空之城苏州龙湖店,江苏省苏州市工业园区亭谊街38号龙湖星湖天街店A-2F-35,31.2988150,120.5834210,maimai_dx,,,wahlap
天空之城荆州吾悦店,湖北省荆州市沙市区吾悦广场3楼天空之城,30.3436820,112.2352520,maimai_dx,,maimai_dx:1,wahlap;bemanicn
天空之城蚌埠吾悦广场店,安徽省蚌埠市蚌山区吾悦广场三楼天空之城,32.9209410,117.3776730,chunithm;maimai_dx,,,wahlap
天空之城襄阳樊城吾悦店,湖北省襄阳市樊城区长虹路北77号吾悦广场三楼天空之城,32.0123890,112.1125590,maimai_dx,,,wahlap
天空之城西宁城东吾悦广场店,青海省西宁市八一路城东吾悦广场3楼天空之城多奇妙,36.6744260,101.7597820,maimai_dx,,maimai_dx:1,wahlap;bemanicn
天空之城西宁城北吾悦广场店,青海省西宁市城北区小桥大街吾悦广场3楼天空之城,36.6755880,101.7539440,chunithm;maimai_dx,,chunithm:2;maimai_dx:2,wahlap;bemanicn
天空之城西安碑林店,陕西省西安市碑林区雁塔北路8号李家村万达广场娱乐楼2F-A-A,34.3482160,108.9299650,maimai_dx,,,wahlap
天空之城西安西咸吾悦店,陕西省西安市西咸吾悦广场3楼天空之城,34.3421590,108.9351570,maimai_dx,,,wahlap
天空之城连云港海州吾悦广场店,江苏省连云港市海州区秦东门大街390号吾悅广场二楼天空之城,34.6003370,119.2204120,maimai_dx,,maimai_dx:1,wahlap;bemanicn
天空之城连云港赣榆店,江苏省连云港市赣榆区青口镇吾悦广场二楼天空之城,34.5955680,119.2173770,maimai_dx;other,,maimai_dx:1,wahlap;bemanicn
天空之城遵义习水时代广场店,贵州省遵义市习水县杉王街道希望社区时代广场第三层4、5、18、19-1号酷潮星空天空之城,27.7205170,107.0258580,maimai_dx,,,wahlap
天空之城遵义红花岗店,贵州省遵义市红花岗区吾悦广场三楼,27.7268100,107.0244570,maimai_dx,,,wahlap
天空之城郑州荥阳店,河南省郑州市荥阳市豫龙镇荥泽大道与郑上路交叉口向北吾悦广场第二层天空之城,34.7443550,113.6204690,maimai_dx,,,wahlap
天空之城重庆北碚吾悦店,重庆市北碚区天生街道劳动村37号吾悦广场二楼天空之城,29.8115070,106.3945210,maimai_dx;other,,maimai_dx:1,wahlap;bemanicn
天空之城重庆江津双福店,重庆市江津区双福街道南北大道北段路390号天空之城游乐体验世界,29.3186200,106.2644670,maimai_dx,,,wahlap
天空之城金沙洲店,金沙洲建设大道33号金铂天地3层,23.0263480,113.1173050,maimai_dx,,maimai_dx:1,bemanicn
天空之城钦州吾悦广场店,广西壮族自治区钦州市钦南区吾悦广场3楼天空之城多奇妙,21.9888420,108.6494410,chunithm;maimai_dx,,,wahlap
天空之城镇江丹阳店,江苏省镇江市丹阳市开发区吾悦广场三楼天空之城,32.1907110,119.4158580,maimai_dx,,,wahlap
天空之城镇江吾悦店,江苏省镇江市新区丁卯桥路223号吾悦商场3楼天空之城,32.1918960,119.4182580,chunithm;maimai_dx,,chunithm:2;maimai_dx:1,wahlap;bemanicn
天空之城长春宽城店,吉林省长春市宽城区北远达大街与应化新路交汇处长春北湖吾悦广场三层Z07号商铺天空之城多奇妙乐园,43.8114700,125.3230500,maimai_dx;other,,maimai_dx:1,wahlap;bemanicn
天空之城长沙东四吾悦广场店,湖南省长沙市长沙县星沙街道东四路西望仙路以北吾悦广场3015商铺,28.2363540,112.9310400,chunithm;maimai_dx,,,wahlap
天空之城雨山龙湖店,江苏省南京市浦口区光明路59号龙湖南京雨山天街3楼天空之城,32.0651770,118.7881250,maimai_dx,,maimai_dx:1,wahlap;bemanicn
天空之城雨花吾悦店,江苏省南京市雨花区板桥新城吾悦广场2楼天空之城,32.0612930,118.7958280,maimai_dx,,maimai_dx:1,wahlap;bemanicn
天空之城顺德乐从天佑城店,广东省佛山市顺德区乐从镇路州村委会乐从大道东B270号乐从天佑城二层2F-014号商铺,23.0224580,113.1144470,maimai_dx;other,,maimai_dx:1,wahlap;bemanicn
天空之城龙岩新罗万宝店,福建省龙岩市新罗区龙岩大道万宝广场三楼天空之城,25.0802330,117.0162320,maimai_dx,,,wahlap
天空之城（云浮云城吾悦广场店）,环市西路102号吾悦广场3楼,22.9199260,112.0401540,chunithm;maimai_dx,,chunithm:2;maimai_dx:1,bemanicn
天空之城（宜家家居南宁商场店）,平乐大道12号宜家家居1F,22.8198460,108.3679960,maimai_dx;other,,maimai_dx:1,bemanicn
天空之城（宝山龙湖天街店）,宝山区丹霞山路50弄1号(龙湖上海宝山天街)3楼,31.4078250,121.4826530,chunithm;maimai_dx;other,,chunithm:2;maimai_dx:2,bemanicn
天空之城（宝应吾悦广场店）,宝应吾悦广场二楼天空之城,32.3928390,119.4091970,maimai_dx,,maimai_dx:1,bemanicn
天空之城（宿迁泗洪吾悦广场店）,青阳南路吾悦广场二层,33.9684410,118.2739610,maimai_dx,,maimai_dx:1,bemanicn
天空之城（扬州江都金鹰店）,江都区文昌中路1177号金鹰国际购物中心3层,32.3973160,119.4052750,maimai_dx;other,,maimai_dx:1,bemanicn
天空之城（晋江吾悦广场店）,陈埭镇鞋都路1828号吾悦广场3层3013,24.8739040,118.6748820,maimai_dx;other,,maimai_dx:1,bemanicn
天空之城（晋江百捷上悦城店）,池店镇百捷上悦城3楼,24.8752190,118.6720150,maimai_dx;other,,maimai_dx:1,bemanicn
天空之城（永州万达店）,湖南省永州市冷水滩区曲河路冷水滩区永州进贤路万达广场(曲河路西100米),26.4257480,111.6091750,maimai_dx,,maimai_dx:1,bemanicn
天空之城（江北龙湖天街店）,浦口区文景路99号(星火路地铁站2A口步行150米),32.0614570,118.7938560,chunithm;maimai_dx,,chunithm:2;maimai_dx:1,bemanicn
天空之城（沭阳吾悦广场店）,沭阳吾悦广场2楼z202,33.9614170,118.2706690,maimai_dx;other,,maimai_dx:1,bemanicn
天空之城（海口龙湖天街店）,金宇街道南海大道15号龙湖时代天街一期3楼A-3F-01a号（可乘坐1号电梯至3楼左拐直达）,20.0479140,110.1982580,chunithm;maimai_dx;other,,chunithm:2;maimai_dx:2,bemanicn
天空之城（海门大有镜店）,南通市海门区江海中路337号海门大有境L2018-L2019,31.9881340,120.8897620,maimai_dx,,maimai_dx:1,bemanicn
天空之城（盐城大有境店）,江苏省盐城市盐都区新都街道解放南路278号中南购物中心二楼,33.3522990,120.1593080,chunithm;maimai_dx;taiko,,chunithm:2;maimai_dx:1;taiko:1,bemanicn
天空之城（绍兴银泰店）,塔山街道金帝银泰城1幢3F020,30.0536420,120.5745810,maimai_dx,,maimai_dx:1,bemanicn
天空之城（蚌山吾悦广场店）,蚌埠市蚌山区解放路750号吾悦广场3楼,32.9153170,117.3863990,chunithm;maimai_dx,,chunithm:2;maimai_dx:1,bemanicn
天空之城（遵义吾悦广场店）,贵州省遵义市红花岗区共青大道与嵩山路交叉路口往东约100米,27.7297980,107.0251860,maimai_dx;other,,maimai_dx:1,bemanicn
天空之城（阜阳吾悦广场淮河路店）,淮河路2236号阜阳颍州吾悦广场f3,32.8900850,115.8099890,maimai_dx;other,,maimai_dx:1,bemanicn
天空之城（雨花万象店）,向秀路1号·L3·L301,32.0642380,118.7876300,maimai_dx,,maimai_dx:2,bemanicn
天空之城（青特万达店）,城阳区正阳中路青特万达广场二楼东南角（原大玩家旧址）,36.0637340,120.3778420,maimai_dx,,maimai_dx:1,bemanicn
天空之城（龙岩万宝店）,龙岩大道388号万宝广场三楼3042-1天空之城,25.0807360,117.0169380,maimai_dx;other,,maimai_dx:2,bemanicn
天空之境,心悦汇3楼,46.0822890,122.0297810,other,,,bemanicn
天空之星吉安吉州九颂店,九颂购物公园3楼,27.0995180,114.9615910,maimai_dx,,maimai_dx:1,bemanicn
天长市炫酷空间,天发广场,32.2530640,118.3304810,maimai_dx,,maimai_dx:1,bemanicn
天际の城动漫城（利群购物中心店）,杭州路66号利群购物中心6楼,36.0706690,120.3762670,other,,,bemanicn
天马行空潮玩浙江丽水店,浙江省丽水市莲都区学院路36号西城美食广场三层301号,28.4730690,119.9202490,maimai_dx;taiko,,maimai_dx:2;taiko:1,wahlap;bemanicn
太原灵漫家庭娱乐广场店,山西省太原市尖草坪区柴村街道和平北路277号天美杉杉奥特莱斯太原店二楼,37.8719870,112.5408790,maimai_dx,,,wahlap
太和汇城市广场乐宇电玩城,平城区水泊寺街道太和路百盛奥特莱斯三层A3014、A3015、A3016号商铺,40.0963700,113.3636270,maimai_dx,,maimai_dx:1,bemanicn
太平洋电玩城,太平洋商场1层东门,43.6499740,122.2443750,chunithm;maimai_dx;other,,chunithm:2;maimai_dx:2,bemanicn
太空之旅昆明五华朗悦湾店,云南省昆明市五华区红云街道办事处小康大道朗悦湾广场三层L3001、3002、30253038号商铺,24.8804530,102.8342930,maimai_dx,,,wahlap
太空喵Spacecat（中山悦来天虹店）,南区街道悦来南路34号悦来天虹购物中心三楼F3032铺,22.5237240,113.3889170,other,,,bemanicn
太空喵广州白云庆达店,广东省广州市白云区钟落潭镇庆达广场3楼,23.1295490,113.2603920,chunithm;maimai_dx,,chunithm:1;maimai_dx:2,wahlap;bemanicn
太空喵广州白云润州城市广场店,白云区大源东路2号润州城市广场F2层,23.1378210,113.2593070,maimai_dx,,maimai_dx:1,bemanicn
太空喵广州白云润洲广场店,广东广州市白云区大源街道润洲广场2楼,23.1379220,113.2583160,maimai_dx,,,wahlap
太空橙家庭娱乐中心,馨漫园商城左边楼梯上二楼,37.0610390,114.4880800,maimai_dx,,maimai_dx:1,bemanicn
太空橙邢台内丘福壹城店,河北邢台市内丘县宏福壹城二楼太空橙家庭娱乐中心,37.0577390,114.4913540,maimai_dx,,,wahlap
太空球乐园无锡锡山店,无锡市锡山区安镇街道九里仓商业中心A区3-102/109/110/111号,31.4954150,120.3091810,maimai_dx,,,wahlap
太空球乐园（九里仓店）,锡山区安镇街道九里仓商业中心（瑞幸咖啡隔壁）,31.4919360,120.3111910,maimai_dx,,maimai_dx:1,bemanicn
头号玩家(凯德广场店),砂子塘街道新建东路421号凯德广场四楼,28.2296980,112.9311790,maimai_dx,,maimai_dx:1,bemanicn
头号玩家上饶广丰店,江西省上饶市广丰区永丰街道永丰大道1号广丰里三楼头号玩家,28.4596730,117.9363160,maimai_dx,,maimai_dx:1,wahlap;bemanicn
头号玩家厦门海沧sm店,福建省厦门市海沧区sm城市广场2楼头号玩家,24.4832410,118.0800270,maimai_dx,,,wahlap
头号玩家合肥经开星达城店,合肥市经开区翡翠路与丹霞路交口星达城购物中心二楼头号玩家,31.8260110,117.2206160,maimai_dx,,,wahlap
头号玩家广州海珠保利广场店,广东省广州市海珠区新港东路保利广场三楼头号玩家,23.1290910,113.2559690,maimai_dx,,,wahlap
头号玩家昭通昭阳区步行街店,东门步行街85，87号,27.3418720,103.7108860,maimai_dx;taiko,,maimai_dx:1;taiko:1,bemanicn
头号玩家昭通邵阳步行街店,云南省昭通市昭阳区东门步行街85、87号门面,27.3449620,103.7188380,maimai_dx,,,wahlap
头号玩家杭州桐庐开元森泊店,杭州市桐庐县林场路2号开元森泊度假乐园,30.2513990,120.2061000,chunithm;maimai_dx,,,wahlap
头号玩家泰州万象城店,凤凰街道永定东路399号泰州万象城C馆二楼C213,32.4617080,119.9191790,taiko,,taiko:1,bemanicn
头号玩家潮玩竞技淮南时代广场店,安徽省淮南市朝阳中路时代广场4f,32.5842820,117.0090430,chunithm;maimai_dx,,chunithm:1;maimai_dx:2,wahlap;bemanicn
头号玩家潮玩运动馆SM厦门海沧城市广场店,SM厦门海沧城市广场,24.4851210,118.0883010,maimai_dx,,maimai_dx:1,bemanicn
头号玩家琶洲保利广场店,琶洲蟠龙新街2号保利广场3层C302B,23.1288600,113.2609650,maimai_dx,,maimai_dx:2,bemanicn
头号玩家蚌埠东鼎店,安徽省蚌埠市龙子湖区东鼎购物中心4楼头号玩家潮玩竞技,32.9201160,117.3810840,chunithm,,,wahlap
头号玩家郑州正弘城店,河南省郑州市金水区文化路街道正弘城四楼头号玩家,34.7507080,113.6175690,maimai_dx,,maimai_dx:1,wahlap;bemanicn
头号玩家郑州龙湖锦艺城店,河南省郑州市新郑市龙湖镇锦艺城购物中心三楼头号玩家,34.7425270,113.6170400,chunithm;maimai_dx,,,wahlap
头号玩家阳江江城店,广东省阳江市江城区新江东路299号广之恒繁华里头号玩家,21.8597580,111.9761980,maimai_dx;taiko,,maimai_dx:2;taiko:1,wahlap;bemanicn
头号玩家韶关曲江店,韶关市曲江区马坝镇城南教育路北亿华城南商贸城一楼首层西边部分商场2号,24.8116260,113.5934370,maimai_dx,,maimai_dx:1,wahlap;bemanicn
头号玩家（弘阳广场店）,长江西路弘阳广场2楼,31.8257470,117.2258960,chunithm;maimai_dx,,chunithm:2;maimai_dx:1,bemanicn
头号玩家（新抚万达店）,浑河南路中段56号新抚万达广场2楼2050号商铺,41.8751480,123.9519270,maimai_dx,,maimai_dx:1,bemanicn
头号玩家（新郑市龙湖镇锦艺城）,龙湖镇锦艺城3楼,34.7491270,113.6168990,chunithm;maimai_dx;other,,chunithm:2;maimai_dx:2,bemanicn
头号玩家（新郑新壹城）,新壹城4f,34.7496570,113.6218850,other,,,bemanicn
头号玩家（莫干山开元森泊度假乐园店）,玉屏路莫干山开元森泊度假酒店一楼,30.8996610,120.0802210,drs,,drs:2,bemanicn
夸特世界大兴亦庄天街店,北京市大兴区北京经济技术开发区 兴海路一号院一号楼龙湖亦庄天街三楼夸特世界,39.7242300,116.3416020,maimai_dx,,,wahlap
夸特世界朝阳龙湖天街店,北京市朝阳区北苑东路19号院北苑龙湖天街A馆4层,39.9236450,116.4388420,maimai_dx,,,wahlap
夸特世界（亦庄龙湖天街店）,兴海路1号院1号楼龙湖亦庄天街三层3F-25、3F-26,39.7936937,116.4805691,maimai_dx;other,,maimai_dx:2,bemanicn;ziv
夸特游艺 Quart World (熙悦店),"B Zone 4F, Shop L4-13, Xiyue Paradise Walk, Intersection of Lian Beijing, China Beijing Beijing, 102488, Beijing",39.7327455,116.1793841,maimai_dx;other;taiko,,maimai_dx:2;taiko:1,ziv
夸特游艺 Quart World (石景山店),"No.17 Xincheng East Street, Building 2, Longfor Chang'an Paradis Mentougou District Beijing Beijing, 102300, Beijing",39.9049829,116.2194804,chunithm;maimai_dx;other;taiko,,chunithm:2;maimai_dx:3;taiko:1,ziv
夸特游艺丰台银座店,北京市丰台区银座和谐广场4层402a夸特游艺,39.8594520,116.2796830,maimai_dx,,,wahlap
夸特游艺北京朝阳长楹天街店,北京朝阳区常营地区 常通路1号院长楹天街购物中心-西区三楼夸特游艺,39.9222740,116.4364250,maimai_dx,,,wahlap
夸特游艺北京海淀西北旺店,北京市海淀区西北旺万象汇四楼夸特游艺,39.9621070,116.2911880,maimai_dx,,,wahlap
夸特游艺北京石景山店,北京市石景山区石景山路乙18号石景山万达广场1F夸特游艺,39.9061670,116.2127220,chunithm;maimai_dx;taiko,,chunithm:2;maimai_dx:3;taiko:1,wahlap;bemanicn
夸特游艺朝阳凯德店,北京朝阳区广顺北大街33号凯德MALL购物中心3楼夸特游艺,39.9200300,116.4401940,maimai_dx,,,wahlap
夸特游艺门头沟店,北京市门头沟金安路长安天街三楼夸特游艺,39.9018000,116.1186000,chunithm;maimai_dx,,chunithm:2;maimai_dx:1,wahlap;bemanicn;ziv
夸特游艺门头沟长安天街店,北京市门头沟区金安路长安天街三楼夸特游艺,39.9363240,116.0959930,maimai_dx,,,wahlap
夸特游艺（北京常营长楹天街店）,长楹天街西区3楼,39.9044880,116.4032660,maimai_dx;other,,maimai_dx:2,bemanicn
夸特游艺（北苑天街店）,北苑龙湖天街A区4F西侧,39.9022060,116.3933740,maimai_dx;other,,maimai_dx:1,bemanicn
夸特游艺（望京凯德mall店）,广顺北大街33号院213号楼凯德MALL（望京店）3层30103-3435号,39.9033270,116.3953300,maimai_dx;other;taiko,,maimai_dx:2;taiko:1,bemanicn
夸特游艺（熙悦店）,良乡东路与长于大街交汇处熙悦天街B区4F L4-13,39.9050860,116.4032960,maimai_dx;taiko,,maimai_dx:2;taiko:1,bemanicn
夸特游艺（西北旺万象汇店）,海淀区西北旺万象汇4F,39.9551110,116.2916700,maimai_dx;other,,maimai_dx:2,bemanicn
夸特游艺（银座和谐广场店）,万丰路68号银座和谐广场4层402（卡通尼楼上）,39.8809759,116.2915094,maimai_dx;other;taiko,,maimai_dx:2;taiko:1,bemanicn;ziv
夸特糖乐园 QUARTSUG LAND（北苑店）,"3F-10, Beiyuan Paradise Walk, No.19 Beiyuan East Road Chaoyang District Beijing Beijing, 100071, Beijing",40.0411899,116.4334949,other,,,ziv
夸特糖乐园北京房山龙湖天街店,北京市房山区拱辰北大街甲顺房山龙湖天街三层,39.7476000,116.1403090,maimai_dx;other;taiko,,maimai_dx:2;taiko:1,wahlap;bemanicn
夹满嘟,厦滘迎宾路19号厦滘商务区A区广州岭南购物城3街1层37-43,23.1338490,113.2564990,maimai_dx;taiko,,maimai_dx:1;taiko:2,bemanicn
夹满嘟广州番禺厦滘店,广东省广州市番禺区厦滘岭南电商园三街一楼47号夹满嘟,23.1286670,113.2578380,maimai_dx,,,wahlap
夹米星球 Rich Stars (Fengtai Huiqin Mall),"JiaMi Planet (Fengtai Huiqin Branch), Fengtai District Beijing Beijing, 100070, Beijing",39.8416270,116.4172067,maimai_dx;other;taiko,,,ziv
夹米星球丰台石榴庄店,北京市丰台区石榴庄街道榴乡路86号汇琴购物中心二层夹米星球,39.8623280,116.2812080,maimai_dx,,,wahlap
夹米星球北京昌平店,北京市昌平区南环东路10号院1号楼悦荟广场五层夹米星球,40.2220290,116.2270800,maimai_dx;taiko,,maimai_dx:2;taiko:1,wahlap;bemanicn
夹米星球（丰台汇琴店）,北京市北京市丰台区夹米星球(丰台汇琴店),39.8620400,116.2790080,maimai_dx;other;taiko,,maimai_dx:1;taiko:1,bemanicn
夺宝奇兵石家市桥西店,河北省石家庄市桥西区未来城四楼F区A403,38.0380740,114.5109980,maimai_dx,,,wahlap
夺宝奇兵（北国未来城店）,中国河北省石家庄市桥西区中华南大街与南二环大桥交叉口西280米四楼,38.0437230,114.5062370,maimai_dx,,maimai_dx:2,bemanicn
奇乐兜大同百盛云中店,山西省大同市平城区清远西街百盛云中店三楼西侧奇乐兜,40.1004630,113.3609270,maimai_dx,,,wahlap
奇乐兜家庭娱乐中心,清远西街百盛（中央公园店）三楼奇乐兜,40.0996380,113.3640350,maimai_dx;taiko,,maimai_dx:1;taiko:1,bemanicn
奇乐多,"F6 Floor, Xingshicheng Shopping Plaza, No. 34-1 Zhongxin Road Bao’an District 宝安区 Shenzhen City 深圳市 Guangdong Province 广东省, 518104, Shenzhen City 深圳市",22.7250983,113.8246733,gitadora;other;taiko,,,ziv
奇乐屿欢乐世界动漫城,新华路沧州商城三楼北区,38.3071420,116.8353150,other;taiko,,taiko:1,bemanicn
奇乐魔方漫游馆（信大悦购百货均安店）,均安建安路88号信大悦购百货3层,23.0219480,113.1139660,taiko,,taiko:1,bemanicn
奇享玩电玩城,联纺东路505号阳光天鸿广场B301号,36.6289830,114.5292250,maimai_dx,,maimai_dx:1,bemanicn
奇享玩邯郸丛台天鸿广场店,河北省邯郸市丛台区联纺东路阳光天鸿广场B301奇享玩,36.6231920,114.5368170,maimai_dx,,,wahlap
奇哒荟北京丰台店,北京市丰台区丰台北路18号金唐新光界三层东侧奇哒荟,39.8649795,116.2989695,maimai_dx;other,,maimai_dx:1,wahlap;bemanicn;ziv
奇哒荟海南昌江店,海南省黎族自治县石碌镇人民北路71-88号昌江海汽商业广场,19.2995350,109.0491150,maimai_dx,,,wahlap
奇境乐园广州白云百信广场店,广东省广州市白云区机场路百信广场东区四楼奇境乐园,23.1379190,113.2605470,chunithm,,,wahlap
奇奇乐园(乐福天下商业广场店),中原路乐福天下广场,32.0138610,112.1107330,maimai_dx,,maimai_dx:1,bemanicn
奇奇乐园(新民众乐园店),"江汉区中山大道江汉路新民众乐园4楼 武汉(Wuhan) 湖北(Hubei), 武汉(Wuhan)",30.5758126,114.2861812,jubeat;other,,,ziv
奇奇乐园×都市玩家,大润发三楼奇奇乐园,30.6666890,113.1570510,other;taiko,,taiko:1,bemanicn
奇奇乐园上海闵行龙盛广场店,上海市闵行区都市路龙盛商业广场一楼奇奇乐园,31.1173380,121.3779130,maimai_dx,,,wahlap
奇奇乐园宜昌兴发店,湖北省宜昌市伍家岗区中南路35号兴发广场3楼奇奇乐园,30.6919140,111.2775280,maimai_dx;other,,maimai_dx:1,wahlap;bemanicn
奇奇乐园宜昌西陵CBD店,湖北省宜昌市西陵区夷陵大道58号CBD购物中心三楼奇奇乐园,30.6958340,111.2757240,maimai_dx,,,wahlap
奇奇乐园武汉奥山世纪城店,和平大道819号奥山世纪城3层,30.5972050,114.3032180,maimai_dx;other,,maimai_dx:1,bemanicn
奇奇乐园武汉青山店,湖北省武汉市青山区和平大道奥山世纪广场3楼,30.5919180,114.3030930,maimai_dx,,,wahlap
奇奇乐园襄阳樊城万达店,湖北省襄阳市樊城区长虹路万达广场三楼奇奇乐园,32.0080790,112.1148170,maimai_dx,,,wahlap
奇奇乐园襄阳樊城南国店,湖北省襄阳市樊城区长虹路泛悦4楼奇奇乐园,32.0125030,112.1192520,maimai_dx,,,wahlap
奇奇乐园襄阳樊城天元店,湖北省襄阳市樊城区定中街天元四季城二楼奇奇乐园,32.0134390,112.1140390,maimai_dx,,maimai_dx:1,wahlap;bemanicn
奇奇乐园襄阳泛悦店,泛悦malL长虹店,32.0076150,112.1184980,maimai_dx;other,,maimai_dx:1,bemanicn
奇奇乐园襄阳高新万达广场店,紫贞街道长虹北路9号,32.0100400,112.1156330,maimai_dx;other;taiko,,maimai_dx:1;taiko:1,bemanicn
奇奇乐园随州曾都店,湖北省随州市曾都区区大润发3楼奇奇乐园娱乐电玩,31.6961860,113.3750580,maimai_dx,,maimai_dx:1,wahlap;bemanicn
奇奇乐园（盛龙广场店）,未央路80号盛龙广场B区二层,34.3484070,108.9353610,other;taiko,,taiko:1,bemanicn
奇奇乐园（龙盛国际商业广场店）,龙盛国际商业广场3759号一楼,31.0871777,121.3942136,maimai_dx;other,,maimai_dx:1,bemanicn;ziv
奇奇潮玩(华清广场店),雁塔路99号华清广场F3,34.2418519,108.9597470,maimai_dx;other,,maimai_dx:1,bemanicn;ziv
奇奇潮玩西安曲江新店,陕西省西安市曲江新区临水路正荣彩虹谷2楼奇奇潮玩,34.3438020,108.9326460,maimai_dx,,maimai_dx:1,wahlap;bemanicn
奇奇潮玩西安碑林华清广场店,陕西省西安市碑林区李家村华清广场3楼奇奇潮玩,34.3477260,108.9323110,maimai_dx,,,wahlap
奇奇潮玩西安雁塔际华广场店,陕西省西安市雁塔区昆明池路际华广场5楼,34.3423620,108.9376000,maimai_dx,,,wahlap
奇奇潮玩（际华生活广场店）,昆明路际华生活广场5楼,34.3403250,108.9381280,maimai_dx;other,,maimai_dx:1,bemanicn
奇妙之城(丽雅·成悦广场店),江安县迎宾大道与小坝路交叉口西80米丽雅成悦广场2楼Z202,28.7527150,104.6377120,chunithm;maimai_dx;taiko,,chunithm:2;maimai_dx:1;taiko:1,bemanicn
奇妙之城(乐平嘉洲广场店),乐平嘉洲广场二楼,23.0204530,113.1185570,maimai_dx;other,,maimai_dx:1,bemanicn
奇妙之城·精灵岛家庭娱乐中心（星河COCO City店）,民治街道民泰社区星河盛世B1-86栋二层L2-099号,22.5451790,114.0489940,chunithm;maimai_dx,,chunithm:2;maimai_dx:2,bemanicn
奇妙之城·聚有引力（宏发大世界店）,宝安区石岩宏发大世界主场B区3楼,22.6787279,113.9256254,chunithm;maimai_dx;other,,chunithm:2;maimai_dx:2,bemanicn;ziv
奇妙之城佛山嘉州广场店,广东省佛山市三水区乐平镇乐平大道嘉州广场二楼,23.0222830,113.1140940,maimai_dx,,,wahlap
奇妙之城佛山高明店,广东省佛山市高明区荷富路801号钧明城三楼,23.0269530,113.1137930,maimai_dx,,maimai_dx:1,wahlap;bemanicn
奇妙之城六安裕安吾悦广场店,安徽省六安市裕安区小华山街道吾悦广场三楼奇妙之城,31.7360530,116.5113760,chunithm;maimai_dx,,,wahlap
奇妙之城南阳方城店,河南省南阳市方城县大裕城购物中心奇妙之城电玩城,33.0182510,112.5812530,maimai_dx,,maimai_dx:1,wahlap;bemanicn
奇妙之城宜宾成悦广场店,四川省宜宾市江安县成悦广场二楼,28.7519320,104.6375640,chunithm;maimai_dx,,,wahlap
奇妙之城广州从化奥莱小镇店,广东省广州市从化区太平镇广从南路2231号流溪河奥莱小镇负一楼电玩城,23.1357100,113.2564690,chunithm;maimai_dx,,chunithm:2;maimai_dx:1,wahlap;bemanicn
奇妙之城成都温江店,四川省成都市温江区学府路南段8号温江旭辉Cmall三楼奇妙之城F3012,30.5773230,104.0593700,chunithm;maimai_dx;other,,chunithm:2;maimai_dx:2,wahlap;bemanicn
奇妙之城柳州柳北保利店,广西省柳州市柳北区白沙路2号保利商业广场三楼奇妙之城,24.3241710,109.4226370,chunithm;maimai_dx,,,wahlap
奇妙之城梅州天虹店,广东省梅州市梅县区扶大镇天虹购物中心3楼,24.2887730,116.1221090,chunithm;maimai_dx,,,wahlap
奇妙之城江门东汇城店,广东省江门市开平市长沙街道开平大道一号富港东汇城4F奇妙之城,22.5836120,113.0761710,chunithm;maimai_dx,,,wahlap
奇妙之城深圳光明万达广场店,广东省深圳市光明区光明万达广场一楼奇妙之城,22.5437270,114.0571620,chunithm;maimai_dx;other,,chunithm:2;maimai_dx:2,wahlap;bemanicn
奇妙之城深圳坪山百佳华店,深圳市坪山区龙坪路 百佳华2楼奇妙之城,22.5480770,114.0548830,maimai_dx,,,wahlap
奇妙之城深圳宝安店,广东省深圳市宝安区宏发大世界b区三楼奇妙之城,22.5437070,114.0507960,chunithm;maimai_dx,,,wahlap
奇妙之城深圳龙华店,广东省深圳市龙华区民治街道星河cococity 2楼奇妙之城,22.5438850,114.0553840,chunithm;maimai_dx,,,wahlap
奇妙之城珠海香洲店,广东省珠海市香洲区永德街8号融德广场2楼022商铺奇妙之城,22.2754730,113.5774480,chunithm;maimai_dx;taiko,,chunithm:2;maimai_dx:2;taiko:1,wahlap;bemanicn
奇妙之城萍乡店,翠湖中心mall，三楼奇妙之城,27.6623920,113.8857470,maimai_dx,,maimai_dx:1,bemanicn
奇妙之城郴州宜章中环店,湖南省郴州市宜章县天润中环购物广场二奇妙之城,25.7708290,113.0129940,maimai_dx,,,wahlap
奇妙之城鄂尔多斯铜锣湾店,内蒙古鄂尔多斯市伊金霍洛旗铜锣湾广场4L奇妙之城,39.6079470,109.7707010,maimai_dx,,,wahlap
奇妙之城韶关摩尔城店,广东省韶关市武江区韶关摩尔城3楼奇妙之城,24.8164200,113.5888530,chunithm;maimai_dx,,,wahlap
奇妙之城（开平东汇城店）,开平大道1号东汇城4楼奇妙之城,22.5780480,113.0764410,chunithm;maimai_dx;other,,chunithm:2;maimai_dx:1,bemanicn
奇妙之城（梅州天虹购物中心店）,扶大镇剑英大道梅州天虹购物中心,24.2930550,116.1128480,chunithm;maimai_dx;taiko,,chunithm:2;maimai_dx:1;taiko:1,bemanicn
奇妙之城（江门利和店）,广东省江门市蓬江区迎宾大道116号江门利和广场4楼奇妙之城,22.5794130,113.0726730,other,,,bemanicn
奇妙之城（项城万达广场舞店）,周口项城万达广场奇妙之城,33.6344140,114.6984810,other,,,bemanicn
奇妙之旅广州番禺店,广州市番禺区南村镇汉溪大道386号,23.1298900,113.2572530,maimai_dx,,,wahlap
奇妙岛,黄石街道江夏东一路22号新月广场二楼,23.1321170,113.2647620,other,,,bemanicn
奇妙岛游乐王国,育红街8号红伟综合市场F2层,37.3498090,97.3319940,taiko,,taiko:1,bemanicn
奇妙潮玩城（摩尔城店）,摩尔城商业中心3楼3090奇妙潮玩城,24.8117160,113.5957240,chunithm;maimai_dx,,chunithm:2;maimai_dx:1,bemanicn
奇幻乐园,广平大街顶利鲜一楼奇幻乐园乐园,38.8767910,115.4558610,other,,,bemanicn
奇幻岛绵阳梓潼半月店,四川省绵阳市梓潼县文昌镇青岭村崇文半月商业中心2栋2层奇幻岛,31.4736160,104.6729360,maimai_dx,,maimai_dx:1,wahlap;bemanicn
奇幻星空湛江雷州购物广场,广东省湛江市雷州市雷州购物广场（旧昌大昌）三层奇幻星空,21.2759350,110.3487950,maimai_dx;other,,maimai_dx:1,wahlap;bemanicn
奇幻王国亲子乐园,山东省威海市荣成市成山大道中段大润发(荣成店),37.5149210,122.1134230,other,,,bemanicn
奇幻王国电玩城北京大兴环宇坊店,北京市大兴区瀛海路环宇坊4楼奇幻王国电玩城,39.7245150,116.3289800,maimai_dx,,,wahlap
奇幻王国（大兴环宇坊店）,瀛海环宇坊4楼,39.7562139,116.4418592,maimai_dx;other;taiko,,maimai_dx:2;taiko:1,bemanicn;ziv
奇幻空间,解放路工贸购物中心5层,36.0869930,111.5155090,other,,,bemanicn
奇幻空间(来又来店),广东省广州市花都区光凤路来又来时尚购物广场,23.1366200,113.2562830,chunithm;maimai_dx,,chunithm:2;maimai_dx:2,bemanicn
奇幻空间东莞寮步万润广场店,广东省东莞市寮步镇万润广场3楼C区,23.0261030,113.7464980,chunithm;maimai_dx,,,wahlap
奇幻空间广州花都来又来店,广东省广州市花都区龙珠路39号来又来商场3楼奇幻空间电玩城,23.1361240,113.2600260,chunithm;maimai_dx,,,wahlap
奇幻空间电玩城（万润广场店）,寮步镇香市路80号万润财富中心1栋322室,23.0238480,113.7488150,chunithm;maimai_dx,,chunithm:2;maimai_dx:1,bemanicn
奇星乐动漫乐园宁波宁海店,桃源中路168号西子国际三楼,29.8612020,121.6213660,maimai_dx;other,,maimai_dx:1,bemanicn
奇星乐动漫城宁波宁海店,浙江省宁波市宁海县桃源中路168号三楼奇星乐动漫城,29.8621010,121.6178590,maimai_dx,,,wahlap
奇趣乐园（吾悦广场店）,江苏省镇江市句容市宁杭南路爵鼎国际汽车城东侧句容新城吾悦广场,32.1885440,119.4168710,maimai_dx,,maimai_dx:1,bemanicn
奇趣天地Sky Fantasia,長沙灣欽州街西九龍中心9樓901-903號鋪,22.2848350,114.1644900,chunithm;gitadora;taiko,,chunithm:2;gitadora:1;taiko:2,bemanicn
奇趣联盟儿童乐园,辽宁省辽阳市白塔区新运大街333号万达广场二楼,41.2694900,123.2348370,maimai_dx,,maimai_dx:1,bemanicn
奇趣联盟辽阳文圣万达店,辽宁省辽阳市文圣区万达广场2F_B奇趣联盟,41.2699240,123.2310720,maimai_dx,,,wahlap
奇趣超乐园岳阳平江店,湖南省岳阳市平江县天岳大道与长冲路交叉口奇趣超乐园,29.3536370,113.1226550,maimai_dx,,,wahlap
奇趣超乐园（汉昌街道店）,湖南省岳阳市平江县汉昌街道天岳大道与长冲路交叉口西北侧一楼维尔纳酒店附近,29.3634700,113.1218260,maimai_dx,,maimai_dx:1,bemanicn
奇迹动力,祥生世纪广场2F,28.6558010,121.4199440,maimai_dx,,maimai_dx:1,bemanicn
奇迹未来城广西北海银海万达广场店,广西省北海市银海区广东南路225号万达广场3楼3F-A,21.4832910,109.1118020,maimai_dx;other,,maimai_dx:1,wahlap;bemanicn
奇迹未来城桂林七星高新万达店,桂林市七星区穿山东路43号桂林高新万达广场12栋3层3F-A-A,25.2402610,110.1766640,maimai_dx;other,,maimai_dx:1,wahlap;bemanicn
奇迹未来城桂林临桂万达店,广西壮族自治区桂林市临桂区临桂万达二楼2F-D,25.2350010,110.1732990,maimai_dx;other,,maimai_dx:1,wahlap;bemanicn
奇迹未来城玉林玉州万达广场店,广西壮族自治区玉林市玉州区万达广场二楼奇迹未来城,22.6596700,110.1768660,maimai_dx,,,wahlap
奇迹未来城醴陵星悦茂店,湖南省醴陵市青云路星悦茂D区,27.8284700,113.1306240,maimai_dx,,maimai_dx:1,wahlap;bemanicn
奇迹未来城（玉林万达店）,名山街道金玉路与胜利路交叉口万达广场2楼,22.6567050,110.1726980,maimai_dx;other,,maimai_dx:1,bemanicn
奇迹童年家庭娱乐中心（奥特莱斯店）,嵩山路街道天台路80号润鲨奥特莱斯2楼,27.8293870,113.1225270,maimai_dx;taiko,,maimai_dx:1;taiko:1,bemanicn
奇迹童年株洲天元奥特莱斯店,湖南省株洲市天元区奥特莱斯二楼2010奇迹童年,27.8353340,113.1291020,maimai_dx,,,wahlap
奇迹风云会秦皇岛茂业天地店,河北省秦皇岛市海港区河北大街西段茂业天地4楼奇迹风云会,39.8888760,119.5146500,jubeat;maimai_dx;taiko,,jubeat:2;maimai_dx:2;taiko:1,wahlap;bemanicn
奇遇电玩乐园,嘉辉购物（原隆发）二楼,34.3419220,108.9364400,taiko,,taiko:1,bemanicn
奈斯家庭娱乐中心苏州店,江苏省苏州市常熟市虞山街道方塔步行街7-2号楼奈斯家庭娱乐中心,31.3039470,120.5824370,chunithm;maimai_dx,,chunithm:2;maimai_dx:1,wahlap;bemanicn
奎屯友好国际影城&环球嘉年华,奎屯友好4楼,43.9153190,81.3233390,chunithm;maimai_dx,,chunithm:2;maimai_dx:1,bemanicn
奕部落科技动漫城,商城大道与武溪北街交叉口爱琴海购物公园3楼,29.0836470,119.6373270,maimai_dx,,maimai_dx:1,bemanicn
奕部落金华义乌爱琴海店,浙江省金华市义乌市廿三里街道爱琴海购物公园三楼奕部落科技动漫城,29.0791720,119.6407610,maimai_dx,,,wahlap
奥尔曼嘉年华北京龙旗广场店,北京市昌平区黄平路19号龙旗购物中心F2层,40.0648443,116.3409647,maimai_dx;other,,maimai_dx:1,bemanicn;ziv
奥尔曼嘉年华昌平龙旗购物中心店,北京市昌平区黄平路19号龙旗购物中心F2层奥尔曼嘉年华,40.2163930,116.2282110,maimai_dx,,,wahlap
奥康潮玩城滁州全椒店,安徽省滁州市全椒县奥康商业步行街新华街1号奥康潮玩城,32.2595320,118.3264160,maimai_dx,,,wahlap
奥纪电玩城汕尾明珠店,广东省汕尾市城区香洲路明珠广场三楼奥纪电玩城,22.7928910,115.3715530,maimai_dx,,maimai_dx:1,wahlap;bemanicn
奥飞欢乐世界北京龙湖天街店,北京市房山区龙湖天街,39.7473380,116.1400860,chunithm;maimai_dx,,,wahlap
奥飞欢乐世界太原来福店,山西省太原市万柏林区世纪联华来福购物中心三楼,37.8745050,112.5407520,maimai_dx,,maimai_dx:1,wahlap;bemanicn
好世界家庭娱乐中心,江苏省徐州市新沂市临沭路与段家巷步行街交叉口西北侧新悦广场2F，2-30号好世界家庭娱乐中心,34.2061480,117.2808200,maimai_dx;taiko,,maimai_dx:1;taiko:1,bemanicn
好世界徐州新沂店,"江苏省徐州市新沂市新悦广场2F,2-30号好世界家庭娱乐中心",34.2006960,117.2789070,maimai_dx,,,wahlap
好又多购物广场 (宜君县),"Southeast 20 meters from the intersection of Xingyi Road and Yiy Yijun County Tongchuan Shannxi, 727200, Tongchuan",35.3976343,109.1118389,other,,,ziv
好好次元伊宁山东路店,新疆维吾尔自治区伊犁哈萨克自治州伊宁市伊宁市开发区山东路1501号家乡好超市三楼,43.9128400,81.3176140,maimai_dx,,,wahlap
好好次元（山东路家乡好店）,伊宁市新开区山东路与深圳南路交叉口东240米家乡好超市三楼,43.9106260,81.3220190,maimai_dx;taiko,,maimai_dx:1;taiko:1,bemanicn
好宜多电玩城惠州惠阳店,广东省惠州市惠阳区淡水镇南门东街好宜多商贸广场五楼电玩城,23.1171420,114.4095130,maimai_dx;other,,maimai_dx:1,wahlap;bemanicn
好抓娃娃城阳万达店（青悦里）,青特万达1楼5号门青悦里,36.0658670,120.3800560,maimai_dx,,maimai_dx:1,bemanicn
好抓娃娃青岛万达广场店,山东省青岛市城阳区青特万达广场一楼娃娃机,36.0681680,120.3806530,maimai_dx,,,wahlap
好特电玩柳州五星店,广西柳州市城中区解放南路87号两面针大厦负一楼好特电玩五星店,24.3270680,109.4204330,jubeat;maimai_dx;other,,jubeat:1;maimai_dx:1,wahlap;bemanicn
好特电玩（地王店）,广场路10号地王新天地6层,24.3305150,109.4250050,other,,,bemanicn
好特电玩（玉州路店）,玉州路130号名流商城2层,22.6592150,110.1762940,other;taiko,,taiko:1,bemanicn
好玩的家庭娱乐中心(胖东来天使城店),八龙路与建安大道交叉口,34.0405860,113.8427510,chunithm;jubeat;maimai_dx,,chunithm:2;jubeat:2;maimai_dx:1,bemanicn
好玩谷动漫游乐（唐山丰润万达店）,河北省唐山市丰润区万达广场2F-B好玩谷(唐山丰润万达店),39.6336470,118.1715380,maimai_dx;other;taiko,,maimai_dx:1;taiko:1,bemanicn
好玩谷动漫游戏主题乐园东莞店,广东省东莞市南城莱蒙商业中心三楼好玩谷动漫游戏主题乐园,23.0218450,113.7518040,maimai_dx;other;taiko,,maimai_dx:1;taiko:1,wahlap;bemanicn
好玩谷唐山市丰润区万达广场店,河北省唐山市丰润区万达广场2F-B,39.6299680,118.1696610,maimai_dx,,,wahlap
好酷好玩动漫电玩城,马营镇高新cbd财富大厦正门,34.3654270,107.2377590,maimai_dx;taiko,,maimai_dx:1;taiko:1,bemanicn
好酷好玩宝鸡高新财富大厦店,陕西省宝鸡市高新区高新大道50号财富大厦北一层好酷好玩潮玩馆,34.3592570,107.2310080,maimai_dx,,,wahlap
好酷好玩电玩城,"Main Entrance of Fortune Building, High-tech CBD Maying Town, Weibin District Baoji Shannxi, 721004, Baoji",34.3473470,107.2268200,maimai_dx;other;taiko,,,ziv
好酷好玩赣州章贡店,江西省赣州市章贡区红旗大道南门Q park4楼好酷好玩游乐汇,25.8325250,114.9315140,maimai_dx,,,wahlap
威伲斯电玩城,威伲斯电玩城集贸店,42.8817350,125.1364460,maimai_dx;other,,maimai_dx:1,bemanicn
威尼斯辽源东旺店,吉林省辽源市步行街东旺集贸三楼威伲斯电玩馆,42.8892780,125.1334950,maimai_dx,,,wahlap
威龙传奇 Viking Glory Game Center @ Shanghai,"2F West, Wanda Plaza Songjiang, Guangfulin Road Songjiang District Shanghai Shanghai, 201620, Shanghai",31.0600459,121.2388083,maimai_dx;other;taiko,,maimai_dx:3;taiko:1,ziv
威龙传奇威海店,山东省威海市环翠区威高购物广场B馆负一层威龙传奇,37.5152360,122.1113150,maimai_dx;other,,maimai_dx:1,wahlap;bemanicn
威龙传奇德州齐河县万达店,山东省德州市齐河县万达广场三楼威龙传奇,37.4321910,116.3516570,maimai_dx,,maimai_dx:2,wahlap;bemanicn
威龙传奇松江万达店,上海市松江区万达广场二号门二楼威龙传奇,31.0340890,121.2281500,maimai_dx;taiko,,maimai_dx:3;taiko:1,wahlap;bemanicn
威龙传奇济南世茂广场店,山东省济南市历下区泉城路26号世茂国际广场东座3楼E322威龙传奇,36.6541890,117.1092560,maimai_dx;other,,maimai_dx:1,wahlap;bemanicn
威龙传奇济南华山环宇城店,山东省济南市将军路华山环宇城,36.6494440,117.1162050,maimai_dx,,,wahlap
威龙传奇滕州万达广场店,山东省枣庄市滕州市万达广场三楼威龙传奇,34.8098440,117.3193800,maimai_dx,,,wahlap
威龙传奇潍坊奎文店,山东省潍坊市奎文区泰华新天地三楼威龙传奇电玩城,36.7095350,119.1541470,maimai_dx;other,,maimai_dx:2,wahlap;bemanicn
威龙传奇潍坊奎文泰华新天地店,山东省潍坊市奎文区泰华新天地三楼威龙传奇电玩城,36.7066140,119.1527200,maimai_dx,,,wahlap
娱乐侠泰安泰山万达店,山东省泰安市泰山区泰山大街566号3F,36.1991120,117.0823150,chunithm;maimai_dx,,,wahlap
娱乐侠（泰安万达店）,万达广场3楼,36.2000330,117.0751040,chunithm;maimai_dx;taiko,,chunithm:2;maimai_dx:2;taiko:1,bemanicn
娱乐空间站,中亚南路198号德港万达6楼娱乐空间站,43.8275330,87.6184870,maimai_dx,,maimai_dx:1,bemanicn
娱乐至上成都武侯世豪店,四川省成都市武侯区世豪广场四楼娱乐至上,30.5776570,104.0659850,maimai_dx,,,wahlap
娱乐至上成都都江堰店,四川省成都市都江堰市幸福街道幸福社区都江堰大道106号1号楼4层13b室,30.5756770,104.0610230,maimai_dx;other,,maimai_dx:1,wahlap;bemanicn
娱乐至上成都锦江大融城店,四川省成都市锦江区喜树街35号大融城三楼娱乐至上,30.5794070,104.0638280,maimai_dx,,maimai_dx:1,wahlap;bemanicn
娱乐至上（世豪广场店）,高新区剑南大道中段998号1栋4层C411,30.5708050,104.0670230,maimai_dx;other,,maimai_dx:1,bemanicn
娱人港湾（金查理小镇店）,旅游路与常山大道交叉口金查理小镇3-1,36.7057770,119.1500270,drs;sdvx;taiko,,drs:1;sdvx:2;taiko:1,bemanicn
娱代天骄 家庭娱乐中心（济南华山环宇城店）,将军路1688号华山环宇城3楼330-331号（南侧区域3楼）,36.6518250,117.1188080,maimai_dx;other,,maimai_dx:1,bemanicn
嬉游潮玩东莞麻涌店,广东省东莞市麻涌镇南峰路嘉荣荟三楼嬉游潮玩家庭娱乐中心,23.0239460,113.7436440,maimai_dx,,maimai_dx:1,wahlap;bemanicn
嬉游潮玩广州增城新塘店,广东省广州市增城区新塘镇新福路9号新塘万达广场三楼3F-A,23.1314840,113.2573450,maimai_dx;other,,maimai_dx:1,wahlap;bemanicn
子洋联盟(砂之船店),月亮岛路与金星北路交汇处砂之船奥特莱斯L3层UME影城旁,28.2283120,112.9367640,chunithm;maimai_dx;other,,chunithm:2;maimai_dx:2,bemanicn
子洋联盟吾悦广场店,氐星路吾悦广场三楼,27.7036170,111.9919240,maimai_dx,,maimai_dx:1,bemanicn
子洋联盟娄底娄星吾悦广场店,娄底市娄星区娄底吾悦广场子洋联盟,27.7065010,111.9870110,maimai_dx,,,wahlap
子洋联盟娄底开成商悦广场店,湖南省娄底市涟源市蓝田街道开成商悦广场三楼子洋联盟,27.7008340,111.9890070,maimai_dx,,maimai_dx:1,wahlap;bemanicn
子洋联盟宜昌水悦城店,湖北省宜昌市高新区发展大道水悦城四楼409A子洋联盟,30.6967320,111.2825480,chunithm,,,wahlap
子洋联盟宜昌西陵水悦城店,湖北省宜昌市西陵区水悦城四楼子洋联盟,30.6998120,111.2826680,maimai_dx,,,wahlap
子洋联盟家庭娱乐中心(宜昌水悦城店),西陵区发展大道13号水悦城四楼409,30.6924420,111.2826980,chunithm;maimai_dx,,chunithm:2;maimai_dx:1,bemanicn
子洋联盟潮玩汇(黄石团城山万达店),下陆区广州路30路团城山万达广场2F层-A铺,30.2013580,115.0371570,maimai_dx,,maimai_dx:1,bemanicn
子洋联盟潮玩汇黄石店,湖北省黄石市下陆区团城山万达广场2楼子洋联盟潮玩汇,30.1994460,115.0326580,maimai_dx,,,wahlap
子洋联盟长沙岳麓华润店,湖南省长沙市岳麓区枫林三路华润欢乐颂LG层子洋联盟,28.2320060,112.9302950,maimai_dx,,,wahlap
子洋联盟长沙才子汇店,湖南省长沙市望城区聚源路才子汇2楼子洋联盟,28.2289590,112.9302940,maimai_dx,,maimai_dx:1,wahlap;bemanicn
子洋联盟长沙望城奥莱店,湖南省长沙市望城区金星北路砂之船奥莱3楼子洋联盟动漫体验中心,28.2327980,112.9312320,chunithm;maimai_dx,,,wahlap
子洋联盟长沙高铁吾悦店,湖南省长沙市雨花区块东山街道劳动东路1058号长沙高铁吾悦广场Z12号,28.2345780,112.9303540,chunithm;maimai_dx;other,,chunithm:2;maimai_dx:1,wahlap;bemanicn
孝感吾悦广场天空之城,吾悦广场二楼天空之城,30.9233490,113.9474810,maimai_dx;other,,maimai_dx:1,bemanicn
孝感吾悦广场潮玩街区,吾悅广场孝感店3楼,30.9160350,113.9502370,maimai_dx,,maimai_dx:1,bemanicn
孩皮吧咸宁咸安同惠店,湖北省咸宁市咸安区同惠国际广场三楼孩皮吧,29.8403370,114.3194570,chunithm;maimai_dx,,,wahlap
孩皮吧（同惠国际广场店）,咸安区温泉咸宁大道与银泉大道交汇口同惠国际广场3楼,29.8443750,114.3201320,chunithm;maimai_dx,,chunithm:2;maimai_dx:1,bemanicn
宁波工程学院,"147号-191号 Feng Hua Lu Ningbo Zhejiang, 315032, Ningbo",29.9109633,121.6119830,ddr;iidx;maimai_dx;nostalgia;other;sdvx;taiko,,ddr:1;iidx:2;maimai_dx:2;nostalgia:1;sdvx:1;taiko:1,ziv
宅漫游电玩工作室,两江新区红鼎国际C座,29.6443100,106.5645300,chunithm;maimai_dx;taiko,,chunithm:2;maimai_dx:1;taiko:1,bemanicn
宅漫游重庆观音桥红鼎国际店,重庆市两江新区观音桥红鼎国际C座23-10,29.6430370,106.5663970,maimai_dx,,,wahlap
宇宙星球吕梁离石永宁店,山西省吕梁市离石区莲花池街道龙凤南大街永宁国际购物中心四楼宇宙星球,37.5190810,111.1416650,maimai_dx,,maimai_dx:1,wahlap;bemanicn
宇宙星球高平红旗店,山西省高平市红旗新天地4楼宇宙星球,35.4876200,112.8472020,maimai_dx,,maimai_dx:1,wahlap;bemanicn
宇宙潮玩九江湖口千艺江湖汇店,九江市湖口县景湖路人民银行旁千艺江湖汇L2层2001号铺,29.6617270,115.9449090,maimai_dx,,,wahlap
宇宙英雄大连金州店,辽宁省大连金州区斯大林路286号向应广场地下商业街地一城宇宙英雄电玩城,38.9164960,121.6126050,maimai_dx,,,wahlap
宇宙队长上饶广信万慧店,上饶市广信区旭日北大道12号万慧广场二楼2F-A宇宙队长,28.4573050,117.9400450,maimai_dx,,,wahlap
宇宙队长上饶弋阳东华店,江西省上饶市弋阳县南岩镇招贤路1号东华时代广场二层3F,28.4616680,117.9388750,maimai_dx,,,wahlap
宇宙队长上饶玉山店,江西省上饶市玉山县天街3楼宇宙队长,28.4623120,117.9341030,maimai_dx,,maimai_dx:1,wahlap;bemanicn
宇宙队长上饶铅山天街店,江西省上饶市铅山县河口镇狮江大道100号铅山天街商场三楼,28.4611960,117.9365260,maimai_dx,,,wahlap
宇宙队长千艺店,湖口县双钟镇千艺-江湖汇2楼宇宙队长,29.6686830,115.9462730,maimai_dx,,maimai_dx:1,bemanicn
宇宙队长南昌安义店,江西省南昌市安义县龙津镇迎宾大道新鹏泰超市一搂宇宙队长电玩城,28.6864530,115.8509010,maimai_dx;other,,maimai_dx:1,wahlap;bemanicn
宇宙队长南昌爱和汇店,江西省南昌县爱和汇生活广场二楼宇宙队长,28.6893290,115.8560580,maimai_dx,,maimai_dx:2,wahlap;bemanicn
宇宙队长南昌进贤嘉禾店,江西省南昌市进贤县民和镇嘉禾广场鹏颂百货商场3楼宇宙队长,28.6862480,115.8494120,chunithm;maimai_dx;other,,chunithm:1;maimai_dx:1,wahlap;bemanicn
宇宙队长宜春铜鼓世茂广场店,江西省宜春市铜鼓县世贸广场二楼宇宙队长,27.8223150,114.4136290,maimai_dx,,,wahlap
宇宙队长成都云欣广场店,四川省成都市邛崃市瑞云欣广场二楼宇宙队长,30.5778740,104.0657580,maimai_dx,,,wahlap
宇宙队长武夷山店,清献大道190号万兆广场一楼,27.3837230,118.0805880,maimai_dx,,maimai_dx:1,bemanicn
宇宙队长泉州德化万达店,福建省泉州市德化县龙浔镇瓷都大道398号万达广场二楼270室宇宙队长,24.8793630,118.6689270,maimai_dx,,maimai_dx:2,wahlap;bemanicn
宇宙队长电玩城（邛崃店）,邛崃市瑞云欣广场二楼,30.5789280,104.0630670,maimai_dx,,maimai_dx:1,bemanicn
宇宙队长赣州全南江畔湾店,江西省赣州市全南县江畔湾广场宏昌超市1楼,25.8321990,114.9249910,maimai_dx,,,wahlap
宇宙队长黄冈武穴好又多店,湖北省黄冈市武穴市永宁大道与龙潭路交汇处好又多超市二楼,30.4540070,114.8693080,maimai_dx;taiko,,maimai_dx:1;taiko:1,wahlap;bemanicn
宇宙队长黄冈武穴雅斯店,湖北省黄冈市武穴市武穴街道雅斯广场3楼F3-1宇宙队长店铺,30.4544030,114.8631890,maimai_dx,,,wahlap
宇宙队长（上饶万慧店）,"旭日北大道万慧广场2020,2021,2022号",28.4567850,117.9392950,maimai_dx,,maimai_dx:1,bemanicn
宇宙队长（全南店）,宇宙队长全南店（嘉莱影城旁边）,25.8395230,114.9289550,maimai_dx,,maimai_dx:1,bemanicn
宇宙队长（武穴武商店）,武商购物中心3层L3-A-01-02,30.4532930,114.8722120,maimai_dx,,maimai_dx:1,bemanicn
宇宙队长（雅斯店）,北川路雅斯广场3层F3-1,30.4595870,114.8714240,maimai_dx;other,,maimai_dx:2,bemanicn
宇鑫动漫城,本溪满族自治县观音阁街道书苑巷与滨河西路交叉口正南方向161米左右,41.2946250,123.7579190,other,,,bemanicn
完美攻略（SM城市广场）,般阳路8号SM广场2楼完美攻略,36.8114480,118.0481110,maimai_dx,,maimai_dx:1,bemanicn
宜昌奇奇乐园CBD店,夷陵大道58号CBD购物中心3楼,30.6928680,111.2781730,maimai_dx;other,,maimai_dx:1,bemanicn
宜春万达广场橙柿潮玩,江西省宜春市袁州区万达广场三楼京东自营店旁边,27.8194180,114.4090040,other,,,bemanicn
宜都壹零壹潮漫电玩,陆城宜华大道102号,30.6949390,111.2787160,maimai_dx,,maimai_dx:1,bemanicn
宝乐城南京万达茂店,江苏省南京市栖霞区茂民路栖霞区南京万达茂(茂民路东50米),32.0606580,118.7940810,chunithm;maimai_dx;taiko,,chunithm:2;maimai_dx:4;taiko:1,bemanicn
宝乐城南京栖霞万达茂店,江苏省南京市栖霞区南京万达茂1号门三楼宝乐城,32.0590790,118.7890960,chunithm;maimai_dx,,,wahlap
宝乐城淮安水渡口万达店,翔宇大道与水渡口交叉口东北角3楼,33.5556430,119.1102190,chunithm;maimai_dx;taiko,,chunithm:2;maimai_dx:2;taiko:1,bemanicn
宝乐城游乐园南京栖霞南京万达茂店,南京市栖霞区南京万达茂1号门三楼宝乐城,32.0664200,118.7931220,maimai_dx,,,wahlap
宝乐城游乐园沭阳吾悦广场店,江苏省宿迁市沭阳县台州南路吾悦广场1号门三楼宝乐城游乐园,33.9661210,118.2755150,chunithm;maimai_dx,,,wahlap
宝乐城游乐园沭阳金王朝大酒店店,江苏省宿迁市沭阳县人民中路金王朝大酒店一楼沭阳宝乐城,33.9674210,118.2698200,chunithm;maimai_dx,,,wahlap
宝乐城游乐园淮安万达店,江苏省淮安市万达广场三楼,33.5494140,119.1069220,chunithm;maimai_dx,,,wahlap
宝乐城潮人电玩（沭阳华氏大厦店）,沭城街道人民路41号乐天玛特对面,33.9670160,118.2674350,chunithm;maimai_dx;taiko,,chunithm:2;maimai_dx:2;taiko:1,bemanicn
宝乐城郯城福隆店,山东省临沂市郯城县商业街宝乐城,35.1055930,118.3470200,maimai_dx,,,wahlap
宝乐城（沭阳吾悦广场店）,沭阳吾悦广场三楼北边往里走,33.9615550,118.2677240,chunithm;maimai_dx;taiko,,chunithm:2;maimai_dx:1;taiko:1,bemanicn
宝古力重庆江岸天街店,重庆市南岸区龙湖江岸天街3楼宝古力,29.4991060,106.6430570,maimai_dx,,maimai_dx:1,wahlap;bemanicn
宝诺瓦南京建邺金鹰世界店,江苏省南京市建邺区应天大街888号金鹰世界3楼,32.0654900,118.7898290,maimai_dx,,maimai_dx:2,wahlap;bemanicn
宝诺瓦南京浦口弘阳广场店,江苏省南京市浦口区大桥北路48号弘阳广场B1-3F-22铺位,32.0624810,118.7933340,maimai_dx,,,wahlap
宝诺瓦电玩世界,大桥北路48号弘阳广场B馆3F-22,32.0651180,118.7884330,maimai_dx,,maimai_dx:2,bemanicn
宝贝乐翻天温州银泰店,浙江省温州市大南街道荷花路世贸银泰B馆三楼3009号,27.9984310,120.6909710,maimai_dx,,,wahlap
宝贝乐翻天（温州世贸店）,世贸银泰B座3楼,28.0004180,120.6982180,maimai_dx,,maimai_dx:1,bemanicn
宝贝王 Baby King (星河 World),"2nd Floor, Galaxy World Shopping, No.1 Yabao Road Longgang District 龙岗区 Shenzhen City 深圳市 Guangdong Province 广东省, 518127, Shenzhen City 深圳市",22.6067758,114.0543670,chunithm;maimai_dx;other;taiko,,chunithm:2;maimai_dx:2;taiko:2,ziv
宝贝王(榆林万达广场),"3rd floor, Wanda Shopping Mall(万达广场), 长兴路 Yuyang District Yulin Shannxi, 719000, Yulin",38.2468467,109.7482145,maimai_dx;other,,,ziv
宝贝王/星际梦想城（二七万达店）,大学路与航海路交叉口二七万达广场3楼,34.7494480,113.6180550,chunithm;maimai_dx;taiko,,chunithm:2;maimai_dx:3;taiko:1,bemanicn
宝贝王Wanda Kid（捌食捌街店）,"2F, 88 LIFE MALL, Guangyao Dongfang Plaza Block S, No.1 Haidian District Beijing Beijing, 100080, Beijing",39.8981710,116.3164784,maimai_dx,,,ziv
宝贝王三明万达店,福建省三明区万达广场一楼宝贝王,26.2665360,117.6314360,maimai_dx,,,wahlap
宝贝王上海浦江万达店,上海市闵行区永跃路360号3F-A室三楼万达宝贝王,31.1159710,121.3721230,maimai_dx,,maimai_dx:1,wahlap;bemanicn
宝贝王东莞厚街万达店,广东省东莞市厚街镇康乐北路8号万达广场一楼宝贝王,23.0231030,113.7439580,maimai_dx,,maimai_dx:1,wahlap;bemanicn
宝贝王乐园(萝岗万达店),萝岗科丰路89号萝岗万达广场2层,23.1319530,113.2638340,chunithm;maimai_dx,,chunithm:2;maimai_dx:2,bemanicn
宝贝王乐园芜湖南陵店,安徽省芜湖市南陵县籍山镇雄风购物中心二楼宝贝王乐园,31.3512910,118.4249780,maimai_dx,,maimai_dx:1,wahlap;bemanicn
宝贝王乐园（涪城万达店）,涪城区花园路万达广场百货楼Z-1-3F-A-B,31.4675140,104.6776030,chunithm;maimai_dx;taiko,,chunithm:2;maimai_dx:1;taiko:1,bemanicn
宝贝王乐山乐青万达店,四川省乐山市乐青路万达广场1楼宝贝王,29.5544300,103.7663090,maimai_dx,,,wahlap
宝贝王亳州蒙城万达店,安徽省亳州市蒙城县万达广场二楼宝贝王,33.8448130,115.7781240,maimai_dx,,,wahlap
宝贝王余杭店,浙江省杭州市文一路1888号万达广场3F,30.2480650,120.2110630,chunithm;maimai_dx,,,wahlap
宝贝王六安金安万达店,安徽省六安市金安区万达广场1BF宝贝王乐园,31.7396310,116.5085740,maimai_dx,,,wahlap
宝贝王包头青山万达店,内蒙古包头市青山区万达广场二楼宝贝王,40.6222860,109.9448670,chunithm;maimai_dx;taiko,,chunithm:2;maimai_dx:1;taiko:1,wahlap;bemanicn
宝贝王北京昌平万达广场店,北京市昌平区沙河镇万达广场3f宝贝王家庭娱乐中心,40.2179530,116.2198770,maimai_dx,,,wahlap
宝贝王北京海淀羊坊捌食捌店,北京市北京市海淀区羊坊店路18号2幢2层201 宝贝王家庭娱乐中心北京捌食捌街店,39.9539650,116.2948540,maimai_dx,,,wahlap
宝贝王北京通州万达店,北京市通州区新华西街58号万达广场2层宝贝王,39.9137890,116.7171830,chunithm;maimai_dx;taiko,,chunithm:2;maimai_dx:3;taiko:1,wahlap;bemanicn
宝贝王南京雨花台万象天地店,江苏省南京市雨花台区万象天地L312宝贝王家庭娱乐中心,32.0592290,118.7917130,maimai_dx,,,wahlap
宝贝王南昌青云谱店,江西省南昌市青云谱区洪城路158号王府井购物中心三楼宝贝王乐园,28.6850340,115.8501040,maimai_dx;other,,maimai_dx:1,wahlap;bemanicn
宝贝王合川中奥城店,重庆市合川区中奥城新重百3楼宝贝王,29.9725710,106.2690270,maimai_dx,,,wahlap
宝贝王合肥万达广场店,安徽省合肥市巢湖市东塘路80号万达广场三楼万达宝贝王,31.8263740,117.2231720,maimai_dx,,,wahlap
宝贝王吕梁离石悦尚时光里店,山西省吕梁市离石区北川河东路188号悦尚时光里3楼宝贝王,37.5140410,111.1419190,maimai_dx,,,wahlap
宝贝王吴忠利通万达广场店,宁夏回族自治区吴忠市利通区万达广场三楼宝贝王,37.9971330,106.2008870,chunithm;maimai_dx,,,wahlap
宝贝王咸宁咸安万达广场店,湖北省咸宁市咸安区温泉街道万达二楼宝贝王,29.8411350,114.3171610,maimai_dx,,,wahlap
宝贝王商丘夏邑宏佰百货店,河南省商丘市夏邑县城关镇宏佰百货三层宝贝王乐园,34.4122420,115.6527950,maimai_dx,,,wahlap
宝贝王大连高新万达店,辽宁省大连市甘井子区黄埔路500号高新万达广场2楼宝贝王,38.9112330,121.6133010,maimai_dx,,maimai_dx:2,wahlap;bemanicn
宝贝王天水秦州万达店,甘肃省天水市秦州区秦州万达三楼宝贝王,34.5815910,105.7256670,maimai_dx,,,wahlap
宝贝王天河欢乐颂店,中山大道中1116号广州天河欢乐颂3层,23.1308180,113.2606420,maimai_dx;taiko,,maimai_dx:4;taiko:1,bemanicn
宝贝王太原王府井百货店,山西省太原市小店区亲贤街99号太原王府井百货有限责任公司F3-2G00,37.8701280,112.5409220,maimai_dx,,,wahlap
宝贝王安徽阜阳万达店,安徽省阜阳市颍州区淮河路万达广场二楼宝贝王,32.8906170,115.8041700,chunithm;maimai_dx,,,wahlap
宝贝王安阳北关印象汇店,河南省安阳市北关区印象汇三楼宝贝王,36.0994420,114.3827900,maimai_dx,,,wahlap
宝贝王安阳滑县新悦城店,河南省安阳市滑县中州大道中段新悦城一楼南厅宝贝王,36.0952970,114.3861750,maimai_dx,,maimai_dx:1,wahlap;bemanicn
宝贝王宏佰百货店,商丘市夏邑县宏佰百货3楼宝贝王,34.4125180,115.6481880,maimai_dx,,maimai_dx:1,bemanicn
宝贝王宜宾叙州万达店,四川省宜宾市叙州区南岸街道航天路南段7号万达广场三楼（万达宝贝王）,28.7527850,104.6408160,maimai_dx,,,wahlap
宝贝王宜昌伍家岗万达广场店,湖北省宜昌市伍家岗万达广场三楼宝贝王,30.6965540,111.2816730,maimai_dx,,,wahlap
宝贝王宜昌伍家岗万达店,湖北省宜昌市伍家岗区万达广场三楼,30.6968010,111.2857060,chunithm;maimai_dx,,chunithm:1;maimai_dx:2,wahlap;bemanicn
宝贝王宜春袁州万达店,江西省宜春市袁州区万达广场一楼宝贝王,27.8242550,114.4138780,maimai_dx,,,wahlap
宝贝王家庭娱乐中心,漯河西城万达广场二楼,33.5839930,114.0155600,maimai_dx,,maimai_dx:1,bemanicn
宝贝王家庭娱乐中心(万达店),魏都区许都路与魏文路交叉口万达广场3层,34.0348800,113.8498540,maimai_dx,,maimai_dx:1,bemanicn
宝贝王家庭娱乐中心(平顶山万达店),万达广场三楼,33.7706260,113.1870020,maimai_dx;other,,maimai_dx:2,bemanicn
宝贝王家庭娱乐中心(悦尚·时光里店),离石区文丰路悦尚时光里三楼,37.5156010,111.1420130,maimai_dx,,maimai_dx:1,bemanicn
宝贝王家庭娱乐中心(枣庄万达店),永兴路与燕山路交汇处万达广场1层,34.8158090,117.3161860,maimai_dx,,maimai_dx:1,bemanicn
宝贝王家庭娱乐中心(融创茂店),经十路济南融创茂,36.6509490,117.1087250,maimai_dx;other,,maimai_dx:2,bemanicn
宝贝王家庭娱乐中心（惠济万达店）,惠济万达广场2号门一楼,34.7446620,113.6151990,maimai_dx,,maimai_dx:1,bemanicn
宝贝王家庭娱乐中心（捌食捌街店）,羊坊店路18号光耀东方广场S座捌食捌街LIFE MALL 2F,39.8987970,116.4002920,maimai_dx,,maimai_dx:1,bemanicn
宝贝王家庭娱乐中心（昆山天虹店）,经济开发区中华园路1555号昆山天虹购物中心3楼,31.3019850,120.5836760,maimai_dx,,maimai_dx:1,bemanicn
宝贝王家庭娱乐中心（霍邱万达店）,城隍庙大街123号,31.7371370,116.5168670,maimai_dx,,maimai_dx:1,bemanicn
宝贝王山东德州万达广场店,山东省德州市德城区新华街道办事处湖滨南大道与新河路交汇处669号万达广场购物中心娱乐2F-A,37.4315960,116.3494870,chunithm;maimai_dx,,,wahlap
宝贝王山东烟台万达店,山东省烟台市开发区万达广场1楼宝贝王,37.4647790,121.4388260,maimai_dx,,,wahlap
宝贝王常德万达店,万达广场1F 1F-A号,29.0318490,111.6928660,maimai_dx;other;taiko,,maimai_dx:1;taiko:1,bemanicn
宝贝王常德武陵万达店,湖南省常德市武陵万达广场一楼1F-1A宝贝王,29.0328210,111.6962820,maimai_dx,,,wahlap
宝贝王平顶山卫东万达店,河南省平顶山市卫东区万达广场三楼宝贝王,33.7682230,113.1889390,maimai_dx,,,wahlap
宝贝王广州天河欢乐颂店,广东省广州天河区中山大道1116号欢乐颂三楼宝贝王乐园,22.5158010,113.3906610,maimai_dx,,,wahlap
宝贝王广州白云安华汇店,广东省广州市白云区白云大道北 880号安华汇北馆三楼,23.1316650,113.2634000,maimai_dx,,,wahlap
宝贝王广州萝岗万达店,广州市黄埔区科丰路89号萝岗万达广场2楼宝贝王,23.1299400,113.2632540,chunithm;maimai_dx,,,wahlap
宝贝王徐州云龙万达店,江苏省徐州市云龙区和平大道58号万达广场2楼宝贝王,34.2007760,117.2759100,maimai_dx;other,,maimai_dx:1,wahlap;bemanicn
宝贝王徐州睢宁万达店,江苏省徐州市睢宁县永昶路万达广场二楼宝贝王家庭娱乐中心,34.2039660,117.2831820,maimai_dx;other,,maimai_dx:1,wahlap;bemanicn
宝贝王惠州大亚湾万达店,广东省惠州市大亚湾万达广场三楼宝贝王,23.1120800,114.4098920,chunithm;maimai_dx,,,wahlap
宝贝王成都青羊店,四川省成都市青羊区蓝润摩里中心三楼宝贝王,30.5771330,104.0598140,maimai_dx,,,wahlap
宝贝王成长乐园（晋城万达店）,万达广场三楼（白水街）,35.4932550,112.8496230,maimai_dx;taiko,,maimai_dx:1;taiko:1,bemanicn
宝贝王成长乐园（蓝润摩里店）,二环路西二段12号1栋3层1号,30.5779390,104.0632020,maimai_dx,,maimai_dx:1,bemanicn
宝贝王抚州临川万达店,江西省抚州市临川区迎宾大道688号万达广场万达宝贝王1F,27.9552230,116.3555680,maimai_dx,,,wahlap
宝贝王抚顺新抚万达店,辽宁省抚顺市新抚区过河南路中段万达广场2楼宝贝王,41.8773340,123.9544990,maimai_dx,,,wahlap
宝贝王新乡牧野万达店,河南省新乡市牧野区宏力大道万达广场三楼,35.3050870,113.9151990,maimai_dx,,,wahlap
宝贝王无锡江阴万达店,江苏省无锡市江阴万达广场2楼2001商铺宝贝王,31.4966450,120.3036270,maimai_dx;taiko,,maimai_dx:1;taiko:1,wahlap;bemanicn
宝贝王晋中榆次无限城店,晋中市榆次区龙湖大街无限城c栋宝贝王,37.6852830,112.7447270,maimai_dx,,maimai_dx:1,wahlap;bemanicn
宝贝王极速时代（万达广场店）,万达广场1楼,34.6002140,119.2138440,maimai_dx;other,,maimai_dx:1,bemanicn
宝贝王枣庄滕州万达店,山东枣庄市滕州市龙泉街道万达广场二楼万达宝贝王,34.8094590,117.3140500,maimai_dx,,,wahlap
宝贝王柳州万达广场店,广西壮族自治区柳州市万达广场二楼宝贝王乐园,24.3285710,109.4291270,maimai_dx,,,wahlap
宝贝王桂林七星万达店,广西桂林市七星区穿山东路43号万达广场2楼娱乐2F-A宝贝王,25.2370070,110.1727780,maimai_dx,,,wahlap
宝贝王榆林榆阳万达店,陕西省榆林市榆阳区万达广场二楼宝贝王,38.2867990,109.7249910,maimai_dx,,maimai_dx:1,wahlap;bemanicn
宝贝王泉州晋江万达娱乐楼店,泉州市晋江万达娱乐楼 201 室,24.8823550,118.6734910,maimai_dx,,,wahlap
宝贝王济南融创茂店,山东省济南市历城区融创茂1楼宝贝王,36.6521490,117.1174310,maimai_dx,,,wahlap
宝贝王济宁太白路万达店,山东省济宁市太白路万达广场2楼蓝海豚宝贝王,35.4121540,116.5856520,maimai_dx,,,wahlap
宝贝王海口秀英万达店,海南省海口市秀英区海榆中线万达广场一楼万达宝贝王成长乐园,20.0432170,110.1949460,maimai_dx,,maimai_dx:1,wahlap;bemanicn
宝贝王淄博张店印象汇店,山东省淄博市张店区柳泉路67号印象汇三楼宝贝王,36.8178750,118.0457540,maimai_dx,,,wahlap
宝贝王淮北相山万达广场店,安徽省淮北市淮北市相山区南湖路万达广场三楼宝贝王,33.9596230,116.7941540,maimai_dx,,,wahlap
宝贝王深圳福田cocopark店,广东省深圳市福田区福田星河Cocopark二期1F宝贝王家庭欢乐中心,22.5441220,114.0524820,maimai_dx,,,wahlap
宝贝王深圳龙岗店,广东省深圳市龙岗区坂田街道星河worldcocopark一楼宝贝王家庭欢乐中心,22.5479530,114.0475180,chunithm;maimai_dx,,,wahlap
宝贝王漯河源汇万达店,河南省漯河市源汇区太白山路与长江路交叉口路北万达广场2楼1号宝贝王,33.5820400,114.0056830,maimai_dx,,,wahlap
宝贝王潍坊奎文万达店,山东省潍坊市奎文区东关街道万达广场2F万达宝贝王店,36.7087120,119.1581860,maimai_dx,,maimai_dx:1,wahlap;bemanicn
宝贝王潍坊寿光万达店,山东省潍坊市寿光市万达广场三楼宝贝王,36.7113950,119.1548120,maimai_dx,,maimai_dx:1,wahlap;bemanicn
宝贝王潮玩幸运星（芜湖镜湖万达店）,赭山东路与弋江北路交叉口东南角，赭山东路1号万达广场2楼2F-01铺宝贝王潮玩幸运星,31.3538980,118.4319120,maimai_dx,,maimai_dx:1,bemanicn
宝贝王濮阳华龙万达店,河南省濮阳市华龙区万达广场三楼,35.7669510,115.0243200,chunithm;maimai_dx,,,wahlap
宝贝王濮阳华龙永望里店,河南省濮阳市华龙区永望里宝贝王,35.7666560,115.0265790,maimai_dx,,,wahlap
宝贝王烟台开发区万达店,开发区万达广场1F,37.4652440,121.4448570,maimai_dx,,maimai_dx:1,bemanicn
宝贝王烟台芝罘万达店,山东省烟台市芝罘区万达二楼宝贝王,37.4613020,121.4384320,chunithm;maimai_dx,,,wahlap
宝贝王益阳赫山万达店,湖南省益阳市赫山区赫山街道万达广场1B层万达宝贝王,28.5553300,112.3543190,maimai_dx,,maimai_dx:1,wahlap;bemanicn
宝贝王眉山东坡万达广场店,四川省眉山市东坡区文忠路333号万达广场3楼宝贝王家庭娱乐中心,30.0840860,103.8426520,chunithm;maimai_dx,,,wahlap
宝贝王石家庄联邦空中花园店,河北省石家庄市裕华区宝贝王联邦空中花园店,38.0424250,114.5065170,maimai_dx,,,wahlap
宝贝王石家庄西桥禧欢里店,河北省石家庄市桥西区禧欢里商业广场3楼Z301,38.0416880,114.5049400,maimai_dx,,,wahlap
宝贝王绵阳涪城万达广场店,四川省绵阳市涪城区花园路9号万达广场三楼宝贝王乐园,31.4670000,104.6748730,chunithm;maimai_dx,,,wahlap
宝贝王绵阳涪城新世界百货店,四川省绵阳市涪城区临园路东段72号绵阳新世界百货3层L03F060号宝贝王,31.4702780,104.6827560,maimai_dx,,maimai_dx:1,wahlap;bemanicn
宝贝王自贡荣县店,四川省自贡市荣县南门桥旁千坊1376商业街区2楼宝贝王家庭娱乐中心,29.3441570,104.7764200,maimai_dx,,,wahlap
宝贝王芜湖镜湖万达店,安徽省芜湖市镜湖区万达广场2F-01铺宝贝王潮玩幸运星,31.3583190,118.4260950,maimai_dx,,,wahlap
宝贝王芝罘区万达广场店,西关南街6号万达广场2F层,37.4620170,121.4470760,maimai_dx;taiko,,maimai_dx:2;taiko:1,bemanicn
宝贝王苏州太仓万达店,江苏省苏州市太仓市上海东路万达广场2楼万达宝贝王,31.3023290,120.5839760,maimai_dx,,maimai_dx:1,wahlap;bemanicn
宝贝王营口万达店,营口市市府路1号万达广场2楼,40.6185470,122.2156650,maimai_dx,,,wahlap
宝贝王蚌埠蚌山银泰店,安徽省蚌埠市蚌山区银泰宝贝王,32.9158930,117.3771800,maimai_dx;other,,maimai_dx:1,wahlap;bemanicn
宝贝王襄阳樊城店,湖北省襄阳市樊城区万达广场2楼宝贝王,32.0088350,112.1175140,maimai_dx,,,wahlap
宝贝王许昌魏都店,河南省许昌市魏都区万达广场3楼万达宝贝王,34.0362920,113.8461070,maimai_dx,,,wahlap
宝贝王超级乐园（联邦空中花园店）,裕华区裕兴街道联邦空中花园-1楼北侧,38.0376910,114.5117170,maimai_dx,,maimai_dx:2,bemanicn
宝贝王连云港市海州万达店,江苏省连云港市海州区万达广场1F宝贝王极速时代,34.5975310,119.2186360,maimai_dx,,,wahlap
宝贝王遂宁船山万达广场店,四川省遂宁市船山区万达广场二楼万达宝贝王,30.5363250,105.5859870,chunithm;maimai_dx,,,wahlap
宝贝王郑州惠济万达广场店,河南省郑州市惠济区万达广场万达宝贝王,34.7449290,113.6228650,maimai_dx,,,wahlap
宝贝王重庆永川万达店,重庆市永川区万达广场一楼宝贝王家庭娱乐中心,29.3636620,105.9242170,maimai_dx,,,wahlap
宝贝王铜陵铜官万达店,安徽省铜陵市铜官区万达广场一号门一楼宝贝王,30.9442360,117.8034560,maimai_dx,,maimai_dx:2,wahlap;bemanicn
宝贝王阜阳颍州时代广场店,安徽省阜阳市颍州区阜阳商厦时代广场三楼宝贝王,32.8983180,115.8083280,maimai_dx,,,wahlap
宝贝王颍泉万达广场店,安徽省阜阳市颍泉区万达广场一楼宝贝王,32.8912330,115.8062900,maimai_dx,,maimai_dx:1,wahlap;bemanicn
宝贝王马鞍山雨山万达店,安徽省马鞍山雨山区万达广场一楼宝贝王,31.6657060,118.5029460,maimai_dx,,,wahlap
宝贝王黄石黄石港万达店,湖北省黄石市黄石港区花湖大道30号黄石港万达广场F2层,30.2033470,115.0382580,maimai_dx,,,wahlap
宝贝王（东莞万达长安店）,万达广场2楼,23.0265830,113.7498320,maimai_dx,,maimai_dx:1,bemanicn
宝贝王（印象汇）,河南省安阳北关区印象汇店,36.0948940,114.3837650,maimai_dx,,maimai_dx:1,bemanicn
宝贝王（合肥巢湖万达店）,巢湖万达广场三楼宝贝王,31.8264280,117.2238450,maimai_dx,,maimai_dx:1,bemanicn
宝贝王（坂田星河world·cocopark店）,"广东省深圳市龙岗区坂田街道雅宝路1号星河WORLD1层16.L1S-032-01,L1S-032-09宝贝王家庭欢乐中心(坂田COCOPark店)",22.5445740,114.0486870,chunithm;maimai_dx;taiko,,chunithm:2;maimai_dx:2;taiko:2,bemanicn
宝贝王（宜春万达店）,宜阳东大道6号万达广场3号门一楼,27.8203950,114.4093500,maimai_dx;other,,maimai_dx:1,bemanicn
宝贝王（淄博印象汇店）,张店区柳泉路67号 印象汇3楼,36.8122270,118.0456740,maimai_dx;other;taiko,,maimai_dx:1;taiko:1,bemanicn
宝贝王（眉山文忠街万达店）,东坡区文忠街333号万达广场3楼,30.0799500,103.8497150,chunithm;maimai_dx;taiko,,chunithm:2;maimai_dx:2;taiko:1,bemanicn
宝贝王（禧欢里店）,河北省石家庄市桥西区红旗大街辅路桥西区东五里翰林大厦(红旗大街西)禧欢里3楼,38.0425320,114.5056390,maimai_dx,,maimai_dx:2,bemanicn
宝贝王（绍兴上虞万达广场店）,百官街道称山北路399号万达广场1F,30.0523800,120.5795000,maimai_dx,,maimai_dx:1,bemanicn
宝贝王（雨花万象店）,雨花台区向秀路1号·L3·L312,32.0603740,118.7945720,maimai_dx;other;taiko,,maimai_dx:2;taiko:1,bemanicn
宝贝王（马鞍山万达广场店）,安民街道太白大道3200号万达广场百货楼一层02A-02B宝贝王,31.6722760,118.4986220,maimai_dx;taiko,,maimai_dx:1;taiko:1,bemanicn
宝贝王（龙华百佳华店）/叽喳森林超乐场,广东省深圳市龙华区人民北路291号百佳华三楼,22.5436350,114.0520480,maimai_dx,,maimai_dx:1,bemanicn
宝贝计划 (怀柔万达2F),"2F, Wanda Plaza Beijing Huairou, Fuqian West Street Huairou District Beijing Beijing, 100071, Beijing",40.3159310,116.6237998,maimai_dx;other,,maimai_dx:2,ziv
宝贝计划 Rob-B-Hood Gaming (延庆万达店),"2F, Yanqing Wanda Plaza, No.59 Qingyuan Street, Yanqing District Yanqing District Beijing Beijing, 102100, Beijing",40.4727690,115.9785980,maimai_dx;other,,maimai_dx:2,ziv
宝贝计划 Wanda Kids（顺义隆华店）,"3F, Shunyi Longhua Shopping Center, New Shunyi Avenue No.11 Shunyi District Beijing Beijing, 101300, Beijing",40.1257757,116.6448284,maimai_dx;other;taiko,,maimai_dx:2;taiko:2,ziv
宝贝计划(怀柔店),府前西街1号院怀柔万达广场2层,40.3148970,116.6289700,maimai_dx;other,,maimai_dx:2,bemanicn
宝贝计划北京大兴银泰店,北京市大兴区上德银泰城二层宝贝计划,39.7225090,116.3335300,maimai_dx,,,wahlap
宝贝计划北京延庆万达店,北京市延庆区庆园街59号万达广场二层宝贝计划,40.4553380,115.9649830,maimai_dx;other,,maimai_dx:2,wahlap;bemanicn
宝贝计划北京朝阳华联店,北京市朝阳区常营华联购物中心东区2-46,39.9212890,116.4410920,maimai_dx,,,wahlap
宝贝计划北京西三旗万象汇店,西三旗万象汇4楼,40.0607174,116.3600024,maimai_dx;other,,maimai_dx:1,bemanicn;ziv
宝贝计划北京顺义隆华店,北京市顺义区新顺南大街11号隆华购物中心三层宝贝计划,40.1483440,116.6523760,maimai_dx;other;taiko,,maimai_dx:2;taiko:2,wahlap;bemanicn
宝贝计划南昌红谷滩万达店,南昌市红谷滩区万达广场一号门对面宝贝计划电玩城,28.6840940,115.8483090,maimai_dx,,maimai_dx:2,wahlap;bemanicn
宝贝计划姚家园万象汇店,北京市朝阳区姚家园万象汇4楼宝贝计划,39.9397964,116.5101079,maimai_dx,,maimai_dx:1,wahlap;bemanicn;ziv
宝贝计划常营华联店,北京市朝阳区常营华联购物中心东区2-46,39.9256115,116.5922494,jubeat;maimai_dx;other;taiko,,jubeat:1;maimai_dx:5;taiko:1,bemanicn;ziv
宝贝计划廊坊广阳万达店,河北省廊坊市广阳区新华路50号万达广场三层,39.5382940,116.6817190,chunithm;maimai_dx;taiko,,chunithm:2;maimai_dx:2;taiko:1,wahlap;bemanicn
宝贝计划昌平乐多港万达店,北京市昌平区城南街道乐多港万达广场一楼,40.2285929,116.1839842,maimai_dx;taiko,,maimai_dx:2;taiko:1,wahlap;bemanicn;ziv
宝贝计划通州万达店,北京市通州区北苑街道万达广场3层宝贝计划,39.9132490,116.7227850,chunithm;maimai_dx;taiko,,chunithm:2;maimai_dx:4;taiko:1,wahlap;bemanicn
宝贝计划（大兴上德店）,"2F, Building 4, Yard 19 Guangmao Street Daxing District Beijing Beijing, 102600, Beijing",39.7623475,116.3395106,maimai_dx;other;taiko,,maimai_dx:1;taiko:2,ziv
宝贝计划（大兴上德银泰城店）,大兴区广茂大街19号院4号楼2层,39.7260050,116.3325530,maimai_dx;other;taiko,,maimai_dx:1;taiko:2,bemanicn
宝鸡X-in空间(星空间)动漫游戏体验中心(高新天下汇店),马营镇高新大道天下汇四楼,34.3661110,107.2370750,maimai_dx,,maimai_dx:1,bemanicn
宝龙乐园,"台江区工业路193号宝龙城市广场B1层263/257 福州市(Fuzhou) 福建省(Fujian), 福州市(Fuzhou)",26.0622089,119.2917779,jubeat;other;reflec;taiko,,jubeat:1;reflec:1;taiko:2,ziv
宝龙乐园泉州安溪店,福建省泉州市安溪县城宝龙城市广场三楼宝龙乐园,24.8752040,118.6669930,maimai_dx,,maimai_dx:1,wahlap;bemanicn
宝龙乐园福州宝龙店,福建省福州市台江区宝龙城市广场1F宝龙乐园,26.0751460,119.2924260,jubeat;maimai_dx;taiko,,jubeat:1;maimai_dx:1;taiko:1,wahlap;bemanicn
宣城国购广场征途动漫,叠嶂西路68号国购广场F3层,30.9412640,118.7479890,maimai_dx,,maimai_dx:1,bemanicn
宣城市摩羯星座家庭娱乐中心,万达广场2楼,30.9406640,118.7483140,maimai_dx;taiko,,maimai_dx:1;taiko:1,bemanicn
宣城酷卡贝家庭娱乐中心,星隆国际广场二楼,30.9416240,118.7585710,other,,,bemanicn
宴窝 | Banquet,燕岭路133号苏荷独立艺术园区六栋105号,23.1359360,113.2558960,chunithm;maimai_dx;taiko,,chunithm:2;maimai_dx:3;taiko:1,bemanicn
宴窝 | RIVIERA,江南大道北4号岭舍创享公寓,23.1365150,113.2595780,chunithm;maimai_dx,,chunithm:2;maimai_dx:2,bemanicn
宴窝 | SECLUSION,从城大道99号远达广场,23.1281680,113.2571800,chunithm;maimai_dx,,chunithm:2;maimai_dx:3,bemanicn
宾果无限胶州宝龙广场店,福州南路与扬州东路交汇处宝龙城市广场三楼,36.0626760,120.3816350,maimai_dx,,maimai_dx:1,bemanicn
宾果无限青岛即墨宝龙店,山东省青岛市即墨区即墨区宝龙广场一楼宾果无限游乐场,36.0696230,120.3761520,maimai_dx,,maimai_dx:1,wahlap;bemanicn
宾果无限青岛胶州龙城市广场店,山东省青岛市胶州市福州南路97号宝龙城市广场3楼宾果无限游乐场,36.0651280,120.3825090,maimai_dx,,,wahlap
宾果无限青岛黄岛家佳源店,山东省青岛市黄岛区长江中路308号家佳源购物中心三楼,36.0675640,120.3824500,maimai_dx,,maimai_dx:1,wahlap;bemanicn
富佳潮玩大润发店,中国浙江省杭州市桐庐县迎春南路359号大润发一楼,30.2541780,120.2045630,maimai_dx,,maimai_dx:1,bemanicn
富佳潮玩杭州桐庐大润发店,杭州市桐庐县城南街道大润发一楼富佳潮玩,30.2537040,120.2071820,maimai_dx,,,wahlap
富宁县丹尼狮,五彩城一楼,23.4022800,104.2166940,taiko,,taiko:1,bemanicn
富虹动漫城,翠西路48-1栋太子城富虹广场3楼,41.2942260,123.7600370,chunithm;maimai_dx,,chunithm:1;maimai_dx:1,bemanicn
富虹动漫城明山富虹广场店,辽宁省本溪市明山区太子城富虹广场三楼富虹动漫城,41.2899830,123.7550990,chunithm;maimai_dx,,,wahlap
寻游纪嗨众武汉江夏店,湖北省武汉市江夏区北华街九全嘉国际广场3楼,30.5959600,114.3019080,maimai_dx,,,wahlap
寻游记嗨众(九全嘉国际广场店),九全嘉国际广场3楼,30.5938300,114.2945890,gitadora;maimai_dx,,gitadora:1;maimai_dx:1,bemanicn
小丑乐园,锦山大街342号一楼,39.9957270,124.3459070,jubeat;other;taiko,,jubeat:1;taiko:1,bemanicn
小分队重庆涪陵店,重庆市涪陵区泽胜中央广场B馆G层,29.7535540,107.2404340,maimai_dx,,,wahlap
小勇士家庭娱乐中心济南店,山东省济南市天桥区济泺路缤纷五洲一楼小勇士家庭娱乐中心,36.6500070,117.1156340,maimai_dx,,maimai_dx:2,wahlap;bemanicn
小号玩家靖西盛辉百货店,广西百色市靖西市盛辉百货1楼小号玩家,23.9094080,106.6142470,maimai_dx,,,wahlap
小号玩家（盛辉百货店）,广西壮族自治区百色市靖西市新靖镇盛辉百货一楼小号玩家(环球商业中心店),23.9031510,106.6142380,maimai_dx,,maimai_dx:1,bemanicn
小洋人宝贝王保定雄县店,河北省保定市雄县山水莲花购物广场二楼小洋人宝贝王,38.8777550,115.4573410,chunithm;maimai_dx,,chunithm:2;maimai_dx:1,wahlap;bemanicn
小洋人宝贝王定州时代广场店,南城区中山中路时代广场三楼,38.8727640,115.4551350,maimai_dx,,maimai_dx:1,bemanicn
小洋人宝贝王廊坊店,河北省廊坊市大城县鑫达新天地三楼,39.5329220,116.6798600,chunithm;maimai_dx,,chunithm:2;maimai_dx:1,wahlap;bemanicn
小海豚梦幻乐园,漕河镇棕盛广场负一楼,30.4585140,114.8665520,maimai_dx,,maimai_dx:1,bemanicn
小猪泰德儿童乐园,辽宁省大连市沙河口区西安路中央大道三层西侧小猪泰德家庭娱乐中心,38.9149890,121.6131710,chunithm;maimai_dx;taiko,,chunithm:2;maimai_dx:2;taiko:3,bemanicn
小猪泰德大连中央大道店,辽宁省大连市沙河口区西安路中央大道三层西侧,38.9129170,121.6068550,chunithm;maimai_dx,,,wahlap
小玩家,沃尔玛地下一楼小玩家,30.6629170,113.1641380,other,,,bemanicn
小玩家潜江万达店,湖北省潜江市万达广场三楼小玩家娱乐中心,30.4083000,112.8914610,chunithm;maimai_dx;taiko,,chunithm:2;maimai_dx:2;taiko:1,wahlap;bemanicn
小神童济宁金乡诚信店,山东省济宁市金乡县诚信购物一楼,35.4200180,116.5807930,maimai_dx,,,wahlap
小神童（诚信购物中心店）,文峰路与奎星路交汇处西南角诚信购物中心一楼,35.4113250,116.5828780,maimai_dx,,maimai_dx:1,bemanicn
小酋长动漫游戏湘潭店,九华示范区步步高新天地4楼,27.8389720,112.9413220,maimai_dx,,maimai_dx:1,bemanicn
小酋长汉口店,中山大道818号Happy站台美食购物广场,30.5932410,114.3016330,maimai_dx;other;taiko,,maimai_dx:1;taiko:1,bemanicn
小酋长湘潭雨湖店,湖南省湘潭市雨湖区九华步步高新天地商场四楼4002小酋长动漫游戏,27.8322690,112.9419080,maimai_dx,,,wahlap
小金宝深圳宝安满金华满纷天地店,深圳市宝安区松岗街道满京华满纷天地7楼小金宝运动超乐场（5号电梯旁）,22.5494490,114.0559020,maimai_dx,,,wahlap
小麦思潮玩城喀什东城万达店,新疆喀什喀什市东城万达小麦思潮玩城,39.4647840,75.9885310,maimai_dx,,maimai_dx:1,wahlap;bemanicn
尖峰玩家,万达广场（莆田城厢店）2楼,25.4576430,118.9980890,maimai_dx;other,,maimai_dx:1,bemanicn
尖峰玩家・皇庭广场店,福华三路118号皇庭广场L2-57-59A,22.5512180,114.0525920,maimai_dx;other,,maimai_dx:1,bemanicn
尖峰玩家上虞店,上虞万达广场三楼,30.0560560,120.5798360,taiko,,taiko:1,bemanicn
尖峰玩家佛山南海万达店,广东省佛山市南海区桂城街道桂澜北路28号万达广场二楼尖峰玩家,23.0231540,113.1207090,chunithm;maimai_dx;taiko,,chunithm:2;maimai_dx:1;taiko:1,wahlap;bemanicn
尖峰玩家厦门世贸海峡大厦店,福建省厦门市思明区大学路180-188号,24.4839350,118.0801030,maimai_dx,,maimai_dx:2,wahlap;bemanicn
尖峰玩家宁德蕉城万达店,福建省宁德市蕉城万达二楼尖峰玩家,26.6702930,119.5410540,jubeat;maimai_dx;taiko,,jubeat:2;maimai_dx:2;taiko:1,wahlap;bemanicn
尖峰玩家杭州余杭万达店,浙江省杭州市余杭区余杭街道文一西路1888号余杭万达广场2F-A尖峰玩家,30.2452470,120.2033080,chunithm;maimai_dx;taiko,,chunithm:2;maimai_dx:2;taiko:1,wahlap;bemanicn
尖峰玩家深圳南山益田假日里购物中心店,深圳市南山区留仙大道益田假日里购物中心3楼L3-1/2,22.5462150,114.0487620,maimai_dx;other,,maimai_dx:2,wahlap;bemanicn
尖峰玩家深圳福城天虹店,深圳市龙华区福城街道四和社区观澜大道117号澜汇花园商业02层28尖峰玩家,22.5485030,114.0478840,maimai_dx,,maimai_dx:1,wahlap;bemanicn
尖峰玩家深圳福田皇庭国商店,广东省深圳市福田区福田街道福安社区福华三路118号皇庭国商购物广场L2-5,22.5441180,114.0538280,maimai_dx,,,wahlap
尖峰玩家漳州碧湖万达店,福建省漳州市龙文区建元东路2号漳州碧湖万达广场1层尖峰玩家,24.5132860,117.6446450,maimai_dx;taiko,,maimai_dx:1;taiko:1,wahlap;bemanicn
尖峰玩家福州仓山万达店,福建省福州市仓山区仓山万达二楼尖峰玩家,26.0798930,119.2884250,chunithm;maimai_dx;taiko,,chunithm:2;maimai_dx:2;taiko:1,wahlap;bemanicn
尖峰玩家福州福清万达广场店,福清市音西街道清昌大道105号万达广场2号门2楼尖峰玩家,26.0783070,119.2884500,jubeat;maimai_dx;taiko,,jubeat:2;maimai_dx:2;taiko:1,wahlap;bemanicn
尖峰玩家莆田城厢万达店,福建省莆田市城厢区霞林街道荔华东大道万达广场2楼,25.4552480,119.0043870,maimai_dx,,,wahlap
尖峰玩家衡阳蒸湘万达店,湖南省衡阳市蒸湘区蒸湘万达三楼尖峰玩家3F-C,26.8979390,112.5724360,jubeat;maimai_dx;taiko,,jubeat:2;maimai_dx:2;taiko:1,wahlap;bemanicn
尖峰玩家邵阳步步高新天地店,邵阳市步步高新天地三楼尖峰玩家,27.2445690,111.4663690,maimai_dx,,,wahlap
屯門天天遊戲機中心,屯門新墟青柏徑5號 四寶大廈,22.2776050,114.1680380,jubeat;maimai_dx;taiko,,jubeat:2;maimai_dx:1;taiko:1,bemanicn
山闪闪 苏州悠方店,木渎镇 金枫路264号悠方购物中心2楼218,31.2987880,120.5803640,maimai_dx;taiko,,maimai_dx:2;taiko:1,bemanicn
山闪闪电玩城扬州邗江店,江苏省扬州市邗江区京华城路168号京华城4层山闪闪电玩城,32.3995900,119.4069520,maimai_dx,,,wahlap
山闪闪电玩城（京华城店）,江苏省扬州市邗江区同泰路京华城四楼山闪闪电玩城,32.3947910,119.4046360,chunithm;maimai_dx;taiko,,chunithm:2;maimai_dx:2;taiko:1,bemanicn
岚小馆音游窝,安徽省合肥市蜀山区长江西路189号之心城环球中心A座1002,31.8197680,117.2180560,maimai_dx;other,,maimai_dx:2,bemanicn
岛与英雄三亚招商花园店,海南省三亚市裕民路招商花园里岛与英雄,18.2539170,109.5108840,maimai_dx,,maimai_dx:1,wahlap;bemanicn
岛屋-白将小窝,北京市顺义区通顺路辅路顺义石园小区石园南社区(通顺路东),40.1444940,116.6592310,chunithm;maimai_dx,,chunithm:1;maimai_dx:1,bemanicn
岭南海港汇 好又来,广东省广州市海珠区大干围12号岭南海港汇,23.1343160,113.2573510,maimai_dx,,maimai_dx:2,bemanicn
峡谷达人电玩城,"北京市丰台区南三环西路16号 首地大峡谷购物中心 丰台区 Fengtai District 北京 (Beijing), 丰台区 Fengtai District",39.8544932,116.3667047,dance_evo;gitadora,,,ziv
峰巢动漫（襄城县一峰店）,一峰城市广场中心路店5楼,34.0413000,113.8418420,other,,,bemanicn
巅峰之城 Trendy Adventure (青山万达),"2nd Floor, Wanda Plaza, No.26 Qingnian Road (青年路万达广场2层) Baotou Inner Mongolia, 014000, Baotou",40.6577875,109.8479594,maimai_dx;other,,,ziv
巅峰之城（包头青山万达广场店）,青年路26号万达广场包头店2层,40.6215190,109.9428500,maimai_dx;other,,maimai_dx:1,bemanicn
巅峰时代电玩城,"朝阳区华严北里甲1号28幢地下一层(祁家豁子家乐福旁边） Chaoyang 北京 (Beijing), Chaoyang",39.9812965,116.3805825,iidx;other;taiko,,,ziv
巅峰极限嘉年华（新城市广场店）,西大街1号新城市广场A栋3楼,30.5738020,104.0601650,maimai_dx,,maimai_dx:1,bemanicn
巅峰极限成都青羊新城市店,四川省成都市青羊区西大街一号新城市广场A栋三楼,30.5772900,104.0598430,maimai_dx,,,wahlap
巅峰玩家,江北佳兆业广场5F,23.1164350,114.4119030,chunithm;maimai_dx;taiko,,chunithm:2;maimai_dx:1;taiko:1,bemanicn
巅峰玩家惠州佳兆业广场店,广东省惠州市佳兆业广场5楼巅峰玩家,23.1138950,114.4063560,chunithm;maimai_dx,,,wahlap
巅峰玩家惠州惠城汇乐城店,惠州市惠城区水口街道汇乐城3楼巅峰玩家,23.1168720,114.4150360,maimai_dx,,,wahlap
巅峰玩家（汇乐城店）,中国广东省惠州市惠城区水口街道办事处龙湖东四路10号汇乐城3F,23.1197400,114.4123970,chunithm;maimai_dx,,chunithm:2;maimai_dx:1,bemanicn
左左右右电玩城鹿城时尚港店,温州市鹿城区温金公路1000号时尚港购物中心二楼,27.9994730,120.6988610,maimai_dx,,,wahlap
巨乐潮玩（T11park店）,小榄镇东区社区新华中路23号T11Park二层自编号018-019,22.5203530,113.3848350,maimai_dx,,maimai_dx:1,bemanicn
巨乐潮玩（梧州旺城广场店）,旺城广场西区3楼大叔的虾旁,23.4758310,111.2747750,other,,,bemanicn
巷战英雄(欧亚万豪购物中心店),洋浦大街6088号欧亚万豪购物中心5楼巷战英雄电玩城,43.8122570,125.3162470,maimai_dx;other,,maimai_dx:1,bemanicn
巷战英雄(欧亚新生活购物广场店),工农大路与延安大街交汇（新民广场）欧亚新生活购物广场C区5楼,43.8156890,125.3137640,chunithm;maimai_dx;taiko,,chunithm:1;maimai_dx:6;taiko:2,bemanicn
巷战英雄电玩长春欧亚万豪店,吉林省长春市二道区欧亚万豪购物中心5楼巷战英雄电玩城,43.8192170,125.3183570,maimai_dx,,,wahlap
巷战英雄电玩长春欧亚新生活店,吉林省长春市朝阳区红旗街新民广场欧亚新生活5楼城市英雄电玩城,43.8175380,125.3151150,chunithm;maimai_dx,,,wahlap
巷战英雄长春亚泰新动力店,吉林省长春市二道区东盛大街与吉林大路交汇亚泰新动力,43.8138420,125.3133880,chunithm;maimai_dx;taiko,,chunithm:1;maimai_dx:1;taiko:1,wahlap;bemanicn
币哆哆电玩,共青城市市德路荷塘小学东南侧约200米,29.6641170,115.9459750,taiko,,taiko:1,bemanicn
布丁城堡欢乐世界,上美广场4楼,31.1308050,104.4001280,sdvx,,sdvx:1,bemanicn
布丁电玩 Pudding Game Center,"No.165 Fushi Road, Dangdai Shopping (Dingcheng), 4F near Zhong Shijingshan District Beijing Beijing, 100043, Beijing",39.9244028,116.1895820,maimai_dx;other;taiko,,,ziv
布丁电玩城北京石景山店,北京市石景山区八角街道当代商城鼎城店四层,39.9032170,116.2174150,maimai_dx;other;taiko,,maimai_dx:1;taiko:1,wahlap;bemanicn
布隆家族南阳卧龙店,河南省南阳市卧龙区梅溪街道新华城市广场三楼布隆家族儿童娱乐中心,33.0168740,112.5817970,maimai_dx,,,wahlap
布鲁格家庭娱乐中心,恒立广场二楼,30.7475440,120.7545560,taiko,,taiko:1,bemanicn
布鲁格快乐街区兰州城关万达店,甘肃省兰州市城关区天水北路城关万达广场2层2FC商铺布鲁格快乐街区,36.0594800,103.8357670,maimai_dx,,maimai_dx:1,wahlap;bemanicn
布鲁格株洲醴陵店,湖南省株洲市醴陵市阳三石街道4栋布鲁格家庭娱乐中心,27.8346560,113.1316200,maimai_dx,,maimai_dx:1,wahlap;bemanicn
希美潮玩,人民东路美乐城,36.6291680,114.5311050,maimai_dx,,maimai_dx:1,bemanicn
希美潮玩邯郸丛台美乐城店,河北省邯郸市丛台区美乐城负一楼,36.6216510,114.5326920,maimai_dx,,,wahlap
常德酷玩·超乐场,武林阁步行街,29.0358230,111.6897970,maimai_dx,,maimai_dx:1,bemanicn
平桥区阳光狮梦乐园,龙东路与龙江大道交叉口西亚美悦城七楼,32.1501860,114.0818550,chunithm;maimai_dx;taiko,,chunithm:2;maimai_dx:1;taiko:1,bemanicn
平舆城市星空,解放街爱家3楼,33.0140770,114.0203380,maimai_dx,,maimai_dx:1,bemanicn
平舆潮可爱,解放街爱家5楼,33.0160290,114.0194320,maimai_dx,,maimai_dx:1,bemanicn
幸福嘉年华咸阳兴平店,陕西省咸阳市兴平市中心大街西北角翔瑞大厦四楼,34.3300550,108.7062660,maimai_dx,,maimai_dx:1,wahlap;bemanicn
幸运乐园‎,"广州市天河区 石牌东路8号 广州市(CANTON) 广东省 (Guangdong Province), 广州市(CANTON)",23.1331924,113.3431108,other,,,ziv
幸运星上饶信州店,江西省上饶市信州区北门街道凤凰东大道89号天虹购物中心3楼3005幸运星乐园,28.4567460,117.9425470,maimai_dx,,maimai_dx:1,wahlap;bemanicn
幸运星六安万达广场店,安徽省六安市霍邱县万达广场,31.7342060,116.5188820,maimai_dx,,,wahlap
幸运星南昌万象汇店,江西省南昌市青山湖区万象汇三楼幸运星游乐中心,28.6847860,115.8504810,maimai_dx,,,wahlap
幸运星惠州金山湖店,惠州市惠城区三环南路隆生金山湖中心三楼幸运星家庭娱乐中心,23.1190910,114.4071020,maimai_dx,,,wahlap
幸运星（鄞州龙湖天街店）,鄞州区中兴路77号龙湖天街3楼幸运星,29.8671090,121.6223530,maimai_dx,,maimai_dx:1,bemanicn
幸运猩电玩,永安路1号四季银座花园城商业广场负一楼B04号幸运猩电玩,25.0467920,101.5283090,maimai_dx,,maimai_dx:1,bemanicn
幸运猩荆州监利天骄广场店,湖北省荆州市监利市容城镇天骄广场2楼幸运猩电玩,30.3362730,112.2410320,maimai_dx,,,wahlap
幻乐奇D1玩家杭州上城店,浙江省杭州市上城区金海城A座1楼,30.2459890,120.2097820,maimai_dx,,maimai_dx:1,wahlap;bemanicn
幻乐魔方,百花路 华隆超市隔壁,29.7136220,118.3309070,maimai_dx,,maimai_dx:1,bemanicn
幻乐魔方黄山歙县江南明珠店,安徽省黄山市歙县百花路江南明珠3B栋,29.7209830,118.3344460,maimai_dx,,,wahlap
幻了奇·D1玩家杭州上城店,浙江省杭州市上城区杭海路878号1楼E115铺位,30.2487990,120.2084100,maimai_dx,,,wahlap
幻哆啦安阳北关广厦汇店,河南省安阳市北关区人民大道与东工路交叉口西南角广厦汇三楼3002号,36.1022330,114.3862820,maimai_dx,,,wahlap
幻哆啦家庭娱乐中心(广厦汇店),灯塔路街道人民大道与东工路交叉口西南角广厦汇三楼3002号,36.1028100,114.3904440,maimai_dx,,maimai_dx:2,bemanicn
幻境岛广州海珠润政店,广州市海珠区江燕路润政广场二楼幻境岛游艺中心,23.1374900,113.2589840,maimai_dx,,,wahlap
幻影时空家庭娱乐中心,夏都街道禹王大道禹王广场A1幢1层6号幻影时空,34.0341940,113.8444920,maimai_dx;other,,maimai_dx:2,bemanicn
幻影玩国(武宣店),武宣县大洋城购物中心1楼,23.7501210,109.2130690,maimai_dx,,maimai_dx:1,bemanicn
幻影玩国娱乐中心(藤县店),藤县壹方茂商业中心L1,23.4819180,111.2722330,maimai_dx;taiko,,maimai_dx:1;taiko:1,bemanicn
幻影玩国来宾大洋百货店,广西壮族自治区来宾市兴宾区桂中大道233号大洋百货购物广场裕达店四楼幻影玩国,23.7530340,109.2197500,maimai_dx,,,wahlap
幻影玩国来宾武宣大洋城店,广西省来宾市武宣县武宣镇仙蜜路大洋城B1层幻影玩国,23.7570320,109.2146860,maimai_dx,,,wahlap
幻影玩国梧州藤县店,广西省梧州市藤县藤州镇壹方茂商城L1幻影玩国,23.4755870,111.2728530,maimai_dx,,,wahlap
幻影玩国钦州灵山店,广西壮族自治区钦州市灵山县新圩镇光大商业购物中心三楼幻影玩国,21.9839190,108.6548880,maimai_dx,,,wahlap
幻影玩国（来宾店）,桂中大道233号大洋购物广场4楼,23.7527260,109.2141610,maimai_dx;taiko,,maimai_dx:1;taiko:1,bemanicn
幻游时空,天和路88号意得广场三楼,28.6608680,121.4168020,maimai_dx,,maimai_dx:1,bemanicn
幻游时空台州意得店,浙江省台州市椒江区天和路88号意得广场三楼幻游时空,28.6570540,121.4219770,maimai_dx,,,wahlap
幻界之都潮玩街区,东大街骡马市1号1幢20131号门面,34.3470170,108.9399960,maimai_dx;taiko,,maimai_dx:1;taiko:1,bemanicn
幻界之都潮玩街区(骡马市),"东大街骡马市1号楼1栋20131号门面 No.20131, First Floor, MINSUN Plaza, Luomashi Xi'an City Shannxi Province, 710000, Xi'an City",34.2592914,108.9470172,maimai_dx;other;taiko,,,ziv
幻界之都西安骡马店,陕西省西安市骡马市店碑林区骡马市1号幻界之都（playhouse楼下）,34.3429350,108.9365700,maimai_dx,,,wahlap
广东省惠州市博罗县石湾镇壹嘉广场商业街二楼星游视界游乐城（1号门上手扶梯）,广东省惠州市博罗县石湾镇壹嘉广场,23.1110800,114.4126870,maimai_dx,,,wahlap
广元万达潮可爱,万源三号路（万源桥头）万达广场3楼西侧尽头（原大玩家超乐场地址）,32.4341600,105.8368420,maimai_dx,,maimai_dx:2,bemanicn
广州星力动漫游戏产业园,"广州市番禺区东环街迎新路8号 广州市(CANTON) 广东省 (Guangdong Province), 广州市(CANTON)",22.9694623,113.3773774,gitadora;iidx;jubeat;other;reflec,,gitadora:4;iidx:2;jubeat:4;reflec:2,ziv
广汇电玩娱乐馆,群力大道1176号远大购物中心（群力店）底商F1,45.7966660,126.5269410,other;taiko,,taiko:1,bemanicn
庆阳潮玩庆阳西峰店,甘肃省庆阳市西峰区东方丽晶茂四楼庆阳潮玩,35.7052010,107.6360540,maimai_dx,,,wahlap
康迪游乐园鹤岗大世界商城店,兴汇大世界商场2楼,47.3504600,130.2850490,other,,,bemanicn
廊坊广阳区麦酷潮玩中心（万向城店）,广阳区广阳道与裕华道交口万向城三楼麦酷潮玩,39.5386290,116.6734580,maimai_dx,,maimai_dx:1,bemanicn
延安游戏大魔方,吾悦广场二楼,36.6513000,109.4867170,maimai_dx;other,,maimai_dx:1,bemanicn
延津县潮可爱(悦汇365购物中心店),永安大道延津悦汇365购物中心4楼,35.2991270,113.9231300,maimai_dx,,maimai_dx:1,bemanicn
开元星光动漫儿童王国,开元国际商城南区三楼,35.1032280,118.3474370,maimai_dx;taiko,,maimai_dx:1;taiko:1,bemanicn
开心世界家庭亲子游乐场威远店,威远万达广场2楼,29.5859680,105.0542200,other,,,bemanicn
开心主场东莞清溪店,广东省东莞市清溪镇鹿鸣路68号金泰丰中心城三楼开心主场,23.0264380,113.7493940,maimai_dx;taiko,,maimai_dx:1;taiko:1,wahlap;bemanicn
开心主场阳江江城十八子投资广场店,广东省阳江市江城区江朗大道33号十八子投资广场一楼开心主场,21.8573140,111.9769470,maimai_dx,,maimai_dx:1,wahlap;bemanicn
开心主场（石龙店）,绿化中路2号现代广场二楼,23.0206870,113.7480250,other;taiko,,taiko:1,bemanicn
开心大玩家(瓮安店),瓮水街道全家福超市一楼,26.2524570,107.5186380,maimai_dx,,maimai_dx:1,bemanicn
开心大玩家动漫（丰跃名城）,江西省丰城市丰跃名城3楼,27.8217970,114.4081700,maimai_dx,,maimai_dx:1,bemanicn
开心大玩家宜春市丰喜盈门店,江西省宜春市丰城市孙渡街道龙光中大道喜盈门范城2栋3层开心大玩家,27.8173130,114.4111140,maimai_dx,,,wahlap
开心大玩家抚州宜黄聚百汇店,江西省抚州市宜黄县凤岗镇聚百汇3楼开心大玩家,27.9558630,116.3536490,maimai_dx,,,wahlap
开心大玩家黔南布依族苗族自治州瓮安靖沣壹号店,黔南布依族苗族自治州瓮安县瓮水街道靖沣壹号c区全家福超市一楼开心大玩家,26.2567120,107.5225280,maimai_dx,,,wahlap
开心季 时光潮玩,联盛购物广场西区三楼,29.6633480,115.9438070,maimai_dx,,maimai_dx:1,bemanicn
开心季·唛乐岛超级电玩（新昌万达店）,七星街道十九峰路新昌万达广场2F,30.0507820,120.5820660,maimai_dx,,maimai_dx:1,bemanicn
开心季·星际潮玩运动馆,安徽省宿州市砀山县芒砀中路,33.6500590,116.9543350,maimai_dx,,maimai_dx:1,bemanicn
开心季·萌动潮玩,广东省广州市天河区体育西路191号佳兆业广场一层自编 106A、106B、107、108,23.1332470,113.2567640,maimai_dx,,maimai_dx:2,bemanicn
开心季·酷玩联盟电玩城,哈西大街299号西城红场3F3025,45.7982440,126.5306350,maimai_dx;other,,maimai_dx:1,bemanicn
开心季万达宝贝王,科技路21-1号万达广场（锦州店）F3,41.0894580,121.1206490,other;taiko,,taiko:1,bemanicn
开心季大玩家日照万达店,山东省日照市东港区秦楼街道万达广场2F-A商铺,35.4200810,119.5234580,maimai_dx,,,wahlap
开心季幸运猩电玩,容城镇天骄广场二层,30.3400440,112.2324710,maimai_dx;taiko,,maimai_dx:1;taiko:1,bemanicn
开心季欢乐U约家庭娱乐中心(延安万达店),中心街万达三楼,36.6483420,109.4954440,maimai_dx;other,,maimai_dx:1,bemanicn
开心季潮范儿电玩 Chao Fan-er Arcade,"B1 Floor Xinghua MALL,Xilingol North Road Huimin District Hohhot Inner Mongolia, 010020, Hohhot",40.8185507,111.6601201,maimai_dx,,maimai_dx:2,ziv
开心巴士绍兴嵊州吾悦店,浙江省绍兴市嵊州市兴盛街668号吾悦广场2楼,30.0562690,120.5793150,maimai_dx,,maimai_dx:1,wahlap;bemanicn
开心汇武汉江汉新佳丽店,湖北省武汉市江汉区中山大道818号平安大厦新佳丽时尚广场4层4-012号商铺开心汇电玩综合娱乐空间,30.5945180,114.3044370,maimai_dx,,,wahlap
开心汇（原寻游纪嗨众电&潮玩世界MIX）,中山大道818号新佳丽广场4楼,30.5960110,114.3018640,jubeat;taiko,,jubeat:2;taiko:1,bemanicn
开星客大连开发万达店,辽宁省大连市开发区辽河西路117号万达广场三楼,38.9173900,121.6080840,maimai_dx;other,,maimai_dx:1,wahlap;bemanicn
弋阳县宇宙队长,弋阳县东华时代广场宇宙队长,28.4576430,117.9413810,maimai_dx,,maimai_dx:1,bemanicn
引力玩家家庭娱乐中心,平阳东街与新城大道交汇处东北角,37.8600710,113.5706680,maimai_dx,,maimai_dx:1,bemanicn
引力玩家阳泉万达店,山西省阳泉市万达广场3楼引力玩家家庭娱乐中心,37.8550780,113.5678220,maimai_dx,,,wahlap
引力矩阵兰州七里河店,甘肃省兰州市七里河区秀川街道南滨河中路3499号兰州万达茂引力矩阵,36.0653090,103.8304800,maimai_dx,,,wahlap
引力矩阵珠海斗门店,广东省珠海市斗门区白蕉镇招商花园城三楼引力矩阵,22.2734750,113.5751690,maimai_dx,,,wahlap
引力矩阵苏州常熟店,江苏省苏州市常熟市琴湖溪里二期二楼,31.3064270,120.5829570,chunithm;maimai_dx,,,wahlap
引力矩阵青岛胶州龙湖天街店,山东省青岛市胶州市海尔大道龙湖天街引力矩阵,36.0653270,120.3807320,maimai_dx,,maimai_dx:1,wahlap;bemanicn
引力矩阵（常熟琴湖溪里店）,琴湖路88号 琴湖溪里花园城二期2层,31.3038950,120.5767750,chunithm;maimai_dx,,chunithm:2;maimai_dx:2,bemanicn
弗兰队长超乐场,吉风街道方圆芸宏大广场三楼,28.2196000,109.6633880,other,,,bemanicn
张家口饕餮游戏俱乐部,河北省张家口市桥东区钻石路中泰奥特莱斯E座3楼,40.7692650,114.8813970,chunithm;maimai_dx,,chunithm:1;maimai_dx:3,bemanicn
弹指针亲子主题游乐园,昆山市前进东路199号世贸广场3楼21,31.3053820,120.5831530,other;taiko,,taiko:1,bemanicn
当涂润宝梦电玩城,振兴路12号当涂安德利旭辉广场3F,31.6721870,118.4963800,maimai_dx,,maimai_dx:1,bemanicn
彩虹世界四川达州人民广场店,四川省达州市通川区人民广场负一楼,31.2095360,107.4681780,maimai_dx,,,wahlap
彩虹乐园临沂沂南君悦店,山东省临沂市沂南县君悦三楼彩虹乐园,35.1027290,118.3487140,maimai_dx,,,wahlap
彩虹乐园（君悦购物中心店）,人民路与历山路交汇处君悦购物中心三楼彩虹乐园,35.1047930,118.3551330,maimai_dx,,maimai_dx:1,bemanicn
彩虹星际保定蠡县吾北大街店,河北省保定市蠡县蠡吾北大街543号彩虹星际,38.8685630,115.4593320,maimai_dx,,,wahlap
彩虹星际超乐园,蠡吾镇蠡吾北大街558号,38.8705600,115.4579690,maimai_dx,,maimai_dx:1,bemanicn
彩虹王国动漫中心 Rainbow Kingdom (新沙天虹),"L4-457, Xinsha Rainbow Shopping Center Bao’an District 宝安区 Shenzhen City 深圳市 Guangdong Province 广东省, 518104, Shenzhen City 深圳市",22.7328936,113.7951556,maimai_dx;other,,,ziv
彩虹王国动漫体验中心,"众冠时代广场益田假日里L3-1-1 南山区留仙大道 Shenzhen Guangdong Province, 518071, Shenzhen",22.5857222,113.9589301,maimai_dx;other;taiko,,,ziv
彩虹王国动漫体验中心(新沙天虹商场店),宝安区沙井街道新沙天虹购物中心四层457号,22.5468430,114.0508630,maimai_dx,,maimai_dx:1,bemanicn
彩虹王国动漫体验中心(海丰天虹广场店),海丰天虹购物中心,22.7874460,115.3758390,chunithm;maimai_dx;taiko,,chunithm:2;maimai_dx:2;taiko:1,bemanicn
彩虹王国汕尾海丰天虹店,广东省汕尾市海丰县宏通路与纵二路辅路交叉口海丰天虹购物中心三楼B区彩虹王国,22.7855630,115.3716610,chunithm;maimai_dx,,,wahlap
彩虹王国深圳宝安店,广东省深圳市宝安区沙井街道新沙天虹四楼彩虹王国,22.5473230,114.0485730,maimai_dx,,,wahlap
征战全明星超乐场 All-Star Warzone Arcade,"L2 Floor, Yinheng Dream Center, Exit C, Yuyuan Metro Station, Longgang District 龙岗区 Shenzhen City 深圳市 Guangdong Province 广东省, 518172, Shenzhen City 深圳市",22.7321341,114.2196611,maimai_dx,,,ziv
征战全明星超乐场深圳龙岗店,深圳市龙岗区龙平西路与愉龙路交叉口仁恒梦商场L201-02,22.5429310,114.0497440,maimai_dx,,maimai_dx:1,wahlap;bemanicn
征途动漫城宣城国际广场店,安徽省宣城市宣州区叠嶂中路8号国购广场三楼征途动漫城,30.9395310,118.7535620,maimai_dx,,,wahlap
徐氏城市英雄长春重庆路活力城店,南关区重庆路活力城4F,43.8138560,125.3100880,maimai_dx;other,,maimai_dx:1,bemanicn
德清银泰城比特王店,舞阳街道中兴南路899号银泰城2l,30.8944730,120.0869020,maimai_dx;taiko,,maimai_dx:2;taiko:1,bemanicn
心相映亲子娱乐中心（韩城店）,陕西省-渭南市-韩城市-三立格之荟商城三楼心相映,34.5225950,109.4708600,maimai_dx,,maimai_dx:1,bemanicn
忆凯乐上海松江叶榭店,上海市松江区叶榭镇双高广场3楼忆凯乐,31.0357040,121.2287160,maimai_dx,,,wahlap
忆凯乐电玩动漫城,松江区叶榭镇叶政路471号301、302、303、304室,30.9437584,121.3135997,maimai_dx,,maimai_dx:1,bemanicn;ziv
忆当年家庭娱乐中心(广场店),解放东路2号,36.0902960,111.5092010,other,,,bemanicn
忆童乐榆林神木成业广场店,陕西省榆林市神木市成业广场三楼忆童乐家庭游乐中心,38.2814340,109.7244600,maimai_dx,,,wahlap
快乐E刻泸州江阳蓝田天远店,四川省泸州市江阳区蓝田天远广场二楼快乐E刻,28.8765450,105.4334550,maimai_dx,,maimai_dx:1,wahlap;bemanicn
快乐佳游站丹阳店,江苏省丹阳市新民东路金鹰国际广场二楼快乐佳游站,32.1920610,119.4235220,maimai_dx,,maimai_dx:1,wahlap;bemanicn
快乐拾光,久桓时代,29.2895660,108.1645480,maimai_dx,,maimai_dx:1,bemanicn
快乐拾光丰都久桓时代广场店,重庆市丰都县龙新路31号快乐拾光家庭娱乐中心(久桓店）,29.8703860,107.7284520,maimai_dx,,,wahlap
快乐时光潮玩街区（天基乐园店）,邓州市湍北天基茂业商业4号楼1楼,33.0164680,112.5831200,maimai_dx;taiko,,maimai_dx:1;taiko:1,bemanicn
快乐时空临渭万达店,陕西省渭南市临渭区渭河大街与仓程路十字西北角临渭万达广场4楼02、03号商铺,34.5197620,109.4603720,chunithm;maimai_dx,,,wahlap
快乐星球(保利时光汇店),岳麓区保利时光汇3楼,28.2345010,112.9383560,maimai_dx;other,,maimai_dx:1,bemanicn
快乐星球动漫城邵阳禹忠华店,湖南省邵阳市隆回县桃花坪街道桃洪中路禹忠华商业楼地上第一层,27.2426810,111.4650540,maimai_dx,,,wahlap
快乐星球动漫城隆回店,隆回县人民广场（旧名九龙广场）对面的麦当劳的下面。,27.2427400,111.4645490,maimai_dx,,maimai_dx:1,bemanicn
快乐星球北京大兴凯德茂店,北京市大兴区凯德茂四楼,39.7245100,116.3401020,chunithm;maimai_dx,,,wahlap
快乐星球南宁兴宁百佳汇店,广西南宁市兴宁区新华街百佳汇商场,22.8186590,108.3675700,maimai_dx,,,wahlap
快乐星球大洋百货店,大洋百货6楼,30.6930050,111.2793860,maimai_dx,,maimai_dx:1,bemanicn
快乐星球天津河东太阳城店,天津市河东区顺驰太阳城屿东城商场A3层快乐星球电玩城,39.1295180,117.2444910,maimai_dx,,,wahlap
快乐星球巴彦淖尔维多利摩尔城店,内蒙古自治区巴彦淖尔市临河区维多利摩尔城南区五楼快乐星球,40.7411050,107.3848110,maimai_dx,,,wahlap
快乐星球徐州彭城广场店,江苏省徐州市鼓楼区金鹰上街彭城广场地铁站15号出入口,34.2060880,117.2819630,maimai_dx;other,,,wahlap;bemanicn
快乐星球昆明呈贡店,云南省昆明市呈贡区吴家营仕林街云上小镇快乐星球5栋36号,24.8820910,102.8280680,maimai_dx,,,wahlap
快乐星球榆林时光天街店,陕西省榆林市榆阳区时光天街三楼快乐星球,38.2887050,109.7292910,maimai_dx,,maimai_dx:1,wahlap;bemanicn
快乐星球泛娱乐体验中心(万象世界购物广场店),昌硕街道天荒坪中路489号万象世界购物广场5幢2楼2009号，万象世界商场二楼,30.8963420,120.0848500,maimai_dx;other,,maimai_dx:1,bemanicn
快乐星球湖州安吉万象世界店,浙江省湖州市安吉县万象世界二楼快乐星球泛娱乐体验中心,30.8932320,120.0804860,maimai_dx,,,wahlap
快乐星球超玩场（周至店）,周至县二曲街道中安新天地3L,34.3470120,108.9312440,other,,,bemanicn
快乐星球长沙岳麓保利店,湖南省长沙市岳麓区保利时光汇3楼快乐星球,28.2353500,112.9325490,maimai_dx,,,wahlap
快乐星球（北京凯德大兴4F）,天宫院华佗路2号大兴凯德MALL4层,39.7286790,116.3329240,maimai_dx,,maimai_dx:1,bemanicn
快乐橙娱乐厅,小站舜新城市广场3楼（星宇国际影城旁边）,38.9182560,117.4300540,maimai_dx;other,,,bemanicn;ziv
快乐比潮玩,貴州省貴陽市南明區南明區花果園M區,26.6526330,106.6240020,maimai_dx,,maimai_dx:1,bemanicn
快乐比潮玩城贵阳花果园店,贵州省贵阳市花果园M区4栋负一楼快乐比潮玩城,26.6530750,106.6200310,maimai_dx,,,wahlap
快乐比潮玩店,大丰街道区甫家一路148号10栋附101号,30.5720590,104.0644420,other,,,bemanicn
快乐比贵阳南明兰花店,贵州省贵阳市南明区兰花广场M4栋快乐比潮玩,26.6462870,106.6284040,maimai_dx,,,wahlap
快乐潮玩动漫娱乐,新乐城a馆负1楼,27.7230050,107.0254070,other,,,bemanicn
快乐玩家 Happy Player (九州天虹),"3rd Floor, Jiuzhou Rainbow Shopping Center, Fusheng South Road Xihu District 西湖区 Nanchang City 南昌市 Jiangxi Province 江西省, 330009, Nanchang City 南昌市",28.6386792,115.8592620,maimai_dx;other;taiko,,,ziv
快乐玩家九州天虹店,朝阳洲天虹购物中心3楼,28.6875460,115.8478180,other;taiko,,taiko:1,bemanicn
快乐玩家动漫城（恒丰时代广场店）,恒丰时代广场2楼,27.8159780,114.4115610,other,,,bemanicn
快乐由我济南历下世茂广场店,山东省济南市历下区泉城路世茂广场东座三楼快乐由我,36.6496110,117.1147130,maimai_dx;other,,maimai_dx:2,wahlap;bemanicn
快乐电堂动漫娱乐中心,卜奎大街55号 齐齐哈尔百货大楼6F,47.3536240,123.9061110,maimai_dx;taiko,,maimai_dx:1;taiko:2,bemanicn
快乐电堂孝感汉川汉海国际广场店,湖北省孝感市汉川市仙女山街道汉海国际广场5楼快乐电堂动漫娱乐中心快乐电堂家庭娱乐中心,30.9186260,113.9492560,maimai_dx,,maimai_dx:1,wahlap;bemanicn
快乐电堂宜昌宜都店,湖北省宜昌市宜都市陆城街道清江大道雅斯国际广场三楼快乐电堂,30.6924910,111.2825830,maimai_dx,,,wahlap
快乐电堂家庭娱乐中心,清江大道与长江大道交叉口西120米雅斯国际三楼,30.6983550,111.2815400,maimai_dx,,maimai_dx:1,bemanicn
快乐电堂广南壹然广场店,云南省文山壮族苗族自治州广南县莲城镇广南壹然广场1栋1层L座L1013-1056（快乐电堂）,23.4057070,104.2121690,maimai_dx,,,wahlap
快乐电堂黄冈黄州店,湖北省黄冈市黄州区胜利街与八一路交汇处居然之家快乐电堂,30.4596870,114.8715720,maimai_dx;other,,maimai_dx:1,wahlap;bemanicn
快乐电堂齐齐哈尔百大店,黑龙江省齐齐哈尔市龙沙区卜奎大街55号齐齐哈尔百货大楼F6,47.3533130,123.9149780,maimai_dx,,,wahlap
快乐联盟无锡江南大悦城店,江南大悦城3F,31.4962140,120.3088350,maimai_dx,,maimai_dx:1,bemanicn
快乐联盟无锡滨湖太湖店,江苏省无锡市滨湖区太湖街道,31.4968780,120.3038560,maimai_dx,,,wahlap
快乐联盟烟台开发区振华购物中心店,山东省烟台市开发区长江路160号振华购物中心3楼C座301号快乐联盟,37.4606890,121.4451620,maimai_dx;other;taiko,,maimai_dx:1;taiko:1,wahlap;bemanicn
快乐联盟烟台莱山万象汇店,山东省烟台市莱山区黄海路街道观海路228号万象汇3楼快乐联盟,37.4600950,121.4445390,chunithm;maimai_dx,,,wahlap
快乐联盟（烟台万象汇）,莱山区观海路228号万象汇,37.4600860,121.4446200,chunithm;maimai_dx,,chunithm:2;maimai_dx:1,bemanicn
快乐街区 Happy Blocks (天津梅江天街店),"3F, Meijiang Paradise Walk, No.6 Lijiang Road, Jinmenhu Street Hexi District Tianjin Tianjin, 300123, Tianjin",39.0647981,117.2014189,other,,,ziv
快乐街区(长沙中心印象城店/悦方ID MALL店),坡子街216号长沙悦方ID MALL店L3,28.2298550,112.9319010,maimai_dx,,maimai_dx:1,bemanicn
快乐街区(长沙金茂览秀城),湖南省长沙市岳麓区梅溪湖环湖路1177号,28.2295850,112.9331740,maimai_dx,,maimai_dx:1,bemanicn
快乐街区双清大汉悦店,湖南省邵阳市双清区大汉悦中心二楼快乐街区,27.2404810,111.4619770,maimai_dx,,,wahlap
快乐街区合肥正大广场店,安徽省合肥市蜀山区芙蓉路291号正大广场7楼快乐街区,31.8262800,117.2224600,maimai_dx,,maimai_dx:1,wahlap;bemanicn
快乐街区宁波鄞州店,浙江省宁波市鄞州区中山东路与中山东路辅路交叉口南k11购物中心快乐街区,29.8618860,121.6164840,maimai_dx,,,wahlap
快乐街区弘阳广场店,船山大道60号弘阳广场3楼,26.8941930,112.5692230,other,,,bemanicn
快乐街区生源时代广场店,八一北路生源时代广场F5,25.7726000,113.0064140,other,,,bemanicn
快乐街区电玩（鄞州K11 购物中心3楼）,宁波市鄞州区中山东路与东胜路交叉口西南80米,29.8611760,121.6222230,maimai_dx,,maimai_dx:1,bemanicn
快乐街区郑州嵩南印象城店,河南省郑州市二七区柳江路67号嵩南印象城4号楼3层302号L3-19室,34.7458920,113.6212500,maimai_dx,,maimai_dx:1,wahlap;bemanicn
快乐街区郑州金水国贸新田360广场店,河南省郑州市金水区国贸360广场店1楼快乐街区,34.7464660,113.6170280,maimai_dx,,,wahlap
快乐街区长沙天心印象城店,湖南省长沙市天心区坡子街街道印象城三楼快乐街区,28.2314520,112.9273520,maimai_dx,,,wahlap
快乐街区长沙岳麓金茂店,湖南省长沙市岳麓区天顶街道金茂览秀城二楼快乐街区,28.2303110,112.9282880,maimai_dx,,,wahlap
快乐街区（郑州国贸新田360店）,文化路街道花园路39号新田360广场郑州国贸店南区1层D103-1号,34.7485660,113.6235360,maimai_dx;other,,maimai_dx:1,bemanicn
快时空潮玩萍乡漫时区店,江西省萍乡市芦溪县漫时区一楼快时空潮玩,27.6622820,113.8776230,maimai_dx,,,wahlap
怀柔万达宝贝计划,北京市怀柔区万达广场二楼宝贝计划,40.3138310,116.6292820,maimai_dx,,,wahlap
急速时代 @ 上海店,"2F, 1051 Jinshajiang West Road Jiading District Shanghai 上海 (Shanghai), 200335, Shanghai",31.2422513,121.3191874,chunithm;maimai_dx;other,,chunithm:2;maimai_dx:2,ziv
怪兽娱乐中心苏州吴江店,江苏省苏州市吴江区盛泽凤凰荟购物中心二楼怪兽娱乐中心,31.3065410,120.5839600,maimai_dx;taiko,,maimai_dx:1;taiko:1,wahlap;bemanicn
怪力电玩,贵州省安顺市西秀区顾府街,26.2550210,105.9423540,maimai_dx,,maimai_dx:1,bemanicn
怪力电玩安顺西秀店,贵州省安顺市西秀区小十字顾府街3号怪力电玩,26.2547420,105.9411540,maimai_dx,,,wahlap
恒丰永望里宝贝王家庭娱乐中心,丽都路与任丘路交叉口东北100米 永望里购物中心 3F,35.7601780,115.0195600,maimai_dx,,maimai_dx:1,bemanicn
恒泰贝贝孝感安陆恒泰店,湖北省孝感市安陆恒泰购物广场三楼,30.9165770,113.9477580,maimai_dx,,,wahlap
悠乐YOLO乐园（经纬汇店）,经地路99弄经纬汇6座1F2F,31.3257149,121.3945657,chunithm;maimai_dx;other,,chunithm:1;maimai_dx:1,bemanicn;ziv
悠乐乐园上海宝山经纬汇店,上海市宝山区大场镇经地路99号经纬汇6座悠乐数字潮玩,31.4091370,121.4806430,chunithm;maimai_dx,,,wahlap
悠乐哒上海新业坊店,上海市高境镇殷高西路新业坊科创园9号楼,31.2388360,121.4670290,chunithm;maimai_dx;taiko,,chunithm:1;maimai_dx:1;taiko:1,wahlap;bemanicn
悠悠大巴亲子乐园,湖南省湘西土家族苗族自治州龙山县民安街道朝阳路45号湘龙百货三楼悠悠大巴,28.2206950,109.6661970,other,,,bemanicn
悠窝音游,风尚米兰一期LOFT2号楼1010,34.2018970,117.2733220,chunithm;maimai_dx;taiko,,chunithm:1;maimai_dx:2;taiko:1,bemanicn
悠米乐园宁德古田大又城店,福建省宁德市古田县城西街道世林大又城三楼悠米乐园,26.6745450,119.5430920,maimai_dx,,,wahlap
悠米乐园福州连江万家城市店,福州市连江县华光西路万家城市广场三楼悠米乐园,26.0802900,119.2880470,maimai_dx,,maimai_dx:1,wahlap;bemanicn
悠米泛娱乐世界（古田店）,宁德市古田县世林大又城三楼悠米泛娱乐世界,26.6707670,119.5488450,maimai_dx,,maimai_dx:1,bemanicn
悠米泛娱乐乐园,高新远大宝龙广场2楼,29.8604030,121.6186560,maimai_dx,,maimai_dx:1,bemanicn
悦乐玩潮永安燕南店,福建省永安市燕南含笑大道1189号1幢208室,26.2633410,117.6359070,maimai_dx,,maimai_dx:1,wahlap;bemanicn
悦享嘉年华新疆伊宁店,伊宁市重庆路与山东路交汇处悦享嘉年华嗨派汇三楼,43.9116450,81.3220030,maimai_dx,,maimai_dx:1,wahlap;bemanicn
悦享欢乐世界台州仙居店,浙江省台州市仙居县白塔镇迎仙路698号悦享欢乐世界,28.6551560,121.4168460,maimai_dx;other,,maimai_dx:1,wahlap;bemanicn
悦享潮玩,四会广场二楼靠近6号门处,23.0521050,112.4569280,maimai_dx,,maimai_dx:1,bemanicn
悦享电玩城,喜盈门悦享城五楼,33.0178520,114.0150890,other,,,bemanicn
悦享超乐场张家口乐享城店,河北省张家口市桥东区乐享城购物中心5层悦享超乐场,40.7723820,114.8797940,maimai_dx,,maimai_dx:1,wahlap;bemanicn
悦动湃嘉年华南宁朝阳店,广西壮族自治区南宁市兴宁区朝阳路80号升喜朝阳里L330悦动湃嘉年华,22.8204280,108.3597710,maimai_dx,,,wahlap
悦动湃嘉年华南宁青秀凤岭万达店,南宁市青秀区高坡岭路3号凤岭万达广场LG层次主1号商铺,22.8180930,108.3663570,maimai_dx,,,wahlap
悦动湃嘉年华（升喜朝阳里店）,朝阳路80号升喜朝阳里 3F悦动湃嘉年华,22.8192320,108.3572360,maimai_dx,,maimai_dx:1,bemanicn
悦动湃（凤岭万达店）,高坡岭路3号凤岭万达广场LG层,22.8197910,108.3598160,maimai_dx,,maimai_dx:1,bemanicn
悦动电玩城鸡西万达店,黑龙江省鸡西市万达3楼悦动电玩城,45.2926210,130.9584050,maimai_dx,,,wahlap
悦动空间南阳万悦城店,河南省南阳市南都路与范蠡路交叉口西南角万悦城三楼悦动空间,33.0149230,112.5767270,chunithm;maimai_dx;other,,chunithm:2;maimai_dx:2,wahlap;bemanicn
悦动空间南阳淅川万悦汇店,河南省南阳市淅川县万悦汇三楼悦动空间,33.0142450,112.5792100,maimai_dx;other,,maimai_dx:1,wahlap;bemanicn
悦漫嘉年华上海松江店,上海市松江区新松江路935号3层02室悦漫嘉年华,31.0300680,121.2243700,maimai_dx,,,wahlap
悦界潮玩,浙江省金华市义乌市佛堂大道辅路义乌市翔龙里·佛堂之心(佛堂大道北50米)三楼,29.0812700,119.6479390,other,,,bemanicn
悦空之城江门新会万达店,广东省江门市新会区会城启超大道2号江门新会万达广场3F层-A-A号悦空之城,22.5843110,113.0767890,maimai_dx;other;taiko,,maimai_dx:2;taiko:1,wahlap;bemanicn
悦空之城（海雅缤纷城店）,"L388, 3rd Floor, Haiya Mega Mall(海雅缤纷城), Jian'an yi Road Bao'an District Shenzhen Guangdong Shenzhen Guangdong, 518000, Shenzhen",22.5619854,113.9006282,chunithm;maimai_dx;other;taiko,,chunithm:2;maimai_dx:2;taiko:1,ziv
惠山万达环游家族（原酷玩巅峰）,江苏省无锡市惠山区吴韵路321号无锡惠山万达广场二楼,31.4949510,120.3023310,maimai_dx;other;taiko,,maimai_dx:1;taiko:1,bemanicn
惠山区悦尚奥莱盖世玩家,江苏省无锡市惠山区天一路惠山区悦尚奥莱(天一路南),31.4903290,120.3107120,maimai_dx,,maimai_dx:1,bemanicn
惠州华贸汤姆熊王国,江北华贸天地B1层,23.1135260,114.4154240,jubeat;maimai_dx,,jubeat:2;maimai_dx:1,bemanicn
惠州吉之岛爱吉乐,东平吉之岛四楼,23.1123480,114.4138760,maimai_dx,,maimai_dx:1,bemanicn
惠州港惠极限主场,河南岸演达大道7号港惠新天地北区B1层（地下一层）,23.1186290,114.4108640,chunithm;maimai_dx;other,,chunithm:1;maimai_dx:1,bemanicn
惠州美多儿童游乐城,广东省惠州市惠东县平山街道新平路297号惠州市美多儿童游乐城,23.1165470,114.4094160,maimai_dx;other,,maimai_dx:1,wahlap;bemanicn
愉乐星球 潮玩世界,陕西省榆林市神木市神柳路成业广场三楼,38.2825040,109.7247340,maimai_dx,,maimai_dx:1,bemanicn
愉乐星球榆林榆阳喜洋洋店,陕西省榆林市榆阳区长城路喜洋洋时代广场五楼愉乐星球潮玩世界,38.2819790,109.7266790,maimai_dx,,,wahlap
愉乐星球潮玩世界（太阳城店）,内蒙古自治区鄂尔多斯太阳城商业中心4楼沪上阿姨/比格比萨旁,39.6078070,109.7711770,maimai_dx,,maimai_dx:1,bemanicn
愉乐星球（朔州万达店）,怡西路与鄯阳西街交汇处东南角,39.3327070,112.4239050,chunithm;maimai_dx;other,,chunithm:2;maimai_dx:1,bemanicn
愣窝,河南省郑州市金水区庙李街6号庙李商务文苑15号楼2126室,34.7503150,113.6154990,chunithm;maimai_dx;ongeki,,chunithm:1;maimai_dx:1;ongeki:1,bemanicn
慢车道南昌铜锣湾T16店,江西省南昌铜锣湾T16三楼慢车道,28.6842570,115.8532190,maimai_dx,,,wahlap
慢车道电玩(铜锣湾店),"江西省南昌市红谷滩区庐山南大道369号南昌铜锣湾广场主体商业三层L3-29,L3-30铺位（南昌乐湾文化发展有限公司）",28.6829000,115.8539540,maimai_dx,,maimai_dx:1,bemanicn
慧领地潮玩游乐汇(天河凤凰汇店),广汕一路716号天河凤凰汇1楼,23.1366700,113.2594390,other;taiko,,taiko:1,bemanicn
成都极音音游体验馆,四川省成都市武侯区保利中心A座1515-1516,30.5747870,104.0604370,maimai_dx,,,wahlap
战神争锋光明n次方店,光侨路与科裕路交汇处东北方向(长圳地铁站A出口)n次方3楼,22.5453040,114.0495240,chunithm;maimai_dx,,chunithm:2;maimai_dx:2,bemanicn
战神争锋深圳光明凤凰英荟城店,深圳市光明区凤凰街道甲子塘社区凤凰英荟城4栋338,22.5423590,114.0566990,chunithm;maimai_dx,,,wahlap
战神争锋深圳光明百佳华店,中国广东省深圳市光明区公明街道公明办事处公明镇长春南路西1号百佳华3楼,22.5472040,114.0502570,maimai_dx,,,wahlap
战神争锋（公明百佳华店）,广东省深圳市光明区长春中路百佳华佳漾邻公明店3F战神争锋家庭娱乐中心(百佳华佳漾邻店),22.5506150,114.0510680,maimai_dx,,maimai_dx:2,bemanicn
抓呗电玩西安碑林店,陕西省西安市碑林区东大街骡马市1号一楼,34.3447450,108.9324210,maimai_dx,,maimai_dx:1,wahlap;bemanicn
抓机鸭（晋城兰花城店）,兰花城四楼中影星美影院门口,35.4924390,112.8518760,maimai_dx,,maimai_dx:1,bemanicn
抱走我吧青岛城阳东方城店,青岛市城阳区黑龙江中路东方城一楼,36.0706500,120.3752490,maimai_dx,,,wahlap
拉菲熊永州宁远印山花园店,湖南省永州市宁远县印山花园超市一楼拉菲熊电玩城,26.4224340,111.6060100,maimai_dx,,,wahlap
拉菲熊电玩城,印山花园购物广场一楼,26.4197090,111.6111960,maimai_dx,,maimai_dx:1,bemanicn
拼好窝 PINHOWO,祖庙路百花广场主楼,23.0227350,113.1186550,chunithm;maimai_dx;ongeki,,chunithm:1;maimai_dx:1;ongeki:1,bemanicn
拾光派对沈阳大东区大悦城店,辽宁省沈阳市大东区东中街大悦城A馆426号,41.6767900,123.4558810,chunithm;maimai_dx,,,wahlap
拾光派对沈阳大东吾悦店,沈阳市大东区中街吾悦广场负一层拾光派对,41.6792600,123.4616440,maimai_dx,,,wahlap
拾光派对沈阳沈河店,辽宁省沈阳市沈河区青年大街文萃路佳兆业广场三楼拾光派对,41.6735820,123.4561630,maimai_dx,,,wahlap
拾光派对盘锦双台城店,辽宁省盘锦市双台子区双台城3楼拾光派对家庭娱乐中心,40.7220030,122.1618970,maimai_dx,,maimai_dx:1,wahlap;bemanicn
拾光派对超级乐园,中街吾悦广场负一楼，杨格汉堡旁边,41.6782170,123.4590670,maimai_dx;other,,maimai_dx:2,bemanicn
拾光派对（中街大悦城店）,小东路6号，大悦城4楼 A426,41.6774200,123.4568460,chunithm;maimai_dx;taiko,,chunithm:2;maimai_dx:1;taiko:1,bemanicn
拾光派对（佳兆业店）,沈河区青年大街173号佳兆业广场3F,41.6795150,123.4589100,maimai_dx,,maimai_dx:1,bemanicn
拾光潮玩乐园(新丰店),丰城街道人民东路东盛广场二楼,24.8163440,113.5909310,maimai_dx;taiko,,maimai_dx:1;taiko:1,bemanicn
拾光潮玩韶关新丰东盛新城店,广东省韶关市新丰县丰城镇人民东路4号东盛新城小区2区B2008至B2013,24.8119830,113.5949710,maimai_dx,,,wahlap
拾趣潮玩,苏宁人和婺源芸广场二楼,28.4567760,117.9416640,maimai_dx,,maimai_dx:1,bemanicn
拾趣潮玩(徐州三胞广场店),泰山街道金山东路三胞国际广场3F,34.2047590,117.2757040,maimai_dx,,maimai_dx:1,bemanicn
拾趣潮玩上饶婺源绘广场店,上饶市婺源县紫阳镇詹天佑大道北侧苏宁人和婺源荟广场7号楼2F-拾趣潮玩,28.4583030,117.9333090,maimai_dx,,,wahlap
拾趣潮玩徐州泉山国际广场店,江苏省徐州市泉山区 金山东路三胞国际广场三楼拾趣潮玩,34.2031850,117.2775300,maimai_dx,,,wahlap
拿酷科幻城湛江赤坎店,广东省湛江市赤坎区沙湾街道丽悦新天M层拿酷科幻城,21.2743200,110.3535820,iidx;jubeat;maimai_dx,,iidx:1;jubeat:1;maimai_dx:1,wahlap;bemanicn
捌爪娱动漫体验中心山西长治店,山西省长治市襄垣县华丽港购物广场负一层,36.1949860,113.1049810,maimai_dx,,maimai_dx:1,wahlap;bemanicn
捌爪娱动漫游戏体验中心-德庆店,德庆县龙母大街锦江花园酒店第三层FA0302商铺,23.0544930,112.4581450,taiko,,taiko:1,bemanicn
捌零时尚电玩会所(光谷店),"东湖高新技术开发区光谷广场一楼 武汉(Wuhan) 湖北(Hubei), 武汉(Wuhan)",30.5043562,114.3995297,jubeat;other,,,ziv
捌零时尚电玩会所(江汉路店),"江汉区花楼街198号宝丽金国际广场2楼(近民生路) 武汉(Wuhan) 湖北(Hubei), 武汉(Wuhan)",30.5768200,114.2916810,gitadora;jubeat;other,,gitadora:2;jubeat:1,ziv
捣蛋计划,两江新区兰亭新都汇3F 2-3-1,29.6468040,106.5640530,maimai_dx;other;taiko,,maimai_dx:1;taiko:1,bemanicn
捣蛋计划重庆渝北兰亭新都汇店,重庆市渝北区兰亭新都汇三楼捣蛋计划,29.5337300,106.5063520,maimai_dx,,,wahlap
探奇&爱玩荟威海环翠华发店,山东省威海市环翠区皇冠街道滨海大道355号华发新天地北探奇1楼&爱玩荟,37.5101520,122.1112330,maimai_dx,,,wahlap
探奇&爱玩荟银川店,建发现代城3楼306,38.4905850,106.2247760,chunithm;maimai_dx;taiko,,chunithm:2;maimai_dx:1;taiko:1,bemanicn
探奇爱玩荟烟台大悦城店,山东省烟台市芝罘区大悦城3楼探奇爱玩荟,37.4650750,121.4397910,maimai_dx,,,wahlap
探奇爱玩荟银川建发店,宁夏回族自治区银川市兴庆区建发现代城3楼探奇爱玩荟,38.4859900,106.2215860,chunithm;maimai_dx,,,wahlap
探奇＆爱玩荟威海华发新天地店,皇冠街道滨海大道355号华发新天地北1楼,37.5144260,122.1144840,maimai_dx;other,,maimai_dx:1,bemanicn
探趣童味,营根镇百家超市2楼,19.0303280,109.8344420,maimai_dx,,maimai_dx:1,bemanicn
探趣童味电玩城东方八所万福隆店,东方市八所镇解放西路1号万福隆商厦4楼,19.0983320,108.6508990,maimai_dx,,,wahlap
探趣童味电玩城（东方店）,八所镇解放西路1号万福隆商厦四楼,19.1005570,108.6473240,maimai_dx,,maimai_dx:1,bemanicn
探险阳光乐园（板芙壹加壹店）,板芙镇105国道白溪路段金澳华庭东侧 板芙壹加壹2楼,22.5190030,113.3896190,other,,,bemanicn
提莫玩本电竞酒店南京店,江苏省南京市鼓楼区云南北路28号,32.0631420,118.7935040,maimai_dx,,,wahlap
插电师playce北京石景山店,北京市石景山区阜石路173号院101幢地下一层14号,39.9092860,116.2175530,maimai_dx,,,wahlap
插电师北京王府井银泰店,北京市东城区王府井大街88号银泰in88商场2层插电师电玩,39.9287870,116.4072510,chunithm;maimai_dx;taiko,,chunithm:2;maimai_dx:3;taiko:1,wahlap;bemanicn
搭档动漫城抚州临川万达店,江西省抚州市临川区万达广场三楼玩家搭档动漫城,27.9478320,116.3520650,maimai_dx,,,wahlap
摩儿大狂欢,江苏省镇江市丹徒区谷阳中大道75号镇江丹徒宝龙广场三楼摩儿大狂欢,32.1931280,119.4157900,maimai_dx,,maimai_dx:1,bemanicn
摩儿大狂欢金华兰溪宝龙店,浙江省金华市兰溪市兰江街道振兴路299号宝龙广场M1-L2-009号商铺,29.0805600,119.6367610,maimai_dx;taiko,,maimai_dx:1;taiko:1,wahlap;bemanicn
摩儿大狂欢镇江丹徒宝龙店,江苏省镇江市丹徒区宝龙广场3楼摩儿大狂欢,32.1915090,119.4160660,maimai_dx,,,wahlap
摩儿豆丽水龙泉万达店,浙江省丽水市龙泉市万达广场三楼摩儿豆,28.4739990,119.9166640,maimai_dx,,,wahlap
摩兜欢乐商丘睢阳吾悦广场店,河南省商丘市睢阳区吾悦广场3楼Z305摩兜欢乐,34.4164230,115.6567890,maimai_dx,,,wahlap
摩兜欢乐岛,瑞祥大道与罗阳大道交汇处东南角新城吾悦广场F3层3013-2,27.9977610,120.6975010,maimai_dx;other,,maimai_dx:1,bemanicn
摩兜欢乐岛(商丘店),睢阳区吾悦广场三楼西侧Z305号,34.4214540,115.6511770,maimai_dx;other,,maimai_dx:1,bemanicn
摩兜欢乐岛湖州南浔店,浙江省湖州市南浔区吾悦广场三楼摩兜欢乐岛,30.9009720,120.0835310,maimai_dx,,,wahlap
摩兜欢乐岛盐城滨海店,江苏省盐城市滨海县吾悦广场3楼摩兜欢乐岛,33.3473640,120.1545970,maimai_dx;other,,maimai_dx:1,wahlap;bemanicn
摩兜欢乐岛（仙居店）,中国浙江省台州市仙居县南峰街道黄坦树社区环城南路与泰和南路交汇处 吾悦2f,28.6587340,121.4139690,other,,,bemanicn
摩尔城Ledodo,乌海市海勃湾区滨河摩尔城三楼,39.6553180,106.7862100,taiko,,taiko:1,bemanicn
摩星乐园,桥北胜利北路东侧 维多利摩尔城,43.6544780,122.2437070,maimai_dx;other;taiko,,maimai_dx:1;taiko:1,bemanicn
摩星乐园通辽科尔沁店,内蒙古自治区通辽市科尔沁区维多利摩尔城三楼魔星乐园,43.6498560,122.2415870,maimai_dx,,,wahlap
摩根大古游戏体验中心（崇文门搜秀店）,崇文门外大街40号搜秀城购物广场9层,39.8949131,116.4130748,other;taiko,,taiko:1,bemanicn;ziv
摩羯星座宣城万达店,宣城市宣州区水阳江西大道28号2F-A,30.9385360,118.7569210,maimai_dx,,,wahlap
摩羯星座家庭娱乐中心（芜湖镜湖万达店）,赭山东路与弋江北路交叉口东南角，赭山东路1号万达广场2楼（可去茉莉奶白左拐进门坐电梯直达二楼）,31.3528540,118.4316060,chunithm;maimai_dx;taiko,,chunithm:2;maimai_dx:1;taiko:1,bemanicn
摩羯星座芜湖镜湖万达店,芜湖市镜湖区万达广场二楼摩羯星座,31.3579010,118.4232520,chunithm;maimai_dx,,,wahlap
摸窝,中山东路455号东海曙光大厦,29.8653490,121.6168420,chunithm;maimai_dx,,chunithm:1;maimai_dx:2,bemanicn
放学后903电玩武汉市街道口店,武汉市洪山区珞南街道流行视窗A1502号,30.5913800,114.3015140,maimai_dx,,,wahlap
放肆趣玩郴州永兴友阿国际商场店,湖南省郴州市永兴县友阿天街3楼3001-3005号铺,25.7741080,113.0128890,maimai_dx,,,wahlap
文娛Game Centre,葵芳葵義路15號葵芳閣2座地下D2舖,22.2822220,114.1623940,taiko,,taiko:1,bemanicn
斗罗时空威海九龙城广场店,山东省威海市经济技术开发区皇冠街道大庆路53号威海九龙城休闲购物广场三层L326、L342店铺,37.5152750,122.1144910,maimai_dx,,,wahlap
斗罗时空威海经区九龙城店,大庆路53号威海九龙城购物广场3楼,37.5174730,122.1171160,maimai_dx,,maimai_dx:1,bemanicn
斯坦之城莆田正荣店,荔园东路1688号正荣财富中心购物广场F3,25.4542200,119.0017880,maimai_dx;taiko,,maimai_dx:2;taiko:1,bemanicn
斯坦之城莆田荔城店,福建省莆田市荔城区镇海街道荔园东路1688号正荣财富中心商铺A区349室斯坦之城,25.4534060,119.0026310,maimai_dx,,,wahlap
斯跑曼兰州七里河店,甘肃省兰州市七里河区万达茂斯跑曼主题体育乐园,36.0659090,103.8307700,maimai_dx,,,wahlap
斯跑曼潮玩电竞馆,万达茂1F 斯跑曼运动主题公园 斯跑曼潮玩电竞馆,36.0565410,103.8290430,maimai_dx;other,,maimai_dx:1,bemanicn
新世界电玩北京东城店,北京市东城区崇文门外大街新世界百货2期B1,39.9281400,116.4158080,maimai_dx,,,wahlap
新乡市万达宝贝王,牧野区荣校路街道宏力大道万达广场3层,35.3028740,113.9159350,maimai_dx,,maimai_dx:1,bemanicn
新乡市乖比兔,红旗区宝龙三楼乖比兔,35.3001640,113.9218910,taiko,,taiko:1,bemanicn
新佳好（绵阳凯德广场店）,凯德广场6楼,31.4723600,104.6726040,taiko,,taiko:1,bemanicn
新动力电玩长沙万家丽广场店,湖南省长沙市芙蓉区万家丽购物广场负一楼新动力电玩城,28.2287820,112.9339430,maimai_dx,,,wahlap
新天地动漫城,铜锣湾购物广场三楼,29.6647360,115.9427710,taiko,,taiko:1,bemanicn
新天地电玩城,月亮湾新区会昌宾馆一号楼古茗奶茶楼上201铺202铺,25.8378540,114.9282120,other,,,bemanicn
新奇电玩,东洲大街大商生活广场4楼,41.8823000,123.9497230,other,,,bemanicn
新宝贝王家庭娱乐中心（营口万达店）,辽宁省营口市站前区建丰街道市府路南1号万达广场娱乐楼2F-A营口万达宝贝王(营口站前万达广场店),40.6206510,122.2148910,maimai_dx;other;taiko,,maimai_dx:1;taiko:1,bemanicn
新宿驛新港機城,尖沙咀廣東道30號(新港中心)地庫B03鋪,22.2839850,114.1625370,maimai_dx;sdvx;taiko,,maimai_dx:3;sdvx:2;taiko:2,bemanicn
新密市e舞成名游戏厅,新密市农业路420 金霖商厦7F,34.7480570,113.6239390,jubeat;other,,jubeat:1,bemanicn
新玩家潮玩呼伦贝尔步森百货店,内蒙古自治区呼伦贝尔市海拉尔区河西步森百货新玩家潮玩,49.1648240,119.7759830,maimai_dx,,maimai_dx:2,wahlap;bemanicn
新界电玩芜湖三山星悦广场店,安徽省芜湖市三山市星悦广场3楼第九区店铺,31.3563520,118.4236210,maimai_dx,,,wahlap
新界电玩（原第九区）,伟星星悦广场三楼,31.3525000,118.4262260,maimai_dx,,maimai_dx:1,bemanicn
新盛源电玩大连罗斯福店,辽宁省大连市罗斯福广场三楼0333-0342,38.9124020,121.6141120,maimai_dx,,,wahlap
新西亚5楼阳光狮乐园,健康路与光明大街,32.1467040,114.0844120,chunithm;maimai_dx;other,,chunithm:2;maimai_dx:1,bemanicn
新遊戲/兒童王國,永華街57號僑光大廈地下H鋪,22.1894530,113.5352000,jubeat;maimai_dx;taiko,,jubeat:2;maimai_dx:6;taiko:5,bemanicn
新都电玩城,振兴路16号佳泰乐超市二楼,42.2189320,123.7224840,taiko,,taiko:1,bemanicn
无锡树屋音游·Cafe,锡上MONO 3F,31.4914680,120.3126710,chunithm;maimai_dx;taiko,,chunithm:3;maimai_dx:3;taiko:2,bemanicn
日照万达大玩家,万达广场二楼大玩家,35.4162200,119.5268250,maimai_dx,,maimai_dx:1,bemanicn
时之代游艺活动中心鹤岗店,黑龙江省鹤岗市工农区时代广场四楼时之代游艺活动中心,47.3502440,130.2836610,maimai_dx,,,wahlap
时代大玩家,体育北路与前进西街交叉口中央时代广场4F,38.4133290,112.7287520,other,,,bemanicn
时代广场开心季宝贝王,安徽省阜阳市颍州区颍西街道办事处颍河西路966号阜阳商厦时代广场3楼广场三层022/023/024号商铺,32.8973440,115.8107920,maimai_dx,,maimai_dx:1,bemanicn
时代领风合肥政务in77店,祁门路333号银泰in77商场3楼,31.8181470,117.2215060,chunithm;maimai_dx;other,,chunithm:2;maimai_dx:1,bemanicn
时代领风合肥瑶海龙湖天街店,安徽省合肥市瑶海区龙岗综合经济开发区长江东路龙湖天街3楼时代领风,31.8236740,117.2239570,maimai_dx,,maimai_dx:1,wahlap;bemanicn
时代领风合肥蜀山银泰in77店,安徽省合肥市政务区潜山路与祁门路交口政务in77三楼时代领风,31.8192200,117.2206410,chunithm;maimai_dx,,,wahlap
时代领风合肥高新银泰店（原星奇多）,创新大道与望江西路交叉口西北角银泰百货3楼,31.8258210,117.2254430,maimai_dx,,maimai_dx:1,bemanicn
时光潮玩九江修水联盛广场店,江西省九江市修水县联盛广场西区三楼时光潮玩,29.6620090,115.9469030,maimai_dx,,,wahlap
时光潮玩九江瑞昌立信广场店,江西省九江市瑞昌市立信广场,29.6658200,115.9491180,maimai_dx,,maimai_dx:1,wahlap;bemanicn
时光立方电玩城西安长安星旋广场店,西安市长安区航天南路189号星旋广场,34.3479050,108.9372450,maimai_dx,,maimai_dx:1,wahlap;bemanicn
时尚达人电玩,"霞山区国贸大厦4楼 Zhanjiang Shi Guangdong Sheng, 524001, Zhanjiang Shi",21.1969072,110.4054603,other,,,ziv
时空*龙骑士,四川省乐山市市中区柏杨中路318号3楼8号,29.5579610,103.7620060,maimai_dx,,maimai_dx:1,bemanicn
时空探险,茂南区西粤中路8号印象汇B1层,21.6654090,110.9182930,other,,,bemanicn
时空燃力（大信广场店）,新七大道大信广场四楼,32.1502870,114.0817980,other,,,bemanicn
时空猎人六盘水爱琴海店,贵州省六盘水市钟山区爱琴海购物中心c区2层,26.5957280,104.8242100,maimai_dx,,maimai_dx:1,wahlap;bemanicn
时空龙骑士,圣明国际三楼时空龙骑士,31.4703880,104.6738220,maimai_dx,,maimai_dx:1,bemanicn
时空龙骑士乐山市中星悦荟店,四川省乐山市市中区柏杨中路318号3楼8号时空龙骑士,29.5560910,103.7676770,maimai_dx,,,wahlap
时空龙骑士九江濂溪万达店,江西省九江市濂溪区万达广场666号时空龙骑士,29.6615040,115.9460730,maimai_dx,,,wahlap
时空龙骑士绵阳江油圣明国际店,四川省绵阳市江油市圣明国际3楼时空龙骑士,31.4728080,104.6738630,maimai_dx,,,wahlap
时空龙骑士（九江万达店）,濂溪区万达广场1B层1B-次主2铺位,29.6668520,115.9473190,maimai_dx,,maimai_dx:2,bemanicn
旺角新之城GAME ZONE游戏天地,旺角彌敦道688號地底鋪全層,22.2780730,114.1629480,chunithm;maimai_dx;taiko,,chunithm:4;maimai_dx:22;taiko:4,bemanicn
旺角金雞遊戲機,旺角洗衣街39-55號金雞廣場二樓,22.2787690,114.1654920,chunithm;maimai_dx;taiko,,chunithm:5;maimai_dx:6;taiko:2,bemanicn
昆明街区动漫曲靖中枢店,云南省曲靖市陆良县中枢大厦一楼昆明街区动漫游艺中心,25.4969280,103.7981910,maimai_dx,,,wahlap
昆明街区昆明官渡星耀店,云南省昆明市官渡区星耀广场三楼,24.8847080,102.8291560,maimai_dx,,,wahlap
昆明街区昆明西山云纺店,云南省昆明市西山区永昌街道云纺国际商厦B座一楼昆明街区,24.8869460,102.8287060,maimai_dx,,,wahlap
昆明街区滨江店,云南省昆明市盘龙区联盟街道办事处滨江·俊发广场,24.8839600,102.8285160,chunithm;maimai_dx,,,wahlap
昆明街区（云纺店）,云南省昆明市西山区海埂路辅路西山区云纺国际商厦A座(海埂路东),24.8841940,102.8295010,maimai_dx,,maimai_dx:1,bemanicn
昊鑫时代广场三楼元气满满家庭娱乐中心,南大街62号昊鑫时代广场3F,35.7067660,107.6437490,taiko,,taiko:1,bemanicn
明日世界昆明五华西南广场店,云南省昆明市五华区人民中路昆百大•新西南广场东区4楼,24.8893990,102.8301570,maimai_dx,,,wahlap
明日世界昆明和谐店,云南省昆明市五华区和谐广场C座二楼天空之城明日世界,24.8887920,102.8301250,maimai_dx,,,wahlap
明日世界（之心城店）,长江西路187号之心城7F层7F-12,31.8257460,117.2201590,maimai_dx;other,,maimai_dx:1,bemanicn
明日世界（新尧金地广场店）,金尧路22号新尧金地广场F3,32.0591520,118.7864780,other;taiko,,taiko:1,bemanicn
易游未尽广州从化金汇城店,广东省广州市从化区环市东路688号金汇城商业广场三层易游未尽,23.1323240,113.2544780,maimai_dx,,,wahlap
易游未尽酷玩城,江埔环市东路688号金汇城3层L3-001-5,23.1352630,113.2580280,jubeat;maimai_dx,,jubeat:2;maimai_dx:1,bemanicn
星世纪(友阿国际广场店),邵阳市双清区友阿国际广场三楼中心处,27.2459950,111.4617400,maimai_dx;other,,maimai_dx:1,bemanicn
星世纪九江浔阳步行街店,江西省九江市浔阳区湓浦街道大中路步行街444号信华广场1号楼,29.6689790,115.9496810,maimai_dx,,,wahlap
星世纪动漫台球体验中心七星店,湖南省株洲市芦淞区建设街道钟鼓岭路118号七星潮流购物公园星世纪动漫台球中心,27.8286630,113.1266490,chunithm;maimai_dx,,,wahlap
星世纪动漫游戏体验中心,"开福区黄兴中路87号万代大酒店1层 粉巢 Changsha Shi Hunan Sheng, 410005, Changsha Shi",28.1965965,112.9758386,other,,,ziv
星世纪动漫游戏体验中心邵阳店,湖南省邵阳市双清区友阿国际广场三楼星世纪动漫游戏体验中心,27.2436000,111.4592350,maimai_dx,,,wahlap
星世纪动漫电玩台球中心（娄底万豪店）,湖南省娄底市娄星区长青街道氐星路1217号万豪城市广场F2星世纪台球俱乐部(万豪店),27.7062400,111.9905740,maimai_dx,,maimai_dx:1,bemanicn
星世纪合肥肥东吾悦店,安徽省合肥市肥东县桥头集路与吾悦路交叉口肥东吾悦广场4楼Z10铺,31.8259640,117.2214230,maimai_dx,,maimai_dx:1,wahlap;bemanicn
星世纪咸宁游乐空间站店,湖北省咸宁市咸宁国家高新开发区温泉路35号金诚沃尔玛负一楼B-12号,29.8485850,114.3158080,maimai_dx,,,wahlap
星世纪娄底娄星万豪店,湖南省娄底市娄星区氐星路万豪城市广场2楼星世纪动漫游戏体验中心,27.7017560,111.9946130,maimai_dx,,,wahlap
星世纪宿迁远洋未来广场店,江苏省宿迁市宿城区河滨街道宿支路远洋未来广场3F星世纪,33.9678960,118.2718710,chunithm;maimai_dx,,,wahlap
星世纪岳阳天虹店,湖南省岳阳市岳阳楼区东茅岭路42号天虹商场负一楼,29.3581220,113.1263530,chunithm;maimai_dx;other,,chunithm:2;maimai_dx:2,wahlap;bemanicn
星世纪常州溧阳吾悦店,江苏省常州市溧阳市溧城街道吾悦广场(溧阳店)3楼星世纪游乐空间站,31.8179230,119.9661500,maimai_dx,,maimai_dx:1,wahlap;bemanicn
星世纪株洲天元神农城店,湖南省株洲市天元区珠江南路599号神农太阳城购物中心南座上层A305/A306号,27.8286950,113.1303560,maimai_dx,,,wahlap
星世纪株洲荷塘万达店,湖南省株洲市荷塘区学林街道云龙大道万达广场3楼,27.8335930,113.1282690,maimai_dx,,,wahlap
星世纪游乐空间站,河滨街道远洋广场三楼,33.9689050,118.2671470,chunithm;maimai_dx,,chunithm:2;maimai_dx:1,bemanicn
星世纪游乐空间站·电玩游戏,安徽省铜陵市铜官区新城办事处街道翠湖二路789号吾悦广场,30.9489670,117.8105640,maimai_dx,,maimai_dx:1,bemanicn
星世纪游乐空间站星耀城店,江苏省常州市新北区新桥街道星耀城吾悦广场星世纪2楼,31.8125100,119.9658750,maimai_dx,,,wahlap
星世纪电玩,浔阳区湓浦街道大中路步行街444号信华广场1号,29.6655560,115.9494130,maimai_dx,,maimai_dx:1,bemanicn
星世纪电玩台球中心吾悦广场店,解放路与涂山路交口吾悦广场2楼,32.9179800,117.3803240,maimai_dx,,maimai_dx:1,bemanicn
星世纪电玩台球中心蚌埠银泰店,东海大道4000号银泰百货负一层,32.9201150,117.3863920,maimai_dx;other,,maimai_dx:1,bemanicn
星世纪电玩游戏体验中心(咸宁金诚店),湖北省咸宁市咸安区咸宁国家高新开发区温泉路35号金诚沃尔玛负一楼,29.8483560,114.3171750,maimai_dx,,maimai_dx:1,bemanicn
星世纪蚌埠蚌山吾悦店,安徽省蚌埠市蚌山区解放路吾悦广场二楼2023铺星世纪电玩娱乐中心,32.9208220,117.3770930,maimai_dx,,,wahlap
星世纪蚌埠银泰百货店,安徽省蚌埠市蚌山区淮河社区行政事务管理中心东海大道4000号银泰百货(蚌埠店)负一层星世纪电玩,32.9208770,117.3845690,maimai_dx,,,wahlap
星世纪铜陵铜官吾悦店,安徽铜陵市铜官区翠湖二路东段88号吾悦广场三楼星世纪,30.9498580,117.8058810,maimai_dx,,,wahlap
星世纪长沙五一广场万代店,湖南省长沙市开福区通泰街道万代大酒店一楼,28.2300310,112.9365910,maimai_dx,,,wahlap
星世纪（常州高铁新城星耀城吾悦广场店）,高铁新城星耀城吾悦广场,31.8154270,119.9667370,maimai_dx,,maimai_dx:1,bemanicn
星世纪（株洲云龙万达店）,石峰区云龙万达广场3楼,27.8335760,113.1308300,maimai_dx;other,,maimai_dx:1,bemanicn
星世纪（株洲神农万达店）,珠江南路599号神农万达A栋3层,27.8341210,113.1240660,maimai_dx;other,,maimai_dx:1,bemanicn
星世纪（株洲钟鼓岭/七星店）,钟鼓岭路七星购物公园负一楼,27.8338440,113.1315210,chunithm;maimai_dx,,chunithm:2;maimai_dx:1,bemanicn
星乐城 时空猎人游艺厅,星乐城4楼,26.2586300,107.5183000,taiko,,taiko:1,bemanicn
星乐荟 happy & house (佘山宝乐汇店),"2F, Baolehui Mall, No.27 Sheyue Road, Sijing Town Songjiang District Shanghai Shanghai, 201600, Shanghai",31.1065767,121.2262266,maimai_dx;other;taiko,,,ziv
星乐荟 happy & house (浦乐汇广场店),"1F Area A, Pulehui Mall, No.2255 Huaxia East Road, Pudong New Ar Pudong New Area Shanghai Shanghai, 201200, Shanghai",31.2025900,121.6907090,maimai_dx;other;taiko,,,ziv
星乐荟上海松江店,上海市松江区佘月路27号宝乐汇生活广场2楼星乐荟,31.0347860,121.2260980,maimai_dx,,,wahlap
星乐荟上海浦东金汇广场店,上海市浦东新区2255号金汇广场1楼星乐荟,31.2229620,121.5436430,maimai_dx,,,wahlap
星乐荟佘山宝乐汇店,泗泾镇佘月路27号宝乐汇2楼,31.2320400,121.4639040,maimai_dx;other;taiko,,maimai_dx:1;taiko:1,bemanicn
星乐荟浦乐汇广场店,华夏东路2255号浦乐汇A区1F,31.2307370,121.4683090,maimai_dx;other;taiko,,maimai_dx:1;taiko:1,bemanicn
星光之城,江西省上饶市鄱阳县饶州北大道与建设路交叉口北200米,28.4597940,117.9432680,maimai_dx;taiko,,maimai_dx:1;taiko:2,bemanicn
星光之城上饶鄱阳文和里店,江西省上饶市鄱阳县饶州街道文合里南街区一号楼/二层,28.4558050,117.9359980,maimai_dx,,,wahlap
星光动漫临沂兰陵开元店,山东省临沂市兰陵县卞庄街道中兴路中段开元国际商城C区三楼302号,35.1067370,118.3532830,maimai_dx,,,wahlap
星光动漫阜阳临泉大润发店,安徽省阜阳市临泉县大润发三楼星光动漫,32.8915830,115.8060010,maimai_dx,,,wahlap
星光嘉年华家庭娱乐中心（谷德茂购物中心高新店）,健康东街与惠贤路交叉口东北角谷德茂3楼L336,36.7078150,119.1583240,maimai_dx;other;taiko,,maimai_dx:1;taiko:1,bemanicn
星光嘉年华潍坊高新店,山东省潍坊市高新区清池街道健康东街与惠贤路东北角谷德茂三楼,36.7080330,119.1596500,maimai_dx,,,wahlap
星光天地淘气贝比家庭娱乐中心,开封市龙亭区星光天地购物中心A馆二楼,34.8025610,114.3131330,maimai_dx,,maimai_dx:1,bemanicn
星光联盟动漫潮玩体验中心阜阳临泉爱琴海购物公园店,安徽省阜阳市临泉县爱琴海购物公园二楼,32.8982840,115.8082650,maimai_dx,,,wahlap
星光联盟（爱琴海店）,临泉县光明路与霞光大道交叉口(临泉体育场南),32.8915950,115.8072970,maimai_dx,,maimai_dx:1,bemanicn
星力潮玩（阳江祥和轩市场店）,体育北路301号祥和轩2栋一层,21.8557710,111.9754820,other,,,bemanicn
星动潮玩钦州钦南世贸广场店,广西省钦州市钦南区长融世贸广场3楼星动潮玩,21.9806350,108.6467400,maimai_dx,,,wahlap
星动潮玩钦州长融世贸广场店,长融世贸广场3楼,21.9844160,108.6525640,maimai_dx,,maimai_dx:1,bemanicn
星卉乐大理泰业广场店,云南省大理白族自治州大理市下关街道 建设东路21号泰业广场三楼,25.6071740,100.2694240,maimai_dx,,,wahlap
星华动漫城（华府店）,榕城区东兴街道临江北路与淡浦路交汇处榕江华府C区一层,23.5511160,116.3684420,other,,,bemanicn
星地标长春朝阳店,吉林省长春市朝阳区西康路威宝大厦二楼星地标,43.8185380,125.3182130,maimai_dx,,,wahlap
星城嘉年华,重庆市潼南区隆鑫,30.1956290,105.8340260,other;taiko,,taiko:1,bemanicn
星城嘉年华 Star City Carnival,"Longxin, Tongnan District Tongnan District Chongqing Chongqing, 402660, Chongqing",30.1938490,105.8369050,other;taiko,,,ziv
星城战记(常德万达店),南坪街道沙岗社区万达广场二楼,29.0358000,111.6898980,maimai_dx,,maimai_dx:1,bemanicn
星城战记岳阳君山店,湖南省岳阳市君山区家宁城市广场二楼星城战记,29.3632980,113.1251840,maimai_dx,,maimai_dx:1,wahlap;bemanicn
星城战记岳阳长安店,湖南省岳阳市临湘市长安街道长安西路新富食村广场一楼,29.3612340,113.1226490,maimai_dx,,maimai_dx:1,wahlap;bemanicn
星城战记常德武陵万达店,湖南省常德市武陵区万达广场2楼,29.0341720,111.6978720,maimai_dx,,,wahlap
星城战记常德石门兰园店,湖南省常德市石门县石门兰园百家超市,29.0295640,111.6950190,maimai_dx,,maimai_dx:1,wahlap;bemanicn
星城战记泰州天虹购物中心店,江苏省泰州市医药高新技术产业开发区药城大道797号泰州天虹购物中心商场L3层L335铺,32.4594090,119.9216000,chunithm;maimai_dx,,chunithm:2;maimai_dx:1,wahlap;bemanicn
星城战记湖州吴兴店,浙江湖州市吴兴区湖州南太湖吾悦广场三楼星城战记,30.9006100,120.0823660,chunithm;maimai_dx,,,wahlap
星城战记苏州吴江店,江苏省苏州市吴江区盛泽镇舜湖西路天虹商场L2层A001号商铺星城战记,31.2978490,120.5788990,chunithm,,,wahlap
星城战记衡阳万达店,湖南省衡阳市珠晖区酃湖万达广场2楼星城战记,26.8988060,112.5700350,maimai_dx,,,wahlap
星城战记衡阳蒸湘店,湖南衡阳蒸湘区华新步步高商场四楼,26.8937820,112.5695790,maimai_dx,,maimai_dx:1,wahlap;bemanicn
星城战记衡阳衡山三宏店,湖南省衡阳市衡山县开云镇三宏商业广场一楼,26.9016160,112.5684290,maimai_dx,,maimai_dx:1,wahlap;bemanicn
星城战记衡阳财富广场店,湖南省衡阳市衡东县万上财富广场,26.8992590,112.5716440,maimai_dx,,,wahlap
星城战记郴州友阿店,湖南省郴州市北湖区友阿国际广场三楼星城战记电玩城,25.7708610,113.0090810,maimai_dx,,,wahlap
星城战记酃湖万达店,衡州大道50号(酃湖公园旁),26.8975390,112.5638790,maimai_dx,,maimai_dx:1,bemanicn
星城战记长沙望城吾悦广场店,湖南省长沙市望城区吾悦广场3楼星城战记潮玩体验中心,28.2331570,112.9304720,chunithm;maimai_dx,,chunithm:2;maimai_dx:2,wahlap;bemanicn
星城战记（湖州南太湖吾悦广场店）,南太湖吾悦广场3F,30.8972980,120.0873360,chunithm;maimai_dx,,chunithm:2;maimai_dx:1,bemanicn
星城战记（衡东店）,衡东大道万上财富广场二楼222号,26.8990240,112.5700980,maimai_dx,,maimai_dx:1,bemanicn
星奇8娱乐中心,广东省茂名市高州市文明路6号金港湾,21.6634110,110.9236780,maimai_dx,,maimai_dx:1,bemanicn
星奇8茂名高州金港湾店,广东省茂名市高州市文明路金港湾商场3楼星奇8家庭娱乐中心,21.6615340,110.9242450,maimai_dx,,,wahlap
星奇多六安万达二店,安徽省六安市霍邱县万达广场二楼星奇多潮玩世界,31.7414360,116.5151320,maimai_dx,,,wahlap
星奇多合肥包河店,安徽省合肥市包河区融创茂一楼星奇多超级乐园,31.8257060,117.2269120,maimai_dx,,,wahlap
星奇多合肥唯品会店,唯品会合肥蜀山城市奥莱三楼,31.8220390,117.2157570,maimai_dx,,maimai_dx:1,bemanicn
星奇多合肥瑶海万达店,安徽省合肥市星奇多瑶海万达3F-B店铺,31.8217540,117.2179750,maimai_dx,,,wahlap
星奇多合肥蜀山唯品会2店,安徽省合肥市蜀山区安粮唯品会三楼星奇多潮玩世界,31.8194590,117.2183150,maimai_dx,,,wahlap
星奇多合肥蜀山银泰百货店,安徽省合肥市蜀山区高新技术产业开发区银泰百货(高新店)三楼星奇多潮玩世界,31.8195660,117.2199720,maimai_dx,,,wahlap
星奇多合肥高新店,安徽省合肥市高新区龙湖天街三楼星奇多潮玩世界,31.8236660,117.2253230,maimai_dx,,,wahlap
星奇多合肥高新龙湖天街店,高新区龙湖天街3楼,31.8219840,117.2180710,maimai_dx,,maimai_dx:1,bemanicn
星奇多城市玩家颍泉万达店,安徽省阜阳市颍泉区太和路396号,32.8945340,115.8132420,chunithm;maimai_dx,,chunithm:1;maimai_dx:2,bemanicn
星奇多安徽阜阳颖泉万达店,安徽省阜阳市颖泉区太和路396号,32.8969410,115.8079900,chunithm;maimai_dx,,,wahlap
星奇多潮玩世界(霍邱万达店),城关镇万达广场二楼星奇多潮玩世界,31.7392220,116.5207380,maimai_dx,,maimai_dx:1,bemanicn
星奇多潮玩世界合肥正大广场店,金寨南路与芙蓉路交叉口,31.8237640,117.2256140,maimai_dx,,maimai_dx:2,bemanicn
星奇多潮玩世界合肥漫乐城店,徽州大道漫乐城2楼,31.8241890,117.2233520,maimai_dx,,maimai_dx:1,bemanicn
星奇多潮玩世界弋江万达店,九华南路800号万达广场三楼,31.3554180,118.4223010,maimai_dx;other,,maimai_dx:1,bemanicn
星奇多潮玩世界蚌埠淮上万达店,淮上大道与解放路交口向东约400米,32.9149310,117.3871790,maimai_dx,,maimai_dx:1,bemanicn
星奇多潮玩世界铜陵万达店,万达广场三楼,30.9447330,117.8013130,maimai_dx,,maimai_dx:2,bemanicn
星奇多潮玩世界（合肥北城店）,蒙城北路与双墩路交叉口北城世纪金源购物中心B座2楼,31.8234900,117.2191940,maimai_dx,,maimai_dx:1,bemanicn
星奇多潮玩合肥包河店,安徽省合肥市包河区徽州大道878号漫乐城2楼,31.8215580,117.2184230,maimai_dx,,,wahlap
星奇多潮玩合肥蜀山店,安徽省合肥市蜀山区莲花社区正大广场四楼星奇多潮玩世界,31.8250530,117.2216630,maimai_dx,,,wahlap
星奇多潮玩合肥长丰店,安徽省合肥市长丰县双墩镇北城世纪金源购物中心B座2楼2005铺星奇多潮玩世界,31.8245100,117.2231340,maimai_dx,,,wahlap
星奇多芜湖弋江万达店,安徽省芜湖市弋江区万达3楼星奇多潮玩世界,31.3591340,118.4257370,maimai_dx,,,wahlap
星奇多蚌埠万达店,安徽省蚌埠市淮上万达三楼星奇多,32.9207420,117.3779520,maimai_dx,,,wahlap
星奇多蚌埠蚌山万达店,安徽省蚌埠市蚌山万达广场1号门2楼必胜客隔壁星奇多潮玩世界,32.9212670,117.3804200,chunithm;maimai_dx;other,,chunithm:2;maimai_dx:1,wahlap;bemanicn
星奇多融创茂店,包河区庐州大道800号(万年埠地铁站1口步行410米)1楼,31.8236170,117.2245030,maimai_dx,,maimai_dx:1,bemanicn
星奇多铜陵铜官万达广场店,安徽省铜陵市铜官区官塘社区石城大道中段599号万达广场3楼星奇多,30.9453570,117.8062720,chunithm;maimai_dx,,,wahlap
星奇添家庭娱乐中心重庆南岸店,重庆市南岸区弹子石中心泽科星泽汇B1层09号商铺,29.5053190,106.6346010,maimai_dx,,,wahlap
星奇添游乐场泽科星泽汇店,泽科星泽汇B1层,29.5384220,106.4986410,maimai_dx,,maimai_dx:1,bemanicn
星律StellaMellowdy珠海金湾店,广东省珠海市金湾区三灶镇敏德巷9号商铺,22.2761940,113.5742200,chunithm;maimai_dx,,chunithm:2;maimai_dx:1,wahlap;bemanicn
星悦主场龙岗万达店,龙岗区平湖街道禾花社区华南二道1号万达广场负一楼,22.5500430,114.0503420,maimai_dx;other,,maimai_dx:1,bemanicn
星悦乐玩城安阳内黄汇购店,河南省安阳市内黄县人民路汇购广场3楼,36.0961750,114.3858850,maimai_dx,,maimai_dx:2,wahlap;bemanicn
星悦乐玩城濮阳华龙店,河南省濮阳市华龙区水秀街5号楼,35.7612940,115.0269040,maimai_dx,,,wahlap
星悦乐玩城（濮阳水秀店）,五一中路和开州北路交叉口水秀街星悦乐玩城,35.7678520,115.0243290,maimai_dx,,maimai_dx:2,bemanicn
星悦时光无锡新吴区新之城店,江苏省无锡市新吴区新之城生活广场B区B2-02,31.4916250,120.3014530,maimai_dx,,maimai_dx:1,wahlap;bemanicn
星悦时光无锡江阴店,江苏省无锡市江阴市申港红豆万花城二楼星悦时光家庭娱乐中心,31.4902910,120.3086620,maimai_dx,,maimai_dx:1,wahlap;bemanicn
星悦潮玩(宜兴八佰伴购物中心店),解放东路288号宜兴八佰伴购物中心3F层童乐潮玩区（东连廊处）,31.4916250,120.3023950,maimai_dx;other;taiko,,maimai_dx:1;taiko:1,bemanicn
星悦潮玩无锡宜兴店,江苏省无锡市宜兴市宜城街道解放东路288号3楼F3046星悦潮玩,31.4962720,120.3055210,maimai_dx,,,wahlap
星悦潮玩无锡店,江苏省无锡市锡山区锡东八佰伴3楼星悦潮玩,31.4911920,120.3097780,chunithm;maimai_dx;taiko,,chunithm:2;maimai_dx:1;taiko:1,wahlap;bemanicn
星悦蓝海,崇安寺步行街一期负一楼78号,31.4927050,120.3097350,maimai_dx,,maimai_dx:1,bemanicn
星悦蓝海无锡梁溪店,江苏省无锡市梁溪区崇安寺步行街一期负一楼78号,31.4938560,120.3104980,maimai_dx,,,wahlap
星悦蓝海欢乐园苏州店,江苏省苏州市姑苏区石路街道广济南路219号天虹九楼星悦蓝海欢乐园,31.2990890,120.5846910,maimai_dx,,maimai_dx:1,wahlap;bemanicn
星曜潮玩西安经开世纪金花A馆店,西安市经济技术开发区凤城五路赛高世纪金花A馆三层星曜潮玩室内俱乐部,34.3448650,108.9386770,maimai_dx,,,wahlap
星月方舟乐园（肇庆）,信安三路3号敏捷广场6期三层3085号,23.0525230,112.4633780,maimai_dx;other,,maimai_dx:2,bemanicn
星月方舟肇庆敏捷广场店,广东省肇庆市端州区敏捷广场3楼3038号星月方舟,23.0520440,112.4566300,maimai_dx,,,wahlap
星期六家庭娱乐中心武威凉州店,甘肃省武威市凉州区南广场负一层,37.9289290,102.6324770,maimai_dx,,,wahlap
星期六家庭娱乐中心潮玩e空间,步行街南广场负一层星期六家庭娱乐中心,37.9304870,102.6300340,maimai_dx,,maimai_dx:1,bemanicn
星核嘉年华清远顺盈时代店,广东省清远市顺盈时代广场3楼星核嘉年华,23.6863550,113.0512100,chunithm;maimai_dx,,,wahlap
星河之城(厦门杏林万达广场店),杏前路262-101号之二万达广场(厦门杏林店),24.4798880,118.0846810,maimai_dx;other,,maimai_dx:1,bemanicn
星河之城台江鳌峰洲万达店,鳌江路8号金融街万达广场2F（原大玩家）,26.0749700,119.2910880,maimai_dx;taiko,,maimai_dx:1;taiko:1,bemanicn
星河之城福州金融街万达店,福建省福州市台江区鳌峰街道金融街万达广场二楼,26.0807530,119.2946190,maimai_dx,,,wahlap
星河乐园(星湖国际广场店),端州区城东街道文明路星湖国际广场二期2楼,23.0544000,112.4585700,maimai_dx;other;taiko,,maimai_dx:2;taiko:1,bemanicn
星河奇迹 Galaxy Miracle（上海杨浦悠方店）,"1F, U-Fun Shopping Center, No.1388 Yinhang Road, Xinjiangwan Tow Yangpu District Shanghai Shanghai, 200433, Shanghai",31.3319832,121.5040397,maimai_dx;other,,,ziv
星河奇迹(汕尾店；原城市英雄动漫城),汕尾大道中段信利·城市广场F4层,22.7945310,115.3679950,maimai_dx;other,,maimai_dx:1,bemanicn
星河奇迹·聚有引力(扬名广场店),香洲区凤凰南路1066号扬名广场二期二层L2032,22.2755260,113.5738200,maimai_dx;other,,maimai_dx:2,bemanicn
星河奇迹上海杨浦悠方店,上海杨浦区悠方购物中心一楼星河奇迹,31.2626020,121.5178180,maimai_dx;other,,maimai_dx:1,wahlap;bemanicn
星河奇迹佛山王府井紫薇港店,广东省佛山市禅城区石湾街道季华四路68号王府井百货L3032-2,23.0222470,113.1129190,maimai_dx;other,,maimai_dx:1,wahlap;bemanicn
星河奇迹汕尾信利店,广东省汕尾市城区信利城市广场4楼星河奇迹,22.7890730,115.3673280,maimai_dx,,,wahlap
星河奇迹汕尾海丰店,广东省汕尾市海丰县蓝天广场三楼星河奇迹游乐体验馆,22.7923800,115.3710050,maimai_dx,,maimai_dx:1,wahlap;bemanicn
星河奇迹深圳福田店,广东省深圳市福田区中洲湾二楼,22.5415670,114.0510310,chunithm;maimai_dx,,,wahlap
星河奇迹漳州龙海万科店,福建省漳州市龙海区海澄镇万科广场四楼星河奇迹电子游艺厅,24.5224570,117.6422230,maimai_dx,,maimai_dx:1,wahlap;bemanicn
星河奇迹珠海扬名广场店,广东省珠海市凤凰南路1066号扬名广场二期二层星河奇迹,22.2719120,113.5673290,maimai_dx,,,wahlap
星河奇迹肇庆星湖店,广东省肇庆市端州区端州四路10号星湖国际广场北座2楼星河奇迹,23.0512820,112.4580510,maimai_dx,,,wahlap
星河奇迹苏州昆山万达店,江苏省苏州市昆山市周市镇青阳路万达广场3楼星河奇迹,31.2993270,120.5821920,maimai_dx,,,wahlap
星河奇迹韶关步行街店,风度南路17号山海城1层,24.8148890,113.5950130,maimai_dx;other;taiko,,maimai_dx:2;taiko:1,bemanicn
星河奇迹韶关浈江店,广东省韶关市浈江区兴隆街28号首层C区星河奇迹电子游艺中心,24.8169090,113.5906050,maimai_dx,,,wahlap
星河奇迹（昆山青阳万达店）,周市镇青阳北路218号青阳万达广场3楼,31.2997480,120.5761040,maimai_dx;other,,maimai_dx:2,bemanicn
星河奇迹（深圳福田中洲湾C Future City店）,广东省深圳市福田区滨河大道9283号中洲湾C Future City 南区2楼,22.5428700,114.0492380,chunithm;maimai_dx;taiko,,chunithm:2;maimai_dx:1;taiko:1,bemanicn
星河电玩俱乐部(Milky Way Game Club),"No. 39, Zhongshan Road, Ganqule Subdistrict 中山路天昆国际酒店西40米处 Tumushuke City Xinjiang Uygur Autonomous Region, 843900, Tumushuke City",39.8635649,79.0754217,taiko,,,ziv
星河电玩城,大旺高新区大旺广场工业大街10号,23.0466990,112.4571790,other;taiko,,taiko:1,bemanicn
星河部落 GALAXY TRIBE (上海浦江店),"3F, Pujiang Huanlesong, No.2688 Chenxing Highway Minhang District Shanghai Shanghai, 201100, Shanghai",31.0971079,121.4994872,maimai_dx;other,,maimai_dx:2,ziv
星河部落 GALAXY TRIBE (川沙百联店),"3F, No.5398 Chuansha Road Pudong New District Shanghai Shanghai, 201200, Shanghai",31.1872608,121.6937199,chunithm;maimai_dx;taiko,,chunithm:2;maimai_dx:2;taiko:1,ziv
星河部落 GALAXY TRIBE (海上世界店),"2F L2-019B, Shanghai Haishang World, No.58 Wusongkou Road, Youyi Baoshan District Shanghai Shanghai, 201900, Shanghai",31.4073300,121.4975444,maimai_dx;other,,,ziv
星河部落(海上世界店),友谊路街道吴淞口路58、68、98、128号二层L2-019B,31.2327210,121.4714820,maimai_dx,,maimai_dx:1,bemanicn
星河部落上海宝山海上世界店,宝山区吴淞口路58号海上世界2楼,31.4069150,121.4825440,maimai_dx,,,wahlap
星河部落上海杨浦店,上海市杨浦区淞沪路 111 号 2 层,31.2593560,121.5220210,chunithm;maimai_dx,,,wahlap
星河部落上海浦江店,陈行公路2688号浦江欢乐颂3F,31.2371340,121.4708340,maimai_dx;other,,maimai_dx:2,bemanicn
星河部落乐堤港店,乐提港2楼星河部落,30.2494170,120.2090400,maimai_dx;other;taiko,,maimai_dx:2;taiko:1,bemanicn
星河部落台州临海银泰店,浙江省台州市临海市东方大道1号银泰城三楼星河部落乐园,28.6581610,121.4107600,maimai_dx,,maimai_dx:1,wahlap;bemanicn
星河部落嘉兴桐乡万象汇店,浙江省嘉兴市桐乡市梧桐街道新永丰路398号桐乡万象汇三层L361号星河部落电玩城,30.7440940,120.7534410,maimai_dx,,maimai_dx:2,wahlap;bemanicn
星河部落川沙百联店,上海市浦东新区川沙路5398号川沙百联购物中心3楼星河部落电玩城,31.2203450,121.5399150,chunithm;maimai_dx;taiko,,chunithm:2;maimai_dx:2;taiko:1,wahlap;bemanicn
星河部落海宁长安奥特莱斯店,浙江省海宁市长安镇启潮路199号奥特莱斯二期1号楼3楼E301-E314星河部落电玩城,30.7453900,120.7514540,maimai_dx,,maimai_dx:1,wahlap;bemanicn
星河部落远洋乐提港店,浙江省杭州市拱墅区大关路远洋乐提港二楼星河部落,30.2449760,120.2014900,maimai_dx,,,wahlap
星河部落闵行浦江店,上海市闵行区浦江镇浦锦街道陈行公路2688号欢乐颂3L星河部落电玩城,31.1152660,121.3789240,maimai_dx,,,wahlap
星河风云 GALAXY TRIBE (五角场店),"2F, Building E, Wanda Plaza, No.189 Zhengtong Road Yangpu District Shanghai Shanghai, 200433, Shanghai",31.3040235,121.5093765,chunithm;maimai_dx;other;taiko,,chunithm:4;maimai_dx:2;taiko:2,ziv
星河风云（上海五角场万达店）,政通路189号万达广场E馆二楼,31.2369580,121.4670730,chunithm;maimai_dx;taiko,,chunithm:2;maimai_dx:2;taiko:1,bemanicn
星海英雄东莞南城时代城广场店,广东省东莞市南城街道西平社区宏伟路1号时代城广场负一楼星海英雄超乐场,23.0278970,113.7447180,maimai_dx,,,wahlap
星海英雄时代城广场负一楼店,西平社区宏伟路1号时代城广场负一楼,23.0284500,113.7468020,maimai_dx,,maimai_dx:1,bemanicn
星游视界石湾壹家广场店,石湾镇永石大道壹嘉广场2楼,23.1187310,114.4102300,maimai_dx;other,,maimai_dx:1,bemanicn
星漫传奇,番禺区钟村街105国道旁雄峰城b1座三层,23.1289720,113.2577630,maimai_dx,,maimai_dx:1,bemanicn
星漫传奇广州番禺钟村店,广东省广州市番禺区钟村街道雄峰城B1座3F星漫传奇,23.1345310,113.2561030,maimai_dx,,,wahlap
星潮朋派潮玩运动馆,郓城县东门街北段17号唐塔新世界二楼,35.2320610,115.4765050,other,,,bemanicn
星玩城家庭娱乐中心无锡店,江苏省无锡市梅村街道梅里古镇207-117号星玩城,31.4976260,120.3054090,maimai_dx;other,,maimai_dx:1,wahlap;bemanicn
星环游昌吉长宁华洋广场店,新疆维吾尔自治区昌吉州昌吉市长宁南路111号华洋广场5楼,44.0087550,87.3125270,chunithm;maimai_dx,,,wahlap
星球FUN (星城购物中心),"3rd Floor, Star City Shopping Center, No. 209 Baoshi East Road, Bao'an District 宝安区 Shenzhen City 深圳市 Guangdong Province 广东省, 518101, Shenzhen City 深圳市",22.6828707,113.9431091,other;taiko,,,ziv
星球fun电玩城（星城购物中心店）,宝石东路209号星城购物中心3楼,22.5458820,114.0577170,other;taiko,,taiko:1,bemanicn
星球乐动游乐体验世界（盛世华城·上品街店）,文峰千家惠一楼,31.9782460,120.8902550,jubeat;other,,jubeat:2,bemanicn
星球很忙衡阳弘阳广场店,湖南省衡阳市蒸湘区船山大道弘阳广场3楼,26.8945170,112.5698620,maimai_dx,,maimai_dx:1,wahlap;bemanicn
星球派对(南宁龙湖店)【已回归】,凤岭南路36号 龙湖天街商场A-F3-A-56A-F3-A-F3-01,22.8158400,108.3637310,maimai_dx,,maimai_dx:2,bemanicn
星球派对兴宁融创茂店,路桥融创茂3楼星球派对,22.8184910,108.3660210,maimai_dx,,maimai_dx:1,bemanicn
星球派对南充高坪店,四川省南充市高坪区都京街道江东中路6号万达广场1A楼6号三号门星球派,30.8347720,106.1047970,maimai_dx,,maimai_dx:1,wahlap;bemanicn
星球派对南宁兴宁店,广西壮族自治区南宁市兴宁区路桥融创茂三楼,22.8237380,108.3627130,maimai_dx,,,wahlap
星球派对南宁青秀龙湖天街店,广西壮族自治区南宁市青秀区龙湖天街三楼星球派对,22.8191150,108.3586110,maimai_dx,,,wahlap
星球派对广西防城港北仑大道店,广西壮族自治区防城港市东兴市东兴镇北仑大道星球派对,21.6862710,108.3506550,maimai_dx,,,wahlap
星球派对引力矩阵（兰州店）,万达茂2层铺位2F-A,36.0633900,103.8340390,maimai_dx;other,,maimai_dx:1,bemanicn
星球派对引力矩阵（斗门店）,白蕉路招商依云华府花园三期966号3楼2号,22.2754550,113.5664950,maimai_dx,,maimai_dx:1,bemanicn
星球派对彩虹世界,四川省达州市通川区通川中路130号通川区世纪广场(G210东),31.2089310,107.4591150,maimai_dx;taiko,,maimai_dx:2;taiko:1,bemanicn
星球派对德阳旌阳店,四川省德阳市旌阳区长江一路一段星球派对,31.1322020,104.3962250,maimai_dx,,,wahlap
星球派对成都青羊店,四川省成都市青羊区西源集负一楼星球派对,30.5762630,104.0689600,maimai_dx,,,wahlap
星球派对黔南州都匀万达店,贵州省黔南州都匀市斗篷山路万达广场1楼星球派对,26.2590280,107.5169550,maimai_dx,,,wahlap
星球派对（西源集店）,光华街道西南财大地铁站出入口西城星荟,30.5729130,104.0656980,maimai_dx,,maimai_dx:1,bemanicn
星球潮玩(月亮岛天街店),银杉路与月亮岛路交叉口西南侧龙湖月亮岛天街B1层,28.2344400,112.9314190,maimai_dx;other;taiko,,maimai_dx:1;taiko:1,bemanicn
星界奇航佛山顺德店,广东省佛山市顺德区乐从镇供销大厦乐从新天地三楼星界奇航家庭娱乐中心,23.0205520,113.1133840,maimai_dx,,,wahlap
星界奇航娱乐中心,坚美广场三楼,22.5787610,113.0726500,maimai_dx,,maimai_dx:2,bemanicn
星界奇航家庭娱乐中心,乐从镇乐从居委会跃进路A70号新天地三层302号商铺,23.0202780,113.1136880,maimai_dx,,maimai_dx:1,bemanicn
星界奇航江门鹤山店,广东省江门市鹤山坚美广场3楼,22.5781940,113.0734190,maimai_dx,,,wahlap
星界玩家(西安万象天地店),长延堡街道雁展路1111号万象天地R6栋L320（三层兰湘子对面）,34.3468700,108.9300160,maimai_dx,,maimai_dx:1,bemanicn
星界玩家广州番禺白云花园店,广州市番禺区东方白云花园56号铺,23.1345800,113.2595840,maimai_dx,,,wahlap
星盛家庭娱乐中心,河南省开封市杞县小西关街与文化西街交叉口东北方向73米左右方圆欣泰百货(杞县店)3F,34.7995010,114.3112940,taiko,,taiko:1,bemanicn
星盛家庭娱乐中心郑州白沙八房井购物中心店,河南省郑州市中牟县白沙八房井购物中心,34.7508240,113.6149210,maimai_dx,,maimai_dx:1,wahlap;bemanicn
星禾汇潮玩空间世欧广场店（北区）,福建省福州市晋安区晋连路与长乐中路交叉口天虹商场(世欧广场店)F3星禾汇潮玩空间,26.0792310,119.2860130,chunithm;maimai_dx;taiko,,chunithm:2;maimai_dx:2;taiko:1,bemanicn
星禾汇福州世欧广场店,福建省福州市晋安区晋连路18号世欧广场北区3楼星禾汇,26.0804380,119.2949970,chunithm;maimai_dx,,,wahlap
星空之城（华成都市广场店）,西乡塘区新苑路17号华成都市广场L3层316、317,22.8241830,108.3663940,other,,,bemanicn
星空之旅东莞天和city店,广东省东莞市樟木头永宁街天和city三楼星空之旅,23.0257990,113.7471140,chunithm,,,wahlap
星空之旅娱乐中心,樟木头镇樟罗永宁街9号天和city301室,23.0255230,113.7496260,chunithm;maimai_dx;taiko,,chunithm:2;maimai_dx:1;taiko:1,bemanicn
星空卫士,东乡镇金鼓广场,31.2167110,107.4627620,maimai_dx,,maimai_dx:1,bemanicn
星空卫士四川宣汉店,四川省达州市宣汉县蒲江街道西华大道109号金鼓商业广场第3商业层,31.2090280,107.4644330,maimai_dx,,,wahlap
星空梦幻城,国诚广场二楼西北角星空梦幻城,34.7715190,111.1905300,other,,,bemanicn
星空潮玩忻州宁武供销商场店,山西省忻州市宁武县供销商场,38.4140470,112.7257600,maimai_dx,,,wahlap
星空电玩,莲花城4楼A区,36.0912900,111.5137910,other,,,bemanicn
星空空间动漫城,城区下站街道新建路162号万象时代二楼2-09号铺,37.8568770,113.5712080,maimai_dx,,maimai_dx:1,bemanicn
星空空间阳泉万象时代店,山西省阳泉市城区新建街万象时代2楼,37.8541370,113.5796300,maimai_dx,,,wahlap
星空超乐场乳山九龙汇店,山东省乳山市九龙汇购物广场三楼星空超乐场,37.5101090,122.1130930,maimai_dx,,maimai_dx:1,wahlap;bemanicn
星纪元赤峰众联时代城店,内蒙古赤峰市红山区众联时代城三楼星纪元,42.2545810,118.8872720,maimai_dx,,,wahlap
星舰梦航,芳村花地大道中66号荔胜广百广场3层3F-10,23.1313090,113.2557650,maimai_dx;other;sdvx,,maimai_dx:1;sdvx:1,bemanicn
星舰梦航荔湾广百店,广东省广州市荔湾区坑口地铁站荔胜广场3F-10,23.1343780,113.2615060,maimai_dx,,,wahlap
星茂汇机动侠,星茂汇vovopark三楼,40.0984430,113.3598890,chunithm;maimai_dx;taiko,,chunithm:1;maimai_dx:1;taiko:1,bemanicn
星诺潮玩,七星区街道七星路26号国贸天地三层3F-D号商铺,25.2346250,110.1719290,maimai_dx;taiko,,maimai_dx:1;taiko:1,bemanicn
星贝主题乐园（亳州方圆荟店）,养生大道与神农大道交叉口西北方圆荟3楼,33.8460470,115.7694940,maimai_dx,,maimai_dx:1,bemanicn
星贝乐园阜阳颍州店,阜阳商厦中心 颍州区清河西路16号,32.8885780,115.8087050,maimai_dx,,maimai_dx:1,bemanicn
星贝乐阜阳颍州店,安徽省阜阳市颍州区阜阳商厦中心三楼星贝乐园,32.8880180,115.8082340,maimai_dx,,,wahlap
星贝尼家庭娱乐中心,江苏省苏州市张家港市杨舍镇万达广场三楼,31.3046520,120.5835460,maimai_dx,,maimai_dx:1,bemanicn
星贝尼常州星湖广场店,江苏省常州市武进区星湖广场二楼星贝尼家庭娱乐中心,31.8106490,119.9679280,maimai_dx,,maimai_dx:1,wahlap;bemanicn
星贝尼苏州张家港万达店,江苏省苏州市张家港市杨舍镇人民东路万达广场三楼万达星贝尼家庭娱乐中心,31.3027010,120.5768260,maimai_dx,,,wahlap
星趣时光佛山禅城南庄吉利沃达百货店,佛山市禅城区南庄镇吉利沃达百货3楼星趣时光,23.0236230,113.1183130,maimai_dx,,maimai_dx:1,wahlap;bemanicn
星趣时光佛山顺德店,广东省佛山市顺德区伦教伦常路置富花园888号盛达广场2楼星趣时光,23.0258460,113.1176760,maimai_dx,,,wahlap
星趣时光（伦教盛达广场店）,顺德区伦常路888号置富花园2001号商铺之二,23.0229320,113.1118270,maimai_dx,,maimai_dx:1,bemanicn
星辉之城荆州购物公园店,荆州市洪湖市购物公园4楼星辉之城电玩,30.3412080,112.2329940,maimai_dx,,,wahlap
星辉之城（洪湖购物公园店）,洪湖购物公园4楼,30.3416700,112.2352270,maimai_dx;taiko,,maimai_dx:1;taiko:1,bemanicn
星辉次元风暴B座2楼（滦南银隆购物广场店）,河北省唐山市滦南县倴城镇中大街南侧银隆购物广场B座二层,39.6291960,118.1708670,other;taiko,,taiko:1,bemanicn
星辰时光兴义康居广场店,贵州省黔西南布依族苗族自治州兴义市桔山街道神奇东路康居广场B区B1-1-2-3号门面,25.0890240,104.9003990,maimai_dx,,,wahlap
星辰时光家庭娱乐中心,桔山街道办神奇路13号康居广场B区B1-号,25.0901320,104.9017790,maimai_dx,,maimai_dx:1,bemanicn
星辰潮玩城宜春丰城市民中心店,江西省宜春市丰城市龙光东大道丰城市市民中心剑邑天街星辰潮玩城,27.8221580,114.4111050,maimai_dx,,,wahlap
星辰潮玩城（剑邑天街店）,府佑东路市民中心后面天街星辰潮玩城,27.8175780,114.4091840,maimai_dx,,maimai_dx:1,bemanicn
星辰电玩城（吉林万达店）,昌邑万达广场3F,43.8343790,126.5466200,other;taiko,,taiko:1,bemanicn
星辰闪耀（唐山曹妃甸昱海澜湾店）,昱海澜湾F区1-1，中山路46号3-2,39.6326640,118.1784940,sdvx;taiko,,sdvx:2;taiko:1,bemanicn
星酷悦玩眉山东坡店,四川省眉山市东坡区三苏路万达广场三层星酷悦玩,30.0846490,103.8465150,maimai_dx,,maimai_dx:1,wahlap;bemanicn
星酷时代动漫,"昆明市官渡区双福路银海花园1号铺面 昆明市(Kunming) 云南省(YunNan Province), 昆明市(Kunming)",25.0079659,102.7379823,gitadora,,gitadora:2,ziv
星钥阁（天府五街店）,四川省成都市武侯区天府五街花漾锦江c区1705,30.5770890,104.0694070,chunithm;maimai_dx;ongeki,,chunithm:1;maimai_dx:1;ongeki:1,bemanicn
星际之城阜阳太和店,安徽省阜阳市太和县晶宫购物广场五楼,32.8908070,115.8061890,maimai_dx,,,wahlap
星际之城（大润发店）,长征路晶宫购物中心(大润发)5层,32.8890960,115.8078730,maimai_dx,,maimai_dx:2,bemanicn
星际乐迪,万达广场3楼东侧,40.6267330,122.2102780,maimai_dx,,maimai_dx:1,bemanicn
星际乐迪吉林白山店,吉林省白山市浑江区 万达广场三楼星际乐迪,41.9392960,126.4074700,maimai_dx,,maimai_dx:1,wahlap;bemanicn
星际乐迪营口鲅鱼圈万达店,辽宁省营口市鲅鱼圈区万达广场三楼星际乐迪家庭娱乐中心,40.6267510,122.2166350,maimai_dx,,,wahlap
星际传奇 (京基KKTime),"KK Times Plaza, No. 88 Shuibei 水贝 2nd Road, Luohu District 罗湖区 SHENZHEN 深圳市 GUANGDONG 广东省, 518020, SHENZHEN 深圳市",22.5729132,114.1187885,maimai_dx;other;taiko,,,ziv
星际传奇 Star Legend (KKONE),"KKONE Shopping Center, No. 9289 Binhe Avenue, Futian District 福田区 Shenzhen Guangdong, 518048, Shenzhen",22.5311492,114.0215743,maimai_dx;other;taiko,,,ziv
星际传奇 Star Legend (万象天地),"SL435, 4th Floor, Shopping MIXC WORLD(万象天地), Av.Shennan no.9 Nanshan District Shenzhen Guangdong, 518000, Shenzhen",22.5444155,113.9523464,maimai_dx;other;taiko,,,ziv
星际传奇 STAR LEGEND (上海中海环宇城店),"L3001, 3F, Zhonghai Huanyucheng MAX, No.1 Lane 699 Tongchuan Roa Putuo District Shanghai Shanghai, 200333, Shanghai",31.2520765,121.4049109,chunithm;maimai_dx;taiko,,chunithm:2;maimai_dx:4;taiko:4,ziv
星际传奇 STAR LEGEND (上海浦东新嘉中心店),"L2 Floor, Xinjia Center, No.1188 Zhangyang North Road, Pudong Ne Pudong New District Shanghai Shanghai, 200120, Shanghai",31.2795780,121.5810390,maimai_dx;other;taiko,,maimai_dx:2;taiko:2,ziv
星际传奇 STAR LEGEND (上海西郊店),"仙霞西路88号百联西郊购物中心４楼 88 Xian Xia Road, Bailian Xijiao Mall, 4F 长宁区 (Changning District) 上海 (Shanghai), 200052, 长宁区 (Changning District)",31.2106929,121.3653960,other;taiko,,,ziv
星际传奇 STAR LEGEND (光环购物中心店),"L3, Halo Shopping Park, Jinzhou Avenue Yubei District (Liangjiang New Area) Chongqing Chongqing, 401122, Chongqing",29.6525171,106.5254767,maimai_dx,,,ziv
星际传奇 Star Legend (壹海城 One Mall),"3rd Floor, One Mall Yihai City Shopping , Haishan Road Yantian 盐田区 Shenzhen City 深圳市 Guangdong Province 广东省, 518081, Shenzhen City 深圳市",22.5551589,114.2339301,other;taiko,,,ziv
星际传奇 Star Legend (宝安壹方城店),"3rd Floor, Unit 006, Uniwalk Shopping Mall, No. 99 Xinhu Road, N Shenzhen Guangdong, 518108, Shenzhen",22.5564147,113.8818875,chunithm;maimai_dx;other;taiko,,chunithm:2;maimai_dx:1;taiko:2,ziv
星际传奇 Star Legend (宝安大仟里),"3rd Floor, Da Qian Li, Xixiang Subdistrict, Bao’an District, Shenzhen, Guangdong Province, China Shenzhen Guangdong, 518108, Shenzhen",22.5721652,113.8664353,maimai_dx;other;taiko,,,ziv
星际传奇 STAR LEGEND (松江印象城店),"3F L337, Songjiang Impression City, Lane 1788 Guangfulin Road Songjiang District Shanghai Shanghai, 201600, Shanghai",31.0634339,121.2181240,maimai_dx;other;taiko,,maimai_dx:2;taiko:3,ziv
星际传奇 Star Legend (欢乐港湾),"L1-027 OH Bay(欢乐港湾) Haifu Rd. Xin'an Subdistrict 广东省深圳市宝安区 Shenzhen Guangdong, 518052, Shenzhen",22.5449778,113.8830916,maimai_dx;other;taiko,,,ziv
星际传奇 STAR LEGEND (瑞虹天地太阳宫店),"4F, No.181 Ruihong Road Hongkou District Shanghai Shanghai, 200080, Shanghai",31.2652051,121.4942541,maimai_dx;other;taiko,,,ziv
星际传奇 STAR LEGEND (静安大融城店),"3F, Building 1, Jing'an Darongcheng, Hutai Road Jing'an District Shanghai Shanghai, 200435, Shanghai",31.2816738,121.4225863,other;taiko,,,ziv
星际传奇 STAR LEGEND X meland (上海合生汇),"淞沪路77号上海合生汇3F 杨浦区 (Yangpu District) 上海 (Shanghai), 200433, 杨浦区 (Yangpu District)",31.3017500,121.5136067,maimai_dx;other;taiko,,maimai_dx:2;taiko:2,ziv
星际传奇 STAR LEGEND（七宝领展广场店）,"3F, Qibao Link Plaza, No.3366 Caobao Road Minhang District Shanghai Shanghai, 201100, Shanghai",31.1565834,121.3457950,maimai_dx;other;taiko,,,ziv
星际传奇 STAR LEGEND（呼和浩特万象城店）,"4th Floor, Hohhot MixC, South Xilingol Road Yuquan District Hohhot Inner Mongolia, 010020, Hohhot",40.8035773,111.6678607,maimai_dx;other;taiko,,maimai_dx:2;taiko:1,ziv
星际传奇 STAR LEGEND（虹桥万象城店）,"L4 Floor, The MixC Shanghai (Wuzhong Road), No.1799 Wuzhong Road Minhang District Shanghai Shanghai, 201103, Shanghai",31.1713663,121.3632631,maimai_dx;taiko,,maimai_dx:1;taiko:2,ziv
星际传奇 Star Lenged (BREW TOWN),"2nd Floor, Brew Town 啤酒小镇, No. 288 Chuangye 2nd Road, Bao'an District 宝安区 Shenzhen City 深圳市 Guangdong Province 广东省, 518101, Shenzhen City 深圳市",22.5848505,113.9176224,maimai_dx;other;taiko,,,ziv
星际传奇 Star Lenged (光明大仟里),"3rd Floor, Guangming Maxland Shopping, Guangming District 光明区 Shenzhen City 深圳市 Guangdong Province 广东省, 518107, Shenzhen City 深圳市",22.7782292,113.8890732,maimai_dx;other,,,ziv
星际传奇 Star Lenged (坂田万科),"3rd Floor, Vanke Plaza Longgang District 龙岗区 Shenzhen City 深圳市 Guangdong Province 广东省, 518129, Shenzhen City 深圳市",22.6272023,114.0457895,maimai_dx;other;taiko,,maimai_dx:1;taiko:2,ziv
星际传奇 Star Lenged (坪山益田假日),"Shop L2-44, Yitian Holiday Plaza, No. 168 Shenshan Highway Pingshan District 坪山新区 Shenzhen City 深圳市 Guangdong Province 广东省, 518118, Shenzhen City 深圳市",22.6962882,114.3337834,other;taiko,,,ziv
星际传奇 Star Lenged (布吉万象汇MixC),"4th Floor, Buji China Resources MixC One Shopping Center, Xiangg Longgang District 龙岗区 Shenzhen City 深圳市 Guangdong Province 广东省, 518112, Shenzhen City 深圳市",22.5968958,114.1260164,other;taiko,,,ziv
星际传奇 Star Lenged (梅林卓悦汇),"F3, Joy City Shopping Center, No. 126 Zhongkang Road, Futian District 福田区 Shenzhen City 深圳市 Guangdong Province 广东省, 518049, Shenzhen City 深圳市",22.5726309,114.0551823,maimai_dx;other;taiko,,,ziv
星际传奇 Star Lenged (深圳大运天地),"L2 Floor, South Zone, Shenzhen Dayun Tiandi Shopping Longgang District 龙岗区 Shenzhen City 深圳市 Guangdong Province 广东省, 518172, Shenzhen City 深圳市",22.6977531,114.2153371,maimai_dx;other;taiko,,,ziv
星际传奇 Star Lenged (深圳睿印 RAILIN),"L306-307, 3rd Floor, Shopping RAILIN, Nanshan District 南山区 Shenzhen City 深圳市 Guangdong Province 广东省, 518052, Shenzhen City 深圳市",22.5274230,113.9646894,other;taiko,,,ziv
星际传奇 Star Lenged (观澜湖),"3rd Floor, MH Hall, No. 8 Golf Avenue, Guanlan Subdistrict Loonghua New District 龙华新区 Shenzhen City 深圳市 Guangdong Province 广东省, 518110, Shenzhen City 深圳市",22.7245738,114.0700794,other;taiko,,taiko:2,ziv
星际传奇 Star Lenged (龙华天虹),"[Temporary Closed] F3, Rainbow Shopping Center, No. 2020 Renmin Longhua New District 龙华新区 Shenzhen City 深圳市 Guangdong Province 广东省, 518109, Shenzhen City 深圳市",22.6303316,114.0161455,maimai_dx;other;taiko,,maimai_dx:1;taiko:2,ziv
星际传奇 Star Lenged (龙岗万科),"3rd Floor, Vanke Plaza, No. 7188 Longxiang Avenue, Longgang District 龙岗区 Shenzhen City 深圳市 Guangdong Province 广东省, 518172, Shenzhen City 深圳市",22.7172803,114.2386083,chunithm;maimai_dx;other;taiko,,chunithm:2;maimai_dx:2;taiko:1,ziv
星际传奇(千灯湖中海环宇城店),桂澜中路18号千灯湖环宇城3层L327-1号,23.0260390,113.1197540,maimai_dx,,maimai_dx:1,bemanicn
星际传奇(南昌铜锣湾店),"红谷滩区庐山南大道369号 Nanchang Shi Jiangxi Sheng, 330000, Nanchang Shi",28.7013994,115.8664409,other;taiko,,,ziv
星际传奇(思明宝龙一城店),金山路1号宝龙一城L2层008商铺,24.4782090,118.0846400,other;taiko,,taiko:1,bemanicn
星际传奇(漳州吾悦广场店),漳州龙文迎宾大道吾悦广场3楼,24.5219770,117.6443070,maimai_dx;other;taiko,,maimai_dx:1;taiko:2,bemanicn
星际传奇(蛇口K11 ECOAST店),蛇口太子湾K11ECOAST南馆三楼SL323-327,22.5464210,114.0474450,maimai_dx;other;taiko,,maimai_dx:1;taiko:1,bemanicn
星际传奇(西安MOMOPARK店),小寨路街道小寨西路216号MOMO PARK艺术购物中心F3-9-10,34.3466390,108.9333790,other;taiko,,taiko:1,bemanicn
星际传奇STAR LEGEND电玩(北京五棵松店),北京市海淀区五棵松万达广场3层星际传奇,39.9116753,116.2705098,chunithm;maimai_dx;taiko,,chunithm:2;maimai_dx:1;taiko:1,bemanicn;ziv
星际传奇×反斗乐园（珠海富华里店）,香洲区九洲大道西2023号富华里购物中心12栋2层,22.2757830,113.5679860,maimai_dx;taiko,,maimai_dx:1;taiko:2,bemanicn
星际传奇万象天地店,粤海街道深南大道9668号华润城万象天地L4层SL435,22.5434070,114.0557250,maimai_dx;other;taiko,,maimai_dx:1;taiko:1,bemanicn
星际传奇上海中海环宇城店,上海市普陀区铜川路699弄1号中海环宇城MAX三楼3001反斗乐园,31.2529390,121.3934050,chunithm;maimai_dx;taiko,,chunithm:2;maimai_dx:4;taiko:4,wahlap;bemanicn
星际传奇上海合生汇店,上海市杨浦区翔殷路1099号合生汇三楼星际传奇,31.2617310,121.5248700,maimai_dx;other;taiko,,maimai_dx:2;taiko:2,wahlap;bemanicn
星际传奇上海松江印象城店,上海市松江区广富林路1788弄松江印象城3楼星际传奇L337,31.0325470,121.2257370,maimai_dx;other;taiko,,maimai_dx:2;taiko:3,wahlap;bemanicn
星际传奇上海浦东新嘉中心店,上海市浦东新区张杨北路1188号新嘉中心L2层星际传奇,31.2251690,121.5379110,maimai_dx;other;taiko,,maimai_dx:2;taiko:2,wahlap;bemanicn
星际传奇上海瑞虹天地太阳宫店,上海市虹口区嘉兴路街道瑞虹路181号太阳宫四楼L4-7星际传奇,31.2670820,121.5034080,maimai_dx;other;taiko,,maimai_dx:1;taiko:1,wahlap;bemanicn
星际传奇上海闵行七宝店,上海市闵行区七宝镇漕宝路3366号L301星际传奇,31.1123120,121.3717390,maimai_dx,,,wahlap
星际传奇上海闵行万象城店,上海市闵行区吴中路1599号4楼431b星际传奇,31.1177310,121.3801960,maimai_dx,,,wahlap
星际传奇东二环泰禾店,竹屿路6号泰禾广场(东二环店)L4层,26.0771340,119.2941100,maimai_dx;other;taiko,,maimai_dx:1;taiko:2,bemanicn
星际传奇东莞万象汇店,广东省东莞市松山湖万象汇F314星际传奇,23.0262440,113.7457100,maimai_dx,,,wahlap
星际传奇中山孙文东路店,广东省中山市孙文东路688号3楼星际传奇,22.5223370,113.3828710,maimai_dx,,,wahlap
星际传奇乌鲁木齐吾悦广场店,新疆维吾尔自治区乌鲁木齐市水磨沟区会展吾悦广场三楼星际传奇,43.8288890,87.6167800,chunithm;maimai_dx,,,wahlap
星际传奇京基KKmall店,深南东路5016号京基金融中心京基百纳空间F3层L313、313A,22.5469844,114.1017240,maimai_dx;other;taiko,,maimai_dx:1;taiko:2,bemanicn;ziv
星际传奇京基kkone店,广东省深圳市福田区沙头街道滨河路9289号下沙村京基滨河时代广场L305星际传奇(京基kkone店),22.5511010,114.0534410,other;taiko,,taiko:1,bemanicn
星际传奇京基水贝KK TIME店,笋岗街道水贝一路104号KKTIME商场3楼星际传奇,22.5422310,114.0550320,other;taiko,,taiko:2,bemanicn
星际传奇佛山南海南宇广场店,广东省佛山市南海区桂城街道石龙南路6号南宇广场L3层D14单元,23.0266460,113.1185030,maimai_dx,,,wahlap
星际传奇佛山岭南天地店,祖庙街道祖庙路17号MELANDSPORT,23.0191450,113.1184280,maimai_dx;other;taiko,,maimai_dx:1;taiko:1,bemanicn
星际传奇佛山禅城祖庙店,广东省佛山市禅城区祖庙街道祖庙路17号MELANDSPORT星际传奇,23.0285430,113.1144670,maimai_dx,,,wahlap
星际传奇佛山顺德万象汇店,广东省佛山市顺德区大良街道华润万象汇L401星际传奇,23.0254280,113.1206310,maimai_dx;other;taiko,,maimai_dx:1;taiko:1,wahlap;bemanicn
星际传奇光明大仟里店,光明大仟里3楼星际传奇,22.5436260,114.0524350,maimai_dx;taiko,,maimai_dx:1;taiko:1,bemanicn
星际传奇兰州万象城店,甘肃省兰州市城关区庆阳路万象城L501,36.0648000,103.8361910,maimai_dx;other;taiko,,maimai_dx:1;taiko:2,wahlap;bemanicn
星际传奇北京东坝万达店,东坝中路25号东坝万达广场3F-A室,39.9014340,116.4004910,other,,,bemanicn
星际传奇北京丽泽天地店,北京市丰台区丰台北路丽泽天地购物中心3层03-30,39.8621560,116.2812530,maimai_dx;other,,maimai_dx:1,wahlap;bemanicn
星际传奇北京五棵松店,北京市海淀区五棵松万达广场3楼星际传奇MelandClub,39.9591630,116.2880080,chunithm;maimai_dx,,,wahlap
星际传奇南京万象汇店,江苏省南京市栖霞区万象汇B馆三楼星际传奇,32.0591740,118.7910960,chunithm,,,wahlap
星际传奇南京城北万象汇店,江苏省南京市栖霞区迈皋桥街道栖霞大道106号南京城北万象汇B馆L3118B星际传奇,32.0615080,118.7968770,chunithm;maimai_dx;taiko,,chunithm:2;maimai_dx:1;taiko:1,wahlap;bemanicn
星际传奇南宁江南店,广西壮族自治区南宁市江南区金凯路8号,22.8193970,108.3668680,maimai_dx,,,wahlap
星际传奇厦门思明磐基中心店,厦门市思明区磐基中心LG层星际传奇,24.4829580,118.0803340,maimai_dx,,,wahlap
星际传奇厦门集美世贸店,福建省厦门市集美区侨英街道滨水中二里世茂广场32-33号2层2005号商铺,24.4773920,118.0859310,maimai_dx;other;taiko,,maimai_dx:1;taiko:1,wahlap;bemanicn
星际传奇台州星悦城店,浙江省台州市椒江区中心大道555号2楼245商铺星际传奇,28.6608130,121.4191710,maimai_dx,,,wahlap
星际传奇合肥万象城店,潜山路111号万象城F4层,31.8207070,117.2213410,other;taiko,,taiko:1,bemanicn
星际传奇合肥庐阳万科广场店,合肥万科广场,31.8191410,117.2172580,taiko,,taiko:1,bemanicn
星际传奇呼和浩特玉泉万象城店,内蒙古市呼和浩特市玉泉区锡林郭勒南路万象城L425星际传奇,40.8367750,111.7421030,maimai_dx;other;taiko,,maimai_dx:2;taiko:1,wahlap;bemanicn
星际传奇和悦广场店,双流区天府新区万安街道麓山大道二段199号A馆3层01室,30.5795800,104.0632650,other;taiko,,taiko:1,bemanicn
星际传奇啤酒小镇店,深圳市宝安区创业二路288号,22.5483880,114.0516820,maimai_dx;taiko,,maimai_dx:1;taiko:1,bemanicn
星际传奇大仟里店,宝安大道和海城路交汇处(地铁1号线坪洲站A出口)坪洲大仟里3楼,22.5484550,114.0574630,maimai_dx;other;taiko,,maimai_dx:1;taiko:1,bemanicn
星际传奇天地壹方南馆店,中山大道壹方南馆三楼星际传奇,30.5964880,114.3031430,maimai_dx;other;taiko,,maimai_dx:1;taiko:1,bemanicn
星际传奇太原万象城店,长兴路5号万象城L3层,37.8700260,112.5491360,other;taiko,,taiko:1,bemanicn
星际传奇布吉万象汇店,布吉街道翔鸽路布吉华润万象汇购物中心4层406号商铺,22.5492680,114.0539790,other;taiko,,taiko:1,bemanicn
星际传奇庐阳万象汇店,庐阳万象汇三楼,31.8228150,117.2159630,maimai_dx;other,,maimai_dx:1,bemanicn
星际传奇成都天府大悦城店,四川省成都市双流区兴象街356号天府大悦城3楼11号,30.5759460,104.0662060,chunithm;maimai_dx,,chunithm:2;maimai_dx:1,wahlap;bemanicn
星际传奇成都天府新区店,四川省成都市天府新区万安街麓山大道199A馆和悦广场3F星际传奇,30.5712360,104.0672920,chunithm,,,wahlap
星际传奇成都高新环球中心店,四川省成都市高新区天府大道北段1700号4FB02星际传奇,30.5766250,104.0596150,chunithm;maimai_dx;sdvx,,chunithm:2;maimai_dx:4;sdvx:2,wahlap;bemanicn
星际传奇日照店,山东省日照市烟台路176号华润万象汇三楼,35.4141740,119.5214430,maimai_dx;taiko,,maimai_dx:1;taiko:2,wahlap;bemanicn
星际传奇昆山万象汇店,江苏省苏州市昆山市玉山镇前进西路1266号昆山万象汇商业中心L3层315号星际传奇,31.3003910,120.5860100,maimai_dx;other;taiko,,maimai_dx:1;taiko:1,wahlap;bemanicn
星际传奇昆明万象城店,云南省昆明市万象城星际传奇4F,24.8830630,102.8355160,chunithm;taiko,,chunithm:2;taiko:1,wahlap;bemanicn
星际传奇杭州萧山万象汇店,浙江省杭州市萧山区金城路万象汇3楼星际传奇L341,30.2492430,120.2017700,chunithm;maimai_dx;taiko,,chunithm:2;maimai_dx:1;taiko:1,wahlap;bemanicn
星际传奇杭州萧山奥体店,浙江省杭州市萧山区奥体印象城四楼星际传奇,30.2542610,120.2062630,chunithm;maimai_dx,,,wahlap
星际传奇杭州萧山银泰店,浙江省杭州市萧山区新塘街道通惠南路667号银泰百货3楼星际传奇,30.2455280,120.2009880,maimai_dx;other,,maimai_dx:1,wahlap;bemanicn
星际传奇梅林卓悦汇店,中康路126号卓悦汇购物中心3L,22.5447660,114.0565150,maimai_dx;other;taiko,,maimai_dx:1;taiko:1,bemanicn
星际传奇武汉壹方南馆店,湖北省武汉市江岸区中山大道壹方南馆三楼星际传奇,30.5956730,114.3023380,maimai_dx,,,wahlap
星际传奇武汉龙湖江宸天街店,湖北省武汉市江汉区航测村青年路与马场角小路交汇处武汉江宸天街A-4F-28，A-4F-29,30.5937840,114.2980040,maimai_dx,,,wahlap
星际传奇汕头万象城店,广东省汕头市龙湖区长平路95号华润大厦万象城L5A08和L5A16号商铺,23.3578770,116.6816740,maimai_dx;other,,maimai_dx:1,wahlap;bemanicn
星际传奇江宸天街店,青年路518号武汉江宸天街4楼,30.5980010,114.3018120,maimai_dx;other;taiko,,maimai_dx:1;taiko:1,bemanicn
星际传奇沈阳三台子万象汇店,辽宁省沈阳市三台子万象汇皇姑区黄河北大街33号万象汇星际传奇L348,41.6740180,123.4608870,maimai_dx;other;taiko,,maimai_dx:2;taiko:1,wahlap;bemanicn
星际传奇沈阳中海环宇城店,上海市杨浦区五角场街道翔殷路1099号合生汇3楼17号星际传奇,31.2639110,121.5265610,maimai_dx,,,wahlap
星际传奇沈阳吾悦广场店,辽宁省沈阳市沈北新区吾悦广场3楼星际传奇,41.6751100,123.4527650,maimai_dx;other;taiko,,maimai_dx:1;taiko:1,wahlap;bemanicn
星际传奇沈阳铁西万象汇店,辽宁省沈阳市铁西万象汇3楼星际传奇,41.6773780,123.4544890,maimai_dx;other;taiko,,maimai_dx:2;taiko:4,wahlap;bemanicn
星际传奇泰州万象城店,江苏省泰州市海陵区永定路华润国际社区3期万象城三楼星际传奇,32.4606150,119.9193190,maimai_dx,,,wahlap
星际传奇济宁龙贵购物广场店,山东省济宁市任城区金宇路龙贵购物广场三楼星际传奇,35.4155850,116.5777460,maimai_dx,,,wahlap
星际传奇淄博万象汇店,山东省淄博市张店区金晶大道68号华润万象汇3楼星际传奇,36.8111840,118.0455690,maimai_dx;other;taiko,,maimai_dx:1;taiko:2,wahlap;bemanicn
星际传奇淮安清江浦店,江苏省淮安市清江浦区淮海北路49号华信mall三楼星际传奇,33.5522860,119.1120430,maimai_dx,,,wahlap
星际传奇深圳光明店,广东省深圳市光明区公明街道天汇城一期商业裙楼三楼L323-325号商铺星际传奇,22.5468740,114.0565790,maimai_dx,,,wahlap
星际传奇深圳光明星河cococity店,深圳市光明街道光明大道511号光明星河cococity A馆三楼星际传奇L3-010B,22.5458040,114.0507440,maimai_dx,,maimai_dx:1,wahlap;bemanicn
星际传奇深圳前海欢乐港湾店,广东省深圳市宝安区新安街道海滨社区欢乐港湾2号东L1-027,22.5478590,114.0511520,maimai_dx;other;taiko,,maimai_dx:1;taiko:1,wahlap;bemanicn
星际传奇深圳南山万象天地店,广东省深圳市南山区深南大道9668号万象天地4层SL435星际传奇,22.5447140,114.0541250,maimai_dx,,,wahlap
星际传奇深圳南山新世界店,广东省深圳市南山区招商街道五湾社区太子湾路56号太子湾新世界亲子购物坊南馆3楼星际传奇,22.5480810,114.0513470,maimai_dx,,,wahlap
星际传奇深圳坂田万科店,深圳市龙岗区坂田街道杨美社区东坡路3号万致天地商业中心1栋L3-17,22.5504940,114.0544910,maimai_dx;taiko,,maimai_dx:1;taiko:2,wahlap;bemanicn
星际传奇深圳宝安壹方城店,广东省深圳市宝安区宝安中心壹方城购物中心三楼星际传奇,22.5425430,114.0510100,chunithm;maimai_dx;taiko,,chunithm:2;maimai_dx:1;taiko:2,wahlap;bemanicn
星际传奇深圳宝安大千里店,广东省深圳市宝安区坪洲大千里3楼,22.5438830,114.0537170,maimai_dx,,,wahlap
星际传奇深圳宝安科创城店,广东省深圳市宝安区新安街道留仙三路与创业二路交汇处西南侧雪花科创城星际传奇,22.5472700,114.0486110,maimai_dx,,,wahlap
星际传奇深圳深业上城店,广东省深圳市福田区华富街道皇岗路5001号深业上城,22.5479970,114.0580730,maimai_dx;other;taiko,,maimai_dx:2;taiko:1,wahlap;bemanicn
星际传奇深圳睿印店,睿印RAIL IN L306-307,22.5431320,114.0499120,taiko,,taiko:1,bemanicn
星际传奇深圳福田卓悦汇店,广东省深圳市福田区梅林街道中康路与梅林路交汇处卓悦汇购物中心L3层17号,22.5492720,114.0542870,maimai_dx,,,wahlap
星际传奇深圳罗湖KKMALL店,广东省深圳市罗湖区深南东路5016号京基百纳空间KKMALL三楼313A星际传奇,22.5447950,114.0491180,maimai_dx,,,wahlap
星际传奇深圳罗湖金光华店,广东省深圳市罗湖区人民南路2028号金光华广场星际传奇,22.5469660,114.0578270,maimai_dx,,,wahlap
星际传奇深圳龙华观澜湖店,观澜街道高尔夫大道8号MH Hall三楼301,22.5453490,114.0576730,other;taiko,,taiko:2,bemanicn
星际传奇深圳龙岗万科店,广东省深圳市龙岗区龙翔大道7188号万科广场L3-11号星际传奇,22.5493260,114.0545630,chunithm;maimai_dx;taiko,,chunithm:2;maimai_dx:1;taiko:1,wahlap;bemanicn
星际传奇深圳龙岗大运天地店,广东省深圳市龙岗区龙城街道黄阁坑社区大运天地购物中心南区1栋SL202星际传奇,22.5421280,114.0535750,maimai_dx;other;taiko,,maimai_dx:1;taiko:1,wahlap;bemanicn
星际传奇渝北光环商场店,重庆市渝北区鸳鸯街道光环购物公园L3楼26-27星际传奇,29.5383290,106.5018200,maimai_dx,,,wahlap
星际传奇温州万象城店,浙江省温州市瓯海区温瑞大道万象城三楼,28.0013330,120.6924680,maimai_dx;other;taiko,,maimai_dx:2;taiko:1,wahlap;bemanicn
星际传奇温州瓯海万象城店,浙江省温州市瓯海区温瑞大道万象城三楼,27.9935130,120.6911360,maimai_dx,,,wahlap
星际传奇温州鹿城滨江万象城店,浙江省温州市鹿城区滨江街道瓯江路3999号温州滨江万象城L442星际传奇,27.9960250,120.6912820,maimai_dx;other;taiko,,maimai_dx:1;taiko:1,wahlap;bemanicn
星际传奇漳州龙文店,福建省漳州市龙文区吾悦广场3层,24.5222330,117.6416590,maimai_dx,,,wahlap
星际传奇珠海海韵城店,珠海海韵城星际传奇,22.2713390,113.5700370,maimai_dx;other;taiko,,maimai_dx:1;taiko:1,wahlap;bemanicn
星际传奇珠海香洲优特汇店,广东省珠海市香洲区银桦路102号优特汇广场地上三层自编L303单元号商铺星际传奇,22.2744450,113.5756430,maimai_dx,,,wahlap
星际传奇石家庄万象城店,河北省石家庄市桥西区中山西路华润万象城三楼L333星际传奇,38.0434500,114.5050130,maimai_dx;other,,maimai_dx:1,wahlap;bemanicn
星际传奇罗湖益田假日店,翠竹街道木头龙社区益田假日广场L2-17,22.5479240,114.0516360,maimai_dx;other;taiko,,maimai_dx:2;taiko:1,bemanicn
星际传奇罗湖益田御龙华府店,广东省深圳市罗湖区爱国路1009号益田御龙华府1栋L2-17,22.5469970,114.0546880,maimai_dx,,,wahlap
星际传奇苏州吴江万象汇店,江苏省苏州市吴江区开平路华润万象汇三楼星际传奇,31.3036300,120.5792050,maimai_dx;taiko,,maimai_dx:1;taiko:1,wahlap;bemanicn
星际传奇苏州悠方店,江苏省苏州市吴中区木渎镇悠方购物中心三楼,31.3056010,120.5768690,maimai_dx;other;taiko,,maimai_dx:1;taiko:1,wahlap;bemanicn
星际传奇贵阳万象汇店,兴筑路88号华润万象汇F3,26.6470740,106.6284000,maimai_dx,,maimai_dx:1,bemanicn
星际传奇贵阳观山湖华润店,贵州省贵阳市观山湖区华润万象汇星际传奇,26.6492540,106.6288320,maimai_dx,,,wahlap
星际传奇赣州章贡万象城店,江西省赣州市章贡区万象城三楼星际传奇,25.8347350,114.9248120,chunithm;maimai_dx,,,wahlap
星际传奇郑州郑东万象城店,河南省郑州市金水区金水东路67号郑东万象城6楼星际传奇,34.7513370,113.6190070,chunithm;maimai_dx;taiko,,chunithm:2;maimai_dx:2;taiko:1,wahlap;bemanicn
星际传奇重庆光环购物公园店,两江新区金州大道重光地铁站旁(5号线)重庆光环购物公园A区-L3-2627,29.6459310,106.5671370,maimai_dx;other,,maimai_dx:1,bemanicn
星际传奇长春万象城店,吉林省长春市南关区解放大路万象城五楼星际传奇,43.8135970,125.3116270,maimai_dx;other;taiko,,taiko:1,wahlap;bemanicn
星际传奇龙光蓝鲸世界店,金凯路8号,22.8192580,108.3598040,maimai_dx;other,,maimai_dx:1,bemanicn
星际传奇（K11店),博览路二甲一号K11购物艺术中心L3层,41.6749810,123.4638400,other;taiko,,taiko:1,bemanicn
星际传奇（七宝领展广场店）,漕宝路3366号七宝领展广场3楼,31.2351260,121.4723770,maimai_dx;other;taiko,,maimai_dx:1;taiko:1,bemanicn
星际传奇（会展吾悦店）,会展大道1666号会展吾悦广场3层Z312,43.8280680,87.6179300,chunithm;maimai_dx;taiko,,chunithm:2;maimai_dx:1;taiko:1,bemanicn
星际传奇（厦门磐基店),嘉禾路197号厦门磐基中心,24.4788240,118.0849420,maimai_dx;other;taiko,,maimai_dx:1;taiko:2,bemanicn
星际传奇（和平环宇城店）,南京南街368号中海环宇城2F L2－22b,41.6783480,123.4549320,other;taiko,,taiko:1,bemanicn
星际传奇（哈尔滨万象汇店）,世茂大道555号,45.7977350,126.5231480,other;taiko,,taiko:1,bemanicn
星际传奇（坪山益田假日世界店）,深汕公路168号坪山益田假日世界L2-44号商铺,22.5488770,114.0513680,other;taiko,,taiko:1,bemanicn
星际传奇（壹海城one mall店）,海山街道海景二路1025号壹海城ONE MALL购物中心L3层,22.5440370,114.0545620,other;taiko,,taiko:1,bemanicn
星际传奇（奥体印象城店）,盈丰街道飞虹路1408号奥体印象城,30.2482500,120.2031000,maimai_dx;other;taiko,,maimai_dx:1;taiko:1,bemanicn
星际传奇（宜宾临港万象汇店）,临港万象汇,28.7557530,104.6427780,other;taiko,,taiko:1,bemanicn
星际传奇（富逸城店）,火炬开发区孙文东路686号地上L3-01,22.5221880,113.3870930,maimai_dx;other;taiko,,maimai_dx:1;taiko:1,bemanicn
星际传奇（松山湖万象汇店）,万象汇3楼F314,23.0255080,113.7442210,maimai_dx;other;taiko,,maimai_dx:1;taiko:1,bemanicn
星际传奇（沈阳皇姑万象汇店）,辽宁省沈阳市皇姑区鸭绿江东街皇姑区皇姑万象汇(北塔店) 地下一层B131,41.6724620,123.4543140,other;taiko,,taiko:1,bemanicn
星际传奇（泰禾广场店）,丰泽区丰海路与东滨大道交汇处泰禾广场L3层,24.8820000,118.6742570,other;taiko,,taiko:2,bemanicn
星际传奇（泸州万象汇店）,康城路一段1号,28.8740430,105.4420210,other;taiko,,taiko:1,bemanicn
星际传奇（济宁贵和店）,山东省济宁市高新区金宇路龙贵购物广场3楼星际传奇,35.4138710,116.5833210,maimai_dx;other;taiko,,maimai_dx:1;taiko:1,bemanicn
星际传奇（淮安店）,淮安市清江浦区华信Mall购物中心3楼东侧,33.5497900,119.1091380,maimai_dx,,maimai_dx:1,bemanicn
星际传奇（玉兰广场店）,浙江省台州市椒江区中心大道555号青悦城,28.6613580,121.4161320,maimai_dx;other,,maimai_dx:1,bemanicn
星际传奇（珠海万象汇店）,银桦路102号优特汇购物中心3楼L303,22.2773030,113.5762100,maimai_dx;other;taiko,,maimai_dx:1;taiko:1,bemanicn
星际传奇（百联西郊购物中心店）,仙霞西路88号百联西郊购物中心3楼043室,31.2299980,121.4704160,taiko,,taiko:1,bemanicn
星际传奇（虹桥万象城店）,闵行区虹桥镇吴中路1799号万象城(吴中路店)L4层,31.1128080,121.3759980,maimai_dx;taiko,,maimai_dx:1;taiko:2,bemanicn
星际传奇（赣州万象城店）,章贡区水南镇登峰大道8号万象城三楼,25.8343890,114.9260940,chunithm;maimai_dx;taiko,,chunithm:2;maimai_dx:1;taiko:1,bemanicn
星际传奇（长春摩天活力城MALL）,卫星路与仙台大街交汇处 摩天活力城MALL3楼,43.8171750,125.3169600,maimai_dx;other;taiko,,maimai_dx:1;taiko:1,bemanicn
星际传奇（静安大融城店）,沪太路静安大融城1号楼F3层,31.2260860,121.4415390,taiko,,taiko:1,bemanicn
星际兔,教场街大富翁一层,40.0956960,113.3633970,other,,,bemanicn
星际动漫,湖北省天门市印象西江店,30.6646420,113.1568750,maimai_dx,,maimai_dx:1,bemanicn
星际动漫天门印象西江店,湖北省天门市印象西江天街二楼,30.6704810,113.1578090,maimai_dx,,,wahlap
星际动漫电玩城,香格里拉商业中心负一层,36.6779850,101.7525420,taiko,,taiko:2,bemanicn
星际反斗蛙大理昆百大泰业城店,云南省大理白族自治州大理市下关镇建设路泰业昆百大5楼,25.6117820,100.2656670,maimai_dx,,,wahlap
星际反斗蛙（SUPER101大理店）,泰业国际广场,25.6087490,100.2622290,chunithm;maimai_dx;taiko,,chunithm:2;maimai_dx:1;taiko:1,bemanicn
星际嗨玩城徐州店,江苏省徐州沛县城投国际b座,34.2022060,117.2800550,maimai_dx,,maimai_dx:1,wahlap;bemanicn
星际嘉年华娱乐中心,辽宁省沈阳市铁西区兴华南街58号万达广场(铁西店)F2星际嘉年华娱乐中心(沈阳万达店),41.6782130,123.4641480,chunithm;maimai_dx,,chunithm:2;maimai_dx:2,bemanicn
星际嘉年华沈阳沈辽万达店,辽宁省沈阳市沈辽路铁西万达广场二楼星际嘉年华家庭娱乐中心,41.6786030,123.4568990,chunithm;maimai_dx,,,wahlap
星际家庭电玩中心,新华路35号新玛特F5层,42.2191020,123.7234470,taiko,,taiko:1,bemanicn
星际小镇,河南省焦作市温县子夏大街与黄河路交叉口新胖发祥四楼星际小镇,35.2167510,113.2391640,maimai_dx,,maimai_dx:1,bemanicn
星际小镇新乡原阳县香港城店,香港城4楼星际小镇,35.3031510,113.9270290,chunithm;maimai_dx,,chunithm:2;maimai_dx:1,bemanicn
星际小镇焦作温县店,河南省焦作市温县子夏大街与黄河路交叉口新胖发祥四楼星际小镇,35.2196090,113.2356350,maimai_dx,,,wahlap
星际幻想乐园,火炬太阳城2楼星际幻想乐园,22.5212580,113.3884950,other,,,bemanicn
星际幻想青浦淀山万达店,上海市青浦区淀山湖大道万达茂B区二楼星际幻想,31.1506330,121.1185050,maimai_dx,,,wahlap
星际梦乐城清远清城店,广东省清远市清城区城市广场3楼星际梦乐城,23.6814400,113.0482390,maimai_dx;other,,maimai_dx:2,wahlap;bemanicn
星际梦想城 辛集店,教育路万达广场3F-次主三号,38.0440670,114.5137060,maimai_dx,,maimai_dx:1,bemanicn
星际梦想城周口鹿邑顺达广场店,河南省周口市鹿邑县万顺达广场五楼01号星际梦想城,33.6340670,114.6921130,maimai_dx,,,wahlap
星际梦想城嘉兴南湖广益万达店,浙江省嘉兴市南湖区广益路万达广场三楼3001铺,30.7516700,120.7530150,maimai_dx,,,wahlap
星际梦想城嘉兴南湖龙鼎万达店,浙江省嘉兴市南湖区龙鼎万达三楼星际梦想城,30.7497210,120.7535710,maimai_dx,,,wahlap
星际梦想城天津河东万达店,天津市河东区万达广场3楼,39.1294870,117.2437160,chunithm,,,wahlap
星际梦想城宿州埇桥万达店,安徽省宿州市埇桥区银河三路万达广场三楼星际梦想电玩城,33.6484870,116.9566340,chunithm;maimai_dx,,chunithm:2;maimai_dx:2,wahlap;bemanicn
星际梦想城济源宝龙广场店,河南省济源市济源大道宝龙广场2楼星际梦想城,35.0712930,112.6007210,maimai_dx,,maimai_dx:1,wahlap;bemanicn
星际梦想城湖州长兴万达店,浙江省湖州市长兴县龙山街道 画溪大道与析湖路交叉口万达广场3楼,30.9000510,120.0820660,maimai_dx,,maimai_dx:2,wahlap;bemanicn
星际梦想城盐城东台店,江苏省盐城市东台市八佰伴3楼,33.3494180,120.1602420,maimai_dx,,maimai_dx:1,wahlap;bemanicn
星际梦想城舟山定海宝龙店,浙江省舟山市定海区宝龙广场 B 馆二楼星际梦想城,29.9889500,122.2074280,maimai_dx,,,wahlap
星际梦想城郑州二七万达广场店,河南省郑州市二七区万达广场3楼星际梦想城,34.7446250,113.6169540,maimai_dx,,,wahlap
星际梦想城（南湖万达店）,万达广场（嘉兴南湖店）3楼,30.7473450,120.7550880,maimai_dx,,maimai_dx:2,bemanicn
星际梦想城（舟山宝龙店）,临城街道宝龙广场B馆2F,29.9837320,122.2006230,maimai_dx,,maimai_dx:1,bemanicn
星际梦想城（龙鼎万达店）,万达广场（嘉兴龙鼎店）B座三楼,30.7469150,120.7513230,maimai_dx,,maimai_dx:1,bemanicn
星际游戏体验中心,陕西省西安市雁塔区观风路雁塔区正荣彩虹谷(观风路东100米),34.3445950,108.9373270,maimai_dx;taiko,,maimai_dx:1;taiko:1,bemanicn
星际游艺岳阳湘阴店,岳阳市湘阴县文星镇滨湖路星际游艺2口,29.3596590,113.1282660,maimai_dx,,maimai_dx:1,wahlap;bemanicn
星际潮玩(联盛购物广场西区店),修水县义宁镇联盛购物广场西区三楼,29.6615970,115.9460660,other,,,bemanicn
星际潮玩宿州砀山万达店,安徽省宿州市砀山县万达广场三楼星际潮玩,33.6492880,116.9562900,maimai_dx,,,wahlap
星际潮玩广安吾悦店,四川省广安市广安区吾悦新印巷星际潮玩,30.4615090,106.6257600,maimai_dx,,,wahlap
星际潮玩社金华万达店,浙江省金华市金东区李渔东路300号万达广场金华店2F层星际潮玩社,29.0778430,119.6456430,chunithm;maimai_dx,,chunithm:2;maimai_dx:1,wahlap;bemanicn
星际潮玩衡水桃城爱特店,河北省衡水市桃城区大庆西路爱特生活广场二楼创新超玩,37.7393700,115.6693920,maimai_dx,,,wahlap
星际潮玩西安曲江正荣彩虹谷店,西安市曲江新区紫云路正荣彩虹谷7号楼B1-3,34.3477940,108.9387570,maimai_dx,,,wahlap
星际玩家,"Shop 2052, 2F, Wanda Plaza, Chengqiao Town Chongming District Shanghai Shanghai, 202150, Shanghai",31.6278873,121.4132299,maimai_dx;other,,,ziv
星际玩家 Star Player (海口龙湖天街),"Unit C-3F-34/35, 3rd Floor, Phase II, Paradise Walk, No. 15 Nanh Jinyu Subdistrict 金宇街道 Haikou City 海口市 Hainan Province 海南省, 570311, Haikou City 海口市",19.9996847,110.3290202,maimai_dx;other;taiko,,,ziv
星际玩家(望京万象汇店),北京市朝阳区望京万象汇2层L212B星际玩家,40.0091220,116.4616630,maimai_dx;other;taiko,,maimai_dx:1;taiko:1,wahlap;bemanicn;ziv
星际玩家上海崇明万达广场店,上海崇明区万达广场二楼2052,31.6238310,121.3875420,maimai_dx,,maimai_dx:1,wahlap;bemanicn
星际玩家北京西城凯德MALL店,北京市西城区西直门凯德MALL3楼星际玩家,39.9131750,116.3590300,maimai_dx,,,wahlap
星际玩家北京通州万象汇店,北京市通州区运河东大街51号4层L419,39.9030000,116.7280000,maimai_dx;other;taiko,,maimai_dx:1;taiko:1,wahlap;bemanicn;ziv
星际玩家宜春润达国际店,江西省宜春市袁州区宜春南路136号润达国际购物中心贰层L2-031号,27.8173290,114.4112090,maimai_dx;taiko,,maimai_dx:1;taiko:1,wahlap;bemanicn
星际玩家广州天河君超店,广东省广州市天河区君超商场三楼星际玩家店,23.1313370,113.2553480,maimai_dx;other;taiko,,maimai_dx:2;taiko:1,wahlap;bemanicn
星际玩家广州富力海珠城店,江南大道中180号富力海珠城B区6层601,23.1308530,113.2609820,chunithm;maimai_dx;taiko,,chunithm:2;maimai_dx:1;taiko:1,bemanicn
星际玩家枣庄台儿庄贵诚店,山东省枣庄市台儿庄运河街道金光路贵诚超市正门东侧星际玩家,34.8154190,117.3168760,maimai_dx,,maimai_dx:1,wahlap;bemanicn
星际玩家济南起步店,山东省济南市起步区大桥街道鹊华生态文化区一期泉韵水坊L1-37星际玩家,36.6535840,117.1151400,maimai_dx,,,wahlap
星际玩家海口龙华海口天街店,海南省海口市龙华区南海大道15号海口天街C区三楼星际玩家,20.0507650,110.1983810,maimai_dx,,,wahlap
星际玩家潮玩 Star Player (海口龙湖天街),"Unit A-5F-05, 5th Floor, Phase II, Paradise Walk, No. 15 Nanhai Jinyu Subdistrict 金宇街道 Haikou City 海口市 Hainan Province 海南省, 570311, Haikou City 海口市",19.9989992,110.3272397,maimai_dx;other,,,ziv
星际玩家潮玩（海口龙湖天街店）,海口龙湖天街A-5F-05,20.0518430,110.1940780,maimai_dx,,maimai_dx:1,bemanicn
星际玩家电玩城,华龙区任丘路与长庆路交叉口丹尼斯百货大楼四楼,35.7634750,115.0288330,taiko,,taiko:1,bemanicn
星际玩家石家庄勒泰店,河北省石家庄市长安区中山东路39号勒泰中心5层F5-0SA星际玩家,38.0390800,114.5103920,chunithm;maimai_dx,,chunithm:2;maimai_dx:2,wahlap;bemanicn
星际玩家西直门凯德MALL店,西直门凯德MALL3楼,39.9403683,116.3464273,maimai_dx;other;taiko,,maimai_dx:2;taiko:1,bemanicn;ziv
星际玩家郑州百年德化购物公园店,河南省郑州市二七区德化街100号百年德化购物公园1层B151号星际玩家,34.7456120,113.6147570,maimai_dx,,,wahlap
星际玩家（原疯狂8比特）,团结街道天赐良园商业4#楼1-2层115室,43.6564460,122.2370840,maimai_dx;other,,maimai_dx:1,bemanicn
星际玩家（海口龙湖天街店）,龙湖天街商场C-3F-34、35,20.0454930,110.1954120,maimai_dx;other;taiko,,maimai_dx:1;taiko:1,bemanicn
星际玩家（番禺广晟店）,南村镇广晟万博城3楼,23.1296420,113.2590750,maimai_dx;other;taiko,,maimai_dx:1;taiko:1,bemanicn
星际玩家（郑州店）,德化街街道德化街100号1层B139号,34.7494370,113.6149820,maimai_dx;other;taiko,,maimai_dx:2;taiko:1,bemanicn
星际玩家（阳江阳西御海城店）,广东省阳江市阳西县织黄镇湖景路8号御海城2层,21.8640040,111.9798530,other,,,bemanicn
星际第三区(万联购物中心店),万联物美城3F,30.7496540,120.7457970,other,,,bemanicn
星际第三区嘉兴嘉善万联店,浙江省嘉兴市嘉善县万联购物中心（东区）三楼,30.7466120,120.7553020,maimai_dx,,,wahlap
星际追踪,福建省福州市晋安区秀峰路423号五四北泰禾广场(现改五四in象商场)F3层,26.0815970,119.2906540,taiko,,taiko:1,bemanicn
星际锋暴［原 新世界电玩］,崇文门外大街3号新世界百货2期B1,39.8967487,116.4116499,chunithm;maimai_dx;taiko,,chunithm:2;maimai_dx:2;taiko:1,bemanicn;ziv
星骏潮玩,黄江天虹五楼星骏潮玩,23.0257040,113.7466860,maimai_dx,,maimai_dx:1,bemanicn
星骏潮玩东莞天虹店,广东省东莞市黄江镇天虹五楼星骏潮玩家庭娱乐中心,23.0252810,113.7506970,maimai_dx,,,wahlap
晋中灵漫家庭娱乐中心,天美杉杉奥特莱斯室内馆二层,37.6892750,112.7487800,maimai_dx,,maimai_dx:2,bemanicn
晓地球潮玩空间沧州店,河北省沧州市任丘市蕾莎城市广场晓地球潮玩空间,38.3061330,116.8276250,maimai_dx,,maimai_dx:1,wahlap;bemanicn
晧轩快乐星球,胜利南路维多利摩尔城南区4号门5楼,39.1472080,117.2746690,maimai_dx;taiko,,maimai_dx:1;taiko:1,bemanicn;ziv
晧轩快乐星球（屿东城店）,河东区龙山道与贺兰路交叉口路劲屿东城A座3F,39.1290340,117.2470790,maimai_dx,,maimai_dx:1,bemanicn
晴天G-BOX潮玩社佛山南海店,佛山市南海区桂城街道季华东路27号丽日广场七座101第三层商务7-310、312,23.0247240,113.1195900,maimai_dx;other;sdvx,,maimai_dx:1;sdvx:2,wahlap;bemanicn
晴空乐园广州白云云门店,广东省广州市白云区永平街道百顺北路1号云门nwepark3楼晴空乐园,23.1324150,113.2539240,maimai_dx;other;taiko,,maimai_dx:1;taiko:1,wahlap;bemanicn
晴空乐园汕头F16购物中心店,广东省汕头市黄山路F16购物中心三楼晴空乐园电玩城,23.3604000,116.6813690,maimai_dx,,maimai_dx:1,wahlap;bemanicn
晴空乐园汕头金平万达店,广东省汕头市金平区潮汕路万达广场3层晴空乐园,23.3533860,116.6784270,maimai_dx;other,,maimai_dx:1,wahlap;bemanicn
晴空乐园（长平合胜店）,长平路98号合胜广场3楼,23.3569680,116.6731710,maimai_dx;taiko,,maimai_dx:1;taiko:1,bemanicn
晴空超乐场 万泰左一城店,潮枫路万泰左一城（原卜蜂莲花旁东宝时代大楼）二楼晴空超乐场,23.6638050,116.6160180,maimai_dx,,maimai_dx:1,bemanicn
晴空超乐场 南风里A店,新风路财富中心南风里A区三楼,23.6600580,116.6226930,maimai_dx;taiko,,maimai_dx:1;taiko:1,bemanicn
晴空超乐场 南风里B店,新风路财富中心南风里B区三楼,23.6591170,116.6209290,maimai_dx;other,,maimai_dx:2,bemanicn
晴空超乐场东厦100店,广东省汕头市东厦100购物商场二楼,23.3560460,116.6826890,maimai_dx;other,,maimai_dx:1,wahlap;bemanicn
晴空超乐场揭阳揭东君和店,广东揭阳市揭东区君和广场三楼晴空超乐场,23.5561090,116.3716540,maimai_dx,,,wahlap
晴空超乐场汕头峡山店,广东省汕头市潮南区合胜广场3楼晴空超乐场,23.3550410,116.6731910,maimai_dx,,,wahlap
晴空超乐场汕头龙湖合胜百货店,广东省汕头市龙湖区长江路合胜百货负一层晴空超乐场,23.3593420,116.6760580,maimai_dx,,,wahlap
晴空超乐场汕头龙湖苏宁店,广东省汕头市龙湖区长平路90苏宁广场第3F层302号商铺,23.3587320,116.6732040,maimai_dx,,,wahlap
晴空超乐场潮州左一城店,广东省潮州市枫溪镇万泰左一城2楼,23.6569790,116.6169450,maimai_dx,,,wahlap
晴空超乐场潮州店,广东省潮州市南风里B区3楼晴空超乐场,23.6623140,116.6149810,maimai_dx,,,wahlap
晴空超乐场潮州枫溪南风里A区店,广东省潮州市枫溪镇财富中心A区3层晴空超乐场,23.6580900,116.6187670,maimai_dx,,,wahlap
晴空超乐场（揭东天虹店）,揭东区曲溪街道人民大道与兴源路交汇处揭阳天虹购物中心F3层,23.5510050,116.3684450,maimai_dx;other,,maimai_dx:1,bemanicn
晴空超乐场（汕头苏宁广场店）,长平东路苏宁广场晴空超乐场(苏宁广场店),23.3592200,116.6797930,maimai_dx,,maimai_dx:1,bemanicn
晴空超乐场（潮南合胜店）,峡山街道广汕公路峡山路段123号合胜广场（汕头潮南店）7栋3层晴空超乐场,23.3587480,116.6828390,maimai_dx,,maimai_dx:1,bemanicn
晴空超乐场（长江合胜店）,龙湖区长江路23号（即天山南路与长江路交汇处）合胜百货（长江路店）B1,23.3550290,116.6734820,maimai_dx;taiko,,maimai_dx:2;taiko:1,bemanicn
晴空进击社广州嘉裕太阳城店,广东省广州市白云区广州大道北1811号嘉裕太阳城二楼晴空进击社,23.1275960,113.2593510,maimai_dx;taiko,,maimai_dx:1;taiko:1,wahlap;bemanicn
晴空进击社广州白云店,广东省广州市白云区黄边北路152号时光汇3楼,23.1288990,113.2571680,maimai_dx,,,wahlap
晴空进击社广州荔湾店,广东省广州市荔湾区西湾路150号悦汇城三楼晴空进击社,23.1312800,113.2549580,maimai_dx,,,wahlap
晴空进击社广州设计之都时光汇店,黄边北路152号广州设计之都时光汇3层,23.1326040,113.2633060,jubeat;maimai_dx;taiko,,jubeat:2;maimai_dx:2;taiko:1,bemanicn
晴空进击社悦汇城店,西湾路150号悦汇城3层C068,23.1368110,113.2602210,maimai_dx;other;taiko,,maimai_dx:2;taiko:2,bemanicn
晴空进击社汕头龙湖万象汇店,广东省汕头市龙湖区东海岸万象汇409晴空进击社,23.3588900,116.6771820,maimai_dx;taiko,,maimai_dx:1;taiko:1,wahlap;bemanicn
晴空进击社汕头龙湖长平合胜店,汕头市龙湖区长平路98号长平合胜广场三楼晴空进击社,23.3524510,116.6785940,maimai_dx,,,wahlap
晴空进击社龙湖万象广场店,广东省汕头市龙湖区金环路万象广场负一楼B101,23.3536770,116.6796900,chunithm;maimai_dx,,,wahlap
晴空进击社（汕头万象城店）,汕头市龙湖区长平路95号万象城B101,23.3556860,116.6795260,chunithm;maimai_dx;taiko,,chunithm:2;maimai_dx:2;taiko:2,bemanicn
晶灵玩家,永发路14号雅乐城2-3层,23.1314980,113.2567900,maimai_dx,,maimai_dx:2,bemanicn
晶灵玩家广州花都店,广东省广州市花都区永发路14号雅乐城晶灵玩家,23.1301580,113.2608740,maimai_dx,,,wahlap
智慧宝宝亲子乐园,"辽宁省盘锦市兴隆台区惠宾街道惠宾街与青年路交叉口西南角(近香稻路,蓝色康桥E区4号1027号商网)桔子广场A座F3智慧宝宝亲子乐园(桔子广场A座店)",40.7213750,122.1609670,other,,,bemanicn
智游娱乐郑州航空港锦荣店,河南郑州市航空港区雍州路锦荣悦汇城 2 楼智游娱乐,34.7521280,113.6213180,maimai_dx,,,wahlap
智游娱乐（锦荣悦汇城店）,大河刘路与雍州路交叉口东南方向122米左右智游娱乐(锦荣悦汇城店),34.7469960,113.6164410,maimai_dx,,maimai_dx:1,bemanicn
智游星期六郑州白沙店,郑州市中牟县白沙镇双宇百货四楼智游星期六,34.7485490,113.6129010,chunithm;maimai_dx,,,wahlap
智游星期六（白沙双宇百货店）,敬业路与复兴路交叉口东北260米白沙双宇百货4楼,34.7474470,113.6131710,chunithm;maimai_dx,,chunithm:2;maimai_dx:1,bemanicn
智玩空间北京怀柔店,北京市怀柔区府前街14号,40.3203990,116.6257530,chunithm;maimai_dx,,,wahlap
智趣乐园 (客都汇店),"广东省梅州市梅江区梅水路16号客都汇 梅州市 Meizhou 广东省 Guangdong Province, 514021, 梅州市 Meizhou",24.3020176,116.1276877,maimai_dx;other,,,ziv
智趣乐园 小榄大信店,小榄镇升平中路18号大信新都汇3楼,22.5163790,113.3890510,maimai_dx;other,,maimai_dx:1,bemanicn
智趣乐园(远洋大信新都汇店),博爱六路28号3栋大信·新都汇3F02,22.5214880,113.3886150,drs,,drs:1,bemanicn
智趣乐园中山石岐大信二期店,广东省中山市石岐区大信南路大信二期三栋智趣乐园,22.5248700,113.3869000,maimai_dx,,,wahlap
智趣乐园中山石岐店,广东省中山市石岐区大信南路大信二期三栋智趣乐园,22.5201100,113.3849800,maimai_dx,,,wahlap
智趣乐园梅州梅江客都汇店,广东省梅州市梅江区梅水路客都汇三楼智趣乐园,24.2879900,116.1175280,maimai_dx,,,wahlap
智趣乐园（梅州客都汇店）,客都汇商业文化广场,24.2934880,116.1127010,maimai_dx,,maimai_dx:1,bemanicn
智趣学/潮玩乐园,氐星路吾悦广场湖湘印巷42栋3楼,27.7032350,111.9835990,maimai_dx,,maimai_dx:1,bemanicn
智趣学乐园娄底娄星吾悦店,湖南省娄底市娄星区大科街道大科社区吾悦广场42幢智趣学乐园,27.7014890,111.9905950,maimai_dx,,,wahlap
暴走猫电玩（亿合城四楼店）,亿合城4F,38.9182360,121.6082890,maimai_dx,,maimai_dx:1,bemanicn
曼电波游戏小屋,恩江镇欧阳修大道11-12号,27.0919940,114.9656270,maimai_dx,,maimai_dx:1,bemanicn
月宫,解放路地铁站，详细地址进群获得,34.6232970,112.4506760,chunithm;maimai_dx;ongeki,,chunithm:2;maimai_dx:1;ongeki:2,bemanicn
月窝,龙光玖云著1号楼2416,22.8204790,108.3676030,chunithm;maimai_dx;sdvx,,chunithm:2;maimai_dx:2;sdvx:1,bemanicn
朋克星球超乐场（龙信广场店）,海门区长江南路99号龙信,31.9822210,120.8883780,maimai_dx,,maimai_dx:1,bemanicn
朗玩 Round1 Bowling & Arcade (Xintang AEON Mall),"増城区宁西街创新大道15号 永旺梦乐城广州新塘 广州市 Guangdong Province, 511338, 广州市",23.1621958,113.6198759,chunithm;dance_around;drs;gitadora;maimai_dx;other;sdvx;taiko,,chunithm:1;dance_around:2;drs:1;gitadora:2;maimai_dx:3;sdvx:2;taiko:3,ziv
朗玩 Round1 Bowling & Arcade (福田店),"深南中路1095号新城市广场三层 深圳市 广东省, 518031, 深圳市",22.5419456,114.0936238,chunithm;maimai_dx;other;taiko,,chunithm:4;maimai_dx:6;taiko:2,ziv
朗玩 Round1 Bowling & Arcade (龙华店),"壹成中心花园三区E座 壹方天地C区 龙华区龙华街道景龙社区 深圳市 广东省, 518131, 深圳市",22.6477792,114.0244816,dance_around;drs;gitadora;maimai_dx;other;sdvx;taiko,,dance_around:2;drs:2;gitadora:1;maimai_dx:8;sdvx:4;taiko:2,ziv
朗玩Round One(龙华壹方天地店),龙华街道景龙社区壹方天地C区L1-001A-4001,22.5412700,114.0526570,chunithm;maimai_dx;taiko,,chunithm:3;maimai_dx:12;taiko:3,bemanicn
朗玩ROUND ONE新塘永旺梦乐城店,宁西创新大道15号新塘永旺梦乐城1栋3层3084,23.1359470,113.2603610,chunithm;maimai_dx;taiko,,chunithm:1;maimai_dx:3;taiko:3,bemanicn
朗玩ROUND ONE（福田城市广场店）,深南中路1095号城市广场·深圳3层,22.5455680,114.0555980,chunithm;maimai_dx;taiko,,chunithm:3;maimai_dx:6;taiko:2,bemanicn
朗玩广州新塘永旺店,广东省广州市增城区宁西街创新大道15号永旺梦乐城1栋3084朗玩文化,23.1310220,113.2621640,chunithm;maimai_dx,,,wahlap
朗玩深圳壹方天地店,广东省深圳市龙华区龙华街道景龙社区壹成中心花园三区E座壹方天地C区L1-001A~L4-001,22.5456720,114.0486850,chunithm;maimai_dx,,,wahlap
朗玩深圳福田iN城市广场店,广东省深圳市福田区深南中路1095号iN城市广场L3-01朗玩,22.5502770,114.0510820,chunithm;maimai_dx,,,wahlap
木马王国&第一回合（滨江宝龙城店）,滨盛路3867号宝龙城3楼,30.2510680,120.2021570,maimai_dx;other;taiko,,maimai_dx:1;taiko:1,bemanicn
木马王国(杭州丁桥天街店),龙湖杭州丁桥天街三楼,30.2457320,120.2094940,maimai_dx;taiko,,maimai_dx:1;taiko:1,bemanicn
木马王国上城丁桥龙湖天街店,杭州市上城区丁称515号丁桥龙湖天街3楼木马王国,30.2460440,120.2031260,maimai_dx,,,wahlap
木马王国成都成华滨江店,四川省成都市成华区杉板桥路滨江天街3L木马王国,30.5769050,104.0584450,maimai_dx,,,wahlap
木马王国杭州临平银泰城店,浙江省杭州市临平区南苑街道世纪大道1号临平银泰城3楼木马王国,30.2494000,120.2085570,chunithm;maimai_dx;taiko,,chunithm:2;maimai_dx:2;taiko:5,wahlap;bemanicn
木马王国杭州五福天虹店,浙江省杭州市上城区新塘路108号天虹购物中心B座3楼木马王国,30.2493700,120.2088400,maimai_dx,,,wahlap
木马王国杭州余杭印象城店,浙江省杭州市余杭区五常大道一号西溪印象城三楼木马王国,30.2446180,120.2037130,maimai_dx,,,wahlap
木马王国杭州西溪印象城店,余杭区五常大道一号西溪印象城三楼木马王国,30.2464950,120.2029420,maimai_dx;taiko,,maimai_dx:1;taiko:1,bemanicn
木马王国杭州西溪龙湖天街店,浙江省杭州市西湖区蒋村街道西溪龙湖天街3楼木马王国店,30.2461020,120.2056370,maimai_dx,,,wahlap
木马王国湖州德清银泰城店,浙江省湖州市德清县舞阳街道德清银泰城3楼木马王国,30.8954760,120.0852670,maimai_dx;taiko,,maimai_dx:1;taiko:2,wahlap;bemanicn
木马王国（绍兴苏宁广场店）,解放大道190号苏宁广场3楼,30.0545970,120.5829890,maimai_dx;other;taiko,,maimai_dx:2;taiko:2,bemanicn
木马王国（萧山银隆店）,北干街道市心中路288号汇德隆银隆百货3层,30.2503250,120.2002610,maimai_dx;other;taiko,,maimai_dx:1;taiko:1,bemanicn
木马王国（西溪天街店）,西溪天街3楼,30.2511700,120.2068180,maimai_dx;other;taiko,,maimai_dx:2;taiko:1,bemanicn
木马王国（龙湖滨江天街店）,四川省成都市成华区跳蹬河街道成华大道杉板桥路266号龙湖滨江天街A馆3层-24室木马王国(成都龙湖滨江天街店),30.5742710,104.0598380,maimai_dx,,maimai_dx:1,bemanicn
未来不二动漫城（商贸店）,太原市迎泽区柳巷街道柳巷南路63号柳巷商贸5层南区1号,37.8688640,112.5401780,other,,,bemanicn
未来不二动漫城（钟楼街店）,柳巷街道桥头街160号,37.8688140,112.5456500,maimai_dx,,maimai_dx:1,bemanicn
未来不二太原迎泽店,山西省太原市迎泽区桥头街160号未来不二电玩城,37.8698700,112.5401450,maimai_dx,,,wahlap
未来世界梦想王国,"Zichang Road, Baota District Yan'an 延安市 Shannxi 陕西省, 716000, Yan'an 延安市",36.6455847,109.4902492,drs,,,ziv
未来之影电玩城广州天河天娱广场店,广州市天河区天河路625号天娱广场3楼,23.1348570,113.2590920,jubeat;maimai_dx;taiko,,jubeat:2;maimai_dx:1;taiko:1,wahlap;bemanicn
未来之星家庭娱乐中心（辛集店）,市府街和朝阳路交叉口西北角北国超市(清河湾店)二楼,38.0445280,114.5077450,maimai_dx,,maimai_dx:1,bemanicn
未来妙觅青岛万象城店,山东省青岛市市南区山东路6号甲万象城二期4楼L488未来妙觅,36.0646530,120.3808380,maimai_dx,,,wahlap
未来妙觅青岛上街里·容匯城店,市南区中山路街道中山路44-60号上街里MALL容匯城六层F6013,36.0692380,120.3802000,maimai_dx,,maimai_dx:1,bemanicn
未来妙觅青岛凯德MALL店,山东省青岛市市北区黑龙江南路凯德MALL4层-16号未来妙觅电玩城,36.0626370,120.3739730,maimai_dx;other,,maimai_dx:1,wahlap;bemanicn
未来妙觅青岛融创茂店,山东省青岛市黄岛区滨海大道2777号青岛东方影都融创茂二楼最东侧 未来妙觅,36.0706920,120.3755480,maimai_dx,,,wahlap
未来妙觅黄岛融创茂店,山东省青岛市黄岛区滨海大道2109-77号黄岛区青岛东方影都融创茂(东岳东路南200米),36.0684670,120.3811710,maimai_dx;other,,maimai_dx:1,bemanicn
未来战场(聊城东昌府万达广场店),柳园北路39号万达广场聊城东昌府店,36.4509570,115.9779860,chunithm;maimai_dx,,chunithm:1;maimai_dx:1,bemanicn
未来狂想,茂悦东荟城（东汇城）负一层,21.6628640,110.9220520,maimai_dx;other,,maimai_dx:1,bemanicn
未来狂想茂名茂悦东荟城店,广东省茂名市茂南区油城十路1号大院茂悦东荟城负一楼,21.6611040,110.9197030,maimai_dx,,,wahlap
未来玩家(原闪电部落万和城店，悦翔云游乐城),胡家庙十字西北角长缨西路1号万和城购物中心4楼,34.3435540,108.9367940,other;taiko,,taiko:1,bemanicn
未来玩家南昌梦时代店,江西省南昌市青山湖区梦时代广场1号楼2楼,28.6724533,115.9400140,chunithm;maimai_dx;other;taiko,,chunithm:4;maimai_dx:2;taiko:3,wahlap;bemanicn;ziv
未来街区动漫城,驿城区-驿城大道与淮河大道交汇处 天中环球港,33.0173480,114.0136820,other,,,bemanicn
本站电玩绵阳涪城店,四川省绵阳市涪城区科技城新区新投美学生活中心1号楼3楼本站电玩,31.4682580,104.6752460,maimai_dx,,,wahlap
本站电玩（园艺山店）,绵阳新投大卫茂美学中心三楼,31.4672920,104.6734870,maimai_dx;other,,maimai_dx:1,bemanicn
机动侠吕梁万达广场店,山西省吕梁市孝义市万达广场二楼机动侠,37.5184380,111.1437200,chunithm;maimai_dx,,,wahlap
机动侠大同平城星茂汇店,山西省大同市平城区永泰街道星茂汇三楼机动侠,40.0969300,113.3550660,chunithm;maimai_dx,,,wahlap
机动侠（孝义万达店）,孝义万达广场二楼,37.5169550,111.1317020,chunithm;maimai_dx;taiko,,chunithm:1;maimai_dx:2;taiko:1,bemanicn
机喳森林深圳龙华百佳华佳漾邻店,广东省深圳市龙华区 龙华街道人民北路4243号百佳华佳漾邻3楼机喳森林,22.5481160,114.0518660,maimai_dx,,,wahlap
杭州大悦城木马王国店,杭州市拱墅区隐秀中粮大悦城三楼,30.2461020,120.2023410,maimai_dx,,,wahlap
杭州熊熊雀庄,华龙商务大厦502,30.2525650,120.2063500,chunithm;maimai_dx,,chunithm:1;maimai_dx:3,bemanicn
杭州良渚虎窝,大河李斯特教育视频媒体工作室,30.2530760,120.2044620,sdvx,,sdvx:2,bemanicn
松岗联投东方梦幻之城,松岗街道联投东方东方新天地,22.7637167,113.8538725,maimai_dx;other,,maimai_dx:1,bemanicn;ziv
极光窝,黑龙江工业学院,45.2953760,130.9673860,maimai_dx,,maimai_dx:1,bemanicn
极力特广州海珠万达店,广东省广州市海珠区万达广场3楼极力特,23.1345920,113.2582320,maimai_dx;other,,maimai_dx:1,wahlap;bemanicn
极力特广州番禺南村万达店,广东省广州市番禺区南村万达二楼极力特,23.1341890,113.2543140,maimai_dx,,,wahlap
极力特梦幻城,华侨城大道15号创富广场天虹商场(惠东店)F3,23.1124960,114.4116230,maimai_dx,,maimai_dx:1,bemanicn
极力特梦幻城惠州惠东天虹店,广东省惠州市惠东县华侨城大道15号天虹商场三楼,23.1109940,114.4085800,maimai_dx,,,wahlap
极力特番禺万达广场店,"万博汉溪大道东381,389,391号番禺万达广场2层213",23.1284450,113.2592440,maimai_dx,,maimai_dx:1,bemanicn
极客引力,浙江省台州市路桥区银座北街527弄30-2号台州路桥吾悦广场,28.6612540,121.4139210,maimai_dx,,maimai_dx:1,bemanicn
极客引力台州路桥吾悦店,浙江省台州市路桥区吾悦广场3楼,28.6565220,121.4219640,maimai_dx,,,wahlap
极客星球济源店（GeeKPlanet）,河南省济源市北环大道与愚公路交叉口向北100米联洋建材城内,35.0653620,112.5975040,maimai_dx,,maimai_dx:1,bemanicn
极客森(深圳光明蓝鲸世界店),光明大道120号蓝鲸世界3层 极客森(光明店),22.5497460,114.0509270,maimai_dx;other,,maimai_dx:1,bemanicn
极客森-沙井百佳华店,广东省深圳市宝安区沙井中心路与蚝乡路交汇处西南侧百佳华三楼,22.5484600,114.0517370,maimai_dx,,maimai_dx:1,bemanicn
极客森健康港星河COCOPARK店,东沙大道16号健康港星河COCOPARK北塔3层3723,23.1308750,113.2631820,maimai_dx,,maimai_dx:1,bemanicn
极客森厦门海沧招商花园城店,福建省厦门市海沧区招商花园城3楼极客森,24.4837080,118.0821920,maimai_dx,,maimai_dx:1,wahlap;bemanicn
极客森宁夏银川店,宁夏回族自治区银川市金凤区悠阅城3楼,38.4894880,106.2260780,maimai_dx,,,wahlap
极客森家庭娱乐中心,东岳大街和天烛峰路口东北角吾悦广场3楼,36.1978870,117.0791540,maimai_dx;taiko,,maimai_dx:1;taiko:1,bemanicn
极客森广州南沙星河店,广东省广州市南沙区 番中公路黄阁段37号之一南沙星河COCO ParkF3极客森超乐场,23.1291620,113.2600430,maimai_dx,,,wahlap
极客森泰安泰山吾悦广场店,山东省泰安市泰山区泰山吾悦广场z302,36.2012430,117.0871930,maimai_dx,,,wahlap
极客森深圳万科里店,广东省深圳市龙岗区龙城万科里负一楼极客森,22.5441030,114.0486270,maimai_dx,,,wahlap
极客森深圳南山宝能城店,广东省深圳市南山区西丽留仙大道塘朗地铁站C出口宝能城三楼极客森超乐场,22.5486440,114.0578880,maimai_dx,,,wahlap
极客森深圳福田卓悦汇店,广东省深圳市福田街道岗夏社区深南大道2005号卓悦汇深圳中心天元1期负一楼,22.5439360,114.0551440,maimai_dx,,,wahlap
极客森电玩深圳松岗店,松岗街道沙浦社区艺展三路8号国际艺展中心Mall6楼,22.5469940,114.0508300,maimai_dx,,maimai_dx:1,bemanicn
极客森超乐场 GEEK WORLD (OneAvenue卓越中心-北区),"B1 Floor, North Zone, One Avenue Center, No. 2005 Shennan Avenue Futian District 福田区 Shenzhen City 深圳市 Guangdong Province 广东省, 518048, Shenzhen City 深圳市",22.5404345,114.0596294,maimai_dx;other,,maimai_dx:2,ziv
极客森超乐场 GEEK WORLD (东部星悦天地),"3rd Floor, Eastern Star Yue World (Dongbu Xingyue Tiandi), Longg Longgang District 龙岗区 Shenzhen City 深圳市 Guangdong Province 广东省, 518172, Shenzhen City 深圳市",22.6217258,114.1451061,maimai_dx;other,,,ziv
极客森超乐场 GEEK WORLD (光明蓝鲸汇),"3rd Floor, Blue Whale World ‘’蓝鲸汇‘’, No. 120 Guangming Avenue, Guangming District 光明区 Shenzhen City 深圳市 Guangdong Province 广东省, 518107, Shenzhen City 深圳市",22.7495094,113.9285660,maimai_dx;other,,,ziv
极客森超乐场 GEEK WORLD (宝能环球汇),"3rd Floor, ALL City(宝能城),Av.LIUXIAN,Xili Subdistrict Nanshan District Shenzhen Guangdong, 518000, Shenzhen",22.5936744,113.9946708,chunithm;maimai_dx;other;taiko,,chunithm:2;maimai_dx:3;taiko:1,ziv
极客森超乐场 GEEK WORLD (星河iCO),"3rd Floor, Galaxy iCO Mall, No. 8 Longhuan 2nd Road, Longhua Sub Longhua New District 龙华新区 Shenzhen City 深圳市 Guangdong Province 广东省, 518109, Shenzhen City 深圳市",22.6592843,114.0320241,maimai_dx;other,,,ziv
极客森超乐场 GEEK WORLD (沙井佳漾汇),"3rd Floor, Jiayanghui Shopping Center, Southwest of the Intersec Bao'an District 宝安区 Shenzhen City 深圳市 Guangdong Province 广东省, 518104, Shenzhen City 深圳市",22.7366266,113.8235092,maimai_dx;other,,,ziv
极客森超乐场 GEEK WORLD (深圳万科里),"B1, Vanke Li Shopping Center, No. 3999 Longgang Avenue Longgang District 龙岗区 Shenzhen City 深圳市 Guangdong Province 广东省, 518172, Shenzhen City 深圳市",22.7198137,114.2459571,maimai_dx;other;taiko,,,ziv
极客森超乐场 GEEK WORLD (深圳松岗),"6th Floor, MOOFUN 满纷天地 No. 8 Yizhan 3rd Road, Songgang Subdistri Bao'an District 宝安区 Shenzhen City 深圳市 Guangdong Province 广东省, 518105, Shenzhen City 深圳市",22.7864888,113.8317919,maimai_dx,,,ziv
极客森超乐场 GEEK WORLD (罗湖宝能环球汇),"4 Floor, Buildings E and F, No. 3008 Bao'an North Road, Luohu District 罗湖区 Shenzhen City 深圳市 Guangdong Province 广东省, 518020, Shenzhen City 深圳市",22.5666420,114.1042829,maimai_dx;other;taiko,,,ziv
极客森超乐场 GEEK WORLD (龙岗万达),"B1 Floor, Wanda Plaza, No. 1 South China 2nd Road, Hehua Communi Longgang District 龙岗区 Shenzhen City 深圳市 Guangdong Province 广东省, 518111, Shenzhen City 深圳市",22.6754809,114.1260839,maimai_dx;other;taiko,,,ziv
极客森超乐场厦门湖里店,厦门市湖里区建发湾悦城1楼016,24.4816030,118.0895430,maimai_dx,,,wahlap
极客森超乐场深圳万科里店,龙岗大道3999号龙岗区政府正对面万科里负一楼极客森,22.5472090,114.0489980,maimai_dx;other,,maimai_dx:1,bemanicn
极客森超乐场深圳卓悦中心店,福田街道岗厦社区深南大道2005号One Avenue·卓越中心北区B1层,22.5457810,114.0488430,maimai_dx,,maimai_dx:2,bemanicn
极客森超乐场深圳宝能环球汇店,宝安北路3008号E、F栋,22.5431460,114.0488180,maimai_dx;other,,maimai_dx:1,bemanicn
极客森超乐场深圳龙华星河iCO店,龙华街道东环二路8号星河iCO 3楼,22.5489260,114.0526610,maimai_dx,,maimai_dx:1,bemanicn
极客森超乐场游戏体验中心,龙岗大道东部星悦天地3层,22.5462330,114.0482380,maimai_dx,,maimai_dx:1,bemanicn
极客森超乐场西丽宝能环球汇店,西丽留仙大道塘朗地铁站D出口宝能城三楼,22.5419180,114.0549440,chunithm;maimai_dx;other,,chunithm:2;maimai_dx:2,bemanicn
极客森超乐场（厦门湖里建发湾悦城店）,建发湾悦城1楼016,24.4792420,118.0859740,maimai_dx;other,,maimai_dx:1,bemanicn
极客森超乐场（天府招商花园城店）,正兴街道福州路西段688号L3018L3-019商铺,30.5744330,104.0599760,maimai_dx,,maimai_dx:1,bemanicn
极客森超乐场（杭州永旺梦乐城店）,义蓬街道青六中路667号永旺梦乐城（杭州钱塘店）3F,30.2494100,120.2024010,maimai_dx,,maimai_dx:1,bemanicn
极客森超乐场（西宁吾悦广场店）,八一路68-22吾悦广场412号铺极客森超乐场,36.6719550,101.7559350,taiko,,taiko:1,bemanicn
极客森邯郸万象汇店,河北省邯郸市丛台区兼庄乡廉颇北大街277号邯郸万象汇二楼L232极客森,36.6265970,114.5359590,maimai_dx;taiko,,maimai_dx:2;taiko:1,wahlap;bemanicn
极客森银川市金凤区阅彩城店,宁夏银川市金凤区阅彩城4楼极客森,38.4907640,106.2296840,maimai_dx,,,wahlap
极客森银川悠阅城店,建发悠阅城3楼,38.4884960,106.2303790,maimai_dx,,maimai_dx:2,bemanicn
极客玩家佛山悦汇广场店,广东省佛山市南海区南海大道北81号悦汇广场A座3楼,23.0255330,113.1177160,chunithm;maimai_dx;taiko,,chunithm:2;maimai_dx:1;taiko:1,wahlap;bemanicn
极客玩家广州萝岗店,广州市黄埔区萝岗奥园广场2层L213铺极客玩家,23.1281120,113.2596910,maimai_dx;taiko,,maimai_dx:1;taiko:1,wahlap;bemanicn
极核电玩城清远清城中环店,广东省清远市清城区凤凰春天花园旁商业中环广场西区3楼极刻电玩城（赵一鸣对上3楼,23.6882940,113.0490270,maimai_dx,,,wahlap
极趣狂潮,福安市-富春大道17号福安东百广场F1,26.6673980,119.5383740,maimai_dx,,maimai_dx:1,bemanicn
极速·火力全开电玩城 Speed & Full Firepower Arcade,"F1, Wumei Supermarket, Yanggong Road Xiqing District Tianjin Tianjin, 300130, Tianjin",39.1250998,117.0834011,other,,,ziv
极速动漫公主岭华生店,吉林省公主岭市华生购物中心4楼,43.8116250,125.3132950,jubeat;maimai_dx;taiko,,jubeat:1;maimai_dx:1;taiko:1,wahlap;bemanicn
极速地带 Speed Zone,"L3, L.gem Zoll Shopping “绿景佐林宏湾” , No. 6098 Beihuan Avenue, Futian District 福田区 Shenzhen City 深圳市 Guangdong Province 广东省, 518049, Shenzhen City 深圳市",22.5636152,114.0345401,maimai_dx;other,,,ziv
极速地带福田绿景店,广东省深圳市福田区绿景佐阾虹湾购物中心三层L3017B,22.5431200,114.0522360,maimai_dx,,,wahlap
极速地带（绿景佐阾虹湾购物中心店）,福田区梅林街道北环大道6098号绿景佐阾虹湾购物中心3层3017B,22.5508030,114.0532500,maimai_dx;other,,maimai_dx:1,bemanicn
极速时代 Speed Era (丰西吾悦),"3rd Floor, WUYUE Plaza, Tongyi West Road, (丰西新城统一西路吾悦广场3楼) Xianyang 咸阳市 Shannxi 陕西省, 712000, Xianyang 咸阳市",34.3034305,108.7248659,other,,,ziv
极速时代上海江桥万达店,上海市嘉定区金沙江西路江桥万达广场2楼极速时代,31.3812220,121.2582720,chunithm;maimai_dx;other,,chunithm:2;maimai_dx:2,wahlap;bemanicn
极速时代南通如皋万达店,江苏省南通市如皋万达二楼极速时代,31.9818670,120.8852620,maimai_dx,,maimai_dx:1,wahlap;bemanicn
极速时代淮安新亚广场店,江苏省淮安市清江浦区淮海街道新亚广场7楼极速时代动漫城,33.5555370,119.1021320,maimai_dx,,maimai_dx:2,wahlap;bemanicn
极速时代淮安楚州万达广场二楼店,江苏省淮安市淮安区翔宇大道与楚州大道交叉口淮安区万达广场2楼极速时代,33.5512520,119.1105440,maimai_dx;other,,maimai_dx:2,wahlap;bemanicn
极速时代淮安盱眙中央商场店,江苏省淮安市盱眙县金源北路20号中央商城3楼极速时代,33.5563730,119.1102650,maimai_dx,,,wahlap
极速时代淮安金湖店,江苏省淮安市金湖县健康路38号时代超市一楼极速时代,33.5489390,119.1047110,maimai_dx,,maimai_dx:1,wahlap;bemanicn
极速时代盱眙店,金源北路20号中央商场F3层,33.5566170,119.1070100,maimai_dx;other,,maimai_dx:1,bemanicn
极速玩家,经开万达广场三楼,31.8714780,106.7408560,other,,,bemanicn
极速玩家长春绿园吾悦二期店,长春市绿园区吾悦广场项目二期,43.8127850,125.3190310,jubeat;maimai_dx,,jubeat:1;maimai_dx:1,wahlap;bemanicn
极速玩家（金楠天街店）,晋阳路363号7栋4楼1号A馆一4F-09B,30.5780890,104.0596020,other,,,bemanicn
极速空间南昌中悦广场店,江西省南昌市南昌县中悦广场极速空间C区二楼,28.6900400,115.8528690,maimai_dx,,,wahlap
极速空间潮玩游乐中心,金沙大道象湖中悦广场C座2楼,28.6827920,115.8550280,maimai_dx;taiko,,maimai_dx:1;taiko:1,bemanicn
极速翼丹东振兴万达店,辽宁省丹东市振兴区锦山大街万达广场大玩家超乐场,39.9959190,124.3442360,maimai_dx,,,wahlap
极速翼大连甘井子万达广场店,辽宁省大连市甘井子区周水子万达广场极速翼,38.9150050,121.6109220,maimai_dx;taiko,,maimai_dx:2;taiko:1,wahlap;bemanicn
极速翼庄河万达店,辽宁省庄河市延安路万达广场一楼极速翼,38.9079700,121.6089710,maimai_dx;other,,maimai_dx:1,wahlap;bemanicn
极速翼电玩娱乐中心,石油大街109号鹏欣·水游城负一楼东（旺和超市旁）,40.7142340,122.1635600,maimai_dx;taiko,,maimai_dx:1;taiko:1,bemanicn
极速翼电玩娱乐中心（锦绣前程店）,锦绣前程3楼,41.0913850,121.1183450,maimai_dx;other;taiko,,maimai_dx:2;taiko:1,bemanicn
极速翼电玩盘锦兴隆台店,辽宁省盘锦市兴隆台区鹏欣水游城负一楼旺和超市旁边极速翼电玩娱乐中心,40.7195590,122.1705680,maimai_dx,,,wahlap
极速翼（丹东万达店）,锦山大街298号丹东万达广场二楼,39.9942020,124.3479160,maimai_dx;taiko,,maimai_dx:1;taiko:1,bemanicn
极限主场中山市大信店,广东省中山市莲塘北路大信新都汇一期三楼极限主场,22.5218740,113.3820420,maimai_dx,,,wahlap
极限主场天奕店,东区中山六路1号天奕星河COCOCity3楼310卡,22.5227610,113.3860810,other,,,bemanicn
极限主场惠州惠城新天地店,广东省惠州市惠城区港惠新天地负一楼极限主场,23.1177090,114.4137620,chunithm;maimai_dx,,,wahlap
极限主场清远店,先锋中路城市广场三楼,23.6852300,113.0460010,maimai_dx;other,,maimai_dx:1,bemanicn
极限主场（兴一广场店）,人民大道兴一广场三楼L3013/L3014号铺（左侧）,24.2871140,116.1156170,drs;other,,drs:1,bemanicn
极限主场（天一城店）,樟木头镇西城路11号天一城3楼,23.0213470,113.7476350,other;taiko,,taiko:2,bemanicn
极限主场（流沙万泰汇店）,流沙北衔道御景社区广场西路（普宁广场西侧）万泰汇购物中心负一层,23.5574290,116.3680410,maimai_dx;other;taiko,,maimai_dx:1;taiko:1,bemanicn
极限主场（湛江华都汇店）,绿华路48号华都汇2楼,21.2732040,110.3550930,taiko,,taiko:1,bemanicn
极限主场（石岐大信店）,石岐街道大信南路2号大信新都汇1期3楼,22.5225000,113.3897140,maimai_dx;other,,maimai_dx:1,bemanicn
极限动漫延吉百利城店,吉林省延吉市百利城九楼极限动漫,43.8389130,126.5487160,maimai_dx,,,wahlap
极限动漫（百利城店）,延吉市光明街688号9楼,42.9018650,129.4658220,maimai_dx,,maimai_dx:1,bemanicn
极限派对家庭娱乐中心(金沙时代广场),恩平市新平中路18号金沙时代广场三楼C16至C18号铺,22.5797310,113.0808560,maimai_dx,,maimai_dx:1,bemanicn
极限派对江门恩平金沙时代广场店,广东省江门市恩平市恩平恩新平中路18号金沙时代广场三楼极限派对,22.5815820,113.0727210,maimai_dx,,,wahlap
构想星球,重庆市綦江区滨河大道万达广场三楼3070-3073构想星球,29.0296110,106.6492810,maimai_dx,,maimai_dx:1,bemanicn
构想星球揭阳榕城万达店,广东省揭阳市榕城区万达广场三楼构想星球,23.5568660,116.3684800,maimai_dx,,,wahlap
构想星球綦江万达店,重庆市綦江区滨河大道万达广场三楼3070-3073构想星球,29.0332200,106.6466150,maimai_dx,,,wahlap
枣庄滕州万达威龙传奇,万达三楼,34.8131840,117.3160920,maimai_dx,,maimai_dx:1,bemanicn
枣阳汇聚广场润宝梦,枣阳汇聚广场,32.0134650,112.1127140,maimai_dx,,maimai_dx:1,bemanicn
柒彩大玩家(中安广场店),香洲区港昌路258号中安广场201铺17-18号铺,22.2749130,113.5745950,maimai_dx,,maimai_dx:2,bemanicn
柒彩大玩家上犹鹏泰百货店,东山镇鹏泰百货3楼,25.8345440,114.9228330,maimai_dx,,maimai_dx:1,bemanicn
柒彩大玩家上饶余干店,江西省上饶市余干县城市社区管委会德胜大街鹏颂百货超市一楼012铺位,28.4561780,117.9412780,maimai_dx,,,wahlap
柒彩大玩家吉安吉州店,江西省吉安市吉州区习溪桥街道柒彩大玩家三楼(莱斯百货店),27.0943900,114.9650920,chunithm;maimai_dx;taiko,,chunithm:2;maimai_dx:2;taiko:1,wahlap;bemanicn
柒彩大玩家吉安店,江西省吉安市吉州区广场北路莱斯百货3-253号,27.0969770,114.9589230,chunithm,,,wahlap
柒彩大玩家宜春高安店,江西省宜春市高安市高安大道456号鹏泰百货三楼柒彩大玩家前台,27.8217490,114.4131970,maimai_dx,,,wahlap
柒彩大玩家珠海三灶店,广东省珠海市三灶镇鹏泰百货三楼柒彩大玩家,22.2767830,113.5705510,maimai_dx;taiko,,maimai_dx:2;taiko:1,wahlap;bemanicn
柒彩大玩家珠海金湾南水店,广东省珠海市金湾区南水镇泰百货三楼柒彩大玩家,22.2742600,113.5696620,maimai_dx,,,wahlap
柒彩大玩家珠海香洲中安广场店,广东省珠海市香洲区港一路中安广场二楼柒彩大玩家,22.2771620,113.5742790,maimai_dx,,,wahlap
柒彩大玩家瑞金鹏泰店,江西省赣州市瑞金市红都大道红都广场鹏泰百货柒彩大玩家,25.8330330,114.9252220,maimai_dx,,,wahlap
柒彩大玩家赣州上犹店,江西省赣州市上犹县东山镇建设一路正和广场0A0005号柒彩大玩家,25.8382630,114.9312040,maimai_dx,,maimai_dx:1,wahlap;bemanicn
柒彩大玩家赣州宁都鹏泰店,江西省赣州市宁都县梅江镇龙溪湾鹏泰百货二楼七彩大玩家,25.8364020,114.9273420,maimai_dx,,maimai_dx:1,wahlap;bemanicn
柒彩大玩家黄梅鹏泰百货店,湖北省黄冈市黄梅县正街鑫城鹏泰百货柒彩大玩家,30.4582370,114.8729480,maimai_dx,,,wahlap
柒彩大玩家（南水店）,南水市场3楼001号商铺,22.2786760,113.5708000,maimai_dx,,maimai_dx:1,bemanicn
柒彩大玩家（鹏泰百货店）,江西省宜春市高安市锦惠中路高安市鹏泰百货(高安店),27.8205660,114.4166680,maimai_dx,,maimai_dx:1,bemanicn
柠萌果动漫临沂临沭万达店,山东省临沂市临沭县万达广场3楼柠萌果动漫,35.0991160,118.3508970,maimai_dx,,,wahlap
柠萌漫果(临沭万达广场店),临沭县中山北路与正大街交汇处万达广场F3,35.1037120,118.3478670,maimai_dx,,maimai_dx:1,bemanicn
柿柿潮玩,龙园东路客都汇负一层,22.9207390,112.0396640,chunithm;taiko,,chunithm:1;taiko:1,bemanicn
柿柿潮玩云浮罗定客都汇店,云浮市罗定市龙园路客都汇负一楼柿柿潮玩,22.9155740,112.0390190,chunithm,,,wahlap
栋能魔王健身公园,滨河路京宛大道（北环路）交叉口东南140米,33.0181140,112.5818470,other,,,bemanicn
栋能魔王嗨FUN空间,九都路南关公园270号,34.6246860,112.4433780,other,,,bemanicn
树屋音游无锡梁溪店,江苏省无锡市梁溪区人民中路100号锡上MONO三楼树屋音游,31.4893950,120.3044910,chunithm;maimai_dx,,,wahlap
栖弦屋（弦窝）迎泽店,山西省太原市迎泽区迎泽南街迎泽区双塔鼎元时代中心(迎泽南街南)A座17层1705,37.8690070,112.5369660,chunithm;maimai_dx;ongeki,,chunithm:1;maimai_dx:3;ongeki:1,bemanicn
栗子星球,北国奥特莱斯,38.0427330,114.5035390,maimai_dx,,maimai_dx:1,bemanicn
栗子星球石家庄鹿泉北国奥特莱斯店,石家庄市鹿泉区北国奥特莱斯栗子星球,38.0418280,114.5057870,maimai_dx,,,wahlap
栢蕙遊戲廣場,澳門荷蘭園大馬路122號地下,22.1877230,113.5344180,jubeat;other,,jubeat:2,bemanicn
核客电玩城(东门店),"L1, Department Store Plaza Building, No.3020 Shennan East Road Luohu 罗湖区 Shenzhen 深圳市 Guangdong 广东省, 518001, Shenzhen 深圳市",22.5462808,114.1130620,drs;maimai_dx;other;sdvx;taiko,,drs:1;maimai_dx:3;sdvx:2;taiko:2,ziv
核客电玩城深圳罗湖店,广东省深圳市罗湖区深南东路3020号百货广场大厦西座一楼,22.5418640,114.0497740,chunithm;maimai_dx;taiko,,chunithm:2;maimai_dx:2;taiko:2,wahlap;bemanicn
核金弹头（吾悦广场店）,迎宾大道与五维路交汇处南侧,32.8936810,115.8115710,taiko,,taiko:1,bemanicn
桂满园上海崇明万达店,上海市崇明区城桥镇崇明大道8388号二层2007、2008A、2008B、2009、2010,31.6275291,121.4128538,maimai_dx;other,,maimai_dx:1,wahlap;bemanicn;ziv
桂满园苏州常熟店,江苏省苏州市常熟市万达广场2楼桂满园,31.3010100,120.5844120,maimai_dx,,maimai_dx:1,wahlap;bemanicn
桔钓沙莱华度假酒店 (Lavenna Resort Judiaosha Shenzhen),"B1, Lavenna Resort Hotel, No. 28 Xindong Road, Nan’ao Subdistric Longgang District 龙岗区 Shenzhen City 深圳市 Guangdong Province 广东省, 518121, Shenzhen City 深圳市",22.5598454,114.5477385,drs;other;sdvx,,,ziv
梁溪万达盖世玩家,梁溪区广南路338号梁溪万达2F,31.4973600,120.3086160,maimai_dx,,maimai_dx:1,bemanicn
梓木超级英雄呼和浩特回民店,内蒙古自治区呼和浩特市回民区振华广场西120米梓木超级英雄电玩城,40.8438620,111.7457350,maimai_dx,,,wahlap
梓木超级英雄电玩城,振华广场西侧露天停车场,40.8404540,111.7386160,maimai_dx,,maimai_dx:2,bemanicn
梓木超级英雄电玩城 Zimu Super Hero Arcade,"West side of Zhenhua Plaza Parking lot Huimin District Hohhot Inner Mongolia, 010020, Hohhot",40.8161802,111.6596532,maimai_dx;other,,maimai_dx:2,ziv
梦の超玩场,百官街道市民大道621号时代潮城2楼,30.0521950,120.5766950,chunithm;maimai_dx,,chunithm:2;maimai_dx:1,bemanicn
梦之超玩绍兴上虞店,浙江省绍兴市上虞区市民大道621号时代潮城二楼梦之超玩场,30.0522130,120.5772860,chunithm;maimai_dx,,,wahlap
梦享玩动漫城宁德天茂店,福建省宁德市蕉城区东侨经济技术开发区万安东路8号天茂城市广场2层,26.6656480,119.5424080,maimai_dx,,maimai_dx:1,wahlap;bemanicn
梦哆哆星球世纪金源购物中心店,潘墩路188号世纪金源购物中心2楼,26.0762790,119.2954230,maimai_dx,,maimai_dx:1,bemanicn
梦哆哆星球福州仓山世纪金源店,福建省福州市仓山区潘墩路188号世纪金源购物中心二楼梦哆哆星球,26.0789960,119.2948640,maimai_dx,,,wahlap
梦境奇纪广元利州金橄榄店,四川省广元市利州区东坝街道苴国路576号金橄榄广场二期三楼梦境奇纪,32.4366160,105.8367110,maimai_dx,,maimai_dx:1,wahlap;bemanicn
梦多拉湛江兴华广场店,赤坎区海北路兴华购物广场,21.2706690,110.3581180,maimai_dx,,maimai_dx:1,bemanicn
梦多拉湛江赤坎兴华广场店,湛江市赤坎区海北路11-31号兴华广场三层,21.2756300,110.3484900,maimai_dx,,,wahlap
梦幻之城DREAM CITY体验馆,中兴大道中1号华丰汇购物中心三层L3014-3016,22.5225040,113.3864140,maimai_dx;other,,maimai_dx:1,bemanicn
梦幻之城中山店,广东省中山市中山古镇华丰汇三楼梦幻之城,22.5158690,113.3860560,maimai_dx,,,wahlap
梦幻之城南昌青云谱店,江西省南昌市青云谱区井冈山大道300号朗贤广场二楼梦幻之城,28.6841650,115.8535770,maimai_dx,,,wahlap
梦幻之城海口日月广场店,海南省海口市日月广场东4白羊座2楼,20.0172261,110.3460879,maimai_dx,,,wahlap;ziv
梦幻之城深圳宝安店,广东省深圳市宝安区松岗街道东方大道36号东方新天地二层梦幻之城,22.5444220,114.0582320,maimai_dx,,,wahlap
梦幻之城超乐场（海口日月广场店）,国兴大道8号日月广场白羊座二楼,20.0497910,110.1987150,maimai_dx,,maimai_dx:1,bemanicn
梦幻乐园广州天河店,广东省广州市天河区天河大道北980号兴达金茂广场三层梦幻乐园,23.1349940,113.2560680,maimai_dx,,,wahlap
梦幻乐园金茂广场店,广州大道北980号金茂广场3层301-319,23.1336200,113.2566910,maimai_dx;taiko,,maimai_dx:1;taiko:1,bemanicn
梦幻乐园（新天地店）,桃北东路4号,37.8573450,113.5795020,other;taiko,,taiko:1,bemanicn
梦幻嘻游潮玩动漫乐园,八一路与东门路交汇处居然之家3楼3-018,30.4556410,114.8727540,maimai_dx,,maimai_dx:1,bemanicn
梦幻嘻游黄冈黄州店,湖北省黄冈市黄州区赤壁街道居然之家三楼梦幻嘻游潮玩娱乐,30.4605110,114.8679890,maimai_dx,,,wahlap
梦幻地带游乐园 Fantasy Zone (沙井京基百纳),"Kingkey Banner Center, Chuangxin Road 3th floor Shenzhen Guangdong, 511700, Shenzhen",22.7311050,113.8008285,other,,,ziv
梦幻城堡乐园,江西省宜春市奉新县冯川镇奉新中大道210号附近洗沙路27号201室家润福购物广场(奉新店),27.8236080,114.4118340,maimai_dx,,maimai_dx:1,bemanicn
梦幻城游乐场（逸彩城店）,辽宁省大连市沙河口区马栏街道黄河路1105号逸彩城3层3FA002-1号梦幻城家庭娱乐中心(逸彩城店),38.9175280,121.6094550,other,,,bemanicn
梦幻猩球,茂悦东荟城（东汇城）三楼,21.6664450,110.9180740,maimai_dx,,maimai_dx:1,bemanicn
梦幻猩球揭阳揭东博和城店,广东省揭阳市揭东区磐东街道乔南博和城一楼梦幻猩球动漫城,23.5525110,116.3729200,maimai_dx,,,wahlap
梦幻猩球茂名茂南店,广东省茂名市茂南区羊角镇油城十路1号大院3楼2号房01.02室梦幻猩球,21.6653700,110.9173680,maimai_dx,,,wahlap
梦幻猩球（乔南博和城店）,乔南博和城一楼（阳美路35号）,23.5521690,116.3659990,maimai_dx,,maimai_dx:1,bemanicn
梦幻空间广州花都店,广东省广州市花都区花港大道30号之二十五梦幻空间,23.1296300,113.2552510,maimai_dx,,maimai_dx:1,wahlap;bemanicn
梦幻谷东方广场店,锦华路81号东方广场翡翠城-1层,23.0285410,113.1146870,maimai_dx;other,,maimai_dx:1,bemanicn
梦幻谷游艺佛山禅城东方店,广东省佛山市禅城区东方广场翡翠城负一楼梦幻谷,23.0252720,113.1184480,maimai_dx,,,wahlap
梦幻谷游艺城,"汾宁路东方广场翡翠城南侧 佛山市(FoShan) 广东省 (Guangdong Province), 528000, 佛山市(FoShan)",23.0369874,113.1197881,iidx;jubeat;maimai_dx;other;reflec,,iidx:1;jubeat:2;maimai_dx:1;reflec:1,ziv
梦幻雨林,碧江区三江悦萃城2楼,27.7389830,109.1818190,maimai_dx;other,,maimai_dx:1,bemanicn
梦幻雨林江门恩平金沙店,江门市恩平市新平中路18号金沙时代广场四楼D-07号商铺梦幻雨林主题乐园,22.5796720,113.0709430,maimai_dx,,,wahlap
梦幻雨林铜仁大十字店,贵州省铜仁市大十字西门悦萃城二楼梦幻雨林娱乐中心,27.7326230,109.1865780,maimai_dx,,,wahlap
梦想之城动漫游戏体验中心,上亿快乐小镇3楼梦想之城电玩城,33.6346320,114.6979100,maimai_dx,,maimai_dx:1,bemanicn
梦想之城周口沈丘店,河南省周口市沈丘县快乐小镇三楼梦想之城家庭游乐中心,33.6331760,114.6915600,maimai_dx,,,wahlap
梦想之城家庭游乐中心鹿邑店,河南省周口市鹿邑县信十里商场3楼,33.6322960,114.6918170,maimai_dx,,maimai_dx:1,wahlap;bemanicn
梦想之城郑州信万广场店,国基路丰庆路交叉口西南角信万广场五楼,34.7506720,113.6188330,maimai_dx,,maimai_dx:1,bemanicn
梦想之城郑州金水店,郑州市金水区国基路信万广场5楼梦想之城家庭亲子游乐中心,34.7447050,113.6205490,maimai_dx,,,wahlap
梦想街区大连周水子万达店,辽宁省大连市甘井子区虹韵路6号甘井子万达广场2F梦想街区(甘井子万达广场店),38.9153000,121.6153950,maimai_dx;other;taiko,,maimai_dx:1;taiko:1,bemanicn
梦想街区大连甘井子万达广场店,辽宁省大连市甘井子区万达广场2F,38.9145700,121.6142100,maimai_dx,,,wahlap
梦想街区大连金州佰都荟购物广场店,辽宁省大连市金州区胜利路佰都荟购物广场2楼,38.9119950,121.6066220,maimai_dx,,,wahlap
梦想街区（大连金州栢都荟店）,大连市金州区胜利路184号栢都荟2楼梦想街区,38.9119320,121.6120570,maimai_dx;other,,maimai_dx:1,bemanicn
梦想赛道北海银海万达店,广西省北海市银海区万达广场三楼3007,21.4853540,109.1123470,chunithm;maimai_dx,,chunithm:2;maimai_dx:1,wahlap;bemanicn
梦时代电玩城凯里国贸店,贵州省凯里市清江岗亭国贸购物中心广场三楼梦时代电玩城,26.5880340,107.9765190,chunithm;maimai_dx;taiko,,chunithm:2;maimai_dx:1;taiko:1,wahlap;bemanicn
梦时代电玩城安顺国贸店,贵州省安顺市西秀区国贸购物中心负一层梦时代电玩城,26.2587790,105.9439140,maimai_dx,,maimai_dx:1,wahlap;bemanicn
梦时代电玩城贵阳CCpark店,贵州省贵阳市观山湖CCpark B馆,26.6516280,106.6228570,maimai_dx;other;taiko,,maimai_dx:1;taiko:1,wahlap;bemanicn
梦时代电玩城贵阳新印1950店,贵州省贵阳市云岩区国贸新印19503A层,26.6486020,106.6290400,chunithm;maimai_dx;other;taiko,,maimai_dx:1;taiko:1,wahlap;bemanicn
梦时代电玩城贵阳玖福城店,贵州省贵阳市观山湖区观山西路3号玖福城购物中心4楼,26.6539520,106.6273100,maimai_dx;other;taiko,,maimai_dx:1;taiko:1,wahlap;bemanicn
梦时代电玩城贵阳逸天城店,贵州省贵阳市南明区市南路42号国贸逸天城4楼梦时代电玩城,26.6488020,106.6225640,chunithm;maimai_dx;taiko,,chunithm:2;maimai_dx:1;taiko:1,wahlap;bemanicn
梦时代电玩城遵义国贸店,贵州省遵义市汇川区珠海路国贸购物中心负一楼梦时代,27.7269720,107.0255900,maimai_dx;other;taiko,,maimai_dx:1;taiko:1,wahlap;bemanicn
梦次元潮玩空间站,广东省珠海市斗门区知行路118号珠海斗门世荣万达广场2F层梦次元潮玩空间站(斗门世荣万达店),22.2694890,113.5713150,chunithm;maimai_dx;other,,chunithm:2;maimai_dx:1,bemanicn
梦次元潮玩空间站顺德容桂店,广东省佛山市顺德区容桂街道天佑城3楼梦次元潮玩空间站,23.0282760,113.1170540,maimai_dx;other,,maimai_dx:1,wahlap;bemanicn
梦次元珠海斗门万达店,广东省珠海市斗门区万达广场二楼梦次元潮玩站,22.2717490,113.5730210,maimai_dx,,,wahlap
梦游仙境游乐园(岗顶店),"天河区天河路岗顶百脑汇4楼 Guangzhou Shi Guangdong Sheng, 510640, Guangzhou Shi",23.1341642,113.3394428,gitadora;maimai_dx;other;taiko,,gitadora:2;maimai_dx:1;taiko:2,ziv
梦空间,河南省三门峡市湖滨区和平路梦之城五楼梦幻传奇家庭娱乐中心,34.7705130,111.1991790,maimai_dx,,maimai_dx:1,bemanicn
梦空间三门峡湖滨梦之城店,河南省三门峡市湖滨区梦之城购物中心五楼506,34.7715820,111.1922960,maimai_dx,,,wahlap
棒多多(浏阳北正西店),浏阳九方北正西店,28.2334600,112.9369180,maimai_dx,,maimai_dx:1,bemanicn
棒多多家庭娱乐中心长沙浏阳店,湖南省长沙市浏阳市淮川街道北正西购物中心三楼棒多多家庭娱乐中心浏阳店,28.2289890,112.9378780,maimai_dx,,,wahlap
棕泉水疗酒店·保健足浴(夏湾店),拱北街道侨光路220-222号棕泉酒店2楼休息区,22.2700970,113.5728430,maimai_dx;other;taiko,,maimai_dx:1;taiko:1,bemanicn
棕泉酒店珠海香洲店,广东省珠海市香洲区拱北街道侨光路222号,22.2716080,113.5701980,maimai_dx,,,wahlap
森林队长潮玩体验中心,雁塔区红星美凯龙生活馆二楼,34.3451560,108.9302370,other,,,bemanicn
森迪王国惠东天虹分店 X 潮乐汇潮玩运动馆,华侨城大道15号惠东天虹购物中心华侨城店F3,23.1136100,114.4152730,maimai_dx;other,,maimai_dx:1,bemanicn
椰城小鹿海口秀英万达店,海南省海口市秀英区万达广场3楼椰城小鹿,20.0523590,110.1955910,maimai_dx,,maimai_dx:1,wahlap;bemanicn
榆树市艺珑传奇动漫城,长春市榆树市城郊街道榆树大街173号(华昌区0102-1/7-8)长白山商城,43.8191130,125.3176530,maimai_dx,,maimai_dx:1,bemanicn
榜上英雄石家庄裕华店,河北省石家庄市裕华区裕华万达火车头步行街榜上英雄,38.0443270,114.5146070,maimai_dx;taiko,,maimai_dx:2;taiko:1,wahlap;bemanicn
榜上英雄（定州万达店）,迎宾大道定州万达广场F3,38.8706050,115.4534700,maimai_dx;other;taiko,,maimai_dx:1;taiko:1,bemanicn
次元奥义(大汉悦中心店),湘府中路48号大汉悦中心1栋1层1002号,28.2284650,112.9305910,maimai_dx,,maimai_dx:1,bemanicn
次元奥义株洲天元奥特莱斯店,湖南株洲天元区天台路80号润鲨奥特莱斯负一楼次元奥义,27.8326030,113.1236230,maimai_dx,,,wahlap
次元奥义长沙雨花店,湖南省长沙市雨花区洞井街道湘府中路48号高升大汉悦中心1栋1层1002号次元奥义电玩潮玩,28.2366900,112.9319710,maimai_dx,,,wahlap
次元风暴湖州吴兴万达店,浙江省湖州市吴兴区万达广场三楼次元风暴电玩城,30.8935920,120.0796880,maimai_dx,,maimai_dx:1,wahlap;bemanicn
次元骇客,商务区步行街银丰国际楼上,30.5347160,105.5922340,maimai_dx,,maimai_dx:1,bemanicn
次元骇客遂宁银丰国际商业中心店,遂宁市银丰国际商业中心5楼次元骇客,30.5400190,105.5915010,maimai_dx,,,wahlap
欢乐三客游电玩城,田阳区田阳县环保局旁中讯世纪城,23.9063930,106.6094600,taiko,,taiko:2,bemanicn
欢乐世界娄底娄星吾悦广场店,湖南省娄底市娄星区吾悦广场四楼嗨倍堂欢乐世界,27.7057870,111.9921450,maimai_dx,,,wahlap
欢乐世界黄冈大中华店,湖北省黄冈市蕲春县大中华购物广场4层大中华欢乐世界,30.4616040,114.8668470,maimai_dx;other,,maimai_dx:1,wahlap;bemanicn
欢乐代码家庭娱乐中心（富尔沃财富街店）,龙湾大街45号富尔沃财富街三楼,40.7070310,120.8350660,maimai_dx,,maimai_dx:1,bemanicn
欢乐代码葫芦岛龙港财富街店,辽宁省葫芦岛市龙港区龙湾大街45号富尔沃财富街3F欢乐代码,40.7064860,120.8370710,maimai_dx,,,wahlap
欢乐哆梦幻王国（远东店）,灵峰南路18号(远东江滨华府一期首层),24.4061310,111.5674260,maimai_dx,,maimai_dx:1,bemanicn
欢乐哆梦幻王国（麒麟店）,城东新区F地块99号 麒麟广场2f,24.4063210,111.5568790,maimai_dx;taiko,,maimai_dx:1;taiko:1,bemanicn
欢乐哆贺州八步财富中心店,广西壮族自治区贺州市八步区城东街道远东财富中心欢乐哆游乐场,24.4103430,111.5610600,maimai_dx,,,wahlap
欢乐哆贺州八步麒麟广场店,广西壮族自治区贺州市八步区城东麒麟广场二楼欢乐哆,24.4089440,111.5632420,maimai_dx,,,wahlap
欢乐嘉年华动漫城,金源购物广场2楼,45.1412770,124.8211900,maimai_dx,,maimai_dx:1,bemanicn
欢乐嘉年华（百联店）,"沈阳(Shenyang) 辽宁省（Liaoning Province）, 沈阳(Shenyang)",41.7923420,123.4333810,jubeat;other;taiko,,jubeat:1;taiko:2,ziv
欢乐嘉时光绵阳茂业店,四川省绵阳市涪城区茂业百货三楼欢乐嘉时光电玩城,31.4673690,104.6750740,maimai_dx;other,,maimai_dx:2,wahlap;bemanicn
欢乐城市嘉年华沈阳沈河店,辽宁省沈阳市沈河区中街路268号益田假日世界一楼欢乐城市嘉年华,41.6772820,123.4615630,chunithm;maimai_dx;taiko,,chunithm:2;maimai_dx:2;taiko:2,wahlap;bemanicn
欢乐天地北京新世界店,北京市东城区崇文门外大街5号新世界商场地下一层,39.9281390,116.4044140,chunithm,,,wahlap
欢乐太空城,苏宁易购广场四楼,33.5537450,119.1117060,other;taiko,,taiko:1,bemanicn
欢乐奥秘眉山东坡店,四川省眉山市东坡区苏祠街道永寿街宏远盖丽广场欢乐奥秘,30.0757270,103.8457240,maimai_dx,,maimai_dx:1,wahlap;bemanicn
欢乐季动漫城毕节织金店,贵州省毕节市织金县文腾街道新华南路31号一楼欢乐季动漫城,27.2823260,105.2880170,maimai_dx,,maimai_dx:1,wahlap;bemanicn
欢乐小镇儿童乐园(爱尚街店),上海市场地下步行街爱尚街地下商业街B区11-15号ab,34.6216780,112.4497140,other,,,bemanicn
欢乐岛广州从化从城大道店,广东省广州市从化区江埔街从城大道113号304铺,23.1350030,113.2576680,maimai_dx,,,wahlap
欢乐岛成人电玩儿童游乐,东山县西埔镇立信路1-1号201室(东市场2楼),24.5154850,117.6470640,maimai_dx,,maimai_dx:1,bemanicn
欢乐岛游乐城,江埔从城大道113号欣荣广场A区A栋3层,23.1301330,113.2626150,maimai_dx,,maimai_dx:1,bemanicn
欢乐工坊电玩城,贵州省贵阳市花溪区清溪路111号万宜广场负一楼,26.6497590,106.6285630,maimai_dx,,,wahlap
欢乐总动园电玩城,上海市场爱尚街义乌小商品市场门口,34.6198780,112.4539830,other,,,bemanicn
欢乐战纪成都印象城店,成都市成华区建设北二段133号印象城1栋2楼5号欢乐战记电玩城,30.5733900,104.0650440,maimai_dx,,,wahlap
欢乐战纪（成都成华印象城店）,成都印象城2F,30.5783830,104.0588930,maimai_dx;taiko,,maimai_dx:1;taiko:1,bemanicn
欢乐拾光家庭娱乐中心（乐昌店）,乐昌市新村横街与盐围街交叉口南60米,24.8181890,113.5888270,maimai_dx,,maimai_dx:1,bemanicn
欢乐拾光韶关乐昌店,广东省韶关乐昌市乐城街道盐围街9号悦购时代广场欢乐拾光,24.8102640,113.5899580,maimai_dx,,,wahlap
欢乐故事(大悦城店),好悦天地B1楼,24.8848970,102.8291050,drs;other,,drs:1,bemanicn
欢乐故事（昆明新西南店）,人民中路17号新西南广场B区负一楼,24.8860770,102.8276600,drs;other,,drs:1,bemanicn
欢乐时光超乐场,鱼水路创基尚城3楼西南侧,22.8273300,100.9691740,other,,,bemanicn
欢乐星球,湖南省衡阳市衡东县衡岳北路99号（锦泰购物广场2楼）,26.9004200,112.5624650,maimai_dx,,maimai_dx:1,bemanicn
欢乐有约延安万达店,延安市宝塔区中心街万达广场三楼,36.6502170,109.4916850,maimai_dx,,,wahlap
欢乐梦工场长治潞州店,山西省长治市潞州区东大街90号欢乐梦工场,36.1958780,113.1129550,chunithm;maimai_dx,,,wahlap
欢乐海洋,"北京市东城区东直门外大街46号(天恒大厦B1层) 东城/西城区 Dongcheng/Xicheng District 北京 (Beijing), 东城/西城区 Dongcheng/Xicheng District",39.9404320,116.4368579,iidx;jubeat;other;reflec;taiko,,iidx:1;jubeat:1;reflec:2;taiko:1,ziv
欢乐潮玩东莞凤深店,广东省东莞市凤深大道126号256室,23.0223940,113.7487640,maimai_dx,,,wahlap
欢乐潮玩（沃尔玛店）,凤深大道126号财富新地（沃尔玛东莞凤岗中心店）2楼256,23.0196880,113.7488770,maimai_dx,,maimai_dx:1,bemanicn
欢乐潮玩（益田假日奥特莱斯店）,大运城邦奥特莱斯商场负一楼欢乐潮玩,23.0257690,113.7464300,maimai_dx;other;taiko,,maimai_dx:1;taiko:1,bemanicn
欢乐猩球嘉年华(万达广场店),文化路81号万达广场F3,41.6771880,123.4588620,maimai_dx;other,,maimai_dx:1,bemanicn
欢乐猩球嘉年华(奥体万达店),万达广场沈阳奥体店二楼,41.6739080,123.4566640,maimai_dx;other,,maimai_dx:1,bemanicn
欢乐猩球嘉年华（铁西店）,铁西区沈辽路万达步行街内 近1号门,41.6716990,123.4627670,maimai_dx;other,,maimai_dx:1,bemanicn
欢乐猩球嘉年华（龙湖天街店）,龙湖天街2F,41.6799430,123.4575300,other,,,bemanicn
欢乐猩球沈阳沈河万达店,辽宁省沈阳市沈河区文化路81号万达广场三楼,41.6746940,123.4546870,maimai_dx,,,wahlap
欢乐猩球沈阳浑南奥体店,辽宁省沈阳市浑南区营盘西街17号奥体万达广场二楼欢乐猩球,41.6742230,123.4533390,maimai_dx,,,wahlap
欢乐猩球沈阳浑南龙湖天街,辽宁省沈阳市浑南区智慧四街5-24号A栋龙湖天街二楼欢乐猩球嘉年华(龙湖天街店),41.6744350,123.4614940,maimai_dx,,,wahlap
欢乐猩球沈阳铁西万达店,沈阳市铁西区沈辽路兴华街万达广场1楼欢乐猩球,41.6716080,123.4602050,maimai_dx,,,wahlap
欢乐玩国岳阳岳阳楼店,湖南省岳阳市岳阳楼区五里牌街道花板桥社区金虹大厦1552号一楼欢乐玩国花板桥店,29.3572450,113.1176070,maimai_dx,,,wahlap
欢乐玩国（花板桥店）,湖南省岳阳市岳阳楼区金鹗中路502号岳阳楼区花板桥金虹广场(洞庭大道西),29.3581660,113.1255250,maimai_dx,,maimai_dx:1,bemanicn
欢乐街区家庭娱乐中心,象州县朝阳路鼎丰城三层全层,23.7515420,109.2141540,other,,,bemanicn
欢乐谷,维港城3楼,41.7228510,125.9346280,other,,,bemanicn
欢乐谷动漫城,发达广场南门二楼,49.1673170,119.7764530,other;taiko,,taiko:1,bemanicn
欢乐谷动漫城（大化夜街店）,大化瑶族自治县大化镇民族广场桂盛万家购物广场4楼,24.4905270,108.6283670,other;taiko,,taiko:1,bemanicn
欢乐集合地中央店（江二）,道里区中央大街232号万达影院A座2楼(近防洪纪念塔）,45.8038180,126.5267350,maimai_dx;other;taiko,,maimai_dx:6;taiko:2,bemanicn
欢乐集合地哈尔滨道里万达店,黑龙江省哈尔滨市道里区友谊路232号万达广场二楼欢乐集合地电玩城,45.7990380,126.5294160,maimai_dx,,,wahlap
欢喜莲莲,德阳万达广场,31.1272080,104.4005280,maimai_dx,,maimai_dx:1,bemanicn
欢喜莲莲南充顺庆美宇店,四川省南充市顺庆区美宇1227购物广场9栋201号欢喜莲莲家庭娱乐中心,30.8392800,106.1099790,maimai_dx,,,wahlap
欢喜莲莲家庭娱乐中心(南充1227广场店),顺庆区红光路86号顺庆1227第9幢2层1号,30.8399960,106.1118620,maimai_dx,,maimai_dx:1,bemanicn
欢喜莲莲家庭娱乐中心（新都苏宁广场店）,蜀龙大道中段1333号1栋3层附326号,30.5750870,104.0665710,maimai_dx,,maimai_dx:1,bemanicn
欢喜莲莲德阳万达广场店,四川省德阳市旌阳区庐山北路一段8号德阳万达广场13楼室内步行街3楼3063一3065,31.1306550,104.3929500,maimai_dx,,,wahlap
欢喜莲莲成都新都苏宁广场店,四川省成都市新都区蜀龙大道中段1333号苏宁易购广场3楼326号欢喜莲莲,30.5727470,104.0684300,maimai_dx,,,wahlap
欢喜莲莲成都武侯店,四川省成都市武侯区桂溪街道天府大道1700号环球中心B馆B1层20-2(达美乐旁)欢喜莲莲,30.5773740,104.0638810,maimai_dx,,,wahlap
欢喜莲莲成都龙泉吾悦店,四川省成都市龙泉驿区吾悦广场三楼欢喜莲莲,30.5732480,104.0693490,maimai_dx,,maimai_dx:1,wahlap;bemanicn
欢喜莲莲绵阳梓潼兴发广场店,四川省绵阳市梓潼县兴发广场三楼,31.4673680,104.6720640,maimai_dx,,maimai_dx:1,wahlap;bemanicn
欢喜莲莲重庆九龙坡润璟广场店,重庆市九龙坡区九龙镇彩云大道10号聚源润璟广场裙楼2层欢喜莲莲,29.5077370,106.5048450,maimai_dx,,maimai_dx:1,wahlap;bemanicn
欢喜莲莲（成都环球中心店）,天府大道北段1700号环球中心B1地下商业街,30.5762330,104.0609410,maimai_dx,,maimai_dx:2,bemanicn
欢天乐地,"成都 (Chengdu) 四川省 (Sichuan Province), 成都 (Chengdu)",30.6514201,104.0687931,gitadora;other,,gitadora:2,ziv
欢心谷,中国安徽省合肥市巢湖市东塘路80号万达广场合肥巢湖店F2层,31.8236250,117.2250310,chunithm;maimai_dx;other,,chunithm:2;maimai_dx:2,bemanicn
欢心谷合肥巢湖万达店,安徽省合肥市巢湖市太湖山路与东塘路交叉口万达二楼欢心谷,31.8259040,117.2238190,chunithm;maimai_dx,,,wahlap
欢悦天堂(光谷天地店),关东街道关山大道光谷天地1期2楼华谊电影院旁,30.5955510,114.2959410,maimai_dx,,maimai_dx:1,bemanicn
欢悦天堂仙桃宏达新天地,湖北省仙桃市宏达路新天地国际广场3楼欢悦天堂,30.3297310,113.4410230,maimai_dx,,,wahlap
欢悦天堂仙桃新天地国际广场店,新天地国际广场3楼欢悦天堂,30.3278090,113.4359920,chunithm;maimai_dx,,chunithm:1;maimai_dx:1,bemanicn
欢悦天堂北都泛悦Mall店,姑嫂树路12号泛悦Mall（北都店）3楼,30.5909720,114.3012320,maimai_dx,,maimai_dx:1,bemanicn
欢悦天堂孝感乾坤新城店,湖北省孝感市乾坤新城二楼欢悦天堂,30.9190910,113.9563710,chunithm;maimai_dx,,chunithm:1;maimai_dx:1,wahlap;bemanicn
欢悦天堂武商奥莱店,建设二路武商城市奥莱5楼A区,30.5961420,114.3015810,maimai_dx,,maimai_dx:2,bemanicn
欢悦天堂武汉东湖光谷天地店,湖北省武汉市东湖高新区关山大道光谷天地2楼欢悦天堂,30.5941030,114.3005660,maimai_dx,,,wahlap
欢悦天堂武汉江岸城市广场店,湖北省武汉市江岸区后湖大道汉口城市广场A区2楼欢悦天堂,30.6011150,114.2986690,maimai_dx,,,wahlap
欢悦天堂武汉江汉南国北都泛悦店,湖北省武汉市江汉区姑嫂路南国北都泛悦城市广场三楼欢悦天堂南国店,30.5978400,114.3000010,maimai_dx,,,wahlap
欢悦天堂武汉泛悦南湖店,湖北省武汉市武昌区丁字桥南路范悦mall南湖欢悦天堂动漫体验中心,30.5929250,114.2984620,chunithm,,,wahlap
欢悦天堂武汉范湖万达店,湖北省武汉市江汉区范湖万达广场B区2F,30.5971700,114.2975750,chunithm;maimai_dx,,maimai_dx:1,wahlap;bemanicn
欢悦天堂武汉青山奥莱店,湖北省武汉市青山区武商城市奥5楼A馆,30.5931690,114.2986960,maimai_dx,,,wahlap
欢悦天堂荆州美佳华店,湖北省荆州市沙市中路美佳华商业广场三楼,30.3434980,112.2339860,chunithm;maimai_dx;other,,chunithm:1;maimai_dx:1,wahlap;bemanicn
欢悦天堂（汉口城市广场店）,后湖大道111号汉口城市广场A区1号楼二层,30.5952030,114.2955040,chunithm;maimai_dx,,chunithm:1;maimai_dx:1,bemanicn
欢悦天堂（黄梅武商）,黄梅县晋梅大道与五祖大道交叉口东100米武商购物中心三楼,30.4603180,114.8694150,maimai_dx;other,,maimai_dx:1,bemanicn
欢悦游艺互动体验中心（光谷青年汇店）,藏龙岛凤凰创客广场5栋2层3至11号铺,30.5975900,114.2970810,maimai_dx,,maimai_dx:1,bemanicn
欢悦游艺武汉江夏店,湖北省武汉市江夏区藏龙岛光谷青年汇5号楼二楼欢悦游艺互动体验中心,30.5949580,114.3041400,maimai_dx,,,wahlap
欢派大玩家,广东省河源市龙川县老隆镇泰华城鑫鲜汇超市二楼内侧,23.7452050,114.6982410,maimai_dx,,maimai_dx:1,bemanicn
欢派大玩家河源龙川泰华城店,广东省河源市龙川县泰华城欢派大玩家店,23.7432120,114.6913420,maimai_dx,,,wahlap
欢聚嘉年华宁波北仑银泰店,浙江省宁波市北仑区新碶街道中河路399号银泰城2幢3-4号3F欢聚嘉年华,29.8674570,121.6187770,maimai_dx,,maimai_dx:1,wahlap;bemanicn
欢鹿甄选厦门思明店,福建省厦门市思明区莲前街道蓬前东路288号D区207号欢鹿甄选,24.4866020,118.0852270,maimai_dx,,,wahlap
欣动空间武汉东西湖中百店,武汉市东西湖区吴家山田园街中百百货2楼欣动空间,30.5971720,114.2951300,maimai_dx,,,wahlap
欣动空间电玩城,东西湖区田园大道108号中百购物中心二楼,30.5956700,114.3032180,maimai_dx,,maimai_dx:1,bemanicn
欣潮玩家,城东大道雅思广场3楼,30.6970450,111.2824410,chunithm;maimai_dx;other,,chunithm:1;maimai_dx:2,bemanicn
欣潮玩家宜昌西陵泰富广场店,宜昌市西陵区泰富广场三楼103号,30.6962880,111.2844410,maimai_dx,,,wahlap
欧乐家庭成长中心本溪万达店,辽宁省本溪市万达广场一号门3楼欧乐家庭成长中心,41.2915020,123.7576790,maimai_dx;other;taiko,,maimai_dx:1;taiko:1,wahlap;bemanicn
正彪会 竞体空间（滨州ifc店）,山东省滨州市滨城区黄河7路渤海18路ifc大厦三楼,37.3802460,117.9615760,maimai_dx,,maimai_dx:1,bemanicn
武义魔玩星球电玩城金华寿仙谷灵芝里店,浙江省金华市武义县壶山街道寿仙谷灵芝里3楼,29.0850290,119.6404360,maimai_dx,,,wahlap
武汉市阳逻万达电燃星空,阳逻街柴泊大道19号,30.5972920,114.2975650,maimai_dx,,maimai_dx:1,bemanicn
比优特时代广场,工交路与新鹤路交汇出南侧,47.3443880,130.2915110,maimai_dx,,maimai_dx:1,bemanicn
比特王丽水石锦路店,浙江省丽水市青田县油竹街道石锦路399号3楼L-320号,28.4694360,119.9153010,maimai_dx,,,wahlap
比特王台州温岭宝龙店,浙江省台州市温岭市中心大道宝龙广场3楼比特王欢乐世界,28.6640240,121.4170680,maimai_dx,,,wahlap
比特王欢乐世界,城西街道中心大道520号宝龙广场3F006,28.6549870,121.4131160,maimai_dx;other,,maimai_dx:2,bemanicn
比特王湖州德清店,浙江省湖州市德清县舞阳街道中兴南路899号银泰城比特王,30.8973310,120.0767290,maimai_dx,,,wahlap
毛毛虫乐场,哥伦布三楼毛毛虫乐场,33.9650780,118.2737420,taiko,,taiko:1,bemanicn
水源王朝,青海省西宁市城北区西海路51号3-10,36.6745450,101.7530340,other;taiko,,taiko:1,bemanicn
永利汇娱乐城,易和广场2楼,41.8775120,123.9488380,other,,,bemanicn
永利电玩城南宁正恒国际广场店,广西壮族自治区南宁市西乡塘区明秀西路111号正恒国际广场3号楼,22.8240490,108.3609070,maimai_dx,,,wahlap
永利电玩城钦州灵山店,广西壮族自治区钦州市灵山县六峰路地下街30号口永利电玩城,21.9850650,108.6456250,maimai_dx,,maimai_dx:1,wahlap;bemanicn
永利电玩河池宜州店,广西壮族自治区河池市宜州城中中路地下商业街,24.4850260,108.6286000,maimai_dx,,maimai_dx:1,wahlap;bemanicn
永康之芯城市购物广场肥猫部落乐园,浙江省金华市永康市溪心路308号永康之芯城市购物广场 三楼肥猫部落乐园,29.0799500,119.6451090,maimai_dx,,maimai_dx:1,bemanicn
永辉欢聚乐园,浦城县永辉3楼,27.3898890,118.0752990,other,,,bemanicn
汇嘻熊徐州万科新淮店,鑫城路与和平大道交叉口(乔家湖地铁站4号口步行206米),34.2069320,117.2763240,maimai_dx,,maimai_dx:1,bemanicn
汇嘻熊徐州云龙店,江苏省徐州市云龙区万科新淮中心2楼嘻嘻熊游乐场,34.2063540,117.2746790,maimai_dx,,,wahlap
汇嘻熊徐州人民广场店,徐宝商业街B1层,34.2070610,117.2796620,maimai_dx,,maimai_dx:2,bemanicn
汇嘻熊徐州天赋广场店,天赋广场-1层,34.2096100,117.2780450,maimai_dx,,maimai_dx:2,bemanicn
汇嘻熊徐州金地商都店,鼓楼区中山北路6号 地下一层,34.2072260,117.2731230,maimai_dx,,maimai_dx:2,bemanicn
汇嘻熊徐州鼓楼大润发店,江苏省徐州市鼓楼区中山北路6号金地商都一期大润发负一层,34.2055920,117.2751040,maimai_dx,,,wahlap
汇嘻熊潮玩徐州泉山生活广场店,江苏徐州市泉山区徐宝生活广场地铁站4号口汇嘻熊潮玩,34.2097660,117.2794200,maimai_dx,,,wahlap
汉中吾悦广场天空之城,汉中市吾悦广场3楼,33.0729850,107.0165190,maimai_dx,,maimai_dx:1,bemanicn
汉中游戏大魔方吾悦广场店,吾悦广场3楼,33.0682940,107.0150220,maimai_dx;other,,maimai_dx:1,bemanicn
江宁区电玩猩电玩城,南京义乌小商品城A区,32.0636630,118.7909470,maimai_dx,,maimai_dx:1,bemanicn
汤姆浦东熊啦啦宝都店,上海市浦东新区新金桥路738号320室汤姆熊啦啦宝都店,31.2254820,121.5427010,maimai_dx,,,wahlap
汤姆熊(流行视窗店),"武昌区珞瑜路20号街道口流行视窗2楼 武汉(Wuhan) 湖北(Hubei), 武汉(Wuhan)",30.5255937,114.3527081,other,,,ziv
汤姆熊上海中山公园店,上海市长宁区长宁路1018号中山公园龙之梦购物中心6楼汤姆熊,31.2173110,121.4207730,chunithm;maimai_dx,,,wahlap
汤姆熊上海大悦城店,上海市静安区西藏北路166号大悦城南座601-605室,31.2300340,121.4473580,maimai_dx,,,wahlap
汤姆熊上海打浦桥日月光店,上海市黄浦区徐家汇路618号2楼徐家汇10室,31.2286650,121.4800190,maimai_dx,,,wahlap
汤姆熊上海旭辉广场店,上海市浦东新区张扬路2389弄2号旭辉广场4F-1B汤姆熊,31.2250690,121.5433770,maimai_dx,,,wahlap
汤姆熊上海正大广场店,上海市浦东新区陆家嘴西路168号正大广场2楼汤姆熊,31.2202690,121.5395440,maimai_dx,,,wahlap
汤姆熊上海百联又一城店,上海市杨浦区淞沪路8号百联又一城购物中心8楼汤姆熊欢乐世界,31.2600030,121.5234720,maimai_dx,,,wahlap
汤姆熊上海虹口店,上海市虹口区西江湾路388号B座五楼汤姆熊,31.2660560,121.4979250,maimai_dx,,,wahlap
汤姆熊上海长宁南丰城店,上海市长宁区虹桥南丰城汤姆熊,31.2194100,121.4182010,maimai_dx,,,wahlap
汤姆熊上海长宁宜家荟聚店,上海长宁金钟路788号L3层汤姆熊,31.2268640,121.4233420,maimai_dx,,,wahlap
汤姆熊上海闵行前湾印象城店,上海市闵行区联友路388号2层L227,31.1168300,121.3761490,maimai_dx;other;taiko,,maimai_dx:2;taiko:1,wahlap;bemanicn
汤姆熊上海闵行南方店,上海市闵行区沪闵路7388号南方商城一区五楼汤姆熊,31.1183920,121.3728710,chunithm;maimai_dx,,,wahlap
汤姆熊上海闵行宝龙店,上海市闵行区七宝镇七宝宝龙广场3楼汤姆熊欢乐世界,31.1183740,121.3716070,maimai_dx,,,wahlap
汤姆熊上海闵行虹桥天地店,上海市闵行区新虹街道申长路688号虹桥天地购物中心3楼汤姆熊,31.1133130,121.3719640,maimai_dx,,,wahlap
汤姆熊上海静安久光中心店,上海市静安区共和新路2188号久光中心m317-3汤姆熊,31.2326940,121.4442150,maimai_dx,,,wahlap
汤姆熊上海黄浦新世界城店,上海市黄浦区南京西路新世界城 8 楼汤姆熊,31.2377930,121.4796770,maimai_dx,,,wahlap
汤姆熊临沂兰山和谐广场店,山东省临沂市兰山区解放路158号三楼汤姆熊欢乐世界,35.1029860,118.3530660,maimai_dx,,,wahlap
汤姆熊哈尔滨南岗中央公园店,黑龙江省哈尔滨市南岗区红旗大街339号红博中央公园B1层上区2号,45.7989770,126.5281800,maimai_dx,,,wahlap
汤姆熊嘉定南翔店,上海市嘉定区南翔镇陈翔公路2299号03-14汤姆熊,31.3784690,121.2574660,maimai_dx,,,wahlap
汤姆熊大连开发区亿合城店,辽宁省大连市金州区马桥子街道金马路208号亿合城4楼汤姆熊,38.9117230,121.6058490,maimai_dx;other;taiko,,maimai_dx:1;taiko:1,wahlap;bemanicn
汤姆熊大连甘井子亿合城店,辽宁省大连市甘井子区山东路235号亿合城三楼,38.9135370,121.6133650,maimai_dx,,,wahlap
汤姆熊大连罗斯福店,辽宁省大连市沙河口区西安路139号天兴罗斯福购物广场四楼,38.9113200,121.6105920,maimai_dx,,,wahlap
汤姆熊大连金州安盛店,辽宁省大连市金州区安盛购物广场5楼汤姆熊,38.9088090,121.6061150,maimai_dx,,,wahlap
汤姆熊天津和平路天河城店,天津市和平区和平路263号天河城购物中心5楼501-504 汤姆熊欢乐世界,39.1138100,117.2133880,maimai_dx,,,wahlap
汤姆熊天津天河城店,和平路263号天河城购物中心5楼501,39.1173600,117.2109140,maimai_dx;other;taiko,,maimai_dx:2;taiko:1,bemanicn
汤姆熊天津恒隆广场店,天津市和平区小白楼街兴安路166号3030室恒隆广场汤姆熊欢乐世界,39.1169660,117.2135390,maimai_dx;other;taiko,,maimai_dx:1;taiko:2,wahlap;bemanicn
汤姆熊延吉百货店,吉林省延吉市光明街608号百货大楼八楼汤姆熊欢乐世界,43.8332800,126.5490680,maimai_dx,,,wahlap
汤姆熊德阳广汉店,四川省德阳市广汉市中山大道南一段10号百伦广场4楼,31.1312200,104.3995010,maimai_dx;other;taiko,,maimai_dx:1;taiko:1,wahlap;bemanicn
汤姆熊惠州惠东大润发店,广东省惠州市惠东县平山街道华侨城大润发一楼汤姆熊王国,23.1165340,114.4064950,maimai_dx,,maimai_dx:1,wahlap;bemanicn
汤姆熊成都成华建设路店,四川省成都市成华区建设路2号伊藤洋华堂3楼汤姆熊欢乐世界,30.5729870,104.0618540,maimai_dx,,,wahlap
汤姆熊成都武侯王府井店,四川省成都市武侯区科华中路2号王府井购物中心3楼L03079,30.5707170,104.0666910,maimai_dx,,,wahlap
汤姆熊成都温江珠江广场店,四川省成都市温江区光华大道三段1588号合生汇广场4楼汤姆熊,30.5744030,104.0617120,maimai_dx,,,wahlap
汤姆熊成都王府井,科华中路9路王府井购物中心（科华店）3楼汤姆熊欢乐世界,30.5764750,104.0682970,iidx;maimai_dx;sdvx,,iidx:1;maimai_dx:2;sdvx:1,bemanicn
汤姆熊成都蜀都万达店,四川省成都市郫都区望丛东路139号蜀都万达广场2楼汤姆熊欢乐世界,30.5797790,104.0603800,maimai_dx,,,wahlap
汤姆熊成都锦江群光店,四川省成都市锦江区春熙南路南段8号群光广场7楼,30.5791220,104.0642690,maimai_dx,,,wahlap
汤姆熊欢乐世界 Tom's World (上海南方店),"5F, Balian Nanfang Shopping Center 闵行區沪闵路7388號 闵行区 (Minhang District) 上海 (Shanghai), 201102, 闵行区 (Minhang District)",31.1338496,121.3955631,chunithm;maimai_dx;other;taiko,,chunithm:2;maimai_dx:3;taiko:3,ziv
汤姆熊欢乐世界 Tom's World (上海南翔印象城店),"Nanxiang Impression City, No.369 Lianyou Road, Nanxiang Town Jiading District Shanghai Shanghai, 201802, Shanghai",31.3063051,121.3028768,maimai_dx;other;taiko,,maimai_dx:2;taiko:1,ziv
汤姆熊欢乐世界 Tom's World (上海南翔印象城店),"Shop 03-14, 3F, Nanxiang Impression City MEGA, No.2299 Chenxiang Nanxiang Town, Jiading District Shanghai Shanghai, 201800, Shanghai",31.3070672,121.3008478,maimai_dx;taiko,,maimai_dx:2;taiko:1,ziv
汤姆熊欢乐世界 Tom's World (上海大悦城店),"6F, Jing'an JOY CITY Mall (South Towel) Xizang North Road No.116, Minxing District Shanghai 上海 (Shanghai), 200085, Shanghai",31.2450130,121.4676754,maimai_dx;other;taiko,,maimai_dx:2;taiko:1,ziv
汤姆熊欢乐世界 Tom's World (上海荟聚店),"L3-03A02, 3F West, Livat Shanghai, No.788 Jinzhong Road Changning District Shanghai Shanghai, 200335, Shanghai",31.2230199,121.3530134,maimai_dx;other;taiko,,,ziv
汤姆熊欢乐世界 Tom's World (上海龙之梦店),"长宁路1018号红中庭6202 长宁区 (Changning District) Shanghai Shanghai, 200042, Shanghai",31.2210865,121.4119288,chunithm;jubeat;maimai_dx;other;taiko,,chunithm:2;jubeat:2;maimai_dx:4;taiko:2,ziv
汤姆熊欢乐世界 Tom's World (啦啦宝都店),"Shop 320, 3F, LaLaport Shanghai Jinqiao, No.738 Xinjinqiao Road Pudong New District Shanghai Shanghai, 201206, Shanghai",31.2547465,121.5993249,maimai_dx;other;taiko,,,ziv
汤姆熊欢乐世界 Tom's World (国华店),"2F Room 201-204, No.1555 Zhayin Road, Yangpu District, Shanghai Yangpu District Shanghai Shanghai, 200090, Shanghai",31.3133760,121.5044890,other;taiko,,,ziv
汤姆熊欢乐世界 Tom's World (天河城店),"5F, Shop 501, Tianhecheng Shopping Center, No.263 Heping Road Heping District Tianjin Tianjin, 300010, Tianjin",39.1263410,117.1970920,maimai_dx;other;taiko,,maimai_dx:2;taiko:1,ziv
汤姆熊欢乐世界 Tom's World (天津恒隆店),"3F, Shops 3006-3008, Hang Lung Plaza, No.166 Xing'an Road Heping District Tianjin Tianjin, 300010, Tianjin",39.1268976,117.1929855,maimai_dx;other;taiko,,maimai_dx:1;taiko:2,ziv
汤姆熊欢乐世界 Tom's World (成都王府井科华店),"3rd Floor, Wangfujing Shopping Center (Ke Hua Branch) No. 9 Kehua Middle Road, Wuhou District 武侯区 Chengdu City 成都市 Sichuan Province 四川省, 610041, Chengdu City 成都市",30.6210914,104.0733368,ddr;iidx;jubeat;maimai_dx;other;sdvx;taiko,,ddr:1;iidx:1;jubeat:1;maimai_dx:2;sdvx:1;taiko:1,ziv
汤姆熊欢乐世界 Tom's World (打浦桥日月光店),"Room 2F-XJH10, 2F, SML Center, No.618 Xujiahui Road Huangpu District Shanghai Shanghai, 200023, Shanghai",31.2086255,121.4633265,maimai_dx;other;taiko,,maimai_dx:2;taiko:2,ziv
汤姆熊欢乐世界 Tom's World (新世界店),"南京西路2-68号新世界城8F 黄浦区 (Huangpu District) 上海 (Shanghai), 200010, 黄浦区 (Huangpu District)",31.2375309,121.4692500,maimai_dx;other;taiko,,,ziv
汤姆熊欢乐世界 Tom's World (日月光店),"徐汇区漕宝路33号日月光中心座4F 4F, Block B, 33 Caobao Road, 徐汇区 (Xuhui District) 上海 (Shanghai), 200233, 徐汇区 (Xuhui District)",31.1707210,121.4280011,maimai_dx;other;taiko,,,ziv
汤姆熊欢乐世界 Tom's World (森兰花园城店),"3F, Senlan Garden City, No.517 Qifan Road Pudong New District Shanghai Shanghai, 200120, Shanghai",31.3165608,121.5868693,maimai_dx;other;taiko,,,ziv
汤姆熊欢乐世界 Tom's World (正大乐城店),"Shop F2-7-203, Zhengda Lecheng, No.699 Zhongshan South 2nd Road Xuhui District Shanghai Shanghai, 200232, Shanghai",31.1883078,121.4535612,maimai_dx;other;taiko,,,ziv
汤姆熊欢乐世界 Tom's World (正大广场店),"浦东新区陆家嘴西路168号六楼(6F14-15) 168 Lujiazui Road, 6F 陆家嘴 (Pudong New Area) 上海 (Shanghai), 200120, 陆家嘴 (Pudong New Area)",31.2386560,121.4950071,maimai_dx;other;taiko,,maimai_dx:1;taiko:3,ziv
汤姆熊欢乐世界 Tom's World (百联又一城店),"上海市杨浦区五角场淞沪路8号5楼 杨浦区 (Yangpu District) 上海 (Shanghai), 200433, 杨浦区 (Yangpu District)",31.3041681,121.5110317,maimai_dx;other;taiko,,maimai_dx:2;taiko:2,ziv
汤姆熊欢乐世界 Tom's World (百联滨江店),"3F, Bailian Binjiang Shopping Center, No.1399 Pingliang Road Yangpu District Shanghai Shanghai, 200090, Shanghai",31.2670668,121.5333680,other;taiko,,taiko:2,ziv
汤姆熊欢乐世界 Tom's World (站前新玛特店),"4F, New Mart Shopping Plaza, 30 Youhao St. Zhongshan District 大连 (Dalian) 辽宁省（Liaoning Province）, 116010, 大连 (Dalian)",38.9159094,121.6293219,other;taiko,,,ziv
汤姆熊欢乐世界 Tom's World (罗斯福店),"4F, Roosevelt Tianxing International Center, 677 Huanghe Rd. Shahekou District 大连 (Dalian) 辽宁省（Liaoning Province）, 116021, 大连 (Dalian)",38.9122213,121.5816421,jubeat;maimai_dx;other;taiko,,jubeat:2;maimai_dx:3;taiko:1,ziv
汤姆熊欢乐世界 Tom's World (置汇旭辉广场店),"4F-1B, LCM Shopping Mall, 2389 Zhangyang Road Pudong New District Shanghai 上海 (Shanghai), 200122, Shanghai",31.2450214,121.5512756,maimai_dx;other;taiko,,maimai_dx:1;taiko:2,ziv
汤姆熊欢乐世界 Tom's World (群光广场),"7th Floor, Chunxi Road South Section No. 8, Qunguang Plaza Jinjiang District 锦江区 成都 (Chengdu) 四川省 (Sichuan Province), 610021, 成都 (Chengdu)",30.6565525,104.0740862,maimai_dx;other;taiko,,,ziv
汤姆熊欢乐世界 Tom's World (苏州大悦春风里),"Shop L3-20, Joy Breeze Shopping Mall, No. 1999 Yuyao Road, Xiangcheng District Suzhou Jiangsu Province, 215131, Suzhou",31.4037591,120.6019223,maimai_dx;other;taiko,,maimai_dx:1;taiko:2,ziv
汤姆熊欢乐世界 Tom's World (苏州绿宝店),"3F, Phase 2, Green Gem Plaza, No. 436 Changjiang Road Huqin District Suzhou Jiangsu Province, 215004, Suzhou",31.3032275,120.5451385,maimai_dx;other;taiko,,maimai_dx:1;taiko:2,ziv
汤姆熊欢乐世界 Tom's World (虹口店),"5F, Block B, 388 West jiangwan road Hongkou District 虹口区 shanghai 上海 (Shanghai), 210010, shanghai",31.2725565,121.4735825,maimai_dx;other;taiko,,maimai_dx:2;taiko:2,ziv
汤姆熊欢乐世界 Tom's World (虹桥南丰城),"遵义路100号虹桥南丰城购物中心L3 长宁区 (Changning District) Shanghai 上海 (Shanghai), 200051, Shanghai",31.2090393,121.4038717,maimai_dx;other;taiko,,maimai_dx:1;taiko:2,ziv
汤姆熊欢乐世界 Tom's World (虹桥天地店),"L3-03&05, Hongqiao Tiandi Mall Minhang District Shanghai Shanghai, 201100, Shanghai",31.1942959,121.3108138,maimai_dx;taiko,,maimai_dx:2;taiko:2,ziv
汤姆熊欢乐世界 Tom's World (金山店),"2F 上海市金山区卫清西路188号金山百联C片区2楼201 金山区 (Jinshan District) 上海 (Shanghai), 200540, 金山区 (Jinshan District)",30.7334633,121.3432768,maimai_dx;other;taiko,,,ziv
汤姆熊欢乐世界 Tom's World（七宝宝龙城市广场店）,"3F, Powerlong City Plaza, No.3299 Caobao Road Minhang District Shanghai Shanghai, 201100, Shanghai",31.1607525,121.3496266,maimai_dx;taiko,,,ziv
汤姆熊欢乐世界 Tom's World（久光店）,"3F, Jiuguang Center, No.2188 Gonghexin Road Jing'an District Shanghai Shanghai, 200072, Shanghai",31.2781496,121.4466797,maimai_dx;other;taiko,,,ziv
汤姆熊欢乐世界 Tom‘s World (上海嘉定),"四川北路1885号多伦生活广场3楼 Jiading District 上海 (Shanghai), 200420, Jiading District",31.3894174,121.2734631,other;taiko,,,ziv
汤姆熊欢乐世界(上海南翔印象城店),上海市嘉定区南翔镇陈翔公路2299号03-14汤姆熊,31.3744160,121.2615490,maimai_dx;taiko,,maimai_dx:2;taiko:1,bemanicn
汤姆熊欢乐世界(上海嘉定店),澄浏中路3172号百联嘉定购物中心F3,31.3759770,121.2628670,other;taiko,,taiko:1,bemanicn
汤姆熊欢乐世界(上海大悦城店),西藏北路166号上海大悦城南座L6层S601&S605,31.2366930,121.4671030,maimai_dx;other;taiko,,maimai_dx:2;taiko:2,bemanicn
汤姆熊欢乐世界(国华店),闸殷路1555号2楼201-204,31.2346210,121.4646120,taiko,,taiko:1,bemanicn
汤姆熊欢乐世界(森兰花园城店),启帆路517路森兰花园城3楼,31.2350800,121.4710710,maimai_dx;other;taiko,,maimai_dx:1;taiko:1,bemanicn
汤姆熊欢乐世界(正大广场店),陆家嘴西路168号正大广场2F层,31.2302400,121.4677440,maimai_dx;taiko,,maimai_dx:1;taiko:3,bemanicn
汤姆熊欢乐世界(置汇旭辉广场店),张杨路2389弄4号LCM置汇旭辉广场4F-1B,31.2295520,121.4711760,maimai_dx;taiko,,maimai_dx:1;taiko:2,bemanicn
汤姆熊欢乐世界(虹口店),西江湾路388号凯德龙之梦B座5楼,31.2667860,121.4960140,maimai_dx;taiko,,maimai_dx:2;taiko:2,bemanicn
汤姆熊欢乐世界(虹桥天地店),虹桥天地购物中心L3-03&05,31.2309270,121.4647450,maimai_dx;taiko,,maimai_dx:2;taiko:2,bemanicn
汤姆熊欢乐世界上海日月光店,上海市徐汇区漕宝路33号徐汇日月光中心L4-51号,31.1903610,121.4350020,maimai_dx;other;taiko,,maimai_dx:1;taiko:1,wahlap;bemanicn
汤姆熊欢乐世界打浦桥日月光店,徐家汇路618号2楼徐家汇区10号（2F-XJH10室）,31.2343070,121.4716570,maimai_dx;other;taiko,,maimai_dx:2;taiko:1,bemanicn
汤姆熊欢乐世界金州安盛店,辽宁省大连市金州区斯大林路677号安盛购物广场(金州店)F5汤姆熊欢乐世界(金州安盛店),38.9157790,121.6143650,maimai_dx;other;taiko,,maimai_dx:1;taiko:1,bemanicn
汤姆熊欢乐世界（七宝宝龙城市广场店）,漕宝路3299号七宝宝龙城市广场3楼,31.2304430,121.4678160,maimai_dx;taiko,,maimai_dx:1;taiko:1,bemanicn
汤姆熊欢乐世界（上海中山公园龙之梦购物公园店）,长宁路1018号龙之梦购物公园红中庭6202,31.2194000,121.4204270,chunithm;maimai_dx;taiko,,chunithm:2;maimai_dx:4;taiko:2,bemanicn
汤姆熊欢乐世界（上海荟聚店）,上海长宁区金钟路788号L3层03A02,31.2230190,121.4178700,maimai_dx;other;taiko,,maimai_dx:1;taiko:1,bemanicn
汤姆熊欢乐世界（上海虹桥南丰城店）,遵义路100号虹桥南丰城南区L3层SL301,31.2323190,121.4662020,maimai_dx;taiko,,maimai_dx:1;taiko:2,bemanicn
汤姆熊欢乐世界（中央公园店）,红旗大街339号红博中央公园上区B1区,45.8013870,126.5366610,maimai_dx;other;taiko,,maimai_dx:1;taiko:1,bemanicn
汤姆熊欢乐世界（久光店）,中国上海市静安区共和新路2188号,31.2249250,121.4444010,maimai_dx;other;taiko,,maimai_dx:1;taiko:1,bemanicn
汤姆熊欢乐世界（啦啦宝都店）,新金桥路738号啦啦宝都商场3楼320商铺,31.2345100,121.4622560,maimai_dx;taiko,,maimai_dx:1;taiko:1,bemanicn
汤姆熊欢乐世界（大悦春风里）,御窑路1999号大悦春风里购物中心L3-20商铺,31.3044910,120.5864570,maimai_dx;taiko,,maimai_dx:1;taiko:2,bemanicn
汤姆熊欢乐世界（常州环球港店）,通江中路598号江南环球港2楼L2039-2041店铺,31.8110850,119.9689300,other;taiko,,taiko:1,bemanicn
汤姆熊欢乐世界（延边）,光明街608号,42.9048000,129.4661040,maimai_dx;other;taiko,,maimai_dx:1;taiko:1,bemanicn
汤姆熊欢乐世界（建设路伊藤洋华堂店）,二环路东二段424号伊藤洋华堂三楼汤姆熊,30.5744870,104.0601910,jubeat;maimai_dx;taiko,,jubeat:1;maimai_dx:1;taiko:1,bemanicn
汤姆熊欢乐世界（新世界店）,南京西路2-68号新世界城L8层,31.2355040,121.4717020,maimai_dx;other;taiko,,maimai_dx:1;taiko:1,bemanicn
汤姆熊欢乐世界（正大乐城店）,中山南二路699号正大乐城F2-7-203,31.2374230,121.4688910,maimai_dx;taiko,,maimai_dx:1;taiko:1,bemanicn
汤姆熊欢乐世界（沈阳龙之梦店）,滂江街22号龙之梦购物中心3楼,41.6775140,123.4578010,other;taiko,,taiko:1,bemanicn
汤姆熊欢乐世界（百联南方购物中心店）,上海市闵行区万源路汤姆熊欢乐世界(南方店),31.1155670,121.3795310,chunithm;maimai_dx;taiko,,chunithm:2;maimai_dx:3;taiko:2,bemanicn
汤姆熊欢乐世界（百联又一城购物中心店）,淞沪路8号百联又一城购物中心5层北区01-62,31.2338660,121.4657750,maimai_dx;other;taiko,,maimai_dx:1;taiko:2,bemanicn
汤姆熊欢乐世界（百联滨江店）,平凉路1399号百联滨江购物中心三楼,31.2296050,121.4698670,other;taiko,,taiko:2,bemanicn
汤姆熊欢乐世界（站前新玛特店）,辽宁省大连市中山区友好街30号新玛特购物休闲广场F4汤姆熊欢乐世界(站前新玛特店),38.9148420,121.6067820,other;taiko,,taiko:1,bemanicn
汤姆熊欢乐世界（绿宝广场）,长江路436号绿宝广场2期3楼,31.3045440,120.5783400,maimai_dx;taiko,,maimai_dx:1;taiko:2,bemanicn
汤姆熊欢乐世界（罗斯福店）,辽宁省大连市沙河口区黄河路677号罗斯福天兴国际中心F4汤姆熊欢乐世界(罗斯福店),38.9094260,121.6096680,jubeat;maimai_dx;taiko,,jubeat:2;maimai_dx:2;taiko:1,bemanicn
汤姆熊欢乐世界（蜀都万达店）,四川省成都市郫都区檬柏西路91号2F,30.5732020,104.0612480,maimai_dx;other;taiko,,maimai_dx:1;taiko:1,bemanicn
汤姆熊欢乐世界（西安阳光城店）,西安阳光天地购物中心B1,34.3435510,108.9290680,other;taiko,,taiko:2,bemanicn
汤姆熊欢乐世界（金山店）,卫清西路188号金山百联购物中心2层C区201(近松卫南路),30.7453190,121.3406820,other;taiko,,taiko:1,bemanicn
汤姆熊欢乐世界（销品茂店）,中商世界里智慧生活mall（原销品茂）,30.5987750,114.2976460,maimai_dx;other;taiko,,maimai_dx:1;taiko:2,bemanicn
汤姆熊武汉销品茂店,湖北省武汉市徐东大街18号销品茂4楼汤姆熊,30.5938020,114.2976600,maimai_dx,,,wahlap
汤姆熊济南槐荫和谐广场店,山东省济南市槐荫区经七纬十二路和谐广场3楼汤姆熊,36.6485910,117.1162960,chunithm;maimai_dx,,,wahlap
汤姆熊济南西城天街店,山东省济南市槐荫区经十路29299号经十路与腊山河东路交叉口西城天街4楼,36.6491780,117.1140850,maimai_dx;other;taiko,,maimai_dx:2;taiko:1,wahlap;bemanicn
汤姆熊浦东高行森兰店,上海市浦东新区高行镇启帆路517号汤姆熊森兰店,31.2214420,121.5370880,maimai_dx,,,wahlap
汤姆熊海曙印象城店,高桥镇中山西路3666号印象城L3-22汤姆熊,29.8579110,121.6213940,taiko,,taiko:1,bemanicn
汤姆熊王国惠州惠城店,广东省惠州市惠城区华贸天地负一楼汤姆熊王国,23.1182750,114.4094610,chunithm;maimai_dx,,,wahlap
汤姆熊苏州大悦城店,江苏省苏州市相城区元和街道御窑路1999号大悦春风里购物中心三楼,31.3065870,120.5789340,maimai_dx,,,wahlap
汤姆熊苏州绿宝店,江苏省苏州市高新区长江路436号绿宝广场3层汤姆熊,31.2993690,120.5834840,maimai_dx,,,wahlap
汤姆熊（和谐广场店）,经十路22799号和谐广场3层322室（与纬十二路交叉），和谐广场南门侧3楼,36.6489100,117.1108340,chunithm;maimai_dx;taiko,,chunithm:1;maimai_dx:2;taiko:1,bemanicn
汤姆熊（成都温江合生汇店）,光华大道三段1588号合生汇4层L403、404、405,30.5728610,104.0628860,maimai_dx;taiko,,maimai_dx:2;taiko:1,bemanicn
汤姆熊（群光广场店）,春熙路南段8号 群光广场7楼,30.5717940,104.0638400,maimai_dx;other;taiko,,maimai_dx:1;taiko:1,bemanicn
汤姆猫儿童娱乐城,青年路1号银座商城（人民店）F3（金晶路与青年路交叉口东北50米）,36.8100450,118.0490190,maimai_dx,,maimai_dx:1,bemanicn
汤姆猫淄博博山店,山东省淄博市博山区青年路1号三楼最西头汤姆猫儿童娱乐城,36.8110890,118.0504540,maimai_dx,,,wahlap
汤崎·汤泉生活TENZ(福田口岸店),国花路港城华庭裙楼一层至五层,22.5504250,114.0553030,maimai_dx;other;taiko,,maimai_dx:1;taiko:1,bemanicn
汤崎生活福田港城华庭裙楼店,广东省深圳市福田区国花路港城华庭裙楼一至五楼,22.5495430,114.0532850,maimai_dx,,,wahlap
沁庐汇保龄球运动娱乐馆,红谷滩区学府大道嘉莱特沁庐国际酒店二楼,28.6573269,115.8501408,drs;other,,drs:1,bemanicn;ziv
沃克公园大同爱琴海店,山西省大同市城区武定北路爱琴海3层沃克公园,40.0949650,113.3542900,maimai_dx,,,wahlap
沃克公园温州乐清虹桥店,浙江省温州市乐清市虹桥镇天元广场2楼沃克公园,27.9966740,120.6992870,maimai_dx,,,wahlap
沃的世界,龙源街道迎宾大道868号世博商厦二层,35.2115070,113.2361680,maimai_dx,,maimai_dx:1,bemanicn
沃的世界潮玩娱乐(万顺达店),七一路万顺达地下一楼东侧,33.6374900,114.6938090,maimai_dx,,maimai_dx:1,bemanicn
沃的世界潮玩焦作武陟世博商厦店,河南省焦作市武陟县龙源街道迎宾大道868号世博商厦二层沃的世界,35.2208540,113.2332320,maimai_dx,,,wahlap
沙龍游戲機中心 Salem Game Centre,新界沙田區瀝源街7號沙田娛樂城,22.2785990,114.1706640,chunithm;maimai_dx;taiko,,chunithm:2;maimai_dx:2;taiko:1,bemanicn
河南省平顶山市天空之城,平顶山市湛河区和顺路与凌云路交叉口西200米二楼,33.7665080,113.1897030,maimai_dx;other,,maimai_dx:1,bemanicn
河南省鹿邑县万农鲜生活二楼嗨玩时空,王台路万农商贸城万农鲜生活二楼,33.6395990,114.6990230,maimai_dx,,maimai_dx:1,bemanicn
泗县趣多多超乐空间,泗县绿城深蓝中心商业楼三楼、泗县趣多多超乐空间,33.6460110,116.9603170,chunithm;maimai_dx;other,,chunithm:2;maimai_dx:1,bemanicn
泗洲吾悦飞马王国,泗洲吾悦广场三楼飞马王国,33.9628840,118.2725570,maimai_dx,,maimai_dx:1,bemanicn
泛娱乐世界宁波鄞州店,宁波鄞州区聚贤街道高新宝龙2号门2楼,29.8630950,121.6252900,maimai_dx,,,wahlap
泛时空 FUNSPACE BEIJING (北京荟聚西红门Livat) ★,"Second Floor, Livat，No. 15, Xinning Street, Daxing District, Bei 大兴区 Beijing Beijing, 102600, Beijing",39.7875739,116.3211018,chunithm;dance_evo;ddr;gitadora;iidx;jubeat;maimai_dx;other;sdvx;taiko,,chunithm:2;dance_evo:1;ddr:1;gitadora:2;iidx:2;jubeat:3;maimai_dx:4;sdvx:1;taiko:2,ziv
泛时空 FUNSPACE XI'AN (西安荟萃Livat),"Second Floor,Shopping Livat(西安宜家荟萃购物中心) Ziwu Avenue No.6,Yanta District Xi'an(西安) Shannxi(陕西), 710000, Xi'an(西安)",34.1737133,108.8983934,chunithm;jubeat;maimai_dx;other;taiko,,chunithm:2;jubeat:2;maimai_dx:3;taiko:1,ziv
泛时空北京大兴店,北京市大兴区欣宁街15号院1号楼2层02B50泛时空,39.7230990,116.3328480,chunithm;maimai_dx,,,wahlap
泛时空北京西红门荟聚店,西红门欣宁街15号荟聚购物中心2楼（近地铁口）,39.9013040,116.3974550,chunithm;maimai_dx;taiko,,chunithm:2;maimai_dx:4;taiko:2,bemanicn
泛时空合肥庐阳店,安徽省合肥市庐阳区宜家家居二楼泛时空,31.8178060,117.2240950,chunithm;maimai_dx;taiko,,chunithm:2;maimai_dx:1;taiko:1,wahlap;bemanicn
泛时空西安荟聚店,近西部大道，子午大道，西安荟聚2F 02C007号商铺,34.3426300,108.9367520,chunithm;maimai_dx;taiko,,chunithm:2;maimai_dx:3;taiko:1,bemanicn
泛时空西安雁塔荟聚店,陕西省西安市雁塔区子午大道6号西安荟聚,34.3418950,108.9391970,chunithm;maimai_dx,,,wahlap
泛时空赣州九方店,九方（招商花园城）二楼泛时空游乐空间站,25.8331700,114.9248350,maimai_dx;taiko,,maimai_dx:1;taiko:1,bemanicn
泛时空赣州章贡店,江西省赣州市章贡区长征大道1号赣州中航城二层L229-231商铺,25.8380100,114.9265490,maimai_dx,,,wahlap
泡泡星球家庭娱乐中心（古塔区店）,保安街道中央大街二段138号辽西郡3楼,41.0932850,121.1238030,maimai_dx,,maimai_dx:2,bemanicn
泡泡星球锦州古塔店,辽宁省锦州市古塔区辽西郡三楼泡泡星球,41.0965920,121.1239370,maimai_dx,,,wahlap
波卡猫 欢乐城,时代广场,30.8409920,106.1026410,other;taiko,,taiko:1,bemanicn
波卡猫super南充仁和广场店,四川省南充市顺庆区潆华南路一段九号仁和广场购物中心3F-312、313波卡猫super游乐场,30.8360330,106.1050600,maimai_dx,,,wahlap
波卡猫儿童乐园三台店,三台县梓州干道518号鸿瑞全球家居生活广场,31.4748460,104.6749370,maimai_dx,,maimai_dx:1,bemanicn
波卡猫欢乐世界,公园路20号隆春天城三楼,31.4694600,104.6729130,taiko,,taiko:1,bemanicn
波卡猫欢乐世界(盱眙苏宁店),金源北路12号苏宁易购广场3F,33.5554710,119.1130260,taiko,,taiko:1,bemanicn
波卡猫欢乐世界雅安雨城卓达广场店,四川省雅安市雨城区东大街38号大院卓达广场三楼波卡猫欢乐世界,30.0117150,103.0440820,maimai_dx,,maimai_dx:1,wahlap;bemanicn
波卡猫欢乐城（南部店）,桂博大道2号,30.8427570,106.1038240,other;taiko,,taiko:1,bemanicn
波卡猫游乐场（仁和春天）,顺庆区华凤街道潆华南路一段九号仁和广场购物中心3F-312、313,30.8375230,106.1056140,maimai_dx;other,,maimai_dx:1,bemanicn
波卡猫绵阳三台宏瑞店,四川省绵阳市三台县潼川镇绵阳市三台县宏瑞广场3楼游戏厅,31.4715280,104.6739240,maimai_dx,,,wahlap
泰兴纷纷乐园,国庆东路171号鼓楼新天地3层01-02,32.4585170,119.9208580,maimai_dx,,maimai_dx:1,bemanicn
泰格本色,"康王·柏德来商业城1区 903 Kangwang North Road Guangzhou Shi Guangdong Sheng, 510000, Guangzhou Shi",23.1252079,113.2465339,gitadora;jubeat;maimai_dx;other;sdvx,,gitadora:2;jubeat:1;maimai_dx:1;sdvx:1,ziv
泰迪熊台州椒江万达店,浙江省台州市椒江区万达广场二楼泰迪熊,28.6548340,121.4193760,maimai_dx,,,wahlap
泰迪熊家庭世界,祥生世纪广场3F中庭位置,28.6604280,121.4124410,maimai_dx;taiko,,maimai_dx:1;taiko:1,bemanicn
泰迪熊家庭世界（椒江万达店）,椒江区-开发大道万达广场(台州经开店)二楼,28.6578980,121.4135420,maimai_dx,,maimai_dx:1,bemanicn
泰迪熊家庭乐园（拱墅万达广场店）（原萌可力）,杭行路666号拱墅万达广场2楼,30.2461880,120.2020470,maimai_dx,,maimai_dx:1,bemanicn
泰迪熊杭州拱墅万达店,浙江省杭州市拱墅区拱墅万达二楼泰迪熊家庭世界,30.2499620,120.2020640,maimai_dx,,,wahlap
泷威嘉年华(西安凯德广场·新地城店),城南南二环西段66号凯德广场新地城3层,34.3486140,108.9375410,maimai_dx,,maimai_dx:1,bemanicn
泷威嘉年华西安雁塔店,陕西省西安市雁塔区崇业路凯德广场三楼泷威嘉年华,34.3470740,108.9348550,maimai_dx,,,wahlap
洋灿灿秦皇岛卢龙店,河北省秦皇岛市卢龙县塞北福满家卢龙生活购物广场三楼,39.8851890,119.5131890,maimai_dx,,,wahlap
洛克公园潜江万达店,湖北省潜江市万达广场2楼洛克公园,30.4038720,112.8991460,maimai_dx,,maimai_dx:1,wahlap;bemanicn
洛克帝国南昌天虹商场店,江西省南昌市红谷滩区地铁大厦天虹商场4楼洛克帝国,28.6882480,115.8520120,maimai_dx,,,wahlap
洛克帝国潮玩城,江西省南昌市红谷滩区丰和中大道818号华茂国际广场地铁大厦天虹购物中心商场L4层4001、4002铺（南昌市广赢文化娱乐有限公司）,28.6893080,115.8536730,maimai_dx,,maimai_dx:1,bemanicn
洪雅星际风云电玩,伊盛百货3F,30.0771180,103.8455730,drs,,drs:1,bemanicn
活力城PowerCity,"天水圍天恩路12-18號Shop No. G71, G/F, Kingswood GinzaPhase 1",22.2859510,114.1667120,chunithm;maimai_dx;taiko,,chunithm:2;maimai_dx:5;taiko:1,bemanicn
派对街区黄石阳新城市广场店,湖北省黄石市阳新县兴国镇城市广场三楼派对街区,30.2020570,115.0276570,maimai_dx,,,wahlap
派对街区（城市广场店）,阳新城市广场3楼,30.2042300,115.0310030,maimai_dx,,maimai_dx:1,bemanicn
浠水润达国际abam电玩城,润达国际购物中心三楼,30.4571620,114.8716370,maimai_dx;other,,maimai_dx:1,bemanicn
浪骄·家庭娱乐中心,"3rd Floor, Building H, Fenxiang City, Dalang Commercial Center, Longhua District Shenzhen City Guangdong, 518110, Shenzhen City",22.6783716,113.9898484,maimai_dx;taiko,,,ziv
浪骄动漫家庭娱乐中心,广东省深圳市龙华区华旺路后浪新天地后浪新天地-26栋一楼（星高度旁）,22.5415840,114.0514960,maimai_dx,,maimai_dx:1,bemanicn
浪骄动漫深圳龙华纷享城店,广东省深圳市龙华区大浪商业中心纷享城三楼浪骄动漫,22.5434110,114.0554340,maimai_dx,,,wahlap
浴兰汤锦州太和店,辽宁省锦州市太和区209省道瑞盛晶座,41.0963990,121.1275190,chunithm;maimai_dx;taiko,,chunithm:2;maimai_dx:1;taiko:1,wahlap;bemanicn
海乐儿欢乐城(东邦店),中国重庆市荣昌区昌元街道迎宾大道39号2-1、29号附8号2-1,29.4218680,105.6043200,other;taiko,,taiko:1,bemanicn
海乐儿欢乐城（步行街店）,昌元街道人民路步行街,29.5377530,106.5029770,maimai_dx,,maimai_dx:1,bemanicn
海乐儿重庆荣昌店,重庆市荣昌区昌元街道人民路12号海乐儿,29.4228550,105.6118720,maimai_dx,,,wahlap
海云天超乐场,凤凰城区振兴街20-3号维郡城市广场3F,39.9970270,124.3473710,taiko,,taiko:1,bemanicn
海口上邦环游嘉年华,上邦百汇城,20.0504000,110.1950820,other;taiko,,taiko:1,bemanicn
海奥华星动漫城力旺广场店,力旺广场2楼,43.8191280,125.3193570,maimai_dx,,maimai_dx:1,bemanicn
海奥华星动漫城远大购物广场店,远大购物广场C座3F,43.8109730,125.3127150,chunithm;maimai_dx,,chunithm:2;maimai_dx:3,bemanicn
海奥华星长春远大购物广场店,吉林省长春市南关区远大购物广场C座3F,43.8182120,125.3194020,chunithm;maimai_dx,,,wahlap
海宁市银泰天空之城（三楼）,银泰城三楼天空之城,30.7509250,120.7531910,maimai_dx,,maimai_dx:1,bemanicn
海心沙嘉年华广州天河海心沙亚运公园店,广州市天河区海心沙亚运公园海心沙嘉年华,23.1296380,113.2554430,maimai_dx,,,wahlap
海洋小城游乐园龙溪店,龙溪镇大塘路338号万润城购物中心二楼海洋小镇,23.1172620,114.4103070,other;taiko,,taiko:2,bemanicn
海洋联盟（揭阳榕城惠丰广场店）,榕城区榕华街道江南新城二期32-34幢榕城惠丰生活广场一层A1036商铺,23.5480840,116.3673180,maimai_dx,,maimai_dx:1,bemanicn
海洋联萌,橘洲一号嘉荣购物广场,21.6649540,110.9178650,chunithm;maimai_dx;taiko,,chunithm:2;maimai_dx:1;taiko:1,bemanicn
海洋联萌化州店,广东省茂名市化州市鉴江街道北京东三路茂和购物中心三楼海洋联萌,21.6677110,110.9220890,chunithm;maimai_dx,,,wahlap
海洋联萌揭阳榕城店,广东省揭阳市榕城区榕华街道江南新城惠丰生活广场一楼海洋海洋联萌,23.5481960,116.3681260,maimai_dx,,,wahlap
海洋联萌（洪阳店）,洪阳镇东村美佳乐购物广场3层D003号,23.5538220,116.3642320,maimai_dx,,maimai_dx:1,bemanicn
海港嘉年华（探十里店）,陇海路桐柏路探十里三楼环游嘉年华,34.7444490,113.6149140,maimai_dx,,maimai_dx:2,bemanicn
海濱遊樂 Kaihin Yuraku,筷子基南街451號寶翠花園利明閣利耀閣地下S座,22.1851250,113.5355000,chunithm;sdvx;taiko,,chunithm:1;sdvx:1;taiko:1,bemanicn
海绵动物郑州印象汇店,中州大道1188号印象汇四楼,34.7466910,113.6148240,maimai_dx,,maimai_dx:1,bemanicn
海绵动物郑州金水印象汇店,河南省郑州市金水区中州大道1188号印象汇四楼购物中心四楼海绵动物家庭游乐中心,34.7477450,113.6150730,maimai_dx,,,wahlap
海趣欢乐园嗨玩国度,花果园大街88号方圆荟·海豚广场3楼嗨玩国度,26.6534030,106.6230880,maimai_dx;other,,maimai_dx:1,bemanicn
海龍遊戲廣場,龙翔道110号豪苑商場地下3號,22.2812720,114.1634470,jubeat,,jubeat:3,bemanicn
润宝梦六安山水奥莱店,安徽省六安市金安区望城街道佛子岭中路永康路交叉口山水奥莱星河3楼润宝梦,31.7407060,116.5188770,maimai_dx,,,wahlap
润宝梦南阳宛城万达店,河南省南阳市宛城区仲景街道孔明路万达广场3楼润宝梦潮玩娱乐,33.0170110,112.5852560,chunithm;maimai_dx,,,wahlap
润宝梦唐山路南万达店,河北省唐山市路南区万达广场2楼润宝梦,39.6254570,118.1742510,maimai_dx,,,wahlap
润宝梦商丘万达店,河南省商丘港汇万达二楼润宝梦,34.4135400,115.6496400,maimai_dx,,,wahlap
润宝梦四川泸州万达店,四川省泸州市龙马潭区万达广场3楼润宝梦,28.8743910,105.4360300,maimai_dx,,,wahlap
润宝梦想,金安区望城街道佛子岭中路与永康路交叉口西北角山水奥莱·星河COCO City三楼,31.7379520,116.5186590,maimai_dx,,maimai_dx:1,bemanicn
润宝梦想内江万达店,东兴区汉安大道西段北侧万达广场内购物中心三楼,29.5842520,105.0513240,maimai_dx;other,,maimai_dx:2,bemanicn
润宝梦想内江东兴万达店,四川省内江市东兴区万达广场三楼润宝梦想,29.5824430,105.0488020,maimai_dx,,,wahlap
润宝梦想无锡江阴店,江苏无锡市江阴市滨江东路18号江阴星河COCOCity3楼润宝梦,31.4903840,120.3052130,maimai_dx,,,wahlap
润宝梦想晋江万达店,福建省泉州市晋江万达1号门二楼润宝梦想,24.8782840,118.6671360,maimai_dx,,,wahlap
润宝梦想泉州浦西万达广场店,福建省泉州市丰泽区宝洲路浦西万达广场二楼,24.8826610,118.6715090,maimai_dx,,,wahlap
润宝梦想潮玩信阳点美店,河南省信阳市商城县点美广场3F润宝梦想潮玩娱乐,32.1482680,114.0821370,maimai_dx,,,wahlap
润宝梦想潮玩娱乐,时代广场2楼,30.3414890,112.2362180,maimai_dx,,maimai_dx:1,bemanicn
润宝梦想潮玩娱乐(江阴星河店),江阴市秦望山路19号1幢L3-001-036,31.4917650,120.3104180,maimai_dx,,maimai_dx:1,bemanicn
润宝梦想潮玩娱乐(西安店),景云路与仁宇路交汇处龙湖西安未央天街A馆4F-01、4F-37,34.3401300,108.9377760,chunithm;maimai_dx;taiko,,chunithm:2;maimai_dx:2;taiko:1,bemanicn
润宝梦想潮玩娱乐(资阳店),万达广场三楼中庭,30.1336090,104.6268310,maimai_dx,,maimai_dx:2,bemanicn
润宝梦想潮玩娱乐厦门湖里店,福建省厦门市湖里区吕岭路蔡塘爱琴海购物中心2F润宝梦想潮玩娱乐,24.4801640,118.0880970,chunithm,,,wahlap
润宝梦想潮玩娱乐商城点美广场店,商城县赤城街道赤城路与滨河路交叉口点美广场3楼,32.1500010,114.0877300,maimai_dx,,maimai_dx:1,bemanicn
润宝梦想潮玩娱乐（商丘港汇万达店）,河南省商丘市梁园区新建路都市明星花园东商丘港汇万达广场二楼,34.4150840,115.6528790,maimai_dx,,maimai_dx:1,bemanicn
润宝梦想潮玩娱乐（晋江万达店）,世纪大道888号万达广场2层（肯德基旁边）,24.8772230,118.6733790,chunithm;maimai_dx;taiko,,chunithm:2;maimai_dx:2;taiko:1,bemanicn
润宝梦想潮玩娱乐（樟树时代广场店）,四特大道时代广场3F,27.8180830,114.4165150,maimai_dx,,maimai_dx:2,bemanicn
润宝梦想潮玩娱乐（泸州万达店）,泸州万达广场三楼,28.8759440,105.4363830,maimai_dx,,maimai_dx:1,bemanicn
润宝梦想潮玩当涂安德利店,安徽省马鞍山市当涂县安德利广场3楼润宝梦想潮玩,31.6751120,118.4986330,maimai_dx,,,wahlap
润宝梦想潮玩泉州丰泽店,福建省泉州市丰泽区安吉南路972号城东万达2F-B润宝梦想潮玩,24.8777500,118.6749770,maimai_dx,,,wahlap
润宝梦想潮玩资阳雁江万达店,四川省资阳市雁江区万达广场三楼中庭,30.1290820,104.6233150,maimai_dx,,,wahlap
润宝梦湖州万达广场店,浙江省湖州市万达广场三楼润宝梦,30.8982990,120.0795210,chunithm,,,wahlap
润宝梦潮玩乐园安庆店,安徽省安庆市宜秀区弘阳广场3楼润宝梦潮玩乐园,30.5309050,117.1107920,maimai_dx,,maimai_dx:1,wahlap;bemanicn
润宝梦潮玩娱乐南阳万达店,新华东路1262号南阳万达广场,33.0146470,112.5758540,chunithm;maimai_dx;taiko,,chunithm:2;maimai_dx:2;taiko:1,bemanicn
润宝梦潮玩娱乐（唐山万达店）,新华东道100号万达广场二层西侧,39.6294520,118.1775350,maimai_dx,,maimai_dx:2,bemanicn
润宝梦潮玩监利时代广场店,湖北省荆州市监利市时代广场二楼2-001,30.3346900,112.2377160,maimai_dx,,,wahlap
润宝梦自贡流井万达店,四川省自贡市自流井区自贡万达广场润宝梦,29.3443940,104.7761350,maimai_dx,,maimai_dx:1,wahlap;bemanicn
润宝梦西安未央龙湖天街店,陕西省西安市未央区景云路与凤城八路交叉口东北方向龙湖天街4F润宝梦,34.3455960,108.9387320,chunithm;maimai_dx,,,wahlap
润宝梦资阳雁江万达店,四川省资阳市雁江区万达广场3F润宝梦,30.1340250,104.6251960,maimai_dx,,,wahlap
润宝梦邯山万达店,滏河南大街101号万达广场3F,36.6274880,114.5376940,maimai_dx,,maimai_dx:1,bemanicn
润宝梦邯郸万达广场店,河北省邯郸市邯山区陵园路万达广场三楼润宝梦,36.6292350,114.5369550,maimai_dx,,,wahlap
淘乐淘天津滨海新区店,天津市滨海新区万达巷永利街41号淘乐淘电玩娱乐城,39.0153940,117.6924760,maimai_dx,,,wahlap
淘乐淘电玩娱乐城,天津万达巷永利街41,39.1217780,117.1833870,maimai_dx;taiko,,maimai_dx:1;taiko:1,bemanicn
淘乐淘电玩娱乐城 Taoletao Carnival,"No.41 Yongli Street, Wanda Li Shopping Mall Binhai New Area Tianjin Tianjin, 300450, Tianjin",39.0128275,117.6743945,maimai_dx;other;taiko,,,ziv
淘乐街区(天悦城店),广东省中山市西区街道长洲社区富华道32号天悦城4楼淘乐街区(天悦城店),22.5199910,113.3843550,maimai_dx;taiko,,maimai_dx:1;taiko:1,bemanicn
淘乐街区中山西区天悦店,中山市西区街道长洲社区富华道32号天悦广场综合楼四层【L4001-L4003】,22.5243200,113.3895620,maimai_dx,,,wahlap
淘气熊双桥金龙店,河北省承德市双桥区都统府大街金龙购物广场B座6楼淘气熊电玩城,40.9531540,117.9573850,maimai_dx,,,wahlap
淘气熊电玩城（金龙店）,都统府大街1号金龙购物广场B座6楼,40.9499510,117.9595350,maimai_dx,,maimai_dx:1,bemanicn
淘气狗乐园宁津德百店,宁津县黄河大街与正阳路交汇处西南角德百广场西区3F,37.4355560,116.3506080,maimai_dx,,maimai_dx:1,bemanicn
淘气狗乐园（齐河德百店）,德百广场（齐河店）三楼西淘气狗乐园,37.4363830,116.3567290,maimai_dx,,maimai_dx:1,bemanicn
淘气狗家庭娱乐中心（迎宾大道禹城德百广场店）,盛悦嘉园东北侧210米禹城德百广场3F,37.4337020,116.3506070,maimai_dx;other,,maimai_dx:1,bemanicn
淘气狗德州宁津德百店,山东省德州市宁津县正阳路与黄河大街交叉口宁津德百西区三楼淘气狗家庭娱乐中心,37.4355210,116.3468340,maimai_dx,,,wahlap
淘气狗德州齐河德百广场店,德州市齐河县齐河德百广场三楼淘气狗,37.4326810,116.3527870,maimai_dx,,,wahlap
淘气狗禹城道德百广场店,山东省德州市禹城市迎宾大饭店道德百广场三楼淘气狗家庭娱乐中心,37.4390230,116.3520980,maimai_dx,,,wahlap
淘气贝比,大润发二楼,36.6552170,117.1091020,maimai_dx,,maimai_dx:1,bemanicn
淘气贝比开封龙亭店,河南省开封市龙亭区黄河大街北段星光天地A管2楼,34.7983710,114.3111720,maimai_dx,,,wahlap
淘淘兔,武穴万达广场四楼,30.4617690,114.8669850,chunithm;maimai_dx;taiko,,chunithm:2;maimai_dx:1;taiko:1,bemanicn
深圳BitCity次元小镇,广东省深圳市福田区金田南路大中华国际交易广场G层,22.5472950,114.0554180,chunithm;maimai_dx,,,wahlap
深圳宝安福城万达漫谷拾光（原大玩家）,广东省深圳市宝安区新安街道文雅社区13区宝民一路256号万达广场F2大玩家(宝安万达店),22.5474590,114.0551180,maimai_dx,,maimai_dx:1,bemanicn
深圳市宝安区松岗街道MFPARTY运动超乐场,广东省深圳市宝安区松岗街道杉杉奥莱满纷天地7楼,22.5470420,114.0548330,maimai_dx,,maimai_dx:1,bemanicn
渔乐玩家湛江霞山店,广东省湛江市霞山区东新路6号银地上悦广场二层2-2124号商铺,21.2704460,110.3545720,maimai_dx,,,wahlap
渔乐玩家（上悦城店）,广东省湛江市霞山区东新路6号银地上悦广场二层2-2124号商铺,21.2709930,110.3572100,maimai_dx,,maimai_dx:1,bemanicn
游亿斯广州天河龙泰广场店,广东省广州市天河区龙洞龙泰广场二楼游亿斯动漫,23.1294470,113.2623700,chunithm;maimai_dx,,chunithm:1;maimai_dx:1,wahlap;bemanicn
游侠传奇（亿丰时代广场店）,金宇路铂茂亿丰广场c区三楼,35.4157080,116.5782460,sdvx,,sdvx:1,bemanicn
游戏大亨（台州临海店）,大洋街道大洋东路2号星悦广场3楼,28.6624490,121.4146380,maimai_dx,,maimai_dx:1,bemanicn
游戏大魔方,沈半路宝龙广场二楼,22.3848164,113.5457397,maimai_dx;other,,,bemanicn;ziv
游戏大魔方(万达店),万达广场,35.0279860,110.9975010,maimai_dx,,maimai_dx:3,bemanicn
游戏大魔方(高新万达店),郁香路37号高新万达二层,34.7473860,113.6228790,maimai_dx,,maimai_dx:1,bemanicn
游戏大魔方南宁安吉万达店,广西壮族自治区南宁市安吉万达3楼游戏大魔方,22.8238330,108.3616260,maimai_dx,,maimai_dx:1,wahlap;bemanicn
游戏大魔方吾悦广场店,吾悦广场二楼,38.4911110,106.2275930,maimai_dx;other,,maimai_dx:1,bemanicn
游戏大魔方咸阳泾阳万达店,陕西省咸阳市泾阳县泾干大街178号泾阳万达广场3楼游戏大魔方,34.3317980,108.7077190,maimai_dx,,,wahlap
游戏大魔方宜宾叙州店,四川省宜宾市叙州区莱茵春天3楼游戏大魔方,28.7576150,104.6384130,maimai_dx;taiko,,taiko:1,wahlap;bemanicn
游戏大魔方宜宾翠屏吾悦广场店,四川省宜宾市翠屏区岷江新区学院路499号新城吾悦广场3楼游戏大魔方,28.7556990,104.6460730,maimai_dx,,,wahlap
游戏大魔方宝鸡渭滨吾悦店,陕西省宝鸡市渭滨区马营镇吾悦广场2楼游戏大魔方,34.3593710,107.2337230,maimai_dx,,,wahlap
游戏大魔方家庭娱乐MALL,渭滨大道吾悦广场二楼西厅,34.3591710,107.2342360,maimai_dx,,maimai_dx:1,bemanicn
游戏大魔方崇州万达店,四川省成都市崇州市万达广场三楼游戏大魔方,30.5766200,104.0671660,maimai_dx,,,wahlap
游戏大魔方常州星耀城吾悦广场店,江苏省常州市新北区星耀城吾悦广场三楼,31.8169960,119.9708740,maimai_dx;other,,maimai_dx:1,wahlap;bemanicn
游戏大魔方成都天府新区爱琴海店,四川省成都市天府新区海昌路三利爱琴海5楼游戏大魔方,30.5787120,104.0615600,maimai_dx,,,wahlap
游戏大魔方成都彭州万达店,四川省成都市彭州市天彭街道玉垒西路8号万达广二楼游戏大魔方,30.5731580,104.0650650,maimai_dx,,maimai_dx:1,wahlap;bemanicn
游戏大魔方攀枝花万达店,四川省攀枝花市东区三线大道北段123号万达广场3楼游戏大魔方,26.5601910,101.7266300,maimai_dx,,,wahlap
游戏大魔方昆明西山万达店,云南省昆明市西山区前卫街道办事处前兴路西山万达广场3幢购物中心2层201号游戏大魔方,24.8863320,102.8311970,maimai_dx,,maimai_dx:1,wahlap;bemanicn
游戏大魔方柳州城中万达店,广西壮族自治区柳州市城中区 万达广场三楼游戏大魔方,24.3278030,109.4258190,maimai_dx;other,,maimai_dx:1,wahlap;bemanicn
游戏大魔方桂林叠彩万达店,广西壮族自治区桂林市叠彩区万达广场2楼,25.2417320,110.1761180,maimai_dx,,maimai_dx:1,wahlap;bemanicn
游戏大魔方汉中汉台吾悦店,陕西省汉中市汉台区新城吾悦广场三楼游戏大魔方,33.0706220,107.0211390,maimai_dx,,,wahlap
游戏大魔方济宁任城爱琴海店,山东省济宁市任城区柳行街道爱琴海购物公园三楼F3003游戏大魔方,35.4176130,116.5813640,maimai_dx,,,wahlap
游戏大魔方济宁吾悦店,山东省济宁市任城区吾悅广场二楼游戏大魔方,35.4126170,116.5787710,maimai_dx;other,,maimai_dx:1,wahlap;bemanicn
游戏大魔方渭南临渭万达店,陕西省渭南市临渭区渭河大街与仓程路十字西北角万达广场三楼游戏大魔方,34.5201510,109.4689090,maimai_dx,,maimai_dx:1,wahlap;bemanicn
游戏大魔方滨州吾悦店,山东省滨州市滨城区市西街道长江三路渤海十八路吾悦广场Z207铺游戏大魔方,37.3871030,117.9638260,maimai_dx,,maimai_dx:1,wahlap;bemanicn
游戏大魔方珠海香洲宝龙店,广东省珠海市香洲区唐家湾镇金峰北路88号宝龙广场三楼L3032游戏大魔方,22.2703060,113.5751120,maimai_dx,,,wahlap
游戏大魔方绵阳涪城万达店,绵阳市涪城区万达广场3楼游戏大魔方,31.4697910,104.6797850,maimai_dx,,,wahlap
游戏大魔方西安店,陕西省西安市朱雀南路乐荟中心3楼游戏大魔方,34.3428160,108.9343260,drs;maimai_dx;other,,drs:1;maimai_dx:1,wahlap;bemanicn
游戏大魔方贵州遵义习水店,贵州省遵义市习水县绿洲东路与岷山路交叉口东南100米万达广场,27.7267030,107.0306180,maimai_dx,,maimai_dx:1,wahlap;bemanicn
游戏大魔方运城吾悦店,山西省运城市北路与大禹街交汇处吾悦广场3楼312,35.0274350,110.9976650,maimai_dx;other,,,wahlap;bemanicn
游戏大魔方郑州中原万达店,河南省郑州市中原区高新万达广场2楼游戏大魔方,34.7493860,113.6186950,maimai_dx,,,wahlap
游戏大魔方郑州荥阳吾悦广场,河南省郑州市荥阳市荥泽大道与文博路交叉口吾悦广场L1B游戏大魔方,34.7494530,113.6172540,maimai_dx;other,,maimai_dx:1,wahlap;bemanicn
游戏大魔方重庆璧山店,重庆市璧山区璧泉街道中央大街3楼游戏大魔方,29.5795340,106.2032570,maimai_dx,,,wahlap
游戏大魔方银川兴庆吾悦广场,宁夏银川市兴庆区友爱街与北京路交叉口吾悦广场二楼Z202游戏大魔方,38.4922850,106.2261970,maimai_dx,,,wahlap
游戏大魔方银川西夏万达店,银川西夏区万达广场二楼游戏大魔方,38.4876770,106.2235520,maimai_dx,,maimai_dx:1,wahlap;bemanicn
游戏大魔方（三利广场店）,天府大道南段2034号三利广场5层,30.5743350,104.0617940,maimai_dx,,maimai_dx:1,bemanicn
游戏大魔方（东方时代广场店）,东方时代广场三楼（海底捞下）,28.7577870,104.6382910,other,,,bemanicn
游戏大魔方（宜宾万达店）,四川省宜宾市叙州区航天路南段7号宜宾万达广场2楼,28.7546890,104.6359850,maimai_dx;other,,maimai_dx:3,bemanicn
游戏大魔方（珠海宝龙城店）,高新区金峰北路88号宝龙城L3-032 (前星际传奇店址),22.2715250,113.5739800,maimai_dx;other,,maimai_dx:1,bemanicn
游戏大魔方（璧山中央大街店）,璧山区俊豪中央大街3楼,29.5824690,106.1965880,maimai_dx,,maimai_dx:1,bemanicn
游戏大魔方（织里吾悦广场店）,吴兴大道5005号吾悦广场3f,30.8981870,120.0835160,maimai_dx;other,,maimai_dx:1,bemanicn
游戏大魔方（高新区爱琴海店）,高新区崇文大道爱琴海购物公园,35.4140310,116.5791680,maimai_dx;other,,maimai_dx:1,bemanicn
游戏童年PLAYGROW佛山顺德店,广东省佛山市顺德区裕和路109号东平保利广场3楼游戏童年PLAYGROW家庭娱乐中心,23.0277770,113.1194320,maimai_dx,,,wahlap
游梦岛佛山南海富弘店,广东省佛山市南海区沿江1路富弘广场二楼游梦岛,23.0244580,113.1122390,maimai_dx,,,wahlap
游梦岛佛山禅城兆阳店,广东省佛山市禅城区兆阳广场3楼游梦岛家庭娱乐中心,23.0264510,113.1184360,maimai_dx,,,wahlap
游梦岛佛山禅城同心荟广场店,广东省佛山市禅城区同心荟广场三楼游梦岛,23.0227790,113.1139220,maimai_dx,,,wahlap
游梦岛佛山禅城店,广东省佛山市禅城区南庄镇南庄二马路吉利购物广场三楼A08号商铺,23.0256580,113.1200490,maimai_dx,,,wahlap
游梦岛家庭娱乐中心,南庄二马路吉利购物广场三楼游梦岛家庭娱乐中心,23.0211110,113.1157580,maimai_dx,,maimai_dx:1,bemanicn
游梦岛家庭娱乐中心（兆阳广场店）,广东省佛山市禅城区石湾镇街道华远东路63号兆阳广场三楼C-38号商铺游梦岛家庭娱乐中心(兆阳广场店),23.0257960,113.1187350,maimai_dx,,maimai_dx:1,bemanicn
游梦岛家庭娱乐中心（同心荟店）,人民西路13号同心荟商业广场F3层,23.0270400,113.1183230,maimai_dx,,maimai_dx:2,bemanicn
游梦岛家庭娱乐中心（罗村店）,狮山镇罗村沿江北路1号富弘广场二楼,23.0209050,113.1194400,maimai_dx,,maimai_dx:1,bemanicn
游漫岛东莞南城宏二路1号蜂汇广场1店,广东省东莞市宏二路1号蜂汇广场三楼游漫岛,23.0246720,113.7515690,maimai_dx,,,wahlap
游漫岛蜂汇广场店,宏二路1号蜂汇广场三楼,23.0200750,113.7461560,maimai_dx,,maimai_dx:2,bemanicn
湖南渔乐社-衡阳店,湖南省衡阳市石鼓区潇湘街道湘江北路48号渔乐数码维修铺,26.9010880,112.5682550,chunithm;maimai_dx;ongeki,,chunithm:2;maimai_dx:2;ongeki:1,bemanicn
湾仔 Smart Game 遊戲機,灣仔灣仔道230號,22.2810620,114.1637260,chunithm;maimai_dx;taiko,,chunithm:2;maimai_dx:2;taiko:1,bemanicn
源盛玩家,广东省湛江市霞山区东新路2号爱琴海国际广场3楼,21.2760320,110.3535140,maimai_dx,,maimai_dx:2,bemanicn
源盛玩家湛江霞山爱琴海购物中心店,湛江市霞山区东新路2号爱琴海购物中心二楼,21.2763610,110.3508970,maimai_dx,,,wahlap
源窝,建华大街511号鑫隆湾E座,38.8769430,115.4537940,iidx;sdvx;taiko,,iidx:1;sdvx:1;taiko:1,bemanicn
滑县吾悦乐透城,滑县城关街道吾悦广场三楼乐透城,36.1017840,114.3847540,maimai_dx,,maimai_dx:1,bemanicn
滕州万达宝贝王家庭娱乐中心,滕州市龙泉北路与北辛东路交汇处东南角万达广场二楼,34.8078400,117.3188070,maimai_dx,,maimai_dx:1,bemanicn
滕州银座西馆世外星空,荆河街道大同南路民族大厦对面银座2楼南侧,34.8091680,117.3138720,maimai_dx,,maimai_dx:1,bemanicn
满载客丹东宽甸新世纪店,辽宁省丹东市宽甸县新世纪三楼满载客电玩台球俱乐部,39.9991840,124.3443020,maimai_dx,,,wahlap
满载客保定高碑富民大街店,河北省保定市高碑市白沟新城富民大街电子大厦三楼满载客娱乐中心,38.8755000,115.4584440,maimai_dx,,,wahlap
满载客动漫城（原动感地带）,太王镇东城商厦欧亚商超三楼,41.7221700,125.9318760,other,,,bemanicn
满载客动漫娱乐,百悦生活广场三楼,29.9905140,122.2042930,maimai_dx,,maimai_dx:1,bemanicn
满载客动漫娱乐中心（华联新生活）,吉林省吉林市船营区华联新生活购物广场5层满载客动漫娱乐中心,43.8401180,126.5407420,maimai_dx,,maimai_dx:1,bemanicn
满载客电玩台球俱乐部,宽甸新世纪三楼,40.0025100,124.3535990,maimai_dx,,maimai_dx:1,bemanicn
满载客电玩台球俱乐部（保定白沟店）,河北省保定市高碑店市白沟镇富民大街77号白沟电子商贸大厦F3,38.8702170,115.4607540,maimai_dx,,maimai_dx:1,bemanicn
满载客舟山百悦店,浙江省舟山市百悦生活广场三楼满载客,29.9883310,122.2008810,maimai_dx,,,wahlap
滨汾热店,宜春润达国际购物中心3F,27.8144870,114.4100550,maimai_dx;taiko,,maimai_dx:2;taiko:1,bemanicn
滨汾热店宜春袁州润达国际店,江西省宜春市袁州区润达国际购物中心三楼,27.8226030,114.4153520,maimai_dx,,,wahlap
漫卡生活x华立潮品万民金海城店,乐从镇裕和路万民金海城-B1,23.0228820,113.1128690,taiko,,taiko:1,bemanicn
漫卡生活佛山万民金海城店,广东省佛山市顺德区万民金海城负一层漫卡生活,23.0217180,113.1149340,maimai_dx,,,wahlap
漫卡肇庆端州合百利店,广东省肇庆市端州区合百利广场三楼漫卡动漫店,23.0499990,112.4558740,maimai_dx,,,wahlap
漫奈斯佛山金铂中心店,广东省佛山市南海区桂城街道桂业路88号金铂中心301,23.0203910,113.1126980,maimai_dx;other,,maimai_dx:1,wahlap;bemanicn
漫奈斯同和店,同和大街1号同和金铂广场A座2层A220,23.1285870,113.2611850,maimai_dx,,maimai_dx:1,bemanicn
漫奈斯广州南沙万达店,广东省广州市南沙区双山大道万达广场二楼漫奈斯,23.1342570,113.2644200,maimai_dx,,maimai_dx:1,wahlap;bemanicn
漫奈斯广州嘉禾金铂天地店,广州市白云区鹤龙二路85号嘉禾金铂天地2楼249号漫奈斯,23.1346240,113.2595650,chunithm;maimai_dx;taiko,,chunithm:2;maimai_dx:2;taiko:1,wahlap;bemanicn
漫奈斯广州天河广百广场店,广东省广州市天河区华观路1932号广百广场三楼漫奈斯,23.1356230,113.2557460,maimai_dx,,,wahlap
漫奈斯广州白云金铂店,广州市白云区广州大道北同和金铂天地A座二楼漫奈斯前台,23.1302510,113.2547900,maimai_dx,,,wahlap
漫奈斯智慧城广百店,华观路1932号智慧城广百广场3层303-311,23.1310610,113.2620370,maimai_dx;other,,maimai_dx:2,bemanicn
漫奈斯白云湖金铂天地店,广东省广州市白云区白云湖街机场路2829号金铂天地3楼301,23.1319010,113.2617700,maimai_dx;other,,maimai_dx:2,wahlap;bemanicn
漫时光达州渠县店,四川省达州市渠县渠江街道后溪社区华中路81号,31.2109790,107.4585780,maimai_dx;taiko,,taiko:1,wahlap;bemanicn
漫游星空动漫城,山西省太原市小店区亲贤北街251号,37.8708230,112.5393050,other,,,bemanicn
漫游纪,天佑城2楼,28.6610590,121.4176590,other;taiko,,taiko:1,bemanicn
漫游胖达,天河路299号时尚天河商业广场-1层中区中五街046,23.1282710,113.2607980,chunithm;maimai_dx;taiko,,chunithm:2;maimai_dx:1;taiko:1,bemanicn
漫游胖达广州时尚天河店,广东省广州市天河区时尚天河中五街046-046A,23.1363180,113.2620340,chunithm;maimai_dx,,,wahlap
漫炫时空潮玩娱乐中心（万花楼文旅综合城）,白石桥路1号万花广场,22.6574090,110.1743330,maimai_dx,,maimai_dx:1,bemanicn
漫炫时空玉林玉州店,玉林市玉州区万花楼文旅综合城A区2层09-17号,22.6526180,110.1739140,maimai_dx,,,wahlap
漫谷拾光深圳宝安万达店,广东省深圳市宝安区万达广场A馆二楼,22.5443580,114.0480330,maimai_dx,,,wahlap
漳州悦汇蓝鲸乐园,梧桥中路悦汇广场三楼,24.5160360,117.6428200,other,,,bemanicn
潘多拉山西晋城时光里店,山西省晋城市城区凤展时光里商场三楼,35.4961070,112.8457810,chunithm,,,wahlap
潘多拉晋城时代广场店,山西省晋城市城区凤展新时代广场7楼潘多拉电玩城,35.4871460,112.8451240,maimai_dx,,,wahlap
潘多拉环游乐园,新市西街新凤展七楼潘多拉环球乐园,35.4891270,112.8483130,chunithm;maimai_dx,,chunithm:2;maimai_dx:1,bemanicn
潘朵拉乐园,江苏省连云港市灌云县侍庄街道九龙港广场二楼潘朵拉乐园(九龙港广场店),34.6005380,119.2179580,maimai_dx,,maimai_dx:1,bemanicn
潘朵拉动漫乐园连云港灌云九龙港店,江苏省连云港市灌云县九龙港广场,34.5950120,119.2144900,maimai_dx,,,wahlap
潮π大玩家（原让胡路万达大玩家）,中央南大街206号万达广场3F-C商铺,46.5900660,125.0929040,other,,,bemanicn
潮之屿济南历城龙湖北城天街店,山东省济南市历城区龙湖北宸天街三楼东头潮之屿,36.6540340,117.1196640,maimai_dx,,,wahlap
潮之屿电玩城(龙湖北宸天街店),王舍人街道工业北路凤凰路龙湖北辰天街3层A-22、23,36.6540710,117.1122050,maimai_dx,,maimai_dx:1,bemanicn
潮乐时空汉中汉台国际广场店,陕西省汉中市汉台区北大街88号现代国际广场4楼潮乐时空家庭娱乐中心,33.0719120,107.0171880,maimai_dx,,maimai_dx:1,wahlap;bemanicn
潮乐汇惠州天虹商场店,广东省惠州市惠东华侨城天虹商场3楼,23.1151050,114.4131740,maimai_dx,,,wahlap
潮乐潮上海颛桥万达店,上海市闵行区都市路2700号颛桥万达广场3楼潮乐潮,31.0730343,121.4015012,chunithm;other,,chunithm:1,wahlap;bemanicn;ziv
潮乐潮南浔吾悦店,南浔区东迁街道人瑞路与南林路交叉口西南角(近南浔银行大楼),30.8966830,120.0780450,maimai_dx,,maimai_dx:1,bemanicn
潮乐街区武汉洪山店,湖北省武汉市洪山区潮乐街区娱乐中心,30.5934830,114.3021630,maimai_dx,,,wahlap
潮乐里佛山南海云峰店,广东省佛山市南海区丹灶镇云峰路8号,23.0192350,113.1139460,chunithm;maimai_dx,,maimai_dx:1,wahlap;bemanicn
潮人电玩温州店,浙江省温州市鹿城区第一桥纱帽河商城二楼潮人电玩,28.0113463,120.6618186,maimai_dx;other;taiko,,maimai_dx:2;taiko:2,wahlap;bemanicn;ziv
潮健玩新泰吾悦广场店,新泰市吾悦广场3F,36.1991210,117.0786260,other,,,bemanicn
潮光年,油城十路1号茂悦东荟城3F,21.6635170,110.9163000,maimai_dx;other;taiko,,maimai_dx:1;taiko:1,bemanicn
潮光年三亚三亚湾壹号店,海南省三亚市三亚湾壹号潮光年电玩城,18.2558400,109.5126600,chunithm;maimai_dx;taiko,,chunithm:2;maimai_dx:2;taiko:2,wahlap;bemanicn
潮光年茂名茂南店,广东省茂名市茂南区油城十路1号大院67 8号三层910号铺,21.6705650,110.9209270,maimai_dx,,,wahlap
潮可爱,御都国贸3楼,33.0207320,114.0142950,maimai_dx,,maimai_dx:1,bemanicn
潮可爱南通通州万达店,江苏省南通市通州区万达广场二楼潮可爱,31.9805700,120.8887190,maimai_dx,,maimai_dx:1,wahlap;bemanicn
潮可爱合川店（原宝贝王）,重庆合川重百中奥城宝贝王3F,29.9719320,106.2755670,maimai_dx,,maimai_dx:1,bemanicn
潮可爱安阳文峰万达广场店,河南省安阳市文峰区安阳万达广场三楼潮可爱,36.1008200,114.3820520,chunithm;maimai_dx;taiko,,chunithm:2;maimai_dx:3;taiko:1,wahlap;bemanicn
潮可爱安阳文峰万达店,河南省安阳市文峰区万达三楼潮可爱店,36.0994100,114.3814620,chunithm;maimai_dx,,,wahlap
潮可爱平顶山叶县新大新店,河南省平顶山市叶县新大新商场5楼潮可爱,33.7669140,113.1900210,maimai_dx,,maimai_dx:1,wahlap;bemanicn
潮可爱广元利州万达店,四川省广元市利州区万达广场三楼潮可爱,32.4411010,105.8413490,maimai_dx,,,wahlap
潮可爱成都金牛万达店,四川省成都市金牛区金牛万达广场3号门2楼潮可爱,30.5792980,104.0596440,jubeat;maimai_dx,,jubeat:4;maimai_dx:3,wahlap;bemanicn
潮可爱新乡延津悦汇店,河南省新乡市延津县文岩街道永安大道延津悦汇365购物中心4楼潮可爱,35.3060970,113.9229540,maimai_dx,,,wahlap
潮可爱电玩城驻马店上蔡店,河南省驻马店市上蔡县伟业城四楼潮可爱电玩城,33.0199650,114.0181820,maimai_dx,,,wahlap
潮可爱贵阳中京广场店,贵阳市云峰大道中京广场方圆荟三楼潮可爱,26.6544490,106.6274080,maimai_dx,,,wahlap
潮可爱随州曾都万达店,湖北省随州市曾都区经济开发区万达广场,31.6902050,113.3756020,maimai_dx,,,wahlap
潮可爱驻马店平舆爱家店,河南省驻马店市平舆县爱家购物中心五楼潮可爱,33.0184820,114.0174290,maimai_dx,,,wahlap
潮可爱驻马店西平国贸店,河南省驻马店市西平县护城河路御都汇国贸三楼潮可爱,33.0133960,114.0144590,maimai_dx,,,wahlap
潮可爱鹤壁淇滨万达店,河南省鹤壁市淇滨区万达四楼潮可爱运动馆,35.7512270,114.2867970,maimai_dx,,,wahlap
潮可爱（随州万达店）,万达广场3楼,31.6963240,113.3756250,maimai_dx;taiko,,maimai_dx:2;taiko:1,bemanicn
潮可爱（颍州万达店）,颍州万达大玩家,32.8972250,115.8066540,chunithm;maimai_dx;taiko,,chunithm:2;maimai_dx:2;taiko:1,bemanicn
潮可爱（鹤壁万达店）,淇滨区闽江路与华夏南路交叉口万达广场 四楼潮可爱运动馆,35.7481320,114.2884820,maimai_dx,,maimai_dx:2,bemanicn
潮垣聚城市玩家（张家口宣化店）,人民公园东门隔壁,40.7703680,114.8787690,maimai_dx,,maimai_dx:1,bemanicn
潮好玩周口市川汇店,河南省周口市川汇区陈州街回族街道五一文化广场潮好玩潮人娱乐中心果果茂店,33.6364000,114.6933810,maimai_dx,,,wahlap
潮好玩潮人娱乐中心(周口五一地下广场果果茂店),川汇区陈州街回族街道五一广场果果茂东巷26号（六一路下 电梯向北走）,33.6364860,114.6985170,maimai_dx,,maimai_dx:1,bemanicn
潮好玩郑州高新公园茂店,郑州市高新区公园茂2号馆三楼,34.7477300,113.6238010,maimai_dx,,,wahlap
潮棱镜·潮玩街区,柳梧新区拉萨印商业街区潮棱镜,29.6578970,91.1739670,other,,,bemanicn
潮棱镜·潮玩街区 Prism Trend Play Zone (Tibet),"1F, Lahsa IN Shopping Mall, Shiji Avenue Liuwu District Lhasa Tibet, 850030, Lhasa",29.6364153,91.0808718,other,,,ziv
潮棱镜·潮玩街区 Prism Trend Play Zone (德汇万达),"B1 Floor, Building D, Dehui Center, Qitai Road Shayibak District Urumqi Xingjiang, 830000, Urumqi",43.7876716,87.5831930,maimai_dx;other,,,ziv
潮棱镜·潮玩街区（东方广场店）,东方广场汇嘉3楼,44.0061210,87.3019780,maimai_dx,,maimai_dx:1,bemanicn
潮棱镜·潮玩街区（伊宁店）,奥特莱斯负一楼地下街,43.9189660,81.3160680,other,,,bemanicn
潮棱镜·潮玩街区（德汇万达店）,奇台路德汇中心商业D幢B1层,43.8214470,87.6150080,maimai_dx,,maimai_dx:1,bemanicn
潮棱镜·潮玩街区（花田店）,长春南路KL星品汇L座-1层,43.8253980,87.6164580,maimai_dx,,maimai_dx:1,bemanicn
潮棱镜乌鲁木齐新市花田店,新疆维吾尔自治区乌鲁木齐市新市区花田小镇负一楼潮棱镜潮玩街区,43.8199700,87.6164860,maimai_dx,,,wahlap
潮棱镜乌鲁木齐沙依巴克德汇店,新疆维吾尔自治区乌鲁木齐市沙依巴克区奇台路德汇中心负一楼,43.8274840,87.6101930,maimai_dx,,,wahlap
潮棱镜昌吉东方广场店,新疆昌吉回族自治州昌吉市延安北路街道广场社区延安北路198号东方广场裙楼三层（5区3丘3栋）,44.0075030,87.3047560,maimai_dx,,,wahlap
潮气冲天株洲芦淞店,湖南省株洲市芦淞区车站路荣时代商场二楼潮气冲天电玩,27.8315310,113.1319180,maimai_dx,,,wahlap
潮气冲天电玩空间（株洲荣时代店）,车站路61号中鸿荣时代广场二层2026号,27.8309300,113.1247060,maimai_dx,,maimai_dx:2,bemanicn
潮派世界(栖乐荟店),朝阳区博文路与学府街交叉口东南100米,43.8122390,125.3236090,other,,,bemanicn
潮流电玩上海长宁龙之梦店,上海市长宁区龙之梦城市生活中心五楼,31.2204270,121.4195600,maimai_dx,,,wahlap
潮漫娱乐场临沧临翔强力店,云南省临沧市临翔区凤翔街道办事处章嘎社区汀旗路市公安局对面强力广场S1号楼3层,23.8841450,100.0912840,maimai_dx,,,wahlap
潮漫星球云霄店,新都城3楼,24.5160340,117.6463690,other,,,bemanicn
潮漫栋心青岛即墨宝龙店,山东省青岛市即墨区通济街道蓝鳌路1137号宝龙广场M1,36.0662760,120.3744170,maimai_dx,,,wahlap
潮玩PARTY（黄梅店）,黄梅鹏泰百货三楼,30.4539080,114.8656880,maimai_dx,,maimai_dx:1,bemanicn
潮玩世界太原万柏林店,山西省太原市万柏林区公元时代购物中心2楼潮玩世界,37.8716810,112.5422560,maimai_dx;taiko,,maimai_dx:1;taiko:1,wahlap;bemanicn
潮玩世纪,务川保元城市广场永辉超市内,27.7224300,107.0231950,other,,,bemanicn
潮玩世纪(涟钢沃尔玛店),涟钢沃尔玛一楼正门进右手边,27.7048830,111.9846100,maimai_dx,,maimai_dx:1,bemanicn
潮玩世纪(润和国际店),福元西路润和国际广场,28.2352790,112.9319810,maimai_dx;taiko,,maimai_dx:1;taiko:1,bemanicn
潮玩世纪(长沙县龙华店),长沙县黄兴大道南段58号鸿福汇2层,28.2327660,112.9305110,maimai_dx,,maimai_dx:1,bemanicn
潮玩世纪乐荟城店,四川省绵阳市涪城区剑南路西段乐荟城二楼潮玩世纪,31.4707960,104.6792580,maimai_dx,,maimai_dx:2,bemanicn
潮玩世纪双峰店,华海荟2楼,27.7036740,111.9844230,maimai_dx,,maimai_dx:1,bemanicn
潮玩世纪娄底华海荟店,湖南省娄底市双峰县永丰街道国藩路华海荟2楼潮玩世纪,27.7001120,111.9918120,maimai_dx,,,wahlap
潮玩世纪娄底娄星店,湖南省娄底市娄星区氐星路春园步行街时尚春天一楼潮玩世纪家庭娱乐中心,27.7033390,111.9921880,maimai_dx,,maimai_dx:1,wahlap;bemanicn
潮玩世纪家庭娱乐中心,湖南省娄底市涟钢袄尔玛店,27.7067140,111.9845550,maimai_dx,,,wahlap
潮玩世纪怀化鹤城店,湖南省怀化市鹤城区天星东路锦绣五溪商业广场8栋一层潮玩世纪家庭娱乐中心,27.5717640,109.9952340,chunithm;maimai_dx;taiko,,chunithm:2;maimai_dx:2;taiko:1,wahlap;bemanicn
潮玩世纪溆浦店,湖南省怀化市溆浦县卢峰镇胜利街张家湾路126号城北壹号佳惠生活广场二楼商管办公室,27.5704470,109.9917550,maimai_dx,,,wahlap
潮玩世纪绵阳涪城乐荟城店,四川省绵阳市涪城区剑南路西段乐荟城二楼潮玩世纪乐汇娱乐中,31.4661960,104.6731510,maimai_dx,,,wahlap
潮玩世纪长沙开福润和广场店,湖南省长沙市开福区润和广场1栋潮玩世纪,28.2293670,112.9338640,maimai_dx,,,wahlap
潮玩世纪长沙鸿福汇店,湖南省长沙市长沙县人民东路与黄兴大道交汇处东方美地鸿福汇二楼潮玩世纪,28.2303150,112.9362350,maimai_dx,,,wahlap
潮玩世纪（溆浦佳慧生活广场店）,溆浦县城北佳慧生活广场,27.5759930,109.9963510,maimai_dx;other,,maimai_dx:1,bemanicn
潮玩主场（梧州百盛店）,湖滨路62号(玫瑰湖公园东北侧约100米)梧州百盛购物中心F 3,23.4819430,111.2757020,other;taiko,,taiko:1,bemanicn
潮玩会唐山唐海名都广场店,河北省唐山市唐海镇大通路兴海名都广场三层潮玩会,39.6251380,118.1732870,maimai_dx,,,wahlap
潮玩会家庭娱乐中心,唐海镇兴海大街47号，兴海名都广场B区3楼,39.6268030,118.1786690,maimai_dx;other;taiko,,maimai_dx:1;taiko:1,bemanicn
潮玩勇士（会展航洋城店）,民族大道131号会展航洋城三楼L3-002号,22.8233300,108.3651450,maimai_dx;other;taiko,,maimai_dx:2;taiko:1,bemanicn
潮玩喵星,东安现代城,39.6331060,118.1746830,other,,,bemanicn
潮玩嘉年华漯河丹尼斯店,河南省漯河市人民路丹尼斯2楼潮玩嘉年华,33.5848000,114.0147480,chunithm;maimai_dx,,,wahlap
潮玩坐标石首城市广场店,石首市笔架山街道城市广场5栋107商铺,30.3397990,112.2312360,maimai_dx,,maimai_dx:1,wahlap;bemanicn
潮玩宝贝,端州区黄岗街道信安五路2号益华国际广场二楼潮玩宝贝,23.0524200,112.4560080,maimai_dx,,maimai_dx:1,bemanicn
潮玩宝贝湛江徐闻龙达店,广东省湛江市徐闻县龙达广场C栋一层潮玩宝贝,21.2750170,110.3524320,maimai_dx;taiko,,maimai_dx:2;taiko:1,wahlap;bemanicn
潮玩宝贝肇庆端州益华店,肇庆市端州区黄岗街道信安五路益华广场,23.0531240,112.4549580,maimai_dx,,,wahlap
潮玩宣言,连州顺盈广场三楼,23.6820290,113.0510980,maimai_dx;other;taiko,,maimai_dx:1;taiko:1,bemanicn
潮玩家庭娱乐中心（惠城店）,惠城镇南环一路与南门大街交叉口处附近金龙大厦三楼,23.5541190,116.3627230,taiko,,taiko:1,bemanicn
潮玩家庭娱乐中心（隆江店）,隆江镇葵和大道555号维也纳智好酒店三楼,23.5511790,116.3643150,taiko,,taiko:1,bemanicn
潮玩无界,北京西路世纪金源购物中心C座负一楼,26.6462380,106.6273470,maimai_dx,,maimai_dx:1,bemanicn
潮玩无界万象宜宾天地店,四川省宜宾市叙州区万象宜宾天地SL313潮玩无界,28.7536750,104.6401060,chunithm;maimai_dx;other,,chunithm:2;maimai_dx:1,wahlap;bemanicn
潮玩无界南昌万象城店,江西省南昌市万象城3楼潮玩无界,28.6888150,115.8550470,maimai_dx,,maimai_dx:1,wahlap;bemanicn
潮玩无界杭州西投银泰城店,浙江省杭州市西湖区西投银泰城F3-3006室潮玩无界,30.2463550,120.2018330,maimai_dx,,maimai_dx:1,wahlap;bemanicn
潮玩无界贵阳观山店,贵州省贵阳市观山湖区世纪金源c馆负一楼,26.6470620,106.6226680,maimai_dx,,,wahlap
潮玩无界重庆九龙坡迎宾店,重庆市九龙坡区迎宾大道37号5楼-04号商铺A馆潮玩无界,29.5032730,106.5109220,maimai_dx,,,wahlap
潮玩无界重庆北碚吾悦广场店,重庆市北碚区天生街道梨园村60号吾悦广场4楼潮玩无界,29.8045540,106.3950350,maimai_dx,,maimai_dx:1,wahlap;bemanicn
潮玩无界重庆高新龙湖天街店,重庆市沙坪坝区高新龙湖天街A馆4楼,29.5482140,106.4527970,maimai_dx,,,wahlap
潮玩无界（云领天街店）,迎宾大道37号A馆-5 F-38、A馆-5 F-04号、A馆-5 F-05号店铺,29.5348530,106.5060550,maimai_dx,,maimai_dx:1,bemanicn
潮玩无界（武昌万象城店）,和平大道619号武汉武昌万象城5楼L5030,30.5969700,114.3013390,chunithm;maimai_dx;other,,chunithm:2;maimai_dx:1,bemanicn
潮玩时光吉林船营时代广场店,吉林市船营区时代广场三楼潮玩时光运动街区,43.8336010,126.5384370,maimai_dx,,,wahlap
潮玩时光运动街区,时代购物广场（船营区南京街12号）三楼,43.8380070,126.5388580,maimai_dx,,maimai_dx:1,bemanicn
潮玩星球 (Chaowan Planet,"84 Xihu Road Floors 1-3 Guangzhou Shi Guangdong Sheng, 510063, Guangzhou Shi",23.1230724,113.2651377,dance_evo;gitadora;jubeat;sdvx,,dance_evo:1;gitadora:2;jubeat:1;sdvx:1,ziv
潮玩星球汕头龙湖充耀号店,汕头市龙湖区华山路57号充耀号商住中心一楼,23.3574710,116.6753020,maimai_dx;taiko,,maimai_dx:2;taiko:1,wahlap;bemanicn
潮玩汇（泰盛店）,洗砚池街泰盛广场二期四楼,35.1045260,118.3453500,other;taiko,,taiko:1,bemanicn
潮玩派对,河南岸演达一路1号瑞峰广场天虹商场五楼,23.1149280,114.4059670,chunithm;maimai_dx;taiko,,chunithm:2;maimai_dx:1;taiko:1,bemanicn
潮玩派对合肥蜀山店,合肥市蜀山区天鹅湖万达广场2楼潮玩派对,31.8212810,117.2263530,maimai_dx,,,wahlap
潮玩派对惠州惠城瑞峰广场店,广东省惠州市惠城区河南岸三环天虹瑞峰广场店,23.1184440,114.4134020,chunithm;maimai_dx,,,wahlap
潮玩派对电玩厅钦州钦北仟仟万家店,钦州市钦北区仟仟万家四楼,21.9819270,108.6500410,maimai_dx,,,wahlap
潮玩派对钦州仟仟万家店,钦州湾大道82号仟仟万家4层,21.9860940,108.6528420,maimai_dx,,maimai_dx:1,bemanicn
潮玩炫酷保定莲池华创国际广场店,河北省保定市莲池区裕华路华创国际广场3楼潮玩炫酷,38.8746620,115.4602810,maimai_dx,,maimai_dx:1,wahlap;bemanicn
潮玩炫酷城市广场店,新华区华北商厦城市广场店,38.3018500,116.8293170,maimai_dx,,maimai_dx:1,bemanicn
潮玩炫酷欢乐汇店,裕华区裕泰路77号欢乐汇四楼,38.0408120,114.5061830,maimai_dx,,maimai_dx:1,bemanicn
潮玩炫酷沧州新华店,河北省沧州市新华区解放东路华北商厦城市广场3楼东区20号潮玩炫酷,38.3055940,116.8369300,maimai_dx,,,wahlap
潮玩炫酷沧州运河华北商厦店,河北省沧州市运河区水月寺街道华北商厦9F潮玩炫酷,38.3074120,116.8336790,maimai_dx,,,wahlap
潮玩炫酷石家庄裕华欢乐汇店,河北省石家庄市裕华区建华南街道裕泰路77号欢乐汇商场4楼潮玩炫酷,38.0437470,114.5096610,maimai_dx,,,wahlap
潮玩炫酷老华北店,沧州市运河区新华中路7号华北商厦9层901,38.3074690,116.8330600,maimai_dx,,maimai_dx:1,bemanicn
潮玩社,钢城区京昇 mall,36.6487240,117.1133380,maimai_dx,,maimai_dx:1,bemanicn
潮玩社(西安万象城店),陕西省西安市雁塔区长安南路与雁展路交汇处西安万象城L435A号商铺,34.1968953,108.9446783,chunithm;maimai_dx;taiko,,chunithm:2;maimai_dx:2;taiko:1,bemanicn;ziv
潮玩社临沂兰陵万达店,山东省临沂市兰陵县万达广场3楼潮玩社,35.1083970,118.3538900,maimai_dx,,maimai_dx:1,wahlap;bemanicn
潮玩社唐冶新辰店,山东省济南市唐冶银座新辰天地潮玩社l3,36.6535910,117.1178720,maimai_dx,,maimai_dx:1,wahlap;bemanicn
潮玩社德州宁津利客来店,山东省德州市宁津县利客来3楼,37.4340330,116.3504860,maimai_dx,,maimai_dx:1,wahlap;bemanicn
潮玩社德州德城银座店,德州市德城区大学路银座3楼,37.4337910,116.3588480,maimai_dx,,,wahlap
潮玩社济南万象城店,山东省济南市历下区经十东路11111号济南万象城三楼365铺潮玩社,36.6534320,117.1146550,chunithm;maimai_dx;taiko,,chunithm:2;maimai_dx:2;taiko:1,wahlap;bemanicn
潮玩社济南历下玉函银座店,山东省济南市历下区玉函银座负一潮玩社,36.6533740,117.1094130,maimai_dx,,,wahlap
潮玩社济南槐荫万象里店,山东省济南槐荫区万象里三楼潮玩社,36.6536380,117.1172660,maimai_dx,,,wahlap
潮玩社济南槐荫和谐广场店,山东省济南市槐荫区和谐广场五楼潮玩社,36.6473970,117.1130460,chunithm;maimai_dx,,,wahlap
潮玩社济南章丘和谐广场店,山东省济南市章丘区双山大街章丘和谐广场三楼潮玩社,36.6494750,117.1119020,chunithm;maimai_dx;taiko,,chunithm:1;maimai_dx:2;taiko:1,wahlap;bemanicn
潮玩社济南莱芜茂业天地店,山东省济南市莱芜区茂业天地三楼潮玩社,36.6539010,117.1116070,chunithm;maimai_dx;taiko,,chunithm:1;maimai_dx:1;taiko:1,wahlap;bemanicn
潮玩社济南钢城京昇MALL店,山东省济南市钢城区艾山街道京昇mall3楼潮玩,36.6545200,117.1183150,maimai_dx,,,wahlap
潮玩社温州乐清宝龙广场店,浙江省温州市乐清市柳市镇宝龙广场二楼潮玩社,27.9933830,120.6980800,maimai_dx,,maimai_dx:1,wahlap;bemanicn
潮玩社滨州银座茂店,山东省滨州市黄五渤十八路银座茂6楼潮玩社,37.3778650,117.9680030,chunithm;maimai_dx,,chunithm:1;maimai_dx:1,wahlap;bemanicn
潮玩社潍坊临朐万达店,山东省潍坊市临朐县万达广场2楼潮玩社,36.7095980,119.1580210,maimai_dx,,maimai_dx:1,wahlap;bemanicn
潮玩社潍坊坊子泰华城店,山东省潍坊市坊子区凤凰街泰华城潮玩社,36.7053060,119.1588300,maimai_dx;other;taiko,,maimai_dx:1;taiko:1,wahlap;bemanicn
潮玩社潍坊奎文店,山东省潍坊市奎文区胜利东街4000号银座商城三层Z3001号商铺,36.7104110,119.1541020,maimai_dx,,,wahlap
潮玩社潍坊银座店,北海路街道胜利东街4000号银座商城3层Z3001,36.7073050,119.1583660,maimai_dx,,maimai_dx:1,bemanicn
潮玩社潍坊青州泰华城店,山东省青州市泰华城三楼潮玩社,36.7044240,119.1575690,chunithm;maimai_dx;other,,chunithm:1;maimai_dx:1,wahlap;bemanicn
潮玩社潍坊青州青群广场店,山东省潍坊市青州市尧王山西路118号青群广场B馆潮玩社,36.7117620,119.1554200,maimai_dx,,maimai_dx:1,wahlap;bemanicn
潮玩社烟台蓬莱海情广场店,山东省烟台市蓬莱店海情广场二楼潮玩社,37.4613420,121.4384590,chunithm;maimai_dx,,,wahlap
潮玩社电玩城,防邕路2号嘉乐城商场三楼B3-088号商铺,21.6849870,108.3514740,other,,,bemanicn
潮玩社莱西万达店,山东省莱西市万达广场3楼潮玩社,36.0630550,120.3816470,maimai_dx,,maimai_dx:1,wahlap;bemanicn
潮玩社菏泽巨野店,山东省菏泽市巨野县麒麟大道中段新佳和购物广场3楼潮玩社,35.2308020,115.4738270,maimai_dx,,,wahlap
潮玩社西安华阳城店,陕西省西安市华阳城三楼潮玩社,34.3443710,108.9325140,chunithm;maimai_dx;taiko,,chunithm:1;maimai_dx:2;taiko:1,wahlap;bemanicn
潮玩社西安雁塔店,陕西省西安市雁塔区万象城四楼潮玩社,34.3414930,108.9330890,chunithm;maimai_dx,,,wahlap
潮玩社诸城百盛店,山东省诸城市百盛广场二楼潮玩社,36.7075660,119.1601340,maimai_dx,,maimai_dx:1,wahlap;bemanicn
潮玩社邹城新百乐店,山东省济宁市邹城市钢山街道太平西路1052、1070、1074、1082号一层,35.4137990,116.5799300,maimai_dx,,maimai_dx:1,wahlap;bemanicn
潮玩社郑州二七店,河南省郑州市二七区万象城6楼潮玩社,34.7445770,113.6206740,maimai_dx;other;taiko,,maimai_dx:2;taiko:1,wahlap;bemanicn
潮玩社青岛即墨宝龙店,通济街道蓝鳌路宝龙生活广场三楼,36.0635900,120.3823750,chunithm;maimai_dx;taiko,,chunithm:2;maimai_dx:1;taiko:1,bemanicn
潮玩社黄石万达店,湖北省黄石市黄石港区万达广场三楼,30.2012860,115.0349880,chunithm,,,wahlap
潮玩社（大学路银座店）,大学西路1566号银座商城（大学路店）三楼,37.4310750,116.3503150,maimai_dx;taiko,,maimai_dx:1;taiko:1,bemanicn
潮玩社（巨野佳和天悦店）,巨野县佳和购物广场天悦店三楼,35.2347100,115.4796190,maimai_dx,,maimai_dx:1,bemanicn
潮玩社（汶上联民二期店）,中都大街69号联民广场一/二期二楼,35.4175720,116.5784630,other,,,bemanicn
潮玩社（济南和谐广场店）,经十路22799号和谐广场5楼（星辉影院对面）,36.6514180,117.1076290,chunithm;maimai_dx;taiko,,chunithm:2;maimai_dx:1;taiko:1,bemanicn
潮玩社（济南玉函银座店）,经十路19288号银座商城（玉函店）负一层,36.6543540,117.1149510,chunithm;maimai_dx;other,,chunithm:2;maimai_dx:2,bemanicn
潮玩社（烟台蓬莱利群店）,北关路133号悦动港湾利群海情广场2楼,37.4624380,121.4455030,maimai_dx,,maimai_dx:1,bemanicn
潮玩社（黄石港万达店）,花湖大道30号万达广场三楼,30.2068640,115.0292140,chunithm;taiko,,chunithm:2;taiko:1,bemanicn
潮玩空间(华联时代广场店),阳新县兴国大道130号阳新华联时代广场3层,30.2012490,115.0319170,maimai_dx,,maimai_dx:1,bemanicn
潮玩空间丽水青田店,浙江省丽水市青田县龙津路135号香溢广场c001,28.4706540,119.9246410,maimai_dx,,maimai_dx:1,wahlap;bemanicn
潮玩空间佛山三水店,广东省佛山市三水区西南街道三水广场二楼2653号店,23.0186520,113.1148340,chunithm,,,wahlap
潮玩空间站珠海斗门去万达店,广东省珠海市斗门去万达二楼梦次元潮玩空间站,22.2700450,113.5733510,chunithm,,,wahlap
潮玩空间顺德店,大良街道南江社区南霞新路9号美的置业悦然广场1栋225铺,23.0209710,113.1142890,chunithm,,chunithm:1,bemanicn
潮玩空间黄石时代广场店,湖北省黄石市阳新县华联时代广场3楼,30.1993790,115.0373050,maimai_dx,,,wahlap
潮玩英雄唐山玉田北购店,河北省唐山市玉田县北环路北方购物4楼东侧潮玩英雄,39.6313810,118.1690620,maimai_dx;other,,maimai_dx:1,wahlap;bemanicn
潮玩英雄唐山遵化店,河北省唐山市遵化市文化北路金缘购物四楼潮玩英雄电玩城,39.6252260,118.1717090,maimai_dx,,maimai_dx:1,wahlap;bemanicn
潮玩萌兽乐山市中万达店,四川省乐山市市中区乐青路万达广场3楼潮玩萌兽,29.5573100,103.7621480,maimai_dx,,,wahlap
潮玩萌兽六盘水钟山万达店,贵州省六盘水市钟山区万达广场二楼潮玩萌兽,26.5978810,104.8252040,maimai_dx,,,wahlap
潮玩萌兽安康汉滨吾悦店,陕西省安康市汉滨区吾悦广场三楼潮玩萌兽综合馆,32.6840230,109.0201370,maimai_dx,,,wahlap
潮玩萌兽曲靖万达店,云南省曲靖市万达广场3楼,25.4942100,103.7921240,maimai_dx,,,wahlap
潮玩萌兽综合馆（乐山万达店）,万达广场3楼中庭,29.5548850,103.7581850,maimai_dx,,maimai_dx:1,bemanicn
潮玩萌兽综合馆（六盘水店）,贵州省六盘水市钟山区万达广场2L潮玩萌兽综合馆,26.5957970,104.8300090,maimai_dx,,maimai_dx:1,bemanicn
潮玩萌兽综合馆（曲靖店）,万达广场2F2027号,25.4962810,103.7929270,maimai_dx,,maimai_dx:1,bemanicn
潮玩萌兽（攀枝花万达店）,机场路万达广场3F,26.5621530,101.7303760,maimai_dx,,maimai_dx:1,bemanicn
潮玩街区东台德润店,江苏省东台市海陵北路9号德润广场L5-010商铺潮玩街区,33.3519330,120.1631920,maimai_dx,,maimai_dx:1,wahlap;bemanicn
潮玩街区保定莲池万达店,河北省保定市莲池区东金庄乡七一路1999号负一层潮玩街区,38.8757490,115.4547510,maimai_dx,,,wahlap
潮玩街区南充高坪王府井店,四川省南充市高坪区王府井负一层潮玩街区,30.8413650,106.1073000,maimai_dx,,,wahlap
潮玩街区宝鸡金台万达店,陕西省宝鸡市金台区万达广场五楼潮玩街区,34.3609380,107.2307580,maimai_dx,,,wahlap
潮玩街区成都武侯来福士广场店,四川省成都市武侯区玉林街道人民南路四段3号来福士广场负一楼潮玩街区名创优品旁,30.5721650,104.0613180,maimai_dx,,,wahlap
潮玩街区枣庄薛城万达店,山东省枣庄市薛城区万达广场三楼南端潮玩街区,34.8088340,117.3183980,maimai_dx,,,wahlap
潮玩街区潍坊新辰店,山东省潍坊市奎文区新辰天地二楼潮玩街区,36.7096920,119.1589370,maimai_dx,,,wahlap
潮玩街区电玩娱乐中心,王府井购物中心负一楼B1区,30.8402070,106.1043270,maimai_dx,,maimai_dx:1,bemanicn
潮玩街区盐城财富广场店,江苏省盐城市建湖县塘河街道湖中路与严桥路交叉口西南120米广益来财富广场3楼潮玩街区,33.3508640,120.1602910,maimai_dx,,,wahlap
潮玩街区运城盐湖苏宁广场店,山西省运城市盐湖区禹都大街苏宁广场三楼潮玩街区,35.0278920,110.9973350,maimai_dx,,,wahlap
潮玩街区（一票通玩）,开元大厦4楼,39.3295010,112.4206950,other,,,bemanicn
潮玩街区（保定未来石万达店）,未来石万达负一楼,38.8760680,115.4598140,maimai_dx,,maimai_dx:1,bemanicn
潮玩街区（来福士广场店）,人民南路四段3号来福士广场负1层名创优品旁,30.5745810,104.0588980,maimai_dx,,maimai_dx:1,bemanicn
潮玩街区（盐都吾悦店）,吾悦广场,33.3482600,120.1538500,maimai_dx,,maimai_dx:1,bemanicn
潮玩谷南宁相思湖店,广西壮族自治区南宁市西乡塘区相思湖购物公园负一楼,22.8235150,108.3657310,maimai_dx;other;taiko,,maimai_dx:2;taiko:1,wahlap;bemanicn
潮玩谷广西崇左中都新世界店,广西壮族自治区崇左市扶绥县新宁镇空港大道2号中都新世界三楼,22.3826320,107.3597190,maimai_dx,,,wahlap
潮玩谷游艺中心,空港大道2号中都新世界15号楼3楼,22.3771160,107.3612260,maimai_dx;taiko,,maimai_dx:1;taiko:1,bemanicn
潮玩运动街区,五堰街道五堰丰融超市三楼,32.6357240,110.7946840,chunithm;maimai_dx,,chunithm:1;maimai_dx:1,bemanicn
潮玩里ChaowanLi(中贸国际),"B-3-2, 3rd Floor, Zone B, Zhongmao Plaza Shopping, No.118 Chang' 5号线南稍门地铁站G出口 Xi'an Shannxi Province, 710061, Xi'an",34.2431291,108.9402848,maimai_dx;other,,maimai_dx:2,ziv
潮玩里西安碑林店,陕西省西安市碑林区长安路中贸广场B区三楼潮玩里,34.3471210,108.9322510,maimai_dx,,,wahlap
潮玩队长河池金城江店,广西壮族自治区河池市金城江区金汇影视城一楼A88-1商铺潮玩队长(金城江白马街店)（肯德基对面）,24.4923200,108.6285950,maimai_dx;other,,maimai_dx:1,bemanicn
潮玩魔都,金象城购物中心二楼,32.0640770,118.7893300,maimai_dx,,maimai_dx:1,bemanicn
潮玩魔都南京桥北新店,江苏省南京市江北新区金像城购物中心2楼街区J-2F-03-05-06,32.0615800,118.7937300,maimai_dx,,,wahlap
潮白大玩家,谭台生活广场三楼,39.5329460,116.6806850,maimai_dx,,maimai_dx:1,bemanicn
潮白大玩家廊坊谭台生活广场店,河北省廊坊市大厂回族自治县谭台生活广场3楼潮白大玩家,39.5390000,116.6722950,maimai_dx,,,wahlap
潮立方游乐城,环城东路28号尚东又一城商住楼3层301,23.0465000,112.4567110,maimai_dx,,maimai_dx:1,bemanicn
潮能空间,"荔城观翠路21号东汇城2层259-261,263,266,268",23.1307090,113.2612410,maimai_dx,,maimai_dx:1,bemanicn
潮能空间厦门湖里万达店,福建省厦门市湖里区万达广场二楼,24.4846120,118.0875530,maimai_dx;other,,maimai_dx:2,wahlap;bemanicn
潮能空间广州增城店,广东省广州市增城区荔城街观翠路21号东汇城2楼潮能空间,23.1301960,113.2624070,maimai_dx,,,wahlap
潮范儿呼和浩特新华MALL店,内蒙古呼和浩特市回民区新华MALL潮范儿电玩城,40.8412630,111.7393810,maimai_dx,,,wahlap
潮范儿琼海嘉积宝真广场店,海南省琼海市嘉积镇东风路6号宝真广场广百家1F012-1F047铺潮范儿,19.2575520,110.4742410,maimai_dx,,,wahlap
潮范儿电玩广百家店,嘉积镇东风路6号宝真广场广百家一楼,19.2586430,110.4661990,maimai_dx,,maimai_dx:1,bemanicn
潮范儿电玩海南儋州店,海南省儋州市潮范儿电玩,19.5250200,109.5759240,maimai_dx,,maimai_dx:1,wahlap;bemanicn
潮范儿电玩（新华MALL店）,新华MALL地下一层T24号,40.8376930,111.7420970,maimai_dx,,maimai_dx:1,bemanicn
潮范儿赤峰众联时代城店,赤峰市红山区桥北街道众联时代城三楼A05,42.2508120,118.8776190,maimai_dx,,,wahlap
潮范动漫城,河南省许昌市建安区新合作广场三楼潮范动漫城,34.0409320,113.8520240,maimai_dx,,maimai_dx:1,bemanicn
潮范动漫城许昌建安新合作广场店,许昌市建安区新合作广场3楼潮范动漫城,34.0436790,113.8448590,maimai_dx,,,wahlap
潮越时空沧州黄骅金宝店,河北省沧州市黄骅市金宝方圆荟二楼,38.3022970,116.8297940,chunithm,,,wahlap
潮趣堂常州吾悦广场店,江苏省常州市钟楼区延陵西路123号常州吾悦广场A座3楼,31.8180740,119.9713540,maimai_dx,,,wahlap
潮趣堂常州新北万达店,常州市新北区通江中路万达广场4楼,31.8105310,119.9676140,maimai_dx,,maimai_dx:1,wahlap;bemanicn
潮趣堂常州新北环球港店,江苏省常州市新北区通江中路江南环球港太阳大厅4楼L4111潮趣堂,31.8177200,119.9685270,chunithm;maimai_dx,,,wahlap
潮趣堂常州武进万达,江苏省常州市武进万达二楼潮趣堂,31.8130960,119.9664000,chunithm;maimai_dx;taiko,,chunithm:2;maimai_dx:1;taiko:1,wahlap;bemanicn
潮趣堂常州溧阳万达店,江苏省常州市溧阳市南大街199号万达广场三层3015商铺潮趣堂,31.8137050,119.9730990,chunithm;maimai_dx,,chunithm:2;maimai_dx:1,wahlap;bemanicn
潮趣堂超级乐园（常州吾悦国际店）,延陵西路123号常州吾悦广场1-3楼,31.8139390,119.9648130,chunithm;maimai_dx;other,,chunithm:1;maimai_dx:2,bemanicn
潮趣堂（常州环球港店）,潮趣堂(江南环球港店) 新北区龙虎塘街道通江中路598号江南环球港L4层花园中庭L4181,31.8162410,119.9706960,chunithm;jubeat;maimai_dx,,chunithm:2;jubeat:1;maimai_dx:1,bemanicn
潮酷潮玩·游戏电玩城,潍城区北关街道谷德锦中百奥莱1F,36.7057090,119.1582380,chunithm;maimai_dx,,chunithm:2;maimai_dx:1,bemanicn
潮酷潮玩潍坊潍城店,山东省潍坊市潍城区北宫街清平路中百奥莱一楼潮酷潮玩电玩城,36.7097240,119.1549110,chunithm;maimai_dx,,,wahlap
潮酷王国宿迁沭阳吾悦店,江苏省宿迁市沭阳县吾悦广场潮酷王国,33.9677570,118.2694220,maimai_dx,,maimai_dx:1,wahlap;bemanicn
潮酷电玩城群升广场店,闽侯县乌龙江南大道21号群升广场,26.0794690,119.2893940,taiko,,taiko:1,bemanicn
潮酷电顽(原菲游乐杭州丁桥天街店),丁桥龙湖天街四楼,30.2508410,120.2017240,maimai_dx;other,,maimai_dx:1,bemanicn
潮酷魔玩兖州龙贵店,济宁市兖州区建设东路399号龙贵购物广场负一,35.4133120,116.5806530,maimai_dx,,maimai_dx:1,wahlap;bemanicn
潮鹿星球南京鼓楼能悦坊店,南京市鼓楼区和燕路49号能悦坊f207号,32.0606270,118.7960470,maimai_dx,,maimai_dx:1,wahlap;bemanicn
火星局石河子万达店,新疆石河子市万达广场3楼火星局,44.3004250,86.0775130,chunithm;maimai_dx,,chunithm:2;maimai_dx:1,wahlap;bemanicn
火星工厂杭州拱墅大悦城店,浙江省杭州市拱墅区隐秀路1号大悦城购物中心4楼火星工厂店,30.2538990,120.2048720,chunithm,,,wahlap
火星计划双鸭山宝清店,黑龙江省双鸭山市宝清县谷兴商厦家乐购三楼火星计划家庭娱乐中心,46.6713880,131.1265950,maimai_dx,,,wahlap
火星计划家庭娱乐中心（双鸭山宝清店）,宝清县宝清镇谷兴商厦（家乐购）三楼北间,46.6702490,131.1280630,maimai_dx,,maimai_dx:1,bemanicn
火火联盟上海路万达店,吉林省长春市宽城区新发街道东三条街长春上海路万达广场3F火火联盟-炫动时空,43.8181430,125.3151020,chunithm;maimai_dx,,chunithm:2;maimai_dx:1,bemanicn
火火联盟长春万达店,吉林省长春市上海路万达广场3F,43.8136590,125.3098790,maimai_dx,,,wahlap
火车头英雄联盟动漫城,岳阳市临湘市白云湖广场对面,29.3554700,113.1209630,maimai_dx,,maimai_dx:1,bemanicn
灵宝快乐星球,河南省三门峡市灵宝市恒隆广场一楼东区快乐星球电玩城,34.7708840,111.1950040,maimai_dx,,maimai_dx:1,bemanicn
灵漫家庭娱乐广场山西晋中店,山西省晋中市榆次区龙湖大街天美杉杉奥特莱斯广场室内馆二层H-232,37.6909270,112.7454560,maimai_dx,,,wahlap
灵璧滴蜡熊孵化基地,湖光路211号,33.6485710,116.9560180,maimai_dx,,maimai_dx:1,bemanicn
炫e潮玩扬州宝应购物中心店,江苏省扬州市宝应县新亚细亚购物中心三楼,32.3946070,119.4129720,maimai_dx,,maimai_dx:1,wahlap;bemanicn
炫e潮玩泗洪泗州吾悦店,江苏省泗洪县泗州吾悦广场三楼最东侧炫e潮玩,33.9665210,118.2730640,maimai_dx,,maimai_dx:1,wahlap;bemanicn
炫一潮玩（原一同潮玩）,江苏省连云港市海州区龙西北路连云港苏宁广场3F,34.6013850,119.2123700,maimai_dx,,maimai_dx:1,bemanicn
炫动一号,黄河新世界4F,35.0270880,111.0060890,maimai_dx;taiko,,maimai_dx:1;taiko:1,bemanicn
炫动乐园,双流区蛟龙港双流园区海滨城天街1楼168号,30.5735520,104.0679160,maimai_dx,,maimai_dx:1,bemanicn
炫动乐园成都双流店,成都市双流区九江街道海滨城天街一楼169号,30.5719980,104.0646920,maimai_dx,,,wahlap
炫动四方 (阳光城),"L3, Youyi Sunshine City, Jinlong Road Longhua District 龙华区 Haikou City 海口市 Hainan Province 海南省, 570125, Haikou City 海口市",20.0258197,110.3198413,chunithm;maimai_dx;other;taiko,,chunithm:4;maimai_dx:3;taiko:1,ziv
炫动四方(星沙永旺店),永旺梦乐城中庭4楼（柠季柠檬茶对面）（地铁3号线广生站2出入口进入商场）,28.2327960,112.9311300,maimai_dx;other;taiko,,maimai_dx:1;taiko:1,bemanicn
炫动四方三亚大悦城店,海南省三亚市吉阳区迎宾路三亚大悦城购物中心3楼炫动四方,18.2517510,109.5065180,chunithm;maimai_dx;taiko,,chunithm:2;maimai_dx:2;taiko:1,wahlap;bemanicn
炫动四方三亚天悦城店,海南省三亚市吉阳区月川中路8号天悦城三楼炫动四方,18.2502320,109.5099910,chunithm;maimai_dx,,,wahlap
炫动四方居然店,硅谷大街与锦湖大路交汇 中商世界里三层,43.8175470,125.3114210,chunithm;maimai_dx;taiko,,chunithm:2;maimai_dx:2;taiko:1,bemanicn
炫动四方摩天店,吉林省长春市南关区会展街道摩天活力城MALL购物中心三层301、302、3号01号商铺炫动四方(摩天活力城店),43.8146730,125.3098760,chunithm;maimai_dx;taiko,,chunithm:4;maimai_dx:3;taiko:1,bemanicn
炫动四方海口友谊阳光城店,海南省海口市龙华区友谊阳光城3楼炫动四方,20.0528670,110.1936000,chunithm;maimai_dx;taiko,,chunithm:4;maimai_dx:3;taiko:1,wahlap;bemanicn
炫动四方长春居然世界里店,吉林省长春市高新区居然世界里三楼炫动四方电玩城,43.8127190,125.3184320,chunithm;maimai_dx,,,wahlap
炫动四方长春摩天活力城店,吉林省长春市经开区摩天活力城三楼炫动四方,43.8132850,125.3243550,chunithm;maimai_dx,,,wahlap
炫动四方长沙县永旺梦乐城店,湖南省长沙市长沙县东九路永旺梦乐城4楼410炫动四方,28.2328300,112.9285500,maimai_dx,,,wahlap
炫动四方（三亚万象汇店）,月川中路8号三亚万象汇三楼,18.2581240,109.5034790,chunithm;maimai_dx;taiko,,chunithm:2;maimai_dx:1;taiko:1,bemanicn
炫动星屿,东城街道莒州路29号万达广场3F-3011A号,37.4369560,118.6670510,other,,,bemanicn
炫动星球电玩城,双兴南路71号万达广场三楼,40.7149890,122.1643350,chunithm;maimai_dx,,chunithm:2;maimai_dx:2,bemanicn
炫动星球盘锦兴隆台万达店,辽宁省盘锦市兴隆台区兴盛街道万达社区万达商业广场室内步行街3F层3F-A号商铺,40.7157370,122.1653420,chunithm;maimai_dx,,,wahlap
炫动魔方南昌东湖店,江西省南昌市东湖区青山北路18号life青山汇3F-11炫动魔方家庭娱乐中心,28.6870340,115.8490540,chunithm;maimai_dx,,,wahlap
炫动魔方成都双流店,四川省成都市双流区西航港街道韩国城喜乐齐超市二楼炫动魔方电玩城,30.5756830,104.0612320,chunithm;maimai_dx,,,wahlap
炫动魔方电玩城（韩国城购物中心店）,西航港街道珠江路与临港路五段交叉口东南180米,30.5712280,104.0612140,chunithm;maimai_dx,,chunithm:1;maimai_dx:1,bemanicn
炫动魔方芷江店,和平大道锦绣新城三楼,27.5747020,110.0005200,chunithm;maimai_dx,,chunithm:1;maimai_dx:1,bemanicn
炫奇儿童乐园,中国安徽省池州市贵池区长江中路大润发超市1楼,30.6779570,117.4946690,other,,,bemanicn
炫彩大玩家,"90 Jinfeng N. Rd., Tangjiawan Township (高新区唐家湾镇金峰北路90号) L3-020, 3rd Floor, Zhuhai Powerlong Mall (珠海宝龙城3楼 L3-020) Zhuhai Guangdong, 519087, Zhuhai",22.3848561,113.5458413,maimai_dx,,,ziv
炫彩大玩家宝龙城珠海店,广东省珠海市香洲区金峰北路高新宝龙城3楼L3-020,22.2751290,113.5691150,maimai_dx,,maimai_dx:1,wahlap;bemanicn
炫技星空金华世贸城市店,浙江省金华市婺城区金华世贸城市广场负一楼炫技星空,29.0799400,119.6426770,maimai_dx;other,,maimai_dx:1,wahlap;bemanicn
炫技星空金华义乌之心店,浙江省金华市义乌市稠城街道工人西路9号义乌之心城市生活广场6楼炫技星空,29.0852020,119.6417890,maimai_dx,,maimai_dx:1,wahlap;bemanicn
炫技星空金华婺城永盛店,浙江省金华市婺城区城中街道永盛购物广场四层402室-31号,29.0820090,119.6400300,maimai_dx,,,wahlap
炫次方万丰海岸城店,广东省深圳市宝安区新桥街道万丰社区万丰海岸城购物中心A馆五层E515炫次方(万丰海岸城店),22.5431450,114.0547270,chunithm;maimai_dx;other,,chunithm:2;maimai_dx:1,bemanicn
炫次方广州天河正佳店,广东省广州市天河区正佳广场5楼5D113-114铺炫次方,23.1351820,113.2593140,maimai_dx,,,wahlap
炫次方正佳广场店,天河路228号正佳广场5层5D113-114,23.1288380,113.2587020,maimai_dx;other,,maimai_dx:1,bemanicn
炫次方深圳南山宝能太古城店,深圳市南山区蛇口街道深圳湾社区中心路2233号宝能太古城花园南区二楼SL211炫次方,22.5467140,114.0579550,maimai_dx;other,,maimai_dx:1,wahlap;bemanicn
炫次方深圳宝安海岸城店,广东省深圳市宝安区新桥街道万丰社区万丰海岸城A馆E515五楼炫次方,22.5510650,114.0528640,chunithm;maimai_dx,,,wahlap
炫游邦家庭娱乐中心,江苏省徐州市睢宁县睢河北路徐州睢宁万达广场2F炫游邦家庭娱乐中心(徐州睢宁万达广场店),34.2077660,117.2816170,maimai_dx,,maimai_dx:1,bemanicn
炫烽超级电玩(步行街店),"合肥市庐阳区逍遥津街道寿春路93号美林美妆负1楼 Hefei Shi Anhui Sheng, 230000, Hefei Shi",31.8655253,117.2952909,other,,,ziv
炫舞星河电玩城铁岭新城铁岭市总工会店,铁岭市新城区铁岭市总工会职工之家综合楼B区主003号,42.2164260,123.7176050,maimai_dx,,,wahlap
炫酷地带,广安市岳池县九龙街道瑞鼎·星都会1楼,30.4593840,106.6259570,maimai_dx,,maimai_dx:1,bemanicn
炫酷地带广安岳池店,四川省广安市岳池县瑞鼎星都会1-1炫酷地带,30.4593040,106.6244640,maimai_dx,,,wahlap
炫酷地带广安武胜店,四川省广安市武胜县沿口镇融恒时代广场,30.4576820,106.6346830,maimai_dx,,maimai_dx:1,wahlap;bemanicn
炫酷地带重庆江津店,重庆市江津区双福街道南北大道北段602号附88号2-41双福星街3栋2-1炫酷地带,29.3255250,106.2557900,maimai_dx,,maimai_dx:1,wahlap;bemanicn
炫酷游艺嘉兴嘉善店,浙江省嘉兴市嘉善县嘉善大道601号3楼炫酷游艺,30.7498250,120.7573470,maimai_dx,,maimai_dx:1,wahlap;bemanicn
炫酷空间蚌埠万达店,安徽省蚌埠市湖滨社区东海大道4399号万达广场百货楼2楼炫酷空间,32.9204730,117.3844010,maimai_dx,,,wahlap
炫酷空间蚌埠蚌山万达店,蚌山区万达广场二楼,32.9160270,117.3835630,maimai_dx,,maimai_dx:1,bemanicn
炫酷联盟电玩城,龙华路1号大商新玛特6楼,47.3517190,123.9069660,jubeat;other;taiko,,jubeat:1;taiko:1,bemanicn
炫酷风游乐动漫城,富园广场步行街中间20号楼西首炫酷风游乐动漫城,34.5942740,119.2204990,maimai_dx,,maimai_dx:1,bemanicn
炫酷风连云港灌云富园广场店,江苏省连云港市灌云县伊山镇富园广场步行街中间20号楼西首炫酷风游乐动漫城,34.5962130,119.2100530,maimai_dx,,,wahlap
炫青春乐动城（潮可爱）(伟业城购物中心店),伟业城购物中心4楼,33.0133980,114.0123050,maimai_dx,,maimai_dx:1,bemanicn
炫鼓音游工作社,静蕙街3号5号车库,38.9122680,121.6035470,iidx;jubeat;taiko,,iidx:1;jubeat:1;taiko:1,bemanicn
烈火游戏机娱乐,"Jiangning Road No. 77-4F 美琪大剧院对面 静安区 (Jing'an District) 上海 (Shanghai), 200041, 静安区 (Jing'an District)",31.2311100,121.4510035,chunithm;ddr;gitadora;iidx;jubeat;maimai_dx;nostalgia;ongeki;other;sdvx;taiko,,chunithm:1;ddr:1;gitadora:2;iidx:2;jubeat:1;maimai_dx:2;nostalgia:1;ongeki:1;sdvx:4;taiko:2,ziv
烟大轮渡中华复兴号客滚轮,烟台港,37.4639130,121.4376480,other,,,bemanicn
热带时光中山南头海雅缤纷天地店,中山市南头镇海雅缤纷天地3楼热带时光家庭娱乐中心,22.5220450,113.3862660,maimai_dx,,,wahlap
热带时光佛山东基禅西环宇城店,佛山市禅城区张槎街道东基环宇城二楼热带时光家庭娱乐中心,23.0249290,113.1103770,maimai_dx,,,wahlap
热带时光佛山西樵店,广东省佛山市南海区西樵镇轻纺城东区樵金南路215号星元汇大厦三层3019,23.0281790,113.1169570,maimai_dx,,,wahlap
热带时光家庭娱乐中心,南海区西樵镇轻纺城东区樵金南路215号星元汇大厦三层3019,23.0246210,113.1129800,maimai_dx,,maimai_dx:1,bemanicn
热带时光家庭娱乐中心 Tropical Time Games (深圳店),"3rd Floor, Zhongke Plaza, Fuyong Subdistrict, Bao’an District 宝安区 Shenzhen City 深圳市 Guangdong Province 广东省, 518103, Shenzhen City 深圳市",22.6694421,113.8226057,maimai_dx;other,,,ziv
热带时光家庭娱乐中心 深圳店,中国广东省深圳市宝安区福永街道中科广场3楼,22.5504500,114.0540150,maimai_dx,,maimai_dx:1,bemanicn
热带时光家庭娱乐中心禅西环宇城店,石湾街道东基禅西环宇城东馆二楼,23.0220920,113.1149860,maimai_dx,,maimai_dx:1,bemanicn
热带时光家庭娱乐中心（中山南头海雅店）,广东省中山市升辉北路与升辉南路交叉口东北方向194米左右中山海雅缤纷天地热带时光(中山海雅缤纷天地店),22.5207470,113.3897330,maimai_dx,,maimai_dx:1,bemanicn
热带时光家庭娱乐中心（未来石店）,未来石购物中心3层东侧,36.6232700,114.5316300,maimai_dx,,maimai_dx:1,bemanicn
热带时光深圳宝安怀德广场店,广东省深圳市宝安区福永街道怀德生活广场3楼热带时光,22.5471070,114.0499190,maimai_dx,,,wahlap
热带时光邯郸邯山店,河北省邯郸市邯山区未来石购物中心三层热带时光,36.6205790,114.5339210,maimai_dx,,,wahlap
热带雨林 中山古镇镇店,新兴大道东8号大信新都会五楼,22.5201090,113.3893580,other,,,bemanicn
热带雨林丰台丰科万达店,北京市丰台区丰科万达3楼热带雨林,39.8600070,116.2832240,maimai_dx,,,wahlap
热带雨林主题乐园清远清城壹悦城店,清远市清城区壹悦城三楼热带雨林,23.6869470,113.0497720,maimai_dx,,,wahlap
热带雨林主题乐园（义乌万达店）,稠江街道万达广场3F热带雨林,29.0800930,119.6473830,maimai_dx;other,,maimai_dx:1,bemanicn
热带雨林主题乐园（美乐城店）,人民路456号美乐城五楼,36.6260370,114.5275350,chunithm;jubeat;maimai_dx,,chunithm:2;jubeat:2;maimai_dx:2,bemanicn
热带雨林动漫城（呼市海亮店）,海亮广场D座6楼,40.8388010,111.7456270,gitadora;other;taiko,,gitadora:1;taiko:2,bemanicn
热带雨林宁波江北万达广场店,浙江省宁波市江北区江北大道 188 号万达广场 2 层娱乐楼 2F-A,29.8644920,121.6239770,maimai_dx,,maimai_dx:1,wahlap;bemanicn
热带雨林家庭娱乐体验中心,三角镇福源南路23号,22.5219420,113.3859480,other,,,bemanicn
热带雨林广州增城店,广东省广州市增城区荔城增城大道69号万达广场二楼,23.1346480,113.2615180,maimai_dx,,maimai_dx:2,wahlap;bemanicn
热带雨林泉州鲤城万达店,泉州市鲤城区鲤城万达,24.8781780,118.6740280,jubeat;maimai_dx;taiko,,jubeat:2;maimai_dx:2;taiko:1,wahlap;bemanicn
热带雨林清远清城壹悦城店,广东省清远市清城区壹悦城三楼热带雨林,23.6837730,113.0534170,maimai_dx,,,wahlap
热带雨林湛江赤坎店,广东省湛江市赤坎区世贸大厦三楼,21.2699940,110.3498450,maimai_dx,,maimai_dx:1,wahlap;bemanicn
热带雨林潮玩空间（漳州万达店）,台商万达3F,24.5207600,117.6381050,other,,,bemanicn
热带雨林珠海斗门店,广东省珠海市斗门区井岸镇大信新都汇热带雨林3～4楼,22.2744020,113.5743210,maimai_dx,,maimai_dx:1,wahlap;bemanicn
热带雨林电玩空间,东湖路1号壹悦城3楼,23.6857800,113.0522530,jubeat;maimai_dx;taiko,,jubeat:2;maimai_dx:2;taiko:1,bemanicn
热带雨林邯郸丛台店,河北省邯郸市丛台区人民东路环球中心美乐城五层热带雨林主题乐园,36.6216160,114.5353630,chunithm;maimai_dx,,,wahlap
热带雨林（丰科万达3F）,丰科路6号丰科万达广场3层,39.9035950,116.4048100,maimai_dx;other,,maimai_dx:2,bemanicn
热带雨林（小榄店）,小榄镇新华中路118号大信新都汇118广场3楼,22.5194850,113.3906190,other;taiko,,taiko:1,bemanicn
焊窝×7shop,康桥圣菲2栋220,32.0626800,118.7855800,chunithm;maimai_dx;ongeki,,chunithm:1;maimai_dx:3;ongeki:1,bemanicn
焕游星际,渝碚路街道天陈路1号附2号炫地7街物理3层平街第负1层F034商铺,30.8942890,121.8102899,chunithm;maimai_dx;other,,chunithm:2;maimai_dx:1,bemanicn;ziv
焕游星际 (宝鸡开元商城),"4F, Kaiyuan Shopping, Jinkai second road (经开二路开元商城4楼西南角) Baoji Shannxi, 721000, Baoji",34.3709062,107.1458495,other,,,ziv
焕游星际上海临港万达店,上海市浦东新区泥城镇临港万达广场二楼焕游星际,31.2211230,121.5391560,maimai_dx;other,,maimai_dx:1,wahlap;bemanicn
焕游星际宁波奉化店,浙江省宁波市奉化区中山东路299号万达广场二楼焕游星际,29.8604430,121.6190930,chunithm;maimai_dx,,,wahlap
焕游星际家庭娱乐中心,子午大道与丈八东路西南角立丰城3楼0303号商铺,34.3468320,108.9321310,chunithm;maimai_dx;taiko,,chunithm:2;maimai_dx:2;taiko:1,bemanicn
焕游星际沙坪坝天陈路店,重庆市沙坪坝区天陈路1号炫地7街负一楼焕游星际,29.5414190,106.4477450,chunithm;maimai_dx,,,wahlap
焕游星际电玩娱乐中心,奉化区岳林街道中山东路299号,29.8656430,121.6250660,chunithm;maimai_dx;taiko,,chunithm:2;maimai_dx:1;taiko:1,bemanicn
焕游星际西安雁塔立丰城店,陕西省西安市雁塔区丈八东路与子午大道西南角立丰城三楼焕游星际（3030商铺）,34.3466190,108.9387850,chunithm;maimai_dx,,,wahlap
焕游星际郑州荥阳吾悦广场店,郑州市荥阳市荥泽大道与郑上路交叉口吾悦广场Z419,34.7496160,113.6152240,chunithm;maimai_dx,,chunithm:2;maimai_dx:1,wahlap;bemanicn
熊孩子乐园安庆望江店,安徽省安庆市望江县云珠国际广场三楼,30.5315670,117.1089240,maimai_dx,,maimai_dx:1,wahlap;bemanicn
熊孩子游乐场,东至永辉超市新天地2楼,30.6755720,117.4880950,maimai_dx,,maimai_dx:1,bemanicn
熊孩子游乐场池州东至新天地店,池州市东至县新天地二楼,30.6743160,117.4932570,maimai_dx,,,wahlap
熊开心宜春润达国际店,江西省宜春市润达国际购物中心三楼,27.8214240,114.4060130,maimai_dx,,,wahlap
熊开心家庭娱乐电玩城(万象九宜城店),福建省福州市台江区西环中路691号万象城F2-216A熊开心家庭娱乐电玩城(万象九宜店),26.0750690,119.2918760,maimai_dx;other,,maimai_dx:1,bemanicn
熊开心电玩城,黄陂路228号润达国际购物中心3F,27.8151010,114.4110610,maimai_dx,,maimai_dx:1,bemanicn
熊开心福州台江店,福建省福州市台江区上海街道万象九宜城二楼熊开心家庭娱乐,26.0793070,119.2884440,maimai_dx,,,wahlap
熊熊雀庄杭州拱墅店,浙江省杭州市拱墅区米市巷街道华龙商务大厦502室,30.2542680,120.2049000,maimai_dx,,,wahlap
熠辉潮游,永和广场c栋3楼,24.8883100,102.8338530,maimai_dx,,maimai_dx:2,bemanicn
熠辉潮游昆明盘龙永和广场店,云南省昆明市盘龙区金辰街道办事处罗丰社区居委会北京路1126号永和广场三层B-L3-3号,24.8813570,102.8369470,maimai_dx,,,wahlap
燕窝 2.9ver,趵北路龙泉商城五楼东头南侧,36.6522530,117.1165280,chunithm;maimai_dx;ongeki,,chunithm:1;maimai_dx:1;ongeki:1,bemanicn
爱上潮玩游艺娱乐东营广饶店,东营市广饶县乐安大街鲁商城市广场3号楼二层,37.4358820,118.6659370,maimai_dx,,,wahlap
爱上潮玩（鲁商城市广场店）,广饶鲁商城市广场南门（兰州拉面旁边电梯上2楼）,37.4296450,118.6661380,maimai_dx,,maimai_dx:1,bemanicn
爱乐园德阳旌阳店,长江西路一段与凉山街交叉口,31.1334750,104.3910620,chunithm;maimai_dx;other,,chunithm:2;maimai_dx:1,bemanicn
爱儿乐亲子潮玩基地,鱼岳镇金街广场二楼星动漫潮玩基地,29.8414950,114.3157780,other;taiko,,taiko:1,bemanicn
爱吉乐(茶园新天地店),新华街道茶园路15号茶园新天地3楼,23.1291850,113.2600680,maimai_dx,,maimai_dx:1,bemanicn
爱吉乐中山石岐华发店,广东省中山市石岐区中山二路华发商都三楼爱吉乐,22.5200660,113.3849250,maimai_dx,,,wahlap
爱吉乐家庭娱乐中心,中山二路3号华发广场3层7-14卡,22.5168340,113.3871260,maimai_dx,,maimai_dx:1,bemanicn
爱吉乐家庭娱乐中心(石井国际店),广东省广州市白云区石沙路86号石井国际3楼,23.1358720,113.2636380,maimai_dx,,maimai_dx:1,bemanicn
爱吉乐广州白云店,广东省广州市白云区石沙路86号石井国际3楼爱吉乐,23.1292840,113.2597270,maimai_dx,,,wahlap
爱吉乐广州花都茶园新天地店,广东省广州市花都区新华街道茶园路15号茶园新天地3楼爱吉乐潮玩游乐中心,23.1347200,113.2587430,maimai_dx,,,wahlap
爱吉乐深圳罗湖喜荟城店,广东省深圳市罗湖区东湖街道喜荟城西区永旺2楼爱吉乐东湖店,22.5442730,114.0541540,maimai_dx,,,wahlap
爱婴城堡,金峰镇胪东二路1号好莱钨商场2楼,26.0740360,119.2934450,maimai_dx;taiko,,maimai_dx:1;taiko:2,bemanicn
爱婴城堡福州长乐店,福建省福州市长乐区金峰镇胪东二路1号好莱钨商场二层爱婴城堡游乐场,26.0723610,119.2906690,maimai_dx,,,wahlap
爱尚潮玩,信源商厦4楼爱尚潮玩（电影院旁边）,38.3029090,116.8262470,maimai_dx,,maimai_dx:1,bemanicn
爱尚潮玩沧州黄骅店,河北省沧州市黄骅市学院西路信源购物广场4楼,38.3057880,116.8303780,maimai_dx,,,wahlap
爱巴爱麻家庭娱乐中心(南县店),湖南省益阳市南县南洲镇兴盛路与沿湖路交汇处步步高广场3层爱巴爱麻家庭娱乐中心(兴盛路店),28.5552780,112.3527890,maimai_dx,,maimai_dx:1,bemanicn
爱巴爱麻家庭娱乐中心江津爱琴海店,重庆市江津区双福街道爱琴海购物公园3楼,29.3249680,106.2657180,maimai_dx,,,wahlap
爱巴爱麻电玩城爱琴海店,江津区南北大道北段726号重庆双福爱琴海购物公园F3层,29.3202610,106.2578550,maimai_dx,,maimai_dx:1,bemanicn
爱巴爱麻黄冈浠水润达店,湖北省黄冈市浠水县润达国际三楼爱巴爱麻,30.4560410,114.8731670,maimai_dx,,,wahlap
爱淘王国中山小榄时代店,广东省中山市小榄镇北秀路百汇时代广场3楼爱淘玩国潮玩游乐中心,22.5179680,113.3832280,maimai_dx,,,wahlap
爱淘玩国家庭游乐中心（中山小榄百汇店）,百汇时代广场3楼,22.5190210,113.3830970,maimai_dx;other;taiko,,maimai_dx:1;taiko:1,bemanicn
爱游乐第e玩家绍兴新昌店,浙江省绍兴市新昌县万达广场三楼第e玩+,30.0497000,120.5756530,maimai_dx;other,,maimai_dx:2,wahlap;bemanicn
爱游乐第一玩家南京高淳店,江苏省南京市高淳区宝龙广场二楼爱游乐第一玩家,32.0649050,118.7919920,maimai_dx,,,wahlap
爱游游乐园聊城振华店,山东省聊城经济技术开发区东城街道振华购物中心四层4-401,36.4511710,115.9775270,maimai_dx,,,wahlap
爱玩俱乐部(韩多多)威海韩乐坊店,乐天世纪城5号1层韩多多梦幻城,37.5170820,122.1162580,maimai_dx;other,,maimai_dx:1,bemanicn
爱玩嘉年华 iPlay World (江北观音桥一店),"No.2 Beicheng Tianjie, Guanyinqiao, Liangjiang New Area (Near Ti Jiangbei District Chongqing Chongqing, 400020, Chongqing",29.5815330,106.5303330,other,,,ziv
爱玩嘉年华 iPlay World (西城天街),"3rd Floor, Longhu Xicheng Paradise Walk Jiulongpo District Chongqing Chongqing, 400050, Chongqing",29.5136663,106.5138580,other,,,ziv
爱玩嘉年华 iPlay World (重庆江北二店),"1F (Outdoor Plaza), No.8-12 Guanyinqiao Pedestrian Street, Damoc Jiangbei District Chongqing Chongqing, 400020, Chongqing",29.5783170,106.5293520,maimai_dx;other,,maimai_dx:2,ziv
爱玩嘉年华 iPlay World (金沙店),"L5, Building B, Jinsha Paradise Walk Mall, Sanxia Square Shapingba District Chongqing Chongqing, 400030, Chongqing",29.5565041,106.4579581,maimai_dx;other,,,ziv
爱玩嘉年华(龙湖杭州金沙天街店),金沙大道560号龙湖杭州金沙天街L3层3F-01,30.2513610,120.2020080,maimai_dx,,maimai_dx:1,bemanicn
爱玩嘉年华万州店,重庆市万州区北滨大道998号万达广场1号门2楼爱玩嘉年华,30.8103160,108.3994930,maimai_dx,,maimai_dx:1,wahlap;bemanicn
爱玩嘉年华合川财富广场店,合阳大道绿港财富中心A馆LG层,29.9736710,106.2700660,maimai_dx;other,,maimai_dx:1,bemanicn
爱玩嘉年华成都西宸天街店,四川省成都市金牛区龙湖西宸天街3楼爱玩嘉年华,30.5718230,104.0616630,maimai_dx;taiko,,maimai_dx:1;taiko:1,wahlap;bemanicn
爱玩嘉年华杭州钱塘店,浙江省杭州市钱塘区金沙大道560号金沙龙湖天街3楼爱玩嘉年华,30.2511460,120.2079460,maimai_dx,,,wahlap
爱玩嘉年华江北观音桥一店,重庆市两江新区观音桥天天尚街爱玩嘉年华江北一店,29.6452730,106.5568280,maimai_dx;other,,,wahlap;bemanicn
爱玩嘉年华深圳龙华店,广东省深圳市龙华区壹方天地A区二楼爱玩嘉年华,22.5489410,114.0571850,maimai_dx,,,wahlap
爱玩嘉年华西安新城长乐龙湖店,陕西省西安市新城区胡家庙街道万寿北路58号龙湖西安长乐天街 爱玩嘉年华,34.3436670,108.9403780,maimai_dx,,,wahlap
爱玩嘉年华西安龙湖长乐天街店,新城区万寿北路58号西安龙湖长乐天街B馆B3层-21-22,34.3478560,108.9333880,maimai_dx,,maimai_dx:1,bemanicn
爱玩嘉年华重庆合川店,重庆市合川区合阳城街道财富广场LG层,29.9733890,106.2705790,maimai_dx,,,wahlap
爱玩嘉年华重庆江北二店,重庆重庆市两江新区观音桥街道,29.6440160,106.5648630,maimai_dx,,maimai_dx:2,wahlap;bemanicn
爱玩嘉年华金沙店娱乐厅,重庆市沙坪坝区三峡广场金沙天街B馆五楼爱玩嘉年华,29.5472400,106.4508550,maimai_dx,,maimai_dx:1,wahlap;bemanicn
爱玩嘉年华（壹方天地店）,龙华街道景龙社区壹方天地A区L2-045号,22.5437590,114.0541830,maimai_dx,,maimai_dx:1,bemanicn
爱玩嘉年华（重庆西城天街店）（maimai已撤）,龙湖重庆西城天街3楼,29.5311380,106.4991180,other,,,bemanicn
爱玩星球洛阳西工店,河南省洛阳市西工区大卫天地九楼,34.6241420,112.4439810,maimai_dx,,,wahlap
爱玩星球瀚海海尚店,丰庆路东风路交叉口瀚海海尚负1楼,34.7495820,113.6183220,maimai_dx;other,,maimai_dx:1,bemanicn
爱玩星球焦作解放店,河南省焦作市解放区万达广场三楼爱玩星球,35.2117470,113.2355750,maimai_dx,,maimai_dx:2,wahlap;bemanicn
爱玩星球郑州正弘汇店,河南省郑州市高新区正弘汇5楼,34.7470930,113.6141250,maimai_dx,,maimai_dx:1,wahlap;bemanicn
爱玩星球郑州金水店,河南省郑州市金水区东风路瀚海海尚mall-B146号爱玩星球,34.7470360,113.6233420,maimai_dx,,,wahlap
爱玩星球驻马店,河南省驻马店市经济开发区乐山大道与置地大道交叉口爱克玖隆茂购物中心三楼爱玩星球,33.0203140,114.0128160,drs;maimai_dx,,drs:1;maimai_dx:1,wahlap;bemanicn
爱玩汇欢乐堡游戏厅,陆河大道与建设路交叉口东北60米（岁宝百货2楼）,22.7938680,115.3671800,taiko,,taiko:1,bemanicn
爱玩荟北京朝阳新世界百货店,北京市朝阳区建国路93号万达广场A座新世界百货2楼,39.9218490,116.4380220,chunithm;maimai_dx,,,wahlap
爱玩荟吕梁汾阳西府街店,山西省吕梁市汾阳市鼓楼南路西府街5号一楼爱玩荟,37.5194710,111.1440850,maimai_dx,,,wahlap
爱玩荟家庭娱乐中心 Love the game together（望京店）,"3F, New World Shopping Center (新世界百货望京店), Guang Shunnan Avenue N Chaoyang District Beijing Beijing, 100020, Beijing",39.9856638,116.4740495,chunithm;maimai_dx;other;taiko,,chunithm:2;maimai_dx:1;taiko:1,ziv
爱玩荟家庭游乐中心 Love the game together（大望路店）,"2F, New world shopping mall, Wanda Plaza CBD Block A No.93 Jianguo Road, Chaoyang District Beijing Chaoyang, 100025, Beijing",39.9079133,116.4663541,chunithm;jubeat;maimai_dx;other,,chunithm:2;jubeat:2;maimai_dx:3,ziv
爱玩荟家庭游乐中心北京望京店,北京市朝阳区广顺南大街16号院1号楼3层301内044号,39.9201430,116.4339710,chunithm;maimai_dx;taiko,,chunithm:2;maimai_dx:1;taiko:1,wahlap;bemanicn
爱玩荟家庭游乐中心（大望路店）,建国路93号CBD万达广场A座（新世界百货（大望路店））2楼东侧,39.8991720,116.3988170,chunithm;jubeat;maimai_dx,,chunithm:2;jubeat:2;maimai_dx:1,bemanicn
爱玩荟朔州朔城爱琴海店,山西省朔州市朔城区爱琴海购物公园1楼,39.3327900,112.4219220,maimai_dx,,,wahlap
爱玩荟电玩家庭娱乐中心（北苑店）,朝阳区北苑路42号K酷时尚广场F4层,39.9176590,116.4388430,chunithm;maimai_dx;taiko,,chunithm:2;maimai_dx:2;taiko:1,bemanicn
爱玩街区,新天地超市北门对面（并非超市内部）,34.4202600,115.6466630,maimai_dx,,maimai_dx:1,bemanicn
爱玩街区柘城新天地店,河南省商丘市柘城县华景广场新天地中心北门对面106号,34.4192480,115.6473450,maimai_dx,,,wahlap
爱玩超乐场（香河店）,河北省廊坊市香河县新开街49号凯荟广场,39.5406150,116.6746960,other,,,bemanicn
爱迪电玩城,香河县汇文金街,39.5366080,116.6728830,other,,,bemanicn
牛玩牛叫 Cow Play Cow Moo (新六百店),"4F-07, NEO YOUNG 600 Mall, No.932 Hengshan Road Xuhui District Shanghai Shanghai, 200100, Shanghai",31.1969305,121.4339662,maimai_dx;other;taiko,,maimai_dx:4;taiko:2,ziv
牛玩牛叫 Cow Play Cow Moo (龙之梦店),"5F, Longemont City Life Center, No.1018 Changning Road Changning District Shanghai Shanghai, 200042, Shanghai",31.2209176,121.4119810,chunithm;maimai_dx;other;taiko,,chunithm:2;maimai_dx:3;taiko:1,ziv
牧喵窝,中南路3号嘉园大厦2栋11层7号（1107）,30.5948050,114.3028160,chunithm;maimai_dx,,chunithm:2;maimai_dx:3,bemanicn
牧童乐园威海环翠店,山东省威海市环翠区威高广场生活汇2楼牧童乐园家庭娱乐中心,37.5091970,122.1150500,chunithm;maimai_dx,,,wahlap
牧童趣玩星球威海威高店,新威路17-5号威高广场生活汇(威高广场C馆)2楼,37.5074740,122.1182010,chunithm;maimai_dx;other,,chunithm:2;maimai_dx:1,bemanicn
特爱玩电玩城,天源路5号天河新天地3层L323-330,23.1285500,113.2586630,maimai_dx;other,,maimai_dx:1,bemanicn
特爱玩电玩城天河新天地店,广东省广州市天河区天源路5号天河新天地3楼,23.1360270,113.2590070,maimai_dx,,,wahlap
狐漓屋（穿山东路店）,广西壮族自治区桂林市七星区穿山东路18号1-2,25.2351830,110.1740670,maimai_dx,,maimai_dx:1,bemanicn
独山子美美影城克拉玛依店,新疆维吾尔自治区克拉玛依市独山子区西宁路街道大庆东路34号文化中心影院,45.5792240,84.8912150,maimai_dx,,maimai_dx:1,wahlap;bemanicn
猩派玩家宝能新都荟店,广东省汕头市潮阳区城南街道宝能新都荟2F猩派玩家,23.3596630,116.6815340,maimai_dx,,maimai_dx:2,wahlap;bemanicn
猩派玩家汕头潮阳和平广场店,广东省汕头市潮阳区和平镇和平广场卜蜂莲花一楼猩派潮玩社,23.3537350,116.6736220,maimai_dx,,maimai_dx:1,wahlap;bemanicn
猩派玩家汕头潮阳壹品店,广东汕头市潮阳区文光街道新河湾壹品购物广场一楼猩派玩家,23.3542540,116.6736620,maimai_dx,,,wahlap
猩派玩家汕头潮阳店,广东省汕头市潮阳区谷饶镇阳光百汇购物广场猩派玩家,23.3600750,116.6763370,maimai_dx,,maimai_dx:2,wahlap;bemanicn
猩际争霸 ApeCraft (中北永旺店),"AEON Mall (Zhongbei), Fucheng Road Xiqing District Tianjin Tianjin, 300380, Tianjin",39.1415130,117.0849060,maimai_dx;taiko,,maimai_dx:2;taiko:2,ziv
猩际争霸 ApeCraft (吾悦广场云山道店),"2F, Binhai Wuyue Plaza, No.819 Yunshan Road Binhai New Area Tianjin Tianjin, 300457, Tianjin",39.0651720,117.6159480,maimai_dx;taiko,,,ziv
猩际争霸 ApeCraft (武清万达店),"Shop 3056, Wanda Plaza, Fuyuan Road Wuqing District Tianjin Tianjin, 301724, Tianjin",39.4041770,117.0511270,maimai_dx;other,,,ziv
猩际争霸 ApeCraft (滨海万达店),"3F, Binhai Wanda Plaza, Dongting Road 4572 Binhai New Area Tianjin Tianjin, 120116, Tianjin",39.0152158,117.6741315,other,,,ziv
猩际争霸天津武清万达店,天津市武清区福源道万达广场三楼猩际争霸3056猩际争霸,39.3828790,117.0409580,maimai_dx,,maimai_dx:1,wahlap;bemanicn
猩际争霸天津西青滨海永旺购物中心店,天津市西青区中北工业园阜盛道1号永旺购物中心(中北店)2F层猩际争霸,39.1436530,117.0065700,maimai_dx,,,wahlap
猩际争霸滨海新区吾悦店,天津市滨海新区吾悦广场2楼Z202猩际争霸,39.0211480,117.6912920,maimai_dx,,,wahlap
猩际争霸（中北永旺店）,天津市天津市西青区阜盛道西青区AEON MALL(阜盛道南100米),39.1426190,117.0016770,maimai_dx;taiko,,maimai_dx:2;taiko:2,bemanicn
猩际争霸（吾悦广场云山道店）,云山道819号滨海吾悦广场2楼,39.0177860,117.6946140,maimai_dx;taiko,,maimai_dx:1;taiko:1,bemanicn
猫窝布吉店,广东省深圳市龙岗区鸿冠实业5栋,22.5477650,114.0570090,chunithm;maimai_dx;ongeki,,chunithm:5;maimai_dx:5;ongeki:1,wahlap;bemanicn
猫窝（东圃）,东圃地铁站，详情请加群,23.1308540,113.2582640,chunithm;maimai_dx;ongeki,,chunithm:3;maimai_dx:3;ongeki:1,bemanicn
猫窝（京溪）,白云区广州大道北1421号圣地大厦L203-2,23.1284250,113.2614890,chunithm;maimai_dx;ongeki,,chunithm:3;maimai_dx:3;ongeki:1,bemanicn
猫窝（大石店）,广东省广州市番禺区地铁3号线大石[地铁站],23.1289000,113.2594370,chunithm;maimai_dx,,chunithm:5;maimai_dx:5,bemanicn
猫鼓旗舰店,七莘路1599弄平金中心B2,31.2289570,121.4652290,taiko,,taiko:2,bemanicn
猫鼓旗舰店 Taiko Catz,"B2 Floor, Pingjin Center, No.1599 Qixin Road, Minhang District, Minhang District Shanghai Shanghai, 201100, Shanghai",31.1345177,121.3578122,taiko,,taiko:2,ziv
猿计划南海万科店,桂城桂澜中路23号南海万科广场3层,23.0226720,113.1202640,maimai_dx;other,,maimai_dx:1,bemanicn
猿计划游艺mall南海万科店,广东省佛山市南海区桂澜中路23号南海万科广场3楼猿计划游艺MALL,23.0219330,113.1147210,maimai_dx,,,wahlap
猿计划游艺MALL顺德万民金海城店,广东省佛山市顺德区乐从镇裕和路110万民金海城二楼猿计划游艺MALL,23.0269570,113.1136660,maimai_dx,,maimai_dx:1,wahlap;bemanicn
王者之风 (永旺梦乐城购物中心店),滨海新区泰达大街泰达时尚东路29号永旺梦乐城购物中心F2层,39.0192580,117.6888750,maimai_dx,,maimai_dx:1,bemanicn
王者之风 KING'S Arcade (AEON梦乐城购物中心店),"2F, AEON Mall, No.29 TEDA Fashion East Road, TEDA Street Binhai New Area Tianjin Tianjin, 300457, Tianjin",39.0304359,117.7228620,maimai_dx;other,,,ziv
王者之风塘沽区金街店,天津市滨海新区解放路777王者之风,39.0211320,117.6907610,maimai_dx,,,wahlap
王者之风天津南开鲁能城店,天津市南开区鲁能城购物中心b1王者之风电玩城（麦当劳对面）,39.1415180,117.1415720,maimai_dx,,,wahlap
王者之风天津大悦城店,天津市和平区南京路大悦城王者之风3f-1,39.1178650,117.2076780,chunithm;maimai_dx,,,wahlap
王者之风天津滨海新永旺店,天津市滨海新区时尚东路29号永旺梦乐城2楼王者之风,39.0135260,117.6888290,maimai_dx,,,wahlap
王者之风宁波北仑银泰店,浙江省宁波市北仑区北仑银泰城四楼王者之风,29.8640630,121.6178390,maimai_dx,,,wahlap
王者之风宁波海曙店,浙江省宁波市海曙区海曙印象城3楼王者之风电玩城,29.8673810,121.6195100,maimai_dx,,,wahlap
王者之风宁波鄞州店,浙江省宁波市鄞州区印象城3楼王者之风,29.8608000,121.6183980,maimai_dx,,,wahlap
王者之风杭州临平店,浙江省杭州市临平区世纪大道银泰城3楼王者之风,30.2493570,120.2015030,maimai_dx,,,wahlap
王者之风杭州招商花园城店,浙江省杭州市临平区崇贤街道崇杭街招商花园城3楼王者之风,30.2531990,120.2039880,maimai_dx,,,wahlap
王者之风海曙印象城店,中山西路3666号印象城3F3-01,29.8622150,121.6166110,maimai_dx;other,,maimai_dx:1,bemanicn
王者之风游乐体验中心 KING'S Arcade (大悦城店),"3F, Shop 3F-01, Heping Joy City, No.189 Nanjing Road Heping District Tianjin Tianjin, 300051, Tianjin",39.1166680,117.1915800,chunithm;maimai_dx;other,,chunithm:2;maimai_dx:2,ziv
王者之风游乐体验中心 KING'S Arcade (滨海万达店),"2F, Shop 2F-A, Wanda Plaza, Binhai New Area Binhai New Area Tianjin Tianjin, 300450, Tianjin",39.0136700,117.6744150,maimai_dx;other;taiko,,maimai_dx:1;taiko:2,ziv
王者之风游乐体验中心 KING'S Arcade (鲁能城店),"B1 Floor, Shop B1F-B40, Luneng City Shopping Center Nankai District Tianjin Tianjin, 300381, Tianjin",39.0939880,117.1693690,maimai_dx;other,,maimai_dx:2,ziv
王者之风游乐体验中心(宁波北仑银泰城店),新碶街道岷山路505号(银泰城)2幢505号四楼 04196-B铺位,29.8618660,121.6181840,maimai_dx,,maimai_dx:2,bemanicn
王者之风游乐体验中心(湾里庙步行街店),桥西区湾里庙步行街新天元名品商城一层,38.0396360,114.5069220,maimai_dx;other,,maimai_dx:1,bemanicn
王者之风游乐体验中心(鲁能城店),鲁能城负一B1F-B40,39.1215210,117.1858980,maimai_dx;other,,maimai_dx:2,bemanicn
王者之风游乐体验中心（大悦城店）,五大道街道南京路189号和平大悦城3F-01号,39.1180920,117.2108530,chunithm;maimai_dx,,chunithm:2;maimai_dx:2,bemanicn
王者之风游乐体验中心（潍坊诸城爱琴海店）,舜王街道红星路1号诸城爱琴海购物中心2楼2001号,36.7068210,119.1610220,maimai_dx,,maimai_dx:1,bemanicn
王者之风游乐体验中心（运河城店）,太白楼中路运河城负一层瑞尔福超市对过,35.4133500,116.5862870,maimai_dx;other,,maimai_dx:1,bemanicn
王者之风滨海万达店,天津市滨海新区洞庭路万达广场2F-A王者之风,39.0131090,117.6901720,maimai_dx;taiko,,maimai_dx:1;taiko:2,wahlap;bemanicn
王者之风潍坊诸城爱琴海店,山东省潍坊市诸城市和平路80号爱琴海购物中心2楼王者之风,36.7063010,119.1607860,maimai_dx,,,wahlap
王者之风电玩城(杭州城北招商花园城店),临平区崇文街招商花园城3楼3019铺,30.2536150,120.2028480,maimai_dx,,maimai_dx:2,bemanicn
王者之风石家庄勒泰店,河北省石家庄市勒泰商场三楼王者之风电玩城,38.0384080,114.5088020,maimai_dx,,,wahlap
王者之风石家庄桥西店,河北省石家庄市桥西区天元名品商城一层,38.0419310,114.5141040,maimai_dx,,,wahlap
王者之风石家庄长安万达店,河北省石家庄市长安区万达广场3楼,38.0433420,114.5086110,maimai_dx,,maimai_dx:1,wahlap;bemanicn
王者之风衢州衢江店,浙江省衢州市衢江区衢州银泰城3楼王者之风,28.9770770,118.8527420,maimai_dx,,,wahlap
王者之风运河城店,山东省济宁市任城区阜桥街道运河城负一层王者之风游客体验中心,35.4135850,116.5824990,maimai_dx,,,wahlap
王者之风邢台信都店,河北省邢台市信都区中华大街街道逗号立方广场四楼王者之风,37.0572890,114.4967050,maimai_dx,,,wahlap
王者之风鄞州印象城店,中河街道钱湖北路288号（鄞州印象城3楼）,29.8621180,121.6172800,maimai_dx;other;taiko,,maimai_dx:1;taiko:2,bemanicn
王者之风（慈溪环创爱琴海购物中心店）,慈溪市北三环东路1888号慈溪环创爱琴海购物公园2楼,29.8643020,121.6180620,maimai_dx,,maimai_dx:2,bemanicn
王者之风（昆山招商花园城店）,玉山镇萧林中路666号招商花园城3F,31.3045720,120.5828410,maimai_dx,,maimai_dx:2,bemanicn
王者传说（玖隆茂店）,驿城区乐山路1096号爱克CBD玖隆茂购物中心六楼王者传说,33.0155680,114.0207120,jubeat;taiko,,jubeat:1;taiko:1,bemanicn
王者宇宙郑州福都百货店,郑州市航海路与银莺路交叉口福都百货四楼王者宇宙,34.7489430,113.6162660,maimai_dx,,,wahlap
王者宇宙（福都广场店）,航海东路银莺路交叉口福都百货四楼,34.7512330,113.6207970,maimai_dx,,maimai_dx:1,bemanicn
玖号玩家 海星生活广场店,城南街道 海星生活广场2楼,31.3051730,120.5852810,maimai_dx,,maimai_dx:1,bemanicn
玖号玩家动漫城苏州相城永金广场店,江苏省苏州市相城区永金广场负一楼玖号玩家动漫城,31.3031720,120.5793380,maimai_dx,,maimai_dx:1,wahlap;bemanicn
玖号玩家苏州吴中海星广场店,江苏省苏州市吴中区城南街道海星生活广场2幢02-90、玖号玩家海星店,31.2996750,120.5815920,maimai_dx,,,wahlap
玛丽奥电玩南宁兴宁店,广西南宁市兴宁区步行街红星金逸影城1楼玛丽奥电玩城,22.8216820,108.3604920,maimai_dx;other,,maimai_dx:2,wahlap;bemanicn
玩乐兽家庭娱乐中心（龙湖香醍天街店）,高楼路与沁水路交汇处东北侧龙湖香醍天街三层（原奥飞欢乐世界）,34.3413390,108.9371890,maimai_dx,,maimai_dx:1,bemanicn
玩乐兽西安灞桥龙湖店,陕西省西安市灞桥区龙湖香醍天街3楼玩乐兽,34.3459260,108.9331260,maimai_dx,,,wahlap
玩乐猩球 Game Planet of the Apes (坪山悦邻SPACE),"3rd Floor, Yuelong SPACE Shopping Center, No. 4045 BYD Road Pingshan New District Shenzhen City Guangdong, 518118, Shenzhen City",22.6826579,114.3360359,maimai_dx;other,,,ziv
玩乐猩球深圳坪山店,广东省深圳市坪山区马峦街道比亚迪路4045号悦阾SPACE购物中心三楼玩乐猩球电玩城,22.5461080,114.0505630,maimai_dx,,,wahlap
玩乐猩球电玩城,马峦街道比亚迪路4045号悦阾SPACE购物中心3层,22.5464760,114.0500950,maimai_dx,,maimai_dx:1,bemanicn
玩力湃潮玩馆,平安路西侧壹方城商场2楼,43.6497170,122.2343260,chunithm;maimai_dx,,chunithm:1;maimai_dx:1,bemanicn
玩力湃通辽壹方城店,内蒙古自治区通辽市科尔沁区团结街道平安路与红胜大街交汇处天赐良缘（水晶郦湾）小区F2商业二层208铺位玩力湃,43.6541870,122.2430640,chunithm;maimai_dx,,,wahlap
玩咖星球 (大鹏佳兆业),"2nd Floor, Jiazhaoye Shopping, Lingnan Road, Dapeng New District Longgang District 龙岗区 Shenzhen City 深圳市 Guangdong Province 广东省, 518119, Shenzhen City 深圳市",22.5964797,114.4698462,other,,,ziv
玩咖星球大鹏花生唐店,广东省深圳市大鹏新区葵涌花生唐购物中心2楼玩咖星球,22.6273608,114.4155691,maimai_dx;other,,maimai_dx:1,wahlap;bemanicn;ziv
玩咖联萌,南充市顺庆区环形中心3楼,30.8372210,106.1042340,chunithm;maimai_dx,,chunithm:2;maimai_dx:2,bemanicn
玩咖联萌南充北湖广场店,四川省南充市顺庆文法路164号北湖广场1幢3层2号3号,30.8405970,106.1107540,chunithm;maimai_dx,,,wahlap
玩咖部落南宁安吉万达店,南宁市西乡塘区安吉万达广场2楼,22.8170710,108.3650930,maimai_dx,,maimai_dx:1,wahlap;bemanicn
玩嘉来了,连升路44号地标广场213,23.0225720,113.7484920,chunithm;maimai_dx;other,,chunithm:2;maimai_dx:2,bemanicn
玩嘉来了东莞虎门天虹店,广东省东莞市虎门镇连升路天虹购物中心二楼玩嘉来了电玩城,23.0261500,113.7468780,chunithm;maimai_dx,,,wahlap
玩嘉来了亲子乐园松滋万达店,新江口街道玉岭南路中央天城松滋万达广场3楼,30.3419330,112.2398200,maimai_dx;other,,maimai_dx:1,bemanicn
玩嘉来了荆州松滋万达店,湖北省荆州市滋市新江口街道万达广场1F玩嘉来了,30.3346850,112.2326600,maimai_dx,,,wahlap
玩宙电玩世界,团结湖东里3-5号（团结新里内）,39.9063690,116.3998810,maimai_dx,,maimai_dx:2,bemanicn
玩宙电玩世界 W/Z GAME WORLD,"Tuanjie Xinli Cultural Park, No.3-5 Tuanjiehu Dongli, Chaoyang D Chaoyang District, Tuanjiehu Beijing Beijing, 100020, Beijing",39.9286990,116.4639960,maimai_dx,,maimai_dx:2,ziv
玩宙电玩世界北京团结新里店,北京市朝阳区团结湖团结心里玩宙电玩世界,39.9217560,116.4352650,maimai_dx,,,wahlap
玩客超乐场长沙宁乡翡翠湖店,湖南长沙宁乡翡翠湖国际广场三楼,28.2291360,112.9328940,maimai_dx;other,,maimai_dx:1,wahlap;bemanicn
玩家岛大连弘源购物广场店,辽宁省大连市瓦房店市弘源购物广场5层,38.9174890,121.6086480,maimai_dx,,,wahlap
玩家岛电玩城,弘源购物广场五楼,38.9151710,121.6104160,maimai_dx,,maimai_dx:1,bemanicn
玩家搭档动漫城,瑞金市象湖镇桦林南路2698号万合广场发到家新零售1楼12号（近锦绣东方小区）,25.8334130,114.9240280,other,,,bemanicn
玩家搭档动漫城(抚州万达店),临川区迎宾大道688号万达广场3楼3058A,27.9487470,116.3501710,maimai_dx;other,,maimai_dx:1,bemanicn
玩家搭档动漫城（大邑店）,晋原街道润驰国际广场1号楼内蒙古大道12号124号、125号、126号,30.5731300,104.0621860,maimai_dx;other,,maimai_dx:1,bemanicn
玩家搭档成都大邑店,四川省成都市大邑县润驰国际广场一楼玩家搭档动漫城,30.5730110,104.0620470,maimai_dx,,,wahlap
玩家搭档赣州龙南店,江西省赣州市龙南市万达广场三楼玩家搭档,25.8396090,114.9290810,maimai_dx,,,wahlap
玩家搭档（龙南万达广场店）,龙南万达广场,25.8336610,114.9267170,maimai_dx,,maimai_dx:1,bemanicn
玩家来也家庭娱乐中心（北一路万达店）,北一路万达广场三楼,41.6727730,123.4616210,chunithm;maimai_dx;taiko,,chunithm:2;maimai_dx:1;taiko:1,bemanicn
玩家来也沈阳太原街万达店,辽宁省沈阳市和平区太原街万达广场三楼玩家来也,41.6769560,123.4558180,chunithm;maimai_dx;taiko,,chunithm:2;maimai_dx:2;taiko:1,wahlap;bemanicn
玩家来也沈阳铁西万达店,辽宁省沈阳市铁西区北一路万达广场3楼玩家来也,41.6751470,123.4657620,chunithm;maimai_dx,,,wahlap
玩家来也锦州太和万达店,锦州市太和区万达广场3楼玩家来也电玩城,41.0926250,121.1183520,chunithm;maimai_dx,,,wahlap
玩家来也（锦州万达店）,科技路21号（近渤海大学）,41.0894550,121.1238000,chunithm;maimai_dx;taiko,,chunithm:2;maimai_dx:2;taiko:1,bemanicn
玩家森林文登九龙城店,珠海路-香山路交叉东南（珠海路67号）文登九龙城二楼,37.5117730,122.1190420,other;taiko,,taiko:1,bemanicn
玩家森林青岛崂山店,山东省青岛市崂山区丽达购物中心东区一楼玩家森林E1F022玩家森林,36.0645330,120.3800970,chunithm;maimai_dx;taiko,,chunithm:2;maimai_dx:2;taiko:1,wahlap;bemanicn
玩家森林（聊城万达广场店）,柳园北路万达广场2F,36.4520600,115.9781450,maimai_dx,,maimai_dx:1,bemanicn
玩家英雄珠海金湾华发商都店,广东省珠海市金湾区三灶镇金河东路720号金湾华发商都中心C馆C2002-C2003商铺,22.2754810,113.5775010,maimai_dx;other,,maimai_dx:3,wahlap;bemanicn
玩家英雄（江海广场店）,江海区东海路46号江海广场F3层,22.5794660,113.0773520,other,,,bemanicn
玩家萌主天门店,竟陵街道陆羽大道二楼玩家萌主,30.6683460,113.1607500,maimai_dx,,maimai_dx:1,bemanicn
玩家风暴南京雨花台紫荆广场店,江苏省南京市雨花台区雨花街道紫荆广场花漫里二楼玩家风暴,32.0654260,118.7929510,maimai_dx,,,wahlap
玩家风暴（南京紫荆广场店）,雨花东路158号紫荆广场花漫里2F,32.0586950,118.7966010,maimai_dx,,maimai_dx:1,bemanicn
玩星汇,两江新区观音桥街道北城天街9号,29.6481680,106.5614250,sdvx,,sdvx:2,bemanicn
玩派嘉年华西宁力盟店,青海省西宁市城西区力盟商业街6号楼一楼玩派嘉年华,36.6781910,101.7581000,chunithm;maimai_dx,,chunithm:2;maimai_dx:1,wahlap;bemanicn
玩派嘉年华西宁城西力盟店,青海省西宁市城西区力盟商业街6号楼玩派嘉年华,36.6742290,101.7586410,maimai_dx,,,wahlap
玩派嘉年华西宁海湖万达店,青海省西宁市城西区海湖万达广场三楼玩派嘉年华,36.6709280,101.7569960,maimai_dx,,maimai_dx:1,wahlap;bemanicn
玩游引力广元利州老城图腾广场店,四川省广元市利州区老城图腾广场2楼,32.4343490,105.8381960,maimai_dx,,,wahlap
玩熊街区,四川省江油市纪念碑地下商城D区鱼市口方向,31.4681490,104.6792910,maimai_dx,,maimai_dx:1,bemanicn
玩美世界E动城(夏邑店),商丘市夏邑县北辰未来城2楼玩美世界E动城店铺,34.4151900,115.6562390,maimai_dx,,maimai_dx:1,bemanicn
玩美世界e动城南阳店,河南省南阳市卧龙区建设中路摩根吾悦广场四楼玩美世界e动城,33.0133790,112.5812020,maimai_dx;taiko,,maimai_dx:1;taiko:1,wahlap;bemanicn
玩美世界e动城新乡大桥店,大桥悦时代三楼,35.3017100,113.9262500,maimai_dx;taiko,,maimai_dx:1;taiko:1,bemanicn
玩美世界e动城郑州新都汇店,河南省郑州市郑东新区东风南路绿地新都汇A馆三楼玩美世界,34.7513290,113.6206080,maimai_dx,,,wahlap
玩美世界e动城郑州绿地360店,金水东路80号新田360广场L450号商铺,34.7478420,113.6237330,maimai_dx;other,,maimai_dx:1,bemanicn
玩美世界e动城（安阳吾悦店）,光明路安阳吾悦广场,36.0939650,114.3892370,maimai_dx,,maimai_dx:1,bemanicn
玩美世界信阳光山佳乐购物广场店,河南省信阳市光山县九龙中路佳乐购物广场(光山慧泉店）三楼玩美世界,32.1507030,114.0813150,maimai_dx,,,wahlap
玩美世界南阳淯阳坊店,河南省南阳市长江中路淯阳坊,33.0177860,112.5813880,maimai_dx,,,wahlap
玩美世界安阳文峰吾悦广场店,河南省安阳市文峰区光明路与同兴街交汇处吾悦广场三楼Z09,36.0987810,114.3889120,maimai_dx,,,wahlap
玩美世界新乡大桥悦时代店,河南省新乡市高新区新飞大道大桥悦时代三楼西北角玩美世界,35.3009900,113.9220710,maimai_dx,,,wahlap
玩美世界超级游乐中心,河南省信阳市光山县紫水街道慧泉广场商业楼101号佳乐购物中心慧泉店三楼,32.1537210,114.0843710,maimai_dx;taiko,,maimai_dx:1;taiko:1,bemanicn
玩美攻略济南历下店,山东省济南市历下区泉城路111号华典大厦玩美攻略潮玩街区（休闲娱乐）,36.6480460,117.1171430,maimai_dx;other,,maimai_dx:2,wahlap;bemanicn
玩美攻略潮玩街区(哈西万达店),中兴大道168号哈西万达广场苏宁易购4楼,45.7999430,126.5257400,other;taiko,,taiko:1,bemanicn
玩美攻略潮玩街区（朝阳店）,西关路2号西关新天地,22.8232810,108.3595880,other,,,bemanicn
玩美攻略福田深南中路店,深圳市福田区深南中路3018号世纪玩美攻略WonderMeet,22.5470000,114.0574930,maimai_dx,,,wahlap
玩美攻略（深圳世纪汇）,广东省深圳市福田区深南中路3018号世纪汇商场1层101、2层201、203、2038、204、3层,22.5440460,114.0559780,maimai_dx;other,,maimai_dx:2,bemanicn
玩者归来/企萌电玩上海新田360店,秀浦路668号新田360广场上海康桥店3F303,31.1276996,121.5611044,maimai_dx;other,,maimai_dx:1,bemanicn;ziv
玩者归来上海嘉定信业店,上海市嘉定区信业购物中心玩者归来,31.3775293,121.2608338,maimai_dx;other,,maimai_dx:1,wahlap;bemanicn;ziv
玩者归来上海浦东康桥店,上海市浦东新区秀浦路668号新田360广场（上海康桥店）3楼303玩者归来,31.2247200,121.5374150,maimai_dx,,,wahlap
玩者归来上海闵行爱琴海店,上海闵行区吴中路1588号爱琴海四楼F428-F435玩者归来(爱琴海店),31.1188390,121.3764570,maimai_dx,,,wahlap
玩者归来游乐mall上海爱琴海店,吴中路1588号爱琴海购物公园4F,31.1766528,121.3682216,maimai_dx;other,,maimai_dx:1,bemanicn;ziv
玩者荣耀百色右江鼎盛店,广西壮族自治区百色市右江区龙景街道鼎盛中央城二期27栋地下停车场入口负一楼玩者荣耀,23.9099090,106.6188450,maimai_dx,,maimai_dx:1,wahlap;bemanicn
玩计划家庭娱乐中心（k11店）,博览路2甲1号k11购物艺术中心2层2029-2030店铺,41.6725100,123.4592050,maimai_dx;other,,maimai_dx:1,bemanicn
玩计划沈阳和平K11店,辽宁省沈阳市和平区博览路2甲1号K11购物艺术中心2楼玩计划,41.6768180,123.4525060,maimai_dx,,,wahlap
玩趣时代（新会星汇广场店）,会城大新路50号星汇广场2层,22.5861110,113.0764950,maimai_dx,,maimai_dx:1,bemanicn
玩迪游艺贵阳花溪店,贵州省贵州市花溪区溪北街道花溪公园1号门旁乡贤里项目5号号楼1、2层,26.6536780,106.6259230,maimai_dx,,,wahlap
玩里挑一漳州云霄云陵店,福建省漳州市云霄县云陵镇将军大道629-164号,24.5203330,117.6423000,chunithm;maimai_dx,,chunithm:2;maimai_dx:2,wahlap;bemanicn
玩里挑一漳浦店,福建省漳浦县绥安镇麦市街西183-114号,24.5230040,117.6452590,chunithm;maimai_dx,,chunithm:2;maimai_dx:1,wahlap;bemanicn
环游·运动嘉年华东莞汇一城店,东莞市南城街道鸿福路海德汇一城200号2区5栋103，1楼,23.0259300,113.7458050,chunithm;maimai_dx;taiko,,chunithm:4;maimai_dx:4;taiko:8,bemanicn
环游π超乐场,广西壮族自治区贵港市港北万达3楼3F-c环游π超乐场,23.1191470,109.5962880,maimai_dx,,,wahlap
环游乐园,新茂购物广场F3,34.3433390,108.9383340,taiko,,taiko:1,bemanicn
环游乐园北京丰台店,北京市丰台区马家堡东路101号银泰百货B1层环游电玩城,39.8585160,116.2743320,maimai_dx,,,wahlap
环游乐园星力店,"番禺区大北路星力一号购物广场4楼 广州市番禺区市桥繁华路1号 广州市(CANTON) 广东省 (Guangdong Province), 广州市(CANTON)",22.9415931,113.3659780,gitadora;jubeat,,gitadora:2;jubeat:1,ziv
环游乐园永州零陵店,湖南省永州市零陵区芝山北路春天广场购物中心三楼环游乐园,26.4199840,111.6070260,maimai_dx;other,,maimai_dx:1,wahlap;bemanicn
环游乐园淄博张店荣盛店,山东省淄博市张店区马尚街道荣盛广场二楼环游乐园,36.8114130,118.0498370,maimai_dx,,,wahlap
环游乐园渭南临渭店,陕西省渭南市临渭区杜桥街道宏帆广场A馆1楼环游乐园,34.5268790,109.4671750,maimai_dx,,,wahlap
环游乐园（北京银泰百货大红门店）,马家堡东路101号银泰百货B1层,39.8429286,116.3793983,maimai_dx;other,,maimai_dx:1,bemanicn;ziv
环游乐园（宏帆店）,渭南宏帆广场,34.5190160,109.4636260,maimai_dx,,maimai_dx:1,bemanicn
环游亲子嘉年华汇一城二店,广东省东莞市南城街道鸿福路200号汇一城三区A3313号铺,23.0210360,113.7444310,chunithm;maimai_dx,,,wahlap
环游嘉年华 (龙华上邦百汇城),"2nd Floor, Building 3, Shangbang Baihui City, No. 5 Jinlong Road Longhua District 龙华区 Haikou City 海口市 Hainan Province 海南省, 570125, Haikou City 海口市",20.0232744,110.3189783,jubeat;maimai_dx;other;taiko,,jubeat:1;maimai_dx:2;taiko:2,ziv
环游嘉年华 Funloop Land (上海环球港 Global Harbor) ★,"3F, 3300 Zhongshan North Road Putuo District（普陀区） Shanghai 上海 (Shanghai), 200333, Shanghai",31.2338668,121.4074447,chunithm;jubeat;maimai_dx;other;taiko,,chunithm:4;jubeat:2;maimai_dx:8;taiko:4,ziv
环游嘉年华(CCMall时代广场),"F3-037, CCMall, No. 39 Guangming Road, Tianshan District, (天山区光明路39号) Ürümqi Xinjiang Uygur Autonomous Region, 830002, Ürümqi",43.8031130,87.6056081,chunithm;maimai_dx;other,,chunithm:2;maimai_dx:1,ziv
环游嘉年华(北京路汇嘉店),北京中路147号汇嘉时代3F星聚汇书影城内邻,43.8234320,87.6203130,maimai_dx,,maimai_dx:1,bemanicn
环游嘉年华(大学城),"广州大学城中大生活区GOGO新天地广场3楼 大学城北一路与大学城中二横路交界(贝岗村旁) 广州市(CANTON) 广东省 (Guangdong Province), 广州市(CANTON)",23.0611451,113.3920276,dance_evo;jubeat;other;sdvx,,,ziv
环游嘉年华(大玩家)海珠万达店,广州大道南978号海珠万达广场3层301,23.1336200,113.2639700,chunithm;maimai_dx;taiko,,chunithm:2;maimai_dx:2;taiko:2,bemanicn
环游嘉年华(大玩家)白云万达店,白云新城云城东路501号白云万达广场3层358,23.1314130,113.2615990,chunithm;maimai_dx;taiko,,chunithm:2;maimai_dx:2;taiko:2,bemanicn
环游嘉年华(天河城),"天河城6楼 广州市(CANTON) 广东省 (Guangdong Province), 广州市(CANTON)",23.1317223,113.3228320,gitadora;jubeat;maimai_dx;other;taiko,,gitadora:2;jubeat:1;maimai_dx:1;taiko:1,ziv
环游嘉年华(广百店),"广州市海珠区宝岗大道498号6楼 广州市(CANTON) 广东省 (Guangdong Province), 广州市(CANTON)",23.0933419,113.2663661,jubeat;other,,,ziv
环游嘉年华(易发店),"易发商业中心(新大新百货5楼) 广州市番禺区市桥易发商业街新大新购物广场5楼 广州市(CANTON) 广东省 (Guangdong Province), 广州市(CANTON)",22.9411139,113.3630651,gitadora;other;taiko,,gitadora:2;taiko:1,ziv
环游嘉年华(永旺梦乐城店),"番禺区亚运大道1号永旺梦乐城广州番禺广场F3 Guangzhou Guangdong, Guangzhou",22.9363957,113.3877351,other;taiko,,,ziv
环游嘉年华上海环球港店,上海市普陀区中山北路3300号月星环球港3楼L3163,31.2501820,121.3876490,chunithm;maimai_dx;taiko,,chunithm:4;maimai_dx:6;taiko:4,wahlap;bemanicn
环游嘉年华东莞民盈国贸店,广东省东莞市东城街道东泰社区鸿福东路1号民盈国贸城5号楼L3001-3003,23.0228830,113.7432180,chunithm;maimai_dx;taiko,,chunithm:4;maimai_dx:5;taiko:3,wahlap;bemanicn
环游嘉年华东莞运动汇一城店,广东省东莞市南城街道鸿福路200号第一财富中心5栋103-202室,23.0200940,113.7454160,chunithm;maimai_dx,,,wahlap
环游嘉年华东莞长安万科店（原城市英雄）,长青南路1号万科广场3层309,23.0197170,113.7457400,chunithm;maimai_dx;taiko,,chunithm:4;maimai_dx:3;taiko:4,bemanicn
环游嘉年华东莞长安店,广东省东莞市长安镇长青南路1号7栋万科广场三楼3039室环游嘉年华,23.0254440,113.7450460,chunithm;maimai_dx,,,wahlap
环游嘉年华中华广场店,中山三路33号中华广场3层,23.1354600,113.2612760,chunithm;maimai_dx;taiko,,chunithm:2;maimai_dx:2;taiko:2,bemanicn
环游嘉年华中新绿地店,知识城南区亿创街3号绿地缤纷城3层,23.1373600,113.2588650,chunithm;maimai_dx;taiko,,chunithm:2;maimai_dx:1;taiko:2,bemanicn
环游嘉年华乌鲁木齐天山万科店,新疆乌鲁木齐市天山区大湾南路299号天山万科广场5楼519商铺环游嘉年华超乐场,43.8277640,87.6148350,maimai_dx,,,wahlap
环游嘉年华乌鲁木齐汇嘉店,新疆维吾尔自治区乌鲁木齐新市区北京中路汇嘉三楼环游嘉年华超乐场,43.8221230,87.6184350,maimai_dx,,,wahlap
环游嘉年华乌鲁木齐沙依巴克德汇万达广场店,新疆乌鲁木齐沙依巴克区德汇万达3楼环游嘉年华,43.8210010,87.6129610,chunithm;maimai_dx,,,wahlap
环游嘉年华佛山南海永旺店,佛山市南海区大沥联窖窖口路13号永旺梦乐城二楼201,23.0278910,113.1163750,jubeat;maimai_dx;taiko,,jubeat:2;maimai_dx:1;taiko:3,wahlap;bemanicn
环游嘉年华北京朝阳店,北京市朝阳区朝阳北路101号楼8F环游嘉年华,39.9233673,116.5127771,chunithm;jubeat;maimai_dx;other;taiko,,chunithm:4;jubeat:4;maimai_dx:5;taiko:2,wahlap;bemanicn;ziv
环游嘉年华华洋店,新疆维吾尔自治区昌吉回族自治州昌吉市长宁南路111号华洋广场五楼,44.0124690,87.3011790,chunithm;jubeat;maimai_dx,,chunithm:2;jubeat:2;maimai_dx:1,bemanicn
环游嘉年华奥园店,广东省广州市番禺区福德路281号奥园广场三楼,23.1335400,113.2629530,chunithm;maimai_dx;taiko,,chunithm:2;maimai_dx:4;taiko:3,wahlap;bemanicn
环游嘉年华广州中华广场店,广东省广州市越秀区中山三路33号中华广场三层3002A号环游嘉年华,23.1282090,113.2617280,chunithm;maimai_dx,,,wahlap
环游嘉年华广州天河城店,广东省广州市天河区天河路208号天河城6楼,23.1333430,113.2571890,chunithm;maimai_dx;taiko,,chunithm:4;maimai_dx:4;taiko:4,wahlap;bemanicn
环游嘉年华广州天河领展店,广州市天河区马场路36号领展广场4楼401铺环游嘉年华,23.1297610,113.2617310,chunithm;maimai_dx;taiko,,chunithm:2;maimai_dx:2;taiko:2,wahlap;bemanicn
环游嘉年华广州海珠万达店,广东省广州市海珠区广州大道南万达广场978号301铺之二十九,23.1302570,113.2625480,chunithm;maimai_dx,,,wahlap
环游嘉年华广州黄埔绿地店,广东省广州市黄埔区亿创大街3号绿地缤纷城3楼301铺,23.1311220,113.2576750,chunithm;maimai_dx,,,wahlap
环游嘉年华库尔勒汇嘉时代店,新疆维吾尔自治区巴音郭楞蒙古自治州库尔勒市朝阳路9号汇嘉时代5楼,41.7642630,86.1412980,maimai_dx,,,wahlap
环游嘉年华成都都江堰店,四川省成都市都江堰市融创文旅城融创茂3楼环游嘉年华,30.5780980,104.0606900,maimai_dx,,,wahlap
环游嘉年华新疆阿图什店,新疆阿图什市和谐路万达智慧商业3楼环游嘉年华游艺厅,39.7132460,76.1593090,chunithm;maimai_dx,,chunithm:2;maimai_dx:1,wahlap;bemanicn
环游嘉年华易发店（暂停营业至8月）,市桥光明北路32号易发商业中心5层,23.1308290,113.2619540,jubeat;taiko,,jubeat:4;taiko:3,bemanicn
环游嘉年华江门店,广东省江门市蓬江区白石大道166号汇悦城3楼,22.6117979,113.0824735,chunithm;jubeat;maimai_dx;other;sdvx;taiko,,chunithm:2;jubeat:1;maimai_dx:3;sdvx:1;taiko:3,wahlap;bemanicn;ziv
环游嘉年华游乐体验中心（百年德化店）,德化街100号百年德化负一楼,34.7520880,113.6199160,chunithm;jubeat;maimai_dx,,chunithm:2;jubeat:2;maimai_dx:2,bemanicn
环游嘉年华珠海华发店,广东省珠海市香洲区珠海大道8号华发商都C馆三楼C3031号环游嘉年华,22.2740750,113.5697150,chunithm;maimai_dx;taiko,,chunithm:2;maimai_dx:2;taiko:1,wahlap;bemanicn
环游嘉年华瑞安新湖广场店,浙江省瑞安市万松东路1588号新湖广场2楼1218号环游嘉年华,27.9991530,120.6995210,maimai_dx,,maimai_dx:1,wahlap;bemanicn
环游嘉年华电玩城(书院万达广场店),书院路37号书院万达广场负一楼,36.0653470,120.3809980,other,,,bemanicn
环游嘉年华番禺天河城店,广东省广州市番禺区汉溪大道东366号天河城广场3F-4F环游嘉年华,23.1369980,113.2585560,chunithm;maimai_dx;taiko,,chunithm:4;maimai_dx:4;taiko:4,wahlap;bemanicn
环游嘉年华番禺易发店,广东省广州市番禺区市桥街易发商业街新大新百货5楼,23.1312330,113.2624010,chunithm;maimai_dx,,,wahlap
环游嘉年华番禺永旺店,广东省广州市番禺区亚运大道1号永旺梦乐城3楼3001铺环游嘉年华,23.1376200,113.2604260,jubeat;maimai_dx;taiko,,jubeat:2;maimai_dx:1;taiko:2,wahlap;bemanicn
环游嘉年华白云万达店,广东省广州市白云区云城东路503号万达广场三楼358号环游嘉年华,23.1350670,113.2612970,chunithm;maimai_dx,,,wahlap
环游嘉年华石河子店,新疆维吾尔自治区石河子市开发区北三路友好购物中心5楼环游嘉年华超乐场,44.3021700,86.0779250,chunithm,,,wahlap
环游嘉年华维吾尔阿克苏店,阿克苏市新城街道迎宾路天百四楼环游嘉年华,41.1715680,80.2599780,chunithm;maimai_dx,,,wahlap
环游嘉年华超乐场乌鲁木齐卡乐士店,乌鲁木齐长春南路环游嘉年华卡乐士店,43.8290660,87.6142210,chunithm;maimai_dx,,,wahlap
环游嘉年华超乐场乌鲁木齐天山瑞悦街店,新疆乌鲁木齐市天山区碱泉二街80号和瑞悦街二层01.02.08.09商铺,43.8246050,87.6193810,maimai_dx,,,wahlap
环游嘉年华超乐场乌鲁木齐时代广场店,新疆维吾尔自治区乌鲁木齐市天山区光明路39号时代广场3楼F3-037号环游嘉年华超乐场,43.8221730,87.6132840,chunithm;maimai_dx,,,wahlap
环游嘉年华超乐场乌鲁木齐美美店,新疆维吾尔自治区乌鲁木齐市沙依巴克区友好北路689号美美购物中心6层S-610环游嘉年华,43.8236010,87.6191220,chunithm;maimai_dx,,,wahlap
环游嘉年华超乐场乌鲁木齐高新万达店,新疆乌鲁木齐市新市区长春北路高新万达2楼环游嘉年华超乐场,43.8266150,87.6143910,maimai_dx,,,wahlap
环游嘉年华超乐场克拉玛依汇嘉店,新疆维吾尔自治区克拉玛依市克拉玛依区幸福路戊1号汇嘉时代购物中心3层环游嘉年华超乐场,45.5753370,84.8890930,chunithm;maimai_dx,,,wahlap
环游嘉年华超乐场博乐友好店,博州博乐市北京路友好时尚购物中心五楼环游嘉年华超乐场,44.9029540,82.0571750,maimai_dx,,maimai_dx:1,wahlap;bemanicn
环游嘉年华超乐场友好时尚店,新疆维吾尔自治区奎屯市友好时尚购物中心四楼环游嘉年华超乐场,41.1651560,80.2636570,chunithm;maimai_dx,,chunithm:2;maimai_dx:2,wahlap;bemanicn
环游嘉年华超乐场德港万达店,新疆乌鲁木齐市经济技术开发区德港万达6楼环游嘉年华超乐场,43.8204460,87.6151950,maimai_dx,,,wahlap
环游嘉年华超乐场新疆哈密伊州店,新疆哈密市伊州区中山北路与广场南路交汇处汇嘉时代一期5楼L5011,42.8189050,93.5105950,chunithm;maimai_dx,,,wahlap
环游嘉年华超乐场昌吉新汇嘉店,新疆维吾尔自治区昌吉市中山南路新汇嘉三楼西侧环游嘉年华,44.0100760,87.3022840,maimai_dx,,maimai_dx:1,wahlap;bemanicn
环游嘉年华超乐场沙依巴克钱塘江路店,新疆乌鲁木齐沙依巴克区钱塘江路168号友好购物中心6楼,43.8204900,87.6111850,maimai_dx,,,wahlap
环游嘉年华超乐场（CCMALL时代广场）,光明路39号CCmall时代广场F3-037号,43.8209950,87.6174280,chunithm;maimai_dx,,chunithm:2;maimai_dx:2,bemanicn
环游嘉年华超乐场（库尔勒汇嘉时代广场店）,朝阳路9号汇嘉时代广场5层,41.7600070,86.1478220,jubeat;maimai_dx,,jubeat:2;maimai_dx:3,bemanicn
环游嘉年华超乐场（汇嘉店）,新疆维吾尔自治区哈密市伊州区西河街道哈密汇嘉时代商业广场5楼,42.8186940,93.5096320,chunithm;maimai_dx,,chunithm:2;maimai_dx:1,bemanicn
环游嘉年华郑州中原探十里店,河南省郑州市中原区陇海路桐柏路探十里三楼环游嘉年华,34.7493270,113.6142270,maimai_dx,,,wahlap
环游嘉年华郑州二七店,河南省郑州市二七区德化街100号百年德化负一楼环游嘉年华游乐体验中心（百年德化店）,34.7474940,113.6161880,chunithm;maimai_dx,,,wahlap
环游嘉年华阜新店,文化路42号国贸大厦,42.0216880,121.6603970,maimai_dx;taiko,,maimai_dx:1;taiko:1,bemanicn
环游嘉年华阿克苏太百商场店,阿克苏市新华东路33-1号太百商场五层15号,41.1739890,80.2607660,chunithm;jubeat;maimai_dx,,chunithm:2;jubeat:2;maimai_dx:1,wahlap;bemanicn
环游嘉年华（卡乐士店）,新市区长春南路L座花田电影小镇商铺68号,43.8265500,87.6180390,chunithm;jubeat;maimai_dx,,chunithm:2;jubeat:2;maimai_dx:1,bemanicn
环游嘉年华（和瑞悦街店）,碱泉二街德轩苑小区西侧约60米,43.8247550,87.6189000,maimai_dx,,maimai_dx:1,bemanicn
环游嘉年华（库尔勒天百店）（商场已改名为领悦里）,新疆维吾尔自治区巴音郭楞蒙古自治州库尔勒市萨依巴格街道人民东路领先领悦里负一楼环游嘉年华·超乐场,41.7652110,86.1392170,maimai_dx,,maimai_dx:1,bemanicn
环游嘉年华（德汇万达店）,奇台路658号德汇万达广场四楼,43.8282860,87.6147270,chunithm;maimai_dx;other,,chunithm:2;maimai_dx:1,bemanicn
环游嘉年华（滨河汇嘉店）,天山路街道幸福路戊一号(汇嘉时代购物中心)三楼3-2号,45.5788820,84.8868670,chunithm;maimai_dx,,chunithm:2;maimai_dx:4,bemanicn
环游嘉年华（美美购物中心店）,友好北路689号美美购物中心南区6楼,43.8227190,87.6192110,chunithm;maimai_dx,,chunithm:2;maimai_dx:1,bemanicn
环游嘉年华（西双版纳财富中心店）,财富中心3F,22.0126590,100.7930010,other,,,bemanicn
环游嘉年华（酱园友好店）,钱塘江路168号友好购物中心六层,43.8272940,87.6111670,maimai_dx;other;taiko,,maimai_dx:1;taiko:1,bemanicn
环游嘉年华（霍尔果斯店）,霍尔果斯市 边合区 兰新路28号 万达广场3F,43.9171540,81.3176830,taiko,,taiko:1,bemanicn
环游嘉年华（领尚·幸福天地店）,新疆维吾尔自治区巴音郭楞蒙古自治州库尔勒市经济技术开发区领尚·幸福天地,41.7578920,86.1441330,other,,,bemanicn
环游嘉年华（鲅鱼圈店）,鲅鱼圈区真实惠二楼环游嘉年华,40.6216650,122.2162810,maimai_dx;other;taiko,,maimai_dx:1;taiko:1,bemanicn
环游地平线 (Songjiang),"2F East, Kaiyuan Mediterranean Commercial Plaza, Xinsongjiang Ro Songjiang District Shanghai Shanghai, 201620, Shanghai",31.0398699,121.2150442,chunithm;maimai_dx;other,,chunithm:2;maimai_dx:2,ziv
环游地平线上海大橘邻里西门店,上海荣乐中路8号大橘邻里西门一层环游地平线,31.0203780,121.2369349,maimai_dx;other;taiko,,maimai_dx:1;taiko:1,wahlap;bemanicn;ziv
环游地平线上海新松江店,上海市松江区方松街道开元地中海商业广场北5门2楼,31.0383040,121.2217450,chunithm;maimai_dx,,,wahlap
环游地平线家庭娱乐中心,新松江路开元地中海商业广场2楼东侧,31.0367330,121.2265770,chunithm;maimai_dx;other,,chunithm:2;maimai_dx:2,bemanicn
环游家族·宝贝王(滨湖万达店),滨湖区万达广场1楼,31.4890950,120.3052930,maimai_dx,,maimai_dx:1,bemanicn
环游家族南通万达广场店,江苏省南通市崇川区深南路9号万达广场三楼环游家族,31.9851320,120.8873450,maimai_dx,,,wahlap
环游家族惠山万达店,江苏省无锡市惠山区惠山万达广场2楼环游家族,31.4936560,120.3121300,maimai_dx,,,wahlap
环游家族无锡江阴万达店,江苏省无锡市江阴市人民西路281号万达广场三号门二楼,31.4928450,120.3019890,maimai_dx;taiko,,maimai_dx:1;taiko:1,wahlap;bemanicn
环游家族无锡滨湖万达店,江苏省无锡市滨湖区河埒接到万达广场1楼,31.4960230,120.3099900,maimai_dx,,,wahlap
环游家族苏州吴江万宝店,江苏省苏州市吴江区松陵街道中山南路1088号万宝财富商业广场2楼环游家族店,31.3067430,120.5820840,chunithm;maimai_dx,,chunithm:2;maimai_dx:1,wahlap;bemanicn
环游家族苏州太仓店,江苏省苏州市太仓市城厢镇上海东路188号商业02室（2F）层,31.3015990,120.5773490,chunithm;maimai_dx;other;taiko,,maimai_dx:1;taiko:1,wahlap;bemanicn
环游家族金山龙皓店,上海市金山区龙皓路1088号环游家族,30.7491000,121.3396110,maimai_dx,,,wahlap
环游家族（上海金山万达店）/酷玩巅峰,金山万达广场2F/3F东侧,30.7569217,121.3315455,maimai_dx;other;taiko,,maimai_dx:2;taiko:1,bemanicn;ziv
环游家族（崇川万达店）,崇川区深南路9号万达广场3F,31.9847090,120.8919550,maimai_dx;taiko,,maimai_dx:1;taiko:1,bemanicn
环游斯跑曼动漫城(吉林中东店),吉林省吉林市船营区越山路378号中东新生活购物乐园F3,43.8363930,126.5510580,other,,,bemanicn
环游时光,广西壮族自治区南宁市江南区亭洪路48-1号万达广场（江南店）三楼环游时光,22.8163190,108.3635680,chunithm;maimai_dx;taiko,,chunithm:2;maimai_dx:1;taiko:1,bemanicn
环游时光南宁江南万达店,广西省南宁市江南区江南万达三楼环游时光,22.8204080,108.3600170,chunithm;maimai_dx,,,wahlap
环游时光常德万达店,湖南省常德市武陵区南坪街道万达购物中心3楼3F-A（环游时光）,29.0331420,111.6901080,chunithm;maimai_dx,,,wahlap
环游梦想城湘潭岳塘万达店,湖南湘潭市岳塘区万达广场三楼环游梦想城超乐场,27.8376620,112.9430230,maimai_dx,,,wahlap
环游派游乐场,环游派超乐场贵港港北中山路地下商业街店,23.1162450,109.5965860,chunithm;maimai_dx;taiko,,chunithm:2;maimai_dx:2;taiko:1,bemanicn
环游派超乐场贵港港北中山路地下商业街店,贵港市港北区地下商业街六区,23.1148110,109.5998640,maimai_dx,,,wahlap
环游电玩城哈尔滨松北店,黑龙江省哈尔滨市松北区学院路志华地下商城C区1-8号环游电玩城,45.7989880,126.5232020,chunithm;maimai_dx;taiko,,chunithm:2;maimai_dx:2;taiko:1,wahlap;bemanicn
环游艺派南宁五象航洋城店,广西壮族自治区南宁市良庆区五象大道401号南宁五象航洋城2号楼3楼环游艺派娱乐馆,22.8235430,108.3595160,chunithm;maimai_dx,,,wahlap
环游艺派柳州柳北店,广西柳州市柳北区大润发三楼环游艺派游艺中心,24.3268040,109.4242060,chunithm;maimai_dx,,chunithm:2;maimai_dx:1,wahlap;bemanicn
环游艺派超乐场（贵港万达店）,港北区万达广场3楼,23.1107300,109.5943620,maimai_dx;taiko,,maimai_dx:1;taiko:1,bemanicn
环游艺派（南宁市良庆区五象总部基地航洋店）,五象大道401号南宁五象航洋城购物中心3楼环游艺派娱乐馆,22.8216150,108.3581440,chunithm;maimai_dx;taiko,,chunithm:2;maimai_dx:2;taiko:1,bemanicn
现代嘉年华珲春现代百货店,吉林省珲春市沿河西街1463号现代百货,42.9032680,129.4661480,chunithm;maimai_dx,,chunithm:2;maimai_dx:1,wahlap;bemanicn
玲珑锁电玩城Exquisite Locker GameCity(西安大茂城),"5th Floor, DaMaoCity Shopping, No. 466 Zhangba North Road, Yanta (丈八北路466号大茂城5楼) Xi'an Shannxi, 710065, Xi'an",34.2398431,108.8662612,chunithm;maimai_dx;other,,chunithm:2;maimai_dx:1,ziv
玲珑锁西安雁塔大茂城店,陕西省西安市雁塔区丈八北路大茂城5楼5012铺,34.3458360,108.9324910,chunithm;maimai_dx,,,wahlap
珈宝梦幻城海口秀英珈宝广场店,海口市秀英区长滨西四街2号珈宝广场2层,20.0512830,110.1952050,maimai_dx;taiko,,maimai_dx:1;taiko:1,wahlap;bemanicn
珍宝游戏机中心,香港岛香港仔香港仔旧大街82号地库,22.2855160,114.1636920,chunithm;maimai_dx;taiko,,chunithm:2;maimai_dx:1;taiko:1,bemanicn
珠海休息区,海珠广场,27.7284230,107.0320580,taiko,,taiko:1,bemanicn
珠海富华里反斗乐园,广东省珠海市香洲区富华里商业街12栋201反斗乐园,22.2726860,113.5713540,maimai_dx,,,wahlap
瑞昌市童幻王国,江西省九江市瑞昌市赤乌中路16号联盛购物广场F3层童幻王国(联盛广场店),29.6619660,115.9518690,maimai_dx;taiko,,maimai_dx:1;taiko:1,bemanicn
瓜瓜亲子乐园,阳城县凤城镇金阳街1号宇佳时代广场B1楼,35.4903400,112.8484540,maimai_dx,,maimai_dx:1,bemanicn
瓜瓜亲子家庭娱乐中心阳城县宇佳广场店,晋城市阳城县凤城镇金阳街5号宇佳购物广场一楼,35.4911330,112.8506600,maimai_dx,,,wahlap
甬家宅基地,东鼓道B2靠近东门口地铁站的第一个店面,29.8610800,121.6158250,chunithm;jubeat;other,,chunithm:1;jubeat:1,bemanicn
电动工坊安阳龙安万达店,河南省安阳市龙安区钢花路辅路安阳龙安万达广场3楼io电动工坊,36.1006730,114.3839320,maimai_dx,,maimai_dx:1,wahlap;bemanicn
电动工坊洛阳涧西万达店,河南省洛阳市涧西区辽宁路万达广场二楼io电动工坊,34.6228430,112.4468930,chunithm;maimai_dx,,chunithm:2;maimai_dx:1,wahlap;bemanicn
电波屋,滨湖世纪城世纪金源国际公寓（方圆荟北门对面，具体门牌号加群了解）,31.8214600,117.2256550,chunithm;maimai_dx;ongeki,,chunithm:1;maimai_dx:1;ongeki:1,bemanicn
电波屋合肥滨湖店,安徽省合肥市包河区滨湖世纪城世纪金源公寓,31.8216920,117.2250220,maimai_dx,,,wahlap
电潮社电玩城,百脉湖大街与顺河路交汇处南中润嘉悦城(中润购物广场)3楼,36.7084610,119.1577680,other,,,bemanicn
电燃风云杭州萧山金帝店,杭州市萧山区北干街道建设四路189号金帝t-one mo 三层07号,30.2483200,120.2006420,maimai_dx,,,wahlap
电燃风云（金帝T-ONE MO店）,建设四路龙湖·天玺北侧约100米金帝T-ONEMo三楼,30.2451840,120.2032480,maimai_dx,,maimai_dx:1,bemanicn
电玩之橙（原欢乐嘉时光）,钟山大道大润发3楼,26.5980230,104.8272070,maimai_dx;other,,maimai_dx:1,bemanicn
电玩帝国长春南关店,吉林省长春市南关区亚泰大街1138号中东城市购物广场4楼电玩帝国,43.8198320,125.3181100,maimai_dx,,,wahlap
电玩帝国（东环不夜城店）,东环不夜城1楼,43.8191350,125.3207320,other,,,bemanicn
电玩帝国（中东新天地店）,江南大街298号中东新天地2楼,41.7253550,125.9274330,other,,,bemanicn
电玩帝国（长春新天地店）,吉林省长春市南关区亚泰大街辅路中东新天地购物公园,43.8163800,125.3192220,maimai_dx;other,,maimai_dx:1,bemanicn
电玩广场·欢乐梦工场,东大街90号（东南购物中心东侧）,36.2000110,113.1128590,chunithm;maimai_dx;other,,chunithm:2;maimai_dx:2,bemanicn
电玩柿合肥庐阳店,安徽省合肥市庐阳区淮河路步行街庐洲印象一楼电玩柿,31.8260060,117.2200330,maimai_dx,,,wahlap
电玩森林 Arcade Forest (海口店),"L6A, Youyi Sunshine City, Jinlong Road Longhua District 龙华区 Haikou City 海口市 Hainan Province 海南省, 570125, Haikou City 海口市",20.0255324,110.3192353,maimai_dx;other,,,ziv
电玩森林廊坊天洋店,河北省廊坊市三河市燕郊镇天洋广场C馆B1层,39.5339810,116.6771260,maimai_dx,,,wahlap
电玩森林成都锦江店,四川省成都市锦江区锦华路一段68号1栋3层365号附369-A号,30.5715580,104.0669290,maimai_dx,,,wahlap
电玩森林海口龙华金茂友谊阳光店,海南省海口市龙华区金贸街道金龙路2号友谊阳光城商场6A层6A002号商铺,20.0477590,110.1930680,maimai_dx,,,wahlap
电玩森林（海口店）,海南省海口市龙华区友谊阳光城6A楼,20.0511390,110.1978210,maimai_dx,,maimai_dx:1,bemanicn
电玩森林（燕郊天洋城店）,燕郊天洋城B1,39.5364760,116.6813480,maimai_dx;taiko,,maimai_dx:1;taiko:1,bemanicn
电玩森林（锦华万达店）,二环路东五段万达广场3楼,30.5742390,104.0582350,maimai_dx,,maimai_dx:1,bemanicn
电玩橙六盘水钟山店,贵州省六盘水市钟山区荷城街道大润发三楼电玩橙家庭娱乐中心,26.6005720,104.8243310,maimai_dx,,,wahlap
电玩橙西安曲江银泰店,陕西省西安市曲江新区雁塔南路410号银泰城商业广场B1层B1-35号,34.3498820,108.9331220,maimai_dx,,,wahlap
电玩橙西安莲湖元谷mall店,元谷mall商业中心,34.3476150,108.9358720,maimai_dx,,maimai_dx:2,bemanicn
电玩橙西安雁塔大悦城店,陕西省西安市雁塔区曲江新区慈恩路777号曲江大悦城购物中心L3-48号商铺,34.3455320,108.9294210,chunithm;maimai_dx,,chunithm:2;maimai_dx:2,wahlap;bemanicn
电玩橙西安雁塔店,陕西省西安市雁塔区昆明路616号3楼电玩橙元谷mall店,34.3477340,108.9333370,chunithm;maimai_dx;other,,chunithm:2;maimai_dx:1,wahlap;bemanicn
电玩橙超乐场西安小寨国贸店,西安市雁塔区小寨东路196号西安国际贸易中心众汇食代广场小寨国贸店二层L2-1-10号商铺,34.3460490,108.9323040,maimai_dx,,maimai_dx:1,wahlap;bemanicn
电玩猩南京江宁义乌小商品市场店,江苏省南京市江宁区淳化街道义乌小商品市场A区1幢2楼电玩猩,32.0654760,118.7913740,maimai_dx,,,wahlap
电玩猩合肥百盛店,安徽省合肥市庐阳区淮河路步行街百盛广场三楼电玩猩,31.8249410,117.2167290,maimai_dx,,maimai_dx:1,wahlap;bemanicn
电玩猩彭城壹号店,彭城壹号三楼,34.2047730,117.2838060,maimai_dx,,maimai_dx:1,bemanicn
电玩猩徐州鼓楼南门广场店,江苏省徐州市鼓楼区彭城一号南门广场三楼电玩猩,34.2068280,117.2740420,maimai_dx,,,wahlap
电电猫家庭娱乐中心北海老新力店,广西壮族自治区北海市海城区新力购物广场（老新力）三楼电电猫家庭娱乐中心,21.4818380,109.1183490,maimai_dx,,,wahlap
电电猫家庭娱乐中心（北海海城旧新力店）,北部湾西路2号旧新力（新力购物广场）3楼,21.4818630,109.1174750,maimai_dx;other,,maimai_dx:2,bemanicn
电雀屋Cozyroom,学院8号写字楼B619室（白天从如家旁电梯上楼，夜间从C座门口进入；进门指引进群查看）,39.9999309,116.3409709,chunithm;maimai_dx,,chunithm:2;maimai_dx:5,bemanicn;ziv
电雀屋北京海淀六道口店,北京市海淀区学院路20号石油共生大院院内电雀屋,39.9595830,116.2892450,maimai_dx,,,wahlap
电顽橙子潮玩体验中心,渤海路久柏埠商场负一F154室,40.7128700,122.1651200,chunithm;maimai_dx,,chunithm:1;maimai_dx:1,bemanicn
电顽橙子盘锦双台子店,辽宁省盘锦市双台子区久柏埠地下商业街F145电顽橙子,40.7132840,122.1685550,maimai_dx,,,wahlap
町豆部落槐房万达店,北京市丰台区槐房南路6号院二层2F-B町豆部落,39.8127887,116.3625915,chunithm;maimai_dx;other,,chunithm:2;maimai_dx:1,wahlap;bemanicn;ziv
畅享大玩家电玩城,新兴中大街28号卓越·万象城F1,47.7240630,128.8289660,chunithm;maimai_dx,,chunithm:2;maimai_dx:1,bemanicn
畅想城广州番禺亚运城店,广东省广州市番禺亚运城新华文化中心一楼F1012-F1015,23.1374780,113.2584000,chunithm;maimai_dx,,,wahlap
畅想大玩家黑龙江伊春店,黑龙江省伊春市卓越万象城畅想大玩家电玩城,47.7270000,128.8413940,chunithm;maimai_dx,,,wahlap
畅梦妙妙屋,河南省商丘市梁园区华商世贸A座11层C01室,34.4177440,115.6482200,chunithm;maimai_dx;ongeki,,chunithm:1;maimai_dx:1;ongeki:1,bemanicn
畅游电玩城徐州邳州店,江苏省徐州市邳州市中钰购物中心6楼畅游电玩城,34.2045130,117.2840910,maimai_dx,,maimai_dx:2,wahlap;bemanicn
畅玩星际洛阳西工大卫城店,河南省洛阳市西工区中洲路421号丹尼斯大卫城八楼畅玩星际,34.6189140,112.4467120,maimai_dx,,maimai_dx:1,wahlap;bemanicn
疯狂娃娃城（梅陇里店）,上海市上海市闵行区虹梅南路高架下梅陇里NovaArk诺瓦城,31.1263650,121.4042820,maimai_dx;other;taiko,,maimai_dx:1;taiko:1,bemanicn;ziv
疯狂巴比特通辽壹方城店,内蒙古通辽市万达2号门星际玩家,43.6470220,122.2347810,maimai_dx,,,wahlap
疯狂派对城,万州区南滨大道1777号,30.8064680,108.4088360,maimai_dx,,maimai_dx:1,bemanicn
疯狂派对城万州长江之星店,重庆市万州长江之星二期A区S02商铺79,30.8084420,108.4013020,maimai_dx,,,wahlap
疯狂牛仔城(琶洲万民星光城店),琶洲大道180号201铺自编2001-2,23.1347560,113.2635880,maimai_dx;taiko,,maimai_dx:2;taiko:1,bemanicn
疯狂牛仔城佛山三水广场店,广东省佛山市三水区西南街道三水广场三楼疯狂牛仔城,23.0209510,113.1118900,chunithm;maimai_dx;other,,chunithm:1;maimai_dx:2,wahlap;bemanicn
疯狂牛仔城佛山保利店,广东省佛山市南海区桂城灯湖东路20号保利水城东广场3楼20号,23.0277660,113.1132410,chunithm;maimai_dx;taiko,,chunithm:2;maimai_dx:2;taiko:1,bemanicn
疯狂牛仔城佛山南海保利店,广东省佛山市南海区桂城街道保利mall3楼疯狂牛仔城,23.0243470,113.1119220,chunithm;maimai_dx,,,wahlap
疯狂牛仔城佛山南海南宇广场店,佛山市南海区桂城街道石龙南路6号南宇广场L3层L3-D5、L3-D9,23.0213410,113.1175370,maimai_dx,,,wahlap
疯狂牛仔城佛山嘉洲广场店,黄岐广佛路98号嘉洲广场3层,23.0230190,113.1212980,chunithm;maimai_dx;taiko,,chunithm:2;maimai_dx:2;taiko:1,bemanicn
疯狂牛仔城嘉州广场店,广东省佛山市广佛一路98号嘉州广场三楼疯狂牛仔城,23.0242770,113.1128010,chunithm;maimai_dx,,,wahlap
疯狂牛仔城广州增城东汇城店,广州市增城区荔城街府佑路98号东汇城三楼疯狂牛仔城,23.1296610,113.2580850,maimai_dx;other;taiko,,maimai_dx:2;taiko:1,wahlap;bemanicn
疯狂牛仔城广州天河美林天地店,广东省广州市天河区前进街道美林天地三楼疯狂牛仔城,23.1286800,113.2610860,maimai_dx;other;taiko,,maimai_dx:2;taiko:1,wahlap;bemanicn
疯狂牛仔城广州海珠万民星光城店,广东省广州市海珠区琶洲大道180号201铺疯狂牛仔城,23.1307110,113.2626980,maimai_dx,,,wahlap
疯狂牛仔城广州番禺大石店,广东省广州市番禺区大石镇万民广场2层,23.1318110,113.2567720,maimai_dx;other,,maimai_dx:2,wahlap;bemanicn
疯狂牛仔城广州白云凯德店,广东省广州市白云区云城西路880号缤纷天地三楼疯狂牛仔城,23.1373550,113.2595710,maimai_dx,,,wahlap
疯狂牛仔城广州白云百信广场店,广东省广州市白云区机场路百信广场东区三楼,23.1371120,113.2577510,chunithm,,,wahlap
疯狂牛仔城广州白云百信店,广东省广州市白云区新市街道百信广场东区3楼疯狂牛仔城百信店,23.1362510,113.2562310,chunithm;maimai_dx;taiko,,chunithm:2;maimai_dx:2;taiko:1,wahlap;bemanicn
疯狂牛仔城广州荔湾上下九店,广东省广州市荔湾区下九路90号东急新天地购物广场三楼疯狂牛仔城,23.1313310,113.2610780,maimai_dx,,,wahlap
疯狂牛仔城江门蓬江店,广东省江门市蓬江区万达广场二楼疯狂牛仔城,22.5781500,113.0756690,maimai_dx,,,wahlap
疯狂牛仔城清远清城世纪荟店,远市清城区先锋东路3号宝银旺商业中心F1疯狂牛仔城,23.6881750,113.0526720,chunithm;maimai_dx;other,,chunithm:2;maimai_dx:2,wahlap;bemanicn
疯狂牛仔城肇庆敏捷广场店,广东省肇庆市端州区信安三路敏捷广场三楼疯狂牛仔城,23.0517950,112.4546120,chunithm;maimai_dx;taiko,,chunithm:1;maimai_dx:2;taiko:1,wahlap;bemanicn
疯狂牛仔城花都万民店,广州市花都区新华街道建设北路万民广场3楼疯狂牛仔城,23.1304430,113.2589740,maimai_dx;taiko,,maimai_dx:1;taiko:1,wahlap;bemanicn
疯狂牛仔城阳江东汇城店,广东省阳江市江城区东风三路123号东汇城2楼,21.8590010,111.9758980,maimai_dx;other;taiko,,maimai_dx:1;taiko:1,wahlap;bemanicn
疯狂牛仔城（佛山映月湖环宇城店）,桂城街道石龙南路6号映月湖环宇城L3层D5,23.0242230,113.1127580,maimai_dx;other,,maimai_dx:2,bemanicn
疯狂牛仔城（江门万达店）,江门万达广场二楼,22.5772300,113.0786810,maimai_dx,,maimai_dx:2,bemanicn
疯狂街区,雄风购物中心二楼,31.3563580,118.4273150,maimai_dx,,maimai_dx:1,bemanicn
疯狂街区三明万达店,福建省三明市三元区万达商业广场三楼疯狂街区电玩城,26.2680900,117.6288980,maimai_dx;taiko,,maimai_dx:2;taiko:2,wahlap;bemanicn
疯狂街区芜湖南陵店,安徽省芜湖市南陵县雄风购物中心二楼疯狂街区电玩城,31.3562720,118.4229330,maimai_dx,,,wahlap
疯狂集玩社西安卜蜂中心长和店,陕西省西安市未央区张家堡街道卜蜂中心长和店(西北门)三楼疯狂集玩社,34.3422020,108.9349260,maimai_dx,,,wahlap
疯玩乐动临沂兰山万达广场店,临沂市兰山区万达广场三楼疯玩乐动,35.1039300,118.3481280,maimai_dx,,,wahlap
疯玩乐动家庭娱乐中心（上海路万达店）,孝河路80号临沂上海路万达广场三楼西南角,35.1057510,118.3524450,maimai_dx,,maimai_dx:1,bemanicn
疯玩乐动（吾悦广场店）,河东区吾悦广场三楼中庭,35.1025630,118.3554920,maimai_dx,,maimai_dx:1,bemanicn
登辉电玩俱乐部,府坪街道高山街社区阳光鑫都潮流广场(和平街58号),29.0302650,111.6933760,other;taiko,,taiko:1,bemanicn
百信广场4楼,"广州市新市墟百信广场4楼 广州市(CANTON) 广东省 (Guangdong Province), 广州市(CANTON)",23.1940923,113.2620826,jubeat;taiko,,jubeat:4;taiko:3,ziv
百汇游乐园,文庙广场下南街167号,31.1327560,104.3961580,other,,,bemanicn
百盛电玩,"芝罘区南大街百盛五楼 烟台市 (Yantai) 山东省 (Shandong Province), 烟台市 (Yantai)",37.5434417,121.3781118,jubeat;maimai_dx;other;reflec;taiko,,jubeat:4;maimai_dx:1;reflec:2;taiko:3,ziv
皆道口studio,街道口，详情加群了解,30.5920630,114.3032370,chunithm;maimai_dx;ongeki,,chunithm:2;maimai_dx:1;ongeki:1,bemanicn
皇上快点泰安泰山吾悦广场店,山东省泰安市泰山区上高街道吾悦广场3楼皇上快点,36.1977450,117.0775370,maimai_dx,,,wahlap
皇者之风南阳吾悦广场,南阳市高新区吾悦广场,33.0161980,112.5828450,maimai_dx,,,wahlap
皇者之风高新吾悦广场店,河南省南阳市卧龙区独山大道(北段)辅路卧龙区南阳高新吾悦广场(独山大道店),33.0151590,112.5821870,maimai_dx,,maimai_dx:1,bemanicn
皮皮熊 PP Bear (宝坻店),"2F, Yigou Baoxin Shopping Mall, No.26 Huancheng South Road Baodi District Tianjin Tianjin, 301800, Tianjin",39.7039570,117.2907580,maimai_dx;other,,,ziv
皮皮熊天津宝坻店,天津市宝坻区环城南路26号怡购宝鑫商场二楼皮皮熊主题乐园,39.7152610,117.2976370,maimai_dx,,maimai_dx:1,wahlap;bemanicn
盈兴汇亲子乐园黄石大冶店,湖北省黄石市大冶市乾塔路雨润喜润荟3楼,30.2043070,115.0366800,maimai_dx,,maimai_dx:1,wahlap;bemanicn
盈玩三门峡湖滨万达店,河南省三门峡市湖滨区前进街道三门峡万达广场三楼盈玩,34.7763790,111.1942510,maimai_dx,,,wahlap
益合趣玩游戏厅（天禾广场店）,益合趣玩游戏厅（天禾广场店）,24.3335980,109.4219160,maimai_dx,,maimai_dx:1,bemanicn
益启趣玩南宁宾阳宾州店,广西壮族自治区南宁市宾阳县宾州镇临浦路华莱士店门口地下街电玩城益启趣玩,22.8226270,108.3602450,maimai_dx,,,wahlap
益启趣玩南宁青秀凤岭万达广场店,广西壮族自治区南宁市青秀区凤岭万达广场负一楼环游艺派娱乐馆,22.8205200,108.3571270,chunithm,,,wahlap
益启趣玩家庭娱乐中心,桐梓县海校街道人民路259地下商业街F区,27.7242190,107.0241370,maimai_dx,,maimai_dx:1,bemanicn
益启趣玩家庭娱乐中心（宾阳店）,宾阳县宾州镇临浦路地下商业街A区A1至A21号,22.8160580,108.3596340,maimai_dx;other,,maimai_dx:1,bemanicn
益启趣玩柳州天禾广场店,广西壮族自治区柳州市鹿寨县建中东路天禾广场广百汇超市一楼游乐场,24.3290480,109.4203390,maimai_dx,,,wahlap
益启趣玩河池宜州店,广西壮族自治区河池市宜州区万象地下街1号入口益启趣玩娱乐中心,24.4925850,108.6326130,maimai_dx,,maimai_dx:1,wahlap;bemanicn
益启趣玩河池都安店,广西壮族自治区河池市都安瑶族自治县屏山中路人防商业地下街A9-A3,24.4871940,108.6274490,maimai_dx,,maimai_dx:1,wahlap;bemanicn
益启趣玩百色平果店,广西壮族自治区百色市平果市体育西路乐创星天地购物中心益启趣玩,23.9038050,106.6151330,maimai_dx,,,wahlap
益启趣玩遵义桐梓店,贵州省遵义市桐梓县海校街道人名路益启趣玩游艺中心,27.7240920,107.0222750,maimai_dx,,,wahlap
益启趣玩钦州钦南年年丰广场店,广西壮族自治区钦州市钦南区年年丰广场1号门负一楼益启趣玩娱乐中心,21.9831720,108.6527180,maimai_dx,,,wahlap
益启趣玩（年年丰店）,钦州湾大道36号年年丰广场负一层,21.9822220,108.6531920,maimai_dx,,maimai_dx:1,bemanicn
益智乐园上饶鄱阳店,江西省上饶市鄱阳县丰跃名城四楼益智乐园动漫城,28.4620190,117.9392510,maimai_dx,,,wahlap
益智动漫城,江西省上饶市鄱阳县鄱阳镇丰跃名城区4楼,28.4556700,117.9384740,maimai_dx,,maimai_dx:1,bemanicn
盐城酷玩空间青岛胶州店,山东省青岛市胶州市香港路277号A栋F39,36.0701980,120.3795940,maimai_dx,,,wahlap
盖世玩家无锡惠山店,江苏省无锡市惠山区悦尚奥莱A区1楼盖世玩家,31.4970400,120.3114150,maimai_dx,,,wahlap
盖世玩家无锡梁溪店,江苏省无锡市梁溪区梁溪万达二楼盖世玩家,31.4948890,120.3112730,maimai_dx,,,wahlap
盖世玩家苏州吴中万达店,江苏省苏州市吴中区吴中万达3F-A,31.3022070,120.5835170,maimai_dx,,maimai_dx:1,wahlap;bemanicn
盖姆龙电玩俱乐部（新辰里亚运村店）,北辰东路8号院1号楼新辰里购物中心2层,39.9036230,116.3930930,other;taiko,,taiko:1,bemanicn
盖姆龙电玩俱乐部（新辰里酒仙桥店）,酒仙桥路12号新辰里酒仙桥店3层,39.9017690,116.3983950,other;taiko,,taiko:1,bemanicn
盛泽天虹星城战记,江苏省苏州市吴江区盛泽镇天虹购物中心,31.3020110,120.5870230,chunithm;maimai_dx,,chunithm:2;maimai_dx:1,bemanicn
直通车欢聚中心,发展大道与东方大道交汇处,30.6953150,111.2841070,other,,,bemanicn
相遇潮玩,大润发(客都汇购物中心店)二楼,22.9214040,112.0426230,maimai_dx,,maimai_dx:1,bemanicn
相遇潮玩梧州大润发店,广西壮族自治区梧州市万秀区大润发二楼相遇潮玩,23.4776060,111.2724940,maimai_dx,,maimai_dx:1,wahlap;bemanicn
相遇潮玩罗定大润发店,广东省云浮市罗定市罗城街道龙园路133号二楼相遇潮玩,22.9183860,112.0364550,maimai_dx,,,wahlap
真快活Coohoo Max(无锡荟聚店),锡山开发区团结中路3号无锡荟聚中心L4层05A01号,31.4953350,120.3032050,chunithm;maimai_dx;taiko,,chunithm:2;maimai_dx:2;taiko:3,bemanicn
真快活Coohoo Max(武汉万科未来中心店),汉阳区汉阳大道408号万科未来中心L4层2021号商铺,30.5946780,114.3028890,maimai_dx;other;taiko,,maimai_dx:1;taiko:1,bemanicn
真快活coohoo Max(武汉白沙洲天街店),白沙三与白沙六路交汇处白沙龙湖天街A馆4楼真快活coohoo Max(武汉白沙洲天街店),30.5978900,114.3006390,maimai_dx;taiko,,maimai_dx:1;taiko:1,bemanicn
真快活Coohoo Max(永旺梦乐城店),汉阳区江城大道408号永旺梦乐城B馆3层B307,30.5957330,114.3052270,maimai_dx;other;taiko,,maimai_dx:1;taiko:1,bemanicn
真快活Coohoo Max(金银潭永旺店),金银潭大道1号永旺梦乐城武汉金银潭店4F层,30.5944470,114.2955910,maimai_dx;other;taiko,,maimai_dx:1;taiko:1,bemanicn
真快活CooHoo Max白沙洲万科店,青菱乡长征村范家村68号洪山万科广场L3层3839,30.5958360,114.3037720,maimai_dx;taiko,,maimai_dx:1;taiko:1,bemanicn
真快活coohoo max（招商花园城店）,九江招商花园城3F,29.6611670,115.9465090,taiko,,taiko:1,bemanicn
真快活CoohooMax(王府井店),江西省南昌市青云谱区洪城路158号王府井购物中心5F-P039B号商铺,28.6882780,115.8551500,maimai_dx;other;taiko,,maimai_dx:2;taiko:1,bemanicn
真快活coohooMax武汉汉阳店,湖北省武汉市汉阳区汉阳大道408号万科未来中心3号门L4层真快活coohooMax,30.5978740,114.2941040,maimai_dx;other;taiko,,maimai_dx:2;taiko:1,wahlap;bemanicn
真快活CoohooMax电玩城,京哈公路27号(102国道北)永旺梦乐城B1层B101,39.5347560,116.6765060,maimai_dx;other;taiko,,maimai_dx:1;taiko:1,bemanicn
真快活coohoomax重庆万象城店,九龙坡区谢家湾街道谢家湾正街45-49-51-53号B140,29.5085130,106.5054930,maimai_dx;other;taiko,,maimai_dx:2;taiko:2,bemanicn
真快活CoohooMax（Fangshan INCITY Mall）,"2F, Fangshan INCITY Mall, Changyang Road Fangshan District Beijing Beijing, 102442, Beijing",39.7522500,116.2045900,maimai_dx;other;taiko,,,ziv
真快活coohooMax（北京半岛万科广场店）,北京市北京市房山区张家场路北京房山印象城2层,39.7456190,116.1406720,maimai_dx;taiko,,maimai_dx:1;taiko:1,bemanicn
真快活CoohooMax（恩施九立方店）,舞阳坝街道九立方7楼-B-10,30.2779100,109.4812460,maimai_dx;taiko,,maimai_dx:1;taiko:1,bemanicn
真快活M+购物中心店,江汉路187号M+购物中心F5,30.5999950,114.3006090,other;taiko,,taiko:2,bemanicn
真快活九江浔阳招商花园城,江西省九江市浔阳区长虹西大道101号招商花园城三楼真快活电玩城,29.6654750,115.9436580,maimai_dx,,,wahlap
真快活九龙坡谢家湾万象城店,重庆市九龙坡区谢家湾万象城南区华润广场a座b1层真快活,29.5063280,106.5084510,maimai_dx,,,wahlap
真快活亲橙万象汇店,湖北省武汉市武昌区徐东大街66号亲橙万象汇3层L329A商铺,30.5908800,114.3002080,maimai_dx,,,wahlap
真快活仁和新城店,四川省成都市武侯区府城大道西段505号仁和新城购物中心5楼真快活电玩,30.5770510,104.0658460,maimai_dx;taiko,,maimai_dx:2;taiko:1,bemanicn
真快活仙桃武商店,湖北省仙桃市武商购物中心七楼真快活美乐园电玩城,30.3320250,113.4337060,maimai_dx;other;taiko,,maimai_dx:1;taiko:1,wahlap;bemanicn
真快活光谷大悦城店,高新大道与豹溪路交汇处光谷大悦城5楼,30.5993120,114.2989320,maimai_dx;other;taiko,,maimai_dx:1;taiko:1,bemanicn
真快活北京房山店,北京市房山区长阳广阳新路9号院1号楼2层201-L2001真快活电玩,39.7490520,116.1328280,maimai_dx,,,wahlap
真快活北京西单华威大厦店,北京市西城区西单北大街130号华威大厦五楼,39.9144590,116.3592560,maimai_dx,,,wahlap
真快活北京西城coohooMax,西单北大街130号华威大厦5层,39.9098390,116.3535870,maimai_dx;other;taiko,,maimai_dx:2;taiko:1,bemanicn
真快活十堰茅箭人民商城店,武商集团十堰人民商场8楼,32.6357670,110.7924740,maimai_dx;other;taiko,,maimai_dx:2;taiko:1,bemanicn
真快活十堰茅箭六堰人民商场店,湖北省十堰市茅箭区六堰人民商场8层8C-01号,32.6350910,110.7974270,maimai_dx,,,wahlap
真快活合肥包河万象汇店,安徽省合肥市包河区包河大道与龙川路交汇处包河万象汇L401室,31.8204590,117.2222880,maimai_dx;taiko,,maimai_dx:2;taiko:1,wahlap;bemanicn
真快活合肥银泰城店,安徽省合肥市包河区云谷路银泰城三楼真快活美乐园,31.8210500,117.2189770,maimai_dx;taiko,,maimai_dx:1;taiko:1,wahlap;bemanicn
真快活嘉兴海宁银泰城店,浙江省嘉兴市海宁市海州街道海昌南路银泰城真快活coohoomax,30.7486940,120.7453710,maimai_dx,,,wahlap
真快活宜昌西陵吾悦广场店,湖北省宜昌市西陵区窑湾街道东山四路吾悦广场2楼真快活电玩城,30.6965210,111.2849790,maimai_dx;other;taiko,,maimai_dx:1;taiko:1,wahlap;bemanicn
真快活恩施九立方店,湖北省恩施土家族苗族自治州恩施市东风大道276号,30.2785370,109.4806000,maimai_dx,,,wahlap
真快活成都武侯仁和新城店,四川省成都市武侯区府城大道西段505号仁和新城购物中心5楼真快活电玩,30.5715490,104.0620280,maimai_dx,,,wahlap
真快活摩尔城店,龙阳大道特6号摩尔城5层,30.5966220,114.3024110,maimai_dx;other;taiko,,maimai_dx:2;taiko:2,bemanicn
真快活武商梦时代店,中南路街道武珞路598号武商梦时代F8层,30.5981930,114.2961690,chunithm;maimai_dx;taiko,,chunithm:2;maimai_dx:2;taiko:1,bemanicn
真快活武汉光谷世界城店,湖北省武汉市洪山区珞瑜路726号光谷世界城4楼,30.5933830,114.2949780,chunithm;maimai_dx;taiko,,chunithm:2;maimai_dx:2;taiko:1,wahlap;bemanicn
真快活武汉徐东万象汇店,武昌区徐东路6号武汉亲橙万象汇3楼,30.5952670,114.2958010,maimai_dx;other;taiko,,maimai_dx:1;taiko:1,bemanicn
真快活武汉梦时代店,湖北省武汉市武昌区武珞路628号武商梦时代B座801真快活电玩,30.5919290,114.2956870,chunithm;maimai_dx,,,wahlap
真快活武汉武昌万象城店,湖北武汉市武昌区徐家棚武昌万象城5楼真快活电玩,30.5972910,114.2973730,maimai_dx;other;taiko,,maimai_dx:2;taiko:1,wahlap;bemanicn
真快活武汉汉阳摩尔城店,湖北省武汉市汉阳区龙阳大道王家湾摩尔城B座5楼真快活动漫体验中心,30.5976630,114.3007500,maimai_dx,,,wahlap
真快活武汉江夏永旺店,湖北省武汉市江夏区文化大道199号永旺梦乐城3楼3069真快活,30.5955180,114.3045040,maimai_dx;taiko,,maimai_dx:2;taiko:2,wahlap;bemanicn
真快活武汉江岸万象城店,湖北省武汉市江岸区建设大道和台北路交汇处武汉万象城五层S518商铺真快活电玩城,30.6001980,114.2998870,maimai_dx,,,wahlap
真快活武汉江岸新荣天街店,武汉市江岸区汉黄路新荣天街5楼真快活,30.5968170,114.3025640,maimai_dx,,,wahlap
真快活武汉江汉国际广场店,湖北省武汉市江汉区解放大道690号武汉国际广场7楼,30.5939420,114.3021580,maimai_dx,,,wahlap
真快活武汉洪山万科店,湖北武汉市洪山区张家湾街道白沙洲万科城市之光东(白沙二路西)3楼,30.5939850,114.2999350,maimai_dx,,,wahlap
真快活武汉洪山佰港城店,湖北省武汉市洪山区丁字桥南路维佳佰港城3楼,30.5932700,114.3018020,maimai_dx,,,wahlap
真快活武汉洪山银泰店,湖北省武汉市洪山区珞喻路35号银泰创意城3楼真快活电玩,30.6000340,114.2983670,maimai_dx,,,wahlap
真快活武汉洪山鲁巷广场店,湖北省武汉市洪山区关东街道中商世界里原鲁巷广场负一楼真快活动漫体验中心,30.5961610,114.3024240,maimai_dx,,,wahlap
真快活武汉白沙天街店,湖北省武汉市烽胜路龙湖天街A馆4楼真快活Coohoomax,30.5932100,114.3016770,maimai_dx,,,wahlap
真快活武汉硚口荟聚店,湖北省武汉市硚口区荟聚中心3楼,30.5923260,114.2986580,maimai_dx,,,wahlap
真快活武汉经开永旺店,湖北省武汉市经济开发区江城大道388号B馆3楼真快活动漫体验中心,30.5949240,114.2964240,maimai_dx,,,wahlap
真快活武汉青山印象城店,湖北省武汉市青山区和平大道1278号印象城4楼真快活,30.5929860,114.2991070,maimai_dx,,,wahlap
真快活洪山光谷大悦城,湖北省武汉市洪山区光谷大悦城真快活,30.6008870,114.2995160,maimai_dx,,,wahlap
真快活电玩乐园（荆门店）,象山一路6号银泰城7F,31.0332850,112.1923340,maimai_dx;taiko,,maimai_dx:1;taiko:1,bemanicn
真快活电玩城无锡锡山开发无锡荟聚中心店,无锡市锡山开发区团结中路3号无锡荟聚中心L14 层05A01-01真快活电玩城,31.4908510,120.3057570,maimai_dx,,,wahlap
真快活电玩城无锡锡山开发荟聚中心店,无锡市锡山开发区团结中路3号无锡荟聚中心L14 层05A01-01真快活电玩城,31.4971410,120.3051910,chunithm,,,wahlap
真快活电玩城（珞珈创意城）,"27 Luo Yu Lu 街道口珞珈创意城 7楼(地铁2号线街道口C出口) Wuhan Shi Hubei Sheng, 430073, Wuhan Shi",30.5262432,114.3558311,iidx;jubeat;maimai_dx;other;taiko,,,ziv
真快活维佳佰港城店,文楚路维佳佰港城3楼,30.5964040,114.3041380,maimai_dx;taiko,,maimai_dx:1;taiko:1,bemanicn
真快活美乐园(光谷天地店),"洪山区关山大道光谷天地2楼(近永和大王) 武汉(Wuhan) 湖北(Hubei), 武汉(Wuhan)",30.4784884,114.4101512,jubeat,,,ziv
真快活美乐园(司门口店),"武汉市武昌区司门口ATM潮流百货7楼 武汉(Wuhan) 湖北(Hubei), 武汉(Wuhan)",30.5471819,114.2995898,iidx;jubeat;other,,,ziv
真快活美乐园(王家湾店),"汉阳区王家湾龙阳大道特6号摩尔城C座3楼(近汉阳大道) 武汉(Wuhan) 湖北(Hubei), 武汉(Wuhan)",30.5578307,114.2083607,jubeat;other;reflec;taiko,,,ziv
真快活美乐园（国广店）,"江汉区解放大道690号武汉国际广场7楼 Wuhan Shi Hubei Sheng, 430072, Wuhan Shi",30.5802799,114.2712231,gitadora;jubeat;maimai_dx;other;reflec;sdvx;taiko,,gitadora:2;jubeat:1;maimai_dx:1;reflec:1;sdvx:1;taiko:1,ziv
真快活苏州园区永旺店,工业园区钟南街238号2楼,31.3049590,120.5810440,maimai_dx;taiko,,maimai_dx:2;taiko:1,bemanicn
真快活苏州永旺新区店,城际路19号永旺梦乐城(苏州新区店)2楼,31.3007400,120.5830640,maimai_dx;other;taiko,,maimai_dx:2;taiko:1,bemanicn
真快活苏州相城店,江苏省苏州市相城区开发区相城大道1168号三层F317真快活商铺,31.2972260,120.5824380,maimai_dx;other;taiko,,maimai_dx:2;taiko:2,wahlap;bemanicn
真快活苏州钟南永旺店,江苏省苏州市吴中区工业园区胜浦街道钟南街永旺梦乐城,31.3007430,120.5790310,maimai_dx,,,wahlap
真快活苏州高新永旺梦乐园店,江苏省苏州市高新区城际路19号永旺梦乐园2楼真快活电玩,31.3043780,120.5863950,maimai_dx,,,wahlap
真快活荆门东宝银泰城店,湖北省荆门市东宝区龙泉街道象山一路6号银泰城七楼真快活美乐园,31.0355020,112.1931380,maimai_dx,,,wahlap
真快活荟聚中心店,园博大道1号荟聚中心3楼,30.5981120,114.3006960,maimai_dx;other;taiko,,maimai_dx:2;taiko:2,bemanicn
真快活鄂州吾悦广场店,湖北省鄂州市吾悦广场,30.3932990,114.8947230,maimai_dx;taiko,,maimai_dx:1;taiko:2,bemanicn
真快活鄂州鄂城吾悦店,湖北省鄂州市鄂城区临空经济区大桥路吾悦广场2楼Z202铺真快活电玩城,30.3944890,114.8922940,maimai_dx,,,wahlap
真快活金银潭永旺店,湖北省武汉市东西湖区将军路街办事处金银潭大道1号金银潭永旺梦乐城4楼真快活电玩城,30.5925070,114.3008910,maimai_dx,,,wahlap
真快活银泰创意城店,珞喻路35号银泰创意城3F,30.5980400,114.3011810,maimai_dx;other;taiko,,maimai_dx:2;taiko:1,bemanicn
真快活（武商MALL店）,解放大道690号武商MALL7楼B7-8,30.5971120,114.2932280,maimai_dx;other;taiko,,maimai_dx:1;taiko:1,bemanicn
石狮世佳乐园,德辉广场7楼7-001号,24.8826010,118.6712130,chunithm;maimai_dx;taiko,,chunithm:2;maimai_dx:2;taiko:1,bemanicn
石狮纷享星球电玩动漫体验,福建省泉州市石狮市宝岛中路339号石狮泰禾广场纷享星球电玩动漫体验(泰禾店),24.8810830,118.6744050,maimai_dx,,maimai_dx:1,bemanicn
碧富遊戲機,和宜合道,22.2805460,114.1601960,maimai_dx;other;taiko,,maimai_dx:2;taiko:1,bemanicn
神兽大玩家漯河郾城谷美店,河南省漯河市郾城区沙北街道嵩山路与辽河路交叉口向西200路北恒润城市广场北区谷美生活广场三楼,33.5819300,114.0166820,maimai_dx,,,wahlap
神兽大玩家（界首店）,原华联商厦3楼最里面,32.8904380,115.8081780,other,,,bemanicn
神彩飞扬绥化肇东店,黑龙江省绥化市肇东市神彩飞扬电玩城,46.6521770,126.9571870,maimai_dx,,maimai_dx:1,wahlap;bemanicn
神秘之境,广场东路奥园广场三楼,22.6547670,110.1786200,other,,,bemanicn
神秘国度,青海省西宁市城中区王府井百货B馆负一楼神秘国度动漫游艺城,36.6746860,101.7618230,maimai_dx,,maimai_dx:1,bemanicn
神秘国度西宁西门王府井店,青海省西宁市城中区王府井百货B馆负一楼神秘国度动漫游艺城,36.6783830,101.7514640,maimai_dx,,,wahlap
神话动漫·台球(新洲摩尔城店),衡州大道100号新洲摩尔城4F层,30.5983850,114.2951380,maimai_dx,,maimai_dx:1,bemanicn
神话动漫新洲摩尔城店,武汉市新洲区摩尔城四楼神话动漫,30.5985820,114.3012250,maimai_dx,,,wahlap
神采飞扬 Game Town (凯德广场店),"7F, Capital Plaza Wusheng Road, No. 238 Zhongshan Avenue Qiaoku District Wuhan Hubei, 430033, Wuhan",30.5713775,114.2619327,maimai_dx;other;sdvx;taiko,,maimai_dx:2;sdvx:1;taiko:1,ziv
神采飞扬双鸭集贤店,黑龙江省双鸭山市集贤县福利泓晟生活广场三楼电玩城神采飞扬,46.6706450,131.1275240,maimai_dx,,,wahlap
神采飞扬大连开发昌林大厦店,辽宁省大连市开发区昌林大厦二楼,38.9165700,121.6117520,maimai_dx,,,wahlap
神采飞扬木马王国杭州萧山银隆店,浙江省杭州市萧山区市心中路268号银隆百货商场内主楼B楼三层B305-B308号商铺木马王国店,30.2457350,120.2071800,maimai_dx,,,wahlap
神采飞扬武汉武胜凯德店,湖北省武汉市硚口区武胜路凯德广场7楼神采飞扬电竞俱乐部,30.5953530,114.2960230,maimai_dx,,,wahlap
神采飞扬汉阳江腾店,湖北省武汉市汉阳区马鹦路江腾广场三楼,30.5920710,114.3002120,maimai_dx,,,wahlap
神采飞扬江北万象城店（第一回合/木马王国）,清河路265号（江北万象城）3层K301-K304,29.8658110,121.6156260,chunithm;maimai_dx;taiko,,chunithm:2;maimai_dx:1;taiko:1,bemanicn
神采飞扬电玩城（集贤店）,泓晟生活广场3楼,46.6746130,131.1365620,maimai_dx,,maimai_dx:1,bemanicn
神采飞扬硚口凯德店,中山大道238号凯德广场武胜路店F7层,30.5918590,114.3027400,maimai_dx;sdvx;taiko,,maimai_dx:2;sdvx:1;taiko:1,bemanicn
神采飞扬第一回合义乌天地店,浙江省金华市义乌市园路2-1号3楼LA301-2第一回合·木马王国(义乌天地店),29.0825470,119.6451280,maimai_dx,,,wahlap
神采飞扬第一回合绍兴天地店,浙江省绍兴市越城区马臻南路18号、28号C厂2楼232号第一回合,30.0540700,120.5812560,maimai_dx,,,wahlap
神采飞扬绍兴柯桥万达第一回合店,浙江省绍兴市柯桥区柯桥街道钱陶路799号万达广场四幢三层百货楼-3f-c,30.0516920,120.5817840,maimai_dx,,,wahlap
神采飞扬鄞州万达店（第一回合）,四明中路999号鄞州万达广场1层（2号门肯德基旁）,29.8631820,121.6148830,chunithm;maimai_dx;taiko,,chunithm:2;maimai_dx:2;taiko:2,bemanicn
神采飞扬青岛伟东乐客城店,山东青岛市李沧区伟东乐客城三楼神采飞杨,36.0697780,120.3740110,maimai_dx;other;taiko,,maimai_dx:2;taiko:1,wahlap;bemanicn
神采飞扬（江腾店）,马鹦路江腾广场A座三楼,30.5910690,114.3007690,maimai_dx;other;taiko,,maimai_dx:1;taiko:1,bemanicn
神龙游戏城,新大新购物广场3楼,33.7656420,113.1841550,other,,,bemanicn
祺彬小院,青阳九华山祺彬小院（旧祺彬山庄）,30.6714880,117.4909690,maimai_dx,,maimai_dx:1,bemanicn
福乐熊儿童主题乐园（维多利店）,维多利广场,40.7422000,107.3871200,drs,,drs:1,bemanicn
福州东二环星际传奇,福建省福州市晋安区岳峰镇竹屿路6号东二环泰禾广场商业中心22号楼第4层L410-3商铺,26.0813600,119.2881680,maimai_dx,,,wahlap
福思特三明尤溪万达店,福建省三明市尤溪县万达广场二层福思特家庭游乐中心,26.2717220,117.6357180,maimai_dx,,,wahlap
福思特动漫电玩世界（珠海香洲印象城店）,广东省珠海市香洲区凤山街道珠海印象城3楼福思特电玩城,22.2712730,113.5738660,chunithm;maimai_dx,,chunithm:2;maimai_dx:2,bemanicn
福思特嘉定宝龙广场店,上海市嘉定区菊园新区阿克苏路1099号嘉定宝龙广场福思特电玩,31.3801150,121.2599390,maimai_dx,,,wahlap
福思特家庭娱乐中心(新建北路万达店),新建万达三层,37.6837500,112.7468620,chunithm;maimai_dx,,chunithm:2;maimai_dx:2,bemanicn
福思特家庭游乐中心（三明尤溪万达店）,西城镇文公大道3号万达广场2F-1福思特家庭游乐中心,26.2687750,117.6321670,maimai_dx,,maimai_dx:1,bemanicn
福思特晋中新建路万达店,山西省晋中市新建路万达广场三楼福思特,37.6843420,112.7412960,chunithm;maimai_dx,,,wahlap
福思特晋中榆次定阳万达店,山西省晋中市榆次区大学城定阳万达3号门2楼,37.6859150,112.7421060,chunithm;maimai_dx,,,wahlap
福思特湖州吴兴银泰百货店,浙江省湖州市吴兴区爱山街道银泰百货东吴店三楼福思特电玩城,30.8934940,120.0868510,maimai_dx,,,wahlap
福思特漯河源汇万达店,河南省漯河市源汇区阴阳赵镇万达三楼福思特电玩城,33.5800270,114.0097470,chunithm;maimai_dx,,,wahlap
福思特珠海香洲印象城店,广东省珠海市香洲区凤山街道珠海印象城三楼福斯思电玩城,22.2713810,113.5696010,chunithm;maimai_dx,,,wahlap
福思特电玩城（湖州银泰百货店）,银泰百货3楼,30.8982700,120.0826740,maimai_dx,,maimai_dx:1,bemanicn
福斗星球ODEK电玩城,三灶华晨商业广场1层,22.2716270,113.5677530,maimai_dx,,maimai_dx:1,bemanicn
福斗星球珠海金湾店,广东省珠海市金湾区金海岸大道206号福斗星球,22.2782650,113.5744160,maimai_dx,,,wahlap
福熊电玩城/熊爪爪夹机社（冰山慧谷熊洞街店）,辽宁省大连市沙河口区西南路888号冰山慧谷D4栋熊洞街,38.9150560,121.6105090,chunithm;maimai_dx;taiko,,chunithm:4;maimai_dx:2;taiko:1,bemanicn
福熊电玩城大连沙河口店,辽宁省大连市沙河口区冰山慧谷熊洞街,38.9110010,121.6106230,chunithm;maimai_dx,,,wahlap
福爪爪上海浦东店,上海市浦东新区顾唐路99号招商花园城负一层福爪爪动漫娱乐,31.2198430,121.5381100,maimai_dx,,,wahlap
福爪爪快乐街区（蛇口招商花园城店）,招商街道四海社区南海大道1090号蛇口花园城中心2楼,22.5490720,114.0556710,maimai_dx,,maimai_dx:1,bemanicn
福爪爪深圳南山店,广东省深圳市南山区招商街道四海社区蛇口招商花园城2楼福爪爪,22.5512380,114.0507400,maimai_dx,,,wahlap
福田购物公园宝贝王,福田购物公园地铁站星河COCO Park二期,22.5511060,114.0547330,maimai_dx,,maimai_dx:1,bemanicn
福窝·FullFull OYUDO BAR,富水南路196号贵州国际商城31层3号（贵州黔城酒店对面）,26.6480340,106.6213680,chunithm;maimai_dx;taiko,,chunithm:1;maimai_dx:1;taiko:1,bemanicn
秀斗城邦绍兴越城店,浙江省绍兴市越城区金帝银泰城地下一层秀斗城邦,30.0519540,120.5797040,maimai_dx,,,wahlap
秋叶原上海南京东路百联AKIBA店,上海市黄浦区南京东路340号百联ZX创趣场AKIBA秋叶原,31.2313050,121.4838260,maimai_dx,,,wahlap
秋的茶研社,东方伟业广场内一楼046号秋的茶研社,24.8811400,118.6733390,ongeki,,ongeki:1,bemanicn
秘密艾武夷山宝龙广场店,福建省南平市武夷山市上洲路与彭祖路交叉口正北方向93米左右秘密艾,27.3853390,118.0738510,maimai_dx,,maimai_dx:1,bemanicn
积姆熊家庭娱乐中心(大润发店),山东省菏泽市曹县曹城街道湘江西路路北万基大润发三楼西北角,35.2377820,115.4774480,maimai_dx,,maimai_dx:1,bemanicn
积木熊天水秦州万达店,甘肃省天水市秦州区弘文西路秦州区天水秦州万达广场(弘文西路西100米),34.5794060,105.7164670,maimai_dx,,maimai_dx:1,bemanicn
积木熊家庭娱乐中心,牡丹区长江东路1266号万达广场,35.2390950,115.4732360,chunithm;maimai_dx,,chunithm:2;maimai_dx:2,bemanicn
积木熊抚州南丰店,江西省抚州市南丰县琴城镇桔苑北路凯升购物广场2楼积木熊,27.9517120,116.3577810,maimai_dx,,,wahlap
积木熊潮玩娱乐,胜利西路6号凯翔新天地三楼3035号门店,28.2731270,117.0338630,maimai_dx,,maimai_dx:1,bemanicn
积木熊潮玩娱乐（抚州南丰凯升广场店）,江西省抚州市南丰县琴城镇桔苑北路凯升购物广场2楼积木熊,27.9507420,116.3504790,maimai_dx,,maimai_dx:1,bemanicn
积木熊潮玩（荆门店）,民主街历史文化街区B1F-001/B1F-037,31.0380160,112.1968630,maimai_dx,,maimai_dx:1,bemanicn
积木熊荆门东宝店,湖北省荆门市东宝区泉口街道大桥社区民主街历史文化街区B1F-001/B1F-045,31.0344920,112.1914470,maimai_dx,,,wahlap
积木熊菏泽曹县大润发店,山东省菏泽市曹县大润发三楼积木熊家庭娱乐中心,35.2305140,115.4761820,maimai_dx,,,wahlap
积木熊菏泽牡丹店,山东省菏泽市牡丹区长江路万达广场三楼东南角积木熊,35.2369210,115.4760430,maimai_dx,,,wahlap
积木熊鹰潭月湖凯翔店,江西省鹰潭市月湖区凯翔购物广场三楼3035门面积木熊,28.2754570,117.0295780,maimai_dx,,,wahlap
穿越时光连云港赣榆店,江苏省连云港市赣榆区吾悦繁华里南门二楼穿越时光电玩世界,34.6022090,119.2162720,maimai_dx,,maimai_dx:1,wahlap;bemanicn
穿越星空温州瓯海店,浙江省温州市瓯海区中心东路商务中心203室穿越星空,28.0020160,120.6961360,maimai_dx,,,wahlap
立新欢乐天地,"厦门市 福建省(Fujian), 厦门市",24.4790490,118.1209960,other,,,ziv
立方嘉年华恩施店,湖北省恩施市九立方商场二楼立方嘉年华,30.2719390,109.4871130,maimai_dx,,,wahlap
竞体空间滨州滨城IFC购物中心店,山东省滨州市滨城区IFC购物中心3楼正彪会竞体空间,37.3836790,117.9658920,maimai_dx,,,wahlap
竞动力儿童游乐场（西安龙首印象城店）,张家堡街道未央路33号龙首印象城3楼 L3-15A-01铺位,34.3444090,108.9320250,other;taiko,,taiko:1,bemanicn
竞卡天地太原贵都店,山西省太原市迎泽区贵都世纪广场2层竞卡天地,37.8674060,112.5457320,maimai_dx,,,wahlap
竞趣大陆,京通苑30号楼枫尚城市奥特莱斯（京通店）3F星逸影城旁,39.9113657,116.5898328,maimai_dx,,maimai_dx:1,bemanicn;ziv
竞趣大陆北京朝阳枫尚奥莱店,朝阳区京通苑30号楼枫尚奥莱三层,39.9203930,116.4344450,maimai_dx,,,wahlap
童年搭档 凯德九章店,两江新区余溪西路与福泉路交叉口西南20米 凯德广场1楼,29.6436860,106.5646070,maimai_dx;other,,maimai_dx:1,bemanicn
童年搭档 胥江天街店,沧浪街道劳动路777号胥江商业中心 北馆三楼,31.2968810,120.5792270,maimai_dx,,maimai_dx:2,bemanicn
童年搭档(万州鸿欧广场店),体育路200号鸿鸥广场F2层,30.8121840,108.4040520,chunithm;maimai_dx,,chunithm:2;maimai_dx:1,bemanicn
童年搭档(龙湖蜀新天街店),郫都区郫筒街道龙湖蜀新天街3F-26,30.5735670,104.0673680,maimai_dx,,maimai_dx:1,bemanicn
童年搭档万州星乐汇店,重庆市万州区太白路97号摩登星乐汇三楼,30.8117790,108.4050250,maimai_dx,,,wahlap
童年搭档南岸奥园店,重庆市南岸区天文大道159号3-10奥园广场3楼童年搭档,29.5048330,106.6373100,maimai_dx,,,wahlap
童年搭档成都温江新光店,四川省成都市温江区光华大道新光天地三楼童年搭档,30.5788290,104.0619780,maimai_dx,,,wahlap
童年搭档成都郫都店,四川省成都市郫都区郫筒街道望丛中路1199号龙湖蜀新天街A馆3F-26童年搭档,30.5729430,104.0667260,maimai_dx,,,wahlap
童年搭档永川爱情广场店,重庆市永川区爱情广场二楼,29.3606220,105.9255870,maimai_dx,,maimai_dx:1,wahlap;bemanicn
童年搭档渝北凯德广场店,重庆市渝北区龙山街道余松西路143号凯德九章二期童年搭档一楼,29.5366420,106.5038940,maimai_dx,,,wahlap
童年搭档苏州姑苏龙湖天街店,江苏省苏州市姑苏区胥江龙湖天街北馆三楼童年搭档,31.3018000,120.5772880,maimai_dx,,,wahlap
童年搭档重庆万州店,重庆市万州区牌楼街道体育路200号附20号,30.8114260,108.4074420,maimai_dx,,,wahlap
童年搭档重庆江北店,重庆市江北区观音桥天天尚街童年搭档,29.5385030,106.5028410,chunithm,,,wahlap
童年搭档（摩登·星乐荟店）,万州区太白路94号 星乐汇3F,30.8148930,108.4023060,maimai_dx,,maimai_dx:1,bemanicn
童年搭档（茶园奥园广场店）,天文大道159号茶园奥园广场3楼3-10号,29.5320870,106.4982990,maimai_dx,,maimai_dx:1,bemanicn
童幻王国儿童乐园九江瑞昌联盛购物广场店,江西省九江市瑞昌市湓城街道联盛购物广场三楼童幻王国儿童乐园,29.6598530,115.9505330,maimai_dx,,,wahlap
童悦世界,大丰城市之星三楼,36.6528590,117.1109210,maimai_dx,,maimai_dx:1,bemanicn
童悦世界济南济阳大丰店,山东省济南市济阳区济北街道济阳区大丰城市之星三楼童悦世界,36.6526420,117.1160150,maimai_dx,,,wahlap
童悦立方青岛黄岛吾悦店,山东省青岛市黄岛区滨海大道2888号新城吾悦广场三楼C区,36.0645350,120.3825610,chunithm;maimai_dx;taiko,,chunithm:2;maimai_dx:1;taiko:1,wahlap;bemanicn
童真谷主题乐园,包河区河北路与繁华大道辅路交叉口西南100米,31.8223850,117.2245910,taiko,,taiko:1,bemanicn
童话王国,中兴城(田东店)二楼童话王国,23.9063060,106.6174800,maimai_dx,,maimai_dx:1,bemanicn
童话王国百色田东店,广西百色市田东县中兴城二楼童话王国,23.9032580,106.6162830,maimai_dx,,,wahlap
童话镇家庭娱乐中心,巧家天力购物广场,27.3457900,103.7134400,other,,,bemanicn
童贝岛家庭娱乐中心（吾悦广场店）,河东吾悦广场三楼3051号商铺,35.1026790,118.3559770,maimai_dx;taiko,,maimai_dx:1;taiko:2,bemanicn
童趣小叮当游乐园,车陂利丰广场（四号线车陂站）,23.1348990,113.2573580,taiko,,taiko:1,bemanicn
童趣玩国家庭娱乐中心,莲花池街道翠屏街2号公园九街14栋2层,28.8759770,105.4405690,maimai_dx,,maimai_dx:1,bemanicn
童趣玩国泸州龙马潭公园九街店,泸州市龙马潭区莲花池街道翠屏街2号公园九街14栋2层201、205,28.8714440,105.4338840,maimai_dx,,,wahlap
第4元素 Element 4,"2nd Floor, IBC Mall, No. 3008 Buxin Road, Luohu District Shenzhen 深圳市 Guangdong 广东省, 518020, Shenzhen 深圳市",22.5776239,114.1198558,maimai_dx;other,,,ziv
第8街潮玩安顺西秀古城店,贵州省安顺市西秀区小十字安顺古城A2号楼一层商铺,26.2535970,105.9398900,maimai_dx,,,wahlap
第e星球,双牌县泷泊镇紫金中路鸿宇世纪广场一楼,26.4227850,111.6041110,other,,,bemanicn
第e星球梧州长洲店,广西梧州市长洲区神冠购物广场二楼第e星球,23.4761260,111.2738590,maimai_dx,,,wahlap
第e星球（梧州神冠店）,新兴三路30号二层商业神冠购物广场有限公司商场内,23.4820060,111.2743650,chunithm;maimai_dx,,chunithm:2;maimai_dx:1,bemanicn
第e玩+,浙江省台州市黄岩区吾悦广场三楼,28.6552640,121.4179100,chunithm;maimai_dx,,chunithm:2;maimai_dx:1,bemanicn
第e玩+台州黄岩吾悦广场店,浙江省台州市黄岩区西城街道大桥路1号吾悦广场（3楼3010号）第一玩家,28.6557580,121.4120560,chunithm;maimai_dx,,,wahlap
第e玩+（第一玩家）金华之心店,浙江省金华市婺城区李渔路金华之心银泰百货商场3楼,29.0806020,119.6382470,maimai_dx,,maimai_dx:1,bemanicn
第一回合,"Changbing Rd, Xiacheng 3rd floor, No.1 Xingcheng Bulding Hangzhou Shi Zhejiang Sheng, 310000, Hangzhou Shi",30.3213255,120.1788236,maimai_dx,,maimai_dx:2,ziv
第一回合 (ROUND ONE) in77店,"258 Yan'an Rd. Area C, B1 Hangzhou Shi Zhejiang Sheng, 310025, Hangzhou Shi",30.2535753,120.1645027,maimai_dx,,maimai_dx:2,ziv
第一回合 Round One (苏州中心),"6th floor of Suzhou Center North Area Suzhou Jiangsu Province, 215200, Suzhou",31.3197422,120.6733561,chunithm;maimai_dx;other;taiko,,chunithm:2;maimai_dx:1;taiko:1,ziv
第一回合&木马王国(大悦城店),莫干山路813号大悦城购物中心3楼（靠近6号门）,30.2486440,120.2012730,chunithm;maimai_dx;taiko,,chunithm:2;maimai_dx:1;taiko:1,bemanicn
第一回合&木马王国（义乌天地店）,义乌市城中中路113号义乌天地市井盒集三楼,29.0797000,119.6436620,maimai_dx;other;taiko,,maimai_dx:1;taiko:1,bemanicn
第一回合(杭州天虹购物中心店),新塘路108号天虹购物中心B座F3,30.2501100,120.2012350,maimai_dx;other;taiko,,maimai_dx:2;taiko:1,bemanicn
第一回合(柯桥万达店),浙江省绍兴市柯桥区钱陶路799号万达广场三楼,30.0496410,120.5812670,maimai_dx;other;taiko,,maimai_dx:2;taiko:2,bemanicn
第一回合南通中南城店,江苏省南通市桃园路12号中南城购物中心3楼第一回合,31.9821040,120.8861060,maimai_dx;taiko,,maimai_dx:2;taiko:2,wahlap;bemanicn
第一回合厦门湖里海上世界店,福建省厦门市湖里区双狮西路海上世界购物中心2F-L222第一回合,24.4861240,118.0855030,maimai_dx,,,wahlap
第一回合嘉兴中山八佰伴店,中山路1360号嘉兴八佰伴购物中心B1层,30.7477270,120.7537620,maimai_dx;other;taiko,,maimai_dx:2;taiko:1,bemanicn
第一回合嘉兴八佰伴店,浙江省嘉兴市南湖区中山路1360号嘉兴八佰伴购物中心B1层,30.7516570,120.7544010,maimai_dx,,,wahlap
第一回合宁波江北万象城店,浙江省宁波市江北区清河路265号万象城三楼K303第一回合店,29.8643130,121.6176890,chunithm;maimai_dx,,,wahlap
第一回合宁波鄞州万达店,浙江省宁波市鄞州区四明中路999号万达广场二楼,29.8610030,121.6245000,chunithm;maimai_dx,,,wahlap
第一回合成都郫都龙湖天街店,四川省成都市郫都区创智北环路创智公园东侧约100米蜀新龙湖天街4楼第一回合,30.5734930,104.0664720,chunithm;maimai_dx,,,wahlap
第一回合成都银泰城店,四川省成都市武侯区益州大道1999号银泰城,30.5714780,104.0657830,chunithm;maimai_dx;taiko,,chunithm:2;maimai_dx:1;taiko:2,wahlap;bemanicn
第一回合杭州湖滨银泰店,浙江省杭州市上城区延安路258号湖滨银泰C1区负一楼第一回合,30.2524690,120.2081970,chunithm,,,wahlap
第一回合杭州滨江宝龙店,浙江省杭州市滨江区宝龙广场三楼第一回合,30.2491720,120.2093190,maimai_dx,,,wahlap
第一回合杭州金沙印象城店,浙江省杭州经济技术开发区下沙街道金沙大道97号金沙印象城,30.2505700,120.2016760,maimai_dx;other;taiko,,maimai_dx:2;taiko:2,wahlap;bemanicn
第一回合渝中龙湖天街店,重庆市渝中区龙湖天街E馆5楼第一回合,29.5527840,106.5637290,maimai_dx,,,wahlap
第一回合湖州吴兴爱山银泰店,浙江省湖州市吴兴区南街558号爱山银泰城2楼第一回合,30.9003870,120.0827010,maimai_dx,,,wahlap
第一回合湖州店,南街558-590爱山银泰2f,30.8924460,120.0833030,maimai_dx;other,,maimai_dx:2,bemanicn
第一回合苏州中心店,江苏省苏州市苏州中心六楼南区第一回合,31.3057370,120.5822110,chunithm;maimai_dx;taiko,,chunithm:2;maimai_dx:1;taiko:1,wahlap;bemanicn
第一回合（成都郫都蜀新天街店）,望丛中路1199号龙湖蜀新天街A馆4楼,30.5766820,104.0612090,maimai_dx;other;taiko,,maimai_dx:1;taiko:1,bemanicn
第一回合（温州印象城店）,府东路333号温州印象城MEGA B1层27号,27.9855880,120.7006221,maimai_dx;other;taiko,,maimai_dx:2;taiko:2,bemanicn;ziv
第一回合（绍兴天地店）,北海街道马臻南路18号绍兴天地C厂2层L239B,30.0582660,120.5776340,maimai_dx;taiko,,maimai_dx:1;taiko:2,bemanicn
第一回合（龙湖重庆时代天街店）,石油路街道时代天街12号E馆5楼,29.5338430,106.4958180,maimai_dx;other,,maimai_dx:2,bemanicn
第一玩家南京六合万达广场店,江苏省南京市六合区欢乐港万达广场三楼第一玩家家庭娱乐中心,32.0582310,118.7891840,maimai_dx;taiko,,maimai_dx:1;taiko:1,wahlap;bemanicn
第一玩家温州银泰店,浙江省温州市平阳银泰城3楼第一玩家,27.9993620,120.6978110,maimai_dx,,,wahlap
第一玩家金华银泰百货店,浙江省金华市婺城区金华之心银泰百货三层第e玩+家庭娱乐中心,29.0812470,119.6377760,maimai_dx,,,wahlap
第一玩家（第e玩+）平阳银泰店,平阳银泰城3F,28.0015960,120.6948720,maimai_dx,,maimai_dx:1,bemanicn
第一联盟杭州桐庐银泰城店,浙江省杭州市桐庐县环城南路555号桐庐银泰城三楼第一联盟,30.2523510,120.2092860,maimai_dx,,,wahlap
第九区马鞍花山店,安徽省马鞍山市花山区星悦广场三楼01铺位第九区,31.6670980,118.5029930,maimai_dx,,,wahlap
第九区（星悦广场MAS店）,第九区星悦广场,31.6734650,118.5002030,maimai_dx,,maimai_dx:1,bemanicn
第五季潮玩,新都会购物三楼楼东侧,34.6244810,112.4472940,maimai_dx,,maimai_dx:1,bemanicn
第五季潮玩洛阳涧西区王府井购物中心店,洛阳市涧西区南昌路王府井购物中心三楼第五季潮玩,34.6207580,112.4440090,chunithm;maimai_dx,,chunithm:2;maimai_dx:1,wahlap;bemanicn
第五季潮玩洛阳涧西王府井购物中心店,洛阳市涧西区南昌路王府井购物中心三楼第五季潮玩,34.6162560,112.4456130,chunithm,,,wahlap
第五季潮玩街区洛阳新都汇店,河南省洛阳市西工区新都汇购物公园一楼B区第五季潮玩,34.6212350,112.4517090,chunithm;maimai_dx,,,wahlap
第五季潮玩街区洛阳洛宁店,河南省洛阳市洛宁县城关镇新都汇购物公园3层第五季潮玩,34.6167280,112.4448700,maimai_dx,,,wahlap
第八街潮玩,小十字古城历史文化街区第八街潮玩,26.2605900,105.9469350,maimai_dx,,maimai_dx:1,bemanicn
第四元素深圳罗湖IBC店,广东省深圳市罗湖区布心路3008号IBC商场二楼201第四元素家庭娱乐中心,22.5487900,114.0528560,maimai_dx,,,wahlap
筋斗云大连金普万达店,辽宁省大连市金普区经开万达广场3楼筋斗云,38.9156430,121.6072610,maimai_dx,,,wahlap
筋斗云（大连开发区万达店）,开发区万达3F,38.9155870,121.6056300,maimai_dx;other;taiko,,maimai_dx:1;taiko:1,bemanicn
米乐多邯郸丛台店,河北省邯郸市丛台区苏曹乡天虹广场米乐多家庭中心,36.6272980,114.5318140,maimai_dx,,maimai_dx:1,wahlap;bemanicn
米其动漫东莞虎门店,广东省东莞市虎门镇连升中路44号地标广场（天虹商场）2号楼1层,23.0200070,113.7448550,chunithm;maimai_dx,,,wahlap
米其动漫城（地标广场店）,连升路44号地标广场2栋1136米其动漫城,23.0213770,113.7493900,maimai_dx;other,,maimai_dx:1,bemanicn
米其动漫茂名店,广东省茂名市茂南区河东街道1959文创街米其动漫城,21.6659980,110.9247790,maimai_dx,,,wahlap
米其漫惠州惠城印象购物中心店,广东省惠州市惠城区河南岸街道金山大道13号惠州印象城购物中心2楼米其漫游艺城,23.1116960,114.4145160,maimai_dx,,,wahlap
米其漫深圳福田店,广东省深圳市福田区沙头街道绿景佐阾红树林购物中心2楼,22.5450390,114.0551990,maimai_dx,,,wahlap
米其漫游艺城 MiQi Cartoon (红山6979),"Near Exits A and D, Hongshan Metro Station, Hongmu Street, Longhua District 龙华区 Shenzhen City 深圳市 Guangdong 广东省, 518109, Shenzhen City 深圳市",22.6252217,114.0204901,maimai_dx;other,,,ziv
米其漫游艺城 MiQi Cartoon (绿景佐阾红树林),"2nd Floor, Lvjing ZuoLing Mangrove Shopping Center, No. 8 Shazui Futian Shenzhen Guangdong, 518026, Shenzhen",22.5231616,114.0310210,chunithm;maimai_dx;other;taiko,,chunithm:2;maimai_dx:2;taiko:1,ziv
米其漫游艺城(红山六九七九商业中心店),龙华区民治街道红山社区红山六九七九二期7栋B117,22.5491710,114.0562620,maimai_dx;other,,maimai_dx:1,bemanicn
米其漫游艺城深圳龙华店,广东省深圳市龙华区民治街道红山社区红山六九七九二期7栋B117,22.5481290,114.0512080,maimai_dx,,,wahlap
米其漫游艺城（印象城购物中心店）,河南岸金山大道13号惠州印象城MB栋L2-41,23.1107440,114.4096860,maimai_dx;other,,maimai_dx:1,bemanicn
米其漫游艺城（绿景佐阾红树林购物中心店）,沙嘴路8号绿景佐阾红树林购物中心2层（客服中心旁）,22.5478750,114.0572180,chunithm;maimai_dx;taiko,,chunithm:2;maimai_dx:2;taiko:1,bemanicn
米吉姆宁波江北来福士店,浙江省宁波市江北区来福士广场二楼米吉姆,29.8635180,121.6146700,maimai_dx,,maimai_dx:1,wahlap;bemanicn
米吉姆宁波环球银泰城店,环球银泰城3层,29.8649560,121.6231590,chunithm;maimai_dx,,chunithm:2;maimai_dx:1,bemanicn
米吉姆宁波鄞州银泰店,浙江省宁波市鄞州区首南街道天童南路1088号句章东路999号银泰环球城内购物中心3F层,29.8646630,121.6189730,chunithm;maimai_dx,,,wahlap
米奇贝贝嘉年华营口大石桥店,辽宁省营口市大石桥市检查站真实惠购物广场3楼米奇贝贝嘉年华,40.6220140,122.2158260,maimai_dx,,,wahlap
米奇贝贝嘉年华营口鲅鱼圈店,辽宁省营口市鲅鱼圈区义乌商贸城二期二楼米奇贝贝嘉年华,40.6234160,122.2070760,chunithm;maimai_dx,,,wahlap
米奇贝贝嘉年华阜新蒙古族自治县店,辽宁省阜新市阜新蒙古族自治县人民大街42号国贸大厦2楼米奇贝贝嘉年华,42.0158360,121.6692630,maimai_dx,,,wahlap
米奇贝贝嘉年华鞍山岫岩锦华广场店,鞍山市岫岩满族自治州锦华广场3F米奇贝贝嘉年华,41.1100610,122.9934670,maimai_dx,,maimai_dx:2,wahlap;bemanicn
米奇贝贝嘉年华（原环游嘉年华）（真实惠购物广场店）,南头检查站真实惠购物广场,40.6252310,122.2201990,chunithm;maimai_dx;other,,chunithm:2;maimai_dx:1,bemanicn
米洛克动漫城 Miracle Gaming（大兴鸿坤店）,"2F (near South Gate), No.8 Xinwang North Street, Xihongmen Town Daxing District Beijing Beijing, 102600, Beijing",39.7879968,116.3346795,maimai_dx;other,,,ziv
米洛克动漫城（房山绿地店）,天星街1号院绿地缤纷城4层,39.7552350,116.1544500,jubeat;taiko,,jubeat:2;taiko:1,bemanicn;ziv
米洛克大兴鸿坤店,北京市大兴区西红门镇欣旺北大街鸿坤广场8号米洛克动漫乐园,39.7281860,116.3356200,maimai_dx,,maimai_dx:1,wahlap;bemanicn
精灵岛 · 聚有引力家庭娱乐中心（里水嘉州广场店）,南海区里水大道南29号 里水嘉州广场 3楼,23.0240250,113.1192440,chunithm;maimai_dx,,chunithm:2;maimai_dx:1,bemanicn
精灵岛/奇妙之城家庭娱乐中心(保利商业广场店),白沙路2号保利商业广场内购物中心步行街3层3F01-2、3F02号,24.3244670,109.4220630,chunithm;maimai_dx;taiko,,chunithm:2;maimai_dx:1;taiko:1,bemanicn
精灵岛佛山三水新动力店,佛山市佛山市三水区新动力广场二楼精灵岛,23.0274290,113.1133470,chunithm;maimai_dx,,,wahlap
精灵岛佛山佳明广场店,广东省佛山市南海区里水镇里水大道佳明广场三楼精灵岛,23.0228110,113.1144190,chunithm;maimai_dx,,,wahlap
精灵岛佛山南海店,广东省佛山市南海区狮山镇和信广场一期3楼,23.0237960,113.1134230,maimai_dx,,,wahlap
精灵岛儿童乐园,广宁商业步行街2楼,23.0467010,112.4604830,taiko,,taiko:1,bemanicn
精灵岛家庭娱乐中心（新动力广场店）,西青大道8号新动力广场AL24点位,23.0232230,113.1136840,chunithm;maimai_dx;taiko,,chunithm:2;maimai_dx:2;taiko:2,bemanicn
精灵岛广州从化流溪河店,广东省广州市从化区太平镇广从南路2231号流溪河奥莱小镇负一楼精灵岛,23.1336470,113.2564070,maimai_dx,,,wahlap
精灵岛广州白云江高亿达方圆荟店,广东省广州市白云区塘贝东路与塘贝南路交叉口东南112米亿达方圆荟3楼精灵岛电玩城,23.1329310,113.2612510,chunithm;maimai_dx,,,wahlap
精灵岛武汉保利店,湖北省武汉市洪山区关山大道330号保利广场二楼精灵岛,30.5961060,114.3044940,maimai_dx,,,wahlap
精灵岛河源新天地店,广东省河源市紫金县紫城镇金山大道43号港盛新天地三楼精灵岛,23.7443370,114.6924800,maimai_dx,,maimai_dx:1,wahlap;bemanicn
精灵岛深圳龙岗锦泰城店,深圳龙岗区龙岗大道6001号锦泰城二楼精灵岛电玩城,22.5454230,114.0571970,maimai_dx,,,wahlap
精灵岛潮玩中心(亿达方圆荟店),白云区江高镇广花三路399号亿达方圆荟三层,23.1310960,113.2567000,chunithm;maimai_dx,,chunithm:1;maimai_dx:1,bemanicn
精灵岛潮玩中心电玩城,关山大道保利广场2层,30.5995930,114.2971630,maimai_dx,,maimai_dx:1,bemanicn
精灵岛潮玩城（东实旗云广场店）,石龙镇西湖环湖中路28号1栋3011室 东实旗云广场3楼,23.0218470,113.7489560,other,,,bemanicn
精灵岛潮玩城（佛山和信广场店）,狮山镇博爱中路和信广场三楼,23.0277750,113.1136900,maimai_dx;other,,maimai_dx:1,bemanicn
精灵岛潮玩城（翁源店）,翁源县滨河东路9号龙湖广场二层s238商铺,24.8149810,113.5975180,maimai_dx,,maimai_dx:1,bemanicn
精灵岛电玩城（锦泰城店）,龙岗大道6001号锦泰城A206店铺,22.5490490,114.0497780,maimai_dx;other,,maimai_dx:1,bemanicn
精灵岛聚有引力家庭娱乐中心,"广东省佛山市南海区里水大道南29号 里水佳明广场三楼 佛山 528244, 佛山",23.1732086,113.1423162,chunithm;maimai_dx;other,,,ziv
精灵岛阳江阳春东湖公园店,广东省阳江市阳春市春城街道东湖公园二期会展中心综合楼2楼精灵岛,21.8592700,111.9840560,maimai_dx,,,wahlap
精灵岛韶关翁源龙湖店,广东省韶关市翁源县龙湖广场二楼,24.8176150,113.5878460,maimai_dx,,,wahlap
精灵岛（东湖星荟购物中心店）,广东省阳江市阳春市春城街道东湖公园二期会展中心综合楼第二层自编第L2-217号商铺,21.8595880,111.9756670,maimai_dx,,maimai_dx:1,bemanicn
精灵王国游乐园(福家欣时代广场店),河婆街道大同社区温泉大道中段福家欣时代广场2楼,23.5529160,116.3703050,other,,,bemanicn
糕小窝,拱苑小区2期 祥符街道,30.2482040,120.2109470,chunithm;maimai_dx;ongeki,,chunithm:1;maimai_dx:2;ongeki:1,bemanicn
糕窝,庆春路中河大厦,30.2516280,120.2052390,maimai_dx;ongeki,,maimai_dx:4;ongeki:1,bemanicn
糖果乐园亳州涡阳青牛广场店,安徽省亳州市涡阳县青牛广场糖果乐园,33.8496310,115.7683100,maimai_dx,,maimai_dx:1,wahlap;bemanicn
糖果怪兽济南中海环宇城店,山东省济南市二环南路6638号中海环宇城三楼糖果怪兽,36.6544440,117.1188080,maimai_dx,,maimai_dx:2,wahlap;bemanicn
糖果怪兽济南华山环宇城店,山东省济南市历城区将军路1688号华山环宇城北头3楼,36.6555290,117.1128060,maimai_dx,,,wahlap
紅棉遊戲機中心,新界元朗紅棉圍11-13號地舖,22.2854060,114.1646560,maimai_dx,,maimai_dx:2,bemanicn
索尼Playstation（北京世纪金源店）,世纪金源购物中心东区B1层名创优品及北京地铁长春桥站地下通道旁,39.9058910,116.4008620,other;taiko,,taiko:1,bemanicn
索拉星球绵阳上马百盛店,四川省绵阳市涪城区科技城新区创业大道中段上马百盛3楼,31.4657890,104.6782990,chunithm;maimai_dx,,chunithm:2;maimai_dx:1,wahlap;bemanicn
紫光游戏广场,"北京市朝阳区朝外大街10号 蓝岛大厦西区 6层 Chaoyang 北京 (Beijing), Chaoyang",39.9228270,116.4465400,other;popn,,,ziv
繁水屋Club,万昌路站a口200m内,28.6606560,121.4112560,chunithm;maimai_dx;ongeki,,chunithm:1;maimai_dx:1;ongeki:1,bemanicn
红旗街万达大玩家,红旗街616号万达广场3层,43.8178720,125.3156910,maimai_dx;other;taiko,,maimai_dx:1;taiko:1,bemanicn
红色星球嘉年华,红旗街959号這有山thehill2层,43.8167280,125.3132080,other;taiko,,taiko:1,bemanicn
红象乐园,福沃家购物中心-1F,45.7652120,130.9933390,other,,,bemanicn
纯玩世界 JOYONE (南昌大悦城),"L5-11, 5th Floor, Joy City, Fusheng South Road Xihu District 西湖区 Nanchang City 南昌市 Jiangxi Province 江西省, 330009, Nanchang City 南昌市",28.6384626,115.8568704,maimai_dx;other,,,ziv
纯玩世界南昌西湖大悦城店,江西省南昌市西湖区大悦城五楼纯玩世界,28.6908820,115.8554850,maimai_dx,,,wahlap
纯玩世界杭州大悦城店,杭州大悦城地下一层,30.2519180,120.2041910,maimai_dx,,maimai_dx:1,bemanicn
纷享星球厦门集美IOI店,福建省厦门市集美区侨英街道IOI商场三楼纷享星球,24.4794680,118.0843240,maimai_dx,,maimai_dx:1,wahlap;bemanicn
纷享星球家庭娱乐中心（仓山万达店）,仓山区金山街道浦上大道276号仓山万达1号门3F,26.0791990,119.2952850,maimai_dx,,maimai_dx:1,bemanicn
纷享星球泉州丰泽领秀店,福建省泉州市丰泽区刺桐路112号领SHOW天地综艺A馆107室,24.8762830,118.6684300,maimai_dx,,,wahlap
纷享星球泉州晋江SM国际广场店,泉州市晋江市罗山街道SM国际广场3楼纷享星球,24.8796380,118.6664610,maimai_dx,,maimai_dx:1,wahlap;bemanicn
纷享星球泉州池店百捷上悦城店,福建省泉州市池店镇百捷上悦城LI-76-79,24.8803040,118.6730250,maimai_dx,,,wahlap
纷享星球泉州石狮店,福建省泉州市石狮市九二路长银路交叉口泰禾广场2楼L211纷享星球电玩,24.8725710,118.6724860,maimai_dx,,,wahlap
纷享星球潮玩,江西省吉安市吉州区国光超市阳明店西门旁纷享星球潮玩,27.0952300,114.9581640,popn,,popn:1,bemanicn
纷享星球福州仓山万达店,福州市仓山区浦上大道272号仓山万达三楼纷享星球,26.0749990,119.2882860,maimai_dx,,,wahlap
纷享星球（晋江百捷上悦城店）,池店镇百捷上悦城1楼二号门Nike旁边,24.8758850,118.6761470,maimai_dx,,maimai_dx:1,bemanicn
纷享星球（领SHOW天地店）,福建省泉州市丰泽区刺桐路112号领SHOW天地综艺A馆107室,24.8786360,118.6681550,maimai_dx,,maimai_dx:1,bemanicn
终极梦想大连沙河口吾悦广场店,辽宁省大连市沙河口区中央大道吾悦广场3楼,38.9111630,121.6107990,chunithm;maimai_dx,,,wahlap
终极梦想大连西岗店,辽宁省大连市西岗区恒隆广场四楼终极梦想,38.9139640,121.6141770,maimai_dx,,,wahlap
终极梦想电玩（中央大道店）,辽宁省大连市沙河口区西安路街道中央大道吾悦广场三楼终极梦想电玩(中央大道店),38.9151200,121.6108740,chunithm;maimai_dx;taiko,,chunithm:1;maimai_dx:2;taiko:1,bemanicn
终极梦想电玩（恒隆店）,辽宁省大连市西岗区白云街道五四路66号大连恒隆广场L4东区445-448号终极梦想(恒隆广场店),38.9163360,121.6104540,maimai_dx;other;taiko,,maimai_dx:1;taiko:1,bemanicn
终爵游乐成都郫都店,四川省成都市郫都区蜀都太平洋四楼终爵游乐,30.5782820,104.0591230,maimai_dx,,,wahlap
维京传奇动漫娱乐中心(新一百店),石头道街118号五层F5S01号,45.7978390,126.5252680,maimai_dx;other;taiko,,maimai_dx:1;taiko:1,bemanicn
维京传奇卡牌动漫馆,万达广场3031维京传奇卡牌动漫馆,30.1307240,104.6264680,maimai_dx,,maimai_dx:1,bemanicn
维京传奇哈尔滨道里店,黑龙江省哈尔滨市道里区石头道街118号五层F5S01号,45.8016300,126.5260070,maimai_dx,,,wahlap
维京传奇孝感云梦雅斯广场店,湖北省孝感市云梦县城关镇雅斯广场3楼维京传奇家体娱乐中心,30.9191250,113.9468940,maimai_dx,,,wahlap
维京传奇宜昌当阳雅斯国际广场店,湖北省宜昌市当阳市玉阳街道南正街16号当阳雅斯国际广场3楼维京传奇,30.6931750,111.2872710,maimai_dx,,,wahlap
维京传奇家庭娱乐中心,雅斯国际广场(南正街)三楼,30.6994150,111.2834180,maimai_dx,,maimai_dx:1,bemanicn
维京传奇家庭娱乐中心（云梦店）,湖北省孝感市云梦县雅斯广场三楼维京传奇家庭娱乐中心,30.9249710,113.9481080,maimai_dx,,maimai_dx:1,bemanicn
维京传奇家庭娱乐中心（应城店）,应城市蒲阳大道全州盛世城(中央广场)4-5商业301-6铺,30.9181650,113.9479780,other;taiko,,taiko:1,bemanicn
维京传奇家庭娱乐中心（洪湖店）,新堤街道宏伟南路雅斯国际广场（原天远·时代广场）A区3层22号商铺,30.3366980,112.2409860,maimai_dx,,maimai_dx:1,bemanicn
维京传奇家庭娱乐中心（鄂州店）,南浦国际广场2楼,30.3951060,114.8868870,maimai_dx,,maimai_dx:1,bemanicn
维京传奇延吉店,吉林省延吉市沿河西路万达广场店,42.9031260,129.4615450,chunithm;maimai_dx;taiko,,chunithm:2;maimai_dx:1;taiko:1,wahlap;bemanicn
维京传奇荆州洪湖雅斯广场店,湖北省荆州市洪湖市新堤镇天远时代雅斯广场A区三楼维京传奇家庭娱乐中心,30.3424550,112.2400700,maimai_dx,,,wahlap
维京传奇资阳万达店,四川省资阳市雁江区万达广场三楼3031维京传奇卡牌动漫馆,30.1356340,104.6287180,maimai_dx,,,wahlap
维京传奇鄂州鄂城店,湖北省鄂州市鄂城区南浦国际广场二楼维京传奇家庭娱乐中心,30.3904920,114.8918310,maimai_dx,,,wahlap
维京传奇长春绿园吾悦广场店,吉林省长春市绿园区吾悦广场2楼西侧维京传奇2057,43.8118630,125.3163730,chunithm;maimai_dx,,,wahlap
维京传奇（长春绿园店）,皓月大路与正阳街交汇吾悦广场2楼,43.8125410,125.3215340,chunithm;maimai_dx;taiko,,chunithm:2;maimai_dx:1;taiko:1,bemanicn
维妮宝贝潮玩城,金城江区金城江区工农路107号-10号白马步行街工农路115号二楼西面,24.4900460,108.6287250,other,,,bemanicn
维妮潮玩城,河池市大化瑶族自治县大化镇新化路与金山路交叉口北80米-金河商贸城1楼,24.4857460,108.6280570,other,,,bemanicn
维鲸传奇渭南大荔悦荟店,陕西省渭南市大荔县悦荟广场二楼维鲸传奇家庭娱乐中心,34.5258530,109.4627710,maimai_dx,,,wahlap
绿蜻蜓美吉熊(天通苑),"3F, Guotai Department Store, Building 2, Tiantongyuan East Zone Beijing, China Beijing Beijing, 102218, Beijing",40.0717668,116.4292358,maimai_dx;other,,maimai_dx:2,ziv
绿野清风（汉中万邦店）,汉中路街道天汉大道999号(太白路与天汉大道十字西北角)五楼,33.0772665,107.0212806,other;taiko,,taiko:1,bemanicn;ziv
缤纷动漫城贵阳时光贵州店,贵州省贵阳市清镇市滨湖街道时光贵州缤纷动漫城,26.6526190,106.6254990,maimai_dx;taiko,,maimai_dx:1;taiko:1,wahlap;bemanicn
缤纷幻想城大连中山银泰城店,辽宁省大连市中山区青泥洼桥街道银泰城2楼缤纷幻想电玩城,38.9159780,121.6062330,maimai_dx,,,wahlap
缤纷幻想城广安广门路店,广安市广安区广门路2号2栋1层1-21号,30.4554310,106.6330040,maimai_dx,,,wahlap
缤纷幻想大连甘井子奥莱店,辽宁省大连市甘井子区高新园锦辉奥莱店二楼缤纷幻想电玩城,38.9140160,121.6037040,maimai_dx,,,wahlap
缤纷幻想电玩城,和平大道53号南郊彩云里1楼,34.2052390,117.2841140,other,,,bemanicn
缤纷幻想电玩城（广安店）,广安区广门路2号2栋1层1-21号,30.4558290,106.6283250,maimai_dx,,maimai_dx:2,bemanicn
缤纷幻想电玩城（银泰城店）,辽宁省大连市中山区银泰城2层L229铺位缤纷幻想电玩城(银泰店),38.9180020,121.6072650,maimai_dx;other;taiko,,maimai_dx:1;taiko:1,bemanicn
缤纷幻想电玩城（高新锦辉店）,辽宁省大连市甘井子区G201缤纷幻想电玩城(锦辉奥莱店),38.9131570,121.6163580,maimai_dx;other,,maimai_dx:1,bemanicn
羊窝 2.0,CBD恒基国际A座2101,30.6957220,111.2863170,chunithm;maimai_dx,,chunithm:1;maimai_dx:3,bemanicn
美乐彼MERRYBE（金牛万达店）,金牛万达广场三层3015-3016,30.5784700,104.0603530,maimai_dx,,maimai_dx:1,bemanicn
美乐彼成都金牛店,四川省成都市金牛区一环路北三段1号1栋3层3015、3016号,30.5753990,104.0591390,maimai_dx,,,wahlap
美吉熊儿童乐园密云店,北京市密云区鼓楼南大街16号国泰百货三层美吉熊儿童乐园,40.3765880,116.8348820,maimai_dx,,,wahlap
美吉熊儿童乐园昌平店,北京市昌平区天通苑东三区2号楼国泰百货三层,40.2186860,116.2225600,maimai_dx,,,wahlap
美吉熊绿蜻蜓国泰百货店,北京市北京市密云区鼓楼南大街16号国泰百货(密云店)F3美吉熊儿童乐园(密云国泰百货店),40.3760690,116.8412060,maimai_dx;other,,maimai_dx:2,bemanicn
美吉熊绿蜻蜓昌平天通苑店,太平庄东路天通苑东苑3区2号商业楼国泰百货3层,40.2184280,116.2315010,maimai_dx;other,,maimai_dx:2,bemanicn
美迪乐乌鲁木齐米东店,新疆维吾尔自治区乌鲁木齐市米东区永丰南路米古里水游城美迪乐电玩城,43.8209050,87.6133090,maimai_dx,,,wahlap
美迪乐电玩城（米古里店）,米古里北区商业体西域水游城二期商城2楼米奥轮滑对面,43.8282210,87.6185770,maimai_dx,,maimai_dx:2,bemanicn
翡尔堡家庭游乐中心(烟台万象汇店),莱山区观海路228号万象汇2楼201室,37.4633360,121.4490410,maimai_dx;taiko,,maimai_dx:1;taiko:1,bemanicn
翡尔堡烟台万象汇店,山东省烟台市莱山区观海路228号万象汇2L201号翡尔堡,37.4603430,121.4414320,maimai_dx,,,wahlap
翡尔堡郑州二七万象城店,河南省郑州市二七区万象城3楼翡尔堡,34.7450270,113.6203440,chunithm;maimai_dx,,,wahlap
翡尔堡（万象城店）,郑州二七万象城L3层西侧,34.7446970,113.6138360,maimai_dx;other;taiko,,maimai_dx:1;taiko:1,bemanicn
翡翠·立直麻将·音游,广东省中山市龙井南路艺进大厦停车场内艺进大厦停车场里面,22.5216570,113.3915020,chunithm;maimai_dx;sdvx,,chunithm:2;maimai_dx:1;sdvx:1,bemanicn
耀乐汇家庭娱乐中心沙河店,沙河镇路松街75号院（玖耀里西区）1号楼3层301-8,39.9053610,116.4050440,maimai_dx,,maimai_dx:2,bemanicn
联合动漫城,联合广场二楼,31.0372280,112.1887070,taiko,,taiko:1,bemanicn
聚乐街区周口商水店,河南省周口市商水县仟业广场负一层,33.6408670,114.6965400,maimai_dx,,,wahlap
聚乐街区周口项城店,河南省周口市项城市市标太格里购物中心4F001聚乐街区,33.6342090,114.6979680,maimai_dx,,,wahlap
聚乐街区游乐城,城关乡阳城大道1451仟业广场负1楼,33.6319060,114.6954340,maimai_dx,,maimai_dx:1,bemanicn
聚乐街区电玩城,项城市光武大道与迎宾大道交汇处太格里购物中心4楼聚乐街区电玩城,33.6335860,114.7005870,maimai_dx,,maimai_dx:1,bemanicn
聚点家庭娱乐中心,开发区惠友钻石广场五楼,38.8772760,115.4576390,other,,,bemanicn
聚玩堂电玩娱乐,江苏省徐州市贾汪区大吴街道惠客隆超市北壹办公室三楼聚玩堂电玩娱乐(大吴店),34.2028160,117.2763380,taiko,,taiko:1,bemanicn
聚玩堂益阳安化店,湖南省益阳市安化县东坪镇城南区元畅恒太城5楼聚玩堂,28.5554510,112.3461630,maimai_dx,,,wahlap
聚聚潮玩,浙江省宁波市海曙区南门街道南站西路108号宁波复悦城F3聚聚潮玩,29.8632120,121.6234230,taiko,,taiko:1,bemanicn
肥猫电玩,西工区中州中路300号百脑汇三楼绽放欢乐汇内,34.6232530,112.4481770,maimai_dx,,maimai_dx:2,bemanicn
肥猫电玩洛阳西工百脑汇店,洛阳市西工区中州路与王城大道路口百脑汇F3层,34.6174360,112.4499840,maimai_dx,,,wahlap
肥猫酷玩温州鹿城店,浙江省温州市鹿城区五马街道公园路商业街区沿街区B19,27.9928500,120.6970970,maimai_dx,,,wahlap
肥窝,绿地·新都会B区（座）409,31.3517780,118.4223610,chunithm;maimai_dx;taiko,,chunithm:2;maimai_dx:4;taiko:1,bemanicn
胖东来动漫乐园魏都时代广场店,河南省许昌市魏都区七一路胖东来时代广场五楼动漫乐园,34.0416190,113.8413780,maimai_dx,,,wahlap
胖东来时代广场动漫乐园,七一路中段胖东来时代广场,34.0410040,113.8467410,maimai_dx;other;taiko,,maimai_dx:1;taiko:1,bemanicn
胖东来电玩天使城店,河南省许昌市魏都区半截河街道建安大道与八龙路交叉口天使城三楼电玩城,34.0385870,113.8431210,chunithm;maimai_dx,,,wahlap
胖东来许昌魏都时代广场店,河南省许昌市魏都区七一路胖东来时代广场五楼动漫乐园,34.0373220,113.8484350,maimai_dx,,,wahlap
胖胖熊儿童益乐城沧州商城店（原动感无限）,新华东路沧州商城西北角三楼南门,38.3063550,116.8332240,maimai_dx,,maimai_dx:1,bemanicn
自游星空 印象城店,工业园区现代大道1699号印象城商场3楼,31.3041170,120.5777480,maimai_dx;other,,maimai_dx:1,bemanicn
自游星空园区印象城店,江苏省苏州市工业园区现在大道1699号印象城3楼自游星空,31.3000340,120.5777260,maimai_dx,,,wahlap
自游星空无锡锡澄圆融购物中心店,江苏省无锡市锡澄路262号圆融购物中心4030室自游星空,31.4930830,120.3025600,maimai_dx;taiko,,maimai_dx:2;taiko:1,wahlap;bemanicn
自游星空苏州相城店,江苏省苏州市相城区相城大道龙湖天街自游星空,31.3050940,120.5817360,maimai_dx,,maimai_dx:1,wahlap;bemanicn
自由者影城齐齐哈尔新天地店,黑龙江省齐齐哈尔市龙沙区卜奎南大街18号北方新天地四层,47.3545230,123.9177530,maimai_dx,,,wahlap
至尊玩家杭州千岛湖店,浙江省杭州市淳安县千岛湖镇新安大街125号千岛湖银泰城L3001,30.2517100,120.2052690,maimai_dx,,maimai_dx:1,wahlap;bemanicn
舜师路环亚大玩家,单县舜师东路与人民路交叉口,35.2355710,115.4678510,other;taiko,,taiko:1,bemanicn
舞彩缤纷电玩,"洪山区珞喻路889号光谷国际广场B1楼(近鲁巷转盘) 武汉(Wuhan) 湖北(Hubei), 武汉(Wuhan)",30.5072032,114.3979794,jubeat;other;taiko,,,ziv
舞玩伏特 Wuwan Ford Arcade（莘庄点店）,"3F, CapitaLand Minhang Commercial Center, Xinzhuang Town Minhang District Shanghai Shanghai, 201199, Shanghai",31.1097017,121.3736617,maimai_dx;other;taiko,,,ziv
舞玩伏特闵行凯德龙之梦店,上海市闵行区凯德龙之梦三楼舞玩伏特,31.1169680,121.3779040,maimai_dx,,,wahlap
舞玩伏特（凯德闵行商业中心店）,莘庄镇凯德闵行商业中心（凯德龙之梦）3楼,31.1136360,121.3741240,maimai_dx;taiko,,maimai_dx:1;taiko:1,bemanicn
舞阳万德隆电玩城,昌建广场万德隆4F电玩城,33.5793790,114.0094960,maimai_dx;other,,maimai_dx:1,bemanicn
航天动漫城,南马广场航天动漫城,26.2573380,105.9462640,maimai_dx,,maimai_dx:1,bemanicn
航天动漫安顺南马广场店,贵州省安顺市经济技术开发区南马广场王府商城一层航天动漫,26.2562810,105.9473370,maimai_dx,,,wahlap
艺珑传奇三亚天涯店,海南省三亚市天涯区解放路明珠广场3层艺珑传奇,18.2560030,109.5095660,maimai_dx,,,wahlap
艺珑传奇临沂河东店,山东省临沂市河东区东兴路与安居街交汇吾悦广场艺珑传奇,35.1080600,118.3517300,maimai_dx,,maimai_dx:1,wahlap;bemanicn
艺珑传奇亲子游乐中心,辽宁省辽阳市白塔区民主路75-4A-207友谊商场二店C座2楼,41.2627720,123.2308260,maimai_dx;other,,maimai_dx:1,wahlap;bemanicn
艺珑传奇俱乐部(延边万达广场延河路店),新民北路和延河路交接处特1号万达广场2楼艺珑传奇俱乐部,42.9108520,129.4611320,maimai_dx,,maimai_dx:1,bemanicn
艺珑传奇俱乐部吉林万达店,吉林大街518号 昌邑区万达广场3F,43.8381880,126.5388840,maimai_dx,,maimai_dx:1,bemanicn
艺珑传奇动漫娱乐中心,解放三路668号明珠广场3楼,18.2569090,109.5060760,maimai_dx,,maimai_dx:1,bemanicn
艺珑传奇动漫娱乐中心（吉林财富购物广场店）,吉林大街173号财富广场F6-南区,43.8320330,126.5415260,maimai_dx,,maimai_dx:1,bemanicn
艺珑传奇吉林昌邑店,吉林省吉林市昌邑区吉林东市商贸示范区财富购物广场店6楼艺珑传奇,43.8359120,126.5502420,maimai_dx,,,wahlap
艺珑传奇延吉万达店,吉林省延吉市公园街道万达广场二楼2FC艺珑传奇俱乐部,43.8323960,126.5468340,maimai_dx,,,wahlap
艺珑传奇昌邑吉林大街万达店,吉林市昌邑区吉林大街万达广场三楼,43.8358990,126.5507310,maimai_dx,,,wahlap
艺珑传奇榆树长白山店,吉林省榆树市榆树大街长白山一楼,43.8356070,126.5399240,maimai_dx,,,wahlap
艺珑传奇长春北湖吾悦广场店,吉林省长春市北湖吾悦广场4楼4092艺珑传奇,43.8162240,125.3122410,maimai_dx;taiko,,maimai_dx:1;taiko:1,wahlap;bemanicn
艺珑传奇（永川万达广场店）（前大玩家超乐场）,永川区万达广场3F,29.3611700,105.9212710,maimai_dx;taiko,,maimai_dx:1;taiko:2,bemanicn
艺珑潮玩（活力汇店）,吉林省长春市朝阳区飞跃街道华光街588号活力汇3楼,43.8117010,125.3216850,other,,,bemanicn
艾妮达家庭娱乐中心(金都宋华店),山东省烟台市招远市温泉路295号金都宋华,37.4605450,121.4411190,chunithm;maimai_dx;taiko,,chunithm:2;maimai_dx:1;taiko:1,bemanicn
艾妮达烟台丽悦广场店,山东省烟台市招远市温泉路295号金都宋华3楼艾妮达家庭娱乐中心,37.4655550,121.4398860,maimai_dx,,,wahlap
芒果乐园,红塔大道95号青花街GS7GS8GS9号,24.3454400,102.5233780,maimai_dx,,maimai_dx:1,bemanicn
芒果乐园玉溪红塔青花店,云南省玉溪市红塔区红塔大道95号玉溪青花街GS7GS8GS9号,24.3476320,102.5236520,maimai_dx,,,wahlap
芥末酒窝,银海路3号,37.4657140,121.4427740,chunithm;maimai_dx;ongeki,,chunithm:2;maimai_dx:2;ongeki:1,bemanicn
芭宝乐,民丰路277号,31.4970180,120.3070230,other,,,bemanicn
苏宁广场三楼SUPER ALL DAY潮玩街区,苏宁广场三楼潮玩世界,35.0224760,111.0026140,maimai_dx,,maimai_dx:1,bemanicn
苏州火窝音游,人民桥南地铁站人民桥南地铁站,31.3009140,120.5846300,chunithm;maimai_dx,,chunithm:2;maimai_dx:6,bemanicn
苏州被窝,江苏省苏州市吴中区塔韵路越溪地铁站(塔韵路),31.3007630,120.5838790,chunithm;maimai_dx,,chunithm:1;maimai_dx:3,bemanicn
苏州趴窝,郭苑路地铁站旁,31.3064720,120.5807120,maimai_dx;ongeki,,maimai_dx:3;ongeki:1,bemanicn
英雄汇 Heroes’ Gathering,"2nd Floor, Building 7, Houlang New World, Longhua District Shenzhen City Guangdong, 518110, Shenzhen City",22.6810047,113.9899347,other;taiko,,,ziv
英雄汇电玩中心,人民路68号北部湾商业中心2层001商铺,21.6938380,108.3504330,drs;other,,drs:1,bemanicn
英雄联萌游乐聊城东昌店,山东省聊城市东昌府区东城街道东昌路当代购物中心二楼212,36.4603100,115.9763460,maimai_dx,,,wahlap
英雄联萌（聊城当代购物中心店）,当代购物中心二楼,36.4546660,115.9848420,maimai_dx,,maimai_dx:1,bemanicn
茂业天地 哈雷慧6号星球,莱芜区茂业天地负一层,36.6486690,117.1147740,maimai_dx;other,,maimai_dx:1,bemanicn
茄子卡窝,贵筑街道明珠大道碧桂园印象花溪一期35栋,26.6499840,106.6202750,chunithm;maimai_dx;taiko,,chunithm:1;maimai_dx:2;taiko:1,bemanicn
荃灣新之城金星Gamezone,南豐中心新之城三樓303,22.2812180,114.1679220,chunithm;maimai_dx;taiko,,chunithm:2;maimai_dx:14;taiko:2,bemanicn
草窝音游屋,中海豪庭5号楼（门牌号请加群咨询）,37.3812380,117.9611530,chunithm;sdvx;taiko,,chunithm:1;sdvx:1;taiko:1,bemanicn
荟乐达潮乐场武汉汉阳万达广场店,武汉市汉阳区龙阳街道万达广场,30.5997900,114.2996750,maimai_dx;other,,maimai_dx:1,wahlap;bemanicn
荟乐达潮玩运动(重庆吾悦广场店),两江新区同茂大道369、373号重庆中央公园吾悦广场,29.6473260,106.5609990,maimai_dx,,maimai_dx:1,bemanicn
荣大乐园/荣大电玩城,荣大购物广场B座5层,39.6276080,118.1680280,maimai_dx,,maimai_dx:1,bemanicn
荣大电玩城唐山丰南荣大店,河北省唐山市丰南区荣大购物广场b座5层荣大电玩城,39.6274220,118.1709820,maimai_dx,,,wahlap
荷里活遊戲城Game Zone,九龍黃大仙區鑽石山龍蟠街3號荷里活廣場3樓383A號鋪,22.2816920,114.1603320,chunithm;maimai_dx;taiko,,chunithm:4;maimai_dx:12;taiko:3,bemanicn
莉莉堡星核嘉年华,静福路时代商业街3楼,23.6866870,113.0489860,chunithm;maimai_dx;taiko,,chunithm:2;maimai_dx:2;taiko:2,bemanicn
莫比悠悠北京朝阳店,北京市朝阳区朝阳北路星悦广场3层莫比悠悠儿童乐园,39.9181900,116.4308790,maimai_dx,,,wahlap
莫比悠悠娱乐中心,磁州镇中盛国贸广场四楼,36.6265260,114.5393070,taiko,,taiko:1,bemanicn
莫莉幻想（杭州良渚永旺店）,良渚街道古墩路1888号永旺梦乐城三层330/351号,30.2463830,120.2071570,other;taiko,,taiko:1,bemanicn
莱利动漫,兴工路1号葫芦岛百货大楼5层,40.7115960,120.8282180,other;taiko,,taiko:1,bemanicn
莱华度假酒店奇妙世界,南澳街道新东路28号桔钓沙莱华度假酒店负一层,22.5486750,114.0536550,drs;sdvx,,drs:1;sdvx:1,bemanicn
莱诗蔓妙妙屋构想星球（揭阳万达店）,榕城区榕东街道南厝社区临江南路888号万达广场（揭阳榕城店）F3层3018号,23.5514920,116.3659000,maimai_dx;other,,maimai_dx:1,bemanicn
菜窝喵喵喵,浙江省杭州市拱墅区中山北路607号现代城建大厦,30.2531950,120.2055180,chunithm;maimai_dx,,chunithm:1;maimai_dx:2,bemanicn
菲克斯家庭娱乐中心巴彦淖尔维多利店,先锋街道维多利商厦(旧国泰)3楼菲克斯家庭娱乐中心,40.7392950,107.3834500,maimai_dx,,maimai_dx:1,bemanicn
菲克斯巴彦淖尔临河摩尔城店,内蒙古巴彦淖尔市临河区摩尔城南区（原国泰）三层菲克斯儿童乐园,40.7438660,107.3817400,maimai_dx,,,wahlap
菲游乐 FEFE SHEEP (上海奉贤宝龙店),"3F, Baolong Plaza Nanqiao Fengxian District Shanghai Shanghai, 201400, Shanghai",30.9316821,121.4573604,maimai_dx;other,,,ziv
菲游乐 FEFE SHEEP (上海浦东禹悦汇店),"2F, Yuyuehui Plaza, No.9968 Hunan Highway, Huinan Town Pudong New District Shanghai Shanghai, 201300, Shanghai",31.0421796,121.7366639,maimai_dx;other,,,ziv
菲游乐 FEFE SHEEP (奉贤龙湖天街店),"3F A-3F-44b, Longfor Tianjie, No.3800 Jinhai Highway, Nanqiao To Fengxian District Shanghai Shanghai, 201400, Shanghai",30.9152330,121.4906010,chunithm;maimai_dx;other,,chunithm:2;maimai_dx:3,ziv
菲游乐 FEFE SHEEP（宝杨宝龙广场）,"3F, Block 1, Baolong Plaza, Tongji Road 669 Baoshan District Shanghai Shanghai, 201999, Shanghai",31.3963181,121.4773772,maimai_dx;other,,maimai_dx:2,ziv
菲游乐 苏州龙湖狮山天街店,塔园路181号 龙湖狮山天街4楼,31.3055390,120.5786500,maimai_dx;other,,maimai_dx:2,bemanicn
菲游乐(上海浦东禹悦汇店),浦东新区惠南镇沪南公路9968号上海浦东禹悦汇2层,31.2184810,121.5393490,maimai_dx,,maimai_dx:1,bemanicn
菲游乐(菏泽佳和里店),黄河路2002号,35.2353140,115.4710300,maimai_dx,,maimai_dx:1,bemanicn
菲游乐上海奉贤宝龙店,上海市奉贤区南桥宝龙广场三楼菲游乐,30.9231090,121.4733440,maimai_dx,,maimai_dx:1,wahlap;bemanicn
菲游乐上海奉贤新城龙湖店,上海市奉贤区奉贤新城龙湖天街3楼,30.9166170,121.4697530,chunithm;maimai_dx,,,wahlap
菲游乐上海宝山店,上海市宝山区同济路669号宝龙广场3楼菲游乐,31.4071700,121.4891580,maimai_dx,,,wahlap
菲游乐上海禹州广场店,上海市浦东新区惠南镇禹州商业广场一楼菲游乐,31.2245580,121.5364900,maimai_dx,,,wahlap
菲游乐东阳银泰城店,浙江省金华市东阳市白云街道银泰城三楼菲游乐,29.0839730,119.6445270,maimai_dx,,,wahlap
菲游乐南京建邺金陵天地店,江苏省南京市建邺区中和路金陵天地三楼菲游乐电玩城,32.0599860,118.7936130,maimai_dx,,,wahlap
菲游乐南京金陵天地店,中和路68号南京金陵天地L3层L366铺,32.0605660,118.7952720,maimai_dx;other,,maimai_dx:2,bemanicn
菲游乐奉贤龙湖天街店,"奉贤区南桥镇金海公路3800号A-3F-44b,A-3F-45a,A-3F-46幢",30.9229550,121.4711970,chunithm;maimai_dx,,chunithm:2;maimai_dx:3,bemanicn
菲游乐孝感银泰城店,湖北省孝感市银泰城3F银泰城菲游乐,30.9245870,113.9541290,maimai_dx,,maimai_dx:1,wahlap;bemanicn
菲游乐宁波鄞州天街店,浙江省宁波市鄞州天街4楼菲游乐,29.8597660,121.6214360,maimai_dx,,,wahlap
菲游乐宝杨宝龙广场店,上海市宝山区同济路669弄宝龙广场1幢4号F3-014(3楼走到底),31.4095720,121.4886960,maimai_dx;other,,maimai_dx:2,bemanicn
菲游乐家庭娱乐中心(世纪大道万达店),世纪大道与凤歧路交汇处济南世纪大道万达广场3F,36.6535400,117.1198400,chunithm;maimai_dx;other,,chunithm:2;maimai_dx:2,bemanicn
菲游乐杭州丁桥龙湖天街店,浙江省杭州市江干区丁兰街道丁城路515号A幢4楼02号,30.2474560,120.2004650,maimai_dx,,,wahlap
菲游乐武汉江岸汉口万象城店,湖北省武汉市江岸区汉口万象城3楼菲游乐,30.5926310,114.3029430,maimai_dx,,,wahlap
菲游乐浙江台州店,浙江省玉环经济开发区银湖大道22号玉环万达广场 2F,28.6618710,121.4122920,maimai_dx,,,wahlap
菲游乐淮安万象城店,万象城3楼,33.5529360,119.1044600,maimai_dx,,maimai_dx:3,bemanicn
菲游乐淮安清浦万象城店,江苏省淮安市清江浦区淮海东路万象城城3楼,33.5494360,119.1085350,maimai_dx,,,wahlap
菲游乐湖北武汉万象城店,湖北省武汉市江岸区汉口万象城3楼菲游乐,30.5978880,114.2992000,maimai_dx;other,,maimai_dx:3,wahlap;bemanicn
菲游乐电玩城,银泰城（兴平西路428号）,29.0813600,119.6459950,maimai_dx;taiko,,maimai_dx:1;taiko:1,bemanicn
菲游乐电玩城济南历城万达店,山东省济南市历城区唐冶街道世纪大道万达广场2F 菲游乐电玩城,36.6481650,117.1175700,maimai_dx,,,wahlap
菲游乐苏州狮山龙湖天街店,江苏苏州市狮山龙湖天街4楼,31.3031850,120.5778860,maimai_dx,,,wahlap
菲游乐菏泽牡丹佳和里店,山东省菏泽市牡丹区佳和里菲游乐,35.2386280,115.4732080,maimai_dx,,,wahlap
菲游乐闵行剑川路店,上海市闵行区剑川路1000号3楼,31.1139450,121.3731610,maimai_dx,,,wahlap
菲游乐青岛万象城店,山东路青岛万象城1期4楼L498,36.0645110,120.3765390,other,,,bemanicn
菲游乐青岛市南万象城店,山东省青岛市市南区五四广场万象城4楼菲游乐电玩城,36.0667740,120.3710970,maimai_dx,,,wahlap
菲游乐（常熟印象城店）,常熟市琴川街道海虞南路88号印象城3楼,31.3048130,120.5778180,maimai_dx,,maimai_dx:2,bemanicn
菲游乐（玉环万达店）,银湖大道与漩港路交叉口西北220米台州玉环万达广场2楼,28.6579410,121.4220580,maimai_dx,,maimai_dx:1,bemanicn
菲游乐（苍南银泰店）,浙江省温州市苍南县玉苍路银泰3楼3031铺位菲游乐(苍南银泰城店),27.9972720,120.6927090,maimai_dx;sdvx,,maimai_dx:2;sdvx:2,bemanicn
菲玩不可昆明嵩明莱雅广场店,云南省昆明市嵩明县杨林镇文苑路莱雅广场1栋3层20到22号,24.8837380,102.8302810,maimai_dx,,,wahlap
菲玩不可潮玩城,云南省昆明市嵩明县杨林镇文苑路与文轩路交汇处莱雅广场,24.8809660,102.8305400,maimai_dx,,maimai_dx:1,bemanicn
菲菲羊乐园 FEFE SHEEP (上海江桥万达店),"3F, Wanda Plaza Jiangqiao, No.1051 Jinshajiang West Road Jiading District Shanghai Shanghai, 201803, Shanghai",31.2407410,121.3194277,maimai_dx;other,,maimai_dx:2,ziv
菲菲羊乐园 FEFE SHEEP (周浦万达店),"2F Entertainment Building, Shop F-01, Wanda Plaza, No.518 Nianji Pudong New District Shanghai Shanghai, 200120, Shanghai",31.1167002,121.5650073,maimai_dx;other,,,ziv
菲菲羊乐园上海嘉定万达店,上海市嘉定江桥万达广场三楼菲菲羊乐园,31.3756100,121.2651780,maimai_dx,,,wahlap
菲菲羊乐园上海江桥万达店,金沙江西路1051号万达广场（江桥店）3楼,31.2383590,121.4709270,maimai_dx,,maimai_dx:2,bemanicn
菲菲羊乐园东莞东城万达店,广东省东莞市东城街道东城区东纵大道208号万达广场2层菲菲羊乐园,23.0201830,113.7493960,maimai_dx,,,wahlap
菲菲羊乐园东莞虎门店,广东省东莞市虎门镇连升路82号2060室菲菲羊乐园,23.0245860,113.7494940,maimai_dx,,,wahlap
菲菲羊乐园东莞长安万达店,广东省东莞市长安万达广场二楼菲菲羊乐园,23.0232430,113.7415440,maimai_dx,,,wahlap
菲菲羊乐园台州温岭银泰城店,浙江省台州市温岭市城西街道中华路728号银泰城1幢101室(3F016)菲菲羊乐园(温岭银泰百货店),28.6562000,121.4151830,maimai_dx;other,,maimai_dx:2,wahlap;bemanicn
菲菲羊乐园温州苍南银泰城店,浙江省温州市苍南县玉苍路1088号银泰城3楼菲菲羊乐园,27.9955540,120.6987170,maimai_dx;other,,,wahlap;bemanicn
菲菲羊乐园（周浦万达店）,周浦镇年家浜路518号万达广场2层娱乐楼-2 F-01号铺位,31.2355360,121.4639870,maimai_dx,,maimai_dx:1,bemanicn
菲菲羊儿童乐园上海浦东店,上海市浦东新区周浦镇万达广场二楼,31.2236400,121.5424830,maimai_dx,,,wahlap
菲菲羊（东城万达店）,东纵路208号万达广场2楼,23.0232320,113.7496820,maimai_dx,,maimai_dx:1,bemanicn
萌 动,浙江省杭州市钱塘区金沙湖地铁站D出口，龙湖艳澜星街,30.2509910,120.2029530,maimai_dx,,maimai_dx:3,bemanicn
萌主天门万达店,湖北省天门市竟陵街道天门万达广场二楼玩家萌主,30.6694240,113.1605280,maimai_dx,,,wahlap
萌兽综合馆宜宾叙州万达店,四川省宜宾市叙州区万达广场4楼潮玩萌兽综合馆,28.7564350,104.6365230,maimai_dx,,,wahlap
萌动机酷家庭娱乐中心,永嘉县东城街道县前路与永建路交叉口新鸿广场B1F11层,27.9975110,120.6903000,other,,,bemanicn
萌动洛克,道外区南勋街333号,45.8061200,126.5299980,maimai_dx,,maimai_dx:2,bemanicn
萌动洛克哈尔滨道外店,黑龙江省哈尔滨市道外区南勋街333号青龙商厦B座,45.7971210,126.5279440,maimai_dx,,,wahlap
萌动潮玩广州天河佳兆业店,广州市天河区体育西路191号101佳兆业广场一层自编106A、106B、107、108,23.1308510,113.2573310,maimai_dx,,,wahlap
萌可力·润宝梦想潮玩娱乐（城东店）,城东街道安吉南路复悦·尚柏奥莱（泉州城东店）2楼,24.8769470,118.6747220,maimai_dx,,maimai_dx:1,bemanicn
萌可力·润宝梦想潮玩娱乐（浦西万达店）,宝洲街679号万达广场2号门2楼,24.8789510,118.6679460,chunithm;maimai_dx;taiko,,chunithm:2;maimai_dx:3;taiko:1,bemanicn
萌可力杭州拱墅万达店,浙江省杭州市拱墅区拱墅万达广场2楼萌可力,30.2527580,120.2043400,chunithm,,,wahlap
萌可力潮玩大冶吾悦广场店,湖北省黄石市大冶市吾悦广场三楼萌可力潮玩,30.2012670,115.0282390,maimai_dx;other,,maimai_dx:1,wahlap;bemanicn
萌可力潮玩娱乐(天成购物广场店),湖北省襄阳市谷城县城关镇粉水路70号天成购物广场3楼3002号,32.0107970,112.1187760,maimai_dx,,maimai_dx:1,bemanicn
萌可力潮玩娱乐（漳河万达店）,象山大道南端38号万达广场2F-A,31.0413830,112.1929230,maimai_dx,,maimai_dx:2,bemanicn
萌可力潮玩襄阳谷城店,湖北省襄阳市谷城县天成购物广场3楼3002,32.0073160,112.1175770,maimai_dx,,,wahlap
萌可力潮玩（大中华购物广场）,蕲春县漕河镇大中华购物广场三层L3-A035-1,30.4543610,114.8644220,other,,,bemanicn
萌可力荆门掇刀万达店,湖北省荆门市掇刀区漳河万达广场二楼萌可力,31.0409200,112.1940070,maimai_dx,,,wahlap
萌吉拉合成店,狮岭大道中1号合成广场二期2层2-(11-18),23.1354000,113.2598460,maimai_dx,,maimai_dx:1,bemanicn
萌吉拉广州番禺南村店,广东省广州市番禺区南村镇南华路66号303铺,23.1332330,113.2632760,maimai_dx,,maimai_dx:1,wahlap;bemanicn
萌吉拉广州花都炭步店,广东省广州市花都区炭步镇繁华路与花都大道辅路交叉口东100米炭步永利广场三楼萌吉拉,23.1314630,113.2569950,maimai_dx,,,wahlap
萌吉拉广州花都狮岭店,广东省广州市花都区狮岭大道中1号合成广场二期狮岭新天地二楼,23.1349010,113.2573160,maimai_dx,,,wahlap
萌吉拉广州花都花东店,广东省广州市花都区花东镇花都大道花东商业广场二楼萌吉拉,23.1324350,113.2617060,maimai_dx,,maimai_dx:1,wahlap;bemanicn
萌吉拉广州花都街汇店,广东省广州市花都区花都区新华街新街大道5号之一新街汇广场三楼萌吉拉,23.1284890,113.2565110,maimai_dx,,,wahlap
萌吉拉新街汇店,新华新街大道5号之一新街汇广场3层323,23.1341610,113.2612370,maimai_dx,,maimai_dx:1,bemanicn
萌吉拉炭步永利广场,炭步万都超市3F,23.1373130,113.2576580,maimai_dx,,maimai_dx:1,bemanicn
萌哆啦（泰州万达店）,海陵区万达广场3楼,32.4621890,119.9158000,chunithm;maimai_dx;other,,chunithm:2;maimai_dx:1,bemanicn
萌多啦上海嘉定店,上海市嘉定区环城路762弄1号萌多啦动漫,31.3806530,121.2592530,chunithm,,,wahlap
萌多拉 Moedora (上海奉贤港嘉店),"2F, Fengfa Baolong Plaza, No.518 Gangjia Road, Situan Town Fengxian District Shanghai Shanghai, 201412, Shanghai",30.9357556,121.7291489,chunithm;maimai_dx;other,,,ziv
萌多拉上海奉贤港嘉店,上海市奉贤区四团镇港嘉路277号奉发宝龙1号门2楼萌多拉,30.9209890,121.4672610,chunithm;maimai_dx,,chunithm:1;maimai_dx:1,wahlap;bemanicn
萌多拉南平建发悦城店,福建省南平市建瓯市建发悦城负一楼萌多拉,27.3835060,118.0734480,maimai_dx,,,wahlap
萌多拉建瓯店,福建省南平市建瓯市建发悦城负一楼萌多拉都市幻想,27.3853740,118.0803120,maimai_dx,,maimai_dx:1,bemanicn
萌多拉扬州SM广场店,江苏省扬州市广陵区曲江街道运河北路77号SM广场3楼萌多拉A3008铺,32.3928720,119.4085230,chunithm;maimai_dx,,chunithm:1;maimai_dx:1,wahlap;bemanicn
萌多拉泰州海陵万达广场店,江苏省泰州市海陵区万达广场,32.4564680,119.9185990,chunithm;maimai_dx,,,wahlap
萌多拉都市幻想,中骏·世界城购物中心2层（东南角1号门进入后扶梯上二楼就是）,31.3033770,120.5782170,maimai_dx,,maimai_dx:1,bemanicn
萌多拉都市幻想（花桥中骏世界城店）,昆山市花桥镇光明路728号中骏世界城4楼,31.2990970,120.5761790,chunithm;maimai_dx,,chunithm:1;maimai_dx:1,bemanicn
萌太极定州万达店,迎宾大道万达广场三楼萌太极家庭娱乐中心,38.8695290,115.4598100,maimai_dx,,maimai_dx:1,bemanicn
萌宝熊SUPER潮玩空间弋江万达店,九华南路800号万达广场三楼,31.3516380,118.4307490,chunithm;maimai_dx,,chunithm:2;maimai_dx:1,bemanicn
萌宝熊六安霍山店,安徽省六安市霍山县中兴路居然之家,31.7401060,116.5185340,maimai_dx,,,wahlap
萌宝熊合肥包河悦方店,安徽省合肥市包河区悦方店3楼,31.8250540,117.2163770,chunithm,,,wahlap
萌宝熊合肥坝上吾悦店,安徽省合肥市滁州路坝上吾悦广场三楼萌宝熊家庭娱乐,31.8250300,117.2230040,maimai_dx,,,wahlap
萌宝熊合肥悦方店,安徽省合肥市包河区悦方店3楼,31.8247040,117.2167030,maimai_dx,,maimai_dx:1,wahlap;bemanicn
萌宝熊家庭娱乐中心(金寨港荣店),港荣广场3楼,31.7388290,116.5171780,maimai_dx,,maimai_dx:1,bemanicn
萌宝熊家庭娱乐中心霍山居然之家店,衡山镇中兴路与诸佛庵路交界口居然之家生活Mall 3F,31.7364470,116.5108420,maimai_dx,,maimai_dx:1,bemanicn
萌宝熊芜湖弋江万达店,安徽省芜湖市弋江区九华南路与大工山路交叉口万达广场3层-2号萌宝熊儿童乐园,31.3525710,118.4269500,maimai_dx,,,wahlap
萌宝熊金太阳乐园（六安海心沙广场店）,海心沙广场,31.7351440,116.5142210,maimai_dx,,maimai_dx:1,bemanicn
萌宝熊闪动联萌·泛娱乐空间(金安万达店),金安区中市街道皋城路与球拍路交叉口万达广场2F,31.7390240,116.5169770,maimai_dx,,maimai_dx:2,bemanicn
萌次方,名门微生活四楼东侧,34.6227140,112.4496000,maimai_dx;other,,maimai_dx:1,bemanicn
萌贝熊潮玩世界淮南春申里店,山南新区春申里萌贝熊潮玩世界,32.5892870,117.0119300,maimai_dx,,maimai_dx:1,bemanicn
萌趣潮玩黑河爱辉华富店,黑龙江省黑河市爱辉区华富商城五层A39-41、B61-81号,50.2419650,127.5187490,maimai_dx,,,wahlap
萌趣潮玩（黑河爱辉区华富商城中央街店）,华富商城,50.2445030,127.5232280,maimai_dx,,maimai_dx:1,bemanicn
萌趣童堡中润店（原开心乐园电玩城）,步行街旁中润购物中心二楼,45.6171950,122.8291800,other,,,bemanicn
萌趣童堡白城欧亚店,吉林省白城市欧亚购物中心3层萌趣童堡游乐场,45.6148450,122.8352710,maimai_dx,,maimai_dx:1,wahlap;bemanicn
萌趣童堡（欧亚购物中心店）,欧亚购物广场2楼,46.0794190,122.0250600,maimai_dx,,maimai_dx:1,bemanicn
萌鸡潮玩城,青秀区东葛路岭南家园对面内街文化创意园,22.8226940,108.3626640,other;taiko,,taiko:1,bemanicn
萍乡大蓝鲸家庭娱乐中心,江西省萍乡市安源区萍安北大道和康庄路交汇处萍乡天虹购物中心L2大蓝鲸家庭娱乐中心(萍乡天虹店),27.6634370,113.8840480,maimai_dx;other,,maimai_dx:1,bemanicn
萍乡快时空潮玩（芦溪店）,漫时区一楼快潮玩电玩,27.6602360,113.8800610,maimai_dx,,maimai_dx:1,bemanicn
萍乡美酷拉游艺电玩,江西省萍乡市安源区步行街万豪二楼美酷拉电玩城,27.6617810,113.8765460,jubeat;other,,jubeat:1,bemanicn
萧县酷力酷电玩城,萧县金街地下商场,33.6512160,116.9560370,maimai_dx,,maimai_dx:1,bemanicn
葩菈蒂潮玩体验中心,正对万兴佳亿往右手边走 老步步高位置,29.3570000,113.1195990,maimai_dx,,maimai_dx:1,bemanicn
葩菈蒂潮玩岳阳湘阴店,湖南省岳阳市湘阴县葩菈蒂潮玩体验中心,29.3581430,113.1264140,maimai_dx,,,wahlap
葱音舍【管理留：请于7日内完善详细地址，逾期将视为不公开店铺】,阜桥街道 苏宁写字楼八层,35.4195370,116.5788810,chunithm;maimai_dx;ongeki,,chunithm:2;maimai_dx:3;ongeki:1,bemanicn
蒙山县潮玩客电玩娱乐厅,鑫达中心广场二楼,23.4753620,111.2767380,taiko,,taiko:1,bemanicn
蓝梦日记东营东城万达店,山东省东营市东营区东城万达广场3楼蓝梦日记,37.4302550,118.6634430,maimai_dx,,maimai_dx:1,wahlap;bemanicn
蓝梦日记东营吾悦广场店,山东省东营市吾悦广场三楼蓝梦日记,37.4352470,118.6695970,maimai_dx,,maimai_dx:1,wahlap;bemanicn
蓝梦日记家庭娱乐中心(栖栖谷店),槐安路和峨眉街交口路东北，交投时代·栖栖谷二楼,38.0410250,114.5125230,maimai_dx,,maimai_dx:1,bemanicn
蓝梦日记济南历下万达店,山东省济南市历下区高新万达广场二楼蓝梦日记,36.6483010,117.1138950,maimai_dx,,maimai_dx:1,wahlap;bemanicn
蓝梦日记石家庄栖栖谷,河北省石家庄市裕华区峨眉街与槐安东路交叉口栖栖谷二层A区,38.0433230,114.5029670,maimai_dx,,maimai_dx:1,wahlap;bemanicn
蓝梦日记（西城万达店）,东营区北一路730号东营万达广场-SOHOD1号楼F2层,37.4351760,118.6662060,maimai_dx,,maimai_dx:1,bemanicn
蓝海豚家庭娱乐中心（利客来购物广场店）,利客来购物广场,35.4153800,116.5772510,maimai_dx,,maimai_dx:1,bemanicn
蓝海豚家庭娱乐中心（太白路万达店）,太白路万达广场,35.4152420,116.5770730,maimai_dx,,maimai_dx:1,bemanicn
蓝猫精灵沈阳沈河万达店,辽宁省沈阳市沈河区文化路81号万达广场5楼蓝猫精灵潮玩中心,41.6713500,123.4541160,maimai_dx,,,wahlap
蓝猫精灵潮玩中心,文化路81号万达广场5楼,41.6786440,123.4639970,maimai_dx;other,,maimai_dx:1,bemanicn
蓝皮猫乐园,福建省漳州市芗城区南昌路49号印象汇F3层,24.5151980,117.6435690,maimai_dx,,maimai_dx:1,bemanicn
蓝皮猫游乐园漳州芗城店,漳州市芗城区丹霞路122号印象汇三楼02～09铺,24.5204920,117.6410990,maimai_dx,,,wahlap
蓝精灵儿童游乐中心(万达金街店),长江路与九龙山路万达金街6号楼2楼,33.5825670,114.0153400,taiko,,taiko:1,bemanicn
蓝鲸乐园宁德东侨店,福建省宁德市东侨经济开发区万安东路6号德润二期9号楼德润尚街商业广场2层,26.6680760,119.5452940,maimai_dx,,maimai_dx:1,wahlap;bemanicn
蓝鲸乐园莆田仙游店,福建省莆田市仙游县方圆荟二楼蓝鲸乐园,25.4532630,119.0056780,maimai_dx,,maimai_dx:1,wahlap;bemanicn
蓝鲸乐园（百汇永春广场店）,永春县桃源南路中闽百汇广场2层,24.8767720,118.6658300,other,,,bemanicn
蓝鲸纵队超乐场,宝安区沙井街道西环路2105号新沙天虹购物中心四层457号,22.5445200,114.0502990,maimai_dx;other,,maimai_dx:1,bemanicn
蓝鲸纵队超乐场新百中心店,兴庆区新百中心五楼,38.4864950,106.2206890,maimai_dx,,maimai_dx:1,bemanicn
蓝鲸纵队超乐场深圳天虹商场新沙店,深圳市保安区沙井街道西环路2015号天虹商场4楼蓝鲸纵队超乐场,22.5453720,114.0553890,maimai_dx,,,wahlap
蓝鲸纵队银川兴庆新百中心店,宁夏回族自治区银川市兴庆区新华东街97号新百中心5楼蓝鲸纵队超乐场,38.4884380,106.2299920,maimai_dx,,,wahlap
虎阿游咸阳秦都店,陕西省咸阳市秦都区人民路29号秦都万达广场3楼3F-A虎阿游,34.3265140,108.7027220,maimai_dx,,maimai_dx:1,wahlap;bemanicn
虎阿游渭南高新万达店,陕西省渭南市高新技术产业开发区新区东路28号渭南高新万达2F-A虎阿游家庭游乐中心,34.5238840,109.4645170,maimai_dx,,maimai_dx:1,wahlap;bemanicn
蚂蚁特工队汕尾海丰店,广东省汕尾市海丰县海城镇世纪广场三楼蚂蚁特工队,22.7876560,115.3706110,maimai_dx,,,wahlap
蚂蚁特工队（原天空之城）,海城镇世纪广场3层,22.7922680,115.3671700,maimai_dx;other,,maimai_dx:1,bemanicn
蚂蚁运动潮玩街区,项城市西大街与工业路交叉口100米路东中心广场负一层006号,33.6378230,114.6944100,other;taiko,,taiko:2,bemanicn
蜜享乐园,宝能环球汇三楼电影院旁边,32.3937830,119.4124320,maimai_dx,,maimai_dx:1,bemanicn
蜜享乐园启东吾悦店,江苏省南通市启东市吾悦广场一号门三水街2楼蜜享乐园,31.9807740,120.8925230,maimai_dx,,maimai_dx:1,wahlap;bemanicn
蜜享乐园开封星光天地店,河南省开封龙亭区星光天地4楼蜜享乐园,34.7988680,114.3147530,maimai_dx,,maimai_dx:1,wahlap;bemanicn
蜜享乐园徐州淮海环球港店,江苏省徐州市贾汪区开发区徐海路8号淮海环球港2楼蜜享乐园,34.2067530,117.2760290,maimai_dx,,maimai_dx:1,bemanicn
蜜享乐园徐州贾汪店,江苏省徐州市贾汪区开发区徐海路8号淮海环球港2楼蜜享乐园,34.2044070,117.2837240,maimai_dx,,,wahlap
蜜享乐园扬州仪征店,江苏省扬州市仪征市宝能城市广场蜜享乐园,32.3946520,119.4091690,maimai_dx,,,wahlap
蜜享乐园运城盐湖城北吾悦店,运城城北吾悦广场二楼2049、2050商铺,35.0306990,111.0032840,maimai_dx,,maimai_dx:1,bemanicn
蜜享乐园运城盐湖店,山西省运城市盐湖区吾悦广场二楼蜜享乐园,35.0254860,111.0038690,maimai_dx,,,wahlap
蜜思迪天津大悦城店,天津市南开区大悦城南区3楼蜜思迪尔家庭娱乐中心,39.1378840,117.1418330,maimai_dx,,,wahlap
行运士多 Lucky Store,"LG Floor, Glory Mall (国瑞购物中心) No.18 Chongwenmen Wai Avenue Xicheng District Beijing 北京 (Beijing), 100021, Beijing",39.8973766,116.4137560,other,,,ziv
街机烈火,江宁路77恒顺大楼4层(南京西路地铁站1号口步行430米),31.2306900,121.4672690,chunithm;maimai_dx;taiko,,chunithm:6;maimai_dx:9;taiko:2,bemanicn
街霸电玩台球厅,碾子山区,47.3563380,123.9109210,taiko,,taiko:1,bemanicn
衡水MUG,中华北大街与大庆西路交叉口北行100米路东铁路六宿舍,37.7525975,115.6774719,chunithm;maimai_dx;ongeki;sdvx,,chunithm:1;maimai_dx:1;ongeki:1;sdvx:1,bemanicn;ziv
裕隆动漫城爱尚城店,鹤淇大道与太行大道交叉口爱尚城F4层,35.7524950,114.2903000,maimai_dx,,maimai_dx:1,bemanicn
裕隆动漫城鹤壁店,河南省鹤壁市淇滨区鹤煤大道与兴鹤大街交叉口裕隆爱之城动漫城,35.7486400,114.2967440,chunithm;jubeat;maimai_dx,,chunithm:2;jubeat:2;maimai_dx:1,wahlap;bemanicn
裕隆动漫城鹤壁淇滨裕隆爱之城店,河南省鹤壁市淇滨区鹤煤大道与兴鹤大街交叉口裕隆爱之城动漫城,35.7514340,114.2915060,chunithm;maimai_dx,,,wahlap
襄阳市万达宝贝王,万达广场2楼宝贝王,32.0107660,112.1111530,maimai_dx,,maimai_dx:1,bemanicn
西亚丽宝广场4L阳光狮乐园,西亚,32.1487770,114.0815660,chunithm;other,,chunithm:2,bemanicn
西亚和美电玩城,河南省信阳光山西亚和美广场5楼电玩城,32.1553120,114.0841210,chunithm,,,wahlap
西亚城信阳平桥店,河南省信阳市平桥区行政路与龙东路交叉口东北140米,32.1480560,114.0861210,chunithm;maimai_dx,,,wahlap
西咸万象城1号机长,陕西省西安市未央区三桥西咸万象城三楼1号机长1号机长超乐场(西咸万象城店),34.3455460,108.9306290,chunithm;maimai_dx;taiko,,chunithm:2;maimai_dx:1;taiko:1,bemanicn
西安元气满满益田假日店,长乐西路166号西安益田假日世界L3-13号商铺,34.3436020,108.9387540,maimai_dx,,maimai_dx:1,bemanicn
西安市酷顽码头电玩城,陕西省西安市未央区艾斯广场一楼酷顽码头电玩城,34.3448560,108.9288990,maimai_dx,,,wahlap
西灣河遊戲機中心,筲箕湾道57-87号,22.2847950,114.1690630,maimai_dx;other,,maimai_dx:4,bemanicn
西瓜怪兽儿童乐园（原万达宝贝王）,城阳街道正阳中路117号城阳万达广场3楼,36.0661420,120.3815780,other,,,bemanicn
西瓜雀庄北京房山店,北京市房山区卓秀北街绿地诺亚方舟北区2号楼804,39.7522590,116.1396970,chunithm;maimai_dx,,,wahlap
西虹市游艺厅,永发路14号雅乐城2层233-234,23.1331690,113.2548400,other,,,bemanicn
西部城市英雄南充高坪店,"四川省南充市高坪区江东中路王府井广场五国风情街第LG层第28,29号西部城市英雄游乐场",30.8404440,106.1120790,maimai_dx,,,wahlap
西部城市英雄游乐场,王府井五国风情街4号门负一楼,30.8365480,106.1115030,maimai_dx;other;taiko,,maimai_dx:1;taiko:1,bemanicn
觀塘廣場GAMEZONE,開源道68號觀塘廣場1樓117-121,22.2843900,114.1683840,chunithm;maimai_dx;taiko,,chunithm:2;maimai_dx:6;taiko:2,bemanicn
觀塘金沙遊戲機,觀塘道410號地庫1舖,22.2834160,114.1647320,jubeat;other;taiko,,jubeat:3;taiko:1,bemanicn
视界游乐中心新乡辉县店,河南省新乡市辉县市百泉路中段路西9号新田360广场B115号商铺,35.3086400,113.9226240,maimai_dx,,,wahlap
识光机潮玩西安未央印象城店,陕西省西安市未央区辛家庙铲灞印象城店4楼识光机潮玩,34.3449170,108.9389450,maimai_dx,,,wahlap
识光机潮玩（印象城店）,未央区浐灞生态区北辰东路700号万科金域东郡西安浐灞印象城4楼,34.3427570,108.9345850,maimai_dx,,maimai_dx:1,bemanicn
说的道莉电玩音游窝,老大润发旁多喜客东约70米,46.7940730,130.3117480,chunithm;maimai_dx,,chunithm:1;maimai_dx:1,bemanicn
诸暨天空之城游乐体验世界（万风新天地店）,诸暨市苎萝东路555号万风新天地东楼3楼西北庭,30.0519220,120.5830550,maimai_dx,,maimai_dx:1,bemanicn
诺娜星途电玩城（久隆生活广场店）,北京市朝阳区酒仙桥街道酒仙桥路39号1幢-1至6层101内三层J03A-09诺娜星途电玩城(久隆生活广场店),39.9174570,116.4309870,taiko,,taiko:1,bemanicn
诺窝,襄城区檀溪路国际商都,32.0115390,112.1201350,chunithm;maimai_dx;ongeki,,chunithm:1;maimai_dx:2;ongeki:1,bemanicn
谷噜谷子台州店,浙江省台州市天台县赤城街道百花路24号,28.6607900,121.4125220,maimai_dx,,maimai_dx:1,wahlap;bemanicn
豆丁星球吕梁临县店,山西省吕梁市临县临泉镇太和北路恒圆丽都购物中心一层,37.5195200,111.1418750,chunithm;maimai_dx,,,wahlap
豆丁星球家庭娱乐中心,临县临泉镇太和北路恒圆丽都购物中心一层,37.5213420,111.1342580,chunithm;maimai_dx,,chunithm:1;maimai_dx:1,bemanicn
贝乐童话 Happy Go (怀柔万达3F),"3F, Wanda Plaza Beijing Huairou, Fuqian West Street No. 1 Huairou District Beijing Beijing, 101400, Beijing",40.3155670,116.6238427,other;taiko,,,ziv
贝乐童话(北京怀柔万达广场店),府前西街1号院怀柔万达广场3层,40.3149320,116.6214780,other;taiko,,taiko:1,bemanicn
贝乐谷,安徽省安庆市桐城市龙腾街道梧桐国际二楼贝乐谷,30.5329460,117.1040140,chunithm;maimai_dx;taiko,,chunithm:2;maimai_dx:1;taiko:1,bemanicn
贝乐谷安庆桐城梧桐店,安徽省安庆市桐城市龙腾街道梧桐国际购物中心二楼贝乐谷,30.5315370,117.1113640,chunithm;maimai_dx,,,wahlap
贝塔潮玩 Beta Gaming,"Room 310, No.3386 Baoan Highway, Malu Town, Jiading District, Sh Jiading District Shanghai Shanghai, 201800, Shanghai",31.3320280,121.2729080,maimai_dx;other,,,ziv
贝塔潮玩上海嘉定大融城店,上海市嘉定区马陆镇宝安公路3386号310室,31.3766560,121.2651000,maimai_dx,,maimai_dx:1,wahlap;bemanicn
贝芘熊欢乐王国（阜宁店）,阜城镇久悦广场二楼,33.3503370,120.1532110,maimai_dx,,maimai_dx:1,bemanicn
贝芘熊盐城阜宁店,江苏省盐城市阜宁县香港路久悦广场二楼,33.3516670,120.1562060,maimai_dx,,,wahlap
贝贝侠武汉菱角湖万达店,湖北省武汉市江汉区菱角湖万达广场二楼贝贝侠,30.5940090,114.3002850,jubeat;maimai_dx;other,,jubeat:2;maimai_dx:2,wahlap;bemanicn
贝贝侠湖北黄石港万达店,湖北省黄石市黄石港区花湖大道30号万达广场负一楼,30.2070560,115.0313580,maimai_dx;other;taiko,,maimai_dx:1;taiko:1,wahlap;bemanicn
贝贝侠潜江金桥店,湖北省潜江市园林路金桥广场1楼贝贝侠,30.4086780,112.8973620,maimai_dx,,,wahlap
贝贝侠电玩城(公安雅斯店),湖北省荆州市公安县孱陵大道雅斯广场二楼贝贝侠电玩城(公安雅斯店),30.3363600,112.2314830,maimai_dx,,maimai_dx:1,bemanicn
贝贝侠黄冈红安万达广场店,湖北省黄冈市红安县万达四楼贝贝侠,30.4578850,114.8630000,maimai_dx,,,wahlap
贝贝侠黄石沃尔玛店,湖北省黄石市黄石港区武汉路沃尔玛负一楼8007贝贝侠家庭娱乐中心Party,30.2048860,115.0384650,maimai_dx,,,wahlap
贝贝侠（红安盛地万达店）,红安县盛地万达4楼,30.4567420,114.8717330,maimai_dx,,maimai_dx:1,bemanicn
贝迪儿童亲子乐园（沈阳铁西杉杉奥莱店）,沈阳市铁西区开发二十五号路7号杉杉奥特莱斯广场沈阳店3楼,41.6771780,123.4626180,taiko,,taiko:1,bemanicn
贪吃夹松原宁江店,吉林省松原市宁江区江南秀一楼贪吃夹,45.1380990,124.8180090,maimai_dx,,,wahlap
赛乐联盟广州海珠合生广场店,广东省广州市海珠区叠景路168号合生广场L3-04/05,23.1368100,113.2607730,maimai_dx;other,,maimai_dx:1,wahlap;bemanicn
赛克星球电玩城（乐城广场店）,人民路和商城路交汇处乐城·生活广场负一层,34.7510260,113.6205020,other,,,bemanicn
赛博云电玩霸州未来城店,河北省霸州市胜芳镇未来城负一层B1-30号，赛博云电玩,39.5351150,116.6755690,maimai_dx,,maimai_dx:1,wahlap;bemanicn
赛博时空 Cyber Space-time（天津蓟州万达店）,"3F, Jizhou Wanda Plaza (formerly Dayawanjia) Jizhou District Tianjin Tianjin, 301900, Tianjin",40.0227590,117.3716180,maimai_dx;taiko,,,ziv
赛博时空周口川汇万达店,河南省周口市川汇区文昌万达三楼3020-3022商铺赛博时空,33.6371560,114.6981100,maimai_dx,,,wahlap
赛博时空周口文昌万达店,文昌万达广场3F,33.6401650,114.6926570,maimai_dx,,maimai_dx:1,bemanicn
赛博时空徐州丰县店,江苏省徐州市丰县中阳里街道欢乐城一楼117号赛博时空,34.2030800,117.2769460,maimai_dx,,,wahlap
赛博时空承德万达广场店,河北省承德市万达广场负一楼1-1赛博时空,40.9511470,117.9593480,maimai_dx,,maimai_dx:1,wahlap;bemanicn
赛博时空枣庄市中店,山东省枣庄市市中区吾悦广场广场二楼Z201赛博时空,34.8167730,117.3191810,maimai_dx,,,wahlap
赛博时空淄博张店吾悦广场店,山东省淄博市张店区鑫马吾悦广场二楼Z203商铺赛博时空,36.8153470,118.0530200,maimai_dx,,,wahlap
赛博时空青岛即墨吾悦广场店,山东省青岛市即墨区鹤山路即墨吾悦广场三楼,36.0692790,120.3785430,maimai_dx,,maimai_dx:1,wahlap;bemanicn
赛博时空（天津蓟州万达店）,蓟州万达广场3楼赛博时空（原大玩家店址）,40.0432270,117.4030740,maimai_dx;taiko,,maimai_dx:1;taiko:1,bemanicn
赛博时空（枣庄吾悦店）,吾悦广场2楼203,34.8122840,117.3147340,maimai_dx;taiko,,maimai_dx:1;taiko:1,bemanicn
赛博时空（鑫马吾悦店）,张店区华光路288号 鑫马吾悦广场二楼东侧,36.8126450,118.0511650,maimai_dx,,maimai_dx:1,bemanicn
赛博星际家庭娱乐中心,万达广场四楼(原大玩家),41.2914060,123.7574060,maimai_dx;other,,maimai_dx:1,bemanicn
赛博浪潮,南湖南路南湖荟c栋一层F1-49-1,23.3661810,103.3751440,maimai_dx,,maimai_dx:1,bemanicn
赛博浪潮蒙自南湖荟店,云南省红河哈尼族彝族自治州蒙自市南湖荟C栋赛博浪潮电玩城,23.3691810,103.3761150,maimai_dx,,,wahlap
赛博猩球贵阳云岩店,贵州省贵阳市云岩区星悦茂地铁商业街a区赛博猩球,26.6532270,106.6239920,maimai_dx,,,wahlap
赛博猩球贵阳紫林庵店,地铁2号线紫林庵地铁站EF出口处,26.6475650,106.6280390,maimai_dx,,maimai_dx:1,bemanicn
赛博矩阵,阳光社区服务中心清溪路111号万宜广场负一楼,26.6523410,106.6272140,maimai_dx,,maimai_dx:1,bemanicn
赛博矩阵 Cyber Matrix Game Station (赛罕万达店),"3rd Floor, Saihan Wanda Plaza Saihan District Hohhot Inner Mongolia, 010050, Hohhot",40.8345160,111.7277625,chunithm;maimai_dx;other;taiko,,chunithm:2;maimai_dx:2;taiko:1,ziv
赛博矩阵呼和浩特赛罕万达店,内蒙古自治区呼和浩特市赛罕区东万达3楼赛博矩阵,40.8451160,111.7422800,chunithm;maimai_dx;taiko,,chunithm:2;maimai_dx:2;taiko:1,wahlap;bemanicn
赛博矩阵赤峰摩尔城店,赤峰市红山区桥北摩尔城四楼赛博矩阵电玩城,42.2501530,118.8827620,maimai_dx,,,wahlap
赛博矩阵锡林浩特维多利店,内蒙古锡林浩特额尔敦路41号维多利广场赛博矩阵(锡盟维多利店),43.9315960,116.0377810,maimai_dx,,maimai_dx:1,wahlap;bemanicn
赛博矩阵（赤峰维多利摩尔城店）,红山区新华大桥北侧维多利摩尔城4楼,42.2508320,118.8777970,maimai_dx;other,,maimai_dx:1,bemanicn
赛尔之城沌口经开万达店,武汉市沌口经济开发区万达广场三楼赛尔之城,30.5943250,114.3033830,maimai_dx,,,wahlap
赛尔之城潮玩街区SEER CITY-武汉经开万达店,东风大道111号万达广场3楼SEER CITY,30.5984940,114.2966410,maimai_dx;other;taiko,,maimai_dx:2;taiko:1,bemanicn
赛尔之城潮玩街区孝感吾悦店,湖北省孝感市孝南区复兴大道7号吾悦广场三楼赛尔之城,30.9223080,113.9529590,maimai_dx,,,wahlap
超乐玩家娱乐中心东胜区万达广场店,内蒙古自治区鄂尔多斯市东胜区鄂托克西街30号万达广场3F,39.6102030,109.7796170,maimai_dx;taiko,,maimai_dx:3;taiko:1,wahlap;bemanicn
超乐趣玩堂常州月季店,江苏省常州市钟楼区怀德南路与月季路交汇中吴广场1楼超乐趣玩堂,31.8126350,119.9719920,chunithm;maimai_dx;taiko,,chunithm:2;maimai_dx:2;taiko:1,wahlap;bemanicn
超乐趣玩堂常州武进店,江苏省常州市武进区湖塘镇星河COCO City2楼超乐趣玩堂,31.8119660,119.9737500,chunithm;maimai_dx,,,wahlap
超乐趣玩堂（星河COCO CITY店）,星河COCO CITY2楼,31.8110630,119.9686590,chunithm;maimai_dx;taiko,,chunithm:2;maimai_dx:2;taiko:1,bemanicn
超凡部落,梦乐城三楼,25.0941330,104.9084980,maimai_dx,,maimai_dx:1,bemanicn
超凡部落贵州兴义梦乐城店,贵州省黔西南布依族苗族自治州兴义市桔山街道兴义大道梦乐城购物中心1区3楼超凡部落,25.0939010,104.9020980,maimai_dx,,,wahlap
超吉乐宁德店,福建省宁德市蕉城区宝信广场负一楼超吉乐,26.6671240,119.5388080,chunithm;maimai_dx;taiko,,chunithm:2;maimai_dx:2;taiko:2,wahlap;bemanicn
超吉乐玩家福清利桥古街店,江滨路东百利桥古街B1区负一层超吉乐,26.0787760,119.2939220,jubeat;maimai_dx;other,,jubeat:2;maimai_dx:2,bemanicn
超吉好玩十堰茅箭永乐风尚店,十堰市茅箭区五堰北街7号永乐风尚二楼超吉好玩娱乐中心,32.6269180,110.7961440,maimai_dx,,maimai_dx:1,wahlap;bemanicn
超时空动漫城,遂城遂海路36号全丰广场4F,21.2692370,110.3558570,other,,,bemanicn
超时空惠州惠城佳兆业店,广东省惠州市惠城区江北街道佳兆业广场3楼超时空乐场,23.1148970,114.4139090,maimai_dx,,,wahlap
超时空电玩城,江北佳兆业广场3楼超时空电玩城,23.1173200,114.4060370,maimai_dx,,maimai_dx:1,bemanicn
超核战境游艺城,南城区文博园宋街爱里路地下商街B33号,38.8697750,115.4605860,maimai_dx,,maimai_dx:1,bemanicn
超核游戏站 Power Core Play Zone (Tibet),"3F, Galin Plaza Chengguan District Lhasa Tibet, 850032, Lhasa",29.6693888,91.1652446,other,,,ziv
超核游戏站电玩店,拉萨城关区纳金街道藏热社区嘎吉林广场超核游戏站,29.6545760,91.1739410,other,,,bemanicn
超次方潮玩南宁亭子码头店,广西壮族自治区南宁市江南区江南大道亭子段16号超次方潮玩（亭子码头店）,22.8172600,108.3666070,chunithm;maimai_dx,,,wahlap
超次方潮玩南宁兴宁店,广西南宁市兴宁区金川路7号南宁吾悦广场9号楼10号楼1001,22.8181270,108.3651420,maimai_dx,,maimai_dx:1,wahlap;bemanicn
超次方潮玩（江南亭子码头店）,广西壮族自治区南宁市江南区福建路与江南大道交叉口东南亭子旅游码头,22.8184310,108.3573500,chunithm;maimai_dx;taiko,,chunithm:2;maimai_dx:2;taiko:1,bemanicn
超次方（青秀万达店）,南宁市青秀区青秀万达3楼（位于万达东侧）,22.8179140,108.3610320,maimai_dx,,maimai_dx:1,bemanicn
超炫大玩家,旺角广场二楼超炫大玩家,33.8468220,115.7778810,taiko,,taiko:1,bemanicn
超爱顽唐山路南万达店,河北省唐山市路南区万达广场三号门二楼,39.6311590,118.1765180,chunithm;maimai_dx,,,wahlap
超爱顽家庭娱乐中心（烟台龙口龙湖天街店）,港城大道777号龙口天街3F西侧,37.4683860,121.4420770,maimai_dx;taiko,,maimai_dx:2;taiko:1,bemanicn
超爱顽洛阳瀍河店,河南省洛阳市瀍河区洛城中街三楼,34.6231510,112.4431280,maimai_dx,,maimai_dx:1,wahlap;bemanicn
超爱顽潮玩街区（唐山路南万达店）,新华东道100号万达广场二层东翼,39.6302170,118.1694190,chunithm;maimai_dx;taiko,,chunithm:2;maimai_dx:2;taiko:1,bemanicn
超爱顽潮玩街区（永城金博大店）,金博大广场三楼西北处(怀旧零食店旁),34.4170010,115.6475990,chunithm;maimai_dx;taiko,,chunithm:2;maimai_dx:1;taiko:1,bemanicn
超爱顽烟台龙口店,山东省烟台市港城大道与建设路之莱山路交汇口龙口龙湖天街3F西侧超爱顽家庭娱乐中心,37.4667290,121.4376020,maimai_dx,,,wahlap
超玩猩球杭州滨江开元店,浙江省杭州市滨江区开元广场3楼超玩猩球,30.2456920,120.2102550,maimai_dx,,maimai_dx:1,wahlap;bemanicn
超玩猩球杭州滨江银泰店,浙江省杭州市滨江区滨江银泰A区3楼超玩猩球,30.2476630,120.2036920,maimai_dx,,maimai_dx:1,wahlap;bemanicn
超玩空间天津西青万达店,天津市西青区万达广场2楼2F-3超玩空间游艺场,39.1445230,117.0037730,maimai_dx,,,wahlap
超级乐园杭州亚奥万象天地店,浙江省杭州市萧山区亚运村万象天地327号,30.2463250,120.2046780,chunithm;maimai_dx,,,wahlap
超级伙伴南京仙林万达茂店,南京市仙林万达茂2楼,32.0642470,118.7912220,maimai_dx,,maimai_dx:1,wahlap;bemanicn
超级兔宿迁泓宇广场店,江苏省宿迁市苏宿大道宏宇广场一楼,33.9645780,118.2667880,chunithm;maimai_dx;taiko,,chunithm:1;maimai_dx:1;taiko:1,wahlap;bemanicn
超级星座,思茅区茶都路10号(普洱阳光悦城)Pull Tab-拉环咖啡旁,22.8316650,100.9638970,maimai_dx,,maimai_dx:1,bemanicn
超级星座 Super Constellation (恒盛广场店),"No.16, 3rd Floor, Block A & B, Hengsheng Guanyi Commercial Stree Yuquan District Hohhot Inner Mongolia, 010090, Hohhot",40.7545394,111.6891575,other,,,ziv
超级星座(东北亚购物公园店),黑龙江省黑河市北安市东北亚二期西门三楼超级星座游戏体验中心(东北亚购物公园店),50.2400240,127.5195140,other,,,bemanicn
超级星座乌鲁木齐天山店,新疆乌鲁木齐市天山区万宴城3层超级星座,43.8280350,87.6176020,maimai_dx,,,wahlap
超级星座动漫体验中心,"厦门市思明区嘉禾路明发商业广场摩天轮下负一层76-431 Mingfa Commercial Palace B1 Flooor 76-431, Jiahe Road, Siming Di Xiamen Shi Fujian Sheng, Xiamen Shi",24.4783569,118.1242731,other,,,ziv
超级星座哈尔滨南岗万象店,黑龙江省哈尔滨市南岗区中兴左街2号金爵万象商业广场B1层B017号超级星座,45.8037990,126.5246790,maimai_dx,,,wahlap
超级星座哈尔滨双城店,黑龙江省哈尔滨市双城区百悦城-超级星座,45.8027380,126.5254140,maimai_dx;taiko,,maimai_dx:1;taiko:1,wahlap;bemanicn
超级星座哈尔滨香坊店,黑龙江省哈尔滨市香坊区哈平路凯旋新生活购物广场三楼超级星座,45.8016200,126.5361230,maimai_dx,,,wahlap
超级星座四平万达广场店,吉林省四平市铁东区万达广场D区三楼超级星座,43.1626990,124.3422980,maimai_dx;other;taiko,,maimai_dx:1;taiko:1,wahlap;bemanicn
超级星座大庆星耀天地生活中心店,黑龙江省大庆市龙凤区星耀天地生活中心三楼超级星座电玩城,46.5891550,125.0919790,maimai_dx,,,wahlap
超级星座家庭娱乐中心(大庆星耀天地店),龙祥路1号3楼超级星座家庭娱乐中心(大庆星耀天地店) 也就是死掉的世纪唐人中心,46.5825210,125.0995570,maimai_dx;other,,maimai_dx:1,bemanicn
超级星座家庭娱乐中心(顺城万达店),顺城万达广场3楼BA号商铺,41.8766300,123.9554680,maimai_dx;other,,maimai_dx:1,bemanicn
超级星座抚顺顺城万达店,辽宁省抚顺市顺城万达广场3F-BA商铺超级星座,41.8806260,123.9484720,maimai_dx,,,wahlap
超级星座昆明官渡海乐店,云南省昆明市官渡区永中路海乐世界购物中心3层超级星座游戏体验中心,24.8820450,102.8327440,maimai_dx,,maimai_dx:1,wahlap;bemanicn
超级星座昆明盘龙七彩店,云南省昆明市盘龙区白塔路399号七彩me town购物中心F3超级星座家庭娱乐中心,24.8878300,102.8343500,maimai_dx,,maimai_dx:1,wahlap;bemanicn
超级星座普洱思茅店,云南省普洱市思茅区阳光悦城购物中心B2座超级星座,22.8280900,100.9596800,maimai_dx,,,wahlap
超级星座游戏体验中心延寿店,延寿金街3楼南侧,45.7983410,126.5304530,taiko,,taiko:1,bemanicn
超级星座游戏体验中心阿城店,延川大街庆客隆广场地下1层,45.8052780,126.5286960,other;taiko,,taiko:1,bemanicn
超级星座玉溪红塔店,云南省玉溪市红塔区玉兴街道办事处右所社区居委会三千城购物公园二楼2013号,24.3459530,102.5287980,maimai_dx,,maimai_dx:1,wahlap;bemanicn
超级星座秦皇岛太阳城店,秦皇岛市海港区建设大街太阳城五兴图书广场三楼,39.8879450,119.5088670,maimai_dx,,maimai_dx:1,wahlap;bemanicn
超级星座西双版纳景洪店,云南省西双版纳州景洪市金版纳尚鼎城,22.0079680,100.7928320,maimai_dx,,,wahlap
超级星座锦州解放路碧乐城店,辽宁省锦州市解放路33号碧乐城2楼超级星座家庭娱乐中心,41.0924970,121.1267770,maimai_dx,,,wahlap
超级星座（万宴城店）,新疆维吾尔自治区乌鲁木齐市天山区解放北路街道解放北路222号万宴城3层3F-3超级星座(万宴城店),43.8245010,87.6110200,maimai_dx,,maimai_dx:2,bemanicn
超级星座（凯旋店）,动源街5号凯旋广场3楼,45.8007330,126.5228470,maimai_dx;taiko,,maimai_dx:4;taiko:2,bemanicn
超级星座（新抚万达店）（原大玩家）,浑河南路中段56号新抚万达广场3楼,41.8808200,123.9462370,maimai_dx;other;taiko,,maimai_dx:1;taiko:1,bemanicn
超级星座（爱琴海店）,爱琴海购物中心三楼,22.0091810,100.7982310,maimai_dx,,maimai_dx:1,bemanicn
超级星座（金爵万象店）,中兴左街2号金爵万象商业广场B1,45.7970550,126.5263820,maimai_dx;other;taiko,,maimai_dx:2;taiko:1,bemanicn
超级汇玩城市欢乐中心,湖南省岳阳市汨罗市归义镇高泉南路帝豪国际二楼超级汇玩城市欢乐中心,29.3590340,113.1199380,other,,,bemanicn
超级玩咖沈阳沈北万达店,辽宁省沈阳市沈北新区蒲昌路万达广场二楼超级玩咖,41.6797580,123.4619400,maimai_dx,,maimai_dx:1,wahlap;bemanicn
超级玩家(小城故事店),江西省赣州市兴国县潋江镇平固街文化街区2号地16号建筑2层201号铺,25.8369310,114.9306840,maimai_dx,,maimai_dx:1,bemanicn
超级玩家(新会美吉特广场),"新会区会城启超大道9号美吉特广场三楼 Jiangmen Shi, Jiangmen Shi",22.4978998,113.0537040,other;taiko,,,ziv
超级玩家七台河桃山店,黑龙江省七台河市桃山区东北亚购物广场超级玩家,45.7667570,130.9908120,maimai_dx,,,wahlap
超级玩家佳木斯前进店,黑龙江省佳木斯市前进区长安东路671号大商·新玛特F6层超级玩家游戏体验中心,46.7950160,130.3064470,maimai_dx,,,wahlap
超级玩家双鸭山尖山店,黑龙江省双鸭山市尖山区大润发时代广场一期购物中心202商铺超级玩家,46.6724820,131.1312220,maimai_dx,,maimai_dx:1,wahlap;bemanicn
超级玩家家庭娱乐中心七台河店,东北亚广场3楼,45.7686160,130.9982340,maimai_dx,,maimai_dx:1,bemanicn
超级玩家游戏体验中心（新玛特店）,长安东路和中山街交叉口新玛特商城六楼,46.8003850,130.3130320,maimai_dx;other,,maimai_dx:1,bemanicn
超级玩家湛江徐闻政诚大厦店,湛江市徐闻县徐城镇东方一路100号政诚大厦一楼至二楼,21.2741500,110.3490800,maimai_dx,,,wahlap
超级玩家电玩城,广东省湛江市徐闻县东方一路100号超级玩家电玩城,21.2721730,110.3483110,maimai_dx;taiko,,maimai_dx:2;taiko:1,bemanicn
超级玩家福清福和万达店,福建省福州市福清市福和万达广场四楼超级玩家,26.0752550,119.2889060,maimai_dx,,maimai_dx:1,wahlap;bemanicn
超级玩家莆田九华广场店,福建省莆田市荔城区西天尾镇九华西大道633号九华广场1号楼二楼超级玩家,25.4576090,119.0055870,maimai_dx,,maimai_dx:1,wahlap;bemanicn
超级玩家赣州兴国店,江西省赣州市兴国县潋江镇平固街文化街区2号地16号建筑2层201号铺,25.8364860,114.9301340,maimai_dx,,,wahlap
超级玩家通辽维多利店,内蒙古通辽市科尔沁区永清大街维多利广场四楼超级玩家超乐场,43.6499740,122.2433700,maimai_dx,,maimai_dx:1,wahlap;bemanicn
超级玩家闽侯万家广场店,甘蔗街道昙石山西大道136号万家广场F3,26.0806610,119.2886130,other;taiko,,taiko:1,bemanicn
超级玩家（沙隆达广场店）,湖北省荆州市沙市区便河西路2号（沙隆达广场负一楼扶手电梯旁）,30.3406950,112.2372010,maimai_dx,,maimai_dx:1,bemanicn
超级英雄潮玩娱乐中心(华强店),新华区湾里庙步行街华强电子通讯城1楼,38.0394790,114.5146830,maimai_dx;other;taiko,,maimai_dx:1;taiko:1,bemanicn
超级英雄石家庄新华店,河北省石家庄市新华区华强电子通讯城1楼超级英雄,38.0372420,114.5050460,maimai_dx,,,wahlap
超级英雄衡阳蒸湘店,湖南省衡阳市蒸湘区船山西路49号金钟大雁城L1-02-05超级英雄,26.8979980,112.5636610,maimai_dx;taiko,,maimai_dx:1;taiko:1,wahlap;bemanicn
超级英雄衡阳蒸湘银泰城店,湖南衡阳市蒸湘区华兴街道银泰城 9 期银泰城购物中心二楼 2106超级英雄,26.8940350,112.5681360,maimai_dx,,,wahlap
超级英雄赣州章贡永信店,江西省赣州市章贡区赣江街道文清路13号永信广场一楼,25.8377630,114.9266430,maimai_dx,,maimai_dx:1,wahlap;bemanicn
超级英雄银泰城店,华兴街道银泰城(西二环店),26.8933180,112.5642450,maimai_dx;taiko,,maimai_dx:2;taiko:1,bemanicn
超级银河,依仁路122号,25.2415120,110.1735600,maimai_dx;taiko,,maimai_dx:1;taiko:1,bemanicn
超级银河桂林秀峰店,广西桂林市秀峰区依仁路122号B栋海鲜仔第一层2号房屋,25.2358100,110.1730910,maimai_dx,,,wahlap
超能地带石家庄店,河北省石家庄新华区赵陵铺路街道兴街21号金象城2号楼3层18号,38.0411700,114.5031380,maimai_dx,,,wahlap
超能地带金象城店,誉兴街金象城3楼,38.0380600,114.5106120,maimai_dx,,maimai_dx:2,bemanicn
超能星客凯德广场店,白云新城云城西路890号凯德广场云尚3层14/34,23.1311100,113.2611320,chunithm;maimai_dx;other,,chunithm:2;maimai_dx:1,bemanicn
超能星客广州白云店,广州市白云区云城西路890号凯德云尚广场三楼超能星客,23.1284920,113.2590200,chunithm;maimai_dx,,,wahlap
超能星客惠州惠阳蓝鲸世界店,广东省惠州市惠阳区大亚湾蓝鲸世界二楼超能星客,23.1147800,114.4128710,maimai_dx,,,wahlap
超能玩家 Super Player（茂业摩尔城店）,"8th Floor, Block A, Maoye Moore City, Xinhua East Street Saihan District Hohhot Inner Mongolia, 010011, Hohhot",40.8288051,111.7031586,chunithm;maimai_dx;other,,chunithm:2;maimai_dx:1,ziv
超能玩家·啵啵池(台山昌大昌店),广东省江门市台山市台城街道台城舜德路133号金茂广场E座304、305室超能玩家·啵啵池(台山昌大昌店),22.5788540,113.0778250,maimai_dx;other,,maimai_dx:1,bemanicn
超能玩家台山台城昌大昌店,广东省江门市台山市台城街道昌大昌广场三楼超能玩家电玩城,22.5798790,113.0772840,maimai_dx,,,wahlap
超能玩家呼和浩特赛店,内蒙古自治区呼和浩特市赛罕区摩尔城A座8楼超能玩家电玩体验中心,40.8424390,111.7478520,chunithm;maimai_dx,,,wahlap
超能玩家（维多利店）,新华西街维多利二期六楼超能玩家,40.7373850,107.3863570,maimai_dx,,maimai_dx:1,bemanicn
超能玩家（茂业摩尔城店）,摩尔城A座8楼,40.8388860,111.7443870,chunithm;maimai_dx,,chunithm:2;maimai_dx:1,bemanicn
趣乐玩国YD潮玩街区衢州柯城恒太城店,浙江省衢州市柯城区府山街道劳动路125号南湖恒太城1楼趣乐玩国,28.9760160,118.8565460,maimai_dx,,maimai_dx:1,wahlap;bemanicn
趣乐玩国威海环翠海港湾店,山东省威海市环翠区鲸园街道昆明路1号威至海港湾1F045,37.5173580,122.1133030,chunithm;maimai_dx,,,wahlap
趣乐玩国（威海首店）,昆明路1号至海港湾1F=045,37.5092180,122.1102880,chunithm;maimai_dx,,chunithm:2;maimai_dx:1,bemanicn
趣动空间家庭娱乐中心,金凤区北京中路192号亲水商业广场DE102室ccpark店第E馆一层EC-06,38.4833620,106.2232230,maimai_dx,,maimai_dx:1,bemanicn
趣动空间银川金凤店,宁夏银川市金凤区新华百货ccpark一楼趣动空间家庭娱乐中心,38.4841530,106.2273680,maimai_dx,,,wahlap
趣哆哆郑州巩义店,河南省郑州市巩义市滨河路正上豪布斯卡三楼趣哆哆,34.7501880,113.6158350,maimai_dx,,,wahlap
趣多多宿州泗县绿城深蓝店,安徽省宿州市泗县绿城深蓝中心商业楼三楼趣多多超乐空间,33.6513000,116.9599390,chunithm;maimai_dx,,,wahlap
趣彗星SuperStar（新余地王广场店）,胜利北路地王广场2F趣慧星,27.8182510,114.9127650,maimai_dx,,maimai_dx:1,bemanicn
趣彗星新余渝水地王广场店,江西省新余市渝水区胜利路地王广场二楼趣彗星,27.8247250,114.9066940,maimai_dx,,,wahlap
趣玩乐园（义水广场店）,湖北省黄冈市罗田县段家桥街罗田县义水广场(段家桥街北),30.4584530,114.8692560,maimai_dx,,maimai_dx:1,bemanicn
趣玩嘉年华,人民西路丹尼斯二楼超市入口处,33.5783400,114.0075170,chunithm;maimai_dx,,chunithm:1;maimai_dx:1,bemanicn
趣玩国度重庆潼南巴渝大道店,重庆市潼南区巴渝大道288号9幢2-11,30.1917670,105.8365800,maimai_dx,,maimai_dx:1,wahlap;bemanicn
趣玩家嘉兴南湖店,浙江省嘉兴市南湖区长水街道星河coco city2楼趣玩家,30.7505910,120.7527080,maimai_dx,,,wahlap
趣玩家电玩城（大润发店）,广西壮族自治区南宁市西乡塘区陈东商贸城4楼50068-1037号趣玩家电玩城(大润发店),22.8191520,108.3679130,maimai_dx,,maimai_dx:1,bemanicn
趣玩时光(娄底五江店),娄星区五江碧桂园三楼,27.7015170,111.9840700,maimai_dx,,maimai_dx:1,bemanicn
趣玩时光冷水江步步高店,湖南省冷水江市步步高广场三楼,27.7040300,111.9853540,maimai_dx;taiko,,maimai_dx:1;taiko:1,wahlap;bemanicn
趣玩时光吉首花垣店,湖南省吉首市花垣县兴鹏商业广场2楼,28.2166910,109.6656540,maimai_dx,,maimai_dx:1,wahlap;bemanicn
趣玩时光娄底五江城市广场店,湖南省娄底市娄星区五江城市广场3 楼,27.6989800,111.9879700,maimai_dx,,,wahlap
趣玩时光娄底新化店,湖南省娄底市新化县上渡街道新化世贸广场一楼趣玩时光,27.6983460,111.9912630,maimai_dx,,maimai_dx:1,wahlap;bemanicn
趣玩时光桃江县大汉假日广场店,桃江县桃花江镇獭溪路大汉假日广场一楼,28.5622700,112.3495940,maimai_dx;taiko,,maimai_dx:1;taiko:1,bemanicn
趣玩时光益阳万达店,益阳大道与萝溪路交汇处西北角,28.5612830,112.3537820,maimai_dx,,maimai_dx:2,bemanicn
趣玩时光益阳安化店,东坪镇城南区元畅恒太城5楼,28.5617990,112.3487900,maimai_dx;taiko,,maimai_dx:1;taiko:1,bemanicn
趣玩时光益阳桃江假日广场店,湖南省益阳市桃江县大汉假日广场一楼趣玩时光,28.5560850,112.3503200,maimai_dx,,,wahlap
趣玩时光益阳赫山店,湖南省益阳市赫山区梓山社区益阳万达广场二F-B区 趣玩时光,28.5607610,112.3529240,maimai_dx,,,wahlap
趣玩机地金华义乌店,浙江省金华市义乌市稠城街道宾王商贸区六街宾王印象二楼趣玩机地,29.0796370,119.6418580,maimai_dx,,,wahlap
趣玩机地（义乌宾王商贸区店）,稠城街道宾王商贸区六街53号2楼,29.0867210,119.6404990,other,,,bemanicn
趣玩汇(南京狮子桥店),湖北路68号天狮百盛1层,32.0625690,118.7959790,jubeat;maimai_dx;taiko,,jubeat:2;maimai_dx:2;taiko:1,bemanicn
趣玩汇Games,"3F, Bailian Quyang Shopping Center, No.800 Quyang Road Hongkou District Shanghai Shanghai, 200081, Shanghai",31.2884228,121.4876596,jubeat;maimai_dx;other;taiko,,jubeat:2;maimai_dx:2;taiko:1,ziv
趣玩汇上海百联曲阳店,上海市虹口区曲阳购物中心3楼趣玩汇,31.2673500,121.4945260,jubeat;maimai_dx;taiko,,jubeat:2;maimai_dx:2;taiko:1,wahlap;bemanicn
趣玩汇南京新街口店,南京市秦淮区洪武路38号正洪大厦趣玩汇,32.0660110,118.7929960,chunithm;maimai_dx,,,wahlap
趣玩汇南京新街口正洪大厦店（原大风）,洪武路38号正洪大厦102栋,32.0602550,118.7969240,chunithm;maimai_dx;taiko,,chunithm:2;maimai_dx:4;taiko:1,bemanicn
趣玩汇南京湖北路店,江苏省南京市鼓楼区湖北路68号天狮百盛1楼,32.0574470,118.7871990,maimai_dx,,,wahlap
趣玩汇电玩 Quwanhui Games (南京洪武路店),"1st Floor, Tianfeng Building, No.26 Hongwu Road Qinhuai District Nanjing Shi Jiangsu Sheng, 210029, Nanjing Shi",32.0416487,118.7819651,chunithm;jubeat;maimai_dx;other;taiko,,chunithm:2;jubeat:2;maimai_dx:4;taiko:1,ziv
趣玩猩球潍坊寿光万达广场店,潍坊市寿光市圣城街道万达广场2F-B-B,36.7050890,119.1553490,chunithm;maimai_dx;taiko,,chunithm:1;maimai_dx:1;taiko:1,wahlap;bemanicn
趣玩空间(垣曲万盛店),山西省运城市垣曲县万盛广场4楼,35.0231400,111.0042290,other,,,bemanicn
趣玩空间临汾尧都王府井店,山西省临汾市尧都区汾河路王府井尚城s区三层趣玩空间,36.0907380,111.5136020,maimai_dx,,,wahlap
趣玩空间五洲王府井,五洲国际时代广场,36.0932880,111.5151510,maimai_dx;taiko,,maimai_dx:1;taiko:1,bemanicn
趣玩空间亲子乐园,香江城香江购物中心三楼,36.0898530,111.5111400,maimai_dx,,maimai_dx:1,bemanicn
趣玩空间山西晋中太谷店,山西省晋中市太谷区御锦新天地购物广场二楼东边趣玩空间,37.6885100,112.7414230,maimai_dx,,,wahlap
趣玩空间潮玩show+(闻喜涑水小镇南风百货店),涑水小镇南风百货4F,35.0247570,111.0000950,maimai_dx,,maimai_dx:1,bemanicn
趣玩空间潮玩馆(太谷御锦店),御景新天地,37.6868930,112.7506260,maimai_dx;taiko,,maimai_dx:1;taiko:1,bemanicn
趣玩空间运城盐湖店,山西省运城市盐湖区华䂀广场三楼趣玩空间游乐场,35.0292420,111.0027660,maimai_dx;taiko,,maimai_dx:1;taiko:1,wahlap;bemanicn
趣玩空间（侯马新田地下商场12.13口）,侯马新田地下商业街,36.0874050,111.5148660,maimai_dx,,maimai_dx:1,bemanicn
趣玩趣乐,金凤区新华联购物中心3F,38.4860470,106.2284360,maimai_dx;other,,maimai_dx:1,bemanicn
趣玩趣乐银川金凤新华联店,宁夏回族自治区银川市金凤区新华百货E馆1楼,38.4877580,106.2201300,maimai_dx,,,wahlap
趴趴星球,安吉路中骏世界城3层N347号,24.8758120,118.6735230,taiko,,taiko:1,bemanicn
趴趴星球（新天城市广场购物中心店）,新天·城市广场2号门西南50米,24.8826680,118.6708220,other,,,bemanicn
跃时光潮玩南宁青秀万象城店,广西壮族自治区南宁市青秀区民族大道华润万象城里巷跃时光潮玩,22.8179540,108.3607420,maimai_dx;taiko,,maimai_dx:1;taiko:1,wahlap;bemanicn
跑跑太空熊Space家庭娱乐中心,南湖天地购物中心B1层LG30,30.7458920,120.7480650,maimai_dx,,maimai_dx:1,bemanicn
跑跑太空熊嘉兴南湖天地店,浙江省嘉兴市南湖区南湖天地跑跑太空熊 LG30,30.7460020,120.7488760,maimai_dx,,,wahlap
跨特世界北京长阳龙湖店,北京市长阳镇熙悦龙湖天街B馆4F,39.9024620,116.3943370,maimai_dx,,,wahlap
路桥博鑫台州中盛店,浙江省台州市路桥区中盛城市广场负一楼盒马旁酷玩派,28.6627240,121.4126070,maimai_dx,,,wahlap
跳动西游(九州天虹店),朝阳新城九州大街666号朝阳洲天虹购物中心商场三层楼3019A铺,28.6899460,115.8573980,maimai_dx,,maimai_dx:2,bemanicn
跳动西游南昌红谷滩万达店,江西省南昌市红谷滩区万达广场3楼,28.6844130,115.8586330,maimai_dx;taiko,,maimai_dx:2;taiko:1,wahlap;bemanicn
跳动西游南昌西湖朝阳天虹店,江西省南昌市西湖区朝阳天虹购物中心,28.6876620,115.8511840,maimai_dx,,,wahlap
跳动西游南昌青山龙湖天街店,江西省南昌市青山湖区解放东路1999号南昌青山龙湖天街A-4F-02号商铺跳动西游,28.6827750,115.8520280,maimai_dx,,maimai_dx:2,wahlap;bemanicn
跳跃者成人室内蹦床公园,石阳线凯悦城,37.8588730,113.5694600,other,,,bemanicn
蹦蹦乐园 Family Park,"3F, Bailian Nanqiao Shopping Center, No.588 Baiqi Road Fengxian District Shanghai Shanghai, 201400, Shanghai",30.9179280,121.4793313,maimai_dx;other;taiko,,,ziv
蹦蹦乐园上海奉贤百联店,上海市奉贤区南桥镇百齐路288号百联购物中心二期,30.9234450,121.4700790,maimai_dx,,,wahlap
蹦蹦乐园南桥百联店,百齐路588号百联南桥购物中心F3,31.2293290,121.4670630,maimai_dx;taiko,,maimai_dx:1;taiko:1,bemanicn
车库窝,东升里11号 百花苑D座首层87号,23.0257570,113.1177480,gitadora;iidx;sdvx,,gitadora:1;iidx:1;sdvx:1,bemanicn
轩轩窝,美宜佳,22.5450970,114.0566100,iidx;maimai_dx;sdvx,,iidx:1;maimai_dx:1;sdvx:1,bemanicn
轻舞飞扬游乐场,"福山区福海路振华购物广场4楼 烟台市 (Yantai) 山东省 (Shandong Province), 烟台市 (Yantai)",37.5058038,121.2593108,jubeat;other;taiko,,jubeat:4;taiko:1,ziv
辉县·沃的世界,新田360广场,35.3061240,113.9251930,maimai_dx,,maimai_dx:1,bemanicn
辛集星辰传奇,建设大街北泰和商厦五楼,38.0380150,114.5104250,taiko,,taiko:1,bemanicn
辰瑞浙江衢州吾悦广场店,浙江省衢州市柯城区白云街道白云中大道99号新城吾悦广场1幢354-16号 三楼POP BEAR,28.9763290,118.8571430,maimai_dx,,,wahlap
迅驰嘉年华,博学路1555号迅驰广场三楼迅驰嘉年华电玩城,43.8174920,125.3191350,chunithm;maimai_dx;other,,chunithm:1;maimai_dx:1,bemanicn
迅驰嘉年华长春南关迅驰广场店,吉林省长春市南关区博学路1555号迅驰广场三楼迅驰嘉年华电玩城,43.8166800,125.3170130,chunithm;maimai_dx,,,wahlap
运动星球 SPORTSPLANET,运动星球,30.2494120,120.2081760,maimai_dx,,maimai_dx:1,bemanicn
运动星球杭州上城店,浙江省杭州市上城区富春路80号全民健身中心,30.2473900,120.2004860,maimai_dx,,,wahlap
运气贩卖便利店中山假日广场店,兴中道6号假日广场二楼2103,22.5182260,113.3825060,other;taiko,,taiko:2,bemanicn
进珠游乐城三明三元店,福建省三明市三元区和仁新村44栋梅列大厦地下城进珠游乐城,26.2666840,117.6299930,chunithm;maimai_dx,,,wahlap
迪卡丘 城投·星城广场（火炬路店),火炬路星河ico购物公园3楼南头,35.4172670,116.5843850,chunithm;maimai_dx,,chunithm:2;maimai_dx:1,bemanicn
迪卡丘佳木斯万达店,黑龙江省佳木斯市万达广场二楼迪卡丘,46.7994460,130.3148960,maimai_dx,,,wahlap
迪卡丘儿童娱乐,山东省菏泽市定陶区祥泰御府和美星悦城迪卡丘儿童娱乐,35.2346440,115.4684100,maimai_dx,,maimai_dx:1,bemanicn
迪卡丘嘉年华(佳和店),中华路与牡丹路交汇处西南角佳和广场二楼最西侧,35.2394160,115.4745240,chunithm;maimai_dx;taiko,,chunithm:2;maimai_dx:2;taiko:1,bemanicn
迪卡丘嘉年华济南印象城卡通尼加盟店,山东省济南市历城区花园路与洪家楼西路交口印象城三楼迪卡丘电玩城,36.6556960,117.1126720,chunithm;maimai_dx,,,wahlap
迪卡丘家庭体验中心.,山东省菏泽市曹县曹城街道湘江西路路北万基广场（大润发）,35.2347030,115.4680610,maimai_dx,,maimai_dx:1,bemanicn
迪卡丘家庭体验中心（济南印象城）,历城区印象城（花园路店）3层03-35,36.6548980,117.1137590,maimai_dx,,maimai_dx:1,bemanicn
迪卡丘烟台芝罘万达店,山东省烟台市芝罘区向阳街道芝罘万达广场负一层罘古巷迪卡丘,37.4620380,121.4456310,chunithm,,,wahlap
迪卡丘菏泽定陶店,山东省菏泽市定陶区青年路和美星悦城三楼迪卡丘,35.2332800,115.4762190,maimai_dx,,,wahlap
迪卡丘菏泽曹县大润发店,山东省菏泽市曹县大润发三楼迪卡丘,35.2317890,115.4741370,maimai_dx,,,wahlap
迪卡丘菏泽牡丹佳和城店,山东省菏泽市牡丹区中华路佳和城二楼迪卡丘,35.2302420,115.4740570,chunithm;maimai_dx,,,wahlap
迪咔嗨玩嘉年华贵阳店,贵州省贵阳市白云区趣玩云集购物中心三楼迪咔嗨玩嘉年华,26.6485100,106.6240000,maimai_dx,,maimai_dx:1,wahlap;bemanicn
迪咔嗨玩嘉年华长垣店,河南省长垣市银河新天地二楼,35.3074310,113.9238310,maimai_dx,,maimai_dx:1,wahlap;bemanicn
迪尼斯乐园（黑山惠翔市场店）,黑山惠翔综合市场一楼迪尼斯乐园,41.0973520,121.1208780,other,,,bemanicn
迪芝尼主题乐园,东门镇凤凰寨百佳汇商场一楼,24.4920510,108.6310810,taiko,,taiko:1,bemanicn
迪芝尼主题乐园（梧州金苑梦之岛店）,新兴三路3号梦之岛购物广场（市政广场店）3楼,23.4813940,111.2730920,maimai_dx;other;taiko,,maimai_dx:1;taiko:1,bemanicn
迪芝尼主题乐园（梧州龙圩店）,龙湖路龙湖国际商业城3楼北侧中庭,23.4746550,111.2728240,maimai_dx;other;taiko,,maimai_dx:1;taiko:1,bemanicn
迪芝尼云浮盈信广场店,云浮市郁南县都城镇城中路10号盈信广场二层,22.9230250,112.0390320,maimai_dx,,,wahlap
迪芝尼南宁南百ngs店,广西南宁市西乡塘区大学东路98号南百NGS三楼迪芝尼电玩城,22.8165110,108.3584830,maimai_dx,,,wahlap
迪芝尼家庭娱乐中心（梧州旺甫店）,旺甫镇福城超市二楼,23.4815000,111.2730730,taiko,,taiko:1,bemanicn
迪芝尼梧州金苑梦之岛店,广西壮族自治区梧州市长洲区新兴三路3号梦之岛购物广场市政广场店3楼迪芝尼主题乐园,23.4781310,111.2702570,maimai_dx,,,wahlap
迪芝尼梧州龙圩店,广西壮族自治区梧州市龙圩镇龙圩一路67号龙湖国际商业城三楼,23.4814080,111.2789510,maimai_dx,,,wahlap
迪芝尼潮玩主场,都城镇盈信广场2f,22.9132240,112.0379820,maimai_dx;other;taiko,,maimai_dx:1;taiko:1,bemanicn
迪芝尼潮玩主场（南百NGS店）已回归,大学西路98号南百NGS三楼,22.8223190,108.3602870,maimai_dx;other,,maimai_dx:1,bemanicn
迪趣玩动漫城（天府艺术公园店）,金牛区-金牛立交西城首峻西南侧约130米,30.5732060,104.0607250,other,,,bemanicn
迪迪冒险乐园鄂州鄂城店,湖北省鄂州市鄂城区南浦国际广场56号迪迪冒险乐园,30.3918670,114.8937490,maimai_dx,,maimai_dx:1,wahlap;bemanicn
迪迪玛特贵阳南明花果园店,贵州省贵阳市南明区花果园购物中心迪迪玛特超乐场,26.6477020,106.6199670,maimai_dx,,,wahlap
迪迪玛特超乐场,花果园大街1号花果园购物中心1F层L1302,26.6469530,106.6242670,maimai_dx,,maimai_dx:1,bemanicn
逗号立方王者之风,中兴西大街139号,37.0609430,114.4972270,maimai_dx,,maimai_dx:1,bemanicn
速翼电玩锦州古塔店,辽宁省锦州市古塔区锦绣前程商场三楼极速翼电玩娱乐中心,41.0950570,121.1239380,maimai_dx,,,wahlap
遂宁万达大玩家,河东万达大玩家,30.5376040,105.5903640,maimai_dx;taiko,,maimai_dx:1;taiko:1,bemanicn
遂溪电玩音游窝,遂城镇肥娟小吃附近100米,21.2742880,110.3513410,chunithm;maimai_dx;taiko,,chunithm:1;maimai_dx:1;taiko:1,bemanicn
遇见未来临沂兰山万象汇店,山东省临沂市兰山区万象汇L-301遇见未来,35.1039500,118.3458040,maimai_dx,,,wahlap
遇见王国成都金牛店,四川省成都市金牛区华侨城欢乐谷儿童馆一楼遇见王国,30.5760600,104.0672390,maimai_dx,,,wahlap
遇见王国达州财富中心店,四川省达州市渠县渠江街道财富中心三楼遇见王国,31.2106930,107.4599560,maimai_dx,,,wahlap
遇见王国（欢乐谷店）,遇见王国(欢乐谷店) 成都市金牛区,30.5740740,104.0613600,maimai_dx,,maimai_dx:1,bemanicn
遇见王国（渠县财富中心店）,财富广场3F,31.2100340,107.4609740,maimai_dx,,maimai_dx:1,bemanicn
遊占超级电玩(武汉佰港城店),维佳佰港城3楼,30.5939920,114.2982070,maimai_dx,,maimai_dx:1,bemanicn
遊樂町Yurakucho,沙嘉都喇賈罷麗街14-18號,22.1858140,113.5403720,chunithm;maimai_dx;taiko,,chunithm:6;maimai_dx:8;taiko:2,bemanicn
邢台信都知止商城,河北省邢台市信都区冶金南路物兴广场知止商城,37.0605710,114.4962930,maimai_dx,,,wahlap
那香海探险世界游艺赛车馆,那香海景区-那香海探险世界游艺赛车馆一楼,37.5102800,122.1199180,drs,,drs:1,bemanicn
邦尼斯玩斗城,金城镇北门里民生路9-17号 金城车站旁,24.8774780,118.6751040,other,,,bemanicn
邳州宝乐城,青年路5号宏大欢乐买购物中心3楼,34.2024270,117.2811270,maimai_dx,,maimai_dx:1,bemanicn
郑州青鸾动漫城,金水区方园路86号翰宇天悦城3号楼1单元201,34.7427220,113.6199810,maimai_dx;taiko,,maimai_dx:1;taiko:1,bemanicn
部落酷玩临海杜桥宝龙店,杜桥镇滨海路550号宝龙广场F3,28.6618450,121.4186840,maimai_dx,,maimai_dx:1,bemanicn
部落酷玩义乌众安店,浙江省金华市义乌市城西街道雪峰西路1668号2楼201-202,29.0784240,119.6415810,maimai_dx,,,wahlap
部落酷玩厦门同安店,福建省厦门市同安区环城南路厦门同安宝龙广场二楼部落酷玩,24.4783930,118.0833840,maimai_dx,,maimai_dx:1,wahlap;bemanicn
部落酷玩厦门集美店,福建省厦门市集美区侨英街道同集南路68号集美银泰301室部落酷玩,24.4782460,118.0858710,maimai_dx,,,wahlap
部落酷玩台州临海宝龙广场店,浙江省台州市临海市杜桥镇宝龙广场3楼部落酷玩,28.6605940,121.4197110,maimai_dx,,,wahlap
部落酷玩台州椒江宝龙城店,浙江省台州市椒江区黄海公路宝龙城二楼部落酷玩,28.6597800,121.4141420,maimai_dx,,maimai_dx:2,wahlap;bemanicn
部落酷玩台州温岭店,浙江省台州市温岭市城东街道横湖东路北侧万达广场二楼部落酷玩,28.6608490,121.4203520,maimai_dx;other,,maimai_dx:1,wahlap;bemanicn
部落酷玩武义金湖中心店,武义县金湖中心3楼,29.0772000,119.6408420,maimai_dx,,maimai_dx:1,bemanicn
部落酷玩温州平阳万达店,浙江省温州市平阳县鳌江镇车站大道万达商业广场3楼部落酷玩,27.9993910,120.6959060,maimai_dx,,maimai_dx:2,wahlap;bemanicn
部落酷玩温州瓯海店,浙江省温州市瓯海区娄桥街道瓯海大道1299号三楼3010-3013,27.9967660,120.6990670,maimai_dx,,maimai_dx:2,wahlap;bemanicn
部落酷玩金华武义店,浙江省金华市武义县壶山街道温泉北路6号金湖商业中心1楼L3025L3026,29.0832840,119.6449130,maimai_dx,,,wahlap
部落酷玩金华永康店,浙江省金华市永康市西城街道解放街188号宝龙广场A馆3楼部落酷玩,29.0852990,119.6442220,maimai_dx,,maimai_dx:1,wahlap;bemanicn
部落酷玩（浦江嘻游记店）,浙江金华浦江人民广场,29.0785710,119.6401420,maimai_dx,,maimai_dx:1,bemanicn
郴州super101壹零壹潮漫电玩,湖南省郴州市北湖区青年大道锦马时代中心3楼super101潮漫电玩(郴州店),25.7681230,113.0086130,chunithm;maimai_dx,,chunithm:2;maimai_dx:1,bemanicn
郴州星城战记潮玩体验馆,北湖区-同心路1号 友阿三楼,25.7711420,113.0068010,maimai_dx,,maimai_dx:1,bemanicn
都匀星球派对家庭娱乐中心万达店,贵州省黔南布依族苗族自治州都匀市万达广场一层,26.2537960,107.5190500,maimai_dx,,maimai_dx:1,bemanicn
都市乐园游艺中心,"天河区员村二横路兰亭街2号天河都市广场(百佳)4层 广州市(CANTON) 广东省 (Guangdong Province), 广州市(CANTON)",23.1196529,113.3628244,taiko,,,ziv
都市玩家 家庭娱乐体验中心,二环南路西段155号太白印象城B1,34.3430580,108.9332450,maimai_dx,,maimai_dx:1,bemanicn
都市玩家(咸宁中商店),咸安区中商百货5楼都市玩家,29.8462400,114.3175690,maimai_dx,,maimai_dx:1,bemanicn
都市玩家上海闵行万达店,上海市闵行区都市路2700号颛桥万达3楼都市玩家,31.1164700,121.3745030,maimai_dx,,,wahlap
都市玩家利川店,湖北省利川市东城路88号三合嘉百货五楼都市玩家,30.2723860,109.4881000,maimai_dx,,maimai_dx:1,wahlap;bemanicn
都市玩家南通海安店,江苏省南通市海安市黄海大道29号星湖001商业广场二楼都市玩家,31.9828530,120.8931120,maimai_dx,,maimai_dx:1,wahlap;bemanicn
都市玩家武汉武昌司门口店,湖北省武汉市武昌区解放路389号一楼F1-F14室都市玩家,30.5933540,114.3020170,maimai_dx,,,wahlap
都市玩家武汉洪山店,湖北省武汉市洪山区珞喻路4号乐天城负一楼,30.5988780,114.3039670,maimai_dx,,,wahlap
都市玩家江汉路大润发店,湖北省武汉市江汉区江汉路大润发一楼都市玩家,30.5948250,114.3010950,maimai_dx,,,wahlap
都市玩家荆门掇刀万达店,湖北省荆门市掇刀区万达广场4楼都市玩家,31.0399160,112.1967530,maimai_dx,,maimai_dx:1,wahlap;bemanicn
都市玩家西安太白印象城店,陕西省西安市碑林区太白印象城负一楼,34.3412660,108.9342650,maimai_dx,,,wahlap
都市玩家颛桥万达店,万达广场(颛桥店)3F,31.2299610,121.4642320,maimai_dx;other,,maimai_dx:1,bemanicn
都市英雄株洲醴陵奥特莱斯店,湖南省株洲市醴陵市润鲨奥特莱斯二楼,27.8338160,113.1303940,maimai_dx,,maimai_dx:1,wahlap;bemanicn
都市酷炫,山西省朔州市怀仁市仁爱北路怀仁市元盛购物广场(仁爱北路东),39.3316640,112.4198250,maimai_dx,,maimai_dx:2,bemanicn
都市酷炫电玩城,都统府大街1号金龙购物广场A座1楼,40.9492920,117.9517220,other,,,bemanicn
都市酷炫电玩城朔州怀仁元盛店,朔州市怀仁市云中大街元盛购物广场二楼,39.3325780,112.4259810,maimai_dx,,,wahlap
酷乐光年家庭娱乐中心（玖伍文化城店）,太原北街95号玖伍文化城一楼,41.6756280,123.4550780,maimai_dx;other,,maimai_dx:1,bemanicn
酷乐光年家庭游乐中心,新运大街73号5楼,41.2680520,123.2374220,maimai_dx,,maimai_dx:1,bemanicn
酷乐光年沈阳和平店,辽宁省沈阳市和平区玖伍文化城一楼酷乐光年家庭游乐中心,41.6738350,123.4561190,maimai_dx,,,wahlap
酷乐光年沈阳浑南店,辽宁省沈阳市浑南区营盘街7号花园城购物中心3楼321.322档酷乐光年家庭娱乐中心,41.6780230,123.4576620,maimai_dx,,,wahlap
酷乐光年游乐中心,站前街道华联街一号,41.2910910,123.7633720,maimai_dx;other,,maimai_dx:1,bemanicn
酷乐光年辽阳友谊商场店,辽宁省辽阳市白塔区新运大街73号友谊商城一部,41.2672680,123.2296600,maimai_dx,,,wahlap
酷乐光年（鞍山店）,碧乐城4F,41.1103860,122.9862950,maimai_dx;other;taiko,,maimai_dx:1;taiko:1,bemanicn
酷乐动漫城,文一路六楼翠苑电影大世界内,30.2470590,120.2093860,other,,,bemanicn
酷乐多电玩城,亨特城市广场,26.6534300,106.6219110,maimai_dx,,maimai_dx:1,bemanicn
酷乐多龙岩上杭万达店,福建省龙岩市上杭万达广场二楼酷乐多,25.0755930,117.0109990,maimai_dx;taiko,,maimai_dx:1;taiko:1,wahlap;bemanicn
酷乐大玩家鄂尔多斯店,内蒙古鄂尔多斯市东胜区星河COCO City二期二楼,39.6080490,109.7710450,chunithm;maimai_dx;taiko,,chunithm:2;maimai_dx:2;taiko:1,wahlap;bemanicn
酷乐库潮玩街区(枣庄万达店),临城街道永兴路126号万达广场3F-D-01商铺,34.8159080,117.3207900,maimai_dx,,maimai_dx:1,bemanicn
酷乐思池州贵池同晖城市广场店,安徽省池州市贵池区同晖城市广场1楼106酷乐思电玩城,30.6793560,117.4929110,maimai_dx,,,wahlap
酷乐思电玩城,同晖城市广场1楼106酷乐思电玩城,30.6728820,117.4879600,maimai_dx;other,,maimai_dx:1,bemanicn
酷乐星球太原富力广场店,山西省太原市杏花岭区北中环富力广场三层西区,37.8733760,112.5434670,maimai_dx,,maimai_dx:1,wahlap;bemanicn
酷乐橙游乐场,龙海区榜山镇美一城广场3层,24.5193980,117.6477950,other,,,bemanicn
酷乐游动漫城（张家口店）,至善街尚峰广场5楼(长青路),40.7675560,114.8868100,other;taiko,,taiko:2,bemanicn
酷乐潮玩游乐园,恩江古城下西坊,27.0972640,114.9617400,other,,,bemanicn
酷乐王国,新中街万汇购物广场B座二层北侧,39.5339040,116.6784070,maimai_dx,,maimai_dx:1,bemanicn
酷乐王国廊坊固安万汇广场店,河北省廊坊市固安县万汇广场二期二楼酷乐王国,39.5350110,116.6756430,maimai_dx,,,wahlap
酷乐王国沧州河间店,河北省沧州市河间市嘉浩城市广场二楼酷乐王国,38.3021280,116.8352420,maimai_dx,,maimai_dx:1,wahlap;bemanicn
酷乐玩家（盐城中南城大有境店）,盐城市盐都区中南大有境3楼,33.3475500,120.1598840,maimai_dx,,maimai_dx:1,bemanicn
酷乐电玩城,天津市天津市西青区青远路60号青和大厦,39.1394540,117.0007090,other,,,bemanicn
酷乐电玩城 Kule Arcade,"Qinghe Building, No.60 Qingyuan Road Xiqing District Tianjin Tianjin, 300380, Tianjin",39.1373762,117.0018635,maimai_dx;other,,,ziv
酷乐空间,黄浦江路289号昆承湖丰茂里3层301,31.3045740,120.5773250,maimai_dx,,maimai_dx:1,bemanicn
酷乐窝宝安店,美宜佳,22.5475510,114.0554220,chunithm;maimai_dx;ongeki,,chunithm:3;maimai_dx:2;ongeki:1,bemanicn
酷乐街区娱乐中心(虎泉时尚中心店),虎泉街91号虎泉时尚中心B1层C区,30.5985870,114.2948430,maimai_dx,,maimai_dx:2,bemanicn
酷乐迪 Coolerdy,"5th Floor, Xing Wanda Plaza, No. 419 Guanlan Avenue, Longhua District Shenzhen City Guangdong, 518110, Shenzhen City",22.7216545,114.0532883,jubeat;other,,,ziv
酷力酷家庭娱乐中心(淮北吾悦广场店),学院路与龙山路交叉口吾悦广场4楼4046-4051商铺,33.9610740,116.7909460,maimai_dx,,maimai_dx:1,bemanicn
酷力酷淮北杜集吾悦广场店,安徽省淮北市杜集区高岳街道吾悦广场四楼酷力酷家庭娱乐中心,33.9610880,116.7913560,maimai_dx,,,wahlap
酷力酷电玩城,下元商贸城3楼,37.8730810,112.5475210,other,,,bemanicn
酷力酷电玩城忻城店,忻城汽车总站附近肯德基2楼,23.7543630,109.2141080,other,,,bemanicn
酷动乐园,德城区东风东路1899号澳德乐时代广场F3,37.4367690,116.3485850,jubeat;maimai_dx;taiko,,jubeat:2;maimai_dx:2;taiko:1,bemanicn
酷动乐园德州夏津德百广场店,山东省德州市夏津县德百广场4楼酷动乐园,37.4370060,116.3476200,maimai_dx,,,wahlap
酷动乐园德州澳德乐店,山东省德州市经济开发区澳德乐时代广场酷动乐园,37.4378540,116.3546210,maimai_dx,,,wahlap
酷动玩家,越王里H区01商铺一楼酷动玩家,23.7506040,114.6983490,maimai_dx,,maimai_dx:1,bemanicn
酷卡贝宣城宣州星隆店,安徽省宣城市宣州区星隆国际2楼酷卡贝,30.9461140,118.7536430,maimai_dx,,,wahlap
酷咔库潮玩街区济宁兖州店,山东省济宁市兖州区万象汇购物广场三楼,35.4163760,116.5874530,maimai_dx,,,wahlap
酷咔库潮玩街区（高新万象汇店）,高新区海川路77号万象汇,35.4177740,116.5867640,maimai_dx;taiko,,maimai_dx:1;taiko:1,bemanicn
酷哆啦长沙天心万家丽店,湖南省长沙市天心区万家丽南路暮云街道步步高广场二F酷哆啦家庭娱乐中心,28.2355270,112.9329900,maimai_dx,,,wahlap
酷奇绍兴越城店,浙江省绍兴市越城区塔山街道金帝银泰城1幢3F202,30.0530820,120.5750320,maimai_dx,,,wahlap
酷宝潮玩&吉星益智乐园,大润发超市二楼,21.9816640,108.6506660,taiko,,taiko:1,bemanicn
酷客领域太原龙湖万达店,山西省太原市龙湖万达广场三楼酷客领域,37.8656460,112.5418130,maimai_dx;sdvx;taiko,,maimai_dx:2;sdvx:1;taiko:2,wahlap;bemanicn
酷客领域廊坊广阳店,河北省廊坊市广阳区解放道街道新朝阳购物中心四楼酷客领域,39.5392640,116.6836650,maimai_dx,,,wahlap
酷客领域廊坊新朝阳购物中心店,河北省廊坊市广阳区新朝阳购物中心一期四层,39.5376790,116.6825310,maimai_dx,,maimai_dx:1,bemanicn
酷客领域徐州万达广场店,江苏省徐州市万达广场2楼2F-A,34.2051360,117.2756660,maimai_dx,,,wahlap
酷客领域沧州吾悦店,河北省沧州市运河区吾悦广场二楼酷客领域电玩城,38.3009070,116.8357440,maimai_dx;taiko,,maimai_dx:1;taiko:1,wahlap;bemanicn
酷洛潮漫,建设南路102号步步高广场A座8A楼,27.8384440,112.9416210,chunithm;maimai_dx;taiko,,chunithm:2;maimai_dx:1;taiko:1,bemanicn
酷洛潮漫 步步高新天地店（酷洛小镇改名）,国庆北路10号,25.7764380,113.0091730,maimai_dx;taiko,,maimai_dx:1;taiko:1,bemanicn
酷洛潮漫湘潭岳塘店,湖南省湘潭市岳塘区建设路102号八楼酷洛潮漫,27.8367310,112.9414880,chunithm;maimai_dx,,,wahlap
酷洛潮漫郴州北湖店,湖南省郴州市北湖区人民路街道国庆北路步步高置业新天地1200一楼B馆1002A商铺,25.7750760,113.0076030,maimai_dx,,,wahlap
酷游猩球,万达广场3F 细河区解放大街甲17号室内3FA - B,42.0161080,121.6623760,maimai_dx;other,,maimai_dx:1,bemanicn
酷游猩球阜新细河万达广场店,辽宁省阜新市细河区解放大街甲17号万达广场三楼酷游猩球,42.0220970,121.6704510,maimai_dx,,,wahlap
酷漫地带,洋洋百货(南街店)五楼,31.1306180,104.3898380,maimai_dx,,maimai_dx:1,bemanicn
酷漫地带德阳旌阳店,四川省德阳市旌阳区洋洋百货五楼,31.1289930,104.3892540,maimai_dx,,,wahlap
酷漫地带成都新都苏宁店,四川省成都市新都区蜀龙大道中段1333号苏宁易购广场三楼酷漫地带,30.5748590,104.0689100,drs;maimai_dx;taiko,,drs:1;maimai_dx:2;taiko:1,wahlap;bemanicn
酷漫地带成都金牛龙湖天街店,四川省成都市金牛区龙湖上城天街三楼酷漫地带,30.5786830,104.0643320,chunithm;maimai_dx,,,wahlap
酷漫地带泸州龙马潭步步高店,四川省泸州市龙马潭区步步高新天地商场2楼,28.8783400,105.4415630,drs;maimai_dx,,drs:1;maimai_dx:1,wahlap;bemanicn
酷漫地带自贡爱琴海店,四川省自贡市高新区华商爱琴海A馆4楼酷漫地带F4019B号铺,29.3435640,104.7787500,maimai_dx,,,wahlap
酷漫地带（成都龙湖上城店）,一环路内侧与人民北路交口处龙湖上城天街A馆-3F3334B,30.5734600,104.0638090,chunithm;maimai_dx;taiko,,chunithm:2;maimai_dx:3;taiko:1,bemanicn
酷漫地带（自贡华商爱琴海店）,华商爱琴海购物公园四楼酷漫地带,29.3463560,104.7773590,maimai_dx;other,,maimai_dx:1,bemanicn
酷漫总动员成都郫都店,四川省成都市郫都区犀浦镇双铁路69号负一层47、48、49、51号酷漫总动员,30.5758900,104.0598070,maimai_dx,,,wahlap
酷漫潮玩勇士南宁青秀店,广西壮族自治区南宁市青秀区民族大道131号会展航航城三楼酷漫潮玩勇士,22.8189070,108.3576720,maimai_dx,,,wahlap
酷潮天空之城,时代广场3f,27.7284300,107.0250710,maimai_dx,,maimai_dx:1,bemanicn
酷潮星空金华金东万达店,浙江省金华市金东区万达广场二楼酷潮星空,29.0785700,119.6466550,maimai_dx,,maimai_dx:1,wahlap;bemanicn
酷炫娱乐中心东莞樟木头店,广东省东莞市樟木头镇石新东城街1号汇景香樟公馆13栋201室酷炫娱乐中心,23.0281060,113.7474740,chunithm;maimai_dx,,,wahlap
酷炫家庭娱乐中心（汇景香樟公馆店）,汇景香樟公馆13栋201室酷炫娱乐中心,23.0289520,113.7479340,chunithm;jubeat;maimai_dx,,chunithm:2;jubeat:2;maimai_dx:1,bemanicn
酷炫游艺娱乐城,大润发4楼,45.6195050,122.8282720,other,,,bemanicn
酷炫潮玩动漫城（二连店）,百货大楼3楼,43.9311220,116.0371690,other,,,bemanicn
酷炫潮玩汇（张家口怀来店）,万悦广场新时代购物中心3楼,40.7649790,114.8787020,taiko,,taiko:1,bemanicn
酷炫电玩,酷炫电玩,36.0992900,114.3923470,maimai_dx;other,,maimai_dx:1,bemanicn
酷炫电玩安阳华强新天地店,河南省安阳市文峰区华强新天地酷炫电玩,36.1015310,114.3851010,maimai_dx,,,wahlap
酷炫缤纷佛山高明盈信店,广东省佛山市高明区盈信广场2楼酷炫缤纷,23.0265370,113.1160140,maimai_dx,,,wahlap
酷炫缤纷（盈信广场店）,高明大道东490号高明盈信广场二楼2011-2013铺,23.0202950,113.1139190,maimai_dx;taiko,,maimai_dx:1;taiko:1,bemanicn
酷熊电玩,北方商厦3F,49.1596400,119.7732590,maimai_dx,,maimai_dx:1,bemanicn
酷熊电玩呼伦贝尔友谊北方店,内蒙古自治区呼伦贝尔市满洲里市兴华街道五道街友谊北方商厦三楼酷熊电玩,49.1650580,119.7631880,maimai_dx,,,wahlap
酷熊趣乐园（旧框舞萌）,银座和谐广场4楼。,35.2372760,115.4691480,other,,,bemanicn
酷熊酷玩,上海市虹口区江湾镇街道虹湾路99弄金泽元拾光里三楼酷熊酷玩(彩虹湾店),31.2645590,121.5017680,taiko,,taiko:1,bemanicn
酷熊酷玩 Cool bear,"3F, Jinzeyuan Shiguangli, Lane 99 Hongwan Road, Jiangwan Town, H Hongkou District Shanghai Shanghai, 200080, Shanghai",31.3140130,121.4662710,other;taiko,,,ziv
酷猫电玩城锦绣新都汇店,广东省韶关市翁源县锦绣新都汇二层酷猫电玩城,24.8107590,113.5897760,maimai_dx,,maimai_dx:1,bemanicn
酷猫电玩城韶关翁源新都汇店,韶关市翁源县龙仙镇锦绣路46号锦绣新都汇二楼,24.8153240,113.5968870,maimai_dx,,,wahlap
酷玩 e 族淮北相山万达店,淮北市相山区万达广场二楼酷玩 e 族,33.9598260,116.7900520,maimai_dx,,,wahlap
酷玩e族(淮北万达广场店),万达广场2F-B,33.9532470,116.7964790,maimai_dx;other,,maimai_dx:2,bemanicn
酷玩E族丹江口丹传公司店,湖北省十堰市丹江口市丹江大道46号丹传公司4号楼2层,32.6300400,110.7969060,maimai_dx,,,wahlap
酷玩e族宝贝王绍兴店,浙江省绍兴市上虞万达达广州一楼,30.0575730,120.5790270,maimai_dx,,,wahlap
酷玩e族家庭娱乐中心(丹江口店),中国湖北省十堰市丹江口市丹江大道丹传电子商城4号楼2层,32.6337760,110.7956990,maimai_dx,,maimai_dx:1,bemanicn
酷玩e族宿州埇桥万达店,安徽省宿州市埇桥区CBD万达广场4楼酷玩e族,33.6509740,116.9557260,maimai_dx,,,wahlap
酷玩e族昆山碧乐时光店,江苏省昆山市前进西路300号昆山碧乐时光三层3006铺,31.3010190,120.5780460,maimai_dx,,maimai_dx:1,wahlap;bemanicn
酷玩e族杭州拱墅吾悦广场店,浙江省杭州市拱墅区吾悦广场负一楼酷玩e族,30.2500340,120.2109350,maimai_dx,,,wahlap
酷玩e族淮北相山碧乐城,安徽省淮北市相山区桓谭路碧乐城三楼酷玩e族,33.9581400,116.7954140,chunithm;maimai_dx,,,wahlap
酷玩e族绍兴嵊州和悦时代广场店,浙江省绍兴市嵊州市和悦时代广场三楼酷玩e族,30.0523160,120.5790260,maimai_dx,,,wahlap
酷玩E族老河口武商店,湖北省襄阳市老河口市胜利路武商汇四楼酷玩翼族电玩城,32.0146630,112.1139430,maimai_dx,,maimai_dx:1,wahlap;bemanicn
酷玩e族襄阳谷城旺恒国际广场店,襄阳市谷城县谷丰街16号旺恒国际广场金座3楼酷玩e族,32.0144000,112.1167370,maimai_dx,,,wahlap
酷玩e族（吾悦广场店）,同协路地铁站杭玻街368号吾悦广场负一层,30.2511240,120.2074780,maimai_dx,,maimai_dx:2,bemanicn
酷玩e族（和悦广场店）,和悦时代广场购物中心三楼3013号,30.0569720,120.5763260,maimai_dx,,maimai_dx:1,bemanicn
酷玩e族（国购广场店）,埇桥区汴河东路与东昌路交汇处东北角国购广场4楼,33.6470810,116.9587850,other,,,bemanicn
酷玩e族（宿州CBD万达店）,埇桥区淮海中路埇桥街道CBD万达广场四楼,33.6529290,116.9599700,maimai_dx;other,,maimai_dx:1,bemanicn
酷玩e族（淮北碧乐城店）,长山北路与桓谭路交叉口东北角碧乐城三楼（淮北火车站路东侧）,33.9609560,116.7937230,chunithm;maimai_dx;other,,chunithm:2;maimai_dx:2,bemanicn
酷玩劲乐游艺中心,双营西路78号路劲世界广场2层东北角,39.9056620,116.3957680,taiko,,taiko:2,bemanicn
酷玩嘉年华(上饶市信州区万力时代店),信州区东市街道滨江东路66号,28.4607860,117.9379890,maimai_dx;other,,maimai_dx:1,bemanicn
酷玩嘉年华上饶信州万力时代店,江西省上饶市信州区滨江东路万力时代三楼酷玩,28.4598550,117.9360750,maimai_dx,,,wahlap
酷玩嘉年华宜春丰城店,江西省宜春市丰城市孙渡街道丰跃名城三楼酷玩嘉年华,27.8171840,114.4111210,maimai_dx,,,wahlap
酷玩嘉年华（丰跃名城店）,江西省宜春市丰城市孙渡街道龙光中大道229号丰跃名城2栋3层B3-012开心季·酷玩嘉年华动漫城(丰跃名城店),27.8238870,114.4102790,maimai_dx,,maimai_dx:1,bemanicn
酷玩地带,高县庆符镇高县万达广场附近,28.7584800,104.6420280,taiko,,taiko:1,bemanicn
酷玩地带呼伦贝尔海拉尔店,内蒙古自治区呼伦贝尔市海拉尔区胜利街道龙凤新天地购物广场四层F4-045号,49.1597430,119.7741830,maimai_dx,,,wahlap
酷玩地带电玩城（龙凤新天地购物广场店）,诺敏路龙凤新天地广场内4F,49.1633450,119.7755610,maimai_dx,,maimai_dx:1,bemanicn
酷玩地带（金沙·时代广场店）,隆昌市古湖街道万隆路金沙时代广场 3 楼 D2,29.5807540,105.0495880,taiko,,taiko:1,bemanicn
酷玩巅峰（常州武进万达店）,湖塘镇花园街301号武进万达2F,31.8132680,119.9747790,maimai_dx;other;taiko,,maimai_dx:1;taiko:1,bemanicn
酷玩常德武陵店,湖南省常德市武陵区步行街25号酷玩超乐场,29.0310190,111.6924720,maimai_dx,,,wahlap
酷玩时代,广东省肇庆市四会市商业大道125号四会吾悦广场F3酷玩时代(吾悦广场店),23.0517830,112.4650170,chunithm;maimai_dx,,chunithm:2;maimai_dx:2,bemanicn
酷玩时代兰州城关店,甘肃省兰州市城关区雁滩路3113号欣大购物广场三楼,36.0609790,103.8277130,maimai_dx,,,wahlap
酷玩时代海口吾悦广场店,海南省海口市新城吾悦广场3楼3020号商铺,20.0502280,110.1964050,chunithm,,,wahlap
酷玩时代海口新城吾悦广场店,海口市龙华区椰海大道吾悦广场商场内三层酷玩时代电玩城,20.0516050,110.1997970,chunithm;maimai_dx,,chunithm:2;maimai_dx:2,wahlap;bemanicn
酷玩时代电玩城,城关区雁滩路3113号 欣大购物广场三楼 酷玩时代电玩城,36.0638850,103.8368710,maimai_dx,,maimai_dx:1,bemanicn
酷玩时代肇庆四会吾悦广场店,广东省肇庆市四会市商业大道吾悦广场三层酷玩时代电玩城,23.0517190,112.4575750,chunithm;maimai_dx,,,wahlap
酷玩派游艺园,路桥区路桥街道银座街508号中盛城市广场南区地下室商业B1E-023-024-01,28.6567540,121.4162840,maimai_dx,,maimai_dx:1,bemanicn
酷玩猩球保定曲阳永宁店,河北省保定市曲阳县永宁广场三楼酷玩猩球电玩城,38.8715600,115.4639660,maimai_dx,,,wahlap
酷玩猩球廊坊大城明珠店,河北省廊坊市大城县明珠商厦,39.5368250,116.6807200,maimai_dx,,maimai_dx:1,wahlap;bemanicn
酷玩猩球沈阳吾悅广场店,辽宁省沈阳市大东区吾悅广场三楼酷玩猩球游乐场,41.6715110,123.4587830,chunithm;maimai_dx,,,wahlap
酷玩猩球沧州黄骅华贸店,河北省沧州市黄骅市华贸商厦负一酷玩猩球,38.3076700,116.8348310,maimai_dx,,,wahlap
酷玩猩球沧州黄骅金宝城市店,河北省沧州市黄骅市金宝城市广场二楼,38.3076010,116.8285640,maimai_dx,,,wahlap
酷玩猩球济宁吾悦店,山东省济宁市任城区吾悦广场三楼酷玩猩球,35.4174990,116.5757780,chunithm;maimai_dx;taiko,,chunithm:2;maimai_dx:1;taiko:1,wahlap;bemanicn
酷玩猩球青岛万达广场店,山东省青岛市万达广场二楼酷玩猩球,36.0694330,120.3736450,maimai_dx,,,wahlap
酷玩猩球（华贸商厦店）,骅中街道信誉楼大街华贸商厦负一层北侧,38.3053580,116.8264390,maimai_dx,,maimai_dx:1,bemanicn
酷玩猩球（曲阳永宁生活广场店）,曲阳县恒州镇南环路7号永宁生活广场 F3 10-1号,38.8695560,115.4557470,maimai_dx,,maimai_dx:1,bemanicn
酷玩猩球（沈阳中街吾悦店）,大东区津桥路7号吾悦广场三楼,41.6788710,123.4595720,chunithm;maimai_dx;taiko,,chunithm:2;maimai_dx:2;taiko:1,bemanicn
酷玩猩球（金宝店）,骅西街道青年南大街社区金宝城市广场二楼DF2S021号,38.3007180,116.8337280,chunithm;maimai_dx;taiko,,chunithm:2;maimai_dx:2;taiko:1,bemanicn
酷玩电玩馆(银丰广场店),玉州区银丰广场大润发四楼彩虹小镇,22.6593720,110.1780460,taiko,,taiko:1,bemanicn
酷玩社电玩城,银座购物广场2楼,35.2355690,115.4781190,taiko,,taiko:1,bemanicn
酷玩空间 Coolplay Space (SHANGHAI LEGOLAND),"Lefen Road (LEGOLAND area), Jinshan District, Shanghai Jinshan District Shanghai Shanghai, 201500, Shanghai",30.8868682,121.0909216,chunithm;maimai_dx;other,,,ziv
酷玩空间 Coolplay Space (上海世纪汇店) ★,"B1 (LG1), Century Link Plaza, No.1192 Century Avenue Pudong New District Shanghai Shanghai, 200120, Shanghai",31.2295323,121.5228398,chunithm;jubeat;maimai_dx;other;taiko,,chunithm:2;jubeat:1;maimai_dx:6;taiko:8,ziv
酷玩空间 Coolplay Space (上海环球港 Global Harbor) ★,"B1 Floor, Global Harbor, No.3300 Zhongshan North Road Putuo District Shanghai Shanghai, 200062, Shanghai",31.2363987,121.4085386,chunithm;jubeat;maimai_dx;other;sdvx;taiko,,chunithm:8;jubeat:1;maimai_dx:10;sdvx:1;taiko:10,ziv
酷玩空间上海世纪汇店,上海市浦东新区世纪大道1192号世纪汇负一楼酷玩空间,31.2195420,121.5404940,chunithm;maimai_dx;taiko,,chunithm:2;maimai_dx:6;taiko:8,wahlap;bemanicn
酷玩空间上海普陀环球港店,上海市普陀区环球港负一楼酷玩空间,31.2545540,121.3945090,chunithm;maimai_dx;taiko,,chunithm:8;maimai_dx:10;taiko:10,wahlap;bemanicn
酷玩空间上海爱琴海缤纷里店,上海市金山区乐纷路（乐高乐园）,30.7421430,121.3419870,chunithm;maimai_dx,,chunithm:1;maimai_dx:1,bemanicn
酷玩空间东营吾悦广场店,山东省东营市东营区黄河路吾悦广场三楼酷玩空间,37.4354500,118.6735090,chunithm;maimai_dx;taiko,,chunithm:2;maimai_dx:2;taiko:1,wahlap;bemanicn
酷玩空间佛山顺德印象城店,广东省佛山市顺德区东乐路268号印象城购物中心3楼,23.0207990,113.1178210,chunithm;maimai_dx;taiko,,chunithm:2;maimai_dx:2;taiko:1,wahlap;bemanicn
酷玩空间宿迁宝龙广场店,江苏省宿迁市宿城区宝龙广场四楼酷玩空间,33.9607660,118.2652450,chunithm;maimai_dx;taiko,,chunithm:2;maimai_dx:3;taiko:1,wahlap;bemanicn
酷玩空间烟台吾悦广场店,山东省烟台市芝罘区芝罘屯路吾悦广场3楼酷玩空间,37.4618710,121.4443440,chunithm;maimai_dx,,,wahlap
酷玩空间盐城盐都店,江苏省盐城市盐都区西环路88号万达广场三楼酷玩空间,33.3465580,120.1557760,maimai_dx,,,wahlap
酷玩空间绍兴大悦城店,浙江省绍兴市越城区国金大悦城三楼酷玩空间,30.0522740,120.5736430,chunithm;maimai_dx;taiko,,chunithm:2;maimai_dx:2;taiko:1,wahlap;bemanicn
酷玩空间（烟台芝罘吾悦店）,芝罘屯路与建设路交汇处吾悦广场3楼,37.4619420,121.4444530,chunithm;maimai_dx;taiko,,chunithm:1;maimai_dx:1;taiko:1,bemanicn
酷玩空间（盐城盐都万达广场店）,西环路88号,33.3472460,120.1586390,maimai_dx;taiko,,maimai_dx:1;taiko:1,bemanicn
酷玩空间（龙湖天街店）,龙湖天街3F北侧,36.0684770,120.3753020,maimai_dx;other,,maimai_dx:1,bemanicn
酷玩竞界郑州郑东新区店,河南省郑州市郑东新区太格茂购物中心三层酷玩竞界,34.7484170,113.6149880,maimai_dx,,,wahlap
酷玩竞界（太格茂店）,龙子湖街道经学街太格茂三楼,34.7450670,113.6238560,maimai_dx,,maimai_dx:1,bemanicn
酷玩联盟哈尔滨南岗黑域店,黑龙江省哈尔滨市南岗区哈西西城红场三楼,45.7966920,126.5311510,maimai_dx,,,wahlap
酷玩街区合肥大唐国际店,望江西路与潜山路交叉口东南角大唐国际购物中心1层,31.8179530,117.2241030,maimai_dx,,maimai_dx:2,bemanicn
酷玩街区合肥蜀山店,安徽省合肥市蜀山区望江西路大唐国际购物广场2号门一楼酷玩街区,31.8239870,117.2242190,maimai_dx,,,wahlap
酷豆家族,天虹购物中心六楼,23.0261770,113.1159670,other,,,bemanicn
酷豆番电玩公社（荆州）,北京中路人信汇负一楼,30.3407450,112.2348790,maimai_dx;other,,maimai_dx:1,bemanicn
酷豆番荆州沙市店,湖北省荆州市沙市区人信汇负一楼酷豆番电玩公社,30.3361200,112.2355710,maimai_dx,,,wahlap
酷豆番襄阳襄城店,湖北省襄阳市襄城区檀溪路306号美联购物中心一楼酷豆番电玩公社,32.0159410,112.1126260,maimai_dx,,,wahlap
酷迪炫乌海海勃湾万达店,内蒙古自治区乌海市海勃湾区万达3F-C-A-B,39.6539230,106.7836850,chunithm;maimai_dx,,,wahlap
酷迪炫潮玩空间,万达三楼海底捞旁,39.6570320,106.7947590,chunithm;maimai_dx,,chunithm:2;maimai_dx:2,bemanicn
酷顽码头动漫娱乐城(市图),"艾斯广场1层，未央路(R.Weiyang)，未央区 Weiyang District Xi'an 710000, Xi'an",34.3219808,108.9419022,maimai_dx,,,ziv
酷风游乐场绍兴越城颐高广场店,绍兴市越城区颐高广场 3 楼酷风游乐场,30.0511470,120.5816070,maimai_dx,,,wahlap
酷风游乐场（颐高广场店）,灵芝街道颐高广场商场3楼,30.0528220,120.5831100,maimai_dx,,maimai_dx:1,bemanicn
酷龙奇纪临沂沂水银座店,山东省临沂市沂水县银座商城三楼酷龙奇纪,35.1029140,118.3450050,maimai_dx,,,wahlap
酷龙奇纪家庭娱乐中心(桓台店),少海街道少海路惠仟佳4楼,36.8141610,118.0554070,maimai_dx,,maimai_dx:1,bemanicn
酷龙奇纪家庭娱乐中心(沂水店),沂城街道银座商城三楼,35.1082220,118.3518360,maimai_dx,,maimai_dx:1,bemanicn
酷龙奇纪家庭娱乐中心（莒县店）,正基时代广场5楼酷龙奇纪家庭娱乐中心,35.4155280,119.5185510,maimai_dx,,maimai_dx:1,bemanicn
酷龙奇纪日照莒县店,山东省日照市莒县正基时代广场正基商场5楼酷龙奇纪家庭娱乐中心,35.4200810,119.5213600,maimai_dx,,,wahlap
酷龙奇纪淄博桓台店,山东省淄博市桓台县城区街道中心大街1650号惠仟佳商场四楼南部东区,36.8115270,118.0479040,maimai_dx,,,wahlap
量子攻略北京大兴旧宫店,北京市大兴旧宫住总万科广场五楼量子攻略,39.7273920,116.3379090,maimai_dx;other,,maimai_dx:2,wahlap;bemanicn
量子攻略北京新奥店,北京市朝阳区湖景东路新奥购物中心,39.9236950,116.4385460,chunithm;maimai_dx,,,wahlap
量子攻略北京朝阳金隅嘉品店,北京市朝阳区东坝中路金隅嘉品mall3层量子攻略游戏体验中心,39.9170040,116.4362690,maimai_dx;other;taiko,,maimai_dx:2;taiko:1,wahlap;bemanicn
量子攻略大兴龙湖天街店,北京市大兴区永兴路7号院1号楼2F-23,39.7235570,116.3290440,maimai_dx,,,wahlap
量子攻略游戏体验中心(新奥购物中心店),湖景东路9号新奥购物中心B1层H1-01,39.9988540,116.3902330,chunithm;maimai_dx;other,,chunithm:2;maimai_dx:2,bemanicn;ziv
量子攻略（龙湖大兴天街店）,永兴路七号院龙湖大兴天街2层,39.6850302,116.3142797,maimai_dx;other,,maimai_dx:2,bemanicn;ziv
量子时空舱(蟠龙时代广场店),湖南省长沙市长沙县万家丽北路一段19号蟠龙时代广场1楼量子时空舱(蟠龙时代广场店),28.2331120,112.9359280,maimai_dx;other,,maimai_dx:1,bemanicn
量子时空舱长沙店,湖南省长沙市万家丽北路19号蟠龙时代广场,28.2295520,112.9362790,maimai_dx,,,wahlap
量子空间·电竞家庭娱乐中心北京顺义店,锦荟港3楼,40.1514290,116.6557130,other,,,bemanicn
量子空间杭州东站西广场C座店,浙江省杭州市江干区火车东站西广场C座一层量子空间未来主题乐园,30.2469200,120.2028970,maimai_dx,,,wahlap
量子空间竞技主题乐园（杭州东站店）,上城区新风路266.268-270.272号杭州火车东站西广场C座G002商铺,30.2463120,120.2068370,maimai_dx,,maimai_dx:1,bemanicn
量子风爆,水头镇时代新城惠客多超市二楼,24.8763030,118.6677260,maimai_dx,,maimai_dx:2,bemanicn
量子风爆泉州南安店,福建省泉州市南安市水头镇时代新城悦好惠客多超市（水头店）二楼量子风爆电玩城,24.8759330,118.6686260,maimai_dx,,,wahlap
金乐汇电玩城,北安市和平街道上海路144号大润发（北安店）二楼,50.2447340,127.5158540,maimai_dx;other,,maimai_dx:2,bemanicn
金域嘉年华,南湖南路178号乐福城市生活广场三楼,43.8203110,87.6157870,other;taiko,,taiko:1,bemanicn
金太阳六安金安海心沙店,安徽省六安市金安区兴隆路海心沙广场3号门二楼金太阳儿童乐园,31.7415370,116.5156730,maimai_dx,,,wahlap
金太阳芜湖南陵雄风店,安徽省芜湖市南陵县雄风购物中心,31.3562190,118.4262650,maimai_dx,,,wahlap
金太阳萌宝熊中环新世界店,皖西大道108号,31.7428050,116.5124950,maimai_dx,,maimai_dx:1,bemanicn
金思乐,河北省廊坊市三河市鑫乐汇购物广场一期商业街A区三层A101金思乐动漫潮玩乐园(燕郊鑫乐汇店),39.5391490,116.6782620,maimai_dx,,maimai_dx:1,bemanicn
金思乐娱乐中心,新华中路492号东方百盛3楼,39.7734610,98.2828550,maimai_dx,,maimai_dx:1,bemanicn
金方商业大厦儿童乐园,金方街道金方商业大厦,24.8828350,102.8278040,other,,,bemanicn
金星遊戲機中心（油麻地）,香港旺角弥敦道557-559号永旺行地下及地庫A舖,22.2838860,114.1706270,jubeat;maimai_dx;taiko,,jubeat:2;maimai_dx:1;taiko:1,bemanicn
金木一郎动漫游戏体验馆,"广东省东莞市莞城新风路8号新干线商场3楼 东莞市(Dongguan) 广东省 (Guangdong Province), 东莞市(Dongguan)",23.0449011,113.7537396,jubeat;other,,,ziv
金满地动漫城,重庆市开州区汉丰街道地一国际商业街A区20号(电影院旁),31.1616280,108.3847130,other,,,bemanicn
金满家天津宝坻天赋源店,天津市宝坻区天赋源A座三楼金满家电玩城,39.7206830,117.3061550,chunithm;maimai_dx,,,wahlap
金满家电玩城,宝平街道天赋源商业广场a座,39.7146770,117.3043900,chunithm;maimai_dx;other,,chunithm:2;maimai_dx:1,bemanicn;ziv
金满贯电玩城,311国道与龙凤大道交叉口北380米,33.6506500,116.9550170,maimai_dx,,maimai_dx:1,bemanicn
金满贯电玩城宿州萧县学府花园店,宿州市萧县龙河街道学府花园4-101铺二楼,33.6511820,116.9555260,maimai_dx,,,wahlap
金碧辉煌电玩哈尔滨南岗店,黑龙江省哈尔滨市南岗区学府路53号哈西综合批发市场负一层1厅282930号商铺,45.8038600,126.5292370,maimai_dx,,,wahlap
金程年华,蒙威购物广场五楼影院对面,43.6513930,122.2421760,other;taiko,,taiko:1,bemanicn
金色年华中街新玛特店,辽宁省沈阳市大东区小东路1号中街新玛特7F,41.6761340,123.4523180,chunithm;maimai_dx,,,wahlap
金色年华于洪新玛特店,辽宁省沈阳市于洪区黄海路45号新玛特7楼金色年华电玩,41.6769080,123.4617770,maimai_dx,,,wahlap
金色年华市府恒隆店,沈阳市沈河区青年大街1号 市府恒隆广场负一层 B127,41.6733330,123.4564650,chunithm;maimai_dx,,,wahlap
金色年华沈阳大东大悦城店,辽宁省沈阳市大东区小东路5号大悦城B座4楼金色年华,41.6761180,123.4627540,maimai_dx,,,wahlap
金色年华潮玩中心（皇城恒隆店）,辽宁省沈阳市沈河区皇城街道中街路128号皇城恒隆广场3楼300-302&346号铺位金色年华(中街恒隆店),41.6719280,123.4529720,chunithm;maimai_dx;taiko,,chunithm:2;maimai_dx:3;taiko:1,bemanicn
金色年华电玩沙龙（中街大悦城店）,东中街大悦城B馆四楼,41.6774690,123.4571450,chunithm;maimai_dx;taiko,,chunithm:2;maimai_dx:3;taiko:1,bemanicn
金色年华电玩沙龙（于洪新玛特店）,黄海路45号于洪新玛特7F,41.6741540,123.4526340,chunithm;maimai_dx;taiko,,chunithm:2;maimai_dx:2;taiko:1,bemanicn
金色年华电玩沙龙（市府恒隆店）,市府恒隆广场负一层B127,41.6713930,123.4604990,chunithm;maimai_dx;taiko,,chunithm:2;maimai_dx:2;taiko:1,bemanicn
金色年华皇城恒隆广场店,辽宁省沈阳市沈河区中街路128号恒隆广场3楼,41.6747090,123.4547690,chunithm;maimai_dx,,,wahlap
金莎电玩中心,吉林省通化市梅河口市梅河大街1073号梅河口公路客运总站(梅河大街西),41.7243210,125.9329460,other,,,bemanicn
金街动漫城,五常市 循礼社区开发大街南侧运输路西侧,45.8037450,126.5299730,drs,,drs:1,bemanicn
金钻潮玩运动馆松原宁江店,吉林省松原市宁江区铂金路金钻百货大楼六楼,45.1417690,124.8240490,maimai_dx;taiko,,maimai_dx:2;taiko:1,wahlap;bemanicn
金银岛电玩游戏中心,"101 Chaoyang North Road (Qingnian Road intersection) Chaoyang Da 朝阳北路101号（青年路口）朝阳大悦城F8层8FDD01 Beijing Chaoyang District, 100123, Beijing",39.9239219,116.5194438,other,,,ziv
鑫业动漫电玩,五大连池市青山镇一道街金融大厦二层西侧商家,50.2408180,127.5179010,other,,,bemanicn
鑫乐迪家庭娱乐中心通化东昌万达广场店,通化市东昌区万达广场二楼A号鑫乐迪家庭娱乐中心,41.7242120,125.9385320,maimai_dx,,,wahlap
鑫乐迪家庭娱乐中心（梅河维港城店）,维港城C区三楼(欢乐谷旁),41.7227990,125.9342160,maimai_dx,,maimai_dx:1,bemanicn
鑫乐迪家庭娱乐中心（通化万达店）,万达广场2F-A区,41.7268500,125.9364420,maimai_dx,,maimai_dx:1,bemanicn
鑫乐迪家庭电玩中心,南马路29号大商新玛特F3层,42.2185880,123.7226380,taiko,,taiko:1,bemanicn
鑫乐迪梅河口维港城店,吉林省梅河口市维港城三楼鑫乐迪家庭娱乐中心,43.8387440,126.5445460,maimai_dx,,,wahlap
鑫动空间常州新北区万达广场店,常州市新北区万达广场三楼,31.8163590,119.9647520,maimai_dx,,,wahlap
鑫天空之城哈尔滨阿城区店,黑龙江省哈尔滨市阿城区鑫城街道印象城5楼鑫天空之城,45.8028700,126.5298720,maimai_dx,,,wahlap
鑫汇动漫城,"新会区大新路50号星汇广场二楼 Jiangmen Shi Guangdong Sheng, 529100, Jiangmen Shi",22.5199279,113.0371953,jubeat;other,,,ziv
鑫鑫游乐,上海市闵行区东川路2325号燎升生活广场2楼,31.0129486,121.4072031,drs;other,,drs:1,bemanicn;ziv
铅山宇宙队长天街店,江西省上饶市铅山县铅山天街商场3F,28.4549840,117.9397590,maimai_dx,,maimai_dx:1,bemanicn
铜锣湾大嘴猴电玩中心,群力第五大道518铜锣湾广场一层115号,45.7995380,126.5336200,maimai_dx,,maimai_dx:1,bemanicn
铜鼓宇宙队长游乐园,世贸广场二楼宇宙队长,27.8201720,114.4146380,maimai_dx,,maimai_dx:1,bemanicn
铭铿电子游戏机中心（西环gamezone）,西環山市街1A號太生大廈,22.2834830,114.1708710,other,,,bemanicn
银川金凤万达大玩家,宁夏回族自治区银川市金凤区正源北街金凤万达广场三号门二楼大玩家,38.4917580,106.2279580,maimai_dx;other,,maimai_dx:1,wahlap;bemanicn
银度星空成都武侯店,四川省成都市武侯区洗面桥街20号1栋3层23号银度星空家庭潮玩中心,30.5770350,104.0625600,maimai_dx,,maimai_dx:1,wahlap;bemanicn
银河动力,国购广场三楼,30.9385290,118.7538660,other,,,bemanicn
银河壹号济南槐荫西美广场店,济南市槐荫区兴福街道青岛路西美广场印象济南泉世界4区6号楼二层201,36.6544000,117.1110370,maimai_dx,,,wahlap
银河壹号电玩城(印象济南店),兴福街道青岛路印象济南泉世界4区6号楼二层201号(西美广场),36.6486320,117.1183240,maimai_dx,,maimai_dx:2,bemanicn
银河大冒险淮安水渡口万达店,翔宇大道与水渡口大道交叉口东北角2楼,33.5554270,119.1063590,maimai_dx,,maimai_dx:1,bemanicn
银河大冒险淮安清江浦万达广场店,江苏省淮安市清江浦万达广场2楼,33.5565700,119.1065580,maimai_dx,,,wahlap
银河奇遇妙妙屋,广东省河源市源城区中骏世界城2楼奇遇妙妙屋,23.7493250,114.6981920,drs,,drs:1,bemanicn
银河星城,王府井购物中心南充店负一楼美食城内,30.8415620,106.1056380,other;taiko,,taiko:1,bemanicn
银河欢乐谷,伊宁市老城区解放路79号万力时尚Mall五楼,43.9161370,81.3170740,maimai_dx,,maimai_dx:1,bemanicn
银河潮玩伊犁环球港店,新疆维吾尔自治区伊犁哈萨克自治州环球港7楼,43.9153890,81.3235100,maimai_dx,,,wahlap
银河系大连恒隆广场店,辽宁省大连市西岗区中山路281号印象城A栋二楼,38.9105950,121.6045210,chunithm;maimai_dx,,,wahlap
银河系（印象城店）,辽宁省大连市西岗区中山路281号印象城A座L201银河系TheArcade,38.9108440,121.6124240,chunithm;maimai_dx;taiko,,chunithm:2;maimai_dx:3;taiko:1,bemanicn
银泰城哈尔滨群里银泰城店,黑龙江省哈尔滨市群里银泰城大玩家,45.8038440,126.5302850,maimai_dx,,,wahlap
镇海万科广场一乐马丁游乐园,庄市街道万科1902广场三层,29.8667060,121.6167630,maimai_dx;other,,maimai_dx:1,bemanicn
镇赉开心娱乐动漫城,欧亚三楼,45.6182190,122.8261950,taiko,,taiko:1,bemanicn
镜之屋（暂时关服）,鹏湾路世贸公馆2栋背面一号镜之屋,36.0645380,120.3763780,chunithm;maimai_dx;taiko,,chunithm:1;maimai_dx:1;taiko:1,bemanicn
长乐门欢乐汇石家庄勒泰中心店,河北省石家庄市勒泰中心D座1楼,38.0394740,114.5085140,maimai_dx,,,wahlap
长岭县天宇商城,长岭县天宇商城3楼,45.1358400,124.8226840,taiko,,taiko:1,bemanicn
长春哈基窝,吉林省长春市南关区南关区净月大学城复地·哥德堡森林二期9栋505,43.8153190,125.3196010,chunithm;maimai_dx;taiko,,chunithm:1;maimai_dx:1;taiko:1,bemanicn
闪动联萌六安金安万达店,安徽省六安市金安区中市街道皋城路与球拍路交叉口万达广场2F-AA号商铺闪动联萌电玩城,31.7403380,116.5153260,maimai_dx,,,wahlap
闪电部落(华东·万和城),"4th floor, Shopping Wanhe city(华东万和城购物中心), R. Changying Xi'an Shannxi, 710000, Xi'an",34.2797726,108.9898039,maimai_dx;other;taiko,,maimai_dx:2;taiko:1,ziv
闪电部落·欢乐世界(西市城),"西安市碑林区劳动南路1号大润发3楼 西安市 陕西省(Shaanxi Province), 710000, 西安市",34.2465037,108.9044579,gitadora;maimai_dx;other;taiko,,gitadora:2;maimai_dx:1;taiko:1,ziv
闪电部落西安新城益田假日店,陕西省西安市新城区长乐东路益田假日广场F3,34.3421210,108.9301030,maimai_dx,,,wahlap
闲乐谷大玩家（乐山店）,乐青路662号乐山万达广场3F层,29.5577240,103.7675160,jubeat;maimai_dx;taiko,,jubeat:1;maimai_dx:1;taiko:1,bemanicn
阜阳临泉大润发星光联盟,大润发三楼,32.8897490,115.8101430,maimai_dx,,maimai_dx:1,bemanicn
阳光狮乐园信阳光山店,河南省信阳市光山县二环路与健康路交叉口西亚城市广场五楼阳光狮乐园,32.1479920,114.0853790,chunithm;maimai_dx;other,,chunithm:2,wahlap;bemanicn
阳光狮乐园信阳息县丽宝店,河南省信阳市息县西亚丽宝广场四楼阳光狮乐园,32.1488470,114.0872540,chunithm,,,wahlap
阳光狮乐园信阳淮滨店,河南省信阳市淮滨县淮滨美悦广场四楼阳光狮乐园,32.1535440,114.0802450,chunithm;taiko,,chunithm:2;taiko:1,wahlap;bemanicn
阳光狮乐园信阳西亚和悦店,河南省信阳潢川县南城弋阳路西亚和悦广场,32.1490070,114.0813120,chunithm,,,wahlap
阳光狮乐园固始丽宝广场店,河南省信阳市固始县蓼北路与民主路交叉口,32.1554810,114.0842850,chunithm;maimai_dx;taiko,,chunithm:2;maimai_dx:1;taiko:1,wahlap;bemanicn
阳光狮乐园潢川和悦店,潢川县弋阳路与迎宾路交叉口东140米-西亚和悦广场(新西亚)4楼左,32.1514110,114.0914790,chunithm;other,,chunithm:2,bemanicn
阳光狮乐园罗山西亚美悦广场,河南省信阳市罗山县城关镇西亚美悦广场六楼阳光狮,32.1496290,114.0815420,chunithm,,,wahlap
阿凡达&快乐荟太原锦熙广场店,山西省太原市小店区学府东街与许东路交叉口锦熙广场快乐购超市对面阿凡达&快乐荟动漫游乐中心,37.8689160,112.5399840,maimai_dx,,,wahlap
阿凡达&快乐荟（许东店）,学府东街与许东路交叉口西北角快乐购超市一层,37.8730680,112.5480860,maimai_dx;taiko,,maimai_dx:1;taiko:2,bemanicn
阿凡达&爱悦荟太原迎泽星悦茂店,山西省太原市迎泽区东岗路22号星悦茂1号门阿凡达&爱悦荟家庭游乐中心,37.8649580,112.5412320,maimai_dx,,,wahlap
阿凡达&爱玩荟 电玩嘉年华（国金店）,山西省太原市小店区南中环街辅路小店区IF PARK国金中心(南中环街南100米),37.8645820,112.5439680,chunithm;maimai_dx;taiko,,chunithm:2;maimai_dx:1;taiko:1,bemanicn
阿凡达&爱玩荟交城店,天宁镇新开路与却波街交叉口千禧商场南区一楼商铺,37.5175510,111.1322290,maimai_dx,,maimai_dx:1,bemanicn
阿凡达&爱玩荟太原清徐店,山西省太原市清徐县徐沟镇民乐街供电南侧一号七彩生活购物广场三层阿凡达&爱玩荟,37.8682620,112.5488120,chunithm;maimai_dx,,maimai_dx:1,wahlap;bemanicn
阿凡达&爱玩荟昆明店,云南省昆明市西山区南坝路昆明大悦城D区三楼,24.8823050,102.8304640,chunithm;maimai_dx;other,,chunithm:2;maimai_dx:1,wahlap;bemanicn
阿凡达&爱玩荟晋中店,山西省晋中市平遥县城西街道顺城路599号平遥漫乐城购物中心一层内街中区阿凡达&爱玩荟电玩城,37.6838020,112.7485030,maimai_dx,,maimai_dx:1,wahlap;bemanicn
阿凡达&爱玩荟朝阳华腾新天地店,北京市朝阳区东四环中路195号阿凡达&爱玩荟北京华腾新天地店,39.8842526,116.4821992,chunithm;jubeat;maimai_dx;other;taiko,,chunithm:2;jubeat:2;maimai_dx:2;taiko:1,wahlap;bemanicn;ziv
阿凡达&爱玩荟汾阳西府街店,鼓楼南路西府街5号一楼爱玩荟,37.5196740,111.1410730,maimai_dx,,maimai_dx:1,bemanicn
阿凡达&爱玩荟（乐都店）,坞城路和康宁街交叉口乐都商场2层,37.8702080,112.5465360,maimai_dx;taiko,,maimai_dx:1;taiko:1,bemanicn
阿凡达晋中榆次店,山西省晋中市榆次区校园驿站漫乐城店北秀城区二楼阿凡达潮玩荟,37.6832500,112.7496720,maimai_dx,,,wahlap
阿凡达潮玩荟(文水店),文水县凤城镇东大街十字路口西南角茂盛鑫都第06、07、08号商铺,37.5214460,111.1394540,maimai_dx,,maimai_dx:1,bemanicn
阿凡达潮玩荟吕梁交城店,山西省吕梁市交城县天宁镇千禧购物广场阿凡达潮玩荟,37.5234670,111.1375780,maimai_dx,,,wahlap
阿凡达潮玩荟吕梁文水茂盛鑫都店,山西省吕梁市文水县则天大街茂盛鑫都,37.5196810,111.1317930,maimai_dx,,,wahlap
阿凡达潮玩荟太原杏花岭全德隆购物广场店,山西省太原市杏花岭区迎春街全德隆购物广场一层阿凡达潮玩荟,37.8714940,112.5392330,maimai_dx,,,wahlap
阿凡达潮玩荟家庭游乐中心,定阳路与文华街交叉口西南侧，漫乐城2楼,37.6826920,112.7481070,drs;maimai_dx,,drs:1;maimai_dx:1,bemanicn
阿凡达潮玩荟家庭游乐中心（孝义天福广场店）,山西省吕梁市孝义市新义街道办事处府前街天福购物广场中心三层L3008号商铺阿凡达潮玩荟家庭游乐中心(孝义天福店),37.5212630,111.1381100,maimai_dx,,maimai_dx:1,bemanicn
阿凡达潮玩荟忻州泛华奥莱广场店,山西省忻州泛华奥莱广场1层阿凡达潮玩荟,38.4138990,112.7297400,maimai_dx,,,wahlap
阿凡达潮玩荟阳泉万达店,阳泉市郊区阳泉万达广场室内步行街2F层2033-2034号商铺阿凡达潮玩荟,37.8606240,113.5761120,maimai_dx,,maimai_dx:1,wahlap;bemanicn
阿凡达爱玩荟北京北苑路店,北京市朝阳区奥运村街道北苑路42号K酷时尚广场四楼,39.9207120,116.4412380,chunithm;maimai_dx,,,wahlap
阿凡达爱玩荟吕梁孝义店,山西省吕梁市孝义新义街道新义街255号华美新天地三层北片,37.5217920,111.1425070,maimai_dx;other,,maimai_dx:1,wahlap;bemanicn
阿凡达爱玩荟太原国金店,山西省太原市综改区南中环街426号国际金融中心G座地下一层G132号商铺,37.8716290,112.5449290,maimai_dx,,,wahlap
阿凡达爱玩荟太原小店乐都店,山西省太原市小店区坞城南路和康宁街交叉口乐都商贸二层,37.8715510,112.5401060,maimai_dx,,,wahlap
阿凡达电玩城（柳巷店）,柳巷南路长风剧场对面流行前线4楼（工贸大厦4楼）,37.8657400,112.5405350,chunithm;maimai_dx;taiko,,chunithm:2;maimai_dx:1;taiko:1,bemanicn
阿凡达电玩山西太原柳巷店,山西省太原市迎泽区柳巷商业街工贸大厦四楼阿凡达电玩嘉年华,37.8733750,112.5482500,chunithm;maimai_dx,,,wahlap
阿凡达：潮玩荟（忻府区店）,七一北路与花园街交汇处（泛华大酒店旁）,38.4169600,112.7302130,maimai_dx,,maimai_dx:1,bemanicn
阿奇拉·汤泉生活 (AQILA Hot Springs and Entertament Center),"2nd-3rd Floor, Buildings A & B, Tianxia Jinniu Plaza, Taoyuan Rd Nanshan District (桃园路田夏金牛广场AB座2-3层) Shenzhen 深圳市 Guangdong 广东省, 518000, Shenzhen 深圳市",22.5360025,113.9217800,maimai_dx;other,,maimai_dx:2,ziv
阿奇拉汤泉,桃园路田厦金牛广场B座 阿奇拉汤泉生活,22.5488680,114.0539970,maimai_dx;other;taiko,,maimai_dx:2;taiko:1,bemanicn
阿尔法Game Station,"中山路282号 Nanchang Shi Jiangxi Sheng, 330000, Nanchang Shi",28.6756457,115.8926886,maimai_dx;other;taiko,,,ziv
阿尔法Game Station(中山路店),南昌市西湖区中山路282号西湖商厦负一楼（西湖区贝贝游艺店）,28.6873530,115.8576130,maimai_dx;other;taiko,,maimai_dx:1;taiko:1,bemanicn
阿尔法南昌西湖商夏店,江西省南昌市西湖区中山路282号西湖商厦负一楼阿尔法游艺中心,28.6846460,115.8545060,maimai_dx,,,wahlap
阿尔法星球广州东篱梦时代店,江南大道中219号,23.1305170,113.2615600,taiko,,taiko:1,bemanicn
阿岚电玩合肥蜀山店,安徽省合肥市蜀山区之心城商厦阿岚电玩,31.8251360,117.2226650,maimai_dx,,,wahlap
阿布乐抓晋中榆次万达店,山西晋中市榆次区定阳路万达二楼  阿布乐抓B~2502,37.6871490,112.7497800,maimai_dx,,,wahlap
阿拉丁电玩城,中兴东大街(世纪华辰对面)中兴春天4楼,46.6504980,126.9561270,chunithm;maimai_dx,,chunithm:1;maimai_dx:1,bemanicn
阿拉丁绥化北林春天店,黑龙江省绥化市北林区中兴春天购物广场4层阿拉丁电玩城,46.6510030,126.9588640,chunithm;maimai_dx,,,wahlap
阿斯坦丁俏皮世界（方圆荟世纪中心店）,文明中路与城中中路交叉路口西侧方圆荟世纪中心MALLF3,31.8258340,117.2225830,drs,,drs:1,bemanicn
陆地游轮第一江南成都成华店,成都市成华区昭觉横路80号,30.5703880,104.0653960,maimai_dx,,maimai_dx:2,wahlap;bemanicn
雁窝-西安小寨店,陕西省西安市雁塔区世纪经典大厦A座1005,34.3447650,108.9384940,chunithm;maimai_dx,,chunithm:1;maimai_dx:2,bemanicn
雁窝（广州昌岗店）,昌岗地铁站c1出口，广东现代广告创意中心506-2,23.1341700,113.2630740,chunithm;maimai_dx,,chunithm:1;maimai_dx:2,bemanicn
雄主之风潮玩动漫城,南街街道市府西路中心市场综合楼,41.5970400,120.4885550,other,,,bemanicn
雄安奥莱潮玩星球,河北省雄安新区容城县容东奥特莱斯c区三楼潮玩星球(雄安奥特莱斯店),38.8777000,115.4569300,maimai_dx;taiko,,maimai_dx:1;taiko:1,bemanicn
雄霸风云丽水莲都店,浙江省丽水市莲都区中广未来城雄霸风云,28.4696330,119.9237060,maimai_dx,,,wahlap
集潮时光昆明奥斯迪店,云南省昆明市盘龙区奥斯迪商务中心A座,24.8827150,102.8355400,maimai_dx,,maimai_dx:1,wahlap;bemanicn
雨乐社,观音桥社区红鼎国际A座 4803,29.5369940,106.4971560,chunithm;maimai_dx;taiko,,chunithm:2;maimai_dx:2;taiko:1,bemanicn
雨窝,集里社区碧桂园,28.2315960,112.9278710,maimai_dx,,maimai_dx:6,bemanicn
零点潮玩,浦沿街道浦沿路773号江南汇生活娱乐广场2楼,30.2522620,120.2045340,maimai_dx,,maimai_dx:1,bemanicn
零点潮玩杭州滨江店,浙江省杭州市滨江区浦沿街道浦沿路773号,30.2504910,120.2083780,maimai_dx,,,wahlap
零零壹动漫乐园,禹王广场 东北角,34.0417340,113.8472330,maimai_dx,,maimai_dx:1,bemanicn
雷庭电玩城,社会山广场,39.0516680,117.0438290,maimai_dx;other,,,bemanicn;ziv
雷霆1号临沂兰山店,山东省临沂市兰山区洗砚池街泰盛广场二期负一楼雷霆1号,35.1068730,118.3514760,maimai_dx,,,wahlap
雷霆一号临沂兰山店,洗砚池街泰盛广场二期负一楼雷霆1号,35.1026240,118.3557790,maimai_dx,,maimai_dx:1,bemanicn
雷霆动力家庭娱乐中心,滨河北路洛阳城市阳台西南50米1层,34.6168560,112.4511500,other;taiko,,taiko:1,bemanicn
電子廣場Electronic Square,福華街130號地下及閣樓,22.2785680,114.1641530,maimai_dx;other,,maimai_dx:1,bemanicn
電波雀莊 Denpa Mahjong House,"Room 627, 6F, Jiacheng Center, Chengbei Subdistrict, Changping D Changping District, Chengbei Subdistrict Beijing Beijing, 102200, Beijing",40.2152330,116.2282640,chunithm;maimai_dx,,,ziv
電波雀莊（北京昌平城北店）,城北街道嘉诚中心6层627室,40.2217800,116.2293910,chunithm;maimai_dx,,chunithm:1;maimai_dx:1,bemanicn
霍普卡牌,新疆维吾尔自治区石河子市东城街道57小区28栋a22号商铺游戏王霍普卡牌 QQ群：343555405,44.3044480,86.0804020,chunithm;maimai_dx;ongeki,,chunithm:2;maimai_dx:2;ongeki:1,bemanicn
霓虹部落,四川省眉山市仁寿县万达广场3楼,30.0765020,103.8446000,maimai_dx,,maimai_dx:1,bemanicn
霸王潮玩阜南万宇店,安徽省阜阳市阜南县鹿城镇万宇步行街51号2霸王潮玩电玩城楼,32.8910880,115.8059910,maimai_dx,,maimai_dx:1,wahlap;bemanicn
青丘山游乐（太原柳巷店）,迎泽区小濮府迎泽区柳巷老鼠街尚品购物中心2层,37.8684190,112.5405600,maimai_dx;taiko,,maimai_dx:3;taiko:2,bemanicn
青云部落,青云市集 B-05,26.6495430,106.6291460,maimai_dx,,maimai_dx:2,bemanicn
青云部落贵阳南明店,贵州省贵阳市南明区青云市集酒吧街青云部落电玩城,26.6502490,106.6289330,maimai_dx,,,wahlap
青岛探索空间电玩城,"青岛市市北区台东商业步行街 青岛市 (Qingdao) 山东省 (Shandong Province), 青岛市 (Qingdao)",36.0833727,120.3553802,iidx;jubeat;other;popn;taiko,,iidx:1;jubeat:2;popn:1;taiko:1,ziv
青春飞扬动漫城,谷德广场负一福喜地西侧0536-8095655,36.7101050,119.1558620,chunithm;maimai_dx;taiko,,chunithm:2;maimai_dx:1;taiko:1,bemanicn
青特万达广场二楼天空之城,山东省青岛市城阳区城阳街道正阳中路117号56号楼青岛青特万达广场2F-A号,36.0700210,120.3755990,maimai_dx,,,wahlap
青田比特王欢乐世界,青田县油竹街道石锦路399号青田之心3楼L-320号,28.4664770,119.9173650,maimai_dx,,maimai_dx:1,bemanicn
青芒游乐温州鹿城店,浙江省温州市鹿城区南汇街道府东路333号温印商业中心,27.9957680,120.6994890,maimai_dx,,,wahlap
青鸾动漫郑州金水店,河南省郑州市金水区中方园路86号翰宇天悦城3号楼1单元二楼,34.7517470,113.6162240,maimai_dx,,,wahlap
靖江趣玩家,中国江苏省泰州市靖江市泰和吾悦广场A2-12A3-10,32.4615290,119.9232740,maimai_dx,,maimai_dx:1,bemanicn
静窝喵喵喵,江西省宜春市袁州区文体路343号袁州区顺欣新旧货市场(文体路南),27.8175520,114.4162760,chunithm;maimai_dx;ongeki,,chunithm:1;maimai_dx:2;ongeki:1,bemanicn
鞍山四隆广场主题公园,辽宁省鞍山市铁东区东山街55号,41.1076770,122.9942680,maimai_dx,,,wahlap
韩城潮玩运动 Chaowan Sports（阳光）,"Chaowan Sports, 1st Floor, Sunshine Supermarket, Cultural Center (文化中心阳光超市1楼潮玩运动) Hancheng, Weinan 韩城市 渭南市 Shannxi, 715400, Hancheng, Weinan 韩城市 渭南市",35.4796265,110.4608399,maimai_dx;other,,,ziv
韩城潮玩运动（阳光）,陕西省-渭南市-韩城市-文化中心阳光超市1楼潮玩运动,34.5217320,109.4686500,maimai_dx,,maimai_dx:1,bemanicn
韩多多梦幻城威海店,山东省威海市经区韩乐坊南首一层韩多多梦幻城,37.5122200,122.1203260,maimai_dx,,,wahlap
韵窝,长江商贸城b区4栋202室,32.2552030,118.3262600,sdvx,,sdvx:1,bemanicn
顶级玩家,浙江省绍兴市柯桥区万达广场2楼顶级玩家,30.0572340,120.5736910,chunithm;maimai_dx,,chunithm:2;maimai_dx:1,bemanicn
顽乐引擎益阳万达店,赫山区朝阳街道万达广场F3,28.5583010,112.3452220,maimai_dx;taiko,,maimai_dx:2;taiko:1,bemanicn
顽乐引擎西安大明宫店,陕西省西安市未央区太华北路369号大明宫万达广场二楼,34.3448000,108.9388610,maimai_dx,,,wahlap
顽楽引擎(西安大明宫万达店),大明宫街道太华北路369号大明宫万达商场2楼扶梯旁,34.3404780,108.9362390,chunithm;maimai_dx;other,,chunithm:2;maimai_dx:2,bemanicn
顽楽引擎益阳万达店,湖南省益阳市赫山区万达广场三楼顽楽引擎,28.5548440,112.3504990,maimai_dx,,,wahlap
顽樂引擎西安店,陕西省西安市未央区大明宫万达广场娱乐楼Z-2F-AA号顽楽引擎,34.3477260,108.9404100,chunithm;maimai_dx,,,wahlap
顽猩超乐场惠州惠城华贸天地店,广东省惠州市惠城区华贸天地3楼3150乐顽猩超乐场,23.1097530,114.4101490,maimai_dx,,,wahlap
顿雷电玩城呼伦贝尔伊仕丹商场店,内蒙古自治区呼伦贝尔市海拉尔区正阳街道伊仕丹商场内六层6F01.02.04,49.1630210,119.7748680,maimai_dx,,,wahlap
领刻派对运动娱乐中心·保龄球·游戏运动,中华南路街道中山东路2号智诚潮流汇3层1号,26.6493580,106.6203250,other;taiko,,taiko:1,bemanicn
领尚环游乐园,鲅鱼圈区商业大厦3F,40.6278860,122.2128510,maimai_dx,,maimai_dx:1,bemanicn
领尚环游乐园营口鲅鱼圈店,辽宁省营口市鲅鱼圈区商业大厦三楼,40.6202550,122.2178850,maimai_dx,,,wahlap
颍上城市星空电玩城,幸福恒太城4F,32.8933320,115.8115550,maimai_dx,,maimai_dx:1,bemanicn
风の屋,吾悦广场红点大道步行街二楼S7—236风之屋,40.6222060,109.9475090,chunithm;maimai_dx;ongeki,,chunithm:2;maimai_dx:1;ongeki:1,bemanicn
风之谷电玩城,龙山购物广场,36.6266170,114.5387860,maimai_dx,,maimai_dx:1,bemanicn
风之谷电玩娱乐中心邯郸涉县龙山广场店,邯郸市涉县龙山广场三楼,36.6297620,114.5310130,maimai_dx,,,wahlap
风云再起,"昆明市五华区威远街168号金鹰购物广场B座F7层 Kunming Shi Yunnan Sheng, 650000, Kunming Shi",25.0403161,102.7141401,other,,,ziv
风云再起 Fengyun Arcade (上海宝山日月光店),"3F C-301, Baoshan Riyueguang Center, No.1933 Hutai Road Baoshan District Shanghai Shanghai, 200436, Shanghai",31.2966693,121.4132211,chunithm;maimai_dx;taiko,,chunithm:2;maimai_dx:4;taiko:1,ziv
风云再起 Fengyun Arcade (百联中环购物广场),"3F, Bailian Zhonghuan Shopping Plaza, No.1288 Zhenguang Road Putuo District Shanghai Shanghai, 200333, Shanghai",31.2472359,121.3790792,maimai_dx;taiko,,maimai_dx:2;taiko:3,ziv
风云再起 Fengyun Arcade (莘庄维璟印象城店),"L4, Xinzhuang Weijing INCITY, No.1507 Qixin Road, Minhang Distri Minhang District Shanghai Shanghai, 201100, Shanghai",31.1324510,121.3584910,maimai_dx;other;taiko,,maimai_dx:2;taiko:3,ziv
风云再起(华润苏果店),"花山区雨山西路499号华润苏果1楼161号商铺 Maanshan Shi Anhui Sheng, 243000, Maanshan Shi",31.6688070,118.4984656,other,,,ziv
风云再起(南京河西金鹰世界店),河西中央商务区应天大街888号金鹰世界3楼,32.0616750,118.7875780,maimai_dx;other;taiko,,maimai_dx:2;taiko:1,bemanicn
风云再起(南宁店),"兴宁区朝阳路29号西南商都购物广场负一楼 Nanning Shi Guangxi Zhuangzuzizhiqu, 530001, Nanning Shi",22.8151596,108.3211014,other,,,ziv
风云再起(合肥店),"合肥市庐阳区淮河路步行街99号 Hefei Shi Anhui Sheng, 230000, Hefei Shi",31.8643031,117.2934012,dance_evo;maimai_dx;other,,dance_evo:1;maimai_dx:2,ziv
风云再起(昆明官渡古镇店),"官渡区官渡古镇仿古新大街16-17号2F Kunming Shi Yunnan Sheng, Kunming Shi",24.9569050,102.7576004,other,,,ziv
风云再起(武汉大汉口城店),"2 Qianjin 5th Road Wuhan Shi Hubei Sheng, 430014, Wuhan Shi",30.5790952,114.2901671,other,,,ziv
风云再起(武汉店),"江汉区地铁二号线江汉路站JH2-009 Wuhan Shi Hubei Sheng, 430072, Wuhan Shi",30.5795493,114.2927226,maimai_dx;other,,,ziv
风云再起(百联中环购物广场),真光路1288号百联中环购物广场F3,31.2353930,121.4728970,maimai_dx;taiko,,maimai_dx:2;taiko:2,bemanicn
风云再起(福州店),"台江区工业路199号中防万宝龙城L1层2-001商铺 Fuzhou Fujian, 350001, Fuzhou",26.0621280,119.2903483,other,,,ziv
风云再起(长沙宁乡店),"宁乡市春城万象广场4#2F Changsha Shi Hunan Sheng, 410600, Changsha Shi",28.2515345,112.5496648,other,,,ziv
风云再起(长沙店),"长沙市天心区黄兴南路步行商业街E区4层 Changsha Shi Hunan Sheng, Changsha Shi",28.1887469,112.9760814,maimai_dx;other,,,ziv
风云再起上海中环百联店,上海市普陀区真光路1288号中环百联3楼风云再起,31.2542780,121.3919820,maimai_dx,,,wahlap
风云再起上海人民广场店,上海市黄浦区人民大道221号迪美广场负一楼227-229#,31.2377310,121.4823940,chunithm;maimai_dx;taiko,,chunithm:2;maimai_dx:3;taiko:1,wahlap;bemanicn
风云再起上海宝山日月光店,上海市宝山区沪太路1933号日月光中心三层,31.4078040,121.4906210,chunithm;maimai_dx;taiko,,chunithm:2;maimai_dx:4;taiko:1,wahlap;bemanicn
风云再起上海文峰广场店,上海市浦东新区张杨北路801号文峰广场4楼风云再起,31.2258320,121.5416730,maimai_dx;other;taiko,,maimai_dx:1;taiko:1,wahlap;bemanicn
风云再起上海维璟广场店,上海市闵行区维璟广场四楼风云再起,31.1109290,121.3721930,maimai_dx,,,wahlap
风云再起上海长泰广场店,上海市浦东新区外高桥保税区自由贸易试验区祖冲之路1239弄长泰广场地下一层59-1室风云再起,31.2237150,121.5342240,maimai_dx;sdvx;taiko,,maimai_dx:4;sdvx:2;taiko:1,wahlap;bemanicn
风云再起上海龙阳广场店,上海市浦东新区龙阳路2000号2楼201室风云再起,31.2215130,121.5415330,maimai_dx;taiko,,maimai_dx:2;taiko:2,wahlap;bemanicn
风云再起丹尼斯七天地店,众意路丹尼斯7天地B1,34.7506870,113.6204330,maimai_dx;other;taiko,,maimai_dx:2;taiko:1,bemanicn
风云再起动漫体验中心,"江西省宜春市袁州区东风路 宜春市 江西省（Jiangxi Province）, 宜春市",27.7929566,114.3863004,jubeat,,,ziv
风云再起动漫体验中心,"河南省郑州市管城区东太康路 郑州(Zhengzhou) 河南 (Henan), 450001, 郑州(Zhengzhou)",34.7558186,113.6692393,jubeat;other;taiko,,jubeat:2;taiko:1,ziv
风云再起动漫娱乐中心(北京店),"6F, New Generation Mall No. 9 Zhongtangzi Hutong, Xicheng District Beijing Beijing, 100031, Beijing",39.9128293,116.3665626,chunithm;maimai_dx;other,,chunithm:2;maimai_dx:3,ziv
风云再起动漫电玩,"成都市青羊区天府广场站负一楼 Chengdu Shi Sichuan Sheng, 610014, Chengdu Shi",30.6572438,104.0660084,other,,,ziv
风云再起北京北投爱琴海店,北京市通州区新华东街289号院1号楼北京北投爱琴海购物公园M层,39.9129000,116.7295320,maimai_dx,,,wahlap
风云再起北京北投爱琴海店（通爱）,"新华东街289号院1号楼北京北投爱琴海购物公园M层 Beijing, China Beijing Beijing, 100000, Beijing",39.9078323,116.6526429,maimai_dx;other;taiko,,maimai_dx:4;taiko:2,ziv
风云再起北京西单明珠店,北京市西城区横二条59号楼7层1－263号7025风云再起,39.9133770,116.3608940,maimai_dx,,,wahlap
风云再起北京西西友谊店,北京市西城区二环西单北大街109号西西友谊商城2层,39.9103940,116.3659740,chunithm;maimai_dx;taiko,,chunithm:2;maimai_dx:3;taiko:2,wahlap;bemanicn
风云再起北京西长安中骏世界城店,北京市门头沟区石龙东路与新城东街交叉口北京西长安中骏世界城4层M456B风云再起,39.9364660,116.0926730,maimai_dx,,,wahlap
风云再起南京大观天地店,江苏省南京市鼓楼区建宁路300号大观天地2F-138号风云再起,32.0642770,118.7967650,maimai_dx;other;taiko,,maimai_dx:1;taiko:1,wahlap;bemanicn
风云再起南京弘阳广场店,江苏省南京市浦口区泰山街道弘阳广场C馆3楼风云再起,32.0620450,118.7892070,maimai_dx;taiko,,maimai_dx:2;taiko:4,wahlap;bemanicn
风云再起南京浦口弘扬广场店,江苏省南京市江北新区大桥北路48号弘阳广场C3区三层c3-314铺位,32.0640770,118.7931260,maimai_dx,,,wahlap
风云再起南京软件谷店,江苏省南京市雨花台区中国南京软件谷软件大道109号雨花客厅EPARK购物中心3楼,32.0616850,118.7963580,maimai_dx,,,wahlap
风云再起南京金茂览秀城店,江苏省南京市鼓楼区中央路201号金茂览秀城3楼,32.0587700,118.7906450,maimai_dx;other;taiko,,maimai_dx:2;taiko:1,wahlap;bemanicn
风云再起南京金鹰店,江苏省南京市建邺区应天大街888号河西金鹰3楼,32.0587120,118.7952260,maimai_dx,,,wahlap
风云再起南宁青秀爱琴海店,广西壮族自治区南宁市青秀区南湖街道民族大道181号爱琴海城市广场二楼,22.8183460,108.3594460,maimai_dx,,,wahlap
风云再起合肥淮河路店,安徽省合肥市庐阳区淮河路步行街99号风云再起电玩城,31.8202880,117.2230150,chunithm;maimai_dx;taiko,,chunithm:2;maimai_dx:6;taiko:2,wahlap;bemanicn
风云再起咸阳店,咸阳市秦都区正兴广场三楼风云再起,34.3344960,108.7044290,maimai_dx,,,wahlap
风云再起四川成都天府广场店,四川省成都市青羊区天府广场负一楼今站购物中心B50商铺,30.5795790,104.0620370,maimai_dx;other;taiko,,maimai_dx:3;taiko:1,wahlap;bemanicn
风云再起大连胜利广场店,辽宁省大连市中山区青泥洼桥街道胜利广场28号夹层D102风云再起,38.9106290,121.6088490,maimai_dx,,,wahlap
风云再起天津南京路店,天津市和平区南京路209号吉利大厦四楼,39.1178860,117.2072060,chunithm;maimai_dx,,,wahlap
风云再起天津吉利大厦店,南京路209号米莱欧百货4层（吉利大厦里）,39.1262580,117.1854220,chunithm;maimai_dx;taiko,,chunithm:2;maimai_dx:5;taiko:2,bemanicn
风云再起天津和平路店,天津市和平区和平路印象城A座一层风云再起游乐汇,39.1174280,117.2056360,chunithm;maimai_dx;taiko,,chunithm:2;maimai_dx:3;taiko:2,wahlap;bemanicn
风云再起天津远洋乐堤港店,津滨大道160号天津远洋乐堤港(原爱琴海)B1层,39.1259440,117.1855320,maimai_dx;other,,maimai_dx:2,bemanicn
风云再起太原东方商夏店,山西省太原市迎泽区钟楼街10号东方商夏风云再起,37.8705200,112.5468430,chunithm;maimai_dx,,,wahlap
风云再起太原老鼠街店,山西省太原市迎泽区铜锣湾老鼠街尚品购物中心三层风云再起,37.8695370,112.5373580,maimai_dx,,,wahlap
风云再起太原茂业店,山西省太原市小店区亲贤北街茂业天地三楼风云再起,37.8714520,112.5411950,maimai_dx,,,wahlap
风云再起宿州苏宁广场店,安徽省宿州市埇桥区苏宁广场三层风云再起,33.6481960,116.9618450,maimai_dx;other;taiko,,maimai_dx:2;taiko:1,wahlap;bemanicn
风云再起广州海珠富力店,广东省广州市海珠区富力海珠城B区6楼风云再起,23.1355700,113.2582560,chunithm;maimai_dx,,,wahlap
风云再起徐州苏宁广场店,江苏省徐州市鼓楼区淮海西路29号苏宁广场3F326,34.2024590,117.2760330,chunithm;maimai_dx,,chunithm:2;maimai_dx:3,wahlap;bemanicn
风云再起徐州鼓楼苏宁广场店,江苏省徐州市鼓楼区淮海东路29号苏宁广场3F326,34.2036970,117.2720240,chunithm,,,wahlap
风云再起成都凯德店,四川省成都市金牛区凯德广场负一楼,30.5784880,104.0685400,maimai_dx,,,wahlap
风云再起无锡清扬茂业天地店,江苏省无锡市梁溪区清扬路128号茂业天地3楼风云再起,31.4964450,120.3037060,chunithm;maimai_dx;taiko,,chunithm:2;maimai_dx:3;taiko:1,wahlap;bemanicn
风云再起无锡苏宁广场店,无锡市梁溪区人民中路111号无锡苏宁广场三层309E号商铺,31.4902950,120.3020180,maimai_dx,,,wahlap
风云再起昆明瑞鼎城店,云南省昆明市盘龙区瑞鼎城悦容匯购物公园A馆4楼风云再起,24.8830780,102.8368460,maimai_dx;other;taiko,,maimai_dx:2;taiko:1,wahlap;bemanicn
风云再起昆明金鹰店,云南省昆明市威远街168号金鹰B座7楼风云再起,24.8853180,102.8278490,maimai_dx;other;taiko,,maimai_dx:2;taiko:1,wahlap;bemanicn
风云再起杭州店,浙江省杭州市下城区新天地购物中心五楼风云再起,30.3227193,120.1794903,maimai_dx;other,,,wahlap;ziv
风云再起武汉江汉路站店,湖北省武汉市江汉区地铁二号线江汉路站JH2-009风云再起,30.5946160,114.2969360,maimai_dx;other;taiko,,maimai_dx:2;taiko:1,wahlap;bemanicn
风云再起沈阳沈北华强广场店,辽宁省沈阳市沈北新区道义街道华强广场三楼风云再起,41.6726820,123.4587670,maimai_dx,,,wahlap
风云再起浙江丽水银泰城店,浙江省丽水市莲都区宇雷路789号丽水银泰城店地上2层L2002室,28.4734700,119.9141990,maimai_dx,,,wahlap
风云再起游乐汇 Fengyun Arcade (上海人民广场店) ★,"B1F, D Mall(迪美购物中心), Wusheng Road No.288 Huangpu District Shanghai Shanghai, 200003, Shanghai",31.2306146,121.4689314,chunithm;gitadora;maimai_dx;other;taiko,,chunithm:2;gitadora:1;maimai_dx:3;taiko:3,ziv
风云再起游乐汇 Fengyun Arcade (南京常发广场),"3rd floor of Changfa Plaza. Xuanwu District Nanjing Jiangsu, 210008, Nanjing",32.0881672,118.8050585,maimai_dx;other;taiko,,maimai_dx:2;taiko:1,ziv
风云再起游乐汇 Fengyun Arcade (南京弘阳广场),"3F, Building C3, Hongyang Plaza, No. 48 Daqiao North Road Pukou District Nanjing Jiangsu, 210031, Nanjing",32.1404201,118.7212295,maimai_dx;other;taiko,,maimai_dx:2;taiko:4,ziv
风云再起游乐汇 Fengyun Arcade (天津吉利大厦店),"4F, Milaiou Department Store, No.209 Nanjing Road (Jili Building Heping District Tianjin Tianjin, 300051, Tianjin",39.1175410,117.1895940,chunithm;maimai_dx;other;taiko,,chunithm:2;maimai_dx:5;taiko:2,ziv
风云再起游乐汇 Fengyun Arcade (天津和平路店),"1st Floor, INCITY Mall Zone A, Heping Road Heping District Tianjin Tianjin, 300041, Tianjin",39.1307760,117.1866592,chunithm;maimai_dx;other;sdvx;taiko,,chunithm:2;maimai_dx:3;sdvx:2;taiko:2,ziv
风云再起游乐汇 Fengyun Arcade (天津远洋乐堤港店),"B1F, Tianjin Grand Canal Place（天津远洋乐堤港）,Jinbin Avenue No.160 Hedong District Tianjin Tianjin, 300161, Tianjin",39.1203389,117.2485399,maimai_dx;other,,maimai_dx:2,ziv
风云再起游乐汇 Fengyun Arcade (文峰广场店),"4F, Wenfeng Plaza, No.801 Zhangyang North Road, Pudong New Area, Pudong New Area 浦东新区 Shanghai 上海 Shanghai 上海, 201200, Shanghai 上海",31.2736920,121.5830120,maimai_dx;other;taiko,,,ziv
风云再起游乐汇 Fengyun Arcade (无锡苏宁店),"3F, Sunning Mall, Renming Middle Road Wuxi Jiangsu, 214000, Wuxi",31.5777119,120.2982665,maimai_dx;other;taiko,,,ziv
风云再起游乐汇 Fengyun Arcade (苏州观前街店),"No. 24 Shixianggong Lane, Pingjiang District Suzhou Jiangsu, 215200, Suzhou",31.3137909,120.6202824,chunithm;maimai_dx;other;taiko,,chunithm:2;maimai_dx:5;taiko:2,ziv
风云再起游乐汇 Fengyun Arcade (长泰广场店),"金科路2889弄 (地铁2号线金科路站) Jinke Rd Station, Subway Line 2 浦东新区 Shanghai Shang Hai Shi, 201315, Shanghai",31.2081812,121.5976303,maimai_dx;other;sdvx;taiko,,maimai_dx:4;sdvx:2;taiko:4,ziv
风云再起游乐汇 Fengyun Arcade (龙阳广场店),"2F, Longyang Plaza, No.2000 Longyang Road Pudong New District Shanghai Shanghai, 200120, Shanghai",31.2053120,121.5533448,maimai_dx;other;taiko,,maimai_dx:2;taiko:2,ziv
风云再起游乐汇(无锡苏宁广场店),人民路111号苏宁广场3楼,31.4979600,120.3056470,maimai_dx;other;taiko,,maimai_dx:1;taiko:1,bemanicn
风云再起游乐汇（沈北华强广场店）,道义南大街8号沈北华强广场3F314,41.6774710,123.4602620,maimai_dx;taiko,,maimai_dx:2;taiko:2,bemanicn
风云再起游乐汇（钦州吾悦）,金海湾东大街1号新城吾悦广场第四层Z12区,21.9843560,108.6545630,maimai_dx;other;taiko,,maimai_dx:1;taiko:1,bemanicn
风云再起电玩(二七广场店),"二七区德化街100号B1层尚潮汇A002号 Zhengzhou Shi Henan Sheng, 450000, Zhengzhou Shi",34.7506596,113.6652750,other,,,ziv
风云再起秦皇岛店,河北省秦皇岛市海港区白塔岭街道河北大街西段368号茂业天地4楼风云再起,39.8854330,119.5203200,maimai_dx,,,wahlap
风云再起芜湖镜湖苏宁广场店,安徽省芜湖市镜湖区中和路11号芜湖苏宁广场3楼风云再起,31.3510510,118.4234050,maimai_dx;other;taiko,,maimai_dx:2;taiko:1,wahlap;bemanicn
风云再起苏州观前街店,江苏省苏州市姑苏区观前街粤海广场1号楼2层风云再起,31.3035100,120.5760430,chunithm;maimai_dx;taiko,,chunithm:2;maimai_dx:4;taiko:2,wahlap;bemanicn
风云再起莘庄维璟印象城店,七莘路1507号莘庄维璟印象城L4层,31.2349360,121.4665150,maimai_dx;taiko,,maimai_dx:2;taiko:3,bemanicn
风云再起贵州云岩店,贵州省贵阳市云岩区中山东路2号智诚百货大楼负一楼,26.6527800,106.6245220,maimai_dx,,,wahlap
风云再起郑州七天地店,河南省郑州市郑东新区商务内环众意西路丹尼斯7天地BF层,34.7449060,113.6154760,maimai_dx,,,wahlap
风云再起郑州大上海城店,河南省郑州市管城回族区东太康路大上海城1楼风云再起,34.7450220,113.6227320,chunithm;maimai_dx;taiko,,chunithm:2;maimai_dx:3;taiko:1,wahlap;bemanicn
风云再起郑州大卫城店,河南省郑州市金水区二七路西泰康路大卫城6楼风云再起,34.7486430,113.6172960,maimai_dx;other;taiko,,maimai_dx:2;taiko:1,wahlap;bemanicn
风云再起钦州店,广西钦州市钦南区金海湾东大街1号新城吾悦广场第四层Z12风云再起,21.9805540,108.6507540,maimai_dx,,,wahlap
风云再起镇江苏宁广场店,江苏省镇江市京口区解放路111号苏宁广场三楼风云再起,32.1922070,119.4189590,maimai_dx;other;taiko,,maimai_dx:2;taiko:1,wahlap;bemanicn
风云再起长沙黄兴南路店,湖南省长沙市天心区黄兴广场E区四楼,28.2335980,112.9369620,maimai_dx;other;taiko,,maimai_dx:2;taiko:1,wahlap;bemanicn
风云再起青岛金狮广场店,山东省青岛市崂山区香港东路195号天狮广场乙L2-01B风云再起,36.0672890,120.3723040,maimai_dx;taiko,,maimai_dx:2;taiko:2,wahlap;bemanicn
风云再起（北京门头沟中骏世界城店）,西长安中骏世界城4楼,39.9102604,116.1192379,maimai_dx;other;taiko,,maimai_dx:2;taiko:1,bemanicn;ziv
风云再起（华丰城爱琴海城市广场店）,民族大道 181 号华丰城爱琴海城市广场 2F,22.8157130,108.3636000,maimai_dx;taiko,,maimai_dx:2;taiko:2,bemanicn
风云再起（咸阳正兴广场店）,电影院十字人民中路11号正兴广场3层,34.3368407,108.7096041,maimai_dx;other;taiko,,maimai_dx:2;taiko:1,bemanicn;ziv
风云再起（太原钟楼街店）,柳巷街道钟楼10号L122-L322,37.8673830,112.5444240,chunithm;maimai_dx;taiko,,chunithm:2;maimai_dx:3;taiko:1,bemanicn
风云再起（杭州新天地购物中心店）,长浜路718号新天地购物中心,30.2510770,120.2006090,maimai_dx;other;taiko,,maimai_dx:3;taiko:1,bemanicn
风云再起（石老人）,"195 香港东路 Qing Dao Shi Shan Dong Sheng, 266061, Qing Dao Shi",36.0965759,120.4635242,maimai_dx;other;taiko,,,ziv
风云再起（雨花客厅店）,雨花客厅北区3F（电影院旁）,32.0606580,118.7877920,maimai_dx;taiko,,maimai_dx:2;taiko:1,bemanicn
风云在线晋城白水东街万达广场店,晋城市城区白水东街万达广场3F-B,35.4942580,112.8465440,maimai_dx,,,wahlap
风云星辰常州龙湖天街店,江苏省常州市钟楼区勤业路295号龙城天街01-3F-19b,31.8088980,119.9699680,maimai_dx;other,,maimai_dx:1,wahlap;bemanicn
风云潮玩社(康德广场),饶平县黄冈镇沿河南路康德广场之地下商城A12-18,23.6605820,116.6145420,maimai_dx,,maimai_dx:1,bemanicn
风云潮玩社揭阳揭东晟旺家购物广场店,广东省揭阳市揭东区磐东街道乔东村(环市北路北侧)乔兴路东一座10-11号晟旺家购物广场,23.5521340,116.3698430,maimai_dx,,maimai_dx:1,wahlap;bemanicn
风云潮玩社潮州饶平康德广场店,广东省潮州市饶平县黄冈镇康德广场一楼风云潮玩社,23.6633170,116.6154830,maimai_dx,,,wahlap
风暴台球,泗州商城西门楼梯上二楼,33.9651270,118.2669560,drs,,drs:1,bemanicn
风铃工坊🎐Foorin Studio,西航港街道大件路白家段280号蓝光空港国际城1期7栋,30.5735100,104.0684420,chunithm;ongeki,,chunithm:2;ongeki:1,bemanicn
飞影传奇,摩尔春天 飞影传奇家庭游乐中心(国际商业中心店),30.4583120,106.6233470,other,,,bemanicn
飞影传奇家庭游乐中心(射洪店),四川省遂宁市射洪市大榆镇经开区涪江大道万达广场3F-2号,30.5367500,105.5948720,maimai_dx,,maimai_dx:1,bemanicn
飞影传奇遂宁射洪店,四川省射洪市大榆镇万达广场三楼,30.5360670,105.5923480,maimai_dx,,,wahlap
飞翔乐园南昌锦尚汇店,江西省南昌市南昌县东岳大道锦尚汇购物中心3楼飞翔乐园,28.6841610,115.8496530,maimai_dx,,,wahlap
飞翔乐园驻马店环球港店,河南省驻马店市天中环球港3楼,33.0136940,114.0115020,maimai_dx,,,wahlap
飞翔乐园：聚有引力（驿城区环球港店）,置地大道与驿城大道交叉口 环球港三楼,33.0130310,114.0146910,maimai_dx,,maimai_dx:1,bemanicn
飞翔动漫·儿童乐园(锦尚汇购物中心店),江西省南昌市南昌县利安路南昌县锦尚汇购物中心(利安路西)三楼,28.6877610,115.8564100,maimai_dx,,maimai_dx:1,bemanicn
飞翔动漫周口沈丘店,河南省周口市沈丘县360广场三楼飞翔动漫,33.6359480,114.6908330,chunithm;maimai_dx,,,wahlap
飞翔动漫城,新田360三楼,33.6333890,114.7006250,chunithm;maimai_dx,,chunithm:2;maimai_dx:1,bemanicn
飞象动漫,河南省商丘市梁园区前进街道神火大道辅路大商集团商丘正弘汇5层,34.4136900,115.6537660,chunithm;maimai_dx,,chunithm:2;maimai_dx:1,bemanicn
飞象动漫商丘梁园正弘汇店,河南省商丘市梁园区神火大道与凯四街交叉口正弘汇五楼飞象动漫,34.4157430,115.6537080,chunithm;maimai_dx,,,wahlap
飞象动漫城河南周口店,河南省周口市川汇区七一路与五一路交叉路口好吃城四楼飞象家庭娱乐中心,33.6386630,114.6959610,maimai_dx,,,wahlap
飞象动漫郑州金融岛店,河南省郑州市金融岛四区3楼3017,34.7490160,113.6222390,chunithm;maimai_dx,,,wahlap
飞象家庭娱乐中心南阳豪盛百货店,南阳市中州路与人民路交叉口豪盛百货三楼东区飞象家庭娱乐中心,33.0188000,112.5767170,chunithm;maimai_dx,,chunithm:2;maimai_dx:2,wahlap;bemanicn
飞象游乐园（大禹城店）,大禹城3楼飞象游乐园,34.7440080,113.6207720,chunithm;maimai_dx,,chunithm:2;maimai_dx:2,bemanicn
飞马王国宿迁泗洪店,江苏省宿迁市泗洪县泗洲吾悅三楼飞马王国,33.9620920,118.2674160,maimai_dx,,,wahlap
飞马王国寿县恒太城店,寿县寿州恒太城三楼,32.5845370,117.0154710,maimai_dx,,maimai_dx:1,bemanicn
饕餮游戏张家口中泰万和店,河北省张家口市中泰万和奥特莱斯e座3楼饕餮游戏俱乐部,40.7723010,114.8830250,maimai_dx,,,wahlap
饭町音游上海金山店,上海市金山区张堰镇鲁堰村6组6038号,30.7487360,121.3350790,maimai_dx,,,wahlap
香霖堂KOURINDOU,清远市清城区笔架北路,23.6826990,113.0537920,chunithm;maimai_dx;ongeki,,chunithm:1;maimai_dx:2;ongeki:1,bemanicn
骇客码头,云南省昭通市昭阳区凤凰街道二环南路吾悦广场三楼骇客码头,27.3375660,103.7135160,maimai_dx,,maimai_dx:1,bemanicn
骇客码头(南亚店),中国云南省昆明市西山区滇池路569号南亚风情第壹MALL 3F层,24.8877220,102.8364010,maimai_dx;taiko,,maimai_dx:1;taiko:1,bemanicn
骇客码头(金科爱琴海店),西山区广福路爱琴海购物广场3楼,24.8883350,102.8337110,maimai_dx;other,,maimai_dx:1,bemanicn
骇客码头七彩云南第壹城店,云南省昆明市呈贡区乌龙街道七彩云南第壹城购物中心4楼,24.8816230,102.8348760,maimai_dx,,maimai_dx:1,wahlap;bemanicn
骇客码头保山隆阳吾悦广场店,云南省保山市隆阳区吾悦广场三楼,25.1185500,99.1628640,maimai_dx;other,,maimai_dx:1,wahlap;bemanicn
骇客码头合肥蜀山国购广场店,安徽省合肥市蜀山区三里庵街道国购广场三楼骇客码头,31.8230890,117.2180100,maimai_dx,,maimai_dx:1,wahlap;bemanicn
骇客码头成都天府红店,四川省成都市锦江区春熙路街道染房街天府红8楼,30.5790040,104.0612820,chunithm;maimai_dx;taiko,,chunithm:2;maimai_dx:1;taiko:1,wahlap;bemanicn
骇客码头昆明五华吾悦店,云南省昆明市五华区王筇路吾悦广场三楼3037商铺,24.8798270,102.8345730,maimai_dx,,maimai_dx:1,wahlap;bemanicn
骇客码头昆明五华百大店,云南省昆明市五华区护国街道东风西路2号百大新天地6A层骇客码头,24.8835530,102.8291420,maimai_dx;other;taiko,,maimai_dx:1;taiko:1,wahlap;bemanicn
骇客码头昆明西山爱琴海店,云南省昆明市西山区福海街道金科爱琴海购物公园三楼骇客码头,24.8885250,102.8336690,maimai_dx,,,wahlap
骇客码头昆明西山第壹城店,云南省昆明市西山区滇池路569号南亚风情第壹城A1栋3楼,24.8858330,102.8342650,maimai_dx,,,wahlap
骇客码头昭通昭阳吾悦广场店,云南省昭通市昭阳区凤凰街道二环南路吾悦广场三楼骇客码头,27.3413310,103.7172640,maimai_dx,,,wahlap
骇客码头昭通金池店,云南省昭通市金池购物中心二楼骇客码头,27.3370650,103.7154350,maimai_dx,,maimai_dx:1,wahlap;bemanicn
骇客码头普洱思茅创基尚城店,云南省普洱市思茅区创基尚城3楼骇客码头,22.8297200,100.9666470,maimai_dx,,,wahlap
骇客码头楚雄鹿城店,云南省楚雄彝族自治州楚雄市鹿城镇昆百大三楼骇客码头,25.0445000,101.5294750,maimai_dx,,maimai_dx:1,wahlap;bemanicn
骇客码头西双版纳景洪店,西双版纳傣族自治州景洪市勐泐大道金版纳尚城爱琴海购物中心,22.0138930,100.7953740,maimai_dx,,,wahlap
骇客码头（创基尚城C区店）,林源路666号创基尚城C区三楼,22.8265300,100.9673130,maimai_dx,,maimai_dx:1,bemanicn
骇客码头（爱琴海店）,爱琴海购物中心,22.0135670,100.7988980,maimai_dx;other,,maimai_dx:1,bemanicn
骑士玩国(丽发店),万家丽南路与汇金路交叉口东南150米丽发国际广场内,28.2311270,112.9291390,maimai_dx,,maimai_dx:1,bemanicn
骑士玩国(北辰荟店),北辰荟（南馆）G层,28.2308820,112.9303400,maimai_dx,,maimai_dx:4,bemanicn
骑士玩国(吉联mall店),雨花区劳动东路268号吉联mall店F3层,28.2281480,112.9309560,maimai_dx,,maimai_dx:1,bemanicn
骑士玩国(富兴店),芙蓉中路311号富兴时代购物中心钻石庭L3,28.2300200,112.9297500,maimai_dx,,maimai_dx:1,bemanicn
骑士玩国(雨花旭辉里),雨花旭辉里 雨花区环保东路与万家丽南路辅路交叉口东南80米,28.2327080,112.9294460,maimai_dx,,maimai_dx:1,bemanicn
骑士玩国长开福大悦城店,湖南省长沙市开福区新河街道大悦城LG层南馆骑士玩国店,28.2286040,112.9346100,maimai_dx,,,wahlap
骑士玩国长沙万家丽店,湖南省长沙市芙蓉区万家丽中路万家丽国际购物广场8楼,28.2342090,112.9324910,chunithm;maimai_dx;taiko,,chunithm:2;maimai_dx:1;taiko:1,wahlap;bemanicn
骑士玩国长沙天心悦方mall店,湖南省长沙市天心区坡子街街道悦方mall负一层骑士玩国,28.2301640,112.9323190,maimai_dx,,,wahlap
骑士玩国长沙开福富兴店,湖南省长沙市开福区芙蓉中路311号CFC富兴时代商场钻石庭3楼骑士玩国,28.2361100,112.9343310,maimai_dx,,,wahlap
骑士玩国长沙旭辉里店,湖南省长沙市雨花区旭辉里商场1B层,28.2321300,112.9297850,maimai_dx,,,wahlap
骑士玩国长沙星沙万象汇店,湖南省长沙市长沙县星沙街道万象汇骑士玩国,28.2294370,112.9319870,maimai_dx,,maimai_dx:1,wahlap;bemanicn
骑士玩国长沙运达店,长沙市雨花区长沙大道运达中央广场负一楼,28.2368120,112.9346950,maimai_dx,,maimai_dx:1,wahlap;bemanicn
骑士玩国长沙雨花吉联店,湖南省长沙市雨花区劳动东路268号吉联mall三楼骑士玩国,28.2299230,112.9377330,maimai_dx,,,wahlap
骑趣乐园广州海珠燕汇旗舰店,广东省广州市海珠区江燕路108号燕汇广场3楼骑趣乐园,23.1308330,113.2542600,chunithm;maimai_dx,,,wahlap
骑趣乐园广州燕汇店,江燕路108-2号燕汇广场A3层3C01-03,23.1355050,113.2614490,chunithm;maimai_dx;taiko,,chunithm:2;maimai_dx:4;taiko:1,bemanicn
骑趣乐园广州花都花邻荟店,广东省广州市花都区花山镇花山市场花邻荟广场2楼,23.1350270,113.2595280,maimai_dx,,,wahlap
骑趣乐园贺州八步缤纷环球城店,广西壮族自治区贺州市八步区鞍山西路66号缤纷环球城2A栋2层骑趣乐园,24.4081500,111.5650420,chunithm;maimai_dx;taiko,,chunithm:2;maimai_dx:2;taiko:1,wahlap;bemanicn
骑趣乐园邵东缤纷环球城店,湖南省邵东市缤纷环球城三楼骑趣乐园,27.2452750,111.4642830,maimai_dx;taiko,,maimai_dx:2;taiko:1,wahlap;bemanicn
骑趣乐园（花山花邻荟店）,花都区花山镇花邻荟二楼201铺,23.1374910,113.2608530,maimai_dx;taiko,,maimai_dx:1;taiko:1,bemanicn
魅影苍穹 (坂田百佳华),"3rd Floor, Jiahua Link Plaza, No. 635 Jihua Road, Longgang District Shenzhen City Guangdong, 518112, Shenzhen City",22.6352829,114.0546192,chunithm;maimai_dx;other,,chunithm:2;maimai_dx:2,ziv
魅影苍穹东莞东城万达店,广东省东莞市东城区万达广场三楼魅影苍穹,23.0228080,113.7421980,chunithm;maimai_dx,,,wahlap
魅影苍穹深圳宝安店,深圳市宝安区福海街道塘尾社区华强时代广场L3-06,22.5437780,114.0536640,chunithm;maimai_dx,,,wahlap
魅影苍穹深圳龙岗店,广东省深圳市龙岗区坂田街道吉华路635号百佳华领汇广场三楼魅影苍穹,22.5433290,114.0553010,chunithm;maimai_dx,,,wahlap
魅影苍穹潮玩城(东城万达店),广东省东莞市东城街道主山社区东纵路208号万达广场3楼,23.0275220,113.7462370,chunithm;maimai_dx,,chunithm:2;maimai_dx:2,bemanicn
魅影苍穹潮玩城·聚有引力,长社商业步行街宇龙广场3楼西厅3107号,34.0420060,113.8447030,maimai_dx,,maimai_dx:1,bemanicn
魅影苍穹潮玩城（坂田百佳华店）,深圳市龙岗区吉华路635号佳华领汇广场三楼,22.5434930,114.0519670,chunithm;maimai_dx;other,,chunithm:2;maimai_dx:2,bemanicn
魅影苍穹潮玩城（宝安华强广场店）,福海街道塘尾社区华强时代广场L3-06,22.7028306,113.8111391,chunithm;maimai_dx;other,,chunithm:2;maimai_dx:2,bemanicn;ziv
魅影苍穹许昌长葛宇龙广场店,河南省许昌市长葛市长社路街道宇龙广场三楼3107-3109号,34.0421020,113.8421650,maimai_dx,,,wahlap
魔兜欢乐岛台州椒江店,浙江省台州市椒江区黄海路5号宝龙城,28.6569440,121.4179630,maimai_dx,,,wahlap
魔凡电玩中心,吉林省通化市梅河口市梅河大街1274号梅河口市北方大厦(梅河大街东),41.7259840,125.9276470,other,,,bemanicn
魔力嘉年华阜阳太和翰林店,安徽省阜阳市太和县第五街区14栋2层,32.8914360,115.8067070,maimai_dx,,maimai_dx:1,wahlap;bemanicn
魔力嘟嘟城(万悦城店),浙江省绍兴市上虞区曹娥街道五星东路上百万悦城购物中心3F,30.0539870,120.5820030,chunithm;maimai_dx;other,,chunithm:2;maimai_dx:2,bemanicn
魔力嘟嘟城绍兴上虞店,浙江省绍兴市上虞区上百万悦城三楼魔力嘟嘟城,30.0506670,120.5759010,maimai_dx,,,wahlap
魔力嘟嘟城绍兴上虞店,浙江省绍兴市上虞区曹娥街道上百万悦城购物中心3F,30.0545900,120.5825530,maimai_dx,,,wahlap
魔力季（旧宫万科3F）,旧宫忠凉路1号院1号楼住总万科广场3F L3025,39.8043289,116.4545024,maimai_dx;other,,maimai_dx:1,bemanicn;ziv
魔力空间,龙游银泰百货2楼,28.9740700,118.8494190,chunithm;maimai_dx;other,,chunithm:1;maimai_dx:1,bemanicn
魔力空间临平万达店,浙江省杭州市临平区临平万达3F魔力空间,30.2472140,120.2044690,chunithm;maimai_dx;taiko,,chunithm:2;maimai_dx:3;taiko:1,wahlap;bemanicn
魔力空间杭州龙湖天街店,浙江省杭州市上城区科城街龙湖天街368号3F-09/10_11_12,30.2488170,120.1992620,chunithm;maimai_dx,,,wahlap
魔力空间潮玩社绍兴上虞店,浙江省绍兴市上虞区上百万和城二楼魔力空间潮玩社,30.0588810,120.5764710,chunithm,,,wahlap
魔力空间（上城天街店）,上城区科城街368号上城天街A-3F-09,30.2465410,120.2036080,chunithm;maimai_dx;taiko,,chunithm:2;maimai_dx:2;taiko:1,bemanicn
魔幻之城丽水青田店,浙江省丽水市青田县宝幢街49号魔幻之城,28.4683140,119.9157430,maimai_dx,,maimai_dx:1,wahlap;bemanicn
魔方MIX北京亦庄华联店,北京市亦庄开发区荣华中路力宝华联购物中心3楼魔方MIX家庭娱乐中心,39.9083660,116.3994340,maimai_dx,,,wahlap
魔方MIX北京海淀万象汇店,北京市海淀区西三旗万象汇四层魔方MIX,39.9581420,116.2964560,maimai_dx,,,wahlap
魔方MIX北京顺义华联店,北京市顺义区新顺南大街8号华联购物中心3楼魔方MIX家庭娱乐中心,40.1268397,116.6466154,chunithm;maimai_dx;taiko,,chunithm:2;maimai_dx:2;taiko:1,wahlap;bemanicn;ziv
魔方习题（小榄百汇店）,北秀路43号,22.5173360,113.3844030,other;taiko,,taiko:1,bemanicn
魔法奇缘,吴航路988号万星广场二楼,26.0799950,119.2939550,maimai_dx,,maimai_dx:1,bemanicn
魔法奇缘福州万星广场店,福建省福州市长乐区吴航路988号万星广场二楼B019,26.0805900,119.2874510,maimai_dx,,,wahlap
魔玩星球武义店,武义古街灵芝里三楼,29.0815860,119.6483090,maimai_dx,,maimai_dx:1,bemanicn
魔童猫,燕园路87号广垦天河一号,23.1287670,113.2556950,maimai_dx,,maimai_dx:1,bemanicn
魔逗潮玩社建始店,湖北省恩施土家族苗族自治州建始县业州大道京桥国际城3楼,30.2708860,109.4823940,maimai_dx,,maimai_dx:1,wahlap;bemanicn
魔逗潮玩社恩施和润城店,湖北省恩施土家族苗族自治州恩施市和润城A馆四楼,30.2770140,109.4812640,chunithm;maimai_dx;other,,chunithm:2;maimai_dx:3,wahlap;bemanicn
魔逗潮玩社荆州万达店,湖北省荆州市荆州区东城街道北京西路508号万达广场A坐二楼魔逗潮玩社,30.3346480,112.2336100,maimai_dx;other,,maimai_dx:2,wahlap;bemanicn
魔逗潮玩社重庆江津店,重庆市江津区紫荆广场1楼魔逗潮玩社,29.3190690,106.2563670,maimai_dx,,,wahlap
魔逗潮玩社（利川店）,清江大道228号置地广场1栋3楼,30.2785130,109.4822900,maimai_dx,,maimai_dx:1,bemanicn
魔逗潮玩社（紫金天街店）,江津区紫金天街c馆1064号,29.3230720,106.2558010,maimai_dx,,maimai_dx:1,bemanicn
魔都会电玩城,陵水黎族自治县英海大道与英海西二路交叉口东120米,18.5042630,110.0305310,maimai_dx,,maimai_dx:1,bemanicn
鱼乐游艺馆杭州临安人民广场店,浙江省杭州市临安区锦城街临安人民广场102号,30.2508640,120.2022510,maimai_dx;other,,maimai_dx:1,wahlap;bemanicn
鱼窝,河南省郑州市二七区西太康路二七区金博大LIVE(西太康路南),34.7435010,113.6159670,chunithm;maimai_dx;ongeki,,chunithm:2;maimai_dx:4;ongeki:1,bemanicn
鲁卡奇乐园岳阳店,湖南省岳阳市岳阳楼区洛王新天地鲁卡奇乐园,29.3540920,113.1249840,maimai_dx,,maimai_dx:1,wahlap;bemanicn
鲁比猩球(松雅湖吾悦店),松雅湖吾悦广场3楼（城市英雄斜对面）,28.2333990,112.9277990,maimai_dx;taiko,,maimai_dx:1;taiko:1,bemanicn
鲁比猩球长沙星沙吾悅广场店,湖南省长沙县星沙经济开发区吾悅广场三楼鲁比猩球,28.2314360,112.9296750,maimai_dx,,,wahlap
鲨鱼电玩体验店,爱克大厦D座(58号楼)1301-1302室,33.0141090,114.0218760,taiko,,taiko:2,bemanicn
鲸喜汇乐园．电玩城,水东街道迎宾大道356号鲸喜汇首层,21.6627620,110.9213390,maimai_dx,,maimai_dx:1,bemanicn
鲸喜潮玩娱乐中心,万达广场4F东北角,34.6208250,112.4509740,maimai_dx,,maimai_dx:1,bemanicn
鲸喜潮玩洛阳偃师万达店,河南省洛阳市偃师区杜甫大道万达广场四楼,34.6231910,112.4465220,maimai_dx,,,wahlap
鲸奇动漫城,1959文化创意街,21.6615500,110.9205180,maimai_dx;other,,maimai_dx:1,bemanicn
鸟窝｜黄边,黄边北路向荣街179号-277号(单号)首层203铺,23.1301860,113.2604000,maimai_dx,,maimai_dx:2,bemanicn
鸡西万达大玩家,黑龙江省鸡西市鸡冠区万达广场三楼大玩家,45.2879810,130.9605600,maimai_dx;other,,maimai_dx:2,bemanicn
鸡西悦动MAX家庭娱乐中心,万达广场3楼,45.2956540,130.9630350,maimai_dx,,maimai_dx:1,bemanicn
鸭窝,欣明国际816,31.6729190,118.5002470,chunithm;maimai_dx;ongeki,,chunithm:1;maimai_dx:2;ongeki:1,bemanicn
鸽屋咕咕咕,中山南路101号 金銮大厦24楼 出电梯右转,32.0611210,118.7973980,chunithm;maimai_dx,,chunithm:2;maimai_dx:2,bemanicn
鸽屋咕咕咕x浪速雀庄（仙林店）,仙林街道杉湖东路9号可一书店负一楼浪速雀庄x鸽屋,32.0607810,118.7876370,chunithm;maimai_dx;taiko,,chunithm:2;maimai_dx:2;taiko:1,bemanicn
鸽屋咕咕咕南京金銮店,江苏省南京市秦淮区中山南路101号金銮大厦24楼c座鸽屋咕咕咕,32.0651130,118.7931700,maimai_dx,,,wahlap
鸿窝,双墩镇华宇·中梁北麓雅苑10栋3单元606,31.8203170,117.2246160,chunithm;maimai_dx;taiko,,chunithm:2;maimai_dx:2;taiko:1,bemanicn
鸿艺动漫潮玩馆（原大渔玩家）,北城街道京原北路105号,38.4204970,112.7255970,maimai_dx,,maimai_dx:1,bemanicn
鸿艺忻州原平京原北路店,山西省忻州市原平市北城街道京原北路105号,38.4147220,112.7340270,maimai_dx,,,wahlap
鹿鹿很忙电玩城绥化万达店,黑龙江省绥化市万达广场鹿鹿很忙电玩城二楼,46.6506600,126.9659720,maimai_dx;other,,maimai_dx:2,wahlap;bemanicn
麦兜熊嘉峪关名嘉汇店,甘肃省嘉峪关市名嘉汇时尚中心二楼麦兜熊潮玩空间,39.7746770,98.2865160,maimai_dx,,,wahlap
麦兜熊宣城缤纷环球城店,安徽省宣城市泾县缤纷环球城二楼麦兜熊潮玩空间,30.9408960,118.7563100,maimai_dx,,,wahlap
麦兜熊潮玩空间,泾县交通路缤纷环球城2楼,30.9385890,118.7580040,maimai_dx,,maimai_dx:1,bemanicn
麦兜熊潮玩空间（名嘉汇店）,甘肃省嘉峪关市名嘉汇时尚中心二楼麦兜熊潮玩空间,39.7696580,98.2861290,maimai_dx,,maimai_dx:1,bemanicn
麦秸星宁波余姚众安店,浙江省宁波市余姚新建北路217号众安时代广场三楼3045/3046麦秸星游艺中心,29.8627220,121.6169300,maimai_dx;other,,maimai_dx:1,wahlap;bemanicn
麦趣熊梅江印象城店,天津市天津市西青区西青经济技术开发区友谊南路111号B区天津印象城L2-19麦趣熊电玩城·7D影院(梅江印象城店),39.0245190,117.2114950,other;taiko,,taiko:1,bemanicn;ziv
麦酷潮玩杭州拱墅银泰店,浙江省杭州市拱墅区祥符街道丰潭路380号城西银泰城2L麦酷潮玩空间,30.2442020,120.2042780,chunithm,,,wahlap
麦酷潮玩空间,新安路与世贸大街交叉路口,36.7106590,119.1590240,maimai_dx,,maimai_dx:1,bemanicn
麦酷潮玩空间(国芳天街店)（原嘻游嘉年华）,国芳天街 A馆三楼,30.2506710,120.2065130,maimai_dx,,maimai_dx:1,bemanicn
麦酷电玩城廊坊广阳万向城店,河北省廊坊市广阳区裕华路交口万向城购物中心三楼麦酷电玩城,39.5358470,116.6821000,maimai_dx,,,wahlap
黄石万达宝贝王,湖北省黄石市黄石港区花湖大道30号黄石港万达广场F2层,30.2070250,115.0307030,maimai_dx,,maimai_dx:1,bemanicn
黄石摩尔城贝贝侠店,黄石沃尔玛负一楼贝贝侠8007（备注：武汉路摩尔城沃尔玛入口处左转即到,30.2067740,115.0362820,maimai_dx,,maimai_dx:1,bemanicn
黑桃国王福州闽侯正荣财富中心店,福州市闽侯县上街镇正荣财富中心,26.0739610,119.2933620,maimai_dx,,maimai_dx:1,wahlap;bemanicn
黑桃国王福州闽侯永嘉天地店,福州市闽侯县上街镇永嘉天地永辉超市入口,26.0794790,119.2897210,maimai_dx,,maimai_dx:1,wahlap;bemanicn
鼎顺游乐园,福建省宁德市福鼎市水北村双架山1-5号,26.6665290,119.5401800,maimai_dx,,maimai_dx:1,bemanicn
鼠窝,百合佳苑,36.1997030,117.0761150,maimai_dx;ongeki;taiko,,maimai_dx:1;ongeki:1;taiko:1,bemanicn
齐悦儿家庭娱乐中心 (客都汇店),"广东省梅州市梅江区梅水路16号客都汇 梅州市 Meizhou 广东省 Guangdong Province, 514021, 梅州市 Meizhou",24.3019736,116.1276340,maimai_dx,,,ziv
齐悦儿梅州客都汇店,广东省梅州市梅水路客都汇二楼齐悦儿家庭娱乐中心,24.2882190,116.1197520,maimai_dx,,,wahlap
齐悦儿（客都汇商业文化广场店）,客都汇商业文化广场,24.2940320,116.1171450,maimai_dx,,maimai_dx:1,bemanicn
龍威娛樂遊戲機中心,元州街290-296號西岸國際大廈地庫,22.2832170,114.1648900,chunithm;maimai_dx;taiko,,chunithm:4;maimai_dx:7;taiko:2,bemanicn
龙信体育世界南通店,江苏省南通市崇川区深南路8号龙信广场三楼龙信体育世界,31.9810030,120.8930940,maimai_dx,,maimai_dx:1,wahlap;bemanicn
（天虹店）贵溪天空之星,贵溪天虹购物中心3f,28.2733350,117.0352300,chunithm;maimai_dx,,chunithm:2;maimai_dx:2,bemanicn
（已断网）宾果无限城阳家佳源店,正阳中路136号家佳源购物中心(城阳店)L4层,36.0689030,120.3730560,maimai_dx,,maimai_dx:1,bemanicn
（闭店升级中，原城西麦酷）真快活（城西银泰店）,拱墅区-丰谭路380号银泰百货杭州城西店2F,30.2509660,120.2043980,chunithm;maimai_dx;taiko,,chunithm:2;maimai_dx:1;taiko:1,bemanicn
［即将开业］玩家部落（香河新天地店）,迎宾路西侧新天地广场地下一层家家福超市（原浙加都超市）内,39.5420450,116.6757390,maimai_dx,,maimai_dx:1,bemanicn
