name,address,latitude,longitude,games,cabs,source
Acatraz Bar & Games,"3624 Avenida Rivadavia Buenos Aires Buenos Aires, C1204, Buenos Aires",-34.6111341,-58.4176939,other,,ziv
Ale-Play,"109 Calle 58 Mar del Tuyú Provincia de Buenos Aires, B7108, Mar del Tuyú",-36.5588939,-56.6894283,other,,ziv
Arcade Parque de la republica,"Cno. Gral. Manuel Belgrano S/N Manuel B. Gonnet Buenos Aires Province, B1897, Manuel B. Gonnet",-34.8845624,-58.0181095,other,,ziv
Bar El Destello,"1460 Gascón Lisandro Olmos Buenos Aires, C1181, Lisandro Olmos",-34.5933689,-58.4228753,other,,ziv
Carroussel Park,"164 25 de Mayo San Miguel de Tucumán Tucumán, T4000, San Miguel de Tucumán",-26.8287984,-65.2043701,other,,ziv
Centerplay,"2169 Chiozza San Bernardo Buenos Aires, San Bernardo",-36.6942127,-56.6775005,other,,ziv
Centerplay (Pinamar),"400 Avenida Arquitecto Jorge Bunge Pinamar Buenos Aires, Pinamar",-37.1139075,-56.8623229,other,,ziv
Centerplay (Villa Gesell),"585 Avenida 3 Villa Gesell Buenos Aires, Villa Gesell",-37.2584202,-56.9699557,other,,ziv
Central Park,"1200-1102 Calle 18 Miramar Buenos Aires, Miramar",-38.2725899,-57.8355165,other,,ziv
Charlie's,"2668 Chiozza San Bernardo Buenos Aires, San Bernardo",-36.6881190,-56.6780806,other,,ziv
Clarck Entertaiment - Showroom,"2267 Añasco EHO Buenos Aires, C1416, EHO",-34.5993772,-58.4580465,gitadora;other,,ziv
COTO Z! Juegos,"525 Avenida Cabildo Buenos Aires Buenos Aires, C1426, Buenos Aires",-34.5711337,-58.4421340,other,,ziv
Crazy Park,"200-298 Calle 38 Santa Teresita Buenos Aires, Santa Teresita",-36.5416139,-56.6901985,other,,ziv
Criatura,"979 Calle 2 Santa Teresita Buenos Aires, B7107, Santa Teresita",-36.5402531,-56.6899196,other,,ziv
Cyberplay Uno 420,"1420 Avenida Entre Ríos Buenos Aires Buenos Aires, C1133, Buenos Aires",-34.6255163,-58.3911491,other,,ziv
Dino Park,"La Florida 247 Salta A4400, Salta",-24.7926907,-65.4126593,other,,ziv
El Disco Rojo,"2230 Calle 1 San Clemente del Tuyu Buenos Aires, B7105, San Clemente del Tuyu",-36.3588682,-56.7181859,other,,ziv
El Galpon,"2503 Calle 1 San Clemente del Tuyu Buenos Aires, San Clemente del Tuyu",-36.3606545,-56.7173475,other,,ziv
El Golpe Entretenimientos,"236 Diagonal 18 Santa Teresita Buenos Aires, Santa Teresita",-36.5427759,-56.6907138,other,,ziv
Espacio TEC (Museo de Informática Interactivo),"Thompson 665 Bahía Blanca B8000, Bahía Blanca",-38.7295979,-62.2657448,other,,ziv
Family Park,"875 Calle 2 Santa Teresita Buenos Aires, B7107, Santa Teresita",-36.5388400,-56.6895974,other,,ziv
Fichin Bar & Arcade,"2019 Rawson Mar del Plata Buenos Aires, B7600, Mar del Plata",-38.0103182,-57.5475313,other,,ziv
Flash (Miramar),"Calle 21 600-698 Miramar, Provincia de Buenos Aires PBA Sudeste Atlantico, B7607, Miramar, Provincia de Buenos Aires",-38.2741120,-57.8333562,other,,ziv
Flash Point,"7394 Calle 2 Mar del Tuyú Buenos Aires, Mar del Tuyú",-36.5762437,-56.6903157,other,,ziv
Flynn's Arcade Bar,"5275 Honduras BMU Buenos Aires, C1414, BMU",-34.5869590,-58.4325928,other,,ziv
Fun Kids - Retro Arcade,"1220 Avenida Belgrano Chajarí Entre Ríos, E3228, Chajarí",-30.7583102,-57.9805351,other,,ziv
FUNPARK,"1311 Avenida Corrientes San Nicolas Buenos Aires, C1043, San Nicolas",-34.6037279,-58.3854215,other,,ziv
Genesis Games,"San Martin Dorrego Coronel Pringles South America, B7530, Coronel Pringles",-37.9848619,-61.3540104,other,,ziv
Go Park @ Galeria del Sol,"228-200 General Paz Villa Carlos Paz Córdoba, X5152, Villa Carlos Paz",-31.4216801,-64.4962833,other,,ziv
Go Play,"Av, 32 nº 269 Santa teresita 7107, Santa teresita",-36.5380838,-56.6896945,other,,ziv
Go Play @ Av. Chiozza (San Bernardo),"2638 Chiozza San Bernardo Provincia de Buenos Aires, B7111, San Bernardo",-36.6885643,-56.6782039,other,,ziv
Go Play @ Av. Guemes,"3058 Martín Miguel de Güemes Mar del Plata Provincia de Buenos Aires, B7602, Mar del Plata",-38.0168404,-57.5425464,other,,ziv
Go Play @ Lanús,"2751 Enrique Del Valle Iberlucea DTE Provincia de Buenos Aires, B1826, DTE",-34.7029384,-58.3933646,other,,ziv
Go Play @ Las Lomitas,"376 General Bartolomé Mitre Lomas de Zamora Provincia de Buenos Aires, B1832, Lomas de Zamora",-34.7650496,-58.4030640,other,,ziv
Green Play (Sarmiento),"Sarmiento 2227 Mar del Plata Buenos Aires, B7600EJC, Mar del Plata",-38.0086791,-57.5404269,other,,ziv
Holiday´s,"7451 Calle 2 Mar del Tuyú Buenos Aires, Mar del Tuyú",-36.5771986,-56.6903374,gitadora;other,,ziv
Isla de La Fantasia (Boulevard Shopping),"13298 Avenida Presidente Hipólito Yrigoyen Adrogue Buenos Aires, Adrogue",-34.8081215,-58.4007480,other,,ziv
Jobs Arcade,"El Salvador 4139 Buenos Aires 1175, Buenos Aires",-34.5927051,-58.4216344,other,,ziv
K-Play,"300 Palacios San Carlos de Bariloche Río Negro, San Carlos de Bariloche",-41.1351837,-71.3043398,other,,ziv
K-Play,"Calle 83 235 Necochea B7632GOH , Necochea",-38.5816267,-58.7297612,other,,ziv
K-PLAY,"Valle encantado 69 Monte hermoso Buenos Aires, B8153, Monte hermoso",-38.9877223,-61.2858649,other,,ziv
Le Park (Costa del Este),"321 Las Camelias Costa del Este Buenos Aires, Costa del Este",-36.6073468,-56.6886017,other,,ziv
Le Park Entretenimientos - Lavalle,"827 Lavalle AAQ Buenos Aires, C1007, AAQ",-34.6023389,-58.3785738,other,,ziv
Lucila's Games,"4950 Mendoza La Lucila del Mar Buenos Aires, La Lucila del Mar",-36.6606559,-56.6809878,other,,ziv
Multijuegos (Shopping Del Siglo),"1643 Córdoba Rosario Santa Fe, S2000, Rosario",-32.9452383,-60.6457143,other,,ziv
Mundo Cartoon Network (Tortugas Open Mall),"1486 Avenida Constituyentes Tortuguitas Buenos Aires, Tortuguitas",-34.4531962,-58.7295548,other,,ziv
Neverland (Alcorta Shopping),"3172 Jerónimo Salguero Buenos Aires Buenos Aires, C1425, Buenos Aires",-34.5747437,-58.4039886,other,,ziv
Neverland (Dot Baires Shopping),"4800 Avenida Melián Florida Buenos Aires, C1430, Florida",-34.5462105,-58.4882107,other,,ziv
Neverland Park @ Abasto Shopping,"Av. Corrientes 3247 - Lavalle 3120 Nivel 2 y 3 Buenos Aires Autonomous City of Buenos Aires, C1193, Buenos Aires",-34.6038592,-58.4109592,other,,ziv
Neverland Park @ Mendoza Shopping,"Av. de Acceso Este 3280, M5500 Mendoza Mendoza City, Mendoza M2156, Mendoza City, Mendoza",-32.9003533,-68.7992934,other,,ziv
Neverland Park @ Portal Rosario Shopping,"Nansen 323 Rosario, Santa Fe S2013APG, Rosario, Santa Fe",-32.9108922,-60.6832305,other,,ziv
New Wonder,"Calle 3 & Calle 4, Villa Celina Buenos Aires 1417, Buenos Aires",-34.7029534,-58.4823842,other,,ziv
Pac-Man,"965 Calle 8 La Plata Buenos Aires, B1904, La Plata",-34.9166918,-57.9497903,other,,ziv
Playground @ Centenario Mall,"3525 Avenida Raúl Alfonsín Corrientes Corrientes, W3402, Corrientes",-27.4715217,-58.8064526,other,,ziv
Playland Park (La Barraca Mall),"1833 Las Cañas Godoy Cruz Mendoza, M5519, Godoy Cruz",-32.9144039,-68.8219545,other,,ziv
Playland Park (Los Gallegos Shopping),"3050 Rivadavia Mar del Plata Buenos Aires, B7600, Mar del Plata",-37.9982428,-57.5524781,other,,ziv
Playland Park (Mar de Ajó),"69 Hipólito Yrigoyen Mar de Ajó Buenos Aires, B7109, Mar de Ajó",-36.7224617,-56.6751288,other,,ziv
Playland Park (Paseo De La Patagonia Shopping Center),"111 Avenida del Trabajador Neuquén Neuquén, Neuquén",-38.9465191,-68.0741887,other,,ziv
Playland Park (Showcase Belgrano),"2585 Arribeños EOH Buenos Aires, C1426, EOH",-34.5539464,-58.4532386,other,,ziv
Playland Park @ Paseo Aldrey Shopping,"2685 Sarmiento Mar del Plata Buenos Aires, B7600, Mar del Plata",-38.0121835,-57.5437176,other,,ziv
Playland Park @ San Justo Shopping,"3900 Avenida Brigadier General Juan Manuel de Rosas La Matanza Buenos Aires, La Matanza",-34.6853502,-58.5563635,other,,ziv
Playland Park @ Showcase Quilmes,"Olavarría 180, B1878 Quilmes, Buenos Aires Quilmes Buenos Aires, B1878, Quilmes",-34.7245851,-58.2557475,other,,ziv
Playland Park @ Unicenter,"Paraná 3745 B1640FRC, B1640FRC Martínez, Provincia de Buenos Air Olivos, Buenos Aires B1033, Olivos, Buenos Aires",-34.5080486,-58.5268924,other,,ziv
Playland Park Avellaneda (Paseo Comercial Avellaneda),"789 Ramallo Sarandí Buenos Aires, B1872, Sarandí",-34.6801218,-58.3327498,other,,ziv
Playland Park Devoto (Devoto Shopping),"3365 Quevedo, Buenos Aires, C1417",-34.6117364,-58.5177658,other,,ziv
Playland Park Ezeiza (Las Toscas Shopping),"653 Formosa Ezeiza Buenos Aires, B1804, Ezeiza",-34.8563209,-58.5036220,other,,ziv
Playland Park Puerto Madryn,"Avenida Julio Argentino Roca, 28 de Julio Puerto Madryn Chubut, U9120, Puerto Madryn",-42.7657391,-65.0336909,gitadora;other,,ziv
Playland Park San Bernardo,"2887 Chiozza San Bernardo Buenos Aires, B7107, San Bernardo",-36.6850830,-56.6781530,other,,ziv
Playland Park Santa Fe,"3000 Calle de Servicio Puerto Santa Fe Santa Fe Santa Fe, S3000, Santa Fe",-31.6500416,-60.7011113,other,,ziv
Playland Park Ushuaia,"Perito Moreno 1460 Ushuaia Tierra del Fuego, V9410, Ushuaia",-54.7995359,-68.2790341,other,,ziv
Predio 80 - Paseo de Compras,"1947 Calle 80 Altos de San Lorenzo Provincia de Buenos Aires, B1912, Altos de San Lorenzo",-34.9623877,-57.9479773,other,,ziv
Puerto Pirata,"3900 Avenida Brigadier General Juan Manuel de Rosas buenos aires La Matanza, B1754, buenos aires",-34.6861840,-58.5551442,other,,ziv
Sacoa (Villa Gesell),"434 Avenida 3 Villa Gesell Buenos Aires, Villa Gesell",-37.2558951,-56.9685530,other,,ziv
Sacoa @ Alto Rosario Shopping,"501 Junín Rosario Santa Fe, S2000, Rosario",-32.9267254,-60.6690520,other,,ziv
Sacoa @ Av. San Martin,"2334 Peatonal San Martín Mar del Plata Buenos Aires, B7600, Mar del Plata",-38.0011914,-57.5446789,other,,ziv
Sacoa @ Bahia Blanca Shopping,"2153 Sarmiento Bahía Blanca Buenos Aires, B8000, Bahía Blanca",-38.7004946,-62.2409989,other,,ziv
Sacoa @ Oh! Buenos Aires Shopping Center,"Av. Pueyrredón 2501, C1119ACI C1119ACI Cdad. Autónoma de Buenos Aires Buenos Aires, 1021, Cdad. Autónoma de Buenos Aires",-34.5857606,-58.3933319,other,,ziv
Sacoa @ RONDA (Dot Baires Shopping),"Vedia 3600 Ciudad Autonoma de Buenos Aires Buenos Aires, B8174, Ciudad Autonoma de Buenos Aires",-34.5464652,-58.4879440,other,,ziv
Sacoa Jujuy (Annuar Shopping),"563 General Belgrano San Salvador de Jujuy Jujuy, Y4600, San Salvador de Jujuy",-24.1851419,-65.3010420,other,,ziv
Sacoa Miramar,"918 Calle 21 Miramar Buenos Aires, B7607, Miramar",-38.2722450,-57.8357873,other,,ziv
Sacoa Monte Hermoso,"2 Faro Recalada Monte Hermoso Buenos Aires, B8153, Monte Hermoso",-38.9876188,-61.2866939,other,,ziv
Sacoa Necochea,"244 Calle 83 Necochea Buenos Aires, B7632, Necochea",-38.5820733,-58.7291336,other,,ziv
Sargento Peppers,"7265 Calle 2 Mar del Tuyú Buenos Aires, Mar del Tuyú",-36.5747430,-56.6903963,other,,ziv
Sarmiento Shopping (Videojuegos Funland),"757 Avenida Sarmiento Resistencia Chaco, H3502, Resistencia",-27.4308063,-58.9627808,other,,ziv
Sass Entretenimientos (La Falda),"114 Avenida Eden La Falda Córdoba, X5172, La Falda",-31.0933701,-64.4857779,other,,ziv
Sass Entretenimientos (Mina Clavero),"1034 Avenida San Martín, Córdoba",-31.7222332,-65.0040519,other,,ziv
Space,"234 Avenida 3 Villa Gesell Buenos Aires, Villa Gesell",-37.2540296,-56.9671688,gitadora;other,,ziv
Top Center,"152 República de Siria Palpalá Jujuy, Y4612, Palpalá",-24.2531126,-65.2060032,other,,ziv
Videojuegos @ Marcos Shopping Center,"1142 Avenida Presidente Doctor Nestor C. Kirchner Río Gallegos Santa Cruz, Z9400, Río Gallegos",-51.6200979,-69.2187738,other,,ziv
Videojuegos El Rayo,"2035 Chiozza San Bernardo Buenos Aires, San Bernardo",-36.6961327,-56.6771901,other,,ziv
VR Juegos,"Calle 32 entre 2 y 3 Santa Teresita Buenos Aires, B7107, Santa Teresita",-36.5354080,-56.6900096,other,,ziv
Zona Entretenimientos - COTO (Mar Del Tuyú),"Ruta Provincial 11 Mar del Tuyú Buenos Aires, Mar del Tuyú",-36.5824367,-56.7167206,ddr;other,,ziv
Zona Entretenimientos - Coto (Munro),"Av. Bartolomé Mitre 2951 Munro Provincia de Buenos Aires, B1605, Munro",-34.5236494,-58.5204390,other,,ziv
Ñácate,"N° 1643 Calle 1 Las Toninas Provincia de Buenos Aires, B7106, Las Toninas",-36.4957340,-56.6928113,other,,ziv
1989 Arcade Bar,"22 A36 Darlington New South Wales, 2042, Darlington",-33.8925774,151.1869020,other,,ziv
Alleyz Bowling and Arcade - Matthew Flinders Hotel,"667 Warrigal Road Chadstone Victoria, 3148, Chadstone",-37.8763251,145.0921216,other,,ziv
AMUSE,"16 WITCOMBE STREET, ADELAIDE, SA5000",-34.9299206,138.5947976,chunithm;gitadora;jubeat;maimai_dx;other;sdvx,,allnet;ziv
Arcadia Bar,"9 Fifth Lane Mackay Queensland, 4740, Mackay",-21.1421046,149.1855143,ddr;other,,ziv
ARCHIE BROTHERS CCW,"285 Springvale Road, Glen Waverley, Victoria, Australia, 3150",-37.8812875,145.1647251,ddr;maimai_dx;other;taiko,,allnet;ziv
Archie Brothers Cirque Electriq,"585 High Street Westfield Shopping Centre, 585 High St, Penrith Penrith New South Wales, 2750, Penrith",-33.7504814,150.6935249,other;taiko,,ziv
Archie Brothers Cirque Electriq Alexandria,"75 O'Riordan Street Alexandria New South Wales, 2015, Alexandria",-33.9165895,151.1930308,other;taiko,,ziv
Archie Brothers Cirque Electriq Bowen Hills,"3/30 King Street Bowen Hills Queensland, 4006, Bowen Hills",-27.4520217,153.0330422,other,,ziv
Archie Brothers Cirque Electriq Chadstone,"1341 Dandenong Rd Service Rd Malvern East Victoria, 3147, Malvern East",-37.8843548,145.0826168,ddr;other;taiko,,ziv
Archie Brothers Cirque Electriq Melbourne Docklands,"440 Docklands Drive Docklands Victoria, 3008, Docklands",-37.8121484,144.9366159,ddr;other;taiko,,ziv
Archie Brothers Cirque Electriq Moorabbin,"13-15 Cochranes Rd Moorabbin Victoria, 3189, Moorabbin",-37.9420696,145.0636645,other;taiko,,ziv
Archie Brothers Cirque Electriq QV Melbourne,"Level 3 QV Shopping Centre 222 Lonsdale Street Melbourne VIC, 3000, Melbourne",-37.8107947,144.9652084,ddr;maimai_dx;other;sdvx;taiko,,ziv
Archie Brothers Cirque Electriq Rundle Place,"77/91 Rundle Mall Level 1 Adelaide South Australia, 5000, Adelaide",-34.9229085,138.6029239,other;taiko,,ziv
Archie Brothers Cirque Electriq Surfers Paradise,"Suite 2, Level 1 Piazza on the Boulevard Surfers Paradise Queensland, 4217, Surfers Paradise",-27.9987603,153.4290665,other;taiko,,ziv
Archie Brothers Entertainment Quarter,"122 Lang Road Moore Park New South Wales, 2021, Moore Park",-33.8945800,151.2271848,other,,ziv
Archie Brothers Karrinyup,"200 Karrinyup Road Karrinyup Western Australia, 6018, Karrinyup",-31.8772119,115.7767826,ddr;other;taiko,,ziv
Archie Brothers Perth,"401 Wellington Street Perth Western Australia, 6000, Perth",-31.9523346,115.8607302,ddr;other,,ziv
Archie Brothers Point Cook,"36 Wallace Avenue Point Cook Victoria, 3030, Point Cook",-37.8720925,144.7474909,ddr;other;taiko,,ziv
Archie Brothers Wollongong,"200 Crown St Wollongong NSW, 2500, Wollongong",-34.4248414,150.8937379,other;taiko,,ziv
B.LUCKY&SONS MELBOURNE,"Level 3, 211 Latrobe St., Melrourne, Vic,3000",-37.8105556,144.9630556,ddr;maimai_dx;other;sdvx;taiko,,allnet;ziv
Barcadia,"12 Lake Street Northbridge Western Australia, 6003, Northbridge",-31.9483661,115.8567021,ddr;other;taiko,,ziv
Bartronica,"335 Flinders Lane Melbourne VIC 3000 Melbourne Victoria, 3000, Melbourne",-37.8178427,144.9632332,other,,ziv
Bazinga Trading & Arcade Centre,"Level 1/10 Unity Way Munno Para South Australia, 5115, Munno Para",-34.6715844,138.6817287,ddr;other,,ziv
Caribbean Rollerama,"1298 Ferntree Gully Road Scoresby Victoria, 3179, Scoresby",-37.8999614,145.2261029,ddr;other,,ziv
Chuck E Cheese Australia (Joondalup),"7 Winton Rd Joondalup WA 6027, Joondalup WA",-31.7507818,115.7655278,other,,ziv
Dave & Buster's (Clarkson),"61 Key Largo Drive Clarkson Western Australia, 6030, Clarkson",-31.6919777,115.7211077,other,,ziv
Dave & Buster's (Clarkson),"Tenancy 11/61 Key Largo Dr Clarkson Western Australia, 6030, Clarkson",-31.6923885,115.7181278,other,,ziv
Dreamworld,"Dreamworld Parkway Coomera Gold Coast Queensland (QLD), 4209, Gold Coast",-27.8637931,153.3155362,ddr;other,,ziv
Empire Alternacade and Events - Cairns,"86 Sheridan Street Cairns City Queensland, 4870, Cairns City",-16.9294580,145.7709843,other,,ziv
Entertainment Park,"361 Milperra Road Bankstown NSW, 2200, Bankstown",-33.9284146,150.9903109,maimai_dx;other;taiko,,ziv
FORTRESS MELBOURNE,"23 CALEDONIAN LANE, MELBOURNE, VICTORIA, AUSTRALIA 3000",-37.8121261,144.9640502,ddr;maimai_dx;other;taiko,,allnet;ziv
Fun Planet,"12 Stewart Street Shepparton Victoria, 3630, Shepparton",-36.3803462,145.4015036,other,,ziv
Funhouse - Carindale,"2012/1151 Creek Rd Carindale Queensland, 4152, Carindale",-27.5037602,153.1023513,ddr;other;taiko,,ziv
Funhouse - Sunnybank Plaza,"Shop 112, The Food Court, Sunnybank Plaza Shopping Centre Corner Mains & McCullough Roads, Sunnybank Brisbane Queensland (QLD), 4109, Brisbane",-27.5713131,153.0634780,ddr;maimai_dx;other;taiko,,ziv
FUNHOUSE BRISBANE CITY,"Level 3/91 Queen St, Brisbane City QLD 4000",-27.4706058,153.0248758,ddr;maimai_dx;other;taiko,,allnet;ziv
Funland Calamvale,"Shop T78 Calamvale Central Shopping Centre 662 Compton Road Calamvale Queensland, 4116, Calamvale",-27.6125537,153.0543576,other,,ziv
Funland Port Macquarie,"52 Clarence Street Port Macquarie New South Wales, 2444, Port Macquarie",-31.4293149,152.9085309,other,,ziv
Funzone Entertainment & Laser Tag Centre,"47 Charles St Rockhampton Berserker, 4701, Rockhampton",-22.9583933,152.0837402,other,,ziv
Galaxy Pool Lounge,"432/440 High St Preston Victoria, 3072, Preston",-37.7368268,145.0044197,other,,ziv
Game Lobby,"22-28 Hutchinson Street Mount Barker South Australia, 5251, Mount Barker",-35.0659771,138.8591400,ddr;other,,ziv
Game On,"575 North East Road Gilles Plains South Australia, 5086, Gilles Plains",-34.8560028,138.6556453,other,,ziv
Game Over Brisbane,"2175 Ipswich Rd Oxley QLD, 4075, Oxley",-27.5653471,152.9816148,other,,ziv
Games Station,"537 Mulgrave Road Earlville 4870, Earlville",-16.9426031,145.7403025,ddr;other,,ziv
GAMR LASER TAG & VR,"25 Fletcher Road Chirnside Park Victoria, 3116, Chirnside Park",-37.7612214,145.3138220,ddr;other,,ziv
General Public CORIO,"83a Purnell Rd Corio Victoria, 3214, Corio",-38.0754511,144.3558850,other,,ziv
General Public Frankston,"20 Playne Street Frankston Victoria, 3199, Frankston",-38.1447252,145.1214277,other;taiko,,ziv
Happydays Broadway - iPlay Australia,"21 Bay Street Glebe New South Wales, 2037, Glebe",-33.8838124,151.1941051,other,,ziv
Hi Party Box Hill,"L101, 519-521 Station St, Box Hill VIC 3128 Melbourne Victoria, 3128, Melbourne",-37.8211074,145.1225075,other,,ziv
Holey Moley Golf Club,"162 - 170 Pulteney Street Adelaide South Australia, 5000, Adelaide",-34.9256943,138.6059998,other,,ziv
Holey Moley Golf Club Northbridge,"53 Lake St Northbridge 6003, Northbridge",-31.9466568,115.8572834,ddr;other,,ziv
HOYTS Cinema Watergardens,"399 Melton Highway Taylors Lakes Victoria, 3038, Taylors Lakes",-37.6988804,144.7756716,other,,ziv
Intencity Marion,"Level 3, Marion Shopping Centre Marion Adelaide South Australia, 5046, Adelaide",-35.0169955,138.5444127,other,,ziv
Intencity Sunshine,"Sunshine Marketplace Shopping Centre Sunshine Victoria, 3020, Sunshine",-37.7822263,144.8311144,other,,ziv
"Intencity, Hobart","181 Collins Street Village Cinemas Hobart Hobart Tasmania, 7000, Hobart",-42.8857875,147.3240069,other,,ziv
iPlay - Redbank,"Shop 3330A, Redbank Plaza 1 Collingwood Drive, Redbank Ipswich Queensland (QLD), 4301, Ipswich",-27.6057014,152.8691277,other,,ziv
iPlay Adventure Coomera,"83-121 Foxwell Rd Shop MM9 Coomera Queensland, 4209, Coomera",-27.8543026,153.3153382,other;taiko,,ziv
iPlay Belconnen,"193 Benjamin Way Belconnen Australian Capital Territory, 2617, Belconnen",-35.2387515,149.0650025,ddr;other;taiko,,ziv
iPlay Cairns Central,"Cairns Central Shopping Centre Shop Q121 McLeod St Cairns City Queensland, 4870, Cairns City",-16.9252036,145.7719660,ddr;other;taiko,,ziv
IPLAY CAROUSEL,"SHOP MM223, 1382 ALBANY HWY, CANNINGTON, WA AUSTRALIA 6107",-32.0199279,115.9388969,ddr;maimai_dx;other;taiko,,allnet;ziv
iPlay Eastern Creek,"Quarter, Shop 3M02 Beggs Rd, Eastern Creek NSW 2766 Sydney 2776, Sydney",-33.7832088,150.8548769,other,,ziv
iPlay Ed Square,"52 Soldiers Parade Tenancy MM06 Edmondson Park NSW, 2174, Edmondson Park",-33.9709827,150.8582498,other;taiko,,ziv
iPlay Harbour Town,"147-189 Brisbane Road Biggera Waters Queensland, 4216, Biggera Waters",-27.9314479,153.3887773,other;taiko,,ziv
iPlay Morayfield,"171 Morayfield Road Shop M7 Morayfield Queensland, 4506, Morayfield",-27.1032767,152.9510108,other,,ziv
iPlay Tenpin City,"92/96 Parramatta Rd, Lidcombe NSW Lidcombe New South Wales, 2141, Lidcombe",-33.8495367,151.0478122,other;taiko,,ziv
iPlay Tenpin City Lidcombe,"92/96 Parramatta Rd Lidcombe New South Wales, 2141 , Lidcombe",-33.8495991,151.0475813,maimai_dx;other;taiko,,ziv
iPlay Toowoomba,"Unit 10A / LEVEL G, GRAND CENTRAL SHOPPING CENTRE DENT &, Margar Toowoomba City Queensland, 4350, Toowoomba City",-27.5610323,151.9519094,other;taiko,,ziv
iPlay TTenpin City Coffs Harbour,"74-76 Grafton St Coffs Harbour New South Wales, 2450, Coffs Harbour",-30.2956098,153.1143388,other,,ziv
iPlay Wetherill Park,"561/583 Polding St, Wetherill Park Wetherill Park 2164, Wetherill Park",-33.8569579,150.8988404,other;taiko,,ziv
iPlay Whitfords,"Marmion Ave &, Whitfords Ave Hillarys Western Australia, 6025, Hillarys",-31.7963342,115.7491315,other,,ziv
KAOS at Panthers,"123 Mulgoa Road Penrith New South Wales, 2750, Penrith",-33.7452580,150.6897013,other,,ziv
Kapow! Entertainment,"Shp 309, Logan Hyperdome Cnr Pacific Hwy & Bryants Rd, Loganholme Logan Queensland (QLD), 4129, Logan",-27.6587549,153.1705633,other,,ziv
Karting Madness Braybrook,"234 Ballarat Road Braybrook Victoria, 3019, Braybrook",-37.7804410,144.8634508,other,,ziv
Karting Madness Braybrook/2 3 4 Fun Galore,"234 Ballarat Road Braybrook Victoria, 3019, Braybrook",-37.7804501,144.8634535,maimai_dx;other,,ziv
Kingpin Bowling Chermside,"899 Gympie Road Chermside Queensland, 4032, Chermside",-27.3836135,153.0319262,ddr;maimai_dx;other;taiko,,ziv
Kingpin Bowling Norwood,"11 Osmond Terrace Norwood South Australia, 5067, Norwood",-34.9165750,138.6311511,drs;other;taiko,,ziv
Kingpin Bowling Townsville,"16 High Range Drive Thuringowa Townsville Queensland (QLD), 4187, Townsville",-19.3200174,146.7258416,ddr;gitadora;other;taiko,,ziv
Kingpin Canberra,"Bunda Street Canberra Australian Capital Territory, 2601, Canberra",-35.2779051,149.1326326,drs;maimai_dx;other;taiko,,ziv
Kingpin Crown,"Ground, Crown Metropol 8 Whiteman Street Southbank Victoria, 3006, Southbank",-37.8248818,144.9581727,chunithm;ddr;maimai_dx;other;sdvx;taiko,,ziv
Kingpin Darwin,"1 Neale St Darwin City 0820, Darwin City",-12.4372471,130.9275055,other,,ziv
Kingpin Macarthur,"200 Gilchrist Drive Kellicar Rd Campbelltown New South Wales, 2560, Campbelltown",-34.0750036,150.7968646,other;taiko,,ziv
KINGPIN MELBOURNE,"260 Collins St, MELBOURNE VIC 3000",-37.8152725,144.9650986,chunithm;ddr;drs;maimai_dx;other;taiko,,allnet;ziv
KINGPIN NORTH STRATHFIELD,"Building H3/3-5 George St, North Strathfield NSW 2137",-33.8632365,151.0889051,ddr;maimai_dx;other;taiko,,allnet;ziv
KOKO AMESEMENT HORNSBY,Shop 4000-1/236 Pacific Hwy Horsby NSW 2077,-33.7043415,151.1006823,ddr;maimai_dx;other;taiko,,allnet;ziv
Koko Amusement 591,"591 George Street Sydney NSW, 2000, Sydney",-33.8772701,151.2053597,other,,ziv
KOKO AMUSEMENT 614,Basement 614 George ST Sydney NSW 2000,-33.8757593,151.2067759,chunithm;ddr;drs;gitadora;iidx;maimai_dx;other;popn;sdvx;taiko,,allnet;ziv
Koko Amusement Bankstown,"Level 1/462 Chapel Rd Bankstown New South Wales, 2200, Bankstown",-33.9134489,151.0340953,other,,ziv
KOKO AMUSEMENT BURWOOD,"lot29 27-31 belmore St,.Burwood,2134,NSW",-33.8784196,151.1021580,chunithm;ddr;drs;maimai_dx;other;taiko,,allnet;ziv
Koko Amusement Chatswood,"88 Archer Street Chatswood NSW, 2067, Chatswood",-33.7950015,151.1849105,other,,ziv
KOKO Amusement City Heroes,"505 George Street Shop 6 Sydney New South Wales, 2000, Sydney",-33.8750989,151.2062354,jubeat;maimai_dx;ongeki;other;popn;sdvx;taiko,,ziv
Koko Amusement Haymarket,"1 Dixon Street Sydney New South Wales, 2000, Sydney",-33.8773102,151.2037879,maimai_dx;other;taiko,,ziv
KOKO HURSTVILLE,"G03/288 Forest Road, HurstvilleNSW",-33.9669703,151.1032215,ddr;drs;maimai_dx;other;taiko,,allnet;ziv
Laserquest Geelong,"89 Malop Street Geelong Victoria, 3220, Geelong",-38.1472799,144.3617370,other,,ziv
Le Mans Entertainment,"55 Waterview Close Dandenong South Victoria, 3175, Dandenong South",-38.0194410,145.2439011,other;taiko,,ziv
Marrickville Metro,"9/20 Smidmore Street, Marrickville Sydney New South Wales, 2044, Sydney",-33.9063741,151.1723817,other,,ziv
Million Life,"42-50 Railway Parade Burwood New South Wales, 2134, Burwood",-33.8775673,151.1028720,other,,ziv
Netherworld,"186 Brunswick Street Fortitude Valley Queensland, 4006, Fortitude Valley",-27.4559055,153.0319767,jubeat;other,,ziv
OZ Tenpin,"16 Lauderdale Road Narre Warren Victoria, 3805, Narre Warren",-38.0248306,145.3112632,other,,ziv
OZ Tenpin Greensborough,"445 Grimshaw Street Bundoora Victoria, 3083, Bundoora",-37.7023520,145.0712931,other,,ziv
PARADIGM ZONE,"58 Gawler Place, Adelaide SA 5000",-34.9234290,138.6021461,chunithm;drs;iidx;maimai_dx;other;popn;sdvx;taiko,,allnet;ziv
PLAYit Melbourne,"Shop M14-22 Southgate Centre 3 Southgate Ave Southbank VIC, 3006, Southbank",-37.8204358,144.9659247,maimai_dx;other;sdvx,,ziv
Playtime Entertainment,"Westpoint Shopping Centre Blacktown New South Wales, 2148, Blacktown",-33.7703740,150.9087386,ddr;other,,ziv
Reading Cinemas Townsville,"30 Hervey Range Road Thuringowa Central Queensland, 4817, Thuringowa Central",-19.3199103,146.7233328,other,,ziv
Rebound Mandurah,"3/65 Reserve Drive Mandurah Western Australia, 6210, Mandurah",-32.5126728,115.7424428,other,,ziv
Rocky Bowl and Leisure,"100 Musgrave St Rockhampton Berserker, 4701, Rockhampton",-22.7052555,151.6657140,other,,ziv
ROLLER ONE BURWOOD,"172-210 Burwood Hwy, Burwood East VIC 3151",-37.8530342,145.1493983,maimai_dx;other;taiko,,allnet;ziv
Rouse Hill Timezone,"10 Market Lane Rouse Hill New South Wales, 2155, Rouse Hill",-33.6917500,150.9250867,other,,ziv
Sails Restaurant,"Hamilton Island Resort Centre, Resort Dr Whitsundays QLD, 4802, Whitsundays",-20.3458944,148.9556720,other,,ziv
Strike Bowling Macquarie,"4 Waterloo Rd, North Ryde NSW 2113 Macquarie Centre North Ryde 2113, North Ryde",-33.7745814,151.1192822,maimai_dx;other;taiko,,ziv
The Beachouse,"4 Colley Terrace Glenelg South Australia, 5045, Glenelg",-34.9793130,138.5115197,ddr;other,,ziv
The Keys,"1/188 Plenty Road Preston Victoria, 3072, Preston",-37.7468642,145.0058264,other,,ziv
Timezone & Zone Bowling Joondalup,"23 Franklin Lane Joondalup Western Australia, 6027, Joondalup",-31.7422971,115.7606391,other;taiko,,ziv
Timezone & Zone Bowling Watergardens,"Watergardens Shopping Center Level 1 399 Melton Hwy Taylors Lakes Victoria, 3038, Taylors Lakes",-37.7000008,144.7752735,other;taiko,,ziv
Timezone - Orion Springfield,"Orion Springfield Central 1 Main Street Springfield Central Queensland, 4300, Springfield Central",-27.6788947,152.9007381,ddr;gitadora;other,,ziv
Timezone @ Coolangatta,"82 Griffith Street Coolangatta Queensland, 4225, Coolangatta",-28.1683835,153.5388090,drs;other,,ziv
Timezone Baldivis,"Safety Bay Road Baldivis Western Australia, 6171, Baldivis",-32.3338830,115.8142903,other,,ziv
Timezone Ballarat,"2 Bridge Mall Ballarat Ballarat Central, 3350, Ballarat",-37.5619310,143.8610932,ddr;other;taiko,,ziv
Timezone Bankstown Central,"MM022 North Terrace Bankstown New South Wales, 2200, Bankstown",-33.9161378,151.0372093,maimai_dx;other;taiko,,ziv
Timezone Belconnen,"1 Emu Bank Belconnen Australian Capital Territory, 2617, Belconnen",-35.2403039,149.0749216,other,,ziv
Timezone Braybrook,"67 Ashley Street Braybrook Victoria, 3019, Braybrook",-37.7944296,144.8607930,chunithm;other;taiko,,ziv
Timezone Broadmeadows,"1099 Pascoe Vale Road Broadmeadows Victoria, 3047, Broadmeadows",-37.6793436,144.9195391,other;taiko,,ziv
Timezone Busselton,"Busselton Central, Ground Level Prince St Busselton 6280, Busselton",-33.6504871,115.3428600,other;taiko,,ziv
Timezone Cairns,"Timezone Cairns 109-115 Abbott St Cairns City Queensland, 4870, Cairns City",-16.9217369,145.7767297,other,,ziv
Timezone Caneland,"11 Matsuura Drive Mackay Queensland, 4740, Mackay",-21.1369940,149.1787592,other,,ziv
Timezone Casuarina,"247 Trower Road Casuarina Northern Territory, 0810, Casuarina",-12.3753358,130.8825812,other,,ziv
Timezone Charlestown,"30 Pearson Street 30 Pearson Street Charlestown New South Wales, 2290, Charlestown",-32.9656920,151.6936478,other,,ziv
TIMEZONE CHATSWOOD,"Level6 Westfield Chatswood,1 Anderson Street,Chatswood,NSW 2067",-33.7973628,151.1831083,chunithm;ddr;maimai_dx;other;taiko,,allnet;ziv
Timezone Clayton,"1866 Princes Highway Clayton Victoria, 3168, Clayton",-37.9216881,145.1374143,other,,ziv
Timezone Craigieburn,"Aitken Boulevard Craigieburn Victoria, 3064, Craigieburn",-37.5928008,144.9116912,other,,ziv
TIMEZONE CRONULLA,"126-128 Cronulla St, Cronulla, 2230 NSW",-34.0552150,151.1521713,chunithm;other;taiko,,allnet;ziv
Timezone Eastgardens,"Westfield Eastgardens 152 Bunnerong Road Eastgardens NSW, 2036, Eastgardens",-33.9443457,151.2228531,ddr;maimai_dx;other,,ziv
TIMEZONE EASTLAND,"Shop MM12/13 Eastland Shopping Centre,171 -175 Maroondah Hwy",-37.8126592,145.2292803,ddr;maimai_dx;other;taiko,,allnet;ziv
Timezone Elizabeth,"Shop 18, 50 Elizabeth Way Elizabeth Adelaide South Australia (SA), 5112, Adelaide",-34.7193398,138.6689669,other,,ziv
Timezone Epping,"571-583 High Street Pacific Epping Epping Victoria, 3077, Epping",-37.6521661,145.0203900,other,,ziv
TIMEZONE ERINA,"SHOP H09, Terrigal Dr, Erina NSW 2250",-33.4377981,151.3915100,chunithm;ddr;maimai_dx;other;taiko,,allnet;ziv
Timezone Forest Hill,"Forest Hill Chase Shopping Centre Forest Hill Victoria, 3131, Forest Hill",-37.8352304,145.1643246,other;taiko,,ziv
Timezone Fountain Gate,"Westfield Fountain Gate Narre Warren Victoria, 3805, Narre Warren",-38.0181083,145.3022227,other,,ziv
TIMEZONE FREMANTLE,Shop 32-33 South Terrace PiazzaFremantle WA 6160,-32.0562381,115.7479566,ddr;maimai_dx;other;taiko,,allnet;ziv
Timezone Garden City,"Level 2, Westfield Garden City Upper Mount Gravatt Queensland, 4122, Upper Mount Gravatt",-27.5625104,153.0800495,chunithm;ddr;gitadora;maimai_dx;other;popn;sdvx;taiko,,ziv
Timezone Greenhills,"1 Molly Morgan Dr East Maitland 2323, East Maitland",-32.7626491,151.5912672,other;taiko,,ziv
Timezone Hervey Bay,"163 Boat Harbour Drive Urraween Queensland, 4655, Urraween",-25.2888509,152.8365996,other,,ziv
Timezone Highpoint,"Level 1 Highpoint Shopping Centre 120-200 Rosamond Road Maribyrnong Victoria, 3032, Maribyrnong",-37.7735740,144.8884681,chunithm;ddr;maimai_dx;other;sdvx;taiko,,ziv
TIMEZONE INDOOROOPILLY,"Indooroopilly Shopping Centre 322 Moggill Rd, QLD 4068",-27.4994475,152.9723122,maimai_dx;other;taiko,,allnet;ziv
Timezone Innaloo,"3/57 Liege Street Innaloo Western Australia, 6018, Innaloo",-31.9049255,115.7974291,other;taiko,,ziv
Timezone Knox,"Level 2, Westfield Knox, 425 Burwood Hwy Wantirna South Victoria (VIC), 3152, Wantirna South",-37.8687937,145.2422941,chunithm;ddr;maimai_dx;other;taiko,,ziv
Timezone Kotara,"Westfield Kotara, Park Ave, Kotara, NSW, 2289 Kotara New South Wales, 2289, Kotara",-32.9418214,151.7117715,other;taiko,,ziv
Timezone Lakeside Joondalup,"Lakeside Joondalup, Lakeside Shopping City Joondalup Western Australia, 6027, Joondalup",-31.7431818,115.7675314,ddr;other;taiko,,ziv
Timezone Macquarie Park,"142 Herring Road Level 4 Macquarie Centre Corner of Herring Road &, Waterloo Rd North Ryde New South Wales, 2113, North Ryde",-33.7767774,151.1212644,chunithm;ddr;maimai_dx;other;taiko,,ziv
Timezone Mandurah,"330 Pinjarra Road Mandurah Western Australia, 6210, Mandurah",-32.5358354,115.7407255,other,,ziv
Timezone Miranda,"600 Kingsway Miranda New South Wales, 2228, Miranda",-34.0353358,151.1025903,other,,ziv
Timezone Mt Druitt,"Westfield, Cnr Carlisle Ave &, Luxford Rd, Mount Druitt NSW Sydney Mt Druitt, 2770, Sydney",-33.7662336,150.8205066,other;taiko,,ziv
Timezone Northland,"Northland Shopping Centre 2-50 Murray Road Preston Victoria (VIC), 3072, Preston",-37.7395431,145.0312607,maimai_dx;other;taiko,,ziv
Timezone Parramatta,"Floor 5 Westfield Parramatta 159-175 Church Street Parramatta New South Wales, 2150, Parramatta",-33.8170079,151.0032973,chunithm;ddr;maimai_dx;other;taiko,,ziv
Timezone Plenty Valley,"Westfield Plenty Valley South Morang Victoria, 3082, South Morang",-37.6499658,145.0693189,ddr;other;taiko,,ziv
Timezone Robina,"1 Robina Town Centre Drive Robina Queensland, 4230, Robina",-28.0752557,153.3840108,other;taiko,,ziv
Timezone Rockhampton,"120/331 Yaamba Rd Rockhampton Park Avenue, 4701, Rockhampton",-23.3543126,150.5223727,other,,ziv
Timezone Shellharbour,"211 Lake Entrance Road Shellharbour City Centre New South Wales, 2529, Shellharbour City Centre",-34.5644642,150.8391523,ddr;other,,ziv
Timezone Southland,"Shop 3049B 1239 Nepean Highway Cheltenham Victoria, 3192, Cheltenham",-37.9585457,145.0547110,ddr;maimai_dx;other;taiko,,ziv
Timezone Sunshine Plaza,"215/164 Horton Parade Maroochydore Queensland, 4558, Maroochydore",-26.6542589,153.0901377,ddr;other;taiko,,ziv
TIMEZONE SURFERS PARADISE,"Level1 Paradise Centre,Cavilll Mall,Surfers Paradise QLD 4217",-28.0019530,153.4298183,ddr;maimai_dx;other;taiko,,allnet;ziv
TIMEZONE TREE TEA PLAZA,"Tea Tree Plaza, 976 North East Road, Modbury SA 5092",-34.8307178,138.6901334,chunithm;ddr;maimai_dx;other;taiko,,allnet;ziv
TIMEZONE WERRIBEE,Pacific Werribee Shopping Centre Heaths VIC 3029,-37.8769343,144.6804581,maimai_dx;other;taiko,,allnet;ziv
Timezone West HQ,"West HQ, 33 Railway Street Sydney Rooty Hill, 2766, Sydney",-33.7704955,150.8339742,other,,ziv
Timezone Woden,"Corner of Bradley St & Corinna St Phillip ACT, 2606, Phillip",-35.3477513,149.0873265,maimai_dx;other;taiko,,ziv
Timezone Woodville,"819 Port Road Woodville South Australia, 5011, Woodville",-34.8783605,138.5324727,other;taiko,,ziv
TIMEZONE(CENTRAL),"Level 2, Central Park Mall, 28 Broadway, Chippendale,NSW2008",-33.8845810,151.2006823,chunithm;maimai_dx;other;sdvx;taiko,,allnet;ziv
TIMEZONE(HAYMARKET),"Level 3 Market City, 9-13 Hay Street, Haymerket, Sydney, NSW2020",-33.8797944,151.2033833,chunithm;ddr;drs;gitadora;maimai_dx;other;popn;sdvx;taiko,,allnet;ziv
TIMEZONE(NORTHBRIDGE),"31 Lake Street, Northbridge, WA6003",-31.9475043,115.8567513,ddr;maimai_dx;other;taiko,,allnet;ziv
Townsville Tenpin & Fun Centre,"101 Bamford Lane Kirwan Queensland, 4817, Kirwan",-19.3023544,146.7404795,other,,ziv
Tunzafun Dandenong,"Dandenong Plaza Shopping Centre Dandenong Victoria, 3175, Dandenong",-37.9869363,145.2182012,other,,ziv
Universal Games,"123 Parkyn Parade Mooloolaba Queensland, 4557, Mooloolaba",-26.6828102,153.1204250,other,,ziv
Varsity Cannington,"1525 Albany Hwy Perth Beckenham, 6107, Perth",-32.0281661,115.9515320,other;taiko,,ziv
Varsity Nedlands,"88 Broadway Crawley Western Australia, 6009, Crawley",-31.9841525,115.8151567,other;sdvx,,ziv
VARSITY WATERFORD,"55/230 Manning Road, Karawara Perth, WA",-32.0115880,115.8864490,chunithm;maimai_dx;other,,allnet;ziv
Village Cinema Century City,"Century City Walk Glen Waverley Victoria, 3150, Glen Waverley",-37.8814038,145.1646454,other,,ziv
Village Cinema Fountain Gate,"Fountain Gate Shopping Centre Narre Warren Victoria, 3805, Narre Warren",-38.0181532,145.3025295,other,,ziv
Village Cinemas Airport West,"8 Louis St Floor 1 - Westfield Airport West Airport West Victoria, 3042, Airport West",-37.7142768,144.8881808,other,,ziv
Village M-City,"2125 Dandenong Road Clayton Victoria, 3168, Clayton",-37.9217175,145.1402917,other,,ziv
Welcome to Thornbury,"520 High St Northcote Victoria, 3070, Northcote",-37.7648818,145.0000986,other,,ziv
Windsor Castle Hotel,"78 Lawes St East Maitland NSW 2323 New South Wales, 2323, East Maitland NSW 2323",-32.7498128,151.5892375,other,,ziv
Woodys Skate And Play,"10 knoll st, Glenorchy Tasmania, 7010, Glenorchy",-42.8322501,147.2824292,other,,ziv
Zone 3,"28 Weedon Close Belconnen, ACT Canberra New South Wales (NSW), 2617, Canberra",-35.2417912,149.0627866,ddr;other,,ziv
Zone Bowling - Mt Gravatt,"533 Kessels Road, MacGregor Brisbane Queensland (QLD), 4109, Brisbane",-27.5615711,153.0683703,other,,ziv
Zone Bowling Cross Road,"Cross Road Westbourne Park South Australia, 5041, Westbourne Park",-34.9666055,138.5912451,ddr;other,,ziv
Zone Bowling Liverpool,"18 Cumberland Highway Liverpool New South Wales, 2170, Liverpool",-33.9069045,150.9209481,other,,ziv
Zone Bowling Loganholme,"Hyperdome, Level 1, Shop M11 Cnr Pacific Hwy and Bryants Rd Loganholme Queensland, 4129, Loganholme",-27.6591465,153.1698281,other,,ziv
Zone Bowling Noarlunga,"Noarlunga Centre South Australia, 5168, Noarlunga Centre",-35.1398839,138.4897333,other,,ziv
ZONE BOWLING TOP RYDE,"GRD M5,Top Ryde City Shopping Centre,Blaxland Rd.&Devlin St.NSW",-33.8122148,151.1062214,chunithm;ddr;maimai_dx;other;taiko,,allnet;ziv
ZONE BOWLING VILLAWOOD,"850a Woodvilla Road,Villawood NSW 2163",-33.8792943,150.9786698,maimai_dx;other;taiko,,allnet;ziv
ZONEBOWLING BLACKTOWN,"Shop 4011/17 Patrick st, Blacktown NSW 2148",-33.7699265,150.9061011,ddr;maimai_dx;other;taiko,,allnet;ziv
FlippArena Vöcklabruck,"5 Vornbuch, Vöcklabruck, Oberösterreich, 4840",48.0067710,13.6869269,maimai_dx;museca;other;sdvx,,ziv
LosKrochn,"13 Plainbachstrasse, Bergheim, Salzburg, 5101",47.8430177,13.0435452,other,,ziv
Manga-Mafia Store,"Andreasgasse 4, Vienna, 1070",48.1980371,16.3475516,other,,ziv
Ocean Park Wien,"Millennium City, Bauteil 2, 1. UG, Top 200,, Handelskai 94-96, Wien, 1200",48.2403202,16.3855743,other,,ziv
Arcade Arena Venlo,"Wijngaardstraat 5, Venlo, Limburg, 5911 HM",51.3686927,6.1663556,other,,ziv
Bobbejaanland,"Bobbejaanland, Olensteenweg, Kasterlee, Belgium, Kasterlee, 2460",51.2017208,4.9075412,other,,ziv
E- Village Recreatie centrum,"3 Heldensedijk, Roggel, Limburg, 6088 NT",51.2722795,5.9289287,other,,ziv
Free Play Lanaken,"1d Industrieweg, Lanaken, Vlaams Gewest, 3620",50.8887037,5.6638867,ddr;maimai_dx;other;popn;taiko,,ziv
Game-INN,"Vijfseweg 92, Waregem, 9300",50.8960464,3.4236199,drs;nostalgia;other,,ziv
Gameland,"Bondgenotenlaan 145, Leuven, Flemish Brabant, 3000",50.8809621,4.7118926,other,,ziv
Gamestate Antwerpen,"15 De Keyserlei, Antwerpen, Vlaams Gewest, 2018",51.2179578,4.4172051,ddr,,ziv
Gamestate Breda,"17 Grote Markt, Breda, Noord-Brabant, 4811 XL",51.5878625,4.7761842,other,,ziv
Gamestate Bruxelles,"Anspachlaan 13, Brussel, 1000",50.8497667,4.3506913,other,,ziv
Gamestate Eindhoven,"45 Stationsplein, Eindhoven, Noord-Brabant, 5611 BC",51.4414521,5.4805734,ddr,,ziv
Gamestate Gent,"Korenmarkt 1, Gent, Vlaams Gewest, 9000",51.0543986,3.7228953,other,,ziv
Gamestate Kerkrade,"2D Roda J.C. Ring, Kerkrade, Kerkrade, Limburg, 6466 NH",50.8578628,6.0032265,ddr,,ziv
GameTown Kempense Meren,"Postelsesteenweg 100, 2400 Mol, Belgium, Mol, 2400 ML",51.2144246,5.1868360,other,,ziv
Gate Ninety World,"7 Rue de l'Industrie, Nivelles, Wallonie, 1400",50.5936939,4.3593268,maimai_dx;other;taiko,,ziv
LEVEL ONE,"Markiezaatsweg 25, Bergen op Zoom, Noord-Brabant, 4615 PA",51.4951497,4.2884841,other,,ziv
S'pace Liège,"Rue Vinâve d'Île 16/C, Liège, 4000",50.6418697,5.5708407,other,,ziv
Ted's Arcade,"3 Tolbrugstraat, Breda, Noord-Brabant, 4811 WN",51.5881097,4.7727616,other,,ziv
The Game Box Maastricht,"Wycker Brugstraat 20c, Maastricht, Limburg, 6221 EC",50.8496015,5.6999215,other,,ziv
The Gaming Factory,"3B Arsenaalplein, Vlissingen, Zeeland, 4381 BL",51.4410755,3.5777199,ddr;jubeat;other;taiko,,ziv
The Gaming Factory,"98 Ringbaan Oost, Tilburg, Noord-Brabant, 5013 CD",51.5698947,5.0970232,drs;iidx;jubeat;nostalgia;other;sdvx;taiko,,ziv
Drakmania,"Avenida 3er anillo interno, zona abasto, Mall Ciudad Indana, Santa Cruz de la Sierra, 00000",-17.7928646,-63.2050432,other,,ziv
Mercado Camacho,"174 Bueno, La Paz, Departamento de La Paz",-16.5004649,-68.1318941,gitadora,,ziv
NextLevel Games,"54 Héroes del Chaco, Quillacollo, Departamento de Cochabamba",-17.3956230,-66.2813997,other,,ziv
Antonio's Boliche - Shopping Catuaí Cascavel,"Avenida Brasil, 3545 Cascavel Região do Lago, 85812500, Cascavel",-24.9475761,-53.4349573,other,,ziv
Arcademia,"Rua Paraíso do Norte, 148 Curitiba 81750-060, Curitiba",-25.5198069,-49.2476239,other,,ziv
Aze Games Game Station - RioMar Fortaleza,"1500 Rua Desembargador Lauro Nogueira De Lourdes Fortaleza Ceará, 60175-055, Fortaleza",-3.7408838,-38.4713459,other;taiko,,ziv
Bario Bar,"R. Euclides Pacheco, 880 - Vila Gomes Cardim São Paulo Tatuapé, 03321-000, São Paulo",-23.5480793,-46.5665334,other;taiko,,ziv
BH Shopping (Hot Zone),"304 Praça Marcelo Góes Menicucci Belo Horizonte Minas Gerais, 30320-900, Belo Horizonte",-19.9743648,-43.9436292,ddr;other,,ziv
Buddy Games & Mini Golfe Indoor,"341 Rua Júlio de Castilhos Torres Rio Grande do Sul, 95560-000, Torres",-29.3397314,-49.7266019,other,,ziv
Central Plaza Shopping - Parks & Games,"1000 Avenida Doutor Francisco Mesquita Central Plaza Shopping Av. Dr. Francisco Mesquita, 1000 - Jardim São Paulo - SP São Paulo, 03153-001, São Paulo - SP",-23.5936889,-46.5851821,other;taiko,,ziv
DanceFit House,"1343 Avenida do Forte Subsolo Porto Alegre Rio Grande do Sul, 91360-001, Porto Alegre",-30.0225357,-51.1517199,other,,ziv
Danny's Park,"1357 Avenida Marechal Castelo Branco Cabral Teresina Piauí, 64003-087, Teresina",-5.0776340,-42.8016615,other,,ziv
Dominaria Cards & Games,"512 Rua Juvenal Galeno Fortaleza Ceará, 60015-340, Fortaleza",-3.7383951,-38.5396874,other,,ziv
Edifício Maletta (loja 53),"233 Avenida Augusto de Lima Loja 53 Belo Horizonte Minas Gerais, 30190-000, Belo Horizonte",-19.9247118,-43.9378120,other,,ziv
Fair Play DIversões - Maxi Shopping,"Av. Antônio Frederico Ozanan, 6000 - Vila Rio Branco, Jundiaí - Jundiaí São Paulo, 13215-900, Jundiaí",-23.1695542,-46.8928341,other,,ziv
Game Station,"2990 Avenida Comendador Gustavo Paiva Maceió Alagoas, 57031-530, Maceió",-9.6486308,-35.7158098,other,,ziv
Game station,"Av. Dr. Antônio Maria Laet, 566 Parada Inglesa, - SP, CEP: 02307-120 São Paulo SP, 02307-120, São Paulo",-23.4799511,-46.6034495,other,,ziv
Game Station - Caruaru Shopping,"800 Avenida Adjar da Silva Casé Caruaru Pernambuco, 55024-740, Caruaru",-8.2950975,-35.9516042,other,,ziv
Game Station - Mais Shopping,"430 Avenida Padre José Maria São Paulo São Paulo, 04753-060, São Paulo",-23.6530867,-46.7101819,other;taiko,,ziv
Game Station - North Shopping Fortaleza,"475 - 345 Rua Braz de Francesco Fortaleza Ceará, 60355-633, Fortaleza",-3.7345167,-38.5671495,other,,ziv
Game Station - Shopping Grande Rio,"R. Maria Soares Sendas, 111 - Parque Barreto, São João de Meriti São João de Meriti Rio de Janeiro, 25575-825, São João de Meriti",-22.7966030,-43.3530053,other;taiko,,ziv
Game station - Shopping Granja Vianna,"SP-270, 23500 - Lageadinho Cotia - SP São Paulo, 06709-015, Cotia - SP",-23.5921495,-46.8327954,other,,ziv
Game Station - Shopping Nova Iguaçu,"Av. Abílio Augusto Távora, 1111 Luz, Nova Iguaçu - RJ, 26255-620 Nova Iguaçu 26255-620, Nova Iguaçu",-22.8951530,-42.3330688,other;taiko,,ziv
Game Station - Shopping Parangaba,"300 Rua Germano Franck Fortaleza Ceará, 60740-020, Fortaleza",-3.7756145,-38.5615893,other,,ziv
Game Station @ Plaza Shopping,"Rua Dr. João Santos Filho, 290 Parnamirim Loja 318, Piso L5 Recife Pernambuco, 52060-615, Recife",-8.0370875,-34.9120833,other,,ziv
Game Station @ RioMar Recife,"251 Avenida República do Líbano Recife Pernambuco, 51110-160, Recife",-8.0860559,-34.8947448,other,,ziv
Game Station @ Salvador Shopping,"3133 Salvador Shopping Salvador Bahia, 41820-000, Salvador",-12.9785071,-38.4551051,other;taiko,,ziv
Game Station @ Shopping Bela Vista,"Alameda Euvaldo Luz, 92 Salvador 41098-020, Salvador",-12.9698387,-38.4738520,other,,ziv
Game Station @ Shopping Boa Vista,"243 Rua da Soledade, Pernambuco, 50060-001",-8.0595381,-34.8870329,other,,ziv
Game Station @ Shopping Guarapares,"800 Avenida Barreto de Menezes Recife Pernambuco, 54325-000, Recife",-8.1672413,-34.9188635,other;taiko,,ziv
Game Station @ Shopping Paralela,"Av. Luís Viana Filho, 8544 - Paralela Salvador 41730-101, Salvador",-12.9365813,-38.3952990,other,,ziv
Game Station @ Shopping Recife,"R. Padre Carapuceiro, 777 - Boa Viagem Recife Pernambuco, 51020-900, Recife",-8.1192092,-34.9035752,other;taiko,,ziv
Game Station @ Shopping Tacaruna,"135 Avenida Governador Agamenon Magalhães Recife Pernambuco, 50110-000, Recife",-8.0379752,-34.8718661,other,,ziv
Game Station @ Shopping West Plaza,"71 Rua Teixeira e Sousa São Paulo São Paulo, 05003-020, São Paulo",-23.5270631,-46.6743489,other;taiko,,ziv
Game Station Franca SP,"710 Avenida Rio Negro Franca São Paulo, 14406-005, Franca",-20.5471082,-47.4172774,other,,ziv
Game Station Shopping Taboão,"Av. Aprígio Bezerra da Silva, 2643 Shopping Taboão São Paulo Taboão da Serra, 06768-200, São Paulo",-23.6147415,-46.7756223,other,,ziv
GameStation Patio Paulista,"R. Treze de Maio, 1947 R. Treze de Maio, 1947 São Paulo Bela Vista, 01327-900, São Paulo",-23.5707750,-46.6432125,other,,ziv
Hiper Game - Grand Shopping Messejana,"3840 Avenida Frei Cirilo Fortaleza Ceará, 60840-285, Fortaleza",-3.8180739,-38.4973144,other,,ziv
HotZone @ Shopping Campo Grande,"1200 Estrada do Monteiro, Rio de Janeiro, 23045-830",-22.9268863,-43.5750922,ddr;other,,ziv
HotZone BarraShopping,"Av. das Américas, 4666 - Barra da Tijuca Rio de Janeiro Rio de Janeiro , 22640-102, Rio de Janeiro",-22.9979954,-43.3578010,other,,ziv
HotZone BarraShoppingSul,"Av. Diário de Notícias, 300 - Cristal Porto Alegre Rio Grande do Sul, 90810-080, Porto Alegre",-30.0852111,-51.2459010,ddr;other;taiko,,ziv
HotZone MorumbiShopping,"Avenida Roque Petroni Júnior, 1089 São Paulo State of São Paulo, 04718, São Paulo",-23.6234800,-46.6980475,other;taiko,,ziv
HotZone ParkShopping,"SAI/SO - 6580 - Lj 297, SAI / SO Area, 6580 - Store 297 - Guará Brasília Federal District, 70297-400, Brasília",-15.8326933,-47.9561055,other,,ziv
HotZone ParkShopping,"SAI/SO - 6580 - Lj 297, SAI Brasília Distrito Federal, 71219-900, Brasília",-15.8226448,-47.8839111,other,,ziv
HotZone ParkShoppingSãoCaetano,"Alameda Terracota, 545 São Caetano do Sul State of São Paulo, 09531-190, São Caetano do Sul",-23.6255079,-46.5796319,ddr;other;taiko,,ziv
Login House eXP,"Rua Harmonia, 21 - Vila Madalena São Paulo, 05435-000",-23.5576007,-46.6865885,other,,ziv
Lord's Tatuapé,"315 Rua Coelho Lisboa São Paulo Tatuapé, 03319-000, São Paulo",-23.5469729,-46.5721983,other;taiko,,ziv
Magic Games,"5945 Avenida Comendador Gustavo Paiva Maceió Alagoas, 57038-000, Maceió",-9.6267409,-35.6990111,other,,ziv
Magic Games - Shopping Catuaí Londrina,"Rodovia Celso Garcia Cid, 5600 Londrina Palhano 2, 86050901, Londrina",-23.3429011,-51.1851767,other,,ziv
Magic Games Shopping Parque Dom Pedro,"Av. Guilherme Campos, 500 - Jardim Santa Genebra, Campinas São Paulo, 13080-000, Campinas",-22.8496611,-47.0628766,other,,ziv
Magic Games ShoppingD,"Avenida Cruzeiro do Sul nº 1100, Canindé São Paulo São Paulo, 03033-020, São Paulo",-23.5216096,-46.6234767,other,,ziv
Magic Games Tietê Plaza Shopping,"Tietê Plaza Shopping mall, Av. Raimundo Pereira de Magalhães, 1.465 - Vila Pirituba, São Paulo São Paulo , 05145-123, São Paulo",-23.5062083,-46.7180516,other,,ziv
Neo Geo Arcade Shopping Ibirapuera,"Avenida Ibirapuera nº 3103, Moema São Paulo São Paulo, 04517, São Paulo",-23.6100174,-46.6671967,other,,ziv
New Venom Burguers,"124 Rua Adelino Cesário de Souza, São Paulo, 09260-515",-23.6238184,-46.4957248,other,,ziv
Outlet Japonês,"nº. 1473 BR-101 Sombrio Santa Catarina, 88960-000, Sombrio",-29.1027703,-49.6375673,other,,ziv
Parque Guanabara,"1-17 Avenida Expedicionário Benvindo Belém de Lima Belo Horizonte Minas Gerais, 31310-040, Belo Horizonte",-19.8596675,-43.9790320,other,,ziv
Pizza Americana,"455 Avenida Presidente Getúlio Vargas Maceió Alagoas, 57046-480, Maceió",-9.6107899,-35.7261490,other,,ziv
Planet Park - RioMar Kennedy,"3100 Avenida Sargento Hermínio Sampaio Monte Castelo Fortaleza Ceará, 60320-504, Fortaleza",-3.7265736,-38.5669952,other,,ziv
Planeta Games - Solares Shopping,"1138 Avenida Waldir Diogo Fortaleza Ceará, 60764-020, Fortaleza",-3.8008768,-38.5866878,other,,ziv
Planeta Kids,"1201 Avenida Ininga Teresina Piauí, 64049-538, Teresina",-5.0779947,-42.7950901,other,,ziv
Play Games Shopping Center Grão-Pará,"1052 Rodovia Desembargador Paulo Frota Av. Centenário, 1052 - Mangueirão Belém - PA Belém Pará, 66640-150, Belém",-1.3901734,-48.4656775,other,,ziv
Play Show Games - Rio das Ostras,"Av. Gov. Roberto Silveira, n° 900 Rio das Ostras 28895-266, Rio das Ostras",-22.8413756,-42.1943665,other,,ziv
Playcenter Family- Shopping Aricanduva,"Av. Aricanduva, 5555 - Vila Matilde São Paulo São Paulo, 03527-900, São Paulo",-23.5661138,-46.5054193,other,,ziv
Playland,"Av. Cristóvão Colombo, 545 - Floresta Porto Alegre Rio Grande do Sul, 90560-003, Porto Alegre",-30.0260063,-51.2125565,other;taiko,,ziv
PlayLand,"Travessa Casalbuono nº 120, Vila Guilherme São Paulo São Paulo, 02049, São Paulo",-23.5156806,-46.6180339,other,,ziv
Prime Arcade @ Grand Plaza Shopping,"600 Avenida Industrial, São Paulo, 09080-510",-23.6486890,-46.5320174,other,,ziv
Puppy Play,"1000 Avenida Raul Lopes Teresina Piauí, 64046-010, Teresina",-5.0846177,-42.7895164,ddr;other,,ziv
Shopping Russi Russi,"Av. Nereu Ramos, 3982 - Sala 02 Itapema Santa Catarina, 88220-000, Itapema",-27.1286058,-48.6010565,other,,ziv
Vem Pra Mesa - Praia Shopping,"3132 Avenida Engenheiro Roberto Freire Natal Rio Grande do Norte, 59082-400, Natal",-5.8659167,-35.1856054,other,,ziv
Vem Pra Mesa Game Center,"3132 Avenida Engenheiro Roberto Freire, Rio Grande do Norte, 59082-400",-5.8664252,-35.1856038,other,,ziv
Wooow! Park @ Golden Shopping Calhau,"58 Avenida Avicenia 2000 São Luís Maranhão, 65071, São Luís",-2.4893056,-44.2642546,other;taiko,,ziv
World Games,"R. Samuel Heusi Itajaí Santa Catarina, Itajaí",-26.9039724,-48.6600173,other;taiko,,ziv
You Win Games (Shopping Park Lagos),"17 Avenida Henrique Terra, Rio de Janeiro, 28915",-22.8741672,-42.0369592,other,,ziv
Paradise Center Playground,"100 bulevard ""Cherni vrah"", Sofia, Sofia City Province, 1407",42.6583566,23.3154889,other,,ziv
1UP Games,"777 King Street W Hamilton Ontario, L8S 1K2, Hamilton",43.2558922,-79.8657189,other,,ziv
Algonquin College (no machines on campus),"1385 Woodroffe Avenue Ottawa Ontario, K2G 3G7, Ottawa",45.3500077,-75.7564939,ddr;other,,ziv
Americana Resort & Waterpark,"8444 Lundy's Ln Niagara Falls Ontario, L2H 1H4, Niagara Falls",43.0883811,-79.1395801,other,,ziv
AMS Student Nest,"6133 University Boulevard Room 2132 Vancouver British Columbia, V6T 1Z1, Vancouver",49.2665850,-123.2500230,chunithm;other,,ziv
Amusement 20/20 Rive-Sud,"7250 Boulevard Taschereau Brossard Québec, J4W 1M9, Brossard",45.4605822,-73.4674226,other,,ziv
Amusement 2020 Plus,"3350 Boulevard Saint-Martin Ouest Laval Québec, H7T 1A1, Laval",45.5561088,-73.7492466,other,,ziv
Amusements Jolin,"471 Rue Lindsay Drummondville Québec, J2B 1G9, Drummondville",45.8797598,-72.4825265,other,,ziv
Antigonish Arena,"30 James Street Antigonish Nova Scotia, B2G 1R7, Antigonish",45.6166331,-62.0021150,other,,ziv
Antisocial Pinball,"570 Bloor Street West Lower Level Toronto Ontario, M6G 1K1, Toronto",43.6651417,-79.4118726,other,,ziv
Apple Creek Arcade,"11064 Township Road 275, Rocky View Airdrie Alberta, T4B 4M8, Airdrie",51.3445044,-114.0334346,other,,ziv
Arcade Hamilton (Moodys),"107 George Street (2nd floor) Hamilton Ontario, L8P 1E3, Hamilton",43.2582468,-79.8785824,other,,ziv
Arcade Mile-X Arcade,"020-6560 Avenue de l'Esplanade Montréal Québec, H2V 4L5, Montréal",45.5286973,-73.6127665,other;sdvx,,ziv
Arcade MTL,"2031 Rue Saint-Denis Montréal Québec, H2X 3K8, Montréal",45.5162853,-73.5659163,ddr;other,,ziv
Arcade Pyramide,"2360 Ch Ste-Foy Québec Québec, G1V 4H2, Québec",46.7867057,-71.2822805,other,,ziv
ARCstage,"10612 124 ST NW Unit 100 Edmonton Alberta, T5N 1S4, Edmonton",53.5497312,-113.5361830,chunithm;ddr;iidx;jubeat;maimai_dx;other;sdvx;taiko,,ziv
Arkadium Retro Arcade,"130 Broadway Boulevard Sherwood Park Alberta, T8H 2A3, Sherwood Park",53.5432560,-113.3122190,ddr;other,,ziv
Aspen Links Clubhouse and Rec Room,"310 Emerald Park Road Emerald Park Saskatchewan, S4L 1B9, Emerald Park",50.4379374,-104.3916607,other,,ziv
Axes & Apples,"1020 8 Avenue Cold Lake Alberta, T9M 1K2, Cold Lake",54.4646005,-110.1757683,other,,ziv
Bad Luck Bar,"59 Macdonell St Guelph N1H 2Z3, Guelph",43.5445121,-80.2482605,ddr;other,,ziv
Baller's Rec Room,"2044 Dewdney Avenue Regina Saskatchewan, S4R 1H1, Regina",50.4553878,-104.6106920,other,,ziv
Banff Sizzlers,"#103 124 Banff Ave Banff Alberta, T1L1A7, Banff",51.1756622,-115.5707162,ddr;other,,ziv
Bar le Vox,"100 Rue Saint-Joseph E Québec Québec, G1K 3A7, Québec",46.8126573,-71.2296552,other,,ziv
Barcadia,"347 Princess Street Kingston Ontario, K7L 1B6, Kingston",44.2328698,-76.4902295,ddr;other,,ziv
BB Friday's Tap And Grill,"201 Hurst Drive Barrie Ontario, L4N 8K8, Barrie",44.3655900,-79.6501033,other,,ziv
Beercade,"10544 82 Avenue NW Edmonton Alberta, T6E 2A4, Edmonton",53.5183886,-113.5023387,other,,ziv
Big Al´s,"4120 East 4th Street, Ontario, California, 91764",34.0757655,-117.5633873,other,,ziv
Big Time Entertainment,"2411 Dougall Avenue Windsor Ontario, N8X 1T3, Windsor",42.2889193,-83.0251627,other,,ziv
Boogie's Burgers & Arcade Marda Loop,"2129 33 Ave SW Calgary Alberta, T2T 1Z7, Calgary",51.0238379,-114.1104173,other,,ziv
Boss Battle Games Ottawa,"1200 St. Laurent Blvd Unit 301 Ottawa Ontario, K1K 3B8, Ottawa",45.4211495,-75.6387663,ddr;other,,ziv
BoulZeye,"3655 Bd du Tricentenaire, Montréal, QC Montréal Québec, H1B 5X4, Montréal",45.6539707,-73.5150468,other,,ziv
Bowlacade,"27 Jennifer Drive Truro Nova Scotia, B2N 6M5, Truro",45.3793584,-63.2518939,other,,ziv
Bowlarama,"16 Dentith Road Halifax Nova Scotia, B3R 2H9, Halifax",44.6133931,-63.6208623,other,,ziv
BOWLARAMA,"3459 Desmond Avenue Halifax Nova Scotia, B3L 2C2, Halifax",44.6557869,-63.6275132,other,,ziv
Bowlarama Dieppe,"476 Gauvin Rd Dieppe Nouveau-Brunswick, E1A 8H7, Dieppe",46.0968552,-64.7304152,other,,ziv
Bowling Stones,"11005 106 Ave. Grande Prairie AB, T8V 7W4, Grande Prairie",55.1750569,-118.8270533,other,,ziv
Bowls & Blasters,"1 Promenade Cir Floor 2 Thornhill Ontario, L4J4P8, Thornhill",43.8082543,-79.4524169,other,,ziv
Break Room (York University),"80 York Boulevard Toronto Ontario, M7A 2C5, Toronto",43.7737475,-79.5026020,other,,ziv
Brewhall,"97 E 2nd Ave Vancouver British Columbia, V5T 1B3, Vancouver",49.2694287,-123.1035286,other,,ziv
Brookstreet Hotel,"525 Legget Drive Ottawa Ontario, K2K 2W2, Ottawa",45.3482037,-75.9184939,other,,ziv
Brunswick Frederick Lanes,"385 Frederick St Kitchener Ontario, N2H 2P2, Kitchener",43.4560818,-80.4726029,other,,ziv
Burn Block Social Club,"1217B 9 Ave SE Calgary Alberta, T2G 0S9, Calgary",51.0415930,-114.0357959,other,,ziv
Canada's Wonderland (Crystal Arcade),"9580 Jane St, Vaughan, ON, Canada Vaughan Ontario, L6A, Vaughan",43.8430317,-79.5394227,ddr;other,,ziv
Capital City Arcade,"457 East Columbia Street New Westminster British Columbia, V3L 3X6, New Westminster",49.2306702,-122.8930151,other,,ziv
Carie Factory,"1345 Route de l'Aéroport L'Ancienne-Lorette Québec, G2G 1G5, L'Ancienne-Lorette",46.7899884,-71.3548654,other,,ziv
Carnival Cinemas,"5402 47 Street Red Deer Alberta, T4N 6Z4, Red Deer",52.2672429,-113.8220338,other,,ziv
Castle Fun Park,"36165 North Parallel Road Abbotsford British Columbia, V3G 2K8, Abbotsford",49.0389766,-122.2237026,other,,ziv
Central City Fun Park,"11125 124 Street Unit #100A Surrey British Columbia, V3V 4V2, Surrey",49.2049409,-122.8823966,other,,ziv
Centre D'amusement Familial 4 Saisons,"930 13e Avenue Nord Sherbrooke Québec, J1E 3J7, Sherbrooke",45.4210401,-71.8710132,other,,ziv
Centre Dixtraction,"8700 Bd Lacroix Saint-Georges Québec, G5Y 2B5, Saint-Georges",46.1313968,-70.6999880,other,,ziv
Centre Méga,"1300 Av. Larivière Rouyn-Noranda Quebec, J9X 4L1, Rouyn-Noranda",48.2224801,-78.9901274,other,,ziv
Centre Playbox,"705 Rue Sainte-Catherine Local 4116a Montréal Québec, H3B 4G5, Montréal",45.5026160,-73.5721460,other,,ziv
CHQ Entertainment,"4800 Kingsway Burnaby British Columbia, V5H 4N2, Burnaby",49.2272058,-122.9994267,chunithm;drs;maimai_dx;ongeki;other;sdvx;taiko,,ziv
Chuck E. Cheese's (South Edmonton Common),"9863 19 Avenue Northwest Edmonton Alberta, T6N 1K8, Edmonton",53.4473484,-113.4840086,other,,ziv
Cineplex Cinema Truro,"8 Treaty Trail Nova Scotia, B6L 1W2",45.3326790,-63.3060360,other,,ziv
Cineplex Cinemas Charlottetown,"670 University Avenue Charlottetown Prince Edward Island, C1E 1H6, Charlottetown",46.2671116,-63.1443549,other,,ziv
Cineplex Cinemas New Glasgow,"612 East River Road New Glasgow Nova Scotia, B2H 3S2, New Glasgow",45.5761558,-62.6380629,other,,ziv
Cineplex Lower Sackville,"760 Sackville Drive Lower Sackville Nova Scotia, B4E 1R7, Lower Sackville",44.7726530,-63.6928276,other,,ziv
Cineplex New Minas,"8944 Commercial Street New Minas Nova Scotia, B4N 3C9, New Minas",45.0675396,-64.4628902,other,,ziv
Cineplex Odeon International Village,"86 West Pender Street Vancouver British Columbia, V6B 6N9, Vancouver",49.2807439,-123.1073160,other,,ziv
Cineplex VIP Cinemas Don Mills,"12 Marie Labatte Road Unit B7 Toronto Ontario, M3C 0H9, Toronto",43.7340828,-79.3465582,other,,ziv
Cinescape (Cineplex Cinemas Park Lane),"5657 Spring Garden Road Halifax Nova Scotia, B3J 1H1, Halifax",44.6428776,-63.5785507,other,,ziv
Cinescape (Cineplex Cinemas Summerside),"130 Ryan St. Summerside Prince Edward Island, C1N 6G2, Summerside",46.4112316,-63.7801191,other,,ziv
Cinescape (Cineplex Cinemas Yonge-Dundas and VIP),"10 Dundas Street East Suite 402 Toronto Ontario, M5B 2G9, Toronto",43.6566724,-79.3804743,other,,ziv
Cinescape (Cineplex Odeon Barrhaven Cinemas),"131 Riocan Avenue Ottawa Ontario, K2J 5G5, Ottawa",45.2688957,-75.7401471,other,,ziv
Cinescape (Cineplex Odeon Quartier Latin),"350 Rue Emery Montréal Québec, H2X 1J1, Montréal",45.5143681,-73.5637176,other,,ziv
Cinescape (Cineplex Odeon South Keys Cinemas),"2214 Bank Street Ottawa Ontario, K1V 1J6, Ottawa",45.3526919,-75.6537719,other,,ziv
Cinescape (Cineplex Odeon Westhills Cinemas),"165 Stewart Green Southwest Calgary Alberta, T3H 3C8, Calgary",51.0161251,-114.1694919,other,,ziv
Cinescape (Cineplex Odeon Windermere Cinemas and VIP),"6151 Currents Drive Northwest Edmonton Alberta, T6W 0L9, Edmonton",53.4363848,-113.6034446,other,,ziv
Cinescape (Galaxy Cinemas Brantford),"300 King George Road Brantford Ontario, N3R 5L7, Brantford",43.1826342,-80.2784238,other,,ziv
Cinescape (Galaxy Cinemas Cornwall),"1325 Second St E Cornwall Ontario, K6H 2B6, Cornwall",45.0152680,-74.7307635,other,,ziv
Cinescape (Galaxy Cinemas Moose Jaw),"1235 Main Street North Moose Jaw Saskatchewan, S6H 1G3, Moose Jaw",50.4033655,-105.5296825,other,,ziv
Cinescape (Galaxy Cinemas Prince Albert),"2995 2 Avenue West Prince Albert Saskatchewan, S6V 5V5, Prince Albert",53.1846339,-105.7634804,ddr;other,,ziv
Ciné Starz Deluxe (Des Sources) (coming soon),"3237 Bd des Sources Dollard-des-Ormeaux Quebec, H9B 1Z6, Dollard-des-Ormeaux",45.4833112,-73.7932134,other,,ziv
Ciné Starz Deluxe (Longueuil),"1401 Chemin de Chambly Longueuil Québec, J4J 3X6, Longueuil",45.5322743,-73.4849846,ddr;other,,ziv
Ciné Starz Deluxe (Taschereau),"3572 Tachereau Greenfield Park Québec, J4V 2H7, Greenfield Park",45.4897724,-73.4771848,other,,ziv
Ciné Starz St. Laurent Centre,"1200 St. Laurent Blvd Ottawa Ontario, K1K 3B8, Ottawa",45.4221604,-75.6377792,other,,ziv
Cinéma Guzzo,"1071 Chem. du Coteau Terrebonne Québec, J6W 5Y8, Terrebonne",45.7104647,-73.6494791,ddr;other,,ziv
Cinéma Triomphe,"1100 Rue Yves-Blais Terrebonne Québec, J6V 1P7, Terrebonne",45.7232911,-73.5047525,other,,ziv
Claw Planet/Planète Claw,"563 Boulevard des Laurentides Laval Québec, H7G2V3, Laval",45.5718827,-73.6935639,chunithm;ddr;drs;gitadora;iidx;jubeat;maimai_dx;ongeki;other;popn;sdvx,,ziv
Cowboys Legends Arcade,"421 12 Ave SE Calgary Alberta, T2G 1A5, Calgary",51.0405490,-114.0550349,other,,ziv
Cravings Late Night Food,"317 Husky Avenue Air Ronge Saskatchewan, S0J 3G0, Air Ronge",55.0831264,-105.3213406,other,,ziv
Crazy Bear,"1516 Merivale Road Nepean Ontario, K2G 3J6, Nepean",45.3562636,-75.7374528,other;taiko,,ziv
Crowne Plaza,"1005 Main Street Moncton New Brunswick, E1C 1G9, Moncton",46.0870840,-64.7838255,other,,ziv
Darkzone Laval,"1605 Boulevard le Corbusier Laval Quebec, H7S 1Z3, Laval",45.5643777,-73.7276783,ddr;other,,ziv
Dartmouth Bowlarama,"31 Atlantic Street Dartmouth Nova Scotia, B2Y 4P4, Dartmouth",44.6517030,-63.5441162,other,,ziv
Dave & Buster's (Oakville Entertainment Centrum),"2021 Winston Park Drive Oakville Ontario, L6H 6P5, Oakville",43.5089720,-79.6679271,ddr;other,,ziv
Dave & Buster's (Ontario Mills),"4821 Mills Circle, Ontario, California, 91764",34.0728981,-117.5480850,ddr,,ziv
Dave & Buster's (Vaughan),"120 Interchange Way Vaughan Ontario, L4K 5C3, Vaughan",43.7883273,-79.5356913,ddr;other,,ziv
Deerland Victoria,"775 Finlayson St Victoria British Columbia, V8T 4W4, Victoria",48.4448370,-123.3675626,other;taiko,,ziv
DP Lazer Maze Inc.,"31 Gaudaur Rd Woodbridge Ontario, L4L 3R8, Woodbridge",43.7684674,-79.5602518,ddr;other,,ziv
Encore Brewing Company,"1400 4 Street North Cranbrook BC, V1C3L5, Cranbrook",49.5158471,-115.7615055,other,,ziv
Energyplex Entertainment Centre,"948 McCurdy Road Kelowna British Columbia, V1X 2P7, Kelowna",49.9014445,-119.4061874,other,,ziv
Epic Games And More,"2612 Quadra Street Victoria British Columbia, V8T 4E4, Victoria",48.4378478,-123.3590571,other;taiko,,ziv
Espace Jeux Village Vacances Valcartier,"2280 Boulevard Valcartier Saint-Gabriel-de-Valcartier Québec, G0A4S0, Saint-Gabriel-de-Valcartier",46.9438755,-71.4759772,ddr;other,,ziv
eSpot,"8181 Cambie Road Unit 1000 Richmond British Columbia, V6X 3X9, Richmond",49.1853728,-123.1336526,chunithm;ddr;gitadora;iidx;jubeat;maimai_dx;museca;nostalgia;ongeki;other;popn;sdvx;taiko,,ziv
Extreme Air Park,"14380 Triangle Rd Richmond British Columbia, V6W 1B2, Richmond",49.1491522,-123.0654144,other,,ziv
Extreme Air Park,"9499 198 St Langley British Columbia, V1M 3B8, Langley",49.0837608,-122.5964355,other,,ziv
Fantasy Fair,"500 Rexdale Boulevard Toronto Ontario, M9W 6K5, Toronto",43.7200536,-79.5993799,other,,ziv
Flippins Bar/Arcade,"375 King Street Fredericton New Brunswick, E3B1E4, Fredericton",45.9626771,-66.6445954,other,,ziv
Forever Young,"6600 Yonge Street North York Ontario, M2M 3X4, North York",43.7966857,-79.4228375,other,,ziv
FreePlay Toronto,"300 College Street Toronto Ontario, M5T 1R9, Toronto",43.6578276,-79.4016600,ddr;jubeat;other,,ziv
Fun & Games,"1200 Summit Drive #6 Kamloops British Columbia, V2C 6L2, Kamloops",50.6663298,-120.3527808,other,,ziv
Fun Factory,"1633c Quebec Ave Saskatoon SK S7K 0T1, Saskatoon",52.1510945,-106.6643097,other;taiko,,ziv
Funhaven,"1050 Baxter Road Ottawa Ontario, K2P 3C1, Ottawa",45.3537681,-75.7800999,ddr;other,,ziv
Funhub,"2-733 Rue Cathcart Montréal Québec, H3B 1M6, Montréal",45.5023692,-73.5695600,other,,ziv
Funtastic Amusement Centre-Ville Granby,"51 Rue Évangéline Granby Québec, J2G 1S1, Granby",45.4138893,-72.7480792,other,,ziv
Funtropolis,"3925, boul. Curé-Labelle Laval Québec, H7P 2P1, Laval",45.5725436,-73.7845927,other,,ziv
Galaxy 51 Arcade,"103 Union Street Bedford Nova Scotia, B4A 2B6, Bedford",44.7373362,-63.6565585,other,,ziv
Galaxy Land,"1767-8882 170 Street Northwest Edmonton Alberta, T5T 4J2, Edmonton",53.5230403,-113.6212408,ddr;other,,ziv
Game Changerz VR,"1437 Commercial Crescent Prince George British Columbia, V2M 0A2, Prince George",53.9114352,-122.7836555,other,,ziv
Game Quest,"1663 Nicholson Street South Prince George British Columbia, V2N 1V7, Prince George",53.9087703,-122.7874221,other,,ziv
Gamerama,"2470 Yonge Street Toronto Ontario, M4P 2H5, Toronto",43.7113371,-79.3996105,other,,ziv
GameTime Eatery & Entertainment (Mississauga),"14-1248 Dundas Street East Mississauga Ontario, L4Y 2C1, Mississauga",43.6054720,-79.5849853,other,,ziv
GameTime Social (Burlington),"3330 South Service Road Burlington Ontario, L7N 3M6, Burlington",43.3603239,-79.7933139,other,,ziv
GameTime Social Vaughan,"2601 Rutherford Rd Concord Ontario, L4K 2N6, Concord",43.8331415,-79.5211700,other,,ziv
Gateway Entertainment Centre,"3414 Gateway Boulevard Northwest Edmonton Alberta, T6J 6R5, Edmonton",53.4688400,-113.4929426,other,,ziv
Glowtown,"5892 Main St Unit 102 Whitchurch-Stouffville Ontario, L4A 1T2, Whitchurch-Stouffville",43.9692932,-79.2599281,other,,ziv
GlowZone 360,"9446 McLaughlin Rd N Unit #7 Brampton Ontario, L6X 4H9, Brampton",43.6842717,-79.7824942,other,,ziv
GOAT Games Yarmouth,"351 Main Street, Unit 2 Yarmouth Nova Scotia, B5A 1E7, Yarmouth",43.8366047,-66.1191505,other,,ziv
Good Vibes YK,"4709 Franklin Avenue Yellowknife Northwest Territories, X1A 2N4, Yellowknife",62.4550320,-114.3688287,other,,ziv
Great Canadian Midway and Strike! Rock and Bowl,"4848 Clifton Hill Niagara Falls Ontario, Niagara Falls",43.0912992,-79.0747716,other,,ziv
Great Wolf Lodge (Niagara Falls),"3950 Victoria Ave Niagara Falls Ontario, L2E 7M8, Niagara Falls",43.1162719,-79.0710375,other,,ziv
Greta Calgary,"213 10 Avenue Southwest Calgary Alberta, T2R 0A4, Calgary",51.0432069,-114.0666787,other,,ziv
Greta Edmonton,"10141 109 Street NW Edmonton Alberta, T5J 3M5, Edmonton",53.5420557,-113.5081310,other,,ziv
Greta Toronto,"590 King St West Toronto Ontario, M5V 1M3, Toronto",43.6448982,-79.3997204,other,,ziv
Greta Vancouver,"50 West Cordova Street Vancouver British Columbia, V6B 1C8, Vancouver",49.2824792,-123.1058318,other,,ziv
Gros Fun (Les Promenades Gatineau),"1100 Boulevard Maloney Ouest Gatineau Québec, J8T 6G3, Gatineau",45.4758713,-75.6971741,other,,ziv
Gros Fun Laurier,"2700 Boulevard Laurier Québec Québec, G1V 2L8, Québec",46.7703012,-71.2864607,other,,ziv
Guzzo Méga-Plex Marché Central 18 avec IMAX,"901 Crémazie Ouest Montréal Québec, H4N 3M5, Montréal",45.5328432,-73.6478836,other,,ziv
Happy Kingdom Brampton,"150 West Dr Unit 6 Brampton Ontario, L6T 4P9, Brampton",43.7068722,-79.7339361,other,,ziv
Happy Kingdom Dundas,"3025 Lenworth Dr Mississauga L4X 2G3, Mississauga",43.5881002,-79.6054540,other,,ziv
Happy Kingdom Toronto,"1980 St Clair Ave W, Toronto Ontario, M6N 0A3, Toronto",43.6729982,-79.4696333,other,,ziv
Heather Lanes Bowling Centre,"610 East River Road New Glasgow Nova Scotia, B2H 3S2, New Glasgow",45.5763980,-62.6377640,other,,ziv
Highland Square Mall,"689 Westville Road New Glasgow Nova Scotia, B2H 2J6, New Glasgow",45.5789514,-62.6667659,other,,ziv
Holy Bowly,"28 Biggs Drive Riverview New Brunswick, E1B 3H5, Riverview",46.0619122,-64.8178629,other,,ziv
House Of Targ,"1077b Bank Street Ottawa Ontario, K1S 3W9, Ottawa",45.3945569,-75.6834251,other,,ziv
Hwy 404 & Steeles Flea Market,"2900 Steeles Ave E Markham L3T 4X1, Markham",43.8130312,-79.3595508,other,,ziv
Jack le Coq,"898 Boulevard Raymond Québec QC, G1C 5P4, Québec",46.8989707,-71.1906876,other,,ziv
Jack Potts Thrill Zone,"1609 Regent Avenue West Winnipeg Manitoba, R2C 3B3, Winnipeg",49.8981166,-97.0677745,other,,ziv
Joysticks Arcade,"25 Main St Wasaga Beach Ontario, L9Z 2K3, Wasaga Beach",44.5240948,-80.0178212,other,,ziv
Jurassique Golf et Amusements,"6633B Taschereau Blvd Brossard Québec, J4Z 1A7, Brossard",45.4698073,-73.4672551,other,,ziv
Karting Orford,"4100 Rue Sherbrooke Magog Québec, J1X 3W5, Magog",45.2980033,-72.0987855,other,,ziv
Kids Kingdom Orléans,"1290 Trim Road Ottawa Ontario, K4A 3N3, Ottawa",45.4897179,-75.4794645,other,,ziv
King Pin Bowling,"5 Gerard Avenue Amherst Nova Scotia, B4H 2S8, Amherst",45.8296450,-64.2134504,other,,ziv
Kingpin Cambridge,"355 Hespeler Road Cambridge Ontario, N1R 6B3, Cambridge",43.3936972,-80.3198304,other,,ziv
La Ronde,"22 Chemin Macdonald Montréal Québec, H3C 6A3, Montréal",45.5226890,-73.5344695,other,,ziv
La Rétro Arcade 2PM,"559 Route 131 Notre-Dame-des-Prairies Quebec, J0K 1M0, Notre-Dame-des-Prairies",46.0620203,-73.4195173,gitadora;other,,ziv
Landmark Cinemas City Centre,"10200 102nd Avenue 3rd Floor City Center Edmonton Alberta, T5J 4B7, Edmonton",53.5430870,-113.4955123,other,,ziv
Landmark Cinemas Kingston,"120 Dalton Avenue Kingston Ontario, K7K 0C3, Kingston",44.2651578,-76.5037614,other,,ziv
Laser City Laser Tag,"572 Aero Drive Northeast Calgary Alberta, T2E 7Y4, Calgary",51.1347864,-114.0347314,other,,ziv
Laser City South Calgary,"9950 Macleod Trail Southwest Calgary Alberta, T2J 3K9, Calgary",50.9618677,-114.0699153,other,,ziv
Laser Force Drummondville,"2250 Rue Demers Drummondville Québec, J2B 0L1, Drummondville",45.8747230,-72.4823864,other,,ziv
Lasermaxx Ottawa,"6-1800 Saint Laurent Boulevard Ottawa Ontario, K1G 1A2, Ottawa",45.4040009,-75.6273233,other,,ziv
Laurentian Lanes,"222 Montée de Liesse Montréal Québec, H4T 1N8, Montréal",45.4773552,-73.7047488,other,,ziv
Lazermania,"865 Upper James St. Hamilton Ontario, L9C 3A3, Hamilton",43.2271207,-79.8823813,other,,ziv
Les Trois Monkeys,"1455 Rue Peel, Montréal, QC H3A 1T5 Les Cours Mont-Royal Montreal Québec, H3A 1T5, Montreal",45.5005588,-73.5734922,other;taiko,,ziv
Level Up Arcade (Landmark Cinemas Country Hills),"300 Country Village Way Northeast Calgary Alberta, T3K 5H1, Calgary",51.1559798,-114.0678254,other,,ziv
Level Up Arcade (Landmark Cinemas Kanata),"801 Kanata Avenue Ottawa Ontario, K2T 1E7, Ottawa",45.3095410,-75.9090274,other,,ziv
Level Up Arcade (Landmark Cinemas Orléans),"3752 Innes Road Ottawa Ontario, K1W 0C8, Ottawa",45.4482157,-75.5156959,other,,ziv
Luv2Play,"1706 99 Ave Unit 105 Grande Prairie AB, T8W0C7, Grande Prairie",55.1700754,-118.8503465,other,,ziv
Magic Mountain TekZone,"150 Magic Mountain Road Moncton New Brunswick, E1G 4V7, Moncton",46.1388419,-64.8877812,other,,ziv
Mar's Mini Golf,"609 1st Ave N Saskatoon Saskatchewan, S7K 1X7, Saskatoon",52.1367676,-106.6620219,chunithm;maimai_dx;other;taiko,,ziv
Marché aux Puces Métropolitain,"6245 Boulevard Métropolitain Est Saint-Léonard Montréal Québec, H1P 1X7, Montréal",45.5922819,-73.5818658,ddr;other,,ziv
Merivale Bowling Centre,"1916 Merivale Road Ottawa Ontario, K2G 1E8, Ottawa",45.3287675,-75.7213783,other,,ziv
Midnight Arcade,"158 Augusta Avenue Toronto Ontario, M5T 2L5, Toronto",43.6529604,-79.4014281,other,,ziv
Mille Pattes Amusements,"40 Rue Jacques-Nau Lévis Québec, G6V 9J4, Lévis",46.7800019,-71.1574307,other,,ziv
Mira Amusement Brossard,"6400 Bd Taschereau #108 Brossard Québec, J4W 3J2, Brossard",45.4730331,-73.4686739,ddr;other,,ziv
Mira Amusement MTL Forum,"2313 Rue Ste-Catherine Ouest Montréal Québec, H3H 1N2, Montréal",45.4904098,-73.5848755,ddr;other,,ziv
Mira Amusement West Island,"48-C Bd Brunswick, Pointe-Claire, QC H9B 2L3 Pointe-Claire Québec, H9B 2L3, Pointe-Claire",45.4815688,-73.7967958,other,,ziv
Montreal Pinball Arcade,"923-B Avenue Girouard Montréal Québec, H4A 3B9, Montréal",45.4693864,-73.6047127,ddr;other,,ziv
Montréal Bowling,"2313 Rue Ste-Catherine O, Montréal, QC Montréal Québec, H3H 1N2, Montréal",45.4898267,-73.5839869,other,,ziv
Montréal Science Centre,"2 Rue de la Commune Ouest Montréal Québec, H2Y 4B2, Montréal",45.5047379,-73.5507392,other,,ziv
MontVR Trois-Rivières,"4025 Bd des Forges Trois-Rivières Quebec, G8Y 1V9, Trois-Rivières",46.3545664,-72.5874934,other,,ziv
Moonlight Movies,"3806 Albert Street Regina Saskatchewan, S4S 3R2, Regina",50.4187093,-104.6181638,other,,ziv
Moose McGuire's Orleans,"4025 Innes Rd Ottawa Ontario, K1C 6V3, Ottawa",45.4560593,-75.5057663,other,,ziv
Moose McGuire’s Kanata,"320 Eagleson Road Ottawa Ontario, K2M 1C9, Ottawa",45.3006745,-75.8761711,other,,ziv
Most Wanted Pawn,"311 Macdonald Street New Glasgow Nova Scotia, B2H 2V2, New Glasgow",45.5845790,-62.6457929,other,,ziv
Most Wanted Pawn,"515 Prince Street Truro Nova Scotia, B2N 1E8, Truro",45.3659288,-63.2859774,other,,ziv
Méga Parc,"5401 Boulevard des Galeries Québec Québec, G2K 1N4, Québec",46.8295841,-71.2997016,other,,ziv
Neb's Fun World,"1300 Wilson Street North Oshawa Ontario, L1K 2B8, Oshawa",43.9354920,-78.8586940,other,,ziv
New Play,"8882 170 St NW Edmonton Alberta, T5T 4M2, Edmonton",53.5236700,-113.6256695,other,,ziv
Niagara Falls Fun Zone,"4955 Clifton Hill Niagara Falls Ontario, L2G 3N5, Niagara Falls",43.0915683,-79.0752477,ddr;other,,ziv
Niagara Falls Fun Zone,"6455 Fallsview Blvd Niagara Falls Ontario, L2G 3V9, Niagara Falls",43.0802358,-79.0846539,other,,ziv
Nottawasaga Inn Resort & Conference Centre,"6015 ON-89 Alliston Ontario, L9R 1A4, Alliston",44.1648708,-79.7990604,other,,ziv
Olympia Bowl Hawkesbury,"1431 Lansdowne St Hawkesbury Ontario, K6A 1J5, Hawkesbury",45.6060143,-74.5868155,other,,ziv
Orleans Bowling Centre - OBC,"885 Taylor Creek Dr Ottawa Ontario, K4A 0Z9, Ottawa",45.4927225,-75.4813448,other,,ziv
Party Zone 51,"854 Boulevard des Bois Francs Sud Victoriaville Québec, G6P 5W4, Victoriaville",46.0406562,-71.9191374,ddr;other,,ziv
Phantom Amusement,"1 Forks Market Road Winnipeg Manitoba, R3C 4L9, Winnipeg",49.8875653,-97.1316236,gitadora;other,,ziv
Pin Up Arcade Bar,"247 King St N Unit 8 Waterloo ON, N2J 2Y8, Waterloo",43.4760716,-80.5258822,other,,ziv
PinBar,"501 17 Avenue SW Calgary Alberta, T2S 0A9, Calgary",51.0377037,-114.0717328,other,,ziv
Pixel Paradise Arcade @ Bayfield Mall,"320 Bayfield St Unit 201 Barrie Ontario, L4M 3C1, Barrie",44.4003069,-79.7031122,chunithm;ddr;gitadora;iidx;jubeat;nostalgia;other;popn;taiko,,ziv
Pixel Paradise Arcade @ Rainbow Mall,"3 Massey St. Unit 14 Angus Ontario, L0M 1B0, Angus",44.3151350,-79.8836598,ddr;gitadora;other,,ziv
Place Biermans,"1553 Bd Hubert-Biermans Shawinigan Québec, G9N 8N6, Shawinigan",46.5746330,-72.7203714,other,,ziv
Planet Laser,"461 North Service Rd W Oakville Ontario, L6M 2V5, Oakville",43.4409893,-79.7079027,other,,ziv
Planet Lazer,"1960 Springfield Road Kelowna British Columbia, V1Y 7R8, Kelowna",49.8775614,-119.4518404,other,,ziv
Playcade,"44 Victoria Street East New Tecumseth Ontario, L9R 1T4, New Tecumseth",44.1545782,-79.8674673,other,,ziv
Playdium (Brampton),"20 Biscayne Crescent Brampton Ontario, L6W 4S1, Brampton",43.6803806,-79.7160995,other,,ziv
Playdium (Dartmouth),"21 Cabela Road Dartmouth Nova Scotia, B3B 0B6, Dartmouth",44.7098370,-63.5601906,other,,ziv
Playdium (Fairview),"1800 Sheppard Ave E Unit Y007 North York Ontario, M2J 5A7, North York",43.7777872,-79.3447312,other,,ziv
Playdium (Whitby),"75 Consumers Drive Building V Whitby Ontario, L1N 2C2, Whitby",43.8686994,-78.9150185,other,,ziv
PLAYDIUM VAUGHAN,"1 BASS PRO MILLS DR, CONCORD, ON L4K5W4",43.8243094,-79.5418631,maimai_dx;other;taiko,,allnet;ziv
Playland Arcade,"34 Main Street Winnipeg Beach Manitoba, R0C 3G0, Winnipeg Beach",50.4975412,-96.9666892,other,,ziv
Playtime Bowl & Entertainment,"33 Samor Rd Toronto Ontario, M6A 1J2, Toronto",43.7176924,-79.4583500,other,,ziv
Plaza Bowl,"1799 Garden St Greater Sudbury Ontario, P3A 5E7, Greater Sudbury",46.5206216,-80.9311509,other,,ziv
Pony Boat Social Club,"157 Kent Street Charlottetown Prince Edward Island, C1A 1N5, Charlottetown",46.2368428,-63.1273220,other,,ziv
Pop Topic,"263 Queen St E Unit #15 Brampton Ontario, L6W4K6, Brampton",43.7000778,-79.7430101,other,,ziv
PowerPlay YYC,"Southcentre Mall Unit 400, 100 Anderson Road SE Calgary Alberta, T2J 3V1, Calgary",50.9519725,-114.0646935,other,,ziv
Propeller Brewing Company,"2015 Gottingen Street Halifax Nova Scotia, B3K 3B1, Halifax",44.6508737,-63.5814132,other,,ziv
Putting Edge,"182 Chain Lake Drive Halifax Nova Scotia, B3S 1C5, Halifax",44.6476341,-63.6729896,other,,ziv
Putting Edge Montréal,"1259 Rue Guy Montréal Québec, H3H 2K5, Montréal",45.4951286,-73.5771908,other,,ziv
Putting Edge Ottawa,"5 Roydon Place Ottawa Ontario, K2E 1A3, Ottawa",45.3388920,-75.7247418,other,,ziv
Quazar's Arcade,"1215 Government Street Victoria British Columbia, V8W 1Y5, Victoria",48.4258894,-123.3674384,chunithm;ddr;maimai_dx;other;sdvx,,ziv
Quilles G plus Rose Bowl,"6510 Rue Saint-Jacques Montréal Québec, H4B 1T6, Montréal",45.4611167,-73.6221028,other,,ziv
Retro,"86 West St. Corner Brook NL, A2H2Z3, Corner Brook",48.9508028,-57.9407574,other,,ziv
Retro Oasis Escape Rooms and Arcade,"105 - 100 Stockton Avenue Okotoks Alberta, T1S 1A9, Okotoks",50.7195926,-113.9557354,other,,ziv
RetroMTL,"4023 Rue Hochelaga Montréal Québec, H1W 1K4, Montréal",45.5520259,-73.5486976,other;sdvx,,ziv
Richmond Hill Pro Bowl,"10593 Yonge St Richmond Hill Ontario, L4C 3C5, Richmond Hill",43.8857845,-79.4389844,other,,ziv
Riptide Lagoon,"1000 Resort Drive Parksville British Columbia, V9P 2E3, Parksville",49.3138974,-124.2736101,other,,ziv
Rival Axe Throwing,"109 Gateway Dr NE #3113 airdrie Alberta, T4B 0J6, airdrie",51.3069618,-114.0039468,other,,ziv
Riverdale Fun Centre,"943 Conception Bay Highway Conception Bay South Newfoundland and Labrador, A1X 7S9, Conception Bay South",47.4915303,-53.0295253,ddr;other,,ziv
Rogers Centre,"1 Blue Jays Way Toronto Ontario, M5V 1J1, Toronto",43.6420383,-79.3893100,other,,ziv
Scandia Golf and Games,"2898 Highway 97 North Kelowna British Columbia, V1X 5C1, Kelowna",49.9053281,-119.4064162,ddr;other,,ziv
Scooter's Roller Palace,"2105 Royal Windsor Drive Mississauga Ontario, L5J 1K5, Mississauga",43.5104017,-79.6319318,other,,ziv
Seven-Ten Split: Bowling Alley,"350 SE 13th St., Ontario, Oregon, 97914",44.0225353,-116.9442406,ddr,,ziv
Silverball Games @ Best Western Plus Chocolate Lake,"250 Saint Margarets Bay Road Halifax Nova Scotia, B3N, Halifax",44.6397451,-63.6241572,ddr;other,,ziv
Silverball Games @ Staggers Pub & Grub,"24 - 30 Portland Street Dartmouth Nova Scotia, B2Y 1G9, Dartmouth",44.6647215,-63.5674996,other,,ziv
SilverCity CrossIron Mills Cinemas & Xscape Entertainment Centre,"261055 Crossiron Boulevard Rocky View County Alberta, T4A 0G3, Rocky View County",51.2021357,-113.9908579,ddr;other,,ziv
SilverCity Newmarket Cinemas and Xscape Entertainment Centre,"18195 Yonge Street East Gwillimbury Ontario, L9N 0H9, East Gwillimbury",44.0716306,-79.4813577,other,,ziv
Singhs Arcade,"81A Rue Sainte Anne Sainte-Anne-de-Bellevue Québec, H9X 1L9, Sainte-Anne-de-Bellevue",45.4034611,-73.9510439,other,,ziv
Skate & Play,"1101 Baxter Road Ottawa Ontario, K2C 3Z3, Ottawa",45.3525008,-75.7816462,other,,ziv
Skylon Tower,"5200 Robinson Street Niagara Falls Ontario, Niagara Falls",43.0866630,-79.0794640,other,,ziv
Smash n Axe Arcade Disco,"1763 Henderson Hwy Basement Winnipeg MB R2G 2H8, Winnipeg",49.9522847,-97.0771614,other,,ziv
Soo Blaster,"345 Queen Street East Sault Ste. Marie Ontario, P6A 1Z2, Sault Ste. Marie",46.5125779,-84.3346033,other,,ziv
Sparkles Family Entertainment,"33 Macgregor Avenue Stellarton Nova Scotia, B0K 0A2, Stellarton",45.5761836,-62.6734414,other,,ziv
Sparkles Family Entertainment // Mayflower Mall,"Unnamed Road Grand Lake Road Nova Scotia, B1P 6S9, Grand Lake Road",46.1477427,-60.1363008,other,,ziv
Speeders Calgary Chinook,"4000 - 324 58 Ave SE Calgary Alberta, T2H 0P1, Calgary",51.0019442,-114.0588221,other,,ziv
Spin-it Records and Video,"467 Main Street Moncton New Brunswick, E1C 1C2, Moncton",46.0907048,-64.7715511,other,,ziv
Splitsville (Hamilton),"1525 Stone Church Rd. E. Hamilton Ontario, L8W 3P8, Hamilton",43.1959577,-79.8224154,other,,ziv
Splitsville (Kanata),"255 Kanata Avenue Unit DD Kanata Ontario, K2T 1K5, Kanata",45.3107392,-75.9056595,other,,ziv
Splitsville (Nanaimo),"171 Calder Rd. Nanaimo British Columbia, V9R 6J2, Nanaimo",49.1684165,-123.9863504,other,,ziv
Splitsville (Richmond Hill),"9 East Wilmot Street Richmond Hill Ontario, L4B 1A3, Richmond Hill",43.8523397,-79.3835807,other,,ziv
Splitsville (Waterloo),"341 Marsland Drive Waterloo Ontario, N2J3Z2, Waterloo",43.4828816,-80.5193129,other,,ziv
Splitsville (Woodbridge),"171 Marycroft Avenue Vaughan Ontario, L4L 5Y3, Vaughan",43.7839105,-79.5656624,other,,ziv
Splitsville Bowl,"13543 St Albert Trail NW Edmonton T5L5E7, Edmonton",53.5970703,-113.5712189,other,,ziv
Splitsville Bowl Riverport,"14200 Entertainment Blvd. #150 Richmond British Columbia, V6W 1K3, Richmond",49.1344831,-123.0649422,other,,ziv
Starlite Drive In Theatre,"59 Green Mountain Rd E Hamilton Ontario, L8J 2V5, Hamilton",43.1988940,-79.7592991,other,,ziv
Stillwell Bar,"1672 Barrington Street Halifax Nova Scotia, B3J 2A2, Halifax",44.6468599,-63.5740786,other,,ziv
Stoked by Splitsville Bowl,"303 Owen Mnr Saskatoon SK S7V 0P1, Saskatoon",52.1325562,-106.5575825,other,,ziv
Super Bowl,"300 Sackville Drive Lower Sackville Nova Scotia, B4C 2R6, Lower Sackville",44.7606149,-63.6727742,other,,ziv
TAG E-Karting & Amusement,"300 Rue Sicard Sainte-Thérèse Québec, J7E 3X4, Sainte-Thérèse",45.6421375,-73.8595938,ddr;other,,ziv
Tail Gators,"1642 Merivale Road Ottawa Ontario, K2G 4A1, Ottawa",45.3442601,-75.7314527,other,,ziv
The Arcadium Grande Prairie,"11012 100 Street Grande Prairie AB, T8V 2N1, Grande Prairie",55.1802981,-118.7963408,gitadora;other;taiko,,ziv
The Arcadium Lethbridge,"905 1 Ave S #400 Lethbridge AB, T1J 4M7, Lethbridge",49.6986104,-112.8302041,other;taiko,,ziv
The Barn at Twin Shores Camping Area,"702 Lower Darnley Road Kensington Prince Edward Island, C0B 1M0, Kensington",46.5622874,-63.6667935,other,,ziv
The Bubble Toronto,"65 Orfus Rd Unit A Toronto Ontario, M6A 1L7, Toronto",43.7186559,-79.4626361,other,,ziv
The Factory,"100 Kellogg Lane London Ontario, N5W 2T5, London",42.9923277,-81.2124181,other,,ziv
The Fun Factor Family Fun Centre,"910 Tranquille Road Kamloops British Columbia, V2B 3J5, Kamloops",50.7002201,-120.3664736,ddr;other,,ziv
The Ottawa Pinball Arcade / The Neighbourhood Pub,"2557 Baseline Rd. Ottawa Ontario, K2H 7B3, Ottawa",45.3417557,-75.7870053,other,,ziv
The Play Scape,"30 Dean Park Rd Scarborough M1B 3H1, Scarborough",43.8030510,-79.1696477,other,,ziv
The Rec Room (Barrie Park Place),"8 North Village Way Barrie Ontario, L4N 0M7, Barrie",44.3420936,-79.6790528,other,,ziv
The Rec Room (Burnaby Brentwood),"1920 Willingdon Avenue Unit 2106 Burnaby British Columbia, V5C 0K3, Burnaby",49.2674440,-123.0021438,maimai_dx;other;taiko,,ziv
The Rec Room (Calgary Deerfoot),"1180 - 901 64 Avenue NE Calgary Alberta, T2E 7P4, Calgary",51.1089006,-114.0438256,other,,ziv
The Rec Room (Granville),"855 Granville St Vancouver British Columbia, V6Z 1K3, Vancouver",49.2809014,-123.1208207,other,,ziv
The Rec Room (London Masonville),"1680 Richmond Street London Ontario, N6G 3Y9, London",43.0249413,-81.2776172,other,,ziv
The Rec Room (Mississauga Square One),"100 City Centre Drive Unit #1-705 Mississauga Ontario, L5B 2C9, Mississauga",43.5925917,-79.6453428,other,,ziv
The Rec Room (Royalmount),"5050 chemin de la Côte-de-Liesse Mont-Royal, QC Montréal Québec, H4P 0C9, Montréal",45.4996771,-73.6666717,other,,ziv
The Rec Room (South Edmonton),"1725 99 Street Northwest Edmonton Alberta, T6N 1K5, Edmonton",53.4460034,-113.4841180,other,,ziv
The Rec Room (St. John's Avalon),"48 Kenmount Road St. John's Newfoundland and Labrador, A1B 1W3, St. John's",47.5615867,-52.7540275,other,,ziv
The Rec Room (Toronto Roundhouse),"255 Bremner Boulevard Toronto Ontario, M5V 3L9, Toronto",43.6410600,-79.3866062,other,,ziv
The Rec Room (West Edmonton Mall),"Unit 2065, 8882 170 Street NW Edmonton Alberta, T5T 3J7, Edmonton",53.5205805,-113.6191985,other,,ziv
The Rec Room (Winnipeg Tuxedo),"696 Sterling Lyon Pkwy Lot 5 Winnipeg Manitoba, R3P 1J9, Winnipeg",49.8417400,-97.2209911,other,,ziv
The Storehouse Bar & Grill,"666 Astro Hill Iqaluit Nunavut, X0A 0H0, Iqaluit",63.7479344,-68.5104624,other,,ziv
The Sweet Spot Victoriaville,"288 Rue Notre Dame Est Victoriaville QC, G6P 4A3, Victoriaville",46.0579182,-71.9521124,other,,ziv
The Zone,"70 Joseph Street Parry Sound Ontario, P2A2G5, Parry Sound",45.3592472,-80.0429423,ddr;other,,ziv
Tilt Arcade Bar,"1255 Queen Street West Toronto Ontario, M6K 1L4, Toronto",43.6416413,-79.4308416,ddr;other,,ziv
Tilt Arcade Bar,"359 Talbot St London Ontario, N6A 2R5, London",42.9813244,-81.2513423,ddr;other,,ziv
TimeOut Arcade at Centre Eaton de Montréal,"705 Sainte-Catherine Ouest Montréal Québec, H3B 4G5, Montréal",45.5029904,-73.5712405,other,,ziv
Toybox Cranes @ Pacific Mall,"4300 Steeles Avenue East, 2nd Floor Markham Ontario, L3R0Y5, Markham",43.8253618,-79.3060137,other,,ziv
Truro Mall,"245 Robie Street Truro Nova Scotia, B2N 5N6, Truro",45.3710140,-63.3030987,other,,ziv
University of Waterloo DDR Club,"200 University Avenue West Waterloo Ontario, N2L 3G1, Waterloo",43.4715580,-80.5453719,other,,ziv
Valhalla Games,"365 Cariboo Hwy #1 100 Mile House British Columbia , V0K 2E0, 100 Mile House",51.6432002,-121.2963348,ddr;other,,ziv
Vic Square Arcade,"2223 Victoria Ave E unit 28 Regina Saskatchewan, S4N 6E4, Regina",50.4447193,-104.5509583,other;taiko,,ziv
VicVR,"2822 Nanaimo Street Victoria British Columbia, V8T 4W9, Victoria",48.4403145,-123.3653635,other,,ziv
Vogue Theater,"321 2 Avenue Fernie British Columbia, V0B 1M0, Fernie",49.5016769,-115.0631636,ddr;other,,ziv
Waterloo Rhythm Arcade @ Waterloo Central Supermarket,"140 University Ave W, Waterloo Ontario, N2L 6J3, Waterloo",43.4729768,-80.5350905,maimai_dx;other,,ziv
Woodgrove Arcade,"6631 Island Hwy N #154 Nanaimo British Columbia, V9T 4T7, Nanaimo",49.2364186,-124.0521564,other;taiko,,ziv
X-Play,"30 North Village Way Barrie Ontario, L4N 6P3, Barrie",44.3421055,-79.6820601,other,,ziv
Xeroz arcade bar,"234 Saint George Street Moncton New Brunswick, E1C 1V9, Moncton",46.0909617,-64.7827171,other,,ziv
Xscape (Cineplex Cinemas at The Centre),"3510-8th Street Saskatoon Saskatchewan, S7H 0W6, Saskatoon",52.1135950,-106.5982173,other,,ziv
Xscape (Cineplex Cinemas Coquitlam and VIP),"170 Schoolhouse Street Coquitlam British Columbia, V3K 6V6, Coquitlam",49.2352890,-122.8540242,other,,ziv
Xscape (Cineplex Cinemas Dartmouth Crossing),"145 Shubie Drive Dartmouth Nova Scotia, B3B 0C3, Dartmouth",44.7078968,-63.5603661,other,,ziv
Xscape (Cineplex Cinemas Dieppe),"1 Promenade Bass Pro Drive Dieppe New Brunswick, E1A 6S5, Dieppe",46.0982855,-64.7635889,other,,ziv
Xscape (Cineplex Cinemas East Hills),"205 East Hills Boulevard SE Calgary Alberta, T2A 7A6, Calgary",51.0389687,-113.9140901,other,,ziv
Xscape (Cineplex Cinemas Empress Walk),"5095 Yonge St Toronto Ontario, M2N 6Z4, Toronto",43.7687269,-79.4121408,ddr;other,,ziv
Xscape (Cineplex Cinemas Fredericton),"1381 Regent Street Fredericton New Brunswick, E3C 1A2, Fredericton",45.9347612,-66.6655057,other,,ziv
Xscape (Cineplex Cinemas Hamilton Mountain),"795 Paramount Drive Stoney Creek Ontario, L8J 0B4, Stoney Creek",43.1935557,-79.8091936,other,,ziv
Xscape (Cineplex Cinemas Kitchener and VIP),"225 Fairway Road South Kitchener Ontario, N2C 1X2, Kitchener",43.4202919,-80.4387617,other,,ziv
Xscape (Cineplex Cinemas Langley),"20090 91A Avenue Langley British Columbia, V1M 3Y9, Langley",49.1683628,-122.6654890,other,,ziv
Xscape (Cineplex Cinemas Lansdowne and VIP),"325 Marché Way, Unit 107 Ottawa Ontario, K1S 5J3, Ottawa",45.4005866,-75.6836702,other,,ziv
Xscape (Cineplex Cinemas Manning Town Centre),"15531 37 ST NW Edmonton Alberta, T5Y 0S5, Edmonton",53.6162713,-113.3943560,other,,ziv
Xscape (Cineplex Cinemas Marine Gateway and VIP),"452 Southwest Marine Drive Vancouver British Columbia, V5X 0C3, Vancouver",49.2099298,-123.1156683,other,,ziv
Xscape (Cineplex Cinemas Markham and VIP),"179 Enterprise Boulevard Markham Ontario, L6G 1B3, Markham",43.8489818,-79.3231344,other,,ziv
Xscape (Cineplex Cinemas Metropolis),"4700 Kingsway Burnaby British Columbia, V5H 4M5, Burnaby",49.2279363,-123.0011272,other,,ziv
Xscape (Cineplex Cinemas Mississauga),"309 Rathburn Road West Mississauga Ontario, L5B 4C1, Mississauga",43.5923586,-79.6513993,other,,ziv
Xscape (Cineplex Cinemas Normanview),"420 McCarthy Boulevard North Unit 26 Regina Saskatchewan, S4R 7M2, Regina",50.4833965,-104.6669251,other,,ziv
Xscape (Cineplex Cinemas North Edmonton and VIP),"14231-137th Avenue Edmonton Alberta, T5L 58E, Edmonton",53.5980618,-113.5685046,other,,ziv
Xscape (Cineplex Cinemas Oakville and VIP),"3531 Wyecroft Road Oakville Ontario, L6L 0B7, Oakville",43.3936381,-79.7513895,other,,ziv
Xscape (Cineplex Cinemas Ottawa),"3090 Carling Avenue Ottawa Ontario, K2B 7K2, Ottawa",45.3532490,-75.8047414,ddr;other,,ziv
Xscape (Cineplex Cinemas Park Royal and VIP),"3000 Park Royal South West Vancouver British Columbia, V7T 2W4, West Vancouver",49.3253242,-123.1382894,other,,ziv
Xscape (Cineplex Cinemas Pickering and VIP),"1355 Kingston Road Pickering Ontario, L1V 1B8, Pickering",43.8349408,-79.0878913,other,,ziv
Xscape (Cineplex Cinemas Queensway and VIP),"1025 The Queensway Etobicoke, ON Toronto Ontario, M8Z 6C7, Toronto",43.6210334,-79.5152013,other,,ziv
Xscape (Cineplex Cinemas Saint John),"175 McAllister Drive Saint John New Brunswick, E2J 2S6, Saint John",45.3116428,-66.0155153,other,,ziv
Xscape (Cineplex Cinemas Scarborough),"300 Borough Drive Scarborough Ontario, M1P 4P5, Scarborough",43.7755160,-79.2557853,other,,ziv
Xscape (Cineplex Cinemas Seton and VIP),"19683 Seton Crescent SE Calgary Alberta, T3M 2N9, Calgary",50.8758578,-113.9610315,other,,ziv
Xscape (Cineplex Cinemas Sherwood Park),"2020 Sherwood Drive Sherwood Park Alberta, T8A 3H9, Sherwood Park",53.5325831,-113.2931380,other,,ziv
Xscape (Cineplex Cinemas Southland),"3025 Gordon Road Regina Saskatchewan, S4S 6H7, Regina",50.4051134,-104.6267389,other,,ziv
Xscape (Cineplex Cinemas Strawberry Hill),"12161-72nd Avenue Surrey British Columbia, V3W 2M1, Surrey",49.1357713,-122.8858942,other,,ziv
Xscape (Cineplex Cinemas Trinity Drive),"127 Trinity Drive Moncton New Brunswick, E1G 2J7, Moncton",46.1166286,-64.8345253,other,,ziv
Xscape (Cineplex Cinemas Vaughan),"3555 Highway 7 Vaughan Ontario, L4L 6B1, Vaughan",43.7889392,-79.5428643,ddr;other,,ziv
Xscape (Cineplex Cinemas Winston Churchill & VIP),"2081 Winston Park Drive Oakville Ontario, L6H 6P5, Oakville",43.5097014,-79.6696007,other,,ziv
Xscape (Cineplex Cinemas Yonge-Eglinton and VIP),"2300 Yonge St Toronto Ontario, M4P 1E4, Toronto",43.7067899,-79.3983555,other,,ziv
Xscape (Cineplex Cinemas Yorkdale),"3401 Dufferin Street Toronto Ontario, M6A 2T9, Toronto",43.7260638,-79.4552035,other,,ziv
Xscape (Cineplex Junxion Erin Mills),"5100 Erin Mills Parkway Mississauga Ontario, L5M 4Z5, Mississauga",43.5568639,-79.7119306,other,,ziv
Xscape (Cineplex Junxion Kildonan Place),"1555 Regent Avenue West Winnipeg Manitoba, R2C 4J2, Winnipeg",49.8994359,-97.0622537,other,,ziv
Xscape (Cineplex Odeon Aurora Cinemas),"15460 Bayview Avenue Aurora Ontario, L4G 7J1, Aurora",44.0095924,-79.4480181,other,,ziv
Xscape (Cineplex Odeon Crowfoot Crossing Cinemas),"91 Crowfoot Terrace Northwest Calgary Alberta, T3G 2L5, Calgary",51.1270904,-114.2021439,other,,ziv
Xscape (Cineplex Odeon Devonshire Mall Cinemas),"3100 Howard Avenue Windsor Ontario, N8X 3Y8, Windsor",42.2742604,-82.9999977,other,,ziv
Xscape (Cineplex Odeon Eglinton Town Centre Cinemas),"22 Lebovic Ave Scarborough Ontario, M1L 4V9, Scarborough",43.7224068,-79.2919752,other,,ziv
Xscape (Cineplex Odeon Gardiners Road Cinemas),"626 Gardiners Road Kingston Ontario, K7M 3X9, Kingston",44.2441791,-76.5619649,other,,ziv
Xscape (Cineplex Odeon Meadowtown Cinemas),"#410, 19800 Lougheed Highway Pitt Meadows British Columbia, V3Y 2W1, Pitt Meadows",49.2234554,-122.6732996,other,,ziv
Xscape (Cineplex Odeon Niagara Square Cinemas),"7555 Montrose Road D2 Niagara Falls Ontario, L2H 2E9, Niagara Falls",43.0681040,-79.1278481,other,,ziv
Xscape (Cineplex Odeon Oshawa Cinemas),"1351 Grandview Street North Oshawa Ontario, L1K 0G1, Oshawa",43.9415060,-78.8364745,other,,ziv
Xscape (Cineplex Odeon South Edmonton Cinemas),"1525 99 Street Northwest Edmonton Alberta, T6N 1K5, Edmonton",53.4455172,-113.4814978,other,,ziv
Xscape (Cineplex Odeon Sunridge Spectrum Cinemas),"#400, 2555-32nd Street NE Calgary Alberta, T1Y 7J6, Calgary",51.0744081,-113.9911473,other,,ziv
Xscape (Cinéma Banque Scotia Montréal),"977 Rue Ste-Catherine O, Montréal, QC Montréal Québec, H3B 4W3, Montréal",45.5011062,-73.5720039,ddr;other,,ziv
Xscape (Cinéma Cineplex Kirkland),"3200 Jean Yves Street Kirkland Québec, H9J 3X5, Kirkland",45.4404684,-73.8898373,other,,ziv
Xscape (Cinéma Cineplex Laval),"2800 Avenue du Cosmodôme Laval Québec, H7V 2X1, Laval",45.5636714,-73.7422916,other,,ziv
Xscape (Cinéma Cineplex Odeon Beauport),"825 rue Clémenceau Ville de Québec Québec, G1C 2K6, Ville de Québec",46.8700231,-71.2087706,other,,ziv
Xscape (Cinéma Cineplex Odeon Brossard et VIP),"9350 Boulevard Leduc, Brossard, QC Brossard Québec, J4Y 0B3, Brossard",45.4457185,-73.4342149,other,,ziv
Xscape (Cinéma Cineplex Odeon Sainte-Foy),"1200 autoroute Duplessis Sainte-Foy Québec, G2G2B5, Sainte-Foy",46.7859343,-71.3540232,other,,ziv
Xscape (Cinéma Galaxy Sherbrooke),"4204 Rue Bertrand-Fabi Sherbrooke Québec, J1N 3Y2, Sherbrooke",45.3837276,-71.9616723,other,,ziv
Xscape (Cinéma Starcité Gatineau),"115 Boul du Plateau Gatineau Québec, J9A 3G1, Gatineau",45.4338228,-75.7751943,other,,ziv
Xscape (Cinéma Starcité Montréal),"4825 Pierre-de Coubertin Ave Montréal Québec, H1V 3V4, Montréal",45.5611795,-73.5491967,other,,ziv
Xscape (Famous Players 6 Cinemas),"172-1600 15th Avenue Prince George British Columbia, V2L 3X3, Prince George",53.9120377,-122.7599162,other,,ziv
Xscape (Galaxy Cinemas Barrie),"72 Commerce Park Drive Barrie Ontario, L4N 8W8, Barrie",44.3238020,-79.6845674,other,,ziv
Xscape (Galaxy Cinemas Belleville),"160 Bell Boulevard Belleville Ontario, K8P 5L2, Belleville",44.1886819,-77.4055910,other,,ziv
Xscape (Galaxy Cinemas Guelph),"485 Woodlawn Road West Guelph Ontario, N1K 1E9, Guelph",43.5441622,-80.3091359,other,,ziv
Xscape (Galaxy Cinemas Lethbridge),"501-1st Avenue South West Lethbridge Alberta, T1J 0A1, Lethbridge",49.6992974,-112.8402168,other,,ziv
Xscape (Galaxy Cinemas Medicine Hat),"3292 Dunmore Road SE Medicine Hat Alberta, T1B 2R4, Medicine Hat",50.0038430,-110.6459686,other,,ziv
Xscape (Galaxy Cinemas Nanaimo),"213-4750 Rutherford Road Nanaimo British Columbia, V9T 4K6, Nanaimo",49.2185379,-124.0292072,other,,ziv
Xscape (Galaxy Cinemas Peterborough),"320 Water Street Peterborough Ontario, K9H 7N9, Peterborough",44.3043492,-78.3182448,other,,ziv
Xscape (Galaxy Cinemas Red Deer),"357 Liberty Avenue Red Deer Alberta, T4E 0A5, Red Deer",52.2116718,-113.8202724,other,,ziv
Xscape (Galaxy Cinemas Sault Ste. Marie),"293 Bay Street Sault Ste. Marie Ontario, P6A 1X3, Sault Ste. Marie",46.5122161,-84.3392515,other,,ziv
Xscape (Galaxy Cinemas Waterloo),"550 King Street North Waterloo Ontario, N2L 5W6, Waterloo",43.4964895,-80.5257082,other,,ziv
Xscape (Scotiabank Theatre Chinook),"6455 Macleod Trail SW Calgary Alberta, T2H 0K4, Calgary",50.9953441,-114.0747999,other,,ziv
Xscape (Scotiabank Theatre Edmonton),"8770 170 Street Edmonton Alberta, T5T 4M2 , Edmonton",53.5229365,-113.6283598,ddr;other,,ziv
Xscape (Scotiabank Theatre Halifax),"190 Chain Lake Drive Halifax Nova Scotia, B3S 1C5, Halifax",44.6496411,-63.6712942,other,,ziv
Xscape (Scotiabank Theatre Ottawa),"2385 City Park Drive Ottawa Ontario, K1J 1G1, Ottawa",45.4314030,-75.6135231,other,,ziv
Xscape (Scotiabank Theatre Saskatoon and VIP),"347 2 Avenue South Saskatoon Saskatchewan, S7K 1L2, Saskatoon",52.1254160,-106.6664552,other,,ziv
Xscape (Scotiabank Theatre Toronto),"259 Richmond St. W. Toronto Ontario, M5V 3M6, Toronto",43.6489324,-79.3913844,other,,ziv
Xscape (Scotiabank Theatre Winnipeg),"1485 Portage Avenue Winnipeg Manitoba, R3G 0W4, Winnipeg",49.8875898,-97.2000542,other,,ziv
Xscape (SilverCity Brampton Cinemas),"50 Great Lakes Drive Brampton Ontario, L6R 2K7, Brampton",43.7330110,-79.7677589,other,,ziv
Xscape (SilverCity London Cinemas),"1680 Richmond Street London Ontario, N6G 3Y9, London",43.0271296,-81.2783575,other,,ziv
Xscape (SilverCity Richmond Hill Cinemas),"8725 Yonge Street Richmond Hill Ontario, L4C 6Z1, Richmond Hill",43.8407101,-79.4275475,other,,ziv
Xscape (SilverCity Riverport Cinemas),"14211 Entertainment Boulevard Richmond British Columbia, V6W 1K4, Richmond",49.1349254,-123.0657041,other,,ziv
Xscape (SilverCity St. Vital Cinemas),"1225 Saint Mary's Road Winnipeg Manitoba, R2M 5L5, Winnipeg",49.8278048,-97.1095280,other,,ziv
Xscape (SilverCity Sudbury Cinemas),"355 Barry Downe Road Greater Sudbury Ontario, P3B 2E7, Greater Sudbury",46.5022178,-80.9475660,other,,ziv
Xscape (SilverCity Thunder Bay Cinemas),"850 North May Street Thunder Bay Ontario, P7C 6A5, Thunder Bay",48.3987218,-89.2443252,other,,ziv
Xscape (SilverCity Victoria Cinemas),"3130 Tillicum Road Victoria British Columbia, V9A 6T2, Victoria",48.4551123,-123.3988867,other,,ziv
Yume,"333 Spadina Ave 2nd Floor Toronto Ontario, M5T 2E9, Toronto",43.6547539,-79.3982745,chunithm;ddr;iidx;maimai_dx;ongeki;other;taiko,,ziv
Zap Zone,"1665 Lauzon Road Windsor Ontario, Windsor",42.3185265,-82.9345134,other,,ziv
ZED*80,"185 Danforth Ave Toronto Ontario, M4K 1N2, Toronto",43.6765611,-79.3563774,other,,ziv
¡Glitch! Gaming Lounge,"127 Kingsview Rd SE #203 Airdrie Alberta, T4A 0A8, Airdrie",51.2591784,-113.9988564,other,,ziv
Arcade Pelluhue,"640 Condell Pelluhue Maule, Pelluhue",-35.8153209,-72.5768623,other,,ziv
Area 51 Entretenimientos,"2752 Caracas Penalolen Región Metropolitana, 7820307, Penalolen",-33.4821133,-70.5672865,other,,ziv
Av Las Parcelas 4190,"4190 Las Parcelas Iquique Tarapacá, 1131246, Iquique",-20.2659799,-70.0976961,other,,ziv
Aventura Center (Mall Florida Center),"6100 Avenida Vicuña Mackenna Oriente La Florida Región Metropolitana, La Florida",-33.5110632,-70.6066179,other,,ziv
Aventura Center (Mall Portal Osorno),"544-500 Arturo Prat Osorno Los Lagos, Osorno",-40.5735897,-73.1303970,other,,ziv
Cine Hoyts Arauco Maipú,"399 Avenida Américo Vespucio Maipú Región Metropolitana, Maipú",-33.4822978,-70.7519960,other,,ziv
Combate de las Coimas 1050,"1050 Combate de Las Coimas San Felipe Valparaíso, 2171802, San Felipe",-32.7515962,-70.7246985,other,,ziv
Coney Park (La Fabrica Patio Outlet),"200 Avenida Carlos Valdovinos San Joaquín Región Metropolitana, San Joaquín",-33.4851343,-70.6273530,other,,ziv
Coney Park Espacio Urbano Los Andes,"683 Santa Teresa Los Andes Valparaíso, Los Andes",-32.8358265,-70.6036067,other,,ziv
Coney Park Mall Paseo La Portada,"10578 Avenida Pedro Aguirre Cerda Antofagasta Antofagasta, 1240000, Antofagasta",-23.5657556,-70.3902625,other,,ziv
Coney Park Mall Paseo Ross,"43 Juana Ross Valparaíso Región de Valparaíso, Valparaíso",-33.0487457,-71.6043431,other,,ziv
Coney Park Patio Outlet Maipú,"943 Avenida Lo Espejo Maipú Región Metropolitana, 9253233, Maipú",-33.5222110,-70.7334752,other,,ziv
Coney Park Quilpué,"754 Avenida Los Carrera Mall Paseo Quilpué Quilpué Valparaíso, 2430593, Quilpué",-33.0483452,-71.4425308,other,,ziv
Dance Dance Revolution Solo 2000 / In The Groove,"504 Veintiuno de Mayo Diego de Almagro Región de Atacama, 1500000, Diego de Almagro",-26.3891196,-70.0406109,other,,ziv
Discovery Land Mall Shopping Center Quillota,"Carlos Condell 1744 Quillota Valparaíso, Quillota",-32.8969993,-71.2441083,other,,ziv
Discovery Land Viña Outlet Park,"870 Alemania Viña del Mar Región de Valparaíso, Viña del Mar",-32.9861972,-71.4997282,other,,ziv
El Rincón de los Nietos Osorno,"777 Eleuterio Ramírez Osorno Los Lagos, 5312353, Osorno",-40.5733207,-73.1372371,other,,ziv
Entretenimientos Diana Merced,"Merced 839 Santiago Región Metropolitana, Santiago",-33.4382771,-70.6490706,ddr;iidx;other,,ziv
Entretenimientos Paranoia,"Av. Recoleta 351 Local 2 Santiago Región Metropolitana, 8420000, Santiago",-33.4290417,-70.6466711,other,,ziv
Entretenimientos Samoa,"246 Quinta Viña del Mar Región de Valparaíso, Viña del Mar",-33.0253080,-71.5543251,other,,ziv
Family Park Alto Las Condes,"9001 Avenida Presidente Kennedy Lateral Las Condes Región Metropolitana, 7591567, Las Condes",-33.3907029,-70.5461904,other,,ziv
Family Park Easton Outlet Temuco,"01780 Rudecindo Ortega Temuco Araucanía, Temuco",-38.7120603,-72.5636283,other,,ziv
Family Park Espacio Urbano Antofagasta,"21 José Ignacio Zenteno Antofagasta Antofagasta, 1243333, Antofagasta",-23.6378940,-70.3962244,other,,ziv
Family Park Espacio Urbano Linares,"280 Aníbal León Bustos Linares Maule, 3581644, Linares",-35.8437980,-71.6065139,other,,ziv
Family Park Espacio Urbano Pionero,"1110 Avenida Eduardo Frei Montalva Punta Arenas Magallanes and Chilean Antarctica, Punta Arenas",-53.1313390,-70.9086205,other,,ziv
Family Park Mall del Centro,"1068 Barros Arana Concepción Bío Bío, 4070053, Concepción",-36.8248175,-73.0448901,other,,ziv
Family Park Mall Paseo Chiloé,"Ignacio Serrano 574 Castro 5701432, Castro",-42.4796619,-73.7627326,other,,ziv
Family Park Mall Paseo Quilín,"3300 Avenida Américo Vespucio Macul Región Metropolitana, 7921382, Macul",-33.4871781,-70.5779772,other,,ziv
Family Park Mall Plaza América,"287 Avenida Alberto Einstein Rancagua O'Higgins, 8730451, Rancagua",-34.1727790,-70.7177607,other,,ziv
Family Park Mall Vivo Temuco,"429 Avenida de los Poetas Temuco Araucanía, 4851259, Temuco",-38.7508029,-72.6041756,other,,ziv
Family Park MidMall Maipú,"15900 Camino a Melipilla Maipú Región Metropolitana, 9250000, Maipú",-33.5384030,-70.7720522,other,,ziv
Family Park Open Plaza La Calera,"12010 J. J. Pérez La Calera Valparaíso, La Calera",-32.7909513,-71.1917516,other,,ziv
Family Park Open Plaza Ovalle,"951 Ovalle - Combarbalá Ovalle Coquimbo, 1840000, Ovalle",-30.5982995,-71.1839240,other,,ziv
Family Park Outlet Paseo Alerce,"2001 Avenida Ferrocarril Puerto Montt Los Lagos, 5480000, Puerto Montt",-41.4425589,-72.9106998,other,,ziv
Family Park Paseo Los Dominicos,"11969 Camino El Alba Las Condes Región Metropolitana, 7620056, Las Condes",-33.4015941,-70.5145394,other,,ziv
Family Park Portal La Dehesa,"1445 Avenida La Dehesa Lo Barnechea Región Metropolitana, 7690253, Lo Barnechea",-33.3583596,-70.5165309,other,,ziv
Family Park Portal Ñuñoa,"Av. José Pedro Alessandri 1166 Ñuñoa Región Metropolitana, Ñuñoa",-33.4653941,-70.5973630,other,,ziv
Galería Bolivar,"467 Bolívar Iquique Tarapacá, 1100416, Iquique",-20.2121710,-70.1506051,other,,ziv
Game & Food Talagante,"739 Avenida Francisco Chacón Talagante Región Metropolitana, 9680391, Talagante",-33.6633033,-70.9294378,other,,ziv
Game City - Mall Excelsior,"Manduvira Chile Asunción Asunción, Asunción",-25.2877392,-57.6387577,ddr;other;taiko,,ziv
Gaviotas Kingdom,"138 Batuco Viña del Mar Valparaíso, 2520516, Viña del Mar",-33.0255404,-71.5447980,other,,ziv
Happyland Arauco Chillan,"Isabel Riquelme 709 y 745(?) Local 426 Chillan Región del Bio Bío, 3800853, Chillan",-36.6093540,-72.1024230,other,,ziv
Happyland Arauco El Bosque,"10449 Gran Avenida José Miguel Carrera El Bosque Región Metropolitana, 7970747, El Bosque",-33.5537837,-70.6765283,other,,ziv
Happyland Costanera Center,"2465 Avenida Andrés Bello Providencia Región Metropolitana, 7510689, Providencia",-33.4176832,-70.6070811,other,,ziv
Happyland Espacio Urbano Melipilla,"395 Serrano Melipilla Región Metropolitana, 9581242, Melipilla",-33.6847847,-71.2135897,other,,ziv
Happyland Lider Puente Alto,"1149 Avenida Concha y Toro Puente Alto Región Metropolitana, 8150215, Puente Alto",-33.5995704,-70.5764870,other,,ziv
Happyland Mall Arauco Coronel,"901 Carlos Pratt González Coronel Bío Bío, Coronel",-37.0132707,-73.1586928,other,,ziv
Happyland Mall Arauco Maipu,"294 Jorge Delano Mall Arauco Maipu Santiago Santiago Metropolitan Region, Santiago",-33.4820156,-70.7512604,other,,ziv
Happyland Mall Arauco Quilicura,"581 Avenida Bernardo O'Higgins Quilicura Región Metropolitana, 8700000, Quilicura",-33.3684447,-70.7300634,other,,ziv
Happyland Mall Arauco San Antonio,"105 Acceso A Ramón Barros Luco San Antonio Valparaíso, 2663160, San Antonio",-33.5815790,-71.6139035,other,,ziv
Happyland Mall Barrio Independencia,"595 Avenida Independencia Santiago Región Metropolitana, 8380538, Santiago",-33.4244471,-70.6542998,other,,ziv
Happyland Mall Center Curicó,"201 Avenida O´Higgins Curicó Maule, Curicó",-34.9910663,-71.2449795,other,,ziv
Happyland Mall Patio Rancagua,"483 Calle Cuevas Rancagua O'Higgins, 2840411, Rancagua",-34.1688139,-70.7415071,other,,ziv
Happyland Mall Plaza Alameda,"3470 Avenida Libertador Bernardo O'Higgins Santiago Región Metropolitana, Santiago",-33.4523539,-70.6823558,other,,ziv
Happyland Mall Plaza Arica,"640 Avenida Diego Portales Arica Arica y Parinacota, Arica",-18.4691650,-70.3086257,other,,ziv
Happyland Mall Plaza Calama,"3242 Avenida Balmaceda Calama Antofagasta, 1394371, Calama",-22.4498383,-68.9212275,other,,ziv
Happyland Mall Plaza Copiapó,"100 Maipú Copiapó Atacama, Copiapó",-27.3692223,-70.3393065,other,,ziv
Happyland Mall Plaza Egaña,"5862 Avenida Larraín La Reina Región Metropolitana, 7870154, La Reina",-33.4525283,-70.5695482,other,,ziv
Happyland Mall Plaza El Trébol,"Av. Jorge Alessandri 3177, Local B108 Concepción Región del Bio Bío, 4300818, Concepción",-36.7920944,-73.0684188,other,,ziv
Happyland Mall Plaza Iquique,"2555 Avenida Héroes de la Concepción Iquique Tarapacá, 1113628, Iquique",-20.2328766,-70.1427684,other,,ziv
Happyland Mall Plaza La Serena,"1400 Alberto Solari La Serena Coquimbo, La Serena",-29.9128257,-71.2583313,other,,ziv
Happyland Mall Plaza Los Ángeles,"440 Valdivia Los Angeles Bío Bío, 4441119, Los Angeles",-37.4682782,-72.3525585,other,,ziv
Happyland Mall Plaza Maule,"1055 Avenida Circunvalación Oriente Talca Maule, Talca",-35.4337118,-71.6298155,other,,ziv
Happyland Mall Plaza Oeste,"1500 Avenida Américo Vespucio Cerrillos Región Metropolitana, 9220040, Cerrillos",-33.5170016,-70.7171625,other,,ziv
Happyland Mall Plaza Sur,"20040 Avenida Presidente Jorge Alessandri Rodríguez San Bernardo Región Metropolitana, 8080782, San Bernardo",-33.6323401,-70.7103813,other,,ziv
Happyland Mall Plaza Tobalaba,"3296 Avenida Camilo Henríquez Santiago Región Metropolitana, 36960-000, Santiago",-33.5691798,-70.5572572,other,,ziv
Happyland Mall Vivo Coquimbo,"86 Baquedano Coquimbo Elqui, 1781107, Coquimbo",-29.9583127,-71.3378368,other,,ziv
Happyland Mall Vivo El Centro,"689 Paseo Puente Santiago Región Metropolitana, 8330170, Santiago",-33.4354196,-70.6507299,other,,ziv
Happyland Mall Vivo San Fernando,"701 Avenida Bernardo O'Higgins San Fernando O'Higgins, 3071101, San Fernando",-34.5866656,-70.9851090,other,,ziv
Happyland Mall Zofri,"5 Oficina Salitrera Victoria Iquique Tarapacá, Iquique",-20.2054945,-70.1385314,other,,ziv
Happyland Park @ Mall Mirador Bio Bio,"Unnamed Road Concepción Bío Bío, Concepción",-36.8297872,-73.0633492,other,,ziv
Happyland Park Mall Plaza Antofagasta,"2355 Avenida Balmaceda Antofagasta Antofagasta, Antofagasta",-23.6453301,-70.4028051,other,,ziv
HappyLand Viña,"15 Norte esquina Subida Alessandri Espacio Urbano 15 Norte Viña del Mar Región de Valparaíso, Viña del Mar",-33.0072329,-71.5458763,other,,ziv
Hobby,"681 Avenida Los Carrera Quilpué Valparaíso, 2430590, Quilpué",-33.0481623,-71.4435633,other,,ziv
Juegos Diana San Diego,"San Diego 438 Santiago Región Metropolitana, 8330487, Santiago",-33.4511400,-70.6503400,ddr;gitadora;other;taiko,,ziv
Kaneda Games,"11151 Los Mimbres El Bosque Región Metropolitana, 8031222, El Bosque",-33.5653519,-70.6631071,jubeat;other;taiko,,ziv
KippyLand Plaza Agustina Boulevard,"5997 El Bajo Olmué Valparaíso, Olmué",-33.0065463,-71.1735943,other,,ziv
Lov Pitrufquen,"Francisco Bilbao 446 Pitrufquen 4950000, Pitrufquen",-38.9859835,-72.6387480,other,,ziv
Mall Paseo Costanera,"Manfredini Puerto Montt Region de los Lagos, Puerto Montt",-41.4727341,-72.9378140,other,,ziv
Mall Paseo del Mar,"Urmeneta 580 Puerto Montt Region de los Lagos, Puerto Montt",-41.4720227,-72.9433501,gitadora;other,,ziv
Mall Paseo San Bernardo,"650 Eyzaguirre San Bernardo Región Metropolitana, 8071127, San Bernardo",-33.5954733,-70.7073824,other,,ziv
Mall Plaza del Sol,"Diego Portales Claudio Vicuña Quilpué Región de Valparaíso, Quilpué",-33.0469829,-71.4416251,other,,ziv
Mall Plaza Norte / Happyland,"Av. Américo Vespucio Norte 1737 Santiago Región Metropolitana, Santiago",-33.3648361,-70.6787422,other,,ziv
Mall Plaza Vespucio (Happyland),"Av Vicuña Mackenna Oriente 7110, La Florida, Santiago Santiago Región Metropolitana, Santiago",-33.5179100,-70.5987200,other,,ziv
Mall Portal Centro Talca,"1543 Calle 1 Sur Talca Maule, Talca",-35.4274857,-71.6543560,other,,ziv
Manzana 18 Zona Franca Austral,"222 Avenida Dos Sur Punta Arenas Magallanes y la Antártica Chilena, Punta Arenas",-53.1329713,-70.8774655,other,,ziv
montecassino,"Cerca de la playa Horcón Puchuncaví V Región, Puchuncaví",-32.7106066,-71.4884555,other,,ziv
Moto gp,"Avenida Costanera 353 Pichidangui Los Vilos, 1940000, Pichidangui",-32.1361307,-71.5304509,other,,ziv
No. 1 Game,"149 Quinta Valparaíso Valparaíso, 2571520, Valparaíso",-33.0242209,-71.5538184,other,,ziv
Parque de Entretenciones Cortocircuito Valdivia,"4720 T-350 Valdivia Los Ríos, Valdivia",-39.8446336,-73.3112586,other,,ziv
Peterland Mall Paseo Chiloé,"574 Ignacio Serrano Castro Los Lagos, 5700278, Castro",-42.4798507,-73.7621585,other,,ziv
Peterland Mall Paseo Puerto Varas,"664 San Francisco Puerto Varas Los Lagos, 5550559, Puerto Varas",-41.3192881,-72.9855435,other,,ziv
Peterland Mall Plaza de Los Ríos,"561 Arauco Valdivia Los Ríos, 5110640, Valdivia",-39.8159843,-73.2423443,other,,ziv
Portal Friki,"269 Manuel Antonio Matta La Serena Coquimbo, 1710086, La Serena",-29.9003913,-71.2525178,ddr;iidx;jubeat;maimai_dx;other;sdvx;taiko,,ziv
San Marcos 901,"901 G-98-F El Tabo Valparaíso, 2690447, El Tabo",-33.4560417,-71.6642997,other,,ziv
Supermercado La Sureña,"Avenida Costanera 353 Pichidangui Los Vilos, 1940000, Pichidangui",-32.1361307,-71.5304509,other,,ziv
1-7play一起玩家庭娱乐中心（天津东丽万达店）,东丽万达广场①入口3楼直达,39.0793730,117.3218770,maimai_dx;other;taiko,,bemanicn;ziv
11Lab超乐场天津东丽店,天津市东丽区环河北路168号SM天津滨海城市广场一楼11Lab超乐场,39.1566230,117.4124470,maimai_dx;other;taiko,,wahlap;bemanicn;ziv
303lab家庭娱乐中心,天津市天津市宁河区商业道60号百荣商厦三层303303lab家庭游乐中心,39.3246550,117.8225490,maimai_dx;other,,bemanicn;ziv
51区动漫游戏主题乐园,"白云区云霄路353号5号停机坪购物广场F3 Guangzhou Shi Guangdong Sheng, 510000, Guangzhou Shi",23.1814473,113.2658819,maimai_dx;other,,ziv
51区超级乐园 AREA-51 SUPER PARK (天津津南店),"3F, Building 1, Shente Plaza, AEON Mall, Xinzhuang Town Jinnan District Tianjin Tianjin, 300350, Tianjin",39.0262676,117.3353740,maimai_dx;other;taiko,,ziv
51区超级乐园 AREA-51 SUPER PARK (天津西青曹庄店),"3F, AEON Mall, No.1 Fusheng Road, Area 51 Arcade Xiqing District Tianjin Tianjin, 300380, Tianjin",39.1417930,117.0844700,chunithm;maimai_dx;other;taiko,,ziv
51区超级乐园 AREA-51 SUPER PARK (枫雅印象城购物中心),"2F, Fengya Impression City, No.198 Fengya Road Xiqing District Tianjin Tianjin, 300800, Tianjin",39.0533490,117.0229700,maimai_dx;other;taiko,,ziv
51区超级乐园 AREA-51 SUPER PARK (梅江永旺店),"2F, AEON Mall, No.111 Youyi South Road Xiqing District Tianjin Tianjin, 300380, Tianjin",39.0269354,117.2129843,maimai_dx;other;taiko,,ziv
51区超级乐园 AREA-51 SUPER PARK (梅江环宇城店),"Zhonghai Tianjin UniPark (Huanyucheng) Shopping Center, No.689 J Hexi District Tianjin Tianjin, 300201, Tianjin",39.0421696,117.2285200,chunithm;maimai_dx;other,,ziv
51区超级乐园 AREA-51 SUPER PARK (水游城店),"2F, Building A, Pengxin Aqua City, Dafeng Road Hongqiao District Tianjin Tianjin, 300131, Tianjin",39.1461542,117.1639109,chunithm;maimai_dx;other;taiko,,ziv
51区超级乐园 AREA-51 SUPER PARK (熙悦汇店),"3F, Xi Yue Hui, No.513 Huanghe Road Nankai District Tianjin Tianjin, 300190, Tianjin",39.1367300,117.1178110,maimai_dx;other;taiko,,ziv
51区超级乐园 AREA-51 SUPER PARK (社会山店),"2F, Shehuishan Shopping Center, Zhangjiawo Town Xiqing District Tianjin Tianjin, 300380, Tianjin",39.0509760,117.0439270,maimai_dx;other,,ziv
51区超级乐园 AREA-51 · solo park,"3F, Joy City Shopping Center, No.2 Nanmenwai Street Nankai District Tianjin Tianjin, 300100, Tianjin",39.1330950,117.1739410,chunithm;maimai_dx;other;taiko,,ziv
AIKBAGO 北京朝阳微博IN,"Weibo IN, Chaoyang Park Chaoyang District Beijing Beijing, 100032, Beijing",39.9458218,116.4799635,chunithm;maimai_dx;other,,ziv
AKIBAGO上海杨浦百联ZX造趣场店,上海市杨浦区四平路2500号百联ZX造趣场2楼AKIBAGO,31.3003613,121.5115133,chunithm;jubeat;maimai_dx;other,,wahlap;bemanicn;ziv
Ark of the Realm 全境方舟 (东门不夜天),"F2,XinheCommercialBuilding, No.2010 DongmenMiddleRoad, Luohu 罗湖区 Shenzhen 深圳市 Guangdong 广东省, 518001, Shenzhen 深圳市",22.5494343,114.1167015,maimai_dx;other;taiko,,ziv
Ark of the Realm 全境方舟 (深圳天河城),"2nd Floor, South Zone, Shenzhen Teemall Shopping Center, No. 3009 Taibai Road, Luohu 罗湖区 Shenzhen 深圳市 Guangdong 广东省, 518001, Shenzhen 深圳市",22.5785897,114.1297907,maimai_dx;other;taiko,,ziv
BitCity,"B1 Floor, HUA (大中华国际交易广场) No. 1 Fuhua 1st Road, Convention and E Futian 福田区 Shenzhen 深圳市 Guangdong 广东省, 518048, Shenzhen 深圳市",22.5386013,114.0569633,chunithm;jubeat;maimai_dx;other;taiko,,ziv
Cartoony World 卡通尼世界（金台万达）,"3rd Floor, Wanda Plaza, Jintai District Baoji City Shaanxi Province, 721000, Baoji City",34.3607261,107.1743774,other;taiko,,ziv
Cartoony World 卡通尼乐园 (上海马桥店),"3F, Maqiao Wanda Plaza, No.121 Fuyan Road Minhang District Shanghai Shanghai, 201111, Shanghai",31.0255089,121.3684943,other;taiko,,ziv
Cartoony World 卡通尼乐园 (北京荟聚中心店),"F3, Livat Beijing, No.15 Xinning Street Daxing District Beijing Beijing, 102600, Beijing",39.7848737,116.3210388,other;taiko,,ziv
Cartoony World 卡通尼乐园 (北京银座和谐广场店),"万丰路68号银座和谐广场3F-301（商场3楼西北角） Fengtai District Beijing Beijing, 100070, Beijing",39.8809594,116.2905423,other;taiko,,ziv
Cartoony World 卡通尼乐园 (嘉亭荟城市生活广场店),"3F West, Jiatinghui City Life Plaza, No.1055-1077 Moyu South Roa Jiading District Shanghai Shanghai, 201805, Shanghai",31.2895909,121.1562907,other;taiko,,ziv
Cartoony World 卡通尼乐园 (宝鸡银泰城),"3 Floor, Yintai City, No. 66 Jintai Avenue, Jintai District, (金台大道66号银泰城3楼) Baoji Shannxi, 721004, Baoji",34.3611733,107.1909748,other,,ziv
Cartoony World 卡通尼乐园 (西安熙地港CityOn),"3rd Floor, Wangfujing Department Store, No. 170 Weiyang Road, We (未央路170号熙地港王府井百货3F) Xi'an Shannxi, 710016, Xi'an",34.3393611,108.9407836,other,,ziv
Cartoony World 卡通尼乐园 (西安益田假日世界),"L3 Floor, Yitian Holiday World Shopping Center, No. 166 Changle (益田假日世界购物中心L3层) Xi'an Shannxi, 710032, Xi'an",34.2702774,108.9697514,other,,ziv
Cartoony World 卡通尼乐园 (西安荟聚Livat),"1 Floor, Livat, intersection of Ziwu Avenue and Western Avenue, (子午大道荟聚宜家购物中心1楼) Xi'an Shannxi, 710065, Xi'an",34.1742459,108.8950262,other,,ziv
Cartoony World 卡通尼乐园 (西安金地广场),"2nd Floor, F214A-F214B, Xi’an Jindi Plaza, No. 999 Qujiangchi Ea (曲江池东路999号西安金地广场2F) Xi'an Shannxi, 710061, Xi'an",34.2043135,108.9834363,other;taiko,,ziv
Cartoony World 卡通尼乐园 (龙首原印象城InCity),"InCity City, No. 33 Weiyang Road, Weiyang District, (未央路33号西安龙首印象城) Xi'an Shannxi, 710014, Xi'an",34.2954448,108.9433372,other,,ziv
Cartoony World 卡通尼乐园 × Fun Forward (今潮八弄店),"LG1 Floor, Bingang Commercial Center (Jinchao Balong), Sichuan N Hongkou District Shanghai Shanghai, 200085, Shanghai",31.2517471,121.4789144,other;taiko,,ziv
Cartoony World 卡通尼乐园 × Safari 非洲探索乐园 (金桥国际商业广场店),"3F-4F, Building 1, Jinqiao International Commercial Plaza, No.36 Pudong New District Shanghai Shanghai, 200136, Shanghai",31.2579160,121.5752488,other;taiko,,ziv
Cartoony World 卡通尼乐园（北京凯德大兴3F）,"No.2 Huatuo Road, Kaide Mall (CapitaMall Daxing), 3F, Daxing Dis Daxing District, near Tiangongyuan Station (Line 4) Beijing Beijing, 102629, Beijing",39.6719761,116.3129752,other;taiko,,ziv
Cartoony World 卡通尼欢乐世界 (美兰湖店),"Building B 3F, Zhongji Jindi Plaza, No.19 Lane Nianxi Road Baoshan District Shanghai Shanghai, 201908, Shanghai",31.4019822,121.3458610,other;taiko,,ziv
Cartoony卡通尼乐园(西安曲江大悦城),"西安曲江大悦城3F, ci'en west road, 雁塔区 Yanta District Xi‘an Shannxi, 710000, Xi‘an",34.2187756,108.9572740,other;taiko,,ziv
CLUBPLAY（振华广场店）,锡林郭勒北路29号振华广场7楼,40.8167648,111.6611445,other;sdvx;taiko,,bemanicn;ziv
coohooMax真快活(北京西城),"西单北大街130号华威大厦5层 Xicheng District Beijing Beijing, 100032, Beijing",39.9100211,116.3684761,maimai_dx;other;taiko,,ziv
Coolman Zone 酷漫地带,"No.36, U-Life Patio Block C, Yingda Road, (英达路悠生活庭院C座36号) Baoji Shannxi, 721000, Baoji",34.3546767,107.1295416,other,,ziv
C翻乐园 C-FUN Sport & Game (海口龙湖天街),"Unit C-3F-01-02-03, 3rd Floor, Phase II, Paradise Walk, No. 15 N Jinyu Subdistrict 金宇街道, Longhua 龙华区 Haikou City 海口市 Hainan Province 海南省, 570311, Haikou City 海口市",20.0006929,110.3295549,maimai_dx;other,,ziv
Dave & Buster's (Dehli),"3rd Floor, Pacific Mall, Najafgarh Rd, Tagore Garden, Tilak Nagar, New Dehli, Dehli, 110018",28.6422385,77.1065143,other,,ziv
DEDEAPU @ Shanghai,"Kejia Square, Huancheng East Road, Fengxian District, Shanghai Fengxian District Shanghai Shanghai, 201400, Shanghai",30.9265066,121.4623968,maimai_dx;other,,ziv
DEDEAPU @ Tianjin,"3F, Longyue Cheng North Block, Yunhe West Subdistrict Wuqing District Tianjin Tianjin, 301700, Tianjin",39.3786360,117.0416080,other,,ziv
DIJOYTOWN 电玩橙(西安曲江大悦城),"No.48 3rd floor JOYCITY(西安曲江大悦城3F), Ci'en west road No.777 (慈恩西路 Yanta District(雁塔区) Xi‘an Shannxi, 710000, Xi‘an",34.2179948,108.9573598,chunithm;maimai_dx;other,,ziv
DIJOYTOWN电玩橙(元谷Mall),"3rd Floor, Yuangu Mall(元谷商业中心), Tuanjie South Road， Yanta District Xi'an Shannxi, 710077, Xi'an",34.2530796,108.8780040,maimai_dx;other,,ziv
Dongmen,"深圳市(Shenzhen), 广东省 (Guangdong Province)",22.5568386,114.1310042,other,,ziv
DORAPLANET 哆啦星球 (高新玫瑰ONE),"Rose 1F, One Shopping Center (Gaoxin), Chengzhang Road No.1512 Chang'an District Xi'an Shaanxi Province, 710101, Xi'an",34.1346055,108.8204260,other,,ziv
DORAPLANET: Main Battlefield (哆啦星球主战场·四海唐人街),"2nd Floor, Mall of Chinatown , Fengcheng third Road (四海唐人街2楼001号店铺) Xi'an Shannxi, 710000, Xi'an",34.3215262,108.9656962,other,,ziv
DORAPLANET: Main Battlefield (哆啦星球主战场·大旺城),"Dawang City Shopping , No.81 Daqing Road Xi'an Shannxi, 710000, Xi'an",34.2697565,108.8516191,other;sdvx,,ziv
FIRST福思特动漫电玩世界嘉定宝龙广场店,阿克苏路1099号嘉定宝龙广场1L,31.3476135,121.2561217,maimai_dx;other,,bemanicn;ziv
Freetime潮玩街区(小寨金莎国际),"B1 Floor, 金莎国际,Middle Chang'an Road Yanta District Xi'an Shannxi, 710000, Xi'an",34.2279173,108.9426425,other,,ziv
FULL-OFF 福爪爪快乐街区 (花园城中心),"2nd Floor, Shekou Garden City Center, No. 1090 Nanhai Avenue, Nanshan District, Shenzhen Guangdong, 518067, Shenzhen",22.5050638,113.9186524,maimai_dx;other,,ziv
FUNDOLAND Sports·Games·VR 反斗乐园 (中航城君尚(天虹)购物中心),"L5 Floor, Zone A, Zhonghang City Junshang Shopping Center, (福田区振中路中航城君尚购物中心A区5层L511) Shenzhen 深圳市 Guangdong 广东省, 518032, Shenzhen 深圳市",22.5457755,114.0772090,maimai_dx;other;taiko,,ziv
FUNDOLAND π,"501-9, 海岸城广场, Wenxin Wu Road No.33 Yuehai Subdistrict, Nanshan District Shenzhen Guangdong, 518084, Shenzhen",22.5202875,113.9305638,chunithm;other;taiko,,ziv
FUNDOLAND 反斗乐园 (欢乐海岸),"[Temporary Closed] L2 Floor, OCT Harbour Shopping, No.8 Baishi Road, Nanshan District (欢乐海岸购物中心2楼) Shenzhen 深圳市 Guangdong 广东省, 518001, Shenzhen 深圳市",22.5282357,113.9842270,other;taiko,,ziv
FUNDOLAND 反斗乐园 (金光华),"L4 Floor, Kingglory Plaza, No. 4 Jiabin Road, Luohu District, (金光华购物广场4楼L4-001&L4-007) Shenzhen 深圳市 Guangdong 广东省, 518001, Shenzhen 深圳市",22.5423222,114.1149983,maimai_dx;other;taiko,,ziv
FUNDOLAND（中心城）,"138 Fuhua 3rd Road 中心城2楼反斗星际传奇 Shenzhen Guangdong , 518000, Shenzhen",22.5381306,114.0542919,maimai_dx;other;taiko,,ziv
FUNFUN CITY 环游乐园 (渭南信达),"3rd Floor, China Resources Vanguard Shopping Center, Qianjin Roa (前进路华润万家购物中心三楼) Weinan (渭南市) Shannxi (陕西省), 714000, Weinan (渭南市)",34.4989705,109.4895749,other,,ziv
FUNFUN CITY 环游乐园 (渭南宏帆),"3rd Floor, China Resources Vanguard Shopping Center, Qianjin Roa (前进路华润万家购物中心三楼) Weinan (渭南市) Shannxi (陕西省), 714000, Weinan (渭南市)",34.4974850,109.4854774,maimai_dx;other,,ziv
FUNFUN CITY 环游乐园 (蓝田新茂),"Xinmao Shopping Plaza, F3, Lantian County, (新茂购物广场3楼) Xi'an (西安市) Shannxi (陕西省), 710500, Xi'an (西安市)",34.1660127,109.3110734,other;taiko,,ziv
FUNFUN CITY 环游乐园 (铜锣湾),"Tongluowan No.3, Xincheng Avenue (蒲城县新城大道铜锣湾3楼) Weinan 715500, Weinan",34.9413220,109.5929144,other,,ziv
Funky Town,"Tashkenstiy trakt, 17k, Almaty, 040916",43.2342001,76.7767275,other,,ziv
Funloop Land (Joy City Mall Chaoyang Beijing),"8F, Joy City Mall, Chaoyang North Road Chaoyang District Beijing Beijing, 100121, Beijing",39.9234054,116.5127754,other,,ziv
FY Legend (飞影传奇榆林店),"Zone D, Fuzi Temple Culture Pedestrian Mall （夫子庙步行街-D区） Yulin 榆林市 Shannxi 陕西省, 719000, Yulin 榆林市",38.2833680,109.7466585,other,,ziv
FY Legend 飞影传奇,"Moscow Commercial Street, Cultural Palace, Hongqi Subdistrict, Tongchuan 铜川市 Shannxi 陕西省, 727000, Tongchuan 铜川市",35.0640983,109.0655494,other,,ziv
G2 Trendy Entertainment (G2街区·西安大兴龙湖店),"L3009, L3 Floor, Loonghu Daxing Starry Street Shopping, No.2 Dax (大兴东路2号西安龙湖大兴星悦荟3楼009号) xi'an shannxi, 710016, xi'an",34.2870661,108.9151606,maimai_dx;other,,ziv
G2街区（苏宁百货店）,苏宁百货三楼,40.8344714,111.7270249,maimai_dx;other,,bemanicn;ziv
Game Cube 游戏大魔方 (三原万达),"3rd Floor, Wanda Plaza, Xihuan Road, Sanyuan County (三原县西环路万达广场三楼) Xianyang Shaanxi, 713800, Xianyang",34.6106764,108.9111722,maimai_dx;other,,ziv
Game Cube 游戏大魔方 (临渭万达),"Wanda Plaza, Intersection of Weihe Avenue and Cangcheng Road, (渭南市渭河大街与仓程路口万达广场) Weinan 渭南市 Shannxi 陕西省, 714000, Weinan 渭南市",34.5320154,109.4738621,maimai_dx;other;taiko,,ziv
Game Cube 游戏大魔方 (宝鸡吾悦),"2nd west floor, Wuyue Plaza (宝鸡市吾悦广场二楼西厅) Baoji Shannxi, 721000, Baoji",34.3413809,107.2292237,other,,ziv
Game Cube 游戏大魔方 (泾阳万达),"3rd Floor, Wanda Plaza, Jinggan Street, Jingyang County, (泾阳县泾干大街万达广场三楼) Xianyang (咸阳市) Shaanxi (陕西省), 713700, Xianyang (咸阳市)",34.5316265,108.8325944,maimai_dx;other,,ziv
Game Zone Arcade Club 盖姆龙电玩俱乐部（新辰里）,"No.8 Beichen East Road, Yard 1, Building 1, Xinchenli Shopping C Chaoyang District Beijing Beijing, 100101, Beijing",39.9897762,116.4004019,maimai_dx;other;taiko,,ziv
GAME ZONE 盖姆龙电玩俱乐部,"33号 Guangshun North Street Beijing Beijing, 100102, Beijing",39.9744398,116.4848828,other;taiko,,ziv
GameCube游戏大魔方 (西咸吾悦),"L6 Floor, Wuyue Plaza, Kunming Road 昆明路西咸吾悦广场6楼) Xi'an Shannxi, 710000, Xi'an",34.2556690,108.8185608,other,,ziv
GameCube游戏大魔方(乐荟中心),"3rd Floor, Nan Feihong Yuehui Center, No. 1589 Zhuque South Road 朱雀南路1589号南飞鸿悦荟中心3楼F3-01、2号商铺 Xi'an Shannxi, 710000, Xi'an",34.1872687,108.9374551,drs;maimai_dx;other,,ziv
GameO 快乐星球电玩城（大兴凯德Mall店）,"4F Captal Land Mall Daxing Branch (大兴凯德Mall), Huatuo Road, Tiang Daxing District Beijing Beijing, 102600, Beijing",39.6712055,116.3130708,maimai_dx;other,,ziv
GiGO 上海概念店,南京东路340-372号百联ZX创趣场-B1F,31.2385330,121.4764160,maimai_dx;other;taiko,,bemanicn;ziv
Golden Apple Game 金苹果乐园,"3rd Floor, Jinhu Shopping, Xixiang County Hanzhong 汉中市 Shannxi 陕西省, 723500, Hanzhong 汉中市",32.9938261,107.7719897,maimai_dx;other,,ziv
GOODSLOVE LAND上海五角场店,上海市杨浦区五角场万达广场C区2楼,31.3039699,121.5083960,chunithm;maimai_dx;other,,wahlap;bemanicn;ziv
Green Dragonfly Games 绿蜻蜓电玩（国泰密云店）,"No.16 Gulou South Street, Guotai Department Store (Miyun Branch) Miyun District Beijing Beijing, 101500, Beijing",40.3741600,116.8401899,maimai_dx;other,,ziv
Green Dragonfly Meijixiong (Tiantongyuan Guotai),"3F, Guotai Department Store, Building 2, Tiantongyuan East Zone Beijing, China Beijing Beijing, 102218, Beijing",40.0717668,116.4292358,other,,ziv
HAPPY CUBE 乐立方潮玩运动馆（龙玥城店）,"科创五街38号龙玥城一层D区 Daxin District Beijing Beijing, 102600, Beijing",39.8008213,116.5272233,maimai_dx;other;taiko,,ziv
Happy Hero 欢乐英雄,"6 Baixing West 3rd Road 百姓西三路列圣庙堂旁边 Zhanjiang 湛江 Guangdong 广东, 524000, Zhanjiang 湛江",21.2646854,110.3695214,gitadora;jubeat;other,,ziv
Happy Memories 忆童乐家庭游乐中心,"3rd Floor, Chengye Plaza, Shenliu Road,(神柳路成业广场三楼) Shenmu 神木市 Yulin 榆林市 Shannxi 陕西省, 719300, Yulin 榆林市",38.8922353,110.4677007,maimai_dx;other,,ziv
HappyExperience都市玩家(太白印象城),"B1 Floor, Shopping InCity(太白印象城), Taibai North Road No.155 Yanta xi'an Shannxi, 710000, xi'an",34.2367742,108.9165688,maimai_dx;other,,ziv
HOP-DX,"B1F, Qianhai Hop Mall, Xinghua 1st Road No.19 Bao’an District Shenzhen Guangdong, 518101, Shenzhen",22.5536082,113.8815040,maimai_dx;other;taiko,,ziv
JIRUI 吉睿游艺（悠唐中心店）,"3F, Yotang Shopping Center,Chaoyangmenwai Avenue No.2 Chaoyang District Beijing Beijing, 100000, Beijing",39.9201706,116.4336395,other;taiko,,ziv
JIRUI 吉睿潮玩（海淀学清路店）,"No.8 Xueqing Road, Xinchenli (Xueqing Road), 3F, Haidian Distric Haidian District, near Liudaokou Station Beijing Beijing, 100083, Beijing",40.0070000,116.3480000,chunithm;other;taiko,,ziv
Joyful Planet 快乐星球 (榆林天街),"3rd floor, Time Paradise Walk(时光天街), No.175 Xinda Rd. Yulin 榆林市 Shannxi 陕西省, 719000, Yulin 榆林市",38.2369076,109.7429467,maimai_dx;other,,ziv
Kids Amaze 儿童乐园 (阳光城),"L3, Youyi Sunshine City, Jinlong Road Longhua District 龙华区 Haikou City 海口市 Hainan Province 海南省, 570125, Haikou City 海口市",20.0251494,110.3188117,other;taiko,,ziv
KiKi Game Club奇奇乐园(大兴龙湖),"L3009, L3 Floor, Loonghu Daxing Starry Street Shopping, No.2 Dax 大兴东路2号西安龙湖大兴星悦荟3楼009号) Xi'an Shannxi Province, 710016, Xi'an",34.2871747,108.9148629,other,,ziv
KiKi Game Club奇奇乐园(盛龙广场),"盛龙广场B区2F,未央路80号(R.Weiyang No.80),未央区 Weiyang District Xi'an 710000, Xi'an",34.3009932,108.9409554,other;taiko,,ziv
KiKi Game Club奇奇乐园(立丰国际),"9th Floor, Lifeng International Shopping, No.59 Jinhua South Roa (金花南路59号立丰国际9楼) 西安市(Xi'an) 陕西省(Shaanxi Province), 710032, 西安市(Xi'an)",34.2488450,108.9928722,other,,ziv
kt fighter space（石景山喜隆多店）,北京市石景山区喜隆多4层,39.9217175,116.1652287,other,,bemanicn;ziv
KT竞技现场(朝阳合生汇店),西大望路21号北京朝阳合生汇B1层21街区东侧,39.8926934,116.4740774,chunithm;maimai_dx;other,,bemanicn;ziv
KT竞技现场（五棵松华熙LIVE店）,北京市海淀区万寿路街道复兴路69号华熙live KT竞技现场,39.9088803,116.2707797,chunithm;maimai_dx;other,,wahlap;bemanicn;ziv
KT超级竞技现场 FIGHTER-SPACE（超级合生汇店）,"No.16 Gulou South Street, Guotai Department Store (Miyun Branch) Miyun District Beijing Beijing, 101500, Beijing",40.0957008,116.2861523,other;taiko,,ziv
Longwei Carnival (泷威嘉年华),"No. 64, West Section of south 2nd Ring Road, 3F, 凯德广场(CapitaMall New Land) Xi'an City Shannxi Province, 710000, Xi'an City",34.2307603,108.9318681,maimai_dx;other,,ziv
Love the game together 爱玩荟电玩家庭娱乐中心（北苑店）,"F4, K-OOL Fasion Plaza,Beiyuan Road No.42 Chaoyang District Beijing Beijing, 130000, Beijing",40.0321656,116.4133642,chunithm;maimai_dx;other;taiko,,ziv
M8潮玩街区（时尚摩尔地下街店）,中山路海亮广场B1层茂业时尚摩尔地下街夜上海街区,40.8139310,111.6634190,chunithm;maimai_dx;other;taiko,,bemanicn;ziv
Mass Cinema/Happy Place,"North Sichuan Road (Qiujiang Road) no. 1552-1F 虹口区 (Hongkou District) 上海 (Shanghai), 虹口区 (Hongkou District)",31.2560658,121.4833082,other,,ziv
Mega Game Cube 游戏大魔方 (延安吾悦),"Shopping WUYUE, Baota District Yan'an 延安市 Shannxi 陕西省, 716000, Yan'an 延安市",36.6419864,109.4938660,other,,ziv
Mega Game Cube 游戏大魔方 (汉中吾悦),"Shop Z10, 3rd Floor, Wuyue Plaza, Shayan Road, Xixin St, (汉中市西新街沙沿路吾悦广场3楼Z10商铺) Hanzhong 汉中市 Shannxi 陕西省, 723000, Hanzhong 汉中市",33.0739940,106.9913436,maimai_dx;other,,ziv
New Century Global Center,"Jinyue West Road Cheng Du Shi Si Chuan Sheng, 610094, Cheng Du Shi",30.5693106,104.0631619,other,,ziv
PKBoys 潮玩嘉年华,"2F, WellTown mall, Yinrui East Road Tongzhou District Beijing Beijing, 100020, Beijing",39.8583642,116.6879762,chunithm;jubeat;maimai_dx;other;taiko,,ziv
PKBoy潮玩嘉年华北京湾里奥莱店,颐瑞东路66号1号楼湾里·王府井WellTown L2北侧,39.8610590,116.6725350,chunithm;maimai_dx;other;taiko,,bemanicn;ziv
PLAYCE乐顽星电玩（京西大悦城店）,北京市石景山区阜石路173号院1号楼京西大悦城B1层B1-13/14/15,39.9239973,116.1769950,maimai_dx;other;taiko,,bemanicn;ziv
PLAYCE插电师 (王府井银泰店),"王府井银泰in88 2楼 Beijing 100010, Beijing",39.9148584,116.4055625,chunithm;iidx;maimai_dx;other;sdvx;taiko,,ziv
PLAYCE插电师电玩（芳圆里店）,东四环中路189号芳圆里ID MALL L3北侧meland club旁,39.8885722,116.4819847,other;taiko,,bemanicn;ziv
Quantum Space (量子空间顺义锦荟港),"3F, Jinhui Port, Shunyi District, Beijing Beijing, China Beijing Beijing, 101300, Beijing",40.1251872,116.6417066,maimai_dx;other,,ziv
Quantum Strategy (量子攻略北京大兴旧宫店),"No.1 Zhongliang Road, Vanke Plaza, 5th Floor, Jiugong, Daxing Di Daxing District Beijing Beijing, 102600, Beijing",39.8043754,116.4533268,maimai_dx;other,,ziv
Quantum Strategy (量子攻略金隅嘉品Mall店),"3F, No.38 Dongba Middle Road, Jinyu Jiapin Mall, Chaoyang Distri Beijing, China Beijing Beijing, 100020, Beijing",39.9502572,116.5422293,maimai_dx;other;taiko,,ziv
Quart Gaming 夸特游艺（望京店）,"3F, Captial Land Shopping Mall(凯德广场), Guangshun North No.33 Chaoyang District Beijing Beijing, 100102, Beijing",39.9916866,116.4622686,chunithm;maimai_dx;other;taiko,,ziv
Quart Gaming 夸特游艺（西北旺店）,"4th Floor, MixC Mall Xibeiwang Branch Haiding District Beijing Beijing, 100080, Beijing",40.0483859,116.2541489,maimai_dx;other,,ziv
Quart World 夸特游艺（北苑店）,"北苑Longfor Paradise WalkZone A4FWest Side Chaoyang District Beijing Beijing, 100012, Beijing",40.0413600,116.4323600,maimai_dx;other,,ziv
Quart World 夸特游艺（长楹店）,"3rd Floor, West Zone, Changying Paradise Walk Shopping Mall Chaoyang District Beijing Beijing, 100024, Beijing",39.9230669,116.5930084,maimai_dx;other,,ziv
Quart World 夸特游艺（门头沟店）,"No.17 Xincheng East Street, Building 2, Longfor Chang'an Paradis Mentougou District Beijing Beijing, 102300, Beijing",39.9040082,116.1170345,chunithm;maimai_dx;other,,ziv
Quartsug Land 夸特糖乐园 (Fangshan),"3F Fangshan Longfor Paradise Walk Mall Fangshan District Beijing Beijing, 102488, Beijing",39.7441900,116.1341300,maimai_dx;other;taiko,,ziv
Rainbow Trendy Entertainment 润宝梦想潮玩 (龙湖天街),"4 Floor, Shopping Loonghu Xi'an Weiyang Paradise Walk (西安龙湖未央天街4楼) Xi'an Shannxi, 710000, Xi'an",34.3465055,108.9807594,chunithm;maimai_dx;other;taiko,,ziv
Rainforest 热带雨林超乐场（丰科万达3F）,"丰科路6号丰科万达广场3层 Fengtai District Beijing 100070, Beijing",39.8230616,116.2931041,maimai_dx;other,,ziv
Rich Stars 夹米星球（昌平悦荟）,"5th Floor, mosaic Mall (Beijing Branch) , Nanhuan Road, Changping District Beijing Beijing, 102000, Beijing",40.2111132,116.2333181,maimai_dx;other;taiko,,ziv
Sheng'ao Elite Arcade,"F3, Ruijin Shopping, Chenchang Road Beichen District Tianjin Tianjin, 300400, Tianjin",39.1988372,117.1139166,other,,ziv
SONY Playstation（北京世纪金源店）,"B1 Floor, East Area, Century Golden Resources Shopping Center, H Haidian District Beijing Beijing, 100080, Beijing",39.9574420,116.2839380,other;taiko,,ziv
STAR LEGEND 星际传奇 (东坝万达店),"No.25 Dongba Middle Road, Dongba Wanda Plaza, 3F, Room A, Chaoya Chaoyang District Beijing Beijing, 100018, Beijing",39.9613659,116.5427542,other,,ziv
STAR LEGEND星际传奇北京丽泽天地店,"丽泽天地购物中心3楼 Beijing 100161, Beijing",39.8664318,116.2993204,maimai_dx;other,,ziv
StarLegend星际传奇(MOMOPARK),"F3-9-10, MOMO PARK Shopping Center, No. 216 Xiaozhai West Road (置地时代MOMO PARK F3-9-10) Xi'an Shannxi, 710068, Xi'an",34.2239453,108.9291855,other;taiko,,ziv
SUPER ALL DAY 潮玩运动街区（金台万达）,"5th Floor, Wanda Plaza, Jintai District Baoji City Shaanxi Province, 721000, Baoji City",34.3596455,107.1744633,maimai_dx;other,,ziv
Super Constellation超级星座(万宴城),"3rd Floor, Wanyan City Mall, No. 222 Jiefang North Road, Tiansha (乌鲁木齐天山区解放北路222号万宴城3楼) Ürümqi Xinjiang Uygur Autonomous Region, 830002, Ürümqi",43.7932705,87.6185310,maimai_dx;other,,ziv
superallday潮玩街区和平恒隆广场店,天津市和平区兴安路恒隆广场4楼4030superallday潮玩街区,39.1271620,117.1939680,chunithm;maimai_dx;other,,wahlap;bemanicn;ziv
SuperPlayer 大玩家 (万达广场金牛店),"金牛区环路北三段1号万达广场金牛店万达百货2层 Chengdu Shi Sichuan Sheng, 610081, Chengdu Shi",30.6890575,104.0714490,other,,ziv
SuperPlayer 大玩家 (延安万达),"L3, Wanda Plaza, Yanhe West Road Yan'an 延安市 Shannxi 陕西省, 716000, Yan'an 延安市",36.5975188,109.4839203,other,,ziv
SuperPlayer 大玩家 (延安红街万达),"D0208, Wanda Plaza, Yan'an Red Street, No.15 Fangta Road Yan'an 延安市 Shannxi 陕西省, 716000, Yan'an 延安市",36.5657454,109.5121801,other,,ziv
SuperPlayer 大玩家超乐场 (榆林万达),"3rd floor, Wanda Shopping Mall(万达广场), 长兴路 Yulin 榆林市 Shannxi 陕西省, 719000, Yulin 榆林市",38.2461557,109.7469970,other,,ziv
SuperPlayer大玩家 (拉萨城关万达),"2nd Floor, Wanda Plaza, No. 1, Najin East Road Chengguan District Lhasa Tibet, 850032, Lhasa",29.6595848,91.1798211,maimai_dx;other,,ziv
SuperPlayer大玩家 (西湖万达店),"Yun Jin Lu Nanchang Shi Jiangxi Sheng, 330009, Nanchang Shi",28.6363910,115.8538343,maimai_dx;other,,ziv
SuperPlayer大玩家超乐场 (杨凌万达),"3rd Floor, Wanda Plaza, Yangling District (杨凌区万达广场3F大玩家) 咸阳市 Xianyang City 陕西省 Shannxi Province, 712100, 咸阳市 Xianyang City",34.2670766,108.0913399,maimai_dx;other;taiko,,ziv
SuperPlayer大玩家超乐场 (渭南万达),"2F-B, 2nd Floor, Wanda Plaza (渭南市万达广场2层大玩家) 渭南市 Weinan City 陕西省 Shannxi Province, 714000, 渭南市 Weinan City",34.5042402,109.4483976,other,,ziv
SuperPlayer大玩家超乐场(大明宫万达),"2nd floor, Wanda Plaza(Daming Palace),Fengcheng 1st Road No.369, 凤城一路369号大明宫万达广场二楼 Xi'an City Shannxi Province, 710000, Xi'an City",34.3174191,108.9681047,maimai_dx;other,,ziv
SuperPlayer大玩家超乐场(民乐园万达),"Wanda Plaza(Minleyuan), jiefang road 五路口 西安市 陕西省(Shaanxi Province), 710000, 西安市",34.2696479,108.9594519,other,,ziv
SuperPlayer大玩家超乐场(西安大融城),"3rd floor, IMIXPARK Shopping(大融城),未央路 Weiyang District Xi'an Shannxi, 710000, Xi'an",34.3395604,108.9443724,maimai_dx;other,,ziv
SuperPlayer大玩家超乐场(高新万达),"2F-B floor, Wanda Plaza(Gaoxin Palace),Mutazhai West Road No.719 木塔寨西路719号高新万达广场二楼2F-B Xi'an City Shannxi Province, 710065, Xi'an City",34.2103826,108.8860613,other,,ziv
SuperPlayer大玩家超乐场（咸阳秦都万达）,"2nd Floor, Wanda Plaza, No. 29 Renmin West Road, Qindu District (人民西路29号万达广场二楼) Xianyang (咸阳市) Shannxi (陕西省), 712000, Xianyang (咸阳市)",34.3371197,108.6955555,maimai_dx;other;taiko,,ziv
Tianfuhong Shopping Centre,"JinjiangNo.18, Dongyu Street ChengDu Sichuan , ChengDu",30.6582046,104.0647316,chunithm;maimai_dx;other;taiko,,ziv
TKZC 天空之城 (汉中吾悦),"3rd Floor, Wuyue Plaza, Shayan Road, Xixin St, (汉中吾悦广场三楼) Hanzhong City 汉中市 Shannxi 陕西省, 723000, Hanzhong City 汉中市",33.0748391,106.9904208,maimai_dx;other,,ziv
Tom's World 汤姆熊欢乐世界(西安立丰城LECITY),"5th Floor, LECITY, No.151 Zhangba East Road (丈八东路151号立丰城5楼) Xian Shaanxi, 710000, Xian",34.1981731,108.8990271,other;taiko,,ziv
Tom's World 汤姆熊欢乐世界(西安阳光城),"B1 Floor, Sunshine City Shopping, No. 60 Boshi Road, Gaoxin Yant (博士路60号西安阳光天地60号) Xi'an Shaanxi, 710075, Xi'an",34.1724019,108.8637963,other;taiko,,ziv
Top Player 大玩家（西铁营万达店）,"西铁营中路1号院万达广场4层东侧 Fengtai District Beijing 100069, Beijing",39.8593531,116.3496869,maimai_dx;other;taiko,,ziv
V-Play Party,"Room 106, 1st Floor, Dahongmen Group Shopping Plaza, (大红门购物广场1楼106) Hanzhong 汉中市 Shannxi 陕西省, 723000, Hanzhong 汉中市",33.0789498,107.0241442,other,,ziv
Wanda Kids 宝贝王（丰科万达2F）,"2F, Fengke Wanda Plaza Fengtai District Beijing Beijing, 100071, Beijing",39.8234685,116.2936929,other;taiko,,ziv
Wanda Kids 宝贝王（昌平沙河万达）,"Shahe Wanda Plaza, 3F Southwest Corner, Changping District, Beij Changping District, near Zhuxinzhuang Station Beijing Beijing, 102206, Beijing",40.1070000,116.3080000,maimai_dx;other,,ziv
Wanda Kids 宝贝王（通州万达2F）,"新华西街58号万达广场(通州店)3F东侧 Tongzhou District Beijing Beijing, 101101, Beijing",39.9045310,116.6358140,chunithm;jubeat;maimai_dx;other;taiko,,ziv
Who Are You 虎阿游 (咸阳秦都万达),"L3, Wanda Plaza, No. 29 Renmin West Road, Qindu District (人民西路29号万达广场三楼) Xianyang Shannxi, 712000, Xianyang",34.3390510,108.6950290,maimai_dx;other,,ziv
Who Are You 虎阿游 (渭南万达),"2nd Floor, Wanda Plaza (渭南市万达广场2层) 渭南市 Weinan City 陕西省 Shannxi Province,, 714000, 渭南市 Weinan City",34.5044391,109.4477588,maimai_dx;other,,ziv
Wind and Fire Wheels (风火轮电玩),"F43, First Floor, MINSUN Plaza, Dongda Street Luomashi No.1 步行街钟楼民生百货云景坊1楼 Xi'an Shaanxi, 710000, Xi'an",34.2606348,108.9461240,other,,ziv
X-in空间·动漫体验中心 (宝鸡高新天下汇),"4th Floor, Tianxiahui, Gaoxin Avenue, Maying Town, Huayin Distri (马营镇高新大道天下汇四楼) Baoji Shannxi, 721000, Baoji",34.3471034,107.2241163,maimai_dx;other,,ziv
X-in空间·动漫体验中心 (西安金辉广场),"Shop F0173, 1st Floor, Jinhui Plaza, No. 885 Yanta South Road, Q (雁塔南路885号金辉广场一楼) Xi'an Shannxi, 710061, Xi'an",34.1825271,108.9599240,chunithm;maimai_dx;other;taiko,,ziv
XAMG幻乐坊,钟楼地铁6号线F口出,34.2603289,108.9467382,chunithm;ddr;gitadora;iidx;jubeat;maimai_dx;other;popn;sdvx;taiko,,bemanicn;ziv
X³-Play 炫次方 (万丰海岸城),"E515, 万丰海岸城BlockA, Wanfeng Community, Xinqiao Subdistrict, Bao'an District Shenzhen Guangdong, 518000, Shenzhen",22.7162263,113.8158542,chunithm;maimai_dx;other,,ziv
X³-Play 炫次方 (宝能太古城),"SL211, South Zone, Baoneng ALL CITY Shopping, Nanshan District, Shenzhen Guangdong, 518067, Shenzhen",22.5027197,113.9347615,maimai_dx;other,,ziv
YH城电玩城-白云嘉禾店(未开业),"白云区鹤龙一路208号(详见Location Information) 广州市(CANTON) 广东省 (Guangdong Province), 广州市(CANTON)",23.2116400,113.2661006,other,,ziv
YiXiQingShan Experience Store (一袭青衫-二次元体验中心),"No.1007-1009, 1st Floor, E2 Block, Dahua1935, Taihua South Road. 太华南路大华1935商城E2馆一层1007-1009室 Xi'an City Shannxi Province, 710000, Xi'an City",34.2862528,108.9693221,maimai_dx;other,,ziv
YOLO 悠乐哒 (新业坊店),"1F, Building 9, Xinyefang, No.1328 Yixian Road, Baoshan District Baoshan District Shanghai Shanghai, 201900, Shanghai",31.3197493,121.4790699,chunithm;maimai_dx;other;taiko,,ziv
YumeWorld上海徐汇万科店,上海市徐汇区万科广场二楼,31.1597576,121.4271284,maimai_dx;other,,wahlap;bemanicn;ziv
Zebra Forest Game Club (斑马森林动漫体验中心),"No. 2-60, North District, 2nd Floor, Taiyi City Life Center, No. Xi'an Shannxi, 710000, Xi'an",34.2371999,108.9682657,other,,ziv
ZhuaBei抓呗电玩(西安碑林),"东大街骡马市1号楼民生百货L1 First Floor, MINSON Plaza, Luomashi Xi'an City Shannxi Province, 710000, Xi'an City",34.2598057,108.9457297,maimai_dx;other,,ziv
【即将开业】E享空间北京新华百货CCmall店,新街口北大街1号新华百货CCmall（新街口店）L6云川台球旁,39.9459863,116.3650631,maimai_dx;other,,bemanicn;ziv
一七八电玩城 Arcade 178 ༡༧༨ གློག་རྩེད་ཁང་།,"3F, Gongbu Farmers’ Market, Zangda Middle Road Lhasa Tibet, 850021, Lhasa",29.6478199,91.1595288,other,,ziv
一同潮玩  Ace Play (马成时代广场),"225C, Shixia time Plaza 石厦时代广场, Futian District 福田区, Shenzhen City 深圳市, Guangdong Province 广东省, 518049",22.5242121,114.0480427,maimai_dx;other,,ziv
一同潮玩 Ace Play,"梅江区三角镇金燕大道109号 梅州市 Meizhou 广东省 Guangdong Province, 514071, 梅州市 Meizhou",24.2744012,116.1307425,maimai_dx;other,,ziv
一起玩家年华 17 PLAY（凯德广场诺和木勒店）,"5th Floor, CapitaMall, No.38 Ordos Street Yuquan District Hohhot Inner Mongolia, 010031, Hohhot",40.7959530,111.6720128,maimai_dx;other,,ziv
万达宝贝王 Wanda Kid (金桥太茂广场店),"2F, Jinqiao Taimao Commercial Plaza, No.1882 Jingao Road Pudong New District Shanghai Shanghai, 201206, Shanghai",31.2691245,121.6040308,maimai_dx;other,,ziv
万达宝贝王 Wanda Kids (上海浦江万达店),"3F, Wanda Plaza Pujiang, No.360 Yongyue Road, Pujiang Town Minhang District Shanghai Shanghai, 201112, Shanghai",31.0296948,121.5072750,maimai_dx;other,,ziv
世嘉华翰 SEGAWORLD Beijing,"Beijing APM mall, Build 138, WANGFUJING St 北京市东城区王府井大街138号 新东安广场APM 东城/西城区 Dongcheng/Xicheng District 北京 (Beijing), 东城/西城区 Dongcheng/Xicheng District",39.9138020,116.4139030,other,,ziv
世宇乐园 UNiS LAND,"3F, 吉林欧亚综合体 Fengman District 吉林市 (Jilin City) Jilin Province, 132000, 吉林市 (Jilin City)",43.7878878,126.5481019,maimai_dx;other;taiko,,ziv
世宇乐园(大信旗舰店),"广东省中山市石岐区宏基路大信商业街尾 中山市(Chungshan) 广东省 (Guangdong Province), 中山市(Chungshan)",22.5359579,113.3830597,jubeat;other,,ziv
世宇乐园广州棠下店,"广州市中山大道188号棠下好又多超市1楼 广州市(CANTON) 广东省 (Guangdong Province), 广州市(CANTON)",23.1251636,113.3791959,jubeat;other;taiko,,ziv
乐游悦动(生态城万达店),天津生态城万达广场乐游悦动,39.1233730,117.7566930,maimai_dx;other;taiko,,bemanicn;ziv
乐游悦动（大港万达店）,天津市滨海新区古林街道世纪大道305号万达广场3楼,38.8440660,117.4831240,maimai_dx;other;taiko,,bemanicn;ziv
乐游悦动（远洋乐堤港店）,津滨大道160号远洋乐堤港(原爱琴海)3层,39.1157470,117.2657650,maimai_dx;other;taiko,,bemanicn;ziv
乐游记游戏体验中心,镇岗塔路云岗航天人才家园1号楼京盛时代购物中心4F,39.8183706,116.1668871,maimai_dx;other,,bemanicn;ziv
乐炫风上海静安大融城店,上海市静安区大融城2楼,31.2814960,121.4202010,jubeat;maimai_dx;other;taiko,,wahlap;bemanicn;ziv
乐玩客潮玩城 Fun Guest (云领天街店),"3F, Building A, Yunling Paradise Walk, No. 37 Yingbin Avenue Jiulongpo District Chongqing Chongqing, 400039, Chongqing",29.5080344,106.4593340,maimai_dx;other,,ziv
乐秀电玩城,"抚顺市新抚区中央大街7号金地大厦 抚顺市(FuShun) 辽宁省（Liaoning Province）, 抚顺市(FuShun)",41.8616174,123.9031857,iidx;other,,ziv
乐立方大冒险丰台海户屯京东店,北京市丰台区海户屯京东MALL二层,39.8517093,116.3951897,maimai_dx;other,,wahlap;bemanicn;ziv
乐翻天游乐园,"承德市佟温路二号 承德市（Chengde） 河北省（Hebei）, 067000, 承德市（Chengde）",40.9734372,117.9355261,iidx;other;taiko,,ziv
乐酷汇电玩城,蓝色港湾儿童城一层冰场东侧K114号,39.9479334,116.4697374,gitadora;other;taiko,,bemanicn;ziv
乐酷电玩俱乐部(金源燕莎店),"Jinyuan Xinyansha Mall, 1 Yuanda Road 5th Floor BEIJING Beijing Shi, BEIJING",39.9586480,116.2895215,gitadora;iidx;other;sdvx,,ziv
京北智玩空间,府前街14号京北大世界五层,40.3142172,116.6267502,chunithm;maimai_dx;other,,bemanicn;ziv
伟亿电玩城 WEIYI Arcade,"B1 Floor, Wangfujing Outlets Ruyi Town Xincheng District Hohhot Inner Mongolia, 010090, Hohhot",40.8437977,111.7586616,other,,ziv
佐佐佑佑电玩城,"名城广场3F 公园路163号 Wenzhou Shi Zhejiang Sheng, 325100, Wenzhou Shi",28.0130744,120.6623617,drs;maimai_dx;other;sdvx,,ziv
佳世客,"莱山JUSCO 烟台市 (Yantai) 山东省 (Shandong Province), 烟台市 (Yantai)",37.4717332,121.4479941,other,,ziv
偶予电玩 I GIVE Video Games (阳光城),"L4, Youyi Sunshine City, Jinlong Road Longhua District 龙华区 Haikou City 海口市 Hainan Province 海南省, 570125, Haikou City 海口市",20.0263338,110.3202113,chunithm;maimai_dx;other;taiko,,ziv
偶予电玩 OHYO (海口友谊国贸城店),"3rd Floor, North Zone, Guomao Shopping Mall, Youyi Road, No. 21 Longhua District 龙华区 Haikou City 海口市 Hainan Province 海南省, 570125, Haikou City 海口市",20.0306127,110.3145144,chunithm;maimai_dx;other;taiko,,ziv
偶予电玩动漫体验中心(万家丽店),"99-101 Wanjiali Middle Road 1st Section B1 floor B42&B43-1 长沙市芙蓉区东屯渡街道万家丽中路一段99-101号B1楼B42&B43-1号商铺 Changsha Shi Hunan Sheng, Changsha Shi",28.1903146,113.0317426,other,,ziv
元气总动员 Happy Story (时代天街),"3rd Floor, Block B, 龙湖时代天街, No. 89 Hezuo Road Pidu District 郫都区 Chengdu City 成都市 Sichuan Province 四川省, 611730, Chengdu City 成都市",30.7545509,103.9200103,chunithm;maimai_dx;other;sdvx;taiko,,ziv
元气满满 (益田假日),"3rd floor, Shopping Holiday World(益田假日购物中心), 长乐西路 No.166 Xincheng District Xi'an Shannxi, 710000, Xi'an",34.2703306,108.9684320,gitadora;maimai_dx;other;taiko,,ziv
元气满满潮玩娱乐,"Zone West, Underground floor, Jinxing Plaza 金信广场 Fugu County 府谷县 Yulin 榆林市 Shannxi 陕西省, 719400, Yulin 榆林市",39.0405863,111.0493755,other,,ziv
八爪娱 Have Fun,"L1-1020, Hengji Shopping Center Dongfeng Av. Weinan 渭南市 Shannxi 陕西省, 714000, Weinan 渭南市",34.5029670,109.4835770,other;taiko,,ziv
六代玩家 Player Gen6 (上海松江店),"2F East, Jiahong Daju Yinxianghui, No.41 Sibao Road, Sijing Town Songjiang District Shanghai Shanghai, 201601, Shanghai",31.1181277,121.2561171,maimai_dx;other,,ziv
六代玩家 PlayerGen6 (上海嘉定南翔店),"L2 West, Zhongye Xiangteng City Plaza, Zhennan Road at Minzhu Ea Jiading District Shanghai Shanghai, 201802, Shanghai",31.2976926,121.3184670,chunithm;maimai_dx;other;taiko,,ziv
冒险岛（方大城购物中心）,"3 Floor, Fangda City Shopping, Loongjing 4th Road Nanshan District Shenzhen Guangdong, 518000, Shenzhen",22.5593103,113.9678979,maimai_dx;other,,ziv
利群商厦,"莱州 山东省 (Shandong Province), 莱州",37.1814500,119.9422073,other;taiko,,ziv
动力99,"东莞市南城区鸿福路200号第一国际汇一城313-333 东莞市(Dongguan) 广东省 (Guangdong Province), 东莞市(Dongguan)",23.0088655,113.7549520,gitadora;iidx;jubeat;other,,ziv
华录乐园(南昌新城吾悦店),"高新区京东大道与东元路交汇处新城吾悦广场3层 Nanchang Shi Jiangxi Sheng, 330029, Nanchang Shi",28.7120368,115.9719801,other,,ziv
南宁玛丽奥动漫电玩俱乐部,"兴宁区兴宁路步行街59号红星电影城1-2楼 南宁市(Nanning) 广西省 (Guangxi Province), 南宁市(Nanning)",22.8142057,108.3205108,jubeat;other,,ziv
南通天空之城动漫电玩世界,"圆融广场3楼 Nantong Shi Jiangsu Sheng, 226007, Nantong Shi",32.0043545,120.8845422,other,,ziv
南通风云再起,"南通印象城 Nantong Shi Jiangsu Sheng, 226000, Nantong Shi",31.9873671,120.8877182,other,,ziv
博禹动漫,"沈河区北中街路180号 Shenyang Shi Liaoning Sheng, 110041, Shenyang Shi",41.8023349,123.4580627,other,,ziv
卡乐比乐园,"G Floor 3G13-3G15, Zone 3, Shiboyuan, No.1368 Shibo Avenue Pudong New District Shanghai Shanghai, 200126, Shanghai",31.1860043,121.4879794,maimai_dx;other;taiko,,ziv
卡奇部落(太原街印象城店),"和平区太原街中华路15号印象城3层 Shenyang Shi Liaoning Sheng, 110025, Shenyang Shi",41.7925089,123.3987162,other,,ziv
卡通尼· Fun Forward（东莞大朗）,"L3, Lily Garden Mall(碧桂园里悦里购物中心), Mingzuo Plaza Dalang Town Dongguan Guangdong, 523000, Dongguan",22.9363671,113.9224448,maimai_dx;other;taiko,,ziv
可可猩球 COCO CHIMPA (天津南开大悦城),"2nd Floor, Joy City Nankai District Tianjin Tianjin, 300100, Tianjin",39.1351701,117.1737170,chunithm;maimai_dx;other;taiko,,ziv
可可猩球 COCO CHIMPA (天津陆家嘴中心店),"L305-L306, Tianjin Lujiazui Center, No.25-29 Dafeng Road Hongqiao District Tianjin Tianjin, 300102, Tianjin",39.1464750,117.1659140,maimai_dx;other,,ziv
可多梦北京丰台花乡奥莱店,花乡奥莱村13号楼1楼（大牌子耀莱成龙影院）,39.8263030,116.3180080,chunithm;maimai_dx;other,,bemanicn;ziv
可爱抓 COCO GOTCHA（仁恒伊势丹店）,仁恒伊势丹A馆负一层,39.1366260,117.1849070,maimai_dx;other,,bemanicn;ziv
吉睿潮玩 JIRUI Fashion Play（祥云小镇 Shine Hills）,"2F, Block 11, Shine Hills (Southern Zone), No.6 Antai Avenue Shunyi District Beijing Beijing, 101318, Beijing",40.0851804,116.5319716,maimai_dx;other;taiko,,ziv
吾技动漫北京龙德广场店,北京市昌平区立汤路186号院龙德广场四层吾技动漫,40.0583739,116.4092172,chunithm;maimai_dx;other;taiko,,wahlap;bemanicn;ziv
呱呱乐园 Happy Frog Games (航城里 Hangchengli),"Hangchengli Shopping Center, Intersection of Hangcheng Avenue an Bao'an District 宝安区 Shenzhen City 深圳市 Guangdong Province 广东省, 518126, Shenzhen City 深圳市",22.6099106,113.8446450,other,,ziv
呱呱乐园 Happy Frog Games (西乡 Xixiang),"Unit 1-006A, Qianhai Kexing Science Park, Laodong Community Bao'an District 宝安区 Shenzhen City 深圳市 Guangdong Province 广东省, 518101, Shenzhen City 深圳市",22.5763509,113.8465762,maimai_dx;other,,ziv
和音屋 x -Azisai- 北京店 立直麻将/音游,七里庄路口向北附近（详见群内信息）,39.8530000,116.2950000,chunithm;ddr;gitadora;iidx;maimai_dx;nostalgia;other;popn;sdvx,,bemanicn;ziv
哆啦乐图 DORALETU ★,"1st Floor, Zhonglou Wenshang Hotel Beilin District Xi'an Shaanxi, 710000, Xi'an",34.2601937,108.9444047,chunithm;jubeat;maimai_dx;other;taiko,,ziv
哇哇哇游乐城,天河路228号正佳广场7层7A001、7B002,23.1344651,113.3218021,chunithm;drs;maimai_dx;other;taiko,,bemanicn;ziv
啪啪熊乐园6号营地,"龙岗区宝能城市广场4楼 Shenzhen Shi Guangdong Sheng, 518172, Shenzhen Shi",22.7249799,114.2481858,other,,ziv
啵比特 BOBITE（上海浦江万达店）,"2F, Wanda Plaza Pujiang, No.360 Yongyue Road, Pujiang Town Minhang District Shanghai Shanghai, 201112, Shanghai",31.0296768,121.5069277,chunithm;maimai_dx;other;taiko,,ziv
喜漫游·潮玩中心 XMY.PLAY（上海临港蓝鲸世界店）,"Shop L3-49, Longguang Blue Whale World Shopping Center, Hucheng Pudong New District Shanghai Shanghai, 201306, Shanghai",30.8983868,121.8921049,maimai_dx;other,,ziv
喜魔方潮玩乐园,旱河路京粮广场2层,39.9600000,116.2900000,other;taiko,,bemanicn;ziv
嗨森汇广州北京路天河城店,北京路168号北京路天河城A区3层B336-340,23.1224255,113.2650706,chunithm;maimai_dx;other,,bemanicn;ziv
嘉贝乐北京五道口店,北京市海淀区成府路28号五道口购物中心三层,39.9906975,116.3333476,maimai_dx;other;taiko,,wahlap;bemanicn;ziv
嘉贝乐惠多港店,黄厂西路惠多港三层嘉贝乐,39.8495207,116.5448202,maimai_dx;other,,bemanicn;ziv
嘉贝乐电玩城(上地华联店),嘉贝乐(上地华联店)，BHGMall上地店3层,40.0273284,116.3051277,maimai_dx;other;taiko,,bemanicn;ziv
嘻游嘉年华,"Gulou Square, North of Ancient Street East Entrance Jizhou District Tianjin Tianjin, 301900, Tianjin",40.0432080,117.4022580,maimai_dx;other;taiko,,ziv
噜彼熊电玩嘉年华 Rubi Bear Gaming Carnival,"L3 Floor, Oriental Yinzuo Mall, No.48 Dongzhimen Outer Street Dongcheng District Beijing Beijing, 100027, Beijing",39.9387930,116.4292699,chunithm;maimai_dx;other;taiko,,ziv
噜彼熊电玩嘉年华(华联万柳),"2F North Side, BHG Mall Wanliu, No.2 Bagou Road, Haidian Subdist Beijing, China Beijing Beijing, 100080, Beijing",39.9717062,116.2889774,chunithm;maimai_dx;other;taiko,,ziv
噜彼熊电玩嘉年华万柳店,北京市海淀区巴沟路2号万柳华联购物中心二层,39.9420000,116.4360000,chunithm;iidx;maimai_dx;other;sdvx;taiko,,wahlap;bemanicn;ziv
国士无双智竞馆南山店,向南瑞峰商业广场4066号,22.5277154,113.9207768,other;taiko,,bemanicn;ziv
城东美颂电玩地带,"安吉大道与玉磬路交叉口东180米 城东美颂广场 Hu Zhou Shi Zhe Jiang Sheng, 313399, Hu Zhou Shi",30.6218577,119.7028685,maimai_dx;other,,ziv
城市英雄 Party House (津南吾悦店),"3F, Jinnan Wuyue Plaza, Xianshuigu Town Jinnan District Tianjin Tianjin, 300350, Tianjin",38.9776880,117.3682450,chunithm;maimai_dx;other;taiko,,ziv
城市英雄 Party House（海淀大悦城店）,"海淀大悦城3F Haiding District Beijing Beijing, 100089, Beijing",40.0892927,116.2228526,jubeat;maimai_dx;other;taiko,,ziv
城市英雄game one,深圳市宝安区创业二路深圳大悦城,22.5721702,113.8974404,chunithm;jubeat;maimai_dx;other;taiko,,bemanicn;ziv
城市英雄Party House(印象城),"3th Floor, INCITY(印象城), No.33 Rd. Weiyang Weiyang District Xi'an Shannxi, 710016, Xi'an",34.2963223,108.9431709,maimai_dx;other;taiko,,ziv
城市英雄Party House(熙地港),"5th Floor, CityOn(熙地港), Rd. Weiyang Weiyang District Xi'an Shannxi, 710018, Xi'an",34.3402935,108.9402983,chunithm;jubeat;maimai_dx;other;taiko,,ziv
城市英雄PartyHouse(南昌大悦城店),江西省南昌市西湖区抚生南路666号南昌大悦城L4层城市英雄,28.6370879,115.8581144,chunithm;maimai_dx;other;taiko,,bemanicn;ziv
城市英雄南昌店,"长堎大道与子实路交叉口新建新城吾悦广场2楼 Nanchang Shi Jiangxi Sheng, Nanchang Shi",28.6859008,115.8005668,chunithm;maimai_dx;other;taiko,,ziv
城市英雄株洲店,"1077号-1083号 Xin Hua Xi Lu Zhuzhou Shi Hunan Sheng, 412000, Zhuzhou Shi",27.8370973,113.1511552,gitadora;jubeat;maimai_dx;other,,ziv
城市英雄电玩,"河南省郑州市二七区西大街 郑州(Zhengzhou) 河南 (Henan), 450001, 郑州(Zhengzhou)",34.7518012,113.6677963,iidx;jubeat;other;taiko,,ziv
城市英雄电玩(汉口店),"江汉区中山大道818号佳丽广场B1楼HAPPY站台 武汉(Wuhan) 湖北(Hubei), 武汉(Wuhan)",30.5788101,114.2911336,jubeat;maimai_dx;other,,ziv
城市英雄长沙店,"中国湖南省长沙市黄兴中路92号 Changsha Shi Hunan Sheng, Changsha Shi",28.1935426,112.9760110,iidx;jubeat;other,,ziv
壹号玩家动漫城 Player No.1（航头浦乐汇店）,"Shops 301-310, 3F, Pulehui Mall, No.319 Helei Road, Hangtou Town Pudong New District Shanghai Shanghai, 201317, Shanghai",31.0800970,121.5888652,maimai_dx;other;taiko,,ziv
壹零壹电玩城 Super101 (新华广场店),"Zone H, European Town, Xinhua Square Underground Shopping Street Xilingol North Rd., Xincheng District Hohhot Inner Mongolia, 010020, Hohhot",40.8180436,111.6612947,jubeat;maimai_dx;other,,ziv
大橡电玩城,俪城MiniMall三楼,40.7842906,111.6658866,other,,bemanicn;ziv
大玩家,"包河万达2楼 Hefei Shi Anhui Sheng, 230069, Hefei Shi",31.8572524,117.3021314,other,,ziv
大玩家 Super Player（西铁营万达店）,"西铁营中 Road1院 Wanda Plaza4F东侧 Fengtai District Beijing Beijing, 100071, Beijing",39.8600000,116.2900000,other,,ziv
大玩家二店,"Unnamed Road Nanchang Shi Jiangxi Sheng, 330200, Nanchang Shi",28.5786505,115.7918433,maimai_dx;other,,ziv
大玩家超乐场,"广州市白云区云城东路505号万达广场1楼 地铁飞翔公园站 广州市(CANTON) 广东省 (Guangdong Province), 广州市(CANTON)",23.1717685,113.2666504,jubeat;other;taiko,,ziv
大玩家超乐场,"涧西区辽宁路170号 洛阳(LuoYang) 河南 (Henan), 471003, 洛阳(LuoYang)",34.6547713,112.4077441,jubeat;other;taiko,,ziv
大玩家超乐场(新会万达广场),"新会区会城启超大道2号万达广场二楼 Jiangmen Guangdong, Jiangmen",22.5046216,113.0459855,jubeat;other;taiko,,ziv
大玩家超乐场(江门万达广场),"蓬江区发展大道万达广场2楼 Jiangmen Shi Guangdong Sheng, 529030, Jiangmen Shi",22.6161500,113.0832449,jubeat;maimai_dx;other;taiko,,ziv
大玩家超乐场(红谷滩万达广场店),"红谷滩凤凰中大道与会展路交汇处万达广场二楼 南昌市 (Nanchang) 江西省（Jiangxi Province）, 330038, 南昌市 (Nanchang)",28.6936111,115.8497787,maimai_dx;other,,ziv
大玩家超乐场(郑州中原万达店),"郑州市中原区中原中路171号万达百货3层 Zhengzhou Shi Henan Sheng, Zhengzhou Shi",34.7466299,113.6013660,other,,ziv
大玩家超乐场（广州海珠店）,"3F, Wanda Plaza Haizhu 238 Yijing Road, Haizhu District Guangzhou Shi Guangdong Sheng, Guangzhou Shi",23.0837478,113.3136310,drs;other;sdvx,,ziv
大玩家超乐场（菱角湖万达广场店）,"江汉区唐家墩路5号菱角湖万达商业广场二层 武汉(Wuhan) 湖北(Hubei), 武汉(Wuhan)",30.6102720,114.2701040,jubeat;other;taiko,,ziv
天天玩 X 秋葉原日系动漫中心★,"Huiyin Plaza, Huashan Road (Xujiahui/Guangyuan Road) no. 2088 徐汇区 (Xuhui District) 上海 (Shanghai), 200235, 徐汇区 (Xuhui District)",31.1986788,121.4326143,chunithm;gitadora;iidx;jubeat;maimai_dx;other;sdvx;taiko,,ziv
天娱广场2楼,"广州市天河区天河路623号，地铁岗顶站A出口 广州市(CANTON) 广东省 (Guangdong Province), 广州市(CANTON)",23.1354073,113.3400263,maimai_dx;other;taiko,,ziv
天空之城,"蜀山区长江西路189号之心城购物中心F7 Hefei Anhui, 230022, Hefei",31.8544575,117.2575360,maimai_dx;other,,ziv
天空之城 SKY CITY (青浦吾悦WUYUE),"WUYUE Mall Shanghai Qinpu Brench 3F, Dianshanhu Avenue, 青浦区 (Qingpu District) Shanghai 上海 (Shanghai), 201700, Shanghai",31.1457024,121.0906433,maimai_dx;other;taiko,,ziv
天空之城 Sky City Amusement World (上海万嘉广场店),"2F, Wanjia Commercial Plaza, No.1881 Dongjing Road Pudong New District Shanghai Shanghai, 200120, Shanghai",31.2957047,121.6065342,chunithm;maimai_dx;other;taiko,,ziv
天空之城 Sky City Amusement World (上海招商花园城店),"L3-018, 3F, Zhaoshang Garden City, No.99 Gutang Road Pudong New District Shanghai Shanghai, 200120, Shanghai",31.2650532,121.6536519,chunithm;maimai_dx;other;taiko,,ziv
天空之城 Sky City Amusement World (南京鹏欣水游城店),"Pengxin Aqua City, No. 1 Jiankang Road Qinghuai District Nanjing Jiangsu, 210000, Nanjing",32.0255170,118.7807255,chunithm;maimai_dx;other,,ziv
天空之城 Sky City Amusement World (商洛万达),"F1A Floor, Shangluo Wanda Plaza Shangluo Shannxi, 726000, Shangluo",33.8725178,109.9210399,maimai_dx;other,,ziv
天空之城 Sky City Amusement World (星河 CoCo Park),"3rd Floor, Galaxy COCO Park (Longgang Branch) Longgang District Shenzhen Guangdong, 518172, Shenzhen",22.6937344,114.2234156,maimai_dx;other,,ziv
天空之城 Sky City Amusement World (津南吾悦),"2F, Wuyue Plaza, Jinnan District Jinnan District Tianjin Tianjin, 300350, Tianjin",38.9779604,117.3685093,chunithm;maimai_dx;other;taiko,,ziv
天空之城 Sky City Amusement World (西安李家村万达),"2nd Floor, Wanda Plaza Lijiacun, R.Yanta North Xi'an Shaanxi Province, 710000, Xi'an",34.2449251,108.9578325,maimai_dx;other,,ziv
天空之城 Sky City Amusement World (龙湖光年),"Unit A-3F-01a, 3rd Floor, Phase I, Longhu Light years, Longhua District Haikou Hainan, 570311, Haikou",19.9981321,110.3250291,chunithm;maimai_dx;other,,ziv
天空之城 Sky City Amusement World（宝山龙湖天街店）,"3F, Longfor Baoshan Paradise Walk, No.1 Lane 50 Danxia Mountain Baoshan District Shanghai Shanghai, 201900, Shanghai",31.3602380,121.3579910,chunithm;maimai_dx;other,,ziv
天空之城(小寨·原力场),"3rd Floor, Prime Field·Xiaozhai(小寨·原力场), Middle Chang'an Road No Yanta District(雁塔区) Xi'an(西安市) Shannxi(陕西省), 710000, Xi'an(西安市)",34.2265978,108.9412746,chunithm;maimai_dx;other,,ziv
天空之城·多奇妙儿童乐园 (宝鸡吾悦),"3rd floor, Wuyue Plaza (宝鸡市吾悦广场三楼) Baoji Shannxi, 721000, Baoji",34.3416422,107.2302532,maimai_dx;other,,ziv
天空之城·多奇妙儿童乐园(西咸吾悦店),昆明路与天台路交汇处西咸沣东吾悦广场3楼,34.2551769,108.8189336,maimai_dx;other,,bemanicn;ziv
夸特世界（亦庄龙湖天街店）,兴海路1号院1号楼龙湖亦庄天街三层3F-25、3F-26,39.7936937,116.4805691,maimai_dx;other,,bemanicn;ziv
夸特游艺 Quart World (熙悦店),"B Zone 4F, Shop L4-13, Xiyue Paradise Walk, Intersection of Lian Beijing, China Beijing Beijing, 102488, Beijing",39.7327455,116.1793841,maimai_dx;other;taiko,,ziv
夸特游艺 Quart World (石景山店),"No.17 Xincheng East Street, Building 2, Longfor Chang'an Paradis Mentougou District Beijing Beijing, 102300, Beijing",39.9049829,116.2194804,chunithm;maimai_dx;other;taiko,,ziv
夸特游艺门头沟店,北京市门头沟金安路长安天街三楼夸特游艺,39.9018000,116.1186000,chunithm;maimai_dx;other,,wahlap;bemanicn;ziv
夸特游艺（银座和谐广场店）,万丰路68号银座和谐广场4层402（卡通尼楼上）,39.8809759,116.2915094,maimai_dx;other;taiko,,bemanicn;ziv
夸特糖乐园 QUARTSUG LAND（北苑店）,"3F-10, Beiyuan Paradise Walk, No.19 Beiyuan East Road Chaoyang District Beijing Beijing, 100071, Beijing",40.0411899,116.4334949,other,,ziv
夹米星球 Rich Stars (Fengtai Huiqin Mall),"JiaMi Planet (Fengtai Huiqin Branch), Fengtai District Beijing Beijing, 100070, Beijing",39.8416270,116.4172067,maimai_dx;other;taiko,,ziv
奇乐多,"F6 Floor, Xingshicheng Shopping Plaza, No. 34-1 Zhongxin Road Bao’an District 宝安区 Shenzhen City 深圳市 Guangdong Province 广东省, 518104, Shenzhen City 深圳市",22.7250983,113.8246733,gitadora;other;taiko,,ziv
奇哒荟北京丰台店,北京市丰台区丰台北路18号金唐新光界三层东侧奇哒荟,39.8649795,116.2989695,maimai_dx;other,,wahlap;bemanicn;ziv
奇奇乐园(新民众乐园店),"江汉区中山大道江汉路新民众乐园4楼 武汉(Wuhan) 湖北(Hubei), 武汉(Wuhan)",30.5758126,114.2861812,jubeat;other,,ziv
奇奇乐园（龙盛国际商业广场店）,龙盛国际商业广场3759号一楼,31.0871777,121.3942136,maimai_dx;other,,bemanicn;ziv
奇奇潮玩(华清广场店),雁塔路99号华清广场F3,34.2418519,108.9597470,maimai_dx;other,,bemanicn;ziv
奇妙之城·聚有引力（宏发大世界店）,宝安区石岩宏发大世界主场B区3楼,22.6787279,113.9256254,chunithm;maimai_dx;other,,bemanicn;ziv
奇幻王国（大兴环宇坊店）,瀛海环宇坊4楼,39.7562139,116.4418592,maimai_dx;other;taiko,,bemanicn;ziv
奥尔曼嘉年华北京龙旗广场店,北京市昌平区黄平路19号龙旗购物中心F2层,40.0648443,116.3409647,maimai_dx;other,,bemanicn;ziv
好又多购物广场 (宜君县),"Southeast 20 meters from the intersection of Xingyi Road and Yiy Yijun County Tongchuan Shannxi, 727200, Tongchuan",35.3976343,109.1118389,other,,ziv
好酷好玩电玩城,"Main Entrance of Fortune Building, High-tech CBD Maying Town, Weibin District Baoji Shannxi, 721004, Baoji",34.3473470,107.2268200,maimai_dx;other;taiko,,ziv
威龙传奇 Viking Glory Game Center @ Shanghai,"2F West, Wanda Plaza Songjiang, Guangfulin Road Songjiang District Shanghai Shanghai, 201620, Shanghai",31.0600459,121.2388083,maimai_dx;other;taiko,,ziv
宁波工程学院,"147号-191号 Feng Hua Lu Ningbo Zhejiang, 315032, Ningbo",29.9109633,121.6119830,ddr;iidx;maimai_dx;nostalgia;other;sdvx;taiko,,ziv
宝贝王 Baby King (星河 World),"2nd Floor, Galaxy World Shopping, No.1 Yabao Road Longgang District 龙岗区 Shenzhen City 深圳市 Guangdong Province 广东省, 518127, Shenzhen City 深圳市",22.6067758,114.0543670,chunithm;maimai_dx;other;taiko,,ziv
宝贝王(榆林万达广场),"3rd floor, Wanda Shopping Mall(万达广场), 长兴路 Yuyang District Yulin Shannxi, 719000, Yulin",38.2468467,109.7482145,maimai_dx;other,,ziv
宝贝王Wanda Kid（捌食捌街店）,"2F, 88 LIFE MALL, Guangyao Dongfang Plaza Block S, No.1 Haidian District Beijing Beijing, 100080, Beijing",39.8981710,116.3164784,maimai_dx;other,,ziv
宝贝计划 (怀柔万达2F),"2F, Wanda Plaza Beijing Huairou, Fuqian West Street Huairou District Beijing Beijing, 100071, Beijing",40.3159310,116.6237998,maimai_dx;other,,ziv
宝贝计划 Rob-B-Hood Gaming (延庆万达店),"2F, Yanqing Wanda Plaza, No.59 Qingyuan Street, Yanqing District Yanqing District Beijing Beijing, 102100, Beijing",40.4727690,115.9785980,maimai_dx;other,,ziv
宝贝计划 Wanda Kids（顺义隆华店）,"3F, Shunyi Longhua Shopping Center, New Shunyi Avenue No.11 Shunyi District Beijing Beijing, 101300, Beijing",40.1257757,116.6448284,maimai_dx;other;taiko,,ziv
宝贝计划北京西三旗万象汇店,西三旗万象汇4楼,40.0607174,116.3600024,maimai_dx;other,,bemanicn;ziv
宝贝计划姚家园万象汇店,北京市朝阳区姚家园万象汇4楼宝贝计划,39.9397964,116.5101079,maimai_dx;other,,wahlap;bemanicn;ziv
宝贝计划常营华联店,北京市朝阳区常营华联购物中心东区2-46,39.9256115,116.5922494,jubeat;maimai_dx;other;taiko,,bemanicn;ziv
宝贝计划昌平乐多港万达店,北京市昌平区城南街道乐多港万达广场一楼,40.2285929,116.1839842,maimai_dx;other;taiko,,wahlap;bemanicn;ziv
宝贝计划（大兴上德店）,"2F, Building 4, Yard 19 Guangmao Street Daxing District Beijing Beijing, 102600, Beijing",39.7623475,116.3395106,maimai_dx;other;taiko,,ziv
宝龙乐园,"台江区工业路193号宝龙城市广场B1层263/257 福州市(Fuzhou) 福建省(Fujian), 福州市(Fuzhou)",26.0622089,119.2917779,jubeat;other;taiko,,ziv
峡谷达人电玩城,"北京市丰台区南三环西路16号 首地大峡谷购物中心 丰台区 Fengtai District 北京 (Beijing), 丰台区 Fengtai District",39.8544932,116.3667047,gitadora;other,,ziv
巅峰之城 Trendy Adventure (青山万达),"2nd Floor, Wanda Plaza, No.26 Qingnian Road (青年路万达广场2层) Baotou Inner Mongolia, 014000, Baotou",40.6577875,109.8479594,maimai_dx;other,,ziv
巅峰时代电玩城,"朝阳区华严北里甲1号28幢地下一层(祁家豁子家乐福旁边） Chaoyang 北京 (Beijing), Chaoyang",39.9812965,116.3805825,iidx;other;taiko,,ziv
布丁电玩 Pudding Game Center,"No.165 Fushi Road, Dangdai Shopping (Dingcheng), 4F near Zhong Shijingshan District Beijing Beijing, 100043, Beijing",39.9244028,116.1895820,maimai_dx;other;taiko,,ziv
幸运乐园‎,"广州市天河区 石牌东路8号 广州市(CANTON) 广东省 (Guangdong Province), 广州市(CANTON)",23.1331924,113.3431108,other,,ziv
幻界之都潮玩街区(骡马市),"东大街骡马市1号楼1栋20131号门面 No.20131, First Floor, MINSUN Plaza, Luomashi Xi'an City Shannxi Province, 710000, Xi'an City",34.2592914,108.9470172,maimai_dx;other;taiko,,ziv
广州星力动漫游戏产业园,"广州市番禺区东环街迎新路8号 广州市(CANTON) 广东省 (Guangdong Province), 广州市(CANTON)",22.9694623,113.3773774,gitadora;iidx;jubeat;other,,ziv
开心季潮范儿电玩 Chao Fan-er Arcade,"B1 Floor Xinghua MALL,Xilingol North Road Huimin District Hohhot Inner Mongolia, 010020, Hohhot",40.8185507,111.6601201,maimai_dx;other,,ziv
彩虹王国动漫中心 Rainbow Kingdom (新沙天虹),"L4-457, Xinsha Rainbow Shopping Center Bao’an District 宝安区 Shenzhen City 深圳市 Guangdong Province 广东省, 518104, Shenzhen City 深圳市",22.7328936,113.7951556,maimai_dx;other,,ziv
彩虹王国动漫体验中心,"众冠时代广场益田假日里L3-1-1 南山区留仙大道 Shenzhen Guangdong Province, 518071, Shenzhen",22.5857222,113.9589301,maimai_dx;other;taiko,,ziv
征战全明星超乐场 All-Star Warzone Arcade,"L2 Floor, Yinheng Dream Center, Exit C, Yuyuan Metro Station, Longgang District 龙岗区 Shenzhen City 深圳市 Guangdong Province 广东省, 518172, Shenzhen City 深圳市",22.7321341,114.2196611,maimai_dx;other,,ziv
忆凯乐电玩动漫城,松江区叶榭镇叶政路471号301、302、303、304室,30.9437584,121.3135997,maimai_dx;other,,bemanicn;ziv
快乐橙娱乐厅,小站舜新城市广场3楼（星宇国际影城旁边）,38.9182560,117.4300540,maimai_dx;other,,bemanicn;ziv
快乐玩家 Happy Player (九州天虹),"3rd Floor, Jiuzhou Rainbow Shopping Center, Fusheng South Road Xihu District 西湖区 Nanchang City 南昌市 Jiangxi Province 江西省, 330009, Nanchang City 南昌市",28.6386792,115.8592620,maimai_dx;other;taiko,,ziv
快乐街区 Happy Blocks (天津梅江天街店),"3F, Meijiang Paradise Walk, No.6 Lijiang Road, Jinmenhu Street Hexi District Tianjin Tianjin, 300123, Tianjin",39.0647981,117.2014189,other,,ziv
急速时代 @ 上海店,"2F, 1051 Jinshajiang West Road Jiading District Shanghai 上海 (Shanghai), 200335, Shanghai",31.2422513,121.3191874,chunithm;maimai_dx;other,,ziv
悠乐YOLO乐园（经纬汇店）,经地路99弄经纬汇6座1F2F,31.3257149,121.3945657,chunithm;maimai_dx;other,,bemanicn;ziv
悦空之城（海雅缤纷城店）,"L388, 3rd Floor, Haiya Mega Mall(海雅缤纷城), Jian'an yi Road Bao'an District Shenzhen Guangdong Shenzhen Guangdong, 518000, Shenzhen",22.5619854,113.9006282,chunithm;maimai_dx;other;taiko,,ziv
捌零时尚电玩会所(光谷店),"东湖高新技术开发区光谷广场一楼 武汉(Wuhan) 湖北(Hubei), 武汉(Wuhan)",30.5043562,114.3995297,jubeat;other,,ziv
捌零时尚电玩会所(江汉路店),"江汉区花楼街198号宝丽金国际广场2楼(近民生路) 武汉(Wuhan) 湖北(Hubei), 武汉(Wuhan)",30.5768200,114.2916810,gitadora;jubeat;other,,ziv
摩根大古游戏体验中心（崇文门搜秀店）,崇文门外大街40号搜秀城购物广场9层,39.8949131,116.4130748,other;taiko,,bemanicn;ziv
时尚达人电玩,"霞山区国贸大厦4楼 Zhanjiang Shi Guangdong Sheng, 524001, Zhanjiang Shi",21.1969072,110.4054603,other,,ziv
星世纪动漫游戏体验中心,"开福区黄兴中路87号万代大酒店1层 粉巢 Changsha Shi Hunan Sheng, 410005, Changsha Shi",28.1965965,112.9758386,other,,ziv
星乐荟 happy & house (佘山宝乐汇店),"2F, Baolehui Mall, No.27 Sheyue Road, Sijing Town Songjiang District Shanghai Shanghai, 201600, Shanghai",31.1065767,121.2262266,maimai_dx;other;taiko,,ziv
星乐荟 happy & house (浦乐汇广场店),"1F Area A, Pulehui Mall, No.2255 Huaxia East Road, Pudong New Ar Pudong New Area Shanghai Shanghai, 201200, Shanghai",31.2025900,121.6907090,maimai_dx;other;taiko,,ziv
星城嘉年华 Star City Carnival,"Longxin, Tongnan District Tongnan District Chongqing Chongqing, 402660, Chongqing",30.1938490,105.8369050,other,,ziv
星河奇迹 Galaxy Miracle（上海杨浦悠方店）,"1F, U-Fun Shopping Center, No.1388 Yinhang Road, Xinjiangwan Tow Yangpu District Shanghai Shanghai, 200433, Shanghai",31.3319832,121.5040397,maimai_dx;other,,ziv
星河电玩俱乐部(Milky Way Game Club),"No. 39, Zhongshan Road, Ganqule Subdistrict 中山路天昆国际酒店西40米处 Tumushuke City Xinjiang Uygur Autonomous Region, 843900, Tumushuke City",39.8635649,79.0754217,other;taiko,,ziv
星河部落 GALAXY TRIBE (上海浦江店),"3F, Pujiang Huanlesong, No.2688 Chenxing Highway Minhang District Shanghai Shanghai, 201100, Shanghai",31.0971079,121.4994872,maimai_dx;other,,ziv
星河部落 GALAXY TRIBE (川沙百联店),"3F, No.5398 Chuansha Road Pudong New District Shanghai Shanghai, 201200, Shanghai",31.1872608,121.6937199,chunithm;maimai_dx;other;taiko,,ziv
星河部落 GALAXY TRIBE (海上世界店),"2F L2-019B, Shanghai Haishang World, No.58 Wusongkou Road, Youyi Baoshan District Shanghai Shanghai, 201900, Shanghai",31.4073300,121.4975444,maimai_dx;other,,ziv
星河风云 GALAXY TRIBE (五角场店),"2F, Building E, Wanda Plaza, No.189 Zhengtong Road Yangpu District Shanghai Shanghai, 200433, Shanghai",31.3040235,121.5093765,chunithm;maimai_dx;other;taiko,,ziv
星球FUN (星城购物中心),"3rd Floor, Star City Shopping Center, No. 209 Baoshi East Road, Bao'an District 宝安区 Shenzhen City 深圳市 Guangdong Province 广东省, 518101, Shenzhen City 深圳市",22.6828707,113.9431091,other;taiko,,ziv
星酷时代动漫,"昆明市官渡区双福路银海花园1号铺面 昆明市(Kunming) 云南省(YunNan Province), 昆明市(Kunming)",25.0079659,102.7379823,gitadora;other,,ziv
星际传奇 (京基KKTime),"KK Times Plaza, No. 88 Shuibei 水贝 2nd Road, Luohu District 罗湖区 SHENZHEN 深圳市 GUANGDONG 广东省, 518020, SHENZHEN 深圳市",22.5729132,114.1187885,maimai_dx;other;taiko,,ziv
星际传奇 Star Legend (KKONE),"KKONE Shopping Center, No. 9289 Binhe Avenue, Futian District 福田区 Shenzhen Guangdong, 518048, Shenzhen",22.5311492,114.0215743,maimai_dx;other;taiko,,ziv
星际传奇 Star Legend (万象天地),"SL435, 4th Floor, Shopping MIXC WORLD(万象天地), Av.Shennan no.9 Nanshan District Shenzhen Guangdong, 518000, Shenzhen",22.5444155,113.9523464,maimai_dx;other;taiko,,ziv
星际传奇 STAR LEGEND (上海中海环宇城店),"L3001, 3F, Zhonghai Huanyucheng MAX, No.1 Lane 699 Tongchuan Roa Putuo District Shanghai Shanghai, 200333, Shanghai",31.2520765,121.4049109,chunithm;maimai_dx;other;taiko,,ziv
星际传奇 STAR LEGEND (上海浦东新嘉中心店),"L2 Floor, Xinjia Center, No.1188 Zhangyang North Road, Pudong Ne Pudong New District Shanghai Shanghai, 200120, Shanghai",31.2795780,121.5810390,maimai_dx;other;taiko,,ziv
星际传奇 STAR LEGEND (上海西郊店),"仙霞西路88号百联西郊购物中心４楼 88 Xian Xia Road, Bailian Xijiao Mall, 4F 长宁区 (Changning District) 上海 (Shanghai), 200052, 长宁区 (Changning District)",31.2106929,121.3653960,other;taiko,,ziv
星际传奇 STAR LEGEND (光环购物中心店),"L3, Halo Shopping Park, Jinzhou Avenue Yubei District (Liangjiang New Area) Chongqing Chongqing, 401122, Chongqing",29.6525171,106.5254767,maimai_dx;other,,ziv
星际传奇 Star Legend (壹海城 One Mall),"3rd Floor, One Mall Yihai City Shopping , Haishan Road Yantian 盐田区 Shenzhen City 深圳市 Guangdong Province 广东省, 518081, Shenzhen City 深圳市",22.5551589,114.2339301,other;taiko,,ziv
星际传奇 STAR LEGEND (宝安壹方城店),"3rd Floor, Unit 006, Uniwalk Shopping Mall, No. 99 Xinhu Road, Bao'an District Shenzhen Guangdong, 518108, Shenzhen",22.5564147,113.8818875,chunithm;maimai_dx;other;taiko,,ziv
星际传奇 STAR LEGEND (宝安大仟里),"3rd Floor, Da Qian Li, Xixiang Subdistrict, Bao’an District, Shenzhen, Guangdong Province, China Shenzhen Guangdong, 518108, Shenzhen",22.5721652,113.8664353,maimai_dx;other;taiko,,ziv
星际传奇 STAR LEGEND (松江印象城店),"3F L337, Songjiang Impression City, Lane 1788 Guangfulin Road Songjiang District Shanghai Shanghai, 201600, Shanghai",31.0634339,121.2181240,maimai_dx;other;taiko,,ziv
星际传奇 Star Legend (欢乐港湾),"L1-027 OH Bay(欢乐港湾) Haifu Rd. Xin'an Subdistrict, 广东省深圳市宝安区, Shenzhen, Guangdong, 518052",22.5449778,113.8830916,maimai_dx;other;taiko,,ziv
星际传奇 STAR LEGEND (欢乐港湾),"L1-027 OH Bay, Haifu Rd. Xin'an Subdistrict Bao'an District Shenzhen Guangdong, 518052, Shenzhen",22.5456120,113.8835585,other,,ziv
星际传奇 STAR LEGEND (瑞虹天地太阳宫店),"4F, No.181 Ruihong Road Hongkou District Shanghai Shanghai, 200080, Shanghai",31.2652051,121.4942541,maimai_dx;other;taiko,,ziv
星际传奇 STAR LEGEND (静安大融城店),"3F, Building 1, Jing'an Darongcheng, Hutai Road Jing'an District Shanghai Shanghai, 200435, Shanghai",31.2816738,121.4225863,other;taiko,,ziv
星际传奇 STAR LEGEND X meland (上海合生汇),"淞沪路77号上海合生汇3F 杨浦区 (Yangpu District) 上海 (Shanghai), 200433, 杨浦区 (Yangpu District)",31.3017500,121.5136067,maimai_dx;other;taiko,,ziv
星际传奇 STAR LEGEND（七宝领展广场店）,"3F, Qibao Link Plaza, No.3366 Caobao Road Minhang District Shanghai Shanghai, 201100, Shanghai",31.1565834,121.3457950,maimai_dx;other;taiko,,ziv
星际传奇 STAR LEGEND（呼和浩特万象城店）,"4th Floor, Hohhot MixC, South Xilingol Road Yuquan District Hohhot Inner Mongolia, 010020, Hohhot",40.8035773,111.6678607,maimai_dx;other;taiko,,ziv
星际传奇 STAR LEGEND（虹桥万象城店）,"L4 Floor, The MixC Shanghai (Wuzhong Road), No.1799 Wuzhong Road Minhang District Shanghai Shanghai, 201103, Shanghai",31.1713663,121.3632631,maimai_dx;other;taiko,,ziv
星际传奇 Star Lenged (BREW TOWN),"2nd Floor, Brew Town 啤酒小镇, No. 288 Chuangye 2nd Road, Bao'an District 宝安区 Shenzhen City 深圳市 Guangdong Province 广东省, 518101, Shenzhen City 深圳市",22.5848505,113.9176224,maimai_dx;other;taiko,,ziv
星际传奇 Star Lenged (光明大仟里),"3rd Floor, Guangming Maxland Shopping, Guangming District 光明区 Shenzhen City 深圳市 Guangdong Province 广东省, 518107, Shenzhen City 深圳市",22.7782292,113.8890732,maimai_dx;other,,ziv
星际传奇 Star Lenged (坂田万科),"3rd Floor, Vanke Plaza Longgang District 龙岗区 Shenzhen City 深圳市 Guangdong Province 广东省, 518129, Shenzhen City 深圳市",22.6272023,114.0457895,maimai_dx;other;taiko,,ziv
星际传奇 Star Lenged (坪山益田假日),"Shop L2-44, Yitian Holiday Plaza, No. 168 Shenshan Highway Pingshan District 坪山新区 Shenzhen City 深圳市 Guangdong Province 广东省, 518118, Shenzhen City 深圳市",22.6962882,114.3337834,other;taiko,,ziv
星际传奇 Star Lenged (布吉万象汇MixC),"4th Floor, Buji China Resources MixC One Shopping Center, Xiangg Longgang District 龙岗区 Shenzhen City 深圳市 Guangdong Province 广东省, 518112, Shenzhen City 深圳市",22.5968958,114.1260164,other;taiko,,ziv
星际传奇 Star Lenged (梅林卓悦汇),"F3, Joy City Shopping Center, No. 126 Zhongkang Road, Futian District 福田区 Shenzhen City 深圳市 Guangdong Province 广东省, 518049, Shenzhen City 深圳市",22.5726309,114.0551823,maimai_dx;other;taiko,,ziv
星际传奇 Star Lenged (深圳大运天地),"L2 Floor, South Zone, Shenzhen Dayun Tiandi Shopping Longgang District 龙岗区 Shenzhen City 深圳市 Guangdong Province 广东省, 518172, Shenzhen City 深圳市",22.6977531,114.2153371,maimai_dx;other;taiko,,ziv
星际传奇 Star Lenged (深圳睿印 RAILIN),"L306-307, 3rd Floor, Shopping RAILIN, Nanshan District 南山区 Shenzhen City 深圳市 Guangdong Province 广东省, 518052, Shenzhen City 深圳市",22.5274230,113.9646894,other;taiko,,ziv
星际传奇 Star Lenged (观澜湖),"3rd Floor, MH Hall, No. 8 Golf Avenue, Guanlan Subdistrict Loonghua New District 龙华新区 Shenzhen City 深圳市 Guangdong Province 广东省, 518110, Shenzhen City 深圳市",22.7245738,114.0700794,other;taiko,,ziv
星际传奇 Star Lenged (龙华天虹),"[Temporary Closed] F3, Rainbow Shopping Center, No. 2020 Renmin Longhua New District 龙华新区 Shenzhen City 深圳市 Guangdong Province 广东省, 518109, Shenzhen City 深圳市",22.6303316,114.0161455,maimai_dx;other;taiko,,ziv
星际传奇 Star Lenged (龙岗万科),"3rd Floor, Vanke Plaza, No. 7188 Longxiang Avenue, Longgang District 龙岗区 Shenzhen City 深圳市 Guangdong Province 广东省, 518172, Shenzhen City 深圳市",22.7172803,114.2386083,chunithm;maimai_dx;other;taiko,,ziv
星际传奇(南昌铜锣湾店),"红谷滩区庐山南大道369号 Nanchang Shi Jiangxi Sheng, 330000, Nanchang Shi",28.7013994,115.8664409,other;taiko,,ziv
星际传奇STAR LEGEND电玩(北京五棵松店),北京市海淀区五棵松万达广场3层星际传奇,39.9116753,116.2705098,chunithm;maimai_dx;other;taiko,,bemanicn;ziv
星际传奇京基KKmall店,深南东路5016号京基金融中心京基百纳空间F3层L313、313A,22.5469844,114.1017240,maimai_dx;other;taiko,,bemanicn;ziv
星际玩家,"Shop 2052, 2F, Wanda Plaza, Chengqiao Town Chongming District Shanghai Shanghai, 202150, Shanghai",31.6278873,121.4132299,maimai_dx;other,,ziv
星际玩家 Star Player (海口龙湖天街),"Unit C-3F-34/35, 3rd Floor, Phase II, Paradise Walk, No. 15 Nanh Jinyu Subdistrict 金宇街道 Haikou City 海口市 Hainan Province 海南省, 570311, Haikou City 海口市",19.9996847,110.3290202,maimai_dx;other;taiko,,ziv
星际玩家(望京万象汇店),北京市朝阳区望京万象汇2层L212B星际玩家,40.0091220,116.4616630,maimai_dx;other;taiko,,wahlap;bemanicn;ziv
星际玩家北京通州万象汇店,北京市通州区运河东大街51号4层L419,39.9030000,116.7280000,maimai_dx;other;taiko,,wahlap;bemanicn;ziv
星际玩家潮玩 Star Player (海口龙湖天街),"Unit A-5F-05, 5th Floor, Phase II, Paradise Walk, No. 15 Nanhai Jinyu Subdistrict 金宇街道 Haikou City 海口市 Hainan Province 海南省, 570311, Haikou City 海口市",19.9989992,110.3272397,maimai_dx;other,,ziv
星际玩家西直门凯德MALL店,西直门凯德MALL3楼,39.9403683,116.3464273,maimai_dx;other;taiko,,bemanicn;ziv
星际锋暴［原 新世界电玩］,崇文门外大街3号新世界百货2期B1,39.8967487,116.4116499,chunithm;maimai_dx;other;taiko,,bemanicn;ziv
晧轩快乐星球,胜利南路维多利摩尔城南区4号门5楼,39.1472080,117.2746690,maimai_dx;other;taiko,,bemanicn;ziv
智趣乐园 (客都汇店),"广东省梅州市梅江区梅水路16号客都汇 梅州市 Meizhou 广东省 Guangdong Province, 514021, 梅州市 Meizhou",24.3020176,116.1276877,maimai_dx;other,,ziv
朗玩 Round1 Bowling & Arcade (Xintang AEON Mall),"増城区宁西街创新大道15号 永旺梦乐城广州新塘 广州市 Guangdong Province, 511338, 广州市",23.1621958,113.6198759,chunithm;dance_around;drs;gitadora;maimai_dx;other;sdvx;taiko,,ziv
朗玩 Round1 Bowling & Arcade (福田店),"深南中路1095号新城市广场三层 深圳市 广东省, 518031, 深圳市",22.5419456,114.0936238,chunithm;maimai_dx;other;taiko,,ziv
朗玩 Round1 Bowling & Arcade (龙华店),"壹成中心花园三区E座 壹方天地C区 龙华区龙华街道景龙社区 深圳市 广东省, 518131, 深圳市",22.6477792,114.0244816,dance_around;drs;gitadora;maimai_dx;other;sdvx;taiko,,ziv
未来世界梦想王国,"Zichang Road, Baota District Yan'an 延安市 Shannxi 陕西省, 716000, Yan'an 延安市",36.6455847,109.4902492,drs;other,,ziv
未来玩家南昌梦时代店,江西省南昌市青山湖区梦时代广场1号楼2楼,28.6724533,115.9400140,chunithm;maimai_dx;other;taiko,,wahlap;bemanicn;ziv
松岗联投东方梦幻之城,松岗街道联投东方东方新天地,22.7637167,113.8538725,maimai_dx;other,,bemanicn;ziv
极客森超乐场 GEEK WORLD (OneAvenue卓越中心-北区),"B1 Floor, North Zone, One Avenue Center, No. 2005 Shennan Avenue Futian District 福田区 Shenzhen City 深圳市 Guangdong Province 广东省, 518048, Shenzhen City 深圳市",22.5404345,114.0596294,maimai_dx;other,,ziv
极客森超乐场 GEEK WORLD (东部星悦天地),"3rd Floor, Eastern Star Yue World (Dongbu Xingyue Tiandi), Longg Longgang District 龙岗区 Shenzhen City 深圳市 Guangdong Province 广东省, 518172, Shenzhen City 深圳市",22.6217258,114.1451061,maimai_dx;other,,ziv
极客森超乐场 GEEK WORLD (光明蓝鲸汇),"3rd Floor, Blue Whale World ‘’蓝鲸汇‘’, No. 120 Guangming Avenue, Guangming District 光明区 Shenzhen City 深圳市 Guangdong Province 广东省, 518107, Shenzhen City 深圳市",22.7495094,113.9285660,maimai_dx;other,,ziv
极客森超乐场 GEEK WORLD (宝能环球汇),"3rd Floor, ALL City(宝能城),Av.LIUXIAN,Xili Subdistrict Nanshan District Shenzhen Guangdong, 518000, Shenzhen",22.5936744,113.9946708,chunithm;maimai_dx;other;taiko,,ziv
极客森超乐场 GEEK WORLD (星河iCO),"3rd Floor, Galaxy iCO Mall, No. 8 Longhuan 2nd Road, Longhua Sub Longhua New District 龙华新区 Shenzhen City 深圳市 Guangdong Province 广东省, 518109, Shenzhen City 深圳市",22.6592843,114.0320241,maimai_dx;other,,ziv
极客森超乐场 GEEK WORLD (沙井佳漾汇),"3rd Floor, Jiayanghui Shopping Center, Southwest of the Intersec Bao'an District 宝安区 Shenzhen City 深圳市 Guangdong Province 广东省, 518104, Shenzhen City 深圳市",22.7366266,113.8235092,maimai_dx;other,,ziv
极客森超乐场 GEEK WORLD (深圳万科里),"B1, Vanke Li Shopping Center, No. 3999 Longgang Avenue Longgang District 龙岗区 Shenzhen City 深圳市 Guangdong Province 广东省, 518172, Shenzhen City 深圳市",22.7198137,114.2459571,maimai_dx;other;taiko,,ziv
极客森超乐场 GEEK WORLD (深圳松岗),"6th Floor, MOOFUN 满纷天地 No. 8 Yizhan 3rd Road, Songgang Subdistri Bao'an District 宝安区 Shenzhen City 深圳市 Guangdong Province 广东省, 518105, Shenzhen City 深圳市",22.7864888,113.8317919,maimai_dx;other,,ziv
极客森超乐场 GEEK WORLD (罗湖宝能环球汇),"4 Floor, Buildings E and F, No. 3008 Bao'an North Road, Luohu District 罗湖区 Shenzhen City 深圳市 Guangdong Province 广东省, 518020, Shenzhen City 深圳市",22.5666420,114.1042829,maimai_dx;other;taiko,,ziv
极客森超乐场 GEEK WORLD (龙岗万达),"B1 Floor, Wanda Plaza, No. 1 South China 2nd Road, Hehua Communi Longgang District 龙岗区 Shenzhen City 深圳市 Guangdong Province 广东省, 518111, Shenzhen City 深圳市",22.6754809,114.1260839,maimai_dx;other;taiko,,ziv
极速·火力全开电玩城 Speed & Full Firepower Arcade,"F1, Wumei Supermarket, Yanggong Road Xiqing District Tianjin Tianjin, 300130, Tianjin",39.1250998,117.0834011,other,,ziv
极速地带 Speed Zone,"L3, L.gem Zoll Shopping “绿景佐林宏湾” , No. 6098 Beihuan Avenue, Futian District 福田区 Shenzhen City 深圳市 Guangdong Province 广东省, 518049, Shenzhen City 深圳市",22.5636152,114.0345401,maimai_dx;other,,ziv
极速时代 Speed Era (丰西吾悦),"3rd Floor, WUYUE Plaza, Tongyi West Road, (丰西新城统一西路吾悦广场3楼) Xianyang 咸阳市 Shannxi 陕西省, 712000, Xianyang 咸阳市",34.3034305,108.7248659,other,,ziv
核客电玩城(东门店),"L1, Department Store Plaza Building, No.3020 Shennan East Road Luohu 罗湖区 Shenzhen 深圳市 Guangdong 广东省, 518001, Shenzhen 深圳市",22.5462808,114.1130620,drs;maimai_dx;other;sdvx;taiko,,ziv
桂满园上海崇明万达店,上海市崇明区城桥镇崇明大道8388号二层2007、2008A、2008B、2009、2010,31.6275291,121.4128538,maimai_dx;other,,wahlap;bemanicn;ziv
桔钓沙莱华度假酒店 (Lavenna Resort Judiaosha Shenzhen),"B1, Lavenna Resort Hotel, No. 28 Xindong Road, Nan’ao Subdistric Longgang District 龙岗区 Shenzhen City 深圳市 Guangdong Province 广东省, 518121, Shenzhen City 深圳市",22.5598454,114.5477385,drs;other;sdvx,,ziv
梓木超级英雄电玩城 Zimu Super Hero Arcade,"West side of Zhenhua Plaza Parking lot Huimin District Hohhot Inner Mongolia, 010020, Hohhot",40.8161802,111.6596532,maimai_dx;other,,ziv
梦幻之城海口日月广场店,海南省海口市日月广场东4白羊座2楼,20.0172261,110.3460879,maimai_dx;other,,wahlap;ziv
梦幻地带游乐园 Fantasy Zone (沙井京基百纳),"Kingkey Banner Center, Chuangxin Road 3th floor Shenzhen Guangdong, 511700, Shenzhen",22.7311050,113.8008285,other,,ziv
梦幻谷游艺城,"汾宁路东方广场翡翠城南侧 佛山市(FoShan) 广东省 (Guangdong Province), 528000, 佛山市(FoShan)",23.0369874,113.1197881,iidx;jubeat;maimai_dx;other,,ziv
梦游仙境游乐园(岗顶店),"天河区天河路岗顶百脑汇4楼 Guangzhou Shi Guangdong Sheng, 510640, Guangzhou Shi",23.1341642,113.3394428,gitadora;maimai_dx;other;taiko,,ziv
欢乐嘉年华（百联店）,"沈阳(Shenyang) 辽宁省（Liaoning Province）, 沈阳(Shenyang)",41.7923420,123.4333810,jubeat;other;taiko,,ziv
欢乐海洋,"北京市东城区东直门外大街46号(天恒大厦B1层) 东城/西城区 Dongcheng/Xicheng District 北京 (Beijing), 东城/西城区 Dongcheng/Xicheng District",39.9404320,116.4368579,iidx;jubeat;other;taiko,,ziv
欢天乐地,"成都 (Chengdu) 四川省 (Sichuan Province), 成都 (Chengdu)",30.6514201,104.0687931,gitadora;other,,ziv
汤姆熊(流行视窗店),"武昌区珞瑜路20号街道口流行视窗2楼 武汉(Wuhan) 湖北(Hubei), 武汉(Wuhan)",30.5255937,114.3527081,other,,ziv
汤姆熊欢乐世界 Tom's World (上海南方店),"5F, Balian Nanfang Shopping Center 闵行區沪闵路7388號 闵行区 (Minhang District) 上海 (Shanghai), 201102, 闵行区 (Minhang District)",31.1338496,121.3955631,chunithm;maimai_dx;other;taiko,,ziv
汤姆熊欢乐世界 Tom's World (上海南翔印象城店),"Nanxiang Impression City, No.369 Lianyou Road, Nanxiang Town Jiading District Shanghai Shanghai, 201802, Shanghai",31.3063051,121.3028768,maimai_dx;other;taiko,,ziv
汤姆熊欢乐世界 Tom's World (上海南翔印象城店),"Shop 03-14, 3F, Nanxiang Impression City MEGA, No.2299 Chenxiang Nanxiang Town, Jiading District Shanghai Shanghai, 201800, Shanghai",31.3070672,121.3008478,maimai_dx;other;taiko,,ziv
汤姆熊欢乐世界 Tom's World (上海大悦城店),"6F, Jing'an JOY CITY Mall (South Towel) Xizang North Road No.116, Minxing District Shanghai 上海 (Shanghai), 200085, Shanghai",31.2450130,121.4676754,maimai_dx;other;taiko,,ziv
汤姆熊欢乐世界 Tom's World (上海荟聚店),"L3-03A02, 3F West, Livat Shanghai, No.788 Jinzhong Road Changning District Shanghai Shanghai, 200335, Shanghai",31.2230199,121.3530134,maimai_dx;other;taiko,,ziv
汤姆熊欢乐世界 Tom's World (上海龙之梦店),"长宁路1018号红中庭6202 长宁区 (Changning District) Shanghai Shanghai, 200042, Shanghai",31.2210865,121.4119288,chunithm;jubeat;maimai_dx;other;taiko,,ziv
汤姆熊欢乐世界 Tom's World (啦啦宝都店),"Shop 320, 3F, LaLaport Shanghai Jinqiao, No.738 Xinjinqiao Road Pudong New District Shanghai Shanghai, 201206, Shanghai",31.2547465,121.5993249,maimai_dx;other;taiko,,ziv
汤姆熊欢乐世界 Tom's World (国华店),"2F Room 201-204, No.1555 Zhayin Road, Yangpu District, Shanghai Yangpu District Shanghai Shanghai, 200090, Shanghai",31.3133760,121.5044890,other;taiko,,ziv
汤姆熊欢乐世界 Tom's World (天河城店),"5F, Shop 501, Tianhecheng Shopping Center, No.263 Heping Road Heping District Tianjin Tianjin, 300010, Tianjin",39.1263410,117.1970920,maimai_dx;other;taiko,,ziv
汤姆熊欢乐世界 Tom's World (天津恒隆店),"3F, Shops 3006-3008, Hang Lung Plaza, No.166 Xing'an Road Heping District Tianjin Tianjin, 300010, Tianjin",39.1268976,117.1929855,maimai_dx;other;taiko,,ziv
汤姆熊欢乐世界 Tom's World (成都王府井科华店),"3rd Floor, Wangfujing Shopping Center (Ke Hua Branch) No. 9 Kehua Middle Road, Wuhou District 武侯区 Chengdu City 成都市 Sichuan Province 四川省, 610041, Chengdu City 成都市",30.6210914,104.0733368,ddr;iidx;jubeat;maimai_dx;other;sdvx;taiko,,ziv
汤姆熊欢乐世界 Tom's World (打浦桥日月光店),"Room 2F-XJH10, 2F, SML Center, No.618 Xujiahui Road Huangpu District Shanghai Shanghai, 200023, Shanghai",31.2086255,121.4633265,maimai_dx;other;taiko,,ziv
汤姆熊欢乐世界 Tom's World (新世界店),"南京西路2-68号新世界城8F 黄浦区 (Huangpu District) 上海 (Shanghai), 200010, 黄浦区 (Huangpu District)",31.2375309,121.4692500,maimai_dx;other;taiko,,ziv
汤姆熊欢乐世界 Tom's World (日月光店),"徐汇区漕宝路33号日月光中心座4F 4F, Block B, 33 Caobao Road, 徐汇区 (Xuhui District) 上海 (Shanghai), 200233, 徐汇区 (Xuhui District)",31.1707210,121.4280011,other,,ziv
汤姆熊欢乐世界 Tom's World (森兰花园城店),"3F, Senlan Garden City, No.517 Qifan Road Pudong New District Shanghai Shanghai, 200120, Shanghai",31.3165608,121.5868693,maimai_dx;other;taiko,,ziv
汤姆熊欢乐世界 Tom's World (正大乐城店),"Shop F2-7-203, Zhengda Lecheng, No.699 Zhongshan South 2nd Road Xuhui District Shanghai Shanghai, 200232, Shanghai",31.1883078,121.4535612,maimai_dx;other;taiko,,ziv
汤姆熊欢乐世界 Tom's World (正大广场店),"浦东新区陆家嘴西路168号六楼(6F14-15) 168 Lujiazui Road, 6F 陆家嘴 (Pudong New Area) 上海 (Shanghai), 200120, 陆家嘴 (Pudong New Area)",31.2386560,121.4950071,maimai_dx;other;taiko,,ziv
汤姆熊欢乐世界 Tom's World (百联又一城店),"上海市杨浦区五角场淞沪路8号5楼 杨浦区 (Yangpu District) 上海 (Shanghai), 200433, 杨浦区 (Yangpu District)",31.3041681,121.5110317,maimai_dx;other;taiko,,ziv
汤姆熊欢乐世界 Tom's World (百联滨江店),"3F, Bailian Binjiang Shopping Center, No.1399 Pingliang Road Yangpu District Shanghai Shanghai, 200090, Shanghai",31.2670668,121.5333680,other;taiko,,ziv
汤姆熊欢乐世界 Tom's World (站前新玛特店),"4F, New Mart Shopping Plaza, 30 Youhao St. Zhongshan District 大连 (Dalian) 辽宁省（Liaoning Province）, 116010, 大连 (Dalian)",38.9159094,121.6293219,other;taiko,,ziv
汤姆熊欢乐世界 Tom's World (罗斯福店),"4F, Roosevelt Tianxing International Center, 677 Huanghe Rd. Shahekou District 大连 (Dalian) 辽宁省（Liaoning Province）, 116021, 大连 (Dalian)",38.9122213,121.5816421,jubeat;maimai_dx;other;taiko,,ziv
汤姆熊欢乐世界 Tom's World (置汇旭辉广场店),"4F-1B, LCM Shopping Mall, 2389 Zhangyang Road Pudong New District Shanghai 上海 (Shanghai), 200122, Shanghai",31.2450214,121.5512756,other,,ziv
汤姆熊欢乐世界 Tom's World (群光广场),"7th Floor, Chunxi Road South Section No. 8, Qunguang Plaza Jinjiang District 锦江区 成都 (Chengdu) 四川省 (Sichuan Province), 610021, 成都 (Chengdu)",30.6565525,104.0740862,maimai_dx;other;taiko,,ziv
汤姆熊欢乐世界 Tom's World (苏州大悦春风里),"Shop L3-20, Joy Breeze Shopping Mall, No. 1999 Yuyao Road, Xiangcheng District Suzhou Jiangsu Province, 215131, Suzhou",31.4037591,120.6019223,other,,ziv
汤姆熊欢乐世界 Tom's World (苏州绿宝店),"3F, Phase 2, Green Gem Plaza, No. 436 Changjiang Road Huqin District Suzhou Jiangsu Province, 215004, Suzhou",31.3032275,120.5451385,maimai_dx;other;taiko,,ziv
汤姆熊欢乐世界 Tom's World (虹口店),"5F, Block B, 388 West jiangwan road Hongkou District 虹口区 shanghai 上海 (Shanghai), 210010, shanghai",31.2725565,121.4735825,maimai_dx;other;taiko,,ziv
汤姆熊欢乐世界 Tom's World (虹桥南丰城),"遵义路100号虹桥南丰城购物中心L3 长宁区 (Changning District) Shanghai 上海 (Shanghai), 200051, Shanghai",31.2090393,121.4038717,maimai_dx;other;taiko,,ziv
汤姆熊欢乐世界 Tom's World (虹桥天地店),"L3-03&05, Hongqiao Tiandi Mall Minhang District Shanghai Shanghai, 201100, Shanghai",31.1942959,121.3108138,maimai_dx;other;taiko,,ziv
汤姆熊欢乐世界 Tom's World (金山店),"2F 上海市金山区卫清西路188号金山百联C片区2楼201 金山区 (Jinshan District) 上海 (Shanghai), 200540, 金山区 (Jinshan District)",30.7334633,121.3432768,maimai_dx;other;taiko,,ziv
汤姆熊欢乐世界 Tom's World（七宝宝龙城市广场店）,"3F, Powerlong City Plaza, No.3299 Caobao Road Minhang District Shanghai Shanghai, 201100, Shanghai",31.1607525,121.3496266,maimai_dx;other;taiko,,ziv
汤姆熊欢乐世界 Tom's World（久光店）,"3F, Jiuguang Center, No.2188 Gonghexin Road Jing'an District Shanghai Shanghai, 200072, Shanghai",31.2781496,121.4466797,maimai_dx;other;taiko,,ziv
汤姆熊欢乐世界 Tom‘s World (上海嘉定),"四川北路1885号多伦生活广场3楼 Jiading District 上海 (Shanghai), 200420, Jiading District",31.3894174,121.2734631,other;taiko,,ziv
汤姆熊欢乐世界(Tom's World) 苏州 富仁坊店,"苏州市姑苏区富仁坊68号1楼, 苏州 (Suzhou), 江苏省 (Jiangsu Province)",31.3084129,120.6231968,other;taiko,,ziv
汤琦·汤泉生活 TENZ Spa & Lifestyle (Futian Port),"Floors 1-5, Gangcheng Huating, Guohua Road Futian District Shenzhen Guangdong, 518049, Shenzhen",22.5199182,114.0675298,other,,ziv
沁庐汇保龄球运动娱乐馆,红谷滩区学府大道嘉莱特沁庐国际酒店二楼,28.6573269,115.8501408,drs;other,,bemanicn;ziv
泛时空 FUNSPACE BEIJING (北京荟聚西红门Livat) ★,"Second Floor, Livat，No. 15, Xinning Street, Daxing District, Bei 大兴区 Beijing Beijing, 102600, Beijing",39.7875739,116.3211018,chunithm;ddr;gitadora;iidx;jubeat;maimai_dx;other;sdvx;taiko,,ziv
泛时空 FUNSPACE XI'AN (西安荟萃Livat),"Second Floor,Shopping Livat(西安宜家荟萃购物中心) Ziwu Avenue No.6,Yanta District Xi'an(西安) Shannxi(陕西), 710000, Xi'an(西安)",34.1737133,108.8983934,chunithm;jubeat;maimai_dx;other;taiko,,ziv
泰格本色,"康王·柏德来商业城1区 903 Kangwang North Road Guangzhou Shi Guangdong Sheng, 510000, Guangzhou Shi",23.1252079,113.2465339,gitadora;jubeat;maimai_dx;other;sdvx,,ziv
浪骄·家庭娱乐中心,"3rd Floor, Building H, Fenxiang City, Dalang Commercial Center, Longhua District Shenzhen City Guangdong, 518110, Shenzhen City",22.6783716,113.9898484,maimai_dx;other;taiko,,ziv
淘乐淘电玩娱乐城 Taoletao Carnival,"No.41 Yongli Street, Wanda Li Shopping Mall Binhai New Area Tianjin Tianjin, 300450, Tianjin",39.0128275,117.6743945,maimai_dx;other;taiko,,ziv
游戏大魔方,沈半路宝龙广场二楼,22.3848164,113.5457397,maimai_dx;other,,bemanicn;ziv
潮乐潮上海颛桥万达店,上海市闵行区都市路2700号颛桥万达广场3楼潮乐潮,31.0730343,121.4015012,chunithm;other,,wahlap;bemanicn;ziv
潮人电玩温州店,浙江省温州市鹿城区第一桥纱帽河商城二楼潮人电玩,28.0113463,120.6618186,maimai_dx;other;taiko,,wahlap;bemanicn;ziv
潮棱镜·潮玩街区 Prism Trend Play Zone (Tibet),"1F, Lahsa IN Shopping Mall, Shiji Avenue Liuwu District Lhasa Tibet, 850030, Lhasa",29.6364153,91.0808718,other,,ziv
潮棱镜·潮玩街区 Prism Trend Play Zone (德汇万达),"B1 Floor, Building D, Dehui Center, Qitai Road Shayibak District Urumqi Xingjiang, 830000, Urumqi",43.7876716,87.5831930,other,,ziv
潮玩星球 (Chaowan Planet,"84 Xihu Road Floors 1-3 Guangzhou Shi Guangdong Sheng, 510063, Guangzhou Shi",23.1230724,113.2651377,gitadora;jubeat;other;sdvx,,ziv
潮玩社(西安万象城店),陕西省西安市雁塔区长安南路与雁展路交汇处西安万象城L435A号商铺,34.1968953,108.9446783,chunithm;maimai_dx;other;taiko,,bemanicn;ziv
潮玩里ChaowanLi(中贸国际),"B-3-2, 3rd Floor, Zone B, Zhongmao Plaza Shopping, No.118 Chang' 5号线南稍门地铁站G出口 Xi'an Shannxi Province, 710061, Xi'an",34.2431291,108.9402848,maimai_dx;other,,ziv
炫动四方 (阳光城),"L3, Youyi Sunshine City, Jinlong Road Longhua District 龙华区 Haikou City 海口市 Hainan Province 海南省, 570125, Haikou City 海口市",20.0258197,110.3198413,chunithm;maimai_dx;other;taiko,,ziv
炫彩大玩家,"90 Jinfeng N. Rd., Tangjiawan Township (高新区唐家湾镇金峰北路90号) L3-020, 3rd Floor, Zhuhai Powerlong Mall (珠海宝龙城3楼 L3-020) Zhuhai Guangdong, 519087, Zhuhai",22.3848561,113.5458413,maimai_dx;other,,ziv
炫烽超级电玩(步行街店),"合肥市庐阳区逍遥津街道寿春路93号美林美妆负1楼 Hefei Shi Anhui Sheng, 230000, Hefei Shi",31.8655253,117.2952909,other,,ziv
烈火游戏机娱乐,"Jiangning Road No. 77-4F 美琪大剧院对面 静安区 (Jing'an District) 上海 (Shanghai), 200041, 静安区 (Jing'an District)",31.2311100,121.4510035,chunithm;ddr;gitadora;iidx;jubeat;maimai_dx;nostalgia;ongeki;other;sdvx;taiko,,ziv
热带时光家庭娱乐中心 Tropical Time Games (深圳店),"3rd Floor, Zhongke Plaza, Fuyong Subdistrict, Bao’an District 宝安区 Shenzhen City 深圳市 Guangdong Province 广东省, 518103, Shenzhen City 深圳市",22.6694421,113.8226057,maimai_dx;other,,ziv
焕游星际,渝碚路街道天陈路1号附2号炫地7街物理3层平街第负1层F034商铺,30.8942890,121.8102899,chunithm;maimai_dx;other,,bemanicn;ziv
焕游星际 (宝鸡开元商城),"4F, Kaiyuan Shopping, Jinkai second road (经开二路开元商城4楼西南角) Baoji Shannxi, 721000, Baoji",34.3709062,107.1458495,other,,ziv
爱玩嘉年华 iPlay World (江北观音桥一店),"No.2 Beicheng Tianjie, Guanyinqiao, Liangjiang New Area (Near Ti Jiangbei District Chongqing Chongqing, 400020, Chongqing",29.5815330,106.5303330,other,,ziv
爱玩嘉年华 iPlay World (西城天街),"3rd Floor, Longhu Xicheng Paradise Walk Jiulongpo District Chongqing Chongqing, 400050, Chongqing",29.5136663,106.5138580,other,,ziv
爱玩嘉年华 iPlay World (重庆江北二店),"1F (Outdoor Plaza), No.8-12 Guanyinqiao Pedestrian Street, Damoc Jiangbei District Chongqing Chongqing, 400020, Chongqing",29.5783170,106.5293520,other,,ziv
爱玩嘉年华 iPlay World (金沙店),"L5, Building B, Jinsha Paradise Walk Mall, Sanxia Square Shapingba District Chongqing Chongqing, 400030, Chongqing",29.5565041,106.4579581,maimai_dx;other,,ziv
爱玩荟家庭娱乐中心 Love the game together（望京店）,"3F, New World Shopping Center (新世界百货望京店), Guang Shunnan Avenue N Chaoyang District Beijing Beijing, 100020, Beijing",39.9856638,116.4740495,chunithm;maimai_dx;other;taiko,,ziv
爱玩荟家庭游乐中心 Love the game together（大望路店）,"2F, New world shopping mall, Wanda Plaza CBD Block A No.93 Jianguo Road, Chaoyang District Beijing Chaoyang, 100025, Beijing",39.9079133,116.4663541,chunithm;jubeat;maimai_dx;other,,ziv
牛玩牛叫 Cow Play Cow Moo (新六百店),"4F-07, NEO YOUNG 600 Mall, No.932 Hengshan Road Xuhui District Shanghai Shanghai, 200100, Shanghai",31.1969305,121.4339662,maimai_dx;other;taiko,,ziv
牛玩牛叫 Cow Play Cow Moo (龙之梦店),"5F, Longemont City Life Center, No.1018 Changning Road Changning District Shanghai Shanghai, 200042, Shanghai",31.2209176,121.4119810,chunithm;maimai_dx;other;taiko,,ziv
猩际争霸 ApeCraft (中北永旺店),"AEON Mall (Zhongbei), Fucheng Road Xiqing District Tianjin Tianjin, 300380, Tianjin",39.1415130,117.0849060,maimai_dx;other;taiko,,ziv
猩际争霸 ApeCraft (吾悦广场云山道店),"2F, Binhai Wuyue Plaza, No.819 Yunshan Road Binhai New Area Tianjin Tianjin, 300457, Tianjin",39.0651720,117.6159480,maimai_dx;other;taiko,,ziv
猩际争霸 ApeCraft (武清万达店),"Shop 3056, Wanda Plaza, Fuyuan Road Wuqing District Tianjin Tianjin, 301724, Tianjin",39.4041770,117.0511270,maimai_dx;other,,ziv
猩际争霸 ApeCraft (滨海万达店),"3F, Binhai Wanda Plaza, Dongting Road 4572 Binhai New Area Tianjin Tianjin, 120116, Tianjin",39.0152158,117.6741315,other,,ziv
猫鼓旗舰店 Taiko Catz,"B2 Floor, Pingjin Center, No.1599 Qixin Road, Minhang District, Minhang District Shanghai Shanghai, 201100, Shanghai",31.1345177,121.3578122,other;taiko,,ziv
王者之风 KING'S Arcade (AEON梦乐城购物中心店),"2F, AEON Mall, No.29 TEDA Fashion East Road, TEDA Street Binhai New Area Tianjin Tianjin, 300457, Tianjin",39.0304359,117.7228620,maimai_dx;other,,ziv
王者之风游乐体验中心 KING'S Arcade (大悦城店),"3F, Shop 3F-01, Heping Joy City, No.189 Nanjing Road Heping District Tianjin Tianjin, 300051, Tianjin",39.1166680,117.1915800,chunithm;maimai_dx;other,,ziv
王者之风游乐体验中心 KING'S Arcade (滨海万达店),"2F, Shop 2F-A, Wanda Plaza, Binhai New Area Binhai New Area Tianjin Tianjin, 300450, Tianjin",39.0136700,117.6744150,maimai_dx;other;taiko,,ziv
王者之风游乐体验中心 KING'S Arcade (鲁能城店),"B1 Floor, Shop B1F-B40, Luneng City Shopping Center Nankai District Tianjin Tianjin, 300381, Tianjin",39.0939880,117.1693690,maimai_dx;other,,ziv
玩乐猩球 Game Planet of the Apes (坪山悦邻SPACE),"3rd Floor, Yuelong SPACE Shopping Center, No. 4045 BYD Road Pingshan New District Shenzhen City Guangdong, 518118, Shenzhen City",22.6826579,114.3360359,maimai_dx;other,,ziv
玩咖星球 (大鹏佳兆业),"2nd Floor, Jiazhaoye Shopping, Lingnan Road, Dapeng New District Longgang District 龙岗区 Shenzhen City 深圳市 Guangdong Province 广东省, 518119, Shenzhen City 深圳市",22.5964797,114.4698462,other,,ziv
玩咖星球大鹏花生唐店,广东省深圳市大鹏新区葵涌花生唐购物中心2楼玩咖星球,22.6273608,114.4155691,maimai_dx;other,,wahlap;bemanicn;ziv
玩宙电玩世界 W/Z GAME WORLD,"Tuanjie Xinli Cultural Park, No.3-5 Tuanjiehu Dongli, Chaoyang D Chaoyang District, Tuanjiehu Beijing Beijing, 100020, Beijing",39.9286990,116.4639960,maimai_dx;other,,ziv
玩者归来/企萌电玩上海新田360店,秀浦路668号新田360广场上海康桥店3F303,31.1276996,121.5611044,maimai_dx;other,,bemanicn;ziv
玩者归来上海嘉定信业店,上海市嘉定区信业购物中心玩者归来,31.3775293,121.2608338,maimai_dx;other,,wahlap;bemanicn;ziv
玩者归来游乐mall上海爱琴海店,吴中路1588号爱琴海购物公园4F,31.1766528,121.3682216,maimai_dx;other,,bemanicn;ziv
环游乐园星力店,"番禺区大北路星力一号购物广场4楼 广州市番禺区市桥繁华路1号 广州市(CANTON) 广东省 (Guangdong Province), 广州市(CANTON)",22.9415931,113.3659780,gitadora;jubeat;other,,ziv
环游乐园（北京银泰百货大红门店）,马家堡东路101号银泰百货B1层,39.8429286,116.3793983,maimai_dx;other,,bemanicn;ziv
环游嘉年华 (龙华上邦百汇城),"2nd Floor, Building 3, Shangbang Baihui City, No. 5 Jinlong Road Longhua District 龙华区 Haikou City 海口市 Hainan Province 海南省, 570125, Haikou City 海口市",20.0232744,110.3189783,jubeat;maimai_dx;other;taiko,,ziv
环游嘉年华 Funloop Land (上海环球港 Global Harbor) ★,"3F, 3300 Zhongshan North Road Putuo District（普陀区） Shanghai 上海 (Shanghai), 200333, Shanghai",31.2338668,121.4074447,chunithm;jubeat;maimai_dx;other;taiko,,ziv
环游嘉年华(CCMall时代广场),"F3-037, CCMall, No. 39 Guangming Road, Tianshan District, (天山区光明路39号) Ürümqi Xinjiang Uygur Autonomous Region, 830002, Ürümqi",43.8031130,87.6056081,chunithm;maimai_dx;other,,ziv
环游嘉年华(大学城),"广州大学城中大生活区GOGO新天地广场3楼 大学城北一路与大学城中二横路交界(贝岗村旁) 广州市(CANTON) 广东省 (Guangdong Province), 广州市(CANTON)",23.0611451,113.3920276,jubeat;other;sdvx,,ziv
环游嘉年华(天河城),"天河城6楼 广州市(CANTON) 广东省 (Guangdong Province), 广州市(CANTON)",23.1317223,113.3228320,gitadora;jubeat;maimai_dx;other;taiko,,ziv
环游嘉年华(广百店),"广州市海珠区宝岗大道498号6楼 广州市(CANTON) 广东省 (Guangdong Province), 广州市(CANTON)",23.0933419,113.2663661,jubeat;other,,ziv
环游嘉年华(易发店),"易发商业中心(新大新百货5楼) 广州市番禺区市桥易发商业街新大新购物广场5楼 广州市(CANTON) 广东省 (Guangdong Province), 广州市(CANTON)",22.9411139,113.3630651,gitadora;other;taiko,,ziv
环游嘉年华(永旺梦乐城店),"番禺区亚运大道1号永旺梦乐城广州番禺广场F3 Guangzhou Guangdong, Guangzhou",22.9363957,113.3877351,other;taiko,,ziv
环游嘉年华北京朝阳店,北京市朝阳区朝阳北路101号楼8F环游嘉年华,39.9233673,116.5127771,chunithm;jubeat;maimai_dx;other;taiko,,wahlap;bemanicn;ziv
环游嘉年华江门店,广东省江门市蓬江区白石大道166号汇悦城3楼,22.6117979,113.0824735,chunithm;jubeat;maimai_dx;other;sdvx;taiko,,wahlap;bemanicn;ziv
环游地平线 (Songjiang),"2F East, Kaiyuan Mediterranean Commercial Plaza, Xinsongjiang Ro Songjiang District Shanghai Shanghai, 201620, Shanghai",31.0398699,121.2150442,chunithm;maimai_dx;other,,ziv
环游地平线上海大橘邻里西门店,上海荣乐中路8号大橘邻里西门一层环游地平线,31.0203780,121.2369349,maimai_dx;other;taiko,,wahlap;bemanicn;ziv
环游家族（上海金山万达店）/酷玩巅峰,金山万达广场2F/3F东侧,30.7569217,121.3315455,maimai_dx;other;taiko,,bemanicn;ziv
玲珑锁电玩城Exquisite Locker GameCity(西安大茂城),"5th Floor, DaMaoCity Shopping, No. 466 Zhangba North Road, Yanta (丈八北路466号大茂城5楼) Xi'an Shannxi, 710065, Xi'an",34.2398431,108.8662612,chunithm;maimai_dx;other,,ziv
电玩森林 Arcade Forest (海口店),"L6A, Youyi Sunshine City, Jinlong Road Longhua District 龙华区 Haikou City 海口市 Hainan Province 海南省, 570125, Haikou City 海口市",20.0255324,110.3192353,maimai_dx;other,,ziv
电雀屋Cozyroom,学院8号写字楼B619室（白天从如家旁电梯上楼，夜间从C座门口进入；进门指引进群查看）,39.9999309,116.3409709,chunithm;maimai_dx;other,,bemanicn;ziv
町豆部落槐房万达店,北京市丰台区槐房南路6号院二层2F-B町豆部落,39.8127887,116.3625915,chunithm;maimai_dx;other,,wahlap;bemanicn;ziv
疯狂娃娃城（梅陇里店）,上海市上海市闵行区虹梅南路高架下梅陇里NovaArk诺瓦城,31.1263650,121.4042820,maimai_dx;other;taiko,,bemanicn;ziv
百信广场4楼,"广州市新市墟百信广场4楼 广州市(CANTON) 广东省 (Guangdong Province), 广州市(CANTON)",23.1940923,113.2620826,jubeat;other;taiko,,ziv
百盛电玩,"芝罘区南大街百盛五楼 烟台市 (Yantai) 山东省 (Shandong Province), 烟台市 (Yantai)",37.5434417,121.3781118,jubeat;maimai_dx;other;taiko,,ziv
皮皮熊 PP Bear (宝坻店),"2F, Yigou Baoxin Shopping Mall, No.26 Huancheng South Road Baodi District Tianjin Tianjin, 301800, Tianjin",39.7039570,117.2907580,maimai_dx;other,,ziv
真快活CoohooMax（Fangshan INCITY Mall）,"2F, Fangshan INCITY Mall, Changyang Road Fangshan District Beijing Beijing, 102442, Beijing",39.7522500,116.2045900,maimai_dx;other;taiko,,ziv
真快活电玩城（珞珈创意城）,"27 Luo Yu Lu 街道口珞珈创意城 7楼(地铁2号线街道口C出口) Wuhan Shi Hubei Sheng, 430073, Wuhan Shi",30.5262432,114.3558311,iidx;jubeat;maimai_dx;other;taiko,,ziv
真快活美乐园(光谷天地店),"洪山区关山大道光谷天地2楼(近永和大王) 武汉(Wuhan) 湖北(Hubei), 武汉(Wuhan)",30.4784884,114.4101512,jubeat;other,,ziv
真快活美乐园(司门口店),"武汉市武昌区司门口ATM潮流百货7楼 武汉(Wuhan) 湖北(Hubei), 武汉(Wuhan)",30.5471819,114.2995898,iidx;jubeat;other,,ziv
真快活美乐园(王家湾店),"汉阳区王家湾龙阳大道特6号摩尔城C座3楼(近汉阳大道) 武汉(Wuhan) 湖北(Hubei), 武汉(Wuhan)",30.5578307,114.2083607,jubeat;other;taiko,,ziv
真快活美乐园（国广店）,"江汉区解放大道690号武汉国际广场7楼 Wuhan Shi Hubei Sheng, 430072, Wuhan Shi",30.5802799,114.2712231,gitadora;jubeat;maimai_dx;other;sdvx;taiko,,ziv
神采飞扬 Game Town (凯德广场店),"7F, Capital Plaza Wusheng Road, No. 238 Zhongshan Avenue Qiaoku District Wuhan Hubei, 430033, Wuhan",30.5713775,114.2619327,maimai_dx;other;sdvx;taiko,,ziv
立新欢乐天地,"厦门市 福建省(Fujian), 厦门市",24.4790490,118.1209960,other,,ziv
竞趣大陆,京通苑30号楼枫尚城市奥特莱斯（京通店）3F星逸影城旁,39.9113657,116.5898328,maimai_dx;other,,bemanicn;ziv
第4元素 Element 4,"2nd Floor, IBC Mall, No. 3008 Buxin Road, Luohu District Shenzhen 深圳市 Guangdong 广东省, 518020, Shenzhen 深圳市",22.5776239,114.1198558,maimai_dx;other,,ziv
第一回合,"Changbing Rd, Xiacheng 3rd floor, No.1 Xingcheng Bulding Hangzhou Shi Zhejiang Sheng, 310000, Hangzhou Shi",30.3213255,120.1788236,maimai_dx;other,,ziv
第一回合 (ROUND ONE) in77店,"258 Yan'an Rd. Area C, B1 Hangzhou Shi Zhejiang Sheng, 310025, Hangzhou Shi",30.2535753,120.1645027,maimai_dx;other,,ziv
第一回合 Round One (苏州中心),"6th floor of Suzhou Center North Area Suzhou Jiangsu Province, 215200, Suzhou",31.3197422,120.6733561,chunithm;maimai_dx;other;taiko,,ziv
第一回合（温州印象城店）,府东路333号温州印象城MEGA B1层27号,27.9855880,120.7006221,maimai_dx;other;taiko,,bemanicn;ziv
米其漫游艺城 MiQi Cartoon (红山6979),"Near Exits A and D, Hongshan Metro Station, Hongmu Street, Longhua District 龙华区 Shenzhen City 深圳市 Guangdong 广东省, 518109, Shenzhen City 深圳市",22.6252217,114.0204901,maimai_dx;other,,ziv
米其漫游艺城 MiQi Cartoon (绿景佐阾红树林),"2nd Floor, Lvjing ZuoLing Mangrove Shopping Center, No. 8 Shazui Futian Shenzhen Guangdong, 518026, Shenzhen",22.5231616,114.0310210,chunithm;maimai_dx;other;taiko,,ziv
米洛克动漫城 Miracle Gaming（大兴鸿坤店）,"2F (near South Gate), No.8 Xinwang North Street, Xihongmen Town Daxing District Beijing Beijing, 102600, Beijing",39.7879968,116.3346795,maimai_dx;other,,ziv
米洛克动漫城（房山绿地店）,天星街1号院绿地缤纷城4层,39.7552350,116.1544500,jubeat;other;taiko,,bemanicn;ziv
精灵岛聚有引力家庭娱乐中心,"广东省佛山市南海区里水大道南29号 里水佳明广场三楼 佛山 528244, 佛山",23.1732086,113.1423162,chunithm;maimai_dx;other,,ziv
紫光游戏广场,"北京市朝阳区朝外大街10号 蓝岛大厦西区 6层 Chaoyang 北京 (Beijing), Chaoyang",39.9228270,116.4465400,other;popn,,ziv
纯玩世界 JOYONE (南昌大悦城),"L5-11, 5th Floor, Joy City, Fusheng South Road Xihu District 西湖区 Nanchang City 南昌市 Jiangxi Province 江西省, 330009, Nanchang City 南昌市",28.6384626,115.8568704,maimai_dx;other,,ziv
绿蜻蜓美吉熊(天通苑),"3F, Guotai Department Store, Building 2, Tiantongyuan East Zone Beijing, China Beijing Beijing, 102218, Beijing",40.0717668,116.4292358,maimai_dx;other,,ziv
绿野清风（汉中万邦店）,汉中路街道天汉大道999号(太白路与天汉大道十字西北角)五楼,33.0772665,107.0212806,other;taiko,,bemanicn;ziv
舞彩缤纷电玩,"洪山区珞喻路889号光谷国际广场B1楼(近鲁巷转盘) 武汉(Wuhan) 湖北(Hubei), 武汉(Wuhan)",30.5072032,114.3979794,jubeat;other;taiko,,ziv
舞玩伏特 Wuwan Ford Arcade（莘庄点店）,"3F, CapitaLand Minhang Commercial Center, Xinzhuang Town Minhang District Shanghai Shanghai, 201199, Shanghai",31.1097017,121.3736617,maimai_dx;other;taiko,,ziv
英雄汇 Heroes’ Gathering,"2nd Floor, Building 7, Houlang New World, Longhua District Shenzhen City Guangdong, 518110, Shenzhen City",22.6810047,113.9899347,other;taiko,,ziv
菲游乐 FEFE SHEEP (上海奉贤宝龙店),"3F, Baolong Plaza Nanqiao Fengxian District Shanghai Shanghai, 201400, Shanghai",30.9316821,121.4573604,maimai_dx;other,,ziv
菲游乐 FEFE SHEEP (上海浦东禹悦汇店),"2F, Yuyuehui Plaza, No.9968 Hunan Highway, Huinan Town Pudong New District Shanghai Shanghai, 201300, Shanghai",31.0421796,121.7366639,maimai_dx;other,,ziv
菲游乐 FEFE SHEEP (奉贤龙湖天街店),"3F A-3F-44b, Longfor Tianjie, No.3800 Jinhai Highway, Nanqiao To Fengxian District Shanghai Shanghai, 201400, Shanghai",30.9152330,121.4906010,chunithm;maimai_dx;other,,ziv
菲游乐 FEFE SHEEP（宝杨宝龙广场）,"3F, Block 1, Baolong Plaza, Tongji Road 669 Baoshan District Shanghai Shanghai, 201999, Shanghai",31.3963181,121.4773772,maimai_dx;other,,ziv
菲菲羊乐园 FEFE SHEEP (上海江桥万达店),"3F, Wanda Plaza Jiangqiao, No.1051 Jinshajiang West Road Jiading District Shanghai Shanghai, 201803, Shanghai",31.2407410,121.3194277,maimai_dx;other,,ziv
菲菲羊乐园 FEFE SHEEP (周浦万达店),"2F Entertainment Building, Shop F-01, Wanda Plaza, No.518 Nianji Pudong New District Shanghai Shanghai, 200120, Shanghai",31.1167002,121.5650073,maimai_dx;other,,ziv
萌多拉 Moedora (上海奉贤港嘉店),"2F, Fengfa Baolong Plaza, No.518 Gangjia Road, Situan Town Fengxian District Shanghai Shanghai, 201412, Shanghai",30.9357556,121.7291489,chunithm;maimai_dx;other,,ziv
行运士多 Lucky Store,"LG Floor, Glory Mall (国瑞购物中心) No.18 Chongwenmen Wai Avenue Xicheng District Beijing 北京 (Beijing), 100021, Beijing",39.8973766,116.4137560,other,,ziv
衡水MUG,中华北大街与大庆西路交叉口北行100米路东铁路六宿舍,37.7525975,115.6774719,chunithm;maimai_dx;ongeki;other;sdvx,,bemanicn;ziv
贝乐童话 Happy Go (怀柔万达3F),"3F, Wanda Plaza Beijing Huairou, Fuqian West Street No. 1 Huairou District Beijing Beijing, 101400, Beijing",40.3155670,116.6238427,other;taiko,,ziv
贝塔潮玩 Beta Gaming,"Room 310, No.3386 Baoan Highway, Malu Town, Jiading District, Sh Jiading District Shanghai Shanghai, 201800, Shanghai",31.3320280,121.2729080,maimai_dx;other,,ziv
赛博时空 Cyber Space-time（天津蓟州万达店）,"3F, Jizhou Wanda Plaza (formerly Dayawanjia) Jizhou District Tianjin Tianjin, 301900, Tianjin",40.0227590,117.3716180,maimai_dx;other;taiko,,ziv
赛博矩阵 Cyber Matrix Game Station (赛罕万达店),"3rd Floor, Saihan Wanda Plaza Saihan District Hohhot Inner Mongolia, 010050, Hohhot",40.8345160,111.7277625,chunithm;maimai_dx;other;taiko,,ziv
超核游戏站 Power Core Play Zone (Tibet),"3F, Galin Plaza Chengguan District Lhasa Tibet, 850032, Lhasa",29.6693888,91.1652446,other,,ziv
超级星座 Super Constellation (恒盛广场店),"No.16, 3rd Floor, Block A & B, Hengsheng Guanyi Commercial Stree Yuquan District Hohhot Inner Mongolia, 010090, Hohhot",40.7545394,111.6891575,other,,ziv
超级星座动漫体验中心,"厦门市思明区嘉禾路明发商业广场摩天轮下负一层76-431 Mingfa Commercial Palace B1 Flooor 76-431, Jiahe Road, Siming Di Xiamen Shi Fujian Sheng, Xiamen Shi",24.4783569,118.1242731,other,,ziv
超级玩家(新会美吉特广场),"新会区会城启超大道9号美吉特广场三楼 Jiangmen Shi, Jiangmen Shi",22.4978998,113.0537040,other;taiko,,ziv
超能玩家 Super Player（茂业摩尔城店）,"8th Floor, Block A, Maoye Moore City, Xinhua East Street Saihan District Hohhot Inner Mongolia, 010011, Hohhot",40.8288051,111.7031586,chunithm;maimai_dx;other,,ziv
趣玩汇Games,"3F, Bailian Quyang Shopping Center, No.800 Quyang Road Hongkou District Shanghai Shanghai, 200081, Shanghai",31.2884228,121.4876596,jubeat;maimai_dx;other;taiko,,ziv
趣玩汇电玩 Quwanhui Games (南京洪武路店),"1st Floor, Tianfeng Building, No.26 Hongwu Road Qinhuai District Nanjing Shi Jiangsu Sheng, 210029, Nanjing Shi",32.0416487,118.7819651,chunithm;jubeat;maimai_dx;other;taiko,,ziv
蹦蹦乐园 Family Park,"3F, Bailian Nanqiao Shopping Center, No.588 Baiqi Road Fengxian District Shanghai Shanghai, 201400, Shanghai",30.9179280,121.4793313,maimai_dx;other;taiko,,ziv
轻舞飞扬游乐场,"福山区福海路振华购物广场4楼 烟台市 (Yantai) 山东省 (Shandong Province), 烟台市 (Yantai)",37.5058038,121.2593108,jubeat;other;taiko,,ziv
都市乐园游艺中心,"天河区员村二横路兰亭街2号天河都市广场(百佳)4层 广州市(CANTON) 广东省 (Guangdong Province), 广州市(CANTON)",23.1196529,113.3628244,other;taiko,,ziv
酷乐电玩城 Kule Arcade,"Qinghe Building, No.60 Qingyuan Road Xiqing District Tianjin Tianjin, 300380, Tianjin",39.1373762,117.0018635,maimai_dx;other,,ziv
酷乐迪 Coolerdy,"5th Floor, Xing Wanda Plaza, No. 419 Guanlan Avenue, Longhua District Shenzhen City Guangdong, 518110, Shenzhen City",22.7216545,114.0532883,jubeat;other,,ziv
酷熊酷玩 Cool bear,"3F, Jinzeyuan Shiguangli, Lane 99 Hongwan Road, Jiangwan Town, H Hongkou District Shanghai Shanghai, 200080, Shanghai",31.3140130,121.4662710,other;taiko,,ziv
酷玩空间 Coolplay Space (SHANGHAI LEGOLAND),"Lefen Road (LEGOLAND area), Jinshan District, Shanghai Jinshan District Shanghai Shanghai, 201500, Shanghai",30.8868682,121.0909216,chunithm;maimai_dx;other,,ziv
酷玩空间 Coolplay Space (上海世纪汇店) ★,"B1 (LG1), Century Link Plaza, No.1192 Century Avenue Pudong New District Shanghai Shanghai, 200120, Shanghai",31.2295323,121.5228398,chunithm;jubeat;maimai_dx;other;taiko,,ziv
酷玩空间 Coolplay Space (上海环球港 Global Harbor) ★,"B1 Floor, Global Harbor, No.3300 Zhongshan North Road Putuo District Shanghai Shanghai, 200062, Shanghai",31.2363987,121.4085386,chunithm;jubeat;maimai_dx;other;sdvx;taiko,,ziv
酷顽码头动漫娱乐城(市图),"艾斯广场1层，未央路(R.Weiyang)，未央区 Weiyang District Xi'an 710000, Xi'an",34.3219808,108.9419022,maimai_dx;other,,ziv
量子攻略游戏体验中心(新奥购物中心店),湖景东路9号新奥购物中心B1层H1-01,39.9988540,116.3902330,chunithm;maimai_dx;other,,bemanicn;ziv
量子攻略（龙湖大兴天街店）,永兴路七号院龙湖大兴天街2层,39.6850302,116.3142797,maimai_dx;other,,bemanicn;ziv
金木一郎动漫游戏体验馆,"广东省东莞市莞城新风路8号新干线商场3楼 东莞市(Dongguan) 广东省 (Guangdong Province), 东莞市(Dongguan)",23.0449011,113.7537396,jubeat;other,,ziv
金满家电玩城,宝平街道天赋源商业广场a座,39.7146770,117.3043900,chunithm;maimai_dx;other,,bemanicn;ziv
金银岛电玩游戏中心,"101 Chaoyang North Road (Qingnian Road intersection) Chaoyang Da 朝阳北路101号（青年路口）朝阳大悦城F8层8FDD01 Beijing Chaoyang District, 100123, Beijing",39.9239219,116.5194438,other,,ziv
鑫汇动漫城,"新会区大新路50号星汇广场二楼 Jiangmen Shi Guangdong Sheng, 529100, Jiangmen Shi",22.5199279,113.0371953,jubeat;other,,ziv
鑫鑫游乐,上海市闵行区东川路2325号燎升生活广场2楼,31.0129486,121.4072031,drs;other,,bemanicn;ziv
闪电部落(华东·万和城),"4th floor, Shopping Wanhe city(华东万和城购物中心), R. Changying Xi'an Shannxi, 710000, Xi'an",34.2797726,108.9898039,maimai_dx;other;taiko,,ziv
闪电部落·欢乐世界(西市城),"西安市碑林区劳动南路1号大润发3楼 西安市 陕西省(Shaanxi Province), 710000, 西安市",34.2465037,108.9044579,gitadora;maimai_dx;other;taiko,,ziv
阿凡达&爱玩荟朝阳华腾新天地店,北京市朝阳区东四环中路195号阿凡达&爱玩荟北京华腾新天地店,39.8842526,116.4821992,chunithm;jubeat;maimai_dx;other;taiko,,wahlap;bemanicn;ziv
阿奇拉·汤泉生活 (AQILA Hot Springs and Entertament Center),"2nd-3rd Floor, Buildings A & B, Tianxia Jinniu Plaza, Taoyuan Rd, Nanshan District (桃园路田夏金牛广场AB座2-3层), Shenzhen 深圳市, Guangdong 广东省, 518000",22.5360025,113.9217800,maimai_dx;other,,ziv
阿奇拉潮玩BLOCK (AQILA Hot Springs and Entertainment Center),"2nd-3rd Floor, Buildings A & B, Tianxia Jinniu Plaza, Taoyuan Rd Nanshan District Shenzhen Guangdong, 518000, Shenzhen",22.5360025,113.9217800,other,,ziv
阿尔法Game Station,"中山路282号 Nanchang Shi Jiangxi Sheng, 330000, Nanchang Shi",28.6756457,115.8926886,maimai_dx;other;taiko,,ziv
雷庭电玩城,社会山广场,39.0516680,117.0438290,maimai_dx;other,,bemanicn;ziv
電波雀莊 Denpa Mahjong House,"Room 627, 6F, Jiacheng Center, Chengbei Subdistrict, Changping D Changping District, Chengbei Subdistrict Beijing Beijing, 102200, Beijing",40.2152330,116.2282640,chunithm;maimai_dx;other,,ziv
青岛探索空间电玩城,"青岛市市北区台东商业步行街 青岛市 (Qingdao) 山东省 (Shandong Province), 青岛市 (Qingdao)",36.0833727,120.3553802,iidx;jubeat;other;popn;taiko,,ziv
韩城潮玩运动 Chaowan Sports（阳光）,"Chaowan Sports, 1st Floor, Sunshine Supermarket, Cultural Center (文化中心阳光超市1楼潮玩运动) Hancheng, Weinan 韩城市 渭南市 Shannxi, 715400, Hancheng, Weinan 韩城市 渭南市",35.4796265,110.4608399,maimai_dx;other,,ziv
风云再起,"昆明市五华区威远街168号金鹰购物广场B座F7层 Kunming Shi Yunnan Sheng, 650000, Kunming Shi",25.0403161,102.7141401,other,,ziv
风云再起 Fengyun Arcade (上海宝山日月光店),"3F C-301, Baoshan Riyueguang Center, No.1933 Hutai Road Baoshan District Shanghai Shanghai, 200436, Shanghai",31.2966693,121.4132211,chunithm;maimai_dx;other;taiko,,ziv
风云再起 Fengyun Arcade (百联中环购物广场),"3F, Bailian Zhonghuan Shopping Plaza, No.1288 Zhenguang Road Putuo District Shanghai Shanghai, 200333, Shanghai",31.2472359,121.3790792,maimai_dx;other;taiko,,ziv
风云再起 Fengyun Arcade (莘庄维璟印象城店),"L4, Xinzhuang Weijing INCITY, No.1507 Qixin Road, Minhang Distri Minhang District Shanghai Shanghai, 201100, Shanghai",31.1324510,121.3584910,maimai_dx;other;taiko,,ziv
风云再起(华润苏果店),"花山区雨山西路499号华润苏果1楼161号商铺 Maanshan Shi Anhui Sheng, 243000, Maanshan Shi",31.6688070,118.4984656,other,,ziv
风云再起(南宁店),"兴宁区朝阳路29号西南商都购物广场负一楼 Nanning Shi Guangxi Zhuangzuzizhiqu, 530001, Nanning Shi",22.8151596,108.3211014,other,,ziv
风云再起(合肥店),"合肥市庐阳区淮河路步行街99号 Hefei Shi Anhui Sheng, 230000, Hefei Shi",31.8643031,117.2934012,maimai_dx;other,,ziv
风云再起(昆明官渡古镇店),"官渡区官渡古镇仿古新大街16-17号2F Kunming Shi Yunnan Sheng, Kunming Shi",24.9569050,102.7576004,other,,ziv
风云再起(武汉大汉口城店),"2 Qianjin 5th Road Wuhan Shi Hubei Sheng, 430014, Wuhan Shi",30.5790952,114.2901671,other,,ziv
风云再起(武汉店),"江汉区地铁二号线江汉路站JH2-009 Wuhan Shi Hubei Sheng, 430072, Wuhan Shi",30.5795493,114.2927226,maimai_dx;other,,ziv
风云再起(福州店),"台江区工业路199号中防万宝龙城L1层2-001商铺 Fuzhou Fujian, 350001, Fuzhou",26.0621280,119.2903483,other,,ziv
风云再起(苏州韩国城店),"姑苏区观前街碧凤坊41号韩国城3楼, Suzhou Shi, Jiangsu Sheng, 215000",31.3106716,120.6285656,other,,ziv
风云再起(长沙宁乡店),"宁乡市春城万象广场4#2F Changsha Shi Hunan Sheng, 410600, Changsha Shi",28.2515345,112.5496648,other,,ziv
风云再起(长沙店),"长沙市天心区黄兴南路步行商业街E区4层 Changsha Shi Hunan Sheng, Changsha Shi",28.1887469,112.9760814,maimai_dx;other,,ziv
风云再起动漫体验中心,"江西省宜春市袁州区东风路 宜春市 江西省（Jiangxi Province）, 宜春市",27.7929566,114.3863004,jubeat;other,,ziv
风云再起动漫体验中心,"河南省郑州市管城区东太康路 郑州(Zhengzhou) 河南 (Henan), 450001, 郑州(Zhengzhou)",34.7558186,113.6692393,jubeat;other;taiko,,ziv
风云再起动漫娱乐中心(北京店),"6F, New Generation Mall No. 9 Zhongtangzi Hutong, Xicheng District Beijing Beijing, 100031, Beijing",39.9128293,116.3665626,chunithm;maimai_dx;other,,ziv
风云再起动漫电玩,"成都市青羊区天府广场站负一楼 Chengdu Shi Sichuan Sheng, 610014, Chengdu Shi",30.6572438,104.0660084,other,,ziv
风云再起北京北投爱琴海店（通爱）,"新华东街289号院1号楼北京北投爱琴海购物公园M层 Beijing, China Beijing Beijing, 100000, Beijing",39.9078323,116.6526429,maimai_dx;other;taiko,,ziv
风云再起杭州店,浙江省杭州市下城区新天地购物中心五楼风云再起,30.3227193,120.1794903,maimai_dx;other,,wahlap;ziv
风云再起游乐汇 Fengyun Arcade (上海人民广场店) ★,"B1F, D Mall(迪美购物中心), Wusheng Road No.288 Huangpu District Shanghai Shanghai, 200003, Shanghai",31.2306146,121.4689314,chunithm;gitadora;maimai_dx;other;taiko,,ziv
风云再起游乐汇 Fengyun Arcade (南京常发广场),"3rd floor of Changfa Plaza. Xuanwu District Nanjing Jiangsu, 210008, Nanjing",32.0881672,118.8050585,maimai_dx;other;taiko,,ziv
风云再起游乐汇 Fengyun Arcade (南京弘阳广场),"3F, Building C3, Hongyang Plaza, No. 48 Daqiao North Road Pukou District Nanjing Jiangsu, 210031, Nanjing",32.1404201,118.7212295,maimai_dx;other;taiko,,ziv
风云再起游乐汇 Fengyun Arcade (天津吉利大厦店),"4F, Milaiou Department Store, No.209 Nanjing Road (Jili Building Heping District Tianjin Tianjin, 300051, Tianjin",39.1175410,117.1895940,chunithm;maimai_dx;other;taiko,,ziv
风云再起游乐汇 Fengyun Arcade (天津和平路店),"1st Floor, INCITY Mall Zone A, Heping Road Heping District Tianjin Tianjin, 300041, Tianjin",39.1307760,117.1866592,chunithm;maimai_dx;other;sdvx;taiko,,ziv
风云再起游乐汇 Fengyun Arcade (天津远洋乐堤港店),"B1F, Tianjin Grand Canal Place（天津远洋乐堤港）,Jinbin Avenue No.160 Hedong District Tianjin Tianjin, 300161, Tianjin",39.1203389,117.2485399,maimai_dx;other,,ziv
风云再起游乐汇 Fengyun Arcade (文峰广场店),"4F, Wenfeng Plaza, No.801 Zhangyang North Road, Pudong New Area, Pudong New Area 浦东新区 Shanghai 上海 Shanghai 上海, 201200, Shanghai 上海",31.2736920,121.5830120,maimai_dx;other;taiko,,ziv
风云再起游乐汇 Fengyun Arcade (无锡苏宁店),"3F, Sunning Mall, Renming Middle Road Wuxi Jiangsu, 214000, Wuxi",31.5777119,120.2982665,other,,ziv
风云再起游乐汇 Fengyun Arcade (苏州观前街店),"No. 24 Shixianggong Lane, Pingjiang District Suzhou Jiangsu, 215200, Suzhou",31.3137909,120.6202824,chunithm;maimai_dx;other;taiko,,ziv
风云再起游乐汇 Fengyun Arcade (长泰广场店),"金科路2889弄 (地铁2号线金科路站) Jinke Rd Station, Subway Line 2 浦东新区 Shanghai Shang Hai Shi, 201315, Shanghai",31.2081812,121.5976303,maimai_dx;other;sdvx;taiko,,ziv
风云再起游乐汇 Fengyun Arcade (龙阳广场店),"2F, Longyang Plaza, No.2000 Longyang Road Pudong New District Shanghai Shanghai, 200120, Shanghai",31.2053120,121.5533448,maimai_dx;other;taiko,,ziv
风云再起电玩(二七广场店),"二七区德化街100号B1层尚潮汇A002号 Zhengzhou Shi Henan Sheng, 450000, Zhengzhou Shi",34.7506596,113.6652750,other,,ziv
风云再起（北京门头沟中骏世界城店）,西长安中骏世界城4楼,39.9102604,116.1192379,maimai_dx;other;taiko,,bemanicn;ziv
风云再起（咸阳正兴广场店）,电影院十字人民中路11号正兴广场3层,34.3368407,108.7096041,maimai_dx;other;taiko,,bemanicn;ziv
风云再起（石老人）,"195 香港东路 Qing Dao Shi Shan Dong Sheng, 266061, Qing Dao Shi",36.0965759,120.4635242,maimai_dx;other;taiko,,ziv
魅影苍穹 (坂田百佳华),"3rd Floor, Jiahua Link Plaza, No. 635 Jihua Road, Longgang District Shenzhen City Guangdong, 518112, Shenzhen City",22.6352829,114.0546192,chunithm;maimai_dx;other,,ziv
魅影苍穹潮玩城（宝安华强广场店）,福海街道塘尾社区华强时代广场L3-06,22.7028306,113.8111391,chunithm;maimai_dx;other,,bemanicn;ziv
魔力季（旧宫万科3F）,旧宫忠凉路1号院1号楼住总万科广场3F L3025,39.8043289,116.4545024,maimai_dx;other,,bemanicn;ziv
魔方MIX北京顺义华联店,北京市顺义区新顺南大街8号华联购物中心3楼魔方MIX家庭娱乐中心,40.1268397,116.6466154,chunithm;maimai_dx;other;taiko,,wahlap;bemanicn;ziv
麦趣熊梅江印象城店,天津市天津市西青区西青经济技术开发区友谊南路111号B区天津印象城L2-19麦趣熊电玩城·7D影院(梅江印象城店),39.0245190,117.2114950,other;taiko,,bemanicn;ziv
齐悦儿家庭娱乐中心 (客都汇店),"广东省梅州市梅江区梅水路16号客都汇 梅州市 Meizhou 广东省 Guangdong Province, 514021, 梅州市 Meizhou",24.3019736,116.1276340,maimai_dx;other,,ziv
ACME GAMES ENTERTAINMENT,"Calle 63F # 73-97, El Encanto Norte, Bogotá, Bogotá, 111071",4.6773056,-74.1048217,other,,ziv
Africa Mallplaza Barranquilla,"Cra. 55 #99 - 51, Centro Comercial Mallplaza, Barranquilla, Atlántico, 080001",11.0150692,-74.8277588,other,,ziv
Africa Mallplaza Cali,"Cl. 5 #52-210, Cali, Valle del Cauca, 760043",3.4126364,-76.5488073,ddr,,ziv
Arkadia - El Eden,"Avenida Boyacá #15-98 Centro Comercial EL EDÉN, Av. Boyacá con Calle 13 Costado Suroriental, Bogotá, Bogotá, 110831",4.6460815,-74.1291260,other,,ziv
Arkadia Cali,"Cra. 98 #16-200, Cali, Valle del Cauca, CC Jardin Plaza, Cali, Valle del Cauca, 760032",3.3693142,-76.5261698,other,,ziv
Arkadia Game Start,"34-99 Transversal 93, Bucaramanga, Santander, 680003",7.0996790,-73.1073833,ddr;other,,ziv
Arkadia Start Games,"Anillo vial oriental, Local: A 13, Cúcuta, Norte de Santander, #13-70",7.9190367,-72.4806366,other,,ziv
Arkadia Start Games,"Carrera 15, Centro Comercial Delacuesta, Local 318, Piedecuesta, Santander, #3 AN - 10",7.0005274,-73.0547582,other,,ziv
Bowling Extreme Center / eXtreme games,"Avenida Libertador por la Entrada del Sambil, Sambil San Cristobal, Nivel Autopista, Local MZZ L-1, al lado de, San Cristobal, Táchira, 2030",7.7929657,-72.2344100,other,,ziv
Burguer Play,"Calle 7, Pamplona, Norte de Santander, #654",7.3743148,-72.6480444,other,,ziv
C.C. Metrópolis (Super Máquinas),"con Avenida Florencio Jiménez, Centro Comercial Metrópolis Barquisimeto, Barquisimeto, Lara, 3001",10.0626227,-69.3654452,ddr;other,,ziv
Candyland - CC Mercurio,"Calle 31, Soacha, Rincon de Santafe, 112041",4.5878895,-74.2042350,other,,ziv
City Park,"52-115 Calle 98, Barranquilla, Atlántico, 080020",11.0133501,-74.8276654,other,,ziv
City Park,"Centro Comercial Ventura Plaza, Cl. 11, Local 312, Cúcuta, Norte de Santander, #0E -137",7.8879795,-72.4966013,other,,ziv
City Park - Metrópolis,"75a-52 Avenida Carrera 68, Local 252-A, Bogotá, Bogotá, 111061",4.6799979,-74.0820507,ddr,,ziv
City Park Buenavista,"Cl. 98 #52-115, Riomar, Barranquilla, Atlántico, local: 3-44, Barranquilla, 080020",11.0140847,-74.8281491,ddr,,ziv
CITY PARK Centro Mayor,"Autopista sur con Calle 38 A Sur, Piso 2, local 2-038, Bogotá, Cundinamarca",4.5924239,-74.1238546,ddr;gitadora,,ziv
City park los molinos,"Cl. 30A #28a - 26, Medellín, Belén, Medellín, Antioquia, local 4001, medellin, 050026",6.2325361,-75.6039029,ddr,,ziv
City Park San Silverstre,"Carrera 19 Con Avenida 58 A, Esquina. Barrio Galán - Barrancaber, local 399 piso 3, Barrancabrmeja, Santander, 687038",7.0673495,-73.8580585,ddr,,ziv
"City Park, BuenaVista","Santa Marta, Magdalena",11.2258460,-74.1732717,ddr;other,,ziv
Club de Ping Pong La Decanatura,"Kr 13 #44-31, Bogotá, Bogotá, 111621",4.6318210,-74.0665599,other,,ziv
ColombiaStep,"Calle 65 con Carrera 26, Bucaramanga, Santander, n/a",7.0914411,-73.1362035,other,,ziv
Cosmic Bowling - Quicentro,"Avenida Naciones Unidas entre Avenida 6 de Diciembre y Los Shyri, Quito, Pichincha, 170102",-0.1762905,-78.4780895,other,,ziv
Crazy Town - Mallplaza,"56d122 Avenida Kevin Ángel, Nivel 2, TI 201, Manizales, Caldas, 170002",5.0654029,-75.4897964,other,,ziv
Crazy Town Gran Manzana,"Tv. 54 #91-95, Cartagena de Indias, Bolívar, Colombia, Cartagena, La Carolina, 130008",10.4182611,-75.5209637,other,,ziv
Crazy Town Mallplaza El castillo,"Av. Pedro De Heredia #Carrera 13, Playon Del Blanco, Cartagena d, Local 201, Cartagena, 130001",10.4246635,-75.5408923,other,,ziv
Crazytown Park - Centro Chía,"Av. Pradilla # 9-00, Chía, Cundinamarca, 250002",4.8660607,-74.0360401,other,,ziv
Diver Plaza,"Calle 72 con Avenida Longitudinal de Occidente, Bogotá, Cundinamarca, 11001",4.7007284,-74.1154861,ddr;other,,ziv
Divertimento - Compensar Av. 68,"6859 Calle 52, Av. 68 # 49A-47, Bogotá, Bogotá, 111071",4.6628429,-74.1002556,other,,ziv
Divertimento - Compensar Suba,"94-55 Calle 139, Calle 139 # 94, Bogotá, Bogotá, 111131",4.7377633,-74.0875107,other,,ziv
Divertimento - Lagomar Compensar,"El Peñon Vereda Portachuelo, Girardot, Cundinamarca, Girardot, Cundinamarca, 252431",4.3228540,-74.7667689,other,,ziv
Epi.co Tiendas (El vigía),"Avenida Don Pepe Rojas por la Plaza José Antonio Páez, Dd, El Vigía, Mérida, 2030",8.6108200,-71.6606641,ddr,,ziv
Epi.co Tiendas (San Cristobal),"Avenida Libertador por la Entrada del Sambil, Sambil San Cristobal, Nivel Autopista, Local T-35 y T-36, San Cristobal, Táchira, 5001",7.7933536,-72.2347694,other,,ziv
Fiestasuba,"101-56 Calle 147, Bogotá, Bogotá, 111161",4.7445727,-74.0926015,other,,ziv
FoodGamer,"37-90 Calle 8 Sur, Bogotá, Bogotá, 111631",4.6036353,-74.1124571,ddr;other,,ziv
Fun Zone - Riocentro,"& Avenida 6 de Diciembre, Quito, Pichincha, 170102",-0.1665212,-78.4761054,other,,ziv
Galactic Games - Quicentro Shopping,"Avenida Naciones Unidas entre Avenida 6 de Diciembre y Los Shyri, Quito, Pichincha, 170102",-0.1763818,-78.4792203,other,,ziv
Game Box,"Cra. 11 #82-71, LOCAL 3-44, Bogotá, Bogotá, 110221",4.6667354,-74.0531731,other,,ziv
Game Box Unicentro,"33 Avenida Kennedy, Girardot, Cundinamarca, 252431",4.3074456,-74.7972608,other,,ziv
GaMe OvEr PaRk,"Carrera 1 36-26, Centro comercial La Estacion, Cali, Valle del Cauca, 760003",3.4644243,-76.5133557,ddr;other,,ziv
Game Park,"Calle 30a con Avenida Salguero, Mayales Plaza Comercial, Locales 004 - 005, Valledupar, Cesar, n/a",10.4553807,-73.2424377,other,,ziv
GAZU GAMES CENTRO COMERCIAL AVENIDA,"Cl. 8a #12-943, Fusagasugá, Cundinamarca, 252211",4.3438339,-74.3739101,other,,ziv
Guardians e-Sports | Arena Gamer,"C.C. Metrosol Local 30, Al lado de Cines Unidos, Maracaibo, 4001",10.5994196,-71.6519043,other,,ziv
Happy City,"54-139 Calle 43, Rionegro, Antioquia, 054040",6.1470970,-75.3782967,other,,ziv
Happy City - El Tesoro,"1a-45 Carrera 25, Medellín, Antioquia, 050022",6.1978428,-75.5589207,ddr,,ziv
Happy City - Mayorca,"48-57 Calle 51 Sur, Local 5181, Sabaneta, Antioquia, 055450",6.1617809,-75.6054158,other,,ziv
Happy City - Unicentro,"Calle 11 #34-78, Local 265, Pasto, Nariño, 520002",1.2166259,-77.2885549,ddr,,ziv
Happy City Centro Comercial Guatapurí,"Calle 3, Centro comercial Guatapurí, Valledupar, Cesar, # 12 - 157",10.4944264,-73.2686162,other,,ziv
Happy City Florencia,"Cra. 3A Bis # 21A - 14, Bis # 21A - 14, Florencia, Caquetá, 180001",1.6247853,-75.6062963,other,,ziv
Happy City megamall,"Cra. 33 #29-15, Bucaramanga, Santander, Piso 3 Local 304 y 305, Bucaramanga, 680003",7.1303587,-73.1120771,other,,ziv
Happy Moments - Condado Shopping,"Avenida Mariscal Sucre y Avenida John F. Kennedy, L417 - 4to Piso, Quito, Pichincha, 170144",-0.1028037,-78.4906410,other,,ziv
Kids to Play,"Calle 31, Soacha, Rincon de Santafe, 112041",4.5895204,-74.2054688,other,,ziv
La Bodegamer,"Carrera 78 bis # 78-18, Bogotá, Bogotá, 111051",4.6982424,-74.0957719,other;sdvx,,ziv
Malteria Plaza,"Carretera Panamericana, Cotopaxi",-0.9260255,-78.6255803,other,,ziv
MEGA Virtual,"Calle interna del estacionamiento, o la entrada sur del centro c, Llano Mall, Planta Baja, Acarigua, Portuguesa, 3301",9.5729404,-69.1980287,other,,ziv
Metrogames,"Cra. 1e #1-84, Ciudadela 20 de Julio, Barranquilla, Atlántico, 080010",10.9310686,-74.7997498,other,,ziv
Moonglow Esports,"Cl 48 #35-34, Cabecera del llano, Bucaramanga, Santander, Bucaramanga, 680004",7.1167291,-73.1095398,other,,ziv
Parque Campestre Centro Comercial,"CLL 6 #16a-150, Cl. 7 #12-157, Soacha, Cundinamarca, Soacha, Cundinamarca, 250052",4.5818257,-74.2303491,other,,ziv
PaseoGames,"Centro Comercial La Castellana Piso 2, Cartagena, Cartagena",10.3935900,-75.4866137,ddr,,ziv
Peterland,"calle 52 #3-29, CC Unico Cali, Cali, Valle del Cauca, 760003",3.4650179,-76.5008289,other,,ziv
Play Point - Unico Outlet,"Avenida Los Libertadores, Pasto, Nariño, 520006",1.2056605,-77.2602689,other,,ziv
Play Time,"Autopista Nte. #34-67, Hermosa Provincia, Bello, Antioquia, 051050​",6.4217542,-75.9100342,ddr,,ziv
Play Time - Arkadia,"Carrera 70 #1-141, Local 449, Medellín, Antioquia, 050025",6.2122098,-75.5946923,other,,ziv
Play Time Viva,"Cra. 51B #87-50, Riomar, Barranquilla, Atlántico, Local 301, Barranquilla, 080020",11.0082109,-74.8212851,other,,ziv
Playland - Nuestro Bogota,"Av Ciudad de Cali # 55a -75, Av. Carrera 86 # 55A - 75, Bogotá, Bogotá, 111071",4.6835717,-74.1158885,other,,ziv
Playland - Salitre Plaza,"Carrera 68B # 24 - 39, Bogotá, Bogotá, 110931",4.6538668,-74.1097653,other,,ziv
Playland - Titan Plaza,"Carrera 72 # 80-94 - Centro Comercial TITAN PLAZA Local 369-369A, Av. Boyacá con Calle 80 Costado Nororiental, Bogotá, Bogotá, 111021",4.6945988,-74.0863587,other,,ziv
Replay,"Calle de Servicio, Maracay, Aragua, 2102",10.2629257,-67.5882068,ddr,,ziv
Star Park - Mayorca,"48-57 Calle 51 Sur, Sabaneta, Antioquia, 055450",6.1615689,-75.6051528,other,,ziv
Star Park Mosquera,"Cra. 3 #No. 15 A - 57,, Mosquera, Cundinamarca, 250047",4.7125572,-74.2212430,other,,ziv
Super Maquinas,"C.C. Hyper Jumbo Mall, Av. Fuerzas Aéreas c/c Av. Casanova Godoy, Maracay, Aragua",10.2540481,-67.5847104,other,,ziv
Super Video Mania (Centro Comercial El Recreo),"Centro Comercial El Recreo, Avenida Casanova, Parroquia El Recre, Nivel Feria, Caracas, Distrito Capital, 1050",10.4917469,-66.8772474,ddr;other,,ziv
Super Video Mania (Mall Paseo San Francisco),"(Av. 5), Avenida San Francisco, Nivel Cine, San Francisco, Zulia, 4004",10.5561472,-71.6185722,other,,ziv
Super Video Mania (Sambil Barquisimeto),"Avenida Venezuela con Avenida Bracamonte y Avenida Crispulo Bení, Sambil Barquisimeto, Barquisimeto, Lara, 3001",10.0724738,-69.2934027,other,,ziv
Super Video Mania (Sambil Chacao),"Avenida Libertador, Sambil Chacao, Nivel Diversión, Plaza La Fuente, Local D-C1, Caracas, Distrito Capital, 1071",10.4891622,-66.8539739,ddr;other,,ziv
Super Video Mania (Sambil La Candelaria),"Av. Este 0, Centro Comercial Sambil La Candelaria, Nivel Paseo, Plaza Oeste, Local P-06, Caracas, Distrito Capital, 1011",10.5050330,-66.9017758,other,,ziv
Super Video Mania (Sambil Maracaibo),"Av 16 - Goajira, Maracaibo, Zulia, 40001",10.7224824,-71.6326511,other,,ziv
Super Video Mania (Sambil Valencia),"Avenida 4, Naguanagua, Carabobo, 2005",10.2391672,-68.0001216,other,,ziv
Superlandya Discovery,"SuperCentro Los Ejecutivos Piso 3, Cartagena, Cartagena",10.3982540,-75.4943347,other,,ziv
Unicentro de Armenia,"Cra 14 No. 6-02 Armenia, Quindío, Colombia, Armenia, Quindío",4.5396799,-75.6660725,ddr,,ziv
Videojuegos Game Start,"Calle 47 B Sur No. 79b-15, Centro Comercial Casablanca, Bogotá, Bogotá, 110861",4.6177291,-74.1673624,other,,ziv
Xtreme Zone - Santafe,"Carrera 43a, Calle 7 Sur, Medellín, Antioquia, 050022",6.1968847,-75.5743273,ddr,,ziv
Hobos Games Land,"14 Athenon, Larnaca, Larnaca",34.9145512,33.6373784,ddr;other,,ziv
Aquapalace Praha,"Pražská 138, Čestlice-Říčany u Prahy, 25101",50.0075115,14.5715404,drs,,ziv
Cibien's Corner - Cyber Arcade,"Bartůňkova 1761, Praha, Hlavní město Praha, 14000",50.0304983,14.5049841,chunithm;jubeat;other;taiko,,ziv
Cibien's Corner - Game Station,"2621/4 Štefánikovo náměstí, Plzeň, Plzeňský kraj, 301 00",49.7360477,13.3776224,chunithm;drs;jubeat;maimai_dx;nostalgia;other;popn;sdvx,,ziv
Cibien's Corner - Game World,"1 Fajtlova, Fajtlova 1090, Prague, Hlavní město Praha, 161 00",50.0934738,14.2904887,iidx;jubeat;nostalgia;other;sdvx,,ziv
Gamecity Praha,"8 Jungmannovo náměstí, Praha, Hlavní město Praha, 110 00",50.0836966,14.4232118,ddr,,ziv
Gamestate Wroclavia,"Sucha 1, Wroclavia Mall, Wrocław, Dolnośląskie, 50-086",51.0964052,17.0349978,other,,ziv
Joystick Arcade Bar,"5 Jindřišská, Prague, Hlavní město Praha, 110 00",50.0832034,14.4270712,other,,ziv
Levels (Obchodní dům Máj),"Národní 63/26, 110 00 Nové Město, Praha, 11000",50.0821036,14.4196951,other,,ziv
Baboon City,"Åkirkebyvej 10, Herning, Jylland, 7400",56.1533426,8.9772255,ddr;gitadora;other;taiko,,ziv
Spelhuset Liseberg Göteborg,"5 Nellickevägen, Gothenburg, Västra Götalands län, 41263",57.6926980,11.9944775,ddr;other,,ziv
Spilmuseet,"Mosevang 5, Løgstør, 9670",56.8537621,9.2703043,other,,ziv
Super Videomania @ Sambil Santo Domingo,"Avenida John F. Kennedy, Santo Domingo, Distrito Nacional, 10413",18.4830251,-69.9122208,other,,ziv
WorldGames Plaza Mundo,"1 Bulevar del Ejercito Nacional, Plaza Mundo 4ta etapa, Soyapango, San Salvador",13.6983267,-89.1506408,other,,ziv
Akiha Pop,"2 Place Alexandre Godart Châlons-en-Champagne Grand Est, 51000, Châlons-en-Champagne",48.9567258,4.3630438,other,,ziv
Akiha Pop,"2 rue du faubourg des Postes Lille Hauts-de-France, 59000, Lille",50.6161713,3.0479412,other,,ziv
AlphaNef,"55 Rue de l'Aiguillerie Montpellier Occitanie, 34000, Montpellier",43.6126541,3.8790916,jubeat;maimai_dx;other;popn;sdvx,,ziv
Arcade,"Place Morny Deauville Normandie, 14800, Deauville",49.3614137,0.0782869,ddr;other,,ziv
Arizona Kids,"27 Rue Louis Gagnière Saint-Martin-le-Vinoux Auvergne-Rhône-Alpes, 38950, Saint-Martin-le-Vinoux",45.2146026,5.6843991,other,,ziv
Atom City,"113 Rue Barthélémy Delespaul Lille Hauts-de-France, 59000, Lille",50.6243363,3.0652070,chunithm;drs;gitadora;iidx;jubeat;maimai_dx;nostalgia;other;popn;sdvx;taiko,,ziv
Aux Ateliers,"4 Chemin des Trois Croix Miserey-Salines Bourgogne-Franche-Comté, 25480, Miserey-Salines",47.2812215,5.9881014,other,,ziv
Beach Bowling,"1 Rue du Luxembourg Thiais Île-de-France, 94320, Thiais",48.7553618,2.3720743,other,,ziv
Beach Bowling - La Tête dans les Nuages,"Thiais Ile-De-France, 94320, Thiais",48.7566273,2.3718882,other,,ziv
BowlCenter Echirolles (La Tête dans les Nuages),"19 Avenue de Grugliasco Échirolles 38130, Échirolles",45.1505955,5.7171445,other,,ziv
BowlCenter Nantes,"151 Rue du Moulin de la Rousselière Saint-Herblain Pays de la Loire, 44800, Saint-Herblain",47.2300909,-1.6386463,other,,ziv
Bowling City,"824 Avenue du Lys Dammarie-les-Lys Île-de-France, 77190, Dammarie-les-Lys",48.5185039,2.6244378,ddr;other,,ziv
Bowling des 3 seines,"15 rue des bas Trévois - Boulevard Jules guesdes Troyes Champagne Ardenne, 10 000, Troyes",48.2926840,4.0822200,ddr;other,,ziv
Bowling des Lumières,"2 Avenue Simone Veil Décines-Charpieu 69150, Décines-Charpieu",45.7677023,4.9795012,other,,ziv
Centre Hitech 2Move,"970 Route Nationale 7 970 Route Nationale 7 Villeneuve-Loubet Provence-Alpes-Côte d'Azur, 06270, Villeneuve-Loubet",43.6406100,7.1329123,other,,ziv
CGR Colmar,"1 place Scheurer Kestner Haguenau Alsace, 68000, Haguenau",48.0819971,7.3556592,other,,ziv
CGR Lanester,"9001 Rue Gustave Zédé Lanester Bretagne, 56600, Lanester",47.7755782,-3.3552004,ddr;other,,ziv
CGR Montauban,"245 Avenue André Jorigne Montauban Occitanie, 82000, Montauban",44.0383986,1.3860753,ddr;other,,ziv
Cinéma CGR Buxerolles,"Rue des Frères Lumière Buxerolles Nouvelle-Aquitaine, 86180, Buxerolles",46.6100246,0.3677952,ddr;other,,ziv
Cinéma Kinepolis,"ZA du Grand But, 1 Rue du Chateau d'Isenghien Lomme Lomme Nord, 59160, Lomme",50.6512430,2.9813930,ddr;other,,ziv
Cinéma Pathé Lingostière,"604, route de Grenoble Nice PACA, 06200, Nice",43.7269639,7.1899845,other,,ziv
Cinéma Pathé Plan de Campagne,"Chemin des Pennes aux Pins Les Pennes Mirabeau Marseille PACA, 13170, Marseille",43.4130431,5.3618850,other,,ziv
City Bowling d'Oz,"1 Rue de la Ferme du Presbytère Ozoir-la-Ferrière Île-de-France, 77330, Ozoir-la-Ferrière",48.7622084,2.6636087,ddr;other,,ziv
"Cyber Avenue, Futuroscope","Avenue du Futuroscope Chasseneuil-du-Poitou Poitou-Charentes, 86360, Chasseneuil-du-Poitou",46.6689478,0.3691953,ddr;other,,ziv
Elyzion Park,"693 Route de Jonquières Orange Provence-Alpes-Côte d'Azur, 84100, Orange",44.1236619,4.8337366,chunithm;drs;other,,ziv
Envie De Japon,"1 Rue de Strasbourg Nantes Pays de la Loire, 44000, Nantes",47.2152861,-1.5506870,ddr;jubeat;maimai_dx;other;popn;sdvx;taiko,,ziv
Euro Park,"1 Route de Portiragnes Vias Languedoc-Roussillon, 34450, Vias",43.3089609,3.3947451,ddr;other,,ziv
Eurocamp Domaine de Drancourt,"185 Rue du Château Estrébœuf Hauts-de-France, 80230, Estrébœuf",50.1530741,1.6362670,other,,ziv
Eurocamp Domaine de la Brèche,"5 Impasse de la Brèche Estrébœuf Varennes-sur-Loire, 49730",49.8582130,0.7088451,other,,ziv
Exalto Dardilly,"41 Chemin du Moulin Carron Dardilly 69570, Dardilly",45.8079656,4.7642094,other,,ziv
Extra Life Café,"9 Passage des Patriarches Paris Île-de-France, 75005, Paris",48.8411118,2.3498582,other,,ziv
Family's Games,"12 Boulevard des Alliés Caen Normandie, 14000, Caen",49.1834563,-0.3600545,other,,ziv
Family's Games,"2 Impasse de la Mer pl. Foch Trouville-sur-Mer Normandie, 14360, Trouville-sur-Mer",49.3662912,0.0785577,other,,ziv
Family's Games,"22 Rue Casimir Périer Centre Commercial COTY Le Havre 76600, Le Havre",49.4959916,0.1117301,other,,ziv
FirstBowl,"12 Rue Barthélemy Thimonnier 01000 Bourg-en-Bresse Rhône-Alpes, Bourg-en-Bresse",46.2181513,5.2238287,ddr;other,,ziv
Funland,"117 Boulevard des Vendéens La Tranche-sur-Mer Pays de la Loire, 85360, La Tranche-sur-Mer",46.3486610,-1.4054951,ddr;other,,ziv
Game Center,"16 Rue du Rochat Chalmazel-Jeansagnière Auvergne-Rhône-Alpes, 42920, Chalmazel-Jeansagnière",45.7042697,3.8512102,other,,ziv
Game On,"2 Place de la Défense Puteaux 92092, Puteaux",48.8930070,2.2393628,other,,ziv
Game On,"Place du Carrousel 7 Place du Carrousel Paris Île-de-France, 75001, Paris",48.8618845,2.3340583,other,,ziv
Games Center,"57 Rue Léon Blum Rosny-sous-Bois Île-de-France, 93110, Rosny-sous-Bois",48.8850741,2.4764053,ddr;other,,ziv
Games Centers,"Centre commercial Westfield Velizy 2 Avenue de l'Europe Vélizy-Villacoublay Île-de-France, 78140, Vélizy-Villacoublay",48.7800479,2.2195817,ddr;other,,ziv
Gamespirit Lyon,"8 Rue Lanterne Lyon Rhône-Alpes, 69001, Lyon",45.7666660,4.8316911,chunithm;jubeat;maimai_dx;other;sdvx,,ziv
Gaumont Montpellier Multiplexe,"Montpellier Occitanie, 34000, Montpellier",43.6041463,3.9161059,other,,ziv
Geek Room,"39 Rue de Nanterre Asnières-sur-Seine Île-de-France, 92600, Asnières-sur-Seine",48.9100278,2.2840505,jubeat;maimai_dx;other;popn,,ziv
Hall U Need,"169 Rue Sadi Carnot Saint-André-lez-Lille Hauts-de-France, 59350, Saint-André-lez-Lille",50.6641553,3.0569689,ddr;other,,ziv
House of Games - Centre Parcs les bois aux Daims,"Les Trois-Moutiers Nouvelle-Aquitaine, 86120, Les Trois-Moutiers",47.0930039,0.0142933,other,,ziv
Hyper Nova Lyon Part Dieu,"5 place Charles Beraudier 1er etage Galerie Beraudier Lyon 69003, Lyon",45.7597389,4.8597068,ddr;other,,ziv
Jeux 73,"67 Avenue de la Boisse Chambéry Auvergne-Rhône-Alpes, 73000, Chambéry",45.5716195,5.9188608,ddr;other,,ziv
Kinepolis,"3 Rue du Maréchal Victor duc de Bellune Nancy 54000, Nancy",48.6880749,6.1734165,other,,ziv
Kinébowl+ Muse,"Rue Jean Laurain METZ Grand Est, 57000, METZ",49.1042839,6.1823683,other,,ziv
L'Eclispe,"Rue de Tréguier Lannion Bretagne, 22300, Lannion",48.7364575,-3.4366069,other,,ziv
La Bièrothèque Toulouse Labège,"227 Rue Pierre Gilles de Gennes Labège Occitanie, 31670, Labège",43.5401361,1.5133326,other,,ziv
La Galerie Bowling Billard Bar,"9 Place Hoche Quiberon Bretagne, 56170, Quiberon",47.4800500,-3.1218290,ddr;other,,ziv
La Tête dans les Nuages,"112 Cours Charlemagne Lyon Auvergne-Rhône-Alpes, 69002, Lyon",45.7410828,4.8177195,other,,ziv
La Tête Dans Les Nuages,"5 Boulevard des Italiens Paris Ile-De-France, 75002, Paris",48.8717747,2.3390349,ddr;gitadora;other,,ziv
La Tête Dans Les Nuages Aéroville,"30 Rue des Buissons Roissy-en-France Île-de-France, 95700, Roissy-en-France",48.9931240,2.5199060,ddr;other,,ziv
La Tête dans les Nuages Les 4 Temps - La Défense,"15 Parv. de la Défense Centre commercial Les 4 Temps Puteaux 92092, Puteaux",48.8904586,2.2376249,ddr;other,,ziv
La tête dans les nuages Lyon Part-Dieu,"17 Rue Dr Bouchut, 69003 Lyon 3 ème étage Lyon Auvergne-Rhône-Alpes, 69003, Lyon",45.7620610,4.8559301,ddr;other,,ziv
La Tête dans les Nuages Nice Cap 3000,"217 Avenue Eugène Donadeï Saint-Laurent-du-Var Provence-Alpes-Côte d'Azur, 06700, Saint-Laurent-du-Var",43.6575712,7.1968949,ddr;other,,ziv
La valentine,"Marseille PACA, Marseille",43.2903773,5.4781330,other,,ziv
Lasergame,"Complexe Kinepolis, 175, Avenue R. Schuman, 68100 Mulhouse Mulhouse Alsace, Mulhouse",47.7606445,7.3515179,other,,ziv
LaserGame Evolution Clermont Aubiere,"5 Rue de l'Industrie Aubière Auvergne-Rhône-Alpes, 63170, Aubière",45.7548493,3.1374713,other,,ziv
Le Concept,"41 Avenue Henri Deluc Boulazac Isle Manoire 24750, Boulazac Isle Manoire",45.1820671,0.7787151,other,,ziv
Le Palace,"ZAC des Plaines de Figuerolles Martigues PACA, 13500, Martigues",43.4301008,5.0500448,ddr;other,,ziv
Les 3 Palmes,"2 Rue Léon Bancal Marseille PACA, 13011, Marseille",43.2893191,5.4805952,other,,ziv
LibertyPark,"Terville Grand Est, 57180, Terville",49.3472976,6.1249685,other,,ziv
Luna Park,"D1098 Fréjus PACA, 83600, Fréjus",43.3993007,6.7299234,ddr;other,,ziv
LunaPark Burger,"29 Avenue Miln Carnac Bretagne, 56340, Carnac",47.5730162,-3.0755704,ddr;other,,ziv
Magic World,"1255, Route des Marais Hyères PACA, 83400, Hyères",43.0811886,6.1369587,ddr;other,,ziv
Magic World,"5 Place du Gouvernement Lyon Auvergne-Rhône-Alpes, 69005, Lyon",45.7635693,4.8282471,other,,ziv
Megarex,"5, rue Georges Méliès - 67500 HAGUENAU Haguenau Alsace, 67500, Haguenau",48.7992811,7.8357035,other,,ziv
Méga CGR,"Avenue Joffre Épinay-sur-seine Ile-De-France, 93806, Épinay-sur-seine",48.9598546,2.2986718,other,,ziv
Méga CGR,"Centre Commercial 2 Place de l'Agora Evry Ile-De-France, 91000, Evry",48.6291963,2.4300742,other,,ziv
Nikito Domus,"16 Rue de Lisbonne Rosny-sous-Bois Seine-Saint-Denis, 93110, Rosny-sous-Bois",48.8816384,2.4698183,other,,ziv
Pathé Brumath,"6, rue des Frères Lumières - ZI Brumath - 67170 Brumath Brumath Alsace, Brumath",48.7440724,7.6926439,ddr;other,,ziv
Pathé Carré de Soie,"4 A Rue de la Poudrette Vaulx-en-Velin Auvergne-Rhône-Alpes, 69120, Vaulx-en-Velin",45.7644451,4.9221643,other,,ziv
Pathé Quai d'Ivry,"Ivry sur Seine Ile-De-France, Ivry sur Seine",48.8242070,2.3873879,other,,ziv
Planet Bowling,"Lomme Nord, Lomme",50.6530794,2.9754388,ddr;other,,ziv
Player's Bar,"3 Place Rouher Riom Auvergne-Rhône-Alpes, 63200, Riom",45.8875593,3.1179396,other,,ziv
Prison Island,"60 Rue Emile Zola Saint-Jean-Bonnefonds Auvergne-Rhône-Alpes, 42650, Saint-Jean-Bonnefonds",45.4453085,4.4215423,other,,ziv
Reload Gaming Bar - Castres,"33 Place Pierre Fabre Castres Occitanie, 81100, Castres",43.6097725,2.2371957,ddr;other,,ziv
"Samy's Diner,","Avenue des Marranes Le Sequestre Occitanie, 81990, Le Sequestre",43.9148390,2.1091544,ddr;other,,ziv
Satellium Valenciennes,"Valenciennes Hauts-de-France, 59300, Valenciennes",50.3413289,3.5171888,ddr;other,,ziv
Smile World Gaité Montparnasse,"80 Av. du Maine Paris Île-de-France, 75014, Paris",48.8386998,2.3218274,other,,ziv
SpeedPark Conflans,"18 Rue de l'Hautil Conflans-Sainte-Honorine Île-de-France, 78700, Conflans-Sainte-Honorine",49.0043741,2.0761594,other,,ziv
SpeedPark Torcy,"1 Promenade du 7e Art Torcy Île-de-France, 77200, Torcy",48.8400760,2.6544134,other,,ziv
"Starship Laser (Laser Game, Weezjump)","1 Route de Roncq Neuville-en-Ferrain Hauts-de-France, 59960, Neuville-en-Ferrain",50.7440769,3.1436135,other,,ziv
Tag center,"Route Nationale 4 Pontault-Combault Île-de-France, 77340, Pontault-Combault",48.7771987,2.6057228,other,,ziv
Tiger Jump,"1 Place du Marché Monteux Provence-Alpes-Côte d'Azur, 84170, Monteux",44.0343644,4.9923958,other,,ziv
Toto loisirs,"6 Promenade du Port Le Pouliguen Pays de la Loire, 44510, Le Pouliguen",47.2747740,-2.4252111,other,,ziv
Valence Arcade,"5 Rue Pasteur Valence 26000, Valence",44.9289720,4.8912898,chunithm;drs;other,,ziv
VR Station,"81 Rue Antoine de Très La Tour-d'Aigues Provence-Alpes-Côte d'Azur, 84240, La Tour-d'Aigues",43.7251535,5.5479332,other,,ziv
Action Arena Norderstedt,"Alter Kirchenweg 33-41 Norderstedt Schleswig-Holstein, 22844, Norderstedt",53.7047725,10.0073525,other,,ziv
Action Arena Schwentinental,"Dieselstraße 7 Schwentinental Schleswig-Holstein, 24223, Schwentinental",54.2857088,10.2239263,other,,ziv
Cinedom Köln,"1 Im Mediapark Köln Nordrhein-Westfalen, 50670, Köln",50.9477311,6.9455060,other,,ziv
Electric Carnival Stuttgart,"Mailänder Platz 7 Stuttgart Baden-Württemberg, 70173, Stuttgart",48.7906656,9.1845054,ddr;other,,ziv
Electric Social,"Grunerstrasse 13 Berlin 10319, Berlin",52.5196908,13.4126516,ddr;other;taiko,,ziv
Esport Arcade,"Pagenstecher Straße 65a Osnabrück 49090, Osnabrück",52.2900282,8.0256754,other,,ziv
Exus Gamezone Neufahrn,"Bajuwarenstraße 5 Neufahrn bei Freising Bayern, 85375, Neufahrn bei Freising",48.3295737,11.6917775,other,,ziv
For Amusement Only,"Wilhelm-Leuschner-Str. 6 Seligenstadt Frankfurt, 63500, Seligenstadt",50.0531500,8.9683600,other,,ziv
Galaxy Arcade,"Kreuzstraße 55 Bad Kreuznach 55543, Bad Kreuznach",49.8425716,7.8586204,other,,ziv
Galaxy Centrum,"Wyzwolenia 18-20, Handlowo-Rozrywkowe Al, Szczecin, West Pomerania Province, 70-001",53.4265719,14.5520606,other,,ziv
Game Galaxy,"Fraunhoferstraße 5 Memmingen Bavaria, 87700, Memmingen",48.0032324,10.1696465,other,,ziv
Game Night,"Kerpener Straße 179 Kerpen Nordrhein-Westfalen, 50170, Kerpen",50.8978633,6.6832817,drs;other,,ziv
Game Palace,"Pferdemarkt 1 Hameln 31785, Hameln",52.1051938,9.3547698,other,,ziv
GAME TOWN,"42 Aleja Bursztynowa, Niechorze, Zachodniopomorskie, 72-350",54.0959925,15.0886021,other,,ziv
Gamestate Berlin,"7 Alte Potsdamer Straße Berlin Berlin, 10785, Berlin",52.5081210,13.3741915,ddr;other,,ziv
Gamestate CentrO Oberhausen,"135 CentrO-Promenade Oberhausen Nordrhein-Westfalen, 46047, Oberhausen",51.4908121,6.8758101,other,,ziv
Gamestate Zoo Berlin,"Joachimsthaler Str. 1-4 Berlin 10623, Berlin",52.5059876,13.3318801,other,,ziv
Giga Center,"Hohenzollern Ring 7-11 Cologne North Rhine-Westphalia, 50672, Cologne",50.9368742,6.9387455,other,,ziv
GRY KOMPUTEROWE,"Wojska Polskiego 2a, Międzywodzie, Zachodniopomorskie, 72-415",54.0052245,14.6974984,other,,ziv
Heide Park Resort,"Heide Park 1 Soltau 29614, Soltau",53.0248383,9.8792832,other,,ziv
HI-SCORE,"Anna-Zammert-Str. 28 Hannover Niedersachsen, 30171, Hannover",52.3642896,9.7637075,chunithm;ddr;drs;iidx;jubeat;maimai_dx;nostalgia;ongeki;other;popn;sdvx;taiko,,ziv
Insert Coins e.V.,"Bahnhofstraße 79 Herne Nordrhein-Westfalen, 44623, Herne",51.5336030,7.1575212,ddr;other,,ziv
Jump House,"Ingolstädter Straße 172 München Bayern, 80939, München",48.2047104,11.5891311,other,,ziv
Kibungu,"9 Dachsteinstraße Wurmberg Baden-Württemberg, 75449, Wurmberg",48.8711370,8.8023877,other,,ziv
Lane 7 Berlin,"Linkstraße 2, Berlin Berlin, 10785, Berlin",52.5076770,13.3751355,other,,ziv
Lasergame Berlin Charlottenburg,"Nordhauser Straße 26 Berlin Berlin, 10589, Berlin",52.5244457,13.3070491,other;taiko,,ziv
Lasergame Berlin Schöneweide,"Wilhelminenhofstraße 89 Gebäude 3 Berlin Berlin, 12459, Berlin",52.4620567,13.5124084,ddr;other;taiko,,ziv
LASERGAME MAINZ,"Friedrich-Koenig-Straße 8a Mainz 55129, Mainz",49.9682466,8.2688293,other,,ziv
LEVELS,"Untere Königsstraße 95 Kassel Hesse, 34117, Kassel",51.3200723,9.5013660,other,,ziv
LVL World Of Gaming,"Schützenstraße 73 Berlin 10117, Berlin",52.5087479,13.3907408,ddr;other,,ziv
"Miedzyzdroje Molo, Game Zone","Miedzyzdroje, West Pomerania Province",53.9317594,14.4458494,other,,ziv
Motorworld München,"Lilienthalallee 34 München 80939, München",48.1964494,11.6067928,other,,ziv
Pelotero Fun-City Indoor-und Outdoor,"Alte Schützenwiese 1 Wesselburen Schleswig-Holstein, 25764, Wesselburen",52.3666357,7.6179642,other,,ziv
Physioteam Telos,"Hohenbogenstraße 7 Cham Bayern, 93413, Cham",49.2255575,12.6733383,other,,ziv
Planet Arcade @ Waterfront Bremen,"3 AG-Weser-Straße Bremen Bremen, 28237, Bremen",53.1122823,8.7480440,other,,ziv
Playland Cologne/Bonn Airport,"Heinrich-Steinmann-Straße Köln Nordrhein-Westfalen, 51147, Köln",50.8803748,7.1207830,other,,ziv
PowerLaser Lasertag Stuttgart,"Emerholzweg 73A Stuttgart Baden-Württemberg, 70439, Stuttgart",48.8540380,9.1381044,other,,ziv
RetroGames e.V. Karlsruhe,"Schauenburgstraße 5 Karlsruhe Baden-Württemberg, 76185, Karlsruhe",48.9889425,8.3718315,other,,ziv
Salon Joker,"87 Grunwaldzka, Pobierowo, Zachodniopomorskie, 72-346",54.0604318,14.9335313,other,,ziv
Spielcafe Bonn,"Maximilianstrasse 28 Bonn North Rhine-Westphalia, 53111, Bonn",50.7323732,7.0988169,other,,ziv
Sportsbar 77,"139 Heidestraße Velbert Nordrhein-Westfalen, 42549, Velbert",51.3315770,7.0352876,other,,ziv
TaKeTV Gaming Bar,"95-97 Alte Linner Straße Krefeld Nordrhein-Westfalen, 47799, Krefeld",51.3316373,6.5703213,ddr;other,,ziv
The Game Box Duisburg,"Königstraße 58, Duisburg 47051, Duisburg",51.4322702,6.7709040,other,,ziv
The Gamebox Dortmund,"Brückstraße 48 Dortmund 44135, Dortmund",51.5164961,7.4652612,other,,ziv
West-Bowling Köln,"21 Melatengürtel Cologne North Rhine-Westphalia, 50933, Cologne",50.9393046,6.9098461,other,,ziv
Lemon Arcades,"Intsin St, Cape Coast, Ghana, 233301",5.1073932,-1.2410154,other,,ziv
"""Lobby Best Cocktails""","Leof. Kallitheas Faliraki 851 00 Greece, Λεωφ. Καλλιθέας, Φαληράκι 851 00, Faliraki, 851 00",36.3419138,28.2001164,ddr;other,,ziv
Cafe Interactive,"Eparchiaki Odos Skriperou-Peroulades, Sidari, 490 81",39.7927718,19.7057637,other,,ziv
Planet Cocktail Bar,"Kato Agios Markos, Ypsos, Corfu, 490 83",39.7023205,19.8408106,other,,ziv
The Mall Athens,"35 Andrea Papandreou, Marousi, Marousi, Attika, 151 22",38.0448910,23.7902478,other,,ziv
VILLAGE 20 CINEMAS @ ΡΕΝΤΗ,"228 Thivon, Agios Ioannis Rentis, Bretagne, 182 33",37.9747856,23.6677265,ddr,,ziv
Village 5 Cinemas @ Athens Metro Mall,"Parodos Leoforou Vouliagmenis 276, Agios Dimitrios, Attika, 173 43",37.9394296,23.7400550,ddr,,ziv
Micronesia Mall - Fun Fair,"1088 West Marine Corps Drive, Dededo, Guam, 96929",13.5191493,144.8162200,ddr;drs;gitadora;other,,ziv
FUN @ APM,"觀塘觀塘道418號創紀之城五期商場11樓L11舖 Shop No.L11-1 Level 11, APM Millennium City 5, 418 Kwun Tong Rd. 觀塘 (Kwun Tong) 九龍 (Kowloon), 觀塘 (Kwun Tong)",22.3124010,114.2252220,jubeat;other,,ziv
GAME CENTRE,"GAME CENTRE, 1 Jubilee Street Central, Hong Kong Central, 中環 香港島 (Hong Kong Island), Central, 中環",22.2839869,114.1549126,gitadora;jubeat;other,,ziv
Game Zone,,22.3286461,114.1858006,other,,ziv
Game Zone,"B/F 65 Argyle St 旺角 (Mong Kok) 九龍 (Kowloon), 旺角 (Mong Kok)",22.3195947,114.1698092,chunithm;gitadora;jubeat;maimai_dx;other,,ziv
GAMEZONE(KWUN TONG PLAZA),"1/F,KWUN TONG PLAZA,68HOI YUEN ROAD, KWUNTONG, KOWLOON",22.3111759,114.2260190,chunithm;maimai_dx;other,,allnet;ziv
GOLDEN ERA GAME CENTRE,"2/F, GOLDEN ERA PLAZA, 39SAI YEE STREET, MONGKOK, KOWLOON",22.3183610,114.1717300,chunithm;ddr;iidx;jubeat;maimai_dx;other;popn;sdvx;taiko,,allnet;ziv
HOLLYWOOD GAME ZONE,"383, LEVEL 3, PLAZA HOLLYWOODDIAMOND HILL, KOWLOON,",22.3407058,114.2021096,chunithm;gitadora;jubeat;maimai_dx;other;taiko,,allnet;ziv
POWER CITY(TIN SHUI WAI),"G68-72 G/F,PHASE 1 KINGSWOOD GINZA, TIN SHUI WAI, N.T.",22.4569941,114.0046892,chunithm;iidx;jubeat;maimai_dx;other;sdvx;taiko,,allnet;ziv
SILVERCORD AMUSEMENT ＆ GAMES,"SHOP B03 BASEMENT, SILVERCORD30CANTON RD, T.S.T, KOWLOON",22.2977762,114.1695193,gitadora;iidx;jubeat;maimai_dx;other;popn;sdvx;taiko,,allnet;ziv
SUPER KING GAME CENTRE,"B/F,WEST COAST BLDG, 290-296UN CHAU ST.,CHEUNG SHA WAN,KW",22.3356793,114.1591221,chunithm;drs;gitadora;iidx;jubeat;maimai_dx;nostalgia;other;sdvx,,allnet;ziv
TIN TIN GAME CENTRE(TUEN MUN),"SHOP B, G/F., SAI BO BUILDING, 5 TSING PAK PATH, TUEN MUN, NT",22.4016026,113.9781571,jubeat;maimai_dx;other;taiko,,allnet;ziv
太子 (Prince Game Centre),"九龍太子彌敦道聯合廣場地下G15-17 G/F, G15-17 Allied Plaza, 760 Nathan Rd., Kowloon 太子 (Prince Edward) 九龍 (Kowloon), -, 太子 (Prince Edward)",22.3234750,114.1688120,other,,ziv
屯門威水 (Smart TV Game Centre),"新界屯門仁政街13-15號屯門中心大廈地下4及5舖 G/F, 13-15 Yan Ching St. 屯門 (Tuen Mun) 新界 (New Territories), 屯門 (Tuen Mun)",22.3959080,113.9753300,other,,ziv
屯門威龍 (Smart Dragon TV Game Centre),"新界屯門屯合街時代廣場南翼第1層地下3-5舖 G/F Shop No.3,4 & 5, The Trend Plaza 屯門 (Tuen Mun) 新界 (New Territories), 屯門 (Tuen Mun)",22.3925510,113.9752970,other,,ziv
沙龍,"新界 沙田 瀝源街7號沙田娛樂城舖位C2地下 沙田 (Sha Tin) 新界 (New Territories), 852, 沙田 (Sha Tin)",22.3840773,114.1922580,other,,ziv
沙龍,"新界 沙田 瀝源街7號沙田娛樂城舖位C2地下, 沙田 (Sha Tin), 新界 (New Territories), 852",22.3840773,114.1922580,chunithm;gitadora;jubeat;maimai_dx;taiko,,ziv
金星遊戲機中心,"264-298號 青山公路 - 荃灣段, 新界",22.3737902,114.1163029,chunithm;gitadora;jubeat;maimai_dx;other;taiko,,ziv
電子廣場 Electronic Square,"130 Fuk Wa Street (Arcade near Sham Shui Po D2 MTR exit) Sham Shui Po Kowloon, 000, Sham Shui Po",22.3314538,114.1625950,other,,ziv
Gamerland,"Szentendrei út 89-95. 2. ép. 4. lház. I. em, Budapest, 1033",47.5564589,19.0461303,other,,ziv
Gamestate @ Aupark Bratislava,"18 Einsteinova, Bratislava, Bratislavský kraj, 851 01",48.1324209,17.1076977,other,,ziv
"Let's Go Arcade (stay away from it, save your money and time)","6 Holló utca, Gozsdu udvar, Budapest, Budapest, 1075",47.4984068,19.0601028,other,,ziv
Planet Hollywood,"Petőfi Sándor sgt. 13, Szeged",47.1802554,19.5057542,other,,ziv
Siófok Petőfi sétány,"3 Petőfi sétány, Siófok, Somogy County, 8600",46.9102590,18.0505804,other,,ziv
Sugár Bowling & Pub,"Örs vezér tere 24, Budapest, 1148",47.5043249,19.1375611,other,,ziv
Amoeba,"22, Church Street (Near Brigade Road), Bangalore, Karnataka, Ind, Bangalore, Karnataka",12.9748048,77.6049328,other,,ziv
Dave & Buster's (Infiniti Mall Andheri),"4th floor, Infiniti Mall, Phase D,, Shastri Nagar, Andheri West,, Mumbai, Maharashtra, 400053",19.1412938,72.8311712,other,,ziv
Dave & Buster's (Mantri Avenue),"1st floor, Mantri Avenue, KHB Games Village, Koramangala,, Bengaluru, Karnataka, 560047",12.9451529,77.6201043,other,,ziv
Namco Seawoods Grand Central Mall,"Seawoods Station Road, Navi Mumbai, Maharashtra, 400706",19.0217142,73.0187924,taiko,,ziv
Phoenix Marketcity,"Whitefield Main Rd, Devasandra Industrial Estate, Bangalore, 560048",12.9964384,77.6966619,other,,ziv
The Game Palacio,"Level 5, Inorbit Mall Rd, near PVR Cinema, Software Units Layout, Hyderabad, 500081",17.4352296,78.3871467,other,,ziv
Torq03,"23/24, Chinnappannahalli, Marathahalli, Outer Ring Road, Bengaluru, Karnataka, 560037",12.9633876,77.7031773,other,,ziv
23Paskal (Game Master),"Jl. Pasirkaliki Bandung Jawa Barat, 40172, Bandung",-6.9149135,107.5952679,ddr;gitadora;maimai_dx;other;sdvx,,ziv
Amazing Carribean - Kota Kasablanka,"Jalan Kasablanka Raya Kav. 88 Jakarta Jakarta, 12870, Jakarta",-6.2243770,106.8427438,ddr;maimai_dx;other;sdvx,,ziv
Amazing Centre Centre Point,"Jalan Jawa Medan North Sumatra, 20231, Medan",3.5921031,98.6808232,other,,ziv
Amazing PIK Avenue,"Jl. Pantai Indah Kapuk Boulevard, Kamal Muara Jakarta Kec. Penjaringan, 14470, Jakarta",-6.1091654,106.7402285,other,,ziv
Amazing Town - Gandaria City,"Jakarta Jakarta, Jakarta",-6.2442306,106.7833436,maimai_dx;other;sdvx,,ziv
Amazing World One Belpark,"Jl. RS. Fatmawati Raya No.1, RT.1/RW.1, Pd. Labu, Kec. Cilandak, Jakarta Selatan RS. Fatmawati Raya, 12450, Jakarta Selatan",-6.3045809,106.7947032,other;sdvx,,ziv
Amazone - Blok M Plaza,"Jakarta Jakarta, Jakarta",-6.2444226,106.7976129,other;sdvx,,ziv
Amazone - Carrefour MT Haryono,"Komp. Lakespra TNI AU Saryanto Jl. Letjend. MT. Haryono Jakarta Jakarta, 12770, Jakarta",-6.5118147,106.4300537,ddr;other,,ziv
Amazone - Cilandak Mall,"Jakarta Jakarta, Jakarta",-6.3019637,106.8140544,ddr;other,,ziv
Amazone - Duta Mall,"Jl. A. Yani 3rd floor, Melayu, District. Banjarmasin Tengah Banjarmasin City South Borneo, 70234, Banjarmasin City",-3.3229347,114.6031188,gitadora;other;sdvx,,ziv
Amazone - Lippo Mall Kemang,"36 Jalan Kemang Village Drive, Daerah Khusus Ibukota Jakarta, 12150",-6.2610044,106.8129317,other;sdvx,,ziv
Amazone - Lippo Mall Puri,"No.Kel Jalan Puri Indah Raya, Jakarta, 11610",-6.1875329,106.7394125,other;sdvx,,ziv
Amazone - Lotte Shopping Avenue,"3-5 Jalan Professor Doktor Satrio Jakarta Selatan Daerah Khusus Ibukota Jakarta, 12940, Jakarta Selatan",-6.2239157,106.8229249,ddr;gitadora;iidx;maimai_dx;other;sdvx,,ziv
Amazone - Mal Olympic Gardens,"Malang East Java (Jawa Timur), Malang",-7.9775400,112.6238860,gitadora;maimai_dx;other;taiko,,ziv
Amazone - Mall Artha Gading,"1 Jalan Artha Gading Selatan Jakarta Daerah Khusus Ibukota Jakarta, 14240, Jakarta",-6.1458217,106.8925416,ddr;drs;iidx;maimai_dx;other;sdvx,,ziv
Amazone - Manado Town Square 3,"Jalan Piere Tendean Manado Sulawesi Utara, 95111, Manado",1.4696417,124.8302367,iidx;maimai_dx;other;sdvx,,ziv
Amazone - Megamas,"Jalan K.H. Abdurrahman Wahid Jl. Piere Tendean Boulevard Manado Sulawesi Utara, 95111, Manado",1.4844117,124.8341502,iidx;maimai_dx;other;sdvx,,ziv
Amazone AEON Sentul City,"16 Jalan MH. Thamrin Sentul West Java, 16810, Sentul",-6.5668190,106.8572590,maimai_dx;other,,ziv
Amazone Ayani Mega Mall,"Jl. Jenderal Ahmad Yani No.4, Parit Tokaya Pontianak Kalimantan Barat, 78113, Pontianak",-0.0516191,109.3451938,other,,ziv
Amazone BIG Mall,"Jalan Untung Surapati Samarinda Kalimantan Timur, 75243, Samarinda",-0.5260452,117.1156328,gitadora;other,,ziv
Amazone Cibubur Plaza,"6 Jalan Cibubur-Cilengsi, Jawa Barat, 17435",-6.3762117,106.9153652,ddr;other;popn,,ziv
Amazone Dream Island - Mall Balekota Tangerang,"Jalan Jend Sudirman, Banten, 15119",-6.1793364,106.6430784,ddr;gitadora;other,,ziv
Amazone Hermes Palace,"Jalan Cinge Medan North Sumatra, 20152, Medan",3.5707248,98.6660120,other;taiko,,ziv
Amazone Jatinangor Town Square,"Jatinangor West Java (Jawa Barat), Jatinangor",-6.9345172,107.7714881,ddr;gitadora;other,,ziv
Amazone Jogja City Mall,"Jogja City Mall Lantai 2, Magelang St No.6 No.18, Kutu Patran, S Yogyakarta Daerah Istimewa Yogyakarta, 55284, Yogyakarta",-7.7533120,110.3606418,gitadora;other,,ziv
Amazone Mall Bassura City,"Jl. Basuki Rahmat No. 1A Jakarta Timur Daerah Khusus Ibukota Jakarta, 13410, Jakarta Timur",-6.2243170,106.8779790,other;sdvx,,ziv
Amazone Mega Mall Ayani,"15 Jalan Jenderal Ahmad Yani, West Kalimantan, 78113",-0.0519115,109.3448424,maimai_dx;other,,ziv
Amazone Panakkukang Square,"Panakkukang Square Lt. 2 Jl. Boulevard, Masale, Kec. Panakkukang Makassar South Sulawesi, 90231, Makassar",-5.1576535,119.4486581,other,,ziv
Amazone Pesona Square,"Jalan Ir. H. Juanda, Jawa Barat, 16418",-6.3799977,106.8439733,maimai_dx;other;sdvx,,ziv
Amazone Pluit Village Mall,"23 Jalan Pluit Karang Karya Timur 1st Floor DKI Jakarta Pluit, Jakarta Utara, 14450, DKI Jakarta",-6.1161475,106.7880106,ddr;maimai_dx;other;sdvx,,ziv
Amazone Samarinda Central Plaza,"Samarinda Central Plaza Jl. P. Irian No.1, Pelabuhan Samarinda Kalimantan Timur, 75113, Samarinda",-0.5035211,117.1549367,other;taiko,,ziv
Amazone SKA,"No.114 Jalan Soekarno - Hatta, Riau, 28292",0.4996356,101.4184856,maimai_dx;other,,ziv
Amazone Sun Plaza,"Jalan Kh. Zainul Arifin Medan North Sumatra, 20151, Medan",3.5834405,98.6717734,other;taiko,,ziv
Amazone-Plaza Pondok Gede 2,"Jl. Raya Pondok Gede Plaza, Pondok Gede Bekasi West Java (Jawa Barat), 17411, Bekasi",-6.2837756,106.9122076,gitadora;other,,ziv
Balaraja Plaza,"Balaraja Banten, Balaraja",-6.1980376,106.4582062,ddr;other,,ziv
Centre Point,"23 B Jalan Alumunium II Sumatera Utara, 20241",3.6422997,98.6694935,other,,ziv
Cihampelas Walk / CiWalk (Game Master),"Jl. Cihampelas 160 Bandung Bandung West Java (Jawa Barat), Bandung",-6.8952197,107.6044214,ddr;drs;maimai_dx;other;sdvx,,ziv
Cilandak Town Square,"Jl. T.B. Simatupang Kav. 17 Jakarta Jakarta Jakarta Selatan, 12430, Jakarta",-6.2916832,106.8000371,other,,ziv
COW PLAY COW MOO CARSTENSZ MALL,Jalan jend sudirman no1. Cihuni. Kec pagedangan,-6.2697615,106.6304198,chunithm;ddr;drs;gitadora;iidx;maimai_dx;nostalgia;other;sdvx,,allnet;ziv
Cow Play Cow Moo Mall of Indonesia,"2nd Floor Jl. Boulevard Bar. Raya No.12 Jakarta Utara 14240, Jakarta Utara",-6.1513526,106.8929172,chunithm;ddr;drs;gitadora;iidx;maimai_dx;other;sdvx,,ziv
Cow Play Cow Moo PIK2,"Entertainment District PIK 2, Blok A6, Jl. Rasuna Said Pantai In Tanggerang Banten, 15214, Tanggerang",-6.0462851,106.7053288,chunithm;ddr;drs;gitadora;iidx;maimai_dx;nostalgia;other;sdvx,,ziv
Cow Play Cow Moo Pluit Village Mall,"23 Jalan Pluit Karang Karya Timur 2nd Floor DKI Jakarta Jakarta Utara, 14450, DKI Jakarta",-6.1163928,106.7881072,chunithm;ddr;drs;gitadora;iidx;maimai_dx;nostalgia;other;sdvx,,ziv
Cow Play Cow Moo ÉLYSÉE SCBD,"Jl. SCBD No. Kav 52-53, Lantai 3A, Jakarta Selatan, 12190,, Jakarta Selatan,",-6.2260035,106.8131916,chunithm;ddr;drs;iidx;maimai_dx;other;sdvx,,ziv
CPCM LIPPO MALL NUSANTARA,"Jl. Jend. Sudirman Kav. 50, Karet Semanggi, Setiabudi",-6.2201667,106.8143752,chunithm;iidx;maimai_dx;other;sdvx,,allnet;ziv
Element - Jatinegara X'tainment,"Jl. Jatinegara Timur No. 60 - 62 3rd Floor Jakarta Jakarta, Jakarta",-6.2202654,106.8678251,other,,ziv
Element - Kaza City Mall,"Jl. Kapas Krampung No.45 Tambakrejo, Kec. Simokerto Surabaya 60142, Surabaya",-7.2481532,112.7583021,gitadora;other,,ziv
Element Family Fun Clandy's Dalung,"Jalan Perum Dalung Permai, Bali, 80361",-8.6250750,115.1706725,other,,ziv
Element Family Fun Freshindo Sanglah,"Jl. Diponegoro No.183, Dauh Puri Klod, Kec. Denpasar Bar., Kota Denpasar Bali, 80361, Denpasar",-8.6754882,115.2155221,other,,ziv
Element Family Fun Summerland Lippo Mall Kuta,"Jalan Kartika Plaza Kuta Bali, 80361, Kuta",-8.7354316,115.1665880,other,,ziv
EMI - Gajah Mada Plaza,"Jakarta Jakarta, Jakarta",-6.1608809,106.8186200,ddr;gitadora;other,,ziv
EMI - Seasons City,"Jakarta Jakarta, Jakarta",-6.1538780,106.7963040,ddr;other,,ziv
Festival Citylink (Game Master),"JL. Peta No 241 Bandung West Java, Bandung",-6.9296992,107.5859571,ddr;maimai_dx;other;sdvx,,ziv
Fun City - Duta Mall Palangkaraya,"Duta mall Palangkaraya, Jl. Adonis Samad Langkai, Pahandut Regency Palangkaraya City Central Borneo, Southeast Asia, 73111, Palangkaraya City",-2.2479534,113.9231756,other,,ziv
Fun City - Gajah Mada Mayjend Sutoyo,"Jl. Mayjend Sutoyo No.26, Gunung Malang, Kec. Balikpapan Tengah On the second floor Balikpapan City East Borneo, 76122, Balikpapan City",-1.2617888,116.8427515,other,,ziv
Fun City - Lippo mall / Mega Town Square,"Lt. 2 Mega Town Square Jl. Yos Sudarso No.57, Menteng, Jekan Raya Palangkaraya City Central Borneo, 74874, Palangkaraya City",-2.2145361,113.9056172,other,,ziv
Fun City - Mall BTM,"Jl. Ir. H. Juanda No.68, RT.01/RW.13, Paledang, Kecamatan Bogor 2nd Floor Bogor Paledang, Kec. Bogor Tengah, 16122, Bogor",-6.6052189,106.7953116,other,,ziv
Fun City - Palangkaraya mall,"Jl. Tjilik Riwut Palangka, Kec. Jekan Raya Palangkaraya City Central Borneo, 74874, Palangkaraya City",-2.2067048,113.9154084,other,,ziv
Fun City - Puri Indah Mall,"Jl. Puri Agung No.1 Jakarta Puri Kembangan, Jakarta Barat, 11610, Jakarta",-6.1882674,106.7334223,other,,ziv
Fun City - Rapak Plaza,"Jl. Soekarno Hatta, Muara Rapak, Kec. Balikpapan Utara Balikpapan East Borneo, 76124, Balikpapan",-1.2413177,116.8356849,other,,ziv
Fun City Mal Mesra Indah,"22 Jalan KH. Khalid Samarinda Kalimantan Timur, 75111, Samarinda",-0.5010191,117.1472897,other,,ziv
Fun City Samarinda Central Plaza,"Samarinda Central Plaza - Floor 3 Jl. P. Irian No.1, Pelabuhan Samarinda Kalimantan Timur, 75113, Samarinda",-0.5037916,117.1548252,other,,ziv
"Fun City, Mayofield Mall","Jenderal Sudirman Street, Ramanuju, Purwakarta District Cilegon Banten, 42431, Cilegon",-6.0131190,106.0455751,other,,ziv
Fun Station - Citimall Sampit,"Jl. Jenderal Sudirman No.KM. 1.5 Mentawa Baru Hulu, Kec. Mentawa Baru Ketapang Kotawaringin Timur Central Borneo, 74312, Kotawaringin Timur",-2.5368427,112.9330993,other,,ziv
Fun Station - Sangatta Town Center,"Jl. Ahmad Yani, North Sangatta East Kutai Regency Sangatta, East Borneo, Southeast Asia, 75683, East Kutai Regency",0.5003637,117.5327291,other,,ziv
Fun Station Mega Mall Ayani,"6a Jalan Jenderal Ahmad Yani West Kalimantan, 78113",-0.0515915,109.3457184,other,,ziv
Fun World - Atrium Plaza,"Jakarta Jakarta, Jakarta",-6.1767156,106.8411827,other,,ziv
Fun World - Bintaro Plaza,"Jakarta Jakarta, Jakarta",-6.2726419,106.7417908,gitadora;other,,ziv
Fun World - Buaran Plaza,"Jalan Raden Inten II Jakarta Jakarta, 13470, Jakarta",-6.2183046,106.9241645,other,,ziv
Fun World - Central Park (2nd Floor),"Central Park Jakarta Jakarta, Jakarta",-6.1763690,106.7912212,other,,ziv
Fun World - Central Park (3rd Floor),"28 Letjen S. Parman Street, Jakarta, 11440",-6.1771311,106.7910949,maimai_dx;other;taiko,,ziv
Fun World - Cibinong City Mall,"435 Jalan Kampung Curug Jl. Tegar Beriman No.1. Cibinong, Kab. Bogor. Cibinong West Java, 16915, Cibinong",-6.4839583,106.8424973,other,,ziv
Fun World - Cinere Mall,"Depok West Java (Jawa Barat), Depok",-6.3243149,106.7841347,ddr;other,,ziv
Fun World - Gaia Bumi Raya,"26B Jalan Major Alianyang Pontianak West Kalimantan, 78391, Pontianak",-0.0760594,109.3687624,other,,ziv
Fun World - Grand Indonesia Mall,"Jalan MH Thamrin No. 1, Grand Indonesia 5th Floor, West Mall Kebon Melati, Tanah Abang, Central Jakarta, DKI Jakarta Central Jakarta Special Capital Region of Jakarta, 10230, Central Jakarta",-6.1954778,106.8214846,other;taiko,,ziv
Fun World - Grand Tarakan Mall,"1st floor, Grand Tarakan Mall, Jl. Yos Sudarso No. 1 Karang Rejo, Kec. South Tarakan. Tarakan city North Borneo, 77113, Tarakan city",3.3087150,117.5829519,other,,ziv
Fun World - Pondok Indah Mall 1,"Jakarta Jakarta, Jakarta",-6.2651766,106.7845345,other,,ziv
Fun World - Suncity Mall,"Sun City Plaza, Jl. Pahlawan No.1, Rw6, Sidokumpul Sidoarjo Jawa Timur, 61213, Sidoarjo",-7.4491083,112.7110792,other,,ziv
Fun World - Tamini Square,Daerah Khusus Ibukota Jakarta,-6.2907010,106.8816338,ddr;other,,ziv
Fun World - Tangerang City Mall,"1 Jalan Jend Sudirman, Banten, 15118",-6.1941207,106.6340336,other,,ziv
Fun World - The Park Kendari,"Jalan Brigjen M. Yoenoes Kendari Sulawesi Tenggara, 93461, Kendari",-3.9829566,122.5198336,other,,ziv
Fun World - TP3 (Tunjungan Plaza 3) Surabaya,"Basuki Rahmat 8-12 Surabaya East Java (Jawa Timur), 60261, Surabaya",-7.2628831,112.7401355,other;taiko,,ziv
Fun World - Trans Studio Mall Makassar,"Jl. Metro Tj. Bunga, Maccini Sombala Makassar 90224, Makassar",-5.1587450,119.3944680,other,,ziv
Fun World Bintaro XChange,"212 Jalan Lingkar Jaya South Tangerang Banten, 15224, South Tangerang",-6.2848379,106.7277669,gitadora;maimai_dx;other,,ziv
Fun World CSB Mall Cirebon,"Jl. Doktor Cipto Mangunkusumo No. 26 Cirebon Jawa Barat, 45131, Cirebon",-6.7182634,108.5495098,other,,ziv
Fun World Living World Alam Sutera,"Jl. Nn No.37, Pakulonan South Tangerang Banten, 15325, South Tangerang",-6.2442064,106.6545331,other,,ziv
Fun World Mall Taman Anggrek,"Mall Taman Anggrek Lantai 3 Jl. Tj. Duren Timur no. 12 Jakarta Barat Daerah Khusus Ibukota Jakarta, 11470, Jakarta Barat",-6.1789045,106.7924905,other,,ziv
Fun World Metropolitan Mall Cileungsi,"Metropolitan Mall Cileungsi Jl. Kota Taman Metropolitan No.62, Cileungsi Kidul, Cileungsi Kabupaten Bogor Jawa Barat, 16820, Kabupaten Bogor",-6.3990670,106.9755090,other,,ziv
Fun World Pakuwon,"Jl. Ring Road Utara, Kaliwaru, Condongcatur, Kec. Depok, Kabupat Yogyakarta 55281, Yogyakarta",-7.7602538,110.3992229,other,,ziv
Fun World Phinisi Point,"Mall Phinisi Point, Jalan Metro Tanjung Bunga 2 (Mall Phinisi Po Makassar 90114, Makassar",-5.1526079,119.4038253,other,,ziv
Fun World QBIG BSD City,"48 Jalan Pagedangan-Lengkong Tangerang Banten, 15331, Tangerang",-6.2841422,106.6362136,other,,ziv
Fun World-Metropolitan Mall,"Bekasi West Java (Jawa Barat), Bekasi",-6.2438040,106.9932750,ddr;gitadora;other,,ziv
FunCity - Kaza City,"No.45 Jalan Kapas Krampung, Jawa Timur, 60142",-7.2484588,112.7587291,other,,ziv
Funcity Mal Pelayanan Publik Kota Mataram,"Jl. Cilinaya No.11, Cilinaya, Kec. Cakranegara, Kota Mataram, Nu Mataram Nusa Tenggara Barat, 83239, Mataram",-8.5880600,116.1195311,other,,ziv
FunCity Malang City Point,"Jalan Terusan Dieng Malang Jawa Timur, 65146, Malang",-7.9737474,112.6119870,other,,ziv
FuniFuni - Grand Kota Bintang,"Jl. Kota Bintang Boulevard No. Kavling 1B Bekasi Jawa Barat, 17145, Bekasi",-6.2442306,106.9559714,other;sdvx,,ziv
Funstation - E-Walk,"e-Walk Balikpapan Super Block Lt. UG, Jl. Jenderal Sudirman No.4 Balikpapan Southeast Asia, 76114, Balikpapan",-1.2737676,116.8586667,iidx;maimai_dx;other;sdvx,,ziv
FunWorld - BG Junction,"Jl. Bubutan No.1-7 Bubutan, Kec. Bubutan Surabaya Jawa Timur, 60174, Surabaya",-7.2551265,112.7335111,other,,ziv
FUNWORLD - Botani Square Mall,"LG Floor, Jl. Raya Pajajaran No.40, RT.04/RW.05, Tugu Kujang, Kecamatan Bogor Tengah Bogor Jawa Barat, 16127, Bogor",-6.6015340,106.8067780,other,,ziv
FunWorld - Ciputra World,"JL. Mayjend Sungkono no. 89 Surabaya 60189, Surabaya",-7.2921497,112.7190828,gitadora;other,,ziv
FunWorld - Citimall Tuban,"Jl. Pahlawan, Dondong, Gedongombo, Kec. Semanding, Kabupaten Tub Tuban 62381, Tuban",-6.9128056,112.0796960,other,,ziv
Funworld - D Mall,"Depok West Java (Jawa Barat), Depok",-6.3870338,106.8268597,ddr;other,,ziv
Funworld - e-Walk,"e-Walk Balikpapan Super Block Lt. LG, Jl. Jenderal Sudirman No.47A, Gn. Bahagia, Kecamatan Balikpapan Balikpapan East Borneo, 76114, Balikpapan",-1.2735657,116.8595088,other,,ziv
FunWorld - Grand City (3rd Floor),"41 Jalan Kusuma Bangsa Surabaya Jawa Timur, 60272, Surabaya",-7.2611599,112.7504335,other,,ziv
FunWorld - Mal Ciputra,"Jl. Arteri S.Parman Grogol Jakarta Barat Jakarta, 11470, Jakarta Barat",-6.1684277,106.7863423,gitadora;other,,ziv
FunWorld - Pakuwon City Mall 3,"Jl. Raya Laguna KJW Putih Tambak No.2 Kejawaan Putih Tamba, Kec. Mulyorejo Surabaya 60112, Surabaya",-7.2767929,112.8057824,other,,ziv
Funworld - Pakuwon Mall Solo Baru,"Jalan Ir. Soekarno Madegondo Sukoharjo Jawa Tengah, 57552, Sukoharjo",-7.6011553,110.8146493,other,,ziv
FunWorld - Pasar Atom,"Jalan Bunguran East Java, 60161",-7.2417091,112.7438520,other,,ziv
Funworld - Pentacity,"Lt. 1 Pentacity mall Gn. Bahagia Sel., Gunung Bahagia, Balikpapan Selatan Balikpapan East Borneo, 76114, Balikpapan",-1.2743082,116.8563641,other,,ziv
Funworld - Plaza Balikpapan,"2nd floor above the exit, Plaza Balikpapan Jl. Jenderal Sudirman Balikpapan City East Borneo, 76113, Balikpapan City",-1.2782047,116.8395680,other,,ziv
Funworld - Puri Indah Mall,"Jl. Puri Agung No.1 Jakarta Puri Kembangan, Jakarta Barat, 11610, Jakarta",-6.1889394,106.7333794,other,,ziv
FunWorld - Royal Plaza,"Jl. A Yani No 16-18 Surabaya Jawa Timur, 60243, Surabaya",-7.3093778,112.7346679,other,,ziv
Funworld - Sun East Mall,"Jl. Diponegoro No.11, Dusun Krajan, Genteng Kulon, Kec. Genteng, Genteng Banyuwangi Regency, East Java, 68465, Genteng",-8.3647062,114.1480480,other,,ziv
Funworld Basko City Mall,"Jl. Manunggal 3, Kalumbuk, Kec. Kuranji, Kota Padang, Sumatera B Padang West Sumatera, 25171, Padang",-0.9163886,100.3978117,other,,ziv
Funworld Grand Batam Mall,"Jl. Pembangunan, Batu Selicin, Kec. Lubuk Baja, Kota Batam, Kepu Batam 29444, Batam",1.1355327,104.0067369,other,,ziv
FunWorld Green Pramuka Square,"Jl. Ahmad Yani kav. 49 Rawasari, Cempaka Putih Jakarta Pusat Daerah Khusus Ibukota Jakarta, 10570, Jakarta Pusat",-6.1893787,106.8739757,gitadora;other,,ziv
Funworld Kalibata City Square,"Kalibata City Square, Ground Floor Jalan Kalibata Raya Kav. 1 Jakarta Selatan Daerah Khusus Ibukota Jakarta, 12750, Jakarta Selatan",-6.2566255,106.8527739,other,,ziv
FUNWORLD Living World Denpasar,"Jl. Gatot Subroto Tim., Tonja, Kec. Denpasar Utara Denpasar Bali, 80235, Denpasar",-8.6351113,115.2321196,other,,ziv
Funworld Living World Kota Wisata,"Living World Kota Wisata Jl. Boulevard Kota Wisata, Ciangsana Kabupaten Bogor Gunung Putri, 16968, Kabupaten Bogor",-6.3691388,106.9592076,other,,ziv
Funworld Mall Of Indonesia,"Mall Of Indonesia Lt. 3, Jl . Boulevard Barat Raya Kelapa Gading Barat, Kelapa Gading North Jakarta Special Capital Region of Jakarta, 14240, North Jakarta",-6.1510566,106.8920804,other;taiko,,ziv
Funworld Mall@Alam Sutera,"12 Jalan Jalur Sutera Boulevard, Mall @ Alam Sutera, Banten, 15143",-6.2221932,106.6534710,other,,ziv
Funworld Nagoya Hill Mall Batam,"Jl. Nagoya Hill, Lubuk Baja Kota, Kec. Lubuk Baja, Kota Batam, K Batam 29444, Batam",1.1463265,104.0121120,other,,ziv
FunWorld Nipah Park,"23c Jalan Urip Sumoharjo, Sulawesi Selatan, 90231",-5.1383231,119.4507712,other,,ziv
Funworld Queen City Mall,"Pemuda 27 Semarang 50139, Semarang",-6.9730280,110.4203952,other,,ziv
Funworld Sunter Mall,"Jl. Danau Sunter Utara Blok G7 Kav. II, Sunter Agung-Tanjung Pr Jakarta Tanjung Priok, 14350, Jakarta",-6.1381653,106.8708775,other,,ziv
Funworld The Park,"6 Jalan MT Haryono, Jawa Tengah, 57552",-7.5989443,110.8167100,other,,ziv
Funworld The Park Semarang,"No. 10-11 Jalan Madukoro Raya Semarang Jawa Tengah, 50144, Semarang",-6.9641945,110.3991508,other,,ziv
Funworld WTC Batanghari,"17 Jalan Sultan Thaha Jambi City Jambi, 36111, Jambi City",-1.5888808,103.6159682,other,,ziv
Game Fantasia (Lippo Plaza Sidoarjo),"Jl. Jati Raya No.1, Jati, Kec. Sidoarjo, Kabupaten Sidoarjo, Jaw Sidoarjo Jawa Timur, 61226, Sidoarjo",-7.4459104,112.6979432,other,,ziv
Game Master - Grand Yogya Kepatihan,"Grand Yogya Kepatihan 5th Floor Jalan Kepatihan No. 8, Balonggede, Regol Bandung West Java, 40251, Bandung",-6.9236360,107.6057074,gitadora;maimai_dx;other,,ziv
Game Master - Griya Buah Batu,"Griya Buah Batu Jl. Buah Batu No.183-185 Bandung Jawa Barat, 40264, Bandung",-6.9407456,107.6266101,other,,ziv
Game Master - Griya Grand Cinunuk,"187 Jalan Raya Cinunuk Jl. Raya Cinunuk No.187 Bandung Jawa Barat, 40623, Bandung",-6.9377809,107.7337304,other,,ziv
Game Master - Griya Ujung Berung,"Toserba Griya Ujung Berung Jl. Raya Ujung Berung No.243-257 Bandung Jawa Barat, 40614, Bandung",-6.9150912,107.7040640,other,,ziv
Game Master - Plaza Semanggi,"Jakarta Jakarta, Jakarta",-6.2197641,106.8143392,ddr;gitadora;other,,ziv
Game Master - The Kings Shopping Centre,"Jalan Kepatihan No. 11-17, Kings Shopping Centre 5th Floor Balonggede, Regol Bandung West Java, 40251, Bandung",-6.9229034,107.6050655,other,,ziv
Game Master Bandung Electronic Center,"Jalan Purnawarman 13-15 Bandung Jawa Barat, 40117, Bandung",-6.9085336,107.6089489,other,,ziv
Game Master Mall BTM,"Jl. Ir. H. Juanda No.68, RT.01/RW.13, Paledang, Kecamatan Bogor 3rd Floor Mall Bogor Paledang, Kec. Bogor Tengah, 16122, Bogor",-6.6045361,106.7961306,maimai_dx;other,,ziv
Gamefantasia - Roxy Square,"Jl. Hayam Wuruk No. 50-58 Gerdu, Sempusari Jember Jawa Timur, 68131, Jember",-8.1844045,113.6632724,other,,ziv
GameFantasia Ciputra Mall Semarang,"Jl. Simpang Lima No.1 Semarang Jawa Tengah, 50134, Semarang",-6.9889639,110.4236075,other,,ziv
Gamefantasia Lippo Plaza Batu,"Jl. Diponegoro No.1 Sisir, Kec. Batu Batu Jawa Timur, 65314, Batu",-7.8786874,112.5347729,other,,ziv
Gamezone,"12 Jalan Ahmad Yani Magelang Jawa Tengah, 56115, Magelang",-7.4763215,110.2188590,other,,ziv
Gfantasia ADA Kudus,"Jl. Raya Kudus - Jepara No.KM. 1, Purwosari, Kec. Kota Kudus, Ka Kudus 59316, Kudus",-6.8040853,110.8275436,other,,ziv
Grage Mall Cirebon (Timezone),"Cirebon West Java (Jawa Barat), Cirebon",-6.7135554,108.5528962,ddr;other,,ziv
Happy Time,"Jl. Jend. Soedirman, Tj. Laut, Kec. Bontang Bontang East Borneo, 75325, Bontang",0.1205671,117.4847710,other,,ziv
Happy Time (Lippo Plaza Sidoarjo),"Jati, Sidoarjo Sub-Distrcit, Sidoarjo Regency, East Java 61226 Sidoarjo Jawa Timur, 61226, Sidoarjo",-7.4463412,112.6988511,other,,ziv
Happy Time - Ciputra World Surabaya Extension,"No. 89 Jalan Mayjen Sungkono, Jawa Timur, 60225",-7.2931500,112.7203186,other,,ziv
Happy Time - Galaxy Mall 2,"114 Jalan Dokter Ir. Haji Soekarno Surabaya Jawa Timur, 60115, Surabaya",-7.2755069,112.7820885,other,,ziv
Happy Time - Lippo mall / Mega Town Square,"Lt. 1 Lippo mall / Mega Town Square Jl. Yos Sudarso No.57, Menteng, Jekan Raya Palangkaraya city Central Borneo, 74874, Palangkaraya city",-2.2144784,113.9056210,other,,ziv
Happy Time - Yogya Sumbersari Junction,"Jalan Sumber Sari No. 34, 3rd Floor Babakan, Babakan Ciparay Bandung West Java, 40222, Bandung",-6.9318272,107.5756290,other,,ziv
Happy Time Edutown Rita Super Mall,"Rita Super Mall, Kranjimuntang, Purwanegara, Kec. Purwokerto Tim Purwokerto Banyumas, 53116, Purwokerto",-7.4258231,109.2301057,maimai_dx;other,,ziv
Happy Time Manhattan | Solo Paragon Lifestyle Mall,"Jl. Yosodipuro No.133, Mangkubumen, Kec. Banjarsari Solo Paragon Lifestyle Mall Lt. 3 Surakarta Jawa Tengah, 57139, Surakarta",-7.5626777,110.8099489,iidx;other;sdvx,,ziv
Happy Time Paragon Semarang,"118 Jalan Pemuda Semarang Jawa Tengah, 50132, Semarang",-6.9789930,110.4157566,other,,ziv
Happy Time The Park Semarang,"Jalan Madukoro Raya Semarang Central Java, 50144, Semarang",-6.9640981,110.3991697,other,,ziv
HGS Mangga Dua Square,"Jl. Gn. Sahari No.1, Ancol, Kec. Pademangan, Jkt Utara, Daerah K Jakarta 14420, Jakarta",-6.1387155,106.8315013,other,,ziv
Hokki Bear,"Batam City Square Mall 3rd Floor Blok C11, JL Bunga Raya, Baloi Batam 29442, Batam",1.1321833,104.0102556,chunithm;maimai_dx;other;taiko,,ziv
Hokki Bear Batam City Square,"Jl. Bunga Raya, Batu Selicin, Kec. Lubuk Baja, Kota Batam Batam Kepulauan Riau, 29462, Batam",1.1334544,104.0099421,chunithm;gitadora;iidx;maimai_dx;other;taiko,,ziv
Jember Roxy Square GameFantasia,"Jalan Hayam Wuruk, Jawa Timur, 68131",-8.1850105,113.6629107,other,,ziv
Kediri Town Square GameFantasia,"Jalan Hasanudin, Jawa Timur, 64129",-7.8125433,112.0157034,other,,ziv
Kid City - Trans Studio Mall Cibubur,"No.230 Jalan Alternatif Cibubur Jl. Alternatif Cibubur No.230 A, Harjamukti, Kec. Cimanggis, Kot Depok West Java, 16454, Depok",-6.3749727,106.9017530,gitadora;other,,ziv
KidCity (TransStudio Mini) - TransMart Lampung,"Sultan Agung 283 Bandar Lampung Lampung, 35132, Bandar Lampung",-5.3837134,105.2823955,gitadora;other;sdvx,,ziv
KidCity - Trans Icon Surabaya,"260 Jalan Ahmad Yani, Jawa Timur, 60234",-7.3390892,112.7284227,other;sdvx,,ziv
KidCity - Trans Studio Mall Bandung,"Trans Studio Mall Bandung 2nd Floor Jalan Gatot Subroto No.289 Bandung Jawa Barat, 40273, Bandung",-6.9256422,107.6366554,gitadora;other,,ziv
KidCity - Trans Studio Mall Makassar,"Jalan Metro Tanjung Bunga, South Sulawesi, 90224",-5.1586047,119.3943500,other,,ziv
Kidcity Transmart Buah Batu,"Jl. Terusan Buah Batu No. 176c Bandung 40287, Bandung",-6.9669637,107.6386686,other,,ziv
KidCity Transmart Cempaka Putih,"Jl. Ahmad Yani No.83 Cempaka Putih Timur, Cempaka Putih Jakarta Pusat Daerah Khusus Ibukota Jakarta, 10510, Jakarta Pusat",-6.1688010,106.8767488,gitadora;other;sdvx,,ziv
Kidsfun - Wild Wild West,"Jalan Jendral Sudirman Yogyakarta Daerah Istimewa Yogyakarta, 55223, Yogyakarta",-7.7826623,110.3789648,other,,ziv
King's Fun,"Jalan Hayam Wuruk No: 46 Kediri Jawa Timur, 64129, Kediri",-7.8159962,112.0191624,other,,ziv
malang city point,"Gang Manyar Jawa Timur, 65214",-7.8371693,112.6913515,other,,ziv
Mall 23 Semarang,"Tambakharjo, Semarang City, Central Java Semarang Jawa Tengah, 50144, Semarang",-6.9545181,110.3888901,maimai_dx;other,,ziv
Metro Indah Mall (Timezone),"Bandung West Java (Jawa Barat), Bandung",-6.9408049,107.6604152,other,,ziv
MOLLY FANTASY Living World Kota Wisata,"Living World Kota Wisata Cibubur Lantai 1 Jl. Boulevard Kota Wis Kabupaten Bogor Gunung Putri, 16968, Kabupaten Bogor",-6.3686891,106.9590712,maimai_dx;other;taiko,,ziv
Mr Token - BG Junction,"BG Junction Surabaya East Java Surabaya East Java (Jawa Timur), Surabaya",-7.2555076,112.7336901,maimai_dx;other;sdvx,,ziv
Mr. Games,"4 Jalan Alun-Alun Utara, Jawa Tengah, 56117",-7.4762577,110.2182461,other,,ziv
Mr. Games Java Mall Semarang,"Jl. MT. Haryono No.992-994 Semarang Central Java, 50241, Semarang",-7.0063103,110.4323081,other,,ziv
Mr. Token - Darmo Trade Center,"16 Jalan Wonokromo Pasar Baru, Jawa Timur, 60244",-7.3022196,112.7375399,gitadora;other,,ziv
Mr. Token - ITC Surabaya (1st Floor),"2 Jalan Gembong Surabaya Jawa Timur, 60141, Surabaya",-7.2410166,112.7465728,gitadora;other,,ziv
Mr. Token - ITC Surabaya (3rd Floor).,"No.28 Jalan Gembong, Jawa Timur, 60141",-7.2408814,112.7463003,other,,ziv
Mr.Games Kudus Extension Mall,"Loekmonohadi, 1, Loekmonohadi, Kabupaten Kudus, Jawa Tengah 593 Kudus Jawa Tengah, 59317, Kudus",-6.8179068,110.8376849,other,,ziv
One Belpark,"Jl. RS. Fatmawati Raya No.1, RT.1/RW.1, Pd. Labu, Kec. Cilandak, Jakarta Selatan RS. Fatmawati Raya, 12450, Jakarta Selatan",-6.3045809,106.7947032,other,,ziv
Parpica - PGC,"Jakarta Jakarta, Jakarta",-6.2626357,106.8655157,other,,ziv
Play Arcade ÆON (AEON) Mall BSD City,"Jalan BSD Raya Utama Pagedangan Tangerang Banten, 15339, Tangerang",-6.3042950,106.6439556,other,,ziv
Playtopia @ Supermall Karawaci,"Supermal Karawaci, Bencongan, Kecamatan Kelapa Dua, Kabupaten Ta Tangerang 15810, Tangerang",-6.2257155,106.6062651,iidx;other;sdvx;taiko,,ziv
Playtopia Arcade - Pakuwon Mall Surabaya,"Jl. Mayjen Yono Suwoyo No.2 Surabaya Wiyung, 60216, Surabaya",-7.2885101,112.6753733,maimai_dx;other,,ziv
Playtopia Arcade - Tunjungan Plaza 3,"Basuki Rahmat 8-12 Surabaya 60261, Surabaya",-7.2626968,112.7403474,maimai_dx;other,,ziv
PlayTopia Arcade Bandung Indah Plaza,"Jl. Merdeka Bandung 40115, Bandung",-6.9084866,107.6109902,maimai_dx;other,,ziv
Sky Games - Rangkasbitung Indah Plaza,"Jalan Tirtayasa Rangkasbitung Banten, 42312, Rangkasbitung",-6.3530396,106.2498811,other,,ziv
Sky Games - Surya Siliwangi (Kuningan),"Jl. Siliwangi No.99 Kuningan West Java, 45511, Kuningan",-6.9802995,108.4794439,other,,ziv
Sky Games - Surya Sumber (Cirebon),"Jl. R.Dewi Sartika No.3, Tukmudal, Kec. Sumber Cirebon West Java, 45611, Cirebon",-6.7587792,108.4770941,other,,ziv
Solo Grand Mall,"Jl. Yosodipuro No 133, Jawa Tengah Solo Jawa Tengah, 57131, Solo",-7.5660217,110.8075912,other,,ziv
Solo Grand Mall Timezone,"JL. Slamet Riyadi No. 273 Solo Jawa Tengah, 57141, Solo",-7.5668043,110.8073766,other,,ziv
Spincity Bowling Alley - The Breeze BSD,"Jl. BSD Green Office Park Sampora, Cisauk Tangerang Banten, 15345, Tangerang",-6.3027407,106.6552368,other,,ziv
Story Land - Cimahi Mall,"91 Jalan Gandawijaya Setiamanah Cimahi Tengah Cimahi Jawa Barat, 40524, Cimahi",-6.8786710,107.5396683,maimai_dx;other,,ziv
Story Land - Miko Mall,"Miko Mall 2nd Floor Jl. Raya Kopo No.622-634, Babakan Ciparay Bandung Jawa Barat, 40225, Bandung",-6.9599729,107.5805646,gitadora;maimai_dx;other,,ziv
Suncity Mall Madiun,"Jl. S. Parman No.8 Kota Madiun 63119, Kota Madiun",-7.6226320,111.5363627,other,,ziv
Super Games - ITC Cibinong (Mall Cibinong),"1 Jalan Haji Ashari Jl. Raya Mayor Oking no.11, Cibinong, Jawa Barat 16918 Cibinong West Java, 16911, Cibinong",-6.4803393,106.8626712,other,,ziv
Swalayan Dinasti,"Jl. Pb. Sudirman No.40, Puhrejo, Kota, Kec. Pare, Kediri, Jawa T Pare, Kediri Jawa Timur, 64212, Pare, Kediri",-7.7647048,112.1854871,other,,ziv
The Play Zone - Plaza Taman,"3rd Floor, Plaza Taman Jl. MH. Thamrin, Bontang Baru, North Bontang Bontang East Borneo, Southeast Asia, 75325, Bontang",0.1361856,117.4886658,other,,ziv
The Play Zone Samarinda Square,"Mall Samarinda Square Floor 3 Jl. M. Yamin, Gn. Kelua Samarinda East Kalimantan, 75123, Samarinda",-0.4697612,117.1466128,maimai_dx;other,,ziv
Timezone - Baywalk Mall,"Jakarta Daerah Khusus Ibukota Jakarta, Jakarta",-6.1093222,106.7785278,other,,ziv
Timezone - Chandra Superstore,"Jl. Pemuda No.135-127, Sawah Lama Kec. Tanjungkarang Timur Lampung city Lampung, 35128, Lampung city",-5.1146322,105.3057021,other,,ziv
TimeZone - Delta Plaza,"33-37 Jalan Pemuda, Jawa Timur, 60271",-7.2648094,112.7483944,other,,ziv
Timezone - Depok Town Square,"Jalan Margonda Raya No.1 Depok West Java (Jawa Barat), 16424, Depok",-6.3725116,106.8326694,other,,ziv
Timezone - GM (Galaxy Mall),"JL. Dharmahusada Indah Timur 37 Surabaya East Java (Jawa Timur), Surabaya",-7.2748986,112.7825037,maimai_dx;other,,ziv
Timezone - Lippo mall / Mega Town Square,"Mega Town Square Palangkaraya, Jl. KL Yos Sudarso No. 57 Menteng, Kec. Jekan Raya Palangkaraya City Central Borneo, 74874, Palangkaraya City",-2.2143378,113.9056903,other,,ziv
TimeZone - Lippo Mall Puri,"Jalan Kembangan Raya Jakarta Barat Daerah Khusus Ibukota Jakarta, 11610, Jakarta Barat",-6.1874340,106.7390423,chunithm;maimai_dx;other;taiko,,ziv
Timezone - LivingWorld Grand Wisata,"LivingPlaza, Esplanade Ave Lambangjaya, Tambun Selatan Bekasi Regency West Java, 17510, Bekasi Regency",-6.2928247,107.0475297,maimai_dx;other,,ziv
Timezone - Mal Taman Anggrek,"Jl. Letjen. S. Parman Kav. 21 Tanjung Duren Selatan Jakarta Jakarta, 11740, Jakarta",-6.1789343,106.7923397,maimai_dx;other,,ziv
Timezone - Malang Town Square,"Malang East Java (Jawa Timur), Malang",-7.9566090,112.6182320,other,,ziv
Timezone - Mall Bali Galleria,"Kuta Bali, Kuta",-8.7222051,115.1831947,maimai_dx;other;taiko,,ziv
Timezone - Mall Ciputra Cibubur,"Jalan Raya Alternative Cibubur Mall Ciputra Cibubur Cibubur Jawa Barat, 17435, Cibubur",-6.3825860,106.9262901,maimai_dx;other,,ziv
Timezone - Mall Panakkukang,"B2 Jalan Boulevard Makassar Sulawesi Selatan, 90231, Makassar",-5.1572932,119.4456377,other,,ziv
Timezone - Mall Ratu Indah,"Jalan Doktor Sam Ratulangi Makassar Sulawesi Selatan, 90113, Makassar",-5.1534386,119.4173532,maimai_dx;other,,ziv
Timezone - Margo City,"Jalan Margonda Raya Depok Jawa Barat, 16424, Depok",-6.3725383,106.8330288,chunithm;maimai_dx;other;taiko,,ziv
Timezone - Nipah Park,"276 Jalan Urip Sumoharjo Makassar Sulawesi Selatan, 90231, Makassar",-5.1396471,119.4503098,maimai_dx;other,,ziv
Timezone - Plaza Kramat Jati Indah,"Jl. Raya Bogor Km. 19, Jakarta Timur Jakarta Jakarta, Jakarta",-6.3218780,106.8616330,ddr;gitadora;other,,ziv
Timezone - PTC (Pakuwon Trade Center),"2 Jalan Bukit Darmo Bvu Surabaya Jawa Timur, 60213, Surabaya",-7.2897765,112.6745501,chunithm;maimai_dx;other;taiko,,ziv
Timezone - Riverside Island PIK,"Jl. Ebony 2 North Jakarta Jakarta City Jakarta, 14460, Jakarta City",-6.0878378,106.7305785,chunithm;maimai_dx;other,,ziv
Timezone - Summarecon Mall Bandung,"Floor 1F, Unit B&C, Jalan Grand Bulevar No. 1, Summarecon Bandun Kelurahan Cisaranten Kidul, Kecamatan Gedebage Bandung West Java, 40295, Bandung",-6.9559439,107.6970193,chunithm;maimai_dx;other;taiko,,ziv
Timezone - Trans Studio Mall Makassar,"Jl. Metro Tj. Bunga, Maccini Sombala Makassar 90224, Makassar",-5.1588854,119.3945861,maimai_dx;other,,ziv
TIMEZONE BANDUNG INDAH PLASA,"Jl. Merdeka No. 56, Bandung 40117",-6.9085663,107.6107996,chunithm;maimai_dx;other,,allnet;ziv
Timezone Big Mall Samarinda,"20 Jalan Untung Suropati Samarinda Kalimantan Timur, 75126, Samarinda",-0.5261669,117.1151176,maimai_dx;other,,ziv
TIMEZONE BOEMI KEDATON,"Jl. Teuku Umar, Sultan Agung No. 1, Kedaton, Lampung 35132",-5.3823988,105.2591307,maimai_dx;other,,allnet;ziv
TIMEZONE CENTRE POINT,"Centre Point Medan 3rd Floor, Jl.Jawa No.8,Gg. Buntu, Kec. Medan",3.5916749,98.6810665,maimai_dx;other,,allnet;ziv
Timezone Duta Mall Banjarmasin (5th Floor),"Jl. A. Yani No.98, Melayu District, Central Banjarmasin Banjarmasin South Borneo, 70232, Banjarmasin",-3.3231464,114.6034446,maimai_dx;other,,ziv
TIMEZONE Duta Mall Palangka Raya,"Jl. Adonis Samad, Langkai, Pahandut Regency Palangkaraya Central Kalimantan, 73111, Palangkaraya",-2.2481387,113.9234047,maimai_dx;other,,ziv
TIMEZONE DUTA PERTIWI,"Jalan Pemuda No. 150, Semarang 50132",-6.9832693,110.4121797,maimai_dx;other;taiko,,allnet;ziv
Timezone Epicentrum,"Lombok Epicentrum Mall. 2nd floor, Punia, Kec. Mataram, Kota Mat Mataram West Nusa Tenggara, 83127, Mataram",-8.5935022,116.1047919,other,,ziv
Timezone Festival Citylink,"Jl. Peta No.241, Suka Asih, Kec. Bojongloa Kaler Kota Bandung Jawa Barat , 40232, Kota Bandung",-6.9296859,107.5863858,other,,ziv
TIMEZONE GALAXY 3 NEW,Jl Dr IR H Soekarno No. 178 Surabaya 60115,-7.2760864,112.7805726,chunithm;drs;maimai_dx;other;taiko,,allnet;ziv
Timezone Jambi Town Square,"Jl. Kapt. A. Bakaruddin No.88, Simpang IV Sipin, Kec. Telanaipur Jambi Jambi, 36125, Jambi",-1.6218546,103.5869095,maimai_dx;other,,ziv
Timezone K Mall at Menara Jakarta,"K Mall at Menara Jakarta, Jalan Kota Bandar Lantai 2F, Gn. Sahar Central Jakarta Jakarta, 10610, Central Jakarta",-6.1499407,106.8464537,maimai_dx;other,,ziv
TIMEZONE KELAPA GADING MALL3,"KELAPAGADINGML3L2No.ENTERTAINMENTJLBULEVAR.BLOK.M,PERMAI-14240",-6.1566730,106.9092680,maimai_dx;other,,allnet;ziv
Timezone La Piazza,"Jl. Boulevard Raya Lantai 2, RT.13/RW.18, Klp. Gading Tim., Kec. Jakarta Utara Kelapa Gading, 14240, Jakarta Utara",-6.1603102,106.9060063,chunithm;maimai_dx;other;taiko,,ziv
TIMEZONE LEVEL 21,"Level 21 Mall Lt. 1, Jl. Teuku Umar No. 1 Denpasar",-8.6696985,115.2150664,maimai_dx;other,,allnet;ziv
Timezone Lippo Mall Kemang Village,"Jalan Kemang VI Lippo Mall Kemang, Jl. Pangeran Antasari Jalan C DKI Jakarta Jakarta Selatan, 12730, DKI Jakarta",-6.2612653,106.8127701,maimai_dx;other,,ziv
Timezone Lippo Mall Puri UG,"Jalan Puri Indah Raya, Daerah Khusus Ibukota Jakarta, 11610",-6.1881802,106.7385998,other,,ziv
Timezone Living World Kota Wisata,"Living World Kota Wisata Cibubur Lantai 3 Jl. Boulevard Kota Wis Kabupaten Bogor Gunung Putri, 16968, Kabupaten Bogor",-6.3699153,106.9592640,maimai_dx;other,,ziv
Timezone Mall Lippo Cikarang,"Jl. MH. Thamrin, Cibatu, Bekasi Regency, West Java Cikarang Bekasi Regency, 17550, Cikarang",-6.3343116,107.1369661,maimai_dx;other,,ziv
TIMEZONE MANADO TOWN SQUARE LT1,"ManadoTownSquare Lantai 1,JI.Piere Tendean Boulevard Sario Utara",1.4723227,124.8319485,maimai_dx;other,,allnet;ziv
Timezone Mega Mall Batam,"Mega Mall Batam Center, 3rd Floor, Jl. Engku Putri Utara Batam Kepulauan Riau, 29444, Batam",1.1292432,104.0554489,maimai_dx;other,,ziv
TIMEZONE PACIFIC PLACE,"Jl.Jend.sudirman kav 52-53,Senayan,Kec.Kebayoran Baru,Jakarta",-6.2247181,106.8106879,maimai_dx;other,,allnet;ziv
Timezone Paris Van Java (PVJ),"Jalan Sukajadi No. 131-139 CL Floor Bandung Jawa Barat, 40162, Bandung",-6.8889292,107.5959510,chunithm;drs;maimai_dx;other,,ziv
TIMEZONE PLAZA AMBARUKMO,"Ambarukmo Plaza 3rd Floor,Jl.Laksda Adi Sucipto Jogjakarta 55281",-7.7823147,110.4013199,maimai_dx;other;taiko,,allnet;ziv
Timezone Plaza Andalas,"108c Jalan Pemuda, Sumatera Barat, 25117",-0.9500593,100.3555155,maimai_dx;other,,ziv
Timezone Plaza Medan Fair,"Jalan Jend Gatot Subroto Medan North Sumatra, 20111, Medan",3.5927028,98.6633781,maimai_dx;other,,ziv
TIMEZONE PLUIT EMPORIUM,"EMPORIUM PLUIT MAL(KAWASAN CBD)LEMPORIUM PLUIT MAL(KAWASAN CBD)LT.4,PLUIT S.RAYA,JAKARTA UTARA",-6.1275809,106.7907608,chunithm;maimai_dx;other,,allnet;ziv
Timezone Q-Mall,"Jl. A. Yani, Komet, District. Banjarbaru Utara Banjar Baru City South Borneo, 70714, Banjar Baru City",-3.4392617,114.8503682,other,,ziv
Timezone Senayan Park,"3 Jalan Gerbang Pemuda, Daerah Khusus Ibukota Jakarta, 10270",-6.2124526,106.8043301,drs;other,,ziv
Timezone Sleman City Hall,"Sleman City Hall Lantai 2, Jl. Magelang Km 9.6 No. 18, Denggung, Yogyakarta Daerah Istimewa Yogyakarta, 55511, Yogyakarta",-7.7204113,110.3618932,other,,ziv
TIMEZONE SUMMARECON BEKASI,SUMARECONMAL BEKASI.JL.BOULEVARDAHMAD YANI BLOKM-BEKASI-17142,-6.2262001,107.0009365,chunithm;maimai_dx;other;taiko,,allnet;ziv
TIMEZONE SUMMARECON SERPONG,SUMARECON MAL SERPONG LT 2.JL.BOULEVARD CENTRA GADING SERPONG,-6.2410020,106.6281510,chunithm;maimai_dx;other;taiko,,allnet;ziv
TIMEZONE SUN PLAZA LT.4,"Jl. KH. Zainul Arifin No. 7, Medan, Sumatera Utara 20152",3.5832590,98.6717075,maimai_dx;other,,allnet;ziv
TIMEZONE SUPERMALL KARAWACI,"L.S.KARAWACI LT.DASAR,105BULEVAR00-00LIPPO KARAWACI1200TANGERANG",-6.2270749,106.6070450,chunithm;maimai_dx;other,,allnet;ziv
Timezone Tentrem Mall,"Jalan Gajahmada No. 123 Semarang Jawa Tengah, 50241, Semarang",-6.9866774,110.4224044,other,,ziv
TIMEZONE TRANS STUDIO BANDUNG,"Jl. Gatot Subroto No.289A, Cibangkong, Kota Bandung,40273",-6.9249233,107.6367009,maimai_dx;other,,allnet;ziv
TIMEZONE TRANS STUDIO MAL BALI,JL. IMAM BONJOL NO.440 80361 DENPASAR BALI,-8.7018086,115.1828021,maimai_dx;other,,allnet;ziv
Trans Studio Mini,"73 Pemda Jalur 1 West Kalimantan, 78116",-0.0773040,109.3677233,other,,ziv
Trans Studio Mini,"8 Jalan Veteran Malang Malang Jawa Timur, 65113, Malang",-7.9566669,112.6179265,gitadora;other,,ziv
Trans Studio mini - Duta Mall,"Jl. A. Yani No.98, Melayu, District. Banjarmasin Tengah Banjarmasin City South Borneo, 70232, Banjarmasin City",-3.3237800,114.6026254,other,,ziv
Trans Studio mini - Transmart Daun Village,"Jl. MT Haryono, Gn. Bahagia, Kecamatan Balikpapan Selatan Balikpapan East Borneo, 76114, Balikpapan",-1.2388494,116.8765686,other,,ziv
Trans Studio Mini Jambi,"9 Jalan Jendral Sudirman Jambi City Jambi, 36138, Jambi City",-1.6140906,103.6264415,gitadora;other,,ziv
Trans Studio Mini Mataram,"Lt 3 Jalan Selaparang Mataram Nusa Tenggara Barat, WIP, Mataram",-8.5906883,116.1460608,other,,ziv
Trans Studio Mini Transmart Majapahit,"Brigjen Sudiarto Semarang 50192, Semarang",-7.0203696,110.4942076,other,,ziv
TransStudio Mini Rungkut Surabaya (Transmart Rungkut Surabaya),"Jl. Tenggilis Mejoyo No.25, Kali Rungkut, Rungkut Surabaya Jawa Timur, 60293, Surabaya",-7.3208156,112.7701887,other,,ziv
Trencity Miami Fried Chicken Singosari,"Jalan Panglima Sudirman 90 Malang Jawa Timur, 65153, Malang",-7.8948807,112.6655788,other,,ziv
Waka Waka Games-Pejaten Village,"Jl. Pejaten Raya, Pasar Minggu, Jakarta Selatan Jakarta Jakarta, 12510, Jakarta",-6.2801070,106.8292310,other,,ziv
Wonderland Kediri,"Kediri Mall Lt. 3 SS 06, Jl. Hayam Huruk No. 46, Dandangan Kediri Jawa Timur, 64129, Kediri",-7.8159032,112.0195005,other,,ziv
XXI Arcade Room MTA,"Taman Anggrek Lantai 3 Jl. Letjen S. Parman, Kav. 21 Jakarta Jakarta Barat, Jakarta",-6.1781863,106.7920888,other,,ziv
XXI Arcade Senayan City,"19 Jalan Asia Afrika Jakarta Daerah Khusus Ibukota Jakarta, 10270",-6.2269847,106.7976451,other,,ziv
Zone 2000 (The Play Zone) - Rapak plaza,"QR5P+9CG, Jl. Soekarno Hatta, Muara Rapak, Kec. Balikpapan Utara At IV. floor Balikpapan East Borneo, 76124, Balikpapan",-1.2410831,116.8357125,other,,ziv
Zone 2000 - Cinere Square,"Depok West Java (Jawa Barat), Depok",-6.3328821,106.7828934,gitadora;other,,ziv
Zone 2000 - Ramayana Alun-Alun,"Malang East Java (Jawa Timur), Malang",-7.9815770,112.6319970,other,,ziv
Zone 2000 - Ramayana Cibinong,"14 Jalan Perum. Taman Permata Cibinong 11. Ramayana Cibinong. Jl Raya Bogor, Cibinong, Jawa Barat. Cibinong West Java, 16917, Cibinong",-6.4661879,106.8553363,other,,ziv
Zone 2000 - Ramayana Diponegoro,"Jl. Diponegoro Denpasar Bali, Denpasar",-8.6659161,115.2156629,maimai_dx;other,,ziv
Zone 2000 - Robinson Cibinong City Point,"28 Jalan Raya Bogor Jln. Raya Bogor, Samping Terminal Cibinong, Kec. Cibinong, Kab. Cibinong West Java, 16916, Cibinong",-6.4665290,106.8551003,other,,ziv
Zone 2000 - Tamini Square,Daerah Khusus Ibukota Jakarta,-6.2910422,106.8817089,other,,ziv
Zone 2000 Mall Dinoyo City,"Jl. MT. Haryono 195 - 197 Dinoyo - Lowokwaru Kota Malang Jawa Timur, 65144, Kota Malang",-7.9386543,112.6076345,maimai_dx;other,,ziv
Brass Monkey,"Bluewaters, Dubai, Bluewaters Island, Dubai, 000000",25.0810562,55.1226113,other,,ziv
Cozmo,"First Ring Road, Discovery Mall, Al Kuwayt, Al Asimah Governate",29.3608965,47.9823239,other,,ziv
FREEZE CLUB,"800001 Faris Abdulrahman Al Waqayan Street, Zahra, Hawalli Governorate, 39293",29.2677944,47.9927874,other,,ziv
Fun City,"Diplomatic Area, Doha, Al Dafna, Doha,",25.3255686,51.5305185,other,,ziv
Gondolania Theme Park,"Al Waab Street, Ar Rayyan, Doha, Qatar 4135222, Doha, Doha",25.2591349,51.4433297,other,,ziv
Ground Control,"Dubai - Dubai Festival City Mall, Dubai, Dubai Festival City, 000000",25.2205787,55.3523290,other,,ziv
Jungle Zone,"Hyatt Plaza Road, Doha, Al Rayyan Municipality, 491229",25.2568847,51.4373172,gitadora;other,,ziv
Magic Planet,"Sheikh Zayed Bin Sultan Al Nahyan Road, Al Farwaniyah Governorate",29.3026636,47.9354048,other,,ziv
"Magic Planet, City Centre Deira","Baniyas Road, Dubai, Dubai, 0000",25.2515081,55.3327918,other,,ziv
Play - Boulevard,"Al Khansa Street, Salmiya, Hawalli Governorate",29.3285903,48.0770127,other,,ziv
PlayDXB,"Dubai Mall, Financial Center Rd, Downtown Dubai, Dubai, 000000",25.1962673,55.2807838,drs;other,,ziv
saffori land,"Prince Mohammed Bin Fahd Branch Rd, Al Shifa, Dammam, eastern Saudi Arabia, 32236",26.4001922,50.1171793,other,,ziv
Scorpion Club,"3873+PJ Dubai, Cityland Mall, Dubai, 000000",25.0653182,55.3034914,other,,ziv
SOCO,"Mirdif City Center, Sheikh Mohammed Bin Zayed Rd - Mirdif - Dubai, Dubai, Mirdif, 6C85+C6 Du",25.2160684,55.4074710,drs,,ziv
TEKZONE,"Ghazali Street, Al-Rai- 5th Ring Road, The Avenues ground level, Al Rai, Al Asimah Governate",29.3024777,47.9350901,other,,ziv
The Zone Arcade,"1st Floor, Circle Mall Al Barsha South Fourth, Jumeirah Village Circle, 00000",25.0661540,55.2152034,other,,ziv
VENUE 56,"Floor M2, BiBi Tower, Salem Al-Mubarak Street, Block 4, Salmiya, Hawalli Governorate, 15458",29.3415027,48.0726618,other,,ziv
Wonderland,"Ashrafi Esfehani Highway, Tehran, Tehran Province",35.7481129,51.3312266,other,,ziv
Xtreme Land,"Mall of Qatar, Al Rayyan, Doha, 18969",25.3250975,51.3495826,other,,ziv
Xtreme Zone,"Al Shifa, Dammam, Al-Othaim mall, Dammam, Dammam, 32236",26.3993633,50.1177889,drs,,ziv
Yalla! Bowling,"City Centre - Muwaileh Commercial, Al Zahia, Sharjah, 8F84+G4 Sh",25.3154551,55.4544193,other,,ziv
Barcadia,"3 Sheares Street, Centre, Cork, County Cork, T12 XW4C",51.8981860,-8.4808067,ddr;other,,ziv
Bray Bowl,"Quinsborough Rd, Bray, Wicklow, A98 E6X4",53.2054896,-6.1007340,ddr;other,,ziv
Bundoran Glowbowl & Macks Amusements,"Bundoran, Donegal",54.4791416,-8.2779341,ddr,,ziv
Elevate Athlone,"ATHLONE SHOPPING CENTRE, SEAN COSTELLO STREET, ATHLONE, WESTMEATH, N37 P8P5",53.1797039,-7.0202637,ddr,,ziv
Funtasia Theme Park,"Unit 1 Donore Road Industrial Estate, Lagavooren, Drogheda, Co. Louth, A92 EVH6",53.7052682,-6.3636985,other,,ziv
Funworld,"Ennis Road, Limerick, Limerick, County Limerick, R857",52.6705792,-8.6580205,ddr,,ziv
K-Bowl Kilkenny,"McDonagh Junction Shopping Centre, Kilkenny, County Kilkenny",52.6550060,-7.2456556,ddr,,ziv
KBowl Naas,"Unit W8A/B/C Ladytown Business Park, Naas, Kildare, W91 TA40",53.2094028,-6.7370304,other,,ziv
Lane7 Dundrum,"Dundrum Town Centre, Sandyford Rd, Dundrum, Dublin 16, D16K8Y9",53.2889975,-6.2441532,other,,ziv
Leisure Plex Charlestown,"Charlestown Leisure Building, Charlestown Place, St Margaret's Rd, Charlestown, Co. Dublin, D11 YY11",53.4316285,-6.3034058,other,,ziv
Leisure Plex Tallaght,"Leisureplex Centre, Village Green, Tallagh, Dublin, Dublin 24",53.2870253,-6.3599977,other,,ziv
LeisureDome,"Ashbourne Retail Park, Unit 21, Ashbourne, Co. Meath, A84 R258",53.5215332,-6.4154790,other,,ziv
Leisureplex Blanchardstown,"Leisureplex Blanchardstown, Blanchardstown Shopping Centre, Blanchardstown, Dublin, Dublin 15",53.3916633,-6.3924413,other,,ziv
Level Up Arcade Bar,"109 O'Connell St, Prior's-Land, Limerick, County Limerick, V94 V3HH",52.6533871,-8.6465371,ddr;maimai_dx;other;taiko,,ziv
Pavilion Amusements Ballybunion,"Lartigue Drive, Dromin, Ballybunnion, County Kerry, V31 F430",52.5113169,-9.6723114,ddr,,ziv
Planet Entertainment Centre Athlone,"Diskin Centre, Grace Rd., Athlone, Co. Westmeath, N37 R7Y4",53.4284643,-7.9515803,ddr,,ziv
Planet Entertainment Centre Cork,"Old Mallow Rd, Blackpool,, Cork,, T23 NR4R",51.9209725,-8.4794819,ddr,,ziv
Planet Entertainment Centre Ennis,"Showgrounds Rd, Clonroad Beg, Ennis, Co. Clare, V95 Y283",52.8406504,-8.9929694,ddr,,ziv
Planet Entertainment Centre Galway,"Planet Entertainment Centre,  Galway Shopping Centre, Headford Road, Galway, Galway, H91 NH1X",53.2797868,-9.0488881,ddr,,ziv
Seapoint Leasure,"Salthill, Galway, Co. Galway, H91R7F7",53.2595889,-9.0756911,ddr,,ziv
TOKEN,"Custom House Square, Unit 4 Mayor Street Lower, North Wall,, Dublin, Dublin 1, D01 DE47",53.3537789,-6.2370157,ddr;other,,ziv
Babylon Games @ Big Fashion Glilot,"Glilot junction, Ramat HaSharon, Tel Aviv District, 4704172",32.1490555,34.8052668,other,,ziv
Babylon Park @ Azrieli Modi'in mall,"2 Lev Ha'Ir, Modi'in-Macabim-Reut, Central District, 7177806",31.8997851,35.0081474,other,,ziv
Babylon Park @ Big Fashion Ashdod mall,"1 Derech HaRakevet, Ashdod, South District",31.7765923,34.6634102,other,,ziv
Babylon Park @ G Cinema City Rishon Lezion,"3 Yaldei Teheran st., Rishon Lezion, Center district, 7565839",31.9837453,34.7710859,other,,ziv
Babylon Park @ Ice Mall,"6-8 Kampen Street, Eilat, Southern District",29.5547147,34.9658474,other,,ziv
Babylon Park @ Tel Aviv Port,"2 Kaf Gimel Yordei ha-Sira Street, Tel Aviv-Yafo, Tel Aviv District, 6350802",32.0962636,34.7730374,other,,ziv
Club Hotel Eilat,"14 Derekh ha-Arava, Eilat, Southern District",29.5497632,34.9527831,maimai_dx,,ziv
Funland @ Azrieli Haifa Mall,"4 Flieman Street, Haifa, Haifa District, 3508416",32.7897611,34.9643148,other,,ziv
Funland @ BluValley mall,"5 Yosef Barzilai, Afula, Northern District, 1834335",32.6192075,35.3142547,other,,ziv
Funland @ Gan Ha'ir Karmiel,"15 Ha-Kharoshet Street, Karmiel, North District",32.9215385,35.3077626,other,,ziv
Gravity Park @ Seven Stars mall,"8 Shiv'at HaKokhavim, Herzliya, Tel Aviv District, 4670802",32.1651414,34.8239672,other,,ziv
Hutzot HaMifratz Bowling alley,"HaShayish Street, Haifa, Haifa District, 31250",32.8074040,35.0563860,other,,ziv
Ma'as Swimming pool and family club,"Eilat Street, Kfar Ma'as, Center District",32.0641736,34.8900968,other,,ziv
Movieland @ Y center Netanya,"17 Sderot Giborei Israel, Netanya, Center District",32.2812195,34.8620116,other,,ziv
Peretz Center mall,"Road 25, Dimona, South District",31.0599191,35.0203156,other,,ziv
Play Game @ Yes Planet Rishon LeZion,"4 HaMea VeEsrim Street, Rishon LeTsiyon, Center District",31.9795971,34.7476253,other,,ziv
Alba,"Viale Francesco Cilea 9 Riccione Emilia-Romagna, 47838, Riccione",44.0111960,12.6473775,other,,ziv
Arcade Family Entertainment Center,"Via Giuseppe Verdi 22 Lido di Jesolo Veneto, 30016, Lido di Jesolo",45.4909899,12.6052585,other,,ziv
Arena Centar,"Lanište 32, Zagreb, Zagreb, 10000",45.7744920,15.9455327,ddr,,ziv
Bezzi Marco e Roberta,"Viale Regina Elena 141 Rimini Emilia-Romagna, 47921, Rimini",44.0538679,12.5953245,other,,ziv
Big Ben Matic Playcenter,"Via Tolmezzo, 1 Lignano Sabbiadoro UD Friuli-Venezia Giulia, 33054, Lignano Sabbiadoro UD",45.6901878,13.1447281,other,,ziv
Bowling & Sala Giochi,"81 Via Ugo la Malfa Palermo Sicilia, 90146, Palermo",38.1598245,13.3164182,ddr;other,,ziv
Bowling Brunswick,"Lungotevere dell'Acqua Acetosa, 10 Rome Lazio, 00197, Rome",41.9338671,12.4794441,other,,ziv
Bowling Di Caravaggio,"18 Via Calvenzano Caravaggio Lombardia, 24043, Caravaggio",45.4962497,9.6321666,ddr;other,,ziv
Bowling Gorlago,"Via Primo Maggio 4 Gorlago Bergamo, 24060, Gorlago",45.6664257,9.8183710,other,,ziv
Bowling Idroscalo,"64 Via Rivoltana Novegro-Tregarezzo Lombardia, 20054, Novegro-Tregarezzo",45.4748649,9.2867850,other,,ziv
Bowling Leonessa,"Via dello Stadio 53 Brescia Lombardia, 25133, Brescia",45.5697076,10.2333389,other,,ziv
Bowling Mozzo,"Via del Chioso (Near Gran Supermercato dei Colli) Mozzo Bergamo, 24030, Mozzo",45.7063366,9.6050487,other,,ziv
Bowling Oltremare,"Viale John Fitzgerald Kennedy, 12, 80125 Napoli NA Napoli Fuorigrotta, 80125, Napoli",40.8234754,14.1840334,other,,ziv
Bowling Parma Srl,"26 Via Emilio Lepido Parma Emilia-Romagna, 43123, Parma",44.7908165,10.3635406,other,,ziv
"Bowling Pegaso, Cremona","39 Via Oriolo Località Oriolo Lombardy, 26020, Località Oriolo",45.3309711,9.7380177,other,,ziv
Bowling San Lazzaro,"Via Speranza, 1 San Lazzaro di Savena Bolonia, 40068, San Lazzaro di Savena",44.4740668,11.4134860,other,,ziv
Bowling Sassari,"1 Via Luna e Sole Sassari Sardegna, 07100, Sassari",40.7243988,8.5750651,other,,ziv
Bowling Savona,"1r Via Trilussa Savona Liguria, 17100, Savona",44.3029385,8.4715438,other,,ziv
Bowling Serravalle,"33 Via dei Ceri Serravalle Sesia Piemonte, 13037, Serravalle Sesia",45.6718964,8.3230431,other,,ziv
Bowling Space,"Via F. Turati, 52 Cerro Maggiore Lumbardy, 20023, Cerro Maggiore",45.6010077,8.9480630,other,,ziv
Bowling Space,"Via Novara, 15 Milan 20147, Milan",45.4683834,9.1283405,other,,ziv
Bowling Treviso (Lancenigo),"Bowling Treviso, Via Alfred Nobel, 32, 31020 Lancenigo TV Lancenigo TV, 31020, Lancenigo",45.7230121,12.2502386,other,,ziv
Bowling Triangolo,"1/c Via Romanino Triangolo di Cavernago Lombardia, 24050, Triangolo di Cavernago",45.6169963,9.7783901,other,,ziv
Bulli e Pupe,"Viale Regina Margherita 199 Rimini Emilia-Romagna, 47924, Rimini",44.0336714,12.6184815,other,,ziv
Central Park,"2 Via Fiume Gabicce Mare Marche, 61011, Gabicce Mare",43.9673425,12.7541523,other,,ziv
Central Park,"Viale Vespucci, 21/a Rimini Emilia Romagna, 47921, Rimini",44.0696644,12.5787469,other;taiko,,ziv
Centro Commerciale Bonola,"Via Giacomo Quarenghi, 23 Milano Lombardia, 20151, Milano",45.4655689,9.1300573,other,,ziv
Centro Commerciale Latina Fiori,"Viale M. L. Pietrosanti Latina Lazio, 04100, Latina",41.4653317,12.8907831,ddr;other,,ziv
Chat&Games,"Via Volturno 1, Castellana Grotte, Puglia, Italy Castellana Grotte Puglia, 70013, Castellana Grotte",40.8853362,17.1661811,other,,ziv
Cinelandia,"Via Giovanni Gentile, 3 Milano Lombardia, 20157, Milano",45.5096101,9.1282010,other,,ziv
Crazy Games,"Via Bafile, 270 Lido di Jesolo 30016, Lido di Jesolo",45.5025308,12.6352456,other;taiko,,ziv
Crazy Games,"Via Giuseppe Verdi 121 Lido di Jesolo Veneto, 30016, Lido di Jesolo",45.4877190,12.5984074,other,,ziv
Crazy Games - Surbo,"Via Rosanna Benzi Surbo 73010, Surbo",40.3762991,18.1473907,other;taiko,,ziv
Crazy games point,"Via Catira Santa Lucia Centro commerciale ""I portali"" San Giovanni la Punta Sicilia, San Giovanni la Punta",37.5845846,15.1054163,other,,ziv
Dollaro,"Viale Dante 163 Riccione Emilia-Romagna, 47838, Riccione",44.0070213,12.6522915,other,,ziv
Dollaro Terrybell,"Viale Romagna 167 Milano Marittima 48015, Milano Marittima",44.2757975,12.3487803,other,,ziv
Evolution arcade,"Piazza della Vittoria, 24 Spoleto Umbria, 06049, Spoleto",42.7579661,12.7286489,other,,ziv
Excalibur,"Viale Regina Elena 99 Rimini Emilia-Romagna, 47921, Rimini",44.0571626,12.5918616,other,,ziv
Family Entertainment Center,"Piazza Carducci 3 Lido di Jesolo Veneto, 30016, Lido di Jesolo",45.5037950,12.6396212,other,,ziv
Family Games,"Via Bafile 119 Lido di Jesolo Veneto, 30016, Lido di Jesolo",45.5043830,12.6407986,other,,ziv
Fantasy Park,"70 Via Ancona Via Ancona, 00055 Ladispoli RM Ladispoli Lazio, 00055, Ladispoli",41.9486550,12.0788525,other,,ziv
Globo Gioco,"Via Enrico Berlinguer, 48 Inside of Shopping Mall Globo Cornate D'adda Busnago, 20872, Cornate D'adda",45.6225696,9.4751501,ddr;other,,ziv
Happy Days,"Viale Filippo Corridoni 19 Riccione Emilia-Romagna, 47838, Riccione",44.0010905,12.6596302,other,,ziv
Holiday Attrazioni,"Viale Dante 189 Riccione Emilia-Romagna, 47838, Riccione",44.0079931,12.6510157,other,,ziv
Hollywood Kart Campania,"Strada Statale Sannitica, Località Aurno, 87 Centro Commerciale Campania Marcianise Campania, 81025, Marcianise",41.0030913,14.3265581,other,,ziv
Joka centre costaverde,"Marina di Montenero Molise, 86036, Marina di Montenero",42.0629911,14.7778930,other,,ziv
Joy Village,"Joy Village Loc. Amérique, 125 11020 QUART (AO) Aosta Aosta, 11020, Aosta",45.7407720,7.3718610,other,,ziv
JoyVillage,"Via fratelli Rosselli, 8 Borgo San Dalmazzo 12011, Borgo San Dalmazzo",44.3296811,7.4885559,other,,ziv
"KING CENTER, Torino","242 Via Monginevro Turin Piedmont, 10142, Turin",45.0646564,7.6204565,other,,ziv
Las Vegas,"Via della Repubblica 25 Misano Adriatico Emilia Romagna, 47843, Misano Adriatico",43.9788402,12.6990795,other;taiko,,ziv
Las Vegas,"Viale Regina Margherita 167 Rivazzurra Emilia-Romagna, 47924, Rivazzurra",44.0360072,12.6156875,other,,ziv
Levicoland,"Traversa Lido 5 Levico Terme Trentino - Alto Adige, 38056, Levico Terme",46.0081739,11.2909412,other,,ziv
LOG Lot Of Games,"Via Triboniano Milano Lombardia, 20156, Milano",45.5142751,9.1038840,ddr;other,,ziv
Marebello,"Viale Regina Margherita 12 Marebello Emilia-Romagna, 47924, Marebello",44.0430588,12.6077295,other,,ziv
Maxim 2,"Via Bafile 48 Lido di Jesolo Veneto, 30016, Lido di Jesolo",45.5055423,12.6432413,other,,ziv
"Maximo, Centro Commerciale","16 Piazza Gabriella Ferri Roma Lazio, 00143, Roma",41.8070477,12.4855752,other,,ziv
Mazzini Bowling,"Via Monte Rosa Grosseto Toscana, 58100, Grosseto",42.7741408,11.1068988,other,,ziv
Messico e Nuvole,"Viale Regina Elena 209 Rimini Emilia Romagna, 47924, Rimini",44.0495944,12.5999022,ddr;other,,ziv
Mr. Alan,"Via Silvio Trentin, 42 A Lido di Jesolo Veneto, 30016, Lido di Jesolo",45.4960053,12.6158694,other,,ziv
Multiplex Albenga,"Regione Torre Pernice, 47 Albenga Savona, 17031, Albenga",44.0697731,8.1701051,other,,ziv
Multisala Century Cineci,"Via Alcide De Gasperi 2/C Sant'Agata Bolgnese (BO) 40019, Sant'Agata Bolgnese (BO)",44.6570577,11.1380392,other,,ziv
Nemiex,"Viale Piemonte, 41 Cologno Monzese MI, 20093, Cologno Monzese",45.5244263,9.2695451,other,,ziv
New Games - Central Park -,"16 Via Bruxelles Pesaro Marche, 61121, Pesaro",43.9211387,12.8999948,other,,ziv
New Park,"Via Paolo Mantovani Genova Liguria, 16149, Genova",44.4134284,8.8796038,ddr;other,,ziv
Paradise Play Drink & Food,"Via Emilia Romagna 15/17 Monsano Marche, 60030, Monsano",43.5623881,13.2777825,gitadora;other,,ziv
"Parco De' Medici, The Space Cinema","Viale Parco De' Medici Roma Lazio, 00118, Roma",41.8153777,12.4111283,other,,ziv
Parco giochi Pineta del Passetto,"Piazza IV Novembre Ancona Marche, 60123, Ancona",43.6161356,13.5328981,other,,ziv
Parco Giochi Steinhaus,"Via Lungo Saline SNC Cagliari 09126, Cagliari",39.2024443,9.1608898,other,,ziv
Planet Games,"Strada Statale 16 Fasano Puglia, 72015, Fasano",40.8269623,17.3819775,other,,ziv
Play Stop Sala Slot,"6 Via Mirabella Montebello della Battaglia Lombardia, 27054, Montebello della Battaglia",45.0000268,9.0713269,other,,ziv
PlayCity,"9 Via Giovanni Ansaldo Milano Lombardia, 20126, Milano",45.5225326,9.2160871,other,,ziv
PlayCity,"Via Fortunato Postiglione, 1 Moncalieri 10024, Moncalieri",44.9762138,7.7080572,other,,ziv
Playcity,"Via del Cavallaccio, 3 Firenze 50142 , Firenze",43.7725871,11.1894062,other,,ziv
PLAYCITY | Le Vele & Millennium,"Via Delle Serre SNC Quartucciu 09044, Quartucciu",39.2448423,9.1622760,other,,ziv
PLAYCITY | Polo Commerciale La Corte Del Sole,"SS 131ex Sestu 09028, Sestu",39.3047574,9.0662222,other,,ziv
Pyramid,"Viale Regina Margherita 141 Rivazzurra Emilia-Romagna, 47924, Rivazzurra",44.0389357,12.6122067,other,,ziv
Sala Giochi,"Viale D'Annunzio 133 Riccione Emilia-Romagna, 47838, Riccione",44.0152810,12.6428181,other,,ziv
Sala Giochi,"Viale Dante 95 Riccione Emilia-Romagna, 47838, Riccione",44.0044654,12.6556102,other,,ziv
Sala Giochi,"Viale Regina Elena 177 Rimini Emilia-Romagna, 47921, Rimini",44.0519574,12.5972737,other,,ziv
Sala Giochi 2000,"Viale Antonio Gramsci 58 Riccione RN, 47838, Riccione",44.0006600,12.6628373,other,,ziv
Sala Giochi Central Park,"Viale Virgilio, 40 Lido Adriano 48122, Lido Adriano",44.4116429,12.3088878,other,,ziv
Sala Giochi Doro,"Via Francesconi, 10 Caorle Venice, 30021, Caorle",42.1471145,14.3481445,other,,ziv
Sala Giochi Doro,"Via Francesconi, 10, Caorle, Venice, 30021",45.5990954,12.8866464,other,,ziv
Sala Giochi Eldorado,"Via Trentino 1 Verona Veneto, 37060, Verona",45.4398690,10.8637190,other,,ziv
Sala Giochi Florida Erbusco,"Via Rovato 44 Villa Pedergnano Lombardia, 25030, Villa Pedergnano",45.5799342,10.0004983,other,,ziv
Sala Giochi Gaming Pontedera,"Via Tosco-Romagnola Pontedera Toscana, 56025, Pontedera",43.6673943,10.6484127,ddr;other,,ziv
Sala Giochi Golden Gate,"Viale G. Carducci, 306A Cesenatico 47042, Cesenatico",44.1789686,12.4281494,other;taiko,,ziv
Sala Giochi Hippy,"Viale Matteotti 50 Milano Marittima 48015, Milano Marittima",44.2804351,12.3479784,other,,ziv
Sala Giochi La Bussola,"Via Dante 129 Cattolica Emilia Romagna, 47841, Cattolica",43.9670731,12.7301319,other,,ziv
Sala Giochi LA SIRENETTA,"Via Bafile, 416 Lido di Jesolo VE Venezia, 30016, Lido di Jesolo VE",45.4997560,12.6278827,other,,ziv
Sala Giochi Miss America,"Viale delle Querce, 49 Lido degli Estensi 44029, Lido degli Estensi",44.6640517,12.2442171,other,,ziv
Sala Giochi Per Famiglie,"Via dal Moro Luigi, 2 Caorle Venice, 30021, Caorle",45.5978737,12.8856754,other,,ziv
Sala Giochi Piazza Aurora,"Piazza Aurora 17 Lido di Jesolo Veneto, 30016, Lido di Jesolo",45.4938131,12.6118326,other,,ziv
Sala Giochi Scacco Matto,"Viale Forlì 14 Milano Marittima 48015, Milano Marittima",44.2774836,12.3494750,other,,ziv
Sala Giochi Sport,"Via Guidi Paolo, 31 Bellaria-Igea Marina Rimini, 47814, Bellaria-Igea Marina",44.1470225,12.4630078,other,,ziv
Sala Giochi Top Ten,"23 Lungomare Nazario Sauro Pesaro Marche, 61121, Pesaro",43.9121175,12.9214009,ddr;other,,ziv
SalaGiochi VIRTUAPLANET,"Via Levantina, 166, 30016 Jesolo VE, Italy Jesolo 30016, Jesolo",44.0708138,12.5216675,other,,ziv
Six Strike Bowling,"Via Baione Monopoli Puglia, 70043, Monopoli",40.9595304,17.2680723,other,,ziv
Sonic Bowling,"Via Don Carlo d'Orello Latina Lazio, 04100, Latina",41.4594544,12.9228194,ddr;other,,ziv
Sport Park,"Via Dante Alighieri, 150 Fano Marche, 61032, Fano",43.8449381,13.0261000,other,,ziv
Strapark,"Via Giovan Battista Velluti 7 Piediripa di Macerata Marche, 62100, Piediripa di Macerata",43.2768226,13.5013176,other,,ziv
Strike!,"Via Giuseppe Verdi 78 Lido di Jesolo Veneto, 30016, Lido di Jesolo",45.4897742,12.6024332,other,,ziv
TamTam,"Via dei Mille 17 Lido di Jesolo Veneto, 30016, Lido di Jesolo",45.4866640,12.5959296,other,,ziv
TerryBell,"Viale Regina Elena 29 Rimini Emilia-Romagna, 47900, Rimini",44.0614984,12.5875321,other,,ziv
TerryBell SuperStar,"Viale Principe di Piemonte 6 Rimini Emilia-Romagna, 47924, Rimini",44.0316686,12.6217142,other,,ziv
The Dude Bowling,"40 Via Lombardia Mazzanta Toscana, 57016, Mazzanta",43.3232381,10.4649389,other,,ziv
Top Bowling,"Via Antoniana, 218 Padova Campodarsego, 35011, Padova",45.4987220,11.9072365,other,,ziv
Top Games,"57E Via Genova Olbia Sardegna, 07026, Olbia",40.9219604,9.5033007,other,,ziv
Venusian,"Viale Amerigo Vespucci 85 Rimini Emilia-Romagna, 47921, Rimini",44.0655404,12.5829548,other,,ziv
XGamer Interactive Bowling,"Str. Torino, 31 Torino Piemonte, 10092 , Torino",45.0260557,7.5922608,other,,ziv
003 Rakuichi Kaido Hakozaki (003楽市街道箱崎店),"5-18, Hakozaki, Higashi-ku Fukuoka Fukuoka, 812-0053, Fukuoka",33.6244077,130.4198860,other,,ziv
Ace lane Katata,"日本、〒520-0241 滋賀県大津市今堅田２丁目４０−１０ Katata Shiga, 520-0241, Katata",35.1243489,135.9193756,chunithm;ddr;gitadora;jubeat;maimai_dx;ongeki;other;popn;taiko,,ziv
Adores Asakusa (アドアーズ浅草店),"Hulic Asakusa 1-chome (ヒューリック浅草一丁目) B1F/1F 1-42-4, Asakusa Taito City Tokyo, 111-0032, Taito City",35.7130876,139.7934012,gitadora;iidx;jubeat;other;popn;sdvx;taiko,,ziv
Adores Sapporo Kita 42-jo (アドアーズ 札幌北42条店),"1-1, North 42 East 7, Higashi-ku Shima Bldg. (嶋ビル) 2F Sapporo Hokkaido, 007-0842, Sapporo",43.1119349,141.3551937,chunithm;gitadora;iidx;maimai_dx;nostalgia;other;taiko,,ziv
AEON Sagamihara Game Corner (イオン相模原ゲームコーナー),"AEON Sagamihara Shopping Center (イオン相模原ショッピングセンター) 3F 2-10-1, Kobuchi, Minami-ku Sagamihara Kanagawa, 252-0344, Sagamihara",35.5534974,139.4165783,other,,ziv
Akafoo Amusement ZIATH Kamiooka (アカフーアミューズメント ジアス上大岡店),"akafoo park Main Bldg. (アカフーパーク本館) 2F 2-1-28, Kamiookanishi, Konan-ku Yokohama Kanagawa, 233-0002, Yokohama",35.4066651,139.5961028,other,,ziv
Amesement World LaLaport Numazu (アミューズメントワールド ららぽーと沼津店),"LaLaport Numazu (ららぽーと沼津) 3F 301-3, Higashi-Hara, Higashi-Shiji Numazu Shizuoka, 410-0302, Numazu",35.1186923,138.8403872,other,,ziv
AmiPara Hiezu (アミパラ 日吉津店),"AEON MALL Hiezu West Bldg. (イオンモール日吉津西館) 2F 1160-1, Hiezu Hiezu Tottori, 689-3553, Hiezu",35.4458994,133.3852617,other,,ziv
AmiPara Kokoja (アミパラ ここじゃ店),"6-10-19, Saijoshitami Higashihiroshima Hiroshima, 739-0047, Higashihiroshima",34.4075107,132.7153983,other,,ziv
AmiPara Kumiyama (アミパラ久御山店),"337, Moriouchi Kumiyama Kyoto, 613-0024, Kumiyama",34.8953282,135.7477913,chunithm;iidx;maimai_dx;other,,ziv
AmiPara Kurashiki (アミパラ 倉敷店),"624-1, Nishinakashinden Kurashiki Okayama, 710-0833, Kurashiki",34.5834772,133.7714026,other,,ziv
AmiPara Okayama (アミパラ 岡山店),"1-13-8, Aoe, Kita-ku Okayama Okayama, 700-0941, Okayama",34.6361389,133.9199615,other,,ziv
AmiPara Shimonoseki (アミパラ下関店),"1-42-48, Chofu-Saigawa Shimonoseki Yamaguchi, 752-0928, Shimonoseki",34.0254335,131.0074561,other,,ziv
AmiPara Technoland (アミパラ テクノランド店),"1-7-12, Yamatomachi, Kita-ku Okayama Okayama, 700-0808, Okayama",34.6791711,133.9274775,chunithm;ddr;drs;gitadora;iidx;maimai_dx;ongeki;other;popn;sdvx;taiko,,ziv
Amuse Factory AXE,"1-1-3 Namba, Chuo-ku Osaka-shi Osaka-fu, 542-0076, Osaka-shi",34.6680349,135.5030858,other,,ziv
Amuse JoyBox,"首里儀保町3-16 那覇市 沖縄県, 3-16, 那覇市",26.2246033,127.7194092,iidx;other,,ziv
Amuse Park Major Road 24 Mitsuke EAST (メジャーロード24見附店EAST),"4-12-20, Imamachi Mitsuke Niigata, 954-0111, Mitsuke",37.5435389,138.8917703,other,,ziv
Amuse Park Major Road 24 Mitsuke WEST (メジャーロード24見附店WEST),"516-1, Kamishindenmachi Mitsuke Niigata, 954-0112, Mitsuke",37.5430099,138.8916186,other,,ziv
Amuse Park Major Road Kurosaki (メジャーロード 黒埼店),"3303, Yamada, Nishi-ku Niigata Niigata, 950-1101, Niigata",37.8682181,139.0172863,other,,ziv
Amusement Beetle 2 (アミューズメントビートル2),"603-3, Minamihatajikimachi Miyoshi Hiroshima, 728-0017, Miyoshi",34.8028033,132.8808895,other,,ziv
Amusement Park MG Asoda (アミューズメントパークMG朝生田店),"Daiichi Driving College Bldg. (第一自動車教習所ビル) 1F 4-4-32, Asodamachi Matsuyama Ehime, 790-0952, Matsuyama",33.8227320,132.7635058,other,,ziv
Amusement Park MG Fuji GRAND Anan (アミューズメントパークMGフジグラン阿南店),"Fuji GRAND Anan (フジグラン阿南) 2F 10, Tsuchikura, Ryokecho Anan Tokushima, 774-0011, Anan",33.9205236,134.6657627,other,,ziv
Amusement Park MG Soja (アミューズメントパークMG総社店),"Tenmaya Happy Town LIVE Soja (天満屋ハピータウンリブ総社店) 3F 187, Kadota Soja Okayama, 719-1156, Soja",34.6766070,133.7419537,other,,ziv
Amusement Park MG Tonosho (アミューズメントパークMG土庄店),"Marunaka Shintonosho (マルナカ新土庄店) 1360-10, Kashima-Ko Tonosho Kagawa, 761-4101, Tonosho",34.4761235,134.1794623,other,,ziv
Amusement Park Sakura Yokaichi (アミューズメントパークさくら 八日市店),"Shopping Plaza apia (ショッピングプラザアピア) 4F 3-1, Yokaichi-Hamanocho Higashiomi Shiga, 527-0011, Higashiomi",35.1146779,136.1971086,other,,ziv
Amusement Park SAM-1 (アミューズメントパークサムワン),"42-1, Botanyama, Numabe Murata Miyagi, 989-1321, Murata",38.0630693,140.7442845,other,,ziv
Amusement Park Warehouse Mihashi (ウェアハウス 三橋店),"6-955-1, Mihashi, Nishi-ku Saitama Saitama, 331-0052, Saitama",35.9158000,139.5958037,other,,ziv
Amusement PLABI Kashima Everia (アミューズメントPLABI鹿島エブリア店),"Kashima Shopping Center Everia (鹿島ショッピングセンターエブリア) 2F 5, Hiwatashi, Kashimamachi-Komoda Iwaki Fukushima, 971-8133, Iwaki",36.9934861,140.9046965,other,,ziv
Amusement Plaza Marushin (アミューズメントプラザ マルシン),"4-609, Ikedacho Kariya Aichi, 448-0044, Kariya",35.0069200,137.0092457,chunithm;ongeki;other;taiko,,ziv
Amusement Plaza WIDE (アミューズメントプラザ ワイド),"16-2, Nibanwarikami, Nawamachi Tokai Aichi, 476-0002, Tokai",35.0652785,136.9118346,other,,ziv
AMUSEMENT RAVE FACTORY MARS,"6 Chome-106 Chojamachi, Naka Ward Yokohama Kanagawa, 231-0033, Yokohama",35.4429654,139.6309787,other,,ziv
Amusement Space Fantasia (ファンタジア店),"FIERA di PROVA (フィエラ・ディ・プローバ) 7F 6-21-1, Midorii, Asaminami-ku Hiroshima Hiroshima, 731-0103, Hiroshima",34.4733011,132.4868637,other,,ziv
Amusement Space GAME APPLE (アップル 新北街道店),"5-13-4, Kutsunoya, Aoi-ku Shizuoka Shizuoka, 420-0816, Shizuoka",34.9983095,138.4134684,other,,ziv
Amusement Space Tarofofo (AMスペースタロフォフォ),"5-21, Tanakacho Nishinomiya Hyogo, 662-0973, Nishinomiya",34.7366929,135.3365340,other,,ziv
Amuseum Toyosu (アミュージアム豊洲店),"Urban Dock LaLaport Toyosu (アーバンドックららぽーと豊洲) 3F 2-4-9, Toyosu Koto City Tokyo, 135-0061, Koto City",35.6547507,139.7919282,other;taiko,,ziv
AMパークイオンモール奈良登美ヶ丘店,奈良県生駒市鹿畑町３０２７イオンモール専門店街３階,34.7260080,135.7505666,chunithm;ddr;iidx;maimai_dx;other;sdvx,sdvx_vm,allnet;eagate;ziv
APINA Gamagori (アピナ蒲郡店),"Claspo Gamagori (クラスポ蒲郡) 2F 1-26, Asai-shinden, Kashima-cho Gamagori Aichi, 443-0037, Gamagori",34.8108292,137.1930078,other,,ziv
Apina Hiroshima Alpark (アピナ広島アルパーク),"Alpark East 3F 2-27-14 Kusatsushinmachi, Nishi-ku Hiroshima-shi Hiroshima-ken, 733-0834, Hiroshima-shi",34.3731953,132.3943414,other,,ziv
APINA Joetsu Interchange (アピナ上越インター店),"3439, Tomioka Joetsu Niigata, 943-0173, Joetsu",37.1530655,138.2560088,other,,ziv
APINA Nagano Murayama (アピナ長野村山店),"502-1, Murayama Nagano Nagano, 381-0011, Nagano",36.6678957,138.2633812,other,,ziv
APINA Yoshikawa Minami (アピナ吉河美南店),"AEON TOWN Yoshikawa Minami East Block (イオンタウン吉川美南東街区) 2F 3-25-1, Minami Yoshikawa Saitama, 342-0038, Yoshikawa",35.8658467,139.8589601,other,,ziv
Apollo Game Center Okinosu (アポロゲームセンター沖洲),"1-93, Minamiokinosu Tokushima Tokushima, 770-0874, Tokushima",34.0671544,134.5828497,other,,ziv
Asobi Douraku Kase (Asobi Douraku嘉瀬店),"2488-1, Oaza-Nakabaru, Kasemachi Saga Saga, 840-0861, Saga",33.2422116,130.2564120,other,,ziv
Asobi no Hiroba Kashima (あそびのひろば 鹿嶋店),"SHOPPING CENTER CHEERIO (ショッピングセンターチェリオ) 1F 290-1, Kyuchu Kashima Ibaraki, 314-0031, Kashima",35.9595836,140.6437444,other,,ziv
Astro Bowl (アストロボウル),"20, Chikaramachi Iida Nagano, 395-0032, Iida",35.5145448,137.8285602,other,,ziv
Athena Nipponbashi (アテナ日本橋),"2-1-22 Nanbanaka, Naniwa-ku Osaka-shi Osaka-fu, 556-0011, Osaka-shi",34.6629257,135.5050492,other,,ziv
Back to the arcade,"419-31 Kanegasaku Matsudo Chiba, 270-2251, Matsudo",35.7984885,139.9664694,other,,ziv
Batting Center You-Big (バッティングセンター遊Big),"6-6, Futamatase-Shinmachi, Higashi-ku Fukuoka Fukuoka, 812-0065, Fukuoka",33.6108816,130.4392460,other,,ziv
Bazaar Town Maizuru Kids World (バザールタウン舞鶴キッズワールド),"Bazaar Town Maizuru (バザールタウン舞鶴) 200-5, Isazu Maizuru Kyoto, 624-0816, Maizuru",35.4404918,135.3324087,other,,ziv
BE-COME Narisawa (ビーカム成沢店),"5-3-27, Narisawanishi Yamagata Yamagata, 990-2339, Yamagata",38.2085531,140.3177497,other,,ziv
Beaver World Minoh Funaba (ビーバーワールド 箕面船場店),"3-13-11, Senbahigashi Minoh Osaka, 562-0035, Minoh",34.8228061,135.4944770,other,,ziv
Big Bang AmiPuri (ビックバン アミぷり),"1-4-10, Okaido Matsuyama Ehime, 790-0004, Matsuyama",33.8373687,132.7699273,other,,ziv
BIG BANG Hakodate (BIG BANG 函館店),"TEXAS Hakodate 3F 9-3, Yanagawa-cho Hakodate Hokkaido, 040-0015, Hakodate",41.7890392,140.7443941,other,,ziv
BIGBANG Kitami (BIGBANG北見店),"7-446-1, Chuo-Miwa Kitami Hokkaido, 090-0837, Kitami",43.7971029,143.8513319,other,,ziv
BINGO Ichinoseki (BINGO一関店),"92-1, Nakano, Yamame Ichinoseki Iwate, 021-0053, Ichinoseki",38.9337339,141.1183496,other,,ziv
Blackjack Higashihiroshima (ブラックジャック東広島),"Kamo Bowl (賀茂ボール) 1F 6120, Saijocho-Misonou Higashihiroshima Hiroshima, 739-0024, Higashihiroshima",34.4141930,132.7533469,other,,ziv
Bowling Kingdom Sport Minami-Alps (ボウリング王国スポルト南アルプス店),"1224-10, Ogasawara Minami-Alps Yamanashi, 400-0306, Minami-Alps",35.6156111,138.4658339,other,,ziv
Bowling Kingdom Sport Taira (ボウリング王国スポルト平店),"61-3, Shogatsumachi, Taira Iwaki Fukushima, 970-8026, Iwaki",37.0553056,140.8983687,other,,ziv
BOX.Q3,名古屋市中村区則武1-16-8第一Uコーポ1F,35.1731010,136.8766030,iidx;other;popn,iidx_lm,eagate;ziv
Bypass Leisure Land Fujie Main Building (バイパスレジャーランド藤江本館),"2-41, Fujie-minami Kanazawa Ishikawa, 920-0346, Kanazawa",36.5839655,136.6215456,other,,ziv
CAPCO CIRCUS Niigata Higashi (カプコサーカス 新潟東店),"AEON Niigata Higashi (イオン新潟東店) 3-1-2, Ogatahoncho, Higashi-ku Niigata Niigata, 950-0813, Niigata",37.9258179,139.1152604,other,,ziv
Capsule Nagayama (カプセル永山),"Humax Pavillion Nagayama (ヒューマックスパビリオン永山) 1F/6F 1-3-4, Nagayama Tama Tokyo, 206-0025, Tama",35.6314418,139.4478820,other,,ziv
Cat's Eye Eniwa (キャッツアイ 恵庭店),"2-9-1, Sumiyoshicho Eniwa Hokkaido, 061-1441, Eniwa",42.8759043,141.5834673,other,,ziv
Cat's Eye Higashinaebo (キャッツアイ 東苗穂店),"1-25, 6-2, Higashinaebo, Higashi-ku Sapporo Hokkaido, 007-0806, Sapporo",43.0923743,141.4069033,other,,ziv
Cat's Eye Miyanosawa (キャッツアイ 宮の沢店),"11-15, 5-2, Nishi-miyanosawa, Teine-ku Sapporo Hokkaido, 006-0005, Sapporo",43.0963770,141.2575156,chunithm;iidx;maimai_dx;other;taiko,,ziv
Cat's Eye Munich Bridge (キャッツアイ ミュンヘン大橋店),"1-21, 1-23, Hiragishi, Toyohira-ku Sapporo Hokkaido, 062-0931, Sapporo",43.0139130,141.3550061,other,,ziv
Cat's Eye Sakaedori (キャッツアイ 栄通店),"19-11-43, Sakaedori, Shiroishi-ku Sapporo Hokkaido, 003-0021, Sapporo",43.0252274,141.4364871,other,,ziv
Cat's Eye Shinkawa (キャッツアイ 新川店),"1-7, 2-7, Shinkawa, Kita-ku Sapporo Hokkaido, 001-0922, Sapporo",43.1006982,141.3103618,other,,ziv
Cat's Eye Shinoro (キャッツアイ 篠路店),"1-4-6-30, Shinoro, Kita-ku Sapporo Hokkaido, 002-8021, Sapporo",43.1406579,141.3571776,other,,ziv
Chat Town Kitakami (チャットタウン北上店),"Ezuriko Shopping Center PAL (江釣子ショッピングセンターパル) 2F 68, 19 Chiwari, Kitaoniyanagi Kitakami Iwate, 024-0072, Kitakami",39.2927572,141.0940862,other,,ziv
CHICKIDS Sunny Axis Ino (チッキッズサニーアクシスいの店),"205 Sunny Axis Ino (サニーアクシスいの店) 2F Ino, Agawa Kochi, 781-2110, Ino, Agawa",33.5505914,133.4422642,other,,ziv
Comtech Square (コムテックスクエア),"1-16-8, Kanayama, Naka-ku Nagoya Aichi, 460-0022, Nagoya",35.1400000,136.9000000,chunithm;ddr;gitadora;iidx;jubeat;maimai_dx;nostalgia;ongeki;other;popn;sdvx;taiko,,ziv
Cosmo Fantasia Street (コスモファンタジア・ストリート),"Yokohama Cosmo World (よこはまコスモワールド) 2-8-1, Shinko, Naka-ku Yokohama Kanagawa, 231-0001, Yokohama",35.4550791,139.6365054,other;popn;taiko,,ziv
Denyu Park Shibushi (電遊パーク志布志店),"100-1, Shibushicho-Anraku Shibushi Kagoshima, 899-7104, Shibushi",31.4695129,131.0855043,other,,ziv
Dorama Shimokitazawa PART1 (ドラマ下北沢パート1店),"2-12-15, Kitazawa Setagaya City Tokyo, 155-0031, Setagaya City",35.6606405,139.6683327,other;taiko,,ziv
Dream Planet Imaike (ドリームプラネット今池店),"5-10-1, Imaike, Chikusa-ku Don Quijote Imaike (ドン・キホーテ今池店) 3F Nagoya Aichi, 464-0850, Nagoya",35.1684057,136.9371981,other,,ziv
ENTERTAINMENT FIELD ららぽーとEXPOCITY店,大阪府吹田市千里万博公園２−１ららぽーとＥＸＰＯＣＩＴＹ３Ｆ,34.8054029,135.5354552,chunithm;maimai_dx;other,,allnet;ziv
Fantasic Land Nishiharu (ファンタジックランド西春),"3926-10, Shikata-Wakamiya Yoshizuya Y-Store Nishiharu (ヨシヅヤYストア西春店) 5F Kitanagoya Aichi, 481-0004, Kitanagoya",35.2448217,136.8719968,chunithm;maimai_dx;ongeki;other;taiko,,ziv
Fantasy Kids Resort Shin-Sapporo (ファンタジーキッズリゾート新さっぽろ店),"Sunpiazza (サンピアザ) 1F/2F 7-2, 2-5, Atsubetsu-Chuo, Atsubetsu-ku Sapporo Hokkaido, 004-0052, Sapporo",43.0377662,141.4723893,other,,ziv
Fantasy Plaza Asahikawa (ファンタジープラザ旭川店),"MEGA Don Quijote Asahikawa 2F 1-8-1-65, Shunkou Asahikawa Hokkaido, 070-0871, Asahikawa",43.7984435,142.3783236,other,,ziv
Fantasy Plaza Tomakomai (ファンタジープラザ苫小牧店),"MEGA Don Quijote Tomakomai (MEGAドン・キホーテ苫小牧店) 2F 1-6-1, Kiba-cho Tomakomai Hokkaido, 053-0033, Tomakomai",42.6411805,141.5953399,other,,ziv
Fukuyama Metropolis (福山メトロポリス),"24-1, Ichimonjicho Fukuyama Hiroshima, 721-0953, Fukuyama",34.4656999,133.4074276,other,,ziv
G-pala Hakata (G-pala博多),"COMMERCIAL MALL Hakata (コマーシャルモール博多) 2F 2-6-40, Tokojimachi, Hakata-ku Fukuoka Fukuoka, 812-0896, Fukuoka",33.5765918,130.4363018,other,,ziv
G-pala Izumo (G-pala出雲店),"784, Watarihashicho Izumo Shimane, 693-0004, Izumo",35.3659977,132.7434937,other,,ziv
G-stage浜町,長崎県長崎市浜町2-26,32.7448472,129.8775421,chunithm;gitadora;iidx;maimai_dx;ongeki;other;popn;sdvx,iidx_lm;popn_pikapika;sdvx_vm,allnet;eagate;ziv
Game Corner Chocolat (ゲームコーナーショコラ),"Flora SAGAE (フローラ・SAGAE) 1F 2-8-3, Honcho Sagae Yamagata, 991-0031, Sagae",38.3763018,140.2760379,other,,ziv
Game Corner Kujira (ゲームコーナー「くじら」),"Toba Seaside Hotel (鳥羽シーサイドホテル) 6F 1084, Arashimacho Toba Mie, 517-0021, Toba",34.4789300,136.8516759,other,,ziv
Game Enoki 2 (ゲームえの木2),"3-104, Asahimachi Kochi Kochi, 780-0935, Kochi",33.5557989,133.5061265,other,,ziv
Game Enoki Takamatsu (ゲームえの木高松店),"3-3-3, Fujitsukacho Takamatsu Kagawa, 760-0071, Takamatsu",34.3358965,134.0537378,other,,ziv
GAME LAND Chiba Newtown (ゲームランド 千葉ニュータウン店),"AEON MALL Chiba Newtown Mall Bldg. (イオンモール千葉ニュータウン モール棟) 3F 3-2, Chuokita Inzai Chiba, 270-1350, Inzai",35.8021413,140.1121753,other,,ziv
Game Land Joy Jungle Ayapani Bowl (ジョイジャングルあやぱにボウル店),"Ishigaki Ayapani Bowl (石垣あやぱにボウル) 730, Arakawa Ishigaki Okinawa, 907-0024, Ishigaki",24.3550291,124.1467652,other,,ziv
Game Land Joy Jungle TOMITON (ジョイジャングルとみとん店),"Toyosaki Lifestyle Center TOMITON (豊崎ライフスタイルセンターTOMITON) 2F 1-411, Toyosaki Tomigusuku Okinawa, 901-0225, Tomigusuku",26.1585733,127.6592455,other,,ziv
GAME LAND Kusatsu (ゲームランド草津店),"AEON MALL Kusatsu Mall Bldg. (イオンモール草津モール棟) 3F 300, Shinhamacho Kusatsu Shiga, 525-0067, Kusatsu",34.9983172,135.9130084,other,,ziv
GAME LAND Morioka (ゲームランド盛岡店),"AEON MALL Morioka (イオンモール盛岡) 2F 4-7-1, Maegata Morioka Iwate, 020-0148, Morioka",39.7110857,141.0982527,other,,ziv
Game Land Prego Kanegasaki (ゲームランドプレーゴ金ヶ崎店),"AEON Super Center Kanegasaki (イオンスーパーセンター金ヶ崎店) 165, Aramaki, Mikajiri Kanegasaki Iwate, 029-4502, Kanegasaki",39.2198513,141.1010655,other,,ziv
GAME LAND Shin-Sapporo (ゲームランド新さっぽろ店),"Qualite-Prix Shin-Sapporo (カテプリ新さっぽろ) 3F 7-3, 2-5, Atsubetsu-Chuo, Atsubetsu-ku Sapporo Hokkaido, 004-0052, Sapporo",43.0376377,141.4731366,other,,ziv
GAME LAND Tsugaru Kashiwa (ゲームランドつがる柏店),"AEON MALL Tsugaru Kashiwa Main Bldg. (イオンモールつがる柏本館) 2F 41, Ikuyo, Kashiwaise Tsugaru Aomori, 038-3107, Tsugaru",40.8014657,140.4170920,other,,ziv
GAME Parfait Hagi (GAMEパフェ萩店),"Hagi Royal Intelligent Bldg. (萩ロイヤルインテリジェントビル) 2F 3000-5, Chinto Hagi Yamaguchi, 758-0011, Hagi",34.4165597,131.4101009,other,,ziv
Game Park Galaxy Nishimachi (げーむぱーくぎゃらくしー 西町店),"6-1-1, Nishimachiminami, Nishi-ku AEON Sapporo Nishimachi (イオン札幌西町店) 3F Sapporo Hokkaido, 063-0062, Sapporo",43.0780730,141.2888789,other;popn;taiko,,ziv
Game Spot 207 (ゲームスポット207),"1655-3, Kanebomachi Takaoka Toyama, 933-0856, Takaoka",36.7323689,137.0024569,other,,ziv
Game Spot 306 (ゲームスポット306),"2-267-5, Showamachi Takaoka Toyama, 933-0946, Takaoka",36.7552612,137.0011168,other,,ziv
GAME WISDOM (ゲームウィズダム),"162-3, Kashiwanomori Iizuka Fukuoka, 820-0011, Iizuka",33.6432899,130.7033441,other,,ziv
Games IMON,"IMON Bowl 1F 8-24-12, Nishi-Kamata Ota-ku Tokyo, 144-0051, Ota-ku",35.5597382,139.7142567,other,,ziv
GEO Game Corner Nishihara (ゲオ・ゲームコーナー西原店),"GEO Nishihara (ゲオ 西原店) 2556, Nishihara Urasoe Okinawa, 901-2104, Urasoe",26.2524686,127.7365165,other,,ziv
GiGO Abeno Q's Mall (GiGOあべのキューズモール),"Abeno Q's Mall 3F Q-332 1-6-1 Abenosuji, Abeno-ku Osaka-shi Osaka-fu, 545-0052, Osaka-shi",34.6443919,135.5111432,other,,ziv
GiGO AEON MALL Kisogawa (GiGOイオンモール木曽川),"25-1, Minamiyatsugaike, Kuroda, Kisogawacho AEON MALL Kisogawa (イオンモール木曽川) 3F Ichinomiya Aichi, 493-0001, Ichinomiya",35.3504807,136.7737503,chunithm;maimai_dx;ongeki;other;taiko,,ziv
GiGO AEON TOWN Kanazawa Shimeno (GiGOイオンタウン金沢示野),"2-1, Toitanishi Kanazawa Ishikawa, 920-0058, Kanazawa",36.5791692,136.6159565,other,,ziv
GiGO AEON TOWN Kariya (GiGO イオンタウン刈谷),"1, Kyowa, Higashizakai-cho AEON TOWN Kariya (イオンタウン刈谷) Kariya Aichi, 448-0007, Kariya",35.0388207,137.0267581,chunithm;iidx;maimai_dx;ongeki;other;sdvx;taiko,,ziv
GiGO Akabane (GiGO 赤羽),"Daiichi Hayama Bldg. (第一葉山ビル) B1F 1-7-9, Akabane Kita City Tokyo, 115-0045, Kita City",35.7789698,139.7222632,other,,ziv
GiGO Akabane Ekimae (GiGO 赤羽駅前),"1-2-4, Akabane Kita City Tokyo, 115-0045, Kita City",35.7782235,139.7214894,other,,ziv
GiGO Akihabara Building 2 (GiGO秋葉原2号店),"1-15-1, Sotokanda Handa Bldg. 1F, 2F 千代田区 (Chiyoda-ku) 東京都 (Tokyo Metropolis), 101-0021, 千代田区 (Chiyoda-ku)",35.6977150,139.7714460,other,,ziv
GiGO Akihabara Building 5 (GiGO秋葉原5号館),"1-10-1, Sotokanda Yoshiba Musen Bldg. (吉葉無線ビル) Chiyoda-ku Tokyo, 101-0021, Chiyoda-ku",35.6987279,139.7706762,other,,ziv
GiGO Amagasaki Q's MALL (GiGOあまがさきキューズモール),"Amagasaki Q's MALL (あまがさきキューズモール) 4F 1-3-1, Shioe Amagasaki Hyogo, 661-0976, Amagasaki",34.7334751,135.4306324,other,,ziv
GiGO FESTIVAL WALK Soga (GiGOフェスティバルウォーク蘇我),"FESTIVAL WALK Amusement Bldg. (フェスティバルウォークアミューズメント棟) 1F Harbor City Soga (ハーバーシティ蘇我), 51-1, Kawasakicho, Chuo-ku Chiba Chiba, 260-0835, Chiba",35.5927252,140.1178555,other,,ziv
GiGO Fuji Mall Fukiage / GiGOフジモール吹上,"Fuji Mall Fukiage 2F 90−1, Fukuro Konosu Saitama, 〒369-0131, Konosu",36.0853149,139.4901466,chunithm;other;sdvx;taiko,,ziv
GiGO Ikebukuro Building 1 (GiGO 池袋1号館),"1-22-12, Higashiikebukuro Toshima City Tokyo, 170-0013, Toshima City",35.7299460,139.7160457,other,,ziv
GiGO Ikebukuro Building 2 (GiGO 池袋2号館),"Lagoon Ikebukuro Bldg. (ラグーン池袋ビル) B1F/B2F 1-21-1, Higashiikebukuro Toshima City Tokyo, 170-0013, Toshima City",35.7301423,139.7159310,other,,ziv
GiGO Ikebukuro Building 3 (GiGO 池袋3号館),"1-1-4, Higashiikebukuro Ikebukuro Hokushin Bldg. (池袋北辰ビル) 1F-8F Toshima City Tokyo, 170-0013, Toshima City",35.7299876,139.7133066,other,,ziv
GiGO Ito-Yokado Hachioji (GiGOイトーヨーカドー八王子),"Ito-Yokado Hachioji 3F 1426-1 Hazamamachi Hachioji Tokyo, 193-0941, Hachioji",35.7130527,139.3245041,chunithm;maimai_dx;ongeki;other,,ziv
GiGO Kasumigaura (GiGO霞ケ浦),"1473-1, Nishishiro Inashiki Ibaraki, 300-0726, Inashiki",35.9183173,140.4848754,other,,ziv
GiGO Kawaramachi OPA (GiGO 河原町オーパ),"Kawaramachi OPA (河原町オーパ) 7F 385, Komeyacho, Nakagyo-ku Kyoto Kyoto, 604-8026, Kyoto",35.0045369,135.7689527,other,,ziv
GiGO LECT Hiroshima (GiGOLECT広島),"LECT 2F 2-1-45, Oogi, Nishi-ku Hiroshima Hiroshima, 733-0831, Hiroshima",34.3730048,132.4067446,other,,ziv
GiGO Marugame (GiGO丸亀),"56-1, Horaicho Marugame Kagawa, 763-0062, Marugame",34.2948515,133.7852491,other,,ziv
GiGO Minamimachida GrandberryPark WonderTheater (GiGO南町田GBPシアター),"Wonder Theater (ワンダーシアター) 1F-H103 3-4-1, Tsuruma Machida Tokyo, 194-0004, Machida",35.5102457,139.4701708,other,,ziv
GiGO MOMO Terrace Kyoto Fushimi (GiGOMOMOテラス京都伏見),"MOMO Terrace Annex (MOMOテラス別館) 2F 32, Momoyamacho-Yamanoshita, Fushimi-ku Kyoto Kyoto, 612-8002, Kyoto",34.9366720,135.7939784,other,,ziv
GiGO Namba Ebisubashi (GiGOなんば戎橋),"3-8-22 Namba, Chuo-ku Osaka-shi Osaka-fu, 542-0076, Osaka-shi",34.6657804,135.5013585,other,,ziv
GiGO SEIYU Teine (GiGO西友手稲),"1-11, Maeda, Teine-ku Seiyu Teine (西友手稲店) 3F Sapporo Hokkaido, 006-0811, Sapporo",43.1203204,141.2451953,other,,ziv
GiGO Sendai KoronaWorld (GiGO 仙台コロナワールド),"Sendai KoronaWorld (仙台コロナワールド) 53-1, Aza-Tanakamae-Ichiban, Fukumuro, Miyagino-ku Sendai Miyagi, 983-0005, Sendai",38.2601803,140.9691292,other,,ziv
GiGO Shibuya (GiGO渋谷),"29-4, Udagawa-cho Zenmall Bldg. (ゼンモールビル) 1F-3F Shibuya-ku Tokyo, 150-0042, Shibuya-ku",35.6607755,139.6984297,other;taiko,,ziv
GiGO Shinjuku Kabukicho (GiGO 新宿歌舞伎町),"Daini Toa Kaikan (第二東亜会館) 1F 1-21-1, Kabukicho Shinjuku City Tokyo, 160-0021, Shinjuku City",35.6952334,139.7013759,other;taiko,,ziv
GiGO Sunspa Omura (GiGOサンスパおおむら),"663-3, Morizonomachi Ōmura Nagasaki, 856-0815, Ōmura",32.9219463,129.9376591,other,,ziv
GiGO Super ARCS Muroran Chuo (GiGOスーパーアークス室蘭中央),"Super ARCS Muroran Chuo 3F 3-1-8, Chuo-cho Muroran Hokkaido, 050-0083, Muroran",42.3158221,140.9758463,other,,ziv
GiGO Super Center TRIAL Kamiiso (GiGOスーパーセンタートライアル上磯),"Super Center TRIAL Kamiiso (スーパーセンタートライアル上磯店) 7-14-1, Nanaehama Hokuto Hokkaido, 049-0111, Hokuto",41.8212010,140.6967103,other,,ziv
GiGO Toyohashi Imure (GiGO 豊橋飯村),"25-121, Aza-Nishiyama, Imure-cho Toyohashi Aichi, 440-0833, Toyohashi",34.7490199,137.4139180,other,,ziv
GiGO TSUKASHIN (GiGOつかしん),"TSUKASHIN Nishimachi Bldg. (つかしん にしまち) 4-8-1, Tsukaguchihonmachi Amagasaki Hyogo, 661-0001, Amagasaki",34.7607919,135.4182507,other,,ziv
GiGO youme Town Iizuka (GiGOゆめタウン飯塚),"youme Town Iizuka (ゆめタウン飯塚) 3F 3-6-1, Komodanishi Iizuka Fukuoka, 820-0070, Iizuka",33.6297337,130.6854099,other,,ziv
GiGOイオン仙台中山,仙台市泉区南中山1-35-57イオン仙台中山店別館3F,38.2990610,140.8284970,ddr;iidx;other;sdvx,ddr_gold;iidx_lm;sdvx_vm,eagate;ziv
Hapipi Land Fukushima (ハピピランド福島店),"Don Quijote Fukushima (ドン・キホーテ福島店) 4F 14-1, Funatomae, Kamata Fukushima Fukushima, 960-0102, Fukushima",37.7903663,140.4890935,other,,ziv
Hapipiland Pythagoras Wakayama (ハピピランドピタゴラス和歌山店),"73-1, Donyu Wakayama Wakayama, 640-8432, Wakayama",34.2525095,135.1462080,other,,ziv
High-Tech Amuse Cosmo Fantasia (ハイテクアミューズ コスモファンタジア),"Yokohama Cosmo World Burano St. Zone (よこはまコスモワールド ブラーノストリート・ゾーン) 2-8-1, Shinko, Naka-ku Yokohama Kanagawa, 231-0001, Yokohama",35.4561781,139.6351495,other;taiko,,ziv
Hoshikari Monogatari Kishiwada (星狩物語 岸和田店),"1-3-2, Zakuzaicho Kishiwada Osaka, 596-0826, Kishiwada",34.4544995,135.3850423,ddr;gitadora;iidx;other;sdvx,,ziv
Hotel Sunhatoya Marine Fantasy (ホテルサンハトヤ マリンファンタジー),"Hotel Sunhatoya (ホテルサンハトヤ) 572-12, Yukawa Itō Shizuoka, 414-0002, Itō",34.9906966,139.0926420,other,,ziv
Ibusuki Iwasaki Hotel Jungle Jungle (指宿いわさきホテル ジャングルジャングル),"3805-1, Junicho Ibusuki Kagoshima, 891-0403, Ibusuki",31.2243303,130.6547865,ddr;gitadora;other,,ziv
Ikomasanjo Amusement Park (生駒山上遊園地),"2312-1, Nabatacho Ikoma Nara, 630-0231, Ikoma",34.6792882,135.6788382,other;taiko,,ziv
INTER PARK+1宇都宮,栃木県宇都宮市インターパーク６−５−１,36.4881173,139.9055690,chunithm;maimai_dx;ongeki;other;project_diva,,allnet;ziv
Kids Park AEON Chitose (キッズ・パーク イオン千歳店),"AEON Chitose (イオン千歳店) 2F 6-51, Sakaemachi Chitose Hokkaido, 066-0061, Chitose",42.8287500,141.6481433,other,,ziv
Kids Park AEON Monbetsu (キッズ・パーク イオン紋別店),"AEON Monbetsu (イオン紋別店) 2F 3-4-39, Hanazonocho Mombetsu Hokkaido, 094-0015, Mombetsu",44.3496765,143.3472834,other,,ziv
Kokubu Batting Center (国分バッティングセンター),"1408, Kokubumachi Kurume Fukuoka, 839-0863, Kurume",33.2994427,130.5328361,other,,ziv
M'S PARK Toyota (M's PARK 豊田店),"3-10, Kotobuki-cho Toyota Aichi, 471-0834, Toyota",35.0566635,137.1403484,other,,ziv
M's PARK刈谷店,愛知県刈谷市稲場町３−２０６,35.0054934,137.0014494,chunithm;ddr;gitadora;iidx;jubeat;maimai_dx;ongeki;other;popn;sdvx;taiko,ddr_gold;iidx_lm;popn_pikapika;sdvx_vm,allnet;eagate;ziv
MANBOW Kanazawa (マンボウ金沢),"348, Moroe-machi-Nakacho Kanazawa Ishikawa, 920-0016, Kanazawa",36.5990015,136.6454963,other,,ziv
Maruge Minamishinmachi (まるゲ南新町),"8-12, Minamishinmachi Takamatsu Kagawa, 760-0051, Takamatsu",34.3391162,134.0492951,other,,ziv
Mechaland Salvia (メカランド・サルビア),"860, Minamigakuma Tottori Tottori, 680-0903, Tottori",35.5197714,134.2033291,iidx;other,,ziv
MIRACLEIN Nakamurabashi (ミラクルイン 中村橋),"YK Building (YKビル) 2F 1-1-2, Nukui Nerima City Tokyo, 176-0021, Nerima City",35.7370573,139.6384003,other,,ziv
MIRAINO AEON MALL Toki (MIRAINOイオンモール土岐店),"1372-1, Tokiguchi, Tokitsu-cho AEON MALL Toki (イオンモール土岐) 2F Toki Gifu, 509-5122, Toki",35.3485957,137.1549295,chunithm;maimai_dx;ongeki;other;taiko,,ziv
Molly Fantasy Beisia Hikone (モーリーファンタジーベイシア彦根店),"Beisia Hikone Store (ベイシア彦根店) 1F 2-1-1, Banba Hikone Shiga, 522-0069, Hikone",35.2791228,136.2444752,other;taiko,,ziv
Molly Fantasy f Aratamabashi (モーリーファンタジーf 新瑞橋店),"1-7-10, Kikusumi, Minami-ku AEON MALL Aratamabashi (イオンモール新瑞橋) 3F Nagoya Aichi, 457-0012, Nagoya",35.1148291,136.9357160,chunithm;ddr;gitadora;maimai_dx;ongeki;other;taiko,,ziv
Molly Fantasy f Ayagawa (モーリーファンタジーf綾川店),"AEON MALL Ayagawa (イオンモール綾川) 3F 822-1, Kayahara Ayagawa Kagawa, 761-2304, Ayagawa",34.2517768,133.9307917,other,,ziv
Molly Fantasy f Gifu (モーリーファンタジーf 岐阜店),"1-2-1, Masakinaka MASA21 North Bldg. (マーサ21北館) 3F Gifu Gifu, 502-0857, Gifu",35.4478229,136.7450130,chunithm;drs;gitadora;jubeat;maimai_dx;ongeki;other;popn;sdvx;taiko,,ziv
Molly Fantasy f Hiroshima Gion (モーリーファンタジーf広島祇園店),"AEON MALL Hiroshima Gion (イオンモール広島祇園) 3F 3-2-1, Gion, Asaminami-ku Hiroshima Hiroshima, 731-0138, Hiroshima",34.4443336,132.4611520,other,,ziv
Molly Fantasy f Kasai Hojo (モーリーファンタジーf加西北条店),"AEON MALL Kasai Hojo (イオンモール加西北条) 2F 308-1, Hojo, Hojocho Kasai Hyogo, 675-2312, Kasai",34.9305779,134.8287432,other,,ziv
Molly Fantasy f Okayama (モーリーファンタジーf岡山店),"AEON MALL Okayama (イオンモール岡山) 4F 1-2-1, Shimoishii, Kita-ku Okayama Okayama, 700-0907, Okayama",34.6619561,133.9179613,other,,ziv
Molly Fantasy Honjo (モーリーファンタジー本荘店),"AEON Super Center Honjo (イオンスーパーセンター本荘店) 1F 138, Tanaka, Ishiwaki Yurihonjo Akita, 015-0011, Yurihonjo",39.3915821,140.0263077,other,,ziv
Molly Fantasy Ise LaLa PARK (モーリーファンタジー 伊勢ララパーク店),"AEON TOWN Ise LaLa PARK (イオンタウン伊勢ララパーク) 2F 538, Sone, Kogi-cho Ise Mie, 516-0007, Ise",34.5065486,136.7225505,other,,ziv
Molly Fantasy Iwaki (モーリーファンタジーいわき店),"AEON Iwaki (イオンいわき店) 3F 68-1, Mikura, Taira Iwaki Fukushima, 970-8026, Iwaki",37.0507568,140.8980963,other,,ziv
Molly Fantasy Nagasaki (モーリーファンタジー長崎店),"AEON Nagasaki (イオン長崎店) 5F 3-17, Shinchimachi Nagasaki Nagasaki, 850-0842, Nagasaki",32.7415917,129.8743163,other,,ziv
Molly Fantasy Naha (モーリーファンタジー那覇店),"AEON Naha (イオン那覇店) 3F 5-10-2, Kanagusuku Naha Okinawa, 901-0155, Naha",26.1968299,127.6658783,iidx;nostalgia;other;sdvx,,ziv
Molly Fantasy Nakashibetsu (モーリーファンタジー中標津店),"TOBU SOUTH HILLS (東武サウスヒルズ) 1F 3-10, Minamimachi Nakashibetsu Hokkaido, 086-1146, Nakashibetsu",43.5356995,144.9778119,other,,ziv
Molly Fantasy Noshiro (モーリーファンタジー能代店),"AEON Noshiro (イオン能代店) 3F 11-1, Yanagimachi Noshiro Akita, 016-0825, Noshiro",40.2090751,140.0246275,other,,ziv
Molly Fantasy Omuta (モーリーファンタジー大牟田店),"AEON MALL Omuta (イオンモール大牟田) 2F 3-4, Misakimachi Omuta Fukuoka, 836-0037, Omuta",33.0305991,130.4282875,other,,ziv
Molly Fantasy Sapporo Asabu (モーリーファンタジー札幌麻生店),"AEON Sapporo Asabu (イオン札幌麻生店) 4F 1-5, North 39 West 4, Kita-ku Sapporo Hokkaido, 001-0039, Sapporo",43.1069121,141.3396957,other,,ziv
Molly Fantasy Tendo (モーリーファンタジー天童店),"AEON MALL Tendo (イオンモール天童) 2F 4-1-1, Haga Town Kita Tendō Yamagata, 994-0082, Tendō",38.3452427,140.3637804,other,,ziv
Molly Fantasy Yodobashi Sendai,"1 Chome-3-1 Tsutsujigaoka Miyagino-ku Sendai Miyagi, 983-0852, Sendai",38.2589137,140.8838144,chunithm;maimai_dx;other,,ziv
Molly Fantasy Yonago Ekimae (モーリーファンタジー米子駅前店),"AEON Yonago Ekimae (イオン米子駅前店) 3F 311, Suehirocho Yonago Tottori, 683-0043, Yonago",35.4229649,133.3330020,other,,ziv
Molly Fantasy Yonezawa (モーリーファンタジー米沢店),"AEON Yonezawa (イオン米沢店) 2F 2-13-4, Kasuga Yonezawa Yamagata, 992-0044, Yonezawa",37.9230873,140.1084017,other,,ziv
MUTHOS Sagamihara (ムトス相模原店),"2-1-5, Chuo, Chuo-ku Sagamihara Kanagawa, 252-0239, Sagamihara",35.5735318,139.3710481,other,,ziv
Nakagawa Metropolis (中川メトロポリス),"3-110, Ematsu, Nakagawa-ku Nakagawa KoronaWorld (中川コロナワールド) 2F Nagoya Aichi, 454-0954, Nagoya",35.1251898,136.8236386,other;taiko,,ziv
Namba Hills (難波ヒルズ),"3-2-34 Namba, Chuo-ku Osaka-shi Osaka-fu, 542-0076, Osaka-shi",34.6662878,135.5018574,other,,ziv
namco AEON MALL Nagakute (namcoイオンモール長久手店),"501, Shonyuzuka AEON MALL Nagakute (イオンモール長久手) 3F Nagakute Aichi, 480-1128, Nagakute",35.1734904,137.0505004,chunithm;maimai_dx;other;taiko,,ziv
namco AEON MALL Natori (namcoイオンモール名取店),"AEON MALL Natori (イオンモール名取) 2F 5-3-1, Morisekinoshita Natori Miyagi, 981-1227, Natori",38.1634785,140.8961972,other,,ziv
namco AEON MALL Odaka (namcoイオンモール大高店),"2-450, Minamiodaka, Midori-ku AEON MALL Odaka (イオンモール大高) Nagoya Aichi, 459-8016, Nagoya",35.0542315,136.9467982,other;taiko,,ziv
namco Fuji Grand Hiroshima (namcoフジグラン広島),"FUJI GRAND Hiroshima 3F 2−1 Takaramachi, Naka-ku Hiroshima-shi Hiroshima-ken, 730-0044, Hiroshima-shi",34.3860169,132.4643476,other;taiko,,ziv
namco Fuji Grand Natalie (namcoフジグランナタリー),"Fuji Grand Natalie 2F 3-1-1 Ajina Hatsukaichi-shi Hiroshima-ken, 738-0054, Hatsukaichi-shi",34.3212869,132.3148519,other,,ziv
namco Hiroshima Kamiyachō (namco広島紙屋町),"animate Building 1F 2-3-3 Otemachi, Naka-ku Hiroshima-shi Hiroshima-ken, 730-0051, Hiroshima-shi",34.3933919,132.4555439,other;taiko,,ziv
namco Nagoya Ekimae (namco名古屋駅前店),"6-6, Tsubaki-cho Bic Camera Nagoya Sta. West (ビックカメラ名古屋駅西店) B1F/6F Nagoya Aichi, 453-0015, Nagoya",35.1704354,136.8794553,chunithm;maimai_dx;ongeki;other;taiko,,ziv
namco NAHA MAIN PLACE (namco那覇メインプレイス店),"San-A NAHA MAIN PLACE (サンエー那覇メインプレイス) 2F 4-4-9, Omoromachi Naha Okinawa, 900-0006, Naha",26.2254563,127.6950869,other;taiko,,ziv
namco Osaka Nipponbashi (namco大阪日本橋),"Cosmo Building 1-3F 2−1−17 Nanbanaka, Naniwa-ku Osaka-shi Osaka-fu, 556-0011, Osaka-shi",34.6630095,135.5043735,other,,ziv
namco tonarie Yamato Takada (namcoトナリエ大和高田店),"tonarie Yamato Takada (トナリエ大和高田) 3F 3-18, Saiwaicho Yamatotakada Nara, 635-0015, Yamatotakada",34.5190396,135.7448005,other,,ziv
namco youme Town Hikarinomori (namcoゆめタウン光の森店),"youme Town Hikarinomori South Bldg. (ゆめタウン光の森南館) 3F 7-39-1, Hikarinomori Kikuyo Kumamoto, 869-1108, Kikuyo",32.8591416,130.7853631,other,,ziv
namco youme Town Tokushima (namcoゆめタウン徳島店),"youme Town Tokushima (ゆめタウン徳島) 2F 88-1, Higashinakazu, Okuno Aizumi Tokushima, 771-1202, Aizumi",34.1189457,134.5015701,other,,ziv
namco 伊勢佐木町店 (Isezakichoten),"神奈川県横浜市中区伊勢佐木町3-95 Yokohama Kanagawa, 231-0045, Yokohama",35.4427753,139.6303081,other,,ziv
New Greenpia Tsunan Hotel Game Center (ニュー・グリーンピア津南 ゲームセンター),"12300, Akinari Tsunan Niigata, 949-8313, Tsunan",36.9619020,138.6883432,other;popn;taiko,,ziv
NICOPA Chikusa (NICOPA千種店),"2-16-13, Chikusa, Chikusa-ku AEON TOWN Chikusa (イオンタウン千種) 2F Nagoya Aichi, 466-0858, Nagoya",35.1618004,136.9233579,other;taiko,,ziv
NICOPA iias Takao (NICOPA イーアス 高尾),"iias Takao 2F 550-1 Higashiasakawamachi Hachioji Tokyo, 193-0834, Hachioji",35.6584099,139.3241394,chunithm;maimai_dx;ongeki;other,,ziv
Odawara Metropolis (小田原メトロポリス),"219-4, Maekawa Odawara Kanagawa, 256-0813, Odawara",35.2785967,139.1940220,other,,ziv
PALO Abashiri (PALO網走店),"5-83, Komabakita Abashiri Hokkaido, 093-0033, Abashiri",44.0009158,144.2839582,other,,ziv
PALO Ebetsu (PALO江別店),"AEON Ebetsu (イオン江別店) 3F 35, Saiwaicho Ebetsu Hokkaido, 069-0812, Ebetsu",43.0969625,141.5335372,other,,ziv
PALO Goshogawara (PALO五所川原店),"Across Plaza Goshogawara (アクロスプラザ五所川原) 641-1, Fujiwara, Karakasayanagi Goshogawara Aomori, 037-0004, Goshogawara",40.8008298,140.4614336,other,,ziv
PALO Kitakata (PALO喜多方店),"2-42-1, Oshikiriminami Kitakata Fukushima, 966-0096, Kitakata",37.6467940,139.8595854,other,,ziv
PALO Komatsushima (PALO小松島),"Komatsushima Shopping Plaza LUPIA (小松島ショッピングプラザルピア) 1F 20, Ryoden, Komatsushimacho Komatsushima Tokushima, 773-0001, Komatsushima",34.0055171,134.5726381,other,,ziv
PALO Kushiro (PALO釧路店),"AEON Kushiro (イオン釧路店) 2F 1-1-7, Kushirochokatsuragi Kushiro Hokkaido, 088-0621, Kushiro",43.0083668,144.4047552,maimai_dx;other;taiko,,ziv
PALO Matsue (PALO松江店),"AEON Matsue Shopping Center (イオン松江ショッピングセンター) 3F 151, Higashiasahimachi Matsue Shimane, 690-0001, Matsue",35.4641700,133.0684217,other,,ziv
PALO Mutsu (PALOむつ店),"2-7-8, Chuo Mutsu Aomori, 035-0073, Mutsu",41.2868346,141.1837698,iidx;other,,ziv
PALO Sakaiminato (PALO 境港店),"81-3, Takenouchidanchi Sakaiminato Tottori, 684-0046, Sakaiminato",35.5224232,133.2524438,other,,ziv
PALO Takikawa (PALO滝川店),"AEON Takikawa (イオン滝川店) 1F 2-29-1, Higashimachi Takikawa Hokkaido, 073-0024, Takikawa",43.5541011,141.9310182,other,,ziv
Parque de AMIGO! (パルケ・デ・アミーゴ),"1-3-1, Shimakita Yamagata Yamagata, 990-0885, Yamagata",38.2836206,140.3216635,other,,ziv
Parque Kamigamo (パルケ上賀茂),"4F 1-1, Kamigamo-Nishigawaracho, Kita-ku Kyoto Kyoto, 603-8036, Kyoto",35.0668030,135.7462040,chunithm;ddr;drs;gitadora;iidx;maimai_dx;nostalgia;ongeki;other;popn;taiko,,ziv
PASSCA LAND Hamasen (パスカランドはません店),"youme Town Hamasen (ゆめタウンはません) 3F 1-2-1, Tainoshima, Minami-ku Kumamoto Kumamoto, 862-0965, Kumamoto",32.7711628,130.7272215,other,,ziv
Passca Land Hita (パスカランド日田店),"648-71, Shode AEON TOWN Hita Shopping Center Specialty Bldg. (イオンタウン日田SC専門店棟) Hita Oita, 877-0074, Hita",33.3116837,130.9214919,other,,ziv
PASSCA LAND Nagamine (パスカランド長嶺店),"SUROY MALL Nagamine (シュロアモール長嶺) 1-5-1, Nagaminenishi, Higashi-ku Kumamoto Kumamoto, 861-8037, Kumamoto",32.8115994,130.7616806,other,,ziv
PASSCA WORLD Uto (パスカワールド宇土),"Uto City Mall (宇土シティモール) 2F 95, Ayaori, Zendojimachi Uto Kumamoto, 869-0418, Uto",32.6834701,130.6681614,other,,ziv
Penny Pot Akita (ペニーポット秋田店),"FONTE AKITA (フォンテAKITA) 4F 2-8-1, Nakadori Akita Akita, 010-0001, Akita",39.7162352,140.1276291,other,,ziv
PEP Uomachi (PEP 魚町店),"2-4, Uomachi, Kokurakita-ku Kitakyushu Fukuoka, 802-0006, Kitakyushu",33.8838496,130.8805976,other,,ziv
Pinocky Spazio Masuda (ピノッキースパツィオ益田店),"youme Town Masuda (ゆめタウン益田) 2F 7-21-12, Takatsu Masuda Shimane, 698-0041, Masuda",34.6910197,131.8159547,other,,ziv
PINOKIO LAND Nichinan (ピノキオランド日南店),"SAPIA Nichinan Shopping Center (サピア日南ショッピングセンター) 2F 1, Zaimokucho Nichinan Miyazaki, 887-0005, Nichinan",31.5868911,131.4013988,other,,ziv
PINOKIO LAND Tamana (ピノキオランド玉名店),"CARINO Tamana (カリーノ玉名) 2F 110, Maeda, Kamenoko Tamana Kumamoto, 865-0015, Tamana",32.9281479,130.5555929,other,,ziv
Play Land 54 street Yuki (Play Land 54 street 結城店),"11839-1, Nemotohara, Yuki Yuki Ibaraki, 307-0001, Yuki",36.3064710,139.8684776,other,,ziv
PLAZA CAPCOM Hiroshima (プラサカプコン広島店),"THE OUTLETS HIROSHIMA (ジ・アウトレット広島) 1F 4-1-1, Ishiuchihigashi, Saeki-ku Hiroshima Hiroshima, 731-5162, Hiroshima",34.4081740,132.3962094,other,,ziv
Plaza Capcom Ishinomaki (プラサカプコン 石巻店),"AEON MALL Ishinomaki (イオンモール石巻) 2F 4-104, Akanedaira Ishinomaki Miyagi, 986-0866, Ishinomaki",38.4478406,141.2660786,other,,ziv
PLAZA CAPCOM Kochi (プラサカプコン高知店),"AEON MALL Kochi East Bldg. (イオンモール高知東館) 3F 1-4-8, Hadaminamimachi Kochi Kochi, 780-0026, Kochi",33.5767855,133.5433624,other,,ziv
PLAZA CAPCOM Niihama (プラサカプコン 新居浜店),"AEON MALL Niihama (イオンモール新居浜) 2F 8-8, Maedacho Niihama Ehime, 792-0007, Niihama",33.9547524,133.2680742,other,,ziv
PLAZA CAPCOM Oita (プラサカプコン大分店),"Park Place Oita (パークプレイス大分) 2F 2-1, Koendorinishi Oita Oita, 870-0174, Oita",33.1955906,131.6557882,other,,ziv
PLAZA CAPCOM Omagari (プラサカプコン大曲店),"AEON MALL Omagari (イオンモール大曲) 2F 177, Tsubotate, Wago Daisen Akita, 014-0033, Daisen",39.4363567,140.5094558,other,,ziv
Plena Miyagi (プレナミヤギ),"2-15-24, Fudocho Ishinomaki Miyagi, 986-0017, Ishinomaki",38.4364873,141.3190988,other,,ziv
Pokémon Center Osaka,"大阪市北区梅田3-1-1 13F Ōsaka-shi Ōsaka-fu, 530-0001, Ōsaka-shi",34.7011645,135.4950183,other,,ziv
PORT24 Hamamatsu (ポート24 浜松店),"4183 Tsuboi-cho, Chuo-ku Hamamatsu Shizuoka, 431-0202, Hamamatsu",34.6801520,137.6443771,other,,ziv
PORT24 Yagoto (ポート24 八事店),"102-4 Kita-ishizaka, Hiroji-cho, Showa-ku Nagoya Aichi, 466-0834, Nagoya",35.1370664,136.9641201,chunithm;ddr;gitadora;iidx;jubeat;maimai_dx;nostalgia;ongeki;other;popn;sdvx;taiko,,ziv
QuatroBoom Amusement Kosugi (クァトロブームアミューズメント小杉),"2602, Sanga Imizu Toyama, 939-0341, Imizu",36.7192647,137.0919258,other,,ziv
Rakuichi Rakuza AEON MALL Miyazaki (楽市楽座イオンモール宮崎店),"AEON MALL Miyazaki (イオンモール宮崎) 2F 862-1, Eguchi, Shinbeppucho Miyazaki Miyazaki, 880-0834, Miyazaki",31.9219512,131.4578048,other,,ziv
Rakuichi Rakuza AEON MALL Omuta (楽市楽座イオンモール大牟田店),"AEON MALL Omuta (イオンモール大牟田) 2F 3-4, Misakimachi Omuta Fukuoka, 836-0037, Omuta",33.0300715,130.4266884,other,,ziv
Rakuichi Rakuza AEON TOWN Aira (楽市楽座イオンタウン姶良店),"AEON TOWN Aira East Bldg. (イオンタウン姶良東街区) 2F 336, Higashimochida Aira Kagoshima, 899-5421, Aira",31.7334422,130.6287652,other,,ziv
Rakuichi Rakuza Isahaya (楽市楽座諫早店),"1086-17, Naganomachi Isahaya Nagasaki, 854-0036, Isahaya",32.8334415,130.0759055,other,,ziv
ROUND1 Crane Game Park Chofu Ekimae (ラウンドワン クレーンゲームパーク調布駅前店),"Chofu Amix Bldg. (調布アミックスビル) 2F 1-35-5, Kojimacho Chofu Tokyo, 182-0026, Chofu",35.6530469,139.5425033,other,,ziv
ROUND1 Higashiyodogawa (ラウンドワン 東淀川店),"7-14-29, Sugahara, Higashiyodogawa-ku Osaka Osaka, 533-0022, Osaka",34.7427441,135.5252766,other,,ziv
ROUND1 Ikebukuro (ラウンドワン 池袋店),"1-14-1, Higashiikebukuro Ikebukuro Square (池袋スクエア) 豊島区 (Toshima-ku) 東京都 (Tokyo Metropolis), 170-0013, 豊島区 (Toshima-ku)",35.7299682,139.7151706,chunithm;dance_around;ddr;drs;gitadora;iidx;jubeat;maimai_dx;nostalgia;ongeki;other;popn;sdvx;taiko,,ziv
ROUND1 Kakogawa (ラウンドワン 加古川店),"加古川市尾上町安田325-6 325-6, Onoecho-Yasuda Kakogawa Hyogo, 675-0021, Kakogawa",34.7470788,134.8368881,other,,ziv
ROUND1 Kyoto Kawaramachi (ラウンドワン 京都河原町店),"250, Yamazaki-cho, Nakagyo-ku Kyoto Kyoto, 604-8032, Kyoto",35.0070558,135.7688248,chunithm;dance_around;ddr;drs;gitadora;iidx;jubeat;maimai_dx;nostalgia;ongeki;other;popn;sdvx;taiko,,ziv
ROUND1 LaLaport Izumi (ラウンドワンららぽーと和泉店),"LaLaport Izumi (ららぽーと和泉) 4F 4-4-7, Ayumino Izumi Osaka, 594-1157, Izumi",34.4370060,135.4482218,other,,ziv
ROUND1 Saitama Konosu (ラウンドワン さいたま・鴻巣店),"3163-7, Mida Konosu Saitama, 365-0062, Konosu",36.0806221,139.4902743,gitadora;other,,ziv
ROUND1 Sendai Nigatake (ラウンドワン 仙台苦竹店),"1-7-10, Nigatake, Miyagino-ku Sendai Miyagi, 983-0036, Sendai",38.2681562,140.9173238,other,,ziv
ROUND1 Shizuoka Suruga (ラウンドワン 静岡・駿河店),"1-10-1, Mukotegoshi, Suruga-ku Shizuoka Shizuoka, 421-0107, Shizuoka",34.9509805,138.3606330,other,,ziv
ROUND1 Stadium Ageo (ラウンドワンスタジアム上尾店),"917-1, Oaza-Hiratsuka Ageo Saitama, 362-0011, Ageo",35.9857759,139.6080186,other,,ziv
ROUND1 Stadium Akita (ラウンドワンスタジアム秋田店),"1-1-2, Oroshimachi Akita Akita, 010-0061, Akita",39.7019564,140.1096352,other,,ziv
ROUND1 Stadium Ario Kashiwa (ラウンドワンスタジアムアリオ柏店),"1-6-1, Oshimata Kashiwa Chiba, 277-0922, Kashiwa",35.8341314,140.0135668,other,,ziv
ROUND1 Stadium Asahikawa (ラウンドワンスタジアム旭川店),"4-7, 3-1, Nagayama Asahikawa Hokkaido, 079-8413, Asahikawa",43.7863077,142.3974532,ddr;gitadora;iidx;jubeat;other;popn;sdvx,,ziv
ROUND1 Stadium Asaka (ラウンドワンスタジアム 朝霞店),"2-16-10, Hizaoricho Asaka Saitama, 351-0014, Asaka",35.7902378,139.5796457,other,,ziv
ROUND1 Stadium Fukushima (ラウンドワンスタジアム福島店),"14-18, Otamachi Fukushima Fukushima, 960-8068, Fukushima",37.7524950,140.4560685,other,,ziv
ROUND1 Stadium Hakata Hanmichibashi (ラウンドワンスタジアム 博多・半道橋店),"2-2-8, Hanmichibashi, Hakata-ku Fukuoka Fukuoka, 812-0897, Fukuoka",33.5840492,130.4384637,other,,ziv
ROUND1 Stadium Hakodate (ラウンドワンスタジアム函館店),"848-11, Nishikikyo-cho Hakodate Hokkaido, 041-0824, Hakodate",41.8245827,140.7174498,other,,ziv
ROUND1 Stadium Hamamatsu (ラウンドワンスタジアム浜松店),"1981-17, Suwa, Tennoucho, Higashi-ku Hamamatsu Shizuoka, 435-0052, Hamamatsu",34.7377800,137.7640709,other,,ziv
ROUND1 Stadium Hamaotsu A-qus (ラウンドワンスタジアム浜大津アーカス店),"Hamaotsu A-qus (浜大津アーカス) 4F 2-1, Hamamachi Otsu Shiga, 520-0041, Otsu",35.0107445,135.8667745,other,,ziv
ROUND1 Stadium Handa (ラウンドワンスタジアム半田店),"6-7-8, Mizuho-cho Handa Aichi, 475-0828, Handa",34.8853884,136.9417513,chunithm;dance_around;ddr;drs;gitadora;iidx;maimai_dx;ongeki;other;popn;sdvx;taiko,,ziv
ROUND1 Stadium Iruma (ラウンドワンスタジアム 入間店),"3-7-25, Koyata Iruma Saitama, 358-0026, Iruma",35.8281628,139.3758505,other,,ziv
ROUND1 Stadium Itabashi (ラウンドワンスタジアム板橋店),"16-13, Aioicho Itabashi City Tokyo, 174-0044, Itabashi City",35.7765610,139.6786913,other,,ziv
ROUND1 Stadium Joto Hanaten (ラウンドワンスタジアム 城東放出店),"3-4-38, Imafukuminami, Joto-ku Osaka Osaka, 536-0003, Osaka",34.6963566,135.5592491,other,,ziv
ROUND1 Stadium Kagoshima Usuki (ラウンドワンスタジアム鹿児島宇宿店),"2-2-2, Usuki Kagoshima Kagoshima, 890-0073, Kagoshima",31.5446176,130.5434010,other,,ziv
ROUND1 Stadium Kanazawa (ラウンドワンスタジアム 金沢店),"6-120-1, Yokogawa Kanazawa Ishikawa, 921-8163, Kanazawa",36.5419968,136.6260697,dance_around;ddr;drs;other,,ziv
ROUND1 Stadium Kawasaki Daishi (ラウンドワンスタジアム川崎大師店),"1-5-1, Tonomachi, Kawasaki-ku Kawasaki Kanagawa, 210-0821, Kawasaki",35.5380805,139.7418083,other,,ziv
ROUND1 Stadium Kokura (ラウンドワンスタジアム小倉店),"15-65, Nishiminatomachi, Kokurakita-ku Kitakyushu Fukuoka, 803-0801, Kitakyushu",33.8973938,130.8598754,other,,ziv
ROUND1 Stadium Koriyama (ラウンドワンスタジアム郡山店),"4-55, Mukaigawaramachi Koriyama Fukushima, 963-8801, Koriyama",37.4022720,140.3956627,other,,ziv
ROUND1 Stadium Kumamoto (ラウンドワンスタジアム熊本店),"7-25-15, Kasuga, Nishi-ku Kumamoto Kumamoto, 860-0047, Kumamoto",32.7849925,130.6776255,other,,ziv
ROUND1 Stadium Kyoto Fushimi (ラウンドワンスタジアム 京都伏見店),"131, Shimotoba-hiratsukacho, Fushimi-ku Kyoto Kyoto, 612-8387, Kyoto",34.9359032,135.7462365,other,,ziv
ROUND1 Stadium Maebashi (ラウンドワンスタジアム前橋店),"1101-1, Amagawaoshimamachi Maebashi Gunma, 379-2154, Maebashi",36.3688438,139.1052261,other,,ziv
ROUND1 Stadium Matsuyama (ラウンドワンスタジアム松山店),"1-3-10, Higashinagato Matsuyama Ehime, 791-8005, Matsuyama",33.8664080,132.7515512,other,,ziv
ROUND1 Stadium Mie Kawagoe Interchange (ラウンドワンスタジアム みえ・川越IC店),"851-1, Minamifukusaki Kawagoe Mie, 510-8124, Kawagoe",35.0229178,136.6835083,other,,ziv
ROUND1 Stadium Miyazaki (ラウンドワンスタジアム宮崎店),"3-4-60, Nakamurahigashi Miyazaki Miyazaki, 880-0904, Miyazaki",31.8953782,131.4175315,other,,ziv
ROUND1 Stadium Morioka (ラウンドワンスタジアム盛岡店),"2-10-35, Moriokaekinishitori Morioka Iwate, 020-0045, Morioka",39.7003775,141.1331512,other,,ziv
ROUND1 Stadium Musashimurayama (ラウンドワンスタジアム武蔵村山店),"3-1-1, Inadaira Musashimurayama Tokyo, 208-0023, Musashimurayama",35.7353249,139.3823162,other,,ziv
ROUND1 Stadium Nagano (ラウンドワンスタジアム 長野店),"827-6, Higashiwada Nagano Nagano, 381-0038, Nagano",36.6511018,138.2253651,other,,ziv
ROUND1 Stadium Nagoya Nishiharu (ラウンドワンスタジアム名古屋西春店),"15, Ubukuji-Shimmei Kitanagoya Aichi, 481-0035, Kitanagoya",35.2548570,136.8436855,chunithm;ddr;gitadora;iidx;maimai_dx;ongeki;other;popn;sdvx;taiko,,ziv
ROUND1 Stadium Nakagawa National Route 1 (ラウンドワンスタジアム 中川1号線店),"2-23, Hozo-cho, Nakagawa-ku Nagoya Aichi, 454-0859, Nagoya",35.1236338,136.8636315,chunithm;dance_around;ddr;drs;gitadora;iidx;jubeat;maimai_dx;ongeki;other;popn;sdvx;taiko,,ziv
ROUND1 Stadium Nara M! Nara (ラウンドワンスタジアム奈良ミ・ナーラ店),"M! Nara (ミ・ナーラ) 5F 1-3-1, Nijoojiminami Nara Nara, 630-8012, Nara",34.6851645,135.8022736,other,,ziv
ROUND1 Stadium Narashino (ラウンドワンスタジアム習志野店),"1-4-5, Shibazono Narashino Chiba, 275-0023, Narashino",35.6601787,140.0225052,other,,ziv
ROUND1 Stadium Niigata (ラウンドワンスタジアム新潟店),"2-1-38, Misakicho, Chuo-ku Niigata Niigata, 950-0954, Niigata",37.8880715,139.0177111,other,,ziv
ROUND1 Stadium Oita (ラウンドワンスタジアム 大分店),"2-13-17, Hagiwara Oita Oita, 870-0921, Oita",33.2489616,131.6401801,other,,ziv
ROUND1 Stadium Okayama Senoo (ラウンドワンスタジアム 岡山妹尾店),"3413-1, Senoo, Minami-ku Okayama Okayama, 701-0205, Okayama",34.6229935,133.8695872,other,,ziv
ROUND1 Stadium Okinawa Ginowan (ラウンドワンスタジアム沖縄・宜野湾店),"3-28-8, Mashiki Ginowan Okinawa, 901-2224, Ginowan",26.2758113,127.7310231,chunithm;ddr;gitadora;iidx;jubeat;maimai_dx;nostalgia;other;popn;sdvx;taiko,,ziv
ROUND1 Stadium Saga (ラウンドワンスタジアム佐賀店),"4-2-1, Hyogokita Saga Saga, 849-0919, Saga",33.2751770,130.3011497,other,,ziv
ROUND1 Stadium Saitama Kurihashi (ラウンドワンスタジアムさいたま・栗橋店),"192-1, Koemon Kuki Saitama, 349-1105, Kuki",36.1234363,139.7151687,dance_around;ddr;gitadora;maimai_dx;museca;other;popn,,ziv
ROUND1 Stadium Sakai Chuo-Kanjo (ラウンドワンスタジアム 堺中央環状店),"2-241, Ishiharacho, Higashi-ku Sakai Osaka, 599-8102, Sakai",34.5568311,135.5365056,other,,ziv
ROUND1 Stadium Sakai Ekimae (ラウンドワンスタジアム 堺駅前店),"4-44-3, Ebisujimacho, Sakai-ku Sakai Osaka, 590-0985, Sakai",34.5834293,135.4684407,chunithm;ongeki;other,,ziv
ROUND1 Stadium Sapporo Kita 21-jo (ラウンドワンスタジアム札幌北21条店),"1-21, North 21 East 1, Higashi-ku Sapporo Hokkaido, 065-0021, Sapporo",43.0867551,141.3497129,chunithm;dance_around;ddr;drs;gitadora;iidx;maimai_dx;nostalgia;ongeki;other;popn;sdvx;taiko,,ziv
ROUND1 Stadium Sapporo Shiroishi Hondori (ラウンドワンスタジアム札幌白石本通店),"16-North 1-50, Hondori, Shiroishi-ku Sapporo Hokkaido, 003-0027, Sapporo",43.0368185,141.4327902,other,,ziv
ROUND1 Stadium Sennichimae (ラウンドワンスタジアム 千日前店),"1-3-1, Namba, Chuo-ku Osaka Osaka, 542-0076, Osaka",34.6675185,135.5028026,chunithm;dance_around;ddr;drs;gitadora;iidx;jubeat;maimai_dx;museca;nostalgia;ongeki;other;popn;sdvx,,ziv
ROUND1 Stadium Takamatsu (ラウンドワンスタジアム高松店),"2-7-43, Matsushimacho Takamatsu Kagawa, 760-0068, Takamatsu",34.3389655,134.0669653,other,,ziv
ROUND1 Stadium Tokorozawa (ラウンドワンスタジアム所沢店),"TOCOTOCO SQUARE 6F 5-22, Higashicho Tokorozawa Saitama, 359-1116, Tokorozawa",35.7892035,139.4700572,other,,ziv
ROUND1 Stadium Toyohashi (ラウンドワンスタジアム 豊橋店),"27-2, Aza-Iwata, Oiwa-cho Toyohashi Aichi, 441-3147, Toyohashi",34.7236307,137.4326048,other,,ziv
ROUND1 Stadium Tsu Takajaya (ラウンドワンスタジアム津・高茶屋店),"277-8, Takajayakomoricho Tsu Mie, 514-0817, Tsu",34.6724802,136.5193570,chunithm;dance_around;ddr;gitadora;iidx;maimai_dx;ongeki;other;popn;sdvx;taiko,,ziv
ROUND1 Stadium Utsunomiya (ラウンドワンスタジアム 宇都宮店),"2072-1, Esojimamachi Utsunomiya Tochigi, 321-0102, Utsunomiya",36.5406551,139.8867599,other,,ziv
ROUND1 Stadium Wakayama (ラウンドワンスタジアム和歌山店),"739-3, Kozaika Wakayama Wakayama, 641-0007, Wakayama",34.1984792,135.1859354,other,,ziv
ROUND1 Toyonaka (ラウンドワン 豊中店),"1-1-1, Meishinguchi Toyonaka Osaka, 561-0841, Toyonaka",34.7573733,135.4654617,other,,ziv
Rusutsu Resort Hotel Game World (ルスツリゾートホテル ゲームワールド),"Rusutsu Resort Htl.&Conv. N.Wing (ルスツリゾートホテル&コンベンションノースウイング) B1F 13, Izumikawa Rusutsu Hokkaido, 048-1711, Rusutsu",42.7522703,140.9028701,other,,ziv
Sapporo Olympia Bowl (サッポロオリンピアボウル),"31-6, North 1 East 12, Chuo-ku Sapporo Hokkaido, 060-0031, Sapporo",43.0659147,141.3768740,other,,ziv
Sea Square Paradise Techmopia (シースクウェアパラダイステクモピア),"Rizzan Sea Park Hotel Tancha Bay (リザンシーパークホテル谷茶ベイ) 1F 1496, Aza-Tancha Onna Okinawa, 904-0496, Onna",26.4631585,127.8168725,other;taiko,,ziv
Shin Iida Okura Bowl (新飯田オークラボウル),"3297-1, Higashichuodori Iida Nagano, 395-0025, Iida",35.5105103,137.8368329,other,,ziv
SILK HAT Kawasaki DICE (シルクハット川崎ダイス),"DICE Bldg. B2F 8, Ekimae-Honcho, Kawasaki-ku Kawasaki Kanagawa, 210-0007, Kawasaki",35.5280451,139.6979238,other;popn;taiko,,ziv
SILK HAT Kawasaki MORE'S (シルクハット川崎モアーズ),"Okadaya Kawasaki MORE'S (岡田屋川崎モアーズ) 1F/2F 7, Ekimae-honcho Kawasaki Kanagawa, 210-0007, Kawasaki",35.5305756,139.6995966,other,,ziv
SILK HAT Omori (シルクハット大森),"Omori Ekimae Bldg. (大森駅前ビル) 2F 2-4-1, Sannou Ota-ku Tokyo, 143-0023, Ota-ku",35.5889078,139.7272563,other,,ziv
SKYLANE Game Corner (スカイレーン ゲームコーナー),"875, Gushi Naha Okinawa, 901-0146, Naha",26.1798489,127.6538020,other,,ziv
SOYU Bremen Town Narumi (ソユーブレーメンタウン鳴海店),"3-9, Denjiyama, Narumi-cho, Midori-ku APiTA Narumi (アピタ鳴海店) 2F Nagoya Aichi, 458-8555, Nagoya",35.0939417,136.9593108,chunithm;maimai_dx;ongeki;other;taiko,,ziv
SOYU Game Field Akaike (ソユーゲームフィールド赤池店),"1, Minote, Akaike-cho PRIME TREE AKAIKE (プライムツリー赤池) 3F Nisshin Aichi, 470-0126, Nisshin",35.1179779,137.0225679,chunithm;maimai_dx;ongeki;other;taiko,,ziv
SOYU GAME FIELD Aomori (ソユーゲームフィールド青森店),"Ito Yokado Aomori (イトーヨーカドー青森店) 2F 1-14-1, Hamada Aomori Aomori, 030-0843, Aomori",40.8007639,140.7490356,other,,ziv
SOYU GAME FIELD Asahikawa Nishi (ソユーゲームフィールド旭川西店),"AEON MALL Asahikawa Nishi (イオンモール旭川西) 3F 23-2161-3, Midorimachi Asahikawa Hokkaido, 070-0823, Asahikawa",43.7936555,142.3271068,other,,ziv
SOYU GAME FIELD Kamaishi (ソユーゲームフィールド釜石店),"AEON TOWN Kamaishi (イオンタウン釜石) 3F 2-1-1, Minatomachi Kamaishi Iwate, 026-0011, Kamaishi",39.2720244,141.8808919,other,,ziv
SOYU GAME FIELD Noshiro (ソユーゲームフィールド能代店),"AEON TOWN Noshiro (イオンタウン能代) 1, Furuyashiki, Kairagefuchi Noshiro Akita, 016-0121, Noshiro",40.1882593,140.0821923,other,,ziv
SOYU GAME FIELD Sapporo Hassamu (ソユーゲームフィールド札幌発寒店),"AEON MALL Sapporo Hassamu (イオンモール札幌発寒) 3F 1-1, 8-12, Hassamu, Nishi-ku Sapporo Hokkaido, 063-0828, Sapporo",43.0961175,141.2773483,other,,ziv
SOYU GAME FIELD Sennan (ソユーゲームフィールド泉南店),"AEON MALL Rinku Sennan (イオンモールりんくう泉南) 2F 3-12, Rinku-minamihama Sennan Osaka, 590-0535, Sennan",34.3796605,135.2670763,other,,ziv
SOYU GAME FIELD Yamoto,"AEON TOWN Yamoto (イオンタウン矢本) 43, Kamiutari, Komatsu Higashimatsushima Miyagi, 981-0504, Higashimatsushima",38.4249992,141.2043690,other,,ziv
SOYU Play Land Sopia ITOKU Across Noshiro ソユープレイランドソピアいとくアクロス能代店,"ITOKU Noshiro Shopping Center (いとく能代ショッピングセンター) 70, Teramukai Noshiro Akita, 016-0188, Noshiro",40.1831358,140.0537697,other,,ziv
SOYUGameField奈良橿原店,奈良県橿原市曲川町7-20-1 イオンモール橿原3F,34.5055231,135.7624537,chunithm;maimai_dx;ongeki;other;polaris_chord,,allnet;eagate;ziv
Sports Wave Tetsuwan 24 Hamano (スポーツウェーブ鉃腕24 浜野店),"1025-59, Hamano-cho, Chuo-ku Chiba Chiba, 260-0824, Chiba",35.5544124,140.1261913,other,,ziv
Sports Wave Tetsuwan 24 Inage Naganuma (スポーツウエーブ鉃腕24 稲毛長沼店),"697, Naganumahara-cho, Inage-ku Chiba Chiba, 263-0001, Chiba",35.6617347,140.1263737,other,,ziv
STRIKES Sennan (ストライクス泉南),"778, Baba Sennan Osaka, 590-0522, Sennan",34.3618706,135.2740522,other,,ziv
SUN BOWL (サンボウル),"1528, Minamide, Odacho Iga Mie, 518-0825, Iga",34.7708911,136.1186084,other,,ziv
SUN GAMES Kanoya (サンゲームス鹿屋店),"1008-5, Tomiyama Kimotsuki Kagoshima, 893-1204, Kimotsuki",31.3887719,130.8981691,other,,ziv
SUN GAMES Tosu (サンゲームス鳥栖店),"1353-1, Motomachi Tosu Saga, 841-0051, Tosu",33.3747275,130.5060750,other,,ziv
Super Hero Kurayoshi (スーパーヒーロー倉吉店),"633, Mirukacho Kurayoshi Tottori, 682-0803, Kurayoshi",35.4382948,133.8394250,ddr;other,,ziv
SUPERWAVE Kashiwa (SUPERWAVE柏店),"249-5, Toyofuta Maruhan Entertainment Mall Kashiwa (マルハンエンターテイメントモール柏) Kashiwa Chiba, 277-0872, Kashiwa",35.8820185,139.9591772,other,,ziv
Sweets Factory Pacc'n Aizuwakamatsu (スイーツファクトリーパックン会津若松),"MEGA Don Quijote UNY Aizuwakamatsu (MEGAドン・キホーテUNY会津若松店) 2F 9-10, Makuuchiminamimachi Aizuwakamatsu Fukushima, 965-0849, Aizuwakamatsu",37.4834659,139.9038398,chunithm;maimai_dx;other;taiko,,ziv
Taito F Station AEON Ichikawa Myoden(タイトーFステーションイオン市川妙典店),"AEON Ichikawa Myoden Bldg. 2 (イオン市川妙典2番街) 2F 4-1-1, Myoden Ichikawa Chiba, 272-0111, Ichikawa",35.6924912,139.9267375,chunithm;ddr;drs;gitadora;iidx;maimai_dx;nostalgia;ongeki;other;popn;sdvx,,ziv
Taito F Station AEON Niigata Minami (タイトーFステーションイオン新潟南店),"AEON Niigata Minami (イオン新潟南店) 3F 2-1-10, Koarataminami, Nishi-ku Niigata Niigata, 950-2028, Niigata",37.8684610,138.9947041,iidx;other;taiko,,ziv
Taito F Station AEON Shinmatsudo (タイトーFステーションイオン新松戸店),"AEON FOOD STYLE Shinmatsudo (イオンフードスタイル新松戸店) 4F 3-2-2, Shinmatsudo Matsudo Chiba, 270-0034, Matsudo",35.8252216,139.9156544,maimai_dx;ongeki;other;taiko,,ziv
Taito F Station AL.PLAZA Sabae (タイトーFステーションアルプラザ鯖江店),"AL.PLAZA Sabae Amuse Bldg. (アルプラザ鯖江店アミューズ棟) 16-1-1, Shimokobatacho Sabae Fukui, 916-0038, Sabae",35.9679722,136.1889853,chunithm;maimai_dx;nostalgia;other;sdvx;taiko,,ziv
Taito F Station Daiei Omiya (タイトーFステーションダイエー大宮店),"2-3, Sakuragicho, Omiya-ku Daiei Omiya (ダイエー大宮店), DOM PART I 7F Saitama Saitama, 330-0854, Saitama",35.9069551,139.6218755,chunithm;maimai_dx;ongeki;other;taiko,,ziv
Taito F Station Himeji (タイトーFステーション姫路店),"270, Ekimaecho Himeji Hyogo, 670-0927, Himeji",34.8286351,134.6916006,chunithm;other;taiko,,ziv
Taito F Station Kawasaki LeFRONT (タイトーFステーション川崎ルフロン店),"Kawasaki LeFRONT (川崎ルフロン) 10F 1-11, Nisshin-cho, Kawasaki-ku Kawasaki Kanagawa, 210-0024, Kawasaki",35.5294321,139.6966482,other;taiko,,ziv
Taito F Station Koriyama Orient Park (タイトーFステーション 郡山オリエントパーク店),"35-1, Aza-Okubo, Asakamachi-Arai Koriyama Fukushima, 963-0201, Koriyama",37.3744966,140.3487640,chunithm;ddr;iidx;maimai_dx;ongeki;other;sdvx;taiko,,ziv
Taito F Station LAZA WALK Kai Futaba (タイトーFステーションラザウォーク甲斐双葉店),"LAZA WALK Kai Futaba Amusement Bldg. (ラザウォーク甲斐双葉店アミューズメント棟) 616-1, Kakinoki, Shida Kai Yamanashi, 400-0107, Kai",35.6852310,138.4821439,other;taiko,,ziv
Taito F Station Morioka Minami (タイトーFステーション盛岡南店),"2-1-77, Tsushidacho Morioka Iwate, 020-0837, Morioka",39.6666180,141.1571950,other;taiko,,ziv
Taito F Station olinas Kinshicho (タイトーFステーション オリナス錦糸町店),"olinas mall (オリナスモール) B1F 4-1-2, Taihei Sumida-ku Tokyo, 130-0012, Sumida-ku",35.7003909,139.8154061,chunithm;ddr;drs;gitadora;iidx;jubeat;maimai_dx;nostalgia;ongeki;other;popn;sdvx,,ziv
Taito F Station Rinku SEACLE (タイトーFステーションりんくうシークル店),"Rinku Pleasure Town SEACLE (りんくうプレジャータウン シークル) 3, Rinku-oraiminami Izumisano Osaka, 598-0047, Izumisano",34.4089256,135.2959885,maimai_dx;ongeki;other,,ziv
Taito F Station Shizuoka (タイトーFステーション 静岡店),"Fushimiya Daini Bldg. (ふしみや第２ビル) 2-5-4, Gofuku-cho, Aoi-ku Shizuoka Shizuoka, 420-0031, Shizuoka",34.9743995,138.3832145,chunithm;gitadora;maimai_dx;other;taiko,,ziv
Taito F Station Takasaki OPA (タイトーFステーション高崎オーパ店),"Takasaki OPA (高崎オーパ) 7F 46-1, Yashimacho Takasaki Gunma, 370-0849, Takasaki",36.3232131,139.0107003,chunithm;iidx;maimai_dx;ongeki;other;sdvx;taiko,,ziv
Taito F Station tonarie Utsunomiya (タイトーFステーショントナリエ宇都宮店),"tonarie Utsunomiya (トナリエ宇都宮) 2F 1-4-6, Ekimaedori Utsunomiya Tochigi, 321-0964, Utsunomiya",36.5604272,139.8970712,other,,ziv
Taito F Station Tsubame-Sanjo (タイトーFステーション燕三条店),"AEON Keno Amenity Bldg. (イオン県央店アメニティ棟) 1F 3-150, Idomaki Tsubame Niigata, 959-1232, Tsubame",37.6505840,138.9364419,chunithm;iidx;jubeat;maimai_dx;other;taiko,,ziv
Taito F Station youme Town Beppu (タイトーFステーションゆめタウン別府店),"youme Town Beppu (ゆめタウン別府店) 3F 382-7, Kusunokimachi Beppu Oita, 874-0943, Beppu",33.2763542,131.5078964,other;taiko,,ziv
Taito Station AEON MALL Kushiro Showa (タイトーステーションイオンモール釧路昭和店),"AEON MALL Kushiro Showa (イオンモール釧路昭和) 2F 4-18-1, Showachuo Kushiro Hokkaido, 084-0910, Kushiro",43.0261166,144.3590901,ddr;iidx;jubeat;other,,ziv
Taito Station AEON MALL Sapporo Hiraoka (タイトーステーションイオンモール札幌平岡店),"AEON MALL Sapporo Hiraoka (イオンモール札幌平岡) 2F 3-5-3-1, Hiraoka, Kiyota-ku Sapporo Hokkaido, 004-0873, Sapporo",42.9964413,141.4577657,other;taiko,,ziv
Taito Station AMU Plaza Kagoshima (タイトーステーションアミュプラザ鹿児島店),"AMU Plaza Kagoshima (アミュプラザ鹿児島) 6F 1-1, Chuocho Kagoshima Kagoshima, 890-0053, Kagoshima",31.5845380,130.5426563,chunithm;maimai_dx;other;taiko,,ziv
Taito Station Asahi Sunmall (タイトーステーション旭サンモール店),"Shopping Center Sunmall (ショッピングセンターサンモール) 3F 2676-1, I, Asahi Asahi Chiba, 289-2511, Asahi",35.7249775,140.6590728,gitadora;iidx;jubeat;maimai_dx;nostalgia;other;popn;sdvx;taiko,,ziv
Taito Station Asakusa (タイトーステーション浅草店),"1-27-5, Asakusa Taito City Tokyo, 111-0032, Taito City",35.7126302,139.7938069,other;taiko,,ziv
Taito Station Bic Camera Hiroshima Ekimae (タイトーステーションビックカメラ広島駅前),"Big Front Hiroshima B2F 5-1 Matsubaracho, Minami-ku Hiroshima-shi Hiroshima-ken, 732-0822, Hiroshima-shi",34.3959150,132.4749684,other;taiko,,ziv
Taito Station Canal City Hakata (タイトーステーションキャナルシティ博多店),"Canal City HAKATA Center Walk (キャナルシティ博多 センターウォーク) 4F 1-2-22, Sumiyoshi, Hakata-ku Fukuoka Fukuoka, 812-0018, Fukuoka",33.5894778,130.4111356,other,,ziv
Taito Station Favore Fuchu (タイトーステーションファボーレ婦中店),"FUTURE CITY Favore (フューチャーシティ・ファボーレ) 2F 165-1, Shimokutsuwada, Fuchumachi Toyama Toyama, 939-2716, Toyama",36.6623993,137.1717568,chunithm;iidx;maimai_dx;other;taiko,,ziv
Taito Station Kinuyama (タイトーステーション衣山店),"Palty FUJI Kinuyama (パルティ・フジ衣山) 1-188, Kinuyama Matsuyama Ehime, 791-8025, Matsuyama",33.8540145,132.7469215,other;taiko,,ziv
Taito Station Marugame (タイトーステーション丸亀店),"Fuji Grand Marugame Bach Bldg. (フジグラン丸亀店バッハ棟) 2F 1280-1, Kawanishimachi-Minami Marugame Kagawa, 763-0092, Marugame",34.2418126,133.8353544,chunithm;other;taiko,,ziv
Taito Station Mizonokuchi (タイトーステーション 溝の口店),"1-11-8, Mizonokuchi, Takatsu-ku OKKA634 Kawasaki Kanagawa, 213-0001, Kawasaki",35.6000113,139.6124554,chunithm;ddr;gitadora;iidx;jubeat;maimai_dx;nostalgia;ongeki;other;popn;sdvx;taiko,,ziv
Taito Station Odawara City Mall (タイトーステーション小田原シティーモール店),"Frespo Odawara City Mall South Bldg. (フレスポ小田原シティーモール店南館) 2F 120, Maekawa Odawara Kanagawa, 256-0813, Odawara",35.2813174,139.1944133,chunithm;gitadora;iidx;jubeat;nostalgia;other;popn;sdvx;taiko,,ziv
Taito Station Osaka Nipponbashi (タイトーステーション 大阪日本橋店),"4-9-14, Nipponbashi, Naniwa-ku Osaka Osaka, 556-0005, Osaka",34.6603717,135.5061473,chunithm;ddr;gitadora;iidx;jubeat;maimai_dx;nostalgia;ongeki;other;popn;sdvx;taiko,,ziv
Taito Station Osu (タイトーステーション大須店),"3-20-7, Osu, Naka-ku Nagoya Aichi, 460-0011, Nagoya",35.1597258,136.9047568,other;taiko,,ziv
Taito Station RIVERWALK (タイトーステーションリバーウォーク店),"RIVERWALK Kitakyushu (リバーウォーク北九州) 4F 1-1-1, Muromachi, Kokurakita-ku Kitakyushu Fukuoka, 803-0812, Kitakyushu",33.8858680,130.8752367,other;taiko,,ziv
Taito Station Sapporo Tanuki Kōji 2-Chōme (タイトーステーション狸小路2丁目店),"Tanuki Kōji 2-Chōme Sapporo Hokkaido, 060-0063, Sapporo",43.0574451,141.3554485,chunithm;drs;iidx;jubeat;maimai_dx;nostalgia;ongeki;other;popn;sdvx;taiko,,ziv
Taito Station Sendai Nakakecho (タイトーステーション 仙台名掛丁店),"1-7-13, Chuo, Aoba-ku Sendai-shi Miyagi-ken, 980-0021, Sendai-shi",38.2619907,140.8791777,chunithm;gitadora;iidx;jubeat;maimai_dx;other;taiko,,ziv
Taito Station Settsu Tonda (タイトーステーション摂津富田店),"AEON FOOD STYLE Settsu Tonda (イオンフードスタイル摂津富田店) 2F 13-1, Ohatacho Takatsuki Osaka, 569-1144, Takatsuki",34.8375414,135.5894735,chunithm;maimai_dx;other;taiko,,ziv
Taito Station Shinhamamatsu ZAZA CITY (タイトーステーション 新浜松ザザシティ店),"ZAZA CITY West Bldg. (ザザシティ西館) 2F 15, Kaji-machi, Naka-ku Hamamatsu Shizuoka, 430-0933, Hamamatsu",34.7051662,137.7295524,chunithm;iidx;jubeat;maimai_dx;nostalgia;ongeki;other;popn;sdvx;taiko,,ziv
Taito Station Ueno Okachimachi (タイトーステーション上野御徒町店),"4-6-9, Ueno Taito-ku Tokyo, 110-0005, Taito-ku",35.7089618,139.7743395,other;taiko,,ziv
Taito Station Utsunomiya Bell Mall (タイトーステーション宇都宮ベルモール店),"Bell Mall (ベルモール) 2F 6-2-1, Yoto Utsunomiya Tochigi, 321-0904, Utsunomiya",36.5558944,139.9280801,chunithm;maimai_dx;nostalgia;other;taiko,,ziv
TAITO STATION 横浜西口五番街店 (Yokohama West Exit 5th Ave.),"1-12-9, Minamisaiwai, Nishi-ku Yokohama Kanagawa, 220-0005, Yokohama",35.4647421,139.6195543,chunithm;ddr;gitadora;iidx;maimai_dx;nostalgia;ongeki;other;popn;sdvx,,ziv
TaitoFStation AEONMALL Hamamatsu Ichino (タイトーFステーションイオンモール浜松市野店),"AEON MALL Hamamatsu Ichino (イオンモール浜松市野) 2F 1981-3, Tennoucho, Higashi-ku Hamamatsu Shizuoka, 435-0052, Hamamatsu",34.7401359,137.7630420,chunithm;gitadora;maimai_dx;other;taiko,,ziv
TaitoFStation SuperCenterOkuwa Nanki(タイトーFステーションスーパーセンターオークワ南紀店),"Super Center Okuwa Nanki (スーパーセンターオークワ南紀店) 3-11-19, Sano Shingu Wakayama, 647-0071, Shingu",33.6721312,135.9704641,gitadora;other;popn;taiko,,ziv
Takadanobaba Mikado Game Center (高田馬場ゲーセンミカドinオアシスセンター),"4-5-10, Takadanobaba Shinjuku City Tokyo, 169-0075, Shinjuku City",35.7127363,139.7034547,gitadora;other;popn,,ziv
Takarajima Kameoka (タカラ島亀岡店),"AL.PLAZA Kameoka (アル・プラザ亀岡) 3F 11-1, Uemata, Shinocho-Nojo Kameoka Kyoto, 621-0822, Kameoka",35.0013558,135.6028933,other,,ziv
Takarajima Kiryu (宝島 桐生店),"MEGA Don Quijote Kiryu (MEGAドン・キホーテ桐生店) 3F 5-10, Eirakucho Kiryu Gunma, 376-0044, Kiryu",36.4122138,139.3359392,other,,ziv
Tentoumushi Park BIG STAGE Wakayama (てんとう虫パーク BIG STAGE和歌山店),"348, Matsushima Wakayama Wakayama, 640-8304, Wakayama",34.2456902,135.2129865,other,,ziv
THE 3RD PLANET BiVi Numazu (THE 3RD PLANET BiVi沼津店),"BiVi Numazu (BiVi沼津) 3F 1-13-9, Otemachi Numazu Shizuoka, 410-0801, Numazu",35.1039609,138.8610327,other,,ziv
THE 3RD PLANET Kagoshima Asobi Town (サープラ鹿児島あそびタウン),"Frespo Jungle Park (フレスポジャングルパーク) 2F 1-11-1, Yojiro Kagoshima Kagoshima, 890-0062, Kagoshima",31.5701737,130.5651928,other,,ziv
THE 3RD PLANET Kumamoto Asobi Town (サープラ熊本あそびタウン),"8-4-82, Goryo, Higashi-ku Kumamoto Kumamoto, 861-8035, Kumamoto",32.8309283,130.7714403,other,,ziv
The 3rd Planet Osaka Dotonbori Asobi Town (サープラ大阪道頓堀あそびタウン),"Nakaza Cuidaore Building B1F 1−7−21 Dotonbori, Chuo-ku Osaka-shi Osaka-fu, 542-0071, Osaka-shi",34.6685335,135.5024850,other,,ziv
THE 3RD PLANET Pivot Fukushima (THE 3RD PLANET ピボット福島店),"Power City Pivot (パワーシティピボット) 1-1, Sakaemachi Fukushima Fukushima, 960-8053, Fukushima",37.7556215,140.4587445,other,,ziv
THE 3RD PLANET Sasebo Asobi Town (サープラ佐世保あそびタウン),"38-1, Tabarucho Sasebo Nagasaki, 857-0136, Sasebo",33.2086162,129.7168480,other,,ziv
THE 3RD PLANET Shingu Asobi Town (サープラ新宮あそびタウン),"Shingu Dome Batting Center (新宮ドームバッティングセンター) 1F 3-1-40, Misaki Shingu Fukuoka, 811-0121, Shingu",33.7061172,130.4406219,other,,ziv
The Silver Ball Planet (ザ・シルバーボールプラネット),"Shinsaibashi BIGSTEP (心斎橋BIGSTEP) 3F 1-6-14, Nishishimsaibashi, Chuo-Ku Osaka Osaka, 542-0086, Osaka",34.6725285,135.4986280,other,,ziv
Tokiwadaira Bowling Center (ときわ平ボウリングセンター),"2-8-2, Tokiwadaira Matsudo Chiba, 270-2261, Matsudo",35.8028529,139.9498129,other,,ziv
Tokyo Leisureland Odaiba (東京レジャーランド お台場店),"Aqua City Odaiba (アクアシティお台場) 4F-409 1-7-1, Daiba Minato-ku Tokyo, 135-0091, Minato-ku",35.6279831,139.7741506,other;taiko,,ziv
Tokyu Department Store Sapporo Amuse Park (東急百貨店さっぽろアミューズパーク),"1, North 4 West 2 Tokyu Department Store Sapporo (東急百貨店さっぽろ店) 9F Sapporo Hokkaido, 060-0004, Sapporo",43.0663839,141.3530004,chunithm;maimai_dx;other;taiko,,ziv
Tom Sawyer & Friends Takanosu (トム・ソーヤのなかまたち鷹巣店),"AEON TOWN Takanosu (イオンタウン鷹巣) 1F 31-1, Nakatsuna, Sakae Kitaakita Akita, 018-3302, Kitaakita",40.2301424,140.3847048,other,,ziv
Toyama Leisure Land Imizu (富山レジャーランド射水店),"Osakaya Shop Aprio (大阪屋ショップアプリオ) 2F 3724-1, Kojima Imizu Toyama, 939-0274, Imizu",36.7366407,137.0609541,other,,ziv
Toyama Leisure Land Kureha (トヤマレジャーランド 呉羽店),"2054, Aza-Kaizuka, Takagi Toyama Toyama, 930-0106, Toyama",36.7154226,137.1579501,other,,ziv
VEGA Asahi Bowling Center (VEGAアサヒボウリングセンター),"2-1-5, Shinjuku, Chuo-ku Chiba Chiba, 260-0021, Chiba",35.6082060,140.1165388,other,,ziv
Video Game Museum Robot Fukaya /ビデオゲームミュージアム ロボット 深谷店,"4 Chome-12-1 Kamishibachonishi Fukaya Saitama, 〒366-0052, Fukaya",36.3539908,139.3395164,jubeat;other,,ziv
Water Park Game Center (ウォーターパーク ゲームセンター),"Spa Resort Hawaiians Water Park (スパリゾートハワイアンズ ウォーターパーク) 50, Warabidaira, Jobanfujiwaramachi Iwaki Fukushima, 972-8326, Iwaki",36.9939744,140.8157891,other,,ziv
Yabuzuka Batting Center (薮塚バッティングセンター),"2256-6, Obaracho Ota Gunma, 379-2304, Ota",36.3594547,139.2698860,other,,ziv
YOU'S LAND Higashiura (ユーズランド東浦店),"13-2, Asahi, Ogawa AEON MALL Higashiura (イオンモール東浦) 2F Higashiura, Chita-gun Aichi, 470-2102, Higashiura, Chita-gun",34.9800052,136.9742789,chunithm;iidx;maimai_dx;ongeki;other;sdvx;taiko,,ziv
You's Land Kurashiki (ユーズランド倉敷店),"AEON MALL Kurashiki (イオンモール倉敷) 2F 1, Mizue Kurashiki Okayama, 710-0802, Kurashiki",34.6043069,133.7470532,other,,ziv
You's Land Shimoda (ユーズランド下田店),"AEON MALL Shimoda (イオンモール下田) 1F 40-1, Nakanotai Oirase Aomori, 039-2112, Oirase",40.6014081,141.4196124,other,,ziv
youme Park youme city (ゆめパークゆめシティ店),"youme city (ゆめシティ) 3F 3-1-1, Ikurashinmachi Shimonoseki Yamaguchi, 751-0869, Shimonoseki",34.0068658,130.9328833,other,,ziv
youme Town Takamatsu youme land (ゆめタウン高松ゆめランド),"youme Town Takamatsu (ゆめタウン高松) 2F 608-1, Chusho, Sanjocho Takamatsu Kagawa, 761-8072, Takamatsu",34.3171520,134.0408576,other,,ziv
Yu-LAND Nishi-goryo (遊ランド 西御料店),"5-2, Nishi-Goryo Asahikawa Hokkaido, Asahikawa",43.7238102,142.3689667,other,,ziv
Yu-LAND Shibetsu (遊ランド士別店),"8, Odorihigashi Shibetsu Hokkaido, 095-0019, Shibetsu",44.1739109,142.3943077,other,,ziv
Yu-LAND Shunkou (遊ランド 春光店),"2-1, Shunkou Pachinko P-TOWN Shunkou 2F Asahikawa Hokkaido, 070-0871, Asahikawa",43.7981691,142.3740202,chunithm;drs;iidx;jubeat;maimai_dx;nostalgia;ongeki;other;popn;sdvx;taiko,,ziv
Yu-LAND Wakkanai (遊ランド稚内店),"5-8-15, Minato Wakkanai Hokkaido, 097-0021, Wakkanai",45.4007765,141.6808463,other,,ziv
あそVIVA本店,福知山市字堀小字上高田2146-1あそVIVA1F,35.2897191,135.1348229,iidx;other;polaris_chord;popn;sdvx,iidx_lm;sdvx_vm,eagate;ziv
あみぱらんど福山店,広島県福山市三吉町南２ー８ー２４,34.4884797,133.3784340,chunithm;maimai_dx;ongeki;other,,allnet;ziv
ふぇすたらんど久留米店,福岡県久留米市野中町1411-1,33.3031851,130.5301183,chunithm;maimai_dx;ongeki;other,,allnet;ziv
ふぇすたらんど五日市店,広島県広島市佐伯区八幡１−２４−１７サンリブ五日市店２Ｆ,34.3868209,132.3583323,chunithm;maimai_dx;ongeki;other,,allnet;ziv
ふぇすたらんど倉敷マスカット店,岡山県倉敷市松島１１６３−２山陽マルナカマスカット店別館３Ｆ,34.6277433,133.8024727,chunithm;maimai_dx;ongeki;other;reflec,,allnet;eagate;ziv
ふぇすたらんど古賀店,福岡県古賀市天神2-5-1,33.7346719,130.4664457,chunithm;maimai_dx;other,,allnet;ziv
ふぇすたらんど可部,広島県広島市安佐北区可部7-4-13マルナカ可部店内,34.5233926,132.5115150,chunithm;maimai_dx;ongeki;other;polaris_chord;popn,popn_pikapika,allnet;eagate;ziv
ふぇすたらんど平島店,岡山県岡山市東区東平島1609,34.7078240,134.0497942,chunithm;maimai_dx;other,,allnet;ziv
ふぇすたらんど広店,広島県呉市広本町２丁目１７−１ イオン広店４Ｆ,34.2338435,132.6230721,chunithm;maimai_dx;other,,allnet;ziv
ふぇすたらんど新居浜店,愛媛県新居浜市上泉町１２−１,33.9363210,133.3106012,chunithm;maimai_dx;other,,allnet;ziv
ふぇすたらんど田川店,福岡県田川市大字川宮1693-1,33.6494841,130.7980754,chunithm;maimai_dx;other,,allnet;ziv
ふぇすたらんど菊陽店,熊本県菊池郡菊陽町津久礼２４７２,32.8620047,130.8012059,chunithm;maimai_dx;ongeki;other,,allnet;ziv
ふぇすたらんど高屋店,岡山県岡山市中区高屋36-1,34.6735842,133.9606253,chunithm;maimai_dx;other,,allnet;ziv
アソビクル新宮店,福岡県糟屋郡新宮町三代９９９番地１,33.7031295,130.4559895,chunithm;maimai_dx;ongeki;other,,allnet;ziv
アソビクル長崎戸町店,長崎県長崎市戸町４‐９‐３,32.7211376,129.8611866,chunithm;maimai_dx;ongeki;other,,allnet;ziv
アドアーズ上野アメ横,東京都台東区上野４−９−１４上野Ｋ．ＫビルＢ１〜４階,35.7100380,139.7742682,chunithm;gitadora;iidx;jubeat;ongeki;other;popn;sdvx;taiko,iidx_lm;sdvx_vm,allnet;eagate;ziv
アドアーズ中野,東京都中野区中野５−５２−１５ ブロードウェイ１８５,35.7091924,139.6656938,chunithm;iidx;maimai_dx;other;polaris_chord;sdvx;taiko,iidx_lm;sdvx_vm,allnet;eagate;ziv
アドアーズ新小岩,東京都葛飾区新小岩１−４４−４ ＶＯＲＴ新小岩ビル,35.7162968,139.8582264,chunithm;iidx;maimai_dx;ongeki;other;sdvx,iidx_lm;sdvx_vm,allnet;eagate;ziv
アドアーズ渋谷,東京都渋谷区宇田川町１３−１１ ＫＮ渋谷１ビル,35.6612471,139.6982321,maimai_dx;other;taiko,,allnet;ziv
アピナ上尾店,埼玉県上尾市緑丘３−３−１１−２ Ｐ・Ａ・Ｐ・Ａ上尾ＳＣ別棟,35.9882466,139.5808223,chunithm;maimai_dx;ongeki;other;project_diva,,allnet;ziv
アピナ上田店,長野県上田市秋和３５９−１,36.4159917,138.2235105,chunithm;gitadora;iidx;jubeat;maimai_dx;nostalgia;ongeki;other;polaris_chord;popn;sdvx,iidx_lm;sdvx_vm,allnet;eagate;ziv
アピナ下館店,茨城県筑西市玉戸１０１２−３,36.2954256,139.9456893,chunithm;maimai_dx;ongeki;other;project_diva,,allnet;ziv
アピナ伊那店,長野県伊那市大字西町５０９３,35.8328702,137.9499861,chunithm;ddr;gitadora;iidx;jubeat;maimai_dx;nostalgia;ongeki;other;polaris_chord;project_diva,iidx_lm,allnet;eagate;ziv
アピナ佐久インター店,長野県佐久市岩村田北１−１３−１,36.2844797,138.4823375,chunithm;drs;gitadora;iidx;jubeat;maimai_dx;ongeki;other;polaris_chord;popn;sdvx,iidx_lm;popn_pikapika;sdvx_vm,allnet;eagate;ziv
アピナ八王子みなみ野店,東京都八王子市みなみ野１−２−１アクロスモール３Ｆ,35.6306170,139.3292720,chunithm;gitadora;iidx;maimai_dx;ongeki;other;polaris_chord;popn;sdvx,iidx_lm;popn_pikapika;sdvx_vm,allnet;eagate;ziv
アピナ印西店,印西市原1-2ビッグホップガーデンモール印西2F,35.8030090,140.1624960,iidx;jubeat;other;polaris_chord;popn;sdvx,iidx_lm;sdvx_vm,eagate;ziv
アピナ各務原店,岐阜県各務原市蘇原花園町２丁目９番地１,35.4120854,136.8480680,chunithm;maimai_dx;ongeki;other;sdvx,sdvx_vm,allnet;eagate;ziv
アピナ名古屋栄店,愛知県名古屋市中区錦３‐１７‐１５ドン・キホーテ栄本店Ｂ１,35.1702098,136.9063906,chunithm;iidx;maimai_dx;other;popn;sdvx;taiko,iidx_lm;popn_pikapika;sdvx_vm,allnet;eagate;ziv
アピナ四日市店,三重県四日市市泊小柳町４−３４,34.9393248,136.6068238,chunithm;gitadora;iidx;jubeat;maimai_dx;nostalgia;ongeki;other;polaris_chord;popn;project_diva;reflec;sdvx,gitadora_dm_arena;gitadora_gf_arena;iidx_lm;popn_pikapika;sdvx_vm,allnet;eagate;ziv
アピナ塩尻店,長野県塩尻市広丘野村１７９４−１,36.1415524,137.9538308,chunithm;gitadora;iidx;jubeat;maimai_dx;ongeki;other;project_diva,iidx_lm,allnet;eagate;ziv
アピナ大須賀店,静岡県掛川市西大渕３３５９,34.6767312,137.9696162,jubeat;ongeki;other;reflec,,allnet;eagate;ziv
アピナ太田店,群馬県太田市内ケ島町９０７−１,36.2829707,139.3984248,chunithm;ddr;gitadora;iidx;jubeat;maimai_dx;nostalgia;ongeki;other;polaris_chord;popn;project_diva;reflec;sdvx,iidx_lm;popn_pikapika;sdvx_vm,allnet;eagate;ziv
アピナ姫路店,兵庫県姫路市東郷町１４５４−３姫路リオス２階,34.8269676,134.7151601,chunithm;dance_evo;drs;gitadora;iidx;jubeat;maimai_dx;nostalgia;ongeki;other;polaris_chord;popn;project_diva;reflec,iidx_lm;popn_pikapika,allnet;eagate;ziv
アピナ富山南店,富山県富山市堀川町３５５−３ マイプラザ内,36.6649370,137.2173196,chunithm;gitadora;iidx;jubeat;maimai_dx;nostalgia;ongeki;other;polaris_chord;project_diva;sdvx,iidx_lm;sdvx_vm,allnet;eagate;ziv
アピナ富山新庄店,富山県富山市荒川３−２−１２,36.6953333,137.2480711,chunithm;gitadora;jubeat;maimai_dx;nostalgia;ongeki;other,,allnet;eagate;ziv
アピナ富山豊田店,富山県富山市豊田町２丁目１２−６６,36.7210181,137.2355046,chunithm;ddr;drs;gitadora;iidx;jubeat;maimai_dx;nostalgia;ongeki;other;polaris_chord;popn;project_diva;reflec;sdvx,ddr_gold;gitadora_dm_arena;gitadora_gf_arena;iidx_lm;popn_pikapika;sdvx_vm,allnet;eagate;ziv
アピナ富谷店,宮城県富谷市大清水１丁目３３‐１ １０９シネマズ富谷１階,38.3648779,140.8752317,chunithm;ddr;gitadora;maimai_dx;ongeki;other;polaris_chord;popn;sdvx,ddr_gold;sdvx_vm,allnet;eagate;ziv
アピナ小山店,栃木県小山市駅南町４−２７−１８,36.3004010,139.8091238,chunithm;drs;gitadora;iidx;jubeat;maimai_dx;nostalgia;ongeki;other;polaris_chord;popn;sdvx,iidx_lm;popn_pikapika;sdvx_vm,allnet;eagate;ziv
アピナ川越店,埼玉県川越市泉町１−１ ウニクス南古谷シネマ棟１Ｆ,35.9038204,139.5153346,chunithm;gitadora;iidx;maimai_dx;ongeki;other;polaris_chord;popn;sdvx,iidx_lm;popn_pikapika;sdvx_vm,allnet;eagate;ziv
アピナ市原店,千葉県市原市更級４丁目２番１号アクロスプラザ市原更級Ｆ棟１階,35.5098965,140.1013068,chunithm;maimai_dx;ongeki;other,,allnet;ziv
アピナ新利府 北館店,宮城県宮城郡利府町利府字新屋田前２２イオンモール新利府北館２,38.3268494,140.9719782,chunithm;maimai_dx;ongeki;other,,allnet;ziv
アピナ新千歳空港店,北海道千歳市美々1292番地33新千歳空港国内線旅客ﾀｰﾐﾅﾙﾋﾞﾙ4F,42.7871266,141.6805602,jubeat;ongeki;other;project_diva;taiko,,allnet;eagate;ziv
アピナ本巣店,本巣市政田字下西浦1986イオンタウン本巣内,35.4326960,136.6400994,other;popn,,eagate;ziv
アピナ松本店,長野県松本市双葉１９−１０,36.2105026,137.9615503,chunithm;dance_evo;ddr;drs;gitadora;iidx;jubeat;maimai_dx;nostalgia;ongeki;other;polaris_chord;popn;project_diva;reflec;sdvx,ddr_gold;gitadora_dm_arena;gitadora_gf_arena;iidx_lm;popn_pikapika;sdvx_vm,allnet;eagate;ziv
アピナ橋本店,神奈川県相模原市緑区西橋本５−１−１ラ・フロール駐車場棟１階,35.5973214,139.3373139,chunithm;gitadora;iidx;maimai_dx;nostalgia;ongeki;other;polaris_chord;popn;project_diva;sdvx,iidx_lm;popn_pikapika;sdvx_vm,allnet;eagate;ziv
アピナ浜松店,静岡県浜松市中央区葵西２−２７−１０,34.7674101,137.7081848,chunithm;gitadora;iidx;maimai_dx;ongeki;other;polaris_chord;sdvx,iidx_lm;sdvx_vm,allnet;eagate;ziv
アピナ焼津店,静岡県焼津市道原５８５,34.8335667,138.3059799,chunithm;gitadora;iidx;jubeat;maimai_dx;nostalgia;ongeki;other;popn;reflec;sdvx;taiko,iidx_lm;sdvx_vm,allnet;eagate;ziv
アピナ磐田店,静岡県磐田市西貝塚横須賀道北3690イオンタウン磐田内,34.7270625,137.8772654,chunithm;gitadora;maimai_dx;nostalgia;ongeki;other;popn;reflec,,allnet;eagate;ziv
アピナ荻窪店,東京都杉並区上荻１−１３−１０ハクサンビル,35.7050135,139.6181738,chunithm;ddr;iidx;maimai_dx;ongeki;other;polaris_chord;popn;sdvx,ddr_gold;iidx_lm;popn_pikapika;sdvx_vm,allnet;eagate;ziv
アピナ豊橋,愛知県豊橋市藤沢町１４１ホリデイ・スクエアＡＭ棟１階,34.7445532,137.3713362,chunithm;iidx;maimai_dx;ongeki;other;polaris_chord;popn;sdvx,iidx_lm;popn_pikapika;sdvx_vm,allnet;eagate;ziv
アピナ野々市バッティングスタジアム,石川県野々市市若松町５−５,36.5367471,136.6110606,chunithm;jubeat;other;project_diva;reflec,,allnet;eagate;ziv
アピナ野々市店,石川県野々市市白山町４−１イオンタウン野々市店内,36.5273856,136.6121969,chunithm;gitadora;iidx;maimai_dx;ongeki;other,iidx_lm,allnet;eagate;ziv
アピナ野田七光台店,千葉県野田市七光台４−２,35.9823488,139.8501379,chunithm;nostalgia;other;popn,,allnet;eagate;ziv
アピナ鈴鹿店,三重県鈴鹿市庄野羽山4-20-1イオンタウン鈴鹿2階,34.8721888,136.5270464,chunithm;gitadora;maimai_dx;nostalgia;ongeki;other,,allnet;eagate;ziv
アピナ長岡店,新潟県長岡市堺東町２２,37.4579741,138.8131975,chunithm;ddr;drs;gitadora;iidx;jubeat;maimai_dx;nostalgia;ongeki;other;polaris_chord;popn;project_diva;sdvx,gitadora_dm_arena;gitadora_gf_arena;iidx_lm;popn_pikapika;sdvx_vm,allnet;eagate;ziv
アピナ長野大橋店,長野県長野市若里７−９−１２,36.6265335,138.2002093,chunithm;gitadora;iidx;maimai_dx;nostalgia;ongeki;other;sdvx,iidx_lm;sdvx_vm,allnet;eagate;ziv
アピナ長野川中島店,長野県長野市川中島町御厨９６７−１,36.5980241,138.1574813,chunithm;gitadora;iidx;maimai_dx;ongeki;other;polaris_chord;popn;sdvx,iidx_lm;popn_pikapika;sdvx_vm,allnet;eagate;ziv
アピナ飯田店,長野県飯田市座光寺３７２８−１,35.5299738,137.8597012,chunithm;gitadora;iidx;jubeat;maimai_dx;nostalgia;ongeki;other;popn;project_diva;reflec;sdvx,iidx_lm;sdvx_vm,allnet;eagate;ziv
アピナ鶴岡店,山形県鶴岡市文下字広野１−１,38.7581392,139.8443827,chunithm;drs;gitadora;iidx;jubeat;maimai_dx;nostalgia;ongeki;other;polaris_chord;popn;sdvx,iidx_lm;sdvx_vm,allnet;eagate;ziv
アミパラがいな店,鳥取県米子市日ノ出町１−８−１３,35.4377737,133.3391965,chunithm;ddr;gitadora;iidx;maimai_dx;ongeki;other;polaris_chord;popn;sdvx,gitadora_dm_arena;gitadora_gf_arena;iidx_lm;popn_pikapika;sdvx_vm,allnet;eagate;ziv
アミパラ丸亀店,香川県丸亀市飯野町西分字川縁甲５８４−１ ハローズ棟内,34.2848078,133.8210303,chunithm;ddr;gitadora;iidx;maimai_dx;ongeki;other;sdvx,sdvx_vm,allnet;eagate;ziv
アミパラ佐世保店,長崎県佐世保市大塔町１８−１５,33.1500003,129.7803082,chunithm;ddr;drs;gitadora;iidx;jubeat;maimai_dx;ongeki;other;polaris_chord;popn;sdvx,iidx_lm;sdvx_vm,allnet;eagate;ziv
アミパラ加古川店,兵庫県加古川市尾上町今福７１−２,34.7513160,134.8285725,ongeki;other,,allnet;ziv
アミパラ周南久米店,周南市久米中央5-6-1イオンタウン周南久米内,34.0373758,131.8441913,other;sdvx,sdvx_vm,eagate;ziv
アミパラ広島店,広島市西区西観音町3-17,34.3935043,132.4360428,other;sdvx,sdvx_vm,eagate;ziv
アミパラ松山店,愛媛県松山市生石町６５５−１,33.8336799,132.7449960,chunithm;maimai_dx;ongeki;other,,allnet;ziv
アミパラ松江店,島根県松江市東朝日町２０３−１,35.4637094,133.0741923,chunithm;maimai_dx;ongeki;other,,allnet;ziv
アミパラ橿原店,奈良県橿原市十市町1222-1ツインゲート橿原１F,34.5294150,135.7968476,chunithm;ddr;gitadora;iidx;maimai_dx;ongeki;other;polaris_chord;popn;sdvx,gitadora_dm_arena;gitadora_gf_arena;iidx_lm;popn_pikapika;sdvx_vm,allnet;eagate;ziv
アミパラ津山店,岡山県津山市河辺１０００−１イオンモール津山２Ｆ,35.0650815,134.0464219,chunithm;iidx;maimai_dx;ongeki;other;sdvx,iidx_lm;sdvx_vm,allnet;eagate;ziv
アミパラ神辺店,広島県福山市神辺町大字新道上字１−２−１,34.5457711,133.3586391,chunithm;maimai_dx;other,,allnet;ziv
アミパラ草津店,滋賀県草津市木川町72,35.0200023,135.9431956,chunithm;maimai_dx;other,,allnet;ziv
アミパラ高松店,香川県高松市伏石町２１６８番２,34.3070192,134.0591869,chunithm;maimai_dx;ongeki;other,,allnet;ziv
アミパラ高知店,高知県南国市篠原１９４−１,33.5679737,133.6344573,chunithm;ddr;gitadora;iidx;maimai_dx;ongeki;other;polaris_chord;project_diva;sdvx,ddr_gold;iidx_lm;sdvx_vm,allnet;eagate;ziv
アミュージアム周南店,山口県下松市中央町21-3THEMALL周南3F,34.0186116,131.8628765,chunithm;maimai_dx;ongeki;other,,allnet;ziv
アミュージアム津島店,愛知県津島市大字津島字北新開351番地ﾖｼﾂﾞﾔ津島本店ｼﾈﾏ館2F,35.1746003,136.7464136,chunithm;maimai_dx;ongeki;other;popn,,allnet;eagate;ziv
アミュージアム茂原店,千葉県茂原市高師１６１９−１,35.4367764,140.2844057,chunithm;maimai_dx;other,,allnet;ziv
アミュージアム高松店,香川県高松市伏石町2144-9,34.3077315,134.0603231,chunithm;maimai_dx;ongeki;other,,allnet;ziv
アミューズスペースミール,兵庫県三田市対中町５−２１,34.8806357,135.2295503,chunithm;other;project_diva,,allnet;ziv
アミューズパーク郡山,福島県郡山市安積町日出山2丁目80,37.3744131,140.3839021,chunithm;iidx;jubeat;other;sdvx,iidx_lm;sdvx_vm,allnet;eagate;ziv
アミューズメントエース津田沼,千葉県船橋市前原西２−１５−１ファシービル,35.6922777,140.0201815,chunithm;ddr;gitadora;iidx;jubeat;maimai_dx;nostalgia;ongeki;other;polaris_chord;popn;sdvx,ddr_gold;gitadora_dm_arena;gitadora_gf_arena;iidx_lm;popn_pikapika;sdvx_vm,allnet;eagate;ziv
アミューズメントスペースASO：VIBA！,東京都渋谷区恵比寿1-10-5三恵エビスビル2F,35.6467821,139.7110171,chunithm;iidx;maimai_dx;ongeki;other;popn;taiko,,allnet;ziv
アミューズメントゾーン北上店,岩手県北上市本通２丁目２ー１クラソ・プレイス北上４Ｆ,39.2884426,141.1158249,chunithm;maimai_dx;ongeki;other,,allnet;ziv
アミューズメントパフェパレパレ田宮店,徳島県徳島市南田宮２−２−４６,34.0861319,134.5427222,chunithm;gitadora;jubeat;maimai_dx;ongeki;other;popn,,allnet;eagate;ziv
アミューズメントパレスワンダーヴュー阿見店,稲敷郡阿見町大字阿見2958ショッピングセンターマイ･アミ2F,36.0422309,140.2100215,ddr;gitadora;iidx;maimai_dx;nostalgia;ongeki;other;popn;sdvx,iidx_lm;sdvx_vm,eagate;ziv
アミューズメントパークMGレインボー店,高松市多肥下町字凹原630マルナカパワシティレインボー店2F,34.2996539,134.0588105,iidx;other;popn,iidx_lm,eagate;ziv
アミューズメントパークMG西条店,西条市新田字北新田235フジグラン西条別棟,33.9267029,133.1828145,other;sdvx,sdvx_vm,eagate;ziv
アミューズメントパークＭＧキスケ,愛媛県松山市宮田町４ キスケボックス内１階,33.8413598,132.7528735,chunithm;ddr;gitadora;iidx;jubeat;maimai_dx;nostalgia;ongeki;other;polaris_chord;popn;project_diva;sdvx,ddr_gold;gitadora_dm_arena;gitadora_gf_arena;iidx_lm;sdvx_vm,allnet;eagate;ziv
アミューズメントパークＭＧジアス,広島県福山市柳津町１−７−６０,34.4406368,133.2606430,chunithm;gitadora;ongeki;other;polaris_chord;popn;sdvx,sdvx_vm,allnet;eagate;ziv
アミューズメントパークＭＧ伊予三島,愛媛県四国中央市中之庄町７５−１ アイランド三島内,33.9745392,133.5287779,chunithm;gitadora;iidx;ongeki;other;polaris_chord;popn;sdvx,iidx_lm;sdvx_vm,allnet;eagate;ziv
アミューズメントパークＭＧ大街道,愛媛県松山市大街道１−４−１７,33.8378938,132.7698832,chunithm;iidx;maimai_dx;ongeki;other;popn;sdvx,iidx_lm;sdvx_vm,allnet;eagate;ziv
アミューズメントパークＭＧ府中天満屋店,広島県府中市府川町１８６−１府中天満屋２階,34.5698258,133.2368850,chunithm;other,,allnet;ziv
アミューズメントワールドメトロポリス小牧,愛知県小牧市村中新町３３,35.2959343,136.9056166,chunithm;iidx;maimai_dx;ongeki;other;polaris_chord;popn;sdvx;taiko,iidx_lm;popn_pikapika;sdvx_vm,allnet;eagate;ziv
アミューズメントＣＵＥ京都円町店,京都府京都市中京区西ノ京西円町４０,35.0188326,135.7311504,chunithm;ddr;gitadora;iidx;jubeat;maimai_dx;nostalgia;ongeki;other;popn;reflec;sdvx;taiko,gitadora_dm_arena;gitadora_gf_arena;iidx_lm;sdvx_vm,allnet;eagate;ziv
アミューズメントＣＵＥ奈良三条店,奈良県奈良市三条町478-1,34.6817818,135.8221376,chunithm;ddr;drs;gitadora;iidx;jubeat;maimai_dx;ongeki;other;popn;sdvx;taiko,gitadora_dm_arena;gitadora_gf_arena;iidx_lm;sdvx_vm,allnet;eagate;ziv
アミューズメントＣＵＥ奈良大和高田店,奈良県大和高田市東中２−１１−１６,34.4997760,135.7355951,chunithm;ddr;gitadora;iidx;jubeat;maimai_dx;ongeki;other;popn;sdvx,gitadora_dm_arena;gitadora_gf_arena;iidx_lm;sdvx_vm,allnet;eagate;ziv
アミューズランドモナコ川越店,埼玉県川越市新富町2-4-1,35.9132940,139.4831383,chunithm;ddr;gitadora;iidx;jubeat;maimai_dx;ongeki;other;popn;sdvx;taiko,,allnet;ziv
アレックス,山口県宇部市西宇部南３−５−５３,33.9993804,131.2201177,chunithm;iidx;maimai_dx;ongeki;other;sdvx,iidx_lm;sdvx_vm,allnet;eagate;ziv
アーチ北山バッティングセンター,豊橋市北山町字西ノ原40-20,34.7328155,137.3977467,jubeat;other,,eagate;ziv
イスカンダル,千葉県木更津市潮見４−１−２,35.3696837,139.9175383,chunithm;iidx;maimai_dx;ongeki;other;sdvx,iidx_lm;sdvx_vm,allnet;eagate;ziv
イーグルボウル,愛知県知立市宝町塩掻58,35.0088648,137.0356867,chunithm;other;taiko,,allnet;ziv
ウェアハウス四万十店,高知県四万十市右山五月町８−１３アピアさつき２F,32.9871096,132.9392991,chunithm;gitadora;iidx;jubeat;maimai_dx;ongeki;other;popn;project_diva;sdvx,iidx_lm;sdvx_vm,allnet;eagate;ziv
ウェアハウス岩槻店,埼玉県さいたま市岩槻区加倉３ー３ー６３,35.9411790,139.6861123,chunithm;gitadora;iidx;jubeat;maimai_dx;nostalgia;ongeki;other;reflec;sdvx,iidx_lm;sdvx_vm,allnet;eagate;ziv
エースレーン堅田,滋賀県大津市今堅田２−４０−１０,35.1246449,135.9194342,chunithm;gitadora;maimai_dx;ongeki;other;popn;sdvx,sdvx_vm,allnet;eagate;ziv
エースレーン守山,滋賀県守山市播磨田町２３１−４ＡＣＴ守山３番館内,35.0678892,135.9958577,chunithm;iidx;maimai_dx;nostalgia;ongeki;other;sdvx,iidx_lm;sdvx_vm,allnet;eagate;ziv
エースレーン草津,草津市野路3-1-11,34.9996569,135.9463199,ddr;gitadora;iidx;jubeat;other;popn;sdvx,ddr_gold;gitadora_dm_arena;gitadora_gf_arena;iidx_lm;sdvx_vm,eagate;ziv
キッズサーカス奈良柏木店,奈良県奈良市柏木町４５６−１,34.6718191,135.7991956,chunithm;maimai_dx;ongeki;other;polaris_chord,,allnet;eagate;ziv
キッズランド,岩手県紫波郡紫波町桜町１丁目１２−１ ナックス内キッズランド,39.5490768,141.1652420,chunithm;maimai_dx;other,,allnet;ziv
キャッツアイ新札幌店,北海道札幌市厚別区厚別東五条１ー２−１０,43.0452612,141.4757970,chunithm;ddr;gitadora;iidx;jubeat;maimai_dx;ongeki;other;polaris_chord;popn;project_diva;reflec;sdvx,gitadora_dm_arena;gitadora_gf_arena;iidx_lm;sdvx_vm,allnet;eagate;ziv
キャッツアイ清田店,北海道札幌市清田区清田１条１−２０−１,43.0029841,141.4363969,chunithm;gitadora;iidx;maimai_dx;ongeki;other;popn;sdvx,iidx_lm;sdvx_vm,allnet;eagate;ziv
キャッツアイ苫小牧駅前店,北海道苫小牧市木場町１丁目３番地２,42.6417399,141.5976863,chunithm;iidx;maimai_dx;other,iidx_lm,allnet;eagate;ziv
キャッツアイ静内店,北海道日高郡新ひだか町静内木場町２丁目１−４１,42.3414196,142.3556497,chunithm;iidx;maimai_dx;other,,allnet;eagate;ziv
ゲーム アルカナ,愛知県稲沢市朝府町２−３３,35.2518633,136.7788012,chunithm;iidx;maimai_dx;ongeki;other;popn,,allnet;eagate;ziv
ゲームアイビス太子,兵庫県揖保郡太子町太田２１４９,34.8322249,134.6000040,chunithm;iidx;maimai_dx;ongeki;other;sdvx,iidx_lm;sdvx_vm,allnet;eagate;ziv
ゲームキングジョイ,愛知県名古屋市中区栄３‐３‐３２,35.1679815,136.9049511,chunithm;dance_evo;ddr;drs;gitadora;iidx;jubeat;maimai_dx;nostalgia;ongeki;other;polaris_chord;popn;reflec;sdvx;taiko,ddr_gold;gitadora_dm_arena;gitadora_gf_arena;iidx_lm;popn_pikapika;sdvx_vm,allnet;eagate;ziv
ゲームコーナー東部,宮城県仙台市若林区六丁の目中町26-60 斎喜東部ビル2F,38.2509985,140.9439369,chunithm;dance_evo;ddr;drs;gitadora;iidx;jubeat;maimai_dx;nostalgia;ongeki;other;polaris_chord;popn;project_diva;reflec;sdvx,ddr_gold;gitadora_dm_arena;gitadora_gf_arena;iidx_lm;popn_pikapika;sdvx_vm,allnet;eagate;ziv
ゲームシティ川口店,埼玉県川口市栄町1-10-5,35.8025278,139.7256101,chunithm;gitadora;iidx;maimai_dx;nostalgia;ongeki;other;polaris_chord;popn;sdvx,iidx_lm;popn_pikapika;sdvx_vm,allnet;eagate;ziv
ゲームスペースA-3,福島県西白河郡西郷村字豊作西15-16-17,37.1245560,140.1826120,chunithm;gitadora;iidx;jubeat;nostalgia;other;popn,iidx_lm,allnet;eagate;ziv
ゲームセンター スペース1,福岡県小郡市小郡1466-3,33.3926311,130.5419638,chunithm;jubeat;other,,allnet;eagate;ziv
ゲームセンターベティ,石川県七尾市舟尾町ウ-38,37.0671949,136.9069915,chunithm;ddr;drs;gitadora;iidx;jubeat;maimai_dx;nostalgia;ongeki;other;popn;sdvx,,allnet;ziv
ゲームセンター電撃ベイサイド,鹿児島県鹿児島市浜町2-2,31.6023045,130.5657537,chunithm;maimai_dx;ongeki;other,,allnet;ziv
ゲームゾーントレジャー北町店,山形市北町2-2-45山形ファミリーボウル内,38.2687380,140.3293290,gitadora;iidx;jubeat;nostalgia;other;popn;sdvx,iidx_lm;sdvx_vm,eagate;ziv
ゲームパニックつくば,茨城県土浦市中村東1-1-1サンタスワールド内,36.0463834,140.1682228,chunithm;ddr;drs;gitadora;iidx;jubeat;maimai_dx;nostalgia;ongeki;other;polaris_chord;popn;project_diva;sdvx,ddr_gold;gitadora_dm_arena;gitadora_gf_arena;iidx_lm;popn_pikapika;sdvx_vm,allnet;eagate;ziv
ゲームパニック三郷,埼玉県三郷市ピアラシティ1-1-200,35.8421860,139.8548677,chunithm;ddr;gitadora;iidx;maimai_dx;ongeki;other;polaris_chord;popn;sdvx,ddr_gold;gitadora_dm_arena;gitadora_gf_arena;iidx_lm;popn_pikapika;sdvx_vm,allnet;eagate;ziv
ゲームパニック大須,愛知県名古屋市中区大須3-30-93 メガタウンB1F,35.1600309,136.9053767,chunithm;ddr;gitadora;iidx;maimai_dx;nostalgia;ongeki;other;polaris_chord;popn;sdvx;taiko,ddr_gold;gitadora_dm_arena;gitadora_gf_arena;iidx_lm;popn_pikapika;sdvx_vm,allnet;eagate;ziv
ゲームパニック大高,愛知県名古屋市緑区忠治山２０１番地,35.0485212,136.9497129,chunithm;ddr;drs;gitadora;iidx;jubeat;maimai_dx;nostalgia;ongeki;other;polaris_chord;popn;project_diva;sdvx;taiko,ddr_gold;gitadora_dm_arena;gitadora_gf_arena;iidx_lm;popn_pikapika;sdvx_vm,allnet;eagate;ziv
ゲームパニック新宿歌舞伎町,東京都新宿区歌舞伎町1-20-1 ﾋｭｰﾏｯｸｽﾊﾟﾋﾞﾘｵﾝ1階2階,35.6958088,139.7015128,chunithm;ddr;drs;gitadora;iidx;maimai_dx;nostalgia;ongeki;other;polaris_chord;popn;project_diva;sdvx;taiko,ddr_gold;gitadora_dm_arena;gitadora_gf_arena;iidx_lm;popn_pikapika;sdvx_vm,allnet;eagate;ziv
ゲームパニック甲府,山梨県甲府市国母5-20-24,35.6420402,138.5473613,chunithm;ddr;gitadora;iidx;jubeat;maimai_dx;ongeki;other;polaris_chord;popn;sdvx,ddr_gold;gitadora_dm_arena;gitadora_gf_arena;iidx_lm;popn_pikapika;sdvx_vm,allnet;eagate;ziv
ゲームパニック秋葉原,東京都千代田区外神田1-13-1 Akihabara ex,35.6988516,139.7716001,chunithm;ddr;gitadora;iidx;maimai_dx;ongeki;other;polaris_chord;popn;sdvx,ddr_gold;gitadora_dm_arena;gitadora_gf_arena;iidx_lm;popn_pikapika;sdvx_vm,allnet;eagate;ziv
ゲームファンタジアン柳津店,岐阜市柳津町上佐波西3-68,35.3759683,136.7145391,chunithm;gitadora;iidx;maimai_dx;ongeki;other;popn;sdvx;taiko,gitadora_dm_arena;gitadora_gf_arena;iidx_lm;sdvx_vm,eagate;ziv
ゲームフィールド仙台長町店,宮城県仙台市太白区長町７丁目２０番３号ザ・モール仙台長町店３階,38.2259896,140.8767364,chunithm;maimai_dx;ongeki;other;polaris_chord,,allnet;eagate;ziv
ゲームフィールド十文字店,秋田県横手市十文字町仁井田字東22-1スーパーモールラッキー内,39.2161139,140.5210551,chunithm;maimai_dx;ongeki;other,,allnet;ziv
ゲームフィールド鷹巣店,秋田県北秋田市栄字前綱76 いとく鷹巣SC内,40.2325980,140.3800876,chunithm;maimai_dx;other,,allnet;ziv
ゲームメガつくば店,茨城県つくば市小野崎１７７−２,36.0768508,140.1047378,chunithm;gitadora;iidx;jubeat;maimai_dx;ongeki;other;popn;sdvx,iidx_lm;sdvx_vm,allnet;eagate;ziv
ゲームメガ日立店,茨城県日立市東多賀町５−１０−１０,36.5482340,140.6305081,chunithm;ddr;gitadora;iidx;jubeat;maimai_dx;nostalgia;ongeki;other;polaris_chord;popn;project_diva;sdvx,ddr_gold;gitadora_dm_arena;gitadora_gf_arena;iidx_lm;sdvx_vm,allnet;eagate;ziv
ゲームランド佐沼店,宮城県登米市南方町新島前４６−１イオンタウン佐沼ＳＣ,38.6825915,141.1839248,chunithm;maimai_dx;ongeki;other,,allnet;ziv
コミ丸アリババ大垣店,岐阜県大垣市池尻町９４０−１,35.3840722,136.5956108,chunithm;ddr;gitadora;iidx;jubeat;maimai_dx;ongeki;other;polaris_chord;popn,ddr_gold;gitadora_dm_arena;gitadora_gf_arena;iidx_lm;popn_pikapika,allnet;eagate;ziv
コムテックタワー,愛知県名古屋市中村区名駅４−１０−２０,35.1694446,136.8859667,chunithm;ddr;gitadora;iidx;maimai_dx;ongeki;other;polaris_chord;popn;sdvx;taiko,ddr_gold;gitadora_dm_arena;gitadora_gf_arena;iidx_lm;sdvx_vm,allnet;eagate;ziv
サンシャイン,岩手県盛岡市大通２ー７ー２１ジュリアンビル１階,39.7031919,141.1454343,chunithm;iidx;maimai_dx;ongeki;other;popn,,allnet;eagate;ziv
サープラ下通りあそびタウン,熊本県熊本市中央区手取本町４番１２号,32.8026613,130.7093307,chunithm;iidx;maimai_dx;ongeki;other;sdvx;taiko,iidx_lm;sdvx_vm,allnet;eagate;ziv
サープラ京都あそびタウン,京都府京都市中京区西ノ京栂尾町１０７,35.0104305,135.7412456,chunithm;iidx;maimai_dx;ongeki;other;sdvx;taiko,,allnet;ziv
サープラ八潮あそびタウン,埼玉県八潮市大瀬１−１−３フレスポ八潮３Ｆ,35.8085456,139.8438792,chunithm;maimai_dx;other,,allnet;ziv
サープラ天文館あそびタウン,鹿児島県鹿児島市千日町５ー６,31.5892294,130.5557189,chunithm;iidx;maimai_dx;ongeki;other,iidx_lm,allnet;eagate;ziv
サープラ山口あそびタウン,山口県山口市湯田温泉６ー８ー３,34.1646973,131.4517994,chunithm;drs;gitadora;iidx;maimai_dx;ongeki;other;sdvx,iidx_lm;sdvx_vm,allnet;eagate;ziv
サープラ横浜あそびタウン,神奈川県横浜市都筑区中川中央１−２５−１ＮＰモール６Ｆ,35.5516442,139.5794570,chunithm;jubeat;maimai_dx;other,,allnet;ziv
サープラ都城あそびタウン,宮崎県都城市上川東４−５９９７ー４,31.7489243,131.0789474,chunithm;iidx;other,,allnet;eagate;ziv
サープラ隼人あそびタウン,鹿児島県霧島市隼人町見次４２７−１,31.7411825,130.7376746,chunithm;iidx;other,iidx_lm,allnet;eagate;ziv
シルクハット伊勢佐木町,神奈川県横浜市中区伊勢佐木町３-９６日活会館３階,35.4426850,139.6300831,chunithm;iidx;maimai_dx;ongeki;other;popn;sdvx,iidx_lm;popn_pikapika;sdvx_vm,allnet;eagate;ziv
シルクハット八王子,東京都八王子市旭町２−５ 八王子ツインタワービル３階,35.6564021,139.3384065,chunithm;ddr;gitadora;iidx;jubeat;maimai_dx;nostalgia;ongeki;other;polaris_chord;popn;sdvx,ddr_gold;gitadora_dm_arena;gitadora_gf_arena;iidx_lm;popn_pikapika;sdvx_vm,allnet;eagate;ziv
シルクハット大船,神奈川県鎌倉市大船１−２４ 大船駅前ビル１〜３Ｆ,35.3532239,139.5325263,chunithm;iidx;maimai_dx;ongeki;other;polaris_chord;popn;sdvx,iidx_lm;popn_pikapika;sdvx_vm,allnet;eagate;ziv
シルクハット川口,埼玉県川口市栄町３−１−１６イート川口ビル４Ｆ,35.8030675,139.7174452,chunithm;iidx;maimai_dx;ongeki;other;popn;sdvx,iidx_lm;popn_pikapika;sdvx_vm,allnet;eagate;ziv
シルクハット本厚木,神奈川県厚木市中町３−４−２２第二会田ビル２階,35.4400309,139.3630066,chunithm;gitadora;iidx;maimai_dx;ongeki;other;polaris_chord;popn;sdvx,iidx_lm;popn_pikapika;sdvx_vm,allnet;eagate;ziv
シルクハット津田沼,千葉県習志野市津田沼１−２−１十三ビル地下１階,35.6903923,140.0222009,chunithm;iidx;maimai_dx;ongeki;other;polaris_chord;popn;sdvx,iidx_lm;popn_pikapika;sdvx_vm,allnet;eagate;ziv
シルクハット秋葉原,東京都千代田区外神田１丁目１０番地９号,35.6987160,139.7710022,chunithm;ddr;gitadora;iidx;maimai_dx;ongeki;other;popn;sdvx,ddr_gold;gitadora_dm_arena;gitadora_gf_arena;iidx_lm;popn_pikapika;sdvx_vm,allnet;eagate;ziv
シルクハット蒲田西口,東京都大田区西蒲田７−２−３第二醍醐ビル地下１階〜２階,35.5630730,139.7159650,chunithm;ddr;gitadora;iidx;maimai_dx;ongeki;other;popn;sdvx,ddr_gold;gitadora_dm_arena;gitadora_gf_arena;iidx_lm;popn_pikapika;sdvx_vm,allnet;eagate;ziv
シーサイドリゾートアミューズメントパーク,栃木県宇都宮市睦町７−３,36.5632663,139.8603778,chunithm;gitadora;iidx;jubeat;maimai_dx;ongeki;other;polaris_chord;popn;project_diva;sdvx,iidx_lm;popn_pikapika;sdvx_vm,allnet;eagate;ziv
ジョイジャングル美浜,沖縄県中頭郡北谷町美浜１５−６８,26.3172082,127.7571399,chunithm;ddr;gitadora;iidx;jubeat;nostalgia;other;taiko,,allnet;eagate;ziv
スクウェアワンサイスポ店,埼玉県所沢市南永井1116,35.8236537,139.5314124,chunithm;ddr;gitadora;iidx;jubeat;nostalgia;other;taiko,,allnet;eagate;ziv
スタジオプリモ山形店,山形県山形市城南町１−１−１ 霞城セントラル２Ｆ,38.2501614,140.3267779,chunithm;maimai_dx;ongeki;other,,allnet;ziv
スポラ九品寺,熊本県熊本市中央区九品寺5丁目10-15,32.7904656,130.7148881,chunithm;drs;gitadora;iidx;jubeat;ongeki;other;popn,iidx_lm,allnet;eagate;ziv
スポラ菊陽,熊本県菊池郡菊陽町津久礼駄飼代２６１７−２,32.8644516,130.8090616,chunithm;drs;gitadora;iidx;jubeat;maimai_dx;ongeki;other,,allnet;eagate;ziv
ソニックワールド伊万里店,佐賀県伊万里市二里町八谷搦１８９−３,33.2785889,129.8722284,chunithm;iidx;other;sdvx,iidx_lm;sdvx_vm,allnet;eagate;ziv
ソニックワールド大村店,長崎県大村市古賀島町３８３−１,32.9273122,129.9395836,chunithm;iidx;maimai_dx;ongeki;other;sdvx,iidx_lm;sdvx_vm,allnet;eagate;ziv
ソユーエンターテイメントスタジオ須賀川店,須賀川市古河105イオンタウン須賀川B棟内,37.2982734,140.3853001,gitadora;iidx;jubeat;other;reflec,iidx_lm,eagate;ziv
ソユーゲームフィールドいわき小名浜店,いわき市小名浜字辰巳町79イオンモールいわき小名浜3F,36.9465614,140.9056129,other;polaris_chord,,eagate;ziv
ソユーゲームフィールド三川店,山形県東田川郡三川町大字猪子字和田庫１２８−１イオン三川１Ｆ,38.8159569,139.8354580,chunithm;maimai_dx;ongeki;other,,allnet;ziv
ソユーゲームフィールド八戸店,青森県八戸市沼館4-7-112八戸ピアドゥＢ棟2F,40.5277672,141.4971338,chunithm;maimai_dx;ongeki;other,,allnet;ziv
ソユーゲームフィールド旭川駅前店,北海道旭川市宮下通７−２−５ｲｵﾝﾓｰﾙ旭川駅前４F,43.7640056,142.3571151,chunithm;drs;maimai_dx;ongeki;other;polaris_chord;taiko,,allnet;eagate;ziv
ソユーゲームフィールド盛岡南,岩手県盛岡市本宮７−１−１イオンモール盛岡南２Ｆ,39.6835670,141.1286694,chunithm;maimai_dx;ongeki;other;polaris_chord,,allnet;eagate;ziv
ソユーゲームフィールド苗穂店,北海道札幌市東区東苗穂2条3-1-1 イオンモール札幌苗穂２Ｆ,43.0798364,141.4038123,chunithm;maimai_dx;ongeki;other,,allnet;ziv
ソユースペースファンタジーインフィニ,青森県弘前市城東北３−１０−１さくら野百貨店弘前店４Ｆ,40.6066860,140.4958836,chunithm;iidx;jubeat;maimai_dx;ongeki;other;polaris_chord;popn;reflec,iidx_lm,allnet;eagate;ziv
ソユーファミリーゲームフィールド花巻店,岩手県花巻市高木第１６地割６８−６ 銀河モール１Ｆ,39.3864097,141.1359548,chunithm;gitadora;iidx;jubeat;maimai_dx;ongeki;other;popn;reflec,iidx_lm,allnet;eagate;ziv
ソユーファミリーゲームフィールド防府店,山口県防府市鐘紡町７−１イオンタウン防府1F,34.0483850,131.5902076,chunithm;maimai_dx;ongeki;other;polaris_chord,,allnet;eagate;ziv
ソユーフォレストハンター松前店,愛媛県伊予郡松前町筒井８５０ＡＭ棟１階,33.7878677,132.7148652,chunithm;maimai_dx;ongeki;other;polaris_chord,,allnet;eagate;ziv
タイトーFステーションイオン近江八幡店,近江八幡市鷹飼町190-9イオン近江八幡2番街 1F,35.1204734,136.1037493,chunithm;ddr;gitadora;iidx;maimai_dx;other;popn;sdvx;taiko,iidx_lm;sdvx_vm,eagate;ziv
タイトーFステーション向ヶ丘遊園店,神奈川県川崎市多摩区登戸2718-1,35.6164678,139.5650747,chunithm;gitadora;iidx;maimai_dx;ongeki;other;polaris_chord;popn;sdvx,gitadora_dm_arena;gitadora_gf_arena;iidx_lm;popn_pikapika;sdvx_vm,allnet;eagate;ziv
タイトーFステーション郡山アティ店,郡山市駅前1-16-7郡山アティ7F,37.3969187,140.3875023,iidx;jubeat;museca;other;taiko,,eagate;ziv
タイトーステーション アリオ八尾店,大阪府八尾市光町２−３ イトーヨーカドーアリオ八尾３Ｆ,34.6325080,135.6057598,chunithm;maimai_dx;other;taiko,,allnet;ziv
タイトーステーション 上野アメ横店,東京都台東区上野４−１０−１７,35.7105338,139.7744242,chunithm;ddr;gitadora;iidx;jubeat;maimai_dx;other;popn;taiko,gitadora_dm_arena;gitadora_gf_arena;iidx_lm,allnet;eagate;ziv
タイトーステーション 仙台クリスロード店,宮城県仙台市青葉区中央２−３−２５,38.2610006,140.8756067,chunithm;ddr;drs;gitadora;iidx;jubeat;maimai_dx;nostalgia;ongeki;other;polaris_chord;popn;project_diva;sdvx;taiko,ddr_gold;gitadora_dm_arena;gitadora_gf_arena;iidx_lm;popn_pikapika;sdvx_vm,allnet;eagate;ziv
タイトーステーション 仙台ベガロポリス店,宮城県仙台市太白区西多賀５−２４−１ベガロポリス内,38.2198309,140.8483092,chunithm;gitadora;iidx;jubeat;maimai_dx;nostalgia;other;popn;taiko,,allnet;ziv
タイトーステーション 千歳店,北海道千歳市北栄２−１２−５,42.8333942,141.6450539,chunithm;iidx;jubeat;maimai_dx;nostalgia;ongeki;other;polaris_chord;popn;project_diva;sdvx;taiko,sdvx_vm,allnet;eagate;ziv
タイトーステーション 和光店,埼玉県和光市丸山台１−４−５,35.7866435,139.6138036,chunithm;ddr;gitadora;iidx;jubeat;maimai_dx;nostalgia;other;popn;project_diva,,allnet;eagate;ziv
タイトーステーション 大宮店,埼玉県さいたま市大宮区大門町１−１,35.9074467,139.6255974,chunithm;ddr;gitadora;iidx;jubeat;maimai_dx;nostalgia;ongeki;other;polaris_chord;popn;project_diva;reflec;sdvx;taiko,ddr_gold;gitadora_dm_arena;gitadora_gf_arena;iidx_lm;popn_pikapika;sdvx_vm,allnet;eagate;ziv
タイトーステーション 小田原店,神奈川県小田原市栄町１−３−１２,35.2549374,139.1561373,chunithm;drs;gitadora;iidx;jubeat;maimai_dx;nostalgia;ongeki;other;polaris_chord;popn;project_diva;sdvx;taiko,popn_pikapika,allnet;eagate;ziv
タイトーステーション 所沢店,埼玉県所沢市日吉町３−７,35.7880928,139.4723684,chunithm;ddr;gitadora;iidx;jubeat;maimai_dx;ongeki;other;popn;sdvx,iidx_lm;popn_pikapika;sdvx_vm,allnet;eagate;ziv
タイトーステーション 柏店,千葉県柏市柏２−３−１フーサワビル,35.8613823,139.9727044,chunithm;ddr;gitadora;iidx;maimai_dx;ongeki;other;popn;project_diva;sdvx;taiko,gitadora_dm_arena;gitadora_gf_arena;iidx_lm;popn_pikapika;sdvx_vm,allnet;eagate;ziv
タイトーステーション 池袋西口店,東京都豊島区西池袋１−１５−９第一西池ビル,35.7305503,139.7097415,chunithm;ddr;drs;gitadora;iidx;jubeat;maimai_dx;nostalgia;ongeki;other;polaris_chord;popn;sdvx,gitadora_dm_arena;gitadora_gf_arena;iidx_lm;popn_pikapika;sdvx_vm,allnet;eagate;ziv
タイトーステーション 渋谷店,東京都渋谷区渋谷１−２４−１２渋谷東映プラザ,35.6598520,139.7019928,chunithm;ddr;gitadora;iidx;maimai_dx;other;popn;sdvx;taiko,ddr_gold;gitadora_dm_arena;gitadora_gf_arena;iidx_lm;popn_pikapika;sdvx_vm,allnet;eagate;ziv
タイトーステーション 町田店,東京都町田市原町田６−２１−２３ 松山ビル１階,35.5427132,139.4484861,chunithm;ddr;drs;gitadora;iidx;jubeat;maimai_dx;ongeki;other;polaris_chord;popn;sdvx;taiko,ddr_gold;gitadora_dm_arena;gitadora_gf_arena;iidx_lm;popn_pikapika;sdvx_vm,allnet;eagate;ziv
タイトーステーション 盛岡マッハランド店,岩手県盛岡市上堂１−２−３８マッハランド内,39.7231654,141.1264518,chunithm;gitadora;iidx;maimai_dx;nostalgia;other;popn;sdvx;taiko,iidx_lm;sdvx_vm,allnet;eagate;ziv
タイトーステーション 秋葉原店,東京都千代田区外神田４−２−２貴三ビル,35.7002219,139.7717179,chunithm;ddr;drs;gitadora;iidx;jubeat;maimai_dx;nostalgia;ongeki;other;polaris_chord;popn;sdvx;taiko,ddr_gold;gitadora_dm_arena;gitadora_gf_arena;iidx_lm;popn_pikapika;sdvx_vm,allnet;eagate;ziv
タイトーステーション 船橋店,千葉県船橋市本町１−６−１,35.6998912,139.9859705,chunithm;gitadora;iidx;maimai_dx;nostalgia;ongeki;other;popn,iidx_lm;popn_pikapika,allnet;eagate;ziv
タイトーステーション 藤沢店,神奈川県藤沢市南藤沢２１−１,35.3372817,139.4873362,chunithm;ddr;gitadora;iidx;maimai_dx;ongeki;other;popn;taiko,iidx_lm;popn_pikapika,allnet;eagate;ziv
タイトーステーション 金沢店,石川県金沢市片町２−１−７宇都宮片町ビル,36.5613365,136.6529997,chunithm;ddr;gitadora;iidx;jubeat;maimai_dx;nostalgia;other;popn;sdvx;taiko,,allnet;eagate;ziv
タイトーステーション 難波店,大阪府大阪市中央区難波千日前１５−１２,34.6633633,135.5031909,chunithm;iidx;maimai_dx;other;popn;sdvx;taiko,iidx_lm;sdvx_vm,allnet;eagate;ziv
タイトーステーションイオンタウン水戸南店,東茨城郡茨城町長岡3480-101イオンタウン水戸南ショッピングC,36.3109170,140.4422070,iidx;other;popn;taiko,,eagate;ziv
タイトーステーションパールシティ稲沢店,稲沢市井之口大坪町80-1パールシティ稲沢2F,35.2374440,136.8193550,gitadora;other;popn;sdvx;taiko,,eagate;ziv
タイトーステーションフェドラ大須店,愛知県名古屋市中区大須３−３０−３１,35.1594771,136.9054347,chunithm;dance_evo;ddr;drs;gitadora;iidx;jubeat;maimai_dx;museca;nostalgia;ongeki;other;polaris_chord;popn;project_diva;reflec;sdvx;taiko,ddr_gold;gitadora_dm_arena;gitadora_gf_arena;iidx_lm;popn_pikapika;sdvx_vm,allnet;eagate;ziv
タイトーステーションフジグラン北島店,徳島県板野郡北島町鯛浜字西ノ須１７４,34.1130355,134.5460958,chunithm;maimai_dx;other;taiko,,allnet;ziv
タイトーステーション国分寺店,東京都国分寺市本町３−５−１１,35.7018475,139.4798890,chunithm;ddr;drs;gitadora;iidx;jubeat;maimai_dx;nostalgia;ongeki;other;popn;sdvx,iidx_lm;popn_pikapika;sdvx_vm,allnet;eagate;ziv
タイトーステーション広島本通店,広島県広島市中区本通３−５せらかぐ本通ビル,34.3927984,132.4603900,chunithm;ddr;gitadora;iidx;jubeat;maimai_dx;nostalgia;other;popn;sdvx;taiko,gitadora_dm_arena;gitadora_gf_arena,allnet;eagate;ziv
タイトーステーション広島紙屋町店,広島県広島市中区紙屋町２−２−２１,34.3940539,132.4560508,chunithm;gitadora;iidx;jubeat;maimai_dx;nostalgia;ongeki;other;polaris_chord;popn;reflec;sdvx;taiko,gitadora_dm_arena;gitadora_gf_arena;iidx_lm;popn_pikapika,allnet;eagate;ziv
タイトーステーション戸塚西口店,神奈川県横浜市戸塚区戸塚町４０２３,35.3995319,139.5318297,chunithm;gitadora;iidx;maimai_dx;ongeki;other;popn;taiko,gitadora_dm_arena;gitadora_gf_arena;iidx_lm;popn_pikapika,allnet;eagate;ziv
タイトーステーション新宿東口店,東京都新宿区新宿３−２２−７ 指田ビル,35.6932802,139.7015308,chunithm;ddr;iidx;jubeat;maimai_dx;ongeki;other;popn;sdvx,iidx_lm;sdvx_vm,allnet;eagate;ziv
タイトーステーション池袋ロサ店,豊島区西池袋1-37-12ロサ会館1F,35.7324830,139.7093050,chunithm;gitadora;iidx;other;polaris_chord;popn;reflec;sdvx;taiko,,eagate;ziv
タイトーステーション海老名ビナウォーク店,神奈川県海老名市中央１−１８−１ ビナウォーク６番館２Ｆ,35.4527589,139.3956832,chunithm;ddr;gitadora;iidx;jubeat;maimai_dx;nostalgia;ongeki;other;polaris_chord;popn;sdvx;taiko,ddr_gold;gitadora_dm_arena;gitadora_gf_arena;iidx_lm;popn_pikapika;sdvx_vm,allnet;eagate;ziv
タイトーステーション福岡天神店,福岡県福岡市中央区天神２−６−３５サザンクロスビル,33.5896519,130.3973464,chunithm;iidx;maimai_dx;ongeki;other;polaris_chord;popn;sdvx;taiko,iidx_lm;popn_pikapika;sdvx_vm,allnet;eagate;ziv
タイトーステーション立川北口店,東京都立川市曙町２−４−５クリサス立川２・３Ｆ,35.6991102,139.4120958,chunithm;ddr;drs;gitadora;iidx;jubeat;maimai_dx;nostalgia;ongeki;other;polaris_chord;popn;project_diva;sdvx,ddr_gold;gitadora_dm_arena;gitadora_gf_arena;iidx_lm;popn_pikapika;sdvx_vm,allnet;eagate;ziv
タイトーステーション豊田ＧＡＺＡ,愛知県豊田市喜多町１−１４０ＧＡＺＡ３階,35.0880302,137.1572653,chunithm;ddr;iidx;maimai_dx;nostalgia;ongeki;other;popn;sdvx;taiko,iidx_lm,allnet;eagate;ziv
タイトーステーション錦糸町楽天地店,東京都墨田区江東橋４−２７−１４楽天地ビルＢ１Ｆ,35.6964979,139.8158070,chunithm;ddr;gitadora;iidx;jubeat;maimai_dx;nostalgia;ongeki;other;polaris_chord;popn;sdvx,ddr_gold;iidx_lm;sdvx_vm,allnet;eagate;ziv
タイトーステーション青森アムゼ店,青森市緑3-9-2アムゼ内,40.8079137,140.7533047,other;popn;taiko,,eagate;ziv
タイトーステーションＢＩＧＦＵＮ平和島店,東京都大田区平和島１丁目１−１ＢＩＧＦＵＮ平和島,35.5843552,139.7408519,maimai_dx;other;taiko,,allnet;ziv
タイトー新宿南口ゲームワールド店,東京都新宿区新宿３−３５−８,35.6898660,139.7022542,chunithm;ddr;gitadora;iidx;jubeat;maimai_dx;nostalgia;ongeki;other;polaris_chord;popn;sdvx;taiko,ddr_gold;gitadora_dm_arena;gitadora_gf_arena;iidx_lm;popn_pikapika;sdvx_vm,allnet;eagate;ziv
タイトーＢＩＧＢＯＸ高田馬場店,東京都新宿区高田馬場１−３５−３ ＢＩＧＢＯＸ６Ｆ,35.7129463,139.7042567,chunithm;dance_evo;ddr;drs;gitadora;iidx;jubeat;maimai_dx;ongeki;other;polaris_chord;popn;sdvx;taiko,gitadora_dm_arena;gitadora_gf_arena;iidx_lm;popn_pikapika;sdvx_vm,allnet;eagate;ziv
タイトーＦステーションゆめタウン三豊店,香川県三豊市豊中町本山甲２２,34.1454067,133.6994380,chunithm;maimai_dx;ongeki;other;taiko,,allnet;ziv
タイトーＦステーションアスピア明石店,兵庫県明石市東仲ノ町６‐１ アスピア明石店南館３階,34.6478050,134.9950820,chunithm;maimai_dx;ongeki;other;taiko,,allnet;ziv
タイトーＦステーションイオンモール富士宮,静岡県富士宮市浅間町１−８ イオンモール富士宮３Ｆ,35.2204706,138.6119827,chunithm;iidx;maimai_dx;ongeki;other;sdvx,iidx_lm;sdvx_vm,allnet;eagate;ziv
タイトーＦステーションクレアモール川越店,埼玉県川越市新富町２−１−１３,35.9138263,139.4829221,chunithm;gitadora;iidx;ongeki;other;popn;sdvx;taiko,gitadora_dm_arena;gitadora_gf_arena;iidx_lm;popn_pikapika;sdvx_vm,allnet;eagate;ziv
タイトーＦステーションセントポルタ大分店,大分県大分市中央町２−１−１,33.2354219,131.6063391,chunithm;gitadora;iidx;maimai_dx;nostalgia;ongeki;other;popn;sdvx;taiko,iidx_lm;sdvx_vm,allnet;eagate;ziv
タイトーＦステーションニシムタ出水店,鹿児島県出水市六月田町３４７番地,32.1052481,130.3454411,chunithm;iidx;maimai_dx;nostalgia;ongeki;other;popn;project_diva;sdvx;taiko,iidx_lm;sdvx_vm,allnet;eagate;ziv
タイトーＦステーションマルナカ新倉敷店,岡山県倉敷市玉島爪崎９８１−１,34.5620321,133.6854484,maimai_dx;other;taiko,,allnet;ziv
タイトーＦステーション三宮西館店,兵庫県神戸市中央区三宮町２丁目１１−１センタープラザ西館,34.6911162,135.1911671,chunithm;maimai_dx;ongeki;other;sdvx;taiko,sdvx_vm,allnet;eagate;ziv
タイトーＦステーション上越店,新潟県上越市富岡３５２４ Ｊーｍａｘシアター内１Ｆ,37.1481920,138.2590468,chunithm;ddr;gitadora;iidx;maimai_dx;nostalgia;ongeki;other;polaris_chord;project_diva;sdvx,ddr_gold;iidx_lm;sdvx_vm,allnet;eagate;ziv
タイトーＦステーション八戸店,青森県八戸市三日町２７,40.5093072,141.4905810,chunithm;gitadora;iidx;maimai_dx;ongeki;other;popn;sdvx;taiko,,allnet;eagate;ziv
タイトーＦステーション小山店,栃木県小山市喜沢1475ハーヴェストウォーク内スポーツシネマ棟,36.3361438,139.8073796,chunithm;gitadora;jubeat;maimai_dx;ongeki;other;popn;project_diva;sdvx;taiko,,allnet;ziv
タイトーＦステーション山口メルクス店,山口県山口市大字黒川８２−１ハイパーモールメルクス内,34.1359172,131.4345602,chunithm;maimai_dx;ongeki;other;taiko,,allnet;ziv
タカダバッティングセンター,富士市田島75-1,35.1509840,138.6958050,iidx;other,,eagate;ziv
ダイナソアエイジ,愛知県大府市東新町三丁目８８番地,35.0310080,136.9562745,chunithm;maimai_dx;other;popn,,allnet;eagate;ziv
テクノワールド,岩手県奥州市江刺愛宕字梁川１２７−１,39.1792419,141.1621682,chunithm;ddr;gitadora;iidx;jubeat;maimai_dx;nostalgia;ongeki;other;polaris_chord;popn;project_diva;sdvx,ddr_gold;iidx_lm;popn_pikapika;sdvx_vm,allnet;eagate;ziv
トムソーヤのなかまたち藻岩店,北海道札幌市南区川治二条２−１−１イオン札幌藻岩店,42.9993130,141.3364830,maimai_dx;other,,allnet;ziv
トム・ソーヤのなかまたち五城目店,南秋田郡五城目町大川西野字田屋前１３８イオン五城目店内,39.9359491,140.1071195,chunithm;maimai_dx;other,,allnet;ziv
トム・ソーヤのなかまたち湯沢店,秋田県湯沢市字上萩生田162イオンスーパーセンター湯沢店内,39.1504850,140.4694260,chunithm;gitadora;nostalgia;other;popn;project_diva,,allnet;eagate;ziv
トライセン中津店,大分県中津市下池永６７−３,33.5896776,131.2110360,chunithm;gitadora;iidx;jubeat;maimai_dx;ongeki;other;popn;sdvx,gitadora_dm_arena;gitadora_gf_arena;iidx_lm;sdvx_vm,allnet;eagate;ziv
トライセン萩原,大分県大分市萩原４−２２７−７,33.2491774,131.6436745,chunithm;gitadora;iidx;jubeat;maimai_dx;ongeki;other;popn;reflec,gitadora_dm_arena;gitadora_gf_arena;iidx_lm,allnet;eagate;ziv
ドリームランド宮崎ナナイロ,宮崎県宮崎市橘通西３−１０−３２宮崎ナナイロ西館３F,31.9160367,131.4227644,chunithm;maimai_dx;other,,allnet;ziv
ニコアプレイランド,二戸市米沢字荒谷25,40.2829310,141.2942920,iidx;other,,eagate;ziv
ネオブラボー,山口県防府市高倉１−３−３０,34.0549567,131.5591985,chunithm;iidx;maimai_dx;ongeki;other;sdvx,iidx_lm;sdvx_vm,allnet;eagate;ziv
ハイパーメッセ,福岡県北九州市小倉南区北方４−６−７,33.8391643,130.8741119,chunithm;drs;maimai_dx;ongeki;other,,allnet;eagate;ziv
バイパスレジャーランド加賀店,石川県加賀市箱宮町ヲ1-1,36.3251944,136.4113866,chunithm;ddr;iidx;jubeat;maimai_dx;nostalgia;other;popn;sdvx,ddr_gold;iidx_lm;popn_pikapika;sdvx_vm,allnet;eagate;ziv
バイパスレジャーランド御経塚店,石川県野々市市御経塚4丁目46,36.5479275,136.6012300,chunithm;iidx;other;popn;sdvx,iidx_lm;popn_pikapika;sdvx_vm,allnet;eagate;ziv
バイパスレジャーランド藤江新館,石川県金沢市藤江南2-105,36.5837815,136.6206855,chunithm;ddr;gitadora;iidx;jubeat;maimai_dx;nostalgia;ongeki;other;polaris_chord;popn;sdvx,ddr_gold;gitadora_dm_arena;gitadora_gf_arena;iidx_lm;popn_pikapika;sdvx_vm,allnet;eagate;ziv
バンダイナムコＣｒｏｓｓＳｔｏｒｅ京都,京都市南区西九条鳥居口町イオンＭ京都ＳＡＫＵＲＡ館４階,34.9828149,135.7546262,chunithm;maimai_dx;nostalgia;ongeki;other;popn;sdvx;taiko,popn_pikapika,allnet;eagate;ziv
バンダイナムコＣｒｏｓｓＳｔｏｒｅ名古屋,愛知県名古屋市西区二方町４０番本棟４階,35.2254187,136.8843421,chunithm;maimai_dx;other;taiko,,allnet;ziv
バンバン衣山店,愛媛県松山市衣山１−２４８−１,33.8524719,132.7457465,chunithm;maimai_dx;other;project_diva,,allnet;ziv
パスカランド博多店,福岡県福岡市東区東浜１−１−１ゆめタウン博多店２階,33.6122355,130.4123165,chunithm;maimai_dx;ongeki;other;popn,popn_pikapika,allnet;eagate;ziv
パスカランド大川店,福岡県大川市上巻４３０−１ゆめタウン２F,33.2027312,130.3880983,chunithm;maimai_dx;ongeki;other,,allnet;ziv
パスカランド大牟田店,福岡県大牟田市旭町２丁目２８−１,33.0366941,130.4538265,chunithm;maimai_dx;ongeki;other,,allnet;ziv
パスカランド福重店,福岡県福岡市西区拾六町１丁目７番１号ＭＥＧＡドンキ福重店３Ｆ,33.5672500,130.3148720,chunithm;iidx;maimai_dx;ongeki;other;popn;sdvx,iidx_lm;popn_pikapika;sdvx_vm,allnet;eagate;ziv
パスカランド鳥栖,佐賀県鳥栖市本鳥栖町５３７−１フレスポ鳥栖店２階,33.3758911,130.5168476,chunithm;maimai_dx;ongeki;other;popn,popn_pikapika,allnet;eagate;ziv
パスカランド黒崎店,福岡県北九州市八幡西区西曲里町３−１,33.8597850,130.7602544,chunithm;maimai_dx;ongeki;other;popn,popn_pikapika,allnet;eagate;ziv
パスカワールドグリーンランド店,熊本県荒尾市本井手１５７４−５４,32.9878473,130.4712114,chunithm;ddr;gitadora;iidx;jubeat;maimai_dx;nostalgia;ongeki;other;polaris_chord;popn;sdvx,gitadora_dm_arena;gitadora_gf_arena;iidx_lm;popn_pikapika;sdvx_vm,allnet;eagate;ziv
パラボランド東金店,千葉県東金市東岩崎8-10サンピア3Ｆ,35.5586440,140.3646980,maimai_dx;other;project_diva,,allnet;ziv
ビバーチャ,広島県広島市中区南竹屋町１０−１７,34.3793334,132.4612792,chunithm;gitadora;iidx;jubeat;maimai_dx;ongeki;other;popn,,allnet;eagate;ziv
ピノキオランド本渡,熊本県天草市船之尾町279-6,32.4583537,130.1882685,chunithm;iidx;maimai_dx;ongeki;other,iidx_lm,allnet;eagate;ziv
ファンタジスタ,岡山県倉敷市新倉敷駅前５−１９４,34.5583269,133.6767549,chunithm;gitadora;iidx;jubeat;nostalgia;other;popn;sdvx,iidx_lm;popn_pikapika;sdvx_vm,allnet;eagate;ziv
ファンタジードーム八戸,青森県八戸市江陽２−１４−１,40.5218721,141.5027091,chunithm;iidx;jubeat;maimai_dx;nostalgia;ongeki;other;popn;reflec,iidx_lm,allnet;eagate;ziv
ファンタジープラザ千代田橋店,愛知県名古屋市千種区千代田橋２−１−１アピタ千代田橋店３階,35.1873520,136.9694536,chunithm;other;taiko,,allnet;ziv
ファンタジープラザ名古屋,愛知県名古屋市北区玄馬町２３４−１ﾄﾞﾝｷﾎｰﾃ名古屋本店２階,35.2264606,136.9089964,chunithm;ddr;gitadora;iidx;jubeat;maimai_dx;ongeki;other;popn;reflec;sdvx;taiko,ddr_gold;gitadora_dm_arena;gitadora_gf_arena;iidx_lm;popn_pikapika;sdvx_vm,allnet;eagate;ziv
フクイレジャーランドワイプラザ店,福井県福井市新保北1-303 ヤスサキワイプラザＢ棟2Ｆ,36.0861836,136.2493644,chunithm;iidx;jubeat;maimai_dx;ongeki;other;polaris_chord;popn;sdvx,iidx_lm;popn_pikapika;sdvx_vm,allnet;eagate;ziv
フタバボウル泉大津店,大阪府泉大津市松之浜町１−２−５３,34.5108583,135.4156272,chunithm;maimai_dx;ongeki;other;sdvx,sdvx_vm,allnet;eagate;ziv
フレスパランドカッタの湯,山口県宇部市海南町1675,33.9584481,131.2615249,chunithm;maimai_dx;ongeki;other,,allnet;ziv
ブラックジャックアクア店,広島県広島市安佐南区大町東４−１２−１１,34.4689057,132.4624719,chunithm;iidx;other;popn,iidx_lm,allnet;eagate;ziv
プラサカプコン 成田店 PLAZA CAPCOM Narita,"24 Aeon Mall Narita 2F Uingutsuchiya Narita Chiba, 286-0029, Narita",35.7959181,140.3172541,chunithm;maimai_dx;ongeki;other;taiko,,ziv
プラサカプコン京都店,京都府京都市右京区西院追分町２５−１イオンモール京都五条３Ｆ,34.9974534,135.7273526,chunithm;maimai_dx;ongeki;other,,allnet;ziv
プラサカプコン徳重店,愛知県名古屋市緑区元徳重１丁目５０５ビルズウォーク徳重２階,35.0943886,136.9992084,chunithm;maimai_dx;ongeki;other;taiko,,allnet;ziv
プラサカプコン横須賀店,神奈川県横須賀市若松町2-30モアーズシティ4F,35.2782938,139.6700409,chunithm;iidx;maimai_dx;ongeki;other,,allnet;eagate;ziv
プラサカプコン甲府店,山梨県中巨摩郡昭和町西条３７１７,35.6428959,138.5462509,chunithm;iidx;maimai_dx;ongeki;other;popn;project_diva,,allnet;eagate;ziv
プラサカプコン直方店,福岡県直方市湯野原２−１−１イオンモール直方２Ｆ,33.7689496,130.7497505,chunithm;maimai_dx;ongeki;other,,allnet;ziv
プレイドーム松山,愛媛県松山市余戸南４丁目９−４０,33.8093947,132.7280617,chunithm;iidx;other;project_diva,iidx_lm,allnet;eagate;ziv
ベガジオ美しが丘店,北海道札幌市清田区美しが丘１条 ７−６−１０,42.9809319,141.4635024,chunithm;other,,allnet;ziv
ポート２４幸田店,愛知県額田郡幸田町相見沖原1-3,34.8902431,137.1631359,chunithm;gitadora;iidx;maimai_dx;ongeki;other;popn;project_diva;sdvx,iidx_lm;popn_pikapika;sdvx_vm,allnet;eagate;ziv
マックスプラザ善通寺,香川県善通寺市中村町１７９８−２,34.2436048,133.7640148,chunithm;gitadora;iidx;jubeat;maimai_dx;nostalgia;ongeki;other;polaris_chord;popn;project_diva;sdvx,iidx_lm;sdvx_vm,allnet;eagate;ziv
モーリーファンタジー三笠店,北海道三笠市岡山１０５９−１スーパーセンター１Ｆ,43.2435815,141.8055111,chunithm;maimai_dx;ongeki;other;popn,,allnet;eagate;ziv
ユーズランド三光店,中津市三光佐知1032イオン三光SC2F,33.5590020,131.1928570,iidx;nostalgia;other;polaris_chord;sdvx,sdvx_vm,eagate;ziv
ユーズランド和歌山店,和歌山県和歌山市ふじと台２３番地イオンモール和歌山２Ｆ,34.2761543,135.1492010,chunithm;iidx;maimai_dx;ongeki;other;polaris_chord;sdvx,iidx_lm;sdvx_vm,allnet;eagate;ziv
ユーズランド大河原店,宮城県柴田郡大河原町小島２−１フォルテ２Ｆ,38.0656136,140.7373892,chunithm;iidx;maimai_dx;ongeki;other;polaris_chord,,allnet;eagate;ziv
ラウンドワンさいたま・上里店,埼玉県児玉郡上里町大字金久保３９４−１,36.2599800,139.1374381,chunithm;dance_around;drs;gitadora;iidx;maimai_dx;nostalgia;ongeki;other;polaris_chord;popn;sdvx,gitadora_dm_arena;gitadora_gf_arena;iidx_lm;popn_pikapika;sdvx_vm,allnet;eagate;ziv
ラウンドワンららぽーと新三郷店,埼玉県三郷市新三郷ららシティ3-1-1ららぽーと新三郷2F20000番,35.8594806,139.8671397,chunithm;dance_around;ddr;gitadora;iidx;jubeat;maimai_dx;ongeki;other;polaris_chord;popn;sdvx,ddr_gold;gitadora_dm_arena;gitadora_gf_arena;iidx_lm;popn_pikapika;sdvx_vm,allnet;eagate;ziv
ラウンドワンららぽーと湘南平塚店,平塚市天沼10-1ららぽーと湘南平塚店3F,35.3358250,139.3547690,ddr;iidx;other;polaris_chord;popn;sdvx,ddr_gold;iidx_lm;popn_pikapika;sdvx_vm,eagate;ziv
ラウンドワンわらび店,埼玉県蕨市北町５−１−６,35.8307831,139.6742333,chunithm;ddr;drs;gitadora;iidx;jubeat;maimai_dx;nostalgia;ongeki;other;polaris_chord;popn;project_diva;sdvx,ddr_gold;gitadora_dm_arena;gitadora_gf_arena;iidx_lm;popn_pikapika;sdvx_vm,allnet;eagate;ziv
ラウンドワンダイバーシティ東京プラザ店,東京都江東区青海1-1-10ダイバーシティ東京プラザ6階61000,35.6256894,139.7763086,chunithm;dance_around;ddr;drs;gitadora;iidx;jubeat;maimai_dx;ongeki;other;polaris_chord;popn;sdvx;taiko,ddr_gold;gitadora_dm_arena;gitadora_gf_arena;iidx_lm;popn_pikapika;sdvx_vm,allnet;eagate;ziv
ラウンドワンモレラ岐阜店,岐阜県本巣市三橋１１００,35.4552106,136.6727657,chunithm;dance_around;ddr;drs;gitadora;iidx;jubeat;maimai_dx;nostalgia;ongeki;other;polaris_chord;popn;sdvx,ddr_gold;gitadora_dm_arena;gitadora_gf_arena;iidx_lm;popn_pikapika;sdvx_vm,allnet;eagate;ziv
ラウンドワンヨロッカ春日井店,愛知県春日井市六軒屋町東丘２２テナント区画番号３０１０,35.2587361,136.9816772,chunithm;ddr;gitadora;iidx;maimai_dx;ongeki;other;polaris_chord;popn;sdvx;taiko,ddr_gold;gitadora_dm_arena;gitadora_gf_arena;iidx_lm;popn_pikapika;sdvx_vm,allnet;eagate;ziv
ラウンドワン三宮駅前店,兵庫県神戸市中央区小野柄通6-1-17,34.6939326,135.1973748,chunithm;dance_around;ddr;drs;gitadora;iidx;jubeat;maimai_dx;ongeki;other;polaris_chord;popn;sdvx;taiko,ddr_gold;gitadora_dm_arena;gitadora_gf_arena;iidx_lm;popn_pikapika;sdvx_vm,allnet;eagate;ziv
ラウンドワン伊丹店,兵庫県伊丹市昆陽７丁目２９,34.7790734,135.3934676,chunithm;ddr;gitadora;iidx;maimai_dx;ongeki;other;polaris_chord;popn;sdvx,ddr_gold;gitadora_dm_arena;gitadora_gf_arena;iidx_lm;popn_pikapika;sdvx_vm,allnet;eagate;ziv
ラウンドワン千種店,愛知県名古屋市千種区新栄3-20-17タイホウ千種駅前南ビル1階,35.1680713,136.9280046,chunithm;ddr;drs;gitadora;iidx;jubeat;maimai_dx;ongeki;other;polaris_chord;popn;sdvx;taiko,ddr_gold;gitadora_dm_arena;gitadora_gf_arena;iidx_lm;popn_pikapika;sdvx_vm,allnet;eagate;ziv
ラウンドワン南砂店,東京都江東区南砂６−７−１５トピレックプラザ４Ｆ,35.6718431,139.8369781,chunithm;dance_around;ddr;drs;gitadora;iidx;jubeat;maimai_dx;nostalgia;ongeki;other;polaris_chord;popn;sdvx;taiko,ddr_gold;gitadora_dm_arena;gitadora_gf_arena;iidx_lm;popn_pikapika;sdvx_vm,allnet;eagate;ziv
ラウンドワン吉祥寺店,東京都武蔵野市吉祥寺本町1-11-22,35.7063020,139.5807799,chunithm;ddr;gitadora;iidx;jubeat;maimai_dx;nostalgia;ongeki;other;polaris_chord;popn;sdvx,ddr_gold;gitadora_dm_arena;gitadora_gf_arena;iidx_lm;popn_pikapika;sdvx_vm,allnet;eagate;ziv
ラウンドワン大宮店,埼玉県さいたま市大宮区宮町４−９０−７,35.9108281,139.6254402,chunithm;dance_around;ddr;drs;gitadora;iidx;jubeat;maimai_dx;nostalgia;ongeki;other;polaris_chord;popn;sdvx,ddr_gold;gitadora_dm_arena;gitadora_gf_arena;iidx_lm;popn_pikapika;sdvx_vm,allnet;eagate;ziv
ラウンドワン大野城店,福岡県大野城市御笠川１−１８−１６,33.5464190,130.4822611,chunithm;dance_around;ddr;drs;gitadora;iidx;jubeat;maimai_dx;nostalgia;ongeki;other;polaris_chord;popn;sdvx,ddr_gold;gitadora_dm_arena;gitadora_gf_arena;iidx_lm;popn_pikapika;sdvx_vm,allnet;eagate;ziv
ラウンドワン姫路飾磨店,兵庫県姫路市飾磨区中島１−２５４,34.7923295,134.6870919,chunithm;ddr;gitadora;iidx;maimai_dx;ongeki;other;polaris_chord;popn;sdvx,ddr_gold;gitadora_dm_arena;gitadora_gf_arena;iidx_lm;popn_pikapika;sdvx_vm,allnet;eagate;ziv
ラウンドワン守口店,大阪府守口市佐太東町２−６−１４ジャガーグリーン２Ｆ,34.7560955,135.5885314,chunithm;dance_around;ddr;drs;gitadora;iidx;jubeat;maimai_dx;nostalgia;ongeki;other;polaris_chord;popn;project_diva;sdvx,ddr_gold;gitadora_dm_arena;gitadora_gf_arena;iidx_lm;popn_pikapika;sdvx_vm,allnet;eagate;ziv
ラウンドワン富士店,静岡県富士市八代町４−１５,35.1531225,138.6938123,chunithm;dance_around;ddr;gitadora;iidx;jubeat;maimai_dx;nostalgia;ongeki;other;polaris_chord;popn;sdvx,ddr_gold;gitadora_dm_arena;gitadora_gf_arena;iidx_lm;popn_pikapika;sdvx_vm,allnet;eagate;ziv
ラウンドワン岸和田店,大阪府岸和田市八阪町２−１１−１,34.4565318,135.3885664,chunithm;dance_around;ddr;gitadora;iidx;jubeat;maimai_dx;nostalgia;ongeki;other;polaris_chord;popn;sdvx;taiko,ddr_gold;gitadora_dm_arena;gitadora_gf_arena;iidx_lm;popn_pikapika;sdvx_vm,allnet;eagate;ziv
ラウンドワン市原店,千葉県市原市八幡北町３−５−１,35.5474925,140.1233713,chunithm;ddr;drs;gitadora;iidx;jubeat;maimai_dx;nostalgia;ongeki;other;polaris_chord;popn;sdvx,ddr_gold;gitadora_dm_arena;gitadora_gf_arena;iidx_lm;popn_pikapika;sdvx_vm,allnet;eagate;ziv
ラウンドワン市川鬼高店,千葉県市川市鬼高４−１−３,35.7112207,139.9274795,chunithm;dance_around;ddr;drs;gitadora;iidx;jubeat;maimai_dx;nostalgia;ongeki;other;polaris_chord;popn;project_diva;sdvx,ddr_gold;gitadora_dm_arena;gitadora_gf_arena;iidx_lm;popn_pikapika;sdvx_vm,allnet;eagate;ziv
ラウンドワン広島店,広島県広島市中区立町３−１１,34.3937013,132.4601039,chunithm;dance_around;ddr;drs;gitadora;iidx;jubeat;maimai_dx;nostalgia;ongeki;other;polaris_chord;popn;sdvx;taiko,ddr_gold;gitadora_dm_arena;gitadora_gf_arena;iidx_lm;popn_pikapika;sdvx_vm,allnet;eagate;ziv
ラウンドワン府中本町駅前,東京都府中市本町１−１３−３カネタビル,35.6672709,139.4774004,chunithm;dance_around;ddr;drs;gitadora;iidx;jubeat;maimai_dx;nostalgia;ongeki;other;polaris_chord;popn;sdvx;taiko,ddr_gold;gitadora_dm_arena;gitadora_gf_arena;iidx_lm;popn_pikapika;sdvx_vm,allnet;eagate;ziv
ラウンドワン徳島・万代店,徳島県徳島市万代町４−１９−１,34.0647908,134.5646739,chunithm;ddr;gitadora;iidx;maimai_dx;ongeki;other;polaris_chord;popn;sdvx,ddr_gold;gitadora_dm_arena;gitadora_gf_arena;iidx_lm;popn_pikapika;sdvx_vm,allnet;eagate;ziv
ラウンドワン札幌すすきの店,北海道札幌市中央区南五条西3-6-1,43.0545356,141.3545240,chunithm;dance_around;ddr;drs;gitadora;iidx;jubeat;maimai_dx;nostalgia;ongeki;other;polaris_chord;popn;project_diva;sdvx;taiko,ddr_gold;gitadora_dm_arena;gitadora_gf_arena;iidx_lm;popn_pikapika;sdvx_vm,allnet;eagate;ziv
ラウンドワン東大阪店,大阪府東大阪市若江南町１−２−１２,34.6530441,135.6063264,chunithm;ddr;gitadora;iidx;jubeat;maimai_dx;ongeki;other;polaris_chord;popn;sdvx,ddr_gold;gitadora_dm_arena;gitadora_gf_arena;iidx_lm;popn_pikapika;sdvx_vm,allnet;eagate;ziv
ラウンドワン梅田店,大阪府大阪市北区小松原町４−１６,34.7030460,135.5010682,chunithm;dance_around;ddr;drs;gitadora;iidx;jubeat;maimai_dx;nostalgia;ongeki;other;polaris_chord;popn;sdvx;taiko,ddr_gold;gitadora_dm_arena;gitadora_gf_arena;iidx_lm;popn_pikapika;sdvx_vm,allnet;eagate;ziv
ラウンドワン横浜綱島店,神奈川県横浜市港北区樽町２−６−４０Ｔ-PLATZ内,35.5319981,139.6371792,chunithm;ddr;gitadora;iidx;maimai_dx;ongeki;other;polaris_chord;popn;sdvx,ddr_gold;gitadora_dm_arena;gitadora_gf_arena;iidx_lm;popn_pikapika;sdvx_vm,allnet;eagate;ziv
ラウンドワン横浜駅西口店,神奈川県横浜市西区南幸２−８−１６,35.4639294,139.6179961,chunithm;dance_around;ddr;drs;gitadora;iidx;jubeat;maimai_dx;nostalgia;ongeki;other;polaris_chord;popn;project_diva;sdvx;taiko,ddr_gold;gitadora_dm_arena;gitadora_gf_arena;iidx_lm;popn_pikapika;sdvx_vm,allnet;eagate;ziv
ラウンドワン沖縄・南風原店,沖縄県島尻郡南風原町字兼城５５２番地,26.1951082,127.7209626,chunithm;ddr;drs;gitadora;iidx;jubeat;maimai_dx;nostalgia;ongeki;other;polaris_chord;popn;project_diva;sdvx,ddr_gold;gitadora_dm_arena;gitadora_gf_arena;iidx_lm;popn_pikapika;sdvx_vm,allnet;eagate;ziv
ラウンドワン町田店,東京都町田市森野１−１３−１４,35.5439665,139.4432308,chunithm;ddr;gitadora;iidx;jubeat;maimai_dx;ongeki;other;polaris_chord;popn;project_diva;sdvx,ddr_gold;gitadora_dm_arena;gitadora_gf_arena;iidx_lm;popn_pikapika;sdvx_vm,allnet;eagate;ziv
ラウンドワン福山店,広島県福山市明神町１−９−２８,34.4892062,133.3924382,chunithm;dance_around;ddr;drs;gitadora;iidx;maimai_dx;ongeki;other;polaris_chord;popn;sdvx,ddr_gold;gitadora_dm_arena;gitadora_gf_arena;iidx_lm;popn_pikapika;sdvx_vm,allnet;eagate;ziv
ラウンドワン福岡天神店,福岡県福岡市中央区天神２−６−１２,33.5894630,130.3967853,chunithm;dance_around;ddr;drs;gitadora;iidx;jubeat;maimai_dx;ongeki;other;polaris_chord;popn;sdvx,ddr_gold;gitadora_dm_arena;gitadora_gf_arena;iidx_lm;popn_pikapika;sdvx_vm,allnet;eagate;ziv
ラウンドワン草加店,埼玉県草加市谷塚上町２０４番１,35.8124211,139.7879027,chunithm;ddr;gitadora;iidx;maimai_dx;ongeki;other;polaris_chord;popn;sdvx,ddr_gold;gitadora_dm_arena;gitadora_gf_arena;iidx_lm;popn_pikapika;sdvx_vm,allnet;eagate;ziv
ラウンドワン青森店,青森県青森市浜田３−１−１,40.7986939,140.7484106,chunithm;dance_around;ddr;drs;gitadora;iidx;jubeat;maimai_dx;nostalgia;ongeki;other;polaris_chord;popn;sdvx;taiko,ddr_gold;gitadora_dm_arena;gitadora_gf_arena;iidx_lm;popn_pikapika;sdvx_vm,allnet;eagate;ziv
ラウンドワン高知店,高知県高知市南宝永町４−１２,33.5578349,133.5543516,chunithm;dance_around;ddr;drs;gitadora;iidx;jubeat;maimai_dx;nostalgia;ongeki;other;polaris_chord;popn;project_diva;sdvx,ddr_gold;gitadora_dm_arena;gitadora_gf_arena;iidx_lm;popn_pikapika;sdvx_vm,allnet;eagate;ziv
ラウンドワン鳴海店,愛知県名古屋市緑区鳴海町杜若２８,35.0989113,136.9527377,chunithm;dance_around;drs;gitadora;iidx;jubeat;maimai_dx;ongeki;other;polaris_chord;popn;sdvx;taiko,gitadora_dm_arena;gitadora_gf_arena;iidx_lm;popn_pikapika;sdvx_vm,allnet;eagate;ziv
ラウンドワンＪＲ尼崎駅前店,兵庫県尼崎市潮江１−４−５プラストいきいき館４階,34.7334158,135.4329719,chunithm;iidx;maimai_dx;ongeki;other;popn;sdvx,iidx_lm;popn_pikapika;sdvx_vm,allnet;eagate;ziv
ラッキー中央店・フェリシダ,千葉県千葉市中央区富士見2-8-1,35.6102534,140.1182646,chunithm;ddr;drs;gitadora;iidx;jubeat;maimai_dx;nostalgia;ongeki;other;polaris_chord;popn;project_diva;reflec;sdvx,ddr_gold;gitadora_dm_arena;gitadora_gf_arena;iidx_lm;popn_pikapika;sdvx_vm,allnet;eagate;ziv
ロックンボウル,秋田県秋田市広面字長沼３０１,39.7172790,140.1434433,chunithm;ddr;gitadora;iidx;maimai_dx;other;popn,iidx_lm;popn_pikapika,allnet;eagate;ziv
三冠王,佐世保市相浦町2689-1,33.1907987,129.6528712,ddr;gitadora;iidx;jubeat;nostalgia;other;popn;sdvx,iidx_lm;sdvx_vm,eagate;ziv
上越レジャーランボウル,新潟県上越市下門前薬島827-2,37.1641021,138.2489784,chunithm;ddr;iidx;maimai_dx;ongeki;other;sdvx,ddr_gold;iidx_lm;sdvx_vm,allnet;eagate;ziv
北上ヤングボウル,北上市柳原町2-3-3,39.2932750,141.1093960,gitadora;jubeat;other,,eagate;ziv
千葉レジャーランド成東店,千葉県山武市姫島111-1,35.5884397,140.3901993,chunithm;ddr;iidx;jubeat;maimai_dx;ongeki;other;polaris_chord;popn;sdvx,ddr_gold;iidx_lm;popn_pikapika;sdvx_vm,allnet;eagate;ziv
千葉レジャーランド野田店,千葉県野田市吉春776-1,35.9715710,139.8653064,chunithm;ddr;gitadora;iidx;jubeat;maimai_dx;nostalgia;ongeki;other;polaris_chord;popn;project_diva;sdvx,ddr_gold;gitadora_dm_arena;gitadora_gf_arena;iidx_lm;popn_pikapika;sdvx_vm,allnet;eagate;ziv
半田メトロポリス,愛知県半田市旭町３−１１−１,34.8746637,136.9216480,chunithm;gitadora;iidx;maimai_dx;nostalgia;ongeki;other;polaris_chord;popn;project_diva;sdvx;taiko,gitadora_dm_arena;gitadora_gf_arena;iidx_lm;sdvx_vm,allnet;eagate;ziv
名古屋レジャーランド内田橋店,愛知県名古屋市南区内田橋2-26-22,35.1137608,136.9098442,chunithm;ddr;gitadora;iidx;jubeat;maimai_dx;nostalgia;ongeki;other;polaris_chord;popn;project_diva;sdvx;taiko,ddr_gold;gitadora_dm_arena;gitadora_gf_arena;iidx_lm;popn_pikapika;sdvx_vm,allnet;eagate;ziv
埼玉レジャーランド大宮ラクーン店,埼玉県さいたま市大宮区宮町1-60 RAKUUN５階,35.9077510,139.6256804,chunithm;ddr;gitadora;iidx;maimai_dx;ongeki;other;polaris_chord;popn;sdvx;taiko,ddr_gold;gitadora_dm_arena;gitadora_gf_arena;iidx_lm;popn_pikapika;sdvx_vm,allnet;eagate;ziv
埼玉レジャーランド春日部店,埼玉県春日部市大字増富字谷際163-1,35.9593592,139.7292399,chunithm;ddr;gitadora;iidx;jubeat;maimai_dx;ongeki;other;polaris_chord;popn;sdvx,ddr_gold;gitadora_dm_arena;gitadora_gf_arena;iidx_lm;popn_pikapika;sdvx_vm,allnet;eagate;ziv
大垣メトロポリス,岐阜県大垣市三塚町西沼５２３−１,35.3670652,136.6292333,chunithm;iidx;maimai_dx;nostalgia;ongeki;other;polaris_chord;sdvx,iidx_lm;sdvx_vm,allnet;eagate;ziv
大田原スポーツランド,栃木県那須塩原市一区町１０４−６０,36.8519301,139.9933560,chunithm;gitadora;iidx;jubeat;maimai_dx;ongeki;other;popn;project_diva,iidx_lm,allnet;eagate;ziv
太宰府Jボウル,太宰府市都府楼南5-6-12ゲームコーナー,33.5012920,130.5136994,gitadora;jubeat;other,,eagate;ziv
安城メトロポリス,愛知県安城市浜富町６−８,34.9551953,137.0973455,chunithm;ddr;gitadora;iidx;maimai_dx;ongeki;other;polaris_chord;popn;sdvx,ddr_gold;gitadora_dm_arena;gitadora_gf_arena;iidx_lm;popn_pikapika;sdvx_vm,allnet;eagate;ziv
宮西スタジアム２,愛媛県松山市宮西二丁目４の４１,33.8485225,132.7514682,chunithm;gitadora;jubeat;maimai_dx;nostalgia;ongeki;other;popn,,allnet;eagate;ziv
小倉メトロポリス,福岡県北九州市小倉北区西港町２７−５,33.8966075,130.8582112,chunithm;ongeki;other,,allnet;ziv
岐阜レジャーランド穂積店,岐阜県瑞穂市稲里630番地,35.3843322,136.6846639,chunithm;ddr;drs;gitadora;iidx;jubeat;maimai_dx;ongeki;other;polaris_chord;popn;project_diva;sdvx,ddr_gold;gitadora_dm_arena;gitadora_gf_arena;iidx_lm;popn_pikapika;sdvx_vm,allnet;eagate;ziv
岡山ヤングボウル,岡山県岡山市北区北長瀬表町3-3-20,34.6490686,133.8845872,chunithm;maimai_dx;other,,allnet;ziv
嶺宝スポーツセンター,福島県いわき市小名浜住吉折返２−２,36.9742495,140.8905580,chunithm;drs;gitadora;iidx;jubeat;maimai_dx;nostalgia;ongeki;other;popn;sdvx,gitadora_dm_arena;gitadora_gf_arena;iidx_lm;popn_pikapika;sdvx_vm,allnet;eagate;ziv
彦根パスカ,滋賀県彦根市西沼波町１６６,35.2586299,136.2654728,chunithm;gitadora;iidx;jubeat;maimai_dx;nostalgia;ongeki;other;popn;sdvx,iidx_lm;sdvx_vm,allnet;eagate;ziv
新宿スポーツランド本館,東京都新宿区新宿3-22-12,35.6931260,139.7018295,chunithm;gitadora;iidx;maimai_dx;ongeki;other;polaris_chord;popn;sdvx,gitadora_dm_arena;gitadora_gf_arena;iidx_lm;popn_pikapika;sdvx_vm,allnet;eagate;ziv
最後の５ドル,福岡県糟屋郡粕屋町大字仲原2706仲原ファミリープラザ2F,33.6091366,130.4453675,chunithm;gitadora;iidx;jubeat;maimai_dx;ongeki;other;sdvx,gitadora_dm_arena;gitadora_gf_arena;iidx_lm;sdvx_vm,allnet;eagate;ziv
東京ジョイポリス,東京都港区台場1-6-1デックス東京ビーチ4F,35.6289144,139.7753903,maimai_dx;other;taiko,,allnet;ziv
東京レジャーランド亀有店,東京都葛飾区亀有3-21-2,35.7654165,139.8480115,chunithm;ddr;gitadora;iidx;maimai_dx;ongeki;other;popn;sdvx,ddr_gold;gitadora_dm_arena;gitadora_gf_arena;iidx_lm;popn_pikapika;sdvx_vm,allnet;eagate;ziv
東京レジャーランド吉祥寺店,東京都武蔵野市吉祥寺本町1-3-7 YSビル地下１階〜4階,35.7035980,139.5787046,chunithm;ddr;gitadora;iidx;maimai_dx;ongeki;other;popn;sdvx,ddr_gold;gitadora_dm_arena;gitadora_gf_arena;iidx_lm;popn_pikapika;sdvx_vm,allnet;eagate;ziv
東京レジャーランド池袋店,東京都豊島区東池袋１−２９−１サントロペ池袋２階３階,35.7304887,139.7164445,chunithm;ddr;gitadora;iidx;jubeat;maimai_dx;nostalgia;ongeki;other;polaris_chord;popn;sdvx;taiko,ddr_gold;gitadora_dm_arena;gitadora_gf_arena;iidx_lm;popn_pikapika;sdvx_vm,allnet;eagate;ziv
東京レジャーランド秋葉原2号店,東京都千代田区外神田4-3-3ミナミビル6F・7F,35.7008302,139.7718494,chunithm;ddr;gitadora;iidx;jubeat;maimai_dx;ongeki;other;polaris_chord;popn;sdvx;taiko,ddr_gold;gitadora_dm_arena;gitadora_gf_arena;iidx_lm;popn_pikapika;sdvx_vm,allnet;eagate;ziv
東京レジャーランド秋葉原店,東京都千代田区外神田1-9-5,35.6987469,139.7701470,chunithm;ddr;gitadora;iidx;maimai_dx;ongeki;other;polaris_chord;popn;project_diva;sdvx;taiko,ddr_gold;gitadora_dm_arena;gitadora_gf_arena;iidx_lm;popn_pikapika;sdvx_vm,allnet;eagate;ziv
柏ヤングボウル,千葉県柏市南柏中央11-1,35.8459602,139.9570334,chunithm;maimai_dx;other,,allnet;ziv
楽市楽座 イオンモール大和郡山店,奈良県大和郡山市下三橋町741-333イオンモール大和郡山店,34.6518656,135.8020009,chunithm;gitadora;iidx;jubeat;maimai_dx;other;project_diva,,allnet;eagate;ziv
楽市楽座210久留米店,福岡県久留米市東合川2-2-1 2階,33.3200814,130.5460092,chunithm;maimai_dx;other,,allnet;ziv
楽市楽座くりえいと宗像,福岡県宗像市くりえいと１−４−４,33.8105202,130.5635801,chunithm;iidx;maimai_dx;other;sdvx,iidx_lm;sdvx_vm,allnet;eagate;ziv
楽市楽座イオンモール京都桂川店,京都府京都市南区久世高田町376-1イオンモール京都桂川店３階,34.9633145,135.7077191,chunithm;maimai_dx;other;taiko,,allnet;ziv
楽市楽座イオンモール今治店,今治市にぎわい広場1-1イオンモール今治新都市2F2023,34.0430580,132.9611136,iidx;other,,eagate;ziv
楽市楽座イオンモール名古屋茶屋店,愛知県名古屋市港区西茶屋２−１１イオンモール名古屋茶屋３階,35.1036419,136.8248297,chunithm;maimai_dx;other;taiko,,allnet;ziv
楽市楽座イオンモール沖縄ライカム店,沖縄県中頭郡北中城村字沖縄ﾗｲｶﾑ1ｲｵﾝﾓｰﾙ沖縄ﾗｲｶﾑ4階,26.3142859,127.7964644,chunithm;iidx;maimai_dx;ongeki;other;sdvx;taiko,,allnet;ziv
楽市楽座イオンモール福岡伊都店,福岡県福岡市西区北原1-3-1イオンモール福岡伊都SC別館,33.5770481,130.2564028,chunithm;ddr;drs;gitadora;iidx;jubeat;maimai_dx;nostalgia;ongeki;other;polaris_chord;popn;sdvx,ddr_gold;gitadora_dm_arena;gitadora_gf_arena;iidx_lm;popn_pikapika;sdvx_vm,allnet;eagate;ziv
楽市楽座イオンモール福岡店,福岡県糟屋郡粕屋町大字酒殿字老ノ木１９２−１ 2F,33.5971692,130.4791151,chunithm;maimai_dx;other,,allnet;ziv
楽市楽座イオンモール福津店,福岡県福津市日蒔野６−１６−１ イオンモール福津店３Ｆ,33.7532433,130.4937922,chunithm;maimai_dx;other,,allnet;ziv
楽市楽座イオンモール筑紫野店,福岡県筑紫野市立明寺４３４−１イオンモール筑紫野店３階,33.4809383,130.5267763,chunithm;maimai_dx;other,,allnet;ziv
楽市楽座イオンモール都城駅前店,宮崎県都城市栄町４６７２−５ｲｵﾝﾓｰﾙ都城駅前店2階,31.7352977,131.0800559,chunithm;maimai_dx;other,,allnet;ziv
楽市楽座広島店,広島県広島市南区段原南１−３−５２広島段原ＳＣ７階７００１,34.3852255,132.4760186,chunithm;maimai_dx;nostalgia;other,,allnet;eagate;ziv
楽市楽座砂津店,福岡県北九州市小倉北区砂津3-1-1チャチャタウン小倉B棟3F,33.8832387,130.8890874,chunithm;iidx;maimai_dx;other;sdvx,sdvx_vm,allnet;eagate;ziv
楽市楽座行橋店,福岡県行橋市西泉６−１−１,33.7170085,130.9716317,chunithm;iidx;maimai_dx;nostalgia;other,iidx_lm,allnet;eagate;ziv
楽市楽座黒崎店,福岡県北九州市八幡西区桜ヶ丘町１−３フレスポ黒崎２階,33.8656842,130.7560629,chunithm;ddr;drs;gitadora;iidx;jubeat;maimai_dx;nostalgia;ongeki;other;popn;project_diva;sdvx,ddr_gold;gitadora_dm_arena;gitadora_gf_arena;iidx_lm;popn_pikapika;sdvx_vm,allnet;eagate;ziv
楽市街道 名古屋店,愛知県北名古屋市中之郷新明４５−１,35.2398490,136.8488049,chunithm;ddr;gitadora;iidx;maimai_dx;other;sdvx;taiko,gitadora_dm_arena;gitadora_gf_arena;iidx_lm;sdvx_vm,allnet;eagate;ziv
楽市街道くるめ店,福岡県久留米市新合川2-7-10久留米アミューズメントビル内,33.3197842,130.5426705,chunithm;gitadora;maimai_dx;other,,allnet;eagate;ziv
江戸川ヤングボウル,東京都江戸川区中央4-22-25,35.7112564,139.8694347,chunithm;maimai_dx;other;sdvx,sdvx_vm,allnet;eagate;ziv
滋賀レジャーランド大津店,滋賀県大津市におの浜３−１−４３ イオンタウンアヤハプラザ内,35.0039335,135.8834052,chunithm;ddr;iidx;maimai_dx;ongeki;other;popn;project_diva;sdvx,ddr_gold;iidx_lm;sdvx_vm,allnet;eagate;ziv
神奈川レジャーランド厚木店,神奈川県厚木市戸室5-31-1,35.4481120,139.3431770,chunithm;dance_evo;ddr;drs;gitadora;iidx;jubeat;maimai_dx;nostalgia;ongeki;other;polaris_chord;popn;project_diva;reflec;sdvx,ddr_gold;gitadora_dm_arena;gitadora_gf_arena;iidx_lm;popn_pikapika;sdvx_vm,allnet;eagate;ziv
福井レジャーランド板垣店,福井県福井市下馬３−１０２,36.0423089,136.2337626,chunithm;ddr;gitadora;iidx;jubeat;maimai_dx;ongeki;other;polaris_chord;popn;sdvx,ddr_gold;gitadora_dm_arena;gitadora_gf_arena;iidx_lm;popn_pikapika;sdvx_vm,allnet;eagate;ziv
群馬レジャーランド伊勢崎店,群馬県伊勢崎市連取町3066-1,36.3182128,139.1723709,chunithm;ddr;gitadora;iidx;jubeat;maimai_dx;ongeki;other;polaris_chord;popn;sdvx,ddr_gold;gitadora_dm_arena;gitadora_gf_arena;iidx_lm;popn_pikapika;sdvx_vm,allnet;eagate;ziv
群馬レジャーランド太田店,群馬県太田市西矢島町162-2,36.2681054,139.3759251,chunithm;ddr;gitadora;iidx;jubeat;maimai_dx;nostalgia;ongeki;other;polaris_chord;popn;sdvx,ddr_gold;gitadora_dm_arena;gitadora_gf_arena;iidx_lm;popn_pikapika;sdvx_vm,allnet;eagate;ziv
群馬レジャーランド渋川店,群馬県渋川市八木原1364,36.4741949,139.0153797,chunithm;ddr;gitadora;iidx;maimai_dx;nostalgia;ongeki;other;polaris_chord;popn;sdvx,ddr_gold;gitadora_dm_arena;gitadora_gf_arena;iidx_lm;popn_pikapika;sdvx_vm,allnet;eagate;ziv
群馬レジャーランド藤岡店,群馬県藤岡市中2002-1,36.2743443,139.0718665,chunithm;ddr;gitadora;iidx;jubeat;maimai_dx;nostalgia;ongeki;other;polaris_chord;popn;project_diva;sdvx,ddr_gold;gitadora_dm_arena;gitadora_gf_arena;iidx_lm;popn_pikapika;sdvx_vm,allnet;eagate;ziv
群馬レジャーランド高崎駅東口店,群馬県高崎市江木町３３３−１高崎ＥＸビル,36.3298716,139.0128575,chunithm;ddr;drs;gitadora;iidx;jubeat;maimai_dx;nostalgia;ongeki;other;polaris_chord;popn;sdvx,ddr_gold;gitadora_dm_arena;gitadora_gf_arena;iidx_lm;popn_pikapika;sdvx_vm,allnet;eagate;ziv
豊川メトロポリス,愛知県豊川市下長山町上アライ１４−１,34.8025832,137.3845019,chunithm;iidx;jubeat;maimai_dx;nostalgia;ongeki;other;polaris_chord;sdvx,iidx_lm;sdvx_vm,allnet;eagate;ziv
遊ランド富良野店,北海道富良野市弥生町５番５０号,43.3442505,142.3785285,chunithm;jubeat;other;reflec,,allnet;eagate;ziv
遊遊パークフォレオ博多店,福岡県福岡市博多区東那珂１−１４−４６フォレオ博多２F,33.5741951,130.4396956,chunithm;maimai_dx;other,,allnet;ziv
金沢メトロポリス,石川県金沢市無量寺４−１２１−１,36.6011250,136.6140067,chunithm;iidx;other;popn,iidx_lm,allnet;eagate;ziv
Ａ．Ｃ．グランド,岐阜県岐阜市茜部大川1-77,35.3830948,136.7461877,chunithm;ddr;drs;gitadora;iidx;jubeat;maimai_dx;nostalgia;ongeki;other;polaris_chord;popn;project_diva;reflec;sdvx;taiko,ddr_gold;gitadora_dm_arena;gitadora_gf_arena;iidx_lm;popn_pikapika;sdvx_vm,allnet;eagate;ziv
ＡＤＸマミー出川店,愛知県春日井市不二ヶ丘１丁目５番地,35.2673215,137.0126718,chunithm;gitadora;iidx;jubeat;maimai_dx;ongeki;other;popn;sdvx,iidx_lm;popn_pikapika;sdvx_vm,allnet;eagate;ziv
ＡＤＸマミー岡崎店,愛知県岡崎市井田新町６−１,34.9770308,137.1617195,chunithm;ddr;gitadora;iidx;jubeat;maimai_dx;ongeki;other;popn;sdvx,iidx_lm;popn_pikapika;sdvx_vm,allnet;eagate;ziv
ＡｍｕｓｅｍｅｎｔｃｉｔｙＧ−ＳＴＡ,鹿児島県薩摩川内市向田本町４９番,31.8158073,130.3074018,chunithm;maimai_dx;ongeki;other,,allnet;ziv
ＦＥＳＴＡコスモタウン佐伯店,大分県佐伯市鶴岡西町２丁目１６３番地 コスモタウン佐伯内,32.9609481,131.8662463,chunithm;maimai_dx;ongeki;other;polaris_chord;sdvx,sdvx_vm,allnet;eagate;ziv
ＦＥＳＴＡフリーモールわさだ店,大分県大分市大字木上字鉾手２１０２番地,33.1847361,131.5680652,chunithm;maimai_dx;ongeki;other;polaris_chord;sdvx,sdvx_vm,allnet;eagate;ziv
ＦＥＳＴＡ人吉店,熊本県人吉市宝来町１３０７−１ＨＩＴＯＹＯＳＨＩ−ＲＥＸ内,32.2120330,130.7482963,chunithm;maimai_dx;ongeki;other,,allnet;ziv
ＦＥＳＴＡ山鹿店,熊本県山鹿市方保田字鳥越3468-1,33.0046941,130.7230284,chunithm;maimai_dx;ongeki;other,,allnet;ziv
Ｇ−ｐａｌａ小倉,福岡県北九州市小倉南区上葛原1−14−1,33.8396527,130.9113355,chunithm;ddr;iidx;jubeat;maimai_dx;ongeki;other;polaris_chord;popn;project_diva;sdvx,ddr_gold;iidx_lm;sdvx_vm,allnet;eagate;ziv
Ｇ−ｐａｌａ日田,大分県日田市友田997-1,33.3258135,130.9116595,chunithm;iidx;jubeat;maimai_dx;nostalgia;ongeki;other;polaris_chord;reflec;sdvx,iidx_lm;sdvx_vm,allnet;eagate;ziv
Ｇ−ｐａｌａ時津,長崎県西彼杵郡時津町野田郷５９号,32.8243546,129.8478119,chunithm;iidx;maimai_dx;ongeki;other,iidx_lm,allnet;eagate;ziv
Ｇ−ＳＴＡＧＥ七隈店,福岡県福岡市城南区七隈８−４−８,33.5512334,130.3643444,chunithm;gitadora;iidx;maimai_dx;ongeki;other;popn;sdvx,iidx_lm;popn_pikapika;sdvx_vm,allnet;eagate;ziv
Ｇ−ＳＴＡＧＥ小倉,福岡県北九州市小倉北区浅野2-14-5あるあるCITY2階,33.8875419,130.8847304,chunithm;gitadora;iidx;jubeat;maimai_dx;museca;nostalgia;ongeki;other;polaris_chord;popn;sdvx,gitadora_dm_arena;gitadora_gf_arena;iidx_lm;popn_pikapika;sdvx_vm,allnet;eagate;ziv
Ｇ−ＳＴＡＧＥ飯塚店,福岡県飯塚市枝国６８０−２,33.6364868,130.6760254,chunithm;iidx;maimai_dx;ongeki;other;popn;sdvx,iidx_lm;popn_pikapika;sdvx_vm,allnet;eagate;ziv
ＧＡＭＥ ＧＥＴーＢｅｅ ＶＡＬ小山店,栃木県小山市城山町３丁目３番地２２号,36.3126948,139.8066084,chunithm;maimai_dx;ongeki;other,,allnet;ziv
ＧＡＭＥＢＡＮＫ仙台泉店,宮城県仙台市泉区大沢２−５−４,38.3527525,140.8774030,chunithm;ddr;drs;gitadora;iidx;jubeat;maimai_dx;nostalgia;ongeki;other;popn;project_diva;sdvx,gitadora_dm_arena;iidx_lm;sdvx_vm,allnet;eagate;ziv
ＧｉＧＯ ＭＥＧＡドン･キホーテ函館,北海道函館市美原１‐７‐１ ＭＥＧＡドン・キホーテ函館店２Ｆ,41.8135092,140.7562953,maimai_dx;other,,allnet;ziv
ＧｉＧＯあべのアポロ３Ｆ,大阪府大阪市阿倍野区阿倍野筋１‐５‐３１ アポロビル３Ｆ,34.6465681,135.5117823,chunithm;ddr;gitadora;iidx;maimai_dx;ongeki;other;polaris_chord;popn;sdvx,ddr_gold;gitadora_dm_arena;gitadora_gf_arena;iidx_lm;popn_pikapika;sdvx_vm,allnet;eagate;ziv
ＧｉＧＯひたちなか,茨城県ひたちなか市田中後４０−２,36.3475077,140.5800894,chunithm;gitadora;iidx;maimai_dx;ongeki;other;polaris_chord;sdvx,iidx_lm;sdvx_vm,allnet;eagate;ziv
ＧｉＧＯみらい長崎ココウォーク,長崎県長崎市茂里町１−５５みらい長崎ココウォーク５Ｆ,32.7625341,129.8646484,chunithm;maimai_dx;ongeki;other,,allnet;ziv
ＧｉＧＯアクアウォーク大垣,岐阜県大垣市林町６ー８０ー２１アクアウォーク大垣２Ｆ,35.3687856,136.6166472,chunithm;maimai_dx;ongeki;other,,allnet;ziv
ＧｉＧＯアドバンスモール松阪,三重県松阪市田村町２３５−１,34.5538974,136.5146608,chunithm;maimai_dx;nostalgia;ongeki;other;polaris_chord;project_diva;taiko,,allnet;eagate;ziv
ＧｉＧＯアミュプラザくまもと,熊本県熊本市西区春日三丁目１５番２６号６Ｆ ６１８区画,32.7889001,130.6882840,chunithm;maimai_dx;other,,allnet;ziv
ＧｉＧＯアミュプラザみやざき,宮崎県宮崎市老松２丁目２番２２号アミュプラザみやざき うみ館,31.9142659,131.4315529,chunithm;maimai_dx;ongeki;other,,allnet;ziv
ＧｉＧＯアリオ葛西,東京都江戸川区東葛西９−３−３イトーヨーカドー３Ｆ,35.6525143,139.8817872,chunithm;maimai_dx;ongeki;other;project_diva,,allnet;ziv
ＧｉＧＯアルパーク北棟,広島県広島市西区草津南４ー７ー１アルパーク北棟２Ｆ,34.3755120,132.3933319,chunithm;maimai_dx;ongeki;other;project_diva,,allnet;ziv
ＧｉＧＯアルプラザ金沢,石川県金沢市諸江町３０−１,36.5910868,136.6431540,chunithm;maimai_dx;ongeki;other,,allnet;ziv
ＧｉＧＯイオンタウン名西,愛知県名古屋市西区香呑町６−４９−１イオンタウン名西２Ｆ,35.2041270,136.8925985,chunithm;maimai_dx;ongeki;other;taiko,,allnet;ziv
ＧｉＧＯイオンタウン小郡,山口県山口市小郡前田町３−６イオンタウン小郡内,34.0869865,131.3986628,chunithm;maimai_dx;nostalgia;ongeki;other;project_diva,,allnet;eagate;ziv
ＧｉＧＯイオンモールむさし村山,東京都武蔵村山市榎１−１−３−２０５９,35.7467413,139.3850665,chunithm;maimai_dx;ongeki;other,,allnet;ziv
ＧｉＧＯイオンモール与野,埼玉県さいたま市中央区本町西５ー２−９イオンモール与野３Ｆ,35.8906333,139.6151016,chunithm;maimai_dx;ongeki;other,,allnet;ziv
ＧｉＧＯイオンモール岡山,岡山県岡山市北区下石井１−２−１イオンモール岡山６Ｆ,34.6620437,133.9177953,chunithm;iidx;maimai_dx;ongeki;other;polaris_chord;popn;sdvx,iidx_lm;popn_pikapika;sdvx_vm,allnet;eagate;ziv
ＧｉＧＯイオンモール苫小牧,北海道苫小牧市柳町３丁目１番２０号イオンモール苫小牧２階,42.6563187,141.6420372,chunithm;gitadora;iidx;jubeat;maimai_dx;ongeki;other;polaris_chord;popn;sdvx,iidx_lm;popn_pikapika;sdvx_vm,allnet;eagate;ziv
ＧｉＧＯイオンモール銚子,千葉県銚子市三崎町２−２６６０−１イオンモール銚子２Ｆ,35.7098939,140.7876201,chunithm;maimai_dx;ongeki;other;project_diva,,allnet;ziv
ＧｉＧＯイオンモール高松,香川県高松市香西本町1-1 イオンモール高松2F 227-2,34.3524161,134.0050942,chunithm;maimai_dx;ongeki;other,,allnet;ziv
ＧｉＧＯイオン新浦安ショッピングセンター,千葉県浦安市入船１−４−１イオン新浦安ＳＣ４Ｆ,35.6489954,139.9149219,chunithm;iidx;maimai_dx;other;sdvx,iidx_lm;sdvx_vm,allnet;eagate;ziv
ＧｉＧＯイトーヨーカドー古淵,神奈川県相模原市南区古淵３−１３−３３イトーヨーカドー３Ｆ,35.5530135,139.4186535,chunithm;maimai_dx;ongeki;other,,allnet;ziv
ＧｉＧＯエイスクエア草津,滋賀県草津市西渋川１−２３−２３エイスクエアＳＡＲＡ南館２階,35.0242214,135.9597829,chunithm;iidx;maimai_dx;ongeki;other;polaris_chord;sdvx,iidx_lm;sdvx_vm,allnet;eagate;ziv
ＧｉＧＯギャラリエアピタ知立,愛知県知立市長篠町大山１８−１ギャラリエアピタ１Ｆ,34.9991237,137.0528421,chunithm;maimai_dx;ongeki;other;taiko,,allnet;ziv
ＧｉＧＯコロワ甲子園,兵庫県西宮市甲子園高潮町３−３Ｃｒｏｗａ甲子園３Ｆ,34.7237339,135.3618492,chunithm;maimai_dx;ongeki;other,,allnet;ziv
ＧｉＧＯサントムーン柿田川,静岡県駿東郡清水町玉川６１−２サントムーン柿田川２Ｆ,35.1097737,138.9030008,chunithm;iidx;maimai_dx;nostalgia;ongeki;other;polaris_chord;popn;sdvx,iidx_lm;popn_pikapika;sdvx_vm,allnet;eagate;ziv
ＧｉＧＯスエヒロボウル徳島,徳島県徳島市南末広町４−９５−２,34.0611124,134.5727754,chunithm;maimai_dx;ongeki;other;project_diva,,allnet;ziv
ＧｉＧＯスマーク伊勢崎,群馬県伊勢崎市西小保方町３６８スマーク伊勢崎３Ｆ ３０２区画,36.3391744,139.2330425,chunithm;drs;iidx;jubeat;maimai_dx;nostalgia;ongeki;other;polaris_chord;project_diva;sdvx,iidx_lm;sdvx_vm,allnet;eagate;ziv
ＧｉＧＯセンター南,神奈川県横浜市都筑区茅ヶ崎中央３−２５,35.5446019,139.5746394,chunithm;iidx;maimai_dx;ongeki;other;polaris_chord;popn;sdvx,iidx_lm;popn_pikapika;sdvx_vm,allnet;eagate;ziv
ＧｉＧＯダイナシティ小田原,神奈川県小田原市中里２９６−１ダイナシティイーストモール３Ｆ,35.2818014,139.1886624,chunithm;maimai_dx;ongeki;other,,allnet;ziv
ＧｉＧＯデイズタウンつくば,茨城県つくば市竹園１-９−２デイズタウンつくば地下１Ｆ,36.0777294,140.1153316,chunithm;dance_evo;ddr;drs;gitadora;iidx;jubeat;maimai_dx;museca;nostalgia;ongeki;other;polaris_chord;popn;project_diva;reflec;sdvx,ddr_gold;gitadora_dm_arena;gitadora_gf_arena;iidx_lm;popn_pikapika;sdvx_vm,allnet;eagate;ziv
ＧｉＧＯトナリエ四日市,三重県四日市市安島１丁目３番３１号トナリエ四日市５階,34.9686061,136.6166547,chunithm;drs;iidx;jubeat;maimai_dx;ongeki;other;polaris_chord;popn;project_diva;sdvx;taiko,iidx_lm;sdvx_vm,allnet;eagate;ziv
ＧｉＧＯドリームタウン白樺,北海道帯広市白樺１６条西２丁目ドリームタウン白樺１階,42.9194181,143.1743325,chunithm;ddr;gitadora;iidx;maimai_dx;ongeki;other;polaris_chord;popn;project_diva;sdvx,ddr_gold;iidx_lm;popn_pikapika;sdvx_vm,allnet;eagate;ziv
ＧｉＧＯビバモール寝屋川,大阪府寝屋川市寝屋南２−２２−２ビバモール寝屋川モール棟２Ｆ,34.7657720,135.6506536,chunithm;maimai_dx;ongeki;other;project_diva,,allnet;ziv
ＧｉＧＯフェニックスプラザ摩耶,兵庫県神戸市灘区味泥町６−１フェニックスプラザ１Ｆ,34.7040510,135.2280184,chunithm;maimai_dx;ongeki;other,,allnet;ziv
ＧｉＧＯフジグラン高知,高知県高知市朝倉東町５２−１５フジグラン高知３Ｆ,33.5430367,133.4979066,chunithm;maimai_dx;ongeki;other,,allnet;ziv
ＧｉＧＯフレスポ東大阪,大阪府東大阪市稲田新町３−９−６４,34.6907943,135.5913188,chunithm;maimai_dx;ongeki;other,,allnet;ziv
ＧｉＧＯベイドリーム清水,静岡県静岡市清水区駒越北８−１ベイドリーム清水２Ｆ,34.9848744,138.4994607,chunithm;maimai_dx;ongeki;other,,allnet;ziv
ＧｉＧＯマリエとやま,富山県富山市桜町１丁目１番６１号マリエとやま４Ｆ,36.7003922,137.2141065,chunithm;maimai_dx;ongeki;other,,allnet;ziv
ＧｉＧＯマーケットスクエアささしま,愛知県名古屋市中村区平池町４丁目６０番地１４号,35.1626230,136.8849364,chunithm;ddr;gitadora;iidx;jubeat;maimai_dx;nostalgia;ongeki;other;polaris_chord;popn;sdvx;taiko,ddr_gold;gitadora_dm_arena;gitadora_gf_arena;iidx_lm;popn_pikapika;sdvx_vm,allnet;eagate;ziv
ＧｉＧＯマーゴ関,岐阜県関市倉知５１６,35.4796478,136.9006802,chunithm;iidx;maimai_dx;nostalgia;ongeki;other;polaris_chord;project_diva;sdvx,iidx_lm;sdvx_vm,allnet;eagate;ziv
ＧｉＧＯミーナ天神,福岡県福岡市中央区天神４丁目３番８号 ミーナ天神７階 ７０,33.5929742,130.3983736,chunithm;maimai_dx;ongeki;other,,allnet;ziv
ＧｉＧＯヴィータモールせいせき,東京都多摩市関戸４丁目７２番地,35.6486018,139.4472360,chunithm;maimai_dx;ongeki;other;taiko,,allnet;ziv
ＧｉＧＯ三宮北口,兵庫県神戸市中央区北長狭通一丁目８番１号,34.6931201,135.1921928,chunithm;gitadora;iidx;maimai_dx;ongeki;other;polaris_chord;popn;sdvx,iidx_lm;popn_pikapika;sdvx_vm,allnet;eagate;ziv
ＧｉＧＯ上田,長野県上田市大字上田１８４７−１,36.4127733,138.2619352,chunithm;nostalgia;ongeki;other;project_diva,,allnet;eagate;ziv
ＧｉＧＯ中津,大分県中津市沖代町１−２−１６,33.5912109,131.2019990,chunithm;maimai_dx;other;project_diva,,allnet;ziv
ＧｉＧＯ中筋,広島県広島市安佐南区中筋４−１１−７,34.4553375,132.4788461,chunithm;maimai_dx;ongeki;other;project_diva,,allnet;ziv
ＧｉＧＯ中間,福岡県中間市上蓮花寺３−１−１,33.8230744,130.7216062,chunithm;iidx;maimai_dx;ongeki;other;polaris_chord;project_diva;sdvx,iidx_lm;sdvx_vm,allnet;eagate;ziv
ＧｉＧＯ久居,三重県津市久居明神町字風早２５３４−１,34.6842048,136.4668428,chunithm;maimai_dx;nostalgia;ongeki;other;project_diva,,allnet;eagate;ziv
ＧｉＧＯ今福,大阪府大阪市城東区今福東１−９−３４,34.7009266,135.5574414,chunithm;jubeat;maimai_dx;nostalgia;ongeki;other;polaris_chord;project_diva,,allnet;eagate;ziv
ＧｉＧＯ仙台,宮城県仙台市青葉区中央２−５−５三経６０ビル,38.2616214,140.8767359,chunithm;ddr;drs;iidx;maimai_dx;nostalgia;ongeki;other;polaris_chord;popn;project_diva;sdvx,ddr_gold;iidx_lm;popn_pikapika;sdvx_vm,allnet;eagate;ziv
ＧｉＧＯ仙台一番町,宮城県仙台市青葉区一番町４丁目５番１３号サンシャインビル１階,38.2641347,140.8711617,chunithm;ddr;gitadora;iidx;maimai_dx;ongeki;other;polaris_chord;popn;sdvx,ddr_gold;gitadora_dm_arena;gitadora_gf_arena;iidx_lm;popn_pikapika;sdvx_vm,allnet;eagate;ziv
ＧｉＧＯ伊勢,三重県伊勢市中須町６６６,34.4921013,136.6780636,chunithm;iidx;jubeat;maimai_dx;nostalgia;ongeki;other;polaris_chord;project_diva;sdvx;taiko,iidx_lm;sdvx_vm,allnet;eagate;ziv
ＧｉＧＯ会津若松,福島県会津若松市町北町上荒久田字宮下１４２,37.5183115,139.9221731,chunithm;ddr;iidx;maimai_dx;ongeki;other;polaris_chord;popn;sdvx,ddr_gold;iidx_lm;popn_pikapika;sdvx_vm,allnet;eagate;ziv
ＧｉＧＯ佐沼,宮城県登米市迫町佐沼字中江２−５−８,38.6904449,141.1891181,chunithm;maimai_dx;ongeki;other,,allnet;ziv
ＧｉＧＯ倉敷,岡山県倉敷市西中新田５３５−２,34.5839063,133.7698652,chunithm;maimai_dx;ongeki;other,,allnet;ziv
ＧｉＧＯ入間,埼玉県入間市東藤沢２−１８,35.8192054,139.4181179,chunithm;gitadora;iidx;jubeat;maimai_dx;nostalgia;ongeki;other;polaris_chord;project_diva;sdvx,iidx_lm;sdvx_vm,allnet;eagate;ziv
ＧｉＧＯ八戸,青森県八戸市城下４−２５−１４,40.5199277,141.4982922,chunithm;iidx;maimai_dx;ongeki;other;sdvx,iidx_lm;sdvx_vm,allnet;eagate;ziv
ＧｉＧＯ八柱,千葉県松戸市日暮１−１−１八柱駅第２ビル２Ｆ,35.7913772,139.9377874,chunithm;ddr;iidx;jubeat;maimai_dx;ongeki;other;polaris_chord;popn;sdvx,ddr_gold;iidx_lm;popn_pikapika;sdvx_vm,allnet;eagate;ziv
ＧｉＧＯ函館昭和,北海道函館市昭和３丁目２４−１８ゲオ函館昭和店１階,41.8192328,140.7345439,chunithm;maimai_dx;other,,allnet;ziv
ＧｉＧＯ別府,大分県別府市餅ヶ浜町１６１−２,33.2955437,131.5030742,chunithm;iidx;maimai_dx;ongeki;other;project_diva;sdvx,iidx_lm;sdvx_vm,allnet;eagate;ziv
ＧｉＧＯ利府,宮城県宮城郡利府町加瀬字新前谷地５５−１,38.3280286,140.9756113,chunithm;ddr;iidx;maimai_dx;ongeki;other;popn;sdvx,ddr_gold;iidx_lm;popn_pikapika;sdvx_vm,allnet;eagate;ziv
ＧｉＧＯ勿来,福島県いわき市勿来町四沢字鍵田１３,36.8890720,140.7845634,chunithm;ongeki;other;project_diva,,allnet;ziv
ＧｉＧＯ北山形,山形県山形市北町１−３−２０,38.2682491,140.3313510,chunithm;maimai_dx;ongeki;other;project_diva,,allnet;ziv
ＧｉＧＯ北岡崎,愛知県岡崎市錦町２番地４,34.9733728,137.1599159,chunithm;ddr;drs;gitadora;iidx;jubeat;maimai_dx;nostalgia;ongeki;other;polaris_chord;popn;project_diva;sdvx,ddr_gold;gitadora_dm_arena;gitadora_gf_arena;iidx_lm;popn_pikapika;sdvx_vm,allnet;eagate;ziv
ＧｉＧＯ北見,北海道北見市西三輪５丁目１番地１６号,43.7965975,143.8426114,chunithm;ddr;gitadora;iidx;jubeat;maimai_dx;ongeki;other;polaris_chord;popn;sdvx;taiko,ddr_gold;iidx_lm;sdvx_vm,allnet;eagate;ziv
ＧｉＧＯ北谷,沖縄県中頭郡北谷町美浜９−８,26.3169305,127.7555816,chunithm;maimai_dx;ongeki;other;taiko,,allnet;ziv
ＧｉＧＯ千葉,千葉県千葉市中央区富士見２−４−１,35.6115641,140.1158508,chunithm;maimai_dx;ongeki;other;project_diva,,allnet;ziv
ＧｉＧＯ南越谷ラクーン,埼玉県越谷市南越谷１丁目１５番１号南越谷ラクーン２Ｆ,35.8750206,139.7931848,chunithm;maimai_dx;ongeki;other,,allnet;ziv
ＧｉＧＯ名取,宮城県名取市飯野坂字土城堀５７−１,38.1565615,140.8883654,chunithm;iidx;maimai_dx;ongeki;other;sdvx,iidx_lm;sdvx_vm,allnet;eagate;ziv
ＧｉＧＯ名張,三重県名張市希央台３番町１５,34.6235067,136.1035133,chunithm;drs;maimai_dx;nostalgia;ongeki;other,,allnet;eagate;ziv
ＧｉＧＯ和泉,大阪府和泉市肥子町２−４−４１,34.4867343,135.4180002,chunithm;maimai_dx;ongeki;other,,allnet;ziv
ＧｉＧＯ大森,東京都大田区山王２−１−５大森駅ララビル２Ｆ,35.5900117,139.7284234,chunithm;ddr;gitadora;iidx;jubeat;maimai_dx;ongeki;other;polaris_chord;popn;project_diva;sdvx,ddr_gold;gitadora_dm_arena;gitadora_gf_arena;iidx_lm;popn_pikapika;sdvx_vm,allnet;eagate;ziv
ＧｉＧＯ大阪第４ビル,大阪府大阪市北区梅田１−１１−４駅前第４ビルＢ１Ｆ,34.6997459,135.4995034,chunithm;iidx;ongeki;other;sdvx,iidx_lm;sdvx_vm,allnet;eagate;ziv
ＧｉＧＯ大阪道頓堀本店,大阪府大阪市中央区道頓堀１丁目８番２２号道頓座ビル１〜３Ｆ,34.6684903,135.5016990,chunithm;ddr;gitadora;iidx;maimai_dx;ongeki;other;polaris_chord;project_diva;sdvx;taiko,ddr_gold;gitadora_dm_arena;gitadora_gf_arena;iidx_lm;sdvx_vm,allnet;eagate;ziv
ＧｉＧＯ天童,山形県天童市南町１−５−２６,38.3429386,140.3741282,chunithm;ddr;drs;gitadora;iidx;jubeat;maimai_dx;nostalgia;ongeki;other;polaris_chord;popn;project_diva;sdvx,ddr_gold;iidx_lm;sdvx_vm,allnet;eagate;ziv
ＧｉＧＯ太田,群馬県太田市西矢島町５７５−１,36.2745539,139.3780843,chunithm;maimai_dx;ongeki;other,,allnet;ziv
ＧｉＧＯ姫路駅前,兵庫県姫路市駅前町２５４姫路ＯＳビルＢ１Ｆ,34.8288891,134.6911463,chunithm;iidx;maimai_dx;ongeki;other;polaris_chord;popn;sdvx;taiko,iidx_lm;popn_pikapika;sdvx_vm,allnet;eagate;ziv
ＧｉＧＯ宇都宮,栃木県宇都宮市東宿郷５−１−７,36.5583104,139.9088155,chunithm;ddr;drs;gitadora;iidx;jubeat;maimai_dx;nostalgia;ongeki;other;polaris_chord;popn;project_diva;sdvx,ddr_gold;gitadora_dm_arena;gitadora_gf_arena;iidx_lm;popn_pikapika;sdvx_vm,allnet;eagate;ziv
ＧｉＧＯ安城,愛知県安城市百石町２−３５−１３,34.9473926,137.0731591,chunithm;iidx;maimai_dx;ongeki;other;sdvx,iidx_lm;sdvx_vm,allnet;eagate;ziv
ＧｉＧＯ室蘭,北海道室蘭市東町４丁目３１番２号１階,42.3421726,141.0259566,chunithm;maimai_dx;ongeki;other;popn,,allnet;eagate;ziv
ＧｉＧＯ小山,栃木県小山市東城南１−１−１８,36.2989766,139.8101635,chunithm;iidx;maimai_dx;nostalgia;ongeki;other;polaris_chord;project_diva;sdvx,iidx_lm;sdvx_vm,allnet;eagate;ziv
ＧｉＧＯ尾西,愛知県一宮市篭屋３−９−７アソビックスびさい１Ｆ,35.3092178,136.7715210,chunithm;gitadora;iidx;maimai_dx;ongeki;other;polaris_chord;sdvx;taiko,iidx_lm;sdvx_vm,allnet;eagate;ziv
ＧｉＧＯ尾道,広島県尾道市新浜１−２−１３,34.4030398,133.1863131,chunithm;maimai_dx;ongeki;other,,allnet;ziv
ＧｉＧＯ岡山藤崎,岡山県岡山市中区藤崎５９９−１２,34.6088660,133.9766043,chunithm;maimai_dx;nostalgia;ongeki;other;project_diva,,allnet;eagate;ziv
ＧｉＧＯ岡崎,愛知県岡崎市上地３−５０−４,34.9113546,137.1693120,chunithm;maimai_dx;ongeki;other;project_diva,,allnet;ziv
ＧｉＧＯ岡谷,長野県岡谷市塚間町２−１−２１,36.0652155,138.0530269,chunithm;maimai_dx;nostalgia;ongeki;other;project_diva,,allnet;eagate;ziv
ＧｉＧＯ川口,埼玉県川口市東領家２−２−１０,35.7948508,139.7475285,chunithm;drs;maimai_dx;nostalgia;ongeki;other;polaris_chord;project_diva,,allnet;eagate;ziv
ＧｉＧＯ布施,大阪府東大阪市長堂１−１−１ロンモール布施内,34.6641110,135.5627449,chunithm;ddr;drs;gitadora;iidx;jubeat;maimai_dx;nostalgia;ongeki;other;polaris_chord;popn;project_diva;sdvx,ddr_gold;iidx_lm;popn_pikapika;sdvx_vm,allnet;eagate;ziv
ＧｉＧＯ帯広稲田,北海道帯広市稲田町南八線西１２−１スズランボウル１・２階,42.8902056,143.1964602,chunithm;iidx;maimai_dx;ongeki;other;polaris_chord;sdvx,iidx_lm;sdvx_vm,allnet;eagate;ziv
ＧｉＧＯ幕張,千葉県千葉市美浜区ひび野１−８メッセ・アミューズ・モール１Ｆ,35.6499867,140.0426445,chunithm;ddr;gitadora;iidx;jubeat;maimai_dx;ongeki;other;polaris_chord;popn;project_diva;sdvx,ddr_gold;iidx_lm;popn_pikapika;sdvx_vm,allnet;eagate;ziv
ＧｉＧＯ広,広島県呉市広中町１−９,34.2285551,132.6294083,chunithm;gitadora;iidx;jubeat;maimai_dx;ongeki;other;polaris_chord;popn;sdvx,iidx_lm;sdvx_vm,allnet;eagate;ziv
ＧｉＧＯ広島本通,広島県広島市中区本通９−３０ランドマークビル１Ｆ,34.3924267,132.4608008,chunithm;maimai_dx;ongeki;other,,allnet;ziv
ＧｉＧＯ庄内,山形県東田川郡三川町猪字大堰端３２６番地６,38.8196376,139.8348644,chunithm;maimai_dx;other;project_diva,,allnet;ziv
ＧｉＧＯ府中,東京都府中市西原町１−６−２フレスポ府中１Ｆ・２Ｆ,35.6824046,139.4603984,chunithm;maimai_dx;ongeki;other,,allnet;ziv
ＧｉＧＯ延岡,宮崎県延岡市平原町５−１４９２−８,32.5498259,131.6778907,chunithm;maimai_dx;nostalgia;ongeki;other;project_diva,,allnet;eagate;ziv
ＧｉＧＯ弘前,青森県弘前市末広１−３−３,40.6040697,140.4999194,chunithm;maimai_dx;ongeki;other,,allnet;ziv
ＧｉＧＯ我孫子,千葉県我孫子市柴崎字天王谷４７−１,35.8782703,140.0300563,chunithm;maimai_dx;ongeki;other,,allnet;ziv
ＧｉＧＯ所沢,埼玉県所沢市日吉町８−１,35.7884760,139.4718990,chunithm;iidx;maimai_dx;nostalgia;ongeki;other;polaris_chord;project_diva;sdvx,iidx_lm;sdvx_vm,allnet;eagate;ziv
ＧｉＧＯ掛川,静岡県掛川市細田２４８,34.7738744,137.9853301,chunithm;maimai_dx;nostalgia;ongeki;other,,allnet;eagate;ziv
ＧｉＧＯ新三国アルゴ７,大阪府豊中市神州町１−１５,34.7386679,135.4794168,chunithm;maimai_dx;ongeki;other,,allnet;ziv
ＧｉＧＯ新大久保,東京都新宿区百人町２丁目１０−１南雲ビルＢ１Ｆ,35.7017862,139.6995136,maimai_dx;other;taiko,,allnet;ziv
ＧｉＧＯ新宿西口,東京都新宿区西新宿１−１２−５Ｂ１Ｆ・１Ｆ,35.6895292,139.6973700,chunithm;iidx;maimai_dx;ongeki;other;polaris_chord;popn;sdvx;taiko,iidx_lm;popn_pikapika;sdvx_vm,allnet;eagate;ziv
ＧｉＧＯ新庄,山形県新庄市金沢１０６８,38.7646694,140.3084662,chunithm;gitadora;iidx;jubeat;maimai_dx;other;polaris_chord;popn;sdvx,iidx_lm;sdvx_vm,allnet;eagate;ziv
ＧｉＧＯ新杉田,神奈川県横浜市磯子区杉田１−１−１らびすた新杉田２Ｆ,35.3860689,139.6188885,chunithm;iidx;maimai_dx;ongeki;other;polaris_chord;popn;project_diva;sdvx,iidx_lm;popn_pikapika;sdvx_vm,allnet;eagate;ziv
ＧｉＧＯ日光,栃木県日光市芹沼１４４８−１,36.7410949,139.7101397,chunithm;maimai_dx;nostalgia;ongeki;other;polaris_chord;project_diva,,allnet;eagate;ziv
ＧｉＧＯ日和田,福島県郡山市日和田町字西中島７−１,37.4482007,140.3804128,chunithm;drs;maimai_dx;ongeki;other;project_diva,,allnet;eagate;ziv
ＧｉＧＯ日立,茨城県日立市田尻町３−２６−１,36.6264312,140.6698583,chunithm;gitadora;jubeat;maimai_dx;nostalgia;ongeki;other;project_diva,,allnet;eagate;ziv
ＧｉＧＯ旭,千葉県旭市二３１５０−１,35.7235695,140.6395598,chunithm;maimai_dx;ongeki;other;project_diva,,allnet;ziv
ＧｉＧＯ明石,兵庫県明石市魚住町清水２４６４−１,34.7200565,134.8968320,chunithm;drs;gitadora;maimai_dx;nostalgia;ongeki;other,,allnet;eagate;ziv
ＧｉＧＯ春日井,愛知県春日井市岩野町４１８０,35.2695446,136.9605146,chunithm;drs;iidx;jubeat;maimai_dx;nostalgia;ongeki;other;project_diva;sdvx;taiko,iidx_lm;sdvx_vm,allnet;eagate;ziv
ＧｉＧＯ本厚木,神奈川県厚木市中町４−１５−９,35.4390462,139.3619056,chunithm;gitadora;iidx;jubeat;maimai_dx;ongeki;other;polaris_chord;sdvx,iidx_lm;sdvx_vm,allnet;eagate;ziv
ＧｉＧＯ札幌駅西口,北海道札幌市北区北６条西６丁目１‐１,43.0675310,141.3462795,chunithm;ddr;gitadora;iidx;maimai_dx;ongeki;other;popn;sdvx;taiko,ddr_gold;gitadora_dm_arena;gitadora_gf_arena;iidx_lm;popn_pikapika;sdvx_vm,allnet;eagate;ziv
ＧｉＧＯ東京ドームシティ,東京都文京区後楽１−３−６１,35.7049936,139.7538087,ongeki;other;taiko,,allnet;ziv
ＧｉＧＯ東名ボール,愛知県瀬戸市西原町２−１１４,35.2092202,137.0628682,chunithm;maimai_dx;nostalgia;ongeki;other;project_diva;taiko,,allnet;ziv
ＧｉＧＯ東梅田,大阪府大阪市北区堂山町９−２８,34.7031007,135.5039563,chunithm;maimai_dx;ongeki;other;project_diva,,allnet;ziv
ＧｉＧＯ松山,愛媛県松山市枝松５−７−３２,33.8282598,132.7865030,chunithm;maimai_dx;nostalgia;ongeki;other,,allnet;eagate;ziv
ＧｉＧＯ松江,島根県松江市嫁島町１２−１５,35.4500922,133.0478147,chunithm;maimai_dx;nostalgia;ongeki;other;project_diva,,allnet;eagate;ziv
ＧｉＧＯ枚方,大阪府枚方市須山町８３−１サンシャインプラザ枚方内,34.8196428,135.6755727,chunithm;iidx;maimai_dx;nostalgia;ongeki;other;project_diva;sdvx,iidx_lm;sdvx_vm,allnet;eagate;ziv
ＧｉＧＯ柏,千葉県柏市柏１−１−１１丸井デパート内Ｂ１Ｆ,35.8614881,139.9709011,chunithm;maimai_dx;ongeki;other,,allnet;ziv
ＧｉＧＯ桑名,三重県桑名市江場１５７８,35.0531263,136.6824919,chunithm;iidx;maimai_dx;ongeki;other;polaris_chord;sdvx;taiko,iidx_lm;sdvx_vm,allnet;eagate;ziv
ＧｉＧＯ横浜中華街,神奈川県横浜市中区山下町８０−１,35.4438130,139.6480761,chunithm;maimai_dx;ongeki;other,,allnet;ziv
ＧｉＧＯ武生,福井県越前市新町３−１３−４,35.9051868,136.1534092,chunithm;maimai_dx;ongeki;other,,allnet;ziv
ＧｉＧＯ武雄,佐賀県武雄市武雄町富岡１２５１７−１,33.1993539,130.0346461,chunithm;drs;jubeat;maimai_dx;nostalgia;ongeki;other;polaris_chord;project_diva,,allnet;eagate;ziv
ＧｉＧＯ水戸,茨城県水戸市宮町１−７−４４コムボックス３１０,36.3694663,140.4745213,chunithm;ddr;drs;gitadora;iidx;jubeat;maimai_dx;nostalgia;ongeki;other;polaris_chord;popn;project_diva;sdvx,ddr_gold;iidx_lm;popn_pikapika;sdvx_vm,allnet;eagate;ziv
ＧｉＧＯ水戸南,茨城県水戸市千波町２０１７−１,36.3503245,140.4430002,chunithm;ddr;gitadora;iidx;jubeat;maimai_dx;nostalgia;ongeki;other;polaris_chord;popn;project_diva;sdvx,iidx_lm;popn_pikapika;sdvx_vm,allnet;eagate;ziv
ＧｉＧＯ水沢,岩手県奥州市水沢佐倉河字鐙田４−１,39.1526569,141.1493722,chunithm;maimai_dx;ongeki;other;polaris_chord,,allnet;eagate;ziv
ＧｉＧＯ池上,東京都大田区池上６−２−３松山ビル２Ｆ,35.5726635,139.7021271,chunithm;maimai_dx;nostalgia;ongeki;other,,allnet;eagate;ziv
ＧｉＧＯ沼田,群馬県沼田市下久屋町１１００−１,36.6567755,139.0780691,chunithm;maimai_dx;other;project_diva,,allnet;ziv
ＧｉＧＯ海田,広島県安芸郡海田町南大正町３−３５,34.3676366,132.5336741,chunithm;iidx;maimai_dx;ongeki;other;polaris_chord;project_diva;sdvx,iidx_lm;sdvx_vm,allnet;eagate;ziv
ＧｉＧＯ海老名,神奈川県海老名市中央一丁目４番３１号海老名プラザビル１階,35.4515535,139.3925418,chunithm;iidx;maimai_dx;ongeki;other;polaris_chord;project_diva;sdvx,iidx_lm;sdvx_vm,allnet;eagate;ziv
ＧｉＧＯ渋谷宮益坂,東京都渋谷区渋谷１−１４−１４ＥＳＴ１階・７階,35.6600164,139.7025897,chunithm;ddr;iidx;jubeat;maimai_dx;nostalgia;ongeki;other;polaris_chord;popn;project_diva;sdvx;taiko,ddr_gold;iidx_lm;popn_pikapika;sdvx_vm,allnet;eagate;ziv
ＧｉＧＯ生桑,三重県四日市市生桑町字川原崎２９９−１,34.9864590,136.6016295,chunithm;jubeat;maimai_dx;nostalgia;ongeki;other;project_diva,,allnet;eagate;ziv
ＧｉＧＯ甲西,滋賀県湖南市夏見字二ツ橋３５６−１,34.9949073,136.0972139,chunithm;maimai_dx;ongeki;other;project_diva,,allnet;ziv
ＧｉＧＯ町田,東京都町田市原町田６−１３ー１７アーバンミサワビルＢ１,35.5438675,139.4469818,chunithm;ddr;iidx;maimai_dx;ongeki;other;polaris_chord;popn;project_diva;sdvx,ddr_gold;iidx_lm;popn_pikapika;sdvx_vm,allnet;eagate;ziv
ＧｉＧＯ白河,福島県白河市新高山１−１ メガステージ白河内,37.1193163,140.1944179,chunithm;maimai_dx;ongeki;other,,allnet;ziv
ＧｉＧＯ相模原ラクーン,神奈川県相模原市中央区小山１ー１ー１４,35.5843140,139.3621420,chunithm;maimai_dx;ongeki;other,,allnet;ziv
ＧｉＧＯ相模大野,神奈川県相模原市南区相模大野３−１３−２東和ビル２Ｆ・３Ｆ,35.5321942,139.4358387,chunithm;ddr;gitadora;iidx;jubeat;maimai_dx;nostalgia;ongeki;other;polaris_chord;popn;project_diva;sdvx,ddr_gold;gitadora_dm_arena;gitadora_gf_arena;iidx_lm;popn_pikapika;sdvx_vm,allnet;eagate;ziv
ＧｉＧＯ石岡,茨城県石岡市東大橋中峯１９７６−１,36.1986319,140.3033861,chunithm;jubeat;maimai_dx;nostalgia;ongeki;other;polaris_chord;project_diva,,allnet;eagate;ziv
ＧｉＧＯ石巻,宮城県石巻市大街道東４−１−４５,38.4294077,141.2853678,chunithm;maimai_dx;ongeki;other;project_diva,,allnet;ziv
ＧｉＧＯ神戸ｕｍｉｅモザイク,兵庫県神戸市中央区東川崎町１ー６ー１神戸モザイク３Ｆ,34.6799071,135.1844019,chunithm;maimai_dx;other,,allnet;ziv
ＧｉＧＯ神栖,茨城県神栖市神栖１ー８−１,35.8979951,140.6444094,chunithm;gitadora;iidx;jubeat;maimai_dx;nostalgia;ongeki;other;polaris_chord;popn;sdvx,iidx_lm;sdvx_vm,allnet;eagate;ziv
ＧｉＧＯ神楽坂,東京都新宿区神楽坂２−１１第２カグラヒルズ１Ｆ,35.7010372,139.7420111,chunithm;iidx;maimai_dx;ongeki;other;polaris_chord;popn;sdvx;taiko,iidx_lm;popn_pikapika;sdvx_vm,allnet;eagate;ziv
ＧｉＧＯ福井,福井県福井市丸山１−４１０,36.0733531,136.2429894,chunithm;gitadora;iidx;maimai_dx;nostalgia;ongeki;other;project_diva;sdvx,iidx_lm;sdvx_vm,allnet;eagate;ziv
ＧｉＧＯ福山,広島県福山市瀬戸町大字山北３００,34.4760604,133.3159193,chunithm;maimai_dx;ongeki;other;project_diva,,allnet;ziv
ＧｉＧＯ福岡天神,福岡県福岡市中央区天神２−７−６ＤＡＤＡビル,33.5898893,130.3966097,chunithm;ddr;drs;gitadora;iidx;maimai_dx;nostalgia;ongeki;other;polaris_chord;popn;project_diva;sdvx,ddr_gold;gitadora_dm_arena;gitadora_gf_arena;iidx_lm;popn_pikapika;sdvx_vm,allnet;eagate;ziv
ＧｉＧＯ福島,福島県福島市本内中井１−２,37.7852287,140.4875123,chunithm;maimai_dx;ongeki;other,,allnet;ziv
ＧｉＧＯ福島南,福島県福島市黒岩字中島７−２,37.7277789,140.4671413,chunithm;ddr;iidx;maimai_dx;ongeki;other;polaris_chord;popn;sdvx,ddr_gold;iidx_lm;popn_pikapika;sdvx_vm,allnet;eagate;ziv
ＧｉＧＯ福生,東京都福生市福生１０７６−１,35.7447000,139.3242870,chunithm;gitadora;iidx;maimai_dx;ongeki;other;polaris_chord;project_diva;sdvx,iidx_lm;sdvx_vm,allnet;eagate;ziv
ＧｉＧＯ秋田,秋田県秋田市茨島１−１−１６,39.7042342,140.1045893,chunithm;iidx;maimai_dx;nostalgia;ongeki;other,iidx_lm,allnet;eagate;ziv
ＧｉＧＯ秋葉原３号館,東京都千代田区外神田１‐１１‐１１外神田１丁目ビルディング,35.6992573,139.7709038,chunithm;ddr;drs;gitadora;iidx;jubeat;maimai_dx;nostalgia;ongeki;other;polaris_chord;popn;project_diva;sdvx;taiko,ddr_gold;gitadora_dm_arena;gitadora_gf_arena;iidx_lm;popn_pikapika;sdvx_vm,allnet;eagate;ziv
ＧｉＧＯ稲毛オーツーパーク,千葉県千葉市稲毛区園生町３８０−１,35.6505317,140.1191122,chunithm;maimai_dx;ongeki;other;project_diva,,allnet;ziv
ＧｉＧＯ立川,東京都立川市柴崎町３−２−１サザンビル１・２Ｆ,35.6975104,139.4146195,chunithm;iidx;maimai_dx;ongeki;other;polaris_chord;popn;sdvx;taiko,iidx_lm;popn_pikapika;sdvx_vm,allnet;eagate;ziv
ＧｉＧＯ竹の塚,東京都足立区竹の塚６−８−６ピーくんＰｌａｚａ−ｂ,35.7947506,139.7924968,chunithm;iidx;maimai_dx;ongeki;other;polaris_chord;sdvx,iidx_lm;sdvx_vm,allnet;eagate;ziv
ＧｉＧＯ籠原,埼玉県熊谷市美土里町１−１−１６９,36.1709504,139.3182563,chunithm;maimai_dx;ongeki;other,,allnet;ziv
ＧｉＧＯ米子,鳥取県米子市両三柳２７７８−２,35.4598740,133.3221969,chunithm;ongeki;other;project_diva,,allnet;ziv
ＧｉＧＯ米沢,山形県米沢市大字花沢字タナコ原１７７,37.9109365,140.1336702,chunithm;iidx;maimai_dx;ongeki;other;polaris_chord;popn;sdvx,iidx_lm;sdvx_vm,allnet;eagate;ziv
ＧｉＧＯ綱島,神奈川県横浜市港北区綱島西２−６−２９,35.5363864,139.6328782,chunithm;ddr;gitadora;iidx;jubeat;maimai_dx;nostalgia;ongeki;other;polaris_chord;popn;project_diva;sdvx,ddr_gold;gitadora_dm_arena;gitadora_gf_arena;iidx_lm;popn_pikapika;sdvx_vm,allnet;eagate;ziv
ＧｉＧＯ総本店,東京都豊島区東池袋一丁目１３番６号,35.7295307,139.7147102,chunithm;ddr;drs;gitadora;iidx;jubeat;maimai_dx;nostalgia;ongeki;other;polaris_chord;popn;project_diva;sdvx;taiko,ddr_gold;gitadora_dm_arena;gitadora_gf_arena;iidx_lm;popn_pikapika;sdvx_vm,allnet;eagate;ziv
ＧｉＧＯ自由が丘,東京都目黒区自由が丘２ー１０ー９,35.6084441,139.6675657,chunithm;gitadora;iidx;maimai_dx;ongeki;other;popn;sdvx;taiko,iidx_lm;popn_pikapika;sdvx_vm,allnet;eagate;ziv
ＧｉＧＯ船堀,東京都江戸川区船堀１ー６ー１１,35.6848536,139.8638638,chunithm;gitadora;iidx;maimai_dx;nostalgia;ongeki;other;polaris_chord;project_diva;sdvx,iidx_lm;sdvx_vm,allnet;eagate;ziv
ＧｉＧＯ花園,埼玉県深谷市荒川３５９,36.1204271,139.2330687,chunithm;maimai_dx;ongeki;other;project_diva,,allnet;ziv
ＧｉＧＯ袋井,静岡県袋井市川井１１４２−１,34.7463375,137.9114390,chunithm;maimai_dx;ongeki;other;project_diva,,allnet;ziv
ＧｉＧＯ西葛西,東京都江戸川区西葛西５−１−１４第一保志ビル,35.6652968,139.8592688,chunithm;maimai_dx;ongeki;other,,allnet;ziv
ＧｉＧＯ西那須野,栃木県那須塩原市南郷屋２−１０６−２７,36.8951190,139.9822381,chunithm;gitadora;iidx;maimai_dx;nostalgia;ongeki;other;polaris_chord;project_diva;sdvx,iidx_lm;sdvx_vm,allnet;eagate;ziv
ＧｉＧＯ諫早,長崎県諫早市小川町９０−１,32.8315106,130.0552128,chunithm;maimai_dx;nostalgia;ongeki;other;polaris_chord;popn,,allnet;eagate;ziv
ＧｉＧＯ豊田,愛知県豊田市深田町１−６５−１,35.0678723,137.1238001,chunithm;ddr;gitadora;iidx;maimai_dx;nostalgia;ongeki;other;polaris_chord;popn;sdvx,ddr_gold;iidx_lm;popn_pikapika;sdvx_vm,allnet;eagate;ziv
ＧｉＧＯ豊科,長野県安曇野市豊科南穂高１１１５,36.3031122,137.9227144,chunithm;maimai_dx;nostalgia;ongeki;other;project_diva,,allnet;eagate;ziv
ＧｉＧＯ金山,愛知県名古屋市熱田区金山１−１９ー２,35.1426808,136.9021522,chunithm;gitadora;iidx;maimai_dx;ongeki;other;polaris_chord;popn;sdvx;taiko,iidx_lm;popn_pikapika;sdvx_vm,allnet;eagate;ziv
ＧｉＧＯ長久手,愛知県長久手市武蔵塚７０５,35.1714145,137.0454605,chunithm;ddr;gitadora;iidx;maimai_dx;ongeki;other;popn;sdvx;taiko,gitadora_dm_arena;gitadora_gf_arena;iidx_lm;popn_pikapika;sdvx_vm,allnet;eagate;ziv
ＧｉＧＯ難波アビオン,大阪府大阪市浪速区難波中２−３−１５ ＭＭＯビルＢ１Ｆ〜３Ｆ,34.6627327,135.5033112,chunithm;ddr;drs;gitadora;iidx;maimai_dx;nostalgia;ongeki;other;polaris_chord;popn;project_diva;reflec;sdvx,ddr_gold;gitadora_dm_arena;gitadora_gf_arena;iidx_lm;popn_pikapika;sdvx_vm,allnet;eagate;ziv
ＧｉＧＯ静岡,静岡県静岡市葵区七間町４番地,34.9740698,138.3815063,chunithm;maimai_dx;ongeki;other,,allnet;ziv
ＧｉＧＯ館林,群馬県館林市小桑原町９４９−１,36.2352210,139.5203287,chunithm;maimai_dx;ongeki;other;project_diva,,allnet;ziv
ＧｉＧＯ高城,大分県大分市牧１−１６１−８,33.2417094,131.6372654,chunithm;drs;gitadora;iidx;jubeat;maimai_dx;nostalgia;ongeki;other;polaris_chord;popn;project_diva;sdvx,iidx_lm;sdvx_vm,allnet;eagate;ziv
ＧｉＧＯ高山,岐阜県高山市上岡本町７−７,36.1426267,137.2436265,chunithm;maimai_dx;nostalgia;ongeki;other;project_diva;taiko,,allnet;eagate;ziv
ＧｉＧＯ高松,香川県高松市勅使町５３５,34.3084572,134.0184855,chunithm;ongeki;other,,allnet;ziv
ＧｉＧＯ高田馬場,東京都新宿区高田馬場４−７−５高田馬場グランド東京,35.7136018,139.7037221,chunithm;ddr;iidx;maimai_dx;ongeki;other;popn;sdvx,iidx_lm;popn_pikapika;sdvx_vm,allnet;eagate;ziv
ＧｉＧＯ鳥取,鳥取県鳥取市安長４１６,35.5118559,134.2105547,chunithm;maimai_dx;ongeki;other;project_diva,,allnet;ziv
ＧｉＧＯ龍ヶ崎,茨城県龍ケ崎市藤ケ丘４−２−８,35.9385388,140.1959422,chunithm;drs;jubeat;maimai_dx;nostalgia;ongeki;other;project_diva,,allnet;eagate;ziv
Ｈｅｙ,東京都千代田区外神田１−１０−５廣瀬本社ビル１階〜４階,35.6990241,139.7710638,chunithm;gitadora;iidx;other;popn;sdvx;taiko,iidx_lm;sdvx_vm,allnet;eagate;ziv
ＭＥＧＡＧＥＴ室蘭,北海道室蘭市中島本町２ー８ー１,42.3535264,141.0145420,chunithm;iidx;maimai_dx;ongeki;other;sdvx,iidx_lm;sdvx_vm,allnet;eagate;ziv
ＭＥＧＡＧＥＴ釧路,北海道釧路郡釧路町木場２丁目１ー１,43.0089190,144.4080035,chunithm;iidx;maimai_dx;ongeki;other;sdvx,iidx_lm;sdvx_vm,allnet;eagate;ziv
ｎａｍｃｏゆめタウン広島店,広島県広島市南区皆実町２ー８ー１７ゆめタウン広島店３Ｆ,34.3760793,132.4637694,chunithm;other,,allnet;ziv
ｎａｍｃｏゆめタウン廿日市店,広島県廿日市市下平良２ー２ー１ゆめタウン廿日市店３Ｆ,34.3460169,132.3354783,chunithm;maimai_dx;other,,allnet;ziv
ｎａｍｃｏららぽーと名古屋みなとアクルス,愛知県名古屋市港区港明２ー３ー２ららぽーとみなとアクルス３Ｆ,35.1096001,136.8830016,chunithm;other;taiko,,allnet;ziv
ｎａｍｃｏアミュプラザ長崎新館店,長崎県長崎市尾上町１番１号 アミュプラザ長崎新館４階,32.7516252,129.8709304,chunithm;iidx;maimai_dx;other;sdvx,iidx_lm;sdvx_vm,allnet;eagate;ziv
ｎａｍｃｏイオンタウン大館西店,秋田県大館市根下戸新町１８番１２１号 イオンタウン大館西内,40.2736778,140.5300206,chunithm;maimai_dx;ongeki;other,,allnet;ziv
ｎａｍｃｏイオンタウン読谷ＳＣ店,沖縄県中頭郡読谷村古堅７４０イオンタウン読谷ＳＣ内,26.3679776,127.7460342,chunithm;maimai_dx;other;taiko,,allnet;ziv
ｎａｍｃｏイオンタウン郡山店,福島県郡山市松木町２ー８８イオンタウン郡山内,37.3892958,140.3906753,chunithm;jubeat;maimai_dx;ongeki;other;popn;sdvx,sdvx_vm,allnet;eagate;ziv
ｎａｍｃｏイオンモールナゴヤドーム前店,名古屋市東区矢田南４ー１０２ー３イオンモールナゴヤドーム３Ｆ,35.1871751,136.9440943,chunithm;maimai_dx;ongeki;other;taiko,,allnet;ziv
ｎａｍｃｏイオンモール広島府中店,広島県安芸郡府中町大須２ー１ー１イオンモール広島府中３Ｆ,34.3946218,132.4997930,chunithm;maimai_dx;other,,allnet;ziv
ｎａｍｃｏイオン具志川店,沖縄県うるま市字前原幸崎原３０３イオン具志川ＳＣ内２Ｆ,26.3383686,127.8446809,chunithm;maimai_dx;ongeki;other,,allnet;ziv
ｎａｍｃｏウイングベイ小樽店,北海道小樽市築港１１ー５ウィングベイ小樽５番街３階,43.1839414,141.0223104,chunithm;maimai_dx;ongeki;other,,allnet;ziv
ｎａｍｃｏエアポートウォーク名古屋店,愛知県西春日井郡豊山町大字豊場字林先１ー８エアポートＷ３Ｆ,35.2462056,136.9248662,chunithm;maimai_dx;other;taiko,,allnet;ziv
ｎａｍｃｏエルムの街ショッピングセンター,青森県五所川原市大字唐笠柳字藤巻５１７ー１エルムの街２Ｆ,40.7995529,140.4541259,chunithm;other,,allnet;ziv
ｎａｍｃｏカラフルタウン岐阜店,岐阜県岐阜市柳津町丸野３ー３ー６カラフルタウン岐阜内,35.3624086,136.7292027,chunithm;other;taiko,,allnet;ziv
ｎａｍｃｏビバシティ彦根店,滋賀県彦根市竹ケ鼻町４３ー１ビバシティ彦根２Ｆ,35.2437061,136.2508666,chunithm;maimai_dx;ongeki;other,,allnet;ziv
ｎａｍｃｏモラージュ佐賀店,佐賀県佐賀市巨勢町大字牛島７３０モラージュ佐賀南館１Ｆ,33.2512754,130.3196785,chunithm;maimai_dx;ongeki;other,,allnet;ziv
ｎａｍｃｏワンダーシティ南熊本店,熊本県熊本市中央区九品寺６−９−１,32.7868920,130.7147318,chunithm;iidx;maimai_dx;ongeki;other;polaris_chord;popn;sdvx,iidx_lm;popn_pikapika;sdvx_vm,allnet;eagate;ziv
ｎａｍｃｏ中野店,東京都中野区中野５ー５２ー１５中野ブロードウェイ別館,35.7091276,139.6661371,chunithm;maimai_dx;ongeki;other;taiko,,allnet;ziv
ｎａｍｃｏ博多バスターミナル店,福岡県福岡市博多区博多駅中央街２ー１博多バスターミナル７階,33.5915216,130.4198918,chunithm;gitadora;iidx;maimai_dx;ongeki;other;popn;sdvx,gitadora_dm_arena;gitadora_gf_arena;iidx_lm;popn_pikapika;sdvx_vm,allnet;eagate;ziv
ｎａｍｃｏ新潟店,新潟県新潟市中央区南笹口１ー１ー１ ひもろぎビル２Ｆ,37.9083798,139.0639094,chunithm;drs;iidx;maimai_dx;ongeki;other;popn;sdvx,iidx_lm;sdvx_vm,allnet;eagate;ziv
ｎａｍｃｏ松戸店,千葉県松戸市松戸１２３０番地１ピアザ松戸１Ｆ,35.7835829,139.9007767,chunithm;gitadora;iidx;jubeat;maimai_dx;ongeki;other;polaris_chord;popn;sdvx,gitadora_dm_arena;gitadora_gf_arena;iidx_lm;popn_pikapika;sdvx_vm,allnet;eagate;ziv
ｎａｍｃｏ梅田店,大阪府大阪市北区小松原町３ー３ＯＳビル２Ｆ,34.7027815,135.5003960,chunithm;gitadora;iidx;maimai_dx;ongeki;other;polaris_chord;popn;project_diva;sdvx;taiko,gitadora_dm_arena;gitadora_gf_arena;iidx_lm;popn_pikapika;sdvx_vm,allnet;eagate;ziv
ｎａｍｃｏ池袋店,東京都豊島区東池袋１ー２２ー１０ヒューマックスパビリオン１Ｆ,35.7296795,139.7157691,chunithm;maimai_dx;other;taiko,,allnet;ziv
ｎａｍｃｏ王子サンスクエア店,東京都北区王子１ー４ー１サンスクエア２階,35.7529737,139.7389579,chunithm;gitadora;iidx;maimai_dx;ongeki;other;popn;sdvx,gitadora_dm_arena;gitadora_gf_arena;iidx_lm;popn_pikapika;sdvx_vm,allnet;eagate;ziv
ｎａｍｃｏ秋葉原店,東京都千代田区外神田１丁目１５番９号,35.6980094,139.7724164,chunithm;maimai_dx;other;taiko,,allnet;ziv
ｎａｍｃｏＯＳＣ湘南シティ店,神奈川県平塚市代官町３３番１号ＯＳＣ湘南シティ内,35.3287149,139.3572829,chunithm;maimai_dx;other,,allnet;ziv
ＰＡＬＯ久慈,岩手県久慈市長内町第３０地割３２−２久慈SC１F,40.1898616,141.7855976,chunithm;maimai_dx;ongeki;other;polaris_chord;project_diva;sdvx,sdvx_vm,allnet;eagate;ziv
ＰＡＬＯ防府,山口県防府市中央町１−３イオン防府店３Ｆ,34.0522015,131.5696784,chunithm;dance_evo;gitadora;iidx;maimai_dx;nostalgia;ongeki;other;polaris_chord;popn;sdvx,iidx_lm;sdvx_vm,allnet;eagate;ziv
ＰＡＬＯ鳥取店,鳥取県鳥取市天神町1 2F,35.4935140,134.2219484,chunithm;maimai_dx;other,,allnet;ziv
ＳＯＹＵ ＧＡＭＥ ＦＩＥＬＤ古川店,宮城県大崎市古川沢田字筒場浦１５番地イオンタウン古川内,38.5990232,140.9741564,chunithm;iidx;maimai_dx;ongeki;other,iidx_lm,allnet;eagate;ziv
ＳＯＹＵＧａｍｅＦｉｅｌｄ大館店,秋田県大館市御成町三丁目７番５８号いとく大館ＳＣ３階,40.2808817,140.5603404,chunithm;maimai_dx;ongeki;other,,allnet;ziv
ＳＯＹＵＧａｍｅＦｉｅｌｄ御所野店,秋田県秋田市御所野地蔵田１ー１−１イオンモール秋田２Ｆ,39.6634143,140.1610980,chunithm;maimai_dx;ongeki;other;polaris_chord;popn,popn_pikapika,allnet;eagate;ziv
ＳＰＥＥＤ,山口県周南市大字久米３２１９,34.0339400,131.8346400,chunithm;ddr;gitadora;iidx;maimai_dx;ongeki;other;sdvx,ddr_gold;gitadora_dm_arena;gitadora_gf_arena;iidx_lm;sdvx_vm,allnet;eagate;ziv
ＷＯＲＬＤ ＧＡＭＥ ＣＩＲＣＵＳ,東京都立川市羽衣町２−４−１３羽衣長田ビル１０１ＷＧＣ,35.6964221,139.4288034,chunithm;ddr;gitadora;iidx;jubeat;maimai_dx;museca;ongeki;other;polaris_chord;popn;project_diva;sdvx;taiko,ddr_gold;gitadora_dm_arena;gitadora_gf_arena;iidx_lm;popn_pikapika;sdvx_vm,allnet;eagate;ziv
ＹＡＺ寝屋川店,大阪府寝屋川市石津中町25-26,34.7802772,135.6194363,chunithm;gitadora;iidx;maimai_dx;ongeki;other;polaris_chord;sdvx,iidx_lm;sdvx_vm,allnet;eagate;ziv
ｙｏｕｍｅ ＣＩＲＣＵＳ出雲店,島根県出雲市大塚町６５０−１ゆめタウン出雲店 東館３Ｆ,35.3774033,132.7562280,chunithm;maimai_dx;ongeki;other,,allnet;ziv
BEEBEELAND 蜂狂天地,"Rua da Patinagem, R92 AB, 2nd Floor, H853 Fun Factory, Lisboeta Macau, Cotai, Macau Special Administrative Region, 999078",22.1397913,113.5731196,maimai_dx;other,,ziv
YURAKUCHO,"N 5-7A,Rua de Sacadura Cabral N14-18B,R/C E,EDF.POU SENG",22.1991168,113.5469361,chunithm;ddr;drs;gitadora;iidx;jubeat;maimai_dx;nostalgia;other;popn;sdvx;taiko,,allnet;ziv
佳景樂園兒童天地 Future Bright Amusement Park,"1G Rua de Coelho do Amaral, 白鴿巢麗豪花園地下, Macau, 999078",22.1993165,113.5403605,gitadora;jubeat;other,,ziv
兒童王國,"澳門永華街3-91 號僑光大廈, Macau, Macau, 999078",22.2105391,113.5525042,drs;gitadora;jubeat;maimai_dx;other;taiko,,ziv
新遊戲,"永華街57號僑光工業大廈地下H舖, Macau, 999078",22.2104124,113.5521863,drs;gitadora;jubeat;maimai_dx;other;taiko,,ziv
栢蕙遊戲廣場 Praça de Diversóes Pak Wai,"122 Avenida do Conselheiro Ferreira de Almeida, 荷蘭園大馬路122號地下, Macau, 999078",22.2028453,113.5507782,gitadora;jubeat;other,,ziv
海濱遊樂 Kaihin Yuraku,"451 Rua do General Ivens Ferraz, Macau, -",22.2067161,113.5411691,chunithm;gitadora;maimai_dx;other;popn;sdvx;taiko,,ziv
1st Avenue (K.B. Fun),"Level 3, 182 Jalan Magazine George Town Penang, 10300, George Town",5.4133056,100.3312083,maimai_dx;other,,ziv
AMAN CENTRAL,"Lot 3-25, Level 3, No.1 Aman Central, Lebuhraya Darulaman, 05100",6.1248637,100.3667935,chunithm;maimai_dx;other;taiko,,allnet;ziv
"Arcade @ Da Men Mall, by Funkids","L4-30 & 31⁣, L4, Da Men Mall No. 1, Persiaran Kewajipan, USJ 1, Subang Jaya Selangor, 47600, Subang Jaya",3.0579981,101.5927970,other,,ziv
Arcade at Berjaya Resort Bkt Tinggi,"Colmar Tropicale, Berjaya Hills KM48, Persimpangan Bertingkat Lebuhraya, Bukit Tinggi, Karak Pahang, 28750, Karak",3.4002022,101.8394230,other,,ziv
"Arcade Battle GAMEON Theme Park, Melawati Mall","Level 6, Melawati Mall Jalan Bandar 12, Taman Melawati, Kuala Lumpur Wilayah Persekutuan Kuala Lumpur, 53100, Kuala Lumpur",3.2105910,101.7486119,other;taiko,,ziv
"Arcade Battle, GAMEON Themepark The Mines","L4-07D(P), Level 4, East Court, The Mines Shopping Mall, Jalan Dulang, Mines Wellness City, Seri Kembangan Selangor, 43300, Seri Kembangan",3.0284229,101.7189898,other,,ziv
"ARCADE by Fun Kids, Melawati Mall","L518, Level 5, Melawati Mall Jalan Bandar 12, Taman Melawati, Kuala Lumpur Wilayah Persekutuan Kuala Lumpur, 53100, Kuala Lumpur",3.2111213,101.7489257,other,,ziv
"Arcade near Ninja Jungle Gym, by Fun Kids","Near 03-112, Floor 3, Berjaya Times Square Jalan Imbi, Imbi, Kuala Lumpur Federal Territory of Kuala Lumpur, 55100, Kuala Lumpur",3.1424283,101.7111173,other;taiko,,ziv
ATO Gaming Cafe & Event Hall TTDI,"Lot 58370, Jalan Sungai Penchala, Kampung Sungai Penchala, Kuala Lumpur WP Kuala Lumpur, 60000, Kuala Lumpur",3.1592257,101.6161911,other,,ziv
Baseball Cage @ MyTown,"L3.041, Level 3, MyTown Shopping Centre No.6, Jalan Cochrane, Seksyen 90, Kuala Lumpur Wilayah Persekutuan Kuala Lumpur, 55100, Kuala Lumpur",3.1349856,101.7227393,other,,ziv
"Berjaya Time Square (Cosmo’s World, Galaxy Station)","1 Jalan Imbi Bukit Bintang Kuala Lumpur, 55100, Bukit Bintang",3.1421551,101.7105165,ddr;other,,ziv
Capcom Station City Mall,"GA1-GA3 Jalan Lintas Kota Kinabalu Sabah, 88300, Kota Kinabalu",5.9613697,116.0963853,gitadora;other,,ziv
Capcom Station Lotus's Ampang,"Ground Floor, Lotus's Ampang PT 8880, Jalan Pandan Prima, Dataran Pandan Indah, Kuala Lumpur Kuala Lumpur, 55100 , Kuala Lumpur",3.1438103,101.7418850,other,,ziv
CAPCOM STATION SABAH,"Lot P4-P7, 4th Floor, Palm Square, Centre Point Sabah, 88000,",5.9781900,116.0718800,maimai_dx;other;taiko,,allnet;ziv
Children Wonderland,"C-2-7 cameron fair, Jalan Camelia Tanah Rata, 39000, Pahang, Malaysia Tanah Rata, Pahang, 39000, Tanah Rata,",4.4694012,101.3756132,other,,ziv
Circus Circus,"No.2112, KM2, Jalan Meru 41050, Klang, Selangor, Malaysia Klang Selangor, 41050, Klang",3.0637648,101.4537062,other,,ziv
"CKY Family Amusement Centre, Paragon","Level 1, Block B, Bintulu Paragon Jalan Old Airport, Bintulu Sarawak, 97000, Bintulu",3.1700935,113.0494505,ddr;other,,ziv
"CKY Family Amusement Centre, Parkcity Mall","L3.16, Level 3, Parkcity Mall, Parkcity Commerce Square, Bintulu Sarawak, 97000, Bintulu",3.1801578,113.0371339,other,,ziv
COBAY DPULSE CYBERJAYA,"LOT SF08 DPULSE SC,CYBER12,63000 CYBERJAYA,SELANGOR",2.9221743,101.6510948,maimai_dx;other,,allnet;ziv
COBAY WANGSA WALK,"TINGKAT2,WANGSA WALK1,JL.WANGSADELIMA12,WANGSA MAJU,KL.",3.1975526,101.7416211,gitadora;maimai_dx;other,,allnet;ziv
COW PLAY COW MOO BUKIT BINTANG,"T5-T8 3rd Floor Lot 10, Shopping Centre, 50, Jalan Sultan Ismail",3.1466072,101.7116219,maimai_dx;other;taiko,,allnet;ziv
Cow Play Cow Moo IOI Mall Puchong,"ET 3, 3rd Floor, IOI Mall Puchong Jalan Puchong, Batu 9, Bandar Puchong Jaya Puchong Selangor, 47100, Puchong",3.0438574,101.6179061,maimai_dx;other;taiko,,ziv
COW PLAY COW MOO SUTERA MALL,LG001-003 Sutera Mall 1 Jalan Sutera Tanjung 8/4,1.5171290,103.6714742,ddr;maimai_dx;other,,allnet;ziv
"District21, IOI City Mall","AT 6, IOI City Mall, IOI Resort City, Putrajaya Wilayah Persekutuan Putrajaya, 62502 , Putrajaya",2.9696639,101.7147088,chunithm;maimai_dx;other,,ziv
East Sound Entertainment,"05-54, 5th Floor, Prangin Mall 33, Jalan Dr Lim Chwee Leong, 10100 Georgetown Pulau Pinang, 10100, Georgetown",5.4145207,100.3311557,other,,ziv
FANTAZIA AEON Klebang,"Lot S15&15A, Second Floor, AEON Mall Klebang, Jalan Kuala Kangsar, Ipoh Perak., 31200 , Ipoh",4.6773858,101.1236304,gitadora;other;taiko,,ziv
FANTAZIA AEON MALL Kulai Jaya,"Lot F48, 1st Floor, AEON Mall Kulaijaya Persiaran Indahpura Utama, Bandar Indahpura, Kulai Johor, 81000, Kulai",1.6402418,103.6175162,other;taiko,,ziv
FANTAZIA Vivacity Megamall,"L3-031,Lorong Wan Alwi 5,Jalan Wan Alwi,93350 Kuching,Sarawak",1.5277760,110.3678552,chunithm;jubeat;maimai_dx;other;taiko,,allnet;ziv
Fun Car Street @ Main Place Mall,"Level 1, Jalan USJ 21/10, Persiaran Kewajipan Subang Jaya Selangor, 47630, Subang Jaya",3.0264730,101.5811412,other;taiko,,ziv
Fun Factory (minexport) The Mines,"L4-02, Level 4, The Mines Shopping Mall 35, Jalan Dulang, Seri Kembangan Selangor, 43300, Seri Kembangan",3.0278991,101.7191777,chunithm;other;taiko,,ziv
"Fun Kids, Paradigm Mall PJ","Lot 21, Level 1, Paradigm Mall PJ 1, Jalan SS 7/26a, SS 7, Petaling Jaya Selangor, 47301, Petaling Jaya",3.1055961,101.5959348,other;taiko,,ziv
FUN SCAPE SEREMBAN,"Lot F01 & F02,AEON Seremban 2,70300 Seremban, Negeri Sembian.",2.2811342,102.2161119,maimai_dx;other,,allnet;ziv
FUN SCAPE@LOTUS'S IPOH GARDEN,"L1-P1, Level 1, Lotus's Ipoh Garden 2, Jln Jambu, Taman Teh Teng Seng Ipoh Perak, 31400, Ipoh",4.6165527,101.1187407,maimai_dx;other,,ziv
FUNSCAPE Cobay @ Publika Shopping Gallery,"UG72, Jln Solaris Dutamas Solaris Dutamas Kuala Lumpur Federal Territory of Kuala Lumpur, 50480, Kuala Lumpur",3.1708055,101.6655415,maimai_dx;other,,ziv
FUNSCAPE Cobay @ Sunway Putra Mall,"L4-6, Level 4, Sunway Putra Mall, 100, Jalan Putra, Chow Kit, Kuala Lumpur Wilayah Persekutuan Kuala Lumpur, 50350, Kuala Lumpur",3.1661995,101.6918273,chunithm;maimai_dx;other;taiko,,ziv
FUNSCAPE Cobay Lotus's Jenjarom,"G21, G floor, Lotus's Jenjarom No 1, Jalan 1/1, Taman Seri Jaromas, Jenjarom Selangor, 42600, Jenjarom",2.8735889,101.5021304,other,,ziv
FUNSCAPE Cobay PINNACLE Sri Petaling,"Lot L1-05, First Floor, Pinnacle Sri Petaling Mall, 1, Jalan Radin Anum 1, Bandar Baru Sri Petaling, Kuala Lumpur, WP Kuala Lumpur, 57000, Kuala Lumpur,",3.0681277,101.6944660,other,,ziv
FUNSCAPE Cobay Plaza Low Yat,"LG-030 - LG-034, LG Floor, Plaza Low Yat, 7, Jalan Bintang, Off Jalan Bukit Bintang, Bukit Bintang, Kuala Lumpur Wilayah Persekutuan Kuala Lumpur, 55100, Kuala Lumpur",3.1443754,101.7100981,chunithm;gitadora;maimai_dx;other;popn;taiko,,ziv
FUNSCAPE Cobay Sunway Pyramid Mall,"B1 (Besides Skating Rink), Sunway Pyramid Mall, 3, Jalan PJS 11/15, Bandar Sunway Petaling Jaya Selangor, 47500, Petaling Jaya",3.0719615,101.6070919,chunithm;maimai_dx;other;popn,,ziv
FUNSCAPE Cobay Sunway Velocity Mall,"Level 3, Lot 3-88, Lingkaran SV, Sunway Velocity Kuala Lumpur Wilayah Persekutuan Kuala Lumpur, 55100, Kuala Lumpur",3.1270257,101.7246208,chunithm;maimai_dx;other;taiko,,ziv
"FUNSCAPE Cobay, EkoCheras Mall","S-17 & S-18, Level 2 EkoCheras Mall, Batu 5, Jalan Cheras Kuala Lumpur Wilayah Persekutuan Kuala Lumpur, 56000, Kuala Lumpur",3.0944434,101.7388059,maimai_dx;other;taiko,,ziv
"FUNSCAPE Cobay, Lotus's Bagan Ajam","7528 Jalan Bagan Ajam Butterworth Pulau Pinang, 13000, Butterworth",5.4396018,100.3816295,maimai_dx;other;taiko,,ziv
"FUNSCAPE Cobay, Lotus's Kepong","Level 2, Lotus's Kepong No. 3, Jalan 7A/62A, Bandar Manjalara, Kepong Wilayah Persekutuan Kuala Lumpur, 52200, Kepong",3.1932562,101.6333118,maimai_dx;other;taiko,,ziv
"FUNSCAPE Cobay, Lotus's Mergong","Lotus's Alor Setar (Mergong) No. 1, Sultanah Bahiyah Hwy, Bandar Baru Mergong Alor Setar Kedah, 05150, Alor Setar",6.1285700,100.3428179,maimai_dx;other,,ziv
"FUNSCAPE Cobay, Lotus's Sungai Petani Selatan","F10 & F11, 1st Floor, Lotus's Sungai Petani Selatan Jalan Bakar Arang, Kawasan Perusahaan Ringan Bakar Arang Sungai Petani Kedah, 08000, Sungai Petani",5.6224936,100.4759306,maimai_dx;other,,ziv
"FUNSCAPE Cobay, Paradigm Mall JB","Lot 63 & 63A, Level 4, Paradigm Mall Johor Bahru, Skudai Hwy, Taman Bukit Mewah, Johor Bahru Johor, 81200, Johor Bahru",1.5156307,103.6857301,maimai_dx;other;taiko,,ziv
"FUNSCAPE Cobay, Sunway Carnival Mall","3068 Jalan Todak Seberang Jaya Pulau Pinang, 13700, Seberang Jaya",5.3985979,100.3980446,chunithm;maimai_dx;other,,ziv
"FUNSCAPE Cobay, The Mines","L1-07, 08, The Mines Shopping Fair, Jalan Dulang, Mines Resort City Seri Kembangan Selangor, 43300, Seri Kembangan",3.0280908,101.7182600,maimai_dx;other;taiko,,ziv
"Funtasi Land, Sentra Mall (Aeon Klebang)","Lot S22-S27, 2nd Floor Jalan Kuala Kangsar, Ipoh Perak, 31200 , Ipoh",4.6773109,101.1222198,other,,ziv
"Galaxy Arcade, Skyworlds Theme Park","LG floor, SkyAvenue Complex Resorts World Genting Genting Highlands Pahang, 69000, Genting Highlands",3.4238762,101.7951590,other,,ziv
"Game In The City, Segamat Central","No.31, 1st Floor, Segamat Central Shopping Centre, Jalan Kolam Air, Kampung Gubah, Segamat Johor, 85000, Segamat",2.5096053,102.8119522,other,,ziv
Game On Theme Park @ Toppen Shopping Centre,"L4-E01-02, Level 4, Toppen Shopping Centre No. 33A, Jalan Harmonium, Taman Desa Tebrau Johor Bahru Johor, 81100, Johor Bahru",1.5526266,103.7986994,other,,ziv
"GAMEON Arcade Arena, Pavillion Bukit Jalil","L4.30.01 & L4.30.02 Pavilion Bukit Jalil Shopping Centre, Pusat Bandar, 2, Persiaran Jalil Utama, Bukit Jalil, Kuala Lumpur Wilayah Persekutuan Kuala Lumpur, 57000, Kuala Lumpur",3.0498478,101.6729678,other,,ziv
GAMEON Sports Hub KSL Esplanade Mall,"UG017, Upper Ground Floor, KSL Esplanade Mall, 1, Jalan Langat KS9, Bandar Bestari, Klang Selangor, 41200, Klang",2.9575378,101.4663416,other,,ziv
GAMEON Sports Hub Quill City Mall,"Lot 3-63, 3rd Floor, Quill City Mall, 1018, Jalan Sultan Ismail, Bandar Wawasan, 50250 Kuala Lumpur, Kuala Lumpur W.P. Kuala Lumpur, 50250, Kuala Lumpur",3.1596462,101.7009006,other;taiko,,ziv
Games Talk Sutera Mall,"L1-17,18,19, Level 1, Sutera Mall 1, Jalan Sutera Tanjung 8/4, Taman Sutera Utama, Skudai, Johor Skudai Johor, 81300, Skudai",1.5177489,103.6707905,other;taiko,,ziv
Get!Stage AEON Tebrau,"S76, 2F, Aeon Tebrau City Shopping Centre, No.1, Jalan Desa Tebrau, Taman Desa Tebrau, Johor Bahru Johor, 81100, Johor Bahru",1.5495861,103.7963900,other,,ziv
Happy Land - Dataran Pahlawan,"Jalan Merdeka Bandar Hilir Melaka, 75000, Bandar Hilir",2.1903850,102.2505550,iidx;other,,ziv
Happyland (Playland) Lotus's Bukit Indah,"G08, G09, Ground Floor, Lotus's Bukit Indah No. 1, Jalan Indah 15, Bukit Indah, Johor Bharu Johor, 81200 , Johor Bharu",1.4827527,103.6630118,other;taiko,,ziv
Happyland Centrepoint Seremban,"2-16, 2nd Floor, Centrepoint Seremban 33, Jalan Dato Siamang Gagap, Betaria Business Centre, Seremba Negeri Sembilan, 70100 , Seremba",2.7226561,101.9551474,other,,ziv
Holiday Planet MidValley,"T-002 Third Floor, Level 31 Lingkaran Syed Putra Kuala Lumpur, Federal Territory of Kuala Lumpur Mid Valley Kuala Lumpur, 59200, Mid Valley",3.1183995,101.6779116,maimai_dx;other,,ziv
IDM Family Games Centre @ Setapak Central Mall,"S 34, Second Floor, Setapak Central Mall, No 67, Jalan Taman Ibu Kota, Taman Danau Kota, Kuala Lumpur Wilayah Persekutuan Kuala Lumpur, 53300, Kuala Lumpur",3.2036978,101.7206900,other;taiko,,ziv
Indah Family Centre (Cheras LeisureMall),"L1-13A & 13B, Cheras LeisureMall, Jalan Manis 6, Taman Bukit Segar, Kuala Lumpur Wilayah Persekutuan Kuala Lumpur, 56100, Kuala Lumpur",3.0899691,101.7415883,maimai_dx;other;taiko,,ziv
Indah Family Centre (Quayside Mall),"2F-15 & 2F-16, Quayside Mall Persiaran Freesia Gamuda Kemuning 25.7, Telok Panglima Garang, Kuala Langat Selangor, 42500, Kuala Langat",2.9569592,101.5525427,other,,ziv
INDAH Family Centre @ Plaza Salak Park,"2, Jalan 1/125e, Taman Desa Petaling Kuala Lumpur 57100, Kuala Lumpur",3.0827729,101.7024028,other,,ziv
Indah Family Game Center @ Lalaport BBCC,"1895 Jalan Hang Tuah Kuala Lumpur Wilayah Persekutuan Kuala Lumpur, 55200, Kuala Lumpur",3.1407489,101.7077964,other,,ziv
INDAH Family Games Centre @ NSK Trade City Kuchai Lama,"Basement 1 Pusat Perdagangan Kuchai 2, Off Jalan Kuchai Lama Kuala Lumpur Federal Territory of Kuala Lumpur, 58200, Kuala Lumpur",3.0850902,101.6913686,other;taiko,,ziv
INDAH FEC Giant Kota Damansara,"Giant Kota Damansara 16 Jalan PJU 5/1 Petaling Jaya Selangor, 47810, Petaling Jaya",3.1561619,101.5963510,other,,ziv
INDAH FEC Midpoint Shopping Complex,"1F First Floor, Midpoint Shopping Complex Pandan Indah, 55100 Kuala Lumpur, Federal Territory of Kuala Lum Kuala Lumpur WP Kuala Lumpur, 56000, Kuala Lumpur",3.1319995,101.7522865,other,,ziv
INDAH FEC NSK Kota Damansara,"Level 1, NSK Trade City Kota Damansara No 1, Jalan Kenyalang 11/1, Seksyen 11, Kota Damansara, PJU 5, Petaling Jaya Selangor, 47810, Petaling Jaya",3.1590918,101.5921011,other,,ziv
INDAH FEC NSK Taman Suntex,"Kompleks Membeli Belah NSK Cheras Lot 33924, Off Lebuhraya Cheras - Kajang, Cheras Selangor, 43200, Cheras",3.0678840,101.7662984,other,,ziv
"Jungle Gym, SkyAvenue Genting","Lot SA - T2C - B17, Level 1, First World Complex Resort World Genting Pahang, 69000, Resort World Genting",3.4249017,101.7946762,other,,ziv
"Jungle Jungle, Lotus's Rawang","G floor, Lotus's Rawang 1, Jalan Rawang, Rawang Selangor, 48000 , Rawang",3.3022173,101.5982795,other,,ziv
KB Fun Central Square,"4F 09, 4th Floor, Central Square 23, Jalan Kampung Baru, Taman Patani Jaya, Sungai Petani Kedah, 08000, Sungai Petani",5.6363391,100.4885477,other,,ziv
KB Fun Lotus's Bukit Mertajam,"G49 & G54, Lotus's Bukit Mertajam No. 2323, Jalan Rozhan, Pusat Perniagaan Seri Impian, Bukit Mert Alma Pulau Pinang, 14000, Alma",5.3163948,100.4760111,other,,ziv
KB FUN Plus,"2nd floor, Taiping Sentral Mall Jalan Istana Larut Taiping Perak, 34000, Taiping",4.8656322,100.7315303,other,,ziv
Kids Playland @ Lotus Selayang,"F2 & F3, Lotus Selayang, Jalan Ipoh, Mukim Kuala Lumpur 51200, Kuala Lumpur",3.2200657,101.6693187,other,,ziv
Kids Playland Lotus's Melaka,"L38, L39, Lotus's Melaka No. 1, Jalan Tun Razak, Peringgit, Peringgit Melaka, 75400, Peringgit",2.2181073,102.2467839,other;taiko,,ziv
Kidzoona AEON Taiping,"Lot F20 & F21, Tingkat 1, AEON Mall Taiping, ,Lot 8576 & 8577, Mukim Kamunting Taiping Perak, 34600, Taiping",4.8725341,100.7293537,other;taiko,,ziv
LSL Family @ Setapak Central Mall,"67, Jalan Taman Ibu Kota, Taman Danau Kota Kuala Lumpur, Wilayah Persekutuan 53300, Kuala Lumpur, Wilayah Persekutuan",3.2042227,101.7204917,other,,ziv
"LSL Family, Berjaya Times Square","06-88, 6th Floor, Berjaya Times Square Jln Imbi, Bukit Bintang Kuala Lumpur Federal Territory of Kuala Lumpur, 55100, Kuala Lumpur",3.1424551,101.7105444,maimai_dx;other,,ziv
"LSL Family, MyTown","B1-031A, Level B1, MyTown Shopping Centre 6 Jalan Cochrane Kuala Lumpur Wilayah Persekutuan Kuala Lumpur, 55100, Kuala Lumpur",3.1349824,101.7232134,maimai_dx;other,,ziv
LSL Plaza Metro Kajang,"T174A (3rd Floor), Plaza Metro Kajang Seksyen 7, Jalan Tun Abdul Aziz Kajang Selangor, 43000, Kajang",2.9911542,101.7889738,other,,ziv
"Magicland, Subang Parade","F34, 1st Floor, 5, Subang Parade, Jalan Kemajuan Subang, SS 16 Subang Jaya Selangor, 47500, Subang Jaya",3.0826648,101.5855618,gitadora;other;sdvx,,ziv
METAPARK Lot10,"S23-27 Jalan Bukit Bintang Jalan Sultan Ismail, Bukit Bintang, Kuala Lumpur Wilayah Persekutuan Kuala Lumpur, 55100, Kuala Lumpur",3.1462976,101.7120932,other,,ziv
"METAPARK, Pavillion Bukit Jalil","Level 5 (near Sushi Zanmai) , Pavillion Mall Bukit Jalil 2, Persiaran Jalil 8, Bukit Jalil Kuala Lumpur Wilayah Persekutuan Kuala Lumpur, 57000, Kuala Lumpur",3.0520092,101.6701037,other;taiko,,ziv
"METAPARK, The Gardens Mall MidValley","F-249, 1st Floor, The Gardens Mall MidValley Lingkaran Syed Putra, Mid Valley City, Kuala Lumpur W.P. Kuala Lumpur, 56000, Kuala Lumpur",3.1195082,101.6764793,other,,ziv
MoCity Cosmic Park,"PT435 Pekan Klebang Seksyen 2 Klebang Besar Melaka, 75200, Klebang Besar",2.2155236,102.1951810,maimai_dx;other,,ziv
Molly Fantasy @ AEON BiG Wangsa Maju,"KL820 Wangsa 118, Wangsa Maju Kuala Lumpur 53300, Kuala Lumpur",3.1960922,101.7429465,other,,ziv
MOLLY FANTASY AEON BANDARAYA MELAKA,"No.2,Jalan Lagenda,Taman 1-Lagenda,75400 Melaka",2.2149072,102.2458511,chunithm;maimai_dx;other;taiko,,allnet;ziv
MOLLY FANTASY AEON BUKIT INDAH,"N0.8,Jalan Indah,15/2,81200 Johor Bahru",1.4817690,103.6558436,chunithm;maimai_dx;other;taiko,,allnet;ziv
Molly Fantasy AEON MALL Ayer Keroh,"F21 & F22, Tingkat 1, AEON Melaka Shopping Centre, Leboh Ayer Keroh, Ayer Keroh Melaka, 75450, Ayer Keroh",2.2342233,102.2830716,other;taiko,,ziv
MOLLY FANTASY BATU PAHAT MALL,"Batu Pahat Mall,Jalan Kluang,83000 Batu Pahat,Johor",1.8638484,102.9620825,chunithm;maimai_dx;other;taiko,,allnet;ziv
MOLLY FANTASY JOHOR BAHRU CITYSQUARE,"Jalan Wong Ah Fook,Bandar JohorBahru,80000 Johor Bahru,Johor",1.4612219,103.7637332,maimai_dx;other;taiko,,allnet;ziv
MOLLY FANTASY MY TOWN CHERAS,"N0.6 Jalan Cochrane,Seksyen 90,55100 Kuala Lumpur",3.1348713,101.7227420,chunithm;gitadora;maimai_dx;other;taiko,,allnet;ziv
Molly Fantasy Suria Sabah,"12B Jalan Tun Fuad Stephens Kota Kinabalu Sabah, 88000, Kota Kinabalu",5.9870446,116.0772275,other;taiko,,ziv
Mollyfantasy 1Utama,"AEON Department, LG125, LG Floor, 1Utama Old Wing, 1Utama Shoppi 1, Lebuh Bandar Utama, Bandar Utama, Petaling Jaya Selangor, 47800, Petaling Jaya",3.1481730,101.6148153,maimai_dx;other;taiko,,ziv
Mollyfantasy AEON AU2 Setiawangsa,"39, Jalan AU2 2c/2, Taman Desa Keramat Kuala Lumpur Setiawangsa, 54200, Kuala Lumpur",3.1769935,101.7503956,other,,ziv
Mollyfantasy AEON Bandar Baru Klang (Bukit Raja),"Lot F31, 1st Floor, AEON Bukit Raja, Shopping Centre, Bukit Raja 2, Bandar Baru Klang, Klang Selangor, 41150, Klang",3.0607890,101.4723980,other;taiko,,ziv
Mollyfantasy AEON Bandar Dato' Onn,"Lot S36 & S37, Second Floor, AEON MALL Bandar Dato' Onn, No3, Jalan Dato' Onn 3, Bandar Dato Onn Johor Bahru Johor, 81100, Johor Bahru",1.5633890,103.7347019,other,,ziv
Mollyfantasy AEON Bukit Mertajam,"Lot S27 & S28, Tingkat 2, AEON Mall Bukit Mertajam, Jalan Rohzan, Mukim 15, Alma, Bukit Mertajam, Bukit Mertajam Penang, 14000, Bukit Mertajam",5.3192888,100.4778492,other;taiko,,ziv
Mollyfantasy AEON Kinta City,"Off Jalan Sultan Azlan Shah 2, Jalan Teh Lean Swee, Taman Ipoh Selatan Ipoh Perak, 31400, Ipoh",4.6138782,101.1178336,other;taiko,,ziv
Mollyfantasy AEON Kuching,"Lot S38 & S38A, AEON Mall Kuching Central No.88, Jalan Datuk Patinggi Haji Ahmad Zaidi Adruce Kuching Sarawak, 93200, Kuching",1.5280503,110.3374525,other;taiko,,ziv
Mollyfantasy AEON Mall Bukit Tinggi,"S66, Tingkat 2, AEON Bukit Tinggi Shopping Centre No.1, Persiaran Batu Nilam, 1/KS6, Bandar Bukit Tinggi 2 Pelabuhan Klang Selangor, 41200, Pelabuhan Klang",2.9942939,101.4442003,chunithm;maimai_dx;other;taiko,,ziv
Mollyfantasy AEON Mall Cheras Selatan,"Tingkat 1, AEON Mall Cheras Selatan Shopping Centre, 43200 Bala Lebuh Tun Hussien Onn, Balakong Selangor, 43200, Balakong",3.0337623,101.7659879,chunithm;maimai_dx;other;taiko,,ziv
Mollyfantasy AEON Mall Ipoh Station 18,"S32, AEON Ipoh 18 Shopping Centre, No. 2, Jalan Susuran Stesen 18, Stesen 18, Ipoh Perak, 31650, Ipoh",4.5458509,101.0705859,chunithm;maimai_dx;other;taiko,,ziv
Mollyfantasy AEON Mall Nilai,"Lot S01, 2nd Floor, AEON Mall Nilai, Persiaran Pusat Bandar Putra Point, Bandar Baru Nilai Negeri Sembilan., 71800, Bandar Baru Nilai",2.8176614,101.7909104,chunithm;maimai_dx;other;taiko,,ziv
Mollyfantasy AEON MALL Shah Alam,"Lot S01 & S02, 2nd Floor, AEON Mall Shah Alam Shopping Centre, 1, Jalan Akuatik 13/64, Persiaran Akuatik, Seksyen 13, Shah Alam Selangor, 40100, Shah Alam",3.0763289,101.5474519,chunithm;maimai_dx;other;taiko,,ziv
Mollyfantasy AEON MALL Tebrau,"S76, 2F, Aeon Tebrau City Shopping Centre, No.1, Jalan Desa Tebrau, Taman Desa Tebrau, Johor Bahru Johor, 81100 , Johor Bahru",1.5487227,103.7950489,other;taiko,,ziv
Mollyfantasy AEON Metro Prima,"F30, Tingkat 1, AEON Mall Metro Prima No.1, Jalan Metro Prima, Kepong Kuala Lumpur Wilayah Persekutuan Kuala Lumpur, 52100, Kuala Lumpur",3.2134002,101.6393065,chunithm;maimai_dx;other;taiko,,ziv
Mollyfantasy AEON MidValley,"1st floor, Aeon Mid Valley Megamall Lingkaran Syed Putra, Mid Valley Kuala Lumpur, 59200, Mid Valley",3.1188440,101.6782147,chunithm;maimai_dx;other;taiko,,ziv
Mollyfantasy AEON Rawang,"Lot F48, Tingkat 1, AEON Mall Anggun Rawang No. 1, Persiaran Anggun, Taman Anggun, Rawang Selangor, 48000, Rawang",3.3159166,101.5361166,other;taiko,,ziv
Mollyfantasy AEON Seremban 2,"Lot F48, AEON Seremban 2 112, Persiaran S2 B1, Seremban 2, Seremban Negeri Sembilan, 70300, Seremban",2.7024629,101.9118619,chunithm;maimai_dx;other;taiko,,ziv
Mollyfantasy AEON Seri Manjung,"G29, AEON Seri Manjung Shopping Centre, Pusat Perniagaan Manjung Point 3, Seri Manjung Perak, 32040 , Seri Manjung",4.2201753,100.6713080,other,,ziv
Mollyfantasy AEON Taman Equine,"G59, Tingkat Bawah, AEON Taman Equine Shopping Centre, No.2, Jalan Equine, Taman Equine, Bandar Putra Permai, Seri Kembangan Selangor, 43300, Seri Kembangan",2.9944696,101.6747625,other,,ziv
Mollyfantasy AEON Taman Maluri,"F15, Tingkat 1, AEON MALL Taman Maluri, Jalan Jejaka, Taman Maluri, Cheras, Maluri, Kuala Lumpur Wilayah Persekutuan Kuala Lumpur, 55100, Kuala Lumpur",3.1257673,101.7284761,other;taiko,,ziv
Mollyfantasy AEON Wangsa Maju (Alpha Angle),"13 Jalan 3/27a Kuala Lumpur Wilayah Persekutuan Kuala Lumpur, 53300, Kuala Lumpur",3.2021554,101.7338811,other;taiko,,ziv
Mollyfantasy Bangi Gateway,"Lot 2-13, Tingkat 2, Blok A, Bangi Gateway Shopping Complex Persiaran Pekeliling, Seksyen 15, Bandar Baru Bangi, Bangi Selangor, 43650 , Bangi",2.9327440,101.7654615,other;taiko,,ziv
Mollyfantasy Bloomsvale Shopping Gallery,"L2-002A,003,003B,003C Bloomsvale Shopping Gallery No. 137, Jalan Puchong Kuala Lumpur WP Kuala Lumpur, 58200, Kuala Lumpur",3.0758896,101.6607106,other;taiko,,ziv
Mollyfantasy Boulevard Mall Miri,"R floor, Boulevard Mall Miri Lot 2528, Boulevard Commercial Centre, Jalan Boulevard Miri Sarawak, 98000, Miri",4.4150624,114.0128731,chunithm;maimai_dx;other;taiko,,ziv
Mollyfantasy IOI City Mall,"Lot F14A & 14B, First Floor, IOI City Mall, Lebuh IRC, IOI Resort City, Putrajaya WP Putrajaya, 62502, Putrajaya",2.9695702,101.7139900,chunithm;maimai_dx;other;taiko,,ziv
Mollyfantasy Ipoh Parade,"Lot T23, 3rd Floor, Ipoh Parade, 105, Jalan Sultan Abdul Jalil, Ipoh, Perak 30450, Ipoh, Perak",4.5954127,101.0901718,chunithm;ddr;gitadora;maimai_dx;other;taiko,,ziv
Mollyfantasy Lalaport BBCC,"Garden Dining, 4th Floor, Lalaport, BBCC Jalan Hang Tuah, Bukit Bintang, Kuala Lumpur Federal Territory of Kuala Lumpur, 55100, Kuala Lumpur",3.1409955,101.7082179,chunithm;maimai_dx;other;taiko,,ziv
Mollyfantasy Mayang Mall,"L3-09, Mayang Mall, No. 1, Persiaran Mayang, Kuala Terengganu Terengganu, 20000, Kuala Terengganu",5.3372390,103.1444094,chunithm;maimai_dx;other;taiko,,ziv
Mollyfantasy Mitsui Outlet Park KLIA Sepang,"F68 & F69, First Floor, MITSUI OUTLET PARK KLIA, Persiaran Komersial, KLIA, Sepang Selangor, 64000, Sepang",2.7815055,101.6779355,other;taiko,,ziv
Mollyfantasy Paradigm Mall JB,"Lot 2F-55 & 56, Level 2, Paradigm Mall Johor Bahru, Jalan Skudai, Johor Bahru Johor, 81200, Johor Bahru",1.5168909,103.6848852,other;taiko,,ziv
Mollyfantasy Plaza Merdeka,"Lot L-39 & 40, Level 3, Plaza Merdeka, 88, Jalan Pearl, Kuching Sarawak, 93000, Kuching",1.5585440,110.3441799,other;taiko,,ziv
Mollyfantasy Queensbay Mall,"65 Persiaran Bayan Indah Bayan Lepas Penang, 11900, Bayan Lepas",5.3327646,100.3065183,chunithm;maimai_dx;other;taiko,,ziv
Mollyfantasy Setia City Mall,"Unit L2-02, Level 2, Setia City Mall, No.7 Persiaran Setia Dagang, Bandar Setia Alam, Seksyen U13, Shah Alam Selangor, 40170, Shah Alam",3.1092318,101.4612321,chunithm;maimai_dx;other;taiko,,ziv
Mollyfantasy Vivacity Megamall,"Lot L3-005A, Level 3, Vivacity Megamall Lorong Wan Alwi 5, Jalan Wan Alwi, Kuching Sarawak, 93350, Kuching",1.5265971,110.3701970,chunithm;maimai_dx;other;taiko,,ziv
"Myplayzone Mega Toys, 1Borneo","Unit S-309, 2nd Floor, 1 Borneo Hypermall, Jalan UMS Kota Kinabalu Sabah, 88450, Kota Kinabalu",6.0351866,116.1292026,jubeat;other;taiko,,ziv
Neo Akedo Sunway Carnival,"4F-01, Sunway Carnival Mall, 3068, Jalan Todak, Pusat Bandar Seberang Jaya, Seberang Jaya Pulau Pinang, 13700, Seberang Jaya",5.4002695,100.3983182,other;taiko,,ziv
NextGen Theme Park 1Utama,"S603-S610, Level 2, 1 Utama E, 1 Utama Shopping Centre, Central Park Avenue, Bandar Utama, Petaling Jaya Selangor, 47800, Petaling Jaya",3.1488077,101.6173420,chunithm;ddr;maimai_dx;other;taiko,,ziv
PALO AEON MALL Bandar Dato' Onn,"Lot S11, Second Floor, AEON MALL Bandar Dato' Onn, No.3, Jalan Dato' Onn 3, Bandar Dato' Onn, Johor Bahru Johor, 81100 , Johor Bahru",1.5641022,103.7338275,other;taiko,,ziv
PALO AEON Mall Tebrau City,"S106,No1,Jalan Desa Tebrau,Taman Desa Tebrau,81100,Johor Bahru",1.5492476,103.7959769,chunithm;maimai_dx;other;taiko,,allnet;ziv
PALO AEON Taman Maluri,"Lot T03, 3rd Floor, AEON Taman Maluri, Jalan Jejaka Cheras, Kuala Lumpur Wilayah Persekutuan Kuala Lumpur, 55100, Cheras, Kuala Lumpur",3.1261014,101.7277077,chunithm;maimai_dx;other;taiko,,ziv
PALO Central I-City,"L4-18, Level 4, Central i-City , No. 1, i-City, Persiaran Multimedia, Seksyen 7, Shah Alam Selangor, 40000, Shah Alam",3.0624077,101.4817408,chunithm;maimai_dx;other;taiko,,ziv
PALO Imago,"Lot 2-49 & 2-50, Off Coastal Highway, 88100 Kota Kinabalu, Sabah",5.9706169,116.0662419,chunithm;maimai_dx;other;taiko,,allnet;ziv
PALO IOI Mall Damansara,"3F-09 &10, 3rd Floor, IOI Mall Damansara, No. 2A, Persiaran Surian, Tropicana Indah, Petaling Jaya Selangor, 47810, Petaling Jaya",3.1487334,101.5959088,other;taiko,,ziv
PALO IOI Mall Puchong,"S-W01 W02, 2nd Floor, IOI Mall Puchong , Jalan Puchong, Batu 9, Bandar Puchong Jaya Puchong Selangor, 47170, Puchong",3.0466417,101.6186535,chunithm;maimai_dx;other;taiko,,ziv
PALO MidValley Southkey,"Lot S-012, 2nd Floor, The Mall, Mid Valley Southkey, Persiaran Southkey 1, Kota Southkey, Johor Bahru Johor, 80150, Johor Bahru",1.5002648,103.7784869,chunithm;maimai_dx;other;taiko,,ziv
PALO QUAYSIDE MALL,"1F12, Lv1, QuaysideMall, GamudaKemuning, 25.7 Persiaran Freesia",2.9568618,101.5536023,chunithm;maimai_dx;other;taiko,,allnet;ziv
PALO Sunway Velocity Mall,"Lot 4-32 & 33,Lingkaran SV, Sunway Velocity, 55100 Kuala Lumpur",3.1275402,101.7248610,chunithm;maimai_dx;other;taiko,,allnet;ziv
PEARL POINT FUN CAR STREET,"PEARL POINT SHOPPING MALL1,JLN KLANG LAMA PJS6 58000 KUALALUMPUR",3.0855848,101.6736371,maimai_dx;other;taiko,,allnet;ziv
Playland Lotus's Desa Tebrau,"F49, F50, Lotus's Desa Tebrau No. 1, Persiaran Desa Tebrau, Taman Desa Tebrau, Johor Bharu Johor, 81100, Johor Bharu",1.5477280,103.7935200,other,,ziv
PLAYLAND Tasek Central,"Lot 3-83, Level 3, Tasek Central Plaza Tasek, 2, Jalan Pendekar 16, Taman Ungku Tun Aminah, Skudai Johor, 81300, Skudai",1.5142847,103.6550407,other;taiko,,ziv
"Retro 80s Family Arcade, Elements Mall","F3-13 & 13A, Level 3, Elements Mall, Jalan Melaka Raya 23, Hatten City Bandaraya Melaka Melaka, 75000, Bandaraya Melaka",2.1824924,102.2628638,other;taiko,,ziv
Ripley's Adventureland,"Lot SA - T2C - B13, Level 4, SkyAvenue, Genting Highlands Resort Genting Highlands Pahang, 69000, Genting Highlands",3.4249740,101.7964197,drs;other;taiko,,ziv
Sapphire Sky (Fantasy Citywell Sdn Bhd) 1Borneo,"S601A, 2nd Floor, 1 Borneo Hypermall, Jalan UMS, Kota Kinabalu Sabah, 88450, Kota Kinabalu",6.0363680,116.1303377,other,,ziv
Sapphire Sky (Fantasy Citywell Sdn Bhd) ITCC,"Lot 2-99C, 2nd floor, ITCC Shopping, Shopping Mall, ITCC Penampang, Jalan Pintas Penampang Penampang Sabah, 89500, Penampang",5.9105139,116.0916066,other;taiko,,ziv
Sky Arcade (BigTop Video Games Park),"Level 1, Skytropolis Indoor Theme Park Resorts World Genting Genting Highlands Pahang, 69000, Genting Highlands",3.4252203,101.7941989,other,,ziv
Small Small World Amusement Sdn Bhd,"Tingkat 2, Kompleks Melaka Mall Lebuh Air Keroh Ayer Keroh Melaka, 75450, Ayer Keroh",2.2318299,102.2816016,other,,ziv
Smile Play,"Yayasan Sultan Haji Hassanal Bolkiah Complex, Jln Pretty, Bandar Bandar Seri Begawan BS8711, Bandar Seri Begawan",4.8875201,114.9407319,other,,ziv
SPACE PANDA Cheras (BMC Mall),"Lot No. F.16, F17, F.18, F.36, F.37, First Floor, BMC Mall Jalan Temenggung 21/9, Persiaran Mahkota Cheras, Bandar Mahkota Cheras Selangor, 43200, Cheras",3.0551724,101.7874112,other,,ziv
SPACE PANDA Puchong (Hero Market Puchong),"Tingkat 1, Hero Market Puchong, Jalan Puteri 1/6, Bandar Puteri Puchong, Puchong Selangor, 47000, Puchong",3.0261543,101.6183103,other,,ziv
Starlight - Dataran Pahlawan,"Jalan Merdeka Bandar Hilir Melaka, 75000, Bandar Hilir",2.1903850,102.2505550,other,,ziv
SUPERHERO Pavillion Bukit Jalil,"Lot No. 5.22.00, Level 5, Orange Zone, Pavillion Bukit Jalil No. 2, Persiaran Jalil 8, Bandar Bukit Jalil Kuala Lumpur Wilayah Persekutuan Kuala Lumpur, 57000, Kuala Lumpur",3.0498558,101.6710371,other,,ziv
THE SPRING BINTULU(SARAWAK),"Lot F53,1st Floor,The Spring Bintulu,97000 Bintulu,Sarawak",3.1811596,113.0349220,chunithm;maimai_dx;other;taiko,,allnet;ziv
TINY MOLLY KLUANG MALL,"Level 2 Kluang Mall,Jalan Rambutan,Taman Suria 86000 Kluang",2.0400737,103.3205798,chunithm;maimai_dx;other;taiko,,allnet;ziv
Tiny Mollyfantasy @ Setapak Central Mall,"Lot S04, Tingkat 2, Setapak Central Mall, No. 67, Jalan Taman Ibu Kota, Taman Danau Kota Kuala Lumpur Wilayah Persekutuan Kuala Lumpur, 53300, Kuala Lumpur",3.2053314,101.7202398,other,,ziv
Tiny Mollyfantasy AEON BiG Ampang,"0FP4A (Near Guardian), 1st Floor, AEON BiG Ampang 2, Lot 613, Taman Dagang Permai, Ampang Jaya Selangor, 68000, Ampang Jaya",3.1405964,101.7792830,other,,ziv
Tiny Mollyfantasy AEON BiG Kluang,"F.09 1st Floor, AEON BiG Kluang Lot 1284, Jalan Mersing, Taman Aman, Kluang Johor, 86000, Kluang",2.0366443,103.3340523,other;taiko,,ziv
Tiny Mollyfantasy AEON Big Subang Jaya,"AEON BiG Subang Jaya Jalan Kemajuan Subang, SS 16, Subang Jaya Selangor, 47500, Subang Jaya",3.0828372,101.5879342,other,,ziv
Tiny Mollyfantasy AEON IOI City Mall,"AEON Department, 2AT1-2, Floor 2, IOI City Mall IOI Resort City, Sepang Selangor, 43000, Sepang",2.9697657,101.7174715,other,,ziv
Tiny Mollyfantasy AEON Kota Bharu,"Lot S-23, Aeon Mall Kota Bharu Lembah Sireh, Kota Bharu, Kelantan, 15050, Kota Bharu,",6.1101842,102.2308999,other;taiko,,ziv
Tiny Mollyfantasy Amanjaya Mall,"2F-08, 2nd Floor, Amanjaya Mall, 1, Jalan Badlishah, Bandar Amanjaya, Sungai Petani Kedah, 08000, Sungai Petani",5.6739929,100.5096620,chunithm;maimai_dx;other;taiko,,ziv
Tiny Mollyfantasy Ampang Point Shopping Centre,"T3.03A, Floor 3, Ampang Point Shopping Centre Jalan Memanda 3, Taman Dato Ahmad Razali, Ampang Jaya Selangor, 68000, Ampang Jaya",3.1578143,101.7509320,other;taiko,,ziv
Tiny Mollyfantasy D'PULZE Shopping Centre,"SF-01-13 & SF-01-11 D'Pulze Shopping Mall, Persiaran Multimedia Cyberjaya, Selangor 63000, Cyberjaya, Selangor",2.9220399,101.6512126,other,,ziv
Tiny Mollyfantasy Kangar Jaya Mall,"Lot 20,21,22, First Floor, Kangar Jaya Mall, 22A, Jalan Kangar Jaya 1, Taman Kangar Jaya, Kangar Perlis, 01000, Kangar",6.4061535,100.1809095,chunithm;maimai_dx;other;taiko,,ziv
Tiny Mollyfantasy MetroPoint Complex,"D3, D5 - D8, Level 3, Metro Point Complex Kajang, Jalan Jelok 8, Bandar Kajang Kajang Selangor, 43000, Kajang",2.9914809,101.7935926,maimai_dx;other;taiko,,ziv
Tiny Mollyfantasy Mydin Mall Bukit Mertajam,"S12, Tingkat 2, Mydin Bukit Mertajam Mukim 6, Jalan Baru, Seberang Perai Pulau Pinang, 13600, Seberang Perai",5.3683131,100.4147011,other;taiko,,ziv
Tiny Mollyfantasy Mydin Mall Gong Badak,"Lot F03, First Floor, Mydin Wholesale Hypermarket Gong Badak, Lot PT 35511 Kg Banggol, Jalan Gong Pak Damat, Kuala Terengganu Terengganu, 21200., Kuala Terengganu",5.3552358,103.0961189,other;taiko,,ziv
Tiny Mollyfantasy Mydin Mall Meru Raya,"Lot SSRU-018, Mydin Mall Meru Raya, PT Lot 03, Jalan Meru Bestari B2, Bandar Meru Raya, Ipoh Perak, 30020, Ipoh",4.6709405,101.0747337,other;taiko,,ziv
Tiny Mollyfantasy Mydin Mall Mutiara Rini,"G floor 7, Persiaran Jaya 1, Mutiara Rini, Johor Bahru Johor, 81300, Johor Bahru",1.5153814,103.6353582,other,,ziv
Tiny Mollyfantasy Mydin Mall Seremban 2,"GK-05A 31156, Mydin Mall Seremban 2 Persiaran S2 B7, Seremban 2 Seremban Negeri Sembilan, 70300, Seremban",2.6954407,101.9036382,other;taiko,,ziv
Tiny Mollyfantasy Mydin Tunjong,"Lot S-04, 2nd Floor, Mydin Mall Tunjong, Jalan Kuala Krai, Bandar Baru Tunjong, Kota Bharu Kelantan, 16010, Kota Bharu",6.0706689,102.2412579,other;taiko,,ziv
Tiny Mollyfantasy Plaza Merdeka,"LG- B48 & B49, LG Floor, Plaza Merdeka, 93000 Kuching, Sarawak. 88, Jalan Pearl, Kuching Sarawak, 93000, Kuching",1.5585440,110.3441799,other;taiko,,ziv
"Tiny Mollyfantasy, AEON Mall Bukit Tinggi","S27, 2F, AEON Mall Bukit Tinggi, Persiaran Batu Nilam 1/KS06, Bandar Bukit Tinggi 2 Klang Selangor, 41200, Klang",2.9932809,101.4447954,other,,ziv
"Tiny Mollyfantasy, Aeon Setia City Mall","AEON Department Store, Level 1, Setia City Mall No.7 Persiaran Setia Dagang, Bandar Setia Alam, Seksyen U13, Shah Alam Selangor, 40170, Shah Alam",3.1091274,101.4605634,other;taiko,,ziv
"Tiny Mollyfantasy, Boulevard Mall Bintulu","Level 3-3, Boulevard Shopping Mall Bintulu, 714, Jalan Tun Razak, Bintulu Sarawak, 97000, Bintulu",3.2008779,113.0474764,other;taiko,,ziv
"Tiny Mollyfantasy, Central I-City","L4-08 & L4-09, 4th Floor, Central I-City I-City Shah Alam Selangor, 40000, Shah Alam",3.0625889,101.4820861,other,,ziv
"Tiny Mollyfantasy, IOI Mall Kulai","L1-11, 1st Floor, IOI Mall Kulai, Lebuh Putra Utama, Bandar Putra Kulai, Kulai Johor, 81000, Kulai",1.6478347,103.6269495,other,,ziv
"Tiny Mollyfantasy, Mydin Tunjong Hypermarket","Lot PT 666, Jalan Kuala Krai, Bandar Baru Tunjong, 16010 Kota Bh Bandar Baru Tunjong Kelantan, 16010, Bandar Baru Tunjong",6.0706155,102.2410912,other,,ziv
"Tiny Mollyfantasy, Quayside Mall","2FK-06,07,08,09 , 2F, Quayside Mall Persiaran Freesia Gamuda Kemuning 25.7, Telok Panglima Garang, Kuala Langat Selangor, 42500, Kuala Langat",2.9567208,101.5531245,other;taiko,,ziv
"Toy Catchers, EkoCheras Mall","Lot L2-27, Level 2 EkoCheras Mall, Batu 5, Jalan Cheras Kuala Lumpur Wilayah Persekutuan Kuala Lumpur, 56000, Kuala Lumpur",3.0943513,101.7388675,gitadora;other,,ziv
Toy World MyTown,"L2-032 , L2-033 , L2-033A, MyTown Shopping Centre 6, Jalan Cochrane, Seksyen 90, Kuala Lumpur Wilayah Persekutuan Kuala Lumpur, 55100, Kuala Lumpur",3.1342116,101.7234716,other;taiko,,ziv
U-bowl (Cobay) AEON Seremban 2,"LOT F01 &F02 AEON SEREMBAN2 112, Persiaran S2 B1, Seremban 2, Seremban Negeri Sembilan, 70300, Seremban",2.7016190,101.9116635,gitadora;maimai_dx;other;taiko,,ziv
U-PLAY Mesamall,"Lot 2F-02, 2nd Floor, Mesamall Nilai Persiaran Ilmu, Bandar Baru Nilai, Nilai Negeri Sembilan, 71800, Nilai",2.8240936,101.7784569,other,,ziv
Virtualand Megamal Pinang,"G-62, Megamal Pinang Shopping Complex, 2828, Jalan Baru, Bandar Perai Jaya, Seberang Perai Pulau Pinang, 13600, Seberang Perai",5.3767757,100.3996378,maimai_dx;other,,ziv
VISION CITY VIDEO GAMES PARK,"VisonCityVideoGamesPark,ResortsWorldGenting,69000,Pahang Darul M",3.4238710,101.7926790,chunithm;maimai_dx;other;taiko,,allnet;ziv
VYWORLD,"Lotus's Seberang Jaya, 2762, Persiaran Sembilang, Seberang Jaya Pulau Pinang, 13700, Seberang Jaya",5.4053751,100.4055038,other,,ziv
Wonder Zonne Ipoh Parade,"Lot T19, 3rd Floor, Ipoh Parade, 105, Jalan Sultan Abdul Jalil Ipoh Perak, 31350, Ipoh",4.5953951,101.0901289,other;taiko,,ziv
Wonderland Entertainment Center - Mahkota Parade,"Jalan Merdeka Bandar Hilir Melaka, 75000, Bandar Hilir",2.1880693,102.2508554,ddr;iidx;other,,ziv
"Yellow Star Amusement Centre (INDAH FEC), Selayang Mall","S.27, Second Floor, Selayang Mall Jalan SU 9, Taman Selayang Utama, Selayang Selangor, 68100, Selayang",3.2372046,101.6443974,other;taiko,,ziv
"Yellow Star Amusement Centre (INDAH), 168 Park Mall","168 Park Selayang, Jalan Kuching, Selayang Selangor, 68100, Selayang",3.2485617,101.6490403,other,,ziv
Madiana - Palais Des Congrès De La Martinique,"Impasse Des Quissys, Schoelcher, Fort-de-France, 97233",14.6148712,-61.0949922,ddr,,ziv
America's Incredible Pizza Company - Monterrey,"Av. Lázaro Cárdenas 999 Brisas La Punta Monterrey Nuevo León, 64780, Monterrey",25.6173041,-100.2767617,other,,ziv
Arcade Monterrey,"Av. Paseo De Los Leones, 5a. Avenida 1649 Cumbres Del Sur, 1er Sector Monterrey Nuevo León, 66250, Monterrey",25.7006721,-100.3635805,ddr;other,,ziv
Arcade PLAZA,"Av Hidalgo 1242, Primitivo Centro, 27000 Torreón, Coah. Torreón Coahuila, 27000, Torreón",25.5373157,-103.4619103,other,,ziv
Bahia Bowling Bar,"4 San Benito Ensenada Baja California, 22880, Ensenada",31.8525534,-116.6058864,other,,ziv
Boomerang Arcade,"Calle Av. Juan Pablo II 105 Tecnológico Piedras Negras Coahuila, 26080, Piedras Negras",28.6877335,-100.5677480,other,,ziv
Burla-landia,"Calle Carlos Cuauglia Cuernavaca Morelos, 62000, Cuernavaca",18.9305991,-99.2340732,other,,ziv
Centro Comercial Metronorte,"Metro Norte, Guatemala, Guatemala",14.6470466,-90.4777122,other,,ziv
Centro de Diversiones Fun eXtreme,"3 Avenida Pirgos Heroica Nogales Sonora, 84066, Heroica Nogales",31.2894981,-110.9390724,ddr;other,,ziv
Cinemex Monclova,"Av. Huemac Esq. Av. Brasil 1010 Col. Anahuac Monclova Coahuila, 25750, Monclova",26.9004670,-101.4372310,other,,ziv
Cinemex Patio Poza Rica,"4760 Carretera Poza Rica - Cazones Poza Rica de Hidalgo Veracruz, 93306, Poza Rica de Hidalgo",20.5702980,-97.4373426,other,,ziv
Cinépolis Pabellón Rosarito,"Blvd. Benito Juárez 300 Rosarito Baja California, 22710, Rosarito",32.3768445,-117.0594335,ddr;other,,ziv
Cinépolis Paseo Monclova,"Boulevard Harold R. Pape 1000 Colonia Estancias De San Juan Bautista Monclova Coahuila, 25733, Monclova",26.9522271,-101.4165441,other,,ziv
Circus Park,"603 Avenida Bonampak Cancún Quintana Roo, 77500, Cancún",21.1610285,-86.8087822,other,,ziv
Circus Park (Circus Circus) - Sun Mall,"Avenida Pablo Livas 7601 Colonia Tres Caminos Guadalupe Nuevo León, 67130, Guadalupe",25.6578221,-100.1845564,other,,ziv
Circus Park - Esfera Fashion Hall,"Avenida La Rioja 245 Residencial La Rioja Monterrey Nuevo León, 64984, Monterrey",25.5761864,-100.2443872,other,,ziv
Circus Park - Paseo Monclova,"Blvd. Harold R. Pape 1000 Estancias de San Juan Bautista Monclova Coahuila, 25733, Monclova",26.9518927,-101.4134179,other,,ziv
Circus Park - Plaza Fashion Drive,"Avenida Lázaro Cárdenas 436 Zona San Agustín San Pedro Garza García Nuevo León, 66278, San Pedro Garza García",25.6516667,-100.3351689,other,,ziv
Circus Park - Plaza Fiesta Anáhuac,"Avenida Manuel Luis Barragán 325 Colonia Residencial Anáhuac San Nicolás de los Garza Nuevo León, 66457, San Nicolás de los Garza",25.7431480,-100.3134780,other,,ziv
Circus Park - Plaza Sendero Apodaca,"Avenida La Cconcordia 800 Fraccionamiento Evanos Apodaca Nuevo León, 66612, Apodaca",25.7824025,-100.2336741,other,,ziv
Circus Park - Plaza Sendero La Fe,"Avenida Miguel Alemán 789 Tamaulipas Apodaca Nuevo León, 66600, Apodaca",25.7636479,-100.1909515,other,,ziv
Circus Park Plaza Citadel,"200 Avenida Miguel Alemán San Nicolás de los Garza Nuevo León, 66473, San Nicolás de los Garza",25.7260319,-100.2154827,other,,ziv
Divermax,"Bulevar Principal de Ciudad San Cristóbal, Guatemala, Guatemala",14.6115643,-90.5977786,other,,ziv
Diversiones Fantasia,"13 Calle, Guatemala, Guatemala",14.6363807,-90.5143458,other,,ziv
Diversiones Galex Belenes,"1300 Avenida Laureles Zapopan Jalisco, 45140, Zapopan",20.7380561,-103.4013772,other,,ziv
Diversiones Galex Centro Sur,"7835 Anillo Periférico Sur Manuel Gómez Morín San Pedro Tlaquepaque Jalisco, 45601, San Pedro Tlaquepaque",20.6041339,-103.3992078,other,,ziv
Diversiones Galex Independencia,"800 Anillo Periférico Norte Manuel Gómez Morin Guadalajara Jalisco, 44240, Guadalajara",20.7192372,-103.3196822,other,,ziv
Diversiones Galex Río Nilo,"Av. Rio Nilo No. 7540 Tonalá Jalisco, 45416, Tonalá",20.6413500,-103.2796263,other,,ziv
Diversiones Galex Santa Anita,"500 Camino a las Moras San Agustín Jalisco, 45640, San Agustín",20.5550018,-103.4711349,other,,ziv
Diversiónes Imagínate - Cachanilla,"Blvd. Adolfo López Mateos 1057 Zona Industrial Mexicali Baja California, 21270, Mexicali",32.6580335,-115.4767047,other,,ziv
Diversiónes Imagínate - Macroplaza,"Blvd. Lázaro Cárdenas 2200 El Porvenir Mexicali Baja California, 21220, Mexicali",32.6210679,-115.5091529,other,,ziv
Diversiónes Imagínate - Nuevo Mexicali,"Blvd. Lázaro Cárdenas 2985 Mexicali Baja California, 21399, Mexicali",32.6133389,-115.3837676,other,,ziv
Diversiónes Imagínate - San Luis,"Av. Quintana Roo Calle 25 San Luis Río Colorado Sonora, 83447, San Luis Río Colorado",32.4458709,-114.7624272,other,,ziv
Diversiónes Imagínate - Sendero Mexicali,"Blvd. Lázaro Cárdenas 1600 Blvd. Islas Agrarias Mexicali Baja California, 21600, Mexicali",32.5928384,-115.3541631,other,,ziv
Divertimania,"258 Calzada Porfirio Díaz Oaxaca de Juárez Oaxaca, 68050, Oaxaca de Juárez",17.0786446,-96.7190225,other,,ziv
Fiesta Park,"Av. De La Raza 6720 Ciudad Juárez Chihuahua, 32320, Ciudad Juárez",31.7245123,-106.4256924,other,,ziv
Fly Jump Trampoline Place,"Plaza Aurora, San Pedro de las Colonias - Torreón, Ejido la Unió Torreon 27105, Torreon",25.5986175,-103.4036810,other,,ziv
Friki Plaza,"373 Calle Manuel López Cotilla Guadalajara Jalisco, 44100, Guadalajara",20.6741763,-103.3481634,other,,ziv
Funtastico,"De las Brisas 2404 23477 Cabo San Lucas, B.C.S. Los Cabos San Lucas 23477, Los Cabos San Lucas",22.9048485,-109.9326165,other,,ziv
Galex Cinépolis Galerías,"142 Avenida Piotr Chaikovski Zapopan Jalisco, 45018, Zapopan",20.6775890,-103.4335427,other,,ziv
Galex Galerias,"Av. del Delfin 6204, 82103 Mazatlán, Sin. Mazatlán 82103, Mazatlán",23.2790582,-106.4499234,other,,ziv
GALEX GAMECENTER,"San Ernesto 442, Residencial Hamburgo, 35019 Gómez Palacio, Dgo. Gómez Palacio Durango, 35019, Gómez Palacio",25.5951099,-103.5016662,other,,ziv
GameBox,"GXHJ+69 Tijuana, Baja California, Mexico Tijuana Baja California, 22010, Tijuana",32.5288585,-117.0182471,ddr;other,,ziv
GameWow,"S/n Calzada del Hueso Ciudad de México Ciudad de México, 04980, Ciudad de México",19.3085920,-99.1349674,other,,ziv
HappyLand Park - Plaza Las Misiones,"Blvd. Teófilo Borunda 8681 Col. Partido Iglesias Ciudad Juárez Chihuahua, 32528, Ciudad Juárez",31.6872508,-106.4091344,other,,ziv
IGNIS GAMES,"905-A Calle La Corregidora Centro histórico de Morelia Morelia Michoacán, 58000, Morelia",19.7011605,-101.2000892,other,,ziv
Incredible Pizza,"Periférico de la Juventud, Paseo de Las Moras 6315 Chihuahua Chihuahua, 31110, Chihuahua",28.6690517,-106.1293781,ddr;other,,ziv
Infinity Games @ Centro Comercial Valle Soleado,"450 Avenida Ruiz Cortines Guadalupe Nuevo León, 67114, Guadalupe",25.7041112,-100.1622593,ddr;other,,ziv
Jump & Fly,"300 Escenica Tijuana-Ensenada Rosarito Baja California, 22710, Rosarito",32.3756394,-117.0596910,ddr;other,,ziv
La Cueva Friki,"19 República de Uruguay Ciudad de México Ciudad de México, 06000, Ciudad de México",19.4308395,-99.1401001,other,,ziv
La Horda Bar Arcade,"Calle Diego De Montemayor 827 Sur Monterrey Nuevo León, 64000, Monterrey",25.6677097,-100.3071468,chunithm;ddr;jubeat;nostalgia;other;sdvx;taiko,,ziv
La Horda Bar Arcade Sanico,"Av Juan Pablo II 450 L-24 Francisco Garza Sada San Nicolás De Los Garza Nuevo León, 66490, San Nicolás De Los Garza",25.7082309,-100.2626809,ddr;gitadora;maimai_dx;other;popn,,ziv
LaFriki Pachuca,"200 Avenida Constituyentes Pachuca de Soto Hidalgo, 42080, Pachuca de Soto",20.1166121,-98.7478921,other,,ziv
Magic Bowl,"Blvd. Harold R. Pape 0 Santa Monica Monclova Coahuila, 25720, Monclova",26.9302343,-101.4166964,other,,ziv
Maquinitas Presa Osorio,"3483 Avenida Presa de Osorio Guadalajara Jalisco, 44770, Guadalajara",20.6678506,-103.2844743,other,,ziv
Moon Palace Golf & Spa Resort,"Carretera Cancun-Chetumal Km. 36.5 Riviera Maya Cancún Quintana Roo, 77500, Cancún",20.9874926,-86.8378901,other,,ziv
Mundo Aventuras @ Plaza La Fe,"100 Avenida Rómulo Garza San Nicolás de los Garza Nuevo León, 66477, San Nicolás de los Garza",25.7236349,-100.2169412,ddr;other,,ziv
Mundo Divertido,"Av. Vía Rápida Pte. 15035 Tercera Etapa Rio de Tijuana Tijuana Baja California, 22430, Tijuana",32.5044442,-116.9582887,other,,ziv
Oh Zone!,"11999 Boulevard Agua Caliente Tijuana Baja California, 22024, Tijuana",32.5081000,-116.9922142,ddr;other,,ziv
OLD SCHOOL GAMES,"534C Avenida Lázaro Cárdenas Monterrey Nuevo León, 64610, Monterrey",25.6988383,-100.3558915,ddr;other,,ziv
Parque de La Selva @ Plaza Galeria Las Torres,"3705 Boulevard Vicente Valtierra León Guanajuato, 37210, León",21.1484380,-101.6477373,other,,ziv
Peter Piper Pizza,"5601 Avenida Reforma Colonia INFONAVIT Fundadores Nuevo Laredo Tamaulipas, 88275, Nuevo Laredo",27.4453992,-99.5181776,other,,ziv
Peter Piper Pizza - Plaza Bella Anahuac,"Av. Sendero Divisorio 1001 Privadas de Anáhuac, Cerrada de Anáhuac Residencial Cd. Gral. Escobedo Nuevo León, 66417, Cd. Gral. Escobedo",25.7712885,-100.2734328,other,,ziv
Peter Piper Pizza - Plaza Fiesta San Agustín,"Av. Batallon De San Patricio 1000 Zona San Agustín San Pedro Garza García Nuevo León, 66278, San Pedro Garza García",25.6499323,-100.3357060,other,,ziv
Phoenix Arcades,"19 Avenida Cuauhtémoc Ciudad de México Ciudad de México, 06700, Ciudad de México",19.4246449,-99.1541181,other,,ziv
Placeholder,"196-C Avenida Diego Díaz de Berlanga San Nicolás de los Garza Nuevo León, San Nicolás de los Garza",25.7488084,-100.2569058,other,,ziv
Play Circus,"Periférico Raúl López Sánchez 6000, Residencial el Fresno, 27018 Torreon Coahuila, 27018, Torreon",25.5816208,-103.4054231,other,,ziv
Play Time (Centro Comercial Santa Fe),"3800 Vasco de Quiroga Ciudad de México Ciudad de México, 05100, Ciudad de México",19.3615229,-99.2735305,other,,ziv
Play Zone,"Calz Independencia Sur No. 28 Guadalajara Jalisco, 44360, Guadalajara",20.6744009,-103.3416209,other,,ziv
Playmania GAMES,"200 Circuito el Prado Tarímbaro Michoacán, 58880, Tarímbaro",19.7790715,-101.1301821,other,,ziv
Plaza carnaval,"Calle Leandro Valle 363, Segundo de Cobián Centro, 27000 Torreón Segundo de Cobián Centro, 27000 Torreón, Coahuila Torreón Coahuila, 27000, Torreón",25.5380369,-103.4453134,other,,ziv
Plaza de la tecnología,"Calle Libertad 514 Colonia Zona Centro Chihuahua Chihuahua , 31000, Chihuahua",28.6385450,-106.0743635,nostalgia;other;sdvx,,ziv
Plaza de la Tecnología Cuernavaca,"Vicente Guerrero esquina Calle Arteaga Cuernavaca Morelos, 62000, Cuernavaca",18.9233782,-99.2346848,other,,ziv
Plaza Garibaldi,"477A José Garibaldi Monterrey Nuevo León, 64000, Monterrey",25.6730356,-100.3169177,ddr;other,,ziv
Pool,"1831 Calle Pedro Anaya Saltillo Coahuila de Zaragoza, 25170, Saltillo",25.4086559,-101.0323977,ddr;other,,ziv
Recorcholis,"Avenida Circuito Veracruz #835 Colonia Ex-Hacienda Buenavista Veracruz Veracruz, 91695, Veracruz",19.1725631,-96.1879170,other,,ziv
Recorcholis Forúm Tlaquepaque,"2077 Boulevard General Marcelino García Barragán Guadalajara Jalisco, 44840, Guadalajara",20.6472207,-103.3199929,other,,ziv
Recorcholis MGP,"82123 Apolo Mazatlán Sinaloa, 82123, Mazatlán",23.2406704,-106.4375228,other,,ziv
Recórcholis La Perla,"408 Avenida Mariano Otero Zapopan Jalisco, 45050, Zapopan",20.6454061,-103.4117685,other,,ziv
Replay Arcade @ Plaza San Pedro,"1801 Paseo Plaza San Pedro Mexicali Baja California, 21240, Mexicali",32.6566970,-115.4133191,other,,ziv
Replay Arcades (Alameda Otay),"Rampa Aeropuerto 16000, La Pechuga, Plaza Alameda Otay, Locales Tijuana 22425, Tijuana",32.5307000,-116.9514370,other;taiko,,ziv
Rhythm Zone,"310 Nicolás Regules Matehuala San Luis Potosí, 78700, Matehuala",23.6404544,-100.6472288,jubeat;other;popn;sdvx,,ziv
RockoParty,"58 Paseo Degollado Zona Centro Guadalajara Jalisco, 44100, Guadalajara",20.6772442,-103.3421773,other,,ziv
RockoParty,"Av. Paseo de la Arboleda 2500 Guadalajara Jalisco, 44570, Guadalajara",20.6488460,-103.3852986,other,,ziv
Smash,"Blvd. Héroes del 5 de Mayo 113 Gustavo Díaz Ordaz Heroica Puebla de Zaragoza Puebla, 72530, Heroica Puebla de Zaragoza",18.3378644,-98.0347108,other,,ziv
Space Game @ Plaza del Rio,"Paseo Niños Heroes Culiacán Rosales Sinaloa, 80000, Culiacán Rosales",24.8123593,-107.3872094,other,,ziv
The Lost Cave,"20 de Agosto 62, San Diego Churubusco Ciudad de México Coyoacán, 04120, Ciudad de México",19.3540742,-99.1472724,other,,ziv
XGames,"Jorge Jiménez Cantú 33, Ejidos de San Agustin, 56344 Cdad. Nezah Nezahualcóyotl Estado de Mexico, 56344, Nezahualcóyotl",19.3796660,-98.9779901,ddr;other,,ziv
Zona TOY,"613 Calle Vicente Guerrero Calle Vicente Guerrero Centro 42000 Pachuca de Soto, Hgo. México Pachuca de Soto Hidalgo, 42000, Pachuca de Soto",20.1255163,-98.7343849,other,,ziv
¡Recorcholis! (Centro Comercial Altacia),"Unnamed Road León Guanajuato, 37530, León",21.0932364,-101.6261147,other,,ziv
¡Recorcholis! (Forum Buenavista Centro Comercial),"259 Mosqueta Ciudad de México Ciudad de México, 06350, Ciudad de México",19.4496813,-99.1516848,other,,ziv
¡Recorcholis! (Gran Sur Mall),"100 Boulevard Gran Sur Ciudad de México Ciudad de México, 04739, Ciudad de México",19.3050394,-99.1655674,other,,ziv
¡Recorcholis! (Portal Centro),"258 Francisco Javier Clavijero Ciudad de México Ciudad de México, 06840, Ciudad de México",19.4188445,-99.1303761,other,,ziv
¡Recorcholis! (Portal San Angel),"1267 Avenida Revolución Ciudad de México Ciudad de México, 01049, Ciudad de México",19.3609131,-99.1909121,other,,ziv
¡Recórcholis! - Plaza Galerías Saltillo,"Blvd. Nazario Ortiz Garza 2345 Local 505 Col. Tanque de Peña Saltillo Coahuila, 25279, Saltillo",25.4575821,-100.9800316,other,,ziv
"""Catch Me"" Arcade","Dragon Bus Terminal, 29 khoroo, SHD, Ulaanbaatar, 18072",47.9108445,106.8200818,other,,ziv
Mars Playland (Soyolj Mall),"Narnii Rd 5, Soyolj mall 15th floor, HUD - 15 khoroo, Khan-Uul District - 15 khoroo, Ulaanbaatar, Khan-Uul, 14009",47.9079733,106.9297841,other,,ziv
Soyolj Mousehouse,"Soyolj Mall, 8th floor, Sun Road, Ulaanbaatar, Mongolia, Ulaanbaatar, Khan-Uul, 17009",47.9079697,106.9295078,other,,ziv
UB GAME WORLD (Tengis Movie Theatre),"Tengis cinema, Chingeltei District - 5 khoroo, WWF3+3GC, Ulaanbaatar, Chingeltei District, 15141",47.9228204,106.9045313,other,,ziv
UB GAME WORLD 2 (Tengis Movie Theatre),"Tengis cinema, Chingeltei District - 5 khoroo, WWF3+5WF, Ulaanbaatar, Chingeltei District, 15141",47.9228923,106.9047832,other,,ziv
Гайхамшигтай Ертөнц (Zaisan Hill),"5th floor, Khan-Uul District, 11th khoroo, Dunjingarav 14 Ulaanb, 5th floor, Ulaanbaatar, Khan-Uul, 17023",47.8856937,106.9156623,other,,ziv
"Adventure Land, Morocco Mall","Angle Boulevard de la Corniche / Boulevard de L'Ocean Ain Diab, Casablanca, Grand Casablanca, 20180",33.5755745,-7.7070433,other,,ziv
Dream World,"285, Boulevard Brahim Roudani, Casablanca, Casablanca-Settat, 20250",33.5821921,-7.6328311,ddr;other,,ziv
Waves Aquapark - Edge Game,"Avenue Mohamed V, Angle Av Al Jahid, Kénitra, 14000",34.2753132,-6.5552008,other,,ziv
Alibaba (Capital Mall MDY),"Level-4, The Capital Mall Mandalay, Financial Center, 80th St, Bwt 27th St & 28th St, Chanayethazan Township,Mandalay, Mandalay, Chanayethazan Twsp., 05022",21.9805656,96.0842344,drs;gitadora;other;taiko,,ziv
Alibaba (The Move MDY),"Between 77x78 street & 32x33 street, Mandalay, Myanmar (Burma), Mandalay, Myanmar(Burma), Mandalay, Chanmyathazi Township, 05041",21.9409756,96.0934049,chunithm;drs;maimai_dx;other,,ziv
Alibaba (Theingi Market YGN),"Theingi Zay-C, Room (2) Ground, 2 Quarter, Shwedagon Pagoda Road, Yangon, Pabedan Township, 11142",16.7759929,96.1534488,drs;maimai_dx,,ziv
Alibaba Amusement Centre,"No. 1 Industrial Road, Myanmar Plaza, Alibaba Amusement Centre, Yangon, Yangon Region",16.8280364,96.1555047,other,,ziv
160k,"201 Schiekade, Rotterdam, Zuid-Holland, 3013 BR",51.9253983,4.4769729,ddr;taiko,,ziv
Akiba District,"Boven Clarenburg 7, Hoog Catharijne Mall, Utrecht, Utrecht, 3511 CR",52.0907401,5.1151174,chunithm;ddr;iidx;jubeat;nostalgia;other;popn;sdvx;taiko,,ziv
Barkade - Asian Streetfood,"26 Tramkade, 's-Hertogenbosch, Noord-Brabant, 5211 VB",51.6963046,5.2998841,taiko,,ziv
Blast Galaxy,"5 Magneetstraat, Amsterdam, Noord-Holland, 1014 CC",52.3901700,4.8539078,jubeat;maimai_dx;museca;nostalgia;other;sdvx;taiko,,ziv
Circus Zandvoort,"Gasthuisplein 5, Zandvoort, North Holland, 2042 JM",52.3724986,4.5284154,ddr;other,,ziv
Club Puck,"747 Jan Evertsenstraat, Amsterdam, Noord-Holland, 1061 XZ",52.3696571,4.8357831,ddr;other;taiko,,ziv
Duinrel,"Duinrell 1, Wassenaar, 2242JP",52.1419168,4.4237995,other,,ziv
Exclusive Games Luider,"3 Lorentzbaan, Nieuwegein, Utrecht, 3439 NM",52.0271928,5.0989377,other;taiko,,ziv
Funhouse Renesse,"182 Hogezoom, Renesse, Zeeland, 4325 BJ",51.7305983,3.7711349,ddr;other,,ziv
Game Empire,"Bagijnhof 60, 3311 NP Dordrecht, Dordrecht, 3311 NP",51.8125018,4.6682877,other,,ziv
Gamestate Almere (formerly The Game Box Almere),"Traverse 4, Almere, Flevoland, 1315 TK",52.3683955,5.2185729,other,,ziv
Gamestate Amsterdam Arena,"183-187 ArenA Boulevard, Amsterdam, Noord-Holland, 1102 CT",52.3129029,4.9462724,other,,ziv
Gamestate Arnhem,"Oude Stationsstraat 11, Arnhem, Gelderland, 6811 KE",51.9839929,5.9038031,other,,ziv
Gamestate Den Haag,"4 Grote Markt, Den Haag, Zuid-Holland, 2511 BG",52.0759853,4.3084262,other,,ziv
Gamestate Enschede,"Marktstraat 10, 7511 GD, Enschede, Overijssel, 7511 GD",52.2210571,6.8940297,other,,ziv
Gamestate Haarlem,"16 Drossestraat, Haarlem, Noord-Holland, 2011 XW",52.3814031,4.6311265,other,,ziv
Gamestate Mall of the Netherlands,"Liguster 202, Leidschendam, Zuid-Holland, 2262 AC",52.0895886,4.3826559,ddr;other,,ziv
Gamestate Rotterdam,"90-111 Cor Kieboomplein, Rotterdam, Zuid-Holland, 3077 MK",51.8968653,4.5244199,other,,ziv
Gamestate Utrecht,"Mariaplaats 13, Utrecht, Utrecht, 3511 LJ",52.0900051,5.1168367,other,,ziv
Gametown Center Parcs Het Heijderbos,"43 Hommersumseweg, Heijen, Limburg, 6598 MC",51.6745844,5.9962928,other,,ziv
Highscore,"5a Professor Asserweg, Waalwijk, Noord-Brabant, 5144 NC",51.6767706,5.0536359,other,,ziv
Hommerson Funland,"Palace Promenade, Gevers Deynootweg 990-77, Den Haag, Zuid-Holland, 2586 BZ",52.1148235,4.2833211,other;taiko,,ziv
King Cool Arcade,"Domoweg 1, Beilen, Drenthe, 9411TX",52.8560520,6.4978042,ddr;gitadora,,ziv
Molly's Arena Arcade,"Osdorpplein 771, Amsterdam, Noord-Holland, 1068 TC",52.3592086,4.8060894,gitadora;nostalgia;other;sdvx;taiko,,ziv
Nationaal Videogame Museum,"Luxemburglaan 1, Zoetermeer, Zuid-Holland, 2711 BD",52.0628739,4.4912525,chunithm;ddr;drs;gitadora;iidx;jubeat;maimai_dx;museca;nostalgia;ongeki;other;popn;sdvx;taiko,,ziv
Pixel-Arcade,"Tramkade 24, 's-Hertogenbosch, Noord-Brabant, 5211 VB",51.6965149,5.2987253,chunithm;iidx;maimai_dx;other;popn;sdvx;taiko,,ziv
Play-In,"Hertogswetering 173, Utrecht, Utrecht, 3543 AS",52.0968992,5.0700185,other,,ziv
PlushCade,"Contact us via Facebook or Email, Boxmeer, Noord Brabant, 5831",51.6541261,5.9427747,jubeat;museca;other,,ziv
Pop Culture Arcade,"Van Welderenstraat 80, Nijmegen, 6511 MR",51.8431572,5.8632821,other,,ziv
Rhythm Arcade,"Van Nesstraat 1a, Alphen aan Den Rijn, Zuid-Holland, 2404 AV",52.1364350,4.6557408,chunithm;ddr;iidx;jubeat;other;popn;sdvx,,ziv
Sir Winston Fun & Games Amsterdam,"Buikslotermeerplein 2007, Amsterdam, Noord-Holland, 1025 XL",52.4010115,4.9347416,other;taiko,,ziv
Sir Winston Fun & Games Schiedam,"Noorderweg 20, Schiedam, Zuid-Holland, 3112",51.9239368,4.4065154,other;taiko,,ziv
Sir Winston Fun & Games Ypenburg,"3 Guldenlaan, Den Haag, Zuid-Holland, 2496 ZZ",52.0571189,4.3845979,other,,ziv
Sir Winston Fun & Games Zaandam,"Stadhuisplein 86-88, Zaandam, Noord-Holland, 1506 MZ",52.4383145,4.8157053,other,,ziv
The Game Box,"Oosterstraat 15, Groningen, Groningen, 9711 NN",53.2178566,6.5692002,other,,ziv
The Game Box Apeldoorn,"Hoofdstraat 159, Apeldoorn, 7311 AW",52.2162973,5.9589026,other,,ziv
The Game Box Den Bosch,"Marktstraat 8, 's-Hertogenbosch, Noord-Brabant, 5211 SL",51.6899028,5.3034799,other,,ziv
The Game Box Hoofddorp,"Marktlaan 166, Hoofddorp, 2132 DM",52.3021979,4.6924607,other,,ziv
TonTon Club Westergasfabriek,"Polonceaukade 27, Amsterdam, Noord-Holland, 1014 DA",52.3860121,4.8660618,ddr;drs;taiko,,ziv
Yosi Burgum,"3 Tsjibbe Geartsstrjitte, Burgum, Friesland, 9251 BR",53.1926929,5.9892291,other,,ziv
Arcadia,"116 Scott Street Blenheim Redwoodtown, 7201, Blenheim",-41.5228066,173.9572057,other,,ziv
Archie Brothers Cirque Electriq @ Christchurch Central,"617 Colombo Street Christchurch Central City Christchurch Canterbury, 8011, Christchurch",-43.5351600,172.6364774,ddr;other;taiko,,ziv
Archie Brothers Cirque Electriq @ Wellington,"1 Willis Street Wellington Wellington, 6011, Wellington",-41.2865814,174.7763008,ddr;other;taiko,,ziv
Archie Brothers Cirque Electriq @ Westfield Newmarket,"277/309 Broadway, L3 Newmarket Auckland Auckland, 1023, Auckland",-36.8718106,174.7766340,ddr;other;taiko,,ziv
Arena Entertainment,"22 Corinthian Drive Auckland Albany, 0632, Auckland",-36.7322894,174.7139129,other,,ziv
Bowlarama @ Palmerston North,"94 Cuba St Palmerston North Palmerston North Central, 4410, Palmerston North",-40.3577537,175.6033283,other,,ziv
Bowlarama @ Wellington,"52 Hall Street Wellington Wellington, 6021, Wellington",-41.3089764,174.7747180,other,,ziv
Coin Singing Booth,"47 Chancery Street Auckland Auckland Central, 1010, Auckland",-36.8477963,174.7678710,maimai_dx;other,,ziv
Daytona Adventure Park,"25 Blenheim Street Upper Hutt Wellington, 5018, Upper Hutt",-41.1302064,175.0696618,other,,ziv
Dropzone,"650 Lake Terrace Taupō Wharewaka, 3300, Taupō",-38.7371888,176.0729350,other,,ziv
Galaxy Arcade,"206 Barbadoes Street Christchurch 8011, Christchurch",-43.5350394,172.6459624,other,,ziv
Game Over @ Auckland,"35 Arrenway Drive Auckland Albany, 0632, Auckland",-36.7441157,174.7225660,other,,ziv
Game Over @ Christchurch,"211 Blenheim Road, Riccarton Christchurch 8041, Christchurch",-43.5384849,172.5910731,other,,ziv
Game Over @ Queenstown,"14 Red Oaks Drive Queenstown 9300, Queenstown",-45.0233181,168.7454563,other,,ziv
GameOn @ Queen Street,"Upper Basement, 291-297 Queen Street Auckland, New Zealand Auckland City Auckland, 1010, Auckland City",-36.8513857,174.7638531,chunithm;ddr;drs;gitadora;iidx;maimai_dx;nostalgia;other;taiko,,ziv
GameOn @ Takanini,"Shop 7.2/30 Walters Road, Takanini, Auckland 2112 Auckland Auckland, 2112, Auckland",-37.0474729,174.9301126,other;taiko,,ziv
Jagotown,"Te Rapa Road &, Wairere Drive Hamilton 3200, Hamilton",-37.7477706,175.2321699,other,,ziv
Kingpin @ Queenstown,"35 Brecon Street Queenstown Otago, 9300, Queenstown",-45.0296357,168.6573780,other;taiko,,ziv
Leap Indoor Trampoline Park,"42 Sunshine Avenue Te Rapa Hamilton 3200, Hamilton",-37.7595988,175.2426950,other,,ziv
Lilliputt Fun Zone,"Level 1 65 Bryce St, Centre Place Hamilton, New Zealand Hamilton 3210, Hamilton",-37.7858005,175.2800095,other,,ziv
Live Wire @ Highbury Birkenhead,"1 Highbury Bypass Auckland Birkenhead, 0626, Auckland",-36.8106419,174.7244382,other,,ziv
Live Wire @ Sylvia Park Auckland,"Shop 75 286 Mt. Wellington Highway Auckland Auckland, 1060, Auckland",-36.9145069,174.8419726,other,,ziv
Megastrike,"78 Nelson Street Auckland Pukekohe, 2340, Auckland",-37.2121052,174.9016463,other,,ziv
Megazone @ Dunedin,"170 Frederick Street Dunedin Central Dunedin, 9017, Dunedin",-45.8704693,170.5149910,other,,ziv
Megazone @ Silverdale,"91 Small Road Auckland Silverdale, 0932, Auckland",-36.6349486,174.6643781,other,,ziv
Motion Entertainment,"366 Te Ngae Road New Zealand 3010 Rotorua Bay of Plenty, 3010, Rotorua",-38.1430962,176.2833381,other,,ziv
Newmarket Tenpin Bowling,"6/2 York Street Auckland Auckland, 1023, Auckland",-36.8675094,174.7764921,other,,ziv
Oddyseum Queenstown,"57 Shotover Street Queenstown Queenstown Central, 9300, Queenstown",-45.0320345,168.6582549,other,,ziv
PLAY @ Event Cinemas Albany,"219 Don Mckinnon Drive Auckland Auckland, 0632, Auckland",-36.7281628,174.7083348,other;taiko,,ziv
PLAY @ Event Cinemas Manukau,"1 Leyton Way Auckland Auckland, 2104, Auckland",-36.9906945,174.8819883,other;taiko,,ziv
PLAY @ Event Cinemas Queensgate,"37A Bloomfield Terrace Hutt Central Lower Hutt Wellington, 5010, Lower Hutt",-41.2105103,174.9073426,other;taiko,,ziv
PLAY @ Event Cinemas St Lukes,"80 Saint Lukes Road Mount Albert Auckland Auckland, 1025, Auckland",-36.8829761,174.7324236,other;taiko,,ziv
PLAY @ Event Cinemas Tauranga,"2 Taurikura Drive Tauranga Tauriko, 3110, Tauranga",-37.7368813,176.1050407,other,,ziv
PLAY @ Event Cinemas WestCity,"Level 4, Westcity Mall Edsel Street Henderson Auckland, 0612, Henderson",-36.8806891,174.6322668,other;taiko,,ziv
PLAY @ Event Cinemas Westgate,"34 Maki Street Auckland Westgate, 0814, Auckland",-36.8200041,174.6126652,other;taiko,,ziv
Play2Win @ Cloud9 Palmerston North,"37 Taonui Street Palmerston North Palmerston North Central, 4410, Palmerston North",-40.3522227,175.6060750,other,,ziv
Play2Win @ New Plymouth,"119 Devon Street East New Plymouth 4310, New Plymouth",-39.0561675,174.0776583,other,,ziv
Play2Win @ Palmerston North,"Corner of The Square and Broadway Avenue Palmerston North Manawatu-Wanganui, 4410, Palmerston North",-40.3547083,175.6114769,other,,ziv
Play2Win @ Whanganui,"126 Street Hill Street Whanganui Manawatu-Wanganui, 4500, Whanganui",-39.9328308,175.0499234,other,,ziv
Player1,"49 Orly Avenue Auckland Mangere, 2022, Auckland",-36.9698510,174.7975556,other,,ziv
PrizeZone @ The Palms Shirley,"Corner Marshland &, New Brighton Road Christchurch Shirley, 8061, Christchurch",-43.5071803,172.6642875,other,,ziv
PrizeZone @ Velocity Entertainment,"405 Saint Aubyn Street East Hastings 4122, Hastings",-39.6432388,176.8496653,other,,ziv
Quickplay @ Ormiston,"240 Ormiston Road Auckland Flat Bush, 2016, Auckland",-36.9647406,174.9139739,other,,ziv
Rainbow's End,"Cnr. Great South Rd. &Wiri Station Rds. Manukau City, Auckland, New Zealand Manukau City Auckland, 2104, Manukau City",-36.9937870,174.8845392,other,,ziv
Reading Cinemas Porirua,"2 Titahi Bay Road North City Shopping Centre Porirua Wellington, 5022, Porirua",-41.1369244,174.8411787,other,,ziv
Retrobowl,"105 Kelvin Street Invercargill Invercargill Central, 9810, Invercargill",-46.4072459,168.3508712,other,,ziv
Starlight Arcade,"34 Te Roto Drive Paraparaumu Wellington, 5032, Paraparaumu",-40.9054753,174.9995462,ddr;other,,ziv
Strike Entertainment Centre,"399 Hutt Road Lower Hutt Wellington, 5012, Lower Hutt",-41.2171063,174.8817630,other,,ziv
Superstrike,"608 Omahu Road Hastings Frimley, 4120, Hastings",-39.6240260,176.8209357,other,,ziv
Tenpin Tauranga,"141 Thirteenth Avenue Tauranga Bay Of Plenty, 3112, Tauranga",-37.7014977,176.1586235,other,,ziv
The Lanes,"234/238 Wakefield Street Wellington 6011, Wellington",-41.2921871,174.7811320,other,,ziv
Timezone @ Bayfair,"Bayfair Mall Maunganui Road Tauranga Bay Of Plenty, 3116, Tauranga",-37.6750021,176.2224358,other;taiko,,ziv
Timezone @ Botany Town Center,"588 Chapel Road Auckland Auckland, 2016, Auckland",-36.9335993,174.9143815,other;taiko,,ziv
Timezone @ Chch Central,"92 Hereford Street Christchurch Central City Christchurch Cantebury, 8011, Christchurch",-43.5324260,172.6347022,other;taiko,,ziv
Timezone @ Dunedin,"251 George Street Dunedin Otago, 9016, Dunedin",-45.8714345,170.5074688,other;taiko,,ziv
Timezone @ Hamilton Central,"460 Victoria Street Hamilton Waikato, 3204, Hamilton",-37.7854211,175.2819410,other;taiko,,ziv
Timezone @ Napier,"125 Emerson Street Napier 4110, Napier",-39.4907799,176.9168438,other,,ziv
Timezone @ Nelson,"60 Achilles Avenue Nelson 7070, Nelson",-41.2714082,173.2824030,other,,ziv
Timezone @ Queen Street,"280 Queen Street Auckland Auckland Central, 1010, Auckland",-36.8504792,174.7650412,chunithm;ddr;maimai_dx;other;popn;taiko,,ziv
Timezone @ Rotorua Central,"R1/R2 Victoria Street Rotorua 3010, Rotorua",-38.1423479,176.2509948,maimai_dx;other;taiko,,ziv
Timezone @ The Base Hamilton,"Te Rapa Road & Wairere Drive, Hamilton Pukete, 3200, Hamilton",-37.7478683,175.2330441,maimai_dx;other;taiko,,ziv
Timezone @ Whangarei,"49 John Street Whangārei Northland, 0110, Whangārei",-35.7242931,174.3232604,ddr;other,,ziv
TIMEZONE COURTENAY PLACE,60 Courtenay Place Wellington 6011 New Zealand,-41.2932178,174.7810472,maimai_dx;other;taiko,,allnet;ziv
TIMEZONE NEW MARKET,"135-141 Broadway, Newmarket, Auckland 1023",-36.8682537,174.7778716,ddr;maimai_dx;other;taiko,,allnet;ziv
TIMEZONE PALMERSTON SQUARE,"113-116 The Square, Palmerston North Central,",-40.3551336,175.6120897,ddr;maimai_dx;other;taiko,,allnet;ziv
TIMEZONE RICCARTON,"Westfield Riccarton, Rotherham Street, 8041,NZ",-43.5314421,172.6005660,maimai_dx;other;taiko,,allnet;ziv
Ye Olde Pinball Shoppe,"18A Bond Street Wellington 6011, Wellington",-41.2892246,174.7755879,other,,ziv
ZONE Bowling @ Garden City,"15/21 Iversen Terrace Christchurch Waltham, 8011, Christchurch",-43.5415842,172.6483870,other,,ziv
ZONE Bowling @ Henderson,"28-30 Catherine Street Auckland Auckland, 0612, Auckland",-36.8831366,174.6334376,other;taiko,,ziv
ZONE Bowling @ Wairau,"12 Target Court Auckland Auckland, 0627, Auckland",-36.7661110,174.7359100,ddr;other;taiko,,ziv
ZONE BOWLING BOTANY,"500A Ti Rakau Drive, Botany Downs, Auckland 2013",-36.9280682,174.9135593,maimai_dx;other;taiko,,allnet;ziv
ZONE BOWLING MANUKAU,"2/55 Lambie Drive, Manukau CityCentre, Auckland 2104",-36.9928442,174.8714181,maimai_dx;other;taiko,,allnet;ziv
Arcade @ Elegante Mall,"1 Bria St, Wuse 2, Adetokunbo Ademola Cres,, Abuja, Federal Capital Territory, Nigeria, 900288",9.0702161,7.4813810,other,,ziv
Akedo Arcade,"Itäkatu 1-7, Helsinki, 00930",60.2115953,25.0828591,other,,ziv
BUMBASTIK,"Primorsky Prospect, 72, Saint Petersburg, 197374",59.9814205,30.2097363,other,,ziv
Cafe på Bit,"Nygatan 24, Skellefteå, Västerbotten, 93132",64.7510358,20.9452092,ddr;other,,ziv
Chiruto,"Universitetsgata 2, Oslo, 0164",59.9171207,10.7399409,drs;gitadora;jubeat;maimai_dx;nostalgia;other;popn;sdvx,,ziv
Diginatiivit,"C/O Kulttuuriareena 44, Kauppakatu 44, Kuopio, Pohjois-Savo, 70110",62.8910818,27.6730424,other,,ziv
Funpark,"Ideaparkinkatu 4, Lempäälä, 37570",61.3625666,23.7983431,other,,ziv
HEY STHLM,"2 Gyldéngatan, Stockholm, Stockholms län, 113 27",59.3425924,18.0526113,chunithm;ddr;gitadora;iidx;jubeat;maimai_dx;museca;nostalgia;other;popn;sdvx;taiko,,ziv
Kilden Bowling,"Kilden 1, Tønsberg, 3118",59.2739493,10.4359684,other,,ziv
Lucky Bowl Trondheim,"55 Heggstadmoen, Heimdal, Trondheim, 7080",63.3303422,10.3490925,other,,ziv
Megazone,"6 Östra Rådhusgatan, Umeå, Västerbotten, 90326",63.8252891,20.2639730,other,,ziv
O'Learys Stockholm Tolv Bowling & Games,"Arenavägen 69, Stockholm, Tele 2 Arena, Stockholm, 121 77",59.2910972,18.0844776,other,,ziv
Pelihuone Game Over,"Viihdekeskus Minna, Ajurinkatu 16, Kuopio, Pohjois-Savo, 70110",62.8913825,27.6768435,other;taiko,,ziv
Planeta Igr (Balkania Nova),"17 Balkanskaya Square, Building 1., Saint Petersburg, 192281",59.8255847,30.3813386,other,,ziv
Raadhuset Bar,"Klingenberggata 4, Oslo, 0161",59.9137097,10.7337979,other,,ziv
Rhythm Game Club Stockholm,"Safirgränd 33, Stockholm, Hägersten, 126 79",59.2918383,18.0031586,other,,ziv
Spillbaren Majorstuen,"Bogstadveien 54, Oslo, Oslo, 0375",59.9278989,10.7182413,other,,ziv
Strike Club,"1 Södra STADSBERGET, Sundsvall, Västernorrlands län, 852 38",62.3688115,17.3217145,ddr;other,,ziv
Sugoi,"7 C Teerisuonkuja, Helsinki, 00700",60.2526444,25.0258137,chunithm;ddr;iidx;jubeat;maimai_dx;nostalgia;ongeki;other;popn;sdvx;taiko,,ziv
Tilt,"6 Badstugata, Oslo, Oslo, 0183",59.9161968,10.7507100,ddr,,ziv
Veita Senter,"Storgata 102, 9008 Tromsø, Norway, Tromsø, 9008",69.6508641,18.9559142,other,,ziv
Ylab School of Health and Exercise,"59 Artillerigatan, Stockholm, Stockholms län, 114 45",59.3393888,18.0849338,other,,ziv
Crazy Park Panama,"Altaplaza Mall, Nivel 2, Vía Centenario, Panamá, Panama City, Panama, 0000",9.0300627,-79.5352007,other,,ziv
Funlandia @ Town Center,"Town Center Costa Del Este, Panama City, Panama, 0000",9.0129605,-79.4648999,other,,ziv
Game World @ Megapolis Outlets,"local #372, 3er piso de Megapolis Outlets, Panama City, Panama, 0000",8.9763244,-79.5170101,other,,ziv
Johnny & Red's @ Westland Premium Outlet,"Johnny & Red's, Panamá, Provincia de Panamá Oeste, Panamá, Panamá Oeste, 0000",8.9230498,-79.7041154,other,,ziv
Space Play World,"Albrook Mall, 3er Nivel, Entrada del Kanguro, Panama City, Panam, Panamá, 0000",8.9733121,-79.5526993,other,,ziv
Pinedo Play Center @ Pinedo Shopping,"Avenida Mariscal López, San Lorenzo, Departamento Central",-25.3241326,-57.5207824,other,,ziv
Bugy's Games,"Arenales, Lima",-12.0819863,-77.0356929,other,,ziv
Cine Star Sur,"San Juan de Miraflores, Lima",-12.1524830,-76.9766629,other,,ziv
Cinemark,"3698 Avenida Alfredo Mendiola, Independencia, Provincia de Lima, 15311",-11.9933789,-77.0611578,other,,ziv
Cinemark,"Centro Comercial Jockey Plaza, Av. Javier Prado Este 4200, Santi, Lima, 15023",-12.0849160,-76.9757512,other,,ziv
Cinestar Breña,"Alfonso Ugarte - Avenida Venezuela, Breña, Municipalidad Metropolitana de Lima, 15082",-12.0542449,-77.0434432,other,,ziv
Coney Park,"295 Carlos Alberto Izaguirre, Lima, Independencia, 15311",-11.9902358,-77.0623058,other,,ziv
Coney Park,"Av Pedro Miotta & Los Lirios, San Juan de Miraflores, Mall del sur, Lima, 15801",-12.1552349,-76.9819831,other,,ziv
coneypark,"7036 Avenida Nestor Gambetta, Lima, Callao, 07056",-11.8727686,-77.1265269,other,,ziv
MOY Park,"El Agustino, Lima",-12.0410624,-77.0034528,ddr,,ziv
Moy Park Larcomar,"2151 Jirón Áncash, El Agustino, Provincia de Lima, 15006",-12.0411064,-77.0030893,ddr;other,,ziv
Neritos Games,"Jiron Carabaya 1154, Lima, 15001",-12.0549387,-77.0356661,other,,ziv
Nori Play,"2355 Avenida Brigida Silva de Ochoa, San Miguel, Gobierno Regional de Lima, 15087",-12.0796459,-77.0881855,other,,ziv
Panda Games,"jiron juan castilla 450, Lima, san juan de miraflores, 15801",-12.1541507,-76.9735720,other,,ziv
Plotter Arcade,"700 Avenida Los Incas, Cusco, Cuzco, 0 84",-13.5228891,-71.9626272,other,,ziv
Power Dance,"Villa Maria del Triunfo, Lima, Peru, Power Dance, Lima",-12.1630656,-76.9470996,other,,ziv
StepMania Converted Cabinet,"203-379 Cruz Verde, Centro Comercial Imperial Plaza, Cusco, Cuzco, 08000",-13.5204795,-71.9801983,other,,ziv
Yoshiplay,"Av. Petit Thouars 1290, Lima, 79100",-12.0770974,-77.0344971,other,,ziv
Zona Pump,"851 Jirón de la Unión, Cercado de Lima, Municipalidad Metropolitana de Lima, 15001",-12.0505406,-77.0344130,other,,ziv
Altitude - Indoor Trampoline Park,"J.P. Laurel Ave, Buhangin, Davao City, 8000 Davao del Sur Davao City Davao Region, 8000, Davao City",7.1019360,125.6333345,other,,ziv
Arcadia SM Center Shaw,"UGF SM Center Shaw Shaw Blvd., cor Old Wack-Wack Rd. Mandaluyong Metro Manila, 1552, Mandaluyong",14.5871633,121.0453251,other,,ziv
Bibo SM City Cebu,"3rd Floor, SM City Cebu North Reclamation Area Cebu City 6000, Cebu City",10.3119115,123.9173995,gitadora;other,,ziv
Bibo SM City Iloilo,"LG Level, SM City Iloilo, Sen. Benigno Aquino Avenue Mandurriao Iloilo City Western Visayas, 5000, Iloilo City",10.7141861,122.5510633,gitadora;other,,ziv
Catch Fun Elizabeth Mall,"4/F Elizabeth Mall Cebu City Central Visayas, 6000, Cebu City",10.2982835,123.8953972,other;taiko,,ziv
Club Synergy SM City Bicutan,"2F, Bldg. B, SM City Bicutan Doña Soledad Ave., Lower Bicutan Parañaque City Metro Manila, 1709, Parañaque City",14.4856536,121.0426769,other;sdvx,,ziv
Club Synergy SM Hypermarket FTI,"SM Hypermarket FTI, DBP Avenue cor. Mayor Tanyang Avenue Food Terminal Incorporated-Special Economic Zone, Western Bicuta Taguig Metro Manila, Taguig",14.5082147,121.0503727,gitadora;other;sdvx,,ziv
Dave & Buster's Opus Mall Bridgetowne,"L3 Opus Mall Robinsons Bridgetowne Bridgetowne Destination Estate, Bridgetowne Blvd. cor. C5 Road Ugong Norte, Quezon City Metro Manila, 1110, Ugong Norte, Quezon City",14.5931552,121.0803106,other,,ziv
Dodolon Amusement Liana's Evacom,"GF Liana's Dept. Store & Supermarket, Dr. A. Santos Ave. Angeline Canaynay Ave. cor. Evacom Ave., Sucat Parañaque City Metro Manila, Parañaque City",14.4751150,121.0005212,other,,ziv
Dodolon World (2F) Robinsons Place Dasmariñas,"2F ROBINSONS PLACE Dasmariñas Emilio Aguinaldo Hwy., Pala-pala Dasmariñas City Cavite, Dasmariñas City",14.2994634,120.9536898,other,,ziv
Dodolon World Central Mall Damariñas,"2F CENTRAL MALL DASMARIÑAS Emilio Aguinaldo Highway cor. Salitran Road, Salitran Dasmariñas Cavite, 4414, Dasmariñas",14.3492893,120.9382424,other,,ziv
Dodolon World Fairview Center Mall,"Datsun Quezon City Metro Manila, 1122, Quezon City",14.7059465,121.0688770,other,,ziv
Dodolon World Liana's Discount City Calamba,"Lianas Discount City National Highway, Parian Calamba Laguna, 4027, Calamba",14.2133437,121.1504462,other,,ziv
Dodolon World Liana's Junction Plaza,"2F Liana's SUPERMARKET & DEPT. STORE Maharlika Highway corner Gov. Carpio Avenue, Poblacion IV Santo Tomas Batangas, Santo Tomas",14.1066520,121.1476886,ddr;other,,ziv
Dodolon World Liana's Sampaloc,"Liana's Department Store & Supermarket M. Earnshaw St., Sampaloc Manila Metro Manila, Manila",14.6038920,120.9928782,other,,ziv
Dodolon World Robinsons Otis,"L2 Robinsons Otis 1958 Paz Mendoza Guazon Street Manila City Metro Manila, 1007, Manila City",14.5869346,120.9956288,other,,ziv
Dodolon World Robinsons Townville Regalado,"Robinsons Townville Regalado Avenue, Fairview Quezon City Metro Manila, 1103, Quezon City",14.6958902,121.0671204,other,,ziv
Dream World Southwoods Mall,"Southwoods Avenue Biñan Calabarzon, 4027, Biñan",14.3315029,121.0501957,other,,ziv
Dreamland Greenhills Mall,"4F GH Mall Ortigas Avenue, Greenhills San Juan Metro Manila, 1500, San Juan",14.6022672,121.0484739,other,,ziv
Fantasy World Parqal,"2F PARQAL Rattan Building Parañaque Metro Manila, 1700, Parañaque",14.5268737,120.9893954,other,,ziv
Fun Fun Amusement Malabon Citi Square Mall,"cor Dagat-Dagatan Avenue Rizal Avenue (near LRT1 Monumento) Malabon Metro Manila, 1485, Malabon",14.6580856,120.9612590,other,,ziv
Fun House 168 Shopping Mall,"5F 168 Shopping Mall, Soler Wing Soler St., cor. Claro M. Recto Ave., Binondo Manila Metro Manila, Manila",14.6054441,120.9712958,other,,ziv
Fun House Balagtas Town Center,"2F Balagtas Town Center McArthur Highway, Borol First Balagtas Bulacan, Balagtas",14.8202359,120.9039053,other,,ziv
Fun House Guadalupe Commercial Complex,"EDSA corner P. Burgos St. Guadalupe Nuevo Makati City Metro Manila, 1212, Makati City",14.5658717,121.0457647,other,,ziv
Fun House LG (LuckyGold) Plaza,"3F LG (LuckyGold) Plaza 58 Floodway, Ortigas Ave. Extension, Rosario Pasig City Metro Manila, Pasig City",14.5903999,121.0943355,other,,ziv
Fun House Montalban Town Center,"2F Montalban Town Center Montalban Highway cor R. Reyes St., San Jose Rodriguez (Montalban) Rizal, Rodriguez (Montalban)",14.7302740,121.1386897,other,,ziv
Fun House Premier Plaza,"PREMIER PLAZA Emilio Aguinaldo Hi-way, Lucsuhin Silang Cavite, Silang",14.2128548,120.9675676,other,,ziv
Fun House Puregold Agora,"1 North Domingo St. Cor F. Blumentrit San Juan Metro Manila, 1500, San Juan",14.6047433,121.0227815,other,,ziv
Fun House Puregold Q.I. Central,"Quezon City Metro Manila, 1111, Quezon City",14.6181567,121.0144781,gitadora;other,,ziv
Fun House Puregold San Pedro,"Puregold San Pedro Magsaysay Road corner Manila South Road, San Antonio San Pedro Laguna, San Pedro",14.3677628,121.0496324,other,,ziv
Fun House Puregold Taguig,"7d Gen. Luna Street Taguig Metro Manila, 1630, Taguig",14.5296882,121.0698617,other,,ziv
Fun House Puregold Tanza,"Puregold Tanza Antero Soriano Highway, Sanja Major Tanza Cavite, 4108, Tanza",14.3932469,120.8532954,other,,ziv
Fun House RFC Molino Mall,"RFC Molino Mall Paliparan Road, Molino Bacoor Cavite, Bacoor",14.4084695,120.9769982,other,,ziv
Fun House Robinsons Novaliches,"3F Robinsons Novaliches Quirino Hwy., Pasong Putik Quezon City Metro Manila, Quezon City",14.7360592,121.0560644,other,,ziv
Fun House Robinsons Starmills,"San Fernando Pampanga, San Fernando",15.0494992,120.6977816,other,,ziv
Fun House SM City Baliwag,"21 Doña Remedios Trinidad Highway Baliuag Central Luzon, 3006, Baliuag",14.9610173,120.8910120,other,,ziv
Fun House South Supermarket Valenzuela,"South Supermarket Valenzuela McArthur Highway, Karuhatan Valenzuela Metro Manila, 1440, Valenzuela",14.6930752,120.9712650,other,,ziv
Fun House Tutuban Centermall II,"3/F Tutuban Centermall II Bonifacio Drive, Divisoria Manila Metro Manila, Manila",14.6095762,120.9729749,other,,ziv
Fun House Ultimart,"M. Paulino St., Barangay III-A San Pablo City Laguna, San Pablo City",14.0673590,121.3263704,other,,ziv
Fun House Valenzuela Town Center,"GF Valenzuela Town Center MacArthur Highway, Karuhatan Valenzuela Metro Manila, Valenzuela",14.6921957,120.9695001,other,,ziv
Fun House WalterMart Gen. Trias,"WalterMart General Trias Governor's Drive, Manggahan Gen. Trias Cavite, Gen. Trias",14.2908420,120.9083296,other,,ziv
Fun House Waltermart Tanauan,"2F WalterMart TANAUAN J. P. Laurel Highway, Darasa Tanauan Calabarzon, 4232, Tanauan",14.0742529,121.1507653,other,,ziv
Fun House Wellcome Plaza,"4/F Wellcome Plaza Taft Avenue cor. A. Arnaiz Avenue Pasay City Metro Manila, 1300, Pasay City",14.5465946,120.9991029,other,,ziv
"Fun House, Puregold Paso de Blas","1F Puregold Paso de Blas Paso De Blas cor. NLEX East Service Road, Malinta Valenzuela City Metro Manila, Valenzuela City",14.7086857,120.9937996,other,,ziv
Fun Nation CityMall Boracay,"Boracay Tambisaan Jetty Port Road Malay Western Visayas, Malay",11.9790796,121.9202708,other,,ziv
Fun Nation San Carlos Town Center,"82 Roxas Boulevard San Carlos City Ilocos Region, 2420, San Carlos City",15.9328133,120.3470840,other,,ziv
Fun Nation Victory Pasay Mall,"2F Victory Pasay Mall A. Arnaiz Ave. cor. Taft ave., Brgy. 92 Pasay City Metro Manila, Pasay City",14.5466916,120.9980871,other,,ziv
Fun Time Robinsons Place Iloilo,"3F Robinsons Place Iloilo 44 Mabini Street Iloilo City Western Visayas, 5000, Iloilo City",10.6944702,122.5649112,other,,ziv
Fun Time SM CDO Downtown Premier,"Butuan - Cagayan de Oro - Iligan Road Cagayan de Oro Northern Mindanao, 9000, Cagayan de Oro",8.4846764,124.6550041,other,,ziv
Fun Time SM City CDO Uptown,"3F SM City Cagayan De Oro Masterson Ave. cor. Gran Via St., Upper Carmen Cagayan De Oro Misamis Oriental, Cagayan De Oro",8.4560185,124.6232208,other,,ziv
Fun Time SM Cubao,"Basement SM City Cubao, Araneta Center, Cubao, Quezon City Metro Manila, 0860, Quezon City",14.6196893,121.0549845,other,,ziv
Fun Time Tagbilaran,"5th floor, Alturas Supermarket Building, B. Inting Street, Tagbilaran City, 6300 Bohol Tagbilaran City Central Visayas, 6300, Tagbilaran City",9.6429645,123.8562835,other,,ziv
"Fun Zone Shakey's Pizza Parlor, Molvina Commercial Complex","Molvina Commercial Complex Marcos Highway, Mayamot Antipolo Rizal, 1800, Antipolo",14.6230534,121.1150132,other,,ziv
"Fun Zone, Shakey's Diversion Road","Bauan - Batangas Provincial Road Batangas Calabarzon, Batangas",13.7885117,121.0604503,other,,ziv
Galaxy Arcade @ SkyRanch Tagaytay,"Tagaytay - Nasugbu Highway Tagaytay Calabarzon, 4027, Tagaytay",14.0952475,120.9378433,other,,ziv
GorGor Amusement Capitol Square Balanga,"113 Capitol Drive A. Mabini St., Malate City of Balanga Central Luzon, 2100, City of Balanga",14.6779721,120.5394816,other,,ziv
Great World Of Fun Sta. Lucia East Grand Mall,"4F Building 3, Sta. Lucia East Grand Mall 3 Marikina-Infanta Highway Cainta Metro Manila, 1900, Cainta",14.6182553,121.0989529,other,,ziv
Hiros Amusement Gaisano City Mall Cagayan de Oro,"Claro M. Recto Ave, Corrales Ave Poblacion Cagayan de Oro City Misamis Oriental, 9000, Cagayan de Oro City",8.4863955,124.6508253,ddr;gitadora;other;popn,,ziv
Hiros Amusement Gaisano City Mall Iligan,"Roxas Avenue Iligan City Lanao del Norte, Iligan City",8.2306144,124.2412788,ddr;gitadora;other;popn,,ziv
Hiros Amusement Gaisano Malaybalay,"Sayre Highway Malaybalay Northern Mindanao, 6000, Malaybalay",8.1547923,125.1276711,ddr;gitadora;other,,ziv
Hiros Amusement Gaisano Valencia,"Magsaysay Street National Highway, Parian Valencia City Northern Mindanao, Valencia City",7.9037129,125.0902677,gitadora;other,,ziv
Jollyland Robinsons Metro East,"Level 3, Robinsons Metro East Marcos Highway, Brgy. Dela Paz Pasig Metro Manila, 1800, Pasig",14.6193713,121.0997737,other,,ziv
Jollyland Robinsons Place Las Piñas,"Level 2, Robinsons Place Las Piñas 345 Alabang-Zapote Road Las Piñas Metro Manila, 1747, Las Piñas",14.4427246,120.9982397,other,,ziv
Limitless Newport World Resorts,"4/F Newport Mall, Newport World Resorts Manila Sales Road Pasay City Metro Manila, 1309, Pasay City",14.5185441,121.0198411,other,,ziv
"Lucky Panda Arcade, Chinatown Center Palawan","Valencia Street Puerto Princesa MIMAROPA, 5300, Puerto Princesa",9.7417116,118.7364149,other,,ziv
Mind Museum,"3rd Avenue Taguig Metro Manila, Taguig",14.5519333,121.0455065,other,,ziv
"MJ's World Amusement Center, Gaisano Grand Tibungco","Level 1, Gaisano Grand Tibungco Km. 18 National Highway, Bunawan Davao City Davao del Sur, 8000, Davao City",7.1957116,125.6471371,other,,ziv
MX Gaming Grounds,"2nd Floor, Brooklyn Warehouse, 2113 Recto Ave, Sampaloc Manila 1008, Manila",14.6011095,120.9897627,chunithm;ddr;iidx;maimai_dx;other;sdvx;taiko,,ziv
Plantation Bay Cebu Game Room,"Amha Lapu-Lapu City Central Visayas, 6015, Lapu-Lapu City",10.2606947,123.9827721,other,,ziv
Play Planet Adventure Park - NCCC Ma-a,"Mc Arthur Highway corner Ma-a Road Davao City Davao Del Sur, 8000, Davao City",7.0625635,125.5937290,other,,ziv
Play Planet Adventure Park - NCCC Mall Tagum,"Level 4, NCCC Mall Tagum Maharlika Highway cor. Melendres St. Tagum Davao Region, 8100, Tagum",7.4512757,125.8135663,maimai_dx;other;sdvx,,ziv
Play Planet NCCC Mall Palawan,"65 Lacao Street Puerto Princesa MIMAROPA, 5300, Puerto Princesa",9.7390786,118.7409371,other,,ziv
Playland Fisher Mall Malabon,"1 Salmon Street Manila Metro Manila, 1472, Manila",14.6567397,120.9610099,other,,ziv
Playland Fisher Mall QC,"4/F Fisher Mall Roosevelt Avenue Quezon City Metro Manila, 1502, Quezon City",14.6340528,121.0199752,other,,ziv
Q Power Station Park Triangle Mall,"4F Park Triangle Mall 32nd St. cor. 11th Ave., Bonifacio Global City Taguig Metro Manila, 1634, Taguig",14.5529873,121.0544176,chunithm;maimai_dx;other;sdvx;taiko,,ziv
Q Power Station Power Plant Mall,"3F Power Plant Mall Rockwell Drive, Rockwell Center Makati City Metro Manila, 1200, Makati City",14.5647684,121.0362697,chunithm;drs;maimai_dx;other;sdvx;taiko,,ziv
Q POWER STATION SHANGRILA,"EASTWING EDSA CORNER SHAW BOULEVARD, MANDALUYONG CITY",14.5812818,121.0538687,chunithm;ddr;gitadora;maimai_dx;other;sdvx;taiko,,allnet;ziv
Q POWER STATION SM JMALL CEBU,"165 A.S. Fortuna St, Mandaue City",10.3354070,123.9336908,maimai_dx;other,,allnet;ziv
Q Power Station SM Mall of Asia,"3/F North Wing Expansion Area, SM Mall of Asia, Ocean Drive SM Central Business District, Bay City Pasay Metro Manila, 1300, Pasay",14.5357949,120.9814882,chunithm;ddr;drs;gitadora;maimai_dx;other;sdvx;taiko,,ziv
Q-POWER STATION PODIUM,"4TH FL.,THE PODIUM MALL,18ADB AVE.CORJULIA VARGAS, MANDALUYONG",14.5853120,121.0592867,chunithm;ddr;maimai_dx;other;sdvx;taiko,,allnet;ziv
Quantum Estancia Mall,"LG, East Wing, Estancia Mall Capitol Commons, Ortigas Center Pasig City Metro Manila, 1605, Pasig City",14.5757442,121.0641591,museca;other;sdvx,,ziv
Quantum Fisher Mall Quezon Avenue,"3/F Fisher Mall Quezon Avenue Quezon Ave. cor. Fernando Poe Jr. Ave. Quezon City Metro Manila, 1104, Quezon City",14.6335623,121.0192644,other,,ziv
Quantum Greenhills Mall,"5F GH Mall Ortigas Avenue, Greenhills San Juan Metro Manila, 1500, San Juan",14.6026433,121.0487623,chunithm;maimai_dx;other;sdvx;taiko,,ziv
Quantum PITX,"2F Paranaque Integrated Terminal Exchange 1 Kennedy Road, Tambo Paranaque Metro Manila, 1605, Paranaque",14.5084017,120.9913131,other,,ziv
Quantum Robinsons Place Antique,"2nd Floor Robinsons Place Antique National Highway, Brgy. San Angel San Jose de Buenavista Western Visayas, 30657, San Jose de Buenavista",10.7354192,121.9517210,other,,ziv
Quantum Robinsons Place Las Piñas,"Level 2, Robinsons Place Las Piñas 345 Alabang-Zapote Road Las Piñas Metro Manila, 1747, Las Piñas",14.4430851,120.9989903,gitadora;other;sdvx,,ziv
Quantum Robinsons Place Ormoc,"Ormoc Eastern Visayas, 4027, Ormoc",11.0253660,124.6047878,other,,ziv
Quantum Robinsons Place Pangasinan,"2F Robinsons Place Pangasinan Urdaneta Junction - Dagupan Road Calasiao Ilocos Region, 2400, Calasiao",16.0229306,120.3587778,other;sdvx,,ziv
Quantum Robinsons Place Santiago,"Pan-Philippine Highway Santiago Cagayan Valley, Santiago",16.6960518,121.5611887,maimai_dx;other;sdvx,,ziv
Quantum Shaw Center Mall,"Shaw Boulevard Corner Nueve de Febrero Mandaluyong Metro Manila, 1550, Mandaluyong",14.5890340,121.0365732,other;sdvx,,ziv
QUANTUM SM BACOOR,"LGF SM BACOOR, CORNER AGUINALDO& TIRONA HWAY, BACOOR CAVITE",14.4448137,120.9517372,gitadora;maimai_dx;museca;other;sdvx,,allnet;ziv
QUANTUM SM BAGUIO,"3/F SM BAGUIO, LUNETA HILL SESSION ROAD, BAGUIO CITY",16.4088814,120.5991997,chunithm;ddr;gitadora;maimai_dx;other;sdvx;taiko,,allnet;ziv
QUANTUM SM BATAAN,"2nd Level, Sm City Bataan, Balanga, Bataan",14.6824965,120.5381408,maimai_dx;other,,allnet;ziv
Quantum SM CDO Downtown Premier,"4F SM City CDO Downtown Premier Cagayan de Oro Northern Mindanao, 9000, Cagayan de Oro",8.4844695,124.6539259,other;sdvx,,ziv
Quantum SM Center Dagupan,"L2, SM Center Dagupan, Arellano St. (Dagupan - Calasiao Rd.) Dagupan Pangasinan Ilocos Region, 2400, Pangasinan",16.0446793,120.3432245,maimai_dx;other;sdvx,,ziv
Quantum SM Center Ormoc,"2F SM Center Ormoc Real Street, Barangay District 14 Ormoc City Eastern Visayas, 6541, Ormoc City",11.0103432,124.6074531,gitadora;museca;other;sdvx,,ziv
Quantum SM Center Pasig,"Eulogio Rodriguez Jr. Ave. cor. Frontera Verde Ortigas Center, Doña Julia Vargas Ave Pasig Metro Manila, Pasig",14.5848353,121.0769622,gitadora;other;sdvx,,ziv
Quantum SM Center San Pedro,"LGF SM Center San Pedro Block 16 Lot 14 Acacia San Pedro Calabarzon, 4023, San Pedro",14.3338730,121.0281372,maimai_dx;other;sdvx,,ziv
Quantum SM Center Sangandaan,"3F SM Center Sangandaan, M.H. del Pilar St. cor. Samson Rd. Barangay 3, Sangandaan Caloocan Metro Manila, 1409, Caloocan",14.6582050,120.9717035,gitadora;other;sdvx,,ziv
Quantum SM Cherry Congressional,"Congressional Avenue Project 8 Quezon City Metro Manila, 1106, Quezon City",14.6714402,121.0386576,other,,ziv
Quantum SM City Bacolod,"3F, SM City Bacolod (North Wing) Bacolod Negros Occidental, 6100, Bacolod",10.6736080,122.9452515,chunithm;ddr;maimai_dx;other;sdvx,,ziv
Quantum SM City Baliwag,"21 Doña Remedios Trinidad Highway Baliuag Central Luzon, 3006, Baliuag",14.9611521,120.8909349,other;sdvx,,ziv
QUANTUM SM CITY BF PARANAQUE,"2nd Floor, SM BF, Dr Arcadio Santos Ave, Paranaque, 1700 PH",14.4576524,121.0332604,chunithm;gitadora;maimai_dx;other;sdvx,,allnet;ziv
Quantum SM City Bicutan,"LGF, Bldg. A, SM City Bicutan Doña Soledad Ave., Lower Bicutan Parañaque City Metro Manila, 1709, Parañaque City",14.4872066,121.0439435,gitadora;other;sdvx,,ziv
Quantum SM City Butuan,"3F SM City Butuan 424 T. Guingona Sr. Avenue Butuan City Caraga, 1605, Butuan City",8.9458449,125.5337081,other,,ziv
Quantum SM City Calamba,"2F SM City Calamba Real Road, Calamba City Triangle, Brgy. Real Calamba Laguna, 4027, Calamba",14.2042132,121.1549239,chunithm;ddr;drs;gitadora;maimai_dx;other;sdvx;taiko,,ziv
Quantum SM City Cauayan,"2F SM City Cauayan 83 National Highway Cauayan City Cagayan Valley, 3305, Cauayan City",16.9370070,121.7676330,iidx;other;sdvx,,ziv
Quantum SM City CDO Uptown,"2F SM City CDO Uptown Masterson Avenue Cagayan De Oro Misamis Oriental, 9000, Cagayan De Oro",8.4559768,124.6236478,gitadora;other,,ziv
Quantum SM City Clark,"2F SM CITY CLARK Manuel A. Roxas Highway, Clark Freeport, Malabanias Angeles CIty Pampanga, 2009, Angeles CIty",15.1684992,120.5790496,chunithm;ddr;maimai_dx;other;sdvx;taiko,,ziv
Quantum SM City Consolacion,"SM City Consolacion 6001 Cebu North Road Consolacion Cebu, 6015, Consolacion",10.3804526,123.9644763,gitadora;other;sdvx,,ziv
Quantum SM City Dasmariñas,"LG/F SM City Dasmariñas Governor's Drive, Pala-pala Dasmariñas Cavite, 4114, Dasmariñas",14.3015153,120.9564404,maimai_dx;other;sdvx,,ziv
Quantum SM City East Ortigas,"2F SM City East Ortigas Ortigas Ave., Sta Lucia Pasig City Metro Manila, 1500, Pasig City",14.5874252,121.1046739,other,,ziv
Quantum SM City Fairview,"2F Annex 2, SM City Fairview Quirino Highway, Novaliches Quezon City Metro Manila, 1117, Quezon City",14.7339217,121.0564501,maimai_dx;other;sdvx,,ziv
Quantum SM City Grand Central,"L5, SM Grand Central, Rizal Avenue Ext. cor. Bustamante St. Caloocan Metro Manila, 1403, Caloocan",14.6552883,120.9848571,chunithm;ddr;drs;gitadora;maimai_dx;museca;other;sdvx;taiko,,ziv
Quantum SM City Iloilo,"2nd Level, SM City Iloilo Sen. Benigno Aquino Avenue Iloilo City Western Visayas, 5000, Iloilo City",10.7135958,122.5515676,other,,ziv
Quantum SM City Laoag,"UGF & 2F SM City Laoag 51-B Airport Rd Laoag City Ilocos Norte, 2900, Laoag City",18.1875530,120.5852884,maimai_dx;other;sdvx,,ziv
Quantum SM City Lipa,"2F SM City Lipa Ayala Highway / Jose P. Laurel Highway, Marawoy Lipa City Batangas, 4218, Lipa City",13.9551843,121.1642425,chunithm;maimai_dx;other;sdvx,,ziv
Quantum SM City Manila,"3F East Wing, SM City Manila Arroceros cor Natividad Lopez Sts., Ermita Manila Metro Manila, Manila",14.5901403,120.9838164,chunithm;gitadora;maimai_dx;other;sdvx;taiko,,ziv
Quantum SM City Marikina,"3F SM City Marikina Marcos Highway, Calumpang Marikina City Metro Manila, 1800, Marikina City",14.6268043,121.0838521,ddr;maimai_dx;other;sdvx,,ziv
QUANTUM SM CITY MARILAO,2F SM City Marilao Mc arthur highway brgy. ibayo marilao bulacan,14.7537754,120.9553142,maimai_dx;other,,allnet;ziv
Quantum SM City Masinag,"UGF SM City Masinag Marcos Hwy., Masinag Junction, Mayamot Antipolo City Rizal, Antipolo City",14.6254755,121.1221969,other;sdvx,,ziv
Quantum SM City Molino,"2F SM City Molino National Road, Molino III Bacoor Cavite, 4102, Bacoor",14.3834743,120.9772396,other,,ziv
Quantum SM City Olongapo Central,"4F SM City Olongapo Central Rizal Avenue, Brgy. East Tapinac Olongapo City Zambales, Olongapo City",14.8367344,120.2826548,other;sdvx,,ziv
Quantum SM City Pampanga,"3F SM CITY Pampanga San Fernando Pampanga, 2000, San Fernando",15.0521179,120.6988478,maimai_dx;other,,ziv
Quantum SM City Rosales,"3F SM City Rosales McArthur Hwy., Brgy. Carmen East Rosales Pangasinan, Rosales",15.8787362,120.6033423,gitadora;other;sdvx,,ziv
Quantum SM City Rosario,"2F SM City Rosario 2950 Gen. Trias Drive Cavite City Calabarzon, 4106, Cavite City",14.4091729,120.8572305,other;sdvx,,ziv
Quantum SM City San Fernando Downtown,"3F SM City San Fernando Downtown 239 Gen Hizon Extension San Fernando Central Luzon, San Fernando",15.0279465,120.6924876,other,,ziv
Quantum SM City San Jose del Monte,"Pecson Ville Subdivision San Jose del Monte City Central Luzon, 3023, San Jose del Monte City",14.7866049,121.0751563,gitadora;other;sdvx;taiko,,ziv
Quantum SM City San Lazaro,"3F, SM City San Lazaro, A.H. Lacson Ave. cor. Felix Huertas St. Sta. Cruz Manila Metro Manila, Manila",14.6181567,120.9853506,chunithm;ddr;maimai_dx;other,,ziv
Quantum SM City San Mateo,"SM City San Mateo Gen. A. Luna Avenue, Ampid 1 San Mateo Rizal, San Mateo",14.6802449,121.1142592,other,,ziv
Quantum SM City Sta. Mesa,"4F SM City Sta. Mesa, Ramon Magsaysay Boulevard cor. Araneta Ave Doña Imelda Quezon City Metro Manila, 1113, Quezon City",14.6038297,121.0189413,maimai_dx;other;sdvx;taiko,,ziv
Quantum SM City Sucat,"3F, SM City Sucat Building A Dr. A. Santos Avenue cor. Carlos P. Garcia Avenue Extension Parañaque City Metro Manila, 1700, Parañaque City",14.4838232,120.9932828,museca;other;sdvx,,ziv
Quantum SM City Tanza,"Tramo Tanza Calabarzon, 1780, Tanza",14.3913604,120.8508272,other;sdvx,,ziv
Quantum SM City Taytay,"2F SM CITY TAYTAY Bldg. A Manila East Road, Dolores Taytay Rizal, 1920, Taytay",14.5655057,121.1411673,gitadora;museca;other;sdvx;taiko,,ziv
Quantum SM City Tuguegarao,"Magallanes Street Tuguegarao City Cagayan Valley, Tuguegarao City",17.6269910,121.7180630,other,,ziv
Quantum SM City Valenzuela,"3F SM City Valenzuela McArthur Highway, Karuhatan Valenzuela Metro Manila, 1123, Valenzuela",14.6855121,120.9771967,gitadora;maimai_dx;other;sdvx,,ziv
QUANTUM SM GENERAL SANTOS,2nd Floor SM General Santos Santiago Blvd General Santos City,6.1154774,125.1810148,maimai_dx;other,,allnet;ziv
QUANTUM SM LUCENA,"2nd FL,140 Dalahican Road, corner Maharlika Hwy, Lucena",13.9410227,121.6246557,maimai_dx;museca;other;sdvx,,allnet;ziv
QUANTUM SM NORTH EDSA,"SM NORHT EDSA, QUEZON CITY",14.6567726,121.0291307,chunithm;maimai_dx;other;sdvx;taiko,,allnet;ziv
QUANTUM SM NOVALICHES GF,"GF SM NOVALICHES, QUIRINO HWY.,NOVALICHES, QUEZON CITY",14.7082280,121.0373958,gitadora;maimai_dx;other;sdvx,,allnet;ziv
QUANTUM SM SEASIDE CEBU,"3104-3106 SM SEASIDE COMPLEX, SOUTH ROAD PROPERTIES, CEBU CITY",10.2816376,123.8815772,gitadora;maimai_dx;other,,allnet;ziv
Quantum SM Seaside City Cebu,"SRP-Mambaling Road Cebu City Central Visayas, 6000, Cebu City",10.2823752,123.8824976,maimai_dx;other;sdvx,,ziv
Quantum SM Southmall,"LG/F, SM Southmall, Alabang-Zapote Road Almanza Uno Las Pinas City Metro Manila, 1747, Las Pinas City",14.4333503,121.0120440,chunithm;gitadora;maimai_dx;other;sdvx,,ziv
QUANTUM SM SOUTHMALL,"LGF SM SOUTHMALL, ALMANZA, LAS PINAS CITY",14.4329710,121.0101074,chunithm;maimai_dx;other,,allnet;ziv
QUANTUM SM STA ROSA,"SM City Sta. Rosa,Old National Hi-way,Sta.Rosa City,4026 Laguna",14.3128036,121.0983253,maimai_dx;other;sdvx,,allnet;ziv
QUANTUM SM URDANETA,"Level2, SM Urdaneta Central, McArthur Hwy, Pangasinan",15.9711341,120.5718656,maimai_dx;museca;other;sdvx;taiko,,allnet;ziv
Quantum Starmall EDSA-Shaw,"2F Starmall EDSA-Shaw EDSA corner Shaw Boulevard, Wack-Wack Mandaluyong City Metro Manila, 1552, Mandaluyong City",14.5827580,121.0533634,other;sdvx,,ziv
Quantum Super Metro Lapu-Lapu,"Locata Road Lapu-Lapu City Central Visayas, 6015, Lapu-Lapu City",10.3126869,123.9555869,gitadora;other;sdvx,,ziv
Quantum Super Metro Mambaling,"Cebu South Road Cebu City Central Visayas, 6000, Cebu City",10.2904086,123.8702488,other;sdvx,,ziv
Quantum Uptown Mall,"3F Uptown Mall 9th Ave. cor. 36th St., Bonifacio Global City Taguig Metro Manila, 1207, Taguig",14.5579096,121.0542941,chunithm;maimai_dx;other,,ziv
QUANTUM(SM STA.MESA),"3FSMCitySta.Mesa,RamonMagsaysayBoulevard cor.AranetaAve,QuenzonC",14.6055525,121.0186901,maimai_dx;other,,allnet;ziv
"Quantum, Metro Gaisano Colon","Balintawak Cebu City Central Visayas, 6000, Cebu City",10.2956972,123.8983905,other;popn,,ziv
"Quantum, Robinsons Tuguegarao","12 Asian Highway 26 Tuguegarao City Cagayan Valley, 3500, Tuguegarao City",17.6277640,121.7329770,gitadora;other;sdvx,,ziv
"Quantum, SM City Puerto Princesa","2F SM City Puerto Princesa Lacao Street Puerto Princesa Western Visayas, 5300, Puerto Princesa",9.7432052,118.7401351,gitadora;other;sdvx,,ziv
"Quantum, Starmall San Jose del Monte","UGF Starmall San Jose del Monte B8 L23. Quirino Highway San Jose del Monte City Central Luzon, 3023, San Jose del Monte City",14.8142279,121.0716426,other,,ziv
R.KADE,"88 Bonifacio Street Iloilo City Western Visayas, 5000, Iloilo City",10.6864177,122.5134788,other,,ziv
Retro Seoul Roller Skate Kims Mall,"3F Kims Mall Poinsettia Avenue Angeles City Pampanga, 2009, Angeles City",15.1462865,120.5678380,other,,ziv
Rodolfo's Meow Meow Gaming Hub,"045 San Jose (St. Joseph) Street Dampol II-B Pulilan Bulacan, 3005, Pulilan",14.9033328,120.8102387,ddr;gitadora;jubeat;other,,ziv
Romatt Game Center - RGC,"69 Road 3 Quezon City Metro Manila, 1105, Quezon City",14.6599789,121.0312232,other;sdvx,,ziv
Romatt's Game Center LRT Caloocan Mall,"LRT Caloocan Mall Rizal Ave. Extension Caloocan Metro Manila, 1400, Caloocan",14.6544013,120.9841893,other;sdvx,,ziv
Sonic Gameworkx G-Mall of Davao,"L4, G-Mall of Davao J.P. Laurel Ave. Cor. Santa Ana Avenue, Bajada Davao City Davao Region, 8000, Davao City",7.0774930,125.6142343,other,,ziv
Space Arcade S Maison,"L1 S Maison Seaside Boulevard, Coral Way Pasay City Metro Manila, 1300, Pasay City",14.5323859,120.9806917,other,,ziv
sploop! (Dacon Complex Davao),"Lot 1, Dacon Complex, E 26, 2000 Ecoland Dr, Talomo, Davao City, Davao City Davao Del Sur, 8000, Davao City",7.0475930,125.5907037,other,,ziv
sploop! (Limketkai Cagayan De Oro),"2nd Floor, West Concourse, Limketkai Center Rosario Crescent / Limketkai Drive, Brgy. Lapasan Cagayan de Oro Misamis Oriental, 9000 , Cagayan de Oro",8.4815195,124.6568495,other,,ziv
sploop! (Robinsons Place GenSan),"Jose Catolico Sr. Avenue Robinsons Place General Santos General Santos City South Cotabato, 9500, General Santos City",6.1206013,125.1909471,other,,ziv
Sports Zone Robinsons Galleria South,"3F Robinsons Galleria South Tirona Hwy cor. Emilio Aguinaldo Hwy, Panapaan San Pedro Calabarzon, San Pedro",14.3519047,121.0625191,other,,ziv
Sports Zone SM City Cauayan,"2F Main SM City Cauayan 68 Burgos Street Cauayan City Cagayan Valley, 3005, Cauayan City",16.9367940,121.7691541,other,,ziv
Tap N Play @ NCCC Mall Buhangin,"Level 4, NCCC Mall Buhangin Km. 7 Tigatto Road, Buhangin Davao City Davao Del Sur, 8000, Davao City",7.1106501,125.6117969,jubeat;other,,ziv
Timezone (LGF) faiview terraces,"LGF Fairview Terraces Quirino Highway cor. Maligaya Drive, Fairview Quezon City Metro Manila, Quezon City",14.7369256,121.0598892,gitadora;other,,ziv
Timezone Abreeza,"3/F Abreeza Mall, in front of cinema J.P. Laurel Ave. Bajada Davao Davao Del Sur, 8000, Davao",7.0903951,125.6112921,other,,ziv
TIMEZONE ALABANG TOWN CENTER MALL,"3rd Floor Alabang Town Center, Alabang, Muntinlupa City",14.4232712,121.0312031,maimai_dx;other;taiko,,allnet;ziv
Timezone Ayala Center Cebu,"2/F Ayala Center Cebu Cebu Business Park Cebu City Cebu, 6000, Cebu City",10.3177470,123.9049670,maimai_dx;other,,ziv
Timezone Ayala Mall Centrio,"Claro M. Recto Avenue, Cagayan de Oro City, Philippines Cagayan De Oro Misamis Oriental, 9000, Cagayan De Oro",8.4852561,124.6509500,other,,ziv
Timezone Ayala Malls Arca South,"3F Phase 1 Ayala Malls Arca South Arca Boulevard, Corner W Union Dr. Taguig City Metro Manila, 1633, Taguig City",14.5054259,121.0443966,other,,ziv
Timezone Ayala Malls Capitol Central,"Gatuslao Street Bacolod Western Visayas, 6100, Bacolod",10.6766340,122.9501888,other,,ziv
Timezone Ayala Malls Central Bloc,"5F Ayala Malls Central Bloc 26 Amihan Cebu City Central Visayas, Cebu City",10.3305726,123.9072847,other,,ziv
Timezone Ayala Malls Circuit,"Level 4, Ayala Malls Circuit A. Reyes Ave., Circuit Makati Makati City Metro Manila, 1205, Makati City",14.5750717,121.0195483,other,,ziv
Timezone Ayala Malls Cloverleaf,"Level 4, Ayala Malls Cloverleaf A. Bonifacio Avenue, Balintawak Quezon City Metro Manila, 1115, Quezon City",14.6554907,121.0002315,other,,ziv
TIMEZONE AYALA MALLS FELIZ,"5F Ayala Malls Feliz, Marcos Hwy & Amang Rodriguez Av,",14.6194777,121.0936502,maimai_dx;other,,allnet;ziv
Timezone Ayala Malls Legazpi,"Peñaranda Street Legazpi City Bicol, 4500, Legazpi City",13.1474068,123.7521069,other,,ziv
Timezone Ayala Malls Manila Bay,"Level 3, Ayala Malls Manila Bay Diosdado Macapagal Blvd., Aseana City Parañaque Metro Manila, 1630, Parañaque",14.5231968,120.9894374,maimai_dx;other;taiko,,ziv
Timezone Ayala Malls Marikina,"2F Ayala Malls Marikina Liwasang Kalayaan, Marikina Heights Marikina City Metro Manila, Marikina City",14.6488631,121.1148906,other,,ziv
Timezone Ayala Malls Market! Market!,"5F (Cinema Level) Ayala Malls Market! Market! Fort Bonifacio Global City Taguig City Metro Manila, 1632, Taguig City",14.5500121,121.0561690,other,,ziv
Timezone Ayala Malls Nuvali,"3F Ayala Malls Nuvali (formerly Solenad) Santa Rosa-Tagaytay Road Santa Rosa Calabarzon, 4026, Santa Rosa",14.2387311,121.0569764,other,,ziv
Timezone Ayala Malls The 30th,"2F 30 Meralco Avenue Ortigas Center Pasig Metro Manila, 1605, Pasig",14.5808865,121.0641533,other,,ziv
TIMEZONE AYALA MALLS VERMOSA,"2F Ayala Malls Vermosa, Daang Hari Road Cor. Vermosa Blvd",14.3846252,120.9607053,maimai_dx;other,,allnet;ziv
Timezone Ayala Malls Vertis North,"3F Ayala Malls Vertis North North Ave., Bagong Pag-asa Quezon City Metro Manila, 1105, Quezon City",14.6521386,121.0356739,other,,ziv
Timezone CB Mall Urdaneta,"2F CB Mall Urdaneta Urdaneta City Ilocos Region, 2428, Urdaneta City",15.9713140,120.5709600,other,,ziv
Timezone Eastwood CityWalk,"GF Eastwood CityWalk Orchard Road, Eastwood, Bagumbayan Quezon City Metro Manila, 1800, Quezon City",14.6101121,121.0802566,other,,ziv
Timezone Fairview Terraces,"Level 2, Fairview Terraces Quirino Highway cor. Maligaya Drive, Fairview Quezon City Metro Manila, Quezon City",14.7361163,121.0599107,other,,ziv
Timezone Festival Alabang,"Level 2 Expansion Wing, Civic Drive Festival Mall, Filinvest City Muntinlupa Metro Manila, 1770, Muntinlupa",14.4145796,121.0419801,other,,ziv
Timezone Festive Walk Mall,"3F Festive Walk Mall Megaworld Blvd, Mandurriao Iloilo City Iloilo, 5000, Iloilo City",10.7177729,122.5469357,other,,ziv
Timezone Gateway 2,"3F Gateway 2 Araneta City, Cubao Quezon City Metro Manila, 1109, Quezon City",14.6195803,121.0533522,maimai_dx;other,,ziv
Timezone Geege Mall,"2F Gee Ge Mall Burgos Street Ozamiz City Northern Mindanao, 4027, Ozamiz City",8.1441718,123.8411441,other,,ziv
Timezone Glorietta 2,"3F Glorietta 2 (beside Olympic Village) Makati Metro Manila, 1221, Makati",14.5509156,121.0245323,other,,ziv
TIMEZONE GLORIETTA 4 MALL,"4th Floor Glorietta 4, San Lorenzo, Makati City",14.5511369,121.0264665,maimai_dx;other;taiko,,allnet;ziv
Timezone Greenbelt 3,"3rd Level Greenbelt 3 Ayala Center Makati City Metro Manila, Makati City",14.5518398,121.0218340,other,,ziv
Timezone Greenbelt 5,"3F Greenbelt 5 Greenbelt Drive Makati Metro Manila, 1220, Makati",14.5527225,121.0207826,other,,ziv
TIMEZONE GREENHILLS MALL,"Greenhills Mall Phase 1Greenhills Center,Greenhills,SanJuan City",14.6013406,121.0488130,maimai_dx;other,,allnet;ziv
Timezone Harbor Point,"3F Harbor Point Cinema Lobby Rizal Ave., Subic Bay Freeport Zone Olongapo City Zambales, 2200, Olongapo City",14.8249680,120.2792859,other,,ziv
Timezone Island Central Mactan,"2F Island Central Mactan MEPZ Ecozone, Mactan Lapu-Lapu City Cebu, 6015, Lapu-Lapu City",10.3263691,123.9760323,other,,ziv
Timezone Lucky Chinatown Mall,"3F Lucky Chinatown Mall 631 Yuchengco Street Manila Metro Manila, 1006, Manila",14.6030822,120.9735060,other,,ziv
Timezone Marquee Mall,"3F Marquee Mall 3033 A. Gueco Street Angeles Central Luzon, 2009, Angeles",15.1628142,120.6099701,gitadora;other,,ziv
Timezone Olivarez Plaza Mall,"National Hwy Los Baños Laguna, 4030, Los Baños",14.1793838,121.2391522,other,,ziv
Timezone One Ayala,"3F One Ayala 6735 Ayala Avenue Makati Metro Manila, 1226, Makati",14.5505573,121.0287476,other,,ziv
Timezone Riverbanks Mall,"Ivy Lane, Riverbanks Mall Riverbanks Avenue, Barangka Marikina Metro Manila, 1803, Marikina",14.6310878,121.0820657,other,,ziv
Timezone Robinsons Galleria,"UGF Robinsons Galleria EDSA cor. Ortigas Avenue Quezon City Metro Manila, 1605, Quezon City",14.5917237,121.0592347,other,,ziv
Timezone Robinsons Lipa,"GF Robinsons Lipa Jose P. Laurel Highway, Mataas Na Lupa Lipa City Batangas, Lipa City",13.9427307,121.1509609,other,,ziv
TIMEZONE ROBINSONS MAGNOLIA,"4F RobinsonsMagnolia, Aurora Blvd, Dona Hemady St, New Manila",14.6139210,121.0389411,maimai_dx;other,,allnet;ziv
Timezone Robinsons Place Antipolo,"Km. 23 Robinsons Place Antipolo Sumulong Highway corner Sumulong Memorial Circle Road Antipolo Rizal, 1870, Antipolo",14.5950462,121.1734056,other,,ziv
Timezone Robinsons Place General Trias,"3F Robinsons Place General Trias General Trias Calabarzon, 2400, General Trias",14.3965129,120.8649958,other,,ziv
Timezone Robinsons Place Malolos,"L4 Robinsons Place Malolos Mc Arthur Highway, Brgy. Sumapang Matanda Malolos Bulacan, Malolos",14.8499157,120.8237435,other,,ziv
Timezone Robinsons Place Manila,"2F Pedro Gil Robinsons Place Manila Pedro Gil cor Adriatico St., Ermita Manila Metro Manila, 1004, Manila",14.5749653,120.9844065,other,,ziv
Timezone Shangri-La's Mactan Resort and Spa,"GF E-Zone @ Shangri-La Mactan Lapu-Lapu City Central Visayas, 6015, Lapu-Lapu City",10.3078755,124.0194987,other,,ziv
Timezone SM Aura Premier,"5F SM Aura Premier 1634 26th Street Taguig Metro Manila, 1634, Taguig",14.5466994,121.0547447,other,,ziv
Timezone SM City Rosales,"GF SM City Rosales McArthur Hwy., Brgy. Carmen East Rosales Pangasinan, 2400, Rosales",15.8790045,120.6019368,gitadora;other,,ziv
TIMEZONE SM MALL OF ASIA,"3rd Level SM Mall of Asia Bldg., J.W Diokno Blvd., Barangay 76",14.5342475,120.9808338,maimai_dx;other;taiko,,allnet;ziv
Timezone SM Megamall,"LG Level, SM Megamall, EDSA Cor. Dona Julia Vargas Avenue Wack-Wack, Ortigas Center Mandaluyong Metro Manila, 1554, Mandaluyong",14.5838859,121.0570850,maimai_dx;other;taiko,,ziv
Timezone SM North EDSA,"Lower Ground Level (SM Foodcourt), SM North EDSA EDSA cor. North Ave. Quezon City Metro Manila, 1105, Quezon City",14.6561982,121.0313765,maimai_dx;other,,ziv
Timezone SM Southmall,"3F SM Southmall Alabang-Zapote Road, Almanza Uno Las Piñas Metro Manila, 1780, Las Piñas",14.4323528,121.0103971,other,,ziv
Timezone The Mall at Nustar,"3F The Mall at Nustar Cebu South Coastal Road Cebu City Central Visayas, 6000, Cebu City",10.2715123,123.8799316,other,,ziv
TIMEZONE TRINOMA MALL,"4th Floor Trinoma North Ave. Bagong Pag-asa, Quezon City",14.6533554,121.0333699,maimai_dx;other;taiko,,allnet;ziv
TIMEZONE UP TOWN CENTER,"2F UP Town Center Phase 2 Katipunan Ave. U.P. Campus, Diliman",14.6507347,121.0746778,maimai_dx;other;taiko,,allnet;ziv
Timezone Venice Grand Canal Mall,"1030 Campus Avenue 790 Chino Roces Ave. Taguig Metro Manila, 1634, Taguig",14.5342522,121.0518981,other,,ziv
Timezone Vista Mall Bataan,"Roman Superhighway City of Balanga Central Luzon, City of Balanga",14.6546897,120.5338592,other,,ziv
Timezone Vista Mall Taguig,"2F Vista Mall Taguig Phase 2 Camella Taguig Road Taguig Metro Manila, 1621, Taguig",14.5306645,121.0741210,other,,ziv
"Timezone, Ayala Malls Serin","Tagaytay-Nasugbu Highway Tagaytay Calabarzon, Tagaytay",14.1121875,120.9587538,other,,ziv
Tom's World (Parkway) Festival Alabang,"1F Parkway Entrance Alabang Muntinlupa City Metro Manila, Muntinlupa City",14.4162629,121.0392737,other,,ziv
Tom's World (Pixie Forest) Festival Alabang,"2F Main Wing, Festival Alabang Filinvest City, Alabang Muntinlupa Metro Manila, 1781, Muntinlupa",14.4162629,121.0405786,other,,ziv
Tom's World (X-Site) Festival Alabang,"2F Main Wing, Festival Alabang Filinvest City, Alabang Muntinlupa Metro Manila, 1770, Muntinlupa",14.4178319,121.0416287,gitadora;other,,ziv
Tom's World - SM City Legazpi,"Zone 9 Imelda Roces Ave Legazpi City Albay, 4500, Legazpi City",13.1438214,123.7446088,other,,ziv
Tom's World - SM City Sorsogon,"Grand Terminal Bus Stop Sorsogon City Sorsogon, AH26, Sorsogon City",12.9756255,124.0195459,other,,ziv
Tom's World / Fun House SM City Bacoor,"2F SM City Bacoor Tirona Hwy cor. Emilio Aguinaldo Hwy, Panapaan Bacoor Cavite, Bacoor",14.4452078,120.9509553,other,,ziv
Tom's World / Jack's Adventure SM City East Ortigas,"2F SM City East Ortigas Ortigas Ave., Sta Lucia Pasig City Metro Manila, 1608, Pasig City",14.5867217,121.1042127,other,,ziv
Tom's World / Jack's Adventure SM City Grand Central,"L5, SM Grand Central, Rizal Avenue Ext. cor. Bustamante St. Caloocan Metro Manila, 1403, Caloocan",14.6555296,120.9844951,other,,ziv
Tom's World Ayala Malls Marikina,"2F Ayala Malls Marikina Liwasang Kalayaan, Concepcion Dos Marikina Metro Manila, 1800, Marikina",14.6486140,121.1160278,other,,ziv
Tom's World Ever Gotesco Commonwealth Center,"3F Ever Gotesco Commonwealth Center Commonwealth Ave, Matandang Balara Quezon City Metro Manila, Quezon City",14.6781490,121.0859724,other,,ziv
Tom's World Isetann Cinerama Complex,"4/F Isetann Cinerama Complex C.M. Recto Avenue, Quiapo Manila Metro Manila, 1001, Manila",14.6029368,120.9847605,other,,ziv
Tom's World One Mall Valenzuela,"1212 Apolonia Valenzuela Metro Manila, 1552, Valenzuela",14.6873828,121.0002208,other,,ziv
Tom's World Robinsons Cabanatuan,"3F Robinsons Department Store KM111, Brgy. H.Concepcion Sr., Maharlika Highway Cabanatuan City Nueva Ecija, 3100, Cabanatuan City",15.4598194,120.9499540,other,,ziv
Tom's World Robinsons Cainta,"2F Robinsons Cainta Cainta Junction, Ortigas Avenue Extension Cainta Rizal, Cainta",14.5863331,121.1131691,other,,ziv
Tom's World Robinsons Galleria South,"4/F Robinsons Galleria South San Pedro Laguna, San Pedro",14.3520840,121.0620618,other,,ziv
Tom's World Robinsons Ilocos,"911 Robinsons Place San Nicolas Rehiyong Ilocos, San Nicolas",18.1800761,120.5926316,other,,ziv
Tom's World Robinsons Los Baños,"GF Robinsons Los Baños Lopez Ave. cor. National Road Los Baños Laguna, Los Baños",14.1772292,121.2421603,other,,ziv
Tom's World Robinsons Magnolia,"LGF Robinsons Magnolia Aurora Blvd. cor. Doña Hemady Ave., New Manila Quezon City Metro Manila, 1112, Quezon City",14.6144401,121.0380252,other,,ziv
Tom's World Robinsons Place Antipolo,"557 M. H. Del Pilar Street Ortigas Ave., Sta Lucia Antipolo Calabarzon, 1870, Antipolo",14.5950669,121.1735129,other,,ziv
Tom's World Robinsons Place Iligan,"Robinsons Place Iligan Iligan City Northern Mindanao, 9200, Iligan City",8.2186474,124.2393637,other,,ziv
Tom's World Robinsons Place Imus,"2F Robinsons Place Imus Emilio Aguinaldo Hwy Imus Cavite, Imus",14.4129741,120.9418076,other,,ziv
Tom's World Robinsons Place Manila,"3F midtown, Robinsons Place Manila Pedro Gil cor. Adriatico St., Ermita Manila Metro Manila, 1004, Manila",14.5747991,120.9842563,other,,ziv
Tom's World Robinsons Place North Tacloban,"3 Pan-Philippine Highway Tacloban City Eastern Visayas, Tacloban City",11.2402623,124.9870104,ddr;other,,ziv
Tom's World Robinsons Place Tuguegarao,"L2 Robinsons Place Tuguegarao Pallua Road Tuguegarao City Cagayan Valley, Tuguegarao City",17.6278344,121.7332166,other,,ziv
Tom's World Robinsons Place Valencia,"Valencia City Northern Mindanao, Valencia City",7.9344555,125.1004601,other,,ziv
Tom's World Robinsons Town Mall Malabon,"2F ROBINSONS Town Mall Malabon Gov. Pascual Ave., Tinajeros Malabon City Metro Manila, Malabon City",14.6693680,120.9664128,other,,ziv
Tom's World SM Center Antipolo Downtown,"L2 SM CENTER ANTIPOLO DOWNTOWN Marcos Highway, Mayamot Antipolo Rizal, 1870, Antipolo",14.6250832,121.1337445,other,,ziv
Tom's World SM Center Muntinlupa,"2F SM Center Muntinlupa Maharlika (National) Highway, Tunasan Muntinlupa City Metro Manila, Muntinlupa City",14.3765813,121.0462528,other,,ziv
Tom's World SM Center Pulilan,"112 Plaridel-Pulilan Diversion Road Pulilan Central Luzon, 3005, Pulilan",14.8991269,120.8696473,other,,ziv
Tom's World SM Center Tuguegarao Downtown,"3F Main SM Center Tuguegarao Downtown 38 Luna Street Tuguegarao City Cagayan Valley, 3500, Tuguegarao City",17.6126312,121.7236125,other,,ziv
Tom's World SM City Baliwag,"GF SM City Baliwag Doña Remedios Trinidad Highway (Maharlika Road), Pagala Baliuag Bulacan, 3006, Baliuag",14.9611624,120.8919347,other,,ziv
Tom's World SM City Calamba,"3F SM City Calamba Real Road, Calamba City Triangle, Brgy. Real Calamba Laguna, Calamba",14.2038999,121.1550486,other,,ziv
Tom's World SM City Dasmariñas,"UGF SM City Dasmariñas Governor's Drive, Pala-pala Dasmariñas Cavite, 4114, Dasmariñas",14.3011476,120.9564471,other,,ziv
Tom's World SM City Davao,"2nd Floor, SM City Davao Quimpo Blvd., Ecoland Davao City Davao del Sur, 8000, Davao City",7.0499727,125.5888413,other,,ziv
Tom's World SM City Fairview,"UGF SM City Fairview Quirino Hwy. cor. Regalado Hwy., Pasong Putik Quezon City Metro Manila, Quezon City",14.7338906,121.0601145,other,,ziv
Tom's World SM City Iloilo,"2F SM City Iloilo 3f Benigno Aquino Avenue Iloilo City Western Visayas, 5000, Iloilo City",10.7139120,122.5511169,other,,ziv
Tom's World SM City Manila,"3F West Wing, SM City Manila Antonio Villegas St. cor. Natividad Lopez St., Arroceros Manila Metro Manila, 1000, Manila",14.5901092,120.9834141,other,,ziv
Tom's World SM City Molino,"2F SM City Molino National Road, Molino III Bacoor Cavite, 4102, Bacoor",14.3836431,120.9774059,other,,ziv
Tom's World SM City North EDSA - Foodcourt,"SM Foodcourt, LG/F, City Center, SM City North EDSA EDSA cor. North Avenue, Brgy. Bagong Pag-asa Quezon City Metro Manila, 1104, Quezon City",14.6565391,121.0299343,other,,ziv
Tom's World SM City North EDSA - The block,"SM City North EDSA Quezon City Metro Manila, 1015, Quezon City",14.6563886,121.0324180,other,,ziv
Tom's World SM City Pampanga,"GF SM city PAMPANGA San Fernando Pampanga, San Fernando",15.0521179,120.6988478,other,,ziv
Tom's World SM City San Jose Del Monte,"3F SM City San Jose del Monte 30 Quirino Hi-Way San Jose del Monte City Central Luzon, 3023, San Jose del Monte City",14.7861692,121.0754728,other,,ziv
Tom's World SM City San Lazaro,"LG/F, SM City San Lazaro A.H. Lacson Ave. cor. Felix Huertas St., Sta. Cruz Manila Metro Manila, 1003, Manila",14.6174092,120.9863377,other,,ziv
Tom's World SM City San Pablo,"2F SM City San Pablo San Pablo City Calabarzon, San Pablo City",14.0713389,121.3014919,other,,ziv
Tom's World SM City Sto. Tomas,"399 Pres. J.P. Laurel Highway National Highway, Pallocan Santo Tomas Calabarzon, 4232, Santo Tomas",14.1057286,121.1501404,other,,ziv
Tom's World SM City Sucat,"2F, SM City Sucat Building A Dr. A. Santos Avenue cor. Carlos P. Garcia Avenue Extension Parañaque City Metro Manila, 1700, Parañaque City",14.4825191,120.9933516,other,,ziv
Tom's World SM Mall of Asia,"G/F, North Entertainment Mall, SM Mall of Asia SM Central Business District, Bay City Pasay Metro Manila, Pasay",14.5361584,120.9801391,other,,ziv
Tom's World Tutuban Center Mall,"3F Tutuban Centermall Bonifacio Drive Manila Metro Manila, 1012, Manila",14.6092854,120.9730131,other,,ziv
Tom's World WalterMart North EDSA,"3F WalterMart North EDSA EDSA cor. Roosevelt Ave., Muñoz Quezon City Metro Manila, 1105, Quezon City",14.6569524,121.0199614,other,,ziv
"Tom's World, Robinsons Place Palawan","Shop 251, Robinsons Place Palawan Puerto Princesa North Road Puerto Princesa MIMAROPA, Puerto Princesa",9.7667079,118.7484312,other,,ziv
Tom’s World SM City Puerto Princesa,"2F SM City Puerto Princesa Lacao Street Puerto Princesa MIMAROPA, 5300, Puerto Princesa",9.7436745,118.7400040,other,,ziv
Unnamed Arcade,"San Pedro Street, Davao City Davao City 8000, Davao City",7.0659387,125.6071914,other,,ziv
Versus Barcade - Uptown Bonifacio,"36th Street Bonifacio Global City Taguig Metro Manila, 1634, Taguig",14.5573754,121.0545980,gitadora;other,,ziv
Wakuland PureGold Noveleta,"Magdiwang Highway Noveleta Cavite, Noveleta",14.4299423,120.8835554,other,,ziv
"Wakuland, Starmall San Jose del Monte","GF Starmall San Jose del Monte B8 L23. Quirino Highway San Jose del Monte City Central Luzon, 3023, San Jose del Monte City",14.8141553,121.0718465,other,,ziv
"Wakuland, Zabarte Mall","588 Camarin Road Corner, Zabarte Road Caloocan Metro Manila, 1500, Caloocan",14.7563536,121.0433078,gitadora;other,,ziv
Wonderpark Baguio Center Mall,"4F Baguio Center Mall 421 Magsaysay Ave Baguio Benguet, 2600, Baguio",16.4162648,120.5962472,maimai_dx;other,,ziv
Wonderpark Magic Mall Urdaneta,"Alexander Street Urdaneta Ilocos Region, Urdaneta",15.9756048,120.5680847,other,,ziv
Wonderpark Nepo Mall Angeles,"302 Santo Rosario Street Angeles Central Luzon, Angeles",15.1355851,120.5885971,other;taiko,,ziv
Wonderpark Primark Center Gerona,"Don Federico Bartolome Street Gerona Central Luzon, Gerona",15.6076822,120.6004295,other,,ziv
Wonderpark Primark Center Noveleta,"M. Salud Road Noveleta Calabarzon, 4108, Noveleta",14.4282097,120.8813238,gitadora;other,,ziv
Wonderpark SM City Olongapo,"3F SM City Olongapo Lot 21, Magsaysay Drive, Asinan Olongapo City Zambales, Olongapo City",14.8262904,120.2828747,maimai_dx;other,,ziv
Wonderpark Vista Mall Sta. Rosa,"2/F, Vista Mall Sta. Rosa Sta. Rosa - Tagaytay Road Santa Rosa, Laguna Calabarzon, 4026, Santa Rosa, Laguna",14.2433725,121.0580316,other,,ziv
Wonderpark Waltermart Antipolo,"L. Sumulong Memorial Circle Antipolo Calabarzon, 1870, Antipolo",14.5802142,121.1730541,other,,ziv
Wonderpark Waltermart Candelaria,"KM 0108 Daang Maharlika Highway Barangay Malabanban Norte Candelaria Quezon, 4323, Candelaria",13.9299540,121.4325384,other;sdvx,,ziv
Wonderpark WalterMart Guiguinto,"WalterMart GUIGUINTO McArthur Hwy., Ilang Ilang Guiguinto Bulacan, Guiguinto",14.8270579,120.8735776,other,,ziv
Wonderpark Waltermart Malolos,"16 Hangga Street Malolos Central Luzon, 3000, Malolos",14.8722111,120.7987976,maimai_dx;other;taiko,,ziv
Wonderpark Waltermart Subic,"Mangan Vaca Road Subic Central Luzon, Subic",14.8882209,120.2369499,maimai_dx;other,,ziv
Wonderpark WalterMart Sucat,"UGF WalterMart Sucat Dr. A. Santos Ave., Sucat Parañaque Metro Manila, 1700, Parañaque",14.4727984,121.0082138,gitadora;other;sdvx,,ziv
Wonderpark WMall Muntinlupa,"2F WMall Muntinlupa KM21 West Service Road, Sucat Muntinlupa Metro Manila, 1770, Muntinlupa",14.4478675,121.0446650,other;sdvx,,ziv
World of Fun - LCC Mall Tabaco,"24 Ziga Ave Tabaco City Albay, 4511, Tabaco City",13.3574395,123.7298914,other,,ziv
World of Fun - SM City Legazpi,"Zone 9 Imelda Roces Ave Legazpi City Albay, 4500, Legazpi City",13.1440069,123.7451505,other,,ziv
World of Fun / Sports Zone SM Center Angono,"2F SM Center Angono Manila East Road, Brgy. San Isidro Angono Rizal, 1930, Angono",14.5314066,121.1539803,other,,ziv
World of Fun / Sports Zone SM City Fairview,"UGF SM City Fairview Quirino Hwy. cor. Regalado Hwy. Quezon City Metro Manila, Quezon City",14.7336520,121.0590148,other,,ziv
World of Fun Elizabeth Mall,"4/F Elizabeth Mall Cebu City Cebu, Cebu City",10.2976460,123.8949270,other,,ziv
World Of Fun Gaisano City Mall Kabankalan,"Gaisano City Kabankalan Kabankalan Negros Occidental, Kabankalan",9.9900682,122.8157330,other,,ziv
World of Fun Gaisano Grand Citygate,"2nd Floor, Gaisano Grand Citygate Mall Buhangin Davao City Davao Del Sur, 8000, Davao City",7.1111345,125.6129766,other,,ziv
World of Fun Island City Mall,"0185 F. Toledo Street Tagbilaran City Central Visayas, Tagbilaran City",9.6553220,123.8696602,other,,ziv
World of Fun Kai Mall,"2F Kai Mall Zabarte Road corner Camarin Road, Barangay 174 Caloocan Metro Manila, 1422, Caloocan",14.7567063,121.0442306,other,,ziv
World of Fun KCC Mall of Marbel,"4F KCC Mall of Marbel General Paulino Santos Dr Koronadal City South Cotabato, Koronadal City",6.4991829,124.8462027,other,,ziv
World Of Fun LCC Mall Naga,"LCC Central Mall, Sabang Naga City Camarines Sur, Naga City",13.6193469,123.1800038,other,,ziv
World Of Fun Limketkai Cagayan de Oro,"Cagayan De Oro Misamis Oriental, Cagayan De Oro",8.4816575,124.6569085,other,,ziv
World of Fun Metro Gaisano Colon,"Colon, Cebu City Cebu City Cebu, Cebu City",10.2957707,123.8983187,other,,ziv
World Of Fun NagaLand E-Mall,"3F NagaLand E-mall Elias Angeles St., cor. Peñafrancia Ave., Centro Naga Naga City Camarines Sur, 4400, Naga City",13.6253373,123.1864370,other,,ziv
World of Fun Pacific Mall Legazpi,"3F PACIFIC MALL Cinema Level Legazpi Albay, Legazpi",13.1443569,123.7492020,other,,ziv
World of Fun Park Mall Mandaue City,"Park Mall Mandaue City Cebu, Mandaue City",10.3252212,123.9335650,other,,ziv
World of Fun Robinsons Place Jaro,"425 East Lopez St., corner M. Jaime Street Rizal St. Iloilo City Western Visayas, 5000, Iloilo City",10.7208379,122.5581336,other,,ziv
World of Fun SM Center Sangandaan,"Marcelo H Del Pilar St, 003 Samson Rd, Sangandaan Metro Manila Caloocan Metro Manila, 1408, Caloocan",14.6581021,120.9716080,other,,ziv
World of Fun SM City Bacolod,"3/F SM City Bacolod North Wing Bacolod Negros Occidental, Bacolod",10.6734920,122.9454017,other,,ziv
World of Fun SM City Butuan,"3F SM City Butuan Jose Rosales Avenue Butuan City Caraga, Butuan City",8.9454448,125.5339050,other,,ziv
World of Fun SM City Caloocan,"L3 SM City Caloocan Caloocan Metro Manila, 1403, Caloocan",14.7516329,121.0195095,other,,ziv
World of Fun SM City Cebu,"Lower Ground Floor, SM City Cebu North Reclamation Area Cebu City 6000, Cebu City",10.3104866,123.9185084,other,,ziv
World Of Fun SM City Clark,"2/F SM City Clark M.A. Roxas Hwy. Angeles Central Luzon, 2010, Angeles",15.1677459,120.5797014,other,,ziv
World of Fun SM City Consolacion,"New Orleans Street North Reclamation Area Consolacion Central Visayas, 6000, Consolacion",10.3802507,123.9644855,other,,ziv
World of Fun SM City Daet,"Vinzons Avenue, Barangay Lag‑On Daet Camarines Norte, 4600, Daet",14.1210941,122.9456611,other,,ziv
World of Fun SM City Davao,"2nd Floor, SM City Davao Quimpo Blvd., Ecoland Davao Davao Del Sur, 8000, Davao",7.0499488,125.5887495,other,,ziv
World of Fun SM City Lucena,"3F SM City Lucena Maharlika Highway Lucena Quezon, Lucena",13.9409345,121.6252278,other,,ziv
World of Fun SM City Manila,"4F East Wing, SM City Manila Arroceros cor Natividad Lopez Sts., Ermita Manila Metro Manila, 1000, Manila",14.5900832,120.9837668,other,,ziv
World Of Fun SM City Masinag,"UGF SM City Masinag Marcos Hwy., Masinag Junction, Mayamot Antipolo Rizal, 1870, Antipolo",14.6252867,121.1196730,other,,ziv
World of Fun SM City Mindpro,"La Purisima Street Zamboanga Zamboanga Peninsula, Zamboanga",6.9079372,122.0759583,other,,ziv
World Of Fun SM City Naga,"2F SM City Naga CBD II, Brgy. Triangulo Naga City Camarines Sur, Naga City",13.6218807,123.1907701,other,,ziv
World of Fun SM City North EDSA,"LGF & 3F SM City North EDSA Main Bldg. EDSA cor. North Ave. Quezon City Metro Manila, 1550, Quezon City",14.6572423,121.0292733,other,,ziv
World Of Fun SM City Pampanga,"3F SM City Pampanga 289 Jose Abad Santos Avenue San Fernando Central Luzon, 2000, San Fernando",15.0529779,120.6982899,other,,ziv
World of Fun SM City Roxas,"Luna Novicio Extension Roxas City Western Visayas, Roxas City",11.5963297,122.7484417,other,,ziv
World of Fun SM City San Lazaro,"LG/F, SM City San Lazaro A.H. Lacson Ave. cor. Felix Huertas St., Sta. Cruz Manila Metro Manila, 1003, Manila",14.6188107,120.9856562,other,,ziv
World Of Fun SM City Sta. Mesa,"4F SM City Santa Mesa 3093-F Aurora Boulevard Quezon City Metro Manila, 1113, Quezon City",14.6043488,121.0188112,other,,ziv
World Of Fun SM City Taytay,"B1 SM City Taytay Manila East Road Taytay Calabarzon, 1920, Taytay",14.5650487,121.1398995,other,,ziv
World of Fun SM City Valenzuela,"3F SM City Valenzuela McArthur Highway, Karuhatan Valenzuela City Metro Manila, Valenzuela City",14.6855588,120.9767877,other,,ziv
World Of Fun SM Megamall,"Lower Ground Floor, Bridgeway EDSA Mandaluyong City Metro Manila, Mandaluyong City",14.5844297,121.0571761,other,,ziv
World Of Fun SM Seaside City Cebu,"Cebu South Coastal Road North Reclamation Area Cebu City Central Visayas, 6015, Cebu City",10.2818193,123.8798064,other,,ziv
World of Fun Waltermart Gapan,"421 Santan Street Gapan City Central Luzon, 3105, Gapan City",15.3035582,120.9464908,other,,ziv
World of Fun WalterMart Santa Maria,"Santa Maria Bypass Road, Santa Clara Santa Maria Bulacan, 3022, Santa Maria",14.8226447,120.9547894,other,,ziv
"World Of Fun, Robinsons Place Dumaguete","Robinsons Pedestrian Dumaguete Central Visayas, Dumaguete",9.2982809,123.3035088,other,,ziv
"World Of Fun, SM City Baliwag","21 Doña Remedios Trinidad Highway Baliuag Central Luzon, 3006, Baliuag",14.9611469,120.8905077,other,,ziv
"World Of Fun, SM City Batangas","Concha Road Batangas Calabarzon, Batangas",13.7547174,121.0687201,gitadora;other,,ziv
"World Of Fun, Waltermart Subic","Mangan Vaca Road Subic Central Luzon, Subic",14.8888679,120.2363436,other,,ziv
Arcade Games Kąpielowa 2,"2 Kąpielowa, Darłowo, Zachodniopomorskie, 76-153",54.4396412,16.3807999,other,,ziv
Centrum Handlowe TGG,"ul. Słubicka 18, Wrocław, Lesser Poland, 53-615",51.1178763,17.0010939,other,,ziv
Cinema City,"Centrum Rozrywki Punkt 44,, ul. Gliwicka 44, Katowice, Katowice, Lesser Poland, 40-853",50.2624837,19.0060485,other,,ziv
Cinema City Centrum Handlowe Korona,"Bolesława Krzywoustego 126, Wrocław, Lesser Poland",51.1418441,17.0874233,ddr,,ziv
FunHouse,"Bogucicka 7, Katowice, Slaskie, 40-226",50.2612573,19.0442578,other,,ziv
"Galeria Młociny, Hala Hutnik game zone.","Zgrupowania AK ""Kampinos"" 15, Warszawa, Mazowieckie, 01-943",52.2947581,20.9303789,other,,ziv
Game BBQ,"11 Bakalarska, Warszawa, Mazowieckie, 02-212",52.1937923,20.9567230,other,,ziv
Game Zone - Cinema City Bemowo,"126A Powstańców Śląskich, Warszawa, Mazowieckie, 01-466",52.2658729,20.9325328,other,,ziv
Gdańsk Arcade Museum,"aleja Grunwaldzka 229, Gdańsk, Pomorskie, 80-266",54.3904725,18.5874992,drs;other;sdvx;taiko,,ziv
Gilbert Park,"Eliza Ozheshko st. 15, Grodno region, Hrodno, 230023",53.6852318,23.8363407,gitadora,,ziv
Hopa  Lupa,"aleje Politechniki 1, Łódź, 93-590",51.7487970,19.4481345,other,,ziv
Joker Arcade,"21 Józefa Conrada, Darłowo, Zachodniopomorskie, 76-153",54.4400486,16.3822401,other,,ziv
Krakow Arcade Museum,"41A Centralna, Kraków, Małopolska, 31-586",50.0681310,20.0146950,ddr;jubeat;maimai_dx;other;popn,,ziv
Miejski Ośrodek Sportu i Rekreacji,"Łopuskiego 38, Kołobrzeg, West Pomerania Province, 78-100",54.1702640,15.5629311,other,,ziv
Pixel-Mania,"1 Starowiejska, Władysławowo, Pomorskie, 84-120",54.7902896,18.4096280,ddr;other,,ziv
Playcity,"Wrocławska 17, Focus Mall, Zielona Góra, Lubuskie, 65-427",51.9357028,15.5107963,other,,ziv
Potyczki XOXO Activity Bar,"Bohaterów Monte Cassino 39, Sopot, Pomorskie, 81-767",54.4435654,18.5643796,other,,ziv
Sala zabaw Bawidełko,"4B Leśna, Łazy, Zachodniopomorskie, 76-002",54.3092082,16.1998473,other,,ziv
Salon Gier,"3 Władysława IV, Darłowo, Zachodniopomorskie, 76-153",54.4382022,16.3796385,other,,ziv
Top Net Games,"ul. Morska 32, Stegna, East Pomerelia Province, 82-103",54.3371672,19.1238340,other,,ziv
Warsaw Arcade Museum,"Al. Jerozolimskie 200, Warszawa, Mazowieckie, 02-486",52.1947500,20.9239029,nostalgia;other;popn;taiko,,ziv
Arcade Lovers Game Center,"Arcade Lovers Game Center, Travessa da Agra Velha, nº 52 Armazém R/C, Trofa, Porto, 4785-100",41.3356001,-8.5490799,chunithm;drs;jubeat;maimai_dx;nostalgia;other;popn;sdvx;taiko,,ziv
Funny Farm Vilamoura,"Marina de Vilamoura 2, Quarteira, Loulé, Quarteira, 8125-507",37.0789314,-8.1215142,other,,ziv
NEOON,"Av. Cruzeiro Seixas 5, Amadora, Lisbon, 2650-505",38.7751979,-9.2188166,other,,ziv
Pipas Fun,"Rua Marina de Albufeira, Albufeira, 8201-918",37.0849484,-8.2658732,other,,ziv
PlayBowling Cascais,"R. Chesol 35, 2750-024 Aldeia de Juzo, Cascais, Lisboa, 2705-024",38.7246136,-9.4440740,drs,,ziv
Tropical Time,"Avenida Almirante Reis 93A, Lisboa, 1150-021",38.7286521,-9.1349280,ddr,,ziv
Aguadilla Bowling Center & Mini Golf,"Calle Marginal, Aguadilla, Aguadilla, 00603",18.4075435,-67.1518727,ddr,,ziv
Aguadilla Mall,"Aguadilla, 00603",18.4251846,-67.1488577,other,,ziv
Aguadilla Shark Roller Rink,"Paseo Real Marina, Aguadilla, PR, 00603",18.4185462,-67.1563201,other,,ziv
Arcade Mania (Sector Sixty6),"18400 Puerto Rico 66, Canóvanas, Canóvanas, 00729",18.3742572,-65.8829239,other,,ziv
At The Pier Arcade (Plaza Del Norte),"506 Truncado Street Space S100, Arecibo, Hatillo, 00659",18.4808308,-66.7619500,ddr,,ziv
Caribbean Cinemas (Dorado - Paseo del Plata Shopping Center),"650 Avenida José Efrón, Dorado, Dorado, 00646",18.4587535,-66.2839169,other,,ziv
Caribbean Cinemas (Fajardo),"Avenida Valero, Punta del Este Inter. PR 3 y PR 194, Fajardo, Fajardo, 00738",18.3452969,-65.6702077,ddr,,ziv
Caribbean Cinemas (Las Piedras),"Puerto Rico 204, Las Piedras, Las Piedras, 00771",18.1873526,-65.8879012,other,,ziv
Caribbean Cinemas (Montehiedra Town Center),"9410 Calle Los Romeros, San Juan, San Juan, 00926",18.3375203,-66.0668877,other,,ziv
Caribbean Cinemas (Plaza Carolina),"Plaza Carolina Mall Avenida Jesús M. Fragoso, Carolina, Carolina, 00983",18.3933581,-65.9747029,other,,ziv
Caribbean Cinemas (Plaza del Caribe),"Expreso 52, salida 104-A Avenida Rafael Cordero, Ponce, Puerto Rico, 00731",17.9890806,-66.6113842,ddr,,ziv
Caribbean Cinemas (Plaza Escorial),"5829 Plaza escorial, Ave Regimiento 65 De Infanteria, Carolina, San Juan, 00987",18.3961201,-65.9971948,ddr,,ziv
Caribbean Cinemas (Plaza Las Americas),"575 Avenida Franklin Delano Roosevelt, San Juan, San Juan, 00918",18.4202983,-66.0735073,other,,ziv
Caribbean Cinemas (Plaza Prados del Sur),"153 puerto rico, Santa Isabel, Santa Isabel, 00757",18.0088935,-66.3836259,other,,ziv
Caribbean Cinemas (Ponce Towne Center),"Carretera Estatal #2, Km 257.4, Salida Baramaya, Barrio Cañas, Ponce, Puerto Rico, 00777",17.9973460,-66.6391222,other,,ziv
Caribbean Cinemas (Puerto Rico Premium Outlets),"1 Premium Outlets Blvd, Barceloneta, 00617",18.4364743,-66.5394694,other,,ziv
Caribbean Cinemas (The Outlet 66),"18400 Autopista Roberto Sánchez Vilella, Canovanas, Canóvanas, 00729",18.3734862,-65.8823117,ddr,,ziv
Caribbean Cinemas (Western Plaza),"2765 Ave Hostos, Mayagüez, Mayagüez, 00680",18.2441834,-67.1618988,ddr,,ziv
Carolina Bowling Center,"8120 E. Roberto Sanchez Vilella Ave. Carolina, PR, Carolina, Puerto Rico, 00983",18.4171023,-65.9837526,ddr,,ziv
Dave & Buster's (Plaza del Sol),"725 West Main Avenue, Bayamón, Bayamón, 00961",18.4074292,-66.1616072,other,,ziv
Dave & Buster's (Plaza Las Américas),"525 Avenida Franklin Delano Roosevelt, San Juan, San Juan, 00918",18.4214516,-66.0733532,other,,ziv
Formula Fun Adventure & Racing Park - Carolina,"Industrial Park, Km. 4.0 Solar #2 7-14 Victoria, PR-887, Carolina, 00987",18.3790649,-65.9647900,other,,ziv
"Game Room, Caribe Hilton","1 San Geronimo Street, San Juan, Puerto Rico, San Juan, Puerto Rico, 00901",18.4631085,-66.0860601,ddr,,ziv
Hangar 107,"2053 Avenue Doctor Pedro Albizu Campos, Aguadilla Pueblo, Aguadilla, 00603",18.4672735,-67.1538030,other,,ziv
Sector Sixty6-Caguas,"400 C/betances, Caguas, Caguas, 00725",18.2356572,-66.0412924,other,,ziv
The Zone (San Patricio Plaza),"100 Avenida San Patricio, Guaynabo, Guaynabo, 00968",18.4089242,-66.1055195,ddr,,ziv
Toro Verde Urban Park (Distrito T-Mobile),"64 Calle Lindbergh, San Juan, San Juan, 00907",18.4556971,-66.0914003,other,,ziv
DEPOt Mall,"265А Holovna Street, Chernivtsi, Chernivets'ka oblast, 58000",48.2588343,25.9565359,ddr,,ziv
"Fun forrest, Rock'n roll bowling","strada arborilor 21, In moldova since this site does not have moldova as an option, Chisinau, centru, MD-2025",47.0050624,28.8412142,other,,ziv
Play Mania,"Strada Tudor Vladimirescu 37, Argeș Mall, Pitești, 110186",44.8437843,24.8953092,other,,ziv
Arena Igr (Arena Norilsk Sports and Entertainment Complex),"10 Metallurgov Square, Norilsk, 663318",69.3589774,88.1831467,other,,ziv
Cinema Park,"1и Dubrovinskogo Street, Krasnoyarsk, Krasnoyarskiy kray, 660049",56.0091716,92.8882205,ddr,,ziv
Cosmic - Afimoll City (Космик - Афимолл Сити),"2 Presnenskaya Naberezhnaya, ""Afimoll City"", 4th level, ""Cosmik"" boutique (""Космик""), Moskva, Moskva, 123100",55.7485636,37.5372442,other,,ziv
"Family Entertainment Complex ""Nagaevsky"".","Novaya st., 31, building 10, Magadan, Magadan oblast, 685000",59.5590123,150.7915735,other,,ziv
Happylon,"Moscow, Bagrationovkiy proezd, 5., Moscow, Moscow",55.7437637,37.5068092,other,,ziv
Igralife,"Pravoberezhnaya street, 1B, Moscow, Moscow",55.8809982,37.4499625,other,,ziv
Joki Joya Europeiskiy,"2 Kiyevsky Station Square, Moskva, Moskva, 121059",55.7445764,37.5659267,other,,ziv
Kinoteatr Luch,"149 ulitsa Karla Marksa, Krasnoyarsk, Krasnoyarskiy kray, 660017",56.0092929,92.8561375,other,,ziv
Kosmik (Космик),"Ярцевская улица, 19 5, 6, 7 этажи, Москва, 121552, Yartsevskaya Street, 19, 7th floor, metro Molodezhnaya, 121552,, Moscow, 121552",55.7346495,37.6025963,other,,ziv
LaserLand,"11 строение 18 ulitsa Ordzhonikidze, Moskva, Moscow, 115419",55.7076302,37.5914947,other,,ziv
Pinball Museum GoPinball,"9 Garden Ring, Moskva, Moskva, 119049",55.7333461,37.6013891,ddr;other,,ziv
Play Day,"Dnepropetrovskaya st, 2, ""Global-City"", Moscow, Moscow, 117587",55.6229198,37.6039267,other,,ziv
Q ZAR Gamezone,"104 Prospekt Dzerzhinskogo, Minsk, Minskaja voblasć, 220089",53.8602528,27.4791493,other,,ziv
Serebryany Gorod (Silver City Mall),"32, 8 Marta Street, Ivanovo, 153002",57.0053995,40.9836176,other,,ziv
Sochi Park,"21 Olympic Avenue, Adler, Krasnodarskiy kray, 354383",43.4045712,39.9643774,other,,ziv
Tetris,"59 prospekt Aleksandra Nevskogo, Petrozavodsk, Republic of Karelia, 185035",61.7763461,34.3702260,ddr,,ziv
Тутто Крутто,"Фёдора Попова 21, Fedora Popova 21, Якутск, Республика Саха (Якутия), 677000",62.0445193,129.7465583,other,,ziv
Iceland,"2779 طريق الامير سلطان حي السلامة 6611 جدة , Jeddah 21577, Jeddah, 23525",21.5987592,39.1450489,other,,ziv
TAKENDA,"Boulevard Riyadh City, Hittin, Riyadh, Riyadh, 13516",24.7676808,46.6055112,other,,ziv
Claw-Pi-Tiam,"68 Orchard Road #07-10/11A, Plaza Singapura Singapore 238839, Singapore",1.3008696,103.8452518,other,,ziv
Cow Play Cow Moo (Bishan),"510 Bishan Street 13 #02-01 Singapore Bishan, 570510, Singapore",1.3488897,103.8498062,maimai_dx;other;sdvx,,ziv
Cow Play Cow Moo (Downtown East),"1 Pasir Ris Close E!Hub @ Downtown East, #04-102 Singapore Pasir Ris, 519599, Singapore",1.3757927,103.9556998,chunithm;ddr;drs;gitadora;iidx;maimai_dx;nostalgia;other;popn;sdvx;taiko,,ziv
Cow Play Cow Moo (Flagship Store Hall A @ Suntec City L3),"3 Temasek Boulevard Suntec City Mall, East Wing, #03-372 Singapore Marina Centre, 039593, Singapore",1.2951821,103.8602391,other,,ziv
Cow Play Cow Moo (Hillion),"8 Jelebu Road Singapore Singapore, S(678278), Singapore",1.3786726,103.7626263,maimai_dx;other;sdvx,,ziv
Cow Play Cow Moo (Woodlands Square),"11 Woodlands Square #B1-12/13/14/15/16, Woodlands MRT Station, STELLAR@TE2 Singapore Woodlands, 737736, Singapore",1.4351107,103.7881690,maimai_dx;other,,ziv
COW PLAY COW MOO 313 SOMERSET,"313 ORCHARD ROAD #05-05, SINGAPORE 238895",1.3009665,103.8384727,maimai_dx;other,,allnet;ziv
COW PLAY COW MOO CENTURY SQUARE,2 Tampines Central 5 04-07/ 19/20/ 21 Singapore 529509,1.3523888,103.9438567,maimai_dx;other,,allnet;ziv
COW PLAY COW MOO JURONG POINT,1 Jurong West Central 2 03-15/ 16/ 17 Singapore 648886,1.3399257,103.7062886,maimai_dx;other,,allnet;ziv
COW PLAY COW MOO NORTHSHORE PLAZA 2,418 Northshore Drive 03-01/ 02 Singapore 820418,1.4176495,103.9013264,chunithm;ddr;gitadora;iidx;jubeat;maimai_dx;other;sdvx;taiko,,allnet;ziv
COW PLAY COW MOO SUNTEC CITY,"Sun Tec City 3Temasek Boulevard, 02-408/409,Singapore 038983",1.2950300,103.8583026,chunithm;ddr;gitadora;iidx;jubeat;maimai_dx;nostalgia;other;popn;sdvx;taiko,,allnet;ziv
Cow Play Cow Moo Wisteria Mall,"598 Yishun Ring Rd #B1-02 Yishun 768698, Yishun",1.4342527,103.8421726,maimai_dx;other,,ziv
Fun Claw (Plaza Singapura),"68 Orchard Road #04-68A, Plaza Singapura Singapore 238839, Singapore",1.3003520,103.8449997,other,,ziv
iClaw Taiwan (The Centrepoint),"176 Orchard Rd #02-01 Singapore 238843, Singapore",1.3022934,103.8397425,other,,ziv
PACO FUNWORLD i12,"112 E Coast Rd, #04-23/24/25/26i12 Katong, Singapore 428802",1.3052002,103.9050645,chunithm;maimai_dx;other;taiko,,allnet;ziv
PACO FUNWORLD IMALL,5 Marine Parade Central #B1-01/02 Singpoare 449410,1.3031579,103.9066474,chunithm;maimai_dx;other;taiko,,allnet;ziv
PACO FUNWORLD(BUGIS PLUS),"Bugis Plus201 VictoriaStreet,#05-07Singapore",1.2996018,103.8542325,chunithm;maimai_dx;other;taiko,,allnet;ziv
PACO FUNWORLD(KALLANG WAVE MALL),1 Stadium Place 01-59102 Singapore 397628,1.3025249,103.8736219,chunithm;maimai_dx;other;taiko,,allnet;ziv
The Centrepoint,"176 Orchard Rd Singapore 238843, Singapore",1.3019878,103.8399598,other,,ziv
Timezone (Orchard Xchange),"B1, Orchard Xchange Singapore 238884, Singapore",1.3043544,103.8318225,ddr;maimai_dx;other;popn;taiko,,ziv
Timezone @ City Square Mall,"80 Kitchener Road #04-24/29 Singapore Farrer Park, 208539, Singapore",1.3085789,103.8585341,other,,ziv
Timezone @ Parkway Parade,"80 Marine Parade Road #03-27 Singapore Parkway Parade, 449269, Singapore",1.3013594,103.9052904,other;taiko,,ziv
Timezone @ Pasir Ris Mall,"7 Pasir Ris Central, Pasir Ris Mall #02-55 Singapore Pasir Ris, 519612, Singapore",1.3734545,103.9486994,ddr;maimai_dx;other,,ziv
Timezone @ Tampines Hub,"495A Tampines Avenue 5 Festive Mall #B1-13 Singapore Tampines, 529650, Singapore",1.3535689,103.9406794,maimai_dx;other,,ziv
Timezone @ VivoCity,"1 Harbourfront Walk #02-43 VivoCity Harbourfront Singapore, 098585, Harbourfront",1.2650201,103.8220131,other;taiko,,ziv
TIMEZONE CAUSEWAY POINT,1 WOODLANDS SQUARE #07-02CAUSEWAY POINT SINGAPORE,1.4361031,103.7859564,maimai_dx;other;taiko,,allnet;ziv
TIMEZONE JURONG POINT,"1 Jurong West Central 2, #02-45, Singapore 648886",1.3399257,103.7062886,maimai_dx;other;taiko,,allnet;ziv
Timezone Mariana Square Hall,"6 Raffles Blvd, #02-213 Marina Square Singapore Mariana Square, 039594, Singapore",1.2911490,103.8574497,other;taiko,,ziv
TIMEZONE NORTH POINT,"930 YISHUN AVE.2 #03-30,NORTHPOINT, SINGAPORE",1.4293518,103.8357764,maimai_dx;other;taiko,,allnet;ziv
TIMEZONE PLAZA SINGAPURA,"#07-02/03 68 ORCHARD ROAD,SINGAPORE 238839",1.3006193,103.8449114,maimai_dx;other;taiko,,allnet;ziv
Timezone Singpost Centre,"10 Eunos Rd 8, #02-101/102/K07 SingPost Centre, Singapore 408600 Singapore 408600, Singapore",1.3180535,103.8911896,other;taiko,,ziv
TIMEZONE WATERWAY POINT,"83 Punggol Central, 02-19 Waterway Point, Singapore 828761",1.4068875,103.9016662,maimai_dx;other,,allnet;ziv
TIMEZONE WESTGATE,"3 Gateway Drive,#B1-45/46 Westgate Singapore 608532",1.3345000,103.7427500,chunithm;ddr;maimai_dx;other;taiko,,allnet;ziv
TOG - Toy Or Game (Bugis+),"201 Victoria Street #05-04, Bugis+ Singapore 188067, Singapore",1.2994966,103.8543284,other,,ziv
TOG - Toy Or Game (Plaza Singapura),"68 Orchard Road #06-04, Plaza Singapura Singapore 238839, Singapore",1.3003145,103.8446376,other,,ziv
Tokyo Games Station @ KINEX,"613 Aljunied Road Singapore Johor, 389831, Singapore",1.3148107,103.8949585,other,,ziv
VIRTUALAND @ Nex,"#04-65 23 Serangoon Central Singapore Serangoon, 556083, Singapore",1.3495775,103.8725082,chunithm;ddr;drs;gitadora;iidx;jubeat;maimai_dx;nostalgia;other;popn;sdvx;taiko,,ziv
VIRTUALAND BUGIS+,"201 Victoria Street , #05-04/05/06 Bugis+, Singapore 188067",1.2998000,103.8545500,chunithm;ddr;gitadora;iidx;jubeat;maimai_dx;nostalgia;other;sdvx;taiko,,allnet;ziv
Whimsy (Downtown East),"1 Pasir Ris Cl, E!Hub #04-104 Singapore 519599, Singapore",1.3759858,103.9554637,other,,ziv
Zone X (Lot One),"21 Choa Chu Kang Ave 4, #05-01/02/03 Singapore 689812, Singapore",1.3851831,103.7449909,maimai_dx;other;taiko,,ziv
Zone X @ Changi Airport T3,"65 Airport Boulevard #B2-23 Changi Airport Terminal 3 Changi Singapore, 819663, Changi",1.3552260,103.9867274,other,,ziv
ZONE-X EAST POINT MALL,"EastPoint Mall 3 Simei Street 6,B1-01102 Singapore 528833l",1.3427145,103.9530415,maimai_dx;other;taiko,,allnet;ziv
Arcade @ Breakers Resort Hotel,"88 Lagoon Drive, Umhlanga, Umhlanga, KwaZulu-Natal, 4321, South, Umhlanga, Kwa-Zulu Natal, 4321",-29.7135631,31.0923569,ddr,,ziv
Arcade @ Donna Modern Italian,"Shop 1, New Salt Rock Centre, 1 New Salt Rock Road, Salt Rock, B, Salt Rock, ballito, 4391",-29.4894047,31.2335300,ddr,,ziv
Cracker Zac's Barcadia,"Menlyn Park, Mante Rd, Menlyn, Pretoria, Gauteng, 0063",-25.7842758,28.2758315,other,,ziv
Electric Avenue @ Gateway Theatre Of Shopping,"1 Palm Boulevard, Umhlanga Ridge, Durban, KwaZulu-Natal, 4319",-29.7257118,31.0664369,ddr;other,,ziv
Electric Avenue Arcade @ Hemingways Mall,"Cnr. Western Bypass and Hemingways Casino, Two Rivers Dr, Cambridge Village, East London, 5201",-32.9708647,27.8989421,ddr,,ziv
Fantasia @ Matlosana Mall,"N12 Joe Slovo Rd, Klerksdorp, North West, 2571",-26.8496078,26.7030772,ddr,,ziv
Fantasia @ Mimosa Mall,"11 Parfitt Avenue, Mimosa Mall, 131 Kellner St, Brandwag, Bloemfontein, Free State, 9301",-29.1088907,26.2020094,ddr,,ziv
Fun Company @ Emerald Resort & Casino,"1900 Frikkie Meyer Boulevard, Vanderbijlpark, Gauteng, 1900",-26.7436652,27.8569286,other,,ziv
Fun Company @ Irene Village Mall,"Cnr of Nellmapius Dr &, Van Ryneveld Ave, Irene, Centurion, Gauteng, 0133",-25.8760792,28.2237485,other,,ziv
Fun Company @ Pavilion Mall,"3611 Jack Martens Drive, Westville, Durban, KwaZulu-Natal, 3629",-29.8501893,30.9356221,other,,ziv
Fun Company @ Silverstar Casino,"R28, Muldersdrift, Krugersdorp,, Johannesburg, Gauteng, 1768",-26.0675773,27.8283715,other,,ziv
Fun Company @ Woodlands Boulevard Shopping Complex,"Cnr Garsfontein Rd &, De Villebois Mareuil Dr, Pretorius Park, Pretoria, Gauteng, 0081",-25.8242303,28.3131410,other,,ziv
Fun Company Arcade @ Gold Reef City,"Cnr Northern Parkway and, Data Cres, Ormonde, Johannesburg South, 2159",-26.2392293,28.0132699,other,,ziv
FUNLAND ENTERTAINMENT CENTRE,"19 Beach Road, Amanzimtoti, KwaZulu-Natal, 4126",-30.0562311,30.8844727,ddr,,ziv
Hard Hats @ Kollenade Pretoria,"Sefako Makgatho Drive, Sefako Makgatho Service Ln, Montana Park, Pretoria, Gauteng, 0182",-25.6809633,28.2494545,ddr,,ziv
Hard Hats @ Waterfall Mall,"1 Augrabies Avenue, Cashan, Rustenburg, North West, 0299",-25.7074729,27.2520590,ddr,,ziv
Hard Hats Arcade @ Mall of Mthatha,"33 Errol Spring Ave, Vulindlela Heights, Mthatha, 5099",-31.5964118,28.7885140,ddr,,ziv
Hard Hats Arcade @ Thavhani Mall,"Thohoyandou-J, Thohoyandou, Thavhani City, Limpopo, 0950",-22.9842244,30.4624805,ddr,,ziv
Magic Company @ Boardwalk Casino,"Beach road, Summerstrand, Port Elizabeth, Eastern Cape, 6001",-33.9832758,25.6586106,ddr,,ziv
Magic Company @ Carnival City Casino,"Century Road, Witpoortjie 117-Ir, Brakpan, Gauteng, 1541",-26.2566852,28.3149521,ddr,,ziv
Magic Company @ Emperors Palace,"64 Jones Road, O. R Tambo, Kempton Park, Gauteng, 1627",-26.1466191,28.2222474,ddr,,ziv
Magic Company @ Golden Horse Casino,"45 New England Road, Scottsville, Pietermaritzburg, KwaZulu-Natal, 3201",-29.6129163,30.3995248,ddr,,ziv
Magic Company @ Graceland Hotel Casino and Country Club,"1 Embalenhle Rd, Secunda, Mpumalanga, 2302",-26.5104038,29.1639801,ddr,,ziv
Magic Company @ Grand West Casino,"36 Station Road, Grandwest Casino, Denneboom Ave, Goodwood, Cape Town, Western Cape, 7460",-33.9167049,18.5466412,ddr,,ziv
Magic Company @ Suncoast International,"Suncoast Boulevard, O R Tambo Parade, Durban, KwaZulu-Natal, 4001",-29.8353805,31.0346212,ddr,,ziv
Magic Company @ Westgate Shopping Centre,"120 Ontdekkers Road, Horizon View, Roodepoort, Gauteng, 1724",-26.1401805,27.8607711,ddr,,ziv
Magic Company @ Wild Coast Sun,"Main Bizana Road, Port Edward, Eastern Cape, 4295",-31.0861639,30.1869106,ddr,,ziv
Ten Flags Theme Park,"572 Rex Road, Farm Karussel, Rustenburg, North West, 0300",-25.7629067,27.3458135,other,,ziv
The Fun Company @ Galleria Mall,"Cnr Moss Kolnik & Arbour Road, Amanzimtoti, KwaZulu-Natal, 4126",-30.0333539,30.8980638,other,,ziv
The Fun Company @ Mall of the North,"R81, Bendor, Polokwane, Limpopo, 0700",-23.8736445,29.5092886,other,,ziv
The Fun Company @ Menlyn Park,"285 Landi Street, Cnr Atterbury Rd and Lois Ave, Pretoria, Gauteng, 0063",-25.7826576,28.2761478,other,,ziv
The Fun Company @ The Grove,"Simon Vermooten Road, Equestria, Pretoria, Gauteng, 0184",-25.7665346,28.3265391,other,,ziv
The Magic Company @ Sun City,"R556, Sun City, North West Province, Sun City, North West, 0316",-25.3470900,27.1001387,ddr,,ziv
VDM Amusements @ Goldfields Casino,"Buiten Street, Corner Stateway, Welkom, Free State, 9460",-27.9784090,26.7351576,ddr,,ziv
Virtual Reality Zone @ uShaka Marine World,"1 Plymouth Road, Durban, KwaZulu-Natal, 4001",-29.8693438,31.0453742,other,,ziv
Wonderland Arcade @ Canal Walk,"Century Boulevard, Century City, Cape Town, Western Cape, 7446",-33.8923105,18.5105905,ddr;gitadora,,ziv
Wonderland Arcade @ N1 City Mall,"Louwtjie Rothman St, N1 City, Cape Town, Western Cape, 7463",-33.8913650,18.5602641,ddr;gitadora;other,,ziv
Wonderland Arcade @ The Caledon Casino,"1 Nerina Street, Caledon, Western Cape, 7230",-34.2253301,19.4380687,ddr,,ziv
Action,"서울특별시 영등포구 영등포동4가 442 Times Square mall, 4th floor, next to CGV theater Seoul 150-798 , Seoul",37.5168478,126.9027516,drs;other;sdvx;taiko,,ziv
Art&Science FunCity (신세계 펀시티),"1, Expo-ro, Yuseong-gu, Daejeon, Republic of Korea Department buildings, 6 Floor Daejeon 34126, Daejeon",36.3754093,127.3821509,other,,ziv
BEATLAB T,1029，Dongil-ro，Nowon-gu，Seoul,37.6219281,127.0738431,chunithm;ddr;gitadora;jubeat;maimai_dx;other;sdvx,,allnet;ziv
BIG GAME LAND,"120-1, Gumijungang-ro, Gumi-si,Gyeongsangbuk-do",36.1269696,128.3352570,chunithm;drs;iidx;jubeat;maimai_dx;other;popn;sdvx,,allnet;ziv
Big Game Station (빅 게임 스테이션),"25 Cheongun-ro Gyeongsan Gyeongsangbuk-do, 38532, Gyeongsan",35.8376351,128.7534753,ddr;iidx;jubeat;museca;other;popn;sdvx,,ziv
BUCHEON ATTACK,"28, Buil-ro 469beon-gil, Bucheon-si, Gyeonggi-do",37.4870906,126.7828212,chunithm;ddr;gitadora;iidx;jubeat;maimai_dx;nostalgia;other;sdvx;taiko,,allnet;ziv
CGV Gangbyeon@Techno Mart,"596-4 Guuidong, Gwangjin-gu, Seoul Gwangin-Gu 서울 (Seoul), Gwangin-Gu",37.5359065,127.0954634,jubeat;other;taiko,,ziv
Children's Grand Park-Amusement Park,"Gwangin-Gu 서울 (Seoul), Gwangin-Gu",37.5514173,127.0838870,gitadora;other,,ziv
CyberZone Game Center,"전라북도 전주시 덕진구 명륜4길 17-5 17-5, Myeongnyun 4-gil, Deokjin-gu, Jeonju-si, Jeollabuk-do, Kor Jeonju Jeollabuk-do, 561-191, Jeonju",35.8436230,127.1263392,gitadora;jubeat;other;popn;sdvx;taiko,,ziv
CYMUSIC GAMEWORLD,62，Gungdong-ro 18beon-gil，Yuseong-gu，Daejeon,36.3626742,127.3507811,chunithm;iidx;jubeat;maimai_dx;nostalgia;other;popn;sdvx,,allnet;ziv
Daebbang (대빵오락실 천안점),"19, Buldang 33-gil, Seobuk-gu, Cheonan-si, Chungcheongnam-do, Re 102,103,104ho (buldangdong) CheonAn City Chung-Cheong-Namdo, 31156, CheonAn City",36.8122009,127.1077073,other,,ziv
Daegu ZZANG 짱오락실 대구점(1호점),"대구 중구 동성로 35-1 동성로2가 82-5 대구광역시 중구, 700-092, 대구광역시",35.8693511,128.5952423,ddr;drs;other;sdvx,,ziv
DaeGung Gameland(대궁 게임랜드),"Tongjaeyeong 3-gil Yeosu Jeollanam-do, 550-110, Yeosu",34.7412084,127.7341146,gitadora;jubeat;other,,ziv
DaeWang Game Center (대왕 게임센터),"부산광역시 남구 용소로13번길 6 1층 Busan 부산 (Busan), 48512, Busan",35.1363828,129.1012343,gitadora;jubeat;other;popn;sdvx;taiko,,ziv
Division Studio (디비전 스튜디오),"16, Donggwang-ro 12ga-gil, Seocho-gu, Seoul, Republic of Korea B1 Seoul 06567, Seoul",37.4873778,126.9840252,other,,ziv
Doremi Joyworld,"전라북도 전주시 완산구 전주객사5길 22-5 22-5, Jeonjugaeksa 5-gil, Wansan-gu, Jeonju-si, Jeollabuk-do, Ko Jeonju Jeollabuk-do, 560-060, Jeonju",35.8193571,127.1459394,other,,ziv
Dragon Hill Spa & Resort,"40 Hangang-daero 21na-gil Yongsan-gu Seoul, 04378, Yongsan-gu",36.7251649,128.2187288,other,,ziv
ENFANT's PUMPlace (앙팡의 펌프공간),"7-7, Yeonseo-ro 21-gil, Eunpyeong-gu, Seoul, Republic of Korea Seoul 03336, Seoul",37.6141677,126.9164336,other,,ziv
Fun City (펀시티 신세계백화점 천안아산점),"43, Mannam-ro, Dongnam-gu, Cheonan-si, Chungcheongnam-do, Republ 4th floor, Building B, Cheonan Asan Branch of Shinsegae Departme CheonAn City Chung-Cheong-Namdo, 31120, CheonAn City",36.8194888,127.1561803,other,,ziv
FUN IT Licensed by SEGA,"Busan 612-020, Busan",35.1688353,129.1299157,other,,ziv
Fun Park,"Hangangno 3(sam)-ga 40-999 I'Park Mall Yongsan 서울 (Seoul), Yongsan",37.5293616,126.9657058,jubeat;other;taiko,,ziv
G-Plex,"서울특별시 서대문구 창천동 31-32 Seoul 03776, Seoul",37.5578516,126.9375179,iidx;jubeat;other;sdvx,,ziv
G2ZONE YEONGDEUNGPO,"16, Yeongjung-ro 4-gil, Yeongdeungpo-gu, Seoul, Korea",37.5172567,126.9080386,chunithm;gitadora;jubeat;maimai_dx;other;popn;sdvx;taiko,,allnet;ziv
Game Club,"Uijeongbu-si Gyeonggi-do, 480-011, Uijeongbu-si",37.7385752,127.0496955,ddr;gitadora;iidx;jubeat;other;popn;sdvx,,ziv
GAME D,"남구 용소로7번길 6-1 부산광역시 Busan, 부산광역시",35.1366945,129.1009141,chunithm;ddr;gitadora;iidx;jubeat;maimai_dx;museca;nostalgia;other;popn;sdvx;taiko,,ziv
Game GwangJang(게임광장),"전북 익산시 익산대로68길 29 Iksan-si Jeollabuk-do, 570-976, Iksan-si",35.9623477,126.9567874,other,,ziv
GAME PLUS,"11, Pyeonghwa-ro 542beon-gil, Uijeongbu-si, Gyeonggi-do",37.7405400,127.0481124,ddr;iidx;jubeat;maimai_dx;other;sdvx;taiko,,allnet;ziv
Game Sports-Tec(게임 스포츠텍),"69-1 Gumijungang-ro Gumi-si Gyeongsangbuk-do, 39221, Gumi-si",36.1293992,128.3304800,ddr;iidx;jubeat;other;popn;sdvx,,ziv
Game Village,"Uijeongbu-si Gyeonggi-do, 480-011, Uijeongbu-si",37.7428780,127.0505963,ddr;iidx;jubeat;other;popn;sdvx;taiko,,ziv
Game World(게임월드),"452-59번지 김천시 평화동 김천(Gimcheon) 경상북도(Gyeongsangbuk-do), 김천(Gimcheon)",36.1265880,128.1097626,jubeat;other;sdvx,,ziv
GameD Daewang Entertainment,"Jung-gu, BIFF gwangjang-ro, 18, CGV, 1층 Busan 600-046, Busan",35.0985004,129.0272901,other;taiko,,ziv
Gametopia(formerly Funnyland),"46-1, Eoulmadang-ro, Mapo-gu, Seoul Eoulmadang-ro, Mapo-gu, Seoul, Corea del Sur Seoul Mapo-gu, 04049, Seoul",37.5108833,126.9092989,chunithm;maimai_dx;other;sdvx;taiko,,ziv
GAMSTER (겜스터),"43, Meokgeori 11-gil, Dongnam-gu, Cheonan-si, Chungcheongnam-do, CheonAn City Chung-Cheong-Namdo, 31123, CheonAn City",36.8182864,127.1574676,other,,ziv
Gaos Game Center (가오스 게임장),"Daejeon, Jung-gu, Eun-hang dong 40-4, B1 Floor at Gacha Shop Daejeon 34921, Daejeon",36.3283463,127.4275002,gitadora;iidx;jubeat;maimai_dx;museca;other;popn;sdvx;taiko,,ziv
GUNSAN JOYPLAZA,"527, Daehak-ro, Gunsan-si, Jeollabuk-do",35.9481983,126.6854737,ddr;gitadora;iidx;jubeat;maimai_dx;other;popn;sdvx,,allnet;ziv
Guro Fun it Licensed by SEGA(구로 펀잇),"152, Gurojungang-ro, Guro-gu AK Plaza 5th floor, Seoul 152-050, Seoul",37.5014377,126.8825293,gitadora;other;taiko,,ziv
Hanyang Game Center (한양 게임 센터),"서울시 성동구 행당동 19-100 성동구 (Seongdong-gu) 서울 (Seoul), 성동구 (Seongdong-gu)",37.5586706,127.0405402,gitadora;iidx;jubeat;other;popn;sdvx,,ziv
Heaven of Gamer,"28 Achasan-ro 29-gil Gwangin-Gu 서울 (Seoul), Gwangin-Gu",37.5420986,127.0687602,gitadora;iidx;jubeat;nostalgia;other;popn;sdvx;taiko,,ziv
HoneyHyon Studio (허니횬 스튜디오),"319, Gajwa-ro, Eunpyeong-gu, Seoul, Republic of Korea SeminHighPark B02 Seoul 03441, Seoul",37.5958400,126.9095108,other,,ziv
HWAJUNG GAMELAND (화정 게임랜드),"경기 고양시 덕양구 화신로272번길 38 지하1층 화정동 980 Goyang-si Gyeonggi-do, 412-827, Goyang-si",37.6325694,126.8318877,chunithm;ddr;gitadora;iidx;jubeat;maimai_dx;nostalgia;other;popn;sdvx;taiko,,ziv
IZONE (아이존) Game.plex,"Cinepark (CGV 동수원) 6F 수원시 (Suwon-si) 경기도 (Gyeonggi-do), 수원시 (Suwon-si)",37.2637126,127.0322113,gitadora;other;taiko,,ziv
Jjang Entertainment Room (짱오락실 부평점),"27 Bupyeongmunhwa-ro 80beon-gil, Bupyeong-dong, Bupyeong-gu Incheon Incheon, 403-010, Incheon",37.4930491,126.7245309,iidx;jubeat;other;sdvx;taiko,,ziv
Joyplaza,"전라북도 익산시 신동 800-4 Iksan-si Jeollabuk-do, 570-976, Iksan-si",35.9601426,126.9576296,other,,ziv
JUAN CPU,"31, Michuhol-daero 734beon-gil,Michuhol-gu, Incheon",37.4630241,126.6821976,chunithm;ddr;drs;gitadora;iidx;jubeat;maimai_dx;nostalgia;other;popn;sdvx;taiko,,allnet;ziv
King Games (내포 킹게임),"2, Cheongsa-ro 174beon-gil, Hongbuk-eup, Hongseong-gun, Chungche NaePo City Chung-Cheong-Namdo, 32256, NaePo City",36.6594728,126.6790554,other,,ziv
Lotte World,"40-1 Jamsil Dong, Songpa-Gu, Seoul Songpa-gu 서울 (Seoul), Songpa-gu",37.5110831,127.0979497,other,,ziv
Millenium(밀레니엄) Game Land,"광주광역시 북구 설죽로214번길 114 Kwangju 500-070, Kwangju",35.1776762,126.9039122,iidx;jubeat;maimai_dx;other;sdvx,,ziv
mimi Arcade,"77, Sangdo-ro Dongjak-gu, Seoul, Republic of Korea Dongjak-gu Seoul, 06953, Dongjak-gu",37.4998495,126.9292687,other;taiko,,ziv
Neighborhood Sports(우리동네 예체능),"28, Gubong-ro 131beon-gil, Seo-gu, Daejeon, Republic of Korea Daejeon 35382, Daejeon",36.2976473,127.3377228,other,,ziv
Nev Pump Studio (네브펌프스튜디오),"46, Tojeong-ro 37-gil, Mapo-gu, Seoul, Republic of Korea Room 33 on B1 of Jungwoo Building Seoul 04157, Seoul",37.5425314,126.9471315,other,,ziv
Nolrowa Game Zone (놀러와 게임존),"충청남도 천안시 서북구 두정동 886-1 | Cheonan-si Chungcheongnam-do, 331-959, Cheonan-si",36.8321690,127.1354896,ddr;gitadora;iidx;jubeat;other;popn;sdvx;taiko,,ziv
NORYANGJIN AMUSETOWN,"26, Manyang-ro 14ga-gil, Dongjak-gu, Seoul",37.5127094,126.9449436,chunithm;ddr;gitadora;iidx;jubeat;maimai_dx;nostalgia;other;popn;sdvx,,allnet;ziv
O'rack Cafe,"Busan 612-020, Busan",35.1707604,129.1338593,other,,ziv
Plus Game World,"충청남도 천안시 동남구 신부동 460-2 Cheonan-si Chungcheongnam-do, 330-993, Cheonan-si",36.8181285,127.1554244,ddr;iidx;jubeat;other;popn;sdvx,,ziv
Ppokkippokki / P2 Zone,"462-1 Buil-ro Bucheon Gyeonggi-do, 420-012, Bucheon",37.4858624,126.7815078,drs;iidx;jubeat;maimai_dx;museca;nostalgia;other;popn;sdvx;taiko,,ziv
RackHyu(樂休) Game Center,"광주광역시 광산구 월계로 173-5 Gwangju 517-910, Gwangju",35.2139399,126.8443473,other,,ziv
Rodeo Game Land (로데오 게임랜드),"Yuseong gu, Gung dong 409-7 대전광역시 유성구 궁동 409-7 Daejeon 34138, Daejeon",36.3624029,127.3503203,jubeat;other;sdvx,,ziv
Rodeo Game World (로데오 게임 월드),"32 Market-ro Incheon Bupyeong-gu, 21344, Incheon",36.3859128,128.1445312,other,,ziv
ROYAL GAME,"454-1, Jungang-daero, Jung-gu, Daegu",35.8735075,128.5948787,chunithm;ddr;drs;gitadora;iidx;jubeat;maimai_dx;nostalgia;other;popn;sdvx,,allnet;ziv
SAMSEONGYO WOORI 2,"14, Samseongyo-ro 10-gil, Seongbuk-gu, Seoul",37.5873226,127.0090045,chunithm;ddr;gitadora;iidx;jubeat;maimai_dx;nostalgia;other;popn;sdvx;taiko,,allnet;ziv
Seoul Land,"경기도 과천시 막계동 159-1 과천시 (Gwacheon-si) 경기도 (Gyeonggi-do), 과천시 (Gwacheon-si)",37.4337637,127.0176226,other;taiko,,ziv
SINCHEON PPYONGPPYONG GAME LAND,"46, Baekjegobun-ro 7-gil, Songpa-gu, Seoul",37.5104780,127.0838773,chunithm;maimai_dx;other,,allnet;ziv
SingTong BangTong (싱통방통),"22, Dunji-ro, Seo-gu, Daejeon, Republic of Korea Daejeon 35230, Daejeon",36.3513695,127.3765290,other,,ziv
SpringDuck Studio (스프링덕 스튜디오),"34, Songnae-daero 74beon-gil, Wonmi-gu, Bucheon-si, Gyeonggi-do, Bucheon-si Gyeonggi-do, 14623, Bucheon-si",37.4897529,126.7559838,other,,ziv
Star Game Center (Star 청소년 오락실),"충청남도 천안시 서북구 두정동 700 Cheonan-si Chungcheongnam-do, 331-958, Cheonan-si",36.8333025,127.1332312,other,,ziv
T-nolza,"강원도 원주시 단계동 873 아트스페이스 빌딩 3층 Wonju-si Gangwon-do, 220-100, Wonju-si",37.3450001,127.9297284,jubeat;other;popn,,ziv
Taiko Labs,"104 Manyang-ro Seoul Dongjak-gu, 06913, Seoul",37.5127237,126.9447604,other;taiko,,ziv
THE BUNKER GAMEZONE,"34, Daehak-ro, Yuseong-gu, Daejeon",36.3564331,127.3430268,chunithm;ddr;drs;gitadora;iidx;jubeat;maimai_dx;nostalgia;other;popn;sdvx;taiko,,allnet;ziv
Ttudeuryeo(뚜드려) Arcade,"1st Basement Floor, 725 Buil-ro Wonmi-gu Bucheon Gyeonggi-do, 14671, Bucheon",37.4856028,126.8103147,gitadora;iidx;jubeat;museca;other;popn;sdvx,,ziv
U-STAR GAMES (유스타 게임센터),"10-7, Doanbuk-ro 93beon-gil, Seo-gu, Daejeon, Republic of Korea Daejeon 35350, Daejeon",36.3306327,127.3393080,other,,ziv
VAMS MUSIC/SPORT,"Jung-gu 28 BIFF gwangjang-ro Busan Busan 48983, Busan",33.1816360,131.0805610,other,,ziv
Woori Gamecentre (우리게임장),"24, Daemyeong-gil Jongno-gu, Seoul, Republic of Korea Jongno-gu Seoul, 03077, Jongno-gu",37.5856639,126.9902411,other,,ziv
Woori Gamecentre (우리게임장),"24, Daemyeong-gil, Jongno-gu, Seoul, Republic of Korea, Jongno-gu, Seoul, 03077",37.5833566,127.0002350,iidx,,ziv
ZZANG GAMES (짱오락실 대전둔산점),"14, Dunji-ro, Seo-gu, Daejeon, Republic of Korea 102ho Daejeon 35230, Daejeon",36.3509547,127.3760462,other,,ziv
ZZANG GAMES (짱오락실 대전점),"26, Daejong-ro 480beon-gil, Jung-gu, Daejeon, Republic of Korea Daejeon 34924, Daejeon",36.3278322,127.4280488,other,,ziv
ZZANG Oraksil (Yeongtong),"Yeongtong-gu, Suwon-si, Gyeonggi-do, Republic of Korea 30, Bandal-ro 7beon-gil Suwon Gyeonggi-do, 16704, Suwon",37.2530369,127.0749515,chunithm;jubeat;maimai_dx;other;sdvx,,ziv
ZZANG ORAKSIL HONGDAE,"69, Eoulmadang-ro, Mapo-gu, Seoul",37.5512385,126.9210941,maimai_dx;other;taiko,,allnet;ziv
게임은 동전으로(수원),"장안구 율전동 (성대점) 288-6 2층 수원시 (Suwon-si) 경기도 (Gyeonggi-do), 수원시 (Suwon-si)",37.2985803,126.9721776,jubeat;other,,ziv
게임파크 (Game Park 21) 분당점,"분당구 서현동 248-3 우성트윈프라자동관 201호 성남시 (Seongnam-si) 경기도 (Gyeonggi-do), 성남시 (Seongnam-si)",37.3862101,127.1245740,ddr;gitadora;iidx;jubeat;other;popn;sdvx;taiko,,ziv
노래야노래야 코인노래연습장 외대역점 (Noraeya Noraeya Karaoke @ HUFS),"서울특별시 동대문구 휘경로 23 지하1층 Seoul Dongdaemun-gu, 02420, Seoul",37.5955340,127.0626274,other,,ziv
다모아 게임장 (水原 ＤＡＭＯＡ（・ι・）２番★),"영통구 원천동 18-14 2층 수원시 (Suwon-si) 경기도 (Gyeonggi-do), 수원시 (Suwon-si)",37.2785206,127.0442520,jubeat;other,,ziv
동탄 CGV 점내 오락실,"반송동 메타폴리스 A블럭 3층 S05호 화성시 (Hwaseong-si) 경기도 (Gyeonggi-do), 화성시 (Hwaseong-si)",37.1958165,127.0729195,jubeat;other,,ziv
범계 게임천국,"동안구 호계동 1045-2 제일빌딩 지하 14호 안양시 (Anyang-si) 경기도 (Gyeonggi-do), 안양시 (Anyang-si)",37.3904230,126.9521076,ddr;gitadora;iidx;jubeat;other;popn;sdvx,,ziv
분당 타이토 스테이션,"분당구 서현동 248-5 코코프라자 지하1층 성남시 (Seongnam-si) 경기도 (Gyeonggi-do), 성남시 (Seongnam-si)",37.3858213,127.1240252,gitadora;iidx;jubeat;other;popn;sdvx;taiko,,ziv
삼보게임랜드(Sambo Gameland),"1F, Judies Taehwa New Building (쥬디스태화 신관) Seomyeon 부산 (Busan), Seomyeon",35.1555551,129.0584944,chunithm;ddr;drs;gitadora;iidx;jubeat;maimai_dx;other;popn;sdvx;taiko,,ziv
수원 준 게임장 / 권선동 준오락실,"권선구 권선동 1258-2호 수원시 (Suwon-si) 경기도 (Gyeonggi-do), 수원시 (Suwon-si)",37.2523709,127.0302631,gitadora;jubeat;other,,ziv
스타트랙 게임장,"수정구 신흥동 4191번지 성남시 (Seongnam-si) 경기도 (Gyeonggi-do), 성남시 (Seongnam-si)",37.4408020,127.1454684,gitadora;jubeat;other,,ziv
아주대 태경 게임장 (Taekyong),"12 Aju-ro 47beon-gil Paldal-gu, Suwon-si Gyeonggi-do, 16497, Paldal-gu, Suwon-si",37.2792039,127.0430503,gitadora;jubeat;other;sdvx,,ziv
안양 NDDR,"Anyang-si Gyeonggi-do, 431-080, Anyang-si",37.3845959,126.9588589,gitadora;other,,ziv
안양 나노게임장,"경기도 안양시 만안구 안양동 674-232호 안양시 (Anyang-si) 경기도 (Gyeonggi-do), 안양시 (Anyang-si)",37.3987624,126.9234262,jubeat;other,,ziv
오산 놀러와,"원동 770-14 비비피아빌딩1층 오산시 (Osan-si) 경기도 (Gyeonggi-do), 오산시 (Osan-si)",37.1450477,127.0710855,jubeat;other,,ziv
우리들의 놀이터 (Our Playground),"675, Dobong-ro(street) 도봉구 (Dobong-gu) 서울 (Seoul), 도봉구 (Dobong-gu)",37.6646924,127.0423552,other,,ziv
지큐브 오락실 (북수원 CGV),"장안구 조원동 893번지 북수원 패션아울렛 4층 수원시 (Suwon-si) 경기도 (Gyeonggi-do), 수원시 (Suwon-si)",37.3035105,127.0074902,jubeat;other,,ziv
짱구게임장(ZZANG GU Amusement),"8-8, Yeonseo-ro 29-gil Eunpyeong-gu, Seoul, Republic of Korea Eunpyeong-gu Seoul, 03330, Eunpyeong-gu",37.6189712,126.9196812,chunithm;ddr;drs;gitadora;iidx;jubeat;maimai_dx;nostalgia;other;popn;sdvx;taiko,,ziv
화성침공,"강원 강릉시 금학동 53-2 Gangneung-si Gangwon-do, 210-060, Gangneung-si",37.7526145,128.8942057,other,,ziv
A Laxe,"Rúa Cánovas del Castillo, 1, 36202 Vigo, Pontevedra Vigo 36202, Vigo",42.2404646,-8.7276310,other,,ziv
A.R.C.A.D.E.cat,"Esplugues de Llobregat Esplugues de Llobregat Catalunya, 08950, Esplugues de Llobregat",41.3771306,2.0891843,chunithm;ddr;drs;gitadora;iidx;jubeat;maimai_dx;museca;nostalgia;other;taiko,,ziv
ACAPA Alcàsser,"Carrer Francesc de Vinatea, 33 Alcàsser Valencia, 46290 , Alcàsser",39.3646503,-0.4484278,other,,ziv
Akiba Games,"Calle Castelldefels 14 Castellón Castellón de la Plana, 12004, Castellón",39.9919337,-0.0323582,maimai_dx;other,,ziv
Apartamentos Terralta,"44 Avenida Nicaragua Benidorm Comunidad Valenciana, 03502, Benidorm",38.5437990,-0.1417727,other,,ziv
"Arcade Events - Bulevar del Papagayo, S.L.","Rúa Panaderas, 26, 15001 A Coruña A Coruña Galicia, 15001, A Coruña",43.3728938,-8.3985275,other,,ziv
Arcade Events Nasas Nigrán,"Parque empresarial Porto do Molle, Rúa das Pontes, 2 Nigrán Pontevedra, 36350, Nigrán",42.1322913,-8.7983108,other,,ziv
Arcade Levels,"72 Calle Valencia Cuarte de Huerva Aragón, 50410, Cuarte de Huerva",41.5946275,-0.9404924,chunithm;jubeat;museca;nostalgia;other;sdvx,,ziv
Arcade Planet - Sevilla Retro,"Calle Jardín de la Isla 6 Bellavista Andalucía, 41012, Bellavista",37.3335993,-5.9696909,chunithm;ddr;drs;gitadora;iidx;jubeat;maimai_dx;museca;nostalgia;ongeki;other;popn;sdvx;taiko,,ziv
Arcade Rebirth,"Avenida de la democracia 7 Planta 6, Local 9 Madrid Madrid, 28031, Madrid",40.3844947,-3.6251181,chunithm;gitadora;iidx;jubeat;nostalgia;ongeki;other;popn;sdvx,,ziv
Arena Dorada,"1 Calle Tanausú Tías Canarias, 35510, Tías",28.9206670,-13.6568419,other,,ziv
Aroma Souvenirs,"Calle delfin Duquesa Malaga, 29692, Duquesa",36.3561824,-5.2314663,other,,ziv
Babylon Park @ Westfield Parque Sur,"CC Parque Sur, Av. de Gran Bretaña, S/N Leganés Community of Madrid, 28916, Leganés",40.3402351,-3.7365366,other,,ziv
Big Bolera Burgos,"4 Calle Soria Burgos Castilla y León, 09004, Burgos",42.3481575,-3.6912223,ddr;other,,ziv
Bolera Birles Alzira,"Calle Soberanía Nacional, 24, Alzira Comunitat Valenciana, 46600, Alzira",39.1650373,-0.4285572,other,,ziv
Bolera Strike,"3 Calle Centro Comercial Bonaire Aldaya Comunidad Valenciana, 46960, Aldaya",39.4719100,-0.4892451,other,,ziv
Bowling Bahia,"s/n Av. Los Empresarios Los Barrios Andalucía, 11379, Los Barrios",36.1896720,-5.4313257,other,,ziv
Bowling Chamartín,"Estación de Chamartín, s / n Madrid Comunidad de Madrid, 28036, Madrid",40.4718642,-3.6825112,other,,ziv
Bowling Next Level MN4 Valencia,"S/N Calle Alcalde José Puertes Shopping Mall MN4, 2nd Floor Alfafar Comunidad Valenciana, 46910, Alfafar",39.4165156,-0.3805113,ddr;other,,ziv
Bowling Sur - Parquesur,"Avenida de Gran Bretaña C.C Parquesur Leganés Comunidad de Madrid, 28916, Leganés",40.3384122,-3.7335013,other,,ziv
BrincoZone,"10 Avenida Ballonti Portugalete País Vasco, 48920, Portugalete",43.3119356,-3.0221804,other,,ziv
Camelot Park,"Av. de Julio Iglesias, 28, Nueva Andalucía, 29660 Marbella, Mála Malaga Marbella, 29660, Malaga",36.4883076,-4.9529130,other,,ziv
Centre Comercial Splau,"1093 E-90 Cornellà de Llobregat Cataluña, 08940, Cornellà de Llobregat",41.3474930,2.0778102,ddr;other,,ziv
Centro Comercial Dreams Palacio de hielo,"85 Calle de Silvano Madrid Comunidad de Madrid, 28043, Madrid",40.4631362,-3.6362019,ddr;other,,ziv
Centro Comercial Pasarela Los Cristianos,"Avenida San Francisco, 6 Los Cristianos Santa Cruz de Tenerife, 38650 , Los Cristianos",28.0528654,-16.7065971,other,,ziv
Centro Comercial Plenilunio,"Calle Aracne S/N (Poligono Industrial Las Mercedes - Barajas) 2nd Floor, in the Bowling Illusiona Madrid Madrid, Madrid",40.4464186,-3.5888809,ddr;other,,ziv
Centro Comercial Tres Aguas,"Ctra. Alcorcón a Villaviciosa S/N (Alcorcón) Madrid Madrid, Madrid",40.3520176,-3.8891724,other,,ziv
Divercanada,"340 Autopista del Mediterráneo Marbella Andalucía, 29600, Marbella",36.5222490,-4.8723319,other,,ziv
El Templo del Arcade,"Cam. de las Hormigueras, 124, Portal 4, 3º Planta, Puerta J Vallecas Madrid, 28031, Vallecas",40.3742173,-3.6440789,other,,ziv
Estrella Park Experience Marineda,"Est. Baños de Arteixo, 43 A Coruña Galicia, 15008, A Coruña",43.3432356,-8.4275865,other,,ziv
Factoria Retro,"Calle Parque de Cabañeros 3 Alcorcon Madrid, 28924, Alcorcon",40.3449782,-3.8079858,other,,ziv
Florida Park,"67 Carrer Calo Sant Josep de sa Talaia Balearic Islands, 07829, Sant Josep de sa Talaia",38.9705853,1.2839791,other,,ziv
Fun Park at Rear,"81 Carrer Calo Sant Josep de sa Talaia Balearic Islands, 07829, Sant Josep de sa Talaia",38.9704932,1.2813672,other,,ziv
Gambito Games,"61 Passeig de Pau Casals 61 43481 Platja de la Pineda Catalunya, 43481, Platja de la Pineda",41.0715888,1.1788765,other,,ziv
Gogalia Bowling,"C. Cam. Real, 514A Cartes Cantabria, 39311, Cartes",43.3223522,-4.0710352,other,,ziv
Ilusiona @ Intu Xanadú,"Calle Puerto de Navacerrada Arroyomolinos Comunidad de Madrid, 28939, Arroyomolinos",40.2998998,-3.9246930,other,,ziv
Ilusiona D'Aro Bowling,"27 Carrer Tramuntana Avinguda de s'Agaró Platja d'Aro Catalunya, 17250, Platja d'Aro",41.8060055,3.0539042,ddr;other,,ziv
Ilusiona Girobowling,"Miquel Marti i Pol, 13, 1ª planta Girona Catalunya, 17190, Girona",41.9691679,2.8091080,other,,ziv
Ilusiona Gran Turia,"Plaza de Europa, s/n Xirivella Comunidad Valenciana, 46950, Xirivella",39.4643770,-0.4139718,other,,ziv
Ilusiona Gran Via 2,"Avinguda de la Granvia de l’Hospitalet, 75 Barcelona Catalunya, 08021, Barcelona",41.3949618,2.1477379,other,,ziv
Ilusiona Heron City,"Centro Comercial y de Ocio Heron City Valencia Paterna Comunitat Valenciana, 46980, Paterna",39.5303230,-0.4422267,other,,ziv
Ilusiona Heron Diversia,"Avda. Bruselas 21 (Alcobendas) Madrid Madrid, Madrid",40.5313817,-3.6373980,ddr;other,,ziv
Ilusiona Maxbowling,"55 Retuerto Kalea Barakaldo Euskadi, 48903, Barakaldo",43.2872422,-3.0074752,ddr;other,,ziv
Ilusiona Space Zubiarte,"Leizaola lehendakariaren kalea Bilbao Euskadi, 48011, Bilbao",43.2676165,-2.9401811,other,,ziv
Isla Tortuga,"Av. de las palmeras nº 75 Granada Andalucía, 18100, Granada",37.1455572,-3.6152173,other,,ziv
Japan Weekend,"Av. de Luis Aragonés, 4, San Blas-Canillejas Madrid Madrid, 28022, Madrid",40.4359075,-3.5995731,maimai_dx;nostalgia;other;popn;sdvx;taiko,,ziv
La Bolera de Valencia,"Av. Campanar 126 Campanar Comunidad Valenciana, 44000, Campanar",39.4781273,-0.3948158,other,,ziv
La Millonaria Asociación Pinball,"Cam. de las Hormigueras, 124, Portal 4, 4º Planta, Puerta J Vallecas Madrid, 28031, Vallecas",40.3741887,-3.6441026,other,,ziv
Luna Park,"58 Carrer del Camí Ample L'Escala Catalunya, 17130, L'Escala",42.1168119,3.1362752,ddr;other,,ziv
Magic Park Lloret,"Av. Just Marlés Vilarrodona, 44-48 Lloret de Mar Girona, 17310, Lloret de Mar",41.7001624,2.8433983,ddr;other,,ziv
Mallorca Bowling,"213 Camí dels Reis Palma Illes Balears, 07011, Palma",39.5949735,2.6354212,ddr;other,,ziv
Medplaya Rio Park Hotel,"Avinguda de Múrcia, 16 Benidorm Spain, 03503, Benidorm",38.5411340,-0.1179958,other,,ziv
Megabowl & Sports Bar,"Carretera de Ojén, 29600 Marbella, Málaga Marbella 29600, Marbella",36.5145341,-4.9312240,other,,ziv
Megapark,"km11 Carretera de Jandía Antigua Canarias, 35610, Antigua",28.3859385,-13.8648419,other,,ziv
Mini Golf,"54 Avenida del Mediterráneo Benidorm Comunidad Valenciana, 03503, Benidorm",38.5358248,-0.1126194,other,,ziv
Minigolf Royal Park,"25 Carrer Cala de Bou Sant Josep de sa Talaia Balearic Islands, 07829, Sant Josep de sa Talaia",38.9672108,1.3007864,other,,ziv
Morea Bowling & Park,"Parque comercial Galaria s/n Calle U Pamplona Navarra, 31191, Pamplona",42.7829074,-1.6304706,other,,ziv
Museo Arcade Vintage,"Fábrica Rico, Carrer les Eres, 74 Ibi Comunidad Valenciana, 03440, Ibi",38.6265446,-0.5716182,other,,ziv
Museo del recreativo,"30 Calle Mariana de Carvajal y Saavedra Jaén Andalucía, 23009, Jaén",37.8164249,-3.7796080,nostalgia;other;taiko,,ziv
Museo do Videoxogo,"Rúa Aragón, 2, 36940 Cangas, Pontevedra Cangas Galicia, 36940, Cangas",42.2654320,-8.7843577,other,,ziv
New Park Bowling,"c/ Textil s/n, Centro de Ocio Parc Vallès C-58 Salida 19, 08223 G2WF+CV Tarrasa Tarrassa Catalunya, 08223, Tarrassa",41.5460055,2.0246702,other,,ziv
NewPark Baricentro,"N-150, KM 6 Baricentro Barberà del Valles 08210, Barberà del Valles",41.5082881,2.1381285,other,,ziv
Next Level Arcade Bar 2,"13 Calle de Guzmán el Bueno Madrid Comunidad de Madrid, 28015, Madrid",40.4314875,-3.7138014,gitadora;nostalgia;other,,ziv
NEXT LEVEL Bar Madrid,"4 Calle Tudescos Madrid Comunidad de Madrid, 28004, Madrid",40.4211313,-3.7059420,other,,ziv
Next Level C.C L'Aljub,"Carrer Jacarilla 7 Elche Alicante, 03205, Elche",38.2626975,-0.7215523,other,,ziv
Nextage Madrid,"Calle Arboleda 14, Nave 36 Madrid Comunidad de Madrid, 28031, Madrid",40.3859616,-3.6257565,ddr;gitadora;iidx;jubeat;maimai_dx;nostalgia;other;popn;sdvx,,ziv
NextLevel ArcadeBar Barcelona,"Plaça de Maragall 8 Barcelona Cataluña, 08041, Barcelona",41.4201632,2.1802416,other,,ziv
Oper Canarios,"Calle los Hervideros Costa Teguise Las Palmas Lanzarote , 35508, Las Palmas",29.0035351,-13.4892997,ddr;other,,ziv
OXO - Museo del Videojuego,"2 Plaza del Siglo Málaga Andalucía, 29015, Málaga",36.7214351,-4.4201031,chunithm;maimai_dx;nostalgia;other;taiko,,ziv
OXO - Museo del Videojuego (Madrid),"C. del Postigo de San Martín, 8 Madrid Madrid, 28013 , Madrid",40.4192752,-3.7058901,maimai_dx;other;taiko,,ziv
Ozone Bowling Benidorm,"22 Avenida del Mediterráneo Benidorm Comunidad Valenciana, 03503, Benidorm",38.5368148,-0.1212110,other,,ziv
Ozone Bowling Parque de la Estación,"1 Calle de Cuzco A53 Planta Alta Fuenlabrada Madrid, 28941, Fuenlabrada",40.2885367,-3.8011443,other,,ziv
Ozone Bowling Plaza Imperial,"8 Avenida Diagonal Plaza Zaragoza Aragón, 50197, Zaragoza",41.6351060,-0.9824871,other,,ziv
Ozone Bowling Plaza Éboli,"S/N Calle Pablo Picasso Pinto Madrid, 28320, Pinto",40.2401985,-3.6916335,other,,ziv
Ozone Bowling San Vicente,"94 Calle Alicante San Vicente del Raspeig Comunidad Valenciana, 03690, San Vicente del Raspeig",38.3826745,-0.5072264,other,,ziv
Ozone Bowling Torrevieja,"s/n Avenida Rosa Mazón Valero Torrevieja Comunidad Valenciana, 03184, Torrevieja",37.9892282,-0.6849979,other,,ziv
Pamadi Porto Pi,"54 Avinguda de Gabriel Roca Centro Ccial. Porto Pi Palma Illes Balears, 07015, Palma",39.5512267,2.6214623,other,,ziv
Party Play Sport,"C.Edgar Neville, 2 Pozuelo de Alarcón Madrid Madrid, 28223, Madrid",40.3952282,-3.7980482,other,,ziv
PolaPark,"Avda. Zaragoza, s/n, 03130 Santa Pola, Alicante Alicante 03130, Alicante",38.3817673,-0.4089052,other,,ziv
Retro Marcianitos asociacion cultural,"16 Calle de la Primavera Alicante (Alacant) Comunidad Valenciana, 03012, Alicante (Alacant)",38.3620500,-0.4819044,ddr;other,,ziv
Retro-Arcade Elx,"53 Carrer Mariano Perez Vives Elx Comunidad Valenciana, 03205, Elx",38.2683615,-0.7128452,iidx;other,,ziv
Salon recreativo Le Tram Marbella,"Av. Duque de Ahumada, 8, edf valdecantos, 29602 Málaga Marbella, 29602, Málaga",36.5071483,-4.8869749,ddr;other,,ziv
SolBowling Santa Cristina,"10 Avenida Santa Cristina Perillo Galicia, 15172, Perillo",43.3358424,-8.3773726,other,,ziv
Sould Park,"Praza Estación, 1 Vigo Pontevedra, 36201, Vigo",42.2355060,-8.7106215,other,,ziv
Sould Park Game,"Puerto Deportivo, P.º Marítimo Rey de España, 33, Parcela C2, 29 Fuengirola 29640, Fuengirola",36.5433419,-4.6180879,other,,ziv
Sould Park Jump Santander,"P.C. Bahía Real C. Enrique Gran, s/n Maliaño Cantabria, 39600, Maliaño",43.4259978,-3.8399470,other,,ziv
Space Ilusiona (Diagonal Mar),"3 Avinguda Diagonal Barcelona Catalunya, 08019, Barcelona",41.4098283,2.2150339,other,,ziv
SpeedPark Oasiz Torrejón,"23 Avenida Premios Nobel 28850 Torrejón de Ardoz, Madrid Comunidad de Madrid, 28850, 28850 Torrejón de Ardoz, Madrid",40.4718118,-3.4433801,other,,ziv
Takashi Land,"Vialia Centro Comercial, s/n, Distrito Centro Malaga 29002 , Malaga",36.7123124,-4.4316530,other,,ziv
Vista Al Puerto Restaurant,"64 Carrer des Caló Sant Josep de sa Talaia Balearic Islands, 07830, Sant Josep de sa Talaia",38.9707038,1.2854697,other,,ziv
ZOOO ABC Arcade 2.0,"34 Paseo de la Castellana Planta 1 Madrid Comunidad de Madrid, 28046, Madrid",40.4322592,-3.6880879,other,,ziv
Laserdome Borås/Pinballseye,"18 Bryggaregatan, Borås, Västra Götalands län, 503 38",57.7165117,12.9423168,gitadora;iidx;jubeat;museca;other;popn;sdvx,,ziv
Pixel Arcade,"Roskildevägen 25 (25A but back of the building one floor down), Malmö, Skåne län, 217 46",55.5918141,12.9865839,ddr;jubeat;nostalgia;other;popn;sdvx,,ziv
American Bowling,"Via Cantonale, Quartino, Ticino, 6572",46.1534800,8.8957600,other,,ziv
Bowling de la Praille,"Route des Jeunes 10, Carouge, Geneva, 1227",46.1796020,6.1280911,other,,ziv
Funplanet Bulle,"Route de la Pâla 126, Bulle, Canton of Fribourg, 1630",46.6050266,7.0442150,ddr,,ziv
Funplanet Villeneuve,"Route des Deux-Chênes 11, Rennaz, Vaud, 1847",46.3752410,6.9175450,other,,ziv
Gameorama,"49 Hirschengraben, Luzern, Kanton Luzern, 6003",47.0508139,8.3010292,drs;maimai_dx;other,,ziv
GamePlaza,"Badenerstrasse 569, Zürich, 8048",47.3834303,8.4953928,other,,ziv
Jungfrau Park,"100 Obere Bönigstrasse, Matten bei Interlaken, Bern, 3800",46.6819094,7.8779912,other,,ziv
Musée Suisse du Jeu,"Rue du Château 11, La Tour-de-Peilz, 1814",46.4526681,6.8547230,jubeat,,ziv
San Francisco Bowling,"via del Piano 14, Montagnola, Ticino, 6926",45.9829967,8.9168933,other,,ziv
Subarashii Manga Café,"75-77 Rue de Lyon, (Côté Avenue d'Aïre), Geneva, 1203",46.2081113,6.1257037,sdvx,,ziv
The Bowling Balexert,"21 Avenue du Pailly, Vernier, Genève, 1220",46.2188465,6.1106730,other,,ziv
The Bowling Hotel,"Rue des Fléchères 3, Signy-Avenex, Vaud, 1274",46.3966862,6.2057957,other,,ziv
XL Bowling,"50 Rue Louis-Joseph-Chevrolet, La Chaux-de-Fonds, Neuchâtel, 2300",47.0843305,6.8026634,other,,ziv
Arcade @ LIHPAO Discovery Land,"8號 Furong Road, Taichung City, 421",24.3236818,120.6955822,other,,ziv
Big City (大城市),"Zhongyang W Road Section 1 No. 98 Chungli Taoyuan County, 320, Chungli",24.9580306,121.2210202,other,,ziv
Cartoony World@Mingyao Department Store (卡通尼樂園),"No. 200 Zhongxiao E Road Sec. 4 Taipei City Da'an District, 106, Taipei City",25.0411047,121.5521601,chunithm;ddr;maimai_dx;nostalgia;other;sdvx;taiko,,ziv
CHAMELEON (CHIAYI),No.79 Wenhua Rd. East Dist. Chiayi City 600 Taiwan,23.4773433,120.4497225,chunithm;ddr;gitadora;maimai_dx;other;sdvx;taiko,,allnet;ziv
E7PLAY三多館,"335 Sanduo 1st Road, Kaohsiung City, 802",22.6214346,120.3282389,maimai_dx;other;taiko,,ziv
FamilyMart,"No. 2-1, Zhongshan Rd, Checheng Township, Pingtung County, Taiwa Checheng Township Pingtung County, ???, Checheng Township",22.0691757,120.7135462,other,,ziv
FUNBOX (Dream Mall),"Store 5F/A01, No. 789號, Zhonghua 5th Rd, Cianjhen District, Kaoh Kaohsiung City Cianjhen District, ???, Kaohsiung City",22.5954372,120.3079690,other,,ziv
FUNBOX (大魯閣新光outlet),"No. 100號, Jhongshan 2nd Rd, Cianjhen District, Kaohsiung City, T Kaohsiung City Cianjhen District, 80665, Kaohsiung City",22.5824334,120.3288478,other,,ziv
Gacha Game Station,"No. 66, Chengdu Rd Wanhua District Taipei 103, Taipei",25.0428373,121.5053344,other;taiko,,ziv
GiGO Kuang San SOGO,"17F No. 459, Section 2, Taiwan Blvd, West District Taichung City 403, Taichung City",24.1553392,120.6618386,maimai_dx;other;taiko,,ziv
GiGO LaLaport Taichung,"3F., No.700, Jinde Rd., East Dist., Taichung City 401004",24.1339393,120.6924444,chunithm;maimai_dx;other;taiko,,allnet;ziv
GiGO TIGER CITY,"B1F, NO.120, SEC.3,HENANRD.,SitunDistrict,TaichungCity",24.1643238,120.6378632,chunithm;maimai_dx;other;taiko,,allnet;ziv
H. C. Doll Empire,"12-4 Wenhua Road Taichung City 407, Taichung City",24.1763113,120.6462873,other;taiko,,ziv
HALA PLANET (NANYA),"1F,No31-5,Nanya E Rd.Banqiao Dist.New Taipei City 220053",25.0056896,121.4552970,chunithm;maimai_dx;other;sdvx;taiko,,allnet;ziv
HALA PLANET (RAOHE),"No.202, Raohe St., Songshan Dist., Taipei City 105058",25.0506930,121.5770277,chunithm;jubeat;maimai_dx;nostalgia;other;sdvx;taiko,,allnet;ziv
HALA PLANET (XIMEN),"No.11, Ln.144, Sec.1,Zhonghua Rd.Wanhua Dist., Taipei City 108",25.0436445,121.5086610,chunithm;ddr;jubeat;maimai_dx;other;popn;sdvx;taiko,,allnet;ziv
HALA Planet Fengjia (H50MGS),"269-48 Section 2, Xitun Road Taichung City Xitun District, 407, Taichung City",24.1745091,120.6442534,chunithm;ddr;iidx;jubeat;maimai_dx;other;sdvx;taiko,,ziv
HALA PLANET(TAICHUNG YIZHONG),"No.10, Taiping Rd., North Dist., Taichung City 404008, Taiwan",24.1476019,120.6859621,chunithm;ddr;gitadora;iidx;maimai_dx;other;sdvx;taiko,,allnet;ziv
Hala Planet@Gongguan (哈啦星球) First Store,"130 Roosevelt Road Section 4 Zhongzheng Taipei, 100, Zhongzheng",25.0130475,121.5357561,chunithm;gitadora;iidx;maimai_dx;nostalgia;other;popn;sdvx;taiko,,ziv
Hala Planet@Gongguan (哈啦星球) Second Store,"142 Roosevelt Road Section 4 Zhongzheng Taipei, 100, Zhongzheng",25.0128443,121.5359681,chunithm;ddr;jubeat;maimai_dx;other;taiko,,ziv
Halar Cinema (哈拉影城),"72 Kangning Road Section 3 Neihu Taipei City, 114, Neihu",25.0700753,121.6112118,jubeat;maimai_dx;other;taiko,,ziv
Huro World@Nangang (奇樂多歡樂天地),"369 Zhongxiao East Road Section 7 Nangang Taipei, 115, Nangang",25.0525280,121.6047907,maimai_dx;other;taiko,,ziv
Huro World@Sanhe (奇樂多三和店),"26 Zhongyang North Road New Taipei City Sanchong District, 241, New Taipei City",25.0642783,121.5007964,maimai_dx;other;taiko,,ziv
Huro/Kiledo World@Sanzaru Plaza (奇樂多遊戲館 三猿店),"360 Wenhua Rd. Sec. 1 B1 New Taipei City Banqiao District, 220, New Taipei City",25.0236651,121.4689127,maimai_dx;other;taiko,,ziv
INF GAME Center (無限遊戲中心),"Zhongshan Road Section 1 Lane 50 No. 22 New Taipei City Banqiao District, 220, New Taipei City",25.0086270,121.4615713,chunithm;ddr;drs;gitadora;iidx;jubeat;maimai_dx;nostalgia;other;sdvx;taiko,,ziv
Kiledo World@Syntrend (奇樂多),"2 Civic Blvd. Section 3 6F Taipei City Zhongzheng District, 100013, Taipei City",25.0448980,121.5312553,maimai_dx;other;taiko,,ziv
MAX GAME CENTER,"NO.78, SEC.2, CHONGXIN RD.,SANCHONG DIST., NEW TAIPEI CITY",25.0618105,121.4972921,chunithm;ddr;gitadora;iidx;jubeat;maimai_dx;nostalgia;other;sdvx;taiko,,allnet;ziv
New Art City@Xinsanmin (新藝城 新三民店),"Sanmin Rd. Lane 39 No.3 Taichung City Fengyuan District, 420, Taichung City",24.2534159,120.7214829,chunithm;drs;maimai_dx;other;sdvx;taiko,,ziv
NEW CITY(ZHONGLI),"11F,NO.120,SEC.1,ZHONGYANG W.RD,ZHONGLI CITY, TAOYUAN",24.9584889,121.2203631,chunithm;ddr;gitadora;iidx;jubeat;maimai_dx;nostalgia;other;popn;sdvx;taiko,,allnet;ziv
O&P Pocket YIJHONG,"1F, No.7, Zunxian St. Taichung City North Dist., 404, Taichung City",24.1485665,120.6856305,maimai_dx;other,,ziv
PLUS SEGA,"356號 Section 1, Wenhuasan Road, New Taipei City, 244",25.0702842,121.3658381,chunithm;maimai_dx;other,,ziv
Red Hat Far Eastern SOGO Zhongli Store,"357號 Yuanhua Road, Taoyuan City, 320",24.9624766,121.2236341,maimai_dx;other,,ziv
Rhythm Arena,"No. 86-1 Zhonghua 3rd Rd. Qianjin Dist. Kaohsiung City, 801, Qianjin Dist.",22.6280119,120.2965942,chunithm;ddr;drs;gitadora;iidx;jubeat;maimai_dx;nostalgia;other;popn;sdvx;taiko,,ziv
SEGA WORLD 大江,"501號 Section 2, Zhongyuan Road, Taoyuan City, 320",25.0013002,121.2287562,chunithm;maimai_dx;other,,ziv
SHIRONEKOYA Taoyuan (白喵一番屋 桃園店),"12 Chenggong Road Section 1, Wuling Village 2F Taoyuan District Taoyuan City, 330, Taoyuan District",24.9929624,121.3128162,chunithm;ddr;gitadora;iidx;jubeat;maimai_dx;nostalgia;other;sdvx;taiko,,ziv
SHIRONEKOYA 白喵一番屋 台北店,"台灣臺北市中正區黎明里南陽街50號1樓 Taipei 中正區, 100, Taipei",-13.5922922,131.4842853,other,,ziv
SHIRONEKOYA(HSINCHU),"1F., No.76, Xinyi St., East Dist., Hsinchu City 300025, Taiwan",24.8032086,120.9706468,chunithm;iidx;maimai_dx;other,,allnet;ziv
SHIRONEKOYA(TAICHUNG),"1F.,No.7,Ln. 6,Yucai St.,North Dist.,Taichung City,Taiwan",24.1502189,120.6849391,chunithm;ddr;gitadora;iidx;jubeat;maimai_dx;other;popn;sdvx;taiko,,allnet;ziv
SHIRONEKOYA(ZHONGLI),"1F., No. 575, Yanping Rd., Zhongli Dist., Taoyuan City 320061",24.9547944,121.2226280,chunithm;iidx;maimai_dx;other;sdvx;taiko,,allnet;ziv
Taiko Park 太鼓歡樂園,"No. 62, Section 2, Zhonghua E Rd, Fuqiang Village East District Tainan City, 701, East District",22.9860220,120.2318752,chunithm;maimai_dx;other;popn;sdvx;taiko,,ziv
Taroko Mall Batting Cage (大魯閣棒壘球打擊場 新時代館),"7F Taroko Mall No.186, Sec. 4, Fuxing Rd., East Dist Taiching City 401, Taiching City",24.1357687,120.6876689,maimai_dx;other,,ziv
Taroko Mall Bowling Alleys (大魯閣保齡球 新時代館),"10F Taroko Mall 186 Section 4, Fuxing Road Taichung City 401, Taichung City",24.1355606,120.6877756,other;taiko,,ziv
Taroko Sports @ Xinzhuang (大魯閣棒壘球打擊場 新莊館),"Zhongzheng Rd. No. 621 New Taipei City Xinzhuang District, 242, New Taipei City",25.0316756,121.4321423,maimai_dx;other;taiko,,ziv
TIGER 球の運動館,"497號 Huiwen Road Taichung City 408, Taichung City",24.1459790,120.6433435,chunithm;ddr;iidx;jubeat;nostalgia;other;sdvx;taiko,,ziv
Tom's World,"6 Minsheng Road Luodong Township Yilan County, 265, Luodong Township",24.6766933,121.7709019,maimai_dx;other;sdvx,,ziv
Tom's World (Chiayi Bo'ai) 湯姆熊歡樂世界 嘉義博愛店,"No. 181, Section 2, Bo'ai Rd, Houyi Village West District Chiayi City, 600, West District",23.4808742,120.4393065,maimai_dx;other,,ziv
Tom's World (E33@Hualien) 湯姆熊歡樂世界 花蓮三商店,"530 Zhongzhen Rd. Floor 4 Hualien City Hualien County, 970, Hualien City",23.9776655,121.6083822,maimai_dx;other,,ziv
Tom's World (Huilai Yuanlin Changhua) 湯姆熊歡樂世界 彰化員林惠來店,"No. 49-1, Huilai St, Huilai Village Yuanlin City Changhua County, 510, Yuanlin City",23.9552171,120.5717941,chunithm;maimai_dx;other,,ziv
Tom's World (Keelung) 湯姆熊歡樂世界 基隆東岸店,"No. 236, Rener Rd, Rende Village 3rd Floor Ren’ai District Keelung City, 200, Ren’ai District",25.1299191,121.7432999,maimai_dx;other,,ziv
Tom's World (Luna Square) 湯姆熊歡樂世界 蘭城新月店,"No. 117, Section 2, Shennong Rd, Nanmen Village Yilan City Yilan County, 260, Yilan City",24.7539161,121.7516919,chunithm;maimai_dx;other;taiko,,ziv
Tom's World (Pingtung) 湯姆熊歡樂世界 屏東真光店,"No. 62, Minsheng Rd, Qiaobei Village Pingtung City Pingtung County, 900, Pingtung City",22.6679001,120.4975051,chunithm;maimai_dx;other,,ziv
Tom's World (Shangshun Miaoli) 湯姆熊歡樂世界 苗栗尚順店,"6F., No.105, Zhongyang Rd. Toufen City Miaoli County, 35157, Toufen City",24.6881709,120.9047556,maimai_dx;other,,ziv
Tom's World (Taitung) 湯姆熊歡樂世界 台東店,"439 Section 1 Zhonghua Rd. Floor 1 Taitung City Taitung County, 95042, Taitung City",22.7530366,121.1520231,jubeat;maimai_dx;other;sdvx,,ziv
Tom's World@Carrefour Changhua Store,"2F No. 321, section 2 Jimma Rd. Changhua City Changhua Country, 500, Changhua City",24.0939072,120.5427796,maimai_dx;other;taiko,,ziv
Tom's World@Chinchin,"B1-2, 14 Beitun Road, North District Taichung City Taichung, 406, Taichung City",24.1602191,120.6921101,chunithm;gitadora;maimai_dx;other;taiko,,ziv
Tom's World@Chungyo,"8F, Building B No.161 Sanmin Road Section 3, North District Taichung City Taichung, 404335, Taichung City",24.1521919,120.6847179,maimai_dx;other;taiko,,ziv
Tom's World@Far Eastern Taoyuan Store (湯姆熊歡樂世界 桃園遠東店),"20 Zhongzheng Road 12F Taoyuan City 330, Taoyuan City",24.9898117,121.3140934,chunithm;maimai_dx;other;taiko,,ziv
Tom's World@Fengshan,"Fengshan Kaohsiung, Fengshan",22.6226220,120.3581700,chunithm;gitadora;jubeat;maimai_dx;other;popn;sdvx,,ziv
Tom's World@Hsinchu,"Hsinchu City Hsinchu County, Hsinchu City",24.8018654,120.9688497,ddr;gitadora;jubeat;other,,ziv
Tom's World@iFG Farglory Square Taichung,"10F No. 186, Section 4, Fuxing Rd. East District Taichung City, 401, East District",24.1357760,120.6870568,maimai_dx;other;taiko,,ziv
Tom's World@Jinwannian (湯姆熊歡樂世界),"70 Xining Road Wanhua Taipei, 108, Wanhua",25.0435372,121.5058748,chunithm;drs;gitadora;jubeat;maimai_dx;other;sdvx;taiko,,ziv
Tom's World@Miramar (湯姆熊歡樂世界),"22 Jingye 3rd Road 5F Zhongshan Taipei, 10491, Zhongshan",25.0830312,121.5570554,maimai_dx;other;taiko,,ziv
Tom's World@MITSUI Outlet Park Taichung Port,"2F, Indoor area No.168, Sec. 10, Taiwan Blvd Taichung City Wuqi Dist, 435, Taichung City",24.2579124,120.5199948,maimai_dx;other;taiko,,ziv
Tom's World@SHOWTIME LIVE Taichung Wenxin,"4F No. 289, Wenxin S Rd, Nantun District Taichung City 408, Taichung City",24.1300678,120.6460431,maimai_dx;other;taiko,,ziv
Tom's World@Yulong City (湯姆熊歡樂世界@新店裕隆城),"Zhongxing Road Section 3 No.70 New Taipei City Xindian District, 231, New Taipei City",24.9782002,121.5468545,maimai_dx;other;taiko,,ziv
Tom's World@Zhonghe Global Mall (湯姆熊歡樂世界@中和環球),"Zhongshan Road Section 3 No. 122 New Taipei City Zhonghe District, 235, New Taipei City",25.0078978,121.4746060,other;taiko,,ziv
Wen-ren Stationary Kingdom,"No. 290號, Hanmin Rd, Siaogang District, Kaohsiung City, Taiwan 8 Kaohsiung City Siaogang District, 81256, Kaohsiung City",22.5667089,120.3537574,other,,ziv
X50 Music Game Station (First store),"134 Wuchang Street Section 2 Wanhua Taipei, 108, Wanhua",25.0455687,121.5027896,ddr;gitadora;iidx;jubeat;other;popn;sdvx,,ziv
X50 Music Game Station (Second store),"1F., No. 10 Kangding Rd. Wanhua Dist. Taipei City, 108, Wanhua Dist.",25.0457121,121.5031269,other,,ziv
X50 Music Game Station (Zeroth store),"1F, No. 101, Section 2, Wuchang Street, Wanhua District Taipei City 108, Taipei City",25.0456902,121.5029628,maimai_dx;other,,ziv
Xiang Ding Dang (响叮噹),"239 Raohe Street Songshan Taipei, 105, Songshan",25.0509049,121.5771559,other;taiko,,ziv
力堡遊樂園,"50-1 Zhongxiao West Road Section 1 Zhongzheng Taipei, 100, Zhongzheng",25.0464581,121.5156019,chunithm;ddr;gitadora;iidx;jubeat;maimai_dx;nostalgia;other;sdvx;taiko,,ziv
大魯閣保齡球 土城館 (Taroko Bowling Alley Tucheng Branch),"FL 4, No. 152, Qingyun Rd, Tucheng District New Taipei City 236, New Taipei City",24.9833180,121.4587768,other,,ziv
夾子園 X彈珠園 萬華旗艦店,"No. 101號, Bangka Blvd Taipei Wanhua District, 108, Taipei",25.0335201,121.5010429,other;taiko,,ziv
新藝城 虎尾店,"No. 80, Xinxing Rd, Xinxing Village Huwei Township Yunlin County, 632, Huwei Township",23.7094894,120.4346129,chunithm;maimai_dx;other;taiko,,ziv
樂吉獅歡樂世界,"47號 Zhongzheng Road, Taoyuan City, 330",24.9906484,121.3125609,maimai_dx;other,,ziv
永淇樂園@Taipei City Mall,"100 Shimin Boulevard Section 1 Zhongzheng Taipei, 100, Zhongzheng",25.0496510,121.5130913,chunithm;gitadora;jubeat;maimai_dx;nostalgia;other;sdvx;taiko,,ziv
湯姆熊歡樂世界Tom's world 台南FOCUS店,"台南市中西區中山路166號9樓 Tainan 700, Tainan",22.9954887,120.2102179,maimai_dx;other;taiko,,ziv
湯姆熊高雄六合店 Tom's World,"132號 Liuhe 2nd Rd 高雄市前金區六合二路 132號 Kaohsiung Qianjin District, 801649, Kaohsiung",22.6310991,120.2959532,chunithm;ddr;drs;gitadora;maimai_dx;other;sdvx;taiko,,ziv
湯姆熊高雄六合店 Tom's World,"? Tainan City Tainan, ?, Tainan City",22.9852139,120.2312205,maimai_dx;other;taiko,,ziv
百威娛樂城,"70050 West Central District, Section 2, Minquan Rd Tainan 118, Tainan",22.9950937,120.2035215,gitadora;jubeat;maimai_dx;other;taiko,,ziv
音樂創劇 Music Game x Livehouse,"320號B3 Jianguo 2nd Rd 高雄市三民區建國二路 320號B3 Kaohsiung Sanmin District, 807, Kaohsiung",22.6395013,120.3024280,chunithm;ddr;iidx;jubeat;other;sdvx;taiko,,ziv
Amaze Me @ Asiatique the Riverfront,"2194 Charoen Krung Rd, Wat Phraya Krai Bangkok Bang Kho Laem, 10120, Bangkok",13.7043885,100.5024120,other,,ziv
BUDDYLAND Plearnary Mall,"126 242 ถ. วัชรพล Tha Raeng Bangkok Bang Khen, 10220, Bangkok",13.8578149,100.6448183,other,,ziv
Buddyland Porto Chino Mahachai,"99/120 Rama II Road Na Di , Muang Samut Sakhon Samut Sakhon, 74000, Na Di , Muang Samut Sakhon",13.5692097,100.2891769,other,,ziv
CN Wonderland Big C Future Park Rangsit,"94, Big C Zone G Floor Phahon Yothin Road Prachathipat, Thanyaburi Pathum Thani 12130, Pathum Thani",13.9911943,100.6185311,other,,ziv
CN Wonderland Big C Place Ratchadaphisek,"125 Ratchadaphisek Road Din Daeng, Din Daeng Bangkok 10400, Bangkok",13.7689023,100.5717670,maimai_dx;other,,ziv
echo Aloha and echo Fantasic IT Square Lak Si,"333 Moo 4 Kamphaeng Phet 6 Road Talat Bang Khen, Lak Si Bangkok 10210, Bangkok",13.8854439,100.5807048,other,,ziv
echo Aloha Fairy Plaza Khonkaen,"108/29 Reunjit Nai Mueang, Mueang Khon Kaen District Khon Kaen, 40000, Nai Mueang, Mueang Khon Kaen District",16.4232225,102.8340066,other,,ziv
echo Bizkids Robinson Lifestyle Thalang,"42 Thep Krasattri Road Si Sunthon, Thalang Phuket 83110, Phuket",7.9807122,98.3615757,other,,ziv
echo FairyLand Lotus's Rama 3,"172 Narathiwat ratchanakarin road Chong nonsi, Yannawa Bangkok 10120, Bangkok",13.6965422,100.5409944,other,,ziv
echo Fantasic Yes Bang Phli,"201 Moo 1 Bang Sao Thong, Bang Sao Thong Samut Prakan 10570, Samut Prakan",13.5853698,100.7941638,other,,ziv
Echo Fantastic Big C Lopburi,"2, Big C 1 2nd floor, Tha Sala Subdistrict Maung Lopburi Lopburi, 15000, Maung Lopburi",14.7943498,100.6720776,other,,ziv
echo Fantastic Jampha Shopping Mall Lamphun,"179/1 Moo 5 Wiang Yong, Mueang Lamphun Lamphun, 51000, Wiang Yong, Mueang Lamphun",18.5598479,99.0386742,other,,ziv
echo Games Major Cineplex Rangsit,"439 Phahonyothin Road Prachathipat, Thanyaburi Pathum Thani 12130, Pathum Thani",13.9868140,100.6170094,other,,ziv
ECHO GAMES(ZPELL),"PL2.3.SHP01094PRAHONYOTHINRD,PRACHATIPAT,TANYABURI,PRATHUMTHANI",13.9887697,100.6173520,chunithm;ddr;drs;gitadora;iidx;maimai_dx;other;sdvx;taiko,,allnet;ziv
echo Karaoke & Games Lotus's Bangkapi,"3109 Lat Phrao Road Khlong Chan, Bang Kapi Bangkok 10240, Bangkok",13.7677646,100.6440514,other,,ziv
"Echo Karaoke @ Sunee Shopping Centre, Ubon Ratchathani","512/8 ศูนย์การค้า ซิตี้มอลล์ Chayangkun Rd, ตำบล ในเมือง Mueang Ubon Ratchathani District Ubon Ratchathani, 34000, Mueang Ubon Ratchathani District",15.2556396,104.8490312,other,,ziv
echo Karaoke and Games Mark Four Plaza,"416 Moo 9 Phuket road Na Chak, Muang Phrae Phrae, 54000, Na Chak, Muang Phrae",18.1318735,100.1498653,maimai_dx;other,,ziv
echo Smiley Circus Big C Place Hatyai Khlong Hae,"111 Moo 19 Khlong Hae, Hat Yai Songkhla, 90110, Khlong Hae, Hat Yai",7.0380096,100.4678441,other,,ziv
echo Wonderland Lotus's Bangkruay-Sainoy,"888 Bangkruay-Sainoy Road Ban Bua Thong, Ban Bua Thong Nonthaburi 11110, Nonthaburi",13.9239851,100.4107832,other,,ziv
ECHO XPERIENCE,"3Fl,301-304,Major Sukhumvit 1221/39, Sukhumvit Rd,North Khlong",13.7214312,100.5832743,chunithm;maimai_dx;other,,allnet;ziv
echo Xperience Major Cineplex Future Park Rangsit,"94, Future Park Rangsit 3rd floor, Phahon Yothin Road Prachathipat, Thanyaburi Pathum Thani 12130, Pathum Thani",13.9898071,100.6178677,other,,ziv
EX10 MUSICPOD Central Ladprao,"1691, Central Ladprao 6th floor, Phahon Yothin Road Chatuchak, Chatuchak Bangkok 10900, Bangkok",13.8173744,100.5616147,chunithm;drs;gitadora;iidx;maimai_dx;nostalgia;other;sdvx;taiko,,ziv
EX10 MUSICPOD Market Village Suvarnabhumi,"99, 29 Debaratna Rd Bang Phli Yai, Bang Phli Samut Prakan 10540, Samut Prakan",13.6324772,100.7113271,other,,ziv
EX10(MAYA CHIANGMAI),"55/5 M.5 CHANGPHEUK ,MEANG, CHIANGMAI",18.8026933,98.9672955,chunithm;drs;gitadora;iidx;maimai_dx;other;sdvx;taiko,,allnet;ziv
EX10(MBK),"MBK CENTERBLDG.,444 PHAYATHAI RD.,PATHUM WAN BANGKOK",13.7443293,100.5299973,chunithm;ddr;drs;gitadora;iidx;maimai_dx;other;sdvx;taiko,,allnet;ziv
Fun city Bic c Nakonpathom,"754 Phet Kasem Rd, Huai Chorakhe, Mueang Nakhon Pathom District, Nakonpathom 73000, Nakonpathom",13.8123765,100.0726767,other,,ziv
Fun City Central Ayutthaya,"129/1,129/2, 129/3 Moo 3, Highway 32 Khlong Suan Phlu, Phra Nakhon Si Ayutthaya Phra Nakhon Si Ayutthaya 13000, Phra Nakhon Si Ayutthaya",14.3316537,100.6098269,other,,ziv
Fun City Central Bangna,"21/587 Bangna-Trat Road Bang Na Nuea, Bang Na Bangkok 10260, Bangkok",13.6700483,100.6351305,maimai_dx;other,,ziv
Fun City Central Chiangmai,"99/3 Super Highway Chiangmai-Lampang road. Fa Ham Muang Chiang Mai ,Chiang Mai, 50000, Fa Ham",18.8062766,99.0176022,maimai_dx;other,,ziv
Fun City Central Chiangrai,"99/9, Phahon Yothin road Rop Wiang, Mueang Chiang Rai Chiang Rai 57000, Chiang Rai",19.8867631,99.8349732,maimai_dx;other,,ziv
Fun City Central Khonkaen,"5th Floor, 99/99 Sri Chant Rd. Nai Mueang, Mueang Khon Kaen District Khonkaen, 44000, Nai Mueang, Mueang Khon Kaen District",16.4329424,102.8253932,maimai_dx;other,,ziv
Fun City Central Khonkaen Campus,"3/3 Moo. 14 Naimueang Sub-district, Mueang Khon Kaen District Khon Kaen, 40000, Naimueang Sub-district, Mueang Khon Kaen District",16.4630250,102.8307939,other,,ziv
Fun City Central Northville,"68/100, 68/919, Moo 8, Rattanathibet Road Bang Kraso , Mueang Nonthaburi Nonthaburi 11000, Nonthaburi",13.8662430,100.4973296,other,,ziv
Fun City Central Pattaya,"333/102 Moo 9 Pattaya Sai Song Rd, Bang Lamung District Chonburi 20260, Chonburi",12.9340490,100.8840171,maimai_dx;other,,ziv
Fun City Central Pinklao,"7/1 Barommaratchachonnani Road Arun Amarin, Bangkok Noi Bangkok 10700, Bangkok",13.7775416,100.4757241,maimai_dx;other,,ziv
Fun City Central Salaya,"99/19,99/20 Moo 2 Bang Toei , Sam Phran Nakhon Pathom 73210, Nakhon Pathom",13.7870597,100.2774824,gitadora;maimai_dx;other,,ziv
Fun City Central Udon,"277/1-3, Prajak Sillapakom Road Nong Na Kham, Mueang Udon Thani Udon Thani 41000, Udon Thani",17.4052231,102.7999091,gitadora;maimai_dx;other;sdvx,,ziv
Fun City Central Westgate,"199, 199/1, 199/2 Kanchanaphisek Road Sao Thong Hin, Bang Yai Nonthaburi 11140, Nonthaburi",13.8761226,100.4123435,maimai_dx;other,,ziv
Fun City Central Westville,"999 Ratchaphruek Road Maha Sawat, Bang Kruai Nonthaburi 11130, Nonthaburi",13.8046664,100.4483929,other,,ziv
FUN PAVILION @ Big C Saphan Mai,"1 Phahonyothin Rd, Anusawari Bangkok Bang Khen, 10220, Bangkok",13.8910986,100.6064603,other,,ziv
Fun Pavilion Big C Chiang Rai 2 Airport,"58 Moo 17, Phahon Yothin road Ban Du, Mueang Chiang Rai Chiang Rai 57100, Chiang Rai",19.9598706,99.8557484,other,,ziv
Fun Pavilion Big C Supercenter Chiang Mai Don Chan,"208 หมู่ที่ 3 Lampang - Chiang Mai Superhighway Chiang Mai 50000, Chiang Mai",18.7694643,99.0336237,other,,ziv
Fun Pavilion Esplanade Ngamwongwan - Khae Rai,"37, 39 Rattathibet Road Bang Kraso, Mueang Nonthaburi Nonthaburi 11000, Nonthaburi",13.8605548,100.5186213,other,,ziv
Fun Pavilion Lotus's North Ratchaphruek,"30, 17 Moo 4 Ratchaphruek Road Om Kret, Pakkret Nonthaburi 11120, Nonthaburi",13.9126402,100.4518242,other,,ziv
Fun Pavilion Lotus's Rama 2,"407 Rama 2 road Samae Dam, Bang Khun Thian Bangkok 10150, Bangkok",13.6478689,100.4191128,other,,ziv
FUN STATION @ Center One Shopping Plaza,"1 Ratchawithi Rd, Thanon Phaya Thai, Ratchathewi Bangkok 10400, Bangkok",13.7639298,100.5393112,other,,ziv
FUN STATION @ Major Ratchayothin,"1839 Phahonyothin Rd, Khwaeng Lat Yao, Khet Chatuchak Bangkok 10900, Bangkok",13.8285556,100.5684829,other,,ziv
Fun Station Big C Supercenter Bang Pakok,"278 Moo 1 Suk Sawat Road Bang Pakok, Rat Burana Bangkok 10140, Bangkok",13.6834100,100.4933076,other,,ziv
Fun Station Big C Supercenter Rama 2 Branch 1,"127 Rama II Road Samae Dam, Bang Khun Thian Bangkok, 10150, Samae Dam, Bang Khun Thian",13.6614022,100.4406781,jubeat;other,,ziv
Fun Station Zpell @ Future Park Rangsit,"94, Zpell 3rd floor, Phahon Yothin Road Prachathipat, Thanyaburi Pathum Thani 12130, Pathum Thani",13.9889951,100.6175673,other,,ziv
FUNfesta Gateway at Bang Sue,"162/1-2, 168/10 Pracha Sai 2 Road Bang Sue, Bang Sue Bangkok 10800, Bangkok",13.8054247,100.5238866,other,,ziv
G-Station Central Ramindra,"109/10 Ram Inthra Rd, Anusawari Bangkok Bang Khen, 10220, Bangkok",13.8722779,100.6019863,other;taiko,,ziv
G-Station Gateway at Bang Sue,"162, 168/10 Phibun Songkhram Fang Khwa Alley. Bang Sue, Bang Sue Bangkok 10800, Bangkok",13.8061107,100.5239459,other;taiko,,ziv
G-Station MBK Center,"444 Phayathai Road Wang Mai, Pathum Wan Bangkok, 10330, Wang Mai, Pathum Wan",13.7442885,100.5299154,other;taiko,,ziv
G-Station The Pantip at Ngamwongwan,"217,219 Ngamwongwan Road Bang Khen, Mueang Nonthaburi Nonthaburi 11000, Nonthaburi",13.8583845,100.5367638,other;taiko,,ziv
GAMESMITH,"121/2 Ratchaphruek Road Bang Ramat, Taling Chan Bangkok, 10170, Bang Ramat, Taling Chan",13.7715447,100.4433849,chunithm;iidx;maimai_dx;nostalgia;other;sdvx,,ziv
GIGA PARK Lotus's Bang Na-Trat,"14/9, Moo 13, Debaratna Road Bang Kaeo, Bang Phli Samut Prakan 10540, Samut Prakan",13.6531342,100.6789966,maimai_dx;other;taiko,,ziv
GIGA PARK Taweekit Supercenter,"273 Moo 8, Jira Road Isan, Mueang Buri Ram Buri Ram 31000, Buri Ram",14.9894677,103.0864014,other,,ziv
Hero City Cosmo Bazaar Muang Thong Thani,"3rd Floor Cosmo Bazaar, Popular 3 Road. Baan mai, Prakkret Nontaburi 11120, Nontaburi",13.9127700,100.5529104,maimai_dx;other,,ziv
Joyliday & Joymart Fashion Island,"587, 589, 589/7-9 Ram Inthra Road Khan Na Yao, Khan Na Yao Bangkok 10230, Bangkok",13.8263704,100.6788835,other,,ziv
Joyliday Central Chaengwattana,"99, 99/9 Moo 2 Chaeng Watthana Rd, Bang Talat, Pak Kret Dist Nonthaburi 11120, Nonthaburi",13.9037564,100.5275773,other,,ziv
Joyliday ICS,"168 Charoen Nakhon road. Khlong Ton Sai Khlong San Bangkok, 10600, Khlong San",13.7262622,100.5081016,other,,ziv
Joyliday Megabangna,"38, 38/1-3 , 39 Moo 6 Bangna-Trat Road Bang Kaeo Bang Phli Samut Prakan, 10540, Bang Phli",13.6478712,100.6802762,other,,ziv
Joyliday Robinson Lifestyle Samutprakan,"789 Moo 2 Sukhumvit Road Thai Ban Mai ,Mueang Samut Prakan Samut Prakan 10280, Samut Prakan",13.5840484,100.6096598,other,,ziv
Joyliday Robinson Lifestyle Srisaman,"99 Srisaman Road Baan mai ,Pakkret Nontaburi 11120, Nontaburi",13.9396163,100.5540215,other,,ziv
Joyliday The Mall Lifestore Bangkae,"518 Phet Kasem Road Bang Khae Nuea, Bangkhae Bangkok , 10160, Bangkok",13.7148707,100.4078914,drs;other,,ziv
Joyliday The Mall Lifestore Bangkapi,"3522 A Point Ladprao Road Klong Chan , Bangkapi Bangkok 10240, Bangkok",13.7649026,100.6423312,other,,ziv
Joyliday The Mall Lifestore Ngamwongwan,"30 39-50 Moo 2 Ngamwongwan Road Bang Khen, Mueang Nonthaburi Nontaburi 11000, Nontaburi",13.8551717,100.5421034,other,,ziv
Joyliday+ Central Chiangmai Airport,"9-9/1 Sanambian Road Pa Daet Muang Chiang Mai ,Chiang Mai, 50200, Pa Daet",18.7693323,98.9748695,maimai_dx;other,,ziv
Joyliday+ Central Hatyai,"1518/1 Kanjanavanich Road Kho Hong, Hat Yai Songkhla, 90110, Kho Hong, Hat Yai",6.9916143,100.4842293,other,,ziv
Joyliday+ Central Lampang,"319 Lampang - Ngao Superhighway Road, Mueang Lampang District Lampang 52100, Lampang",18.2819461,99.4956214,other,,ziv
Joyliday+ Central Mahachai,"98 Rama II Road Na Di , Muang Samut Sakhon Samut Sakhon 74000, Samut Sakhon",13.5723058,100.2888080,other,,ziv
Joyliday+ Central Rama 2,"4th Floor, 160 Central Rama 2, Rama 2 Road Samae Dam, Bang Khun Thian Bangkok 10150, Bangkok",13.6647652,100.4391163,other,,ziv
Joyliday+ Central Rama 3,"79/3 Sathu Pradit Road Chong nonsi, Yannawa Bangkok 10120, Bangkok",13.6979728,100.5376777,other,,ziv
Joyliday+ Central Rama 9,"9/9 Rama IX Road Huai Khwang, Huai Khwang Bangkok 10320, Bangkok",13.7592955,100.5663904,other,,ziv
Kid Corner Big C Chiang Rai 1,"184 หมู่ 1 เมืองเชียงราย, เชียงราย, Chang Wat Chiang Rai 57000, Mueang Chiang Rai Chang Wat Chiang Rai, 57000, Mueang Chiang Rai",19.8885388,99.8377955,other,,ziv
KIDDY LAND @ Yingcharoen Market,"651 Phahonyothin Rd, Anusawari Bangkok Bang Khen, 10220, Bangkok",13.8969258,100.6087804,other,,ziv
Kiddy Land JC MALL Nawamin,"106 Nawamin 70 Road Khlong Kum, Bueng Kum Bangkok 10230, Bangkok",13.8122589,100.6520069,other,,ziv
Kiddy Land The Street Ratchada,"139 Ratchadaphisek Road Din Daeng, Din Daeng Bangkok 10400, Bangkok",13.7702964,100.5721459,other;taiko,,ziv
Kiddy World centralwOrld,"F206 999/9 Rama I road Pathum Wan, Pathum Wan Bangkok 10330, Bangkok",13.7478579,100.5386407,other,,ziv
Let's Play Fashion Island,"587, 589, 589/7-9 Ram Inthra Road Khan Na Yao, Khan Na Yao Bangkok 10230, Bangkok",13.8265095,100.6788347,other,,ziv
Let's Play Imperial World Samrong (Formerly Metropolis.),"999, Imperial World Samrong, Sukhumvit Road Samrong Nuea, Mueang Samut Prakan Samut Prakan 10270, Samut Prakan",13.6506516,100.5961398,maimai_dx;other,,ziv
Let's Play JAS Green Village Bang Bua Thong,"90, 211 Bang Rak Phatthana, Bang Bua Thong Nonthaburi 11110, Nonthaburi",13.9087017,100.3956437,other,,ziv
Let's Play Market Village Suvarnabhumi,"99, 29 Debaratna Road Bang Phli Yai, Bang Phli Samut Prakan 10540, Samut Prakan",13.6325068,100.7113272,other,,ziv
Let's Play MBK Center,"444, Phayathai Road Wang Mai, Pathum Wan Bangkok 10330, Bangkok",13.7447741,100.5301690,ddr;drs;gitadora;iidx;maimai_dx;other;popn;sdvx,,ziv
Let's Play Robinson Chonburi,"888 Sukprayoon Road, Don Hua Lo Subdistrict, Mueang Chonburi Chonburi 20000, Chonburi",13.4063603,101.0410238,other,,ziv
Let's Play Robinson Kanchanaburi,"110 Moo 9 Bypass Kanchanaburi Road Pak Phraek, Mueang Kanchanaburi Kanchanaburi 71000, Kanchanaburi",14.0228021,99.5533721,other,,ziv
Let's Play Robinson Lifestyle Ratchaphruek,"19/11 Moo 4 Khlong khoi , Pakkret Nontaburi 11120, Nontaburi",13.9359635,100.4575005,other,,ziv
Let's Play Robinson Lifestyle Suvarnabhumi,"1/33 Lat Krabang Road Lat Krabang ,Lat Krabang Bangkok 10520, Bangkok",13.7191471,100.7252807,other,,ziv
Let's Play Seacon Square Srinakarin,"13/12 Srinagarindra Road Nong Bon, Prawet Bangkok 10250, Bangkok",13.6930205,100.6485568,other,,ziv
Let's Play Super Hero Robinson Chachoengsao,"910 Village No. 4, Bang Pakong - Chachoengsao Road Na Mueang , Mueang Chachoengsao Chachoengsao 24000, Chachoengsao",13.6681931,101.0480507,other,,ziv
Let's Play Terminal 21 Rama 3,"356 Rama III Rd Bang Khlo, Bang Kho Laem Bangkok 10120, Bangkok",13.6886226,100.5054268,other,,ziv
Let’s Play Robinson Petchaburi Floor 2,"3W7W+9J Samo Phlue, Ban Lat District, Phetchaburi 162 หมู่ที่ 1 Phet Kasem Rd, Samo Phlue, Ban Lat District, Phetc Petchaburi Samo Phlue, 76150, Petchaburi",13.0635778,99.9467332,other,,ziv
MELODY KARAOKE & FUN PAVILION @ Century The Movie Plaza,"15 Phaya Thai Rd, Thanon Phaya Thai Bangkok Ratchathewi, 10400, Bangkok",13.7616190,100.5372298,other,,ziv
Mini World JAS Green Village Kubon,"54/4 Khu Bon Road Bang Chan, Khlong Sam Wa Bangkok 10510, Bangkok",13.8554083,100.6803051,other,,ziv
Miniworld Diana Complex Shopping Center (Hat Yai),"55/3 Sripoovanart Road Hat Yai, Hat Yai Songkhla, 90110, Hat Yai, Hat Yai",6.9978492,100.4782748,other,,ziv
mitrUp SAMYAN Mitrtown,"944 Rama 4 Road Wang Mai, Pathum Wan Bangkok 10330, Bangkok",13.7344555,100.5282301,other,,ziv
Molly Fantasy Gateway Ekkamai,"982, Gateway Ekkamai 4th floor, Sukhumvit Road Phra Khanong, Khlong Toei Bangkok 10110, Bangkok",13.7184312,100.5854929,maimai_dx;other;taiko,,ziv
Molly Fantasy Passione Rayong,"554 Sukhumvit Rd, Tambon Noen Phra, Mueang Rayong District Rayong 21000, Rayong",12.6844720,101.2499053,other;taiko,,ziv
Play Tory Market Village Hua Hin,"3rd Floor Market Village Hua Hin 218 1-4, Phet Kasem Road Hua Hin, Hua Hin Prachuap Khiri Khan 77110, Prachuap Khiri Khan",12.5576549,99.9583363,maimai_dx;other,,ziv
Play Tory Market Village Rangsit,"98 Moo 2, Rangsit - Nakhon Nayok Road Bueng Yitho, Thanyaburi Pathum Thani 12130, Pathum Thani",14.0002172,100.6845651,other,,ziv
Playerbox Banthat Thong Road (Chula soi 28),"Banthat Thong Road, Chula soi 28 Wang Mai, Pathum Wan Bangkok 10330, Bangkok",13.7383950,100.5221987,maimai_dx;other,,ziv
Playerbox The Mall Lifestore Bangkae,"518 Phet Kasem Road Bang Khae Nuea, Bangkhae Bangkok 10160, Bangkok",13.7148804,100.4078799,other,,ziv
Pokipoki The Mall Lifestore Tha Phra,"129 Ratchadaphisek Road Bukkhalo, Thon Buri Bangkok 10600, Bangkok",13.7135822,100.4801585,other,,ziv
SANOOK GAMES ZONE Big C Extra Bang Yai,"9/9 Talingchan-Suphanburi Road Bangrak Pattana, Bang Bua Thong Nonthaburi 11110, Nonthaburi",13.8834622,100.4070191,other,,ziv
Skippy Land Big C Future Park Rangsit,"94 Phahonyothin Road Prachathipat, Thanyaburi Pathum Thani 12130, Pathum Thani",13.9911969,100.6185594,other,,ziv
Terminal 21 Asok Random Arcade Game,"88 Soi Sukhumvit 19, Khlong Toei Nuea, Thawi Watthana Bangkok 10110, Bangkok",13.7378270,100.5604818,other;taiko,,ziv
Wonder Planet The Mall Korat,"1242/2 Mittraphap Rd., Nai Mueang Subdistrict, Mueang Nakhon Ratchasima Nakhon Ratchasima 30000, Nakhon Ratchasima",14.9813772,102.0763129,maimai_dx;other,,ziv
Fantasyland Game Center,"Selanik Caddesi No: 18 Kizilay, Ankara, Cankaya, 06420",39.9212526,32.8554833,other,,ziv
Funlab Forum İstanbul,"Kocatepe, Paşa Cd, 34045 Bayrampaşa/İstanbul, F2, Food Court Floor, İstanbul, Bayrampaşa, 34045",41.0464919,28.8984190,other,,ziv
"""Fabryka"" mall","18 Zalaeherseh Street, Kherson, Khersons'ka oblast, 73000",46.6735215,32.6428699,other,,ziv
Apel'sin,"27 Heroiv Stalinhradu Avenue, Sevastopol, Republic of Krimea, 353484",44.5844488,33.4375442,other,,ziv
Arbuz,"65 Ulitsa Bakinskaya, Taganrog, Rostovskaya oblast', 347943",47.2763473,38.9151145,other,,ziv
Cosmo Multimall,"Vadyma Hetmana St, 6, Kyiv, Kyiv City, 02000",50.4497682,30.4414630,other,,ziv
Dinopark Entertainment centre,"3 Bjelins'koho Street, Yevpatoriya, Crimean Autonomous Republic, 65000",45.1896894,33.3710039,other,,ziv
Fantasy Town,"98 Volodymyrskyi Avenue, DEPO't center, 2nd floor, Lubny, Lubny Raion, Poltava Oblast, 37500",50.0210640,32.9831190,ddr,,ziv
FONTAN SKY center,"4 Semafornyi Lane, Odesa, Odes'ka oblast, 65000",46.4605679,30.7410322,other,,ziv
Funtura (Donetsk City Mall),"130 Artema Street, Donetsk, Donetsk Oblast, 83048",48.0306221,37.7876879,other,,ziv
Funty Land (Donets'k City Mall),"42 Postysheva Street, Donetsk, Donets'ka oblast, 83000",47.9923737,37.8052694,other,,ziv
Game Buster,"34В Stepana Bandery Avenue, EC ”Blockbuster”, 1st floor, Kyiv, Kyiv City, 04073",50.4864105,30.5198640,other,,ziv
Igrodom,"2nd floor, 25 Ulitsa Malinovskogo, Rostov, Rostovskaya oblast', 344015",47.2305964,39.6112204,other,,ziv
Lavina Mall - GALAXY Family Fun Park,"6Д Vulytsya Berkovetsʹka, Kyiv, Kyiv City, 04128",50.4956780,30.3580785,other,,ziv
Maliata Khata (Grand Plaza Mall),"67 Dmytra Yavornytskoho Avenue, Dnipropetrovs'k, Dnipropetrovs'ka oblast, 49000",48.4650753,35.0430077,other,,ziv
PlayLab (Rostov),"3th floor, 17 Prospekt Mikhaila Nagibina, Rostov, Rostovskaya oblast', 344038",47.2475899,39.7107214,other,,ziv
Safari Park (Sokol Mall),"4th floor, 25 Prospekt Stachki, Rostov-on-Don, Rostovskaya oblast', 344004",47.2106737,39.6722963,other,,ziv
SBS Megamall,"st. Uralskaya, 79/1, Krasnodar, Krasnodar Krai, 350059, Krasnodar, Krasnodar Krai, 350059",45.0344267,39.0524912,other,,ziv
Super Park V (DAFI),"Neskorenykh (Geroiv Pratsi) St. 9, Kharkiv, Kharkivska Oblast, 61000",50.0270175,36.3312714,other,,ziv
Fun City,"113 Al Maiyani Street, Abu Dhabi, Abu Dhabi, 00000",24.4964885,54.3826417,other,,ziv
Lucky 8 Arcade & Billiards,"Bloom SoHo Square Sadiyaat, Al Saadiyat Island, Abu Dhabi, 00000",24.5216516,54.4384816,other,,ziv
Sparky's,"Al Maryah St., MI10, Abu Dhabi, Al Maryah Island, 00000",24.5029503,54.3908859,other,,ziv
Sparky's Amusement Center - Khalidiya Mall,"340 Mubarak Bin Mohammed Street, Abu Dhabi, Abu Dhabi",24.4693278,54.3522833,other,,ziv
Sparky's Entertainment Center,"1241 Sheikh Rashid Bin Saeed Street, Abu Dhabi, Abu Dhabi",24.4345619,54.4124622,other,,ziv
Wanasa Land,"4 Al Asalah Street, Abu Dhabi, Abu Dhabi",24.4702798,54.3718837,other,,ziv
Xtreme Zone,"113 Al Maiyani Street, Abu Dhabi, Abu Dhabi",24.4959247,54.3832824,other,,ziv
Xtreme Zone,"Galleria New Expansion, Level 4, Al Maryah Island - Abu Dhabi -, أبو ظبي, أبو ظبي",24.5029162,54.3913527,other,,ziv
Ace Of Lanes,"2 Anchor Street, Bishops Stortford, England, CM23 3BP",51.8672052,0.1621884,ddr;other,,ziv
Acle Bridge Inn Amusements,"Acle Bridge Inn Acle Norwich Norfolk, NR13 3AS, Norwich",52.6482614,1.5682717,ddr;other,,ziv
Adventure Inside - Funtopia,"Sunken Gardens Western Esplanade Southend-on-Sea Essex, SS1 1EE, Southend-on-Sea",51.5325551,0.7145827,ddr;other,,ziv
Airport Bowl,"Bath Road Harlington Middlesex, Harlington",51.4810227,-0.4315522,other,,ziv
All Stars Sports Bowl,"17-19 Central Walk Dolphin Square Weston-Super-Mare BS23 1FF, Weston-Super-Mare",51.3453372,-2.9786763,other,,ziv
Alton Towers- Pirates Quest,"6 Wootton Lane Oakamoor England, ST10 4DB, Oakamoor",52.9896176,-1.8889832,other,,ziv
Alton Towers- X-Cite Games,"Farley Ln Alton Stoke-on-trent England, ST10 4DB, Stoke-on-trent",52.9864722,-1.8954191,ddr;other,,ziv
Amusements,"29 Main Street England, NE68 7RE",55.5812828,-1.6536931,other,,ziv
Arcade Club Blackpool,"74 Bloomfield Road Blackpool England, FY1 6JL, Blackpool",53.8041519,-3.0465826,ddr;drs;jubeat;maimai_dx;museca;nostalgia;other;sdvx;taiko,,ziv
Arcade Club Bury,"Ela Mill, Cork Street Bury England, BL9 7BW, Bury",53.5951081,-2.2838197,chunithm;ddr;drs;gitadora;iidx;jubeat;maimai_dx;museca;nostalgia;other;popn;sdvx;taiko,,ziv
Arcade Club Leeds,"2a Savins Mill Way Kirkstall Leeds England, LS5 3RP, Leeds",53.8156227,-1.6031883,ddr;drs;jubeat;maimai_dx;nostalgia;other;popn;taiko,,ziv
Arcadia Bar & Games,"120 Union Street Aberdeen AB10 1JJ, Aberdeen",57.1469385,-2.0978603,ddr;other,,ziv
Arcadian City,"The Arcadian Centre Units A101-106 Birmingham B5 4TD, Birmingham",52.4746563,-1.8958900,other,,ziv
ArCains,"31 Grafton Street Liverpool England, L8 5XE, Liverpool",53.3933865,-2.9790955,chunithm;drs;maimai_dx;other;sdvx;taiko,,ziv
Astro City,"2c Southchurch Road Southend-on-Sea Essex, SS1 2NE, Southend-on-Sea",51.5399578,0.7128145,ddr;other;popn,,ziv
Babylon Park Camden Town,"6 Castlehaven Road London England, NW1 8TH, London",51.5421205,-0.1451774,other,,ziv
Bandai Namco Cross Store Camden,"Provender Building Units 16-18 / 100-101 Stables Market Chalk Farm Road London England, NW1 8AH, London",51.5420654,-0.1470284,other,,ziv
Barnsley Bowl,"Carlton Road Barnsley Yorkshire, S71 2AZ, Barnsley",53.5738286,-1.4612366,other,,ziv
Basingstoke Superbowl,"Festival Place, Festival Way Basingstoke RG21 7BE, Basingstoke",51.2653219,-1.0856242,other,,ziv
Bayside Arcade,"2-9 Fort Terrace Bridlington East Riding of Yorkshire, YO15 2PE, Bridlington",54.0824908,-0.1865476,other,,ziv
Beach Plaza,"3 Beach Terrace Road Hunstanton Norfolk, PE36 5BQ, Hunstanton",52.9373220,0.4855900,ddr;other,,ziv
Beachcomber amusements,"3 Links Road Leven Scotland , KY8 4HR, Leven",56.1956126,-2.9918113,other,,ziv
Beachlands,"5 Sea Front Estate Hayling Island Portsmouth England, PO11 9JJ, Portsmouth",50.7834653,-0.9914749,ddr;other,,ziv
Bell's Arcade,"Ingoldmells Lincolnshire, Ingoldmells",53.2010650,0.3495991,ddr;other,,ziv
Bibby's,"370 Trunch Lane Chapel Saint Leonards Lincolnshire, PE24, Chapel Saint Leonards",53.2135350,0.3400450,other,,ziv
Bicester Leisure Centre,"Queens Avenue England, OX26",51.9010097,-1.1589181,other,,ziv
BJ's Leisure World,"Sea Lane Ingoldmells Lincolnshire, PE25 1PG, Ingoldmells",53.1933330,0.3439021,ddr;other,,ziv
Black Cat Amusements,"Towyn Road Towyn Wales, LL22 9HQ, Towyn",53.3031032,-3.5385552,ddr;other,,ziv
Blackpool Amusements,"13-19 Bank Hey Street Blackpool England, FY1 4QU, Blackpool",53.8166420,-3.0556134,other,,ziv
Blackpool Bowl,"29-37 Market St Blackpool Lancashire, FY1 1EX, Blackpool",53.8178175,-3.0556451,ddr;other,,ziv
Blackpool Pleasure Beach (Inside Park),"525 Promenade Blackpool England, FY4, Blackpool",53.7921574,-3.0552350,other,,ziv
Blackpool Pleasure Beach (Outside Park),"Promenade Blackpool England, FY4 1EZ, Blackpool",53.7927115,-3.0564362,ddr;other,,ziv
Blackpool Tower,"40a Bank Hey Street Haydon Bridge England, FY1 4RZ, Haydon Bridge",53.8161613,-3.0552456,other,,ziv
Bognor Pier,"The Pier The Esplanade Bognor Regis West Sussex, PO21 1SY, Bognor Regis",50.7813386,-0.6761205,ddr;other,,ziv
Boneyard Arcade,"180-182 Sidwelll Street Exeter Devon, EX4 6RD, Exeter",50.7258019,-3.5256082,ddr;maimai_dx;ongeki;other;sdvx,,ziv
Bournemouth Pier Amusements,"W Undercliff Promenade Bournemouth Dorset, BH2 5AA, Bournemouth",50.7162320,-1.8755521,ddr;other,,ziv
Bowl Central,"45-47 Westover Road City Centre Bournemouth, BH1 2BZ, City Centre",50.7183368,-1.8740876,other,,ziv
Bowl Central Fareham,"74 West Street England, PO16 0JN",50.8518208,-1.1784736,other,,ziv
Bowl Xtreme,"Droitwich Road Claines Worcester Worcestershire, WR3 7SN, Worcester",52.2150223,-2.2176933,other,,ziv
Brighton Pier (The Dome),"Brighton Pier Brighton Sussex, BN1 1FW, Brighton",50.8152445,-0.1370341,ddr;other,,ziv
Brighton Pier (The Palace of Fun),"Brighton Pier, Grand Junction Road Brighton Sussex, BN1 1FW, Brighton",50.8181746,-0.1367283,ddr;other,,ziv
Britannia Pier,"2 North Drive Great Yarmouth Norfolk, NR30 1ED, Great Yarmouth",52.6081688,1.7377496,other,,ziv
Britannia Pier (Retro),"2 North Drive Great Yarmouth Norfolk, NR30 1ED, Great Yarmouth",52.6080857,1.7381170,other,,ziv
Broad Farm Touring Caravan Park & Campsite,"Tower Road Fleggburgh England, NR29 3AX, Fleggburgh",52.6668920,1.6284559,other,,ziv
Broadland Sands Holiday Park,"Coast Road Corton Lowestoft Suffolk, NR32 5LG, Lowestoft",52.5255007,1.7389244,other,,ziv
Broadstairs Leisure Group,"Harbour Street Broadstairs England, CT10 1ET, Broadstairs",51.3596699,1.4437442,ddr;other,,ziv
Brookes Collectables,"7 Waterloo Road Blackpool England, FY4 1AF, Blackpool",53.7985510,-3.0552433,other,,ziv
Bubbles,"1 Warren Road Hopton England, NR31 9BN, Hopton",52.5400452,1.7320249,other,,ziv
Bugsy's Ten Pin Bowling,"17 Ethelbert Crescent Margate England, CT9 2DY, Margate",51.3914046,1.3933875,other,,ziv
Bugsy's Tenpin Bowling,"Ethelbert Crescent Margate England, CT9 2DY, Margate",51.3916714,1.3932014,ddr;other,,ziv
Butlins (Centre Stage),"1561 Bognor Regis Promenade England, PO21",50.7846913,-0.6624815,other,,ziv
Butlins (Fairground),"52 Upper Bognor Road England, PO21 1JL",50.7856579,-0.6615473,other,,ziv
Butlins (Silent Arcade),"1561 Bognor Regis Promenade Bognor Regis England, PO21, Bognor Regis",50.7848778,-0.6617332,other,,ziv
"Butlins (Skyline Pavilion, Hotshots & Studio 36)","Upper Bognor Rd Bognor Regis West Sussex, PO21 1JJ, Bognor Regis",50.7850440,-0.6628865,ddr;other,,ziv
Butlins Minehead,"Warren Road Minehead England, TA24 5SJ, Minehead",51.2075229,-3.4592315,other,,ziv
Butlins Minehead (Reds),"Warren Road England, TA24 5SH",51.2065813,-3.4582501,other,,ziv
Butlins Skegness,"Roman Bank Ingoldmells England, PE25 1NJ, Ingoldmells",53.1787938,0.3497332,other,,ziv
Bytes,"Bytes 45-47 Market Street Westhoughton Bolton, BL5 3AG, Westhoughton",53.5485918,-2.5219014,ddr;other,,ziv
Caesars Palace,"33 Marine Parade Great Yarmouth Norfolk, NR30 2EN, Great Yarmouth",52.6047612,1.7363629,ddr;other,,ziv
Cain's Amusements- Coin Castle,"35 The Promenade Leysdown-on-Sea England, ME12 4PX, Leysdown-on-Sea",51.3980047,0.9215391,other,,ziv
Cain's Amusements- Herne Bay,"123-135 Central Parade Herne Bay Kent, CT6 8SS, Herne Bay",51.3717779,1.1192402,other,,ziv
Cain's Amusements- Playtime Amusements,"21 The Promenade Leysdown-on-Sea England, ME12 4QB, Leysdown-on-Sea",51.3990111,0.9225509,other,,ziv
Cains Amusements Sheerness,"Marine Parade Sheerness England, ME12, Sheerness",51.4404203,0.7706124,other,,ziv
Caister-on-Sea Holiday Park,"Ormesby Rd Caister-on-Sea England, NR30 5NH, Caister-on-Sea",52.6564643,1.7272199,other,,ziv
Carousel,"3 Paget Rd Barry CF62 5TQ, Barry",51.3912981,-3.2761573,ddr;other,,ziv
Carousel Amusements,"10 Fore Street Newquay Cornwall, TR7 1LN, Newquay",50.4141702,-5.0867469,other,,ziv
Carousel Amusements,"196 Newport Road Hemsby Norfolk, NR29 4NN, Hemsby",52.6918841,1.6973169,ddr;other,,ziv
Carousel Amusements,"24 High Street Sheringham Norfolk, NR26 8JR, Sheringham",52.9445619,1.2118595,other,,ziv
Carousel Bar Lincoln,"287 High Street Lincoln England, LN2 1AW, Lincoln",53.2301997,-0.5399850,ddr;other,,ziv
Carousel Leeds,"117 Albion St, Leeds LS2 8DY The Light Leeds LS2 8DY, Leeds",53.8001186,-1.5450650,ddr;other,,ziv
Casino Royale,"47-48 Sandside England, YO11 1PG",54.2841892,-0.3882037,other,,ziv
Castaways Holiday Park,"13 Bacton Road Bacton England, NR12 0JA, Bacton",52.8570057,1.4710808,other,,ziv
Central Pier,"Blackpool Lancashire, Blackpool",53.8109812,-3.0560999,ddr;other,,ziv
Chatham Bowl,"67 The Pentagon Chatham Medway, ME4 4HY, Chatham",51.3811508,0.5236472,other,,ziv
Chessington World Of Adventures (Adventure Games),"224 Leatherhead Road Chessington England, KT9 2NE, Chessington",51.3486029,-0.3170163,ddr;other,,ziv
Chessington World Of Adventures (Azteca Hotel),"224 Leatherhead Road Chessington England, KT9 2NE, Chessington",51.3498717,-0.3165656,other,,ziv
Chesterfield Bowl,"Storforth Lane Chesterfield Derbyshire, S40 2TU, Chesterfield",53.2202529,-1.4234520,other,,ziv
Chief Coffee,"Turnham Green Terrace Mews London England, W4 1QU, London",51.4939957,-0.2548184,chunithm;maimai_dx;nostalgia;other;taiko,,ziv
Chill & Thrill,"53-55 Nantwich Rd Crewe Cheshire East, CW2 6AW, Crewe",53.0889324,-2.4388415,other,,ziv
CHS Frontier Amusements,"28A Le Strange Terrace Hunstanton Norfolk, PE36 5AJ, Hunstanton",52.9387267,0.4862932,other,,ziv
CineBowl,"Town Meadows Way England, ST14 8AP",52.8998639,-1.8579040,other,,ziv
Cineworld,"385 Alma Leisure Park Chesterfield Derbyshire, S40 2ED, Chesterfield",53.2282161,-1.4227897,other,,ziv
Cineworld,"Middleyard Leisure Park Guild Street Burton-On-Trent Staffordshire, DE14 1NQ, Burton-On-Trent",52.8055861,-1.6324595,other,,ziv
Cineworld - Hounslow,"5A Smithy Ln, Hounslow London TW3 1EY, London",51.4695817,-0.3626856,other,,ziv
Cineworld - Ilford,"Clements Road Ilford London, IG1 1BP, Ilford",51.5574844,0.0738654,other,,ziv
Cineworld - Wandsworth,"Southside Shopping Centre Wandsworth High Street London SW18 4TF, London",51.4541523,-0.1934060,other,,ziv
Cineworld Bradford,"The Leisure Exchange, Vicar Lane Bradford Bradford Yorkshire, BD1 5LD, Bradford",53.7915507,-1.7475128,other,,ziv
Cineworld Dundee,"2 Dayton Drive Reggane Scotland, DD2 3SQ, Reggane",56.4816585,-3.0235569,other,,ziv
Cineworld Glasgow Silverburn,"Silverburn Shopping Centre, 763 Barrhead Rd, Glasgow Glasgow Scotland, G53 6AG, Glasgow",55.8232552,-4.3430596,other,,ziv
Cineworld Newport,"Spytty Rd, Newport NP19 4QQ Newport NP19 4QQ, Newport",51.5739023,-2.9430431,other,,ziv
Cineworld Solihull,"47 Homer Rd Solihull Birmingham B913QW, Birmingham",52.4118127,-1.7791998,other,,ziv
Cineworld Yeovil,"Old Station Road Old Station Park Yeovil Somerset, BA20 1NP, Yeovil",50.9406171,-2.6249023,other,,ziv
Circus Circus,"20-21 Marine Parade Great Yarmouth Norfolk, NR30 2ES, Great Yarmouth",52.6028097,1.7359900,other,,ziv
Circus Circus Amusements,"Marine Parade Southend-on-Sea Essex, Southend-on-Sea",51.5333510,0.7170031,ddr;other,,ziv
Clacton Pier,"Pier Gap Clacton-on-Sea Essex, CO15 1QX, Clacton-on-Sea",51.7865114,1.1549196,ddr;other,,ziv
Clambers,"6 White Rock Gardens Hastings England, TN34 1LD, Hastings",50.8543363,0.5722064,other,,ziv
Claremont Pier,"47 Kirkley Cliff Road Lowestoft Suffolk, NR33 0BS, Lowestoft",52.4659458,1.7456204,other,,ziv
Clarence Pier,"Clarence Pier Clarence Esplanade Southsea Hampshire, PO5 3AA, Southsea",50.7859157,-1.1006713,ddr;other,,ziv
Clip ‘n climb Newcastle,"Units A4-A5 Benfield Business Park Benfield Road Newcastle upon Tyne England, NE6 4NQ, Newcastle upon Tyne",54.9854031,-1.5615126,ddr;other,,ziv
Clydebank Leisure Centre,"Garth Drive, Scotland, G81 1BF",55.8954446,-4.4052386,other,,ziv
Codona's and Sunset Boulevard,"101 Links Road Aberdeen Aberdeen City, AB24 5EH, Aberdeen",57.1499295,-2.0803749,other,,ziv
Cofton park holidays,"Exeter rd England, EX6 8RP",50.6121096,-3.4598041,other,,ziv
Coghurst Caravan Park,"Ivyhouse Lane Hastings England, TN35 4NX, Hastings",50.8946287,0.6016302,other,,ziv
Coin casino,"Glebe Rd, Bowness-on-Windermere, Windermere Carlisle LA23 3HQ, Carlisle",54.3624370,-2.9245285,other,,ziv
Coinless cavern,"203 Billacombe Road, England, PL9 7HG",50.3655452,-4.0838467,ddr;other,,ziv
Coney Island,"31 Foreshore Road, England, YO11 1PB",54.2824878,-0.3957913,other,,ziv
Continue Arcades: Retro Gaming Lounge,"24-26, East Street Derby Derbyshire, DE1 2AF, Derby",52.9215805,-1.4740215,ddr;other,,ziv
Continue?,"36-38 East St Taunton TA1 3LS, Taunton",51.0149797,-3.0981392,other,,ziv
Continue? Arcades,"32-34 Princess Way Swansea SA3 3AG, Swansea",51.6209076,-3.9430188,ddr;other,,ziv
Continue? Arcades,"4/6 Royal Parade Plymouth Devon, PL1 1DS, Plymouth",50.3705623,-4.1394692,other,,ziv
Continue? Chichester,"19 Southgate Chichester West Sussex, PO19 1ES, Chichester",50.8335571,-0.7801983,ddr;other,,ziv
Continue? Tenby,"White Lion St. Tenby Pembrokeshire SA70 7ES, Pembrokeshire",51.6731124,-4.7020975,ddr;other,,ziv
Coral Island,"Bonny St Blackpool FY1 5DW Blackpool Lancashire, Blackpool",53.8140519,-3.0546270,other,,ziv
Crealy Theme Park & Resort,"44 Sidmouth Road Clyst Saint Mary England, EX5 1DR, Clyst Saint Mary",50.7060951,-3.4150574,other,,ziv
Crystal Palace Amusements,"40 Fakes Road Hemsby Norfolk, NR29 4NW, Hemsby",52.6913445,1.7044676,ddr;other,,ziv
Derwent Amusements,"64-70 North Parade Matlock Bath Matlock Derbyshire, DE4 3NS, Matlock",53.1217445,-1.5610135,other,,ziv
Dimes,"11 Paget Road Barry Wales, CF62 5TQ, Barry",51.3912027,-3.2762673,other,,ziv
Disco Bowl,"1 Belward Street Nottingham Nottinghamshire, NG1 1JZ, Nottingham",52.9530113,-1.1405414,other,,ziv
Discobowl Cardiff,"Discobowl UK Cardiff Stadium Plaza Cardiff Wales, CF10 1LA, Cardiff",51.4769716,-3.1815916,other,,ziv
Discobowl Newport,"Top Floor, Friars Walk Shopping Centre, John Frost Square, Newpo Newport NP20 1EA, Newport",51.5874364,-2.9936242,other,,ziv
Downtown Amusements,"Towyn Road Towyn Conwy, LL22 9NW, Towyn",53.3053702,-3.5333572,other,,ziv
Drayton Manor Hotel,"Drayton Manor Drive Tamworth Drayton Bassett England, B78 3TW, Drayton Bassett",52.6087486,-1.7154324,other,,ziv
Drayton Manor- Neptune's Amusements,"Drayton Manor Drive Tamworth Drayton Bassett England, B78 3TW, Drayton Bassett",52.6101952,-1.7176132,other,,ziv
Dreamland Margate,"Marine Terrace Margate England, CT9 1XJ, Margate",51.3855123,1.3773581,other,,ziv
Dundonald Ice Bowl,"111 Old Dundonald Road Dundonald Antrim, BT16 1XT, Dundonald",54.5872867,-5.8185535,ddr;other,,ziv
Dunes Amusement Arcade,"1 Prince of Wales Road Cromer Norfolk, NR27 9HP, Cromer",52.9329932,1.2979430,other,,ziv
Dutchy's Tavern,"California Rd, California Great Yarmouth Norfolk, NR29 3QN, Great Yarmouth",52.6730318,1.7176117,other,,ziv
East Street Lanes,"17- 25 East Street East St Leicester England, LE1 6NB, Leicester",52.6312136,-1.1274934,other,,ziv
Eastbourne Pier,"Grand Parade Eastbourne Sussex, BN21 3EL, Eastbourne",50.7659621,0.2952796,other,,ziv
Eastchurch Holiday Centre,"Eastchurch Holiday Centre Ltd Fourth Avenue Eastchurch England, ME12 4EW, Eastchurch",51.4152165,0.8705176,ddr;other,,ziv
Electric Avenue,"16-20 Marine Parade Southend-on-Sea Essex, SS1 2EJ, Southend-on-Sea",51.5332489,0.7183613,ddr;other,,ziv
Electric Palace,"Weymouth Dorset, Weymouth",50.6084451,-2.4516719,ddr;other,,ziv
Electric Thrill,"2 Glenburn Road East Kilbride Scotland, G74 5BA, East Kilbride",55.7684910,-4.2063197,other,,ziv
Empire,"10-13 Grand Parade Skegness England, PE25 2UG, Skegness",53.1437587,0.3442669,ddr;other,,ziv
Enterprise Amusements,"59-61 Torbay Road Paignton Devon, TQ4 6AJ, Paignton",50.4353500,-3.5620222,other,,ziv
Ernie Nicholls,"Seaton Carew Hartlepool Cleveland, TS25 1BS, Hartlepool",54.6593861,-1.1874247,other,,ziv
Escape to Freight Island,"11 Baring Street Manchester England, M1 2PY, Manchester",53.4750845,-2.2275198,ddr;maimai_dx;other,,ziv
Evan's,"238 Trunch Lane Chapel Saint Leonards England, PE24 5TU, Chapel Saint Leonards",53.2134113,0.3391879,ddr;other,,ziv
Exmouth Amusements,"13 Imperial Rd Exmouth Devon, EX8 1BY, Exmouth",50.6205177,-3.4145674,other,,ziv
Fairworld Amusements,"50 Alexandra Rd Cleethorpes Lincolnshire, DN35 8LE, Cleethorpes",53.5603446,-0.0290483,other,,ziv
Fantasia,"Marine Parade Southend-on-Sea Essex, ss1 2er, Southend-on-Sea",51.5323616,0.7250869,ddr;other,,ziv
Fantasy Island,"7A Memorial Avenue Withernsea HU19 2DN, Withernsea",53.7306258,0.0334525,other,,ziv
Fantasy Island Amusements,"1-3 Eastern Esplanade Canvey Island Essex, SS8 7DN, Canvey Island",51.5124751,0.5953914,other,,ziv
Fantasy Island Ingoldmells,"Ingoldmells Lincolnshire, Ingoldmells",53.1926003,0.3476143,other,,ziv
Fantasy World,"145-147 Promenade Cleethorpes Lincolnshire, DN35 8SQ, Cleethorpes",53.5614598,-0.0283509,ddr;other,,ziv
Felixstowe Pier,"Undercliff Road West Felixstowe England, IP11 2AB, Felixstowe",51.9579894,1.3463826,other,,ziv
Fifth Avenue Amusements Arcade,"Fifth Avenue Amusements Arcade 8 Mostyn St Llandudno LL30 2PS, Llandudno",53.3219468,-3.8253504,other,,ziv
Flamingo Amusements,"1 East Beach Street Hastings Sussex, TN34 3AR, Hastings",50.8557167,0.5913855,ddr;other,,ziv
Flamingo Land,"Kirby Misperton, Malton Yorkshire IDK, Yorkshire",54.2091805,-0.8065081,other,,ziv
Fletchers Arcade,"444 Lickey Rd Cofton Hackett Birmingham England, B45 8UU, Birmingham",52.3839852,-2.0024013,other,,ziv
Flip Out Ashford,"1 Henwood Road Ashford England, TN24 8DH, Ashford",51.1509449,0.8861965,other,,ziv
Flip Out Aylesbury,"46 Friars Square Aylesbury England, HP20 2QF, Aylesbury",51.8146561,-0.8130054,other,,ziv
Flip Out Doncaster,"8 Saint Sepulchre Gate West Doncaster England, DN1 1TA, Doncaster",53.5237612,-1.1364140,other,,ziv
Folly Farm (adventure playground),"Begelly, Kilgetty SA68 0XA Kilgetty SA68 0XA, Kilgetty",51.7436792,-4.7323724,other,,ziv
Forgotten Worlds,"A735 Kilmarnock Scotland, KA3 3ES, Kilmarnock",55.6882364,-4.5285355,other,,ziv
Four Quarters,"20 Ash Avenue Elephant Park London Southwark, SE17 1GQ, London",51.4933865,-0.0951889,ddr;other,,ziv
Four Quarters,"54 Dean Street Newcastle upon Tyne England, NE1 1PG, Newcastle upon Tyne",54.9707016,-1.6101784,ddr;other,,ziv
Four Quarters East,"23 East Bay Lane E Bay Ln London England, E15 2GW, London",51.5468307,-0.0241118,other,,ziv
FreePlayCity,"ExFed 199 Eade Road London England, N4 1DN, London",51.5754211,-0.0877217,chunithm;ddr;drs;gitadora;iidx;jubeat;museca;nostalgia;ongeki;other;popn;sdvx;taiko,,ziv
Fun City Amusements,"18-22 Pier Road England, YO21 3PU",54.4893776,-0.6148273,other,,ziv
Fun Factory,"75 Towyn Road Towyn Conwy, LL22 9HQ, Towyn",53.3029908,-3.5385023,ddr;other,,ziv
Fun Factory 2,"10 Sandbank Rd, Towyn, Abergele Towyn LL22 9LB, Towyn",53.3042801,-3.5434432,other,,ziv
Fun Harbour,"10 Paget Rd, Barry Island Barry Island Glamorgan, CF62 5TQ, Barry Island",51.3907836,-3.2773490,other,,ziv
Fun Palace Arcade (Pleasure Beach),"South Beach Parade Great Yarmouth Norfolk, NR30 3EH, Great Yarmouth",52.5949344,1.7358130,ddr;other,,ziv
Fun Station,"Soar at Intu Braehead King's Inch Road Renfrew Scotland, PA4 8XQ, Renfrew",55.8801759,-4.3723077,other,,ziv
Fun Zone,"8a Dykelands Road Shadforth England, SR6 8DD, Shadforth",54.9352488,-1.3690084,other,,ziv
Funland,"12 Grand Parade England, PE25 2UH",53.1446180,0.3447752,other,,ziv
Funland,"24 - 30 Pier Road Whitby England, YO21 3PU, Whitby",54.4896142,-0.6147408,ddr;other,,ziv
Funland,"25, 27 Brunswick Square London England, WC1N 1AW, London",51.5243953,-0.1236096,ddr;iidx;jubeat;museca;other;popn;sdvx,,ziv
Funland,"Blackpool Lancashire, Blackpool",53.8124849,-3.0550454,ddr;other,,ziv
Funland Amusement Park,"The Seafront Hayling Island Hayling Island Hampshire, PO11 0AG, Hayling Island",50.7846472,-0.9887910,other,,ziv
Funland Amusements,"2 Seaview Road Saint Osyth England, CO16 8SH, Saint Osyth",51.7765383,1.0858345,ddr;other,,ziv
Funspot,"Trunch Lane Chapel Saint Leonards Lincolnshire, PE24 5TU, Chapel Saint Leonards",53.2135059,0.3392801,ddr;other,,ziv
Funspot Amusements,"44 New Rd Hornsea HU18 1PW, Hornsea",53.9131793,-0.1610902,other,,ziv
Funstation,"Unit 50C, St Stephen's Shopping Centre 110 Ferensway Hull East Riding of Yorkshire, HU2 8LN, Hull",53.7452142,-0.3482138,ddr;other,,ziv
Funstation Fountain Park,"130 Dundee Street Fountain Park Edinburgh Scotland, EH11 1AF, Edinburgh",55.9421914,-3.2165533,other,,ziv
Funstation Leeds,"The Light, Funstation Leeds Yorkshire, LS1 8LT, Leeds",53.7999334,-1.5457809,other,,ziv
Funstation Milton Keynes,"602 Marlborough Gate 602 Marlborough Gate Coffee Hall England, MK9 3XA, Coffee Hall",52.0413689,-0.7491602,other,,ziv
Funstation Nottingham,"The Cornerhouse Nottingham Nottinghamshire, NG1, Nottingham",52.9554816,-1.1504129,other,,ziv
Funstation Sheffield,"Unit 57, The Oasis Meadowhall Centre Sheffield England, S9 1EP, Sheffield",53.4145236,-1.4137928,other,,ziv
Funstation Xscape Castleford,"1a Colorado Way Colorado way Castleford England, WF10 4TA, Castleford",53.7103397,-1.3422195,other,,ziv
Funtasia,"Bay View Road Porthcawl Porthcawl Glamorgan, CF36 5NG, Porthcawl",51.4796156,-3.6834294,other,,ziv
Funtasia,"Ingoldmells Lincolnshire, Ingoldmells",53.2005188,0.3499961,ddr;other,,ziv
FunWorks,"Kiln Park Holiday Park, Marsh Rd, Tenby Tenby SA70 7RB, Tenby",51.6681836,-4.7183813,other,,ziv
Funworks (Haven - Hopton),"Hopton Holiday Village Hopton-on-Sea Great Yarmouth Norfolk, NR31 9BW, Great Yarmouth",52.5360347,1.7154991,other,,ziv
Funworks - Haven Lakeside,"Flookburgh, Grange-over-Sands Cark Lake District, LA11 7LT, Cark",54.1567205,-2.9659918,other,,ziv
Gaiety Arcade,"6-10 Pier Avenue Town Centre Essex, CO15 1QA, Town Centre",51.7881213,1.1533982,other,,ziv
Game King,"1 Pier Road Withernsea England, HU19 2JS, Withernsea",53.7301942,0.0341821,ddr;other,,ziv
Game On!,"English Gate Plaza Bothchergate Carlisle Cumbria, CA1 1RP, Carlisle",54.8910297,-2.9300558,other,,ziv
Game Vault,"50 Bridge Street Mauron England, BL1 2AL, Mauron",53.5810667,-2.4297166,other,,ziv
Gamer X Preston,"50 Ring Way Preston England, PR1 2BA, Preston",53.7605970,-2.7011093,ddr;other,,ziv
GamerX Wigan,"23 Crompton St Wigan England, WN1 1BH, Wigan",53.5465595,-2.6293293,other,,ziv
Gameshow,"12 Pier Avenue Clacton-on-Sea Essex, CO15 1QA, Clacton-on-Sea",51.7876756,1.1539118,other,,ziv
Gashapon Bandai Official Shop Brighton,"26 North Street Brighton England, BN1 1EB, Brighton",50.8227309,-0.1404143,other,,ziv
Gilly's Casino,"13B Foreshore Road Scarborough England, YO11 1PB, Scarborough",54.2834815,-0.3941721,other,,ziv
Gilly's Leisure Centre,"27 Foreshore Road Scarborough England, YO11 1PB, Scarborough",54.2831128,-0.3949258,ddr;other,,ziv
Glasgow Airport (Game Zone),"Glasgow Scotland, PA3 2ST, Glasgow",55.8687884,-4.4330592,other,,ziv
Go Bowling,"Grove Park Court Drive Dunstable LU5 4JD, Dunstable",51.8913219,-0.5203808,other,,ziv
Go Rogue,"78 Palmerston Rd Portsmouth Southsea, PO5 3PT, Portsmouth",50.7844742,-1.0889903,ddr;other,,ziv
Gold rush,"35 Eastern Esplanade, Canvey Island SS8 7DN Canvey Island Essex, Ss8 7DN, Canvey Island",51.5127755,0.5976337,ddr;other,,ziv
Gold Rush,"35 Marine Parade Great Yarmouth Norfolk, NR30 2EN, Great Yarmouth",52.6051163,1.7363441,other,,ziv
Golden Bowls,"Woolacombe Station Rd, Woolacombe EX34 7HW Woolacombe EX34 7HW, Woolacombe",51.1713722,-4.1750860,other,,ziv
Golden Horseshoe,"Clarence Pier Clarence Esplanade Southsea Hampshire, PO5 3AA, Southsea",50.7854239,-1.1004138,other,,ziv
Golden Mile Amusements,"Promenade England, FY1 5AA",53.8135515,-3.0550146,other,,ziv
Golden Nugget Amusements,"17-23 Marine Parade Great Yarmouth Norfolk, NR30 2ES, Great Yarmouth",52.6031379,1.7361544,other,,ziv
Golden Palms,"1-9 Cary Parade Torquay Devon, TQ2 5EX, Torquay",50.4617831,-3.5266180,ddr;other,,ziv
Golden Palms,"South Road Chapel Saint Leonards Lincolnshire, PE24 5TR, Chapel Saint Leonards",53.2163912,0.3350014,ddr;other,,ziv
Golden Sands,"7 New St. Cromer Norfolk, NR27 9HP, Cromer",52.9324251,1.2995033,other,,ziv
Goldengate Amusements,"23-29 Regent Street Weston-super-Mare BS23 1SF, Weston-super-Mare",51.3477681,-2.9803607,other,,ziv
Golf Fang,"157 Huntingdon St Nottingham NG1 3NL, Nottingham",52.9582254,-1.1457824,other,,ziv
Golf Fang Cardiff,"Mary Ann St, Cardiff Wales, CF10 2EN, Cardiff",51.4784329,-3.1734288,other,,ziv
Grahams Arcade,"Kings Road Arches Brighton Sussex, BN2 1TW, Brighton",50.8192489,-0.1374577,ddr;other,,ziv
Grand Casino,"37 Western Promenade Road Penzance England, TR18, Penzance",50.1136518,-5.5395551,other,,ziv
Grand Pier,"Marine Parade Weston-super-Mare Somerset, BS23 1AL, Weston-super-Mare",51.3477839,-2.9863281,other,,ziv
Grantham Bowl,"Grantham Bowl Dysart Road Grantham Lincolnshire, NG31 7LE, Grantham",52.9100037,-0.6527046,other,,ziv
Gravity Arcade Bluewater,"Bluewater Shopping Centre Bluewater Pkwy Dartford Kent, DA9 9ST, Dartford",51.4389384,0.2723380,other,,ziv
Gravity MAX (Liverpool),"Chevasse Park 4-6 South John Street Liverpool England, L1 8BJ, Liverpool",53.4049211,-2.9882254,other,,ziv
Gravity MAX (Wandsworth),"82A Wandsworth High Street London England, SW18 4LB, London",51.4570486,-0.1940862,other,,ziv
Gravity MAX Westfield Stratford,"Chestnut Plaza Westfield Avenue Stratford London, E20 1EJ, Stratford",51.5420681,-0.0086045,other,,ziv
Gray's Amusements,"12 High St Sheringham Norfolk, NR26 8JR, Sheringham",52.9448237,1.2119825,other,,ziv
Gray's Amusements,"8 Beach Road Mundesley Norfolk, NR11 8BG, Mundesley",52.8779075,1.4375352,other,,ziv
Gutterball Alley,"Rotary Way North Shields England, NE29 6DA, North Shields",54.9962846,-1.4626913,other,,ziv
Gutterball Edinburgh Ocean Terminal,"98 Ocean Drive Leith Edinburgh Scotland, EH6 6JJ, Edinburgh",55.9807919,-3.1773488,ddr;other,,ziv
Gutterball Lincoln,"311-312 High St Lincoln LN5 7DZ, Lincoln",53.2279060,-0.5407273,other,,ziv
Haggerston castle arcade,"Haggerston Castle Holiday Park Berwick-upon-Tweed England, TD15 2RW, Berwick-upon-Tweed",55.7161440,-1.9215445,other,,ziv
Happidrome,"52 Marine Parade Southend-on-Sea Essex, SS1 2EN, Southend-on-Sea",51.5329539,0.7225576,ddr;other,,ziv
Happy Dayz,"Blackpool Lancashire, Blackpool",53.8116163,-3.0547600,other,,ziv
Happyland Amusements,"West Undercliff Promenade Bournemouth Bournemouth, BH2, Bournemouth",50.7153896,-1.8790159,other,,ziv
Harbour Amusements,"Wharf Road St Ives St Ives Cornwall, TR26 1LF, St Ives",50.2137938,-5.4799703,ddr;other,,ziv
Harbour Lights Amusements,"Queen’s Terrace Fleetwood Lancashire, Fleetwood",53.9267572,-3.0060932,ddr;other,,ziv
Harbour Park,"Littlehampton West Sussex, Littlehampton",50.8038101,-0.5410943,other,,ziv
Harrisons Amusements,"9-10 Piermont Place Dawlish England, EX7 9PH, Dawlish",50.5807007,-3.4661436,other,,ziv
Harry's Amusements,"87-88 The Esplanade Weymouth Dorset, DT4 7AT, Weymouth",50.6132759,-2.4536151,other,,ziv
Haven Cala Gran,"Fleetwood Road England, FY7 8JY",53.8976070,-3.0197331,other,,ziv
Haven Craig Tara Holiday Park,"Dunure Rd Ayr KA7 4LB, Ayr",55.4295127,-4.6856206,other,,ziv
Haven Doniford Bay,"Sea Lane Doniford England, TA23 0TH, Doniford",51.1771372,-3.3027736,other,,ziv
Haven Golden Sands - Funworks Amusements,"Haven Golden Sands Quebec Rd Mablethorpe LN12 1QJ, Mablethorpe",53.3559786,0.2475465,other,,ziv
Haven Primrose Valley,"520 Moor Road Primrose Valley England, YO14 9QQ, Primrose Valley",54.1826206,-0.2920586,other,,ziv
Haven Skegness Holiday Park,"Richmond Drive Skegness England, PE25 3TQ, Skegness",53.1364373,0.3301051,other,,ziv
Haven The Orchards,"365 Point Clear Road Saint Osyth England, CO16 8NT, Saint Osyth",51.7951899,1.0319193,other,,ziv
Haven Thornwick Bay,"3 South Sea Road Flamborough England, YO15 1AU, Flamborough",54.1258794,-0.1179746,other,,ziv
Haven Wild Duck Holiday Park,"Howard's Common Belton Norfolk, NR31 9NE, Belton",52.5637646,1.6490221,other,,ziv
Henry Marshalls Leisure,"37 Foreshore Road Scarborough England, YO11 1PB, Scarborough",54.2838671,-0.3930530,other,,ziv
Hermanus Holidays,"Hermanus Drive Winterton-on-Sea England, NR29 4BP, Winterton-on-Sea",52.7138692,1.6955389,other,,ziv
Hi Tide,"80 Mackworth Road Porthcawl Wales, CF36 5BT, Porthcawl",51.4788870,-3.6943640,ddr;other,,ziv
High Score Andover,"Unit 16-18 Chantry Centre Chantry St Andover SP10 1RL, Andover",51.2090074,-1.4800222,other,,ziv
High Score Arcade Newport,"Chartist Tower Upper Dock Street Newport Wales, NP20 1DY, Newport",51.5875814,-2.9952147,ddr;other,,ziv
High Score Bracknell,"The Lexicon 20 Princess Square Bracknell RG12 1LS, Bracknell",51.4147556,-0.7512169,other,,ziv
High Score Farnborough,"9 Kingsmead Unit 29 Farnborough England, GU14 7SL, Farnborough",51.2915999,-0.7543766,ddr;drs;other,,ziv
High Score Newbury,"25 Cheap Street, England, RG14 5DB",51.3996899,-1.3229520,ddr;other,,ziv
High Score Poole,"Dolphin Centre, Poole Poole BH15 1SS, Poole",50.7174249,-1.9798244,ddr;other,,ziv
High Score Southampton,"103 East Street Southampton Hampshire, SO14 3HH, Southampton",50.9016458,-1.4013308,ddr;drs;other;popn,,ziv
High Score Swindon,"The Plaza 29a Brunel Centre Swindon SN1 1LF, Swindon",51.5609495,-1.7855759,ddr;other,,ziv
High Score Worcester,"Friary Walk Shopping Centre (Formally known as Crowngate) Worc Worcester west midlands, WR1 3LE, Worcester",52.1929788,-2.2233011,ddr;other,,ziv
Hilton Coylumbridge Fun House,"B970 Coylunbridge Scotland, PH22 1QN, Coylunbridge",57.1746965,-3.8051319,other,,ziv
HMV Newcastle Upon Tyne,"Unit 2B, Blackettbridge Eldon Square Shopping Centre Newcastle Upon Tyne NE1 7XJ , Newcastle Upon Tyne",54.9741347,-1.6164547,other,,ziv
Holdsworth Amusements,"7-11 The Beach Road Filey England, YO14 9LF, Filey",54.2121586,-0.2818570,ddr;other,,ziv
Hollywood Bowl,"382 Poole Rd Poole Dorset, BH12 1DA, Poole",50.7264125,-1.9170248,other,,ziv
Hollywood Bowl,"Bentley Bridge Way Wednesfield Wolverhampton West Midlands, WV11 1BP, Wolverhampton",52.5954628,-2.0922732,other,,ziv
Hollywood Bowl,"Broadway Plaza 220 Ladywood Middleway Birmingham West Midlands, B16 8LP, Birmingham",52.4738998,-1.9224100,other,,ziv
Hollywood Bowl,"Leisure Unit 2, 16 Whimbrel Place Fife Leisure Park Dunfermline Fife, KY11 8EX, Dunfermline",56.0794951,-3.3970658,other,,ziv
Hollywood Bowl,"Leisure@Cwmbran Glyndwr Road Cwmbran Torfaen, NP44 1QS, Cwmbran",51.6548670,-3.0193017,other,,ziv
Hollywood Bowl,"Marina Way Brighton Marina Brighton Sussex, BN2 5UT, Brighton",50.8122127,-0.1059097,other,,ziv
Hollywood Bowl,"Ozone Leisure Park Grenoble Road Oxford Oxfordshire, OX4 4XP, Oxford",51.7168442,-1.2116290,other,,ziv
Hollywood Bowl,"Riverside Park Norwich Norwich Norfolk, NR1 1WZ, Norwich",52.6257527,1.3047489,other,,ziv
Hollywood Bowl,"Tower Park Leisure Complex Poole Dorset, BH12 4NY, Poole",50.7464316,-1.9517291,other,,ziv
Hollywood Bowl - Springfield Quay,"Parkholm Lane 1-39 Springfield Quay Glasgow Scotland, G5 8RR, Glasgow",55.8543732,-4.2750863,other,,ziv
Hollywood Bowl Ashford,"43 Station Road Ashford England, TN23 1PP, Ashford",51.1481182,0.8757734,other,,ziv
Hollywood Bowl Ashford,"43/79 Station Road Ashford Kent, TN23 1PP, Ashford",51.1476974,0.8758451,other,,ziv
Hollywood Bowl at the O2,"1 Peninsula Square London England, SE10 0DX, London",51.5041822,0.0038188,other,,ziv
Hollywood Bowl Basildon,"Festival Way Festival Leisure Park Basildon Essex, SS14 3WB, Basildon",51.5851517,0.4640356,other,,ziv
Hollywood Bowl Bolton,"Middlebrook Leisure Park The Linkway, Horwich Bolton Greater Manchester, BL6 6JA, Bolton",53.5831173,-2.5362556,other,,ziv
Hollywood Bowl Bracknell,"The Point Skimped Hill Lane Bracknell Berkshire, RG12 1EN, Bracknell",51.4147849,-0.7546341,other,,ziv
Hollywood Bowl Bradford,"The Leisure Exchange Vicar Lane Bradford Yorkshire, BD1 5LD, Bradford",53.7911908,-1.7465220,other,,ziv
Hollywood Bowl Bristol Longwell Green,"Aspects Leisure Park Longwell Green Bristol England, BS15 9LA, Bristol",51.4500398,-2.4976858,other,,ziv
Hollywood Bowl Bury,"11 Rock Place Bury Greater Manchester, BL9 0JX, Bury",53.5944712,-2.2918020,other,,ziv
Hollywood Bowl Cardiff,"The Red Dragon Centre, Hemingway Road, Cardiff, Cardiff, CF10 4JY",51.4668110,-3.1636024,other,,ziv
Hollywood Bowl Cardiff Bay,"The Red Dragon Centre Hemingway Road Cardiff Cardiff, CF10 4JY, Cardiff",51.4668110,-3.1636024,other,,ziv
Hollywood Bowl Cardiff St David’s,"3-6 Hills St, St Davids Centre, Cardiff CF10 2LE Cardiff CF10 2LE, Cardiff",51.4798662,-3.1744426,other,,ziv
Hollywood Bowl Carlisle,"Currock Road Carlisle Cumbria, CA2 4AS, Carlisle",54.8846235,-2.9310708,other,,ziv
Hollywood Bowl Cheltenham,"The Brewery Quarter Henrietta St Cheltenham England, GL50 4FA, Cheltenham",51.9032752,-2.0765153,other,,ziv
Hollywood Bowl Colchester,"Northern Gateway Leisure Park United Way Colchester CO4 5UP, Colchester",51.9234181,0.9007728,other,,ziv
Hollywood Bowl Crawley,"Crawley Leisure Park London Road Crawley West Sussex, RH10 8LR, Crawley",51.1210736,-0.1903005,other,,ziv
Hollywood Bowl Cribbs Causeway,"The Venue Merlin Road Bristol Avon, BS10 7SR, Bristol",51.5230616,-2.6027813,other,,ziv
Hollywood Bowl Dagenham,"Ripple Road Dagenham Greater London, RM9 6XW, Dagenham",51.5322087,0.1365702,other,,ziv
Hollywood Bowl Derby,"Derbion (Floor 3) London Road Derby England, DE1 2PL, Derby",52.9192939,-1.4727339,other,,ziv
Hollywood Bowl Eastleigh,"Swan Centre Eastleigh Hampshire, SO50 5SF, Eastleigh",50.9665545,-1.3516467,other,,ziv
Hollywood Bowl Finchley,"Great North Leisure Park Chaplin Square Finchley London, N12 0GL, Finchley",51.6038306,-0.1727269,other,,ziv
Hollywood Bowl Glasgow,"Showcase Leisure Park Barrbridge Road Glasgow Glasgow, G69 7TZ, Glasgow",55.8484294,-4.0640912,other,,ziv
Hollywood Bowl High Wycombe,"15-17 Newlands Meadow Denmark Street High Wycombe England, HP11 2BZ, High Wycombe",51.6303890,-0.7567488,other,,ziv
Hollywood Bowl Hull,"Kingswood Leisure Park Gibraltar Road Hull Yorkshire, HU7 3DB, Hull",53.7912560,-0.3544916,other,,ziv
Hollywood Bowl Lakeside,"West Thurrock Way Underriver England, RM20 2ZP, Underriver",51.4882013,0.2825462,other,,ziv
Hollywood Bowl Leeds,"3 Cardigan Fields Road Kirkstall Road Leeds Yorkshire, LS4 2DG, Leeds",53.8038031,-1.5820205,other,,ziv
Hollywood Bowl Leicester,"Meridian Leisure Park Braunstone Leicester Leicestershire, LE19 1JZ, Leicester",52.6144840,-1.1871624,other,,ziv
Hollywood Bowl Lincoln,"Washingborough Road Lincoln Lincolnshire, LN4 1EF, Lincoln",53.2206027,-0.5171277,other,,ziv
Hollywood Bowl Liverpool,"Edge Lane Retail Park Edge Lane Liverpool Merseyside, L13 1EW, Liverpool",53.4081102,-2.9237615,other,,ziv
Hollywood Bowl Manchester,"Ashton Moss Leisure Park Fold Way Manchester Greater Manchester, OL7 0PG, Manchester",53.4890363,-2.1115789,other,,ziv
Hollywood Bowl Merry Hill,"Unit U100 Merry Hill Birmingham England, DY5 1QX, Birmingham",52.4795978,-2.1108797,other,,ziv
Hollywood Bowl Peterborough,"Sturrock Way Brelton Peterborough Cambridgeshire, PE3 8YF, Peterborough",52.5988995,-0.2705214,other,,ziv
Hollywood Bowl Portsmouth,"Gunwharf Quays Portsmouth Hampshire, PO1 3TN, Portsmouth",50.7963196,-1.1077523,other,,ziv
Hollywood Bowl Preston,"Animate Tenterfield St Preston PR1 2BL, Preston",53.7607314,-2.7004051,other,,ziv
Hollywood Bowl Reading,"Unit R24, Lower Mall, The Oracle Reading Berkshire, RG1 2AS, Reading",51.4529088,-0.9718099,other,,ziv
Hollywood Bowl Resorts World Birmingham,"Pendigo Way Marston Green England, B40 1PU, Marston Green",52.4481166,-1.7177816,other,,ziv
Hollywood Bowl Rubery,"Birmingham Great Park Rubery Birmingham West Midlands, B45 9WA, Birmingham",52.3994044,-2.0058149,other,,ziv
Hollywood Bowl Sheffield,"Valley Centertainment Broughton Lane Sheffield Yorkshire, S9 2EP, Sheffield",53.4017224,-1.4135027,other,,ziv
Hollywood Bowl Shrewsbury,"Brixton Way Harlescott Shrewsbury Shropshire, SY1 3AZ, Shrewsbury",52.7372401,-2.7297807,other,,ziv
Hollywood Bowl Southampton,"Hollywood Bowl Southampton, Harbour Parade, Westquay Southampton SO15 1DE, Southampton",50.9020382,-1.4077090,other,,ziv
Hollywood Bowl Speke,"New Mersey Shopping Park 516 Speke Road Speke England, L24 8QB, Speke",53.3502340,-2.8807572,other,,ziv
Hollywood Bowl Stevenage,"9 Fulton Close Six Hills Way Stevenage Hertfordshire, SG1 2AF, Stevenage",51.9007337,-0.2102117,other,,ziv
Hollywood Bowl Stirling,"Forth Street Riverside Stirling Stirlingshire, FK8 1UE, Stirling",56.1227552,-3.9355084,other,,ziv
Hollywood Bowl Stockton,"Teesside Leisure Park Stockton-on-Tees Cleveland, TS17 7BU, Stockton-on-Tees",54.5601760,-1.2738242,other,,ziv
Hollywood Bowl Taunton,"Heron Gate Heron Way Taunton Somerset, TA1 2LP, Taunton",51.0235751,-3.0664173,other,,ziv
Hollywood Bowl Tolworth,"Charrington Bowl Kingston Road Surbiton London, KT5 9PB, Surbiton",51.3778084,-0.2804604,other,,ziv
Hollywood Bowl Torquay,"Torwood Street Torquay Devon, TQ1 1DZ, Torquay",50.4612369,-3.5209895,other,,ziv
Hollywood Bowl Tunbridge Wells,"Knights Park Longfield Rd Royal Tunbridge Wells Kent, TN2 3UW, Royal Tunbridge Wells",51.1531158,0.2970123,other,,ziv
Hollywood Bowl Uxbridge,"Ground Floor, The Chimes Shopping Centre Uxbridge Middlesex, UB8 1LA, Uxbridge",51.5451190,-0.4755262,other,,ziv
Hollywood Bowl Washington,"Unnamed Road Washington England, NE38 7RZ, Washington",54.8996428,-1.5310101,other,,ziv
Hollywood Bowl Watford,"Woodside Leisure Park North Orbital Road, Garston Watford London, WD25 7JZ, Watford",51.6926342,-0.3945192,other,,ziv
Hollywood Bowl Watford Atria,"318, The Harlequin atria Watford England, WD17 2AU, Watford",51.6560145,-0.3965188,other,,ziv
Hollywood Bowl Wellingborough,"Victoria Retail Park Wellingborough Northamptonshire, NN8 2EF, Wellingborough",52.2903146,-0.6864799,other,,ziv
Hollywood Bowl Wigan,"Miry Lane Wigan England, WN3, Wigan",53.5432781,-2.6383617,other,,ziv
Hollywood Bowl Worthing,"Marine Parade Worthing West Sussex, BN11 3PZ, Worthing",50.8093462,-0.3739068,other,,ziv
Hollywood Bowl Xscape Milton Keynes,"602 Marlborough Gate Milton Keynes England, MK9 3XA, Milton Keynes",52.0409348,-0.7494210,other,,ziv
House of Games (Center Parcs Elveden Forest),"Elveden Suffolk Brandon Suffolk, Brandon",52.3927202,0.6425600,other,,ziv
Hunstanton Pier,"Cliff Parade Hunstanton Norfolk, PE36 5AH, Hunstanton",52.9398195,0.4861445,other,,ziv
iFun Family Entertainment Centre,"137-140 Central Parade Herne Bay Kent, CT6 8SS, Herne Bay",51.3716280,1.1176845,other,,ziv
Insanity Gaming Arcade Newton Abbot,"Unit 3, Olympus Business Park, Newton Abbot Devon, TQ12 2SN, Newton Abbot",50.5349498,-3.6007449,ddr;other,,ziv
Insanity Gaming Arcade Poole,"42 Harwell Road Nuffield Industrial Estate Poole Dorset, BH17 0GE, Poole",50.7404544,-1.9768685,ddr;jubeat;other,,ziv
Jack Murpheys,"5 Wind St, Swansea SA1 Swansea SA1 1DE, Swansea",51.6199350,-3.9410849,ddr;other,,ziv
Jimmy G's,"110-114 Harbour Parade Ramsgate Kent, CT11 8LP , Ramsgate",51.3322097,1.4232041,other,,ziv
Jokers,"Ingoldmells Lincolnshire, Ingoldmells",53.1931049,0.3466272,other,,ziv
Jump 360 Stockton,"Ross Road Stockton England, TS18 2LX, Stockton",54.5717944,-1.2943934,other,,ziv
JUMP INC,"3-4, Meadowhall, Vulcan Rd Sheffield S9 1EW, Sheffield",53.4126735,-1.4061616,other,,ziv
Junk Yard Golf Club Newcastle,"Unit 4 17 Newgate Street Newcastle Upon Tyne Tyne and Wear, NE1 5RE , Newcastle Upon Tyne",54.9718254,-1.6165513,other,,ziv
Junkyard Golf Liverpool,"1 Paradise St Liverpool Merseyside, L1 8JF, Liverpool",53.4038764,-2.9865905,ddr;other,,ziv
Junkyard Golf Oxford,"Junkyard Golf Castle St Oxford OX1 1NU, Oxford",51.7514708,-1.2612604,ddr;other,,ziv
K's Funworld,"1 High Street Swanage England, BH19 2LN, Swanage",50.6079380,-1.9544607,other,,ziv
Kebhouze - Oxford Street.,"159 Oxford Street London England, W1D 2JL, London",51.5156058,-0.1374768,other,,ziv
Kent Coast Holiday Park,"Allhallows Rochester England, ME3 9QD, Rochester",51.4763893,0.6442184,ddr;other,,ziv
Kessingland Beach Holiday Park,"Beach Road Kessingland Suffolk, NR33 7RW, Kessingland",52.4077203,1.7264894,other,,ziv
King Alfreds,"Brighton Sussex, Brighton",50.8251353,-0.1791421,other,,ziv
King Pins Belfast,"King Pins, The Keep, Castle Lane Belfast BT1 5DG, Belfast",54.5990071,-5.9288352,other,,ziv
King Pins Edinburgh Waverley,"Waverley Market Waverley Bridge Edinburgh Scotland, EH1 1BQ, Edinburgh",55.9527038,-3.1902963,other,,ziv
King Pins Glasgow Silverburn,"Barrhead Road Glasgow Scotland, G53 5JL, Glasgow",55.8221508,-4.3412894,other,,ziv
King Pins Manchester Arndale,"Manchester Arndale, Manchester M4 3AQ Manchester M4 3AQ, Manchester",53.4833055,-2.2415488,other,,ziv
King Pins Palazzo,"Trafford Palazzo The Trafford Centre England, M17 8AS, The Trafford Centre",53.4673633,-2.3403427,other,,ziv
Kingdom Amusements,"193 High St Burntisland Scotland, KY3 9AE, Burntisland",56.0585376,-3.2452360,other,,ziv
Kino Amusement,"England, CO14",51.8504685,1.2745310,other,,ziv
Kirkgate Market,"Kirkgate Centre Bradford Bradford Yorkshire, BD1 1QX, Bradford",53.7950110,-1.7549640,ddr;other,,ziv
Lakeside Superbowl Banbury,"Cherwell Centre George Street Banbury Oxfordshire, OX16 5BH, Banbury",52.0606701,-1.3351724,other,,ziv
Lane 7 Edinburgh,"Saint James Square Saint James Quarter Edinburgh EH1 3AD, Edinburgh",55.9362698,-3.2108402,ddr;other,,ziv
Lane 7 The Gate,"The Gate Newgate Street Newcastle-upon-Tyne Tyne and Wear, NE1 5TG, Newcastle-upon-Tyne",54.9722196,-1.6175786,ddr;other,,ziv
Lane7,"6-14 Albion Street Leeds LS1 6HX, Leeds",53.7960789,-1.5448116,ddr;other,,ziv
Lane7 (Birmingham),"The Cube, Level 6 Wharfside St Birmingham West Midlands, B1 1RN, Birmingham",52.4749608,-1.9069689,other,,ziv
Lane7 (Deansgate Manchester),"235 Deansgate Manchester England, M3 4EN, Manchester",53.4776686,-2.2492495,other,,ziv
Lane7 (Newcastle Upon Tyne),"80-90 Saint James' Boulevard Newcastle upon Tyne England, NE1 4BN, Newcastle upon Tyne",54.9677579,-1.6236208,other,,ziv
Lane7 (Sheffield),"8 Matilda Street Sheffield England, S1 4PF, Sheffield",53.3769409,-1.4719741,other,,ziv
Lane7 (The Bullring),"1 Queens Drive Birmingham England, B5 4PJ, Birmingham",52.4770499,-1.8972287,other,,ziv
Lane7 Camden,"Basement and Ground Floor, Hawley Wharf, 1-6 Water Ln London NW1 8JZ, London",51.5417678,-0.1445869,other,,ziv
Lane7 Milton Keynes,"38, Midsummer Place Shopping Centre Milton Keynes MK9 3GA, Milton Keynes",52.0400721,-0.7567250,other,,ziv
Larry's Lanes,"12-14 The Front Seaton Carew England, TS25 1BS, Seaton Carew",54.6600169,-1.1873694,other,,ziv
Las Vegas,"Marine Parade Southend-on-Sea Essex, Southend-on-Sea",51.5330265,0.7214029,other,,ziv
Las Vegas Amusements,"Parkside, The Crescent Hemsby Norfolk, NR29 4JF, Hemsby",52.6949696,1.7066360,other,,ziv
Las Vegas Amusements,"The Promenade Barmouth Gwynedd, LL42 1NG, Barmouth",52.7216394,-4.0572142,other,,ziv
Las Vegas Arcade Soho,"Wardour Street West End London, W1F 0UB, West End",51.5126877,-0.1336357,ddr;jubeat;museca;other;taiko,,ziv
Laser Quest Enfield,"20 Queensway, England, EN3 4SA",51.6462962,-0.0477720,ddr;other,,ziv
LaserZone,"Huddersfield Yorkshire, Huddersfield",53.6332392,-1.7639923,other,,ziv
Lazer Rush,"45a Joseph Wilson Estate Milstrood Road Whitstable Kent, CT5 3PS, Whitstable",51.3459554,1.0431694,other,,ziv
Lazer Tag Nottingham,"22 Cranbrook Street England, NG1 1ER",52.9545828,-1.1416507,other,,ziv
Leisure 2000,"81-89 Torbay Road England, TQ4 6AJ",50.4353372,-3.5609262,other,,ziv
Leisure Island,"1221 Gallowgate Glasgow Scotland, G31 4EB, Glasgow",55.8530167,-4.2008972,ddr;other,,ziv
Leisure Land Talacre,"3 Station Road Talacre Wales, CH8 9RD, Talacre",53.3520495,-3.3178452,ddr;other,,ziv
Leisureland,"Marine Parade Great Yarmouth Norfolk, NR30 2EJ, Great Yarmouth",52.6059340,1.7364621,other,,ziv
Let's Go Bowling,"Barnstaple England, EX31 1LE, Barnstaple",51.0856750,-4.0756460,ddr;other,,ziv
Level Preston,"Lancaster Rd Preston PR1 1HT, Preston",53.7601923,-2.6962957,other,,ziv
Level X Glasgow,"55 Saint Enoch Square Glasgow Scotland, G1 4BW, Glasgow",55.8570650,-4.2542186,ddr;other,,ziv
Level X Middlesborough,"55 Linthorpe Road Captain Cook Square Middlesborough England, TS1 5UA, Middlesborough",54.5757314,-1.2387994,other,,ziv
Lewisham Lanes,"Belmont Hill Lewisham London, SE13 5AU, Lewisham",51.4627435,-0.0089518,other,,ziv
Lightwater Valley Theme Park,"4 Kirkby Road England, HG4 3NB",54.1801530,-1.5633333,other,,ziv
Lime Tiger,"Lime Tyger Moor St Ormskirk L39 2AQ, Ormskirk",53.5670817,-2.8865656,ddr;other,,ziv
Llandudno Pier,"Llandudno Pier North Parade Llandudno Conwy, LL30 2LP, Llandudno",53.3316162,-3.8249800,other,,ziv
Loading Bar,"Madeira Drive Maderia Drive Brighton and Hove England, BN2 1AY, Brighton and Hove",50.8191830,-0.1353119,other,,ziv
Lucky Claw,"143 Bromsgrove Street Birmingham West Midlands, b5 6rg, Birmingham",52.4775528,-1.9012404,other;taiko,,ziv
Lucky Lucys,"24 Wellington Esplanade, England, NR33 0BS",52.4659661,1.7453903,other,,ziv
Lucky Star,"2 Station Road England, FY4 1BE",53.7955630,-3.0554994,other,,ziv
Lucky Strike,"10 Grand Parade Skegness Lincolnshire, PE25, Skegness",53.1427148,0.3440630,ddr;other,,ziv
Lucky Strike Amusements,"Newport Rd Hemsby Norfolk, NR29 4NW, Hemsby",52.6897542,1.7036883,other,,ziv
M&D's at Scotlands Theme Park,"28 Bellshill Road Bothwell Scotland, G71 8AH, Bothwell",55.8027523,-4.0486979,ddr;other,,ziv
Magic Cavern,"Eastern Promenade Porthcawl Porthcawl Glamorgan, CF36 5BY, Porthcawl",51.4787904,-3.6967975,other,,ziv
Magic City,"11 Pier Avenue Clacton-on-Sea Essex, CO15 1QB, Clacton-on-Sea",51.7879831,1.1530307,other,,ziv
Magic City,"Magic City Amusement Arcade, 38 Marine Parade Great Yarmouth Norfolk, NR30 2EJ, Great Yarmouth",52.6057190,1.7364460,other,,ziv
Majestic Amusements,"47/48 Marine Parade Great Yarmouth Norfolk, NR30 2EJ, Great Yarmouth",52.6064097,1.7364781,other,,ziv
Mangos Sports Bar,"58 Little Castle St Truro TR1 3DL, Truro",50.2631348,-5.0552157,other,,ziv
Mangos sports bar (Falmouth),"Discovery Quay unit 5 Falmouth Cornwall, TR11 3XA, Falmouth",50.1515118,-5.0628030,other,,ziv
Mannings Amusements,"Sea Road Felixstowe Suffolk England, IP11 2DN, Suffolk",51.9525055,1.3391825,other,,ziv
Mansfield Superbowl,"24 Stockwell Gate England, NG18 5QQ",53.1432493,-1.2014360,other,,ziv
Margate Amusements,"36-42 Marine Terrace Margate Kent, CT9 1XJ, Margate",51.3866370,1.3770097,ddr;other,,ziv
Marine Amusements Ltd.,"1-4 Marine Parade, Gorleston-on-Sea Great Yarmouth Norfolk, NR31 6BT, Great Yarmouth",52.5696600,1.7313225,other,,ziv
Martello Beach Holiday Park,"Seawick England, Seawick",51.7738518,1.0975881,other,,ziv
MB's Amusements,"53 Beach Road Hemsby Norfolk, NR29 4HS, Hemsby",52.6949452,1.7073105,other,,ziv
Mega City,"233/249 High St Slough SL1 1BY, Slough",51.5080364,-0.5888671,ddr;other,,ziv
Megazone Laser Centre,"Belgrave Gate Leicester Leicester Leicestershire, LE1 3HS, Leicester",52.6404724,-1.1293066,other,,ziv
Merlin’s Amusements,"Warren Road Minehead TA24 5BG, Minehead",51.2069825,-3.4675598,other,,ziv
Merrivale Model Village + Old Penny Arcade,"56 S Beach Parade Great Yarmouth Norfolk, NR30 3JP, Great Yarmouth",52.5978801,1.7368806,other,,ziv
MFA Bowl (Whitstable),"Tower Parade Whitstable Kent, CT5 2BJ, Whitstable",51.3638279,1.0325908,other,,ziv
MFA Bowl Ilkeston,"88 Derby Road Ilkeston England, DE7 5GA, Ilkeston",52.9673226,-1.3136226,ddr;other,,ziv
MFA Bowl Yeovil,"Old Station Road Old Station Way Yeovil Somerset, BA20 1NP, Yeovil",50.9405982,-2.6249179,ddr;other,,ziv
Millers Leisure Centre (Amusements),"1-2 Sandy Ln Chapel St Leonards Skegness, PE24 5TE, Chapel St Leonards",53.2236713,0.3386531,other,,ziv
Mirage,"High Street Mablethorpe England, LN12 1AG, Mablethorpe",53.3421369,0.2627383,ddr;other,,ziv
ML7,"15 Northumberland St Newcastle Upon Tyne NE1 7AL, Newcastle Upon Tyne",54.9746319,-1.6125575,other,,ziv
Monte Carlo,"Marine Parade Southend-on-Sea Essex, Southend-on-Sea",51.5331099,0.7197668,ddr;other,,ziv
Monte Carlo Amusements,"16 West Parade Rhyl Denbighshire, LL18 1HE, Rhyl",53.3212138,-3.4941064,other,,ziv
Mr B's Amusements,"35 West Parade Rhyl Wales, LL18 1HF, Rhyl",53.3206434,-3.4955647,other,,ziv
Mr B's Amusements,"The Promenade Leysdown-on-Sea Kent, Leysdown-on-Sea",51.3988007,0.9220268,ddr;other,,ziv
Mr Bibby's Amusements,"26 High Street, Mablethorpe, England, LN12 1AD",53.3422987,0.2624971,ddr;other,,ziv
Mr Mulligan's Space Golf,"117 Newgate Street Newcastle Upon Tyne England, NE1 5RZ, Newcastle Upon Tyne",54.9731002,-1.6179782,other,,ziv
Mr P's Classic Amusements,"4 Waterloo Square, England, PO21 1SU",50.7821001,-0.6753948,ddr;other,,ziv
Mumbles Pier,"Mumbles Road The Mumbles Wales, SA3 4EN, The Mumbles",51.5689694,-3.9773420,other,,ziv
Namco @ Haven Church Farm,"1 Church Lane Pagham England, PO21 4NR, Pagham",50.7705051,-0.7454372,other,,ziv
Namco @ Haven Combe Haven,"Harley Shute Road Hastings England, TN38 8BZ, Hastings",50.8543634,0.5265981,other,,ziv
Namco @ Haven Devon Cliffs,"Sandy Bay Exmouth Devon, EX8 5BT, Exmouth",50.6150736,-3.3661307,other,,ziv
Namco @ Haven Seashore,"The Street Caister-on-Sea Norfolk, NR30 4HG, Caister-on-Sea",52.6309694,1.7393857,other,,ziv
Namco Funscape Braintree,"Braintree Shopping & Leisure Park, Charter Way Braintree Leisure Park Braintree Essex, CM77 8YH, Braintree",51.8687957,0.5711648,ddr;other;taiko,,ziv
Namco Funscape Gateshead,"Unit 244, Yellow Quadrant (Ground Floor) intu Metrocentre Gateshead Tyne and Wear, NE11 9XY, Gateshead",54.9588829,-1.6701793,other,,ziv
Namco Funscape Manchester,"The Orient, Ground Floor The Trafford Centre Manchester Greater Manchester, M17 8AA, Manchester",53.4658249,-2.3483598,other,,ziv
Namco Funscape Norwich,"10 Barnard Road Bowthorpe Norwich Norfolk, NR5 9JJ, Norwich",52.6435061,1.2161323,other,,ziv
Namco Funscape Romford,"Romford Essex, RM1 1AU, Romford",51.5764734,0.1801222,ddr;other,,ziv
Namco Funscape Tamworth,"Castle Grounds River Drive Tamworth West Midlands, B79 7ND, Tamworth",52.6294586,-1.6957998,other,,ziv
Namco Station,"Tamworth West Midlands, B79 7ND, Tamworth",52.6302819,-1.6937700,other,,ziv
National Science and Media Museum,"Little Horton Lane Bradford England, BD5 0AG, Bradford",53.7907213,-1.7564412,other,,ziv
Nessa's Slots,"11 Paget Rd, Barry CF62 5TQ Barry Island CF62 5TQ, Barry Island",51.3903190,-3.2778820,other,,ziv
New Unity,"52-53 London Rd Brighton Brighton and Hove, BN1 4JX, Brighton",50.8322916,-0.1376189,other,,ziv
New York,"Marine Parade Southend-on-Sea Essex, Southend-on-Sea",51.5331591,0.7192934,other,,ziv
Nobles amusements,"47-49 Figgate Lane Edinburgh Scotland, EH15 1HJ, Edinburgh",55.9558718,-3.1131179,other,,ziv
Non Such amusements and snooker club,"35 Windmill Street Saltcoats Scotland, KA21 5EW, Saltcoats",55.6316809,-4.7921843,other,,ziv
North Pier,"Blackpool FY1 1NE Blackpool Lancashire, FY1 1NE, Blackpool",53.8188861,-3.0567651,other,,ziv
NQ64,"17 Bell Street Merchant City Glasgow Scotland, G1 1NU, Glasgow",55.8581517,-4.2450694,ddr;other,,ziv
NQ64 - Birmingham,"305 Gibb Street Birmingham England, B9 4AA, Birmingham",52.4753035,-1.8843484,ddr;maimai_dx;other,,ziv
NQ64 - Bristol,"14-16 Baldwin St Bristol England, BS1 1SE, Bristol",51.4528433,-2.5949507,ddr;other,,ziv
NQ64 - Leeds,"11 Merrion St Leeds LS1 6PG, Leeds",53.8004148,-1.5406635,ddr;maimai_dx;other,,ziv
NQ64 - Northern Quarter,"12 Tib Street Manchester England, M4 1SH, Manchester",53.4824659,-2.2367314,ddr;maimai_dx;other,,ziv
NQ64 Cardiff,"60-61 Saint Mary Street Cardiff Wales, CF10 1FE, Cardiff",51.4770965,-3.1767681,ddr;maimai_dx;other,,ziv
NQ64 Edinburgh,"25 Lothian Road Edinburgh Scotland, EH1 2DJ, Edinburgh",55.9483183,-3.2061624,ddr;other,,ziv
NQ64 Newcastle,"82-84 Pilgrim Street Newcastle upon Tyne England, NE1 6SG, Newcastle upon Tyne",54.9721472,-1.6106112,ddr;other,,ziv
NQ64 Nottingham,"10 Thurland street Nottingham NG1 3DR, Nottingham",52.9540208,-1.1465049,ddr;maimai_dx;other,,ziv
NQ64 Peter Street,"23 Peter Street Manchester England, M2 5QR, Manchester",53.4782409,-2.2482760,ddr;other,,ziv
NQ64 Shoreditch,"256-260 Old Street London England, EC1V 9DD, London",51.5260700,-0.0854196,ddr;other,,ziv
NQ64 Soho,"53-54 Berwick Street Soho London England, W1F 8SP, London",51.5155530,-0.1364620,ddr;maimai_dx;other,,ziv
Nuneaton Bowl,"Saint Davids Way Bermuda Park Nuneaton England, CV10 7SD, Nuneaton",52.4962308,-1.4778161,other,,ziv
Oasis Amusements,"57 Beach Rd Hemsby Norfolk, NR29 4HS, Hemsby",52.6956588,1.7055686,other,,ziv
Oasis Amusements,"Sea Road South Foreshore England, NE33 2LD, South Foreshore",55.0011011,-1.4170600,other,,ziv
Ocean Bay Amusements,"Pier Gardens, Gorleston-on-Sea Great Yarmouth Norfolk, NR31 6PP, Great Yarmouth",52.5711467,1.7330078,other,,ziv
Ocean Beach Amusements,"Sea Road South Foreshore England, NE33 2LA, South Foreshore",55.0016229,-1.4163834,other,,ziv
Ocean Exmouth,"6 Queen's Drive England, EX8 2AQ",50.6140804,-3.4106948,other,,ziv
Odeon Dudley,"The Merry Hill Centre Brierley Hill West Midlands, DY5 1SY, Brierley Hill",52.4795524,-2.1141601,other,,ziv
Odeon Luxe Birmingham,"220 Ladywood Middleway Broadway Plaza Birmingham West Midlands, B16 8LP, Birmingham",52.4734344,-1.9216418,other,,ziv
Odeon Manchester,"253 Deansgate Unit 2 The Great Northern Manchester Greater Manchester, M3 4EN, Manchester",53.4761194,-2.2499013,other,,ziv
Odeon Norwich,"3a Wherry Road Norwich England, NR1, Norwich",52.6253721,1.3045514,other,,ziv
Olympia,"Cleveleys Lancashire, Cleveleys",53.8783992,-3.0465283,other,,ziv
Olympia Arcade,"23-29 Regent Street Weston-super-Mare BS23 1SF, Weston-super-Mare",51.3477497,-2.9799609,other,,ziv
Olympia Leisure,"Foreshore Rd Scarborough Yorkshire, YO11 1NU, Scarborough",54.2810552,-0.3972673,ddr;other,,ziv
Oxygen Freejumping at The O2,"Peninsula Square London England, SE10 0DX, London",51.5039457,0.0039885,other,,ziv
Paignton Pier,"Paignton Devon, TQ4 6BW, Paignton",50.4374727,-3.5578510,other,,ziv
Palace Casino,"Beach Rd Hemsby Norfolk, NR29 4HS, Hemsby",52.6959807,1.7055525,other,,ziv
Palace Fun Centre,"Promenade Rhyl Denbighshire, LL18 1HG, Rhyl",53.3200178,-3.4964311,other,,ziv
Paramount Amusements,"The Green, Silloth, Wigton Carlisle CA7 4DA, Carlisle",54.8713992,-3.3907181,other,,ziv
Park Holidays New Beach,"Hythe Road Romney Marsh England, TN29 0JX, Romney Marsh",51.0434235,1.0275390,other,,ziv
Parkdean Resorts - Vauxhall Holiday Park,"Acle New Road Great Yarmouth England, NR30 1TB, Great Yarmouth",52.6189632,1.7152190,other,,ziv
ParkDean Resorts California Cliffs Holiday Park,"Rottenstone Ln Scratby Great Yarmouth, NR29 3QU, Scratby",52.6751737,1.7179817,other,,ziv
ParkDean Resorts Cayton Bay,"36 Hill Lane Mill Ln Cayton Bay Holiday Centre England, YO11 3NJ, Cayton Bay Holiday Centre",54.2401536,-0.3663353,other,,ziv
Parkdean Southview Holiday Park,"Morningside Dr Skegness PE25 2LA, Skegness",53.1577306,0.3085624,other,,ziv
Parkdean Withernsea Sands,"Unnamed Road England, HU19 2BU",53.7370612,0.0186957,other,,ziv
Pavilion Amusements,"Dawlish Warren England, Dawlish Warren",50.5984252,-3.4402525,other,,ziv
Pavilion Bowl,"5 Marine Parade East Clacton-on-Sea Essex, CO15 1PS, Clacton-on-Sea",51.7875288,1.1550467,other,,ziv
Peckham Pulse Leisure Centre,"10 Melon Road England, SE15 5QN",51.4740141,-0.0703753,other,,ziv
Pencnwc Holiday Park,"A486 Cross Inn Wales, SA44 6NL, Cross Inn",52.1875889,-4.3545341,ddr;other,,ziv
Peter Pan Funfair,"23 Esplanade Ryde England, PO33 2DZ, Ryde",50.7313344,-1.1543634,other,,ziv
Phoenix Bowl,"Phoenix Bowl The Docks Milford Haven Pembrokeshire, SA73, Milford Haven",51.7128909,-5.0430572,other,,ziv
Pink Palace,"Wakefield Court Rottenstone Ln, Scratby Great Yarmouth, NR29 3QT, Scratby",52.6751916,1.7196923,other,,ziv
Pinnacle Bowling,"73-75 Albert Rd The Cleveland Centre Middlesbrough England, TS1 2RU, Middlesbrough",54.5759818,-1.2350283,other,,ziv
Pixel Bar Manchester,"10 Thomas Street Manchester M4 1DH, Manchester",53.4846749,-2.2378848,jubeat;maimai_dx;other,,ziv
Pixel Busters,"Unit 11a Far Green Industrial Estate Stoke-on-Trent ST1 6AZ, Stoke-on-Trent",53.0339007,-2.1703443,other,,ziv
Pixel-ate Diner,"36 Renaissance Point Tynemouth England, NE30 1LA, Tynemouth",54.9955257,-1.4663476,other,,ziv
Pizza Pilgrims West India Quay,"12 Hertsmere Road London England, E14 4AE, London",51.5071929,-0.0233224,other,,ziv
Planet Fun,"Sea lane Ingoldmells Lincolnshire, PE25 1PG, Ingoldmells",53.1928831,0.3505754,ddr;other,,ziv
Play 2 Win (Gerrard Street),"23 Gerrard St West End London, W1V 7LA, West End",51.5115036,-0.1320693,other,,ziv
Playback Arcade,"Unit 20 The Galleries Shopping Centre Bristol England, BS1 3XB, Bristol",51.4568410,-2.5901905,ddr;drs;iidx;jubeat;maimai_dx;nostalgia;ongeki;other;popn;sdvx;taiko,,ziv
Playbox,"42-44 Bold St Liverpool L1 4DS, Liverpool",53.4038993,-2.9800338,other,,ziv
Playhouse Newcastle under Lyme,"7 Hassell Street Newcastle-under-Lyme England, ST5 1AH, Newcastle-under-Lyme",53.0109033,-2.2256658,other,,ziv
Playland,"7-9 Pelham Place Hastings England, TN34 3AD, Hastings",50.8552507,0.5855101,ddr;other,,ziv
Playland Amusements,"17 Esplanade Redcar Cleveland, TS10 3AE, Redcar",54.6190958,-1.0663712,other,,ziv
Playnation,"The Horsefair Bristol England, BS1 3JQ, Bristol",51.4586732,-2.5889970,other,,ziv
Plaza,"11 Grand Parade Skegness Lincolnshire, PE25 2UG, Skegness",53.1440723,0.3449427,ddr;other,,ziv
Pleasure Beach Amusements,"Grand Parade Skegness Skegness Lincolnshire, PE25 2UQ, Skegness",53.1437939,0.3464960,other,,ziv
Pleasure Island Family Amusements,"Clarence Pier Clarence Esplanade Southsea Hampshire, PO5 3AA, Southsea",50.7864413,-1.1013204,other,,ziv
Pleasureland,"24 Pier Road Whitby England, YO21 3PU, Whitby",54.4899558,-0.6147169,other,,ziv
Pleasureland,"Marine Rd W Morecambe Morecambe Lancashire, Morecambe",54.0720120,-2.8720021,other,,ziv
Pleasureland,"Southport Merseyside, Southport",53.6475435,-3.0180010,other,,ziv
Pleasureland Arbroath,"1 Queen's Drive arbroath Scotland, DD11 1QD, arbroath",56.5519391,-2.5927721,ddr;other,,ziv
Pleasurewood Hills,"Pleasurewood Hills Leisure Way Lowestoft Suffolk, NR32 5DZ, Lowestoft",52.5067270,1.7450758,ddr;other,,ziv
Pontins Brean Sands,"Brean Sands Holiday Centre Brean Down Burnham-on-Sea Somerset, TA8 2RJ, Burnham-on-Sea",51.2894159,-3.0095381,other,,ziv
Pontins Prestatyn,"1 Highbury Close Prestatyn Denbighshire, LL19, Prestatyn",53.3413504,-3.4037799,other,,ziv
Pop Inn Amusements,"The Quay Wells-next-the-Sea Norfolk, NR23 1AS, Wells-next-the-Sea",52.9575627,0.8505104,other,,ziv
Potters Leisure Resort,"Coast Rd Hopton England, NR31 9BX, Hopton",52.5346980,1.7319238,ddr;other,,ziv
Premier Inn - The Windmill,"1 John Macadam Way Hastings England, TN37 7DB, Hastings",50.8867729,0.5506029,other,,ziv
Pro Bowl,"Milton Road Kirkintilloch Glasgow Glasgow, G66 1SY, Glasgow",55.9445636,-4.1557123,other,,ziv
Puttstars - Peterborough,"Unit 95 Westgate Peterborough England, PE1 1NS, Peterborough",52.5742675,-0.2460562,other,,ziv
Puttstars Leeds,"The Springs Century Way Leeds England, LS15 8GB, Leeds",53.7995153,-1.4254108,other,,ziv
Quay Amusements,"The Quay Poole Dorset, BH15 1HJ, Poole",50.7122667,-1.9861691,ddr;other,,ziv
QuaySide Amusements,"13 The Quay Wells-next-the-Sea Norfolk, NR23 1AH, Wells-next-the-Sea",52.9571976,0.8516845,ddr;other,,ziv
Queen's Ice and Bowl,"17 Queensway Bayswater London, W2 4QP, Bayswater",51.5108075,-0.1872879,other,,ziv
Rainbow Park Arcade,"Seagate Road Hunstanton Norfolk, PE36 5BD, Hunstanton",52.9339188,0.4822755,ddr;other,,ziv
Rate My Takeaway Kitchen,"Pack Horse Walk, Packhorse Shopping Centre, King St, Huddersfield HD1 2RT, Huddersfield",53.6464758,-1.7815394,other,,ziv
Red Rose Bowl,"50 Greenbank Street Preston England, PR1 7PH, Preston",53.7700274,-2.7163521,other,,ziv
Regency Leisure Arcade,"63-64 West St Brighton England, BN1 2RA, Brighton",50.8221031,-0.1441690,other,,ziv
Regency Palace,"77 Torbay Rd Paignton TQ4 6AJ, Paignton",50.4353458,-3.5613406,other,,ziv
Retro Replay,"100 Castle Meadow Norwich England, NR1 3DD, Norwich",52.6277492,1.2954828,ddr;other,,ziv
Retroblast coffee,"16 East Street England, TR7 1BH",50.4136956,-5.0815348,other,,ziv
Retrodome,"Thomas Street Barnsley England, S70 1LP, Barnsley",53.5488834,-1.4804881,gitadora;maimai_dx;nostalgia;other,,ziv
Retroids Arcade Bar,"8/9 College Street Worcester Cathedral Square, WR1 2LU, Worcester",52.1891346,-2.2193559,ddr;other,,ziv
Richardson's Family Entertainment Centre,"The Yacht Club Leisure Complex, Beach Rd Hemsby Norfolk, NR29 4HT, Hemsby",52.6964846,1.7036828,other,,ziv
Richardson's Family Entertainment Centre,"Whapload Road Lowestoft England, NR32 1TY, Lowestoft",52.4813481,1.7578018,other,,ziv
Riverside amusements,"2 Mill Cot Looe England, PL13 2AD, Looe",50.3562314,-4.4567049,ddr;other,,ziv
Riverside Bowl,"Marine Promenade, New Brighton, Wallasey Wallasey Merseyside, CH45, Wallasey",53.4399437,-3.0421560,other,,ziv
Riverside Bowling,"Unit G, Colima Avenue Sunderland Enterprise Park Sunderland Tyne and Wear, SR5 3XD, Sunderland",54.9163517,-1.4343810,ddr;other,,ziv
Riverside Caravan Park,"Shripney Road, England, PO22 9NE",50.7996501,-0.6697953,ddr;other,,ziv
Robin Hood caravan park,"A548 Prestatyn Denbighshire, LL19, Prestatyn",53.3390817,-3.3822062,other,,ziv
Roller Bowl,"City Pavilion Collier Row Road Romford Essex, RM5 2BH, Romford",51.5923230,0.1441620,other,,ziv
Rollerbowl,"167 Culduthel Road Inverness Inverness Inverness-shire, IV2 4BQ, Inverness",57.4561032,-4.2197336,other,,ziv
Rowans Tenpin Bowl,"10 Stroud Green Road Harringay London England, N4 2DF, London",51.5653688,-0.1050900,other,,ziv
Roxy Amusements And Cafe,"254 Quay Road Bridlington YO16 4JG, Bridlington",54.0889367,-0.2034105,ddr;other,,ziv
Roxy Arcade,"Merrion Street Leeds England, LS2 8JE, Leeds",53.8003403,-1.5400870,other,,ziv
Ryde Superbowl,"Esplanade England, PO33 2EL",50.7321081,-1.1560854,other,,ziv
Salt Hill Activity Centre,"62-70 Bath Road England, SL1 3SR",51.5123993,-0.6073986,other,,ziv
Sand Le Mere Holiday Village Entertainment Venue,"Southfield Lane Tunstall England, HU12 0JN, Tunstall",53.7617803,-0.0076209,ddr;other,,ziv
Sandown Pier,"Sandown Pier Esplanade Sandown Isle of Wight, PO36 8JR, Sandown",50.6525624,-1.1554956,ddr;other,,ziv
Sands,"10 Sandbank Road Towyn Conwy, LL22 9LB, Towyn",53.3035999,-3.5428708,other,,ziv
Sands Amusements,"Sands Amusements, Beach Road Hemsby Norfolk, NR29 4HS, Hemsby",52.6955841,1.7060838,other,,ziv
Sandside Penny Arcade,"17-18 Sandside England, YO11 1PE",54.2841568,-0.3910080,other,,ziv
Seal Bay Resort,"Deer Park Lane Selsey England, PO20 9EL, Selsey",50.7376298,-0.8128599,other,,ziv
Searles Leisure Resort,"South Beach Road England, PE36 5BB",52.9301880,0.4824148,other,,ziv
Seawick Holiday Park,"2a Seaview Road Jaywick England, CO16 8SH, Jaywick",51.7770630,1.0843889,other,,ziv
Sega Arcade @ Wendy's,"Wendy's, Kingswood Retail Park Gibraltar Rd Hull England, HU7 3DB, Hull",53.7924340,-0.3513204,other,,ziv
Serendipity Games Centre,"Cresswell St Tenby SA70 7HJ, Tenby",51.6713159,-4.6990156,other,,ziv
Shanklin Summer Arcade,"Shanklin Dorset, PO37 6BG, Shanklin",50.6312191,-1.1714281,other,,ziv
Shell Island - Arcade,"Shell Island Camp Site Shell Island Llanbedr Gwynedd, LL45 2PJ, Llanbedr",52.8180403,-4.1438144,other,,ziv
Shipleys Riverside Bowl,"Riverside House Bridge Street Stourport-on-Severn West Midlands, DY13 8UY, Stourport-on-Severn",52.3370894,-2.2816506,other,,ziv
Shore Leisure,"Whitburn Rd England, SR6 8AA",54.9366455,-1.3690385,other,,ziv
Silcock's Amusements,"36-40 Nevill St Southport PR9 0BX, Southport",53.6496428,-3.0056378,other,,ziv
Silcock's Fun Palace,"125-141 Promenade England, FY1 5BE",53.8103507,-3.0554172,other,,ziv
Silcock's Funland & Pier,"Pier Forecourt Promenade Southport PR8 1QX, Southport",53.6507366,-3.0081036,other,,ziv
Silcock's Funtime,"31 Nevill St Southport PR9 0DE, Southport",53.6494918,-3.0059919,other,,ziv
Silcock's Golden Sovereign,"31 Nevill St Southport PR9 0DE, Southport",53.6496349,-3.0062629,other,,ziv
Silver Dollar,"34 Foreshore Road England, YO11 1PB",54.2837125,-0.3935050,other,,ziv
Silver Slipper,"26-30 Marine Parade Great Yarmouth Norfolk, NR30 2EN, Great Yarmouth",52.6037643,1.7362207,other,,ziv
Skegness Pier,"Grand Parade Skegness Lincolnshire, PE25 2UE, Skegness",53.1449203,0.3455168,other,,ziv
Skirlington Holiday Park,"2 Manor Close Skipsea England, YO25 8UD, Skipsea",53.9796054,-0.2176262,ddr;other,,ziv
Slots of Fun,"187 Promenade England, FY1 5BH",53.8091415,-3.0551719,other,,ziv
Smiles for Miles 1,"5-7 Memorial Avenue Withernsea HU19 2DN, Withernsea",53.7299498,0.0336108,other,,ziv
Smiles for Miles 2,"5-7 Memorial Avenue Withernsea HU19 2DN, Withernsea",53.7304607,0.0337315,other,,ziv
Smiles for Miles 3,"5-7 Memorial Avenue Withernsea HU19 2DN, Withernsea",53.7308432,0.0332031,other,,ziv
Smith's,"37 Winthorpe Avenue Skegness England, PE25 1QY, Skegness",53.1662510,0.3508706,ddr;other,,ziv
South Parade Pier,"South Street Southsea Southsea Hampshire, PO4 0SW, Southsea",50.7790525,-1.0761988,other,,ziv
South Pier,"501-507 Promenade Blackpool FY4 1BA, Blackpool",53.7954025,-3.0573912,other,,ziv
South Pier,"Royal Terrace Lowestoft Suffolk, NR33 0AE, Lowestoft",52.4715144,1.7509460,other,,ziv
Southwold Pier,"North Parade Southwold Suffolk, IP18 6BN, Southwold",52.3308145,1.6850254,other,,ziv
Space Bar,"effsdfseffv Sunderland SR1 1TR, Sunderland",54.9045440,-1.3822764,ddr;other,,ziv
Sportsland Amusement Arcade,"28-34 Main Street Portrush Northern Ireland, BT56 8BL, Portrush",55.2063057,-6.6525111,ddr;other,,ziv
St Annes Pier,"3 South Promenade Lytham Saint Annes Lancashire, FY8 1LS, Lytham Saint Annes",53.7491240,-3.0355707,other,,ziv
St Osyth Beach Holiday Park,"Beach Road Saint Osyth England, CO16 8SG, Saint Osyth",51.7785769,1.0892588,other,,ziv
Star Pins,"7 School Lane Liverpool L1 3AQ, Liverpool",53.4046295,-2.9844457,ddr;other,,ziv
Star Pins,"West Orchards Shopping Centre Ring Road J9 Coventry West Midlands, CV1 1QX, Coventry",52.4089854,-1.5122294,ddr;other,,ziv
Stardust Amusements,"1 Warren Road Hopton England, NR31 9BN, Hopton",52.5405308,1.7321075,other,,ziv
Stardust Amusements,"Coast Rd Berrow Burnham-on-Sea Somerset, TA8 2QR, Burnham-on-Sea",51.2868360,-3.0113161,other,,ziv
Stardust Arcade,"9, Paget Rd, Barry Island Barry Island Glamorgan, CF62 5TQ , Barry Island",51.3917785,-3.2760022,ddr;other,,ziv
Strikes Bowl and LaserQuest,"Sudbury Suffolk, Sudbury",52.0355975,0.7237244,other,,ziv
Sun City,"Ingoldmells Lincolnshire, Ingoldmells",53.1926710,0.3535259,other,,ziv
Sunderland Bowl,"141 High St W Sunderland SR1 1TR, Sunderland",54.9077391,-1.3795191,other,,ziv
Sunnyvale caravan park,"Wellington Road Kinmel Bay Conwy, LL18 5BQ, Kinmel Bay",53.3142995,-3.5116570,ddr;other,,ziv
Sunspot Amusements,"2 Barton Rd, Woolacombe EX34 7BA Woolacombe EX34 7BA, Woolacombe",51.1721029,-4.2052546,other,,ziv
Sunspot Amusements,"2 Esplanade Burnham-on-Sea Somerset, TA8 1BB, Burnham-on-Sea",51.2347272,-2.9991310,other,,ziv
Super Bario,"7 King Street Cambuslang Scotland, G1 5QZ, Cambuslang",55.8569220,-4.2461729,other,,ziv
Superbowl,"Saint Stephens Lane England, IP1 1DT",52.0565412,1.1546813,other,,ziv
Superbowl UK,"Castle Meadow Norwich England, Norwich",52.6281620,1.2954154,other,,ziv
Superbowl UK Barnsley,"9-11 Kendray Street Barnsley England, S70 1GW, Barnsley",53.5532642,-1.4783313,other,,ziv
Superbowl UK Hull,"Superbowl UK Hull Princes Quay Shopping Centre, Hull England, HU1 2PQ, Hull",53.7423761,-0.3392767,other,,ziv
Superbowl UK Macclesfield,"7 Brindley Way London Road Macclesfield England, SK11 0TB, Macclesfield",53.2377509,-2.1274773,other,,ziv
Superbowl UK Merthyr,"Unnamed Road Wales, CF48 1UT",51.7392134,-3.3767628,other,,ziv
Superbowl UK Swansea,"Unit 2 York Street Swansea Wales, SA1 3LZ, Swansea",51.6183283,-3.9398178,other,,ziv
Talk of the Town,"Hartlepool Cleveland, Hartlepool",54.6598081,-1.1874247,other,,ziv
Taylor Made Fun,"62-64 Quay Street England, YO11 1PL",54.2840820,-0.3874007,other,,ziv
Tenby House hotel and pub,"St Julians St Tenby Wales, SA70 7HJ, Tenby",51.6713600,-4.6982203,other,,ziv
Tenpin,"Peel Leisure & Retail Park Lower Audley Street Blackburn Lancashire, BB1 1AQ, Blackburn",53.7445930,-2.4786301,other,,ziv
Tenpin Acton Park Royal,"Royale Leisure Park, Western Avenue Park Royal Acton London, W3 0PA, Acton",51.5247040,-0.2810928,other,,ziv
Tenpin Bexleyheath,"Albion Road Bexleyheath England, DA6, Bexleyheath",51.4566343,0.1377851,other,,ziv
Tenpin Bristol,"Unnamed Road Bristol England, BS2 0SP, Bristol",51.4489599,-2.5608750,other,,ziv
Tenpin Camberley,"The Atrium Park Street, Camberley, Surrey Camberley Surrey, GU52 8TH, Camberley",51.3366955,-0.7477792,other,,ziv
Tenpin Cambridge,"Cambridge Leisure Park Clifton Way, Cambridge Cambridge Cambridgeshire, CB1 7DY, Cambridge",52.1901631,0.1369621,other,,ziv
Tenpin Cheshire Oaks,"Coliseum Leisure Park Coliseum Way Cheshire Oaks Cheshire, CH65 9HD, Cheshire Oaks",53.2634080,-2.8865835,other,,ziv
Tenpin Chester,"Chester Retail Park Old Seals Way Chester CH1 4RY, Chester",53.1971183,-2.9109046,other,,ziv
Tenpin Chichester,"Terminus Road Chichester Gate Leisure Park Chichester West Sussex, PO19 8EL, Chichester",50.8303570,-0.7847607,other,,ziv
Tenpin Colchester,"Cowdray Avenue Colchester Essex, CO1 1YH, Colchester",51.8965128,0.9051490,other,,ziv
Tenpin Coventry,"Crosspoint Business Park Olivier Way Coventry West Midlands, CV2 2SH, Coventry",52.4336970,-1.4304869,other,,ziv
Tenpin Crewe,"Unit 1 Phoenix Leisure Park Crewe England, CW1 3AJ, Crewe",53.0962178,-2.4435781,other,,ziv
Tenpin Croydon,"Valley Park Leisure Complex Hesterman Way Croydon Surrey, CR0 4YA, Croydon",51.3786782,-0.1249488,other,,ziv
Tenpin Derby,"Osmaston Park Road Sinfin Lane, Sinfin Derby Derbyshire, DE23 8AG, Derby",52.8951826,-1.4778328,other,,ziv
Tenpin Doncaster,"Lakeside Bawtry Road Doncaster Yorkshire, DN4 7PD, Doncaster",53.5139002,-1.1063104,other,,ziv
Tenpin Dudley,"Castlegate Leisure Park Castlegate Way Dudley West Midlands, DY1 4TA, Dudley",52.5166016,-2.0728099,other,,ziv
Tenpin Dundee,"Harefield Road Dundee Scotland, DD2 3XN, Dundee",56.4743324,-3.0081657,other,,ziv
Tenpin Eastbourne,"Broadwater Way Eastbourne England, BN22 9PQ, Eastbourne",50.7941359,0.2765465,other,,ziv
Tenpin Edinburgh,"Fountain Park, Fountain Bridge Dundee Street Edinburgh Edinburgh, EH11 1AW, Edinburgh",55.9407695,-3.2162259,other,,ziv
Tenpin Exeter,"3 - 4 Havenbanks Retail Park Water Lane Exeter Devon, EX2 8BY, Exeter",50.7162452,-3.5313343,other,,ziv
Tenpin Feltham,"Leisure West Complex Browells Lane Feltham London, TW13 7EQ, Feltham",51.4442264,-0.4054614,other,,ziv
Tenpin Glasgow,"Soar at Intu Braehead King's Inch Road Renfrew Glasgow, PA4 8XQ, Renfrew",55.8796462,-4.3715970,other,,ziv
Tenpin Glenrothes,"4 Albany Gate Glenrothes KY7 5NP, Glenrothes",56.1964149,-3.1694226,other,,ziv
Tenpin Gloucester,"Centre Severn Barnwood Gloucester Gloucestershire, GL4 3HR, Gloucester",51.8450842,-2.1933371,other,,ziv
Tenpin Harlow,"32 Terminus Street England, CM20 1EY",51.7696700,0.0957727,other,,ziv
Tenpin Kingston,"The Rotunda Kingston London, KT1 1QJ, Kingston",51.4120471,-0.3001781,other,,ziv
Tenpin Leamington Spa,"Shires Retail Park Tachbrook Park Drive Leamington Spa Warwickshire, CV34 6RH, Leamington Spa",52.2788385,-1.5451455,other,,ziv
Tenpin Leeds,"159 Briggate Swanwick England, LS2 8DB, Swanwick",53.8021779,-1.5434262,other,,ziv
Tenpin Luton,"Luton Bedfordshire, LU1 2NB, Luton",51.8818484,-0.4176594,other,,ziv
Tenpin Manchester Printworks,"27 Withy Grove Manchester England, M4 2BS, Manchester",53.4856931,-2.2397867,other,,ziv
Tenpin Milton Keynes,"1 Grafton Gate Central Retail Park Milton Keynes England, MK9 1AH, Milton Keynes",52.0391335,-0.7723449,other,,ziv
Tenpin Nantgarw,"Parc Nantgarw Treforest Industrial Estate Nantgarw Caerphilly, CF15 7QX, Nantgarw",51.5656118,-3.2745326,other,,ziv
Tenpin Northampton,"Sixfields Leisure Weedon Road Northampton Northamptonshire, NN5 5QL, Northampton",52.2378211,-0.9320386,other,,ziv
Tenpin Nottingham,"Clifton Boulevard Redfield Way Nottingham Nottinghamshire, NG7 2UW, Nottingham",52.9378053,-1.1770817,other,,ziv
Tenpin Parrs Wood Manchester,"Parrswood Entertainment Centre Wilmslow Rd Manchester Greater Manchester, M20 5PG, Manchester",53.4097877,-2.2184980,other,,ziv
Tenpin Plymouth Barbican,"Barbican Leisure Park Barbican Approach, Coxside Plymouth Devon, PL4 0LG, Plymouth",50.3670657,-4.1253421,other,,ziv
Tenpin Rochdale,"Queensway England, OL11 1RY",53.6029026,-2.1654451,other,,ziv
Tenpin Sheffield,"1-13 Angel Street Sheffield City Centre Sheffield S3 8LN, Sheffield",53.3837059,-1.4663181,other,,ziv
Tenpin Southampton,"Auckland Road Southampton England, SO15 0SD, Southampton",50.9177059,-1.4522611,other,,ziv
Tenpin Southport,"Southport Merseyside, Southport",53.6522924,-3.0143518,other,,ziv
Tenpin Stafford,"Greyfriars Place Stafford Staffordshire, ST16 2SD, Stafford",52.8126343,-2.1228761,other,,ziv
Tenpin Star City Birmingham,"Star City Watson Road Birmingham West Midlands, B7 5SB, Birmingham",52.5053946,-1.8573281,other,,ziv
Tenpin Stoke,"Festival Park Stoke Stoke-On-Trent Staffordshire, ST1 5SP, Stoke-On-Trent",53.0246279,-2.1939142,other,,ziv
Tenpin Swansea,"Parc Tawe The Strand Swansea Glamorgan, SA1 2AX, Swansea",51.6214957,-3.9403067,other,,ziv
Tenpin Swindon,"Shaw Ridge Leisure Park Whitehill Way Swindon Wiltshire, SN5 7DN, Swindon",51.5607979,-1.8313337,other,,ziv
Tenpin Telford,"Saint Quentin Gate St Quentins Gate Telford England, TF3 4EJ, Telford",52.6741378,-2.4461854,other,,ziv
Tenpin Trinity Walk - Wakefield,"Trinity Walk Shopping Centre Wakefield West Yorkshire, WF1 1QU, Wakefield",53.6844769,-1.4937061,other,,ziv
Tenpin Walsall,"20 East Street Crown Wharf Retail Park. Walsall England, WS2 8LL, Walsall",52.5874751,-1.9886226,other,,ziv
Tenpin Warrington,"10-15 Chetham Court Winwick Quay Warrington England, WA2 8RF, Warrington",53.4146875,-2.5993508,other,,ziv
Tenpin Wrexham,"Unit B14 Eagles Meadow Wrexham Wrexham, LL13 8DG, Wrexham",53.0445169,-2.9890796,other,,ziv
Tenpin Xscape Castleford,"Colorado Way Colorado Way Castleford England, WF10 4TA, Castleford",53.7104883,-1.3417214,other,,ziv
Tenpin York,"York Yorkshire, York",53.9932393,-1.0980320,other,,ziv
That Funky Golf Place,"Alcester Road Wythall England, B47 6AJ, Wythall",52.3721861,-1.8865836,ddr;other,,ziv
The Arcade Warehouse Doncaster,"8-9 High St Doncaster DN1 1ED, Doncaster",53.5234525,-1.1344173,other,,ziv
The Arcade Warehouse Lincoln,"Dixon Street Lincoln England, LN6 7BN, Lincoln",53.2197925,-0.5556083,jubeat;museca;other;sdvx;taiko,,ziv
The Arcade Warehouse North Shields,"Coble Dene Royal Quays Outlet Centre North Shields England, NE29 6DW, North Shields",54.9957320,-1.4661967,other,,ziv
The Arkade,"Warren Road Minehead Devon, TA24 5BG, Minehead",51.2072212,-3.4685147,other,,ziv
The Beeston Social,"2 Station Road Beeston England, NG9 2WJ, Beeston",52.9262166,-1.2144184,ddr;other,,ziv
The Big Blue Ticket Company,"Clarence Pier Clarence Esplanade Southsea Hampshire, PO5 3AA, Southsea",50.7862480,-1.1019266,other,,ziv
The Botanic Inn,"23-27 Malone Rd Belfast BT9 6RU, Belfast",54.5809993,-5.9386011,other,,ziv
The Boulevard,"119 Bridge Road Lowestoft England, NR33 9JS, Lowestoft",52.4738083,1.7098325,other,,ziv
The Bright Spot,"1 West Parade Rhyl LL18 1HD, Rhyl",53.3220006,-3.4920987,other,,ziv
The Bright Spot Arcade,"59 Marine Promenade Wallasey Merseyside, CH45, Wallasey",53.4404864,-3.0403377,other,,ziv
The Centre for Computing History,"Coldhams Road Cambridge England, CB1 3EW, Cambridge",52.2079518,0.1489967,other,,ziv
The Dunes Amusements,"Sea Road South Shields England, NE33 2LD, South Shields",55.0017108,-1.4184245,other,,ziv
The Flamingo,"17A Marine Gardens Margate England, CT9 1XJ, Margate",51.3864324,1.3746321,ddr;other,,ziv
The Flamingo,"Marine Parade Great Yarmouth Norfolk, NR30 2ES, Great Yarmouth",52.6025360,1.7360383,other,,ziv
The Forum,"28 Promenade Bridlington England, YO19 2PB, Bridlington",54.0833971,-0.1882240,ddr;other,,ziv
The Four Quarters,"189 Rye Lane London Greater London, London",51.4680162,-0.0670744,other,,ziv
The Four Thieves,"51 Lavender Gardens London England, SW11 1JW, London",51.4642092,-0.1625658,ddr;other,,ziv
The Heart Of Gaming + Playnation Games,"44-46 North End Road Croydon England, CR0 1TG, Croydon",51.3751662,-0.1001684,jubeat;maimai_dx;other;popn;taiko,,ziv
The Jet Centre,"1 Riverside Park South Coleraine Northern Ireland, BT51 3RT, Coleraine",55.1194334,-6.6776794,other,,ziv
The Kingpin Arcade,"Promenade Cleethorpes Lincolnshire, DN35 8SE, Cleethorpes",53.5600116,-0.0271091,other,,ziv
The Light,"1, Kingsgate Centre King St Huddersfield West Yorkshire, HD1 2QB, Huddersfield",53.6454010,-1.7785244,ddr;other,,ziv
The Light Sittingbourne,"Bourne Place St Michaels Road Sittingbourne England, ME10 3JY, Sittingbourne",51.3411089,0.7340251,other,,ziv
The Light Stockport,"Bridgefield Street England, SK1 1SA",53.4123817,-2.1610774,other,,ziv
The Lookout amusement,"5 Ocean View Skegness England, PE25 1JB, Skegness",53.1735565,0.3518598,ddr;other,,ziv
The Mint,"31 Marine Parade Great Yarmouth Norfolk, NR30 2EN, Great Yarmouth",52.6041585,1.7362690,other,,ziv
The Mint,"Ingoldmells Lincolnshire, Ingoldmells",53.1930631,0.3468633,other,,ziv
The Mint,"Pier Pavilion Promenade Cleethorpes Lincolnshire, DN35 8SF, Cleethorpes",53.5612591,-0.0276375,other,,ziv
The Mirage,"Beach Road Hemsby Norfolk, NR29 4HJ, Hemsby",52.6958734,1.7061375,other,,ziv
The National Videogame Museum,"Castle House Sheffield England, Sheffield",53.3836995,-1.4656180,ddr;other,,ziv
The Needles Landmark Attraction,"3 Headon Cottages Alum Bay England, PO39 0JD, Alum Bay",50.6677670,-1.5661815,other,,ziv
The Pavilion | Mytime Active Bromley,"Kentish Way Bromley England, BR1 3EF, Bromley",51.4036366,0.0179440,other,,ziv
The Pier Arcade,"Saltburn Cleveland, Saltburn",54.5863386,-0.9706405,other,,ziv
The Ping Pong Club,"129-131 Beverley Road Hull England, HU3 1TS, Hull",53.7545310,-0.3486614,ddr;other,,ziv
The Pixel Bunker,"The Pixel Bunker 34 Secklow Gate West Milton Keynes Buckinghamshire, MK9 3AT, Milton Keynes",52.0449719,-0.7574129,ddr;other,,ziv
The Regal,"125 Freeman Street Grimsby England, DN32 7AJ, Grimsby",53.5708869,-0.0735354,other,,ziv
The Retro Realm,"Unit 2, Waterside Place Marsh Ln Walsall West Midlands, WS2 8LN, Walsall",52.5853931,-1.9865321,ddr;maimai_dx;other;popn;sdvx;taiko,,ziv
The Royal Arcade,"80 Mostyn Street Llandudno Wales, LL30 2SB, Llandudno",53.3249086,-3.8312241,other,,ziv
"The Royal Pier, Aberystwyth","Royal Pier Marine Terrace Aberystwyth Wales, SY23 2AZ, Aberystwyth",52.4134672,-4.0897841,other,,ziv
The World's End,"60-61 London Rd Brighton East Sussex, BN1 4JE, Brighton",50.8328145,-0.1383352,ddr;other,,ziv
Thomas' Showboat,"18 Le Strange Terrace Hunstanton Norfolk, PE36 5AJ, Hunstanton",52.9386104,0.4870630,other,,ziv
Thomas's Entertainments,"5 Beach Terrace Road Hunstanton Norfolk, PE36, Hunstanton",52.9374465,0.4855663,other,,ziv
Thorpe Park,"Staines Road Chertsey Surrey, KT16 8PN, Chertsey",51.4050689,-0.5122590,ddr;other,,ziv
Timewarp Arcade,"Watsons Lane Bridgwater Somerset, TA65BE , Bridgwater",51.1296302,-3.0006151,ddr;other,,ziv
Tivoli Amusements,"18-21 Marine Terrace Margate Kent, CT9 1XJ, Margate",51.3866067,1.3769967,ddr;other,,ziv
TJ's Leisure Amusements,"1 Marine Avenue England, NE26 1LX",55.0478112,-1.4485747,other,,ziv
TOCA Social,"Peninsula Square London England, SE10 0DX, London",51.5038242,0.0035405,other,,ziv
TopGolf Watford,"Clubhouse Bushey Mill Ln Watford WD24 7AB, Watford",51.6717234,-0.3795755,other,,ziv
Totton Arcade,"14 Water Lane Totton Southampton SO40 3DP, Southampton",50.9188761,-1.4910641,other,,ziv
Tower Arcade,"111 Lumley Road Skegness Skegness Lincolnshire, PE25 3LL, Skegness",53.1421237,0.3429367,other,,ziv
Trago Mills,"Devon Expressway H84M+6M Newton Abbot England, TQ12 6JD, Newton Abbot",50.5556719,-3.6666401,other,,ziv
Treasure Cove Amusements,"214-222 Queens Promenade Bispham Blackpool, FY2 9HP, Bispham",53.8493907,-3.0529329,other,,ziv
Treasure Island,"Cleveleys Lancashire, Cleveleys",53.8780324,-3.0460974,other,,ziv
Treasure Island,"Friars Rd Barry Barry Island Wales, CF62 5TJ, Barry Island",51.3912506,-3.2752615,ddr;other,,ziv
Treasure Island,"Newport Rd Hemsby Norfolk, NR29 4NW, Hemsby",52.6910762,1.7057696,other,,ziv
Treasure Island Amusements,"17 Esplanade, England, YO15 2PB",54.0828008,-0.1871216,other,,ziv
Ty Mawr Holiday Park,"622 Towyn Road Towyn Conwy, LL22 9HG, Towyn",53.2990774,-3.5528933,other,,ziv
Tyne Tees Entertainments,"1 Marine Avenue Watts Slope England, NE26 1QN, Watts Slope",55.0474849,-1.4492372,other,,ziv
UK Superbowl,"Leeds Road Huddersfield Yorkshire, HD2 1YL, Huddersfield",53.6605379,-1.7602479,other,,ziv
Urban Fun,"Units 49, 50/52 Broad Street Mall Reading RG1 7QE, Reading",51.4548744,-0.9772387,ddr;other,,ziv
Vertigo VR,"3 Savoy crescent Milton Keynes England, MK9 3PU, Milton Keynes",52.0442266,-0.7497458,other,,ziv
Walton Pier,"21 New Pier Street Walton-on-the-Naze Essex, CO14 8ES, Walton-on-the-Naze",51.8462627,1.2727012,ddr;other,,ziv
War Room Laser Tag,"2A Frank Place Birtley England, DH3 2QF, Birtley",54.8929586,-1.5781820,ddr;other,,ziv
Warmwell Holiday Park,"Warmwell Holiday Park Warmwell Dorchester Dorset, DT2 8JE, Dorchester",50.6885436,-2.3382919,other,,ziv
Waterside park,"51 The Street Corton England, NR32 5HT, Corton",52.5164820,1.7463735,other,,ziv
Waves Amusements,"Beach Road East Prestatyn Wales, Prestatyn",53.3419671,-3.4112678,other,,ziv
Wellington Bowl,"Wellington Pier Arcade Marine Parade Great Yarmouth Norfolk, NR30 3JF, Great Yarmouth",52.5992029,1.7378355,ddr;other,,ziv
Wellington Pier,"Marine Parade Great Yarmouth Norfolk, NR30 3JF, Great Yarmouth",52.5991769,1.7367411,ddr;other,,ziv
West Midland Safari Park,"Unnamed Road England, DY12 1LF",52.3782567,-2.2873896,other,,ziv
Widnes Superbowl,"Earle Rd Widnes Halton, WA8, Widnes",53.3619070,-2.7237954,other,,ziv
Williams's Amusements,"Pensarn Pleasure Beach Promenade Abergele Conwy, LL22 7PP, Abergele",53.2939965,-3.5864782,other,,ziv
Winkups (formerly Pleasureland),"Towyn Road Towyn Conwy, LL22 9HL, Towyn",53.3046756,-3.5347974,other,,ziv
Woking Superbowl,"1 Victoria Way Henry Plaza Woking England, GU21 6BU, Woking",51.3187690,-0.5617400,other,,ziv
Wokingham Superbowl,"31 Oakey Drive, England, RG40 2DT",51.4075860,-0.8395661,other,,ziv
Wolverhampton Hollywood Bowl,"Wednesfield Road Bentley Bridge Way Wolverhampton West Midlands, WV11 1BP, Wolverhampton",52.5956562,-2.0922875,other,,ziv
Woodlands family theme park,"A3122 Devon Totnes England, TQ9 7DQ, Totnes",50.3570390,-3.6713631,other,,ziv
Worcester Bowl,"Bromyard Road Everoak Industrial Estate Worcester England, WR2 5HP, Worcester",52.1878158,-2.2460872,other,,ziv
Worthing Lido,"1 Marine Parade Worthing West Sussex, BN11 3PX, Worthing",50.8089179,-0.3725266,other,,ziv
Ye Olde King & Queen,"13-17 Marlborough Pl, Brighton and Hove Brighton BN1 1UB, Brighton",50.8246033,-0.1371256,other,,ziv
1-Up Lounge,"1121 McKenzie Ave, Bellingham, WA, 98225",48.7195932,-122.5026820,ddr;other,,ziv
2ND LOOP ARCADE,18529 s western gardena ca 90248,33.8626797,-118.3098189,maimai_dx,,allnet;ziv
3rd St. Market Hall,"275 W Wisconsin Ave, Suite 100, Milwaukee, 53203",43.0385755,-87.9146683,other,,ziv
7 Ranges Entertainment,"100 Mall Drive, Suite 5, Steubenville, Ohio, 43952",40.3667646,-80.6720173,other,,ziv
8 Bit Brewing Company,"26755 Jefferson Avenue, Murrieta, California, 92562",33.5297155,-117.1761465,other,,ziv
8 On The Break,"340 North Ave, Dunellen, New Jersey, 08812",40.5914847,-74.4639534,chunithm;maimai_dx;other,,ziv
Ace's Break Away & Play (Monroeville Mall),"200 Mall Circle Drive, Level 1, Suite 100A, Monroeville, Pennsylvania, 15146",40.4286474,-79.7942483,ddr,,ziv
Ace's Break Away and Play (Beaver Valley Mall),"570 Beaver Valley Mall Blvd., Monaca, Pennsylvania, 15061",40.6746225,-80.3154820,ddr,,ziv
Ace's Break Away Game Room,"500 Southpark Center Strongsville,, Strongsville, Ohio, 44136",41.3082915,-81.8202509,ddr,,ziv
Acres of Fun,"3889 Friendsville Road, Wooster, Ohio, 44691",40.8472714,-81.9388032,ddr;other,,ziv
Adrenaline Family Adventure Park,"10080 East 121st Street, Suite 182, Fishers, Indiana, 46037",39.9671870,-85.9888976,other,,ziv
AdventHealth Sports Park @ BluHawk,"16201 Shawnee Drive, Overland Park, Kansas, 66223",38.8346265,-94.6804548,other,,ziv
Adventure Island,"1211 Coble Boulevard, Henderson, North Carolina, 27536",36.3313847,-78.4299910,other,,ziv
Adventure Landing,"2400 Sheridan Drive, Tonawanda, New York, 14150",42.9810855,-78.8449574,ddr,,ziv
Adventure Landing Raleigh,"3311 Capital Blvd., Raleigh, North Carolina, 27604",35.8251234,-78.5872136,ddr,,ziv
Adventure Landing St. Augustine,"2780 Florida 16, St. Augustine, Florida, 32092",29.9243635,-81.4186585,ddr,,ziv
Adventure Quest Laser Tag,"1001 Elmwood Park Boulevard, New Orleans, Louisiana, 70123",29.9592976,-90.1874072,ddr,,ziv
Adventure Science Center,"800 Fort Negley Boulevard, Nashville, Tennessee, 37203",36.1465042,-86.7754644,other,,ziv
Adventuredome @ Circus Circus Las Vegas Hotel Resort and Casino,"2880 South Las Vegas Boulevard, Las Vegas, Nevada, 89109",36.1379880,-115.1663387,ddr,,ziv
Aftershock Classic Arcade,"1444 East Washington Avenue, Madison, Wisconsin, 53703",43.0898654,-89.3631370,ddr,,ziv
Air Bounce,"7659 North Lee Highway, Cleveland, Tennessee",35.2565992,-84.7906533,ddr,,ziv
Akiba House (Chinatown),"116 Bowery, New York, NY, 10013",40.7182840,-73.9951138,chunithm;maimai_dx;other,,ziv
Akihabara,"8901 N Harlan St, Westminster, Colorado, 80031",39.8581737,-105.0646787,chunithm;ddr;jubeat;maimai_dx;other;popn;sdvx;taiko,,ziv
Akihabara Arcade and Bar,"8901 Harlan Street, Westminster,, Colorado, 80031",39.8581171,-105.0651513,chunithm;ddr;drs;iidx;jubeat;maimai_dx;nostalgia;other;popn;sdvx;taiko,,ziv;community
Akihabari,"10500 Centrum Parkway, Pineville, NC, 28134",35.0897674,-80.8788909,ddr;maimai_dx;other;sdvx,,ziv
Albuquerque <br> (Coronado Center),"6600 Menaul Blvd NE, Albuquerque, NM 87110, USA",35.1082420,-106.5713100,chunithm;ddr;drs;maimai_dx;sdvx;taiko,,round1usa
All Air Trampoline Park,"170 East Main Street, Hendersonville, Tennessee, 37075",36.3086245,-86.6070904,other,,ziv
All Star West,"8333 West 21st North, Wichita, Kansas, 67205",37.7209270,-97.4386780,ddr,,ziv
Alley Cats Family Entertainment Center,"2008 West Pleasant Ridge Road, Arlington, Texas, 76015",32.6769083,-97.1411518,ddr,,ziv
Allin1 Adventures,"1740 Bonita Lakes Circle, Meridian, Mississippi, 39301",32.3578870,-88.6743879,other,,ziv
"Altitude Trampoline Park (Spring, TX)","4740 Spring Cypress Road, Unit 200, Spring, Texas, 77379",30.0515953,-95.4947116,other,,ziv
Andretti Indoor Karting & Games (Buford),"2925 Buford Dr Suite 300, Buford, Georgia, 30519",34.0530656,-83.9926914,other,,ziv
Andretti Indoor Karting & Games (Chandler),"1712 S Cooper Rd, Chandler, AZ, 85286",33.2805301,-111.8081197,other,,ziv
Andretti Indoor Karting & Games (Dallas),"5752 Grandscape Boulevard, The Colony, Texas, 75056",33.0742482,-96.8611524,other,,ziv
Andretti Indoor Karting & Games (Marietta),"1255 Roswell Road, Marietta, Georgia, 30062",33.9524992,-84.5154271,other,,ziv
Andretti Indoor Karting & Games (Orlando),"9299 Universal Boulevard, Orlando, Florida, 32819",28.4343916,-81.4641705,other,,ziv
Andretti Indoor Karting & Games (Overland Park),"11610 Nall Ave., Overland Park, Kansas, 66211",38.9186850,-94.6499417,other,,ziv
Andretti Indoor Karting & Games (San Antonio),"5527 North Loop 1604 West, San Antonio, Texas, 78257",29.5931177,-98.5939632,other,,ziv
Andy B's,"8711 S. Lewis Tulsa, OK, Tulsa, Oklahoma, 74137",36.0379510,-95.9543480,ddr,,ziv
Another Castle - Arcade Edition (Edmonds),"23303C Washington 99, Edmonds, Washington, 98026",47.7876204,-122.3399439,other;popn,,ziv
Apex Entertainment (Marlborough),"21 Apex Drive, Marlborough, Massachusetts, 01752",42.3382529,-71.5849131,other,,ziv
Apex Entertainment (Virginia Beach),"4621 Columbus Street, Virginia Beach, Virginia, 23462",36.8405776,-76.1360696,other,,ziv
Arcade '92 (Flower Mound),"801 International Parkway, Suite 580, Flower Mound, Texas, 75022",32.9883818,-97.0639944,ddr;sdvx,,ziv
Arcade '92 (McKinney),"305 East Virginia Street, McKinney, Texas, 75069",33.1982356,-96.6128281,ddr;other,,ziv
Arcade Archaeology,"578 Aviation Road, Queensbury, NY, 12804",43.3265240,-73.6770822,chunithm;iidx;other,,ziv
Arcade at Horseshoe,"3645 South Las Vegas Boulevard, Las Vegas, Nevada, 89109",36.1138202,-115.1700818,other,,ziv
Arcade at Mobile Flea Market,"401 Schillinger Rd N, Mobile, Alabama, 36605",30.6992583,-88.2287931,ddr,,ziv
Arcade Galactic,"West Valley City, Utah, 84119",40.6945858,-111.9550466,other,,ziv
Arcade Galactic (formerly Game Grid Arcade),"3601 Constitution Boulevard, Valley Fair Mall, West Valley City, Utah, 84119",40.6948038,-111.9553667,ddr;other,,ziv
Arcade Legacy,"2241 Crowne Point Drive, Sharonville, Ohio, 45241",39.2683690,-84.4371874,maimai_dx;other;taiko,,ziv
Arcade Mania,"813A Ocean Trail, Corolla, North Carolina, 27927",36.4047049,-75.9306335,other,,ziv
ARCADE MONSTERS,6362 INTERNATIONAL DR ORLANDO FL 32819,28.4596379,-81.4683551,chunithm;ddr;drs;iidx;jubeat;maimai_dx;nostalgia;ongeki;other;popn;sdvx;taiko,,allnet;ziv
Arcade Monsters (Lake Mary),"1130 Townpark Ave, Suite 1122, Lake Mary, Florida, 32746",28.7885860,-81.3560626,chunithm;drs;other;popn;sdvx;taiko,,ziv
Arcade Monsters (Lido Beach),"326 John Ringling Boulevard, Sarasota, Florida, 34236",27.3176131,-82.5779273,chunithm;ddr;gitadora;jubeat;maimai_dx;nostalgia;other;popn;sdvx,,ziv
Arcade Monsters (Melbourne),"835 South Babcock Street, Melbourne, Florida, 32901",28.0950078,-80.6199064,chunithm;ddr;drs;gitadora;iidx;jubeat;maimai_dx;museca;nostalgia;other;popn;sdvx;taiko,,ziv
Arcade Monsters (Murrieta),"39809 Avenida Acacias, Murrieta, California, 92563",33.5683717,-117.1796125,chunithm;ddr;drs;gitadora;jubeat;maimai_dx;nostalgia;ongeki;other;popn;sdvx;taiko,,ziv
Arcade Monsters (Oviedo),"15 Alafaya Woods Blvd, Suite 117, Oviedo, Florida, 32765",28.6517888,-81.2068109,chunithm;ddr;drs;gitadora;iidx;jubeat;maimai_dx;museca;nostalgia;other;popn;sdvx;taiko,,ziv
Arcade Monsters (San Diego),"704 J St, San Diego, California, 92101",32.7096136,-117.1579839,chunithm;ddr;drs;gitadora;jubeat;maimai_dx;nostalgia;ongeki;other;popn;sdvx;taiko,,ziv
Arcade Odyssey,"12045 Southwest 117th Avenue, Miami, Florida, 33176",25.6556196,-80.3829644,chunithm;ddr;drs;iidx;jubeat;maimai_dx;nostalgia;other;sdvx;taiko,,ziv
Arcade Orlando at Dezerland Park,"5200 International Drive, Orlando, Florida, 32819",28.4682179,-81.4478812,other,,ziv
Arcade Replay North,"7916 N. El Dorado St., Stockton, CA, 95206",38.0213750,-121.3139133,chunithm;ddr;gitadora;iidx;jubeat;nostalgia;other;sdvx,,ziv
Arcade Replay South,"2542 S El Dorado St, Stockton, California, 95206",37.9251740,-121.2793370,ddr;other,,ziv
Arcade Time Entertainment (Avenues Mall),"10300 Southside Blvd, Jacksonville, Florida, 32256",30.1839936,-81.5540242,other,,ziv
ARCADE TIME ENTERTAINMENT ORLANDO,6464 International Drive Orlando FL 32819,28.4583305,-81.4688681,maimai_dx;other;taiko,,allnet;ziv
ARCADE TIME ENTERTAINMENT WELLINGTON,"10300 Forest hill Blvd #122 Wellington , Fl 33414",26.6454258,-80.2077054,maimai_dx;other,,allnet;ziv
Arcade Time Usa [The Falls Mall],"8888 Southwest 136th Street, Miami, Florida, 33176",25.6427769,-80.3372150,other,,ziv
Arcade UFO,"9029 Research Boulevard, Building #100, Austin, Texas, 78758",30.3731895,-97.7243085,chunithm;gitadora;jubeat;other;popn;sdvx,,ziv
Arcadia,"504 Congress Street, Portland, Maine, 04101",43.6562376,-70.2605010,chunithm;jubeat;sdvx,,ziv
Arcadia Manor,"1707 Spring Garden Street, Greensboro, North Carolina, 27403",36.0635232,-79.8192626,chunithm;jubeat;other;sdvx,,ziv
AREA 254,"901 S Fort Hood St, Killeen, TX, 76541",31.1131570,-97.7479550,other,,ziv
Area 53 Adventure Park,"616 Scholes Street, East Williamsburg, Brooklyn, New York, 11237",40.7123721,-73.9227346,other,,ziv
Arena Sports Issaquah,"2115 NW Poplar Way, Issaquah, Washington, 98027",47.5506318,-122.0705241,other,,ziv
Arena Sports Mill Creek,"13500 Bothell Everett Highway, Mill Creek, Washington, 98012",47.8759096,-122.2151554,other,,ziv
Arlington <br> (Arlington Parks),"3811 S Cooper St, Arlington, TX 76015, USA",32.6801360,-97.1297020,chunithm;ddr;drs;maimai_dx;sdvx;taiko,,round1usa
Arnold's Family Fun Center,"2200 West Drive, Oaks, Pennsylvania, 19456",40.1234895,-75.4564767,other,,ziv
Artcade,"116 Main St, Keene, 03431",42.9312277,-72.2776152,ddr,,ziv
Asheville Retrocade,"800 Haywood Road, Suite #100, Asheville, North Carolina, 28806",35.5788341,-82.5952132,ddr,,ziv
Astro Lanes,"32388 John R Road, Madison Heights, Michigan, 48071",42.5307887,-83.1049712,ddr,,ziv
Asylum Bar + Arcade,"3215 S Rancho Dr STE 105, Las Vegas, 89102",36.1325306,-115.1815976,other,,ziv
At The Pier Arcade,"3423 Quincy Mall space 3423, Quincy, Illinois, 62301",40.2510463,-90.2918018,ddr,,ziv
At the Pier Arcade,"750 Citadel Drive East, Colorado Springs, Colorado, 80909",38.8445040,-104.7589300,ddr,,ziv
Atlanta <br> (Cumberland Mall),"2860 Cumberland Mall SE, Atlanta, GA 30339, USA",33.8822370,-84.4683460,chunithm;ddr;drs;maimai_dx;sdvx;taiko,,round1usa
Atlantis,"One Casino Drive, Suite 41, Nassau, New Providence, 40438",25.0848215,-77.3214340,other,,ziv
Atlantis Casino Fun Center Arcade,"3800 South Virginia Street, Reno, Nevada, 89502-6191",39.4890290,-119.7926790,other,,ziv
Atomic Bowl,"624 Wellsian Way, Richland WA, Richland, Washington, 99352",46.2740616,-119.2839380,ddr,,ziv
Auburn Hills <br> (Great Lakes Crossing),"4220 Baldwin Rd, Auburn Hills, MI 48326, USA",42.7025380,-83.2996450,chunithm;ddr;drs;maimai_dx;sdvx;taiko,,round1usa
Aurora <br> (Fox Valley Mall),"2480 Fox Valley Center Rd, Aurora, IL 60504, USA",41.7590820,-88.2116190,chunithm;ddr;drs;maimai_dx;sdvx;taiko,,round1usa
AUSTIN'S PARK,"16231 North Interstate Highway 35, Pflugerville, Texas, 78660",30.4632492,-97.6661348,maimai_dx;other,,ziv
Axecade,"2217 The Strand Suite 217, Galveston, Texas, 77550",29.3070682,-94.7941602,ddr,,ziv
Axecadia,"55 W Nepessing St, Lapeer, Michigan, 48446",43.0165719,-83.6300956,ddr,,ziv
Azirixx's Peepeepoopooland,"Altoona, Pennsylvania, Altoona, PA, 16602",40.4530458,-78.4130036,other,,ziv
B&I Public Marketplace,"8012 S Tacoma Way, Lakewood, Washington, 98499",47.1841103,-122.4849751,other,,ziv
BA Start,"647 Higuera St, San Luis Obispo, 93401",35.2854242,-120.6532288,ddr,,ziv
Back to the 80s,"911 West 15th Street, Hazleton, Pennsylvania, 18201",40.9664452,-75.9889019,ddr;other,,ziv
Backpocket Pin & Pixel,"6205 Merle Hay Rd Suite 100, Johnston, IA, 50131",41.6736251,-93.6973257,other,,ziv
Backpocket Pin & Pixel,"6205 Merle Hay Rd, Johnston, Iowa, 50131",42.2773088,-91.4941406,other,,ziv
Backyard (Fort Worth),"1000 Foch Street, Fort Worth, Texas, 76107",32.7489674,-97.3569867,other,,ziv
Balboa Fun Zone,"600 E Bay Ave, Newport Beach, California, 92661",33.6032111,-117.9001451,other,,ziv
Bandai Namco Cross Store Brooklyn,"52 35th Street, Floor 2, Brooklyn, NY, 11232",40.6565381,-74.0068675,taiko,,ziv
Barcade (Center City Philadelphia),"1326 Chestnut St, Philadelphia, Pennsylvania, 19107",39.9506375,-75.1628894,chunithm;other,,ziv
Barcade (FiDi),"10 Cortlandt Street, Manhattan, New York, New York, 10003",40.7101092,-74.0103757,chunithm;other,,ziv
Basement_Corner,"Sandstone Park, Colorado Springs, 80922",38.8987819,-104.6995354,other,,ziv
Bavarian Inn Lodge,"1 Covered Bridge Ln, Frankenmuth, Michigan, 48734",43.3260128,-83.7361380,other,,ziv
Bay Area Raceway,"3825 Gulf Freeway, Dickinson, Texas, 77539",29.4469211,-95.0742936,other,,ziv
BB Grand Slam,"910 Oak Tree Avenue, South Plainfield, New Jersey, 07080",40.5759429,-74.3887203,ddr,,ziv
Beach Fun & Games,"12975 Village Blvd, Madeira Beach, Florida, 33708",27.7857550,-82.7833400,ddr;iidx;sdvx,,ziv
Bears Den Arcade - Tan-Tar-A Resort,"494 Tantara Dr, Building B, Osage Beach, Missouri, 65065",38.1275224,-92.7179790,ddr,,ziv
Beavercreek <br> (Fairfield Commons),"2727 Fairfield Commons, Beavercreek, OH 45431, USA",39.7673120,-84.0566500,chunithm;ddr;drs;maimai_dx;sdvx;taiko,,round1usa
Beercade2,"1423 S 13th St, Omaha, NE , 68108",41.2446876,-95.9329967,ddr,,ziv
BHOP Esports (Hawthorn),"506 Hawthorn Center, Vernon Hills, Illinois, 60061",42.2431155,-87.9517552,chunithm;ddr;jubeat;other;sdvx,,ziv
Big Al's Beaverton,"14950 SW Barrows Rd, Beaverton, Oregon, 97007",45.4290201,-122.8297587,ddr;other,,ziv
Big Al's Meridian,"1900 N Eagle Rd, Meridian, Idaho, 83646",43.6222615,-116.3507576,ddr;other,,ziv
Big Al's Silicon Valley,"27 Ranch Drive, Milpitas, California, 95035",37.4270886,-121.9232386,other,,ziv
Big Al's Vancouver,"16615 SE 18th Street, Vancouver, Washington, 98683",45.6077570,-122.5008480,other,,ziv
BIG Best in Games,"4095 Carpenter Road, Ypsilanti, Michigan, 48197",42.2282465,-83.6793741,ddr,,ziv
Big John's Family Fixin's,"6438 Appalachian Hwy, Davis, West Virginia, 26260",39.1216732,-80.0440827,other,,ziv
Big Rock Mini Golf,"11411 Baseline Rd, Little Rock, Arkansas, 72209",34.7370985,-91.6946411,ddr,,ziv
Big Sky Arcadia (Bozeman),"2825 West Main Street, Bozeman, Montana, 59718",45.6726067,-111.0776418,other,,ziv
Big Sky Arcadia (Missoula),"2901 Brooks St, Missoula, Montana, 59801",46.8451057,-114.0276361,other,,ziv
Billy Bob's Sports Bar,"333 N Main Ave., Gresham, Oregon",45.5002072,-122.4312893,other,,ziv
Bingo Beer Co,"2900 West Broad Street, Richmond, Virginia, 23230",37.5635614,-77.4715446,other,,ziv
BIRD BOWL,"9275 SW 40th St, Miami, Florida, 33165",25.7331357,-80.3455335,other,,ziv
Bit Bar,"278 Derby Street, Salem, Massachusetts, 01970",42.5205473,-70.8909452,ddr;jubeat;other,,ziv
Blackbeard's Family Entertainment Center,"4055 N Chestnut Diagonal, Fresno, California, 93727",36.7917400,-119.7296160,ddr;gitadora,,ziv
Block Party Social,"51 Zapora Road, Hooksett, New Hampshire, 03106",43.0412116,-71.4317365,other,,ziv
Boardman Movies 8,"469 Boardman Poland Road, Boardman, Ohio, 44512",41.0206087,-80.6445166,ddr,,ziv
Boardwalk Bar & Arcade,"715 Wharf Street Southwest, Washington, District of Columbia, 20024",38.8784368,-77.0240709,ddr,,ziv
Boardwalk Fun And Games,"15 Morris Avenue, Unit 112/113, Long Branch, New Jersey, 07740",40.2993038,-73.9798336,other,,ziv
Bob’s Bullpen,"125 North 2nd Avenue, Alpena, Michigan, 49707",45.0628317,-83.4325227,ddr,,ziv
Boing! Jump Center,"532 South Econ Circle, Oviedo, Florida, 32765",28.6203441,-81.2143600,ddr,,ziv
Boomers! (Boca Raton),"3100 Airport Road, Boca Raton, Florida, 33431",26.3746005,-80.1145336,other,,ziv
Boomers! (Irvine),"3405 Michelson Drive, Irvine, California, 92612",33.6716689,-117.8349459,other,,ziv
Boomers! (Santa Maria),"2250 N. Preisker Lane, Santa Maria, California,  93458",34.9819111,-120.4334003,ddr;other,,ziv
Boomers! (Vista),"1525 Vista Way, Vista, California, 92083",33.1911508,-117.2363091,ddr;other,,ziv
Boomers! Palm Springs,"67-700 E Palm Canyon Dr, Cathedral City, California, 92234",33.7901332,-116.4836437,ddr,,ziv
Boomtown Fun Center,"2100 Boomtown Garson Rd, Reno, Nevada, 89523",39.5112410,-119.9626251,other,,ziv
Boss Battle Games,"6020 East 82nd Street, Indianapolis, Indiana, 46250",39.9088634,-86.0672431,ddr;gitadora;jubeat;other;popn;sdvx,,ziv
Boston Bowl,"820 William T Morrissey Boulevard Dorchester, MA, Dorchester, Massachusetts, 02122",42.2940060,-71.0462960,ddr,,ziv
Boston's Restaurant & Sports Bar,"804 Cacheris Court, Casa Grande, Arizona, 85122",32.8812206,-111.6961379,other,,ziv
Bowl 360 Astoria,"19-45 49th Street, Queens, New York, 11105",40.7732695,-73.8947448,other,,ziv
Bowl 360 Brooklyn,"1 Bouck Court, Brooklyn, New York, 11223",40.5889817,-73.9736151,other,,ziv
Bowl 360 Ozone Park,"98-18 Rockaway Boulevard, Ozone Park, Queens, New York, 11417",40.6796035,-73.8401997,other,,ziv
Bowlero,"1425 North Central Avenue, Avondale, Arizona, 85323",33.4483919,-112.3489718,other,,ziv
Bowlero (Gilbert),"1160 South Gilbert Road, Gilbert, Arizona, 85296",33.3291300,-111.7919254,ddr,,ziv
Bowlero Lanes,"3852 Steilacoom Boulevard Southwest, Lakewood, Washington, 98499",47.1755587,-122.4874628,other,,ziv
Bowlero Los Angeles,"8731 Lincoln Blvd, Westchester, California, 90045",33.9883492,-118.3945084,other,,ziv
Bowlero Murrieta,"40440 Cal Oaks Road, Murietta, California, 92562",33.5762659,-117.2003710,ddr;other,,ziv
Bowlero Tamarac,"8501 North University Drive, Tamarac, Florida, 33321",26.2281379,-80.2540013,other,,ziv
Bowlero Tuscaloosa,"2001 McFarland Boulevard East, Tuscaloosa, Alabama, 35404",33.1919139,-87.5241601,other,,ziv
Boxcar Bar + Arcade (Durham),"621 Foster Street, Durham, North Carolina, 27701",36.0033629,-78.9015838,other,,ziv
Boxcar Bar + Arcade (Greensboro),"120 West Lewis Street, Greensboro, North Carolina, 27406",36.0662855,-79.7917130,other,,ziv
Boxcar Bar + Arcade (Raleigh),"330 West Davie Street, Raleigh, North Carolina, 27601",35.7760295,-78.6450202,other,,ziv
Bragging Rights,"113 NW 8th Ave, Gainesville, Florida, 32605",29.6588870,-82.3262751,ddr;gitadora;iidx;nostalgia;other,,ziv
Branchburg Sports Complex,"47 Readington Road, Branchburg, New Jersey, 08876",40.5976780,-74.6927834,ddr;other,,ziv
Brunswick Desert Sky Lanes,"7241 W Indian School Rd, Phoenix, Arizona, 85033",33.4945619,-112.2160267,other,,ziv
Brunswick Zone,"24666 Sunnymead Boulevard  Moreno Valley, CA, Moreno Valley, California, 92553",33.9398960,-117.2316740,ddr,,ziv
Brunswick Zone,"785 Old Roswell Road, Roswell, Georgia, 30076",34.0339710,-84.3387140,ddr,,ziv
Buffaloe Lanes Mebane Bowling Center,"103 S 5th St  Mebane, NC, Mebane, North Carolina, 27302",36.0945267,-79.2653655,ddr,,ziv
BumperNets @ Riverchase Galleria,"2000 Riverchase Galleria, Hoover, Alabama, 35244",33.3772025,-86.8085237,ddr,,ziv
Burbank <br> (Burbank Town Center),"201 E Magnolia Blvd, Burbank, CA 91502, USA",34.1836500,-118.3124020,chunithm;ddr;drs;maimai_dx;sdvx;taiko,,round1usa
Buzz Social,"2310 Lineville Road, Green Bay, Wisconsin, 54313",44.5945318,-88.0719423,other,,ziv
Cactus Jack's Family Fun Center,"1211 North Council Road, Oklahoma City, Oklahoma, 73127",35.4813110,-97.6547317,iidx;jubeat;nostalgia;other;popn;sdvx,,ziv
CanCan Wonderland,"755 Prior Avenue North, Saint Paul, Minnesota, 55104",44.9648326,-93.1834037,ddr;other,,ziv
Cape Square Entertainment,"3801 US-9, Rio Grande, New Jersey, 08242",39.0141298,-74.8793496,other,,ziv
Capital Lanes,"820 Capital Circle Northeast, Tallahassee, Florida, 32301",30.4478708,-84.2288912,ddr,,ziv
Captain Crazy's Paradise,"2139 South McKenzie Street, Foley, Alabama, 36535",30.3835992,-87.6824333,chunithm;iidx;jubeat;maimai_dx;nostalgia;other;popn;sdvx;taiko,,ziv
Carlisle Sports Emporium,"29 South Middlesex Road, Carlisle, Pennsylvania, 17015",40.2320446,-77.1341766,other,,ziv
Casino Pier Arcade,"800 Ocean Terrace, Seaside Heights, New Jersey, 08751",39.9427714,-74.0707077,other,,ziv
Castle Park,"3500 Polk Street, Riverside, California, 92505",33.9029714,-117.4674186,ddr;other,,ziv
Castlecade,"95 North Moorland Road, Brookfield, Wisconsin, 53005",43.0318578,-88.1106170,other,,ziv
Castlecade (East Towne),"115 East Towne Way, Madison, Wisconsin, 53704",43.1250204,-89.3049577,ddr;jubeat;sdvx,,ziv
Castlecade (West Towne),"66 West Towne Mall, Madison, Wisconsin, 53719",43.0573848,-89.5059049,chunithm;sdvx,,ziv
Castles N' Coasters,"9445 N. Metro Pkwy E, Phoenix, Arizona, 85051",33.5735671,-112.1186031,other,,ziv
Century 20 Downtown Redwood City,"825 Middlefield Road, Redwood City, California, 94063",37.4861834,-122.2289239,ddr;other,,ziv
Century Laguna 16 Theatres,"9349 Big Horn Blvd., Elk Grove, California, 95758",38.4182159,-121.4044516,ddr;other,,ziv
Century Theaters 14 and DX,"1201 Locust St, Walnut Creek, CA, Walnut Creek, California, 94596",37.8964605,-122.0618327,ddr;other,,ziv
Century Theaters 16,"14300 E Alameda Ave, Aurora, Colorado, 80014",39.7110390,-104.8215450,ddr,,ziv
Challenge Arcade,"1665 State Hill Rd, Wyomissing, PA, 19610",40.3409182,-75.9708242,other,,ziv
Chandler <br> (Chandler Fashion Center),"3177 W Chandler Blvd, Suite #100 Chandler, AZ 85226, USA",33.3024440,-111.8985500,chunithm;ddr;drs;maimai_dx;sdvx;taiko,,round1usa
Chaparral 300,"4191 Chino Hills Parkway, Chino Hills, California, 91709",33.9825237,-117.7142257,ddr,,ziv
Chaparral Lanes,"400 West Bonita Avenue, San Dimas, California, 91773",34.1057329,-117.8144807,ddr,,ziv
Charlie's Collectible Show,"6009 Memorial Dr, Unit 14, Stone Mountain, Georgia, 30083",33.8020805,-84.1915158,ddr,,ziv
Chicken Ranch Casino Resort,"9100 People of the Mountain Road, Jamestown, California, 95327",37.9275785,-120.4473209,other,,ziv
CHINATOWN FAIR,"8 Mott St, New York, NY 10038",40.7140173,-73.9985710,ddr;maimai_dx;other,,allnet;ziv
Choctaw Casino & Resort,"4216 S. Hwy 69/75, Durant, Oklahoma, 74701",33.9507827,-96.4142992,other,,ziv
Chuck E Cheese's (East San Jose),"2445 Fontaine Road, San Jose, California, 95121",37.3190150,-121.8292760,other,,ziv
Chuck E Cheese’s,"2120 Wilkes Barre Township Marketplace, Wilkes-Barre Township, Pennsylvania, 18702",41.2389403,-75.8564852,other,,ziv
Chuck E. Cheese,"2846 Mountaineer Blvd., Charleston, West Virginia, 25309",38.3170488,-81.7197123,other,,ziv
Chuck E. Cheese (Paramus),"275 Route 4 West, Paramus, New Jersey, 07652",40.9149557,-74.0479239,other,,ziv
Chuck E. Cheese's,"24039 Hesperian Blvd, Hayward, California, 94545",37.6521418,-122.1113072,other,,ziv
Chuck E. Cheese's,"4408 Milestrip Rd, Buffalo, New York, 14219",42.7258303,-78.8227844,other,,ziv
Chuck E. Cheese’s,"2209 Richland Mall, Mansfield, Ohio, 44906",40.7698047,-82.5927692,other,,ziv
Chuck's Arcade (Mall Of Georgia),"3333 Buford Dr, Buford, GA, 30519",34.0649966,-83.9846206,other,,ziv
Chuck's Arcade (Pheasant Lane Mall),"310 Daniel Webster Highway, Nashua, New Hampshire, 03060",42.7004191,-71.4368658,other,,ziv
Chuck's Arcade (The Mall at Rockingham Park),"1 Mall Road, Salem, New Hampshire, 03079",42.7689074,-71.2314838,other,,ziv
Chuck’s Arcade (Brea),"1065 Brea Mall, Brea, California, 92821",33.9161133,-117.8857523,other,,ziv
Cici's Pizza,"1055 Goodman Rd. E, Southaven, Mississippi, 38671",34.9613718,-89.9716703,other,,ziv
Cicis Pizza,"1850 Victor Posner Blvd, Davenport, Florida , 33837",28.2280524,-81.6457049,other,,ziv
Cidercade (Arlington),"500 E. Division St., Arlington, Texas, 76010",32.7360917,-97.1029971,jubeat;maimai_dx;other;sdvx,,ziv
Cidercade (Dallas),"2759 Irving Boulevard Service Road, Dallas, Texas, 75207",32.8057853,-96.8458171,other;sdvx,,ziv
CIDERCADE AUSTIN,600 e riverside Dr Austin tx 78704,30.2524716,-97.7410337,chunithm;jubeat;maimai_dx;ongeki;other;sdvx,,allnet;ziv
CIDERCADE HOUSTON,2320 canal st #100 Houston TX 77003,29.7575862,-95.3464930,chunithm;jubeat;maimai_dx;nostalgia;ongeki;other;popn;sdvx,,allnet;ziv
Cinemark (Pittsburgh Mills Mall),"590 Pittsburgh Mills Circle, Tarentum, Pennsylvania, 15084",40.5740330,-79.7959971,other,,ziv
Cinemark Imax,"10802 E 71st St, Tulsa, Oklahoma, 74133",36.0584017,-95.8564666,ddr,,ziv
Cinemark Orlando and XD @ Dezerland,"5150 International Drive, Orlando, Florida, 32819",28.4700025,-81.4463830,ddr;other,,ziv
Cinemark Theatres,"4721 S Timberline Rd, Fort Collins, Colorado, 80528-300",40.5206667,-105.0422144,ddr;other,,ziv
Cinergy Entertainment Amarillo Featuring EPIC,"9201 Cinergy Square, Amarillo, Texas, 79119",35.1529463,-101.9445709,other,,ziv
Circle Bowl & Entertainment (Ledgewood),"1107 Route 46 W, Ledgewood, New Jersey, 07852",40.8800088,-74.6455964,other,,ziv
Circle Bowl & Entertainment (Piscataway),"1665 Stelton Road, Piscataway, New Jersey, 08854",40.5337880,-74.4184229,other,,ziv
Circuit Social,"258 Granby St, Norfolk, Virginia, 23510",40.9437083,-83.2304653,ddr,,ziv
Circuit Social,"258 Granby Street, Norfolk, Virginia, 23510",36.8495975,-76.2904663,ddr;other,,ziv
Circus Arcade,"1401 Paul Bunyan Drive Northwest, Bemidji, Minnesota, 56601",47.4945751,-94.8997383,ddr,,ziv
City Limits Sports Bar & Bowling Center (Mason),"801 North Cedar Street, Mason, Michigan, 48854",42.6048540,-84.4819257,other,,ziv
City of Industry <br> (Puente Hills Mall),"1600 S Azusa Ave, City of Industry, CA 91748, USA",33.9934050,-117.9267070,chunithm;ddr;drs;maimai_dx;sdvx;taiko,,round1usa
Clark County Family YMCA,"11324 Northeast 51st Circle, Vancouver, Washington, 98682",45.6616672,-122.5570672,other,,ziv
CLAW CADE,630 OLD COUNTRY RD GARDEN CITY NY11530,40.7378609,-73.6138821,maimai_dx;other,,allnet;ziv
Claw Daddy,"2103 Montebello Town Center, Montebello, California, 90640",34.0358017,-118.0833997,taiko,,ziv
Claw Daddy Arcades Mission Valley,"1640 Camino Del Rio N Ste 221, San Diego, CA, 92108",32.7681645,-117.1484989,other;taiko,,ziv
Cluggy's Amusement Center,"393 Beddington Boulevard, Chambersburg, Pennsylvania, 17201",39.9375569,-77.6294756,other,,ziv
Clutch Effects (Viejas Outlet Center),"5005 Willows Rd, Ste F104, Alpine, California, 91901",32.8408753,-116.7045989,other,,ziv
Cobra Arcade,"63 E Congress Street, Tucson, Arizona, 85701",32.2221798,-110.9699741,ddr,,ziv
Coin Crazy Family Fun Center,"1024 Expressway Lane, Spanish Fork, Utah, 84660",40.1219659,-111.6369902,other,,ziv
Coin-Op Sacramento,"908 K Street, Sacramento, California, 95814",38.5791357,-121.4948460,other,,ziv
Colonial Bowling and Entertainment,"2420 Brunswick Avenue, Lawrenceville, New Jersey, 08648",40.2571329,-74.7274675,ddr,,ziv
Colony Park Lanes & Games,"1900 Pennsylvania Ave, York, Pennsylvania, 17404",39.9845067,-76.7467493,other,,ziv
Combat Ops Entertainment,"100 Dillmont Dr, Columbus, OH, 43235",40.1347417,-83.0133929,other,,ziv
Combat Ops Entertainment-Indy,"4850 East Southport Road, Indianapolis, Indiana, 46237",39.6678068,-86.0867062,other,,ziv
Compass Entertainment Complex,"100 Entertainment Drive, Irvington, Virginia, 22480",37.6891863,-76.4130583,other,,ziv
COMPUTER Z@NE,"MD100, Elkridge, Maryland, 21075",39.1967420,-76.7667958,jubeat;museca;other,,ziv
Concord <br> (Sunvalley Mall),"185 Sunvalley Mall, Concord, CA 94520, USA",37.9668050,-122.0613890,chunithm;ddr;drs;maimai_dx;sdvx;taiko,,round1usa
Conroe's Incredible Pizza Company,"230 South Loop 336 West, Conroe, Texas, 77304",30.2804116,-95.4614422,other,,ziv
Continues Arcade,"1050 N. Fayette Street, Alexandria, Virginia, 22314",38.8167293,-77.0505007,ddr;other,,ziv
Corner Pocket: George Mason University,"10423 Rivanna River Way, Fairfax, Virginia, 22030",38.8307674,-77.3053338,other,,ziv
Corvette Diner Gamers Garage,"2965 Historic Decatur Road, San Diego, California, 92106",32.7416040,-117.2096410,other,,ziv
CrackerJax,"16001 North Scottsdale Road, Scottsdale, Arizona, 85254",33.6318145,-111.9231716,ddr,,ziv
Crazy Quarters Arcade,"521 Washington Avenue, Bay City, Michigan, 48708",43.5958708,-83.8882542,ddr;other,,ziv
Crossroads Social House,"180 Dominion St., Wytheville, Virginia, 24382-1120",36.8268747,-81.9689941,other,,ziv
Crowbar Arcade,"195 State St, Binghamton, NY, 13901",42.1017828,-75.9119384,ddr,,ziv
"Cyber Zone, Ho-Chunk Casino","S3214 County Highway Boulevard, Baraboo, Wisconsin, 53913",43.5283575,-89.7757131,ddr,,ziv
Daffodil Bowl,"1624 E. Main Street, Puyallup, WA, 98372",47.1913444,-122.2713027,ddr,,ziv
Dairy Queen,"6714 S Croatan Hwy, Nags Head, North Carolina, 27959",35.9179660,-75.6048297,ddr,,ziv
Danbury <br> (Danbury Fair),"7 Backus Ave, Danbury, CT 06810, USA",41.3793130,-73.4822740,chunithm;ddr;drs;maimai_dx;sdvx;taiko,,round1usa
Dancetopia,"33054 Garfield Road, Fraser, MI, 48026",42.5399690,-82.9491717,ddr;iidx;jubeat;nostalgia;other,,ziv
Dave & Buster's,"1 Galleria Dr, Buffalo, New York, 14225",42.9142578,-78.7635611,other,,ziv
Dave & Buster's,"100 Columbiana Circle, Suite 5, Columbia, South Carolina, 29212",34.0771364,-81.1562312,other,,ziv
Dave & Buster's,"1025 Woodruff Road, Greenville, South Carolina, 29607",34.8339390,-82.3040295,other,,ziv
Dave & Buster's,"11049 Carolina Place Parkway, Pineville, North Carolina, 28134",35.0835265,-80.8769938,other,,ziv
Dave & Buster's,"1105 Walnut Street, Cary, NC, Cary, North Carolina, 27511",35.7714122,-78.7616971,ddr;other,,ziv
Dave & Buster's,"11780 Fountains Way, Maple Grove, Minnesota, 55369",45.0929134,-93.4289450,ddr;other,,ziv
Dave & Buster's,"1322 Celebrity Circle, Myrtle Beach, South Carolina, 29577",33.7182871,-78.8807845,other,,ziv
Dave & Buster's,"15 Miracle Mile Drive, Rochester, New York, 14623",43.0830203,-77.6362803,other,,ziv
Dave & Buster's,"1507 Cornerstone Blvd, Daytona Beach, Florida, 32114",29.2194706,-81.0949596,other,,ziv
Dave & Buster's,"15701 LC Hilton Dr, Panama City Beach, Florida, 32413",30.2309456,-85.8720890,other,,ziv
Dave & Buster's,"19499 Victor Parkway, Livonia, Michigan, 48152",42.4285059,-83.4229015,other,,ziv
Dave & Buster's,"245-249 Mishawum Road, Woburn, Massachusetts, 01801",42.5034483,-71.1381726,other,,ziv
Dave & Buster's,"250 Granite Street, Braintree, Massachusetts, 02184",42.2188741,-71.0237172,ddr;other,,ziv
Dave & Buster's,"3000 Oakwood Blvd, Hollywood, Florida, 33020-7100",26.0401649,-80.1622710,ddr;other,,ziv
Dave & Buster's,"3023 Southwest 45th Street, Gainesville, Florida, 32608",29.6250788,-82.3936791,ddr,,ziv
Dave & Buster's,"32 West 19th Street, North Little Rock, Arkansas, 72114",34.7729306,-92.2754813,other,,ziv
Dave & Buster's,"45511 Park Ave, Ste D, Utica, Michigan, 48315",42.6308861,-83.0115660,ddr;other,,ziv
Dave & Buster's,"781 Heights Boulevard, Florence, Kentucky, 41042",38.9861463,-84.6450122,other,,ziv
Dave & Buster's,"8361 Concord Mills Boulevard, Concord, North Carolina, 28027",35.3715796,-80.7237073,ddr,,ziv
Dave & Buster's,"950 Makers Way Northwest, Huntsville, Alabama, 35806",34.7381964,-86.6641599,other,,ziv
Dave & Buster's,"Greenwood Park Mall, Greenwood, Indiana, 46142",39.6337294,-86.1207445,ddr,,ziv
Dave & Buster's,"Sugarloaf Mills, 5900 Sugarloaf Pkwy, Lawrenceville, Georgia, 30043",33.9803767,-84.0785656,ddr,,ziv
Dave & Buster's (Ala Moana Center),"1450 Ala Moana Blvd, Suite 1052, Honolulu, Hawaii, 96814",21.2924658,-157.8462705,maimai_dx;other,,ziv
Dave & Buster's (Alderwood),"3000 184th St. S.W, Lynnwood, Washington, 98037",47.8293640,-122.2701035,ddr,,ziv
Dave & Buster's (Arlington),"415 Curtis Mathes Way, Arlington, Texas, 76018",32.6808113,-97.1044370,other,,ziv
Dave & Buster's (Arundel Mills),"7000 Arundel Mills Circle, Hanover, Maryland, 21076",39.1596156,-76.7232706,other,,ziv
Dave & Buster's (Atlantic Center),"625 Atlantic Avenue, Suite 311, 3rd Floor, Brooklyn, New York, 11217",40.6837302,-73.9748014,ddr;other,,ziv
Dave & Buster's (Austin),"9333 Research Boulevard, Austin, Texas, 78759",30.3834822,-97.7374288,ddr,,ziv
Dave & Buster's (Baltimore / White Marsh),"8200 Perry Hall Boulevard, Baltimore, Maryland, 21236",39.3752328,-76.4687868,other,,ziv
Dave & Buster's (Bassett Place),"6101 Gateway Blvd West #2006, El Paso, Texas, 79925",31.7840345,-106.4122546,other,,ziv
Dave & Buster's (Baybrook Mall),"704 Baybrook Mall Dr, Friendswood, Texas, 77546",29.5449045,-95.1500239,ddr;other,,ziv
Dave & Buster's (Boise Towne Square),"546 North Milwaukee Ave, Boise, Idaho, 83704",43.6095911,-116.2838030,other,,ziv
Dave & Buster's (Camp Hill),"3503 Capital City Mall Dr, Camp Hill, Pennsylvania, 17011",40.2236004,-76.9309117,other,,ziv
Dave & Buster's (Capitol Heights),"1851 Ritchie Station Court, Capitol Heights, Maryland, 20743",38.8637709,-76.8495369,other,,ziv
Dave & Buster's (Chattanooga),"2084 Hamilton Place Boulevard, Chattanooga, Tennessee, 37421",35.0329111,-85.1593297,ddr,,ziv
Dave & Buster's (Clackamas Town Center),"11860 SE 82nd Ave, Suite 4020, Happy Valley, Oregon, 97086",45.4348152,-122.5752031,other,,ziv
Dave & Buster's (Colorado Center),"2000 S Colorado Blvd, Denver, Colorado, 80222",39.6810168,-104.9391210,ddr;other,,ziv
Dave & Buster's (Connecticut Post Mall),"1201 Boston Post Rd, Ste 2093, Milford, CT, 06460",41.2364994,-73.0340836,other,,ziv
Dave & Buster's (Corbin Park),"6811 West 135th Street, Overland Park, Kansas, 66223",38.8813224,-94.6657874,other,,ziv
Dave & Buster's (Corpus Christi),"5488 South Padre Island Drive, Corpus Christi, Texas, 78411",27.7111795,-97.3727572,other,,ziv
Dave & Buster's (Crossgates Mall),"1 Crossgates Mall Road, Suite L117, Albany, New York, 12203",42.6897797,-73.8522838,ddr;other,,ziv
Dave & Buster's (Davenport),"5248 Elmore Avenue, Davenport, Iowa, 52807",41.5720818,-90.5310325,maimai_dx,,ziv
Dave & Buster's (Des Moines),"190 South Jordan Creek Parkway, West Des Moines, Iowa, 50266",41.5675728,-93.8030507,other,,ziv
Dave & Buster's (Desert Ridge Marketplace),"21001 N Tatum Blvd, Ste 44-1400, Phoenix, Arizona, 85050",33.6766801,-111.9731381,ddr,,ziv
Dave & Buster's (Destiny USA),"10335 Destiny USA Dr, Syracuse, New York, 13290",43.0538114,-76.1478651,other,,ziv
Dave & Buster's (Dimond Center),"800 East Dimond Boulevard, Anchorage, Alaska, 99515",61.1444753,-149.8669589,other,,ziv
Dave & Buster's (Downtown Summerlin),"2130 Park Centre Drive, Ste. 100, Las Vegas, Nevada, 89135",36.1486133,-115.3325261,ddr;other,,ziv
Dave & Buster's (Euless),"2525 Rio Grande Boulevard, Euless, Texas, 76039",32.8736583,-97.1032190,ddr,,ziv
Dave & Buster's (Fairfax),"11958 U Fair Oaks Shopping Center, Fairfax, Virginia, 22033",38.8634130,-77.3609270,other,,ziv
Dave & Buster's (Fountains at Roseville),"1174 Roseville Parkway, Roseville, California, 95678",38.7680000,-121.2700778,ddr,,ziv
Dave & Buster's (Franklin Mall),"1995 Franklin Mills Cir, Philadelphia, Pennsylvania, 19154",40.0917222,-74.9610194,ddr;other,,ziv
Dave & Buster's (Freehold),"3710 US-9, Freehold, New Jersey, 07728",40.2512978,-74.2998076,other,,ziv
Dave & Buster's (Frisco),"2601 Preston Rd #1200,, Frisco, Texas, 75034",33.0998646,-96.8111050,ddr,,ziv
Dave & Buster's (Gaithersburg),"9811 Washingtonian Blvd., Gaithersburg, Maryland, 20878",37.8271414,-76.0089111,other,,ziv
Dave & Buster's (Gateway Center),"395 Gateway Drive, Brooklyn, New York, 11239",40.6505059,-73.8709973,ddr;other,,ziv
Dave & Buster's (Gloucester),"200 Premium Outlets Dr, Blackwood, New Jersey, 08012",39.7851677,-75.0499973,ddr,,ziv
Dave & Buster's (Great Mall),"940 Great Mall Drive, Milpitas, California, 95035",37.4185040,-121.8978380,ddr;other,,ziv
Dave & Buster's (Greenwich Place),"2644 N Greenwich Ct, Wichita, Kansas, 67226",37.7323679,-97.2033622,other,,ziv
Dave & Buster's (Hanes Mall),"3320 Silas Creek Parkway #300, Winston-Salem, North Carolina, 27103",36.0711600,-80.2989957,other,,ziv
Dave & Buster's (HHLA),"6081 Center Drive, Los Angeles, California, 90045",33.9772731,-118.3905933,ddr;other,,ziv
Dave & Buster's (Highland Ridge Heights),"9279 Highland Ridge Heights, Colorado Springs,, CO , 80920",38.9649981,-104.7853498,other,,ziv
Dave & Buster's (Hilliard),"3665 Park Mill Run Drive, Hilliard, Ohio, 43026",40.0279389,-83.1212818,ddr;other,,ziv
Dave & Buster's (Homestead),"180 East Waterfront Drive, Pittsburgh, Pennsylvania, 15120",40.4095823,-79.9141634,ddr;other,,ziv
Dave & Buster's (Irvine Spectrum Center),"661 Spectrum Center Drive, Irvine, California, 92618",33.6508204,-117.7436127,ddr;other,,ziv
Dave & Buster's (Islandia),"1856 Veterans Memorial Highway, Islandia, New York, 11749",40.8031817,-73.1784749,ddr;other,,ziv
Dave & Buster's (Jack London Square),"55 Harrison Street, Oakland, California, 94607",37.7941329,-122.2743933,other,,ziv
"Dave & Buster's (Jacksonville, FL)","7025 Salisbury Rd, Jacksonville, Florida, 32256",30.2449440,-81.5869290,ddr;other,,ziv
Dave & Buster's (Janss Marketplace),"145 West Hillcrest Drive, Thousand Oaks, California, 91360",34.1815192,-118.8797737,ddr;other,,ziv
Dave & Buster's (Johnson City),"405 Reynolds Rd, Johnson City, New York, 13790",42.1282274,-75.9742572,other,,ziv
Dave & Buster's (Kentwood),"3660 28th St SE, Kentwood, Michigan, 49512",42.9105199,-85.5769620,other,,ziv
Dave & Buster's (King of Prussia),"310 Goddard Blvd, Suite 200, King of Prussia, Pennsylvania, 19406",40.0925184,-75.3961978,maimai_dx;other,,ziv
Dave & Buster's (Legends Outlets),"1843 Village West Parkway, Suite 201, Kansas City, Kansas, 66111",39.1269054,-94.8270713,ddr;other,,ziv
Dave & Buster's (Long Beach Towne Center),"7515 Carson Boulevard, Long Beach, California, 90808",33.8298911,-118.0876529,other,,ziv
Dave & Buster's (Mall St. Matthews),"5000 Shelbyville Road, Louisville, 40207",38.2484939,-85.6240082,other,,ziv
Dave & Buster's (Manchester),"100 Buckland Hills Drive, Manchester, Connecticut, 06042",41.8072173,-72.5500869,other,,ziv
Dave & Buster's (Memphis),"2751 Wolf Creek Pkwy, Memphis, Tennessee, 38133",35.2007184,-89.7940937,other,,ziv
Dave & Buster's (Miami),"11481 NW 12th St Miami, FL 33172, Miami, Florida, 33172",25.7867462,-80.3812020,ddr;other,,ziv
Dave & Buster's (Mobile),"1757 E Interstate 65 Service Rd S, Mobile, Alabama, 36606",30.6547851,-88.1210164,other,,ziv
Dave & Buster's (Nashville),"Opry Mills, 540 Opry Mills Drive, Nashville, Tennessee, 37214",36.2061703,-86.6942187,ddr;other,,ziv
Dave & Buster's (New Orleans),"1200 Poydras Street, #601, New Orleans, Louisiana, 70113",29.9506167,-90.0763191,other,,ziv
Dave & Buster's (North Hills),"6258 Northway Mall Drive, Pittsburgh, Pennsylvania, 15237",40.5500699,-80.0206161,other,,ziv
Dave & Buster's (North Point Marketcenter),"6500 North Point Parkway, Alpharetta, Georgia, 30022",34.0438965,-84.2936243,other,,ziv
Dave & Buster's (Omaha),"2502 South 133rd Plaza, Suite 111, Omaha, Nebraska, 68144",41.2358959,-96.1225660,ddr;other,,ziv
Dave & Buster's (Orland Park),"49 Orland Square Drive, Orland Park, Illinois, 60462",41.6172010,-87.8512787,ddr,,ziv
Dave & Buster's (Ovation Hollywood),"6801 Hollywood Boulevard, Los Angeles, California, 90028",34.1021626,-118.3392801,ddr;other,,ziv
Dave & Buster's (Palisades Center),"4661 Palisades Center Drive, West Nyack, New York, 10994",41.0971138,-73.9544024,ddr,,ziv
Dave & Buster's (Pelham Manor),"881 Pelham Parkway, Pelham Manor, New York, 10803",40.8929177,-73.8208401,other,,ziv
Dave & Buster's (Philadelphia Waterfront),"325 N Christopher Columbus Boulevard, Philadelphia, Pennsylvania, 19106",39.9562188,-75.1386531,ddr;other,,ziv
Dave & Buster's (Pinnacle Hills Promenade),"2203 S Promenade Blvd, Rogers, Arkansas, 72758",36.3053751,-94.1741287,other,,ziv
Dave & Buster's (Plymouth Meeting Mall),"500 West Germantown Pike, Plymouth Meeting, Pennsylvania, 19462",40.1158261,-75.2820725,ddr,,ziv
Dave & Buster's (Rosemont),"9870 Berwyn Avenue, Rosemont, Illinois, 60018",41.9757353,-87.8703336,other,,ziv
Dave & Buster's (Santa Rosa Plaza),"1071 Santa Rosa Plaza, Santa Rosa, CA 95401, Santa Rosa, 95401",38.4393545,-122.7171995,maimai_dx;other,,ziv
Dave & Buster's (Schaumburg),"601 North Martingale Road, Schaumburg, IL, 60173",42.0391898,-88.0338979,other,,ziv
Dave & Buster's (Serramonte Center),"130 Serremonte Center, Daly City, California, 94015",37.6712269,-122.4714280,ddr;other,,ziv
Dave & Buster's (Sevierville),"1706 Parkway, Sevierville, Tennessee, 37862",35.8355448,-83.5747076,other,,ziv
Dave & Buster's (Shenandoah),"8915 Metropark Drive, Shenandoah, Texas, 77385",30.1954187,-95.4500663,ddr,,ziv
Dave & Buster's (Shops at 29),"2700 West Expressway 83, McAllen, Texas, 78501",26.1950837,-98.2519450,other,,ziv
Dave & Buster's (Solano Town Center),"1420 Travis Boulevard, Fairfield, California, 94533",38.2593897,-122.0524354,ddr;other,,ziv
Dave & Buster's (South Point Shopping Center),"239 Highway 81, McDonough, Georgia, 30253",33.4269756,-84.1890452,other,,ziv
Dave & Buster's (Southdale Center),"500 Southdale Center, Edina, Minnesota, 55435",44.8804931,-93.3247721,other,,ziv
Dave & Buster's (Springfield),"6655 Springfield Mall, Springfield, Virginia, 22150",38.7736756,-77.1749640,other,,ziv
Dave & Buster's (St. Louis),"13857 Riverport Drive, Maryland Heights, Missouri, 63043",38.7577189,-90.4681456,ddr;other,,ziv
Dave & Buster's (Staten Island),"2655 Richmond Avenue, Staten Island, New York, 10314",40.5823826,-74.1667138,other,,ziv
Dave & Buster's (Tempe Marketplace),"2000 East Rio Salado Parkway, Tempe, Arizona, 85281",33.4331134,-111.9042563,other,,ziv
Dave & Buster's (The Gateway),"140 South Rio Grande Street, Salt Lake City, Utah, 84101",40.7664041,-111.9043994,other,,ziv
Dave & Buster's (The Mall of New Hampshire),"1500 South Willow Street, Manchester, New Hampshire, 03103",42.9552862,-71.4347511,ddr,,ziv
"Dave & Buster's (The Outlet Collection, Seattle)","1101 Outlet Collection Way, Auburn, Washington, 98001",47.2982831,-122.2434327,other,,ziv
Dave & Buster's (The Outlets at Orange),"100 City Boulevard West, Orange, California, 92868",33.7848860,-117.8937296,ddr,,ziv
Dave & Buster's (The Shops at Santa Anita),"400 South Baldwin Avenue, Arcadia, California, 91007",34.1357485,-118.0494545,ddr;other,,ziv
Dave & Buster's (The Verdanda),"2075 Diamond Boulevard, Ste. H180, Concord, California, 94520",37.9732083,-122.0602675,ddr;other,,ziv
Dave & Buster's (The Village at River Park),"212 East River Park Circle, Fresno, California, 93720",36.8550891,-119.7862744,ddr,,ziv
Dave & Buster's (Times Square NYC),"234 West 42nd Street, 3rd Floor, New York, NY, 10036",40.7565601,-73.9881742,ddr;other,,ziv
Dave & Buster's (Torrance),"21880 Hawthorne Blvd, Torrance, California, 90503",33.8285966,-118.3490716,ddr,,ziv
Dave & Buster's (Tucson Marketplace at The Bridges),"1390 East Tucson Marketplace Boulevard, Tucson, Arizona, 85713",32.1832863,-110.9507006,other,,ziv
Dave & Buster's (Union Villiage),"821 David Baker Wy,, Henderson, NV, 89011",36.0720351,-115.0334537,other,,ziv
Dave & Buster's (Vernon Hills),"424 Hawthorn Center, Vernon Hills, Illinois, 60061",42.2425641,-87.9487654,ddr,,ziv
Dave & Buster's (Vintage Faire Mall),"3401 Dale Road, Modesto, California, 95356",37.6888403,-121.0518435,ddr,,ziv
Dave & Buster's (Virginia Beach),"701 Lynnhaven Parkway, Virginia Beach, Virginia, 23452",36.8182590,-76.0701256,other,,ziv
Dave & Buster's (Wayne),"310 Willowbrook Mall, Wayne, New Jersey, 07470",40.8902617,-74.2612629,other,,ziv
Dave & Buster's (Westbury),"1504 Old Country Road, Westbury, New York, 11590",40.7442123,-73.5944117,ddr;other,,ziv
Dave & Buster's (Westlake),"25735 1st Street, Westlake, Ohio, 44145",41.4732245,-81.9054580,ddr;other,,ziv
Dave & Buster's (Westminster Prominade),"10667 Westminster Blvd., Westminster, Colorado, 80020",39.8901634,-105.0701952,ddr;other,,ziv
Dave & Buster's (Whitehall),"1491 MacArthur Road, Whitehall, Pennsylvania, 18052",40.6291149,-75.4836124,ddr;other,,ziv
Dave & Buster's (Winrock Town Center),"2100 Louisiana Blvd NE, Albuquerque, New Mexico, 87110",35.1013723,-106.5635633,other,,ziv
Dave & Buster's (Woodbridge Center),"274 Woodbridge Center Drive, Woodbridge Township, New Jersey, 07095",40.5572318,-74.3000556,other,,ziv
Dave & Buster's - Providence Place Mall,"100 Francis Street, Providence, Rhode Island, 02908",41.8279586,-71.4173203,ddr;other,,ziv
Dave & Buster's @ Ellsworth Place,"8661 Colesville Rd, Silver Spring, Maryland, 20910",38.9972660,-77.0269167,other,,ziv
Dave & Buster's @ Natick Mall,"1245 Worcester Street, Natick, Massachusetts, 01760",42.3008251,-71.3814885,other,,ziv
Dave & Buster's @ Washingtonian Center,"9811 Washingtonian Blvd Ste H1, Gaithersburg, Maryland, 20878",39.1158849,-77.1974583,other,,ziv
DAVE & BUSTER'S DALLAS,9450 n central expressway dallas tx 75231,32.8773851,-96.7688110,ddr;maimai_dx,,allnet;ziv
Dave & Buster's Fort Myers,"13499 S Cleveland Ave Ste 400, Fort Myers, Florida, 33907",26.5504100,-81.8702566,other,,ziv
Dave & Buster's Lafayette,"201 Spring Farm Road, Lafayette, Louisiana, 70508",30.1522771,-92.0418825,other,,ziv
Dave & Buster's Marietta,"2215 D and B Dr SE, Marietta, Georgia, 30067",33.9191471,-84.4867140,ddr;other,,ziv
Dave & Buster's Springdale,"11775 Commons Dr., Springdale, Ohio, 45246",39.2927274,-84.4539830,ddr,,ziv
DAVE & BUSTER'S SUGARLAND,19892 southwest freeway Sugarland Tx 77479,29.5649375,-95.6839000,maimai_dx;other,,allnet;ziv
Dave & Busters,"201b Bay Park Square, Green Bay, Wisconsin, 54304",44.4845543,-88.0668461,ddr;other,,ziv
Dave & Busters,"519 Commerce Drive, Madison, Wisconsin, 53719",43.0553245,-89.5058381,other,,ziv
Dave & Busters,"950 Makers Wy NW, Huntsville, Alabama, 35806",34.7298567,-86.6251871,other,,ziv
"Dave & Busters (Augusta, GA)","807 Cabela Drive, Augusta, Georgia, 30909",33.5245520,-82.0225076,ddr,,ziv
Dave & Busters (Clarksville),"2801 Wilma Rudolph Blvd, Clarksville, Tennessee, 37040",36.5881725,-87.2873639,other,,ziv
Dave & Busters (Riverchase Galleria),"2700 Galleria Cir Ste 110, Hoover, Alabama, 35244",33.3790508,-86.8080694,other,,ziv
Dave & Buster’s (Canton),"4110 Belden Village Street Northwest, Canton, Ohio, 44718",40.8549902,-81.4264383,ddr;other,,ziv
Dave & Buster’s (Northridge Fashion Center),"9301 Tampa Avenue, Los Angeles, California, 91324",34.2405067,-118.5556155,other,,ziv
Dave & Buster’s Sioux Falls,"2690 South Lorraine Place, Sioux Falls, South Dakota, 57106",43.5204183,-96.7826754,ddr,,ziv
DawnStar Video Games,"3007 W Clay St, Suite A, Richmond, Virginia, 23230",37.5659388,-77.4713260,ddr;iidx;jubeat;museca;nostalgia;other;sdvx,,ziv
Daytona Lagoon,"601 Earl Street, Daytona Beach, Florida, 32118",29.2299952,-81.0117194,other,,ziv
Decades Amusement & Fare,"438 North Queen Street, Lancaster, Pennyslvania, 17603",40.0451810,-76.3076143,ddr,,ziv
Decades Arcade,"418 East Main Street, Charlottesville, Virginia, 22902",38.0297920,-78.4788333,jubeat;other;popn;sdvx,,ziv
Deptford Township <br> (Deptford Mall),"1750 Deptford Center Rd, Deptford Township, NJ 08096, USA",39.8315110,-75.0975440,chunithm;ddr;drs;maimai_dx;sdvx;taiko,,round1usa
Disney's All Star Music Resort - Note'able Games,"1801 West Buena Vista Drive, Lake Buena Vista, Florida, 32830-8436",28.3397583,-81.5727785,other,,ziv
Disney's Beach Club Resort - Lafferty Place Arcade,"1800 Epcot Resorts Boulevard, Lake Buena Vista, Florida, 32830-8443",28.3712829,-81.5573716,other,,ziv
Disney's Contemporary Resort - The Game Station,"4600 North World Drive, Lake Buena Vista, Florida, 32830-8413",28.4147392,-81.5746418,other,,ziv
Disney's Pop Century Resort - Fast Forward Arcade,"1050 Century Drive, Lake Buena Vista, Florida, 32830-8433",28.3503838,-81.5428627,other,,ziv
District 57,"1526 Alleghany St B, Charlotte, 28208",35.3425749,-81.0578156,chunithm;jubeat,,ziv
District Brewing,"2000 Main Street, Ferndale, WA 98248, Ferndale, 98248",48.8461774,-122.5893333,other,,ziv
District Eat and Play,"1395 Oviedo Mall Boulevard, Oviedo, Florida, 32765",28.6632598,-81.2326914,other,,ziv
District Eat and Play (Overland Park),"11149 W 95th St, Overland Park, Kansas, 66214",38.9530013,-94.7192289,other,,ziv
District Jungle KC,"18801 East 39th Street South, Independence, Missouri, 64057",39.0453527,-94.3580532,other,,ziv
Diversions Game Room,"9900 San Pedro Avenue, San Antonio, Texas, 78216",29.5304807,-98.4965183,other,,ziv
Dogpatch Arcade,"1482 Bagnell Dam Blvd, Lake Ozark, Missouri, 65049",38.1990645,-92.6395458,ddr,,ziv
"Dogwood Social House (O'Fallon, IL)","1206 Central Park Drive, O'Fallon, Illinois, 62269",38.5760426,-89.9325309,other,,ziv
"Dogwood Social House (O'Fallon, MO)","2601 State Highway K, O'Fallon, Missouri, 63368",38.7734330,-90.7017946,other,,ziv
Doyle's Outpost,"4620 Kenmore Ave, Seminary Plaza, Alexandria, 22304",38.8295096,-77.1090004,other,,ziv
Draftcade (Kansas City),"7260 Northwest 87th Street, Kansas City, Missouri, 64153",39.2517003,-94.6648376,ddr,,ziv
Dragon's Lair,"663 Stillwater Ave, Bangor, ME 04401, United States, Bangor, 04401",44.8321043,-68.7475491,ddr,,ziv
DUCK! - Mall Of America,"342 Central Parkway, Bloomington, Minnesota, 55425",44.8560837,-93.2420075,chunithm;ddr;drs;maimai_dx;other;sdvx;taiko,,ziv
DZ Comics And Gaming,"625 North Moore Avenue, Moore, Oklahoma, 73160",35.3444937,-97.4955764,other,,ziv
Earl Bowl Lanes (Earlington),"390 Morwood Road, Earlington, Pennsylvania, 18918",40.3207998,-75.3711774,other,,ziv
eBash,"3401 South US Highway 41, Terre Haute, Indiana, 47802",39.4267906,-87.4187480,other,,ziv
Edison <br> (Menlo Park Mall),"55 Parsonage Rd Space 1850A, Edison, NJ 08837, USA",40.5472240,-74.3351590,chunithm;ddr;drs;maimai_dx;sdvx;taiko,,round1usa
EightyOne Arcade Bar,"221 South Phillips Avenue, Sioux Falls, South Dakota, 57104",43.5452702,-96.7271952,ddr;drs;jubeat;nostalgia;other,,ziv
EinStein's Pub & Arcade,"16733 West Airport Boulevard, Richmond, Texas, 77407",29.6484470,-95.6812133,other,,ziv
Eldorado Auto Skooter & Arcade,"1216 Surf Ave, Brooklyn, New York, 11224",40.5748958,-73.9801785,ddr,,ziv
Electric Bat Arcade,"25 West Southern Avenue, Tempe, Arizona, 85282",33.3926519,-111.9403517,jubeat;other;popn;sdvx,,ziv
Electric Starship Arcade,"5620 Denton Hwy, Haltom City, TX, 76148",32.8491297,-97.2628213,ddr;nostalgia;other;sdvx,,ziv
Elev8 Fun,"7902 Citrus Park Town Center Mall, Tampa, Florida, 33625",28.0678977,-82.5750686,other,,ziv
Elizabeth <br> (The Mills at Jersey Gardens),"651 Kapkowski Rd. Anchor XJ, Elizabeth, NJ 07201, USA",40.6589230,-74.1703360,chunithm;ddr;drs;maimai_dx;sdvx;taiko,,round1usa
Elston Electric,"1357 North Elston Avenue, Chicago, Illinois, 60642",41.9067079,-87.6592418,other,,ziv
Emerald Falls Arcade,"8602 Thomas Drive, Panama City, Florida, 32408",30.1674056,-85.7879502,ddr,,ziv
Emporium - San Francisco,"616 Divisadero Street, San Francisco, California, 94117",37.7754087,-122.4376608,ddr,,ziv
ENTERRIUM,2 WOODFIELD MALL SCHAUMBURG IL 60173,42.0453408,-88.0340351,ddr;drs;iidx;maimai_dx;other;popn;sdvx,,allnet;ziv
Erie <br> (Millcreek Mall),"5800 Peach St, Erie, PA 16509, USA",42.0677230,-80.0977160,chunithm;ddr;drs;maimai_dx;sdvx;taiko,,round1usa
Escape @ Margaritaville Resort Biloxi,"195 Beach Blvd., Biloxi, Mississippi, 39530",30.3911734,-88.8620644,other,,ziv
Eugene <br> (Valley River Center),"600 Valley River Ctr, Eugene, OR 97401, USA",44.0686000,-123.1082270,chunithm;ddr;drs;maimai_dx;sdvx;taiko,,round1usa
EVO Entertainment (Southlake),"1450 Plaza Place, Southlake, Texas, 76092",32.9447566,-97.1282548,other,,ziv
EVO Entertainment Kyle,"3200 Kyle Crossing, Kyle, Texas, 78640",30.0298958,-97.8533368,other,,ziv
Exton <br> (Exton Square Mall),"172 Exton Square Pkwy, Exton, PA 19341, USA",40.0313630,-75.6235090,chunithm;ddr;drs;maimai_dx;sdvx;taiko,,round1usa
Extraordinaire Arcade,"2237 Sepulveda Avenue, San Bernardino, California, 92405",34.1367618,-117.2823556,ddr,,ziv
Extravaganza Greenville,"714 Greenville Boulevard Southeast, Greenville, North Carolina, 27858",35.5870426,-77.3680508,other,,ziv
Extravaganza Wilmington,"3500 Oleander Dr, Wilmington, North Carolina, 28403",34.2121038,-77.9064343,ddr;other,,ziv
Extreme Fun Center,"901 S Boone St, Aberdeen, Washington, 98520",46.9620090,-123.8058436,ddr,,ziv
Factory Tea Bar,"323 South Mission Drive, San Gabriel, California, 91776",34.0977154,-118.1088958,chunithm;maimai_dx;ongeki;other,,ziv
Family Arcade (Family Amusement Corp),"876 N Vermont Ave, Los Angeles, California, 90029",34.0875259,-118.2913430,gitadora;other,,ziv
Family Fun Center,"2899 Whiteford Rd, Unit #240, York, PA, 17402",39.9898951,-76.6745273,ddr;other,,ziv
Family Time Dine and Play,"550 Center Street, Auburn, Maine, 04210",44.1217410,-70.2284332,ddr,,ziv
Fang's Island,"521B West Oglethorpe Highway, Hinesville, Georgia, 31313",31.8368870,-81.5974139,other;taiko,,ziv
Fast Lane Entertainment,"1117 N Dixieland St, Lowell, Arkansas, 72745",36.2714730,-94.1439916,other,,ziv
Fat Cats Bowling,"10685 Westminster Blvd, Westminster, Colorado",39.8907630,-105.0727760,ddr,,ziv
Fiesta Family Fun Center,"171 East 1160 South, St. George, Utah, 84770",37.0897244,-113.5801209,other,,ziv
Fire Betty's,"1122 Thomasville Road, #9, Tallahassee, Florida, 32303",30.4544435,-84.2786469,ddr;other,,ziv
Fireball Arcade,"218 East Main Street, Front Royal, Virginia, 22630",38.9177699,-78.1908520,ddr,,ziv
Firefly Toys & Games,"736a Saint Andrews Road, Columbia, South Carolina, 29210",34.0435013,-81.1214557,other,,ziv
Fizzy's Arcade,"4770 PA-405 N, Milton, Pennsylvania, 17847",40.9943057,-76.8634737,ddr,,ziv
Flags and Wheels Indoor Racing and Arcade,"605 Saint Charles Street, Rapid City, South Dakota, 57701",44.0695053,-103.2283891,ddr,,ziv
Flashback Arcade,"258 River Rock Boulevard, Murfreesboro, Tennessee, 37128",35.8450794,-86.4359796,ddr;other,,ziv
Flight 509,"10502 E Montgomery Dr., Spokane Valley, WA, 99206",47.6798146,-117.2634434,other,,ziv
Flip Off Arcade,"15941 Meridian Avenue East, Puyallup, Washington, 98374",47.1116781,-122.2924895,ddr,,ziv
Flipper's Arcade & Convenience,"6615 Caratoke Highway, Grandy, North Carolina, 27939",36.2325202,-75.8731542,drs,,ziv
Flippers Family Arcade,"1617 Capitol Ave., Cheyenne, Wyoming, 82001",41.1334811,-104.8154291,ddr,,ziv
Flippin' Great Pinball,"632-2 Railroad Square, Tallahassee, Florida, 32310",30.4332479,-84.2935908,chunithm;ddr;jubeat;sdvx,,ziv
Flynn's Gaming,"5869 Margate Boulevard, Margate, Florida, 33063",26.2437895,-80.2053675,ddr;other;sdvx,,ziv
Fortune Bay Casino & Resort,"1430 Bois Forte Road, Tower, Minnesota, 55790",47.8220375,-92.3430812,ddr,,ziv
Four Swords Retropub,"Main Floor, Masonic Square Mall, 130 W, Washington St u6, Marquette, Michigan, 49855",46.5435319,-87.3939979,ddr;iidx,,ziv
Fourth Dimension Fun Center,"4725 Arcadia Dr, Frederick, Maryland, 21704",39.3637296,-77.4202601,other,,ziv
Free Play Arcade - Abilene,"250 Cypress Street, Abilene, TX, 79601",32.4509963,-99.7345412,ddr;jubeat;other;sdvx,,ziv
Free Play Arcade - Dallas,"3015 Gulden Lane, Dallas, Texas, 75212",32.7797926,-96.8281839,ddr;gitadora;iidx;jubeat;maimai_dx;nostalgia;other;popn;sdvx,,ziv
Free Play Arcade - Denton,"101 West Hickory Street, Denton, Texas, 76201",33.2145359,-97.1328290,ddr;iidx;jubeat;museca;other,,ziv
Free Play Arcade - Richardson,"1730 East Belt Line Road, Richardson, Texas, 75081",32.9438056,-96.6933056,ddr;jubeat;museca;other;sdvx,,ziv;community
Free Play Bar & Arcade - Taunton,"904 County Street, Taunton, Massachusetts, 02780",41.8783805,-71.0623807,chunithm;ongeki;other,,ziv
Freeplay Bar & Arcade - Providence,"182 Pine Street, Providence, Rhode Island, 02903",41.8200623,-71.4120605,chunithm;ongeki;other,,ziv
Freeplay Bar & Arcade - Worcester,"25 Union Street, Worcester, Massachusetts, 01608",42.2700266,-71.7982879,chunithm;ddr;jubeat;ongeki;other;popn,,ziv
Frontier Town Water Park and Mini Golf,"8428 Stephen Decatur Highway, Berlin, Maryland, 21811",38.2929007,-75.1494348,ddr,,ziv
Fun -N- Games Rewind,"6989 Market Street, Boardman, Ohio, 44512",41.0278628,-80.6622647,ddr,,ziv
Fun 4 You at Indian Mound Mall,"771 South 30th Street, Heath, Ohio, 43056",40.0315598,-82.4475296,other,,ziv
Fun City,"1739 Beam Ave, Maplewood, MN, 55109",45.0773997,-93.1427765,other,,ziv
fun city adventure park,"90 Providence Hwy, East Walpole, MA, 02032",42.1549016,-71.2019900,other,,ziv
Fun City Adventure Park (Blackwood),"5200 New Jersey 42 North, Blackwood, New Jersey, 08012",39.7534360,-75.0446774,other,,ziv
Fun City Resort and Hotel,"3001 Winegard Drive, Burlington, Iowa, 52601",40.8225589,-91.1395497,other,,ziv
Fun Depot,"2003 10th Ave N, Lake Worth Beach, Florida, 33461",26.6279721,-80.0732895,other,,ziv
Fun Dungeon - Excalibur Hotel & Casino,"3850 Las Vegas Blvd South Las Vegas NV, Las Vegas, Nevada, 89109",36.0992408,-115.1750786,other,,ziv
Fun Factory,"1700 Norman Dr, #1076, Valdosta, 31601",30.8435518,-83.3198776,other,,ziv
Fun Factory (Cordova Mall),"5100 N. 9th Ave., Unit J890, Pensacola, FL, 32504",30.4745447,-87.2073595,other,,ziv
Fun Factory (Florida Mall),"8001 S Orange Blossom Trl, Orlando, FL, 32809",28.4458269,-81.3977926,maimai_dx;other,,ziv
Fun Factory (Kamehameha Shopping Center),"1620 North School Street, Suite #113, Honolulu, Hawaiʻi, 96817",21.3362078,-157.8683840,ddr,,ziv
Fun Factory (Waiakea Center),"315 Makaʻala Street, Hilo, Hawaiʻi, 96720",19.7014056,-155.0630016,ddr,,ziv
Fun Factory (Windward Mall),"46-056 Kamehameha Highway, Kaneohe, Hawaiʻi, 96744",21.4205431,-157.8058583,ddr;sdvx,,ziv
Fun Factory - Kona Coast Shopping Center,"74-5586 Palani Rd, Kailua Kona, 96740",19.6458058,-155.9949508,ddr,,ziv
FUN FACTORY - MAUI MALL,"70 EAST KAAHUMANU AVE, UNIT A-13 KAHULUI, HI 96732",20.8915555,-156.4645280,ddr;maimai_dx,,allnet;ziv
FUN FACTORY - MILILANI,"95-1249 MEHEULA PKWY SUITE D-8 MILILANI, HI 96789",21.4533682,-158.0061044,ddr;maimai_dx;sdvx,,allnet;ziv
FUN FACTORY - PEARL CITY GATEWAY,"1140 KUALA STREET, UNIT #100 PEARL CITY, HI 96782",21.4001258,-157.9753304,iidx;maimai_dx;other;popn,,allnet;ziv
Fun Land of Fredericksburg,"1351 Central Park Blvd, Fredericksburg, Virginia, 22401",38.3029260,-77.5111154,other,,ziv
Fun N Stuff,"661 Highland Rd E, Macedonia, Ohio, 44056",41.2997520,-81.4998300,ddr;other,,ziv
Fun Quest (Grand Sierra Resort),"2500 East 2nd Street, Reno, Nevada, 89502",39.5238723,-119.7783136,other,,ziv
Fun Spot Arcade (Chuck E Cheese),"2287 Tyrone Square, St. Petersburg, Florida, 33710",27.7932556,-82.7328780,other,,ziv
Fun Spot Arcade (Trumbull Mall),"5065 Main St Suite 185, Trumbull, CT, 06611",41.2297902,-73.2272673,other,,ziv
Fun Station USA,"3555 Victory Boulevard, Staten Island, New York, 10314",40.6016081,-74.1767652,other,,ziv
Fun World,"127 Canada Street, Lake George, New York, 12845",43.4228335,-73.7139220,other,,ziv
Fun Zone USA (Folsom),"13000 Folsom Boulevard, Suite 907, Folsom, California, 95630",38.6435859,-121.1879783,ddr;other,,ziv
Fun Zone! Arcade (Konocti Vista Casino Resort),"2755 Mission Rancheria Road, Lakeport, California, 95453",39.0207487,-122.8891959,other,,ziv
Fun-Land Arcade,"14510 Front Beach Rd., Panama City Beach, Florida, 32413",30.2049881,-85.8560946,other,,ziv
Fun-O-Rama,"9 Beach St., York Beach, Maine, 03910",43.1757209,-70.6104994,ddr;other,,ziv
Funarama,"169 Ocean Blvd., Hampton, New Hampshire, 03842",42.9097257,-70.8109583,ddr;other,,ziv
FUNBOX Bowie,"3861 Evergreen Pkwy, Bowie, MD, 20716",38.9415241,-76.7356663,other,,ziv
FUNCITY TRAMPOLINE PARK,"447 South Broadway, Salem, New Hampshire, 03079",42.7470831,-71.2011695,other,,ziv
FunDimension,"2129 Northwest 1st Court, Miami, Florida, 33127",25.7973652,-80.1974541,other,,ziv
Funtastic Arcade (Columbia Gorge Outlets),"450 NW 257th Way #310, Troutdale, Oregon, 97060",45.5435954,-122.3881111,ddr;other,,ziv
Funtastic Arcade (Seaside Outlets),"1111 North Roosevelt Drive, Suite 330, Seaside, Oregon, 97138",46.0001983,-123.9165112,other,,ziv
Funtasticks Family Fun Park,"4540 North Stone Avenue, Tucson, Arizona, 85705",32.2883151,-110.9683389,ddr,,ziv
Funtivity Arcade & Fun Center,"141 E Main St B, Newark, 19711",39.6833184,-75.7472055,other,,ziv
Funtivity Arcade and Fun Center,"104 Destiny USA Dr, Syracuse, New York, 13204",43.0686997,-76.1726680,other,,ziv
Funway,"1335 South River Street, Batavia, Illinois, 60510",41.8364881,-88.3067559,other,,ziv
Funworld,"200 Daniel Webster Highway, Nashua, New Hampshire, 03060",42.7162955,-71.4422874,ddr;gitadora;other,,ziv
Funzilla (Delran),"5029 US-130, Suite 300, Delran, New Jersey, 08075",40.0182852,-74.9539608,other,,ziv
Galactic Arcade,"4802 Valley View Blvd NW, Level 1, Space LA 15, Roanoke, Virginia, 24012",37.3039455,-79.9639089,other;taiko,,ziv
Galaxy Bowling,"1025 Amberly Way, Richmond, KY, 40475",37.7339074,-84.3264638,other,,ziv
Galaxy Game Room,"1500 Southeast East Devils Lake Road, Lincoln City, Oregon, 97367",44.9590170,-124.0114519,other,,ziv
Galaxy of Games Family Fun Center,"Zern's Farmer's Market, Stand #302, Gateway #29, (Rt. 73 E), Gilbertsville, Pennsylvania, 19525",40.3215540,-75.6184440,ddr,,ziv
GAMA Ride,"2200 Bridgepointe Pkwy, San Mateo, California, 94404",37.5619629,-122.2817801,ddr,,ziv
Game Box Arcade (Dover),"1365 North Dupont Highway, Dover, Delaware, 19901",39.1947802,-75.5405713,ddr,,ziv
Game Box Arcade (Langhorne),"2300 E Lincoln Hwy, Langhorne, Pennsylvania, 19047",40.1826972,-74.8820293,other,,ziv
Game Corner and Family Fun Center,"1190 East Hwy 372 #8, Pahrump, Nevada, 89048",36.2062876,-115.9933813,other,,ziv
Game Galaxy Arcade,"3 South Lowry Street, Smyrna, Tennessee, 37167",35.9829158,-86.5188692,other,,ziv
Game Nest,"4525 Spring Mountain Road, Suite 112, Las Vegas, Nevada, 89102",36.1253065,-115.2017679,chunithm;ddr;drs;gitadora;iidx;jubeat;maimai_dx;museca;nostalgia;ongeki;other;popn;sdvx;taiko,,ziv
Game On (Mohegan Sun),"1 Mohegan Sun Boulevard, Montville, Connecticut, 06382",41.4933132,-72.0913598,ddr;other,,ziv
Game On Arcade (Poppy Bank Epicenter),"3215 Coffey Lane, Santa Rosa, California, 95403",38.4673350,-122.7464375,ddr;other,,ziv
GAME OVER,"1022 E Broadway, Alton, Illinois, 62002",38.8886862,-90.1699020,jubeat;other,,ziv
Game Over Bar Arcade,"2565 West New Haven Avenue, West Melbourne, Florida, 32904",28.0782469,-80.6628934,other,,ziv
Game Room (Industry City),"51 35th Street, 1st Floor, Brooklyn, New York, 11232",40.6574786,-74.0077247,other,,ziv
Game Space,"3550 South Washington Avenue, # 23, Titusville, Florida, 32780",28.5750484,-80.8018363,other,,ziv
Game Underground,"349 Moody Street, Waltham, Massachusetts, 02453",42.3702947,-71.2374590,chunithm;jubeat;maimai_dx;ongeki;other;popn;sdvx,,ziv
Game Zone @ West Ridge Mall,"1801 SW Wanamaker Rd Ofc, Topeka, Kansas, 66604",39.0401557,-95.7247169,other,,ziv
gamecenter,"22009 68th Ave S, Kent, Washington, 98032",47.4046797,-122.2500229,chunithm;jubeat;maimai_dx;museca;ongeki;other;taiko,,ziv
gamecenter arcade,"22009 68th Ave S, Kent, WA 98032",,,chunithm;jubeat;maimai_dx;museca;ongeki;other;taiko,,community
GameCraft Arcade & Bar,"168 Center Street, Unit 106, Southington, Connecticut, 06489",41.6007269,-72.8825582,ddr;other,,ziv
GameGuys,"12200 Gulf Freeway, Houston, Texas, 77034",29.6230959,-95.2269734,other,,ziv
GameOn Bar+Arcade (Columbia),"6000 Merriweather Drive, Columbia, Maryland, 21044",39.2065359,-76.8628298,other,,ziv
GamePlay,"Marley Station Mall, 7900 Ritchie Highway, Glen Burnie, Maryland, 21061",39.1381992,-76.6046593,chunithm;other,,ziv
Gamerheadz,"10 Southdale Center, Edina, Minnesota, 55435",44.8812805,-93.3250043,ddr,,ziv
Gamers Heaven,"285 Schuylkill Rd, Phoenixville, Pennsylvania, 19460",40.1359720,-75.5440521,other,,ziv
Games Gallery Arcade (California's Great America),"4701 Great America Pkwy, Santa Clara, CA , 95054",37.3937762,-121.9720339,ddr;other,,ziv
Games Room Etc. @ Cal Poly Pomona,"Bronco Student Center Bldg. 35-1110, 3801 W. Temple Ave., Pomona, California, 91768",34.0504550,-117.8207300,ddr;other,,ziv
"Games, Inc. (Edgewater Mall)","2600 Beach Blvd, 2600 Beach Blvd, Biloxi, Mississippi, 39531",30.3924325,-88.9899152,other,,ziv
"Games, Inc. (Turtle Creek Mall)","1000 Turtle Creek Dr., Suite 710, Hattiesburg, 39402",31.3280949,-89.3759153,other,,ziv
Gamescape by Cinemark (El Paso),"13361 Gateway Blvd. West, El Paso, Texas, 79928",31.6966243,-106.2694007,other,,ziv
GameTime,"5701 Sunset Drive, South Miami, Florida, 33143",25.7056738,-80.2861214,other,,ziv
GameTime [Kissimmee],"3237 Margaritaville Boulevard, Kissimmee, Florida, 34747",28.3447566,-81.6082797,other,,ziv
Gametime Lanes & Entertainment,"210 Andover St., Peabody, MA, 01960",42.5416904,-70.9440103,other,,ziv
GAMEWORKS,1511 7TH AVE SEATTLE WA 98101,47.6118622,-122.3338196,ddr;gitadora;maimai_dx;other;popn;taiko,,allnet;ziv
Garage 75,"1175 Folly Road, Charleston, South Carolina, 29412",32.7238713,-79.9678945,other,,ziv
Garage Billiards & Bowl,"1130 Broadway, Seattle, Washington, 98122",47.6122091,-122.3202804,other,,ziv
Garden City Pavilion Arcade,"103 Atlantic Avenue, Murrells Inlet, South Carolina, 29576",33.5769736,-78.9987842,ddr;other,,ziv
Gary’s Arcade - West Seattle Arcade,"2820 Alki Ave SW, Seattle, WA, 98116",47.5782356,-122.4128035,ddr,,ziv
Gatcha (Fashion Centre at Pentagon City),"1100 S Hayes St, Arlington, VA, 22202",38.0826895,-76.9921875,chunithm;maimai_dx,,ziv
Gatcha (Fashion Centre),"1100 S Hayes St, Arlington, VA 22202, Arlington, 22202",38.8645144,-77.0601211,chunithm;maimai_dx,,ziv
Gatcha (King of Prussia Mall),"160 N Gulph Rd, Suite #2015, King of Prussia, Pennsylvania, 19406",40.0881374,-75.3934354,chunithm;drs;jubeat;maimai_dx;other;taiko,,ziv
Gatcha (Koreatown),"313 5th Ave, New York, 10016",40.7468871,-73.9854214,chunithm;ddr;drs;iidx;jubeat;maimai_dx;nostalgia;other;popn;taiko,,ziv
Gatcha (Square One Mall),"1201 Broadway, Saugus, MA, 01906",42.4602926,-71.0269599,maimai_dx;other,,ziv
Gatcha at Perimeter Mall,"4400 Ashford Dunwoody Rd, Atlanta, Georgia, 30346",34.0366528,-84.1909790,chunithm;drs;maimai_dx,,ziv
GATCHA TANGRAM,133-33 37TH AVE #F1/F2 FLUSHINGNY 11354,40.7605824,-73.8337836,chunithm;ddr;drs;gitadora;maimai_dx;ongeki;other;taiko,,allnet;ziv
Gattitown,"2524 Nicholasville Road, Lexington, Kentucky, 40503",37.9983271,-84.5187879,other,,ziv
GattiTown,"316 North Green River Road, Evansville, Indiana, 47715",37.9800748,-87.4959071,ddr,,ziv
Geeks Mania,"6502 Odana Road, Madison, Wisconsin, 53719",43.0553232,-89.4918917,other,,ziv
Generations AdventurePlex,"1018 West Edison Road, Mishawaka, Indiana, 46545",41.6964574,-86.1965535,other,,ziv
Geyser Park,"7250 Entryway Drive, Billings, Montana, 59101",45.7276300,-108.5989904,other,,ziv
Glendale<br> (Arrowhead Towne Center),"7650 W Arrowhead Towne Center, Glendale, AZ 85308, USA",33.6412960,-112.2241510,chunithm;ddr;drs;maimai_dx;sdvx;taiko,,round1usa
Glitch Bar,"905 Northeast 5th Avenue, Fort Lauderdale, Florida, 33304",26.1353548,-80.1391912,jubeat,,ziv
Glitch's Arcade,"1950 N Grand Ave, Sherman, Texas, 75090",33.6549034,-96.6033062,ddr,,ziv
Go Kart Raceway,"2800 West Mount Houston Road, Houston, Texas, 77038",29.8977881,-95.4559818,other,,ziv
GO USA Funpark,"2270 Armory Drive, Murfreesboro, Tennessee, 37129",35.8516769,-86.4339243,other,,ziv
Gold Country Lanes,"81 Ridge Road, Sutter Creek, California, 95685",38.3764123,-120.8069644,ddr,,ziv
GOLDEN ARCADE INC. (ARCADIA),"2885 D North Military Trail West Palm Beach, FL 33409",26.7201052,-80.1122579,maimai_dx,,allnet;ziv
Golden Tee Golfland,"2533 Castro Valley Boulevard, Castro Valley, California, 94546",37.6926430,-122.0877167,other,,ziv
Golf N Stuff,"5555 Walker St., Ventura, California, 93003",34.2553778,-119.2150524,gitadora;other,,ziv
Golf N' Stuff,"10501 Firestone Blvd, Norwalk, CA, Norwalk, California, 90650",33.9268122,-118.1070855,ddr;other,,ziv
Golf N' Stuff,"6503 E Tanque Verde Rd., Tucson, Arizona, 85715",32.2455464,-110.8542100,ddr,,ziv
Golfland (Sunnyvale),"855 E El Camino Real, Sunnyvale, California, 94087",37.3546601,-122.0152486,ddr,,ziv
Good Times Bowling,"750 E Glenn Ave, Auburn, Alabama, 36830",32.6208702,-85.4736328,ddr,,ziv
Grand Century Mall Arcade,"1111 Story Road, San Jose, California, 95122",37.3334146,-121.8564678,ddr,,ziv
Grand Fun,"1051 Jackson St, Grand Haven, 49417",43.0661915,-86.2246311,other,,ziv
Grapevine <br> (Grapevine Mills),"3000 Grapevine Mills Pkwy, Grapevine, TX 76051, USA",32.9657900,-97.0419440,chunithm;ddr;drs;maimai_dx;sdvx;taiko,,round1usa
Gravity Trampoline Park,"Markland Mall, 1201 S. Reed Road, Kokomo, Indiana, 46902",40.4739128,-86.1091160,other,,ziv
Great Lakes Glow Golf,"3494 Plainfield Ave NE, Grand Rapids, Michigan, 49504",43.0266668,-85.6287503,ddr;other,,ziv
Greek Peak Mountain Resort,"2000 New York 392, Cortland, New York, 13045",42.5087272,-76.1452230,ddr,,ziv
Green Acres Bowl,"2311 E SE Loop 323, Tyler, TX, 75701",32.3108067,-95.2712437,other,,ziv
Greendale <br> (Southridge Mall),"5200 S 76th St, Greendale, WI 53129, USA",42.9499260,-88.0048930,chunithm;ddr;drs;maimai_dx;sdvx;taiko,,round1usa
Greensboro <br> (Four Seasons Town Centre),"125 Four Seasons Town Centre, Suite 125 Greensboro NC 27407, USA",36.0401660,-79.8379920,chunithm;ddr;drs;maimai_dx;sdvx;taiko,,round1usa
Ground Kontrol Classic Arcade,"511 Northwest Couch Street, Portland, Oregon, 97209",45.5237885,-122.6758551,ddr,,ziv
Gurnee <br> (Gurnee Mills),"6136 W Grand Ave., Gurnee, IL 60031, USA",42.3714200,-87.9170700,chunithm;ddr;drs;maimai_dx;sdvx;taiko,,round1usa
H Mart (Doraville),"6035 Peachtree Rd Bldg B, Doraville, Georgia, 30360",33.9078572,-84.2880213,other,,ziv
H Mart Naperville,"1295 E Ogden Ave, Naperville, Illinois, 60563",41.7975218,-88.1229070,ddr;popn,,ziv
H MART ORLANDO,"7501 W Colonial Dr, Orlando, FL32818",28.5533009,-81.4852217,maimai_dx,,allnet;ziv
Half Moon Penny Arcade,"300 Lakeside Ave., Laconia, New Hampshire, 03246",43.6064195,-71.4584090,ddr;other,,ziv
Hamm's Arcade,"916 E BUS US 83, San Juan, 78589",26.1851073,-98.1403032,chunithm;ddr;drs;maimai_dx;ongeki;other;taiko,,ziv
Han Lao Asian Market,"7219 Manchester Road, Maplewood, Missouri, 63143",38.6140873,-90.3149016,chunithm;other;popn;sdvx,,ziv
Hangar 38,"3120 Ross Clark Circle, Dothan, Alabama, 36303",31.2299949,-85.4318077,other,,ziv
Happy Valley Arcade Bar,"296 Main Street, Beacon, New York, 12508",41.5054112,-73.9704155,ddr,,ziv
Harrah's South Lake Tahoe,"15 U.S. 50, Stateline, Nevada, 89410",38.9591585,-119.9410594,other,,ziv
Harvey's Lake Tahoe,"18 Highway 50, Stateline, Nevada, 89449",38.9600748,-119.9421221,other,,ziv
Havasu Lanes and Kegler's Pub,"2134 McCulloch Boulevard North, Lake Havasu City, Arizona, 86403",34.4741599,-114.3270461,ddr,,ziv
Hayward <br> (Southland Mall),"551 Southland Mall Dr, Hayward, CA 94545, USA",37.6513530,-122.1035250,chunithm;ddr;drs;maimai_dx;sdvx;taiko,,round1usa
Haze's Toys & Arcade,"5800 Northgate Drive, Suite 62, San Rafael, California, 94903",38.0038280,-122.5445396,chunithm;ddr;drs;maimai_dx;ongeki;other;sdvx,,ziv
Headshots Bar and Grill,"2120 N Woodlawn Blvd #324, Wichita, Kansas, 67208",37.6877321,-97.3031089,ddr,,ziv
Heroes Venture Arcade,"2022 Washington St, Two Rivers, 54241",44.1533426,-87.5683669,gitadora;other,,ziv
Herrin Bowl,"625 N Pershing Street, Energy, Illinois, 62933",37.7712324,-89.0269512,ddr,,ziv
Hi-Score Arcade,"3429 Dillon Dr, Pueblo, Colorado, 81008",38.3022153,-104.6090591,iidx;sdvx,,ziv
Hicksville <br> (Broadway Common),"358 N Broadway Mall, Hicksville, NY 11801, USA",40.7727390,-73.5299530,chunithm;ddr;drs;maimai_dx;sdvx;taiko,,round1usa
HIGH SCORE Ice Cream & Arcade,"5020 Rochester Road, Troy, Michigan, 48085",42.5928131,-83.1285988,other,,ziv
High Score Player Two: Classic Arcade,"2818 Mount Vernon Avenue, Evansville, Indiana, 47712",37.9828765,-87.6086239,ddr;iidx;jubeat;other;popn;sdvx,,ziv
High Score Saloon,"309 Main Street, Evansville, Indiana, 47708",37.9709036,-87.5716676,other,,ziv
Hijinx,"3102 Shelby Drive, Jonesboro, Arkansas, 72404",35.8050698,-90.6814639,other,,ziv
Hollywood Arcade,"802 Boardwalk, Ocean City, New Jersey, 08226",39.2757365,-74.5696968,other,,ziv
Holyoke <br> (Holyoke Mall),"50 Holyoke St, Holyoke, MA 01040, USA",42.1677960,-72.6411730,chunithm;ddr;drs;maimai_dx;sdvx;taiko,,round1usa
Hometown Arcade,"205 Nantasket Ave, Hull, 02045",42.2702136,-70.8562884,other,,ziv
Hometown Arcade (Bloomfield),"85 Washington St, Bloomfield, New Jersey, 07003",40.7938026,-74.1995305,ddr,,ziv
Hometown Arcade (Northampton),"150 Main St Suite 40, Lower Level 1, Northampton, Massachusetts, 01060",42.3183282,-72.6308567,ddr;iidx;jubeat;other;sdvx,,ziv
Hometown Arcade (Norwood),"61 Endicott St Building 26A, Mailstop #83, Norwood, Massachusetts, 02062",42.1770577,-71.2169733,ddr;nostalgia;other;sdvx;taiko,,ziv
Honeybee Ice Cream and Arcade,"703 John Sims Parkway, Niceville, Florida, 32578",30.5192906,-86.4816080,ddr,,ziv
Hooky Entertainment Baytown,"10550 Interstate 10 Service Rd, Baytown, 77523",29.8192510,-94.8956698,other,,ziv
Hooligans Arcade,"519 1st St SW, Alabaster, AL, 35007",33.2406078,-86.8195009,chunithm;other;sdvx,,ziv
Horae Play (Paramus),"1 Garden State Plaza Blvd, 1st Floor, Paramus, New Jersey, 07652",40.9193621,-74.0772808,other,,ziv
Hot Rocks Pizza Kitchen,"10235 North Oak Trafficway, Kansas City, Missouri, 64155",39.2791083,-94.5737028,other,,ziv
Houston <br> (Willowbrook Mall),"3000 Willowbrook Mall (A), Houston, TX 77070, USA",29.9568930,-95.5377770,chunithm;ddr;drs;maimai_dx;sdvx;taiko,,round1usa
Humble<br> (Deerbrook Mall),"20131 Highway 59 North Suite 1240, Humble, TX 77338, USA",30.0084760,-95.2698580,chunithm;ddr;drs;maimai_dx;sdvx;taiko,,round1usa
Humdingers,"64 East Midland Avenue, Paramus, New Jersey, 07652",40.9459644,-74.0680863,other,,ziv
Huntington Mall,"500 Mall RoadUnit 700, Barboursville, WV, Barboursville, West Virginia, 25504",38.4232768,-82.2670788,other,,ziv
Hyper Beer Co.,"150 W Center Street Promenade ,Anaheim CA 92805, Anaheim, 92805",33.8343254,-117.9157341,other,,ziv
Hyperspace Los Altos,"127 1st Street, Los Altos, California, 94022",37.3800132,-122.1190238,other,,ziv
I/O Arcade Bar,"924 Williamson St, Madison, Wisconsin, 53703",43.0811316,-89.3666555,ddr,,ziv
Ignite Gaming Lounge,"8125 Skokie Blvd, Skokie, Illinois, 60077",42.0288033,-87.7471391,other,,ziv
IKIGAI ARCADE,"5738 BAUM BLVD PITTSBURGH, PA 15206",40.4586541,-79.9324136,chunithm;ddr;iidx;maimai_dx;ongeki;other;popn;sdvx,,allnet;ziv
Illini Skateland Family Fun Center,"8 Brewer Rd., Danville, IL, 61834",40.1319938,-87.5663138,other,,ziv
Illini Union Rec Room,"1401 West Green Street, Urbana, Illinois, 61801",40.1097387,-88.2273147,other,,ziv
In The Game (Fremont Street),"310 Fremont St, Las Vegas, Nevada, 89101",36.1700593,-115.1422761,other,,ziv
In The Game (Liberty Center),"7510 Bales St A-110, Liberty Township, 45069",39.3721566,-84.3749089,other,,ziv
In the Game (South 40),"1445 South Meadows Parkway, Reno, Nevada, 89521",39.4459294,-119.7452750,other,,ziv
Incredible Pizza Company,"1245 North Germantown Parkway, Memphis, Tennessee, 38016",35.1597052,-89.7977400,other,,ziv
Incredibowl Entertainment,"5255 Heatherdowns Blvd, Toledo, Ohio, 43614",41.6076390,-83.6136655,other,,ziv
Independence Blue Cross RiverRink,"101 South Columbus Boulevard, Philadelphia, Pennsylvania, 19106",39.9483552,-75.1397681,other,,ziv
Indiana Beach,"5224 East Indiana Beach Road, Monitcello, Indiana, 47960",40.7903485,-86.7717741,ddr,,ziv
Indy Karting Bluffton,"71 Towne Dr, Bluffton, South Carolina, 29910",32.2694445,-80.8596948,other,,ziv
Insert Coin,"309 North Tower Avenue, Centralia, Washington, 98531",46.7185628,-122.9537289,other,,ziv
Insert Coin Olympia,"3430 Pacific Ave SE, Suite D1, Olympia, WA, 98501",47.0424615,-122.8472944,gitadora;iidx;nostalgia;other;sdvx,,ziv
iPlay America,"110 Schanck Road, Freehold Township, New Jersey, 07728",40.2398926,-74.2810841,other,,ziv
Island Arcade SPI,"2311 Padre Blvd, South Padre Island, Texas, 78597",26.1017971,-97.1674819,other,,ziv
ITG2 House,"4904 Timber Trail Court, Richmond, Virginia, 23112",37.4172160,-77.6138290,other,,ziv
Jackson Rancheria Casino & Hotel,"12222 New York Ranch Rd, Jackson, California, 95602",38.3860508,-120.7318493,ddr,,ziv
Jacqueline's Home Arcade,"N/A, Macungie, Pennsylvania, 18062",40.5762640,-75.5123141,other,,ziv
Jaegers Paintball & Laser Tag,"9300 Northeast Underground Drive, Kansas City, Missouri, 64161",39.1605857,-94.4696707,ddr,,ziv
Jake's Unlimited,"1902 East Baseline Road, Mesa, Arizona, 85204",33.3802501,-111.7904367,other,,ziv
JAPAN VILLAGE,"934 3rd Avenue Brooklyn, NY 11232",40.6560483,-74.0066468,maimai_dx,,allnet;ziv
Jeremy's Downtown Arcade,"206C 12th Ave S, Nampa, Idaho, 83651",43.5776065,-116.5608671,drs;maimai_dx;other;sdvx;taiko,,ziv
Jilly's Arcade,"1168 Boardwalk, Ocean City, New Jersey, 08226",39.2730497,-74.5772123,other,,ziv
John's Incredible Pizza,"3709 Rosedale Highway, Bakersfield, California, 93308",35.3815661,-119.0492865,ddr,,ziv
John's Incredible Pizza - Las Vegas,"3700 South Maryland Parkway, Las Vegas, Nevada, 89119",36.1220690,-115.1354957,other,,ziv
John's Incredible Pizza Company,"8601 On the Mall, Buena Park, California, 90620",33.8447915,-117.9891351,ddr;other,,ziv
John’s Incredible Pizza Company,"506 Carson Town Center North, Carson, California, 90745",33.8397927,-118.2832932,other,,ziv
Jon's House,"751 Jacobs Millpond Road, Elgin, South Carolina, 29045",34.1079816,-80.8240968,ddr;other,,ziv
Joysticks Arcade,"483 Mandalay Avenue, Clearwater, Florida, 33767",27.9817408,-82.8267593,drs;maimai_dx;nostalgia;other;popn,,ziv
Joystiq,"325 West Main Street, Merced, California, 95340",37.3007466,-120.4811132,other,,ziv
Jump City Trampoline Park,"4420 Dixie Hwy, Louisville, Kentucky, 40216",38.1823557,-85.8167142,other,,ziv
Jungle Fun Island - Ala Moana Center,"528 Kona Street, Honolulu, Hawaiʻi, 96814",21.2910038,-157.8432584,ddr;iidx;maimai_dx;sdvx,,ziv
Jungle Rapids Family Fun Park,"5320 Oleander Dr., Wilmington, North Carolina, 28403",34.2065770,-77.8633150,ddr,,ziv
Jupiter's At The Crossing,"2511 Village Green Plaza, Champaign, IL, 61822",40.0817655,-88.2967005,other,,ziv
K1 Speed (Mt. Kisco),"333 North Bedford Road, Mount Kisco, New York, 10549",41.2196973,-73.7198174,other,,ziv
Kaboom,"901 9th Street North Suite B, Great Falls, Montana, 59401",47.5155845,-111.2916217,other,,ziv
Keg & Coin,"1271 King Street, Jacksonville, Florida, 32204",30.3116277,-81.6941857,other;popn,,ziv
Kentucky Science Center,"727 W Main St, Louisville, Kentucky, 40202",38.2572568,-85.7622492,other,,ziv
KIDDLETON,14006 riverside dr sheman oaks Ca 91423,34.1568918,-118.4363900,maimai_dx,,allnet;ziv
Kiddleton,"23330 Grand Cir Blvd, Suite 160, Katy, TX, 77449",29.7889129,-95.7731304,ddr;popn,,ziv
Kiddleton (Gardena),"15484 S Western Ave, Gardena, California, 90247",33.8893655,-118.3089084,ddr;popn,,ziv
Kiddleton Cupertino,"19710 Stevens Creek Blvd, Cupertino, CA, 95014",37.3216340,-122.0179554,ddr;popn,,ziv
Kiddleton Japantown,"1737 Post St, San Francisco, CA, 94115",37.7851540,-122.4317989,maimai_dx,,ziv
Kiddleton Kiosk (South Point Hotel Casino & Spa),"9777 S Las Vegas Blvd, Las Vegas, NV, 89183",36.0117306,-115.1761258,maimai_dx,,ziv
Kiddleton Kiosk (The Orleans Hotel & Casino),"4500 W Tropicana Ave, Las Vegas, NV, 89103",36.1058269,-115.2022781,maimai_dx,,ziv
Kids Empire,"2268 E Williams Field Rd, Gilbert, AZ, 85295",33.3431488,-111.7663193,other,,ziv
Kidstar Park,"18505 Paulson Drive, Port Charlotte, Florida, 33954",27.0146126,-82.1435094,ddr;other,,ziv
Kilauea Military Camp,"Crater Rim Drive, Hawaiʻi Volcanoes National Park, Volcano, Hawaiʻi, 96718",19.4341915,-155.2757993,other,,ziv
Kimball Farm Olde Sawmill Arcade,"400 Littleton Road, Westford, Massachusetts, 01886",42.5502089,-71.4587469,other,,ziv
Knightcade,"12715 Pegasus Circle, Orlando, Florida, 32816",28.6014590,-81.2004572,other,,ziv
KnP Social,"11720 Broadway St, Ste 102, Pearland, Texas, 77584",29.5539811,-95.4012826,other,,ziv
Lake Shore Athletic Club,"2401 Northwest 94th Street, Vancouver, Washington, 98665",45.6890379,-122.6959579,other,,ziv
Lake Wylie Pins N' Wins,"4034 Charlotte Hwy, Lake Wylie, South Carolina, 29710",35.1092861,-81.0413696,other,,ziv
Lakewood <br> (Lakewood Center Mall),"401 Lakewood Ctr Mall, Lakewood, CA 90712, USA",33.8505590,-118.1385170,chunithm;ddr;drs;maimai_dx;sdvx;taiko,,round1usa
Lakewood Camping Resort,"Possum Trot Street, Myrtle Beach, South Carolina, 29588",33.6285702,-78.9500899,other,,ziv
Lancaster <br> (Park City Center),"200 Park City Center, Lancaster, PA 17601, USA",40.0688810,-76.3386920,chunithm;ddr;drs;maimai_dx;sdvx;taiko,,round1usa
Landmark Lanes,"2220 North Farwell Avenue, Milwaukee, Wisconsin, 53202",43.0596072,-87.8857943,ddr,,ziv
Langer's Entertainment Center,"21650 Southwest Langer Farms Parkway, Sherwood, Oregon, 97140",45.3628107,-122.8354784,other,,ziv
Las Vegas <br> (Meadows Mall),"4300 Meadows Ln, Las Vegas, NV 89107, USA",36.1725270,-115.1965000,chunithm;ddr;drs;maimai_dx;sdvx;taiko,,round1usa
Las Vegas Mini Grand Prix,"1401 N Rainbow Blvd, Las Vegas, 89108",36.1875159,-115.2432236,other,,ziv
Las Vegas<br> (Las Vegas South Premium Outlets),"7400 S Las Vegas Blvd Suite 0213, Las Vegas, NV 89123, USA",36.0552790,-115.1695380,chunithm;ddr;drs;maimai_dx;sdvx;taiko,,round1usa
Laser Assault - Provo,"1200 Towne Centre Blvd STC 2018, Provo, Utah, 84601",40.2168649,-111.6630114,iidx;jubeat;nostalgia,,ziv
Laser Bounce (Glendale),"80-28 Cooper Avenue, Glendale, New York, 11385",40.7080617,-73.8676858,maimai_dx;other,,ziv
Laser Ops Xtreme Fun Center,"6277 West Waters Avenue, Tampa, Florida, 33634",28.0280250,-82.5476648,ddr,,ziv
Laser Web Dayton,"533 Miamisburg Centerville Rd, Dayton, OH 45459, Ohio, 45459",39.6330962,-84.2012788,ddr,,ziv
Laserdome,"2050 Auction Road, Manheim, Pennsylvania, 17545",40.1155695,-76.4483923,other,,ziv
Lasermaxx San Jose,"1035 East Capitol Expressway, San Jose, California, 95121",37.3008898,-121.8231869,other,,ziv
Launch Family Entertainment Prattville,"891 Boardroom Dr, Prattville, Alabama, 36066",32.4891217,-86.4131034,other,,ziv
Launch Trampoline Park,"8800 Factory Shops Blvd, Jeffersonville, Ohio, 43128",39.6202349,-83.6028671,other,,ziv
Laurel Lanes,"2825 Rt 73 South, Maple Shade, New Jersey, 08052",39.9394615,-74.9747303,other,,ziv
Lawrenceburg Community Center,"423 Walnut Street, Lawrenceburg, Indiana, 47025",39.0948145,-84.8525108,other,,ziv
Lazer Kraze - Laser Tag,"7082 Columbia Road, Maineville, Ohio, 45039",39.3339157,-84.2799908,other,,ziv
Lazer Port Fun Center,"2782 Parkway, Pigeon Forge, Tennessee, 37863",35.8003630,-83.5723510,other,,ziv
Lazer X,"2523 Judson Rd, NorthLoop Plaza, Longview, Texas, 75605",32.5387366,-94.7487087,ddr,,ziv
Lazer Xtreme,"8460-10390 Smith Road, Middleburg Heights, Ohio, 44130",41.3754414,-81.7898808,ddr;other,,ziv
Leaderboard 2 Arcade Bar & Pizzeria (Shad),"5285 Shad Road, Suite 316, Jacksonville, Florida, 32257",30.1940262,-81.5774021,chunithm;ddr;drs;gitadora;iidx;jubeat;maimai_dx;museca;nostalgia;ongeki;other;sdvx;taiko,,ziv
Leaderboard 3 (Lakeshore),"2415 Blanding Blvd, Ste 9, Jacksonville, 32210",30.2746416,-81.7312700,ddr;drs;maimai_dx;other;popn;taiko,,ziv
Leaderboard Arcade Bar & Pizzeria (Wells),"1760 Wells Road, Orange Park, Florida, 32073",30.1860675,-81.7283306,chunithm;drs;iidx;jubeat;maimai_dx;other;sdvx;taiko,,ziv
Lefty's Alley & Eats,"36450 Plaza Blvd, Lewes, Delaware, 19958",38.7426785,-75.1532006,other,,ziv
Legends Arcade,"109 State Avenue Northeast, Olympia, Washington, 98501",47.0455214,-122.9013522,other,,ziv
Legends Sportsplex,"70 Ken Hayes Drive, Bourbonnais, Illinois, 60914",41.1733681,-87.8448115,ddr;other,,ziv
Leo's Place Arcade,"155 South Holmes Avenue, Idaho Falls, Idaho, 83401",43.4964255,-112.0229914,other,,ziv
Let's Play! Cafe,"214 North Lewis Street, Monroe, Washington, 98272",47.8574967,-121.9711509,ddr,,ziv
Level Up Arcade,"1290 Oak Street, Eugene, Oregon, 97401",44.0455569,-123.0913671,other,,ziv
Level Up Entertainment,"2300 Bernadette Dr, Columbia, Missouri, 65203",38.9634132,-92.3740768,other,,ziv
Level Up Games,"3700 Satellite Blvd #9A, Duluth, Georgia, 30096",33.9568966,-84.1371685,other,,ziv
LexLive,"301 South Broadway, Lexington, Kentucky, 40508",38.0475790,-84.5023936,other,,ziv
LFG Gaming Bar,"116 Portage Street, Kalamazoo, Michigan, 49007",42.2913673,-85.5818019,ddr;sdvx,,ziv
Lincoln <br> (Gateway Mall),"6100 O St, Lincoln, NE 68505, USA",40.8145020,-96.6384650,chunithm;ddr;drs;maimai_dx;sdvx;taiko,,round1usa
LITTLE TOKYO,"319 E 2nd St, Los Angeles, CA 90012",34.0491876,-118.2405746,ddr;iidx;maimai_dx;popn;sdvx,,allnet;ziv
Littleton <br> (Southwest Plaza),"8501 W Bowles Ave, Littleton, CO 80123, USA",39.6107540,-105.0955870,chunithm;ddr;drs;maimai_dx;sdvx;taiko,,round1usa
Livingston's Amusements,"5947 Clark Center Ave, Sarasota, Florida, 34238",27.2690901,-82.5022958,ddr,,ziv
Livingston's Amusements,"5947 Clark Center Avenue, Sarasota, Florida, 34238",27.6916172,-82.1007317,ddr,,ziv
Logan Arcade,"2410 West Fullerton Avenue, Chicago, Illinois, 60647",41.9251493,-87.6881743,ddr;other,,ziv
Lokomotion Family Fun Park,"4508 North College Avenue, Fayetteville, Arkansas, 72703",36.1334956,-94.1450033,other,,ziv
Lost Weekend WPB,"526 Clematis St, West Palm Beach, Florida, 33401",26.7132939,-80.0563967,other,,ziv
Lost Worlds Laser Tag,"17545 Colima Road, City of Industry, California, 91748",33.9914048,-117.9224932,other,,ziv
Lowry Parcade,"1213 W Waters Ave, Tampa, 33604",28.0256310,-82.4713017,ddr;jubeat;other,,ziv
LR's Pizza,"707 High Street, Delano, California, 93215",35.7658032,-119.2464102,ddr,,ziv
Lucky Cat Arcade,"11201 Bass Pro Pkwy suite w117, Little Rock, 72210",34.6615005,-92.4090636,chunithm;maimai_dx;other;sdvx,,ziv
Lucky Snake Arcade and Sports Bar,"801 Boardwalk, Atlantic City, New Jersey, 08401",39.3617249,-74.4184525,other,,ziv
Lucky Strike,"145 Ipswich Street, Boston, Massachusetts, 02215",42.3474013,-71.0943941,other,,ziv
Lucky Strike,"325 Revolution Dr #1128, Somerville, MA, 02145",42.3911671,-71.0795689,other,,ziv
Lucky Strike (Beverly Hills),"8500 Beverly Blvd Ste 136, Los Angeles, California, 90048",34.0757473,-118.3769105,other,,ziv
Lucky Strike (Rocklin),"5681 Lonetree Blvd., Rocklin, California, 95765",38.8127977,-121.2888281,other,,ziv
Lucky Strike (Vacaville),"155 Browns Valley Parkway, Vacaville, California, 95688",38.3662686,-121.9669658,other,,ziv
LUCKY STRIKE ALISO VIEJO,26501 Aliso Creek rd Aliso Viejo ca 92656,33.5788370,-117.7248752,maimai_dx,,allnet;ziv
Lucky Strike Denver,"500 16th Street Mall, Suite 340, Denver, Colorado, 80202",39.7438757,-104.9917584,other,,ziv
Lucky Strike Elkhorn,"20902 Cumberland Drive, Omaha, Nebraska, 68022",41.2673360,-96.2420100,ddr;other,,ziv
Lucky Strike Social (Honolulu),"1450 Ala Moana Blvd, Suite 3260, Honolulu, Hawaiʻi, 96814",21.2908189,-157.8418449,other,,ziv
Main Event,"5380 Rexora Dr, Beaumont, TX, 77707",30.0442721,-94.1542026,other,,ziv
Main Event (Albuquerque),"4040 Pan American Freeway, Albuquerque, New Mexico, 87107",35.1276110,-106.6160938,other,,ziv
Main Event (Alpharetta),"10700 Davis Drive, Alpharetta, Georgia, 30009",34.0432890,-84.3134160,other,,ziv
Main Event (Austin),"13301 N. US Hwy 183, Austin, Texas, 78750",30.4439995,-97.7860822,other,,ziv
Main Event (Avon),"35605 Chester Road, Avon, Ohio, 44011",41.4656894,-82.0110080,other,,ziv
Main Event (Avondale),"10315 West McDowell Road, Avondale, Arizona, 85392",33.4630780,-112.2822749,other,,ziv
Main Event (Baton Rouge),"6401 Bluebonnet Boulevard, Ste. 660, Baton Rouge, Louisiana, 70810",30.3880294,-91.0862916,other,,ziv
Main Event (Brownsville),"2320 North Expressway, Brownsville, Texas, 78521",25.9515460,-97.5031208,other,,ziv
Main Event (Chesterfield),"17027 North Outer 40 Road, Chesterfield, Missouri, 63005",38.6713214,-90.5871409,other,,ziv
Main Event (Columbia),"10300 Little Patuxent Pkwy #2520, Columbia, Maryland, 21044",39.2149778,-76.8624152,other,,ziv
Main Event (Gilbert),"1735 South Santan Village Parkway, Gilbert, Arizona, 85295",33.3183855,-111.7406774,other,,ziv
Main Event (Grand Rapids),"3121 28th St SE, Kentwood, Michigan, 49512",42.9153107,-85.5890965,other,,ziv
Main Event (Grapevine),"407 West State Highway 114, Grapevine, Texas, 76051",32.9201869,-97.0816792,ddr,,ziv
Main Event (Greenville),"225 Entertainment Blvd, Greenville, SC, 29615",34.7461263,-82.4359131,other,,ziv
Main Event (Highlands Ranch),"64 Centennial Boulevard, Highlands Ranch, Colorado, 80129",39.5611082,-104.9889788,other,,ziv
Main Event (Humble),"20945 Spring Creek Crossing, Humble, Texas, 77338",30.0237053,-95.2660119,other,,ziv
Main Event (Huntsville),"6884 Governors West, Huntsville, Alabama, 35806",34.7161915,-86.6762066,other,,ziv
Main Event (Independence),"4600 S. Cochise Court, Independence, Missouri, 64055",39.0363297,-94.3640399,other,,ziv
Main Event (Kansas City North),"8081 NW Roanridge Road, Kansas City, Missouri, 64151",39.2413608,-94.6551991,other,,ziv
Main Event (Katy),"24401 Katy Fwy, Katy, Texas, 77494",29.7834332,-95.7920346,other,,ziv
Main Event (Knoxville),"9081 Kingston Pike, Knoxville, Tennessee, 37923",35.9119350,-84.0873883,other,,ziv
Main Event (Laredo),"5300 San Dario Avenue, Laredo, Texas, 78041",27.5521783,-99.5014948,other,,ziv
Main Event (Lexington),"240 Canary Road, Lexington, Kentucky, 40503",37.9941560,-84.5201737,other,,ziv
Main Event (Louisville),"12500 Sycamore Station Place, Louisville, Kentucky, 40299",38.2166730,-85.5178138,other,,ziv
Main Event (Memphis),"7219 Appling Farms Parkway, Memphis, Tennessee, 38133",35.1817885,-89.8244386,other,,ziv
Main Event (Montclair),"5201 Montclair Plaza Ln, Montclair, California, 91763",34.0900031,-117.6927673,other,,ziv
Main Event (Murfreesboro),"1510 Greshampark Dr, Murfreesboro, Tennessee, 37129",35.8663085,-86.4449384,other,,ziv
Main Event (Newark),"2900 Fashion Center Boulevard, New Castle, Delaware, 19720",39.6708725,-75.6459304,other,,ziv
Main Event (Oklahoma City),"1441 West Memorial Road, Oklahoma City, Oklahoma, 73114",35.6098727,-97.5381780,other,,ziv
Main Event (Olathe),"11950 S. Kansas City Road, Olathe, Kansas, 66061",38.9121658,-94.7753298,other,,ziv
Main Event (Pharr),"500 North Jackson Road, Pharr, Texas, 78577",26.2029245,-98.2016373,other,,ziv
Main Event (San Antonio West),"8514 State Hwy 151, San Antonio, Texas, 78245",29.4350752,-98.6550376,other,,ziv
Main Event (Shenandoah),"19441 I-45, Shenandoah, Texas, 77385",30.1740220,-95.4486372,other,,ziv
Main Event (Stafford),"12626 Fountain Lake Circle, Stafford, Texas, 77477",29.6377979,-95.5862271,other,,ziv
Main Event (Suwanee),"471 Northolt Parkway, Suwanee, Georgia, 30024",34.0525295,-84.0656475,other,,ziv
Main Event (Taylor),"15101 Seaway Drive, Taylor, Michigan, 48180",42.1974074,-83.2419758,other,,ziv
Main Event (Tempe),"8545 South Emerald Drive, Tempe, Arizona, 85284",33.3372493,-111.9674036,other,,ziv
Main Event (Tomball),"24620 Tomball Parkway, Tomball, Texas, 77375",30.0401502,-95.6058565,other,,ziv
Main Event (Tulsa),"7830 South Santa Fe Avenue, Tulsa, Oklahoma, 74132",36.0496011,-96.0085028,other,,ziv
Main Event (Warrenville),"28248 Diehl Road, Warrenville, Illinois, 60555",41.8043948,-88.1706386,other,,ziv
Main Event (Wesley Chapel),"2839 Creek Grass Way, Lutz, Florida, 33559",28.1932390,-82.3884273,other,,ziv
Main Event Entertainment (Deer Park),"1150 The Arches Circle, Deer Park, New York, 11729",40.7640313,-73.3065963,other,,ziv
Malibu Grand Prix,"5295 Brook Hollow Parkway, Norcross, Georgia, 30071",33.9247032,-84.1857243,ddr,,ziv
Malibu Jacks,"10001 Grant St, Thorton, CO, 80229",39.8780696,-104.9851584,other,,ziv
Manitou Springs Penny Arcade/Arcade Amusements Inc.,"930 Manitou Avenue, Manitou Springs, Colorado, 80829",38.8589380,-104.9179648,other,,ziv
Max Bowl,"2390 Wilson Road, Humble, Texas, 77396",29.9705330,-95.2494530,other,,ziv
Max Bowl,"3500 Regional Drive, Port Arthur, Texas, 77642",29.8550091,-93.9721608,ddr,,ziv
Max Bowl,"720 Ward Road, Baytown, Texas, 77520",29.7409414,-94.9552583,other,,ziv
Max Funland (86th St),"1921 86th St, Brooklyn, New York, 11214",40.6057546,-73.9996525,chunithm;ddr;gitadora;iidx;maimai_dx;ongeki;other;taiko,,ziv
Max Funland (Borough Park),"3901 8th Ave, Brooklyn, NY, 11232",40.6469332,-73.9972653,chunithm;ddr;ongeki;other;taiko,,ziv
Max Funland (Broadway),"47 Broadway, 2nd Floor, New York, New York, 10006",40.7066181,-74.0130875,chunithm;ddr;gitadora;maimai_dx;ongeki,,ziv
Maya Cinemas Fresno 16,"3090 East Campus Pointe Drive, Fresno, California, 93710",36.8124617,-119.7345081,ddr,,ziv
Mayan Palace,"1918 Southwest Military Drive, San Antonio, Texas, 78221",29.3551042,-98.5237251,ddr,,ziv
MB2 Entertainment (Bakersfield),"1251 Oak Street, Bakersfield, California, 93304",35.3700370,-119.0402470,other,,ziv
MB2 Entertainment (Santa Clarita),"21516 Golden Triangle Road, Santa Clarita, California, 91350",34.4153059,-118.5115664,other,,ziv
MBM Fun Center Arcade (Ocean Beach Park),"98 Neptune Ave, New London, Connecticut, 06320",41.3092524,-72.0986052,ddr,,ziv
mDaWg's House,"West Deptford, New Jersey",39.8342258,-75.1846569,other,,ziv
MegaBites Pizza,"952 Shaver Street, San Jacinto, California, 92583",33.7775586,-116.9448339,other,,ziv
MegaPlay Family Entertainment Center,"2500 Miracle Ln # D Mishawaka, IN 46545, Mishawaka, Indiana, 46545",41.6826484,-86.1930473,ddr;other,,ziv
Mentor <br> (Great Lakes Mall) <br>,"7850 Mentor Ave, Mentor, OH 44060, USA",41.6582950,-81.3606310,chunithm;ddr;drs;maimai_dx;sdvx;taiko,,round1usa
Mi Amore Pizza and Pasta,"1321 North H Street #M, Lompoc, California, 93436",34.6605000,-120.4591000,other,,ziv
Middletown <br> (Galleria at Crystal Run),"1 Galleria Dr, Middletown, NY 10941, USA",41.4529520,-74.3708590,chunithm;ddr;drs;maimai_dx;sdvx;taiko,,round1usa
Midway @ Circus Circus Las Vegas Hotel Resort and Casino,"2880 South Las Vegas Boulevard, Las Vegas, Nevada, 89109",36.1367452,-115.1635190,ddr;other,,ziv
Mike Greenwell's,"35 NE Pine Island Road, Cape Coral, Florida, 33909",26.6561270,-81.9706320,other,,ziv
Miner Mike's,"4515 Osage Beach Pkwy, Osage Beach, Missouri, 65065",38.1469691,-92.6252979,ddr,,ziv
Mini Putt Family Entertainment Center,"920 Benvenue Road, Rocky Mount, North Carolina, 27804",35.9669211,-77.8026737,ddr,,ziv
Mission Viejo <br> (The Shops at Mission Viejo),"60C The Shops at Mission Viejo Mission Viejo, CA 92691, USA",33.5576860,-117.6683110,chunithm;ddr;drs;maimai_dx;sdvx;taiko,,round1usa
MIT - Walker Memorial,"142 Memorial Drive, Cambridge, Massachusetts, 02142",42.3592684,-71.0881666,other,,ziv
Monster Mini Golf (Allentown),"3227 Hamilton Blvd, Allentown, Pennsylvania, 18103",40.5799532,-75.5242306,other,,ziv
Monster Mini Golf (Cherry Hill),"2040 Springdale Road, Suite 300, Cherry Hill, New Jersey, 08003",39.9120066,-74.9670202,other,,ziv
Monster Mini Golf (Edison),"775 U.S. 1, Edison, New Jersey, 08817",40.5129899,-74.3844825,other,,ziv
Monster Mini Golf (Fairfield),"194 U.S. 46, Fairfield, New Jersey, 07004",40.8730326,-74.3027486,other,,ziv
Monster Mini Golf (Gaithersburg),"9116 Gaither Road, Gaithersburg, Maryland, 20877",39.1171259,-77.1881167,other,,ziv
Monster Mini Golf Katy,"1705 North Fry Rd, Katy, 77449",29.7913640,-95.7212752,other,,ziv
Moon Arcade,"306 Main Street, Filer, Idaho, 83328",42.5703156,-114.6080594,other,,ziv
Moreno Valley <br> (Moreno Valley Mall),"22500 Town Cir, Moreno Valley, CA 92553, USA",33.9402140,-117.2725110,chunithm;ddr;drs;maimai_dx;sdvx;taiko,,round1usa
Movies 12 @ Gateway Mall,"3000 Gateway Street, Springfield, Oregon, 97477",44.0732496,-123.0444610,other,,ziv
Mt. Olympus Theme Park,"1701 Wisconsin Dells Parkway North, Wisconsin Dells, Wisconsin, 53965",43.6112360,-89.7919136,other,,ziv
Museum of Play at The Strong,"1 Manhattan Square Dr, Rochester, New York, 14607",43.1527440,-77.6007090,ddr;other,,ziv
Mustang Lanes,"Cal Poly, Bldg. 65 ""McPhee University Union"", 1 Grand Avenue, San Luis Obispo, California, 93407",35.2999630,-120.6586576,other,,ziv
My House,"Calhoun, Georgia, 30701",34.5273743,-84.9291482,other,,ziv
Mystery Fun House Arcade Experience Powered by Chuck E. Cheese,"7700 Westgate Blvd, Kissimee, Florida, 34747",28.3294288,-81.5979028,other,,ziv
N.Y.-N.Y. Hotel & Casino - The Big Apple Coaster & Arcade,"3790 S Las Vegas Blvd., Las Vegas, Nevada, 89109",36.1019493,-115.1738566,other,,ziv
Namco Time Out - Rushmore Mall,"2200 North Maple Avenue, Rapid City, South Dakota, 57701",44.1074180,-103.2099220,ddr,,ziv
National City <br> (Westfield Plaza Bonita),"3030 Plaza Bonita Rd Ste 1025, National City, CA 91950, USA",32.6563420,-117.0658260,chunithm;ddr;drs;maimai_dx;sdvx;taiko,,round1usa
NeoFuns (Anaheim GardenWalk),"400 West Disney Way, Suite #143, Anaheim, California, 92802",33.8058293,-117.9114587,other;taiko,,ziv
Nerds Fun Center & LaserTag,"2312 S 1st St, Yakima, WA 98903, Yakima, Pacific Northwest , 98903",46.5686140,-120.4866525,ddr;other,,ziv
Nest Arcade Seattle,"270 S. Hanford St. Unit 210, Seattle, Washington, 98134",47.5757838,-122.3304784,ddr;other,,ziv
Netflix House - RePLAY (Galleria Dallas),"13350 Dallas Pkwy, Dallas, TX, 75240",32.9315069,-96.8201055,other,,ziv
New Game Plus+,"1653 West Palmetto Street, Florence, South Carolina, 29501",34.1908887,-79.8001759,chunithm;ddr;gitadora;iidx;maimai_dx;museca;other;popn;sdvx;taiko,,ziv
Nickel City Orem,"1515 State Street, Orem, Utah, 84097",40.2694255,-111.6821230,other,,ziv
Nickel City Xtreme (Northbrook),"555 Waukegan Road, Northbrook, Illinois, 60062",42.1454121,-87.8283763,jubeat;other,,ziv
Nickel Mania - Murray,"6051 State Street, Murray, Utah, 84107",40.6394324,-111.8887728,ddr;other,,ziv
Nickel Mania - West Jordan,"3245 W 7800 S Suite A, West Jordan, Utah, 84088",40.6088600,-111.9688490,ddr;other,,ziv
Nickel! Nickel! 5¢ Games,"12827 Harbor Boulevard, Unit G2, Garden Grove, California, 92840",33.7776640,-117.9170985,other,,ziv
Nickel-A-Play,"15201 East Mississippi Avenue, Aurora, Colorado, 80012",39.6978748,-104.8114449,ddr;other,,ziv
Nickelmania - Orem,"1000 North State Street, Orem, Utah, 84057",40.3152520,-111.7028689,ddr;other;sdvx,,ziv
Nifty Fifty's (Turnersville),"4670 Route 42, Turnersville, New Jersey, 08012",39.7453523,-75.0444270,ddr,,ziv
Nomads AdventureQuest,"100 Bidwell Rd, South Windsor, Connecticut, 06074",41.8310619,-72.6079015,other,,ziv
North Riverside <br> (North Riverside Park Mall),"7503 W Cermak Rd, North Riverside, IL 60546, USA",41.8486840,-87.8109200,chunithm;ddr;drs;maimai_dx;sdvx;taiko,,round1usa
Nova Trampoline Park (Wyoming),"1080 Wyoming Ave, Wyoming, PA, 18644",41.3007621,-75.8490075,other,,ziv
Nova Trampoline Park Plymouth,"65 Shops at 5 Way, Plymouth, Massachusetts, 02360",41.9282560,-70.6546855,other,,ziv
NRG Adventure Park (Springfield),"350 US-22, Springfield, New Jersey, 07081",40.6856599,-74.3254119,other,,ziv
Oak Island Jungle Golf,"6321 East Oak Island Drive, Oak Island, North Carolina, 28465",33.9113246,-78.1009303,other,,ziv
Oak Tree Bowling Lanes,"980 North Diamond Bar Boulevard, Diamond Bar, California, 91765",34.0350540,-117.8066720,other,,ziv
Oasis Lanes,"1660 North Zaragoza Road, El Paso, Texas, 79936",31.7483451,-106.2815902,other,,ziv
Odyssey Fun World,"Tinley Park, Illinois",41.5414804,-87.7874713,other,,ziv
Off The Wall GameRoom,"9060 West State Road 84, Davie, Florida, 33324",26.1025754,-80.2720356,other,,ziv
Oh Wow! Nickel Arcade,"100 W Olive Ave, Merced, California, 95340",37.3171875,-120.4714272,other,,ziv
Oh Wow! Nickel Arcade,"5217 North Blackstone Avenue, Fresno, California,  93710",36.8124470,-119.7908680,other,,ziv
Oklahoma City <br> (Quail Springs Mall),"2501 W Memorial Rd, Oklahoma City, OK 73134, USA",35.6125280,-97.5565730,chunithm;ddr;drs;maimai_dx;sdvx;taiko,,round1usa
Old North Arcade,"22 pullman square, Huntington, West Virginia, 25701",38.4226740,-82.4436849,ddr;other,,ziv
Omni's House,"Avondale Estates, Georgia, 30002",33.7833533,-84.2408959,other,,ziv
One Well Brewing,"4217 Portage Street, Kalamazoo, Michigan, 49001",42.2485543,-85.5591431,ddr,,ziv
Oops Alley,"3721 Hwy 90, Pace, Florida, 32571",30.5955598,-87.1685861,ddr,,ziv
Otaku-Planet,"119 Southland Village S/C, Troy, Alabama, 36081",31.7834467,-85.9647248,sdvx,,ziv
Otherworlds' Arcade,"3501 Chateau Blvd., Ste 102, Kenner, LA, 70065",30.0221589,-90.2573660,chunithm;other,,ziv
Out of Order Arcade,"13320 Lincoln Way, Auburn, California, 95603",38.9212893,-121.0566766,popn,,ziv
P Dubs,"20800 Santa Lucia St, Tehachapi, California, 93561",35.1209068,-118.4899199,ddr,,ziv
Pacific Paradise,"767 Minard Avenue Northwest, Ocean Shores, Washington, 98569",47.0097795,-124.1629931,other,,ziv
Pantsu_pnm's House,"5830 Climax Avenue, Klamath Falls, Oregon, 97603",42.2096008,-121.7169278,other;popn,,ziv
Paradise Golf & Arcade,"3300 North Croatan Highway, Kill Devil Hills, North Carolina, 27948",36.0529680,-75.6861890,other,,ziv
Park Place Stadium Cinemas,"600 Washington Street East, Charleston, West Virginia, 25301",38.3529155,-81.6334584,ddr;other,,ziv
Party Jungle,"12046 N. 32nd St. Phoenix, AZ, Phoenix, Arizona, 85028",33.5961730,-112.0131886,ddr;other,,ziv
Peabody Heights Brewery,"401 East 30th Street, Baltimore, Maryland, 21218",39.3244591,-76.6104024,popn,,ziv
Pembroke Pines <br> (Pembroke Lakes Mall),"12055 Pines Blvd, Pembroke Pines, FL 33026, USA",26.0107400,-80.3070100,chunithm;ddr;drs;maimai_dx;sdvx;taiko,,round1usa
Peter Piper Pizza,"3007 Highland Blvd Ste 112, National City, California, 91950",32.6586119,-117.0886171,ddr,,ziv
"PGH Dance Game Space (""The Space"")","Squirrel Hill South, Pittsburgh, Pennsylvania, 15217",40.4336536,-79.9230472,ddr;other,,ziv
Philadelphia <br> (Fashion District),"1001 Market St, Philadelphia, PA 19107, USA",39.9517360,-75.1568500,chunithm;ddr;drs;maimai_dx;sdvx;taiko,,round1usa
Pin Strikes - Stockbridge,"3478 Mount Zion Road, Stockbridge, Georgia, 30281",33.5509172,-84.2773964,other,,ziv
Pin Strikes Macon,"4318 Sheraton Drive, Macon, Georgia, 31210",32.9125044,-83.6985683,other,,ziv
Pinball Garage,"113 N 3rd St, Hamilton, Ohio, 45011",39.4005805,-84.5600940,other,,ziv
Pinball Hall of Fame,"4925 South Las Vegas Boulevard, Las Vegas, Nevada, 89119",36.0846385,-115.1715369,ddr;other,,ziv
Pinball Land,"114 Courtland Street, Rockford, Michigan, 49341",43.1207771,-85.5588463,ddr,,ziv
Pinball Pete's,"220 Albert Ave, East Lansing, Michigan, 48823",42.7355550,-84.4813440,ddr,,ziv
Pinball Pete's,"500 East Liberty St., Ann Arbor, Michigan, 48104",42.2792695,-83.7430608,ddr;other,,ziv
Pinballz Arcade,"8940 Research Blvd., Suite 100, Austin, Texas, 78758",30.3699900,-97.7215560,ddr;other,,ziv
Pinballz Kingdom,"15201 S IH 35 Frontage Rd., Buda, Texas, 78610",30.0867506,-97.8186524,ddr;other,,ziv
Pinballz Lake Creek,"13729 Research Blvd, Ste 1350, Austin, Texas, 78750",30.4603264,-97.7903669,ddr;other,,ziv
Pins & Wheels At Playland,"8822 McCann Dr, Austin, Texas, 78757",30.3730756,-97.7294634,drs;other,,ziv
Pinz Bowling Center,"700 North Lafayette Street, South Lyon, Michigan, 48178",42.4671986,-83.6502224,other,,ziv
Pirates Turf,"807 S Anderson Blvd, Topsail Beach, NC, 28445",34.3659314,-77.6292336,other,,ziv
Pixel Planet Arcade,"4060 Cane Ridge Pkwy #421, Antioch, Tennessee, 37013",36.0355657,-86.6465092,other,,ziv
Pixels Bar + Arcade,"110 Bluestone Crossing Rd, Rolesville, North Carolina, 27571",35.9216775,-78.4603911,ddr,,ziv
Pizza Ranch Fun Zone,"912 N Dakota St, Vermillion, South Dakota, 57069",42.7611294,-96.8582153,other,,ziv
Pizza Ranch FunZone,"2515 10th Ave S, Great Falls, 59405",47.4944834,-111.2636572,other,,ziv
Platinum City Gaming,"294 Winthrop Street, Taunton, Massachusetts, 02780",41.8875339,-71.1211496,other,,ziv
Play & Spin,"7631 N Caldwell Ave, Niles, 60714",42.0120279,-87.8047640,other,,ziv
Play 2 Win Games,"3903 Western Ave, Knoxville, Tennessee, 37921",35.9806412,-84.0152487,popn,,ziv
Play Money Pinball Arcade Bar,"872 SW Federal Hwy, Stuart, Florida, 34994",27.1906451,-80.2542162,other,,ziv
Play Port,"2730 West 12th Street, Erie, Pennsylvania, 16505",42.1016915,-80.1423810,ddr;gitadora;other;popn,,ziv
Play-A-Round Golf and Games,"5021 George Washington Memorial Highway, Yorktown, Virginia, 23692",37.1545107,-76.4622125,other,,ziv
Player 1 Video Game Bar Vegas,"2797 South Maryland Parkway, Las Vegas, Nevada, 89109",36.1391336,-115.1378313,ddr;other,,ziv
Player 2 Arcade Bar,"219 N Washington St, Green Bay, WI, 54301",44.5065449,-88.0341339,ddr;other,,ziv
Players Fun Zone,"519 Old Westminster Pike, Westminster, Maryland, 21157",39.5587136,-76.9785622,other,,ziv
Playland Arcade on the Santa Monica Pier,"350 Santa Monica Pier, Santa Monica, California, 90401",34.0089961,-118.4974483,other,,ziv
Playzone Bowling and Amusement,"950 N Imperial Ave, El Centro, CA, 92243",32.7532100,-115.5191803,ddr;popn,,ziv
Plaza Stadium Cinemas 14,"255 West 5th Street, Oxnard, California, 93030",34.1984146,-119.1792128,ddr,,ziv
Point Break Arcade,"445 Harrison Avenue, Panama City, Florida, 32401",30.1560462,-85.6605591,chunithm;ddr;drs;jubeat;maimai_dx;nostalgia;other;popn;sdvx;taiko,,ziv
Power Play,"700 Bellevue Way Northeast, Bellevue, Washington, 98004",47.6168533,-122.2007990,other,,ziv
Power Surge Bar Arcade,"347 Main St., Fitchburg, Massachusetts, 01420",42.5696120,-71.7797327,ddr;jubeat;other,,ziv
Power Up Arcade,"1520 Devin Rd, Sedalia, MO, 65301",38.6994441,-93.2611574,other,,ziv
PowerPlay Entertainment Center,"509 NW Barry Rd., Kansas City, Missouri, 64118",39.2442375,-94.5881160,ddr;other,,ziv
Prairie Fun Land,"515 East Paquette Street, Prairie du Chien, Wisconsin, 53821",43.0283914,-91.1379380,ddr,,ziv
Premiere Cinema + IMAX - El Paso Bassett,"6101 Gateway Blvd W #15, El Paso, Texas, 79925",31.7837518,-106.4128125,other,,ziv
Premiere Cinema 14 Tannehill,"4801 Promenade Parkway, Bessemer, Alabama, 35022",33.3351007,-86.9849210,other,,ziv
Premiere Cinemas,"1000 Premiere Parkway Southeast, Rio Rancho, New Mexico, 87124",35.2399556,-106.6996827,ddr,,ziv
Prince UFO Catchers,"131 Colonie Center, Suite #152, Albany, New York, 12205",42.7102506,-73.8160819,chunithm;ddr;maimai_dx;other,,ziv
Provo Beach,"4801 N University Ave, #210, Provo, UT , 84604",40.2995494,-111.6593126,other,,ziv
Punch Bowl Social,"340 SW Morrison St., Portland, Oregon, 97204",45.5180943,-122.6763549,other,,ziv
PUSH START PLAY Family Entertainment Center,"1165 S Stemmons Fwy #192, Lewisville, TX, 75067",33.0285088,-96.9940210,drs;jubeat;maimai_dx;other;sdvx,,ziv
Putt-Putt Fun Center,"3615 North Main Street, Mishawaka, Indiana, 46545",41.6933737,-86.1825214,ddr,,ziv
Putt-Putt Golf and Games,"2004 West Pleasant Ridge Road, Arlington, Texas, 76015",32.6758038,-97.1410060,ddr,,ziv
Putters,"1156 Highway 99 North, Eugene, Oregon, 97402",44.0733113,-123.1466961,other,,ziv
Puyallup <br> (South Hill Mall),"3500 S Meridian Unit 900, Puyallup, WA 98373, USA",47.1578360,-122.2961010,chunithm;ddr;drs;maimai_dx;sdvx;taiko,,round1usa
Quackade,"44-47 23rd St, Long Island CIty, NY, 11101",40.7478442,-73.9447797,chunithm;maimai_dx;other,,ziv
Quarter Up Bar + Arcade,"1452 North Portage Path, Akron, Ohio, 44313",41.1342821,-81.5486598,other,,ziv
Quarters,"606 4th Street, Bremerton, Washington, 98337",47.5657314,-122.6285524,other,,ziv
QuarterWorld,"4811 SE Hawthorne Boulevard, Portland, Oregon, 97215",45.5122500,-122.6127809,other,,ziv;community
Queen & Rook Game Cafe,"123 South Street, Philadelphia, Pennsylvania, 19147",39.9411518,-75.1448963,other,,ziv
R1 Indoor Karting,"100 Higginson Ave., Lincoln, Rhode Island, 02865",41.8862625,-71.4089737,other,,ziv
Rack N Roll Family Fun Center,"212 Washington Place, Passaic, New Jersey, 07055",40.8615369,-74.1251888,other,,ziv
RAD BAR,"119 Staff Drive Northeast, Fort Walton Beach, Florida, 32548",30.4155769,-86.6058308,jubeat;other;popn;sdvx,,ziv
Rad Retrocade,"201 North Main Street, Las Cruces, New Mexico, 88001",32.3104765,-106.7792372,ddr;other,,ziv
Rainbow Playspace (Bensonhurst),"8222 18th Avenue, Brooklyn, New York, 11214",40.6090840,-74.0008002,other,,ziv
Rainbow Skateland,"1109 Lincoln Avenue, Lockport, New York, 14094",43.1536416,-78.6672415,ddr,,ziv
Randolph Beer,"82 Prospect St, Brooklyn, New York, 11201",40.7005059,-73.9875287,ddr,,ziv
Rascal's Fun Zone,"628 South U.S. 31, Whiteland, Indiana, 46184",39.5589197,-86.0891676,other,,ziv
Rat Nest,"12345 Mountain Avenue, Chino, California, 91710",34.0295221,-117.6664528,popn,,ziv
Rcade,"1615 East Empire Street, Bloomington, Illinois, 61701",40.4859631,-88.9561701,ddr,,ziv
Realms,"109 South 23rd Street, Boise, Idaho, 83702",43.6207856,-116.2186634,chunithm;ddr;other,,ziv
Reboot Arcade,"534 North Liberty Street, Winston-Salem, North Carolina, 27101",36.1008499,-80.2454969,ddr,,ziv
Reboot Retrocade & Bar,"566 Cherry Street, Macon, Georgia, 31201",32.8361068,-83.6286509,other,,ziv
Rec Hall STL,"800 S Duchesne Dr, St Charles, Missouri, 63301",38.7878436,-90.5142868,ddr;other,,ziv
Rec Room LKLD,"202 North Massachusetts Avenue, Lakeland, Florida, 33801",28.0451958,-81.9544888,other,,ziv
Recbar,"10301 Taylorsville Road, Jeffersontown, Kentucky, 40299",38.1958771,-85.5660066,ddr,,ziv
Recbar 812,"336 Pearl Street, New Albany, Indiana, 47150",38.2859091,-85.8226144,ddr,,ziv
Red Note,"1881 South Rainbow Boulevard, Las Vegas, Nevada, 89146",36.1505760,-115.2435833,chunithm;ddr;gitadora;iidx;jubeat;maimai_dx;nostalgia;ongeki;other;popn;sdvx,,ziv
Red Zone,"1928 Greenspring Drive, Timonium, Maryland, 21093",39.4317864,-76.6296248,other,,ziv
Regal Dole Cannery,"735 B Iwilei Road, Honolulu, Hawaiʻi, 96817",21.3158480,-157.8706974,other,,ziv
Regal Garden Grove 16,"9741 Chapman Avenue, Garden Grove, Garden Grove, California, 92841",33.7886392,-117.9630404,ddr,,ziv
Regency Fun Center,"2440 East Carson Street, Lakewood, California, 90712",33.8317139,-118.1627466,ddr;other,,ziv
Reno <br> (Meadowood Mall),"5400 Meadowood Mall Cir, Reno, NV 89502, USA",39.4744570,-119.7805480,chunithm;ddr;drs;maimai_dx;sdvx;taiko,,round1usa
Retro City Arcade,"4446 Washington Rd Ste 7, Evans, GA, 30809",33.5436325,-82.1425035,ddr,,ziv
Retro Rush Arcade,"100 N 9th St, Richmond, Indiana, 47374",39.8307605,-84.8917539,jubeat;other;sdvx,,ziv
Retrovolt Arcade,"544 Myrtlewood Drive, Calimesa, California, 92320",33.9967638,-117.0579657,other;popn;sdvx,,ziv
Retroware Arcade (Lansdale),"309 West Main Street, Lansdale, Pennsylvania, 19446",40.2435101,-75.2867609,chunithm;ddr;jubeat;nostalgia;other;sdvx,,ziv
Revel & Roll West,"4500 Stadium Dr, Kalamazoo, Michigan, 49008",42.2714580,-85.6451333,other,,ziv
Revival Arcade,"1395 North E Street, San Bernardino, California, 92405",34.1253699,-117.2939229,ddr;gitadora;iidx;other;sdvx,,ziv
Revolution Laser Tag,"35335 South Gratiot Avenue, Charter Township of Clinton, Michigan, 48035",42.5567957,-82.9014376,other,,ziv
RhythmPitt,"Join the discord!, Pittsburgh, Pennsylvania, 15208",40.4514865,-79.9081555,chunithm;ddr;drs;gitadora;iidx;jubeat;maimai_dx;museca;nostalgia;ongeki;other;popn;sdvx,,ziv
Ric&Rik Otaku Cafe,"7022 Bandera Road, San Antonio, Texas, 78238",29.4989299,-98.6254450,chunithm;ddr;gitadora;iidx;jubeat;maimai_dx;museca;nostalgia;other;popn;sdvx;taiko,,ziv
Rigby's Entertainment Complex,"2001 Karl Drive, Warner Robins, Georgia, 31088",32.5512499,-83.6868483,ddr,,ziv
Rinky Dink Family Fun Center,"2390 Medina rd., Medina, Ohio, 44256",41.1348200,-81.7736530,ddr,,ziv
Ripley's Super Fun Zone,"910 N. Ocean Blvd., MB, Myrtle Beach, South Carolina, Myrtle Beach, South Carolina, 29577",33.6890603,-78.8866943,other,,ziv
RIT Ritz Sports Zone,"Rochester, New York, 14623",43.0840285,-77.6746300,ddr;other,,ziv
Ritchs Alley,"3798 Memorial Dr, Waycross, Georgia, 31503",31.1625069,-82.2963926,other,,ziv
River City Gaming,"1527 Main Street, Rahway, New Jersey, 07065",40.6070456,-74.2735219,chunithm;maimai_dx;other,,ziv
Riverside Game Lab,"3633 Market Street, Riverside, California, 92501",33.9842636,-117.3749846,other;sdvx,,ziv
RoadHouse Cinemas (Colorado Springs),"3030 N Nevada Ave, Colorado Springs, CO, 80907",38.8762338,-104.8214166,other,,ziv
Roanoke STARCADE,"1 Market Square Southeast, Floor 2, Roanoke, Virginia, 24011",37.2714552,-79.9392486,ddr;other,,ziv
Roar,"633 N Liberty St, Winston-Salem, North Carolina, 27101",36.1026365,-80.2453739,other,,ziv
Rochester Galaxy 14 Cinema,"4340 Maine Avenue Southeast, Rochester, Minnesota, 55904",43.9579131,-92.4596952,other,,ziv
Rocket's Launchpad,"4500 Mobile Hwy, Pensacola, FL, 32526",30.4335779,-87.2782951,other,,ziv
Rocketbelly,"100 Pioneer Point Apartment, Suite 156, Arlington, Texas, 76010",32.7070358,-97.1089495,ddr,,ziv
Rollhouse Columbus,"500 Georgesville Rd, Columbus, OH, 43228",39.9181628,-83.0199051,other,,ziv
RollHouse Mentor,"7300 Palisades Parkway, Mentor, Ohio, 44060",41.6607040,-81.3807903,other,,ziv
Rolling Thunder Lanes (Sky Ute Casino and Resort),"14324 Hwy 172 North, Ignacio, Colorado, 81137",37.1376613,-107.6327524,ddr;other,,ziv
ROSEVILLE GOLFLAND,"1893 Taylor Road Roseville, CA 95661",38.7612450,-121.2576292,maimai_dx;other,,allnet;ziv
Roseville<br> (Westfield Galleria at Roseville),"1191 Galleria Blvd., Suite 1210, Roseville, CA 95678, USA",38.7746530,-121.2697900,chunithm;ddr;drs;maimai_dx;sdvx;taiko,,round1usa
Round Table Pizza,"10150 SW Beaverton Hillsdale Hwy, Beaverton, Oregon, 97005",45.4860906,-122.7811754,taiko,,ziv
Round1 Albuquerque (Coronado Center),"6600 Menaul Blvd NE, Albuquerque, NM 87110, USA",35.1082420,-106.5713100,chunithm;ddr;drs;maimai_dx;sdvx;taiko,,round1usa
Round1 Arcade (Deerbrook Mall),"20131 U.S. 59 #1240, Humble, Texas, 77338",30.0108345,-95.2702403,dance_around;ddr;drs;gitadora;iidx;maimai_dx;other;popn;sdvx;taiko,,ziv
ROUND1 ARLINGTON PARKS,"3811 S. Cooper St., Suite 6004,Arlington TX 76015",32.6796797,-97.1295441,chunithm;dance_around;ddr;drs;gitadora;iidx;maimai_dx;museca;other;popn;sdvx;taiko,,allnet;ziv;round1usa
ROUND1 ARROWHEAD TOWN CENTER,"7650 Arrowhead Town Center, Glendale, AZ 85308",33.6413806,-112.2240577,chunithm;dance_around;ddr;drs;gitadora;iidx;maimai_dx;other;popn;sdvx;taiko,,allnet;ziv;round1usa
Round1 Atlanta (Cumberland Mall),"2860 Cumberland Mall SE, Atlanta, GA 30339, USA",33.8822370,-84.4683460,chunithm;ddr;drs;maimai_dx;sdvx;taiko,,round1usa
Round1 Auburn Hills (Great Lakes Crossing),"4220 Baldwin Rd, Auburn Hills, MI 48326, USA",42.7025380,-83.2996450,chunithm;ddr;drs;maimai_dx;sdvx;taiko,,round1usa
Round1 Bowling & Arcade  (Westfield Plaza Bonita),"3030 Plaza Bonita Road, National City, California, 91902",32.6567841,-117.0652516,chunithm;dance_around;ddr;drs;gitadora;iidx;maimai_dx;other;popn;sdvx;taiko,,ziv;round1usa
Round1 Bowling & Arcade (Broadway Commons),"972 Broadway Mall, Hicksville, New York, 11801",40.7737561,-73.5331730,chunithm;dance_around;ddr;drs;gitadora;iidx;maimai_dx;other;popn;sdvx;taiko,,ziv
Round1 Bowling & Arcade (Chandler Fashion Center),"3111 W Chandler Blvd, Chandler, Arizona, 85226",33.3010314,-111.8999679,chunithm;dance_around;ddr;drs;gitadora;iidx;maimai_dx;other;popn;sdvx;taiko,,ziv
Round1 Bowling & Arcade (Coronado Center),"6600 Menaul Boulevard Northeast, Albuquerque, New Mexico, 87110",35.1066911,-106.5756805,chunithm;dance_around;ddr;drs;gitadora;iidx;maimai_dx;museca;other;sdvx,,ziv
Round1 Bowling & Arcade (Cumberland Mall),"2860 Cumberland Mall, Atlanta, Georgia, 30339",33.8802585,-84.4670214,chunithm;dance_around;ddr;drs;gitadora;iidx;maimai_dx;other;popn;sdvx;taiko,,ziv
Round1 Bowling & Arcade (Danbury Fair),"7 Backus Avenue, Danbury, Connecticut, 06810",41.3796745,-73.4802532,chunithm;dance_around;ddr;drs;gitadora;iidx;maimai_dx;other;popn;sdvx;taiko,,ziv
Round1 Bowling & Arcade (Deptford Mall),"1750 Deptford Center Road, Deptford, New Jersey, 08096",39.8302390,-75.0978078,chunithm;dance_around;ddr;drs;gitadora;iidx;maimai_dx;other;popn;sdvx;taiko,,ziv
Round1 Bowling & Arcade (Exton Square Mall),"172 Exton Square Parkway, Exton, Pennsylvania, 19341",40.0306751,-75.6223013,chunithm;dance_around;ddr;drs;gitadora;iidx;maimai_dx;other;popn;sdvx;taiko,,ziv
Round1 Bowling & Arcade (Fairfield Commons),"2727 Fairfield Commons, Beavercreek, Ohio, 45431",39.7659582,-84.0557259,chunithm;dance_around;ddr;drs;gitadora;iidx;maimai_dx;other;popn;sdvx;taiko,,ziv
Round1 Bowling & Arcade (Grapevine Mills),"3000 Grapevine Mills Parkway, Grapevine, Texas, 76051",32.9638467,-97.0444894,chunithm;dance_around;ddr;drs;gitadora;iidx;maimai_dx;other;sdvx;taiko,,ziv
Round1 Bowling & Arcade (Great Lakes Crossing Outlets),"4220 Baldwin Rd, Suite A502, Auburn Hills, Michigan, 48326",42.7018127,-83.2980609,chunithm;dance_around;ddr;drs;gitadora;iidx;maimai_dx;other;popn;sdvx;taiko,,ziv
Round1 Bowling & Arcade (Great Lakes Mall),"7850 Mentor Avenue, Suite 200A, Mentor, Ohio, 44060",41.6588704,-81.3629822,dance_around;ddr;drs;gitadora;iidx;other;sdvx,,ziv
Round1 Bowling & Arcade (Gurnee Mills),"6170 West Grand Avenue, Gurnee, Illinois, 60031",42.3887186,-87.9597724,chunithm;dance_around;ddr;gitadora;iidx;maimai_dx;other;popn;sdvx;taiko,,ziv
Round1 Bowling & Arcade (Main Place Mall),"2800 North Main Street, Suite 1100, Santa Ana, California, 92705",33.7743722,-117.8686519,chunithm;dance_around;ddr;drs;gitadora;iidx;maimai_dx;other;popn;sdvx;taiko,,ziv;round1usa
Round1 Bowling & Arcade (Maine Mall),"364 Maine Mall Road, South Portland, Maine, 04106",43.6334348,-70.3348268,chunithm;dance_around;ddr;drs;gitadora;iidx;maimai_dx;other;popn;sdvx;taiko,,ziv;round1usa
Round1 Bowling & Arcade (Menlo Park Mall),"55 Parsonage Rd, Space 1850A, Edison, NJ, 08837",40.5461934,-74.3367040,chunithm;dance_around;ddr;drs;gitadora;iidx;maimai_dx;other;sdvx;taiko,,ziv
Round1 Bowling & Arcade (North Riverside Park Mall),"7501 West Cermak Road, North Riverside, Illinois, 60546",41.8485053,-87.8113389,chunithm;dance_around;ddr;drs;gitadora;iidx;maimai_dx;other;popn;sdvx;taiko,,ziv;round1usa
Round1 Bowling & Arcade (North Star Mall),"7400 San Pedro Avenue, San Antonio, Texas, 78216",29.5179905,-98.4945243,chunithm;dance_around;ddr;drs;gitadora;iidx;maimai_dx;other;popn;sdvx;taiko,,ziv;round1usa
Round1 Bowling & Arcade (Promenade Temecula),"40710 Winchester Road, Temecula, California, 92591",33.5262948,-117.1531965,chunithm;dance_around;ddr;drs;gitadora;iidx;maimai_dx;other;popn;sdvx;taiko,,ziv
Round1 Bowling & Arcade (Stonestown Galleria),"285 Winston Dr Space No. B1, San Francisco, California, 94132",37.7265378,-122.4778764,chunithm;dance_around;ddr;drs;gitadora;iidx;maimai_dx;other;popn;sdvx;taiko,,ziv;round1usa
Round1 Bowling & Arcade (Sunvalley Mall),"185 Sunvalley Mall, Concord, California, 94520",37.9688906,-122.0617050,chunithm;dance_around;ddr;gitadora;iidx;maimai_dx;museca;other;popn;sdvx,,ziv
Round1 Bowling & Arcade (The Shops at Skyview),"131-07 40th Road, Suite C01, Flushing, NY, 11354",40.7568800,-73.8354164,chunithm;ddr;drs;gitadora;maimai_dx;other;sdvx,,ziv
Round1 Bowling & Arcade (Valley River Center),"600 Valley River Center, Suite 101, Eugene, Oregon, 97401",44.0686091,-123.1083083,chunithm;dance_around;ddr;drs;gitadora;iidx;maimai_dx;other;popn;sdvx;taiko,,ziv;round1usa
Round1 Bowling & Arcade (Vancouver Mall),"8700 NE Vancouver Mall Rd, Vancouver, Washington , 98662",45.6582526,-122.5838721,chunithm;dance_around;ddr;drs;gitadora;iidx;other;sdvx;taiko,,ziv
Round1 Bowling & Arcade (Westfield Southcenter),"2351 Southcenter Mall, Tukwila, Washington, 98188",47.4598840,-122.2561471,chunithm;dance_around;ddr;drs;gitadora;iidx;maimai_dx;other;popn;sdvx;taiko,,ziv;round1usa
Round1 Bowling & Arcade (Willowbrook Mall),"3000 Willobrook Mall (A), Houston, TX, 77070",29.9625660,-95.5398235,chunithm;dance_around;ddr;drs;gitadora;iidx;museca;other;sdvx;taiko,,ziv
Round1 Bowling & Arcade - Millcreek Mall Complex,"5800 Peach Street, Erie, Pennsylvania, 16509",42.0688513,-80.0985504,chunithm;dance_around;ddr;gitadora;iidx;maimai_dx;museca;other;popn;sdvx;taiko,,ziv
Round1 Bowling & Arcade - Oklahoma City (Quail Springs Mall),"2501 West Memorial Road, Oklahoma City, Oklahoma, 73134",35.6131205,-97.5583516,chunithm;dance_around;ddr;drs;gitadora;iidx;maimai_dx;other;popn;sdvx,,ziv
Round1 Bowling & Arcade - Sandy (The Shops at South Town),"10600 South 110 West, Sandy, Utah, 84070",40.5623948,-111.8943787,chunithm;dance_around;ddr;drs;gitadora;iidx;maimai_dx;other;popn;sdvx;taiko,,ziv;round1usa
ROUND1 BROADWAY MALL,"358 North Broadway, Suite 1950,Hicksville, NY 11801",40.7732181,-73.5295087,chunithm;ddr;drs;maimai_dx;sdvx;taiko,,allnet;round1usa
ROUND1 BURBANK TOWN CENTER,"201 E Magnolia Blvd, Suite 145,Burbank, CA 91502",34.1833774,-118.3124048,chunithm;dance_around;ddr;drs;gitadora;iidx;maimai_dx;other;popn;sdvx;taiko,,allnet;ziv;round1usa
ROUND1 CHANDLER FASHION CENTER,"3111 W Chandler Blvd, Chandler,AZ 85226",33.3014704,-111.8984059,chunithm;ddr;drs;maimai_dx;sdvx;taiko,,allnet;round1usa
ROUND1 CRYSTAL RUN GALLERIA,"1 Galleria Dr., Suite 01, Middletown, NY 10941",41.4528370,-74.3683538,chunithm;dance_around;ddr;drs;gitadora;iidx;maimai_dx;other;popn;sdvx;taiko,,allnet;ziv
ROUND1 CUMBERLAND MALL,"2860 Cumberland Mall, Suite 1500, Atlanta, GA 30339",33.8799947,-84.4680649,ddr;gitadora;iidx;maimai_dx;museca;other,,allnet;ziv
Round1 Danbury (Danbury Fair),"7 Backus Ave, Danbury, CT 06810, USA",41.3793130,-73.4822740,chunithm;ddr;drs;maimai_dx;sdvx;taiko,,round1usa
ROUND1 DEERBROOK MALL,"20131 US-59, Humble, TX 77338",30.0089636,-95.2697497,chunithm;ddr;drs;maimai_dx;sdvx;taiko,,allnet;round1usa
ROUND1 DEPTFORD MALL,"1750 Deptford Center Road,Space#2350,Deptford Township,NJ 08096",39.8314319,-75.0978249,chunithm;ddr;drs;maimai_dx;sdvx;taiko,,allnet;round1usa
ROUND1 EASTRIDGE SHOPPING CENTER,"2200 Eastridge Loop Suite 2094,San Jose, CA 95122",37.3255349,-121.8133811,chunithm;dance_around;ddr;drs;gitadora;iidx;maimai_dx;other;popn;sdvx;taiko,,allnet;ziv;round1usa
Round1 Edison (Menlo Park Mall),"55 Parsonage Rd Space 1850A, Edison, NJ 08837, USA",40.5472240,-74.3351590,chunithm;ddr;drs;maimai_dx;sdvx;taiko,,round1usa
Round1 Erie (Millcreek Mall),"5800 Peach St, Erie, PA 16509, USA",42.0677230,-80.0977160,chunithm;ddr;drs;maimai_dx;sdvx;taiko,,round1usa
Round1 Exton (Exton Square Mall),"172 Exton Square Pkwy, Exton, PA 19341, USA",40.0313630,-75.6235090,chunithm;ddr;drs;maimai_dx;sdvx;taiko,,round1usa
ROUND1 FAIRFIELD COMMONS,"2727 Fairfield Commons, Suite ANC1A, Beavercreek, OH 45431",39.7672589,-84.0566336,chunithm;ddr;drs;maimai_dx;sdvx;taiko,,allnet;round1usa
ROUND1 FASHION DISTRICT PHILADELPHIA,"1001 Market Street, #3010, Philadelphia, PA 19107",39.9519835,-75.1571648,chunithm;dance_around;ddr;drs;gitadora;iidx;maimai_dx;other;popn;sdvx;taiko,,allnet;ziv;round1usa
ROUND1 FOUR SEASONS TOWN CENTRE,"125 Four Seasons Town Centre Greensboro, NC 27407",36.0392769,-79.8384279,chunithm;dance_around;ddr;drs;gitadora;iidx;maimai_dx;other;popn;sdvx;taiko,,allnet;ziv;round1usa
ROUND1 FOX VALLEY MALL,"2480 Fox Valley Center, B13 Aurora, IL 60504",41.7588775,-88.2126401,chunithm;dance_around;ddr;drs;gitadora;iidx;maimai_dx;other;popn;sdvx;taiko,,allnet;ziv;round1usa
ROUND1 GATEWAY MALL,"6100 O St., Space 190A, Lincoln, NE 68505",40.8156596,-96.6350068,chunithm;dance_around;ddr;gitadora;iidx;maimai_dx;other;popn;sdvx;taiko,,allnet;ziv
ROUND1 GRAPEVINE MILLS,"3000 Grapevine Mills Pkwy Suite613, Grapevine, TX 76051",32.9661607,-97.0425031,chunithm;ddr;drs;maimai_dx;sdvx;taiko,,allnet;round1usa
Round1 Gurnee (Gurnee Mills),"6136 W Grand Ave., Gurnee, IL 60031, USA",42.3714200,-87.9170700,chunithm;ddr;drs;maimai_dx;sdvx;taiko,,round1usa
ROUND1 HOLYOKE MALL,"50 Holyoke Street, Space J210, Holyoke, MA 01040",42.1676302,-72.6413569,chunithm;dance_around;ddr;drs;gitadora;iidx;maimai_dx;other;popn;sdvx;taiko,,allnet;ziv;round1usa
Round1 Houston (Willowbrook Mall),"3000 Willowbrook Mall (A), Houston, TX 77070, USA",29.9568930,-95.5377770,chunithm;ddr;drs;maimai_dx;sdvx;taiko,,round1usa
ROUND1 JERSEY GARDEN,"651 Kapkowski Rd, Elizabeth, NJ07201",40.6590029,-74.1695025,chunithm;dance_around;ddr;drs;gitadora;iidx;maimai_dx;other;popn;sdvx;taiko,,allnet;ziv;round1usa
ROUND1 LAKEWOOD MALL,"401 Lakewood Ctr. Mall, Lakewood, CA 90712",33.8503969,-118.1385807,chunithm;dance_around;ddr;drs;gitadora;iidx;maimai_dx;other;popn;sdvx;taiko,,allnet;ziv;round1usa
Round1 Las Vegas (Las Vegas South Premium Outlets),"7400 S Las Vegas Blvd Suite 0213, Las Vegas, NV 89123, USA",36.0552790,-115.1695380,chunithm;ddr;drs;maimai_dx;sdvx;taiko,,round1usa
Round1 Las Vegas (Meadows Mall),"4300 Meadows Ln, Las Vegas, NV 89107, USA",36.1725270,-115.1965000,chunithm;ddr;drs;maimai_dx;sdvx;taiko,,round1usa
ROUND1 LAS VEGAS SOUTH PREMIUM OUTLETS,"7400 S. Las Vegas Blvd, Ste 0213, Las Vegas, NV, 89123",36.0510062,-115.1688657,chunithm;dance_around;ddr;gitadora;iidx;maimai_dx;other;popn;sdvx;taiko,,allnet;ziv
Round1 Lincoln (Gateway Mall),"6100 O St, Lincoln, NE 68505, USA",40.8145020,-96.6384650,chunithm;ddr;drs;maimai_dx;sdvx;taiko,,round1usa
Round1 Littleton (Southwest Plaza),"8501 W Bowles Ave, Littleton, CO 80123, USA",39.6107540,-105.0955870,chunithm;ddr;drs;maimai_dx;sdvx;taiko,,round1usa
ROUND1 MEADOWOOD MALL,"5400 Meadowood Mall Circle,Reno,NV 89502",39.4745831,-119.7804218,chunithm;ddr;drs;gitadora;iidx;maimai_dx;other;sdvx;taiko,,allnet;ziv;round1usa
ROUND1 MEADOWS MALL,"4000 Meadows Ln Suite 100, Las Vegas, NV 89107",36.1726720,-115.1947320,dance_around;ddr;gitadora;iidx;maimai_dx;other;sdvx,,allnet;ziv
Round1 Mentor (Great Lakes Mall),"7850 Mentor Ave, Mentor, OH 44060, USA",41.6582950,-81.3606310,chunithm;ddr;drs;maimai_dx;sdvx;taiko,,round1usa
Round1 Middletown (Galleria at Crystal Run),"1 Galleria Dr, Middletown, NY 10941, USA",41.4529520,-74.3708590,chunithm;ddr;drs;maimai_dx;sdvx;taiko,,round1usa
Round1 Moreno Valley (Moreno Valley Mall),"22500 Town Cir, Moreno Valley, CA 92553, USA",33.9402140,-117.2725110,chunithm;ddr;drs;maimai_dx;sdvx;taiko,,round1usa
ROUND1 MORENO VALLEY MALL,"22500 Town Circle Suite 2030, Moreno Valley, CA 92553",33.9387359,-117.2713013,chunithm;dance_around;ddr;drs;gitadora;iidx;maimai_dx;other;popn;sdvx;taiko,,allnet;ziv
ROUND1 NORTHRIDGE MALL,"1600 Northridge Mall, #200, Salinas, CA 93906",36.7169000,-121.6581870,chunithm;dance_around;ddr;drs;gitadora;iidx;maimai_dx;other;popn;sdvx;taiko,,allnet;ziv
Round1 Oklahoma City (Quail Springs Mall),"2501 W Memorial Rd, Oklahoma City, OK 73134, USA",35.6125280,-97.5565730,chunithm;ddr;drs;maimai_dx;sdvx;taiko,,round1usa
ROUND1 PARK CITY CENTER,"200 Park City Center, Lancaster, PA 17601",40.0688229,-76.3388131,chunithm;dance_around;ddr;drs;gitadora;iidx;maimai_dx;other;popn;sdvx;taiko,,allnet;ziv;round1usa
ROUND1 PARK PLACE MALL,"5950 E Broadway Blvd Suite 110,Tucson, AZ 85711",32.2204809,-110.8637691,chunithm;dance_around;ddr;drs;iidx;maimai_dx;museca;other;sdvx;taiko,,allnet;ziv;round1usa
ROUND1 PEMBROKE LAKES MALL,"12055 Pines BLVD, Pembroke Pines, FL 33026",26.0105910,-80.3078580,chunithm;dance_around;ddr;drs;gitadora;iidx;maimai_dx;museca;other;popn;sdvx;taiko,,allnet;ziv;round1usa
ROUND1 POTOMAC MILLS MALL,"2700 Potomac Mills Circle, Suite 882, Woodbridge, VA 22192",38.6433621,-77.2961829,chunithm;dance_around;ddr;drs;gitadora;iidx;maimai_dx;other;popn;sdvx;taiko,,allnet;ziv
ROUND1 PROMENADE TEMECULA,"40710 Winchester Road, Suite 100, Temecula, CA 92591",33.5275009,-117.1529917,chunithm;ddr;drs;maimai_dx;sdvx;taiko,,allnet;round1usa
ROUND1 PUENTE HILLS MALL,"1600 S Azusa Ave. Suite 285, City of Industry, CA 91748",33.9935867,-117.9274765,chunithm;ddr;drs;gitadora;iidx;jubeat;maimai_dx;museca;other;popn;sdvx;taiko,,allnet;ziv;round1usa
Round1 Puyallup (South Hill Mall),"3500 S Meridian Unit 900, Puyallup, WA 98373, USA",47.1578360,-122.2961010,chunithm;ddr;drs;maimai_dx;sdvx;taiko,,round1usa
ROUND1 ROSEVILLE MALL,"1191 Galleria BL Suit 150, Roseville, CA 95678",38.7747318,-121.2700189,chunithm;dance_around;ddr;drs;gitadora;iidx;maimai_dx;other;popn;sdvx;taiko,,allnet;ziv;round1usa
Round1 Salinas (Northridge Mall),"1600 Northridge Mall #200, Salinas, CA 93906, USA",36.7148370,-121.6575200,chunithm;ddr;drs;maimai_dx;sdvx;taiko,,round1usa
ROUND1 SHOPS AT MISSION VIEJO,"60C The Shops at Mission Viejo,Mission Viejo, CA 92691",33.5576683,-117.6695391,chunithm;dance_around;ddr;drs;gitadora;iidx;maimai_dx;other;popn;sdvx;taiko,,allnet;ziv;round1usa
ROUND1 SOUTH HILL MALL,"3500 S Meridian, Suite 900, Puyallup, WA 98373",47.1573499,-122.3005397,chunithm;dance_around;ddr;drs;gitadora;iidx;maimai_dx;other;popn;sdvx;taiko,,allnet;ziv
ROUND1 SOUTH WEST PLAZA,"8501 West Bowles Ave., Space 1183 Littleton, CO 80123",39.6119798,-105.0956537,chunithm;dance_around;ddr;gitadora;iidx;maimai_dx;other;popn;sdvx,,allnet;ziv
ROUND1 SOUTHLAND MALL,"545 Southland Mall Dr. Hayward,CA 94545",37.6509859,-122.1036974,chunithm;dance_around;ddr;drs;gitadora;iidx;maimai_dx;museca;other;popn;sdvx;taiko,,allnet;ziv;round1usa
ROUND1 SOUTHRIDGE MALL,"5200 S 76th St., Suite C, Greendale, WI 53129",42.9502674,-88.0057293,chunithm;dance_around;ddr;drs;gitadora;iidx;maimai_dx;other;popn;sdvx;taiko,,allnet;ziv;round1usa
ROUND1 SUNVALLEY MALL,"185 Sunvalley Mall Concord, CA 94520",37.9671559,-122.0617194,chunithm;ddr;drs;maimai_dx;sdvx;taiko,,allnet;round1usa
ROUND1 TOWN EAST SQUARE,"7700 East Kellogg Drive, Suite G03J, Wichita, KS 67207",37.6826997,-97.2474183,dance_around;ddr;iidx;maimai_dx;other;popn;sdvx;taiko,,allnet;ziv
Round1 Towson (Towson Town Center),"825 Dulaney Valley Rd, Towson, MD 21204, USA",39.4029460,-76.6011480,chunithm;ddr;drs;maimai_dx;sdvx;taiko,,round1usa
ROUND1 TOWSON TOWN CENTER,"825 Dulaney Valley Road, Suite 1190, Towson, MD 21204",39.4042658,-76.5990278,chunithm;dance_around;ddr;drs;gitadora;iidx;maimai_dx;other;popn;sdvx;taiko,,allnet;ziv
ROUND1 VANCOUVER MALL,"8800 NE Vancouver Mall Dr., Suite 100, Vancouver, WA 98662",45.6573284,-122.5830218,chunithm;ddr;drs;maimai_dx;sdvx;taiko,,allnet;round1usa
Round1 Wichita (Towne East Square),"7700 E Kellogg Dr, Wichita, KS 67207, USA",37.6798270,-97.2457600,chunithm;ddr;drs;maimai_dx;sdvx;taiko,,round1usa
Round1 Woodbridge (Potomac Mills),"2700 Potomac Mills Cir, Woodbridge, VA 22192, USA",38.6428340,-77.2917470,chunithm;ddr;drs;maimai_dx;sdvx;taiko,,round1usa
Roxy Movie Theater 10,"200 Legends Drive, Lebanon, Tennessee, 37087",36.1872821,-86.2930155,ddr,,ziv
Royal Magic Castle,"3605 Bud Pl, Flushing, New York, 11354",40.7619672,-73.8338105,maimai_dx,,ziv
Rubiks Arcade Bar,"4025 North Mesa Street, El Paso, Texas, 79902",31.7891834,-106.5078769,ddr;other,,ziv
Ruby's Arcade,"165 S Main St., Harrisonburg, Virginia, 22801",38.4277735,-78.9546204,ddr,,ziv
Ruckus Room 2.0,"1 Bellis Fair Parkway, #707, Bellingham, Washington, 98226",48.7858751,-122.4925586,other,,ziv
Rye Playland Arcade,"1 Playland Pkwy, Rye, New York, 10580",40.9656675,-73.6736512,other,,ziv
Salem Center Mall,"401 Center Street Northeast, Salem, Oregon, 97301",44.9435086,-123.0361032,other,,ziv
Salem Willows,"1-7 Bay View Avenue, Salem, Massachusetts, 01970",42.5346152,-70.8698845,ddr;other,,ziv
Salinas <br> (Northridge Mall),"1600 Northridge Mall #200, Salinas, CA 93906, USA",36.7148370,-121.6575200,chunithm;ddr;drs;maimai_dx;sdvx;taiko,,round1usa
Salmoon's house,"Blue Bell, Pennsylvania, 19446",40.2284948,-75.3062326,ddr;other,,ziv
San Antonio <br> (North Star Mall),"7400 San Pedro Ave, San Antonio, TX 78216, USA",29.5183900,-98.4952730,chunithm;ddr;drs;maimai_dx;sdvx;taiko,,round1usa
San Francisco <br> (Stonestown Galleria),"285 Winston Dr San Francisco CA 94132 Space No. B1, USA",37.7265300,-122.4775380,chunithm;ddr;drs;maimai_dx;sdvx;taiko,,round1usa
San Francisco State University - Rack n Cue,"Cesar Chavez Student Center, San Francisco, California, 94132",37.7225168,-122.4785800,gitadora,,ziv
San Jose <br> (Eastridge Shopping Center),"2200 Eastridge Lp, San Jose, CA 95122, USA",37.3258510,-121.8131130,chunithm;ddr;drs;maimai_dx;sdvx;taiko,,round1usa
Sandy <br> (Shops at South Town),"10450 S State St, Sandy, UT 84070, USA",40.5622480,-111.8938300,chunithm;ddr;drs;maimai_dx;sdvx;taiko,,round1usa
Sandy Nicklecade,"798 E 9400 S, Salt Lake City, Utah, 84094",40.5792157,-111.8700162,ddr;other,,ziv
Santa Ana <br> (Main Place Mall),"2800 N Main St, Santa Ana, CA 92705, USA",33.7743820,-117.8698340,chunithm;ddr;drs;maimai_dx;sdvx;taiko,,round1usa
Santa Cruz Beach Boardwalk,"400 Beach St., Santa Cruz, California, 95060",36.9643034,-122.0176852,other,,ziv
Save Point,"17 North Main Street, Union Bridge, Maryland, 21791",39.5696379,-77.1776097,chunithm;jubeat;other;taiko,,ziv
Scandia Family Fun Center (Rohnert Park),"5301 Redwood Drive, Rohnert Park, California, 94928",38.3594630,-122.7144480,maimai_dx;other,,ziv
Scandia Golfland,"4300 Central Place, Fairfield, California, 94534",38.2246063,-122.1241816,ddr;maimai_dx,,ziv
Scene75 Entertainment Center,"6196 Poe Avenue, Dayton, Ohio, 45414",39.8380818,-84.1876907,other,,ziv
Scene75 Entertainment Center I Columbus,"24 Blazer Parkway, Dublin, Ohio, 43016",40.0719130,-83.1293597,other,,ziv
Scene75 Entertainment Center | Cincinnati,"876 Ohio 28, Milford, Ohio, 45150",39.1917530,-84.2580557,other,,ziv
Scene75 Entertainment Center | Cleveland,"3688 Center Rd, Brunswick, Ohio, 44212",41.2362893,-81.8188654,other,,ziv
Scooter's Family Fun Center,"2750 Miracle Mile, Bullhead City, Arizona, 86442",35.0856356,-114.5956107,ddr;other,,ziv
Sea World,"10500 Sea World Dr, San Antonio, TX, San Antonio, Texas, 78251",29.4610355,-98.6981725,ddr;other,,ziv
Seabrook Arcade,"16 Front Street, Pacific Beach, Washington, 98571",47.1954611,-124.1992056,other,,ziv
Seattle Pinball Museum,"508 Maynard Avenue South, Seattle, Washington, 98104",47.5980650,-122.3247875,other,,ziv
Seven Ten,"19330 Leitersburg Pike, Hagerstown, Maryland, 21742",39.6656810,-77.7011870,other,,ziv
Shadowfox31's house,"529 S Front St, New Bern, North Carolina, 28562",35.1046814,-77.0424414,jubeat;popn,,ziv
Shake Shoppe Arcade,"1020 Boardwalk, Seaside Heights, New Jersey, 08751",39.9442878,-74.0701783,other,,ziv
Shankz Mini Golf & Arcade,"3091 College Park Dr. Suite 270, The Woodlands, 77384",30.2050994,-95.4628015,other,,ziv
Shipwrecked,"621 Court Street, 2nd Floor, Brooklyn, New York, 11231",40.6709042,-74.0012621,other,,ziv
Shore Fun Family Fun Center,"108 Garfield Pkwy, Bethany Beach, Delaware, 19930",38.5381956,-75.0557576,other,,ziv
Showplace Entertainment Center,"141 East Service Road, Staten Island, New York, 10314",40.5888768,-74.1917071,ddr,,ziv
Showplace Lanes,"1950 Marketplace Dr., Dallas, Texas, 75041",32.8623720,-96.6544630,ddr,,ziv
Side Quest Arcade,"430 Winecup Way, Garland, TX 75040, Garland, Texas, 75040",32.9532061,-96.6125894,ddr;gitadora;iidx;maimai_dx;other;popn;sdvx,,ziv
Silverball,"122 South 9th Street, Columbia, Missouri, 65201",38.9497932,-92.3271757,ddr,,ziv
Six Flags Great America,"542 Illinois 21, Gurnee, Illinois, 60031",42.3679458,-87.9339020,ddr;other,,ziv
Six Flags Over Texas,"2201 Road to Six Flags, Arlington, Texas, 76011",32.7542206,-97.0727491,ddr,,ziv
Skate Mania,"5461 SE Maricamp Rd, Ocala, 34480",29.1329701,-82.1502686,other,,ziv
Sky Zone,"5000 Northeast Fourth Plain Boulevard, Vancouver, Washington, 98661",45.6417856,-122.6192264,other,,ziv
Sky Zone Trampoline Park,"31500 Viking Parkway, Westlake, Ohio, 44145",41.4728386,-81.9635922,ddr,,ziv
Sky Zone Trampoline Park (Deer Park),"111 Rodeo Drive, Edgewood, New York, 11717",40.7779316,-73.2877772,other,,ziv
Sky Zone Trampoline Park - Santa Ana,"1411 Village Way, Santa Ana, California, 92705",33.7307367,-117.8345314,other,,ziv
Slingshot Social Game Club,"1000 Marietta St NW, Suite 250, Atlanta, 30318",33.6877818,-84.6002197,other,,ziv
Smash Park,"8121 S 125th St, Omaha, La Vista, 68128",41.1777299,-96.0642206,other,,ziv
Soar N Bounce Trampoline & Adventure Park,"3668 Rivertown Pkwy 2ND Floor, Grandville, MI, 49518",42.8788810,-85.7543543,other,,ziv
Soft Landing Arcade,"5703 North Academy Boulevard, Colorado Springs, Colorado, 80918",38.9135448,-104.7858971,chunithm;ddr;gitadora;iidx;jubeat;maimai_dx;museca;nostalgia;ongeki;other;popn;sdvx;taiko,,ziv
Soonercade,"3247 W Main St, Norman, OK 73072, Norman, 73072",35.2198720,-97.4907714,ddr;gitadora,,ziv
SOUTH POINT,"9777 S. Las Vegas Blvd, Las Vegas, NV 89183",36.0112104,-115.1751791,ddr;maimai_dx;popn,,allnet;ziv
South Portland <br> (Maine Mall),"364 Maine Mall Rd, South Portland, ME 4106, USA",43.6335220,-70.3349690,chunithm;ddr;drs;maimai_dx;sdvx;taiko,,round1usa
Space Adventure Mini Golf (Palisades Center),"1000 Palisades Center Drive, 1st Floor, West Nyack, New York, 10994",41.0967993,-73.9542919,other,,ziv
Space Adventure Mini Golf (Poughkeepsie Galleria),"2001 South Road, Poughkeepsie, New York, 12601",41.6265166,-73.9208892,other,,ziv
Space Ping Pong Sports Bar & Lounge | Koreatown NYC,"22 W 32nd St, Floor 8, Manhattan, New York, 10001",40.7475255,-73.9869292,other,,ziv
Spare Time Entertainment (Bristol),"177 Farmington Avenue, Bristol, Connecticut, 06010",41.6866983,-72.9390585,other,,ziv
Spare Time Greensboro,"5502 Hornaday Road, Greensboro, North Carolina, 27409",36.0607160,-79.9119132,other,,ziv
Spare Time Greenville,"822 Congaree Rd, 822 Congaree Rd, Greenville, South Carolina, 29607",34.8402598,-82.3193978,other,,ziv
Spare Time Lanes,"711 West Vineyard Drive, Kennewick, Washington, 99336",46.2060664,-119.1278553,ddr,,ziv
Spare Time Madison,"7415 Mineral Point Rd, Madison, Wisconsin, 53717",43.0595028,-89.5108147,other,,ziv
Spare Time Omaha,"17202 Lakeside Hills Plaza, Omaha, NE, 68130",41.2356600,-96.1847020,other,,ziv
Sparks Pinball Museum & Arcade + Sparks Passport (Level 2),"412 W 14 Mile Rd, Troy, Michigan, 48083",42.5382834,-83.1105743,chunithm;ddr;iidx;jubeat;other;popn;sdvx,,ziv
Speedy's Fast Track,"11440 Hempstead Road, Houston, Texas, 77092",29.8148225,-95.4775180,other,,ziv
Spellbound Arcade,"601 SE Wyoming Blvd, Unit 1174, Casper, Wyoming, 82609",42.8461191,-106.2648082,other,,ziv
Spinners Pinball Arcade,"1301 West Patrick Street, Frederick, Maryland, 21701",39.4212851,-77.4570447,other;popn,,ziv
Spins Bowl Akron,"2911 E Waterloo Rd, Akron, OH, 44312",41.0318772,-81.4227570,other,,ziv
Spins Bowl Kent,"2245 SR-59, Kent, Ohio, 44240",41.1569443,-81.3125372,other,,ziv
Spins Bowl Wappingers Falls,"1677 US-9, Wappingers Falls, New York, 12590",41.6043104,-73.9131264,other,,ziv
Splash Lagoon,"8101 Peach Street, Erie, Pennsylvania, 16509",42.0479520,-80.0783074,other,,ziv
Spo-Cha at Round1 (Park City Center),"142 Park City Center, Lancaster, Pennsylvania, 17601",40.0688045,-76.3390374,ddr;iidx;museca;other;popn,,ziv
Sportime USA / LIFE The Place To Be,"2 Lawrence Street, Ardsley, New York, 10502",41.0019083,-73.8554025,other,,ziv
Spring Lane Cinemas,"1351 Plaza Blvd, Sanford, North Carolina, 27330",35.4897386,-79.2006755,other,,ziv
Sqwerlycade!,"9494 Oak Grv Pkwy, Bessemer, Alabama, 35023",33.4563112,-87.1052742,chunithm,,ziv
Star Worlds Arcade,"1234 East Lincoln Highway, DeKalb, Illinois, 60115",41.9257864,-88.7381193,chunithm;ddr;jubeat;other;popn,,ziv
Starcade at Gateway 12,"770 North Kolb Road, Tucson, Arizona, 85710",32.2306210,-110.8393044,ddr;other,,ziv
Starfighters Arcade,"4840 East Jasmine Street, Suite 102, Mesa, Arizona, 85205",33.4491242,-111.7260906,ddr;other,,ziv
Starfire Sports Complex,"14800 Starfire Way, Tukwila, Washington, 98188",47.4699138,-122.2494266,other,,ziv
StarLight Pinball Arcade,"2211 Seminole Drive Southwest, Huntsville, Alabama, 35805",34.7150915,-86.5970130,other,,ziv
Starlite Arcade,"69345 Main Street, Richmond, Michigan, 48062",42.8117253,-82.7579942,ddr,,ziv
Starrcade,"400 Ernest W Barrett Parkway Northwest, Kennesaw, Georgia, 30144",34.0187897,-84.5633903,chunithm;ddr;iidx;jubeat;maimai_dx;ongeki;other;popn;sdvx;taiko,,ziv
Stars and Strikes,"4570 Ladson Rd, Summerville, South Carolina, 29485",32.9568656,-80.1613515,other,,ziv
"Stars and Strikes (Augusta, GA)","3238 Wrightsboro Road, Augusta, Georgia, 30909",33.4679401,-82.0639864,other,,ziv
"Stars and Strikes (Cumming, GA)","133 Merchants Square, Cumming, Georgia, 30040",34.1870261,-84.1465379,other,,ziv
"Stars and Strikes (Dallas, GA)","2400 Hiram Acworth Highway, Dallas, Georgia, 30157",33.9257069,-84.7458569,ddr;other,,ziv
"Stars and Strikes (Huntsville, AL)","930 Old Monrovia Road Northwest, Huntsville, Alabama, 35806",34.7375618,-86.6612144,other,,ziv
"Stars and Strikes (Myrtle Beach, SC)","600 Coastal Grand Circle, Myrtle Beach, South Carolina, 29577",33.7037908,-78.9234533,other,,ziv
"Stars and Strikes (Rock Hill, SC)","2225 Dave Lyle Blvd, Rock Hill, South Carolina, 29730",34.9435734,-80.9669960,other,,ziv
"Stars and Strikes (Smyrna, TN)","333 N Lowry St, Smyrna, Tennessee, 37167",35.9932095,-86.5256220,other,,ziv
"Stars and Strikes (Woodstock, GA)","10010 Hwy 92 #180, Woodstock, 30188",34.0841920,-84.5222265,other,,ziv
State of Mind Public House Los Altos,"101 Plaza N, Los Altos, CA, 94022",37.3803649,-122.1157412,ddr,,ziv
"Station 300 (Bluffton, SC)","25 Innovation Drive, Bluffton, South Carolina, 29910",32.2704061,-80.9190563,other,,ziv
StepManiaX Hotspot,"Gainesville, Florida",29.7131040,-82.3756230,ddr,,ziv
Sticks & Balls,"116 E Ashland Ave, Indianola, IA, 50125",41.3614984,-93.5601282,other,,ziv
Stop N Play,"10933 U.S. 19, Port Richey, Florida, 34668",28.3164970,-82.7000436,other,,ziv
Stop_Button,"4251 Legion Road, Hope Mills, North Carolina, 28348",34.9826148,-78.9313400,jubeat;other;sdvx,,ziv
Strike Zone Arcade at Leeward Bowl,"850 Kamehameha Hwy, Pearl City, Hawaiʻi,  96782",21.3943020,-157.9676914,ddr;other,,ziv
Subpar Miniature Golf (Alameda),"1600 Park Street, Alameda, California, 94501",37.7669587,-122.2399606,other,,ziv
Subpar Miniature Golf (San Francisco),"900 North Point St #F201, San Francisco, 94109",37.8059568,-122.4230843,other,,ziv
Sugarloaf Entertainment,"925 Blossom Hill Road, San Jose, CA , 95123",37.2525674,-121.8608103,ddr;popn,,ziv
Sugarloaf Entertainment (Plaza Fiesta),"4166 Buford Hwy NE, Atlanta, Georgia, 30345",33.8647899,-84.3076497,ddr;popn,,ziv
Summit Lanes,"3 Park Dr. East, Pocono Summit, Pennsylvania, 18346",40.9861554,-75.1974779,ddr,,ziv
Super Abari Game Bar,"1015 Seigle Avenue, Charlotte, North Carolina, 28205",35.2281474,-80.8229439,chunithm;jubeat;other;taiko,,ziv
Supercharged Entertainment New Jersey,"987 U.S. 1, Edison, New Jersey, 08817",40.5193131,-74.3707673,other,,ziv
Surge Adventure Park,"9292 Arlington Expressway, Jacksonville, Florida, 32225",30.3203962,-81.5568566,other,,ziv
Surge Entertainment,"3201 Airport Blvd Suite AN-D, Mobile, Alabama, 36606",30.6722183,-88.1204783,other,,ziv
Sweet Leaf Bubble Tea,"1441 Stillwater Blvd, Stillwater, Minnesota, 55082",45.0441231,-92.8378093,chunithm;iidx;nostalgia;other;popn;sdvx,,ziv
Swing Time Sports Park,"2390 U.S. 9, Howell Township, New Jersey, 07731",40.1796819,-74.2466584,other,,ziv
Swings -n- Things Family Fun Park,"8501 Stearns Road, Olmsted Falls, Olmstead Falls, Ohio,  44281",41.3706580,-81.9428150,ddr;other,,ziv
TAG's Maniac’s Mansion,"710 8th Street, Wichita Falls, Texas, 76301",33.9125367,-98.4913209,ddr;other,,ziv
Taroko Sports,"24539 Katy Fwy, Katy, TX 77494",29.7832679,-95.7956905,other,,ziv
Taylorsville Nicklecade,"1725 W 4160 S, Salt Lake City, UT, Salt Lake City, Utah, 84119",40.6803126,-111.9399548,ddr;other,,ziv
TBK Bank Sports Complex,"4850 Competition Drive, Bettendorf, Iowa, 52722",41.5920912,-90.4645130,other,,ziv
Tech World,"14500 W. Colfax Avenue, Colorado Mills Mall #G 471, Lakewood, Colorado, 80401",39.7308380,-105.1592450,ddr,,ziv
Tech World (Neighborhood 3),"14500 W. Colfax Avenue, Colorado Mills Mall #M 354, Lakewood, Colorado, 80401",39.7308380,-105.1592450,ddr;other,,ziv
Temecula <br> (Temecula Promenade),"40710 Winchester Rd, Temecula, CA 92591, USA",33.5275400,-117.1530100,chunithm;ddr;drs;maimai_dx;sdvx;taiko,,round1usa
Ten Pin Alley,"6285 Nesbitt Road, Fitchburg, Wisconsin, 53719",43.0078942,-89.4816757,other,,ziv
Tex Fun & Social,"10000 Emmett F. Lowry Expressway, Texas City, 77591",29.4063481,-95.0261163,other,,ziv
Texas Toy Museum,"312 Congress Ave, Austin, Texas, 78701",30.2666271,-97.7433828,ddr,,ziv
The Airosphere,"622 Ware Blvd, Tampa, FL, Tampa, 33619",27.9496322,-82.5286342,ddr,,ziv
The Alley at Southshore,"10221 Big Bend Road, Riverview, Florida, 33578",27.7900143,-82.3408738,other,,ziv
The Amazing Pizza Machine,"13955 ""S"" Plaza, Omaha, Nebraska, 68137",41.2038437,-96.1326885,ddr,,ziv
The Apex (Red Hawk Resort),"1 Red Hawk Parkway, Placerville, California, 95667",38.6958435,-120.9076313,other,,ziv
The Arcade,"10816 East Grand River Road, Brighton, Michigan, 48116",42.5158456,-83.7382248,chunithm;ddr;drs;maimai_dx;ongeki;other;taiko,,ziv
The Arcade,"115 East Railroad Avenue, Port Angeles, Washington, 98362",48.1205697,-123.4304733,other,,ziv
The Arcade,"3500 McCann Road, Longview, Texas, 75605",32.5387999,-94.7521260,other,,ziv
The Arcade @ Columbia Mall,"2300 Bernadette Drive, Columbia, Missouri, 65203",38.9638890,-92.3770950,other,,ziv
The ARCADE at Harrah's Atlantic City,"777 Harrah's Blvd, Atlantic City, New Jersey, 08401",39.3843351,-74.4276738,other,,ziv
The Arcade House,"1 Walden Galleria, Buffalo, New York, 14225",42.9134878,-78.7625984,other,,ziv
The Arcade House (Crossgates Mall),"1 Crossgates Mall Road, Albany, New York, 12203",42.6904205,-73.8516319,chunithm;other;sdvx,,ziv
The Arcade House (Palisades Center),"1000 Palisades Center Drive, 3rd Floor, West Nyack, New York, 10994",41.0979696,-73.9569607,other;sdvx,,ziv
The Arcade Project,"235 Murray St, Ste 1, Newark, NY, 14513",43.0510970,-77.0872465,ddr;other,,ziv
The Bloo Kangaroo @ Sunset Mall,"4001 Sunset Dr., San Angelo, Texas, 76904",31.4278359,-100.4981970,ddr;other,,ziv
The Boardwalk,"1286 Fletcher Parkway, El Cajon, California, 92020",32.8082861,-116.9786275,ddr;other,,ziv
The Box Arcade,"612 Main Street, Van Buren, Arkansas, 72956",35.4356841,-94.3536034,jubeat;other;sdvx,,ziv
The Burrow,"7053 10th Street North, Oakdale, Minnesota, 55128",44.9600649,-92.9633400,other,,ziv
The City Forum,"2231-T Madison Street, Clarksville, Tennessee, 37043",36.5121286,-87.2744053,other,,ziv
The Clubhouse Family Fun Centre at Nittany Valley Sports Centre,"177 Champion Dr, State College, PA, 16803",40.8427616,-77.8785260,other,,ziv
The Coin Jam Jr.,"2736 Pacific Blvd. SE, Albany, OR, 97321",44.6374485,-123.0718517,other,,ziv
The Coliseum,"410 St. John's Church Road, Camp Hill, Pennsylvania, 17011",40.2305267,-76.9544193,other,,ziv
The Comedy Barn Theatre,"2775 Parkway, Pigeon Forge, Tennessee, 37863",35.8012418,-83.5716339,ddr;other,,ziv
The Corner Alley,"402 Euclid Ave, Cleveland, Ohio, 44114",40.6263561,-82.4546148,ddr,,ziv
The Cove Bar & Arcade @ Treasure Island Las Vegas,"3300 Las Vegas Blvd S, Las Vegas, Nevada, 89109",36.1244564,-115.1711797,other,,ziv
The Deep End,"5117 Old Jacksboro Highway, Wichita Falls, Texas, 76302",33.8522858,-98.4933131,ddr,,ziv
The Dragon's Dojo,"199 College St, Burlington, Vermont, 05401",44.4769912,-73.2117640,chunithm;drs;iidx;jubeat;maimai_dx;other;popn;sdvx,,ziv
The Dugout Arcade + Bar,"401 East 30th Street, Baltimore, Maryland, 21218",39.3244355,-76.6105406,chunithm;ddr;iidx;jubeat;maimai_dx;museca;nostalgia;other;popn;sdvx;taiko,,ziv
The Flipside,"140 East 4th Street, Loveland, Colorado, 80537",40.3953364,-105.0747469,jubeat;sdvx,,ziv
The Forge Social Gaming Center,"2138 University Square Mall, Tampa, 33612",28.0570977,-82.4355463,ddr,,ziv
The Game Gallery,"60 Center Square Circle, Easton, Pennsylvania, 18042",40.6917004,-75.2086826,ddr,,ziv
The Game Is Afoot Arcade,"150 Easton Road, Warrington, Pennsylvania, 18976",40.2147757,-75.1433615,ddr;other,,ziv
The Game Preserve NASA,"20810 Gulf Freeway Suite Z, Webster, Texas, 77598",29.5234516,-95.1302694,ddr;other,,ziv
The Game Preserve Woodlands,"473 Sawdust Road, Spring, Texas, 77380",30.1257909,-95.4489660,other,,ziv
The Game Room,"6275 Rivers Avenue, Suite D, North Charleston, South Carolina, 29406",32.9097730,-80.0243544,other,,ziv
The Gameroom Powered By Hasbro,"1 American Dream Way, 2nd Floor, East Rutherford, New Jersey, 07073",40.8090878,-74.0705861,maimai_dx;other;taiko,,ziv
The Gaming Zone,"10040 N 43rd Ave #1k, Glendale, AZ, 85302",33.5783991,-112.1519350,ddr,,ziv
The Gaming Zone,"425 West Guadalupe Road, Gilbert, Arizona, 85233",33.3636982,-111.7986622,ddr,,ziv
The Gaming Zone,"930 West Broadway Road, Suite 5-6, Tempe, Arizona, 85282",33.4078160,-111.9534535,ddr;other,,ziv
The Garcade,"N85 W15920 Appleton Avenue, Menomonee Falls, Wisconsin, 53051",43.1726698,-88.1088442,ddr;other,,ziv
The Grid,"525 South Gilbert Road, Mesa, Arizona, 85204",33.4059301,-111.7875603,ddr,,ziv
The Grid,"593 South Evermore Lane, Pleasant Grove, Utah, 84062",40.3564505,-111.7653039,other,,ziv
The Grid Retrocade,"5701 Moffett Road, Mobile, Alabama, 36618",30.7281158,-88.1733897,iidx;jubeat;other;popn;sdvx,,ziv
The Hills Pub,"8758 La Mesa Blvd, La Mesa, CA, 91942",32.7705236,-117.0088632,other,,ziv
THE KEG SOCIAL™ - Dining & Entertainment,"12800 Waterford Lakes Parkway, Orlando, Florida, 32828",28.5537362,-81.1971128,other,,ziv
The Landing Zone,"424 Avenue H, Sheppard Air Force Base, Texas, 76311",33.9716743,-98.5064792,other,,ziv
The Lanes at Coffee Creek,"10301 North Owasso Expressway, Owasso, Oklahoma, 74055",36.3065143,-95.8195782,ddr,,ziv
The Last Level Fenton,"14281 Fenton Rd, Fenton, Michigan, 48430",42.7933852,-83.6375427,chunithm;ddr;jubeat;other,,ziv
The Nerd,"450 East Fremont Street, Las Vegas, Nevada, 89101",36.1702851,-115.1406906,other;taiko,,ziv
THE ORLEANS,"The Orleans Hotel Casino,4500 WTropicana Ave,Las Vegas,NV 89103",36.1026267,-115.2009390,ddr;maimai_dx;popn,,allnet;ziv
The Palace Family Entertainment Center,"1803 N Main St,, London, Kentucky, 40741",37.1953306,-85.0410461,other,,ziv
The Park RVA,"1407 Cummings Dr., Richmond, Virginia, 23220",37.5673930,-77.4550831,other,,ziv
The REC,"3500 River Rd N Keizer, OR  97303 United States, Keizer, 97303",44.9761796,-123.0262221,other,,ziv
The Rewind Arcade,"6780 Depot Street, Suite #140, Sebastopol, California, 95472",38.4034887,-122.8213012,ddr;jubeat;nostalgia;other,,ziv
The Rush Funplex,"East University Parkway, 575 E University Pkwy H-142, Orem, UT 84097, Orem, Utah, 84097",40.2760242,-111.6796039,other,,ziv
The Rush Funplex (Kansas City),"309 Northeast Englewood Road, Kansas City, Missouri, 64118",39.1938734,-94.5779407,other,,ziv
The Rush Funplex (Shawnee),"13110 West 62nd Terrace, Shawnee, Kansas, 66216",39.0158979,-94.7387063,other,,ziv
The Rush Funplex (West Jordan),"7323 Jordan Landing Boulevard, West Jordan, Utah, 84084",40.6186923,-111.9814754,other,,ziv
The Rush FunPlex - Syracuse,"1806 South 2000 West, Syracuse, Utah, 84075",41.0877388,-112.0666301,other,,ziv
The Streator YMCA,"710 Oakley Avenue, Streator, Illinois, 61364",41.1506111,-88.8460614,other,,ziv
The Supper Club,"2525 Highlander Place, Iowa City, Iowa, 52245",41.6885527,-91.4955437,other,,ziv
The Tree House Arcade (Foxwoods),"350 Trolley Line Blvd, Mashantucket, Connecticut, 06338",41.4719343,-71.9597547,other,,ziv
The Underground Arcade,"19400 Tuolumne Road North, Sonora, California, 95379",37.9738280,-120.2401410,other,,ziv
The Works at Wyomissing,"1109 Bern Road, Wyomissing, Pennsylvania, 19610",40.3366031,-75.9616735,other,,ziv
Thorsen personal arcade,"819 Cedar Street, Springfield, Ohio, 45504",39.9511844,-82.9729360,chunithm;ddr;other;popn,,ziv
Thrill It Fun Center,"20 City Blvd, West Orange, CA, Orange, California, 92686",33.7829838,-117.8934624,ddr,,ziv
Thriller Social Club,"508 4th Street, San Francisco, California, 94107",37.7793201,-122.3979635,other,,ziv
Thrillz High Flying Adventure Park (Danbury),"5 Prindle Lane, Danbury, Connecticut, 06811",41.3919984,-73.5155726,other,,ziv
Throwbacks Arcade,"201 South East Street, Culpeper, Virginia, 22701",38.4110963,-77.9328918,ddr,,ziv
Thunder Valley,"1865 Dillard Drive, Salem, Virginia, 24153",37.2708790,-80.0316409,ddr,,ziv
Tiki Action Park,"1878 Middle Country Rd, Centereach, New York",40.8574690,-73.0788780,other,,ziv
Tilt,"531 Plaza Drive, West Covina, California, 91790",34.0704002,-117.9346651,other,,ziv
TILT - Aurora Town Center,"14200 Alameda Ave, Aurora, Colorado, 80014",39.7089460,-104.8247940,ddr,,ziv
Tilt Arcade (Pittsburgh Mills Mall),"590 Pittsburgh Mills Circle, Tarentum, Pennsylvania, 15084",40.5731274,-79.7948840,ddr;other,,ziv
Tilt Pearlridge,"98-1005 Moanalua Road, ʻAiea, Hawaiʻi, 96701",21.3850074,-157.9403116,other,,ziv
Tilt Studio,"5000 South Arizona Mills Circle, Tempe, Arizona, 85282",33.3854385,-111.9653115,ddr;other,,ziv
Tilt Studio,"5580 Logan Valley Mall, Altoona, Pennsylvania, 16602",40.4693473,-78.4116839,ddr,,ziv
Tilt Studio (Northpark Mall),"3084-3126 Turkey Creek Road, Joplin, Missouri, 64801",37.0921569,-94.4741266,ddr,,ziv
Tilt Studio (Sandusky),"4314 Milan Rd, Suite 400, Sandusky, Ohio, 44870",41.4187673,-82.6682246,ddr,,ziv
Tilt Studio @ Katy Mills Mall,"5000 Katy Mills Circle, Katy, Texas, 77494",29.7730569,-95.8090908,ddr;other,,ziv
Tilt Studio Parkdale Mall,"6155 Eastex Freeway, Beaumont, Texas, 77706",30.1253988,-94.1619759,ddr,,ziv
Tilt!,"3200 Naglee Rd, Tracy, California, 95206",37.7610264,-121.4591391,ddr,,ziv
Tilted 10,"7200 Harrison Avenue, Rockford, Illinois, 61112",42.2461345,-88.9757690,ddr,,ziv
Tilted 10 (Willow Grove),"2500 West Moreland Road, Willow Grove, Pennsylvania, 19090",40.1405314,-75.1254923,ddr;other,,ziv
TimberBeast Axe Throwing and Arcade,"579 West Tuscarawas Ave., Barberton, Ohio, 44203",41.0130213,-81.6109148,chunithm;jubeat;other,,ziv
Time Loop Arcade,"22210 TX-494 Loop, Kingwood, Texas, 77339",30.0362011,-95.2533316,other,,ziv
Time Rift Arcade,"2113 Harwood Rd., Suite 351, Bedford, TX 76021",32.8536339,-97.1323290,jubeat;other,,ziv
Timeline Arcade (Hanover),"22 Carlisle Street, Hanover, Pennsylvania, 17331",39.8010418,-76.9840711,ddr,,ziv
Timeline Arcade (York),"54 West Market Street, York, Pennsylvania, 17401",39.9615753,-76.7292339,ddr;gitadora;other,,ziv
Timewarp Arcade (EastGate Mall),"4601 Eastgate Boulevard, Cincinnati, Ohio, 45245",39.1022534,-84.2780972,other,,ziv
Titan Student Union Arcade,"1121 North State College Boulevard, Fullerton, California, 92831",33.8816346,-117.8877801,ddr,,ziv
TJ's haul house,"4439-4401 West Wyoming Avenue, Tampa, Florida, 33616",27.8827270,-82.5225699,other,,ziv
Toad's Fun Zone,"1757 West 400 North, Ogden, Utah, 84404",41.2681634,-112.0222876,other,,ziv
Token Game Tavern,"213 North Seven Oaks Drive, Knoxville, Tennessee, 37922",35.9119411,-84.1006021,other,,ziv
Tokyo Station,"400 East South Street, Arlington, Texas, 76010",32.7345140,-97.1031263,chunithm;ddr;drs;gitadora;iidx;jubeat;maimai_dx;other;popn;sdvx,,ziv;community
Tokyo Valentino,"1739 Cheshire Bridge Road Northeast, Atlanta, Georgia, 30324",33.8075255,-84.3652325,other,,ziv
Tornado Terrys Family Amusement Center,"4530 Keller Hicks Road, Fort Worth, Texas, 76244",32.9379722,-97.2628427,ddr,,ziv
Towson <br> (Towson Town Center),"825 Dulaney Valley Rd, Towson, MD 21204, USA",39.4029460,-76.6011480,chunithm;ddr;drs;maimai_dx;sdvx;taiko,,round1usa
Treasure Island Fun Center,"7770 Seminole Blvd, Seminole, Florida, 33772",27.8436203,-82.7881622,other,,ziv
Tri-Cities Flea Market,"4571 U.S. 11E, Bluff City, Tennessee, 37618",36.4643847,-82.2820705,other,,ziv
Tri-County Flea Market,"3041 Hempstead Tpke, Levittown, New York, 11756",40.7250377,-73.5229363,ddr;iidx;other;popn,,ziv
Troy Rewind,"96 Congress Street, Troy, NY, 12180",42.7285317,-73.6898062,chunithm;nostalgia;other,,ziv
Tucson <br> (Park Place Mall),"5950 E Broadway Blvd, Tucson, AZ 85711, USA",32.2201610,-110.8637060,chunithm;ddr;drs;maimai_dx;sdvx;taiko,,round1usa
Tukwila <br> (Westfield Southcenter),"2351 Southcenter Mall, Tukwila, WA 98188, USA",47.4597300,-122.2559440,chunithm;ddr;drs;maimai_dx;sdvx;taiko,,round1usa
Tycoon Arcade,"195 McGregor Street, Suite #201, Manchester, New Hampshire, 03102",42.9926367,-71.4720932,ddr;other,,ziv
UltraStar Multi-tainment Center at Ak-Chin Circle,"16000 North Maricopa Road, Maricopa, Arizona, 85139",33.0260418,-112.0502985,other,,ziv
UltraStar Multi-tainment Center at Harrah's Cherokee,"777 Casino Drive, Cherokee, North Carolina, 28719",35.4696190,-83.3020415,other,,ziv
Uncle Joe's Arcade,"500 W Germantown Pike, Plymouth Meeting, Pennsylvania, 19462",40.1155943,-75.2826009,ddr,,ziv
Underground Retrocade,"121 W Main St, West Dundee, IL 60118, West Dundee, 60118",42.0977766,-88.2781935,jubeat,,ziv
Universal Islands of Adventure,"1000 Universal Studios Plaza, Orlando, Florida, 32819",28.4708747,-81.4694273,ddr,,ziv
Universal Nonstop,"28300 Dequindre Road, Warren, Michigan, 48092",42.5006982,-83.0827332,other,,ziv
University Pinball Family Fun Center,"4006 Spruce Street, Philadelphia, Pennsylvania, 19104",39.9515226,-75.2034238,other,,ziv
Up-Down - Oklahoma City,"1629 NW 16th St., Oklahoma City, Oklahoma, 73106",35.4861051,-97.5381641,ddr,,ziv
Up-Down - St. Louis,"405 North Euclid Avenue, St. Louis, Missouri, 63108",38.6487931,-90.2610556,ddr,,ziv
Up-Down Arcade Bar,"927 Woodland Street, Nashville, Tennessee, 37206",36.1759205,-86.7547202,ddr,,ziv
Updown in Uptown,"3010 Lyndale Avenue South, Minneapolis, Minnesota, 55408",44.9480313,-93.2885625,ddr,,ziv
Urban Air,"3838 Fairway Plaza Drive, Pasadena, Texas, 77505",29.6545132,-95.1530368,other,,ziv
Urban Air,"7401 W 25th St, North Riverside, IL 60546, North Riverside, Illinois, 60546",41.8450895,-87.8058533,other,,ziv
Urban Air (Crocker Park),"183 American Boulevard, Westlake, Ohio, 44145",41.4555134,-81.9504329,other,,ziv
"Urban Air Adventure Park (Apply Valley, MN)","7370 153rd St W, Apple Valley, MN, 55124",44.7184413,-93.2529831,other,,ziv
Urban Air Adventure Park (Milwaukee West),"2440 East Moreland Boulevard, Waukesha, Wisconsin, 53186",43.0342108,-88.1752023,other,,ziv
Urban Air Adventure Park (Orange),"260 Bull Hill Lane, Orange, Connecticut, 06477",41.2729935,-72.9899688,other,,ziv
Urban Air Adventure Park (Sicklerville),"611 Berlin - Cross Keys Road, Sicklerville, New Jersey, 08081",39.7355100,-75.0091403,other,,ziv
Urban Air Trampoline and Adventure Park,"220 Hale Road, Manchester, Connecticut, 06042",41.8084127,-72.5325751,other,,ziv
Vancouver <br> (Vancouver Mall),"8800 NE Vancouver Mall Dr., Suite 100, Vancouver, WA 98662, USA",45.6569850,-122.5831920,chunithm;ddr;drs;maimai_dx;sdvx;taiko,,round1usa
Vans (The Outlets at Orange),"130 City Boulevard East, Orange, California, 92868",33.7842289,-117.8919539,ddr,,ziv
Vans Bar Style Pizza,"116 Newtown Road, Danbury, Connecticut, 06810",41.4169269,-73.4065649,other,,ziv
Velocity Esports - Las Vegas,"6587 South Las Vegas Boulevard Suite 171, Las Vegas, Nevada, 89119",36.0682362,-115.1786333,ddr;other,,ziv
Via Entertainent,"10401 US-441 South, Leesburg, Florida, 34788",28.8253885,-81.7863053,other,,ziv
Victory Pointe Gaming Lounge and Arcade,"1121 East Carson Street, Pittsburgh, Pennsylvania, 15203",40.4288237,-79.9868650,jubeat;other;sdvx,,ziv
Video Game World,"105 S Old Statesville Rd, Huntersville, North Carolina, 28078",35.4101934,-80.8494581,ddr,,ziv
VIP Cinemas,"4401 W Claiborne Square, Hampton, 23666",37.1121458,-76.4675903,other,,ziv
War Torn Front,"506 N Union Rd, Manteca, California, 95337",37.8049226,-121.2348443,ddr,,ziv
Waterland Arcade,"22306 Marine View Drive South, Des Moines, Washington, 98198",47.4015993,-122.3241557,chunithm,,ziv
Wausau On Water (WOW Family Entertainment Center),"1300 N River Dr, Wausau, Wisconsin, 54403",44.9676806,-89.6304989,other,,ziv
Wayback's Arcade,"1305 Military Highway, Pineville, Louisiana, 71360",31.3286153,-92.4291513,chunithm;ddr;jubeat;other;popn;sdvx,,ziv
Well Played Games,"1400 Charles Boulevard, Suite 130, Greenville, North Carolina, 27858",35.6005562,-77.3728842,other,,ziv
Wendover Nugget Hotel and Casino,"101 Wendover Boulevard, West Wendover, Nevada, 89883",40.7349821,-114.0439009,ddr;other,,ziv
West Boise YMCA,"5959 North Discovery Way, Boise, Idaho, 83713",43.6591728,-116.3421299,other,,ziv
West Seattle Arcade,"2758 Alki Avenue Southwest, Seattle, Washington, 98116",47.5786897,-122.4114221,other;taiko,,ziv
Whatz-Up Family Fun Park,"700 East Cedar Creek Parkway, Seven Points, Texas, 75143",32.3250239,-96.2022969,ddr,,ziv
Wichita <br> (Towne East Square),"7700 E Kellogg Dr, Wichita, KS 67207, USA",37.6798270,-97.2457600,chunithm;ddr;drs;maimai_dx;sdvx;taiko,,round1usa
Wild Fun Zone,"310 Broadway, Wisconsin Dells, Wisconsin, 53965",43.6272189,-89.7671731,other,,ziv
Wild River Family Entertainment Center,"15136 South Avenue B, Somerton, Arizona, 85350",32.6100115,-114.6508500,ddr,,ziv
WILLOWS HUCKLEBERRY LAND,8730 HWY 2 E HUNGRY HORSE MT 59919,48.3856642,-114.0704014,maimai_dx,,allnet;ziv
Wilmington Home Amusements,"14 Germay Drive, Wilmington, Delaware, 19804",39.7297863,-75.5789906,ddr;other,,ziv
Wind Creek Casino & Resort Arcade,"303 Poarch Rd., Atmore, Alabama, 36502",31.1018809,-87.4815442,other,,ziv
Woodbridge <br> (Potomac Mills),"2700 Potomac Mills Cir, Woodbridge, VA 22192, USA",38.6428340,-77.2917470,chunithm;ddr;drs;maimai_dx;sdvx;taiko,,round1usa
"World 1-1 Games ""The Game Play"" Arcade","246 Town Center E, Santa Maria, 93454",34.9510881,-120.4340547,ddr;drs;other,,ziv
WOW! Family Entertainment Center (Crystal Mall),"850 Hartford Turnpike, Waterford, Connecticut, 06385",41.3749909,-72.1457119,ddr,,ziv
Xepher Arcade,"4015 University Dr, Ste H, Durham, North Carolina, 27707",35.9645715,-78.9565434,chunithm;maimai_dx;ongeki;other,,ziv;community
XLanes LA,"333 S Alameda Street, Suite 300, Los Angeles, California, 90013",34.0450352,-118.2388480,other,,ziv
xophercade,"7541 Warden Road, Sherwood, Arkansas, 72120",34.8270040,-92.1957932,ddr;other;sdvx,,ziv
XSCAPE,"342 East Broadway Bloomington, MN 55425",44.8540767,-93.2402681,ddr;gitadora;iidx;jubeat;maimai_dx;other;popn;sdvx,,allnet;ziv
Xtreme Action Park,"5300 Powerline Road, Fort Lauderdale, Florida, 33309",26.1921907,-80.1534820,other,,ziv
Xtreme Play Adrenaline Park,"38 Mill Plain Road, Danbury, Connecticut, 06811",41.3887305,-73.4983045,other,,ziv
YESTERcades (Metuchen),"442 Main Street, Metuchen, New Jersey, 08840",40.5426164,-74.3618738,ddr,,ziv
YESTERcades (Somerville),"29 Division Street, Somerville, New Jersey, 08876",40.5674333,-74.6129859,other,,ziv
YESTERcades (Westfield),"151 East Broad Street, Westfield, New Jersey, 07090",40.6515340,-74.3489939,ddr;other,,ziv
Yetee Station Arcade,"11 North Broadway, Aurora, Illinois, 60505",41.7573002,-88.3124869,ddr;other,,ziv
Zap Zone,"43680 Van Dyke Avenue, Sterling Heights, Michigan, 48314",42.6150991,-83.0310792,ddr,,ziv
Zap Zone Extreme Ltd.,"31506 Grand River Avenue  Farmington, MI 48336, Farmington Hills, Michigan, 48336",42.4567251,-83.3570019,ddr;other,,ziv
Zap Zone XL - Lansing,"5220 W Saginaw Hwy, Lansing, Michigan, 48917",42.7431514,-84.6250010,ddr;other,,ziv
Zap Zone XL - Portage,"6780 South Westnedge Avenue, Portage, MI, 49024",42.2191264,-85.5936020,other,,ziv
ZDT's,"1123 North Bowie Street, Seguin, Texas, 78155",29.5795221,-97.9667026,ddr;other,,ziv
Zero gravity jump zone,"23780 U.S. 59, Kingwood, Texas, 77339",30.0604516,-95.2480112,ddr,,ziv
Bowling Center Montevideo,"1333 Avenida 18 de Julio, Montevideo, Departamento de Montevideo, 11100",-34.9055227,-56.1873271,other,,ziv
Indoor Karting Montevideo,"Veracierto 2663, Montevideo, Departamento de Montevideo, 12100",-34.8686092,-56.1192477,ddr,,ziv
Kids Mania Entretenimientos,"Av. Treinta y Tres, esquina Muttoni, 68RF+37H, La Floresta, Departamento de Canelones, 15400",-34.7598204,-55.6767878,other,,ziv
Las Maquinitas,"Calle 22; Natalio Michelizzi 72, Atlántida, Departamento de Canelones, 15200",-34.7739610,-55.7630020,ddr;other,,ziv
Las Piedras Shopping,"318 Bulevar del Bicentenario, Las Piedras, Departamento de Canelones, 12400",-34.7253902,-56.2034092,ddr,,ziv
Maquinitas de Costa Azul,"Avenida 25 de Agosto, esquina Rambla Costanera, Costa Azul, Departamento de Canelones, 16202",-34.7695133,-55.6583020,other,,ziv
Maquinitas de Parque del Plata (Heladería Cafetería),"67MH+6G2, Mario Ferreira, 67MH+8F2, Calle 9; Alfredo Zitarrosa, Parque Del Plata, Departamento de Canelones, 15300",-34.7667437,-55.7213152,ddr,,ziv
Playland (Punta Carretas Shopping),"350 José Ellauri, Montevideo, Departamento de Montevideo, 11300",-34.9238954,-56.1592127,ddr,,ziv
Punta Shopping,"P.7 - Playa Mansa, Av. Franklin Delano Roosevelt, Punta del Este, Departamento de Maldonado, 20100",-34.9408296,-54.9349252,other,,ziv
Taxco Pool - Libertad,"978 25 de Agosto, Libertad, Departamento de San José, 80100",-34.6341095,-56.6187820,other,,ziv
Taxco Pool - Los Pinos,"3202 Ute 9, Los Pinos, Departamento de Colonia, 70300",-34.4359044,-57.2452209,other,,ziv
Arkadia Lecherías,"Avenida Anzoátegui con calle los Almendrones, Planta Baja, Lecherías, Anzoátegui, 6016",10.1934028,-64.6935886,other,,ziv
Super Video Mania (Orinokia Mall),"CC, Dd, Puerto Ordaz, Bolívar, 8850",8.2920154,-62.7435985,ddr;other,,ziv
Cow Play Cow Moo Crescent Mall,"101 Đ Tôn Dật Tiên Hồ Chí Minh Quân 7, 07000, Hồ Chí Minh",10.7289232,106.7190027,other,,ziv
Cow Play Cow Moo Thiso Mall - Sala,"10 Đ. Mai Chí Thọ Thủ Thiêm Hồ Chí Minh Thủ Đức, 700000, Hồ Chí Minh",10.7720761,106.7220417,other,,ziv
Dream Games Aeon Mall Mean Chey,"Phum Prek Talong 3, Sangkat Chak Angre Krom, Khan Mean Chey,, Phnom Penh, 120602",11.4839096,104.9180926,other;taiko,,ziv
Dream Games Aeon Mall Phnom Penh,"#132, Sothearous Blvd, Sangkat Tonle Bassac, Khan Chamkarmon, Phnom Penh, Phnom Penh, 120101",11.5482263,104.9327742,other;taiko,,ziv
Dream Games Aeon Mall Sen Sok,"St No. 1003 Village Bayarb, Commune Phnom Penh Thmey, Khan Sen S, Phnom Penh, 12101",11.6000922,104.8854876,other;taiko,,ziv
Dream Games Aeon Mall Tân Phú Celadon,"30 Tân Thắng Tân Phú District Ho Chi Minh City, 700000, Tân Phú District",10.8005743,106.6171859,chunithm;maimai_dx;other;taiko,,ziv
DREAM GAMES(BINH TAN),"AeonMallBinhTan,BinhTri DongBward,BinhTanDist.,HoChiMinhCity",10.7427069,106.6119055,chunithm;maimai_dx;other;taiko,,allnet;ziv
DREAM GAMES(HAI PHONG LE CHAN),"3F,Aeonmall Hai Phong Le Chan,10,Vo Nguyen Giap St.,Kenh Duong W",20.8324943,106.6822410,chunithm;maimai_dx;other;taiko,,allnet;ziv
Dream Kids Ha Dong,"AEON Mall Ha Dong, Ha Dong District, Hanoi, Vietnam Hanoi 12010, Hanoi",20.9900105,105.7519872,chunithm;maimai_dx;other;taiko,,ziv
DREAM KIDS SU VAN HANH,11 SU VAN HANH PHUONG 12 QUAN 10,10.7707500,106.6696900,maimai_dx;other;taiko,,allnet;ziv
DreamGames Mipec Xuan Thuy,"122-124 Đ. Xuân Thủy, Dịch Vọng Hậu, Cầu Giấy, Hà Nội, Việt Nam Hanoi 10000, Hanoi",21.0370751,105.7863235,chunithm;maimai_dx;other;taiko,,ziv
Game World GO! Thái Bình,"Trần Thái Tông Thành phố Thái Bình Thái Bình, Thành phố Thái Bình",20.4395197,106.3216710,maimai_dx;other,,ziv
GiGO Aeon Mall Hà Đông,"AEON Mall Ha Dong, Ha Dong District, Hanoi, Vietnam Hanoi Hà Nội 11416, Hà Nội",20.9901408,105.7517338,chunithm;maimai_dx;other,,ziv
GiGO VINCOM MEGAMALL THAO DIEN,"L4-07, No. 161 Vo Nguyen Giap, Thao Dien Ward",10.8023796,106.7409716,chunithm;maimai_dx;other,,allnet;ziv
Helio Center,"Road 2/9, Hai Chau District Da Nang Đà Nẵng, Da Nang",16.0362112,108.2242960,other,,ziv
Heroworld Games & Bowling Center.,"72 Nguyen Trai Steel, Thuong Dinh Ward, Thanh Xuan District 72 Đ. Nguyễn Trãi, Thượng Đình, Thanh Xuân, Hà Nội Hà Nội, 11416, Hà Nội",21.0032122,105.8147120,maimai_dx;other,,ziv
Jazzy Paradise GigaMall Thủ Đức,"240 Phạm Văn Đồng Thủ Đức Thành phố Hồ Chí Minh, 70000, Thủ Đức",10.8275524,106.7213738,maimai_dx;other;taiko,,ziv
Kidszoona Molly Fantasy AEON Tân An,"Tầng 2, 84 Tuyến tránh QL 1, Phường 6, Tân An, Long An Long An Tân An, 83000, Long An",10.5546469,106.5488434,maimai_dx;other,,ziv
Merpele's kid club,"1 Đ. Hùng Vương, Phường 10 Da Lat WFR5+C8 , Da Lat",11.9414537,108.4591578,other,,ziv
Molly Fantasy AEON MALL CELADON CITY - Tan Phu,"30 Đ. Tân Thắng, Sơn Ky Hồ Chí Minh Tân Phú, 72011, Hồ Chí Minh",10.8019666,106.6181260,chunithm;maimai_dx;other;taiko,,ziv
Molly Fantasy Aeon Mall Hải Phòng,"10 Võ Nguyên Giáp Lê Chân Hải Phòng, 183710, Lê Chân",20.8323317,106.6813932,chunithm;maimai_dx;other,,ziv
MOLLY FANTASY LOTTE NSG,"Lot 2F 01+03 2F, Lotte Mart NamLot 2F 01+03 2F, Lotte Mart Nam Sai Gon, No.469 Nguyen Huu Tho",10.7409449,106.7018086,chunithm;maimai_dx;other,,allnet;ziv
Molly Fantasy Sense City Can Tho,"Sense City, 1 Đ. Hoà Bình, Tân An, Ninh Kiều, Cần Thơ Cần Thơ 94000, Cần Thơ",10.0341789,105.7859910,maimai_dx;other,,ziv
MOLLY FANTASY VINCOM ROYAL CITY,"Lot B2-R5-27,Vincom Royal City,72A Nguyen Trai,Thanh Xuan,Hanoi",21.0021365,105.8151956,chunithm;maimai_dx;other,,allnet;ziv
Neo Game Oasis Chip Mong 271 Megamall,"Street number 271, Phum Prek Ta Nu, Sangkat Chak Angrae Leu, Kha, Phnom Penh, 120601",11.5250846,104.9237901,other,,ziv
Neo Game Oasis Chip Mong Sen Sok Mall,"Oknha Mong Reththy (St. 1928), Sangkat Phnom Penh Thmei, Khan Se, Phnom Penh, 120801",11.5913401,104.8746005,other,,ziv
Panda Game Center Nowzone Fashion Mall,"235 Nguyễn Văn Cừ Quận 1 Thành phố Hồ Chí Minh, 700000, Quận 1",10.7641561,106.6825194,maimai_dx;other,,ziv
Thế giới vui nhộn (GO! Can Tho),"Lô, Số 1, KHU DÂN CƯ ĐÔ THỊ MỚI HƯNG PHÚ Cần Thơ Cái Răng, 900000, Cần Thơ",10.0144045,105.7842243,maimai_dx;other,,ziv
TIMEZONE AEON HAI PHONG,"T339,3F,AeonMall Hai Phong,KenhDuong w.,Le Chan Dist,Hai Phong",20.8324937,106.6822778,maimai_dx;other,,allnet;ziv
TIMEZONE AEON LONG BIEN,"NO. 27 CO LINH STREET, LONG BIEN WARD, HANOI CITY",21.0269505,105.8992565,chunithm;maimai_dx;other;taiko,,allnet;ziv
Timezone AEON Mall Huế,"08 Vo Nguyen Giap, An Dong Ward Hue City An Dong Ward, 49000, Hue City",16.4535164,107.6138952,maimai_dx;other,,ziv
Timezone Aeon Mall Hà Đông,"Dương Nội Ward, Hà Đông District Phon Thong Hà Nội, 48140, Phon Thong",20.9898644,105.7523064,maimai_dx;other,,ziv
TIMEZONE CRESCENT MALL,"5F Crescent Mall,101 Ton Dat Tien street, Tan Phu Ward,District7",10.7285352,106.7187468,maimai_dx;other,,allnet;ziv
Timezone Parc Mall,"547-549 Đ. Tạ Quang Bửu Chánh Hưng Hồ Chí Minh Quận 8, 700000, Hồ Chí Minh",10.7406343,106.6792848,maimai_dx;other,,ziv
Timezone SC VivoCity,"1058 Đ. Nguyễn Văn Linh Tân Phong Hồ Chí Minh Quân 7, 72900, Hồ Chí Minh",10.7297048,106.7031964,other,,ziv
Timezone The Loop IPH,"Tầng 3, TTTM The Loop IPH 241 đường Xuân Thủy, Dịch Vọng Hậu, Quận Cầu Giấy Hà Nội 100000, Hà Nội",21.0359210,105.7820616,maimai_dx;other,,ziv
Timezone Vincom Metropolis,"3rd Floor, Vincom Metropolis Liễu Giai, No.29 Liễu Giai Street, Hà Nội Hà Nội, 48140, Hà Nội",21.0313846,105.8147172,maimai_dx;other,,ziv
Timezone Vincom Đồng Khởi,"72 Lê Thánh Tôn, Bến Nghé, Quận 1, Hồ Chí Minh, Việt Nam Ho Chi Minh city Quận 1, 700000, Ho Chi Minh city",10.7783103,106.7021422,maimai_dx;other,,ziv
TIMEZONE(AEON BINH DUONG),"Aeon Mall Binh Duong Canary,Binh Giao,Thuan Giao,Thuan An City",10.9323347,106.7119938,maimai_dx;other,,allnet;ziv
TIMEZONE(AEON TAN PHU),Dia chi So 30 Tan Thang Phuong Son Ky Quan Tan PhuTp Ho Chi Minh,10.8013663,106.6172025,maimai_dx;other,,allnet;ziv
TIMEZONE(ESTELLA),"Estella Place, 88 Song Hanh Street, An Phu Ward, 2 District",10.8020658,106.7484709,maimai_dx;other,,allnet;ziv
