name,address,latitude,longitude,games,cabs,source
1-7play 一起玩家庭娱乐中心（天津东丽万达店）,"3F, Dongli Wanda Plaza, Gate 1, Tianjin, 120110",39.0793730,117.3218770,maimai_dx;other;taiko,,ziv
1-7PLAY唐山世界城店,河北省唐山市开平区中骏世界城二层1-7PLAY家庭娱乐中心,,,maimai_dx,,wahlap
1-7play沧州一首诗中心店,河北省沧州市一首诗艺术生活中心二楼,,,maimai_dx,,wahlap
1-7play电玩天津东丽万达店,天津市东丽区先锋东路6号万达广场(东丽店)3楼1-7play一起玩嘉年华电玩城（东丽万达店）,,,maimai_dx,,wahlap
101潮玩中心厦门思明店,福建省厦门市思明区湖光路101-29号105室、106室、107室,,,maimai_dx,,wahlap
11LAB超乐场,"1F, Shop D1052, SM City Binhai, No.168 Huanhe North Road, Dongli District, Tianjin, Tianjin, 300300",39.1566230,117.4124470,maimai_dx;taiko,,ziv
11Lab超乐场天津SM广场店,天津市东丽区环河北路SM城市广场168号金环B门一层11Lab超乐场,,,chunithm,,wahlap
11Lab超乐场天津东丽店,天津市东丽区环河北路168号SM天津滨海城市广场一楼11Lab超乐场,,,maimai_dx,,wahlap
1号机长南通海安中央广场店,江苏省南通市海安市中坝中路41号喜润城3楼C3015号1号机长,,,maimai_dx,,wahlap
1号机长合肥瑶海天地店,安徽省合肥市瑶海区瑶海天地3楼,,,maimai_dx,,wahlap
1号机长合肥蜀山万象汇店,安徽省合肥市蜀山区南七街道合作化路与望江西路交口西南角合肥蜀山万象汇L0218N号,,,maimai_dx,,wahlap
1号机长常德安乡城市广场店,湖南省常德市安乡县深柳镇城市广场1楼,,,maimai_dx,,wahlap
1号机长常德武陵店,湖南省常德市武陵区武陵大道998号和瑞欢乐城3楼3030号,,,maimai_dx,,wahlap
1号机长常德澧县店,湖南省常德市澧县欢乐城22号入口1号机长超乐场,,,maimai_dx,,wahlap
1号机长常德鼎城吾悦广场店,湖南省常德市鼎城区玉霞街道常德吾悦广场3F一号机长,,,maimai_dx,,wahlap
1号机长怀化溆浦万达店,湖南省怀化市溆浦县卢峰镇万达广场三楼1号机长,,,maimai_dx,,wahlap
1号机长超乐场芜湖inPARK店,安徽省芜湖市镜湖区中山路步行街inPARK商场4楼1号机长超乐场,,,maimai_dx,,wahlap
1号机长超乐场茂名化州店,广东省茂名市化州市万达广场三楼1号机长,,,maimai_dx,,wahlap
1号机长超乐场西安未央西咸万象城店,西安市未央区三桥街道西咸万象城三楼一号机长,,,chunithm;maimai_dx,,wahlap
1号机长超乐场郑州金水美盛龙湖天街店,郑州市金水区丰庆路美盛龙湖天街3层17号,,,maimai_dx,,wahlap
1号机长郑州郑东新区熙地港店,河南省郑州市郑东新区农业东路15号熙地港(郑州)购物中心3层027号1号机长店铺,,,chunithm;maimai_dx,,wahlap
1号机长随州曾都店,湖北省随州市曾都区交通大道466号吾悦广场3楼1号机长,,,maimai_dx,,wahlap
1号玩家淄博淄川sm广场店,山东省淄博市淄川区sm广场二楼1号玩家,,,maimai_dx,,wahlap
1号赢家亳州谯城万达店,安徽省亳州市谯城区万达广场2F-6,,,maimai_dx,,wahlap
303 LAB 家庭娱乐中心,"3F, Bairong Commercial Building, No.60 Shangye Road, Ninghe District, Tianjin, Tianjin, 301500",39.3246550,117.8225490,maimai_dx,,ziv
365PLAY潮玩沧州任丘万达店,河北省沧州市任丘市万达广场二楼365PLAY潮玩,,,maimai_dx,,wahlap
37度邯郸和平店,河北省邯郸市邯山区和平路搜购购物广场二楼,,,maimai_dx,,wahlap
51区动漫游乐天津西青店,天津市西青区中北镇阜盛道永旺梦乐城2楼51区动漫游乐场,,,chunithm;maimai_dx,,wahlap
51区动漫游戏主题乐园,"白云区云霄路353号5号停机坪购物广场F3, Guangzhou Shi, Guangdong Sheng, 510000",23.1814473,113.2658819,maimai_dx;other,,ziv
51区南京浦口天悦城店,江苏省南京市浦口区沿江街道百润路9号天悦城2楼 51区超级乐园,,,maimai_dx,,wahlap
51区天津南开大悦城店,天津市南开区南门外大街南开大悦城3f51区超级乐园,,,maimai_dx,,wahlap
51区天津南开熙悦汇店,天津市南开区熙悦汇购物中心3F 51区超级乐园,,,maimai_dx,,wahlap
51区天津市西青区社会山店,天津市西青区张家窝镇知景道321号社会山广场2层51区超级乐园,,,maimai_dx,,wahlap
51区天津西青风雅印象城店,天津市西青区张家窝镇风雅印象城二楼51区超级乐园,,,maimai_dx,,wahlap
51区滨湖江南大悦城店,江苏省无锡市滨湖区江南大悦城二楼51区超级乐园,,,chunithm,,wahlap
51区超级乐园 AREA-51 SUPER PARK (天津津南店),"3F, Building 1, Shente Plaza, AEON Mall, Xinzhuang Town, Jinnan District, Tianjin, Tianjin, 300350",39.0262676,117.3353740,maimai_dx;other;taiko,,ziv
51区超级乐园 AREA-51 SUPER PARK (天津西青曹庄店),"3F, AEON Mall, No.1 Fusheng Road, Area 51 Arcade, Xiqing District, Tianjin, Tianjin, 300380",39.1417930,117.0844700,chunithm;maimai_dx;other;taiko,,ziv
51区超级乐园 AREA-51 SUPER PARK (枫雅印象城购物中心),"2F, Fengya Impression City, No.198 Fengya Road, Xiqing District, Tianjin, Tianjin, 300800",39.0533490,117.0229700,maimai_dx;other;taiko,,ziv
51区超级乐园 AREA-51 SUPER PARK (梅江永旺店),"2F, AEON Mall, No.111 Youyi South Road, Xiqing District, Tianjin, Tianjin, 300380",39.0269354,117.2129843,maimai_dx;other;taiko,,ziv
51区超级乐园 AREA-51 SUPER PARK (梅江环宇城店),"Zhonghai Tianjin UniPark (Huanyucheng) Shopping Center, No.689 J, Hexi District, Tianjin, Tianjin, 300201",39.0421696,117.2285200,chunithm;maimai_dx;other,,ziv
51区超级乐园 AREA-51 SUPER PARK (水游城店),"2F, Building A, Pengxin Aqua City, Dafeng Road, Hongqiao District, Tianjin, Tianjin, 300131",39.1461542,117.1639109,chunithm;maimai_dx;taiko,,ziv
51区超级乐园 AREA-51 SUPER PARK (熙悦汇店),"3F, Xi Yue Hui, No.513 Huanghe Road, Nankai District, Tianjin, Tianjin, 300190",39.1367300,117.1178110,maimai_dx;other;taiko,,ziv
51区超级乐园 AREA-51 SUPER PARK (社会山店),"2F, Shehuishan Shopping Center, Zhangjiawo Town, Xiqing District, Tianjin, Tianjin, 300380",39.0509760,117.0439270,maimai_dx,,ziv
51区超级乐园 AREA-51 · solo park,"3F, Joy City Shopping Center, No.2 Nanmenwai Street, Nankai District, Tianjin, Tianjin, 300100",39.1330950,117.1739410,chunithm;maimai_dx;other;taiko,,ziv
51区超级乐园南京鼓楼店,江苏省南京市鼓楼区草场门大街99号龙江新城市广场一期第三层A305号（51区超级乐园）,,,maimai_dx,,wahlap
51区超级乐园天津津南店,天津市津南区辛庄永旺3楼五十一区超级乐园,,,maimai_dx,,wahlap
51区超级乐园天津红桥水游城店,天津市红桥区水游城A座2楼51区超级乐园,,,chunithm;maimai_dx,,wahlap
51区超级乐园济南印象城店,山东省济南市历城区花园路136号印象城5楼L519-L522,,,chunithm;maimai_dx,,wahlap
51区超级乐园滨州滨城万达广场店,山东省滨州市滨城区万达广场一楼51区超级乐园,,,maimai_dx,,wahlap
51区超级乐园盘锦万达店,辽宁省盘锦市兴隆台区万达广场一楼51区超级乐园,,,maimai_dx,,wahlap
51区超级乐园聊城东昌府万达店,山东省聊城市东昌府区万达广场三楼51区超级乐园前台,,,maimai_dx,,wahlap
51区超级乐园西青梅江永旺店,天津市西青区梅江永旺51区超级乐园,,,maimai_dx,,wahlap
51区青岛市北悦荟广场店,山东省青岛市市北区人民路269号悦荟广场5楼,,,chunithm,,wahlap
51区青岛李沧万达店,山东省青岛市李沧区巨峰路万达广场2楼51区超级乐园,,,maimai_dx,,wahlap
54工场邢台威县店,河北省邢台市威县信誉楼三楼,,,maimai_dx,,wahlap
58潮玩SPACE任丘万达店,任丘万达广场二楼58潮玩SPACE,,,maimai_dx,,wahlap
6686家庭娱乐中心赣州章贡店,江西省赣州市章贡区6686家庭娱乐中心,,,maimai_dx,,wahlap
7484泛娱乐中心重庆秀山店,重庆秀山土家族苗族自治县中和街道朝阳路138号负1号地下商场负1-1966,,,maimai_dx,,wahlap
7484益阳南县步步高桂花店,湖南省益阳市南县南州镇步步高桂花广场三楼f3015号铺7484&爱巴爱麻电玩城,,,maimai_dx,,wahlap
7shop南京栖霞康桥圣菲店,江苏省南京市栖霞区文范路9号 康桥圣菲,,,maimai_dx,,wahlap
941卡通尼南京浦口江北虹悦城店,江苏省南京市浦口区龙华路1号江北虹悦城3楼卡通尼,,,maimai_dx,,wahlap
AIKBAGO 北京朝阳微博IN,"Weibo IN, Chaoyang Park, Chaoyang District, Beijing, Beijing, 100032",39.9458218,116.4799635,chunithm;maimai_dx,,ziv
AKIBAGO上海杨浦百联ZX造趣场店,上海市杨浦区四平路2500号百联ZX造趣场2楼AKIBAGO,31.3003613,121.5115133,chunithm;jubeat;maimai_dx,,wahlap;ziv
AKIBAGO北京朝阳微博in店,北京市朝阳区朝阳公园微博in跨次元引力场一层,,,chunithm;maimai_dx,,wahlap
AKIBAGO深圳罗湖新白马·次元店,广东省深圳市罗湖区东门街道新白马·次元9号,,,chunithm;maimai_dx,,wahlap
AKIBA深圳奇谷米次元街区店,广东省深圳市南山区沙河街道东方社区白石路2033号欢乐海岸购物中心L2-E202,,,chunithm,,wahlap
ALL IN极限潮玩馆深圳罗湖国贸广场二期店,深圳市罗湖区南湖街道嘉北社区南湖路3007号国贸 广场（二期）二层F2-01,,,chunithm;maimai_dx,,wahlap
AREA-51区烟台福山永旺店,山东省烟台市福山区永旺梦乐城302b酷玩空间,,,chunithm;maimai_dx,,wahlap
AREA-51区超级乐园青岛永旺店,山东省青岛市黄岛区漓江西路永旺梦乐城1楼东馆AREA-51区超级乐园,,,maimai_dx,,wahlap
Baby熊家庭阜阳太和万达店,安徽省阜阳市太和县城关镇太和大道万达广场三楼Baby熊家庭,,,maimai_dx,,wahlap
Cartoony World 卡通尼世界（金台万达）,"3rd Floor, Wanda Plaza,, Jintai District, Baoji City, Shaanxi Province, 721000",34.3607261,107.1743774,taiko,,ziv
Cartoony World 卡通尼乐园 (上海马桥店),"3F, Maqiao Wanda Plaza, No.121 Fuyan Road, Minhang District, Shanghai, Shanghai, 201111",31.0255089,121.3684943,other;taiko,,ziv
Cartoony World 卡通尼乐园 (北京荟聚中心店),"F3, Livat Beijing, No.15 Xinning Street, Daxing District, Beijing, Beijing, 102600",39.7848737,116.3210388,taiko,,ziv
Cartoony World 卡通尼乐园 (北京银座和谐广场店),"万丰路68号银座和谐广场3F-301（商场3楼西北角）, Fengtai District, Beijing, Beijing, 100070",39.8809594,116.2905423,taiko,,ziv
Cartoony World 卡通尼乐园 (嘉亭荟城市生活广场店),"3F West, Jiatinghui City Life Plaza, No.1055-1077 Moyu South Roa, Jiading District, Shanghai, Shanghai, 201805",31.2895909,121.1562907,other;taiko,,ziv
Cartoony World 卡通尼乐园 (宝鸡银泰城),"3 Floor, Yintai City, No. 66 Jintai Avenue, Jintai District,, (金台大道66号银泰城3楼), Baoji, Shannxi, 721004",34.3611733,107.1909748,other,,ziv
Cartoony World 卡通尼乐园 (西安荟聚Livat),"1 Floor, Livat, intersection of Ziwu Avenue and Western Avenue,, (子午大道荟聚宜家购物中心1楼), Xi'an, Shannxi, 710065",34.1742459,108.8950262,other,,ziv
Cartoony World 卡通尼乐园 (西安金地广场),"2nd Floor, F214A-F214B, Xi’an Jindi Plaza, No. 999 Qujiangchi Ea, (曲江池东路999号西安金地广场2F), Xi'an, Shannxi, 710061",34.2043135,108.9834363,taiko,,ziv
Cartoony World 卡通尼乐园 × Fun Forward (今潮八弄店),"LG1 Floor, Bingang Commercial Center (Jinchao Balong), Sichuan N, Hongkou District, Shanghai, Shanghai, 200085",31.2517471,121.4789144,taiko,,ziv
Cartoony World 卡通尼乐园 × Safari 非洲探索乐园 (金桥国际商业广场店),"3F-4F, Building 1, Jinqiao International Commercial Plaza, No.36, Pudong New District, Shanghai, Shanghai, 200136",31.2579160,121.5752488,other;taiko,,ziv
Cartoony World 卡通尼乐园（北京凯德大兴3F）,"No.2 Huatuo Road, Kaide Mall (CapitaMall Daxing), 3F, Daxing Dis, Daxing District, near Tiangongyuan Station (Line 4), Beijing, Beijing, 102629",39.6719761,116.3129752,taiko,,ziv
Cartoony World 卡通尼欢乐世界 (美兰湖店),"Building B 3F, Zhongji Jindi Plaza, No.19 Lane Nianxi Road, Baoshan District, Shanghai, Shanghai, 201908",31.4019822,121.3458610,other;taiko,,ziv
Cartoony卡通尼乐园(西安曲江大悦城),"西安曲江大悦城3F, ci'en west road, 雁塔区, Yanta District, Xi‘an, Shannxi, 710000",34.2187756,108.9572740,taiko,,ziv
CCTEDAY超乐馆南宁万达茂店,广西南宁市邕宁区良堤路6号万达茂一楼,,,maimai_dx,,wahlap
CLUBPLAY（振华广场店）,"7F, Zhenhua Plaza Mall, No.29 Xilin Gol North Road, Huimin District, Hohhot, Inner Mongolia, 010020",40.8167648,111.6611445,other;sdvx;taiko,,ziv
cocopark广州荔湾健康港店,广东省广州荔湾区健康港星河cocopark 北馆3楼极客森门店,,,maimai_dx,,wahlap
coohooMax真快活(北京西城),"西单北大街130号华威大厦5层, Xicheng District, Beijing, Beijing, 100032",39.9100211,116.3684761,maimai_dx;taiko,,ziv
Coolman Zone 酷漫地带,"No.36, U-Life Patio Block C, Yingda Road,, (英达路悠生活庭院C座36号), Baoji, Shannxi, 721000",34.3546767,107.1295416,other,,ziv
cowplaycowmoo上海徐汇新六百店,上海市徐汇区衡山路 932 号新六百young 四楼407 CPCM,,,maimai_dx,,wahlap
CPCM龙之梦长宁城市生活中心店,上海市长宁区长宁路1018号龙之梦城市生活广场5楼cow play cow moo,,,chunithm;maimai_dx,,wahlap
C站杭州余杭店,浙江省杭州市余杭区南苑街道迎宾路501号余之城生活广场186单元,,,maimai_dx,,wahlap
C翻乐园 C-FUN Sport & Game (海口龙湖天街),"Unit C-3F-01-02-03, 3rd Floor, Phase II, Paradise Walk, No. 15 N, Jinyu Subdistrict 金宇街道, Longhua 龙华区, Haikou City 海口市, Hainan Province 海南省, 570311",20.0006929,110.3295549,maimai_dx;other,,ziv
C翻乐园厦门集美大悦城店,福建省厦门市集美区大悦城3楼C翻乐园,,,maimai_dx,,wahlap
C翻乐园成都滨江天街店,四川省成都市成华区建设路街道龙湖滨江天街3F一01A,,,maimai_dx,,wahlap
C翻乐园武汉洪山大悦城店,湖北省武汉市洪山区高新大道718号大悦城3楼,,,chunithm;maimai_dx,,wahlap
C翻乐园武汉群星城店,湖北省武汉市武昌区徐东大街120号福星惠誉群星城5楼,,,maimai_dx,,wahlap
C翻乐园苏州姑苏万象天地店,江苏省苏州市姑苏区万象天地三楼C翻乐园,,,maimai_dx,,wahlap
Dave & Buster's (Dehli),"3rd Floor, Pacific Mall, Najafgarh Rd, Tagore Garden, Tilak Nagar, New Dehli, Dehli, 110018",28.6422385,77.1065143,other,,ziv
DDPARK潮玩临汾尧都店,山西省临汾市尧都区解放路33号生龙国际悦享城F4001,,,chunithm;maimai_dx,,wahlap
DEDEAPU @ Shanghai,"Kejia Square, Huancheng East Road, Fengxian District, Shanghai, Fengxian District, Shanghai, Shanghai, 201400",30.9265066,121.4623968,maimai_dx;other,,ziv
DEDEAPU @ Tianjin,"3F, Longyue Cheng North Block, Yunhe West Subdistrict, Wuqing District, Tianjin, Tianjin, 301700",39.3786360,117.0416080,other,,ziv
DEDEAPU上海奉贤可家广场,上海奉贤区南桥镇可家广场,,,maimai_dx,,wahlap
DIJOYTOWN 电玩橙(西安曲江大悦城),"No.48 3rd floor JOYCITY(西安曲江大悦城3F), Ci'en west road No.777 (慈恩西路, Yanta District(雁塔区), Xi‘an, Shannxi, 710000",34.2179948,108.9573598,chunithm;maimai_dx;other,,ziv
DIJOYTOWN电玩橙(元谷Mall),"3rd Floor, Yuangu Mall(元谷商业中心), Tuanjie South Road，, Yanta District, Xi'an, Shannxi, 710077",34.2530796,108.8780040,maimai_dx;other,,ziv
DK超乐场秦皇岛海港恒山路店,河北省秦皇岛市海港区恒山路一号院内,,,maimai_dx,,wahlap
DORAPLANET: Main Battlefield (哆啦星球主战场·大旺城),"Dawang City Shopping , No.81 Daqing Road, Xi'an, Shannxi, 710000",34.2697565,108.8516191,sdvx,,ziv
e+潮玩南京江宁宝龙店,江苏省南京市江宁区麒麟街道青喜社区丹霞街169号宝龙广场F3,,,chunithm;maimai_dx,,wahlap
e+潮玩宿迁宿豫万达店,江苏省宿迁市宿豫区万达广场L2026,,,maimai_dx,,wahlap
e+潮玩宿迁沭阳万达店,江苏省宿迁市沭阳县万达广场e+潮玩,,,maimai_dx,,wahlap
e+潮玩扬州邗江万达店,江苏省扬州市邗江区万达广场3楼e+潮玩,,,chunithm;maimai_dx,,wahlap
e+潮玩泰州泰兴万达店,江苏省泰州市泰兴市万达广场2楼e+潮玩,,,maimai_dx,,wahlap
e+潮玩淮南爱琴海购物中心店,安徽省淮南市田家庵区爱琴海购物中心二楼e+潮玩,,,chunithm;maimai_dx,,wahlap
E+潮玩连云港灌云万达店,江苏省连云港市灌云县万达广场三楼E+潮玩,,,maimai_dx,,wahlap
e+酷玩芜湖无为大润发店,安徽省芜湖市无为市无城镇润发广场一层10243-F1-16,,,maimai_dx,,wahlap
E享空间北京西城百货大楼店,北京市西城区北京城区新华百货大楼6层,,,maimai_dx,,wahlap
e加潮玩宿迁宿城吾悦广场店,江苏省宿迁市宿城区吾悦广场e加潮玩,,,chunithm;maimai_dx,,wahlap
E号玩家顺德大融城店,佛山市顺德区大融城3楼大玩家,,,maimai_dx,,wahlap
e码潮玩佛山顺德北滘店,广东省佛山市顺德区北滘商业广场3楼e码潮玩,,,maimai_dx,,wahlap
e＋潮玩泰州海陵万达店,江苏省泰州市济川东路228号万达广场三楼,,,maimai_dx,,wahlap
FIRST福思特动漫电玩世界 (嘉定宝龙广场店),"1F, Jiading Baolong Plaza, No.1099 Akesu Road, Jiading District, Shanghai, Shanghai, 201800",31.3476135,121.2561217,maimai_dx,,ziv
FOLIVE PARK重庆南山凡米里店,重庆市南岸区向黄路南山凡米里北楼4楼,,,maimai_dx,,wahlap
Freetime潮玩街区(小寨金莎国际),"B1 Floor, 金莎国际,Middle Chang'an Road, Yanta District, Xi'an, Shannxi, 710000",34.2279173,108.9426425,other,,ziv
FS COMICS成都武侯时光里店,四川省成都市武侯区吉瑞二路成都保利时光里南里B1081,,,chunithm;maimai_dx,,wahlap
FUN VALLEY潮玩广州越秀侨光西路店,广东省广州市越秀区侨光西路11号星寰国际商业中心三楼L3-01-1,,,chunithm;maimai_dx,,wahlap
FUNFUN CITY 环游乐园 (渭南宏帆),"3rd Floor, China Resources Vanguard Shopping Center, Qianjin Roa, (前进路华润万家购物中心三楼), Weinan (渭南市), Shannxi (陕西省), 714000",34.4974850,109.4854774,maimai_dx;other,,ziv
FUNFUN CITY 环游乐园 (蓝田新茂),"Xinmao Shopping Plaza, F3, Lantian County,, (新茂购物广场3楼), Xi'an (西安市), Shannxi (陕西省), 710500",34.1660127,109.3110734,other;taiko,,ziv
FUNFUN CITY 环游乐园 (铜锣湾),"Tongluowan No.3, Xincheng Avenue, (蒲城县新城大道铜锣湾3楼), Weinan, 715500",34.9413220,109.5929144,other,,ziv
Funky Town,"Tashkenstiy trakt, 17k, Almaty, 040916",43.2342001,76.7767275,other,,ziv
Funloop Land (Joy City Mall Chaoyang Beijing),"8F, Joy City Mall, Chaoyang North Road, Chaoyang District, Beijing, Beijing, 100121",39.9234054,116.5127754,other,,ziv
funmall贵阳万象城店,贵州省贵阳市遵义路万象城3F,,,chunithm,,wahlap
FunMall贵阳南明万象城店,贵州省贵阳市南明区万象城3楼L331号铺,,,maimai_dx,,wahlap
Funs趣玩咸宁赤壁摩尔城店,湖北省咸宁市赤壁市摩尔城三楼Funs趣玩,,,maimai_dx,,wahlap
Funwlley家庭娱乐中心广州番禺店,广东省广州市番禺区洛溪环岛南路398号洛溪大厦喜邻里商业中心4楼funwlley家庭娱乐中心,,,maimai_dx,,wahlap
FUN电潮玩馆开封万岁山店,河南省开封市龙亭区万岁山景区潮玩街区,,,maimai_dx,,wahlap
FY Legend (飞影传奇榆林店),"Zone D, Fuzi Temple Culture Pedestrian Mall, （夫子庙步行街-D区）, Yulin 榆林市, Shannxi 陕西省, 719000",38.2833680,109.7466585,other,,ziv
FY Legend 飞影传奇,"Moscow Commercial Street, Cultural Palace,, Hongqi Subdistrict,, Tongchuan 铜川市, Shannxi  陕西省, 727000",35.0640983,109.0655494,other,,ziv
G2 Trendy Entertainment (G2街区·西安大兴龙湖店),"L3009, L3 Floor, Loonghu Daxing Starry Street Shopping, No.2 Dax, (大兴东路2号西安龙湖大兴星悦荟3楼009号), xi'an, shannxi, 710016",34.2870661,108.9151606,maimai_dx,,ziv
G2街区 (苏宁百货店),"5th Floor, Suning Department Store, Saihan District, Hohhot, Inner Mongolia, 010050",40.8344714,111.7270249,maimai_dx;other,,ziv
G2街区乐山市中沃尔玛店,四川省乐山市市中区鼓楼街58号沃尔玛二楼,,,maimai_dx,,wahlap
G2街区呼和浩特万达店,内蒙古自治区呼和浩特市赛罕区万达广场苏宁易购五层G2街区,,,maimai_dx,,wahlap
G2街区四川王府井购物中心店,四川省巴中市巴州区秦巴大道巴中王府井购物中心4楼G2街区,,,maimai_dx,,wahlap
G2街区广州番禺钻汇星城店,广州市番禺区市桥街桥兴大道134号钻汇星城负一层B区1077 1078 1079铺,,,maimai_dx,,wahlap
G2街区成都优品道广场店,四川省成都市双流街区优品道广场,,,maimai_dx,,wahlap
G2街区成都成华SM广场店,四川省成都市成华区SM广场三楼,,,chunithm;maimai_dx,,wahlap
g2街区淄博富力万达店,山东省淄博市张店区中润大道17号富力万达g2街区,,,maimai_dx,,wahlap
g2街区盐城聚龙湖金鹰店,盐城市南城聚龙湖金鹰购物中心三楼,,,maimai_dx,,wahlap
G2街区盘锦兴隆万达店,辽宁省盘锦市兴隆台区双兴南路万达广场一楼G2街区潮玩娱乐宝贝王家庭娱乐中心,,,maimai_dx,,wahlap
G2街区自贡华商国际城店,四川省自贡市华商国际城1楼G2街区,,,maimai_dx,,wahlap
g2街区西安莲湖店,陕西省西安市莲湖区龙湖星悦汇三楼g2街区,,,maimai_dx,,wahlap
G2街区遂宁船山万象汇店,四川省遂宁市船山区河东新区万象汇4楼G2街区,,,maimai_dx,,wahlap
G2街区青岛未来城万科广场店,山东省青岛市市北区四流南路66号丙,,,maimai_dx,,wahlap
g2街区青岛莱西王府井店,山东省青岛市莱西市水集街道办事处北京路118号莱西市王府井购物中心G-3Fg2街区,,,maimai_dx,,wahlap
Game Cube 游戏大魔方 (三原万达),"3rd Floor, Wanda Plaza, Xihuan Road, Sanyuan County, (三原县西环路万达广场三楼), Xianyang, Shaanxi, 713800",34.6106764,108.9111722,maimai_dx;other,,ziv
Game Cube 游戏大魔方 (临渭万达),"Wanda Plaza, Intersection of Weihe Avenue and, Cangcheng Road, (渭南市渭河大街与仓程路口万达广场), Weinan 渭南市, Shannxi 陕西省, 714000",34.5320154,109.4738621,maimai_dx;other;taiko,,ziv
Game Cube 游戏大魔方 (宝鸡吾悦),"2nd west floor, Wuyue Plaza (宝鸡市吾悦广场二楼西厅), Baoji, Shannxi, 721000",34.3413809,107.2292237,other,,ziv
Game Cube 游戏大魔方 (泾阳万达),"3rd Floor, Wanda Plaza, Jinggan Street, Jingyang County,, (泾阳县泾干大街万达广场三楼), Xianyang (咸阳市), Shaanxi (陕西省), 713700",34.5316265,108.8325944,maimai_dx;other,,ziv
Game Zone Arcade Club 盖姆龙电玩俱乐部（新辰里）,"No.8 Beichen East Road, Yard 1, Building 1, Xinchenli Shopping C, Chaoyang District, Beijing, Beijing, 100101",39.9897762,116.4004019,maimai_dx;other;taiko,,ziv
GAME ZONE 盖姆龙电玩俱乐部,"33号 Guangshun North Street, Beijing, Beijing, 100102",39.9744398,116.4848828,other;taiko,,ziv
GameCube游戏大魔方 (西咸吾悦),"L6 Floor, Wuyue Plaza, Kunming Road, 昆明路西咸吾悦广场6楼), Xi'an, Shannxi, 710000",34.2556690,108.8185608,other,,ziv
GameCube游戏大魔方(乐荟中心),"3rd Floor, Nan Feihong Yuehui Center, No. 1589 Zhuque South Road, 朱雀南路1589号南飞鸿悦荟中心3楼F3-01、2号商铺, Xi'an, Shannxi, 710000",34.1872687,108.9374551,drs;maimai_dx;other,,ziv
GameO 快乐星球电玩城（大兴凯德Mall店）,"4F Captal Land Mall Daxing Branch (大兴凯德Mall), Huatuo Road, Tiang, Daxing District, Beijing, Beijing, 102600",39.6712055,116.3130708,maimai_dx,,ziv
GAMEONE深圳宝安大悦城店,广东省深圳市宝安区大悦城L2层GAMEONE,,,chunithm;maimai_dx,,wahlap
GiGO (上海概念店),"B1F, Bailian ZX Creative Field, No.340-372 East Nanjing Road, Hu, Huangpu District, Shanghai, Shanghai, 200001",31.2385330,121.4764160,maimai_dx;other;taiko,,ziv
Golden Apple Game 金苹果乐园,"3rd Floor, Jinhu Shopping, Xixiang County, Hanzhong 汉中市, Shannxi 陕西省, 723500",32.9938261,107.7719897,maimai_dx,,ziv
GOODSLOVE LAND上海五角场店,上海市杨浦区五角场万达广场C区2楼,31.3039699,121.5083960,chunithm;maimai_dx;other,,wahlap;ziv
Green Dragonfly Games 绿蜻蜓电玩（国泰密云店）,"No.16 Gulou South Street, Guotai Department Store (Miyun Branch), Miyun District, Beijing, Beijing, 101500",40.3741600,116.8401899,maimai_dx;other,,ziv
G元素保定竞秀北国店,河北省保定市竞秀区北国先天下六层G元素,,,chunithm;maimai_dx,,wahlap
HAPPY CUBE 乐立方潮玩运动馆（龙玥城店）,"科创五街38号龙玥城一层D区, Daxin District, Beijing, Beijing, 102600",39.8008213,116.5272233,maimai_dx;other;taiko,,ziv
Happy Hero 欢乐英雄,"6 Baixing West 3rd Road, 百姓西三路列圣庙堂旁边, Zhanjiang 湛江, Guangdong 广东, 524000",21.2646854,110.3695214,gitadora;jubeat;other,,ziv
Happy Memories 忆童乐家庭游乐中心,"3rd Floor, Chengye Plaza, Shenliu Road,(神柳路成业广场三楼), Shenmu 神木市, Yulin 榆林市, Shannxi 陕西省, 719300",38.8922353,110.4677007,maimai_dx,,ziv
HappyExperience都市玩家(太白印象城),"B1 Floor, Shopping InCity(太白印象城), Taibai North Road No.155, Yanta, xi'an, Shannxi, 710000",34.2367742,108.9165688,maimai_dx;other,,ziv
HAPPY潮玩湖州德清店,浙江省湖州市德清武康镇正翔商业广场三楼HAPPY潮玩游戏厅,,,maimai_dx,,wahlap
HERO英雄城市电玩中心钦州年年丰广场店,广西钦州市钦南区年年丰广场内五层E4-1号商铺,,,maimai_dx,,wahlap
HIHIKOKO快乐制造地新乡胖东来店,河南省新乡市胖东来HIHIKOKO快乐制造地,,,chunithm;maimai_dx,,wahlap
HOOLIPAY年轻力聚场合肥蜀山店,安徽省合肥市蜀山区新粮仓28号仓,,,maimai_dx,,wahlap
HOP-DX深圳中兴店,深圳市宝安区新安街道宝安中心前海HOP天地负一楼 HOP-DX,,,maimai_dx,,wahlap
iO电动工坊南昌红谷滩湾悦店,江西省南昌市红谷滩区大街968号建发湾悦天地2层IO电动工坊龙兴,,,maimai_dx,,wahlap
io电动工坊太原小店万达店,山西省太原市小店区龙城大街130号万达广场二层,,,maimai_dx,,wahlap
IO电动工坊马鞍山雨山区万达店,安徽省马鞍山市雨山区万达广场2楼IO电动工坊,,,maimai_dx,,wahlap
IQ潮玩内江人民店,四川内江市中区人民路55号11栋附201号（二楼IQ潮玩）,,,maimai_dx,,wahlap
IQ潮玩成都一方里店,四川省成都市一方里负一楼IQ潮玩,,,maimai_dx,,wahlap
IQ潮玩成都成华天府国际店,四川省成都市成华区青龙街道天府国际IQ潮玩,,,maimai_dx,,wahlap
JAJAPOP一番赏天津和平店,天津市和平区南京路221号国际商场负一层JAJAPOP一番赏,,,maimai_dx,,wahlap
JIRUI 吉睿游艺（悠唐中心店）,"3F, Yotang Shopping Center,Chaoyangmenwai Avenue No.2, Chaoyang District, Beijing, Beijing, 100000",39.9201706,116.4336395,other;taiko,,ziv
JIRUI 吉睿潮玩（海淀学清路店）,"No.8 Xueqing Road, Xinchenli (Xueqing Road), 3F, Haidian Distric, Haidian District, near Liudaokou Station, Beijing, Beijing, 100083",40.0070000,116.3480000,chunithm;other;taiko,,ziv
Joyful Planet 快乐星球 (榆林天街),"3rd floor, Time Paradise Walk(时光天街), No.175 Xinda Rd., Yulin 榆林市, Shannxi 陕西省, 719000",38.2369076,109.7429467,maimai_dx,,ziv
JOYMARK十堰茅箭寿康华悦城店,十堰市茅箭区朝阳中路29号寿康华悦城3楼,,,maimai_dx,,wahlap
JOYMARK眉山东坡万达店,四川省眉山市东坡区文忠街东坡万达广场3楼3031B,,,maimai_dx,,wahlap
Kids Amaze 儿童乐园 (阳光城),"L3, Youyi Sunshine City, Jinlong Road, Longhua District 龙华区, Haikou City 海口市, Hainan Province  海南省, 570125",20.0251494,110.3188117,taiko,,ziv
KiKi Game Club奇奇乐园(大兴龙湖),"L3009, L3 Floor, Loonghu Daxing Starry Street Shopping, No.2 Dax, 大兴东路2号西安龙湖大兴星悦荟3楼009号), Xi'an, Shannxi Province, 710016",34.2871747,108.9148629,other,,ziv
KiKi Game Club奇奇乐园(盛龙广场),"盛龙广场B区2F,未央路80号(R.Weiyang No.80),未央区, Weiyang District, Xi'an, 710000",34.3009932,108.9409554,other;taiko,,ziv
KiKi Game Club奇奇乐园(立丰国际),"9th Floor, Lifeng International Shopping, No.59 Jinhua South Roa, (金花南路59号立丰国际9楼), 西安市(Xi'an), 陕西省(Shaanxi Province), 710032",34.2488450,108.9928722,other,,ziv
Kikis其趣客村丽影店,广东省广州市海珠区客村地铁站D出口丽影广场三楼Kiki’s其趣,,,maimai_dx,,wahlap
kikis其趣广州白云佳润广场店,广州市白云区佳润广场二楼kikis其趣,,,maimai_dx,,wahlap
kikis其趣游乐广州白云店,广东省广州市白云区同和大道金铂天地2层kikis其趣游乐体验世界,,,chunithm;maimai_dx,,wahlap
kikis其趣游玩广州白云湖金铂广场店,广东省广州市白云区机场路2829号白云湖金铂天地,,,maimai_dx,,wahlap
KM'Square昆明官渡店,云南省昆明市官渡区新亚洲体育城星耀广场三楼A010-012,,,maimai_dx,,wahlap
KT FIGHTER SPACE（石景山喜隆多店）,"4Floor XIRONDO PLAZA, 石景山区, Beijing, Beijing, 100000",39.9217175,116.1652287,other,,ziv
KT竞技现场(朝阳合生汇店),"西大望路21号北京朝阳合生汇B1层21街区东侧, 朝阳区 District, Beijing, Beijing, 100022",39.8926934,116.4740774,chunithm;maimai_dx,,ziv
KT竞技现场（五棵松华熙LIVE店）,北京市海淀区万寿路街道复兴路69号华熙live KT竞技现场,,,chunithm;maimai_dx,,wahlap
KT竞技现场（五棵松华熙店）,"复兴路69号华熙LIVE·五棵松F1（泡泡玛特楼上）, Beijing, Beijing, 100039",39.9088803,116.2707797,chunithm;maimai_dx;other,,ziv
KT超级竞技现场 FIGHTER-SPACE（超级合生汇店）,"No.16 Gulou South Street, Guotai Department Store (Miyun Branch), Miyun District, Beijing, Beijing, 101500",40.0957008,116.2861523,other;taiko,,ziv
Longwei Carnival (泷威嘉年华),"No. 64, West Section of south 2nd Ring Road,, 3F, 凯德广场(CapitaMall New Land), Xi'an City, Shannxi Province, 710000",34.2307603,108.9318681,maimai_dx;other,,ziv
Love the game together 爱玩荟电玩家庭娱乐中心（北苑店）,"F4, K-OOL Fasion Plaza,Beiyuan Road No.42, Chaoyang District, Beijing, Beijing, 130000",40.0321656,116.4133642,chunithm;maimai_dx;taiko,,ziv
luckystar宁波鄞州龙湖天街店,浙江省宁波市鄞州区龙湖天街3楼,,,maimai_dx,,wahlap
M8潮玩街区呼和浩特店,内蒙古呼和浩特市回民区中山西路街道海亮负一层,,,chunithm;maimai_dx,,wahlap
M8潮玩街区（时尚摩尔地下街店）,"B1, Hailiang Plaza Shopping Mall, Zhongshan Road, Huimin District, Hohhot, Inner Mongolia, 010020",40.8139310,111.6634190,chunithm;maimai_dx;other;taiko,,ziv
M9潮玩街区张家口市桥东店,河北省张家口市桥东区百盛五楼M9潮玩街区,,,chunithm;maimai_dx,,wahlap
Mega Game Cube 游戏大魔方 (延安吾悦),"Shopping WUYUE, Baota District, Yan'an 延安市, Shannxi 陕西省, 716000",36.6419864,109.4938660,other,,ziv
Mega Game Cube 游戏大魔方 (汉中吾悦),"Shop Z10, 3rd Floor, Wuyue Plaza, Shayan Road, Xixin St,, (汉中市西新街沙沿路吾悦广场3楼Z10商铺), Hanzhong 汉中市, Shannxi 陕西省, 723000",33.0739940,106.9913436,maimai_dx;other,,ziv
Mestage郑州郑东云尚店,河南省郑州市郑东新区商都路63号（云尚购物中心）B1层B1075,,,maimai_dx,,wahlap
MY泛娱乐中心鹤岗红星店,黑龙江省鹤岗市工农区新南街道解放路246号红星万象城3楼,,,maimai_dx,,wahlap
New Century Global Center,"Jinyue West Road, Cheng Du Shi, Si Chuan Sheng, 610094",30.5693106,104.0631619,other,,ziv
OK动漫城吉林龙潭店,吉林省吉林市龙潭区遵义路江北百货大楼3楼OK动漫城,,,maimai_dx,,wahlap
OWANGE运动超乐场珠海横琴华发商都店,广东省珠海市横琴合作区横琴华发商都南区二楼OWANGE运动超乐场,,,chunithm;maimai_dx,,wahlap
PKBoys 潮玩嘉年华,"2F, WellTown mall, Yinrui East Road, Tongzhou District, Beijing, Beijing, 100020",39.8583642,116.6879762,chunithm;jubeat;maimai_dx;taiko,,ziv
PKboy北京湾里奥莱店,北京市通州区颐瑞东路湾里奥莱二层,,,chunithm;maimai_dx,,wahlap
PKBoy潮玩嘉年华北京湾里奥莱店,"L2 North, Wanli-Wangfujing WellTown, No.66 Yirui East Road, Tong, Tongzhou District, Wanli WellTown, Beijing, Beijing, 101100",39.8610590,116.6725350,chunithm;maimai_dx;taiko,,ziv
PKPARTYKING贵阳观山湖万达店,贵州省贵阳市观山湖区万达广场1BF-AB号,,,maimai_dx,,wahlap
PLAY-ONE家庭娱乐中心六安银泰店,安徽省六安市金安区银泰百货2楼PLAY-ONE家庭娱乐中心,,,maimai_dx,,wahlap
PLAYCE乐顽星电玩（京西大悦城店）,"B1-13/14/15, Joy City Jingxi Shopping mall, Shijingshan District, Beijing, 北京 (Beijing), 100100",39.9239973,116.1769950,maimai_dx;other;taiko,,ziv
PLAYCE插电师 (王府井银泰店),"王府井银泰in88 2楼, Beijing, 100010",39.9148584,116.4055625,chunithm;iidx;maimai_dx;other;sdvx;taiko,,ziv
PLAYCE插电师电玩（芳圆里店）,"东四环中路189号芳圆里ID MALL L3北侧meland club旁, Beijing, Beijing, Beijing, 100025",39.8885722,116.4819847,taiko,,ziv
playone武汉菱角湖万达店,湖北省武汉市江汉区唐家墩菱角湖万达广场2层playone,,,maimai_dx,,wahlap
PPG潮玩汇九江店,江西省九江市浔阳区联盛九龙广场五楼PPG潮玩汇,,,maimai_dx,,wahlap
PPG潮玩汇兰州店,甘肃省兰州市城关区东方红广场广场南路8号G层,,,maimai_dx,,wahlap
PPG潮玩汇大同平城店,山西省大同时平城区绿地缤纷汇8号楼哈尼鹿家庭成长中心,,,chunithm;maimai_dx,,wahlap
PPG潮玩汇天津大悦城店,天津市南开区南门外大街大悦城南区四楼,,,chunithm,,wahlap
Quantum Space (量子空间顺义锦荟港),"3F, Jinhui Port, Shunyi District, Beijing, Beijing, China, Beijing, Beijing, 101300",40.1251872,116.6417066,maimai_dx,,ziv
Quantum Strategy (量子攻略北京大兴旧宫店),"No.1 Zhongliang Road, Vanke Plaza, 5th Floor, Jiugong, Daxing Di, Daxing District, Beijing, Beijing, 102600",39.8043754,116.4533268,maimai_dx,,ziv
Quantum Strategy (量子攻略金隅嘉品Mall店),"3F, No.38 Dongba Middle Road, Jinyu Jiapin Mall, Chaoyang Distri, Beijing, China, Beijing, Beijing, 100020",39.9502572,116.5422293,maimai_dx;taiko,,ziv
Quart Gaming 夸特游艺（望京店）,"3F, Captial Land Shopping Mall(凯德广场), Guangshun North No.33, Chaoyang District, Beijing, Beijing, 100102",39.9916866,116.4622686,chunithm;maimai_dx;taiko,,ziv
Quart Gaming 夸特游艺（西北旺店）,"4th Floor, MixC Mall Xibeiwang Branch, Haiding District, Beijing, Beijing, 100080",40.0483859,116.2541489,maimai_dx;other,,ziv
Quart World 夸特游艺（北苑店）,"北苑Longfor Paradise WalkZone A4FWest Side, Chaoyang District, Beijing, Beijing, 100012",40.0413600,116.4323600,maimai_dx,,ziv
Quart World 夸特游艺（长楹店）,"3rd Floor, West Zone, Changying Paradise Walk Shopping Mall, Chaoyang District, Beijing, Beijing, 100024",39.9230669,116.5930084,maimai_dx;other,,ziv
Quart World 夸特游艺（门头沟店）,"No.17 Xincheng East Street, Building 2, Longfor Chang'an Paradis, Mentougou District, Beijing, Beijing, 102300",39.9040082,116.1170345,chunithm;maimai_dx,,ziv
Quartsug Land 夸特糖乐园 (Fangshan),"3F Fangshan Longfor Paradise Walk Mall, Fangshan District, Beijing, Beijing, 102488",39.7441900,116.1341300,maimai_dx;taiko,,ziv
Rainbow Trendy Entertainment 润宝梦想潮玩 (龙湖天街),"4 Floor, Shopping Loonghu Xi'an Weiyang Paradise Walk, (西安龙湖未央天街4楼), Xi'an, Shannxi, 710000",34.3465055,108.9807594,chunithm;maimai_dx;taiko,,ziv
Rainforest 热带雨林超乐场（丰科万达3F）,"丰科路6号丰科万达广场3层, Fengtai District, Beijing, 100070",39.8230616,116.2931041,maimai_dx;other,,ziv
Rich Stars 夹米星球（昌平悦荟）,"5th Floor, mosaic Mall (Beijing Branch) , Nanhuan Road,, Changping District, Beijing, Beijing, 102000",40.2111132,116.2333181,maimai_dx;other;taiko,,ziv
RNPPIE PARK 运动潮玩馆（惠州高谷仓店）,惠州市惠城区鑫月金中环广场鑫月高谷仓4F,,,maimai_dx,,wahlap
SaturneyMusicHouse重庆大学城店,重庆市沙坪坝区大学城熙街3期2栋2012SaturneyMusicHouse,,,maimai_dx,,wahlap
SEER PARTY仙桃吾悦广场店,湖北省仙桃市前通路与新城大道交汇处吾悦广场三楼,,,maimai_dx,,wahlap
Sheng'ao Elite Arcade,"F3, Ruijin Shopping, Chenchang Road, Beichen District, Tianjin, Tianjin, 300400",39.1988372,117.1139166,other,,ziv
SOLOPARK天津大悦城店,天津市南开区南门外大街2号天津大悦城购物中心3F-73/95/96/97/98/99/A01/A02号商铺,,,chunithm,,wahlap
SONY Playstation（北京世纪金源店）,"B1 Floor, East Area, Century Golden Resources Shopping Center, H, Haidian District, Beijing, Beijing, 100080",39.9574420,116.2839380,taiko,,ziv
SSG电玩浙江金华店,浙江省金华市婺城区三江街道李渔路888号金华世贸城市广场3楼SSG电玩,,,maimai_dx,,wahlap
STAR LEGEND 星际传奇 (东坝万达店),"No.25 Dongba Middle Road, Dongba Wanda Plaza, 3F, Room A, Chaoya, Chaoyang District, Beijing, Beijing, 100018",39.9613659,116.5427542,other,,ziv
STAR LEGEND星际传奇北京丽泽天地店,"丽泽天地购物中心3楼, Beijing, 100161",39.8664318,116.2993204,maimai_dx;other,,ziv
StarLegend星际传奇(MOMOPARK),"F3-9-10, MOMO PARK Shopping Center, No. 216 Xiaozhai West Road, (置地时代MOMO PARK F3-9-10), Xi'an, Shannxi, 710068",34.2239453,108.9291855,other;taiko,,ziv
Super all day 潮玩街区,"4F, Henglong Plaza, No.166 Xingan Road, Xiaobailou Subdistrict, Heping District, Tianjin, Tianjin, 300041",39.1271620,117.1939680,chunithm;maimai_dx,,ziv
SUPER ALL DAY 潮玩运动街区（金台万达）,"5th Floor, Wanda Plaza,, Jintai District, Baoji City, Shaanxi Province, 721000",34.3596455,107.1744633,maimai_dx,,ziv
Super Constellation超级星座(万宴城),"3rd Floor, Wanyan City Mall, No. 222 Jiefang North Road, Tiansha, (乌鲁木齐天山区解放北路222号万宴城3楼), Ürümqi, Xinjiang Uygur Autonomous Region, 830002",43.7932705,87.6185310,maimai_dx;other,,ziv
super101万家丽八楼店,湖南省长沙市芙蓉区万家丽8楼101电玩,,,maimai_dx,,wahlap
super101临沂兰陵店,山东省临沂市兰陵县开元广场4楼super101,,,maimai_dx,,wahlap
super101乐清南虹店,浙江省温州市乐清市南虹广场二楼super101,,,maimai_dx,,wahlap
Super101呼和浩特新城店,内蒙古自治区呼和浩特市新城区网红街19号口电玩城,,,maimai_dx,,wahlap
super101日照万象汇店,山东省日照市东港区秦楼街道烟台路176号华润万象汇LG-120-2,,,maimai_dx,,wahlap
super101昆明店,云南省昆明市盘龙区北京路同德广场负一层super101,,,chunithm,,wahlap
super101湛江赤坎店,广东省湛江市赤坎区印象汇三楼,,,maimai_dx,,wahlap
SUPER101潮漫北流店,广西壮族自治区玉林市北流市北流万达3F-B ，SUPER101,,,maimai_dx,,wahlap
super101潮漫电玩宜昌宜都万达店,湖北省宜昌市宜都市万达广场二楼super101潮漫电玩,,,maimai_dx,,wahlap
super101诸暨万风新天地店,浙江省诸暨市万风新天地东楼负一层super101潮漫,,,maimai_dx,,wahlap
super101青岛崂山店,山东省青岛市崂山区丽达广场super101,,,chunithm,,wahlap
super101青岛胶州宝龙店,山东省青岛市胶州市宝龙广场三楼super101电玩城,,,chunithm;maimai_dx,,wahlap
superallday潮玩街区十堰茅箭店,湖北省十堰市茅箭区丰融集市3楼superallday潮玩街区,,,chunithm;maimai_dx,,wahlap
superallday潮玩街区和平恒隆广场店,天津市和平区兴安路恒隆广场4楼4030superallday潮玩街区,,,chunithm;maimai_dx,,wahlap
SUPERBUDDY常州天宁华润店,江苏省常州市天宁区离宫路329号华润国际花园100栋常州万象城四楼L459,,,chunithm;maimai_dx,,wahlap
SUPERBUDDY成都锦江光环店,四川省成都市锦江区东大路333号光环购物公园A馆负一楼03铺SUPERBUDDY超级乐园,,,maimai_dx,,wahlap
SuperPlayer 大玩家 (万达广场金牛店),"金牛区环路北三段1号万达广场金牛店万达百货2层, Chengdu Shi, Sichuan Sheng, 610081",30.6890575,104.0714490,other,,ziv
SuperPlayer 大玩家 (延安万达),"L3, Wanda Plaza, Yanhe West Road, Yan'an 延安市, Shannxi 陕西省, 716000",36.5975188,109.4839203,other,,ziv
SuperPlayer 大玩家 (延安红街万达),"D0208, Wanda Plaza, Yan'an Red Street, No.15 Fangta Road, Yan'an 延安市, Shannxi 陕西省, 716000",36.5657454,109.5121801,other,,ziv
SuperPlayer 大玩家超乐场 (榆林万达),"3rd floor, Wanda Shopping Mall(万达广场), 长兴路, Yulin 榆林市, Shannxi 陕西省, 719000",38.2461557,109.7469970,other,,ziv
SuperPlayer大玩家 (拉萨城关万达),"2nd Floor, Wanda Plaza, No. 1, Najin East Road, Chengguan District, Lhasa, Tibet, 850032",29.6595848,91.1798211,maimai_dx;other,,ziv
SuperPlayer大玩家 (西湖万达店),"Yun Jin Lu, Nanchang Shi, Jiangxi Sheng, 330009",28.6363910,115.8538343,maimai_dx;other,,ziv
SuperPlayer大玩家超乐场 (杨凌万达),"3rd Floor, Wanda Plaza, Yangling District, (杨凌区万达广场3F大玩家), 咸阳市 Xianyang City, 陕西省 Shannxi Province, 712100",34.2670766,108.0913399,maimai_dx;other;taiko,,ziv
SuperPlayer大玩家超乐场 (渭南万达),"2F-B, 2nd Floor, Wanda Plaza, (渭南市万达广场2层大玩家), 渭南市 Weinan City, 陕西省 Shannxi Province, 714000",34.5042402,109.4483976,other,,ziv
SuperPlayer大玩家超乐场(大明宫万达),"2nd floor, Wanda Plaza(Daming Palace),Fengcheng 1st Road No.369,, 凤城一路369号大明宫万达广场二楼, Xi'an City, Shannxi Province, 710000",34.3174191,108.9681047,maimai_dx;other,,ziv
SuperPlayer大玩家超乐场(民乐园万达),"Wanda Plaza(Minleyuan), jiefang road, 五路口, 西安市, 陕西省(Shaanxi Province), 710000",34.2696479,108.9594519,other,,ziv
SuperPlayer大玩家超乐场(西安大融城),"3rd floor, IMIXPARK Shopping(大融城),未央路, Weiyang District, Xi'an, Shannxi, 710000",34.3395604,108.9443724,maimai_dx;other,,ziv
SuperPlayer大玩家超乐场(高新万达),"2F-B floor, Wanda Plaza(Gaoxin Palace),Mutazhai West Road No.719, 木塔寨西路719号高新万达广场二楼2F-B, Xi'an City, Shannxi Province, 710065",34.2103826,108.8860613,other,,ziv
SuperPlayer大玩家超乐场（咸阳秦都万达）,"2nd Floor, Wanda Plaza, No. 29 Renmin West Road, Qindu District, (人民西路29号万达广场二楼), Xianyang (咸阳市), Shannxi (陕西省), 712000",34.3371197,108.6955555,maimai_dx;other;taiko,,ziv
The one电玩城嘉兴桐乡店,浙江省嘉兴市桐乡市梧桐街道公园路22号万嘉中心2楼电玩城,,,maimai_dx,,wahlap
Tianfuhong Shopping Centre,"JinjiangNo.18, Dongyu Street, ChengDu, Sichuan",30.6582046,104.0647316,chunithm;maimai_dx;other;taiko,,ziv
TKZC 天空之城 (汉中吾悦),"3rd Floor, Wuyue Plaza, Shayan Road, Xixin St,, (汉中吾悦广场三楼), Hanzhong City 汉中市, Shannxi 陕西省, 723000",33.0748391,106.9904208,maimai_dx,,ziv
Tom's World 汤姆熊欢乐世界(西安立丰城LECITY),"5th Floor, LECITY, No.151 Zhangba East Road, (丈八东路151号立丰城5楼), Xian, Shaanxi, 710000",34.1981731,108.8990271,other;taiko,,ziv
Tom's World 汤姆熊欢乐世界(西安阳光城),"B1 Floor, Sunshine City Shopping, No. 60 Boshi Road, Gaoxin Yant, (博士路60号西安阳光天地60号), Xi'an, Shaanxi, 710075",34.1724019,108.8637963,other;taiko,,ziv
Top City佛山祖庙店,广东省佛山市祖庙街道祖庙路29NOVA岭南站6楼Top City,,,maimai_dx,,wahlap
Top Player 大玩家（西铁营万达店）,"西铁营中路1号院万达广场4层东侧, Fengtai District, Beijing, 100069",39.8593531,116.3496869,maimai_dx;other;taiko,,ziv
TOPTOP未来战场聊城东昌府万达店,山东省聊城市东昌府区万达广场四楼TOPTOP未来战场,,,maimai_dx,,wahlap
TOP玩家宁夏银川店,宁夏回族自治区银川新华百货CCpark三层3C02铺TOP玩家家庭娱乐中心,,,maimai_dx,,wahlap
Trendyplay杭州西湖店,浙江省杭州市西湖区三墩镇龙湖紫荆天街3楼,,,maimai_dx,,wahlap
UFOCENTER广州从化欣荣店,广东省广州市从化区欣荣时尚广场A区B栋2楼UFO-CENTER,,,maimai_dx,,wahlap
ULAND公主岭荣超金未来店,吉林省公主岭市荣超金未来8号楼ULAND家庭娱乐中心,,,maimai_dx,,wahlap
U享魔方兴义星悦茂店,贵州省黔西南布依族自治州兴义市云南路星悦茂地下商业街a区U享魔方,,,maimai_dx,,wahlap
V-Play Party,"Room 106, 1st Floor, Dahongmen Group Shopping Plaza,, (大红门购物广场1楼106), Hanzhong 汉中市, Shannxi 陕西省, 723000",33.0789498,107.0241442,other,,ziv
V-play潮玩重庆时代天街店,重庆市渝中区石油路时代天街C馆四楼潮玩运动街区,,,maimai_dx,,wahlap
VPLAY潮玩百色右江爱琴海店,广西百色市右江区龙景街道爱琴海购物公园三楼潮玩,,,maimai_dx,,wahlap
V动地带兴城兴隆大家庭店,辽宁省兴城市兴隆大家庭五楼V动地带电玩城,,,maimai_dx,,wahlap
Wanda Kids 宝贝王（丰科万达2F）,"2F, Fengke Wanda Plaza, Fengtai District, Beijing, Beijing, 100071",39.8234685,116.2936929,other;taiko,,ziv
Wanda Kids 宝贝王（昌平沙河万达）,"Shahe Wanda Plaza, 3F Southwest Corner, Changping District, Beij, Changping District, near Zhuxinzhuang Station, Beijing, Beijing, 102206",40.1070000,116.3080000,maimai_dx;other,,ziv
Wanda Kids 宝贝王（通州万达2F）,"新华西街58号万达广场(通州店)3F东侧, Tongzhou District, Beijing, Beijing, 101101",39.9045310,116.6358140,chunithm;jubeat;maimai_dx;other;taiko,,ziv
Who Are You 虎阿游 (咸阳秦都万达),"L3, Wanda Plaza, No. 29 Renmin West Road, Qindu District, (人民西路29号万达广场三楼), Xianyang, Shannxi, 712000",34.3390510,108.6950290,maimai_dx,,ziv
Who Are You 虎阿游 (渭南万达),"2nd Floor, Wanda Plaza (渭南市万达广场2层), 渭南市 Weinan City, 陕西省 Shannxi Province,, 714000",34.5044391,109.4477588,maimai_dx;other,,ziv
Wind and Fire Wheels (风火轮电玩),"F43, First Floor, MINSUN Plaza, Dongda Street Luomashi No.1, 步行街钟楼民生百货云景坊1楼, Xi'an, Shaanxi, 710000",34.2606348,108.9461240,other,,ziv
WONDERLAND家庭娱乐中心沈阳和平鹿特丹万芊荟店,沈阳市和平区长白南路212号鹿特丹万芊荟三楼305,,,maimai_dx,,wahlap
X-in空间·动漫体验中心 (宝鸡高新天下汇),"4th Floor, Tianxiahui, Gaoxin Avenue, Maying Town, Huayin Distri, (马营镇高新大道天下汇四楼), Baoji, Shannxi, 721000",34.3471034,107.2241163,maimai_dx;other,,ziv
X-in空间·动漫体验中心 (西安金辉广场),"Shop F0173, 1st Floor, Jinhui Plaza, No. 885 Yanta South Road, Q, (雁塔南路885号金辉广场一楼), Xi'an, Shannxi, 710061",34.1825271,108.9599240,chunithm;maimai_dx;other;taiko,,ziv
X-in空间西安雁塔金辉广场店,陕西省西安市雁塔区雁塔南路885号金辉广场01-F01-73号,,,chunithm;maimai_dx,,wahlap
XAMG 幻乐坊,"Xingzhengyuan Shopping, near the Zhonglou (Bell Towel) Metro Station, Line 6, Xi'an 西安市, Shannxi 陕西省, 710000",34.2603289,108.9467382,chunithm;ddr;gitadora;iidx;jubeat;maimai_dx;other;popn;sdvx;taiko,,ziv
Xin基地成都青羊日月大道店,四川省成都市青羊区日月大道一段978号一栋3层3号X.in基地,,,maimai_dx,,wahlap
Xin空间宝鸡高新店,陕西省宝鸡市渭滨区高新大道高新天下汇4楼Xin空间动漫游戏体验中心,,,maimai_dx,,wahlap
X³-Play 炫次方 (万丰海岸城),"E515, 万丰海岸城BlockA, Wanfeng Community,, Xinqiao Subdistrict, Bao'an District, Shenzhen, Guangdong, 518000",22.7162263,113.8158542,chunithm;maimai_dx;other,,ziv
X机地重庆巴南万达广场店,重庆市巴南区渝南大道万达广场3楼X机地,,,maimai_dx,,wahlap
X街区X-block太原晋源店,山西省太原市晋源区长风国贸第六馆A006号X街区X-block,,,maimai_dx,,wahlap
YiXiQingShan Experience Store (一袭青衫-二次元体验中心),"No.1007-1009, 1st Floor, E2 Block, Dahua1935, Taihua South Road., 太华南路大华1935商城E2馆一层1007-1009室, Xi'an City, Shannxi Province, 710000",34.2862528,108.9693221,maimai_dx,,ziv
YOLO 悠乐哒 (新业坊店),"1F, Building 9, Xinyefang, No.1328 Yixian Road, Baoshan District, Baoshan District, Shanghai, Shanghai, 201900",31.3197493,121.4790699,chunithm;maimai_dx;other;taiko,,ziv
YumeWorld上海徐汇万科店,上海市徐汇区万科广场二楼,31.1597576,121.4271284,maimai_dx;other,,wahlap;ziv
ZhuaBei抓呗电玩(西安碑林),"东大街骡马市1号楼民生百货L1, First Floor, MINSON Plaza, Luomashi, Xi'an City, Shannxi Province, 710000",34.2598057,108.9457297,maimai_dx;other,,ziv
π客联盟赤峰松山万达店,内蒙古赤峰市松山区万达广场3楼π客联盟,,,chunithm,,wahlap
【即将开业】E享空间北京新华百货CCmall店,"L6, Xinhua Department Store CC Mall (Xinjiekou Branch), No. 1 Xi, Xicheng District, Beijing, 100032",39.9459863,116.3650631,maimai_dx;other,,ziv
一七八电玩城 Arcade 178 ༡༧༨ གློག་རྩེད་ཁང་།,"3F, Gongbu Farmers’ Market, Zangda Middle Road, Lhasa, Tibet, 850021",29.6478199,91.1595288,other,,ziv
一乐马丁宁波慈溪店,浙江省宁波市慈溪市白沙街道新河坊云泰park 26号楼三楼,,,maimai_dx,,wahlap
一乐马丁宁波镇海店,浙江省宁波市镇海区庄市街道万科广场3楼一乐马丁,,,maimai_dx,,wahlap
一号机长邵阳洞口步步高店,湖南省邵阳市洞口县金坪路步步高凰腾新天地2楼一号机长,,,maimai_dx,,wahlap
一号机长长沙岳麓店,湖南省长沙市岳麓区茶子山东路112号凯德一中心L2一号机长,,,maimai_dx,,wahlap
一号机长阜阳太和万达店,安徽省阜阳市太和县太和大道万达广场3F一号机长,,,maimai_dx,,wahlap
一号玩家阳江阳西凯旋店,广东省阳江市阳西县凯旋广场4楼一号玩家,,,maimai_dx,,wahlap
一同潮玩 Ace Play,"梅江区三角镇金燕大道109号, 梅州市 Meizhou, 广东省 Guangdong Province, 514071",24.2744012,116.1307425,maimai_dx;other,,ziv
一同潮玩AcePlay东莞店,广东省东莞市塘厦镇天虹购物中心4楼一潮同玩AcePlay,,,maimai_dx,,wahlap
一同潮玩AcePlay惠州博罗店,广东省惠州市博罗县罗阳镇天虹购物中心负一楼一同潮玩,,,maimai_dx,,wahlap
一同潮玩南昌旭辉店,江西省南昌市经开区蛟桥街道双港西大街旭辉Cmall4楼011号一同潮玩,,,maimai_dx,,wahlap
一同潮玩惠州惠城天益城店,广东省惠州市惠城区陈江街道天益城购物中心1期号门直上3楼001铺,,,maimai_dx,,wahlap
一同潮玩梅州梅江店,广东省梅州市梅江区江南金燕大道万达广场2楼一同潮玩,,,maimai_dx,,wahlap
一同潮玩深圳福田店,广东省深圳市福田区石夏北二街89号马成时代广场,,,maimai_dx,,wahlap
一同潮玩赣州南水君尚店,江西省赣州市南水街道君尚购物中心三楼一同潮玩,,,maimai_dx,,wahlap
一同潮玩连云港店,江苏省连云港市海州区灌通北路58号苏宁广场3楼301一同潮玩,,,maimai_dx,,wahlap
一同潮玩鹰潭天虹店,江西省鹰潭市月湖区天虹购物中心3楼3030铺,,,maimai_dx,,wahlap
一起玩呼和浩特玉泉凯德店,内蒙古呼和浩特市玉泉区凯德广场五楼一起玩家年华,,,maimai_dx,,wahlap
一起玩嘉年华保定莲池店,河北省保定市莲池区爱情广场三楼一起玩嘉年华,,,maimai_dx,,wahlap
一起玩天水秦州大城店,甘肃省天水市秦州区大城街道阳光饭店对面一起玩潮趣嘉年华,,,maimai_dx,,wahlap
一起玩天水麦积桥南店,甘肃省天水市市麦积区桥南五道街广场2楼一起玩潮趣嘉年华,,,chunithm;maimai_dx,,wahlap
一起玩家年华 17 PLAY（凯德广场诺和木勒店）,"5th Floor, CapitaMall, No.38 Ordos Street, Yuquan District, Hohhot, Inner Mongolia, 010031",40.7959530,111.6720128,maimai_dx;other,,ziv
一起玩家年华泰安爱琴海店,山东省泰安市爱琴海购物广场二楼一起玩嘉年华,,,maimai_dx,,wahlap
一起玩烟台龙口保利店,山东省烟台市龙口市南山路保利广场一起玩,,,maimai_dx,,wahlap
丁丁家庭娱乐中心威宁中驰奥特莱斯店,贵州省毕节市威宁县建设西路中驰奥特莱斯三楼,,,maimai_dx,,wahlap
丁丁家庭娱乐中心德阳旌阳区万达店,四川省德阳市旌阳区东湖街道庐山北路一段8号德阳万达广场13号楼商业广场3F-A-A,,,chunithm;maimai_dx,,wahlap
七号电玩城廊坊新天地店,河北省廊坊市大城县城新天地超市七号电玩城,,,maimai_dx,,wahlap
七彩天空杭州临安万华广场店,浙江省杭州市临安区万华广场二楼七彩天空,,,maimai_dx,,wahlap
七彩天空杭州临安锦北宝龙店,浙江省杭州市临安区锦北街道宝龙广场2楼七彩天空乐园,,,chunithm;maimai_dx,,wahlap
七彩天空杭州临安锦城财富店,浙江省杭州市临安区锦城街道钱王财富中心2楼七彩天空乐园,,,maimai_dx,,wahlap
七彩天空杭州临安青山湖宝龙店,浙江省杭州市临安区青山湖街道宝龙广场3楼七彩天空乐园,,,maimai_dx,,wahlap
七彩天空道里君康店,哈尔滨市道里区群力第六大道君康大厦负一层七彩天空电玩,,,maimai_dx,,wahlap
七彩拾光潮玩街区巴中通江店,四川省巴中市通江县壁州街道滨河路87号,,,maimai_dx,,wahlap
七彩潮玩聊城阳谷利客来店,山东省聊城市阳谷县利客来购物中心3楼七彩潮玩,,,maimai_dx,,wahlap
七星潮六安舒城万达店,安徽省六安市舒城县经济开发区龙津大道舒城万达商业广场商铺编号3F-3铺,,,maimai_dx,,wahlap
万德隆南阳镇平时代广场店,河南省南阳市镇平县万德隆时代广场店四楼万德隆超乐场,,,maimai_dx,,wahlap
万德隆漯河舞阳时代广场店,河南省漯河市舞阳县海南路与张家港路交叉口万德隆时代广场四楼万德隆,,,maimai_dx,,wahlap
万德隆邓州万德隆店,邓州市花洲街道办事处万德隆时代广场6楼,,,maimai_dx,,wahlap
万有引力沈阳欧亚长青城店,辽宁省沈阳市浑南区长青南街6甲号欧亚长青城,,,chunithm;maimai_dx,,wahlap
万有引力沈阳盛京大东城店,辽宁省沈阳市大东区东陵西路37号4f万有引力盛京大东城店,,,maimai_dx,,wahlap
万达宝贝王 Wanda Kid (金桥太茂广场店),"2F, Jinqiao Taimao Commercial Plaza, No.1882 Jingao Road, Pudong New District, Shanghai, Shanghai, 201206",31.2691245,121.6040308,maimai_dx;other,,ziv
万达宝贝王 Wanda Kids (上海浦江万达店),"3F, Wanda Plaza Pujiang, No.360 Yongyue Road, Pujiang Town, Minhang District, Shanghai, Shanghai, 201112",31.0296948,121.5072750,maimai_dx;other,,ziv
万达宝贝王义乌万达店,浙江省金华市义乌市稠江街道万达广场楼宝贝王二,,,maimai_dx,,wahlap
万达宝贝王家庭娱乐中心上海金桥太茂广场店,上海市浦东新区金桥太茂商业广场二楼宝贝王,,,maimai_dx,,wahlap
万达宝贝王宿州埇桥万达店,安徽省宿州市埇桥区银河三路万达二楼宝贝王,,,maimai_dx,,wahlap
万达宝贝王枣庄薛城万达店,山东省枣庄市薛城区万达广场一楼万达宝贝王,,,maimai_dx,,wahlap
三十六计苏州吴中店,江苏省苏州市吴中区郭巷街道清禾路888号歌林公园1号楼二层1201B,,,maimai_dx,,wahlap
三十六计苏州吴中永旺店,苏州市吴中区苏震桃路188号永旺梦乐城3层NO.366三十六计,,,chunithm;maimai_dx,,wahlap
三十六计苏州观前店,江苏省苏州市吴中区金枫路悠方购物中心2F218,,,maimai_dx,,wahlap
三华里x精致玩家广州花都店,广东省广州市花都区迎宾大道西24号三华里招商办,,,chunithm;maimai_dx,,wahlap
三声筋斗云gt鞍山万达店,辽宁省鞍山市立山区高新万达广场1b筋斗云,,,maimai_dx,,wahlap
上海汤姆熊正大乐城店,上海市徐汇区龙华中路7幢2层7-201至7-203室,,,maimai_dx,,wahlap
上海烈火游戏机娱乐有限公司,上海市静安区江宁路77号4楼,,,chunithm;maimai_dx,,wahlap
不二家欢乐世界大庆让胡路万达店,黑龙江省大庆市让胡路区万达广场3F-A,,,maimai_dx,,wahlap
不玩星球重庆大渡口新天泽店,重庆市大渡口区新天泽国际广场1F017室不玩星球,,,maimai_dx,,wahlap
世佳乐园石狮德辉广场店,福建省泉州市石狮市德辉广场7楼世佳乐园,,,chunithm;maimai_dx,,wahlap
世外星空游乐厅枣庄滕州银座店,枣庄市滕州银座2楼世外星空游乐厅,,,maimai_dx,,wahlap
世外星空濮阳华龙店,河南省濮阳市华龙区胜利路京开大道东南角世外星空游乐厅,,,maimai_dx,,wahlap
世宇乐园(大信旗舰店),"广东省中山市石岐区宏基路大信商业街尾, 中山市(Chungshan), 广东省 (Guangdong Province)",22.5359579,113.3830597,jubeat;other,,ziv
世宇乐园广州棠下店,"广州市中山大道188号棠下好又多超市1楼, 广州市(CANTON), 广东省 (Guangdong Province)",23.1251636,113.3791959,jubeat;other;taiko,,ziv
世纪嘉年华重庆开州店,重庆市开州区汉丰街道开州大道88号地一国际商业街D区22号,,,maimai_dx,,wahlap
世纪星球重庆开州店,重庆市开州区开州大道中段新世纪百货B区三楼世纪星球家庭娱乐中心,,,maimai_dx,,wahlap
世纪欢乐城朔州怀仁店,山西省朔州市怀仁市神隆生活广场四楼,,,maimai_dx,,wahlap
东方棕泉深圳福田店,广东省深圳市福田区金田路1001号金港豪庭,,,maimai_dx,,wahlap
东方英雄鞍山站前店,辽宁省鞍山市铁东区五道街60号东方英雄站前店,,,maimai_dx,,wahlap
中嘉动漫城毕节七星关创美国贸广场店,贵州省毕节市七星关区创美国贸广场二楼中嘉动漫,,,maimai_dx,,wahlap
中嘉动漫城毕节黔西花漾阳光城店,毕节市黔西市连城街道阳光城B区二楼中嘉动漫,,,maimai_dx,,wahlap
中嘉动漫曲靖麒麟花柯不夜城店,云南省曲靖市麒麟区益宁街道办事处花柯社区70花柯不夜城5栋,,,maimai_dx,,wahlap
中影星美晋城兰花城店,山西省晋城市兰花城四楼中影星美,,,maimai_dx,,wahlap
中潜潜水运动深圳南山店,广东省深圳市南山区桃园路田厦国际中心AB座2-3层中潜潜水运动有限公司,,,maimai_dx,,wahlap
丰华动漫湛江赤坎店,广东省湛江市赤坎区椹川大道376号湛江印象汇B1-29~33号丰华动漫,,,maimai_dx,,wahlap
临沂兰山星濠汤泉微度假酒店,山东省临沂市兰山区解放路29号星濠汤泉微度假酒店,,,maimai_dx,,wahlap
乐享潮玩安顺家家惠购物广场店,贵州省安顺市镇宁布依族苗族自治县顺立达财富广场家家惠购物广场二楼乐享潮玩电玩城,,,maimai_dx,,wahlap
乐其城柳州柳南万达广场店,广西柳州市柳南区柳邕路263号柳南万达广场三楼乐其城,,,maimai_dx,,wahlap
乐其潮玩南宁兴宁吾悦广场店,南宁市兴宁区吾悦广场三楼乐其潮玩,,,maimai_dx,,wahlap
乐其潮玩大同平城百盛星茂汇店,山西省大同市平城区星茂汇三层机动侠,,,maimai_dx,,wahlap
乐其潮玩柳州兴隆大厦店,广西壮族自治区柳州市城中区城中街道中山中路2号兴隆大厦负一层夹层,,,chunithm;maimai_dx,,wahlap
乐其潮玩玉林玉州东门店,广西壮族自治区玉林市玉州区东门商业广场负1层乐其潮玩,,,maimai_dx,,wahlap
乐其潮玩重庆酉阳翠屏山大道北店,重庆市酉阳县翠屏山大道北段8号乐其潮玩,,,maimai_dx,,wahlap
乐到底烟台福山万达店,山东省烟台市福山区万达广场三楼乐到底家庭娱乐中心,,,maimai_dx,,wahlap
乐动全城遵义仁怀方圆荟店,贵州省遵义市仁怀市盐津街道方圆荟BF-002乐动全城,,,maimai_dx,,wahlap
乐动时空西安雁塔碧乐城店,陕西省西安市雁塔区朱雀大街M3碧乐城街区负一层乐动时空,,,maimai_dx,,wahlap
乐宇电玩城山西大同店,山西省大同市平城区太和路重熙街交汇处太和汇城市广场3层,,,maimai_dx,,wahlap
乐客密码周口开元万达店,河南省周口市开元万达乐客密码,,,maimai_dx,,wahlap
乐掌门潍坊奎文店,山东潍坊市奎文区万达广场2楼乐掌门,,,maimai_dx,,wahlap
乐斗时代厦门湖里万达店,福建省厦门市湖里区仙岳路万达广场4666号302室乐斗时代,,,chunithm;maimai_dx,,wahlap
乐斗星空厦门集美店,福建省厦门市集美区诚毅大街361号和美天地商场1号门三楼L301号乐斗星空,,,chunithm;maimai_dx,,wahlap
乐斯尼乐园万宁万城店,海南省万宁市万城镇人民中路文化商业广场内一楼16号海洋乐园,,,maimai_dx,,wahlap
乐斯尼乐园乐东黄流龙腾金街店,海南省乐东黎族自治县君海湾龙腾金街商业区乐斯尼1层,,,maimai_dx,,wahlap
乐斯尼乐园屯昌宝真广场店,海南省屯昌县文化路286号宝真广场一楼,,,maimai_dx,,wahlap
乐斯尼乐园文昌耀龄广场店,海南省文昌市文城镇教育东路88号耀龄广场裙房商业2层F2-02铺位,,,maimai_dx,,wahlap
乐斯尼乐园昌江恒基广场店,海南省昌江黎族自治县石碌镇恒基广场乐斯尼乐园,,,maimai_dx,,wahlap
乐欣谷电玩汕头潮阳店,广东省汕头市潮阳区和平镇紫南路3号万欣广场3楼,,,maimai_dx,,wahlap
乐游悦动 (大港万达店),"3F, Wanda Plaza, No.305 Century Avenue, Gulin Street, Binhai New Area, Tianjin, Tianjin, 300271",38.8440660,117.4831240,maimai_dx;other;taiko,,ziv
乐游悦动天津河东爱琴海店,天津市河东区上杭街道爱琴海,,,maimai_dx,,wahlap
乐游悦动滨海万达店,天津市滨海新区万达广场三楼乐游悦动,,,maimai_dx,,wahlap
乐游悦动青岛黄岛吾悦店,山东省青岛市黄岛区滨海大道2888号吾悦广场c区2楼2018乐游悦动,,,maimai_dx,,wahlap
乐游悦动（远洋乐堤港店）,"3F, Ocean Levee Port (formerly Aegean Sea), No.160 Jinbin Avenue, Hedong District, Tianjin, Tianjin, 300000",39.1157470,117.2657650,maimai_dx;taiko,,ziv
乐游电子天津滨海新区万达店,天津市滨海新区古林街道世纪大道305号万达广场3楼次主-2,,,maimai_dx,,wahlap
乐游记丰台京盛时代店,北京市丰台区京盛时代广场4楼乐游记,,,maimai_dx,,wahlap
乐游记游戏体验中心,"4F, Jingsheng Shidai Shopping Center, Building 1 Hangtian Rencai, Fengtai District, Beijing, Beijing, 100071",39.8183706,116.1668871,maimai_dx,,ziv
乐满堂嘉兴南湖店,浙江省嘉兴市南湖区嘉兴八佰伴华府店二楼乐满堂,,,maimai_dx,,wahlap
乐满堂常州溧阳上河城店,江苏省溧阳市溧城街道平陵中路369号上河城二楼乐满堂,,,maimai_dx,,wahlap
乐满堂杭州富阳玉长城店,浙江省杭州市富阳区春秋北路271号玉长城商业广场二楼乐满堂,,,maimai_dx,,wahlap
乐满堂欢乐王国,江苏省常州市武进区湖塘镇路劲又一城一楼乐满堂欢乐王国,,,maimai_dx,,wahlap
乐满堂电玩常州武进吾悅广场店,江苏省常州市武进区人民路吾悅广场3楼,,,maimai_dx,,wahlap
乐满堂达州通川仁和店,四川省达州市通川区朝阳街道达州仁和春天仁和新城3楼乐满堂,,,maimai_dx,,wahlap
乐炫风上海静安大融城店,上海市静安区大融城2楼,,,maimai_dx,,wahlap
乐炫风福州闽侯永嘉天地店,福建省福州市闽侯县上街镇永嘉天地三楼乐炫风,,,maimai_dx,,wahlap
乐炫风福州鼓楼东百中心店,福建省福州市鼓楼区东街东百中心C馆负一楼乐炫风,,,chunithm;maimai_dx,,wahlap
乐炫风（静安大融城店）,"Room L240-6, Darongcheng, No.10, Lane 1111 Hutai Road, Jing'an D, Jing'an District, Shanghai, Shanghai, 200040",31.2814960,121.4202010,jubeat;maimai_dx;other;taiko,,ziv
乐玩U选常德武陵欢乐城店,湖南省常德市武陵欢乐城B馆1号门A1016乐玩U选,,,maimai_dx,,wahlap
乐玩U选常德澧县万达店,湖南省常德市澧县万达负一楼乐玩U选,,,chunithm;maimai_dx,,wahlap
乐玩之星武汉江汉店,武汉市江汉区万松街街道武展东路金崇光时肖广场特1号负一楼乐玩之星动漫体验城,,,maimai_dx,,wahlap
乐玩嘉年华许昌魏都吾悦广场店,许昌市魏都区天宝路吾悦广场三楼西,,,maimai_dx,,wahlap
乐玩基地广西百色新靖店,广西壮族自治州百色市靖西市新靖镇龙潭路9号广佰汇购物广场2楼乐玩机地游乐场,,,maimai_dx,,wahlap
乐玩客信阳天润店,河南省信阳市天润广场三楼乐玩客潮玩城,,,maimai_dx,,wahlap
乐玩客天润泰德广场店,广东省云浮市罗定市天润广场三楼乐玩客,,,maimai_dx,,wahlap
乐玩客揭阳普宁新天地店,广东揭阳市普宁市万泰新天地2楼乐玩客潮玩城,,,maimai_dx,,wahlap
乐玩客江北远东城店,重庆市江北区远东城b1乐玩客,,,maimai_dx,,wahlap
乐玩客泸州大世界店,四川省泸州市迎晖路2号大世界1楼乐玩客潮玩城,,,maimai_dx,,wahlap
乐玩客潮玩城 Fun Guest (云领天街店),"3F, Building A, Yunling Paradise Walk, No. 37 Yingbin Avenue, Jiulongpo District, Chongqing, Chongqing, 400039",29.5080344,106.4593340,maimai_dx,,ziv
乐玩客潮玩城合川,重庆市合川区财富广场2楼乐玩客潮玩城,,,maimai_dx,,wahlap
乐玩客潮玩城达州大竹店,四川省达州市大竹县煌歌广场一楼乐玩客潮玩城,,,maimai_dx,,wahlap
乐玩客潮玩城重庆三峡广场店,重庆市沙坪坝区三峡广场融信大厦二楼乐玩客潮玩城,,,maimai_dx,,wahlap
乐玩客遂宁射洪凯立广场店,四川省遂宁市射洪市平安街道凯立广场二楼乐玩客潮玩城,,,maimai_dx,,wahlap
乐玩客重庆两江龙兴店,重庆市两江新区龙湖龙兴天街2L乐玩客潮玩城,,,maimai_dx,,wahlap
乐玩客重庆云领天街店,重庆市九龙坡区龙湖云领天街3楼乐玩客潮玩城,,,maimai_dx,,wahlap
乐玩客重庆南岸万达店,重庆市南岸区江南大道8号南坪万达广场金街乐玩客潮玩城,,,maimai_dx,,wahlap
乐玩客重庆星汇天街店,重庆市九龙坡区石桥铺街道石杨路18号龙湖星汇天街A馆3楼01室乐玩客潮玩城,,,maimai_dx,,wahlap
乐玩客重庆梁平名豪店,重庆市梁平区梁平街道名豪商贸区中心广场1层乐玩客潮玩城,,,maimai_dx,,wahlap
乐玩客重庆观音桥店,重庆重庆市江北区观音桥街道大融城LG层乐玩客潮玩城,,,maimai_dx,,wahlap
乐玩客重庆金沙天街店,重庆市沙坪坝区金沙天街A管3楼-15号乐玩客潮玩城,,,maimai_dx,,wahlap
乐玩家黄石阳新铜锣湾店,湖北省黄石市阳新县阳新大道铜锣湾广场3F乐玩家超乐场,,,maimai_dx,,wahlap
乐玩新天地长沙麻石公园店,湖南省长沙市望城区mcc麻石公园二楼乐玩新天地,,,maimai_dx,,wahlap
乐界星耀潮玩空间滨州博兴碧乐城店,滨州市博兴县锦秋街道碧乐城三楼,,,maimai_dx,,wahlap
乐百惠资阳安岳店,四川省资阳市安岳县民族商业城乐百惠家庭娱乐中心,,,maimai_dx,,wahlap
乐立方大冒险丰台海户屯京东店,北京市丰台区海户屯京东MALL二层,39.8517093,116.3951897,maimai_dx;other,,wahlap;ziv
乐立方潮玩大兴龙玥城店,北京市大兴区亦庄科创五街38号院龙玥城一层FD0001乐立方潮玩,,,maimai_dx,,wahlap
乐维尼超乐场苏州相城店,江苏省苏州市相城区龙湖天街三楼乐维尼超乐场,,,maimai_dx,,wahlap
乐翻天承德双桥店,河北省承德市双桥区酒仙庙路2号乐翻天游乐城,,,maimai_dx,,wahlap
乐翻天游乐园,"承德市佟温路二号, 承德市（Chengde）, 河北省（Hebei）, 067000",40.9734372,117.9355261,iidx;other;taiko,,ziv
乐翻天邢台沙河中豪生活店,河北省邢台市沙河市南联路中豪生活广场店,,,maimai_dx,,wahlap
乐趣时代中山坦洲店,广东省中山市坦洲镇优越城购物中心3楼乐趣时代1.2卡,,,maimai_dx,,wahlap
乐趣时代桂林七星店,广西省桂林市七星区客世界商业广场3楼乐趣时代,,,maimai_dx,,wahlap
乐趣时代汕头星汇店,广东省汕头市东厦北路175号,,,chunithm;maimai_dx,,wahlap
乐趣时代贵港港北店,广西贵港市港北区贵城街道客世界三楼乐趣时代,,,maimai_dx,,wahlap
乐趣游戏空间郑州国贸店,河南省郑州市金水区花园路39号国贸360负一层1948街区乐趣游戏空间,,,maimai_dx,,wahlap
乐趣游戏空间郑州郑东店,河南省郑州市郑东新区平安大道197号永和时光里乐趣游戏空间电玩城,,,maimai_dx,,wahlap
乐迪队长邵阳武冈店,湖南省邵阳市武冈市铜保北路保利和盛堂3楼乐迪队长,,,maimai_dx,,wahlap
乐透城河南安阳吾悦广场店,河南安阳滑县城关街道吾悦广场3楼乐透城,,,maimai_dx,,wahlap
乐通天下汉中市洋店,陕西省汉中市洋县朱鹮广场二楼蔚蓝超市乐通天下,,,maimai_dx,,wahlap
乐逸超乐场包头青山万达店,内蒙古包头市青山区钢铁大街万达广场二楼乐逸超乐场,,,chunithm;maimai_dx,,wahlap
乐逸超乐场包头青山华联店,内蒙古自治区包头市青山区北京华联购物中心四楼乐逸超乐场,,,maimai_dx,,wahlap
乐逸超乐场广州增城店,广州市增城区新塘镇金海岸广场负一楼乐逸超乐场,,,maimai_dx,,wahlap
乐逸超乐场昆都仑包百步行街店,内蒙古包头市昆都仑区包百步行街乐逸超乐场,,,maimai_dx,,wahlap
乐酷汇电玩城,"SOLANA Blue Harbor Mall, Children's City, 1st Floor, East of Ice, Chaoyang District, Beijing, Beijing, 100125",39.9479334,116.4697374,gitadora;other;taiko,,ziv
乐酷电玩俱乐部(金源燕莎店),"Jinyuan Xinyansha Mall, 1 Yuanda Road, 5th Floor, BEIJING, Beijing Shi",39.9586480,116.2895215,gitadora;iidx;other;sdvx,,ziv
乐酷电玩景德珠山金鼎店,江西省景德镇市珠山区广场南路金鼎购物广场1楼,,,maimai_dx,,wahlap
乖乖鼠南平建阳店,福建省南平市建阳区建发悦城三楼乖乖鼠游乐园,,,maimai_dx,,wahlap
乖贝特大连瓦房店店,辽宁省大连市瓦房店市景翠路77号3楼斐卡影城对面电玩城,,,maimai_dx,,wahlap
乖贝特大连瓦房店长兴店,辽宁省大连市瓦房店市长兴岛景翠路77号斐卡影城三楼电玩城,,,chunithm,,wahlap
九州城梦乐园阳江阳东店,广东省阳江市阳东区始兴南路96号,,,chunithm;maimai_dx,,wahlap
九盈电玩台州南宫新天地店,浙江省台州市路桥区路桥街道南官新天地观澜上城47幢102-123室,,,chunithm,,wahlap
九盈电玩台州温岭店,浙江省台州市温岭市松门镇振兴路129号14幢3楼九盈电玩游戏厅,,,maimai_dx,,wahlap
事诚电玩重庆路万达店,长春市朝阳区重庆路1388号万达广场综合楼3F02,,,maimai_dx,,wahlap
事诚电竞长春万达店,吉林省长春市宽城区人民大街155号长春宽城万达场商业广场室内步行街1F层百1F11A号,,,maimai_dx,,wahlap
事诚电竞长春绿园车城万达店,长春市汽车开发区西湖大路与腾飞大路交汇车城万达广场购物中心A1-1#楼3F-A-,,,maimai_dx,,wahlap
云汇动感新疆阿图什店,新疆维吾尔自治区阿图什市云汇广场4楼,,,maimai_dx,,wahlap
云海汇成都锦江店,四川省成都市锦江区锦逸路76号,,,maimai_dx,,wahlap
五十一区天津市河西区环宇城店,天津市河西区解放南路环宇城3楼51区超级乐园,,,chunithm;maimai_dx,,wahlap
享区日照东港万达店,山东省日照市东港区秦楼街道万达广场三楼享区家庭娱乐中心,,,maimai_dx,,wahlap
京北智玩空间,"5F, Jingbei Department Store, 14 Fuqian St., Huairou District, Beijing, Beijing, 101422",40.3142172,116.6267502,chunithm;maimai_dx,,ziv
伍零动漫沈阳沈河店,辽宁省沈阳市沈河区中街路115号盛京百货大家庭4楼,,,maimai_dx,,wahlap
伟亿电玩城 WEIYI Arcade,"B1 Floor, Wangfujing Outlets Ruyi Town, Xincheng District, Hohhot, Inner Mongolia, 010090",40.8437977,111.7586616,other,,ziv
佐佐佑佑电玩城,"名城广场3F, 公园路163号, Wenzhou Shi, Zhejiang Sheng, 325100",28.0130744,120.6623617,drs;maimai_dx;other;sdvx,,ziv
你我家园宁德霞浦店,福建省宁德市霞浦县福宁大道88号s1幢方圆荟三层3001你我家园娱乐中心,,,maimai_dx,,wahlap
佳乐佳青龙泰丰广场店,秦皇岛市青龙满族自治县燕山路泰丰广场三楼B01,,,maimai_dx,,wahlap
偶予-大玩家卓展店,黑龙江省哈尔滨市道里区上海街99号卓展购物中心哈尔滨店B座二层2B010,,,maimai_dx,,wahlap
偶予动漫三亚天涯店,海南省三亚市天涯区胜利路胜利购物广场1楼,,,chunithm;maimai_dx,,wahlap
偶予潮玩潍坊潍城店,山东省潍坊市潍城区北宫西街清平路交叉口中百奥莱四楼偶予潮玩,,,maimai_dx,,wahlap
偶予潮玩社潍坊泰华城店,山东省潍坊市安丘市泰华城一期三楼偶予潮玩社,,,maimai_dx,,wahlap
偶予电玩 I GIVE Video Games (阳光城),"L4, Youyi Sunshine City, Jinlong Road, Longhua District 龙华区, Haikou City 海口市, Hainan Province  海南省, 570125",20.0263338,110.3202113,chunithm;maimai_dx;other;taiko,,ziv
偶予电玩 OHYO (海口友谊国贸城店),"3rd Floor, North Zone, Guomao Shopping Mall, Youyi Road, No. 21, Longhua District 龙华区, Haikou City 海口市, Hainan Province  海南省, 570125",20.0306127,110.3145144,chunithm;maimai_dx;other;taiko,,ziv
偶予电玩儋州大勇商场店,海南省儋州市大勇商场偶予电玩,,,maimai_dx,,wahlap
偶予电玩动漫体验中心(万家丽店),"99-101 Wanjiali Middle Road 1st Section B1 floor B42&B43-1, 长沙市芙蓉区东屯渡街道万家丽中路一段99-101号B1楼B42&B43-1号商铺, Changsha Shi, Hunan Sheng",28.1903146,113.0317426,other,,ziv
偶予电玩南通如东中央商场店,江苏省南通市如东县城中区中央商场2楼偶予电玩,,,maimai_dx,,wahlap
偶予电玩哈尔滨松北店,黑龙江省哈尔滨市松北区利民大道555号杉杉奥特曼莱斯3楼偶予电玩城,,,maimai_dx,,wahlap
偶予电玩哈尔滨道里凯德店,黑龙江省哈尔滨市道里区埃德蒙顿路38号凯德广场4楼21号,,,maimai_dx,,wahlap
偶予电玩梧州店,广西壮族自治区梧州市万秀区高旺路1号万达广场二楼偶予电玩,,,maimai_dx,,wahlap
偶予电玩海南陵水店,海南省陵水县椰林镇海韵广场4楼陵水椰林偶予电玩动漫体验中心,,,maimai_dx,,wahlap
偶予电玩海口龙华友谊国贸城店,海南省海口市龙华区友谊国贸城3fb38偶予电玩,,,chunithm;maimai_dx,,wahlap
偶予电玩海口龙华友谊阳光城店,海南省海口市龙华区友谊阳光城4楼偶予电玩,,,chunithm;maimai_dx,,wahlap
偶予电玩琼海嘉积春天广场店,海南省琼海市嘉积镇环球春天广场一楼偶予电玩城,,,maimai_dx,,wahlap
偶予电玩绥化海伦店,黑龙江省绥化市海伦市盛京百货大家庭四楼偶予电玩城,,,maimai_dx,,wahlap
偶予电玩青岛宝龙店,山东省青岛市即墨区宝龙广场四楼偶予电玩,,,maimai_dx,,wahlap
像素玩家南宁西南商都店,广西壮族自治区南宁市民生街道朝阳路29号西南商都地下一层66号,,,maimai_dx,,wahlap
元气之星徐州邳州中钰购物中心店,苏省邳州市中钰购物中心三楼元气之星,,,chunithm;maimai_dx,,wahlap
元气总动员 Happy Story (时代天街),"3rd Floor, Block B, 龙湖时代天街, No. 89 Hezuo Road, Pidu District 郫都区, Chengdu City 成都市, Sichuan Province 四川省, 611730",30.7545509,103.9200103,chunithm;maimai_dx;other;sdvx;taiko,,ziv
元气总动员成都仁和新城店,四川省成都市武侯区仁和新城购物中心5楼,,,chunithm,,wahlap
元气总动员成都双流北京华联店,四川省成都市双流区机场路常乐段辅路瑞晶酒店北京华联员工通道五楼 元气总动员,,,maimai_dx,,wahlap
元气总动员成都郫都时代店,四川省成都市郫都区时代天街三楼元气总动员,,,chunithm;maimai_dx,,wahlap
元气总动员成都锦江卓锦曼购店,四川省成都市锦江区枫树街2号卓锦曼购2楼元气总动员,,,maimai_dx,,wahlap
元气总动员成都龙泉驿店,四川省成都市龙泉驿区东安街道桃都大道中段666号龙湖东安天街A馆-3F-02号元气总动员,,,chunithm;maimai_dx,,wahlap
元气派对红河州开远店,云南省红河州哈尼彝族自治州开远市南正街元气派对,,,maimai_dx,,wahlap
元气满满 (益田假日),"3rd floor, Shopping Holiday World(益田假日购物中心), 长乐西路 No.166, Xincheng District, Xi'an, Shannxi, 710000",34.2703306,108.9684320,gitadora;maimai_dx;other;taiko,,ziv
元气满满广州白云万达广场店,广州市白云区万达广场2楼,,,maimai_dx,,wahlap
元气满满潮玩娱乐,"Zone West, Underground floor, Jinxing Plaza 金信广场, Fugu County 府谷县, Yulin 榆林市, Shannxi 陕西省, 719400",39.0405863,111.0493755,other,,ziv
元气潮玩社沧州河间同创百货店,河北省沧州市河间市同创百货元气潮玩社,,,maimai_dx,,wahlap
元气狗佛山南海金沙洲店,广东省佛山市南海区里广路2号金沙国际广场2楼元气狗电玩城,,,maimai_dx,,wahlap
兄弟动漫城德惠新东方购物中心店,吉林省德惠市新东方购物中心三楼兄弟动漫城吉林省德惠市新东方购物中心三楼兄弟动漫城,,,maimai_dx,,wahlap
光影未来成都武侯店,四川省成都市武侯区二环路南四段51号莱蒙都会3栋3楼3001BC,,,maimai_dx,,wahlap
光环乐源‌驻马店正阳锐思店,河南省正阳县锐思广场三楼光环乐源家庭娱乐中心,,,maimai_dx,,wahlap
光环乐源家庭娱乐中心新蔡保利店,河南省新蔡县保利广场三楼光环乐源家庭娱乐中心,,,maimai_dx,,wahlap
光环乐源家庭娱乐中心芒市财富中心广场店,中国云南省德宏傣族景颇族自治州芒市芒市财富中心一楼 光环乐源家庭娱乐中心,,,maimai_dx,,wahlap
克罗米星VR电玩1903店,云南省昆明市西山区公园1903店克罗米星VR电玩,,,maimai_dx,,wahlap
兔优塔潮玩汇连云港万达店,江苏省连云港市海州区万达广场3楼兔优塔潮玩汇,,,maimai_dx,,wahlap
兔优塔连云港嘉瑞宝广场店,江苏省连云港市连云区虚构街道嘉瑞宝广场2楼兔优塔潮玩汇,,,maimai_dx,,wahlap
兔子团苏州吴中万达店,江苏省苏州市吴中区石湖西路188号苏州吴中万达广场步行街3层娱乐3F-A,,,chunithm;maimai_dx,,wahlap
兔子团都市乐园苏州吴中店,江苏省苏州市吴中区木渎镇金山南路288号木渎影视城1号楼兔子团都市乐园,,,maimai_dx,,wahlap
全境方舟佛山三水店,广东省佛山市三水区万达广场3楼全境方舟,,,maimai_dx,,wahlap
全境方舟广州南沙店,广东省广州市南沙区黄阁镇悦方城3楼,,,maimai_dx,,wahlap
全境方舟深圳东门店,广东省深圳市罗湖区东门街道城东社区东门中路2010号信和东门商厦201（2楼整层）,,,maimai_dx,,wahlap
全境方舟深圳罗湖天河城店,广东省深圳市罗湖区东晓街道东晓社区布心路2018号粤海置地深圳天河城N205、N206、N207,,,maimai_dx,,wahlap
全境方舟萝岗万达店,广东省广州萝岗万达广场3楼全境方舟,,,maimai_dx,,wahlap
全球玩家苏州昆山店,江苏省苏州市昆山市昆山开发区景王东路1111阅荟商业广场1号楼3楼全球玩家电玩城,,,maimai_dx,,wahlap
全福元游乐园潍坊寿光洛城店,山东省潍坊市寿光市洛城全福元中心全福元游乐园,,,chunithm;maimai_dx,,wahlap
八爪娱 Have Fun,"L1-1020, Hengji Shopping Center Dongfeng Av., Weinan 渭南市, Shannxi 陕西省, 714000",34.5029670,109.4835770,other;taiko,,ziv
六代玩家 Player Gen6 (上海松江店),"2F East, Jiahong Daju Yinxianghui, No.41 Sibao Road, Sijing Town, Songjiang District, Shanghai, Shanghai, 201601",31.1181277,121.2561171,maimai_dx;other,,ziv
六代玩家 PlayerGen6 (上海嘉定南翔店),"L2 West, Zhongye Xiangteng City Plaza, Zhennan Road at Minzhu Ea, Jiading District, Shanghai, Shanghai, 201802",31.2976926,121.3184670,chunithm;maimai_dx;other;taiko,,ziv
六代玩家上海嘉定店,上海市嘉定区真南路4368弄3号2层中冶祥腾六代玩家,,,chunithm;maimai_dx,,wahlap
六代玩家上海松江店,上海市松江区泗泾镇泗宝路41号嘉宏·大橘印象荟六代玩家,,,maimai_dx,,wahlap
冒险岛深圳南山方大城店,广东省深圳市南山区西丽龙珠四路2号方大城购物中心三层冒险岛,,,maimai_dx,,wahlap
冒险岛郑州中原锦艺城店,河南省郑州市中原区棉纺路西36号锦艺城购物中心B区二层B2-16/17/18,,,maimai_dx,,wahlap
冰河世纪动漫城东莞华南摩尔店,广东省东莞市万江区华南摩尔D区三楼冰河世纪动漫城,,,maimai_dx,,wahlap
凤梨潮玩社南京环宇城店,江苏省南京市鼓楼区清凉门大街1号江苏省南京市鼓楼区北圩路中海环宇城3楼,,,maimai_dx,,wahlap
凯尔游艺淮安清江浦店,江苏省淮安清江浦区淮海南路727号永业梦乐广场三楼凯尔游艺,,,maimai_dx,,wahlap
创游星际喀什明升国际广场店,新疆维吾尔自治区喀什地区喀什市库木代尔瓦扎街道克孜勒都维路喀什明升国际广场5楼创游星际电玩,,,maimai_dx,,wahlap
利群商厦,"莱州, 山东省 (Shandong Province)",37.1814500,119.9422073,taiko,,ziv
加菲队长南昌九颂荟店,江西省南昌市南昌县莲塘镇银三角九颂荟商场2楼加菲队长,,,maimai_dx,,wahlap
加菲队长晋城阳城晶海广场,山西省晋城市阳城县风城镇右岸大道与秀泽交叉口晋城阳城晶海广场3层加菲队长,,,maimai_dx,,wahlap
动力99,"东莞市南城区鸿福路200号第一国际汇一城313-333, 东莞市(Dongguan), 广东省 (Guangdong Province)",23.0088655,113.7549520,gitadora;iidx;jubeat;other,,ziv
动感无限沧州店,河北省沧州市沧州商城二楼北区动感无限,,,maimai_dx,,wahlap
动感电玩中心宾隆店,贵州毕节市威宁县会展中心宾隆购物“动感,,,maimai_dx,,wahlap
动感街区铜仁沿河店,贵州省铜仁市沿河土家族自治县团结街道三桥乌江丽都13栋3楼动感街区,,,maimai_dx,,wahlap
动感街区黔南惠水店,贵州省黔南布依族苗族自治州惠水县涟江街道圆台庭院二楼动感街区,,,maimai_dx,,wahlap
动漫e族河源坚基广场店,广东省河源市源城区东埔街道越王大道坚基购物中心2F中庭动漫の族,,,maimai_dx,,wahlap
动漫E族益阳赫山印象汇店,益阳市赫山区桃花仑西路555号印象汇1楼,,,maimai_dx,,wahlap
动漫e族茂名电白万达广场店,广东省茂名市电白区万达广场3楼,,,maimai_dx,,wahlap
动漫前线凤阳府城店,安徽省凤阳县府城镇商贸城三楼,,,maimai_dx,,wahlap
动漫英雄禹州新一峰城市广场店,河南省禹州市新一峰城市广场动漫英雄电玩家庭娱乐中心,,,maimai_dx,,wahlap
动物也疯狂大理昆百店,云南省大理市昆百大泰业城3楼,,,chunithm,,wahlap
北京上地华联嘉贝乐,北京市海淀区农大南路1号院1号楼华联商厦上地店,,,maimai_dx,,wahlap
北京海淀嗨翻竞技体育乐园,北京市海淀区复兴路69号嗨翻竞技主题乐园,,,maimai_dx,,wahlap
区虫俱乐部成都天府麓山国际圣安德鲁店,成都市天府新区麓山大道麓山国际圣安德鲁9栋,,,maimai_dx,,wahlap
十三嘉年华四平铁东万达店,吉林省四平市铁东区沥山路万达广场三楼十三嘉年华,,,maimai_dx,,wahlap
十二星球上饶信州万达店,江西省上饶市信州区万达广场三楼十二星球,,,maimai_dx,,wahlap
十二星球南京建邺万达店,江苏省南京市建邺区万达广场二楼十二星球,,,maimai_dx,,wahlap
十二星球南京溧水万达店,江苏省南京市溧水区万达广场二楼十二星球,,,maimai_dx,,wahlap
十二星球岳阳华容店,湖南省岳阳市华容县西正街步步高新天地十二星球,,,maimai_dx,,wahlap
十二星球潮玩城吉首店,湖南省湘西自治州吉首市人民中路天虹购物中心四楼,,,maimai_dx,,wahlap
十二星球长沙望城店,湖南省长沙市望城区月亮岛街道银杉路与月亮岛路交汇处西南角长沙月亮岛天街,,,maimai_dx,,wahlap
十二星球长沙芙蓉店,湖南省长沙市芙蓉区东岸街道长沙龙湖天街3楼,,,maimai_dx,,wahlap
千哆啦三亚吉阳店,海南省三亚市吉阳区荔枝路01号乐天城千哆啦动漫体验工厂,,,maimai_dx,,wahlap
千机幻城番禺四海城店,广东省广州市番禺区汉溪大道东390号四海城商业广场东区F2层01铺,,,chunithm;maimai_dx,,wahlap
千麦电玩楚雄银座花园城店,云南省楚雄市永安路1号四季银座花园城商业广场负一楼B04号千麦电玩,,,maimai_dx,,wahlap
午夜战车杭州富阳店,浙江省杭州市富阳富春街道东方茂D座一楼午夜战车,,,maimai_dx,,wahlap
华录乐园(南昌新城吾悦店),"高新区京东大道与东元路交汇处新城吾悦广场3层, Nanchang Shi, Jiangxi Sheng, 330029",28.7120368,115.9719801,other,,ziv
华录乐园哈尔滨王府井店,黑龙江省哈尔滨市道里区群力王府井购物中心3楼华录乐园,,,chunithm;maimai_dx,,wahlap
华录乐园荣成九龙城店,威海市荣成市九龙城购物广场三楼3F-02,,,maimai_dx,,wahlap
华景潮玩沙坪坝万达店,重庆市沙坪坝区沙坪坝万达广场3F-3051A-3056A,,,maimai_dx,,wahlap
华欣动漫城上饶鄱阳店,江西省上饶市鄱阳县喜盈门·范城A区2楼,,,maimai_dx,,wahlap
南京风云再起常发广场店,江苏省南京市玄武区红山路88号常发广场3F风云再起,,,maimai_dx,,wahlap
南宁会展动漫城,广西壮族自治区南宁市青秀区民族大道106号南宁国际会展中心,,,maimai_dx,,wahlap
南梦园三亚金润阳光店,海南省三亚市天涯区河西路金润阳光三楼南梦园,,,maimai_dx,,wahlap
南通天空之城动漫电玩世界,"圆融广场3楼, Nantong Shi, Jiangsu Sheng, 226007",32.0043545,120.8845422,other,,ziv
南通风云再起,"南通印象城, Nantong Shi, Jiangsu Sheng, 226000",31.9873671,120.8877182,other,,ziv
卡乐比乐园,"G Floor 3G13-3G15, Zone 3, Shiboyuan, No.1368 Shibo Avenue, Pudong New District, Shanghai, Shanghai, 200126",31.1860043,121.4879794,maimai_dx;other;taiko,,ziv
卡乐比乐园上海浦东新区店,上海市浦东新区世博大道1368号世博源三区G层卡乐比乐园,,,maimai_dx,,wahlap
卡吉姆吉林昌邑店,吉林省吉林市昌邑区财富广场5层卡吉姆动漫,,,maimai_dx,,wahlap
卡奇部落沈阳大悦城店,辽宁省沈阳市大东区小东路9号大悦城购物中心D馆3楼D316,,,maimai_dx,,wahlap
卡奇部落达州达川升华店,四川省达州市达川区升华广场3楼卡奇部落,,,maimai_dx,,wahlap
卡奇部落达州通州店,四川省达州市通川区西外镇罗浮广场4楼卡奇部落,,,maimai_dx,,wahlap
卡希尔乐享汇成都金牛招商花园城店,四川省成都市金牛区金牛招商花园城4F卡希尔乐享汇,,,maimai_dx,,wahlap
卡希尔乐享汇淮南凤台凤凰环球港店,安徽省淮南市凤台县凤凰镇环球港2楼2018,,,maimai_dx,,wahlap
卡希尔乐享汇温州龙湾万达店,浙江省温州市龙湾区万达广场二楼卡希尔乐享汇,,,chunithm;maimai_dx,,wahlap
卡希尔乐享汇盐城爱琴海店,江苏省盐城响水爱琴海购物中心卡希尔乐享汇,,,maimai_dx,,wahlap
卡希尔乐享汇重庆北碚万达广场店,重庆北碚万达广场A1楼卡希尔乐享汇,,,maimai_dx,,wahlap
卡希尔乐享汇重庆奉节万达广场店,重庆市奉节县夔州西路万达广场2F次主-3号商铺,,,maimai_dx,,wahlap
卡希尔武汉光谷星悦广场店,湖北省武汉市东湖新技术开发区高新六路与流芳一路交叉口光谷星悦广场3F—01商铺,,,maimai_dx,,wahlap
卡希尔淮南寿县环球港店,安徽省淮南市寿县环球港卡希尔家庭娱乐中心,,,maimai_dx,,wahlap
卡希尔灌南恒基广场店,连云港灌南县新安镇恒基广场三楼卡希尔,,,maimai_dx,,wahlap
卡狸萌宜昌伍家岗长江店,湖北省宜昌市伍家岗区长江广场三楼,,,maimai_dx,,wahlap
卡迪龙合肥瑶海保利店,安徽省合肥市瑶海区郎溪路保利广场三楼,,,maimai_dx,,wahlap
卡通尼· Fun Forward（东莞大朗）,"L3, Lily Garden Mall(碧桂园里悦里购物中心), Mingzuo Plaza, Dalang Town, Dongguan, Guangdong, 523000",22.9363671,113.9224448,maimai_dx;other;taiko,,ziv
卡通尼东莞大朗店,广东省东莞市大朗镇名座广场项目里悦里购物中心商铺L3-001三楼卡通尼乐园,,,maimai_dx,,wahlap
卡通尼南京江宁店,江苏省南京市江宁区双龙大道1698号景枫中心三楼卡通尼,,,maimai_dx,,wahlap
卡通尼厦门思明店,福建省厦门市思明区嘉禾路468号SM广场3F-313铺位卡通尼乐园,,,maimai_dx,,wahlap
卡通尼杭州上城工联店,浙江省杭州市上城区延安路292号工联CC3楼309-310,,,maimai_dx,,wahlap
卡通尼武汉江夏永旺店,湖北省武汉市江夏区江夏永旺梦乐城三楼卡通尼乐园,,,maimai_dx,,wahlap
卡通尼武汉江岸永旺店,湖北省武汉市江岸区金桥大道15号永旺梦乐城3F卡通尼乐园,,,maimai_dx,,wahlap
卡通尼武汉金银潭店,湖北省武汉市东西湖区永旺金银潭店3F卡通尼乐园,,,maimai_dx,,wahlap
卡通尼渝北新光天地店,重庆市渝北区新光天地D区B1楼卡通尼乐园,,,maimai_dx,,wahlap
卡通尼苏州常熟永旺店,江苏省苏州市常熟市东南大道168号永旺梦乐城,,,maimai_dx,,wahlap
卡通尼靖江滨江新城店,江苏省靖江市滨江新城晨阳路81号印象城南面3楼卡通尼乐园,,,maimai_dx,,wahlap
卢比猩球文安红星美凯龙店,河北省廊坊市文安县文安镇红星美凯龙595号7-1-101卢比猩球,,,maimai_dx,,wahlap
印象邯郸道,河北省邯郸市丛台区邯郸道G309号,,,chunithm,,wahlap
印象邯郸道邯郸丛台店,河北省邯郸市丛台区邯郸道历史文化街区北区G111号,,,maimai_dx,,wahlap
即刻街区成都彭州沃尔玛店,四川省成都市彭州市金彭东路122号沃尔玛3楼即刻街区,,,maimai_dx,,wahlap
及放运动吉林丰满店,吉林省吉林市丰满区吉林大街1-2号欧亚综合体6楼及放运动潮玩空间,,,maimai_dx,,wahlap
反斗乐园广州花都融创茂店,广东省广州市花都区凤凰北路融创茂1号门2楼反斗乐园,,,maimai_dx,,wahlap
反斗乐园广州花都骏壹万邦店,广东省广州市花都区曙光路骏壹万邦3楼3401反斗乐园,,,maimai_dx,,wahlap
反斗乐园派长沙雨花星城店,湖南省长沙市雨花区中意一路与湘府路交叉口步步高星城天地L3-3046,,,chunithm;maimai_dx,,wahlap
反斗乐园深圳南山海岸城店,广东省深圳市南山区海岸城五楼,,,chunithm,,wahlap
反斗乐园深圳福田中心城店,广东省深圳市福田区福华一路怡景中心城UG层反斗乐园,,,maimai_dx,,wahlap
反斗乐园深圳福田华强北店,广东省深圳市福田区华强北街道君尚购物中心L511号铺,,,maimai_dx,,wahlap
反斗乐园深圳福田领展中心城店,福田区福田街道福华一路3号领展购物广场M层64B,,,maimai_dx,,wahlap
反斗乐园深圳龙华天虹店,广东省深圳市龙华区民治街道人民路2020号天虹购物中心三楼反斗乐园,,,maimai_dx,,wahlap
叮当次元长春宽城万达店,吉林省长春市宽城区上海路宽城广场3楼3023A,,,chunithm,,wahlap
可可猩球 COCO CHIMPA (天津南开大悦城),"2nd Floor, Joy City, Nankai District, Tianjin, Tianjin, 300100",39.1351701,117.1737170,chunithm;maimai_dx;other;taiko,,ziv
可可猩球 COCO CHIMPA (天津陆家嘴中心店),"L305-L306, Tianjin Lujiazui Center, No.25-29 Dafeng Road, Hongqiao District, Tianjin, Tianjin, 300102",39.1464750,117.1659140,maimai_dx,,ziv
可可猩球南开大悦城店,天津市南开区南门外大街大悦城北区2楼1号可可猩球电玩,,,chunithm;maimai_dx,,wahlap
可可猩球天津天河城店,天津市和平区哈尔滨道天河城4层401,,,maimai_dx,,wahlap
可可猩球天津红桥陆家嘴店,天津市红桥区大丰路2529号陆家嘴中心3层可可猩球,,,maimai_dx,,wahlap
可多梦北京丰台店,北京市丰台区南四环西路76号花乡奥莱村13号楼13101-B号,,,chunithm;maimai_dx,,wahlap
可多梦北京丰台花乡奥莱店,"1st Floor, Building 13, Huaxiang Outlet Village, Fengtai District, Beijing, Beijing, 100070",39.8263030,116.3180080,chunithm;maimai_dx;other,,ziv
可心可丽家庭娱乐中心银川兴庆砂之船奥莱店,银川市兴庆区丽景南街砂之船奥莱B馆2楼可心可丽家庭娱乐中心,,,maimai_dx,,wahlap
可爱抓 COCO GOTCHA（仁恒伊势丹店）,"B1 Floor, Building A, Renheng Isetan, Dongma Road, Nankai District, Tianjin, Tianjin, 300010",39.1366260,117.1849070,maimai_dx,,ziv
可爱淘家庭游乐中心石家庄藁城时尚汇,河北省石家庄市藁城区工业东路 78 号时尚汇地下步行街,,,maimai_dx,,wahlap
合家欢威海威高广场店,山东省威海市环翠区威高广场A馆四楼合家欢家庭娱乐中心,,,maimai_dx,,wahlap
合家欢青岛市北利群店,山东省青岛市市北区台东利群广场4楼(万达影城旁)合家欢家庭娱乐中心,,,chunithm;maimai_dx,,wahlap
合家欢青岛市北悦荟店,山东省青岛市市北区四方路悦荟广场3楼,,,chunithm;maimai_dx,,wahlap
合成电玩广州花都狮岭店,广东省广州市花都区狮岭镇合成村合成北三街1号楼3楼3-08、3-09之一合成电玩城,,,maimai_dx,,wahlap
合电占mega南京浦口店,江苏省南京市浦口区江北新区浦口大道8号东方万汇城北区2层合电占 7-215-2商铺,,,maimai_dx,,wahlap
合电占南京栖霞大融城店,江苏省南京市栖霞区中山门大街698号大融城3楼合电占,,,maimai_dx,,wahlap
合电占秦淮国际金融中心店,江苏省南京市秦淮区汉中路一号国际金融中心3楼,,,chunithm;maimai_dx,,wahlap
合电占金华义乌宝龙店,浙江省金华市义乌市青口宝龙广场合电占动漫娱乐空间,,,maimai_dx,,wahlap
吉合家庭娱乐中心烟台开发区万达店,烟台开发区万达广场三楼吉合家庭娱乐中心,,,chunithm;maimai_dx,,wahlap
吉合家庭娱乐中心西宁万达店,青海省西宁市城西区广场路1号海湖万达广场3号楼三层3F-A,,,maimai_dx,,wahlap
吉林市丰满区世宇乐园,吉林省吉林市吉林大街1~2号欧亚综合体三楼,,,maimai_dx,,wahlap
吉睿游艺北京海淀学清路店,北京市海淀区学清路8号三层吉睿游艺,,,chunithm;maimai_dx,,wahlap
吉睿潮玩 JIRUI Fashion Play（祥云小镇 Shine Hills）,"2F, Block 11, Shine Hills (Southern Zone), No.6 Antai Avenue, Shunyi District, Beijing, Beijing, 101318",40.0851804,116.5319716,maimai_dx;other;taiko,,ziv
吉睿潮玩北京顺义店,北京市顺义区安泰大街6号院11号楼祥云小镇二层吉睿潮玩,,,maimai_dx,,wahlap
吉睿潮玩朝阳凯德茂店,北京市朝阳区太阳宫中路12号凯德茂三层吉睿潮玩,,,maimai_dx,,wahlap
同欢潮玩东莞凤岗益田店,广东省东莞市凤岗镇龙平南路1号负1028室,,,maimai_dx,,wahlap
吾技动漫北京龙德广场店,北京市昌平区立汤路186号院龙德广场四层吾技动漫,40.0583739,116.4092172,chunithm;maimai_dx;taiko,,wahlap;ziv
吾爱玩济南历下店,山东省济南市历下区奥体西路3699号龙湖天街A馆三F01A吾爱玩潮玩体验中心,,,maimai_dx,,wahlap
呆毛熊泉州惠安店,福建省泉州市惠安县螺阳镇禹州商场二楼呆毛熊潮玩,,,maimai_dx,,wahlap
呆毛熊潮玩城厦门翔安店,福建省厦门市翔安区汇景广场负一楼b107呆毛熊潮玩城,,,maimai_dx,,wahlap
呆毛熊龙岩新罗万达店,福建省龙岩市新罗区双龙路1号A区A1幢万达广场3F-01,,,chunithm;maimai_dx,,wahlap
呱呱乐园 Happy Frog Games (航城里 Hangchengli),"Hangchengli Shopping Center, Intersection of Hangcheng Avenue an, Bao'an District 宝安区, Shenzhen City 深圳市, Guangdong Province 广东省, 518126",22.6099106,113.8446450,other,,ziv
呱呱乐园深圳宝安科兴店,广东省深圳市宝安区西乡街道劳动社区前海科兴科学园二楼呱呱乐园,,,maimai_dx,,wahlap
和音屋 x -Azisai- 北京店 立直麻将/音游,"七里庄路口向北附近（详见群内信息）, Beijing, Beijing, 100071",39.8530000,116.2950000,chunithm;ddr;gitadora;iidx;maimai_dx;nostalgia;popn;sdvx,,ziv
和音屋x出勤公司沈阳中街店,辽宁省沈阳市大东区津桥路3号新世界时尚广场4楼和音屋出勤公司,,,maimai_dx,,wahlap
和音屋合肥之心城环球中心,安徽省合肥市蜀山区三里庵之心城写字楼b座1501,,,maimai_dx,,wahlap
和音屋合肥蜀山环球中心店,安徽省合肥市蜀山区之心城环球中心B座1501,,,chunithm,,wahlap
和音屋成都武侯店,四川省成都市武侯区科华北路58号亚太广场C座1020和音屋,,,chunithm;maimai_dx,,wahlap
和音屋昆明世纪广场店,云南省昆明市五华区世纪广场C2幢17楼E号,,,chunithm;maimai_dx,,wahlap
和音屋深圳福田CBD店,广东省深圳市福田区金田路3038号现代国际大厦1502室,,,maimai_dx,,wahlap
咔嘻龙包头萨拉齐店,内蒙古自治区包头市土默特右旗萨拉齐镇果园路九号金街229号喜玛特超市一楼,,,maimai_dx,,wahlap
咔奇咔奇咸阳秦都万达店,陕西省咸阳市秦都万达2楼咔奇咔奇,,,chunithm;maimai_dx,,wahlap
咔奇咔奇石家庄裕华店,河北省石家庄市裕华区裕华万达三楼咔奇咔奇,,,maimai_dx,,wahlap
咕咕岛保定涿州君悦广场店,河北省保定市涿州市范阳东路君悦广场3层咕咕岛超级乐园,,,maimai_dx,,wahlap
咕咕岛儿童乐园保定涞源信誉商厦店,保定市涞源县信誉商厦一楼咕咕岛儿童乐园,,,maimai_dx,,wahlap
咕咕岛涿州京通大奥莱店,河北省涿州市京通大奥莱3楼咕咕岛超级乐园,,,maimai_dx,,wahlap
咕咕岛涿州范阳君悦广场店,河北省涿州市范阳路君悦广场3层,,,chunithm,,wahlap
咕咕鲨廊坊霸州海悦店,河北省廊坊市霸州市海悦广场3楼咕咕鲨超级乐园,,,maimai_dx,,wahlap
咕咕鲨超级乐园保定万博店,河北省保定市竞秀区万博广场三层南区咕咕鲨超级乐园,,,chunithm;maimai_dx,,wahlap
咖来乐济南万虹广场店,济南市历城区工业北路万虹广场2楼南侧,,,maimai_dx,,wahlap
咪乐派欢乐谷济南市中店,山东省济南市市中区十六里河街道领秀城贵和购物中心2楼,,,maimai_dx,,wahlap
哆力王国唐山丰南店,河北省唐山市丰南区港岛中心哆力王国,,,maimai_dx,,wahlap
哆哆咪电玩城贺州八步嘉年豪庭店,广西省贺州市八步区凤灵路51号哆哆咪电玩城,,,maimai_dx,,wahlap
哆啦乐图 DORALETU ★,"1st Floor, Zhonglou Wenshang Hotel, Beilin District, Xi'an, Shaanxi, 710000",34.2601937,108.9444047,chunithm;jubeat;maimai_dx;other;taiko,,ziv
哆啦乐图西安钟楼店,陕西省西安市碑林区骡马市60号文商大厦一层,,,chunithm;maimai_dx,,wahlap
哆啦星球西安雁塔小寨店,陕西省西安市雁塔区长安中路215号西旅国际一楼,,,maimai_dx,,wahlap
哇哇哇游乐城,"天河区天河路228号正佳广场7楼, Guangzhou Shi, Guangdong Sheng, 510623",23.1321722,113.3268987,drs;other;taiko,,ziv
哇哇哇游乐城,"广东省 / 广州市 / 天河区  天河路228号正佳广场7层7A001、7B002, Guangzhou City, Tianhe District, 48JG+VQ",23.1344651,113.3218021,chunithm;maimai_dx;other,,ziv
哇哇哇游乐城广州天河正佳店,广东省广州市天河区天河路228号正佳广场七楼,,,chunithm;maimai_dx,,wahlap
哈乐谷潮玩南宁朝阳店,广西南宁市百货大楼朝阳店南楼三楼,,,maimai_dx,,wahlap
哈哈科技动漫郑州郑东新商务中央公园店,郑州市郑东新区商务中央公园2号2号楼1层附4号,,,maimai_dx,,wahlap
哈奇乐园烟台金都百货店,山东省烟台市招远市金都百货6楼,,,maimai_dx,,wahlap
哈尔滨大玩家香坊万达店,黑龙江省哈尔滨香坊区衡山路17号万达广场三楼大玩家超乐场,,,maimai_dx,,wahlap
哈森梦台州温岭万达店,浙江省台州市温岭万达广场3楼哈森梦,,,maimai_dx,,wahlap
哈森梦宁波象山万达店,浙江省宁波市象山县万达广场二楼哈森梦,,,maimai_dx,,wahlap
哈森梦连云港灌云万达店,江苏省连云港市灌云县万达广场二楼哈森梦,,,maimai_dx,,wahlap
哈雷慧6号星球淄博高新店,山东省淄博市高新区银泰城三楼哈雷慧6号星球,,,maimai_dx,,wahlap
哈雷慧济南莱芜店,山东省济南市莱芜区文化南路001号,,,maimai_dx,,wahlap
哎呦玩家长春净月店,吉林省长春市南关区复地嘉年华广场A3A座十楼1002,,,maimai_dx,,wahlap
哒不溜赤峰松山万达店,内蒙古赤峰市松山万达广场三楼哒不溜欢乐王国,,,maimai_dx,,wahlap
哒卟溜欢乐王国南通海安万达店,江苏省南通海安万达广场2楼哒卟溜欢乐王国,,,maimai_dx,,wahlap
哒卟溜莆田涵江天虹店,福建省莆田市涵江区天虹水韵城三楼,,,maimai_dx,,wahlap
哒趣游乐场广州从化店,广东省广州市从化区江浦街道107号远达汇聚2楼,,,chunithm;maimai_dx,,wahlap
哩乐娱乐定州南城店,河北省定州市南城区宋街爱里路b-33-b-10,,,maimai_dx,,wahlap
唛乐岛泰迪熊家庭世界台州天台祥生世纪店,浙江省台州市天台县天台祥生世纪广场三楼,,,maimai_dx,,wahlap
唛乐岛绍兴新昌万达店,浙江省绍兴市新昌县万达广场三号门二楼唛乐岛,,,maimai_dx,,wahlap
唛乐岛超级电玩嘉兴龙鼎万达店,嘉兴市经开区龙鼎万达B座2楼唛乐岛超级电玩,,,maimai_dx,,wahlap
啪啪熊乐园6号营地,"龙岗区宝能城市广场4楼, Shenzhen Shi, Guangdong Sheng, 518172",22.7249799,114.2481858,other,,ziv
啵比特 BOBITE（上海浦江万达店）,"2F, Wanda Plaza Pujiang, No.360 Yongyue Road, Pujiang Town, Minhang District, Shanghai, Shanghai, 201112",31.0296768,121.5069277,chunithm;maimai_dx;other;taiko,,ziv
啵比特上海闵行浦江万达店,上海市闵行区永跃路360号浦江万达2层2F-A室啵比特家庭娱乐中心,,,chunithm;maimai_dx,,wahlap
啵比特动漫游乐世界温州瓯海店,浙江省温州市瓯海区梧田街道D1-201-1啵比特动漫游乐世界,,,maimai_dx,,wahlap
啵比特动漫游乐世界绍兴越城店,浙江省绍兴市越城区府山街道解放北路199号三楼F3002,,,maimai_dx,,wahlap
喜漫游·潮玩中心 XMY.PLAY（上海临港蓝鲸世界店）,"Shop L3-49, Longguang Blue Whale World Shopping Center, Hucheng, Pudong New District, Shanghai, Shanghai, 201306",30.8983868,121.8921049,maimai_dx;other,,ziv
喜漫游上海浦东龙光蓝鲸店,上海市浦东新区龙光蓝鲸世界购物中心L3-49喜漫游,,,maimai_dx,,wahlap
喜漫游潮玩中心开封万达店,河南省开封市郑开大道万达广场二楼喜漫游潮玩中心,,,maimai_dx,,wahlap
喜魔方潮玩乐园,"旱河路京粮广场2层, Beijing, Beijing, 100097",39.9600000,116.2900000,taiko,,ziv
嗨fun天地太原尖草坪山姆士店,山西省太原市尖草坪区汇丰街道兴华街299号山姆士广场三层F3-016,,,chunithm;maimai_dx,,wahlap
嗨party洛阳泉舜店,河南省洛阳市洛龙区泉舜购物四楼,,,maimai_dx,,wahlap
嗨party洛阳西工万达店,河南省洛阳市西工区中州万达广场5楼嗨party运动娱乐中心,,,maimai_dx,,wahlap
嗨之星修水欢乐海岸店,江西省修水县欢乐海岸三楼嗨之星动漫,,,maimai_dx,,wahlap
嗨乐园安阳林州店,河南省安阳市林州市紫云街人民广场MALL一楼嗨乐园家庭娱乐中心,,,maimai_dx,,wahlap
嗨乐电玩三亚吉阳蓝海店,海南省三亚市吉阳区新风街261号蓝海购物广场C030号商铺嗨乐电玩,,,maimai_dx,,wahlap
嗨倍堂常州新北江南环球港店,常州市新北区衡山路江南环球港二楼嗨倍堂,,,maimai_dx,,wahlap
嗨倍堂超级乐园南通店,江苏省南通市海门区龙信广场3楼嗨倍堂超级乐园,,,maimai_dx,,wahlap
嗨倍堂长沙宁乡吾悦广场店,湖南省长沙市宁乡市白马桥街道吾悦广场四楼4001室嗨倍堂超级乐园,,,maimai_dx,,wahlap
嗨嗨电玩邢台新都鸿胜店,河北省邢台市信都区中兴西大街与钢铁北路交叉口东80米鸿胜商城2层,,,chunithm;maimai_dx,,wahlap
嗨客玩家东莞厚街万达店,广东省东莞市厚街镇厚街万达广场3楼嗨客玩家,,,chunithm;maimai_dx,,wahlap
嗨客玩家东莞常平翔龙天地店,广东省东莞市常平镇翔龙天地购物中心二楼,,,chunithm;maimai_dx,,wahlap
嗨客玩家东莞桥头店,广东省东莞市桥头镇上悦汇购物中心B区三楼嗨客玩家电玩城,,,chunithm;maimai_dx,,wahlap
嗨森汇 (广州北京路天河城店),"北京路168号北京路天河城A区3层B336-340, 广州市 Guangzhou, 广东省 Guangdong Province, 510115",23.1224255,113.2650706,chunithm;maimai_dx;other,,ziv
嗨森汇乐园成都金牛凯德店,四川省成都市金牛区交大路183号凯德广场一期四楼嗨森汇乐园,,,maimai_dx,,wahlap
嗨森汇乐园武汉东湖光谷店,湖北省武汉市东湖高新区光谷世界城3楼嗨森汇乐园,,,maimai_dx,,wahlap
嗨森汇山东烟台大悦城店,山东省烟台市芝罘区大悦城4楼,,,chunithm;maimai_dx,,wahlap
嗨森汇广州越秀店,广东省广州市越秀区北京路168号天河城A区三楼B336-B340嗨森汇,,,chunithm;maimai_dx,,wahlap
嗨森玩家泉州石狮世茂店,福建省泉州市石狮市灵秀镇世茂摩天城广场二楼嗨森玩家,,,maimai_dx,,wahlap
嗨爆公园西安曲江创意谷店,陕西省西安市雁塔区雁翔路3369号创意谷展演中心G层A2号商号,,,maimai_dx,,wahlap
嗨玩国度贵阳南明海豚广场店,贵州省贵阳市南明区海豚广场三楼嗨玩国度,,,maimai_dx,,wahlap
嗨玩时空周口鹿邑万农邻里生活中心店,河南省周口市鹿邑县鹿穆路万农邻里生活中心二楼嗨玩时空,,,maimai_dx,,wahlap
嗨玩星际乐园店,湖北省洪湖市天远时代D区二楼,,,maimai_dx,,wahlap
嗨玩社赣州章贡万达店,江西省赣州市章贡区东外街道八一四大道巨亿万达广场二楼嗨玩社,,,maimai_dx,,wahlap
嗨玩社遵义吾悦广场店,贵州省遵义市红花岗区吾悦广场3楼嗨玩社,,,chunithm;maimai_dx,,wahlap
嗨玩街区重庆涪陵泽胜广场店,重庆市涪陵区荔枝街道泽胜广场嗨玩街区,,,maimai_dx,,wahlap
嗨玩队长武汉光谷店,湖北省武汉市洪山区光谷步行街一期D区4楼,,,maimai_dx,,wahlap
嗨贝堂衡阳蒸湘万达店,湖南省衡阳市蒸湘万达三楼嗨贝堂电玩城,,,maimai_dx,,wahlap
嗨贝天地厦门万象城二期店,厦门市思明区湖滨社区湖滨南路与金榜路交叉口东北侧厦门万象城二期NL325商铺,,,maimai_dx,,wahlap
嗨陆空内江隆昌店,四川省内江市隆昌市人民中路五段8号港盈新街里10栋2层附201号-218号,,,maimai_dx,,wahlap
嗨陆空游乐场泸州合江永宁汇店,四川省泸州市叙永县环城中路201号永宁汇3楼,,,maimai_dx,,wahlap
嗨陆空游乐场泸州美荔城店,四川省泸州市合江县荔城大道美荔城,,,maimai_dx,,wahlap
嘉年华探险乐园肇庆广宁店,广东省肇庆市广宁县南街街道中华中路32号弘字万汇城A区三层A3F02号嘉年华探险乐园,,,maimai_dx,,wahlap
嘉年华欢乐世界驻马店平舆店,河南省驻马店市平舆县清河南路南侧上河城163号,,,maimai_dx,,wahlap
嘉贝乐北京五道口店,北京市海淀区成府路28号五道口购物中心三层,39.9906975,116.3333476,maimai_dx;taiko,,wahlap;ziv
嘉贝乐北京朝阳店,北京市朝阳区黄厂西路惠多港三层嘉贝乐,,,maimai_dx,,wahlap
嘉贝乐惠多港店,"Huiduogang Shopping Center, 3rd Floor, Southeast Corner, Huangch, Chaoyang District, Beijing, Beijing, 100121",39.8495207,116.5448202,maimai_dx,,ziv
嘉贝乐电玩城(上地华联店),"3F, BHGMall, Nongda South Road, Haiding District, Beijing, Beijing, 100000",40.0273284,116.3051277,maimai_dx;taiko,,ziv
嘉酷大玩家盘州银杏广场店,贵州省盘州市胜境大道银杏广场商业步行街2F嘉酷大玩家,,,maimai_dx,,wahlap
嘟比熊喀什新城南店,新疆维吾尔自治区喀什地区喀什市东城万达二号门负一楼,,,maimai_dx,,wahlap
嘟玛宝郑州金水店,河南省郑州市金水区花园路39号新田360广场D103+D203号嘟玛宝,,,chunithm;maimai_dx,,wahlap
嘻品堂成都龙泉东安天街店,四川省成都市龙泉街道东安街道桃都大道中段666号龙湖东安天街B馆3L12-14C翻乐园嘻品堂,,,maimai_dx,,wahlap
嘻品堂武汉青山印象城店,湖北省武汉市青山区印象城3楼L3-13B商铺嘻品堂,,,maimai_dx,,wahlap
嘻品堂电玩长沙万家丽店,湖南省长沙市万家丽中路99号万家丽国际购物广场五楼嘻品堂电玩,,,maimai_dx,,wahlap
嘻品堂邵阳东方凤凰城店,湖南省邵阳市邵阳县渡口路和沿河街交叉口西北角东方凤凰城,,,maimai_dx,,wahlap
嘻品堂长沙天心中海店,湖南省长沙市天心区中意二路中海环宇城二楼嘻品堂乐园,,,maimai_dx,,wahlap
嘻品堂长沙永旺店,湖南省长沙市长沙县永旺梦乐城3楼嘻品堂电玩城,,,maimai_dx,,wahlap
嘻品堂长沙湘江永旺店,湖南长沙湘江新区⾦⼭桥街道雷锋⼤道1118号永旺梦乐城,,,maimai_dx,,wahlap
嘻品堂长沙雨花四季汇店,湖南省长沙市雨花区德思勤四季汇三楼嘻品堂,,,maimai_dx,,wahlap
嘻哈乐宁德蕉城店,福建省宁德市蕉城区蕉南街道湖东1路万达广场二楼嘻哈乐,,,maimai_dx,,wahlap
嘻哈乐猩球万欣广场店,汕头市潮阳区和平镇万欣广场,,,maimai_dx,,wahlap
嘻哈乐猩球揭阳普宁新天地店,广东省揭阳市普宁市商品城尚东新天地2楼嘻哈乐猩球家庭娱乐中心,,,maimai_dx,,wahlap
嘻哈乐猩球揭阳榕城万业店,广东省揭阳市榕城区黄岐大道万业广场2楼嘻哈乐猩球,,,maimai_dx,,wahlap
嘻哈乐猩球汕头金平世纪明辉购物广场店,广东省汕头市金平区金东街道汕樟路170号世纪明辉购物广场金平店-2楼嘻哈乐猩球游乐园,,,maimai_dx,,wahlap
嘻哈乐电玩城东莞大岭山店,广东省东莞市大岭山镇玉屏路沃尔玛二楼嘻哈乐,,,maimai_dx,,wahlap
嘻哈欢乐岛忻州河曲家福乐店,山西省忻州市河曲县家福乐购物中心一楼嘻哈欢乐岛,,,maimai_dx,,wahlap
嘻哈电玩城西宁湟中店,青海省西宁市湟中区滨河南路北侧1号C区C-58-59嘻哈电玩城,,,maimai_dx,,wahlap
嘻嘻王国台山台城公园万达店,广东省江门市台山市台城公园路万达广场二楼嘻嘻王国,,,maimai_dx,,wahlap
嘻游嘉年华,"Gulou Square, North of Ancient Street East Entrance, Jizhou District, Tianjin, Tianjin, 301900",40.0432080,117.4022580,maimai_dx;other;taiko,,ziv
嘻游嘉年华廊坊安次万达店,河北省廊坊市安次区南龙道万达广场3楼嘻游嘉年华,,,maimai_dx,,wahlap
嘻游嘉年华蓟州渔阳店,天津市蓟州区渔阳镇武定街东段路北1号嘻游嘉年华,,,maimai_dx,,wahlap
嘻游嘉年华诸暨店,浙江省诸暨市暨阳街道青悦城2-20嘻游嘉年华,,,maimai_dx,,wahlap
嘻游大侠惠州中海环宇天地店,广东省惠州市惠城区江北街道市民乐园西路7号中海广场B1层07-09号嘻游大侠,,,maimai_dx,,wahlap
嘻游大玩家廊坊三河店,河北廊坊市三河市燕郊镇鑫乐汇百货四楼嘻游大玩家,,,maimai_dx,,wahlap
嘻游大玩家成都武侯银泰城店,四川省成都市武侯区高新区益州大1999号成都银泰城三楼中嘻游大玩家电玩城,,,maimai_dx,,wahlap
嘻游大玩家马鞍山金鹰商场店,安徽省马鞍山市金鹰商场三楼嘻游大玩家,,,maimai_dx,,wahlap
嘻游王国文山七都广场店,云南省文山市砚山县江那镇七都广场嘻游王国,,,maimai_dx,,wahlap
嘻游记金华浦江店,浙江省金华市浦江县人民广场2楼213室嘻游记乐园,,,maimai_dx,,wahlap
嘻玩客昆明官渡星天地店,云南省昆明市官渡区新亚洲体育城星天地商业广场S21-07嘻玩客电玩城,,,maimai_dx,,wahlap
嘻翻乐园海口龙湖天街店,海南省海口市龙华区金宇街道南海大道15号海口天街C馆3楼嘻翻乐园,,,maimai_dx,,wahlap
嘿棒潮玩星球沈阳财富中心店,辽宁省沈阳市沈阳经济开发区中央大街32号3005财富中心三楼,,,maimai_dx,,wahlap
嘿鹿鹿江阴虹桥南路店,江苏省江阴市虹桥南路258号嘿鹿鹿主题乐园,,,maimai_dx,,wahlap
嘿鹿鹿芜湖镜湖八佰伴店,安徽省芜湖市镜湖区中山北路八佰伴三楼嘿鹿鹿主题乐园,,,maimai_dx,,wahlap
噜彼熊嘉年华北京东城店,北京市东城区东直门外大街48号东方银座商场三层L3-10-11-12,,,chunithm;maimai_dx,,wahlap
噜彼熊电玩嘉年华,"No.48 Dongzhimen Outer Street, Oriental Ginza Mall, L3 Floor, Do, Dongcheng District, Beijing, Beijing, 100027",39.9420000,116.4360000,maimai_dx,,ziv
噜彼熊电玩嘉年华,"Oriental Yinzuo Mall, Level 3, No. 48 Zhimenwai Street., Beijing, Beijing, 100010",39.9385709,116.4292377,chunithm;maimai_dx;other;taiko,,ziv
噜彼熊电玩嘉年华,"东直门外大街48号东方银座商城L3层, Beijing, Beijing, 100000",39.9374069,116.4111002,chunithm;iidx;maimai_dx;sdvx;taiko,,ziv
噜彼熊电玩嘉年华 Rubi Bear Gaming Carnival,"L3 Floor, Oriental Yinzuo Mall, No.48 Dongzhimen Outer Street, Dongcheng District, Beijing, Beijing, 100027",39.9387930,116.4292699,chunithm;maimai_dx;other;taiko,,ziv
噜彼熊电玩嘉年华(华联万柳),"2F North Side, BHG Mall Wanliu, No.2 Bagou Road, Haidian Subdist, Beijing, China, Beijing, Beijing, 100080",39.9717062,116.2889774,chunithm;maimai_dx;taiko,,ziv
噜彼熊电玩嘉年华万柳店,北京市海淀区巴沟路2号万柳华联购物中心二层,,,chunithm;maimai_dx,,wahlap
噜彼熊营口站前万达店,辽宁省营口市站前区万达广场F4-B-B,,,maimai_dx,,wahlap
团结之力广州白云同德围店,广东省广州市白云区同德围西槎路96号新都汇购物广场商场2楼,,,maimai_dx,,wahlap
图灵欢乐城绍兴柯桥店,浙江省绍兴市柯桥区钱清街道金帝星隆城三楼3022/3022一3,,,maimai_dx,,wahlap
坦克哥潮玩运动中心淄博傅家淄博客运中心店,山东省淄博市淄博经济开发区傅家镇昌国西路125号淄博客运中心1号楼2层,,,maimai_dx,,wahlap
城东美颂电玩地带,"安吉大道与玉磬路交叉口东180米, 城东美颂广场, Hu Zhou Shi, Zhe Jiang Sheng, 313399",30.6218577,119.7028685,maimai_dx,,ziv
城市NiCOLE张家界永定中商广场店,湖南省张家界市永定区中商广场三楼城市NiCOLE,,,chunithm;maimai_dx,,wahlap
城市动力珠海香洲弘桥商城店,广东省珠海市香洲区南屏镇南湾北路弘桥商城一楼城市动力动漫娱乐中心,,,maimai_dx,,wahlap
城市宝贝衡阳珠晖万达广场店,湖南省衡阳市珠晖区酃湖万达广场3楼城市宝贝,,,maimai_dx,,wahlap
城市家年华江门鹤山广场店,广东省江门鹤山市鹤山广场,,,maimai_dx,,wahlap
城市星空亳州方圆荟店,安徽省亳州市高新区养生大道与神农大道交叉口西北角方圆荟购物中心四楼城市星空,,,maimai_dx,,wahlap
城市星空南京六合区,江苏省南京市六合区龙湖天街三楼城市星空,,,maimai_dx,,wahlap
城市星空合肥包河店,安徽省合肥市包河区滨湖新区方圆荟3楼C区城市星空动漫体验中心,,,maimai_dx,,wahlap
城市星空合肥北城店,安徽省合肥市长丰县双墩镇北城世纪城购物中心四楼城市星空店,,,maimai_dx,,wahlap
城市星空武汉汉阳店,湖北省武汉市汉阳区方圆荟奥莱5号门3楼城市星空,,,chunithm;maimai_dx,,wahlap
城市星空淮南恒太城店,安徽省淮南市寿县恒太城3楼城市星空,,,maimai_dx,,wahlap
城市星空蒙城方圆荟店,安徽省亳州市蒙城县方圆荟三楼城市星空,,,maimai_dx,,wahlap
城市星空金华兰溪店,浙江省金华市兰溪市宝龙广场3楼城市星空,,,maimai_dx,,wahlap
城市星空阜阳商厦时代店,安徽省阜阳市颍州区阜南路与颍河西路交汇处商厦时代广场四楼城市星空电玩娱乐中心,,,maimai_dx,,wahlap
城市星空阜阳颍上幸福恒太店,安徽省阜阳市颍上县慎城镇幸福恒太城4楼城市星空动漫城,,,maimai_dx,,wahlap
城市星空驻马平舆店,河南省驻马店市平舆县解放街中段爱家购物中心三楼南区11号城市星空,,,maimai_dx,,wahlap
城市猩球东莞长安店,广东省东莞市长安镇长安长青南路303号3栋106室,,,maimai_dx,,wahlap
城市猩球潮州饶平唐商广场店,广东省潮州市饶平县黄冈镇沿河南路唐商广场商业11号（2层Z209商铺）,,,maimai_dx,,wahlap
城市玩家张家口人民公园店,河北省张家口市宣化区人民公园东门城市玩家,,,maimai_dx,,wahlap
城市玩家通辽科尔沁太平洋店,内蒙古通辽市科尔沁区太平洋商场一楼城市玩家大乐场,,,chunithm;maimai_dx,,wahlap
城市英雄 Party House (南昌大悦城),"4th Floor, Joy City, Fusheng South Road, Xihu District 西湖区, Nanchang City 南昌市, Jiangxi Province  江西省, 330009",28.6370879,115.8581144,chunithm;maimai_dx;other;taiko,,ziv
城市英雄 Party House (津南吾悦店),"3F, Jinnan Wuyue Plaza, Xianshuigu Town, Jinnan District, Tianjin, Tianjin, 300350",38.9776880,117.3682450,chunithm;maimai_dx;taiko,,ziv
城市英雄 Party House（海淀大悦城店）,"海淀大悦城3F, Haiding District, Beijing, Beijing, 100089",40.0892927,116.2228526,jubeat;maimai_dx;other;taiko,,ziv
城市英雄Party House(印象城),"3th Floor, INCITY(印象城), No.33 Rd. Weiyang, Weiyang District, Xi'an, Shannxi, 710016",34.2963223,108.9431709,maimai_dx;other;taiko,,ziv
城市英雄Party House(熙地港),"5th Floor, CityOn(熙地港), Rd. Weiyang, Weiyang District, Xi'an, Shannxi, 710018",34.3402935,108.9402983,chunithm;jubeat;maimai_dx;other;taiko,,ziv
城市英雄佛山顺德店,广东佛山顺德区大信新都汇3楼城市英雄,,,maimai_dx,,wahlap
城市英雄北京海淀大悦城店,北京市海淀区西北旺海淀大悦城3楼城市英雄,,,maimai_dx,,wahlap
城市英雄南宁江南万达店,广西省南宁市江南万达二楼,,,chunithm;maimai_dx,,wahlap
城市英雄南昌大悦城店,江西省南昌市西湖区抚生南路666号南昌大悦城L4层城市英雄,,,maimai_dx,,wahlap
城市英雄南昌店,"长堎大道与子实路交叉口新建新城吾悦广场2楼, Nanchang Shi, Jiangxi Sheng",28.6859008,115.8005668,chunithm;maimai_dx;other;taiko,,ziv
城市英雄司门口店,湖南省长沙市解放西路147号,,,chunithm;maimai_dx,,wahlap
城市英雄天津津南吾悦广场店,天津市津南区吾悦广场三楼城市英雄,,,chunithm;maimai_dx,,wahlap
城市英雄宁波镇海吾悦广场店,浙江省宁波市镇海区新城吾悦广场三层城市英雄party house,,,maimai_dx,,wahlap
城市英雄安徽黄山店,安徽省黄山市歙县颐高广场2楼,,,maimai_dx,,wahlap
城市英雄岳阳步行街店,湖南省岳阳市岳阳楼区步行街康星百货负一楼,,,maimai_dx,,wahlap
城市英雄常州天宁吾悦广场店,江苏省常州市天宁区吾悦广场三楼,,,maimai_dx,,wahlap
城市英雄广州番禺K11店,广东省广州市番禺区钟村街汉溪大道东住178号三层自编L332、L333号商铺,,,chunithm;maimai_dx,,wahlap
城市英雄广州番禺万达店,广东省广州市番禺区南村镇兴南大道万达广场二楼城市英雄,,,maimai_dx,,wahlap
城市英雄张家港吾悦广场店,江苏省苏州市张家港市杨舍镇金港大道338号吾悦广场14幢2层219,,,maimai_dx,,wahlap
城市英雄慈溪吾悦广场店,浙江省慈溪市浒山街道新城大道南路新城吾悦广场3001/3050,,,maimai_dx,,wahlap
城市英雄扬州邗江吾悦广场店,江苏省扬州市邗江区竹西路23号扬州新城吾悦广场二层2002-1商铺,,,maimai_dx,,wahlap
城市英雄星沙吾悦店,湖南省长沙市长沙县松雅湖吾悦广场3楼3005号商铺,,,maimai_dx,,wahlap
城市英雄春天百货店,湖南省长沙市天心区春天百货负一楼城市英雄电玩,,,chunithm;maimai_dx,,wahlap
城市英雄株洲店,"1077号-1083号 Xin Hua Xi Lu, Zhuzhou Shi, Hunan Sheng, 412000",27.8370973,113.1511552,gitadora;jubeat;maimai_dx;other,,ziv
城市英雄株洲芦淞店,湖南省株洲市芦淞区美佳you范mall-3楼城市英雄,,,maimai_dx,,wahlap
城市英雄步步高店,湖南省岳阳市步步高店,,,maimai_dx,,wahlap
城市英雄武汉新荣天街店,湖北省武汉市江岸区后湖大道355号武汉新荣天街4F,,,maimai_dx,,wahlap
城市英雄武汉江汉店,湖北省武汉市江汉区中山大道818号佳丽广场负一层城市英雄,,,maimai_dx,,wahlap
城市英雄武汉滨江天街店,湖北省武汉市武昌区徐家棚街道滨江天街4楼城市英雄,,,maimai_dx,,wahlap
城市英雄江西南昌店,江西省南昌市新建区长棱大道新城吾悦广场2楼,,,chunithm;maimai_dx,,wahlap
城市英雄浙江义乌吾悦广场店,浙江省义乌市江东街道吾悦广场3楼城市英雄,,,maimai_dx,,wahlap
城市英雄淮安文旅吾悦店,江苏省淮安市文旅区凤里路1号吾悦广场二楼城市英雄,,,maimai_dx,,wahlap
城市英雄深圳怀德万象汇店,广东省深圳市宝安区福永街道怀德社区福永大道33号万象汇商场AL216城市英雄店铺。,,,chunithm;maimai_dx,,wahlap
城市英雄清远清城店,广东省清远市清城区清飞路保利广场二楼,,,maimai_dx,,wahlap
城市英雄渝北龙湖礼嘉天街店,重庆市渝北区龙湖礼嘉天街A馆负一楼,,,maimai_dx,,wahlap
城市英雄电玩,"河南省郑州市二七区西大街, 郑州(Zhengzhou), 河南 (Henan), 450001",34.7518012,113.6677963,iidx;jubeat;other;taiko,,ziv
城市英雄电玩(汉口店),"江汉区中山大道818号佳丽广场B1楼HAPPY站台, 武汉(Wuhan), 湖北(Hubei)",30.5788101,114.2911336,jubeat;maimai_dx;other,,ziv
城市英雄石家庄市桥西勒泰店,河北省石家庄市桥西区城角街勒泰广场三楼城市英雄,,,maimai_dx,,wahlap
城市英雄芜湖弋江银泰城店,安徽省芜湖市弋江区银泰城2楼城市英雄电玩,,,maimai_dx,,wahlap
城市英雄衡阳解放路店,湖南省衡阳市石鼓区解放路26号,,,maimai_dx,,wahlap
城市英雄西安熙地港店,陕西省西安市未央区凤城七路熙地港购物中心五楼,,,chunithm;maimai_dx,,wahlap
城市英雄西安龙首印象城店,陕西省西安市未央区未央路33号龙首印象城三楼,,,maimai_dx,,wahlap
城市英雄赣州店,江西省赣州市章贡区红旗大道33号步步高新天地四楼,,,chunithm;maimai_dx,,wahlap
城市英雄郴州友阿店,湖南省郴州市北湖区同心路1号友阿国际广场街区1F城市英雄,,,maimai_dx,,wahlap
城市英雄重庆龙湖时代天街店,重庆市渝中区大坪龙湖时代天街A馆UG层,,,chunithm,,wahlap
城市英雄长春南关活力城店,长春市南关区重庆路与大经路交汇活力城四楼徐氏城市英雄,,,maimai_dx,,wahlap
城市英雄长沙岳麓万象城店,湖南省长沙市岳麓区万象城L5 553城市英雄,,,chunithm;maimai_dx,,wahlap
城市英雄长沙岳麓万达店,长沙岳麓区银盆岭街道岳麓大道57号万达广场3号口3层3-1.3-2号城市英雄商铺,,,maimai_dx,,wahlap
城市英雄长沙岳麓金茂店,湖南省长沙市岳麓区天顶街道金茂览秀城LG层28号,,,maimai_dx,,wahlap
城市英雄长沙店,"中国湖南省长沙市黄兴中路92号, Changsha Shi, Hunan Sheng",28.1935426,112.9760110,iidx;jubeat;other,,ziv
城市英雄长沙开福北辰荟店,湖南省长沙市开福区湘江路1500号北辰荟购物中心3楼,,,chunithm;maimai_dx,,wahlap
城市英雄长沙梅溪湖步步高店,湖南省长沙市岳麓区梅溪湖步步高负一层城市英雄,,,chunithm;maimai_dx,,wahlap
城市英雄长沙永旺梦乐城店,湖南省长沙市湘江新区永旺梦乐城3楼332城市英雄电玩馆,,,chunithm;maimai_dx,,wahlap
城市英雄长沙珠江店,湖南省长沙市开福区福元西路珠江星环2楼2001,,,maimai_dx,,wahlap
城市英雄长沙荟聚店,湖南省长沙市岳麓区洋湖街道潭州大道宜家荟聚购物中心三楼,,,maimai_dx,,wahlap
城市英雄长沙雨花喜盈门店,湖南省长沙市雨花区喜盈门范城3-8栋G层B1-326号城市英雄,,,maimai_dx,,wahlap
城市英雄长沙雨花德思勤店,湖南省长沙市雨花区湘府中路18号德思勤城市广场三楼,,,maimai_dx,,wahlap
城市部落永州祁阳店,湖南省永州市祁阳县浯溪街道椒山北路与滨湖路交叉口新天地G层城市部落动漫游戏体验中心,,,maimai_dx,,wahlap
城市部落衡阳祁东友阿广场店,湖南省衡阳市祁东县友阿广场城市部落,,,chunithm;maimai_dx,,wahlap
壹加壹潮玩贵港平南通泰百货店,贵港市平南县平南街道朝阳大道通泰百货超市一楼主通道右边,,,maimai_dx,,wahlap
壹加壹潮玩邵阳洞口步步高店,湖南省邵阳市洞口县步步高超市负一楼壹加壹潮玩,,,maimai_dx,,wahlap
壹加壹玉林陆川店,广西壮族自治区玉林市陆川县温泉镇地王广场3楼壹加壹潮玩,,,maimai_dx,,wahlap
壹号玩家上海浦东店,上海市浦东新区航头镇鹤雷路319号3层301-310号壹号玩家电玩城,,,maimai_dx,,wahlap
壹号玩家动漫城 Player No.1（航头浦乐汇店）,"Shops 301-310, 3F, Pulehui Mall, No.319 Helei Road, Hangtou Town, Pudong New District, Shanghai, Shanghai, 201317",31.0800970,121.5888652,maimai_dx;other;taiko,,ziv
壹号玩家遂宁河东新万达广场店,遂宁市河东新区万达广场3F壹号玩家,,,maimai_dx,,wahlap
壹城潮玩榆林绥德联丰百货店,陕西省榆林市绥德县文化广场联丰百货二楼,,,maimai_dx,,wahlap
壹城潮玩济南章丘世茂广场店,山东省济南市章丘区世茂广场L301铺,,,maimai_dx,,wahlap
壹城潮玩电玩城聊城店,山东省聊城市高新技术开发区东昌东路177号当代购物中心四楼,,,maimai_dx,,wahlap
壹家庭游乐园临沂店,山东省临沂市兰山区泰盛广场3楼壹家庭游乐园,,,chunithm;maimai_dx,,wahlap
壹家庭游乐园宁波店,浙江省宁波市北仑区富邦世纪D区3楼3031号壹家庭游乐园,,,maimai_dx,,wahlap
壹玖玖娱乐馆咸宁赤壁怡景大楼店,湖北省咸宁市赤壁市赤马港街道大桥社区河北大道97号怡景大楼,,,maimai_dx,,wahlap
壹耀娱乐佛山高明店,广东省佛山市高明区荷城街道沧江路423号中港城3楼8-11号铺壹耀娱乐,,,chunithm;maimai_dx,,wahlap
壹零壹嘻游大玩家郑州金水店,河南省郑州市金水区正弘城6楼店壹零壹嘻游大玩家,,,chunithm;maimai_dx,,wahlap
壹零壹渭南临渭吾悦店,陕西省渭南市临渭区杜桥街道渭南吾悦广场5楼101潮漫,,,maimai_dx,,wahlap
壹零壹潮漫万家丽负一楼店（偶予电玩）,湖南省长沙市芙蓉区东沌渡街道万家丽中路一段99－101号B1楼B42&B43－1号商铺,,,chunithm;maimai_dx,,wahlap
壹零壹潮漫九江濂溪店,江西省九江市濂溪区青年路818号九江十里万达4F壹零壹潮漫电玩娱乐中心,,,maimai_dx,,wahlap
壹零壹潮漫南宁西乡塘万达店,广西南宁市西乡塘区大学东路万达广场三楼壹零壹潮漫电玩,,,maimai_dx,,wahlap
壹零壹潮漫电玩南昌印象城店,江西省南昌印象城壹零壹潮漫电玩,,,chunithm,,wahlap
壹零壹潮漫电玩郴州北湖锦马时代店,湖南省郴州市北湖区锦马时代三楼super101电玩城,,,maimai_dx,,wahlap
壹零壹电玩城 Super101 (新华广场店),"Zone H, European Town, Xinhua Square Underground Shopping Street, Xilingol North Rd., Xincheng District, Hohhot, Inner Mongolia, 010020",40.8180436,111.6612947,jubeat;maimai_dx;other,,ziv
夏娃迪卡茂名茂南店,广东省茂名市茂南区茂南大道163号大院6号爱琴海购物公园三楼3019-3025号铺位,,,maimai_dx,,wahlap
夏意乐园动漫城增城店,广东省广州市增城区东汇城大润发二楼出口,,,maimai_dx,,wahlap
夏邑玩美商丘夏邑未来城店,河南省商丘市夏邑县城关镇和谐大道6号北辰未来城二楼2-12号夏邑玩美,,,maimai_dx,,wahlap
多乐世界秦皇岛海港店,河北省秦皇岛市海港区乐都汇4层多乐世界,,,maimai_dx,,wahlap
多多爱台州温岭店,浙江省台州市温岭市大溪镇多方里商场二楼,,,maimai_dx,,wahlap
多奇妙丹阳吾悦广场店,江苏省丹阳市开发区吾悦广场三楼多奇妙儿童乐园,,,maimai_dx,,wahlap
多奇妙假日小镇义乌江东吾悦店,浙江省义乌市江东街道江东东路2号吾悦广场(义乌店)3F层3022,,,maimai_dx,,wahlap
大世界西安太白印象城店,陕西省西安市碑林区二环南路太白印象城 L2-11号,,,maimai_dx,,wahlap
大乐橙山东威海环翠店,山东省威海市环翠区世昌大道268号欧乐坊,,,maimai_dx,,wahlap
大乐荟潮玩西安高新店,陕西省西安市高新区科技路50号金桥国际广场b_c商业一层,,,maimai_dx,,wahlap
大乐魔潮玩星球黄石摩尔城店,湖北省黄石市黄石摩尔城中商广场四楼,,,chunithm,,wahlap
大兵小将石家庄桥西店,河北省石家庄市桥西区西美花街生活工场二楼西头,,,maimai_dx,,wahlap
大凡曲靖麒麟店,云南省曲靖市麒麟区寥廓南路218美食城旁大凡欢乐馆,,,maimai_dx,,wahlap
大嘴猴哈尔滨铜锣湾店,黑龙江省哈尔滨市道里区群力第五大道518号铜锣湾广场115号,,,maimai_dx,,wahlap
大大梦幻潮玩拾光新郑龙湖万佳商业广场店,新郑市龙湖镇双湖大道万佳商业广场1668,,,maimai_dx,,wahlap
大娱海棠东莞万江奥特莱店,广东东莞市万江街道新城社区万道路万江段27号龙湾奥特莱斯商场3楼大娱海棠电玩城,,,maimai_dx,,wahlap
大娱海棠东莞塘厦店,广东省东莞市塘厦镇迎宾大道1号万科生活广场二楼大娱海棠电玩城,,,maimai_dx,,wahlap
大娱海棠东莞大岭山润升百货店,广东省东莞市大岭山镇润升百货一楼大娱海棠电玩城,,,maimai_dx,,wahlap
大娱海棠深圳龙岗天虹店,广东省深圳市龙岗区坂田街道吉华路696号天虹商场三楼大娱海棠电玩城,,,maimai_dx,,wahlap
大家乐东莞中堂店,广东省东莞市中堂镇一村中新广场一路1号万众广场二楼,,,maimai_dx,,wahlap
大明星武汉江汉世贸店,湖北省武汉市江汉区解放大道686号世贸广场7楼,,,chunithm;maimai_dx,,wahlap
大森林时空屋京都茂商业广场店,甘肃省兰州市皋兰县西岔镇文曲胡中心社区京都茂商业广场三楼3011,,,maimai_dx,,wahlap
大森林时空屋兰州京都之星店,甘肃省兰州市兰州新区京都之星3楼,,,chunithm;maimai_dx,,wahlap
大森林时空屋兰州大学城店,甘肃省兰州市兰州新区大学城京都茂三楼,,,chunithm,,wahlap
大橡电玩城,"3L, Licheng MiniMall, Yuquan District, Hohhot, Inner Mongolia, 010010",40.7842906,111.6658866,other,,ziv
大海豚乐园招商花园城店,湛江经济技术开发区海滨大道北12号招商国际邮轮城40号楼,,,chunithm,,wahlap
大海豚乐园湛江霞山店,广东省湛江市霞山区新园街道人民大道南116号鼎盛广场购物中心五层大海豚乐园,,,maimai_dx,,wahlap
大潮玩沈阳铁西龙之梦店,沈阳市铁西区建设西路2号龙之梦大都汇2楼东侧大潮玩,,,maimai_dx,,wahlap
大玩家上海周浦万达店,上海市浦东新区周浦镇周浦万达广场二楼大玩家,,,maimai_dx,,wahlap
大玩家上海宝山万达店,上海市宝山区128纪念路万达广场3楼大玩家,,,maimai_dx,,wahlap
大玩家上海闵行浦江万达店,上海市闵行区浦江镇永跃路浦江万达广场二楼,,,maimai_dx,,wahlap
大玩家乌兰察布集宁万达店,乌兰察布市集宁区新区万达广场,,,maimai_dx,,wahlap
大玩家乌鲁木齐万达广场店,新疆维吾尔自治区乌鲁木齐市沙依巴克区经开万达广场二楼大玩家,,,maimai_dx,,wahlap
大玩家乐山市中万达店,四川省乐山市市中区万达广场三楼大玩家,,,maimai_dx,,wahlap
大玩家九江濂溪万达店,江西省九江市濂溪区万达广场三楼大玩家,,,maimai_dx,,wahlap
大玩家二店,"Unnamed Road, Nanchang Shi, Jiangxi Sheng, 330200",28.5786505,115.7918433,maimai_dx;other,,ziv
大玩家亳州蒙城万达店,安徽省亳州市蒙城县城关街道蒙城万达广场2楼大玩家,,,maimai_dx,,wahlap
大玩家亳州高新万达店,安徽省亳州市高新万达广场,,,maimai_dx,,wahlap
大玩家内江高新万晟汇店,四川省内江市高新区汉安大道东段万晟汇购物中心一号门二楼大玩家超乐场,,,maimai_dx,,wahlap
大玩家北京丰台西铁营万达店,北京市丰台区南苑乡西铁营中路1号万达广场四层A,,,maimai_dx,,wahlap
大玩家北京通州万达店,北京市通州区新华西街58号万达广场3楼大玩家,,,chunithm;maimai_dx,,wahlap
大玩家北海合浦店,广西北海市合浦县廉州镇车沟底55号合浦商业中心三楼大玩家,,,maimai_dx,,wahlap
大玩家南京建邺万达店,江苏省南京市建邺区万达广场2楼大玩家,,,maimai_dx,,wahlap
大玩家南京江宁万达店,江苏省南京江宁区东山街道竹山路68号万达广场2号门2楼大玩家超乐场,,,maimai_dx,,wahlap
大玩家南宁江南万达店,广西省南宁市江南区亭洪路48-1江南万达广场一号门二楼,,,maimai_dx,,wahlap
大玩家南昌红谷滩万达店,江西省南昌市红谷滩区大玩家万达店,,,maimai_dx,,wahlap
大玩家厦门杏林万达店,福建省厦门市集美区杏滨街道杏前路杏林万达广场2楼大玩家,,,maimai_dx,,wahlap
大玩家周口文昌万达店,河南省周口市文昌大道与大庆路交叉口周口东新万达广场2F-A商铺大玩家,,,chunithm;maimai_dx,,wahlap
大玩家哈尔滨南岗万达店,黑龙江省哈尔滨市南岗区哈西万达广场三楼大玩家,,,chunithm;maimai_dx,,wahlap
大玩家哈尔滨南岗松雷商场店,黑龙江省哈尔滨市南岗区东大直街329号松雷商场5楼大玩家,,,maimai_dx,,wahlap
大玩家哈尔滨南岗红博中央公园店,黑龙江哈尔滨南岗区红旗大街33号红博中央公园B1大玩家,,,chunithm;maimai_dx,,wahlap
大玩家哈尔滨南岗西城红场店,哈尔滨市南岗区西城红场负一楼大玩家,,,maimai_dx,,wahlap
大玩家哈尔滨融创茂店,黑龙江省哈尔滨市松北区世茂大道融创茂三楼大玩家超乐场,,,maimai_dx,,wahlap
大玩家哈尔滨道外区百盛店,黑龙江省哈尔滨市道外区118号百盛三楼,,,maimai_dx,,wahlap
大玩家哈尔滨道里悦荟店,黑龙江省哈尔滨道里区友谊路187号悦荟广场C座一楼,,,maimai_dx,,wahlap
大玩家哈尔滨香坊乐松广场店,黑龙江省哈尔滨市香坊区三大动力路乐松广场三楼大玩家,,,chunithm;maimai_dx,,wahlap
大玩家嘉兴平湖银泰店,浙江省嘉兴市平湖市当湖街道彩虹广场6-7幢2楼,,,maimai_dx,,wahlap
大玩家大同平城万达店,大同市平城区万达广场三层3f-B大玩家,,,maimai_dx,,wahlap
大玩家宜昌伍家岗万达店,湖北省宜昌市伍家岗区沿江大道万达广场二楼大玩家,,,maimai_dx,,wahlap
大玩家广州南沙店,广东省广州市南沙区双山大道3号3F主力店A,,,maimai_dx,,wahlap
大玩家广州番禺万达店,广东省广州市番禺区南村镇兴南大道万达广场二楼大玩家超乐场,,,chunithm,,wahlap
大玩家廊坊广阳万达店,河北省廊坊市广阳区万达广场三楼大玩家超乐场,,,maimai_dx,,wahlap
大玩家延吉万达店,吉林省延吉市公园街道万达广场二楼大玩家,,,maimai_dx,,wahlap
大玩家徐州云龙万达店,江苏省徐州市云龙区云龙万达2楼大玩家,,,maimai_dx,,wahlap
大玩家徐州铜山万达广场店,江苏省徐州市铜山区铜山街道北京北路万达广场三楼大玩家,,,maimai_dx,,wahlap
大玩家扬州江都万达店,江苏省扬州市江都区仙女镇新都北路118号万达广场二楼大玩家,,,maimai_dx,,wahlap
大玩家揭阳榕城万达店,广东省揭阳市榕城区万达广场三楼大玩家超乐场,,,maimai_dx,,wahlap
大玩家杭州富阳万达店,浙江省杭州市富阳区万达广场二楼大玩家,,,maimai_dx,,wahlap
大玩家武汉新洲万达店,湖北省武汉市新洲区阳逻街柴泊大道119号万达广场2楼大玩家,,,maimai_dx,,wahlap
大玩家武汉经开万达店,湖北省武汉市蔡甸区东风大道111号万达大玩家,,,maimai_dx,,wahlap
大玩家沧州任丘万达店,河北省沧州市任丘市万达广场二楼大玩家,,,maimai_dx,,wahlap
大玩家河南三门峡万达店,河南省三门峡市湖滨区万达广场2号门三楼大玩家,,,maimai_dx,,wahlap
大玩家济宁太白路万达店,山东省济宁市太白路万达广场二楼大玩家,,,maimai_dx,,wahlap
大玩家烟台芝罘万达店,山东省烟台市芝罘区南大街万达广场二楼大玩家超乐场,,,maimai_dx,,wahlap
大玩家牡丹江万达店,黑龙江省牡丹江市西安区西七条路万达广场三楼大玩家,,,maimai_dx,,wahlap
大玩家牡丹江西安万达店,黑龙江省牡丹江市西安区万达广场三楼大玩家,,,maimai_dx,,wahlap
大玩家益阳赫山万达店,湖南省益阳市赫山区万达广场二楼大玩家,,,maimai_dx,,wahlap
大玩家石家庄裕华万达店,河北省石家庄市裕华区建华南大街万达广场3楼大玩家,,,maimai_dx,,wahlap
大玩家石景山万达店,北京市石景山区石景山路乙18号万达广场1楼大玩家家庭娱乐中心,,,maimai_dx,,wahlap
大玩家石河子万达店,新疆维吾尔自治区石河子市开发区万达广场三楼C大玩家,,,chunithm;maimai_dx,,wahlap
大玩家秦皇岛万达店,河北省秦皇岛市海港区燕山大街万达广场二楼大玩家,,,chunithm;maimai_dx,,wahlap
大玩家聊城东昌府万达店,山东省聊城市东昌府区万达广场二楼大玩家,,,maimai_dx,,wahlap
大玩家莆田秀屿万达店,福建省莆田市秀屿区笏石镇万达广场3楼大玩家,,,maimai_dx,,wahlap
大玩家西安大融城店,陕西省西安市未央区大融城3楼大玩家,,,maimai_dx,,wahlap
大玩家西安雁塔万达店,陕西省西安市雁塔区科技七路万达广场二楼大玩家,,,maimai_dx,,wahlap
大玩家贵阳南明亨特店,贵州省贵阳市南明区机场路18号亨特城市广场176号商铺大玩家,,,maimai_dx,,wahlap
大玩家赤峰松山万达店,内蒙古赤峰市松山区万达广场3楼大玩家,,,maimai_dx,,wahlap
大玩家赤峰洪山店,内蒙古自治区赤峰市红山区西拉沐沦大街万达广场二楼娱乐楼大玩家超乐场,,,maimai_dx,,wahlap
大玩家超乐场,"广州市白云区云城东路505号万达广场1楼, 地铁飞翔公园站, 广州市(CANTON), 广东省 (Guangdong Province)",23.1717685,113.2666504,jubeat;taiko,,ziv
大玩家超乐场,"涧西区辽宁路170号, 洛阳(LuoYang), 河南 (Henan), 471003",34.6547713,112.4077441,jubeat;other;taiko,,ziv
大玩家超乐场(新会万达广场),"新会区会城启超大道2号万达广场二楼, Jiangmen, Guangdong",22.5046216,113.0459855,jubeat;taiko,,ziv
大玩家超乐场(江门万达广场),"蓬江区发展大道万达广场2楼, Jiangmen Shi, Guangdong Sheng, 529030",22.6161500,113.0832449,jubeat;maimai_dx;taiko,,ziv
大玩家超乐场(红谷滩万达广场店),"红谷滩凤凰中大道与会展路交汇处万达广场二楼, 南昌市 (Nanchang), 江西省（Jiangxi Province）, 330038",28.6936111,115.8497787,maimai_dx;other,,ziv
大玩家超乐场(郑州中原万达店),"郑州市中原区中原中路171号万达百货3层, Zhengzhou Shi, Henan Sheng",34.7466299,113.6013660,other,,ziv
大玩家超乐场乌海万达店,内蒙古自治区乌海市海勃湾区万达广场三楼大玩家超乐场,,,maimai_dx,,wahlap
大玩家超乐场哈尔滨凯德店,黑龙江省哈尔滨市南岗区学府路1-1号凯德广场-学府3层16-19号,,,chunithm;maimai_dx,,wahlap
大玩家超乐场哈尔滨友谊店,黑龙江省哈尔滨市道里区友谊路187号,,,chunithm,,wahlap
大玩家超乐场（广州海珠店）,"3F, Wanda Plaza Haizhu, 238 Yijing Road, Haizhu District, Guangzhou Shi, Guangdong Sheng",23.0837478,113.3136310,drs;other;sdvx,,ziv
大玩家超乐场（菱角湖万达广场店）,"江汉区唐家墩路5号菱角湖万达商业广场二层, 武汉(Wuhan), 湖北(Hubei)",30.6102720,114.2701040,jubeat;other;taiko,,ziv
大玩家郑州二七万达店,河南省郑州市二七区大学路航海路二七万达广场二楼大玩家,,,maimai_dx,,wahlap
大玩家重庆万州万达广场店,重庆市万州区高笋塘街道北滨大道998号万达二楼大玩家超乐场,,,maimai_dx,,wahlap
大玩家重庆大渡口万达店,重庆市大渡口区建桥大道108号大渡口万达广场2F-A-A/2008A/2008BA,,,maimai_dx,,wahlap
大玩家重庆大足吾悦店,重庆市大足区吾悦广场1号门2楼大玩家,,,maimai_dx,,wahlap
大玩家重庆永川万达店,重庆市永川区万达广场3F大玩家超乐场,,,maimai_dx,,wahlap
大玩家金华永康万达店,浙江省金华市永康市东城街道长城西大道万达广场2楼大玩家,,,maimai_dx,,wahlap
大玩家青岛城阳万达店,青岛市城阳区向阳中路万达广场二楼大玩家,,,maimai_dx,,wahlap
大玩家马桥万达店,上海市马桥万达广场三楼大玩家,,,maimai_dx,,wahlap
大玩家鸡西鸡冠万达店,黑龙江省鸡西市鸡冠区中心大街万达广场三楼大玩家,,,maimai_dx,,wahlap
大玩家齐齐哈尔万达店,黑龙江省齐齐哈尔市建华区新江路万达广场三楼大玩家,,,maimai_dx,,wahlap
大蓝鲸家庭娱乐中心萍乡市天虹商场店,江西省萍乡市安源区天虹商场二楼大蓝鲸家庭娱乐中心,,,maimai_dx,,wahlap
大蓝鲸银川西夏店,宁夏回族自治区银川市西夏区宁阳广场三楼北侧大蓝鲸家庭娱乐中心,,,maimai_dx,,wahlap
大风车威海嘉禾天地店,山东省威海市威高广场嘉禾天地三楼大风车游乐场,,,maimai_dx,,wahlap
大鲨渔湛江麻章广弘店,广东省湛江市麻章区瑞云中路广弘商业广场3002,,,maimai_dx,,wahlap
大黄鸭商丘民权千商万悦城店,河南省商丘市民权县千商万悦城三楼,,,maimai_dx,,wahlap
大黄鸭潮玩吉安吉州店,江西省吉安市吉州区井冈山大道广场天虹商场3楼大黄鸭潮玩,,,maimai_dx,,wahlap
天一动漫邢台襄都天一城店,河北省邢台市襄都区天一城D座4层天一动漫,,,maimai_dx,,wahlap
天下无双邢台襄都店,河北省邢台市襄都区天一城D座2层天下无双动漫乐园,,,chunithm,,wahlap
天下电玩宁波海曙店,浙江省宁波市海曙区环城南路龙湖天街三楼天下电玩,,,maimai_dx,,wahlap
天下电玩杭州富阳店,浙江省杭州市富阳区富春街道春秋北路271号玉长城3楼,,,maimai_dx,,wahlap
天下电玩浙江石桥银泰店,浙江省杭州市拱墅区石桥街道石祥路138号中大银泰城购物中心F3层天下电玩,,,chunithm;maimai_dx,,wahlap
天之城动漫南通海门店,江苏省南通市海门区江海中路337号大有镜二楼,,,maimai_dx,,wahlap
天乐动漫邢台信都天乐城店,河北省邢台市信都区天乐城B座3层天乐动漫,,,maimai_dx,,wahlap
天使之翼哈尔滨店,黑龙江省哈尔滨市道里区透笼街58号透笼曼哈顿大厦新006天使之翼,,,maimai_dx,,wahlap
天堡欢乐城阳江江城店,广东省阳江市江城区东风一路42号,,,chunithm;maimai_dx,,wahlap
天天玩 X 秋葉原日系动漫中心★,"Huiyin Plaza, Huashan Road (Xujiahui/Guangyuan Road) no. 2088, 徐汇区 (Xuhui District), 上海 (Shanghai), 200235",31.1986788,121.4326143,chunithm;gitadora;iidx;jubeat;maimai_dx;other;sdvx;taiko,,ziv
天天玩上海徐汇汇银广场店,上海市徐汇区华山路2088号汇银广场南楼7M层天天玩,,,chunithm;maimai_dx,,wahlap
天娱广场2楼,"广州市天河区天河路623号，地铁岗顶站A出口, 广州市(CANTON), 广东省 (Guangdong Province)",23.1354073,113.3400263,maimai_dx;taiko,,ziv
天津可爱抓仁恒店,天津市南开区仁恒置地广场A馆B1可爱抓,,,maimai_dx,,wahlap
天津麦趣熊泉汇店,天津市河西区大沽南路1118号泉汇购物中心一楼,,,maimai_dx,,wahlap
天空之城,"蜀山区长江西路189号之心城购物中心F7, Hefei, Anhui, 230022",31.8544575,117.2575360,maimai_dx;other,,ziv
天空之城 SKY CITY (青浦吾悦WUYUE),"WUYUE Mall Shanghai Qinpu Brench 3F, Dianshanhu Avenue,, 青浦区 (Qingpu District), Shanghai, 上海 (Shanghai), 201700",31.1457024,121.0906433,maimai_dx;other;taiko,,ziv
天空之城 Sky City Amusement World (上海万嘉广场店),"2F, Wanjia Commercial Plaza, No.1881 Dongjing Road, Pudong New District, Shanghai, Shanghai, 200120",31.2957047,121.6065342,chunithm;maimai_dx;other;taiko,,ziv
天空之城 Sky City Amusement World (上海招商花园城店),"L3-018, 3F, Zhaoshang Garden City, No.99 Gutang Road, Pudong New District, Shanghai, Shanghai, 200120",31.2650532,121.6536519,chunithm;maimai_dx;taiko,,ziv
天空之城 Sky City Amusement World (南京鹏欣水游城店),"Pengxin Aqua City, No. 1 Jiankang Road, Qinghuai District, Nanjing, Jiangsu, 210000",32.0255170,118.7807255,chunithm;maimai_dx;other,,ziv
天空之城 Sky City Amusement World (商洛万达),"F1A Floor, Shangluo Wanda Plaza, Shangluo, Shannxi, 726000",33.8725178,109.9210399,maimai_dx;other,,ziv
天空之城 Sky City Amusement World (星河 CoCo Park),"3rd Floor, Galaxy COCO Park (Longgang Branch), Longgang District, Shenzhen, Guangdong, 518172",22.6937344,114.2234156,maimai_dx;other,,ziv
天空之城 Sky City Amusement World (津南吾悦),"2F, Wuyue Plaza, Jinnan District, Jinnan District, Tianjin, Tianjin, 300350",38.9779604,117.3685093,chunithm;maimai_dx;other;taiko,,ziv
天空之城 Sky City Amusement World (西安李家村万达),"2nd Floor, Wanda Plaza Lijiacun, R.Yanta North, Xi'an, Shaanxi Province, 710000",34.2449251,108.9578325,maimai_dx;other,,ziv
天空之城 Sky City Amusement World (龙湖光年),"Unit A-3F-01a, 3rd Floor, Phase I, Longhu Light years,, Longhua District, Haikou, Hainan, 570311",19.9981321,110.3250291,chunithm;maimai_dx;other,,ziv
天空之城 Sky City Amusement World（宝山龙湖天街店）,"3F, Longfor Baoshan Paradise Walk, No.1 Lane 50 Danxia Mountain, Baoshan District, Shanghai, Shanghai, 201900",31.3602380,121.3579910,chunithm;maimai_dx,,ziv
天空之城(小寨·原力场),"3rd Floor, Prime Field·Xiaozhai(小寨·原力场), Middle Chang'an Road No, Yanta District(雁塔区), Xi'an(西安市), Shannxi(陕西省), 710000",34.2265978,108.9412746,chunithm;maimai_dx;other,,ziv
天空之城·多奇妙儿童乐园 (宝鸡吾悦),"3rd floor, Wuyue Plaza, (宝鸡市吾悦广场三楼), Baoji, Shannxi, 721000",34.3416422,107.2302532,maimai_dx;other,,ziv
天空之城·多奇妙儿童乐园 (西咸吾悦),"L3 Floor, Wuyue Plaza, Kunming Road, (昆明路西咸吾悦广场3楼), xi'an, shannxi, 710000",34.2551769,108.8189336,maimai_dx,,ziv
天空之城上海万嘉广场店,上海市浦东新区东靖路1881号万嘉广场2楼天空之城,,,chunithm;maimai_dx,,wahlap
天空之城上海宝山店,上海市宝山区丹霞山路50弄1号龙湖宝山天街A-3F-30a,,,chunithm;maimai_dx,,wahlap
天空之城上海招商花园店,上海市浦东新区顾唐路招商花园城三楼天空之城,,,chunithm;maimai_dx,,wahlap
天空之城上海青浦吾悦店,上海青浦区淀山湖大道218号吾悦广场2楼,,,maimai_dx,,wahlap
天空之城上饶吾悦广场店,江西省上饶市广信区吾悦广场天空之城,,,maimai_dx,,wahlap
天空之城东莞东城星河城店,广东省东莞市东城街道星河城3楼天空之城,,,maimai_dx,,wahlap
天空之城东莞南城汇一城店,广东省东莞市南城街道鸿福路200号第一国际汇一城3区5号门2楼天空之城,,,chunithm;maimai_dx,,wahlap
天空之城东莞店,广东省东莞市东城东路229号星河城3F-302号商铺,,,chunithm,,wahlap
天空之城中山小榄汇丰城店,广东省中山市小榄镇汇丰城C3-1天空之城游乐体验世界,,,maimai_dx,,wahlap
天空之城义乌稠城店,浙江省义乌市稠城街道义乌之心六楼,,,chunithm,,wahlap
天空之城九江浔阳联盛店,江西省九江市浔阳区联盛快乐城2F天空之城,,,chunithm;maimai_dx,,wahlap
天空之城云浮吾悦店,广东省云浮市云城区吾悦广场z306,,,chunithm;maimai_dx,,wahlap
天空之城佛山南海万达店,广东省佛山市南海区桂城区桂澜北路3号南海万达广场2楼天空之城,,,chunithm;maimai_dx,,wahlap
天空之城佛山南海大沥店,广东省佛山市南海区大沥镇广佛路黄岐金铂天地二楼天空之城游乐体验世界,,,maimai_dx,,wahlap
天空之城佛山南海金沙洲店,广东省佛山市南海区金沙洲建设大道金铂天地3楼天空之城游艺世界,,,maimai_dx,,wahlap
天空之城佛山金铂中心店,广东省佛山市南海区桂城街道桂业路88号金铂中心三层330天空之城,,,chunithm;maimai_dx,,wahlap
天空之城佛山顺德悦然店,广东省佛山市顺德区北滘镇诚德路美的悦然广场3楼天空之城,,,maimai_dx,,wahlap
天空之城兰州店,甘肃省兰州市安宁区吾悦广场3楼天空之城,,,chunithm;maimai_dx,,wahlap
天空之城兴化临城吾悦店,兴化市昭阳街道中和西路99号吾悦广场2楼Z08号商铺,,,maimai_dx,,wahlap
天空之城包头昆都仑吾悦广场店,内蒙古包头市昆都仑区昆河镇吾悦广场三楼天空之城,,,maimai_dx,,wahlap
天空之城南京建邺店,江苏省南京市建邺区云龙山路89号河西天街2楼2F一01号商铺,,,maimai_dx,,wahlap
天空之城南京栖霞万象汇店,江苏省南京市栖霞区南京城北万象汇A座L3028天空之城3楼,,,maimai_dx,,wahlap
天空之城南京江宁龙湖店,江苏省南京市江宁区东山街道潭园西路199号龙湖南京龙湾天街二楼天空之城,,,maimai_dx,,wahlap
天空之城南京浦口龙湖天街店,江苏省南京市浦口区文景路99号龙湖天街3楼天空之城,,,chunithm;maimai_dx,,wahlap
天空之城南京秦淮水游城店,江苏省南京市秦淮区健康路1号水游城三楼天空之城,,,chunithm;maimai_dx,,wahlap
天空之城南京雨花台万象天地店,江苏省南京市雨花台区西善桥南京雨花万象天地天空之城L301,,,maimai_dx,,wahlap
天空之城南京鼓楼吾悦广场店,江苏省南京市鼓楼区湖北路51号吾悦广场三楼天空之城,,,maimai_dx,,wahlap
天空之城南京鼓楼宜悦里店,江苏省南京市鼓楼区新模范马路宜悦里2F天空之城,,,maimai_dx,,wahlap
天空之城南宁良庆宜家店,广西南宁市良庆区平乐大道12号宜家家居天空之城游乐体验世界,,,maimai_dx,,wahlap
天空之城南昌进贤吾悦店,江西省南昌市进贤县滨湖大道吾悦广场三楼Z08商铺,,,maimai_dx,,wahlap
天空之城南昌高新吾悦广场店,江西省南昌市高新区艾溪湖北路高新新城吾悦广场三楼天空之城,,,maimai_dx,,wahlap
天空之城南昌高新技术产业开发新城吾悦广场店,江西省南昌市南昌高新技术产业开发区艾溪湖北路77号新城吾悦广场三楼3006-1商铺,,,chunithm;maimai_dx,,wahlap
天空之城南通圆融店,江苏省南通市崇川区工农路57号圆融广场三楼天空之城,,,chunithm;maimai_dx,,wahlap
天空之城南通如皋吾悦广场店,江苏省南通市如皋吾悦广场三楼天空之城,,,maimai_dx,,wahlap
天空之城南通崇川万象城店,江苏省南通市崇川区北大街111号万象城四楼天空之城,,,maimai_dx,,wahlap
天空之城南通永旺店,江苏省南通市开发区新开街道星湖大道1066号永旺梦乐城南通星湖店2F228-A,,,maimai_dx,,wahlap
天空之城厦门思明店,福建省厦门市思明区莲前东路117-129号加州城市广场219单元,,,chunithm;maimai_dx,,wahlap
天空之城台山万达店,广东省台山市台城陈宜禧路南97号万达广场2楼天空之城,,,maimai_dx,,wahlap
天空之城台州路桥吾悦店,浙江省台州市路桥区路北街道腾达路527号,,,chunithm,,wahlap
天空之城合肥瑶海吾悦广场店,安徽省合肥市瑶海区芜湖路坝上吾悦广场,,,maimai_dx,,wahlap
天空之城启东汇龙店,江苏省南通市启东市汇龙镇 建设南路88号吾悦广场三楼天空之城,,,maimai_dx,,wahlap
天空之城咸阳沣西吾悦广场店,陕西省咸阳市秦都区钓台街道统一西路与白马河路交叉口吾悦广场3楼多奇妙,,,maimai_dx,,wahlap
天空之城唐山吾悦广场店,河北省唐山市路北区果园镇吾悦广场3f天空之城多奇妙z08商铺,,,chunithm;maimai_dx,,wahlap
天空之城商洛商州万达店,陕西省商洛市商州区万达广场1A天空之城,,,maimai_dx,,wahlap
天空之城嘉兴平湖吾悦广场店,浙江省嘉兴市平湖市吾悦广场二楼天空之城,,,maimai_dx,,wahlap
天空之城嘉兴海盐吾悦广场店,浙江省嘉兴市海盐县吾悦广场二楼天空之城,,,maimai_dx,,wahlap
天空之城多奇妙南京迈皋桥万谷慧店,江苏省南京市栖霞区华电路1号万谷·慧生活广场,,,maimai_dx,,wahlap
天空之城大同云冈吾悦广场店,山西省大同市云冈区吾悦广场3楼天空之城,,,maimai_dx,,wahlap
天空之城大理爱琴海店,云南省大理市下关镇鸡足山路爱琴海购物公园2楼天空之城,,,maimai_dx,,wahlap
天空之城天津津南吾悦店,天津市津南区咸水沽镇聚兴道7号1号楼524-20天津津南吾悦广场二层Z08-2016号商铺,,,chunithm;maimai_dx,,wahlap
天空之城孝感孝南吾悦店,湖北省孝感市孝南区复兴大道吾悦广场二楼天空之城,,,maimai_dx,,wahlap
天空之城安庆吾悦广场店,安徽省安庆市迎江区菱湖南路1号吾悦广场二层2F-2013商铺天空之城多奇妙,,,chunithm;maimai_dx,,wahlap
天空之城安徽阜阳吾悦店,安徽省阜阳市颍州区颍西街道阜南路天空之城吾悦广场店,,,maimai_dx,,wahlap
天空之城宝鸡渭滨吾悅广场店,陕西省宝鸡市渭滨区吾悅广场三楼天空之城,,,maimai_dx,,wahlap
天空之城宿州埇桥吾悦店,安徽省宿州市埇桥区新城吾悦广场三楼Z08商铺,,,maimai_dx,,wahlap
天空之城宿迁泗洪店,江苏省宿迁市泗洪县青阳街道吾悦广场二楼天空之城,,,maimai_dx,,wahlap
天空之城常州天宁店,江苏省常州市天宁区天宁吾悦广场3楼天空之城,,,maimai_dx,,wahlap
天空之城常州武进店,江苏省常州市武进区湖塘镇吾悦广场4幢301铺,,,chunithm;maimai_dx,,wahlap
天空之城常州钟楼吾悦广场店,江苏省常州市钟楼区延陵西路吾悦国际广场3楼天空之城,,,chunithm,,wahlap
天空之城常州飞龙吾悦店,常州市新北区三井街道飞龙吾悦广场3楼天空之城,,,maimai_dx,,wahlap
天空之城平潭吾悦店,福建省平潭县瑶竹南路11号平潭吾悦广场S1号楼171-Z201商铺,,,maimai_dx,,wahlap
天空之城平顶山湛河店,河南省平顶山市湛河区和顺路与凌云路交叉口中骏世界城2层,,,maimai_dx,,wahlap
天空之城广安吾悦广场店,四川省广安市广安区金安大道三段70号广安吾悦广场Z301,,,maimai_dx,,wahlap
天空之城广州华丰汇店,广东省广州市番禺区市桥街清河东路203号番禺华丰汇购物中心3楼,,,chunithm;maimai_dx,,wahlap
天空之城广州白云嘉禾店,广东省广州市白云区望岗鹤龙二路85号嘉禾金铂天地二楼天空之城,,,chunithm;maimai_dx,,wahlap
天空之城广州白云百信店,"广东省广州市白云区棠乐路1,3,5,7号3层XL3019号铺",,,maimai_dx,,wahlap
天空之城建邺吾悦广场店,江苏省南京市建邺区汉中门大街299号吾悦广场二楼天空之城,,,chunithm;maimai_dx,,wahlap
天空之城徐州贾汪店,江苏省徐州市贾汪区吾悦广场2楼天空之城,,,maimai_dx,,wahlap
天空之城成都龙泉驿吾悦广场店,四川省成都市龙泉驿区东安街道桃都大道中段888号1栋4单元3层68号吾悦广场三3F-3027号天空之城,,,maimai_dx,,wahlap
天空之城扬州三盛店,江苏省扬州市邗江区三盛国际广场3楼天空之城,,,maimai_dx,,wahlap
天空之城扬州安宜吾悦广场店,江苏省扬州市宝应县安宜镇吾悦广场二楼天空之城,,,maimai_dx,,wahlap
天空之城扬州邗江吾悦店,江苏省扬州市邗江区竹西路29号新城吾悅商场3楼天空之城,,,chunithm;maimai_dx,,wahlap
天空之城扬州金鹰广场店,江苏省扬州市江都区金鹰广场三楼天空之城,,,maimai_dx,,wahlap
天空之城无锡万达店,江苏省无锡市宜兴市宜城街道万达广场1号娱乐楼Z-2F-A点位天空之城,,,chunithm;maimai_dx,,wahlap
天空之城无锡滨湖店,江苏省无锡市滨湖区蠡园街道蠡园开发区标准写字楼A4第二层202-33,,,maimai_dx,,wahlap
天空之城昆明五华吾悦广场店,云南省昆明市五华区吾悦广场三楼多奇妙儿童乐园,,,maimai_dx,,wahlap
天空之城昆明安宁吾悦广场店,云南省昆明市安宁市连然街道金方路116号吾悦广场1b层天空之城,,,maimai_dx,,wahlap
天空之城昆明晋宁吾悦广场店,云南省昆明市晋宁区昆阳街道办永乐大街晋宁吾悦广场Z205号商铺天空之城,,,maimai_dx,,wahlap
天空之城昆明西山南悦城店,云南省昆明市西山区滇池度假区广福路南悦城9栋2楼天空之城,,,maimai_dx,,wahlap
天空之城杭州上城西湖银泰店,浙江省杭州市上城区延安路98号西湖银泰3楼,,,chunithm;maimai_dx,,wahlap
天空之城枣庄滕州吾悦店,山东省枣庄市滕州市北辛街道北辛路与善国路交汇处滕州吾悦广场三层天空之城,,,maimai_dx,,wahlap
天空之城桂林吾悦店,广西桂林市临桂区吾悦广场二楼天空之城,,,maimai_dx,,wahlap
天空之城永州冷水滩万达店,湖南省永州市冷水滩区曲河街道进贤路万达商业广场3F层3F-A,,,maimai_dx,,wahlap
天空之城汉中汉台吾悦广场店,陕西省汉中市汉台区吾悦广场三楼Z06铺天空之城多奇妙,,,maimai_dx,,wahlap
天空之城汕头澄海店,汕头市澄海区澄华街道德政路中骏世界城M301单元,,,maimai_dx,,wahlap
天空之城江苏沭阳店,江苏省宿迁市沭阳县吾悦广场二楼天空之城,,,maimai_dx,,wahlap
天空之城江门新会万达店,广东省江门市新会区会城启超大道2号江门新会万达广场二层2F-A-A,,,chunithm;maimai_dx,,wahlap
天空之城泉州晋江上悦城店,福建省泉州市晋江市池店镇华洲村华东路86号百捷上悦城三楼天空之城,,,maimai_dx,,wahlap
天空之城泉州晋江店,福建省泉州市晋江市陈埭镇鞋都路吾悦广场三楼天空之城,,,maimai_dx,,wahlap
天空之城泰安新泰吾悦广场店,山东省泰安市新泰市青云街道吾悦广场二楼Z03,,,maimai_dx,,wahlap
天空之城泰安泰山吾悦广场店,山东省泰安市泰山区徐家楼街道青年路556号泰汶吾悦广场Z202号商铺,,,maimai_dx,,wahlap
天空之城泰安肥城吾悦店,山东省泰安市肥城市新城街道办事处肥桃路109号吾悦广场购物中心Z302商铺,,,maimai_dx,,wahlap
天空之城泰州海陵店,江苏省泰州市海陵区中骏世界城二楼M251号天空之城,,,maimai_dx,,wahlap
天空之城海口龙华店,海南省海口市龙华区金宇街道南海大道15号龙湖海口时代天街一期3楼A-3F-01a号天空之城,,,chunithm;maimai_dx,,wahlap
天空之城淄博张店吾悦店,山东省淄博市张店区付家镇吾悦广场2楼天空之城,,,maimai_dx,,wahlap
天空之城淮南田家庵店,安徽省淮南市田家庵区洞山东路吾悦广场3F天空之城多奇妙,,,chunithm;maimai_dx,,wahlap
天空之城淮安万象城店,江苏淮安市清江浦区翔宇中道170号淮安万象城L4FL415商铺,,,maimai_dx,,wahlap
天空之城淮安涟水滨河吾悦店,江苏省淮安市涟水县涟城街道清涟大道与淮浦南路交叉口路滨河吾悦广场二楼Z205商铺,,,maimai_dx,,wahlap
天空之城淮安生态新城吾悦店,江苏省淮安市生态新城吾悦广场三楼天空之城多奇妙乐园,,,maimai_dx,,wahlap
天空之城深圳龙岗店,广东省深圳市龙岗区龙城街道大运星河COCO PARK三楼天空之城,,,maimai_dx,,wahlap
天空之城清远清城万达店,广东省清远市清城区凤城街道湖西路万达广场1号门3楼天空之城,,,chunithm;maimai_dx,,wahlap
天空之城温州吾悦广场店,浙江省温州市龙湾区蒲州街道上江路150号吾悦广场三楼天空之城,,,chunithm;maimai_dx,,wahlap
天空之城温州瑞安吾悦广场店,浙江省温州市瑞安市新城吾悦广场3楼3055号商铺天空之城,,,maimai_dx,,wahlap
天空之城潍坊吾悦广场店,山东省潍坊市奎文区吾悦广场三楼天空之城,,,maimai_dx,,wahlap
天空之城盐城中南店,江苏省盐城市盐都区解放南路278号中南城购物中心二楼天空之城,,,chunithm;maimai_dx,,wahlap
天空之城盐城大丰吾悦广场店,江苏省盐城市大丰区常新北路8号吾悦广场二楼,,,maimai_dx,,wahlap
天空之城福州仓山中俊店,福建省福州市仓山区利民路11号A地块中骏世界城项目,,,chunithm;maimai_dx,,wahlap
天空之城福州苏宁广场店,福建省福州市台江区宁化街道工业路233号福州苏宁广场3F层A区﹣310号天空之城,,,chunithm;maimai_dx,,wahlap
天空之城绍兴嵊州店,浙江省绍兴市嵊州市环城南路与富豪路交汇处东北角嵊州吾悦广场F2天空之城,,,maimai_dx,,wahlap
天空之城肇庆四会吾悦广场店,广东省肇庆市四会市东城街道玉城居委会商业大道125号四会吾悦广场三楼Z11天空之城多奇妙,,,maimai_dx,,wahlap
天空之城芜湖镜湖店,安徽省芜湖市镜湖区华强吾悦广场3楼,,,chunithm;maimai_dx,,wahlap
天空之城苏州昆山吾悦店,江苏省苏州市昆山市玉山镇吾悦广场二楼天空之城,,,maimai_dx,,wahlap
天空之城苏州胥江店,江苏省苏州市姑苏区劳动路777号2号楼A-3F-30a、A-3F-31、A-3F-32a号天空之城,,,chunithm,,wahlap
天空之城苏州龙湖店,江苏省苏州市工业园区亭谊街38号龙湖星湖天街店A-2F-35,,,maimai_dx,,wahlap
天空之城荆州吾悦店,湖北省荆州市沙市区吾悦广场3楼天空之城,,,maimai_dx,,wahlap
天空之城蚌埠吾悦广场店,安徽省蚌埠市蚌山区吾悦广场三楼天空之城,,,chunithm;maimai_dx,,wahlap
天空之城襄阳樊城吾悦店,湖北省襄阳市樊城区长虹路北77号吾悦广场三楼天空之城,,,maimai_dx,,wahlap
天空之城西宁城东吾悦广场店,青海省西宁市八一路城东吾悦广场3楼天空之城多奇妙,,,maimai_dx,,wahlap
天空之城西宁城北吾悦广场店,青海省西宁市城北区小桥大街吾悦广场3楼天空之城,,,chunithm;maimai_dx,,wahlap
天空之城西安碑林店,陕西省西安市碑林区雁塔北路8号李家村万达广场娱乐楼2F-A-A,,,maimai_dx,,wahlap
天空之城西安西咸吾悦店,陕西省西安市西咸吾悦广场3楼天空之城,,,maimai_dx,,wahlap
天空之城诸暨雄风新天地店,浙江省诸暨市浣东街道苎萝东路555号雄风新天地三楼天空之城,,,maimai_dx,,wahlap
天空之城连云港海州吾悦广场店,江苏省连云港市海州区秦东门大街390号吾悅广场二楼天空之城,,,maimai_dx,,wahlap
天空之城连云港赣榆店,江苏省连云港市赣榆区青口镇吾悦广场二楼天空之城,,,maimai_dx,,wahlap
天空之城遵义习水时代广场店,贵州省遵义市习水县杉王街道希望社区时代广场第三层4、5、18、19-1号酷潮星空天空之城,,,maimai_dx,,wahlap
天空之城遵义红花岗店,贵州省遵义市红花岗区吾悦广场三楼,,,maimai_dx,,wahlap
天空之城郑州荥阳店,河南省郑州市荥阳市豫龙镇荥泽大道与郑上路交叉口向北吾悦广场第二层天空之城,,,maimai_dx,,wahlap
天空之城重庆北碚吾悦店,重庆市北碚区天生街道劳动村37号吾悦广场二楼天空之城,,,maimai_dx,,wahlap
天空之城重庆江津双福店,重庆市江津区双福街道南北大道北段路390号天空之城游乐体验世界,,,maimai_dx,,wahlap
天空之城钦州吾悦广场店,广西壮族自治区钦州市钦南区吾悦广场3楼天空之城多奇妙,,,chunithm;maimai_dx,,wahlap
天空之城镇江丹阳店,江苏省镇江市丹阳市开发区吾悦广场三楼天空之城,,,maimai_dx,,wahlap
天空之城镇江吾悦店,江苏省镇江市新区丁卯桥路223号吾悦商场3楼天空之城,,,chunithm;maimai_dx,,wahlap
天空之城长春宽城店,吉林省长春市宽城区北远达大街与应化新路交汇处长春北湖吾悦广场三层Z07号商铺天空之城多奇妙乐园,,,maimai_dx,,wahlap
天空之城长沙东四吾悦广场店,湖南省长沙市长沙县星沙街道东四路西望仙路以北吾悦广场3015商铺,,,chunithm;maimai_dx,,wahlap
天空之城雨山龙湖店,江苏省南京市浦口区光明路59号龙湖南京雨山天街3楼天空之城,,,maimai_dx,,wahlap
天空之城雨花吾悦店,江苏省南京市雨花区板桥新城吾悦广场2楼天空之城,,,maimai_dx,,wahlap
天空之城顺德乐从天佑城店,广东省佛山市顺德区乐从镇路州村委会乐从大道东B270号乐从天佑城二层2F-014号商铺,,,maimai_dx,,wahlap
天空之城高密世界城店,山东省高密市密水街道康城大街（东）7号中骏世界城3层M301号,,,maimai_dx,,wahlap
天空之城龙岩新罗万宝店,福建省龙岩市新罗区龙岩大道万宝广场三楼天空之城,,,maimai_dx,,wahlap
天空之星贵溪雄石天虹店,江西省贵溪市雄石路天虹购物中心3楼3028天空之星,,,chunithm;maimai_dx,,wahlap
天马行空潮玩浙江丽水店,浙江省丽水市莲都区学院路36号西城美食广场三层301号,,,maimai_dx,,wahlap
太原灵漫家庭娱乐广场店,山西省太原市尖草坪区柴村街道和平北路277号天美杉杉奥特莱斯太原店二楼,,,maimai_dx,,wahlap
太空之旅昆明五华朗悦湾店,云南省昆明市五华区红云街道办事处小康大道朗悦湾广场三层L3001、3002、30253038号商铺,,,maimai_dx,,wahlap
太空喵广州白云庆达店,广东省广州市白云区钟落潭镇庆达广场3楼,,,chunithm;maimai_dx,,wahlap
太空喵广州白云润洲广场店,广东广州市白云区大源街道润洲广场2楼,,,maimai_dx,,wahlap
太空橙邢台内丘福壹城店,河北邢台市内丘县宏福壹城二楼太空橙家庭娱乐中心,,,maimai_dx,,wahlap
太空球乐园无锡锡山店,无锡市锡山区安镇街道九里仓商业中心A区3-102/109/110/111号,,,maimai_dx,,wahlap
头号玩家上饶广丰店,江西省上饶市广丰区永丰街道永丰大道1号广丰里三楼头号玩家,,,maimai_dx,,wahlap
头号玩家厦门海沧sm店,福建省厦门市海沧区sm城市广场2楼头号玩家,,,maimai_dx,,wahlap
头号玩家合肥经开星达城店,合肥市经开区翡翠路与丹霞路交口星达城购物中心二楼头号玩家,,,maimai_dx,,wahlap
头号玩家广州海珠保利广场店,广东省广州市海珠区新港东路保利广场三楼头号玩家,,,maimai_dx,,wahlap
头号玩家昭通邵阳步行街店,云南省昭通市昭阳区东门步行街85、87号门面,,,maimai_dx,,wahlap
头号玩家杭州桐庐开元森泊店,杭州市桐庐县林场路2号开元森泊度假乐园,,,chunithm;maimai_dx,,wahlap
头号玩家潮玩竞技淮南时代广场店,安徽省淮南市朝阳中路时代广场4f,,,chunithm;maimai_dx,,wahlap
头号玩家蚌埠东鼎店,安徽省蚌埠市龙子湖区东鼎购物中心4楼头号玩家潮玩竞技,,,chunithm,,wahlap
头号玩家郑州正弘城店,河南省郑州市金水区文化路街道正弘城四楼头号玩家,,,maimai_dx,,wahlap
头号玩家郑州龙湖锦艺城店,河南省郑州市新郑市龙湖镇锦艺城购物中心三楼头号玩家,,,chunithm;maimai_dx,,wahlap
头号玩家阳江江城店,广东省阳江市江城区新江东路299号广之恒繁华里头号玩家,,,maimai_dx,,wahlap
头号玩家韶关曲江店,韶关市曲江区马坝镇城南教育路北亿华城南商贸城一楼首层西边部分商场2号,,,maimai_dx,,wahlap
夸特世界大兴亦庄天街店,北京市大兴区北京经济技术开发区 兴海路一号院一号楼龙湖亦庄天街三楼夸特世界,,,maimai_dx,,wahlap
夸特世界朝阳龙湖天街店,北京市朝阳区北苑东路19号院北苑龙湖天街A馆4层,,,maimai_dx,,wahlap
夸特世界（亦庄龙湖天街店）,"No.1 Xinghai Road, Building 1, Longfor Yizhuang Paradise Walk, 3, Daxing District, Beijing, Beijing, 100176",39.7936937,116.4805691,maimai_dx,,ziv
夸特游艺 Quart World (熙悦店),"B Zone 4F, Shop L4-13, Xiyue Paradise Walk, Intersection of Lian, Beijing, China, Beijing, Beijing, 102488",39.7327455,116.1793841,maimai_dx;other;taiko,,ziv
夸特游艺 Quart World (石景山店),"No.17 Xincheng East Street, Building 2, Longfor Chang'an Paradis, Mentougou District, Beijing, Beijing, 102300",39.9049829,116.2194804,chunithm;maimai_dx;other;taiko,,ziv
夸特游艺丰台银座店,北京市丰台区银座和谐广场4层402a夸特游艺,,,maimai_dx,,wahlap
夸特游艺北京朝阳长楹天街店,北京朝阳区常营地区 常通路1号院长楹天街购物中心-西区三楼夸特游艺,,,maimai_dx,,wahlap
夸特游艺北京海淀西北旺店,北京市海淀区西北旺万象汇四楼夸特游艺,,,maimai_dx,,wahlap
夸特游艺北京石景山店,北京市石景山区石景山路乙18号石景山万达广场1F夸特游艺,,,chunithm;maimai_dx,,wahlap
夸特游艺朝阳凯德店,北京朝阳区广顺北大街33号凯德MALL购物中心3楼夸特游艺,,,maimai_dx,,wahlap
夸特游艺门头沟店,北京市门头沟金安路长安天街三楼夸特游艺,39.9018000,116.1186000,chunithm;maimai_dx,,wahlap;ziv
夸特游艺门头沟长安天街店,北京市门头沟区金安路长安天街三楼夸特游艺,,,maimai_dx,,wahlap
夸特游艺（银座和谐广场店）,"402, 4th Floor, Yinzuo Harmony Plaza, No. 68 Wanfeng Road, Fengtai District, Beijing, Beijing, 100161",39.8809759,116.2915094,maimai_dx;other;taiko,,ziv
夸特糖乐园北京房山龙湖天街店,北京市房山区拱辰北大街甲顺房山龙湖天街三层,,,maimai_dx,,wahlap
夹满嘟广州番禺厦滘店,广东省广州市番禺区厦滘岭南电商园三街一楼47号夹满嘟,,,maimai_dx,,wahlap
夹米星球 Rich Stars (Fengtai Huiqin Mall),"JiaMi Planet (Fengtai Huiqin Branch),, Fengtai District, Beijing, Beijing, 100070",39.8416270,116.4172067,maimai_dx;other;taiko,,ziv
夹米星球丰台石榴庄店,北京市丰台区石榴庄街道榴乡路86号汇琴购物中心二层夹米星球,,,maimai_dx,,wahlap
夹米星球北京昌平店,北京市昌平区南环东路10号院1号楼悦荟广场五层夹米星球,,,maimai_dx,,wahlap
夺宝奇兵石家市桥西店,河北省石家庄市桥西区未来城四楼F区A403,,,maimai_dx,,wahlap
奇乐兜大同百盛云中店,山西省大同市平城区清远西街百盛云中店三楼西侧奇乐兜,,,maimai_dx,,wahlap
奇乐多,"F6 Floor, Xingshicheng Shopping Plaza, No. 34-1 Zhongxin Road, Bao’an District 宝安区, Shenzhen City 深圳市, Guangdong Province 广东省, 518104",22.7250983,113.8246733,gitadora;other;taiko,,ziv
奇享玩邯郸丛台天鸿广场店,河北省邯郸市丛台区联纺东路阳光天鸿广场B301奇享玩,,,maimai_dx,,wahlap
奇哒荟北京丰台店,北京市丰台区丰台北路18号金唐新光界三层东侧奇哒荟,39.8649795,116.2989695,maimai_dx;other,,wahlap;ziv
奇哒荟海南昌江店,海南省黎族自治县石碌镇人民北路71-88号昌江海汽商业广场,,,maimai_dx,,wahlap
奇境乐园广州白云百信广场店,广东省广州市白云区机场路百信广场东区四楼奇境乐园,,,chunithm,,wahlap
奇奇乐园(新民众乐园店),"江汉区中山大道江汉路新民众乐园4楼, 武汉(Wuhan), 湖北(Hubei)",30.5758126,114.2861812,jubeat;other,,ziv
奇奇乐园上海闵行龙盛广场店,上海市闵行区都市路龙盛商业广场一楼奇奇乐园,,,maimai_dx,,wahlap
奇奇乐园宜昌兴发店,湖北省宜昌市伍家岗区中南路35号兴发广场3楼奇奇乐园,,,maimai_dx,,wahlap
奇奇乐园宜昌西陵CBD店,湖北省宜昌市西陵区夷陵大道58号CBD购物中心三楼奇奇乐园,,,maimai_dx,,wahlap
奇奇乐园武汉青山店,湖北省武汉市青山区和平大道奥山世纪广场3楼,,,maimai_dx,,wahlap
奇奇乐园襄阳樊城万达店,湖北省襄阳市樊城区长虹路万达广场三楼奇奇乐园,,,maimai_dx,,wahlap
奇奇乐园襄阳樊城南国店,湖北省襄阳市樊城区长虹路泛悦4楼奇奇乐园,,,maimai_dx,,wahlap
奇奇乐园襄阳樊城天元店,湖北省襄阳市樊城区定中街天元四季城二楼奇奇乐园,,,maimai_dx,,wahlap
奇奇乐园随州曾都店,湖北省随州市曾都区区大润发3楼奇奇乐园娱乐电玩,,,maimai_dx,,wahlap
奇奇乐园（龙盛国际商业广场店）,"1F, Longsheng International Commercial Plaza, No.3759, Minhang District, Shanghai, Shanghai, 201100",31.0871777,121.3942136,maimai_dx;other,,ziv
奇奇潮玩(华清广场),"3rd Floor, Huaqing Plaza, Yanta North Road No.99, 雁塔北路99号华清广场F3, Xi'an, Shannxi, 710000",34.2418519,108.9597470,maimai_dx;other,,ziv
奇奇潮玩西安曲江新店,陕西省西安市曲江新区临水路正荣彩虹谷2楼奇奇潮玩,,,maimai_dx,,wahlap
奇奇潮玩西安碑林华清广场店,陕西省西安市碑林区李家村华清广场3楼奇奇潮玩,,,maimai_dx,,wahlap
奇奇潮玩西安雁塔际华广场店,陕西省西安市雁塔区昆明池路际华广场5楼,,,maimai_dx,,wahlap
奇妙之城·聚有引力 (宏发大世界),"3rd Floor, Zone B, Hongfa World Arena, Shiyan Subdistrict, Bao’an District 宝安区, Shenzhen City 深圳市, Guangdong Province 广东省, 518108",22.6787279,113.9256254,chunithm;maimai_dx;other,,ziv
奇妙之城佛山嘉州广场店,广东省佛山市三水区乐平镇乐平大道嘉州广场二楼,,,maimai_dx,,wahlap
奇妙之城佛山高明店,广东省佛山市高明区荷富路801号钧明城三楼,,,maimai_dx,,wahlap
奇妙之城六安裕安吾悦广场店,安徽省六安市裕安区小华山街道吾悦广场三楼奇妙之城,,,chunithm;maimai_dx,,wahlap
奇妙之城南阳方城店,河南省南阳市方城县大裕城购物中心奇妙之城电玩城,,,maimai_dx,,wahlap
奇妙之城宜宾成悦广场店,四川省宜宾市江安县成悦广场二楼,,,chunithm;maimai_dx,,wahlap
奇妙之城广州从化奥莱小镇店,广东省广州市从化区太平镇广从南路2231号流溪河奥莱小镇负一楼电玩城,,,chunithm,,wahlap
奇妙之城成都温江店,四川省成都市温江区学府路南段8号温江旭辉Cmall三楼奇妙之城F3012,,,chunithm;maimai_dx,,wahlap
奇妙之城柳州柳北保利店,广西省柳州市柳北区白沙路2号保利商业广场三楼奇妙之城,,,chunithm;maimai_dx,,wahlap
奇妙之城梅州天虹店,广东省梅州市梅县区扶大镇天虹购物中心3楼,,,chunithm;maimai_dx,,wahlap
奇妙之城江门东汇城店,广东省江门市开平市长沙街道开平大道一号富港东汇城4F奇妙之城,,,chunithm;maimai_dx,,wahlap
奇妙之城深圳光明万达广场店,广东省深圳市光明区光明万达广场一楼奇妙之城,,,chunithm;maimai_dx,,wahlap
奇妙之城深圳坪山百佳华店,深圳市坪山区龙坪路 百佳华2楼奇妙之城,,,maimai_dx,,wahlap
奇妙之城深圳宝安店,广东省深圳市宝安区宏发大世界b区三楼奇妙之城,,,chunithm;maimai_dx,,wahlap
奇妙之城深圳龙华店,广东省深圳市龙华区民治街道星河cococity 2楼奇妙之城,,,chunithm;maimai_dx,,wahlap
奇妙之城珠海香洲店,广东省珠海市香洲区永德街8号融德广场2楼022商铺奇妙之城,,,chunithm;maimai_dx,,wahlap
奇妙之城郴州宜章中环店,湖南省郴州市宜章县天润中环购物广场二奇妙之城,,,maimai_dx,,wahlap
奇妙之城鄂尔多斯铜锣湾店,内蒙古鄂尔多斯市伊金霍洛旗铜锣湾广场4L奇妙之城,,,maimai_dx,,wahlap
奇妙之城韶关摩尔城店,广东省韶关市武江区韶关摩尔城3楼奇妙之城,,,chunithm;maimai_dx,,wahlap
奇妙之旅广州番禺店,广州市番禺区南村镇汉溪大道386号,,,maimai_dx,,wahlap
奇幻岛绵阳梓潼半月店,四川省绵阳市梓潼县文昌镇青岭村崇文半月商业中心2栋2层奇幻岛,,,maimai_dx,,wahlap
奇幻星空湛江雷州购物广场,广东省湛江市雷州市雷州购物广场（旧昌大昌）三层奇幻星空,,,maimai_dx,,wahlap
奇幻王国电玩城北京大兴环宇坊店,北京市大兴区瀛海路环宇坊4楼奇幻王国电玩城,,,maimai_dx,,wahlap
奇幻王国（大兴环宇坊店）,"3F Northeast, Huanyufang Mall, No.12 Jiuzhong Road, Jiugong Town, Daxing District, Jiugong Town, Beijing, Beijing, 102600",39.7562139,116.4418592,maimai_dx;other;taiko,,ziv
奇幻空间东莞寮步万润广场店,广东省东莞市寮步镇万润广场3楼C区,,,chunithm;maimai_dx,,wahlap
奇幻空间广州花都来又来店,广东省广州市花都区龙珠路39号来又来商场3楼奇幻空间电玩城,,,chunithm;maimai_dx,,wahlap
奇星乐动漫城宁波宁海店,浙江省宁波市宁海县桃源中路168号三楼奇星乐动漫城,,,maimai_dx,,wahlap
奇趣乐园句容吾悦广场店,江苏省句容市吾悦广场二楼奇趣乐园,,,maimai_dx,,wahlap
奇趣联盟辽阳文圣万达店,辽宁省辽阳市文圣区万达广场2F_B奇趣联盟,,,maimai_dx,,wahlap
奇趣超乐园岳阳平江店,湖南省岳阳市平江县天岳大道与长冲路交叉口奇趣超乐园,,,maimai_dx,,wahlap
奇迹未来城广西北海银海万达广场店,广西省北海市银海区广东南路225号万达广场3楼3F-A,,,maimai_dx,,wahlap
奇迹未来城桂林七星高新万达店,桂林市七星区穿山东路43号桂林高新万达广场12栋3层3F-A-A,,,maimai_dx,,wahlap
奇迹未来城桂林临桂万达店,广西壮族自治区桂林市临桂区临桂万达二楼2F-D,,,maimai_dx,,wahlap
奇迹未来城玉林玉州万达广场店,广西壮族自治区玉林市玉州区万达广场二楼奇迹未来城,,,maimai_dx,,wahlap
奇迹未来城醴陵星悦茂店,湖南省醴陵市青云路星悦茂D区,,,maimai_dx,,wahlap
奇迹童年株洲天元奥特莱斯店,湖南省株洲市天元区奥特莱斯二楼2010奇迹童年,,,maimai_dx,,wahlap
奇迹风云会秦皇岛茂业天地店,河北省秦皇岛市海港区河北大街西段茂业天地4楼奇迹风云会,,,maimai_dx,,wahlap
奈得斯动漫城昆山北门路店,江苏省昆山市北门路388号温莎堡假日广场二楼奈得斯动漫城,,,chunithm;maimai_dx,,wahlap
奈斯家庭娱乐中心苏州店,江苏省苏州市常熟市虞山街道方塔步行街7-2号楼奈斯家庭娱乐中心,,,maimai_dx,,wahlap
奕部落金华义乌爱琴海店,浙江省金华市义乌市廿三里街道爱琴海购物公园三楼奕部落科技动漫城,,,maimai_dx,,wahlap
奥尔曼嘉年华北京龙旗广场店,"北京市昌平区黄平路19号龙旗购物中心F2层, Beijing, Beijing, Beijing, 100096",40.0648443,116.3409647,maimai_dx;other,,ziv
奥尔曼嘉年华昌平龙旗购物中心店,北京市昌平区黄平路19号龙旗购物中心F2层奥尔曼嘉年华,,,maimai_dx,,wahlap
奥康潮玩城滁州全椒店,安徽省滁州市全椒县奥康商业步行街新华街1号奥康潮玩城,,,maimai_dx,,wahlap
奥纪电玩城汕尾明珠店,广东省汕尾市城区香洲路明珠广场三楼奥纪电玩城,,,maimai_dx,,wahlap
奥飞欢乐世界北京龙湖天街店,北京市房山区龙湖天街,,,chunithm;maimai_dx,,wahlap
奥飞欢乐世界太原来福店,山西省太原市万柏林区世纪联华来福购物中心三楼,,,maimai_dx,,wahlap
好世界徐州新沂店,"江苏省徐州市新沂市新悦广场2F,2-30号好世界家庭娱乐中心",,,maimai_dx,,wahlap
好好次元伊宁山东路店,新疆维吾尔自治区伊犁哈萨克自治州伊宁市伊宁市开发区山东路1501号家乡好超市三楼,,,maimai_dx,,wahlap
好宜多电玩城惠州惠阳店,广东省惠州市惠阳区淡水镇南门东街好宜多商贸广场五楼电玩城,,,maimai_dx,,wahlap
好抓娃娃青岛万达广场店,山东省青岛市城阳区青特万达广场一楼娃娃机,,,maimai_dx,,wahlap
好特电玩柳州五星店,广西柳州市城中区解放南路87号两面针大厦负一楼好特电玩五星店,,,maimai_dx,,wahlap
好玩谷动漫游戏主题乐园东莞店,广东省东莞市南城莱蒙商业中心三楼好玩谷动漫游戏主题乐园,,,maimai_dx,,wahlap
好玩谷唐山市丰润区万达广场店,河北省唐山市丰润区万达广场2F-B,,,maimai_dx,,wahlap
好酷好玩宝鸡高新财富大厦店,陕西省宝鸡市高新区高新大道50号财富大厦北一层好酷好玩潮玩馆,,,maimai_dx,,wahlap
好酷好玩电玩城,"Main Entrance of Fortune Building, High-tech CBD, Maying Town, Weibin District, Baoji, Shannxi, 721004",34.3473470,107.2268200,maimai_dx;other;taiko,,ziv
好酷好玩赣州章贡店,江西省赣州市章贡区红旗大道南门Q park4楼好酷好玩游乐汇,,,maimai_dx,,wahlap
威尼斯辽源东旺店,吉林省辽源市步行街东旺集贸三楼威伲斯电玩馆,,,maimai_dx,,wahlap
威龙传奇 Viking Glory Game Center @ Shanghai,"2F West, Wanda Plaza Songjiang, Guangfulin Road, Songjiang District, Shanghai, Shanghai, 201620",31.0600459,121.2388083,maimai_dx;other;taiko,,ziv
威龙传奇威海店,山东省威海市环翠区威高购物广场B馆负一层威龙传奇,,,maimai_dx,,wahlap
威龙传奇德州齐河县万达店,山东省德州市齐河县万达广场三楼威龙传奇,,,maimai_dx,,wahlap
威龙传奇松江万达店,上海市松江区万达广场二号门二楼威龙传奇,,,maimai_dx,,wahlap
威龙传奇济南世茂广场店,山东省济南市历下区泉城路26号世茂国际广场东座3楼E322威龙传奇,,,maimai_dx,,wahlap
威龙传奇济南华山环宇城店,山东省济南市将军路华山环宇城,,,maimai_dx,,wahlap
威龙传奇滕州万达广场店,山东省枣庄市滕州市万达广场三楼威龙传奇,,,maimai_dx,,wahlap
威龙传奇潍坊奎文店,山东省潍坊市奎文区泰华新天地三楼威龙传奇电玩城,,,maimai_dx,,wahlap
威龙传奇潍坊奎文泰华新天地店,山东省潍坊市奎文区泰华新天地三楼威龙传奇电玩城,,,maimai_dx,,wahlap
娱乐侠泰安泰山万达店,山东省泰安市泰山区泰山大街566号3F,,,chunithm;maimai_dx,,wahlap
娱乐至上成都武侯世豪店,四川省成都市武侯区世豪广场四楼娱乐至上,,,maimai_dx,,wahlap
娱乐至上成都都江堰店,四川省成都市都江堰市幸福街道幸福社区都江堰大道106号1号楼4层13b室,,,maimai_dx,,wahlap
娱乐至上成都锦江大融城店,四川省成都市锦江区喜树街35号大融城三楼娱乐至上,,,maimai_dx,,wahlap
嬉游潮玩东莞麻涌店,广东省东莞市麻涌镇南峰路嘉荣荟三楼嬉游潮玩家庭娱乐中心,,,maimai_dx,,wahlap
嬉游潮玩广州增城新塘店,广东省广州市增城区新塘镇新福路9号新塘万达广场三楼3F-A,,,maimai_dx,,wahlap
子洋联盟娄底娄星吾悦广场店,娄底市娄星区娄底吾悦广场子洋联盟,,,maimai_dx,,wahlap
子洋联盟娄底开成商悦广场店,湖南省娄底市涟源市蓝田街道开成商悦广场三楼子洋联盟,,,maimai_dx,,wahlap
子洋联盟宜昌水悦城店,湖北省宜昌市高新区发展大道水悦城四楼409A子洋联盟,,,chunithm,,wahlap
子洋联盟宜昌西陵水悦城店,湖北省宜昌市西陵区水悦城四楼子洋联盟,,,maimai_dx,,wahlap
子洋联盟新宁店,湖南省新宁县崀山国际商业广场子洋联盟,,,maimai_dx,,wahlap
子洋联盟潮玩汇黄石店,湖北省黄石市下陆区团城山万达广场2楼子洋联盟潮玩汇,,,maimai_dx,,wahlap
子洋联盟长沙岳麓华润店,湖南省长沙市岳麓区枫林三路华润欢乐颂LG层子洋联盟,,,maimai_dx,,wahlap
子洋联盟长沙才子汇店,湖南省长沙市望城区聚源路才子汇2楼子洋联盟,,,maimai_dx,,wahlap
子洋联盟长沙望城奥莱店,湖南省长沙市望城区金星北路砂之船奥莱3楼子洋联盟动漫体验中心,,,chunithm;maimai_dx,,wahlap
子洋联盟长沙高铁吾悦店,湖南省长沙市雨花区块东山街道劳动东路1058号长沙高铁吾悦广场Z12号,,,chunithm;maimai_dx,,wahlap
孩皮吧咸宁咸安同惠店,湖北省咸宁市咸安区同惠国际广场三楼孩皮吧,,,chunithm;maimai_dx,,wahlap
宁波工程学院,"147号-191号 Feng Hua Lu, Ningbo, Zhejiang, 315032",29.9109633,121.6119830,ddr;iidx;maimai_dx;nostalgia;other;sdvx;taiko,,ziv
宅漫游重庆观音桥红鼎国际店,重庆市两江新区观音桥红鼎国际C座23-10,,,maimai_dx,,wahlap
宇宙星球吕梁离石永宁店,山西省吕梁市离石区莲花池街道龙凤南大街永宁国际购物中心四楼宇宙星球,,,maimai_dx,,wahlap
宇宙星球高平红旗店,山西省高平市红旗新天地4楼宇宙星球,,,maimai_dx,,wahlap
宇宙潮玩九江湖口千艺江湖汇店,九江市湖口县景湖路人民银行旁千艺江湖汇L2层2001号铺,,,maimai_dx,,wahlap
宇宙英雄大连金州店,辽宁省大连金州区斯大林路286号向应广场地下商业街地一城宇宙英雄电玩城,,,maimai_dx,,wahlap
宇宙队长上饶广信万慧店,上饶市广信区旭日北大道12号万慧广场二楼2F-A宇宙队长,,,maimai_dx,,wahlap
宇宙队长上饶弋阳东华店,江西省上饶市弋阳县南岩镇招贤路1号东华时代广场二层3F,,,maimai_dx,,wahlap
宇宙队长上饶玉山店,江西省上饶市玉山县天街3楼宇宙队长,,,maimai_dx,,wahlap
宇宙队长上饶铅山天街店,江西省上饶市铅山县河口镇狮江大道100号铅山天街商场三楼,,,maimai_dx,,wahlap
宇宙队长南昌安义店,江西省南昌市安义县龙津镇迎宾大道新鹏泰超市一搂宇宙队长电玩城,,,maimai_dx,,wahlap
宇宙队长南昌爱和汇店,江西省南昌县爱和汇生活广场二楼宇宙队长,,,maimai_dx,,wahlap
宇宙队长南昌进贤嘉禾店,江西省南昌市进贤县民和镇嘉禾广场鹏颂百货商场3楼宇宙队长,,,chunithm;maimai_dx,,wahlap
宇宙队长宜春铜鼓世茂广场店,江西省宜春市铜鼓县世贸广场二楼宇宙队长,,,maimai_dx,,wahlap
宇宙队长成都云欣广场店,四川省成都市邛崃市瑞云欣广场二楼宇宙队长,,,maimai_dx,,wahlap
宇宙队长武夷山万兆广场店,福建武夷山市清献大道190号万兆广场1楼,,,maimai_dx,,wahlap
宇宙队长泉州德化万达店,福建省泉州市德化县龙浔镇瓷都大道398号万达广场二楼270室宇宙队长,,,maimai_dx,,wahlap
宇宙队长赣州全南江畔湾店,江西省赣州市全南县江畔湾广场宏昌超市1楼,,,maimai_dx,,wahlap
宇宙队长黄冈武穴好又多店,湖北省黄冈市武穴市永宁大道与龙潭路交汇处好又多超市二楼,,,maimai_dx,,wahlap
宇宙队长黄冈武穴雅斯店,湖北省黄冈市武穴市武穴街道雅斯广场3楼F3-1宇宙队长店铺,,,maimai_dx,,wahlap
宝乐城南京栖霞万达茂店,江苏省南京市栖霞区南京万达茂1号门三楼宝乐城,,,chunithm;maimai_dx,,wahlap
宝乐城游乐园南京栖霞南京万达茂店,南京市栖霞区南京万达茂1号门三楼宝乐城,,,maimai_dx,,wahlap
宝乐城游乐园江苏邳州店,江苏省邳州市青年东路宏大欢乐买商场三楼宝乐城游乐园,,,maimai_dx,,wahlap
宝乐城游乐园沭阳吾悦广场店,江苏省宿迁市沭阳县台州南路吾悦广场1号门三楼宝乐城游乐园,,,chunithm;maimai_dx,,wahlap
宝乐城游乐园沭阳金王朝大酒店店,江苏省宿迁市沭阳县人民中路金王朝大酒店一楼沭阳宝乐城,,,chunithm;maimai_dx,,wahlap
宝乐城游乐园淮安万达店,江苏省淮安市万达广场三楼,,,chunithm;maimai_dx,,wahlap
宝乐城郯城福隆店,山东省临沂市郯城县商业街宝乐城,,,maimai_dx,,wahlap
宝古力重庆江岸天街店,重庆市南岸区龙湖江岸天街3楼宝古力,,,maimai_dx,,wahlap
宝诺瓦南京建邺金鹰世界店,江苏省南京市建邺区应天大街888号金鹰世界3楼,,,maimai_dx,,wahlap
宝诺瓦南京浦口弘阳广场店,江苏省南京市浦口区大桥北路48号弘阳广场B1-3F-22铺位,,,maimai_dx,,wahlap
宝贝乐翻天温州银泰店,浙江省温州市大南街道荷花路世贸银泰B馆三楼3009号,,,maimai_dx,,wahlap
宝贝王 Baby King (星河 World),"2nd Floor, Galaxy World Shopping, No.1 Yabao Road, Longgang District 龙岗区, Shenzhen City 深圳市, Guangdong Province 广东省, 518127",22.6067758,114.0543670,chunithm;maimai_dx;other;taiko,,ziv
宝贝王(榆林万达广场),"3rd floor, Wanda Shopping Mall(万达广场), 长兴路, Yuyang District, Yulin, Shannxi, 719000",38.2468467,109.7482145,maimai_dx,,ziv
宝贝王Wanda Kid（捌食捌街店）,"2F, 88 LIFE MALL, Guangyao Dongfang Plaza Block S, No.1, Haidian District, Beijing, Beijing, 100080",39.8981710,116.3164784,maimai_dx,,ziv
宝贝王三明万达店,福建省三明区万达广场一楼宝贝王,,,maimai_dx,,wahlap
宝贝王上海浦江万达店,上海市闵行区永跃路360号3F-A室三楼万达宝贝王,,,maimai_dx,,wahlap
宝贝王东莞厚街万达店,广东省东莞市厚街镇康乐北路8号万达广场一楼宝贝王,,,maimai_dx,,wahlap
宝贝王义乌稠江万达店,浙江省义乌市稠江街道新科路 9 号万达广场宝贝王,,,maimai_dx,,wahlap
宝贝王乐园芜湖南陵店,安徽省芜湖市南陵县籍山镇雄风购物中心二楼宝贝王乐园,,,maimai_dx,,wahlap
宝贝王乐山乐青万达店,四川省乐山市乐青路万达广场1楼宝贝王,,,maimai_dx,,wahlap
宝贝王亳州蒙城万达店,安徽省亳州市蒙城县万达广场二楼宝贝王,,,maimai_dx,,wahlap
宝贝王余杭店,浙江省杭州市文一路1888号万达广场3F,,,chunithm;maimai_dx,,wahlap
宝贝王六安金安万达店,安徽省六安市金安区万达广场1BF宝贝王乐园,,,maimai_dx,,wahlap
宝贝王包头青山万达店,内蒙古包头市青山区万达广场二楼宝贝王,,,chunithm;maimai_dx,,wahlap
宝贝王北京昌平万达广场店,北京市昌平区沙河镇万达广场3f宝贝王家庭娱乐中心,,,maimai_dx,,wahlap
宝贝王北京海淀羊坊捌食捌店,北京市北京市海淀区羊坊店路18号2幢2层201 宝贝王家庭娱乐中心北京捌食捌街店,,,maimai_dx,,wahlap
宝贝王北京通州万达店,北京市通州区新华西街58号万达广场2层宝贝王,,,chunithm;maimai_dx,,wahlap
宝贝王南京雨花台万象天地店,江苏省南京市雨花台区万象天地L312宝贝王家庭娱乐中心,,,maimai_dx,,wahlap
宝贝王南昌青云谱店,江西省南昌市青云谱区洪城路158号王府井购物中心三楼宝贝王乐园,,,maimai_dx,,wahlap
宝贝王合川中奥城店,重庆市合川区中奥城新重百3楼宝贝王,,,maimai_dx,,wahlap
宝贝王合肥万达广场店,安徽省合肥市巢湖市东塘路80号万达广场三楼万达宝贝王,,,maimai_dx,,wahlap
宝贝王吕梁离石悦尚时光里店,山西省吕梁市离石区北川河东路188号悦尚时光里3楼宝贝王,,,maimai_dx,,wahlap
宝贝王吴忠利通万达广场店,宁夏回族自治区吴忠市利通区万达广场三楼宝贝王,,,chunithm;maimai_dx,,wahlap
宝贝王咸宁咸安万达广场店,湖北省咸宁市咸安区温泉街道万达二楼宝贝王,,,maimai_dx,,wahlap
宝贝王商丘夏邑宏佰百货店,河南省商丘市夏邑县城关镇宏佰百货三层宝贝王乐园,,,maimai_dx,,wahlap
宝贝王大连高新万达店,辽宁省大连市甘井子区黄埔路500号高新万达广场2楼宝贝王,,,maimai_dx,,wahlap
宝贝王天水秦州万达店,甘肃省天水市秦州区秦州万达三楼宝贝王,,,maimai_dx,,wahlap
宝贝王太原王府井百货店,山西省太原市小店区亲贤街99号太原王府井百货有限责任公司F3-2G00,,,maimai_dx,,wahlap
宝贝王安徽阜阳万达店,安徽省阜阳市颍州区淮河路万达广场二楼宝贝王,,,chunithm;maimai_dx,,wahlap
宝贝王安阳北关印象汇店,河南省安阳市北关区印象汇三楼宝贝王,,,maimai_dx,,wahlap
宝贝王安阳滑县新悦城店,河南省安阳市滑县中州大道中段新悦城一楼南厅宝贝王,,,maimai_dx,,wahlap
宝贝王宜宾叙州万达店,四川省宜宾市叙州区南岸街道航天路南段7号万达广场三楼（万达宝贝王）,,,maimai_dx,,wahlap
宝贝王宜昌伍家岗万达广场店,湖北省宜昌市伍家岗万达广场三楼宝贝王,,,maimai_dx,,wahlap
宝贝王宜昌伍家岗万达店,湖北省宜昌市伍家岗区万达广场三楼,,,chunithm;maimai_dx,,wahlap
宝贝王宜春袁州万达店,江西省宜春市袁州区万达广场一楼宝贝王,,,maimai_dx,,wahlap
宝贝王山东德州万达广场店,山东省德州市德城区新华街道办事处湖滨南大道与新河路交汇处669号万达广场购物中心娱乐2F-A,,,chunithm;maimai_dx,,wahlap
宝贝王山东烟台万达店,山东省烟台市开发区万达广场1楼宝贝王,,,maimai_dx,,wahlap
宝贝王常德武陵万达店,湖南省常德市武陵万达广场一楼1F-1A宝贝王,,,maimai_dx,,wahlap
宝贝王平顶山卫东万达店,河南省平顶山市卫东区万达广场三楼宝贝王,,,maimai_dx,,wahlap
宝贝王广州天河欢乐颂店,广东省广州天河区中山大道1116号欢乐颂三楼宝贝王乐园,,,maimai_dx,,wahlap
宝贝王广州白云安华汇店,广东省广州市白云区白云大道北 880号安华汇北馆三楼,,,maimai_dx,,wahlap
宝贝王广州萝岗万达店,广州市黄埔区科丰路89号萝岗万达广场2楼宝贝王,,,chunithm;maimai_dx,,wahlap
宝贝王徐州云龙万达店,江苏省徐州市云龙区和平大道58号万达广场2楼宝贝王,,,maimai_dx,,wahlap
宝贝王徐州睢宁万达店,江苏省徐州市睢宁县永昶路万达广场二楼宝贝王家庭娱乐中心,,,maimai_dx,,wahlap
宝贝王惠州大亚湾万达店,广东省惠州市大亚湾万达广场三楼宝贝王,,,chunithm;maimai_dx,,wahlap
宝贝王成都青羊店,四川省成都市青羊区蓝润摩里中心三楼宝贝王,,,maimai_dx,,wahlap
宝贝王抚州临川万达店,江西省抚州市临川区迎宾大道688号万达广场万达宝贝王1F,,,maimai_dx,,wahlap
宝贝王抚顺新抚万达店,辽宁省抚顺市新抚区过河南路中段万达广场2楼宝贝王,,,maimai_dx,,wahlap
宝贝王新乡牧野万达店,河南省新乡市牧野区宏力大道万达广场三楼,,,maimai_dx,,wahlap
宝贝王无锡江阴万达店,江苏省无锡市江阴万达广场2楼2001商铺宝贝王,,,maimai_dx,,wahlap
宝贝王昆山天虹店,江苏省昆山市天虹宝贝王家庭娱乐中心,,,maimai_dx,,wahlap
宝贝王晋中榆次无限城店,晋中市榆次区龙湖大街无限城c栋宝贝王,,,maimai_dx,,wahlap
宝贝王枣庄滕州万达店,山东枣庄市滕州市龙泉街道万达广场二楼万达宝贝王,,,maimai_dx,,wahlap
宝贝王柳州万达广场店,广西壮族自治区柳州市万达广场二楼宝贝王乐园,,,maimai_dx,,wahlap
宝贝王桂林七星万达店,广西桂林市七星区穿山东路43号万达广场2楼娱乐2F-A宝贝王,,,maimai_dx,,wahlap
宝贝王榆林榆阳万达店,陕西省榆林市榆阳区万达广场二楼宝贝王,,,maimai_dx,,wahlap
宝贝王泉州晋江万达娱乐楼店,泉州市晋江万达娱乐楼 201 室,,,maimai_dx,,wahlap
宝贝王济南融创茂店,山东省济南市历城区融创茂1楼宝贝王,,,maimai_dx,,wahlap
宝贝王济宁太白路万达店,山东省济宁市太白路万达广场2楼蓝海豚宝贝王,,,maimai_dx,,wahlap
宝贝王海口秀英万达店,海南省海口市秀英区海榆中线万达广场一楼万达宝贝王成长乐园,,,maimai_dx,,wahlap
宝贝王淄博张店印象汇店,山东省淄博市张店区柳泉路67号印象汇三楼宝贝王,,,maimai_dx,,wahlap
宝贝王淮北相山万达广场店,安徽省淮北市淮北市相山区南湖路万达广场三楼宝贝王,,,maimai_dx,,wahlap
宝贝王深圳福田cocopark店,广东省深圳市福田区福田星河Cocopark二期1F宝贝王家庭欢乐中心,,,maimai_dx,,wahlap
宝贝王深圳龙岗店,广东省深圳市龙岗区坂田街道星河worldcocopark一楼宝贝王家庭欢乐中心,,,chunithm;maimai_dx,,wahlap
宝贝王漯河源汇万达店,河南省漯河市源汇区太白山路与长江路交叉口路北万达广场2楼1号宝贝王,,,maimai_dx,,wahlap
宝贝王潍坊奎文万达店,山东省潍坊市奎文区东关街道万达广场2F万达宝贝王店,,,maimai_dx,,wahlap
宝贝王潍坊寿光万达店,山东省潍坊市寿光市万达广场三楼宝贝王,,,maimai_dx,,wahlap
宝贝王濮阳华龙万达店,河南省濮阳市华龙区万达广场三楼,,,chunithm;maimai_dx,,wahlap
宝贝王濮阳华龙永望里店,河南省濮阳市华龙区永望里宝贝王,,,maimai_dx,,wahlap
宝贝王烟台芝罘万达店,山东省烟台市芝罘区万达二楼宝贝王,,,chunithm;maimai_dx,,wahlap
宝贝王益阳赫山万达店,湖南省益阳市赫山区赫山街道万达广场1B层万达宝贝王,,,maimai_dx,,wahlap
宝贝王眉山东坡万达广场店,四川省眉山市东坡区文忠路333号万达广场3楼宝贝王家庭娱乐中心,,,chunithm;maimai_dx,,wahlap
宝贝王石家庄联邦空中花园店,河北省石家庄市裕华区宝贝王联邦空中花园店,,,maimai_dx,,wahlap
宝贝王石家庄西桥禧欢里店,河北省石家庄市桥西区禧欢里商业广场3楼Z301,,,maimai_dx,,wahlap
宝贝王绵阳涪城万达广场店,四川省绵阳市涪城区花园路9号万达广场三楼宝贝王乐园,,,chunithm;maimai_dx,,wahlap
宝贝王绵阳涪城新世界百货店,四川省绵阳市涪城区临园路东段72号绵阳新世界百货3层L03F060号宝贝王,,,maimai_dx,,wahlap
宝贝王自贡荣县店,四川省自贡市荣县南门桥旁千坊1376商业街区2楼宝贝王家庭娱乐中心,,,maimai_dx,,wahlap
宝贝王芜湖镜湖万达店,安徽省芜湖市镜湖区万达广场2F-01铺宝贝王潮玩幸运星,,,maimai_dx,,wahlap
宝贝王苏州太仓万达店,江苏省苏州市太仓市上海东路万达广场2楼万达宝贝王,,,maimai_dx,,wahlap
宝贝王营口万达店,营口市市府路1号万达广场2楼,,,maimai_dx,,wahlap
宝贝王蚌埠蚌山银泰店,安徽省蚌埠市蚌山区银泰宝贝王,,,maimai_dx,,wahlap
宝贝王襄阳樊城店,湖北省襄阳市樊城区万达广场2楼宝贝王,,,maimai_dx,,wahlap
宝贝王许昌魏都店,河南省许昌市魏都区万达广场3楼万达宝贝王,,,maimai_dx,,wahlap
宝贝王连云港市海州万达店,江苏省连云港市海州区万达广场1F宝贝王极速时代,,,maimai_dx,,wahlap
宝贝王遂宁船山万达广场店,四川省遂宁市船山区万达广场二楼万达宝贝王,,,chunithm;maimai_dx,,wahlap
宝贝王郑州惠济万达广场店,河南省郑州市惠济区万达广场万达宝贝王,,,maimai_dx,,wahlap
宝贝王重庆永川万达店,重庆市永川区万达广场一楼宝贝王家庭娱乐中心,,,maimai_dx,,wahlap
宝贝王铜陵铜官万达店,安徽省铜陵市铜官区万达广场一号门一楼宝贝王,,,maimai_dx,,wahlap
宝贝王阜阳颍州时代广场店,安徽省阜阳市颍州区阜阳商厦时代广场三楼宝贝王,,,maimai_dx,,wahlap
宝贝王颍泉万达广场店,安徽省阜阳市颍泉区万达广场一楼宝贝王,,,maimai_dx,,wahlap
宝贝王马鞍山雨山万达店,安徽省马鞍山雨山区万达广场一楼宝贝王,,,maimai_dx,,wahlap
宝贝王黄石黄石港万达店,湖北省黄石市黄石港区花湖大道30号黄石港万达广场F2层,,,maimai_dx,,wahlap
宝贝计划 (怀柔万达2F),"2F, Wanda Plaza Beijing Huairou, Fuqian West Street, Huairou District, Beijing, Beijing, 100071",40.3159310,116.6237998,maimai_dx,,ziv
宝贝计划 Rob-B-Hood Gaming (延庆万达店),"2F, Yanqing Wanda Plaza, No.59 Qingyuan Street, Yanqing District, Yanqing District, Beijing, Beijing, 102100",40.4727690,115.9785980,maimai_dx,,ziv
宝贝计划 Wanda Kids（顺义隆华店）,"3F, Shunyi Longhua Shopping Center, New Shunyi Avenue No.11, Shunyi District, Beijing, Beijing, 101300",40.1257757,116.6448284,maimai_dx;other;taiko,,ziv
宝贝计划北京大兴银泰店,北京市大兴区上德银泰城二层宝贝计划,,,maimai_dx,,wahlap
宝贝计划北京延庆万达店,北京市延庆区庆园街59号万达广场二层宝贝计划,,,maimai_dx,,wahlap
宝贝计划北京朝阳华联店,北京市朝阳区常营华联购物中心东区2-46,,,maimai_dx,,wahlap
宝贝计划北京西三旗万象汇店,"MixC Xisanqi, 4th Floor, Haidian District, Beijing, Haidian District, Beijing, Beijing, 100096",40.0607174,116.3600024,maimai_dx,,ziv
宝贝计划北京顺义隆华店,北京市顺义区新顺南大街11号隆华购物中心三层宝贝计划,,,maimai_dx,,wahlap
宝贝计划南昌红谷滩万达店,南昌市红谷滩区万达广场一号门对面宝贝计划电玩城,,,maimai_dx,,wahlap
宝贝计划姚家园万象汇店,北京市朝阳区姚家园万象汇4楼宝贝计划,39.9397964,116.5101079,maimai_dx,,wahlap;ziv
宝贝计划常营华联店,"北京市朝阳区常营华联购物中心东区2-46, 朝阳区 District, Beijing, Beijing, 100024",39.9256115,116.5922494,jubeat;maimai_dx;taiko,,ziv
宝贝计划廊坊广阳万达店,河北省廊坊市广阳区新华路50号万达广场三层,,,chunithm;maimai_dx,,wahlap
宝贝计划昌平乐多港万达店,北京市昌平区城南街道乐多港万达广场一楼,40.2285929,116.1839842,maimai_dx;taiko,,wahlap;ziv
宝贝计划通州万达店,北京市通州区北苑街道万达广场3层宝贝计划,,,maimai_dx,,wahlap
宝贝计划（大兴上德店）,"2F, Building 4, Yard 19 Guangmao Street, Daxing District, Beijing, Beijing, 102600",39.7623475,116.3395106,maimai_dx;taiko,,ziv
宝龙乐园,"台江区工业路193号宝龙城市广场B1层263/257, 福州市(Fuzhou), 福建省(Fujian)",26.0622089,119.2917779,jubeat;other;taiko,,ziv
宝龙乐园泉州安溪店,福建省泉州市安溪县城宝龙城市广场三楼宝龙乐园,,,maimai_dx,,wahlap
宝龙乐园福州宝龙店,福建省福州市台江区宝龙城市广场1F宝龙乐园,,,maimai_dx,,wahlap
宾果无限青岛即墨宝龙店,山东省青岛市即墨区即墨区宝龙广场一楼宾果无限游乐场,,,maimai_dx,,wahlap
宾果无限青岛胶州龙城市广场店,山东省青岛市胶州市福州南路97号宝龙城市广场3楼宾果无限游乐场,,,maimai_dx,,wahlap
宾果无限青岛黄岛家佳源店,山东省青岛市黄岛区长江中路308号家佳源购物中心三楼,,,maimai_dx,,wahlap
富佳潮玩杭州桐庐大润发店,杭州市桐庐县城南街道大润发一楼富佳潮玩,,,maimai_dx,,wahlap
富虹动漫城明山富虹广场店,辽宁省本溪市明山区太子城富虹广场三楼富虹动漫城,,,chunithm;maimai_dx,,wahlap
寻游纪嗨众武汉江夏店,湖北省武汉市江夏区北华街九全嘉国际广场3楼,,,maimai_dx,,wahlap
小分队重庆涪陵店,重庆市涪陵区泽胜中央广场B馆G层,,,maimai_dx,,wahlap
小勇士家庭娱乐中心济南店,山东省济南市天桥区济泺路缤纷五洲一楼小勇士家庭娱乐中心,,,maimai_dx,,wahlap
小号玩家靖西盛辉百货店,广西百色市靖西市盛辉百货1楼小号玩家,,,maimai_dx,,wahlap
小洋人宝贝王保定雄县店,河北省保定市雄县山水莲花购物广场二楼小洋人宝贝王,,,chunithm;maimai_dx,,wahlap
小洋人宝贝王定州南城店,河北省定州市南城区中山中路时代广场三楼小洋人宝贝王,,,maimai_dx,,wahlap
小洋人宝贝王廊坊店,河北省廊坊市大城县鑫达新天地三楼,,,chunithm;maimai_dx,,wahlap
小猪泰德大连中央大道店,辽宁省大连市沙河口区西安路中央大道三层西侧,,,chunithm;maimai_dx,,wahlap
小玩家潜江万达店,湖北省潜江市万达广场三楼小玩家娱乐中心,,,chunithm;maimai_dx,,wahlap
小神童济宁金乡诚信店,山东省济宁市金乡县诚信购物一楼,,,maimai_dx,,wahlap
小酋长湘潭雨湖店,湖南省湘潭市雨湖区九华步步高新天地商场四楼4002小酋长动漫游戏,,,maimai_dx,,wahlap
小金宝深圳宝安满金华满纷天地店,深圳市宝安区松岗街道满京华满纷天地7楼小金宝运动超乐场（5号电梯旁）,,,maimai_dx,,wahlap
小麦思潮玩城喀什东城万达店,新疆喀什喀什市东城万达小麦思潮玩城,,,maimai_dx,,wahlap
尖峰玩家佛山南海万达店,广东省佛山市南海区桂城街道桂澜北路28号万达广场二楼尖峰玩家,,,chunithm;maimai_dx,,wahlap
尖峰玩家厦门世贸海峡大厦店,福建省厦门市思明区大学路180-188号,,,maimai_dx,,wahlap
尖峰玩家宁德蕉城万达店,福建省宁德市蕉城万达二楼尖峰玩家,,,maimai_dx,,wahlap
尖峰玩家杭州余杭万达店,浙江省杭州市余杭区余杭街道文一西路1888号余杭万达广场2F-A尖峰玩家,,,chunithm;maimai_dx,,wahlap
尖峰玩家深圳南山益田假日里购物中心店,深圳市南山区留仙大道益田假日里购物中心3楼L3-1/2,,,maimai_dx,,wahlap
尖峰玩家深圳福城天虹店,深圳市龙华区福城街道四和社区观澜大道117号澜汇花园商业02层28尖峰玩家,,,maimai_dx,,wahlap
尖峰玩家深圳福田皇庭国商店,广东省深圳市福田区福田街道福安社区福华三路118号皇庭国商购物广场L2-5,,,maimai_dx,,wahlap
尖峰玩家漳州碧湖万达店,福建省漳州市龙文区建元东路2号漳州碧湖万达广场1层尖峰玩家,,,maimai_dx,,wahlap
尖峰玩家福州仓山万达店,福建省福州市仓山区仓山万达二楼尖峰玩家,,,maimai_dx,,wahlap
尖峰玩家福州福清万达广场店,福清市音西街道清昌大道105号万达广场2号门2楼尖峰玩家,,,maimai_dx,,wahlap
尖峰玩家莆田城厢万达店,福建省莆田市城厢区霞林街道荔华东大道万达广场2楼,,,maimai_dx,,wahlap
尖峰玩家衡阳蒸湘万达店,湖南省衡阳市蒸湘区蒸湘万达三楼尖峰玩家3F-C,,,maimai_dx,,wahlap
尖峰玩家邵阳步步高新天地店,邵阳市步步高新天地三楼尖峰玩家,,,maimai_dx,,wahlap
山闪闪电玩城扬州邗江店,江苏省扬州市邗江区京华城路168号京华城4层山闪闪电玩城,,,maimai_dx,,wahlap
岛与英雄三亚招商花园店,海南省三亚市裕民路招商花园里岛与英雄,,,maimai_dx,,wahlap
峡谷达人电玩城,"北京市丰台区南三环西路16号 首地大峡谷购物中心, 丰台区 Fengtai District, 北京 (Beijing)",39.8544932,116.3667047,gitadora;other,,ziv
巅峰之城 Trendy Adventure (青山万达),"2nd Floor, Wanda Plaza, No.26 Qingnian Road, (青年路万达广场2层), Baotou, Inner Mongolia, 014000",40.6577875,109.8479594,maimai_dx;other,,ziv
巅峰时代电玩城,"朝阳区华严北里甲1号28幢地下一层(祁家豁子家乐福旁边）, Chaoyang, 北京 (Beijing)",39.9812965,116.3805825,iidx;other;taiko,,ziv
巅峰极限成都青羊新城市店,四川省成都市青羊区西大街一号新城市广场A栋三楼,,,maimai_dx,,wahlap
巅峰玩家惠州佳兆业广场店,广东省惠州市佳兆业广场5楼巅峰玩家,,,chunithm;maimai_dx,,wahlap
巅峰玩家惠州惠城汇乐城店,惠州市惠城区水口街道汇乐城3楼巅峰玩家,,,maimai_dx,,wahlap
左左右右电玩城鹿城时尚港店,温州市鹿城区温金公路1000号时尚港购物中心二楼,,,maimai_dx,,wahlap
巷战英雄电玩长春欧亚万豪店,吉林省长春市二道区欧亚万豪购物中心5楼巷战英雄电玩城,,,maimai_dx,,wahlap
巷战英雄电玩长春欧亚新生活店,吉林省长春市朝阳区红旗街新民广场欧亚新生活5楼城市英雄电玩城,,,chunithm;maimai_dx,,wahlap
巷战英雄长春亚泰新动力店,吉林省长春市二道区东盛大街与吉林大路交汇亚泰新动力,,,chunithm;maimai_dx,,wahlap
布丁电玩 Pudding Game Center,"No.165 Fushi Road, Dangdai Shopping (Dingcheng), 4F near Zhong, Shijingshan District, Beijing, Beijing, 100043",39.9244028,116.1895820,maimai_dx;other;taiko,,ziv
布丁电玩城北京石景山店,北京市石景山区八角街道当代商城鼎城店四层,,,maimai_dx,,wahlap
布隆家族南阳卧龙店,河南省南阳市卧龙区梅溪街道新华城市广场三楼布隆家族儿童娱乐中心,,,maimai_dx,,wahlap
布鲁格快乐街区兰州城关万达店,甘肃省兰州市城关区天水北路城关万达广场2层2FC商铺布鲁格快乐街区,,,maimai_dx,,wahlap
布鲁格株洲醴陵店,湖南省株洲市醴陵市阳三石街道4栋布鲁格家庭娱乐中心,,,maimai_dx,,wahlap
希美潮玩邯郸丛台美乐城店,河北省邯郸市丛台区美乐城负一楼,,,maimai_dx,,wahlap
幸福嘉年华咸阳兴平店,陕西省咸阳市兴平市中心大街西北角翔瑞大厦四楼,,,maimai_dx,,wahlap
幸运星上饶信州店,江西省上饶市信州区北门街道凤凰东大道89号天虹购物中心3楼3005幸运星乐园,,,maimai_dx,,wahlap
幸运星六安万达广场店,安徽省六安市霍邱县万达广场,,,maimai_dx,,wahlap
幸运星南昌万象汇店,江西省南昌市青山湖区万象汇三楼幸运星游乐中心,,,maimai_dx,,wahlap
幸运星惠州金山湖店,惠州市惠城区三环南路隆生金山湖中心三楼幸运星家庭娱乐中心,,,maimai_dx,,wahlap
幸运猩荆州监利天骄广场店,湖北省荆州市监利市容城镇天骄广场2楼幸运猩电玩,,,maimai_dx,,wahlap
幻乐奇D1玩家杭州上城店,浙江省杭州市上城区金海城A座1楼,,,maimai_dx,,wahlap
幻乐魔方黄山歙县江南明珠店,安徽省黄山市歙县百花路江南明珠3B栋,,,maimai_dx,,wahlap
幻了奇·D1玩家杭州上城店,浙江省杭州市上城区杭海路878号1楼E115铺位,,,maimai_dx,,wahlap
幻哆啦安阳北关广厦汇店,河南省安阳市北关区人民大道与东工路交叉口西南角广厦汇三楼3002号,,,maimai_dx,,wahlap
幻境岛广州海珠润政店,广州市海珠区江燕路润政广场二楼幻境岛游艺中心,,,maimai_dx,,wahlap
幻影时空禹州禹王广场店,河南省禹州市夏都街道禹王大道禹王广场A1幢1层6号幻影时空,,,maimai_dx,,wahlap
幻影玩国来宾大洋百货店,广西壮族自治区来宾市兴宾区桂中大道233号大洋百货购物广场裕达店四楼幻影玩国,,,maimai_dx,,wahlap
幻影玩国来宾武宣大洋城店,广西省来宾市武宣县武宣镇仙蜜路大洋城B1层幻影玩国,,,maimai_dx,,wahlap
幻影玩国梧州藤县店,广西省梧州市藤县藤州镇壹方茂商城L1幻影玩国,,,maimai_dx,,wahlap
幻影玩国钦州灵山店,广西壮族自治区钦州市灵山县新圩镇光大商业购物中心三楼幻影玩国,,,maimai_dx,,wahlap
幻游时空台州意得店,浙江省台州市椒江区天和路88号意得广场三楼幻游时空,,,maimai_dx,,wahlap
幻界之都潮玩街区(骡马市),"东大街骡马市1号楼1栋20131号门面, No.20131, First Floor, MINSUN Plaza, Luomashi, Xi'an City, Shannxi Province, 710000",34.2592914,108.9470172,maimai_dx;other;taiko,,ziv
幻界之都西安骡马店,陕西省西安市骡马市店碑林区骡马市1号幻界之都（playhouse楼下）,,,maimai_dx,,wahlap
广东省惠州市博罗县石湾镇壹嘉广场商业街二楼星游视界游乐城（1号门上手扶梯）,广东省惠州市博罗县石湾镇壹嘉广场,,,maimai_dx,,wahlap
广州星力动漫游戏产业园,"广州市番禺区东环街迎新路8号, 广州市(CANTON), 广东省 (Guangdong Province)",22.9694623,113.3773774,gitadora;iidx;jubeat;other,,ziv
庆阳潮玩庆阳西峰店,甘肃省庆阳市西峰区东方丽晶茂四楼庆阳潮玩,,,maimai_dx,,wahlap
开心主场东莞清溪店,广东省东莞市清溪镇鹿鸣路68号金泰丰中心城三楼开心主场,,,maimai_dx,,wahlap
开心主场阳江江城十八子投资广场店,广东省阳江市江城区江朗大道33号十八子投资广场一楼开心主场,,,maimai_dx,,wahlap
开心大玩家宜春市丰喜盈门店,江西省宜春市丰城市孙渡街道龙光中大道喜盈门范城2栋3层开心大玩家,,,maimai_dx,,wahlap
开心大玩家抚州宜黄聚百汇店,江西省抚州市宜黄县凤岗镇聚百汇3楼开心大玩家,,,maimai_dx,,wahlap
开心大玩家黔南布依族苗族自治州瓮安靖沣壹号店,黔南布依族苗族自治州瓮安县瓮水街道靖沣壹号c区全家福超市一楼开心大玩家,,,maimai_dx,,wahlap
开心季大玩家日照万达店,山东省日照市东港区秦楼街道万达广场2F-A商铺,,,maimai_dx,,wahlap
开心季潮范儿电玩 Chao Fan-er Arcade,"B1 Floor Xinghua MALL,Xilingol North Road, Huimin District, Hohhot, Inner Mongolia, 010020",40.8185507,111.6601201,maimai_dx,,ziv
开心巴士绍兴嵊州吾悦店,浙江省绍兴市嵊州市兴盛街668号吾悦广场2楼,,,maimai_dx,,wahlap
开心汇武汉江汉新佳丽店,湖北省武汉市江汉区中山大道818号平安大厦新佳丽时尚广场4层4-012号商铺开心汇电玩综合娱乐空间,,,maimai_dx,,wahlap
开星客大连开发万达店,辽宁省大连市开发区辽河西路117号万达广场三楼,,,maimai_dx,,wahlap
引力玩家阳泉万达店,山西省阳泉市万达广场3楼引力玩家家庭娱乐中心,,,maimai_dx,,wahlap
引力矩阵兰州七里河店,甘肃省兰州市七里河区秀川街道南滨河中路3499号兰州万达茂引力矩阵,,,maimai_dx,,wahlap
引力矩阵珠海斗门店,广东省珠海市斗门区白蕉镇招商花园城三楼引力矩阵,,,maimai_dx,,wahlap
引力矩阵苏州常熟店,江苏省苏州市常熟市琴湖溪里二期二楼,,,chunithm;maimai_dx,,wahlap
引力矩阵青岛胶州龙湖天街店,山东省青岛市胶州市海尔大道龙湖天街引力矩阵,,,maimai_dx,,wahlap
彩虹世界四川达州人民广场店,四川省达州市通川区人民广场负一楼,,,maimai_dx,,wahlap
彩虹乐园临沂沂南君悦店,山东省临沂市沂南县君悦三楼彩虹乐园,,,maimai_dx,,wahlap
彩虹星际保定蠡县吾北大街店,河北省保定市蠡县蠡吾北大街543号彩虹星际,,,maimai_dx,,wahlap
彩虹王国动漫中心 Rainbow Kingdom (新沙天虹),"L4-457, Xinsha Rainbow Shopping Center, Bao’an District 宝安区, Shenzhen City 深圳市, Guangdong Province 广东省, 518104",22.7328936,113.7951556,maimai_dx;other,,ziv
彩虹王国动漫体验中心,"众冠时代广场益田假日里L3-1-1, 南山区留仙大道, Shenzhen, Guangdong Province, 518071",22.5857222,113.9589301,maimai_dx;other;taiko,,ziv
彩虹王国汕尾海丰天虹店,广东省汕尾市海丰县宏通路与纵二路辅路交叉口海丰天虹购物中心三楼B区彩虹王国,,,chunithm;maimai_dx,,wahlap
彩虹王国深圳宝安店,广东省深圳市宝安区沙井街道新沙天虹四楼彩虹王国,,,maimai_dx,,wahlap
征战全明星超乐场 All-Star Warzone Arcade,"L2 Floor, Yinheng Dream Center, Exit C, Yuyuan Metro Station,, Longgang District 龙岗区, Shenzhen City 深圳市, Guangdong Province 广东省, 518172",22.7321341,114.2196611,maimai_dx,,ziv
征战全明星超乐场深圳龙岗店,深圳市龙岗区龙平西路与愉龙路交叉口仁恒梦商场L201-02,,,maimai_dx,,wahlap
征途动漫城宣城国际广场店,安徽省宣城市宣州区叠嶂中路8号国购广场三楼征途动漫城,,,maimai_dx,,wahlap
心相映韩城三立格之荟店,陕西省韩城市新城区黄河大街和和太史大街交界处三立格之荟商城三楼心相映亲子娱乐中心,,,maimai_dx,,wahlap
忆凯乐上海松江叶榭店,上海市松江区叶榭镇双高广场3楼忆凯乐,,,maimai_dx,,wahlap
忆凯乐电玩动漫城,"Rooms 301-304, 3F, No.471 Yezheng Road, Yexie Town, Songjiang District, Shanghai, Shanghai, 201607",30.9437584,121.3135997,maimai_dx,,ziv
忆童乐榆林神木成业广场店,陕西省榆林市神木市成业广场三楼忆童乐家庭游乐中心,,,maimai_dx,,wahlap
快乐E刻泸州江阳蓝田天远店,四川省泸州市江阳区蓝田天远广场二楼快乐E刻,,,maimai_dx,,wahlap
快乐佳游站丹阳店,江苏省丹阳市新民东路金鹰国际广场二楼快乐佳游站,,,maimai_dx,,wahlap
快乐拾光丰都久桓时代广场店,重庆市丰都县龙新路31号快乐拾光家庭娱乐中心(久桓店）,,,maimai_dx,,wahlap
快乐时光邓州湍北天基茂业商业店,河南省邓州市湍北天基茂业商业4号楼1楼,,,maimai_dx,,wahlap
快乐时空临渭万达店,陕西省渭南市临渭区渭河大街与仓程路十字西北角临渭万达广场4楼02、03号商铺,,,chunithm;maimai_dx,,wahlap
快乐星球动漫城邵阳禹忠华店,湖南省邵阳市隆回县桃花坪街道桃洪中路禹忠华商业楼地上第一层,,,maimai_dx,,wahlap
快乐星球北京大兴凯德茂店,北京市大兴区凯德茂四楼,,,chunithm;maimai_dx,,wahlap
快乐星球南宁兴宁百佳汇店,广西南宁市兴宁区新华街百佳汇商场,,,maimai_dx,,wahlap
快乐星球天津河东太阳城店,天津市河东区顺驰太阳城屿东城商场A3层快乐星球电玩城,,,maimai_dx,,wahlap
快乐星球巴彦淖尔维多利摩尔城店,内蒙古自治区巴彦淖尔市临河区维多利摩尔城南区五楼快乐星球,,,maimai_dx,,wahlap
快乐星球徐州彭城广场店,江苏省徐州市鼓楼区金鹰上街彭城广场地铁站15号出入口,,,maimai_dx,,wahlap
快乐星球昆明呈贡店,云南省昆明市呈贡区吴家营仕林街云上小镇快乐星球5栋36号,,,maimai_dx,,wahlap
快乐星球榆林时光天街店,陕西省榆林市榆阳区时光天街三楼快乐星球,,,maimai_dx,,wahlap
快乐星球湖州安吉万象世界店,浙江省湖州市安吉县万象世界二楼快乐星球泛娱乐体验中心,,,maimai_dx,,wahlap
快乐星球长沙岳麓保利店,湖南省长沙市岳麓区保利时光汇3楼快乐星球,,,maimai_dx,,wahlap
快乐橙娱乐厅,"3F, Shunxin City Plaza, Xiaozhan Town, Jinnan District, Tianjin, Tianjin, 300350",38.9182560,117.4300540,maimai_dx;other,,ziv
快乐比潮玩城贵阳花果园店,贵州省贵阳市花果园M区4栋负一楼快乐比潮玩城,,,maimai_dx,,wahlap
快乐比贵阳南明兰花店,贵州省贵阳市南明区兰花广场M4栋快乐比潮玩,,,maimai_dx,,wahlap
快乐玩家 Happy Player (九州天虹),"3rd Floor, Jiuzhou Rainbow Shopping Center, Fusheng South Road, Xihu District 西湖区, Nanchang City 南昌市, Jiangxi Province  江西省, 330009",28.6386792,115.8592620,maimai_dx;other;taiko,,ziv
快乐由我济南历下世茂广场店,山东省济南市历下区泉城路世茂广场东座三楼快乐由我,,,maimai_dx,,wahlap
快乐电堂孝感汉川汉海国际广场店,湖北省孝感市汉川市仙女山街道汉海国际广场5楼快乐电堂动漫娱乐中心快乐电堂家庭娱乐中心,,,maimai_dx,,wahlap
快乐电堂宜昌宜都店,湖北省宜昌市宜都市陆城街道清江大道雅斯国际广场三楼快乐电堂,,,maimai_dx,,wahlap
快乐电堂广南壹然广场店,云南省文山壮族苗族自治州广南县莲城镇广南壹然广场1栋1层L座L1013-1056（快乐电堂）,,,maimai_dx,,wahlap
快乐电堂黄冈黄州店,湖北省黄冈市黄州区胜利街与八一路交汇处居然之家快乐电堂,,,maimai_dx,,wahlap
快乐电堂齐齐哈尔百大店,黑龙江省齐齐哈尔市龙沙区卜奎大街55号齐齐哈尔百货大楼F6,,,maimai_dx,,wahlap
快乐联盟无锡滨湖太湖店,江苏省无锡市滨湖区太湖街道,,,maimai_dx,,wahlap
快乐联盟烟台开发区振华购物中心店,山东省烟台市开发区长江路160号振华购物中心3楼C座301号快乐联盟,,,maimai_dx,,wahlap
快乐联盟烟台莱山万象汇店,山东省烟台市莱山区黄海路街道观海路228号万象汇3楼快乐联盟,,,chunithm;maimai_dx,,wahlap
快乐街区 Happy Blocks (天津梅江天街店),"3F, Meijiang Paradise Walk, No.6 Lijiang Road, Jinmenhu Street, Hexi District, Tianjin, Tianjin, 300123",39.0647981,117.2014189,other,,ziv
快乐街区双清大汉悦店,湖南省邵阳市双清区大汉悦中心二楼快乐街区,,,maimai_dx,,wahlap
快乐街区合肥正大广场店,安徽省合肥市蜀山区芙蓉路291号正大广场7楼快乐街区,,,maimai_dx,,wahlap
快乐街区宁波鄞州店,浙江省宁波市鄞州区中山东路与中山东路辅路交叉口南k11购物中心快乐街区,,,maimai_dx,,wahlap
快乐街区郑州嵩南印象城店,河南省郑州市二七区柳江路67号嵩南印象城4号楼3层302号L3-19室,,,maimai_dx,,wahlap
快乐街区郑州金水国贸新田360广场店,河南省郑州市金水区国贸360广场店1楼快乐街区,,,maimai_dx,,wahlap
快乐街区长沙天心印象城店,湖南省长沙市天心区坡子街街道印象城三楼快乐街区,,,maimai_dx,,wahlap
快乐街区长沙岳麓金茂店,湖南省长沙市岳麓区天顶街道金茂览秀城二楼快乐街区,,,maimai_dx,,wahlap
快时空潮玩萍乡漫时区店,江西省萍乡市芦溪县漫时区一楼快时空潮玩,,,maimai_dx,,wahlap
怀柔万达宝贝计划,北京市怀柔区万达广场二楼宝贝计划,,,maimai_dx,,wahlap
急速时代 @ 上海店,"2F, 1051 Jinshajiang West Road, Jiading District, Shanghai, 上海 (Shanghai), 200335",31.2422513,121.3191874,chunithm;maimai_dx;other,,ziv
怪兽娱乐中心苏州吴江店,江苏省苏州市吴江区盛泽凤凰荟购物中心二楼怪兽娱乐中心,,,maimai_dx,,wahlap
怪力电玩安顺西秀店,贵州省安顺市西秀区小十字顾府街3号怪力电玩,,,maimai_dx,,wahlap
恒泰贝贝孝感安陆恒泰店,湖北省孝感市安陆恒泰购物广场三楼,,,maimai_dx,,wahlap
悠乐YOLO乐园（经纬汇店）,"1F-2F, Building 6, Jingweihui, Lane 99 Jingdi Road, Baoshan District, Shanghai, Shanghai, 200444",31.3257149,121.3945657,chunithm;maimai_dx;other,,ziv
悠乐乐园上海宝山经纬汇店,上海市宝山区大场镇经地路99号经纬汇6座悠乐数字潮玩,,,chunithm;maimai_dx,,wahlap
悠乐哒上海新业坊店,上海市高境镇殷高西路新业坊科创园9号楼,,,chunithm,,wahlap
悠米乐园宁德古田大又城店,福建省宁德市古田县城西街道世林大又城三楼悠米乐园,,,maimai_dx,,wahlap
悠米乐园福州连江万家城市店,福州市连江县华光西路万家城市广场三楼悠米乐园,,,maimai_dx,,wahlap
悦乐玩潮永安燕南店,福建省永安市燕南含笑大道1189号1幢208室,,,maimai_dx,,wahlap
悦享嘉年华新疆伊宁店,伊宁市重庆路与山东路交汇处悦享嘉年华嗨派汇三楼,,,maimai_dx,,wahlap
悦享欢乐世界台州仙居店,浙江省台州市仙居县白塔镇迎仙路698号悦享欢乐世界,,,maimai_dx,,wahlap
悦享潮玩四会广场店,广东省四会市东城街道玉城居委会四会大道南19号四会广场1座二层2075号悦享潮玩电玩城,,,maimai_dx,,wahlap
悦享超乐场张家口乐享城店,河北省张家口市桥东区乐享城购物中心5层悦享超乐场,,,maimai_dx,,wahlap
悦动湃嘉年华南宁朝阳店,广西壮族自治区南宁市兴宁区朝阳路80号升喜朝阳里L330悦动湃嘉年华,,,maimai_dx,,wahlap
悦动湃嘉年华南宁青秀凤岭万达店,南宁市青秀区高坡岭路3号凤岭万达广场LG层次主1号商铺,,,maimai_dx,,wahlap
悦动电玩城鸡西万达店,黑龙江省鸡西市万达3楼悦动电玩城,,,maimai_dx,,wahlap
悦动空间南阳万悦城店,河南省南阳市南都路与范蠡路交叉口西南角万悦城三楼悦动空间,,,chunithm;maimai_dx,,wahlap
悦动空间南阳淅川万悦汇店,河南省南阳市淅川县万悦汇三楼悦动空间,,,maimai_dx,,wahlap
悦漫嘉年华上海松江店,上海市松江区新松江路935号3层02室悦漫嘉年华,,,maimai_dx,,wahlap
悦界潮玩义乌佛堂宝龙店,浙江省义乌市佛堂宝龙广场三楼,,,maimai_dx,,wahlap
悦空之城江门新会万达店,广东省江门市新会区会城启超大道2号江门新会万达广场3F层-A-A号悦空之城,,,maimai_dx,,wahlap
惠州美多儿童游乐城,广东省惠州市惠东县平山街道新平路297号惠州市美多儿童游乐城,,,maimai_dx,,wahlap
愉乐星球榆林榆阳喜洋洋店,陕西省榆林市榆阳区长城路喜洋洋时代广场五楼愉乐星球潮玩世界,,,maimai_dx,,wahlap
慢车道南昌铜锣湾T16店,江西省南昌铜锣湾T16三楼慢车道,,,maimai_dx,,wahlap
成都极音音游体验馆,四川省成都市武侯区保利中心A座1515-1516,,,maimai_dx,,wahlap
战神争锋深圳光明凤凰英荟城店,深圳市光明区凤凰街道甲子塘社区凤凰英荟城4栋338,,,chunithm;maimai_dx,,wahlap
战神争锋深圳光明百佳华店,中国广东省深圳市光明区公明街道公明办事处公明镇长春南路西1号百佳华3楼,,,maimai_dx,,wahlap
抓呗电玩西安碑林店,陕西省西安市碑林区东大街骡马市1号一楼,,,maimai_dx,,wahlap
抱走我吧青岛城阳东方城店,青岛市城阳区黑龙江中路东方城一楼,,,maimai_dx,,wahlap
拉菲熊永州宁远印山花园店,湖南省永州市宁远县印山花园超市一楼拉菲熊电玩城,,,maimai_dx,,wahlap
拾光派对沈阳大东区大悦城店,辽宁省沈阳市大东区东中街大悦城A馆426号,,,chunithm;maimai_dx,,wahlap
拾光派对沈阳大东吾悦店,沈阳市大东区中街吾悦广场负一层拾光派对,,,maimai_dx,,wahlap
拾光派对沈阳沈河店,辽宁省沈阳市沈河区青年大街文萃路佳兆业广场三楼拾光派对,,,maimai_dx,,wahlap
拾光派对盘锦双台城店,辽宁省盘锦市双台子区双台城3楼拾光派对家庭娱乐中心,,,maimai_dx,,wahlap
拾光潮玩韶关新丰东盛新城店,广东省韶关市新丰县丰城镇人民东路4号东盛新城小区2区B2008至B2013,,,maimai_dx,,wahlap
拾趣潮玩上饶婺源绘广场店,上饶市婺源县紫阳镇詹天佑大道北侧苏宁人和婺源荟广场7号楼2F-拾趣潮玩,,,maimai_dx,,wahlap
拾趣潮玩徐州泉山国际广场店,江苏省徐州市泉山区 金山东路三胞国际广场三楼拾趣潮玩,,,maimai_dx,,wahlap
拿酷科幻城湛江赤坎店,广东省湛江市赤坎区沙湾街道丽悦新天M层拿酷科幻城,,,maimai_dx,,wahlap
捌爪娱动漫体验中心山西长治店,山西省长治市襄垣县华丽港购物广场负一层,,,maimai_dx,,wahlap
捌零时尚电玩会所(光谷店),"东湖高新技术开发区光谷广场一楼, 武汉(Wuhan), 湖北(Hubei)",30.5043562,114.3995297,jubeat;other,,ziv
捌零时尚电玩会所(江汉路店),"江汉区花楼街198号宝丽金国际广场2楼(近民生路), 武汉(Wuhan), 湖北(Hubei)",30.5768200,114.2916810,gitadora;jubeat;other,,ziv
捣蛋计划重庆渝北兰亭新都汇店,重庆市渝北区兰亭新都汇三楼捣蛋计划,,,maimai_dx,,wahlap
探奇&爱玩荟威海环翠华发店,山东省威海市环翠区皇冠街道滨海大道355号华发新天地北探奇1楼&爱玩荟,,,maimai_dx,,wahlap
探奇爱玩荟烟台大悦城店,山东省烟台市芝罘区大悦城3楼探奇爱玩荟,,,maimai_dx,,wahlap
探奇爱玩荟银川建发店,宁夏回族自治区银川市兴庆区建发现代城3楼探奇爱玩荟,,,chunithm;maimai_dx,,wahlap
探趣童味电玩城东方八所万福隆店,东方市八所镇解放西路1号万福隆商厦4楼,,,maimai_dx,,wahlap
提莫玩本电竞酒店南京店,江苏省南京市鼓楼区云南北路28号,,,maimai_dx,,wahlap
插电师playce北京石景山店,北京市石景山区阜石路173号院101幢地下一层14号,,,maimai_dx,,wahlap
插电师北京王府井银泰店,北京市东城区王府井大街88号银泰in88商场2层插电师电玩,,,chunithm;maimai_dx,,wahlap
搭档动漫城抚州临川万达店,江西省抚州市临川区万达广场三楼玩家搭档动漫城,,,maimai_dx,,wahlap
摩儿大狂欢金华兰溪宝龙店,浙江省金华市兰溪市兰江街道振兴路299号宝龙广场M1-L2-009号商铺,,,maimai_dx,,wahlap
摩儿大狂欢镇江丹徒宝龙店,江苏省镇江市丹徒区宝龙广场3楼摩儿大狂欢,,,maimai_dx,,wahlap
摩儿豆丽水龙泉万达店,浙江省丽水市龙泉市万达广场三楼摩儿豆,,,maimai_dx,,wahlap
摩兜欢乐商丘睢阳吾悦广场店,河南省商丘市睢阳区吾悦广场3楼Z305摩兜欢乐,,,maimai_dx,,wahlap
摩兜欢乐岛东台吾悦广场店,江苏省东台市吾悦广场二楼摩兜欢乐岛,,,maimai_dx,,wahlap
摩兜欢乐岛湖州南浔店,浙江省湖州市南浔区吾悦广场三楼摩兜欢乐岛,,,maimai_dx,,wahlap
摩兜欢乐岛瑞安新城吾悦店,浙江省瑞安市新城吾悦广场三楼摩兜欢乐岛3013-2商铺,,,maimai_dx,,wahlap
摩兜欢乐岛盐城滨海店,江苏省盐城市滨海县吾悦广场3楼摩兜欢乐岛,,,maimai_dx,,wahlap
摩星乐园通辽科尔沁店,内蒙古自治区通辽市科尔沁区维多利摩尔城三楼魔星乐园,,,maimai_dx,,wahlap
摩根大古游戏体验中心（崇文门搜秀店）,"崇文门外大街40号搜秀城购物广场9层, Beijing, 065001",39.8949131,116.4130748,other;taiko,,ziv
摩羯星座宣城万达店,宣城市宣州区水阳江西大道28号2F-A,,,maimai_dx,,wahlap
摩羯星座芜湖镜湖万达店,芜湖市镜湖区万达广场二楼摩羯星座,,,chunithm;maimai_dx,,wahlap
放学后903电玩武汉市街道口店,武汉市洪山区珞南街道流行视窗A1502号,,,maimai_dx,,wahlap
放肆趣玩耒阳龙腾时代广场店,湖南省耒阳市五一东路157号龙腾时代广场4楼放肆趣玩,,,maimai_dx,,wahlap
放肆趣玩郴州永兴友阿国际商场店,湖南省郴州市永兴县友阿天街3楼3001-3005号铺,,,maimai_dx,,wahlap
斗罗时空威海九龙城广场店,山东省威海市经济技术开发区皇冠街道大庆路53号威海九龙城休闲购物广场三层L326、L342店铺,,,maimai_dx,,wahlap
斯坦之城莆田荔城店,福建省莆田市荔城区镇海街道荔园东路1688号正荣财富中心商铺A区349室斯坦之城,,,maimai_dx,,wahlap
斯跑曼兰州七里河店,甘肃省兰州市七里河区万达茂斯跑曼主题体育乐园,,,maimai_dx,,wahlap
新世界电玩北京东城店,北京市东城区崇文门外大街新世界百货2期B1,,,maimai_dx,,wahlap
新动力电玩长沙万家丽广场店,湖南省长沙市芙蓉区万家丽购物广场负一楼新动力电玩城,,,maimai_dx,,wahlap
新玩家潮玩呼伦贝尔步森百货店,内蒙古自治区呼伦贝尔市海拉尔区河西步森百货新玩家潮玩,,,maimai_dx,,wahlap
新界电玩芜湖三山星悦广场店,安徽省芜湖市三山市星悦广场3楼第九区店铺,,,maimai_dx,,wahlap
新盛源电玩大连罗斯福店,辽宁省大连市罗斯福广场三楼0333-0342,,,maimai_dx,,wahlap
时之代游艺活动中心鹤岗店,黑龙江省鹤岗市工农区时代广场四楼时之代游艺活动中心,,,maimai_dx,,wahlap
时代领风合肥瑶海龙湖天街店,安徽省合肥市瑶海区龙岗综合经济开发区长江东路龙湖天街3楼时代领风,,,maimai_dx,,wahlap
时代领风合肥蜀山银泰in77店,安徽省合肥市政务区潜山路与祁门路交口政务in77三楼时代领风,,,chunithm;maimai_dx,,wahlap
时光潮玩九江修水联盛广场店,江西省九江市修水县联盛广场西区三楼时光潮玩,,,maimai_dx,,wahlap
时光潮玩九江瑞昌立信广场店,江西省九江市瑞昌市立信广场,,,maimai_dx,,wahlap
时光立方电玩城西安长安星旋广场店,西安市长安区航天南路189号星旋广场,,,maimai_dx,,wahlap
时尚达人电玩,"霞山区国贸大厦4楼, Zhanjiang Shi, Guangdong Sheng, 524001",21.1969072,110.4054603,other,,ziv
时空猎人六盘水爱琴海店,贵州省六盘水市钟山区爱琴海购物中心c区2层,,,maimai_dx,,wahlap
时空龙骑士乐山市中星悦荟店,四川省乐山市市中区柏杨中路318号3楼8号时空龙骑士,,,maimai_dx,,wahlap
时空龙骑士九江濂溪万达店,江西省九江市濂溪区万达广场666号时空龙骑士,,,maimai_dx,,wahlap
时空龙骑士绵阳江油圣明国际店,四川省绵阳市江油市圣明国际3楼时空龙骑士,,,maimai_dx,,wahlap
昆明街区动漫曲靖中枢店,云南省曲靖市陆良县中枢大厦一楼昆明街区动漫游艺中心,,,maimai_dx,,wahlap
昆明街区昆明官渡星耀店,云南省昆明市官渡区星耀广场三楼,,,maimai_dx,,wahlap
昆明街区昆明西山云纺店,云南省昆明市西山区永昌街道云纺国际商厦B座一楼昆明街区,,,maimai_dx,,wahlap
昆明街区滨江店,云南省昆明市盘龙区联盟街道办事处滨江·俊发广场,,,chunithm;maimai_dx,,wahlap
明日世界昆明五华西南广场店,云南省昆明市五华区人民中路昆百大•新西南广场东区4楼,,,maimai_dx,,wahlap
明日世界昆明和谐店,云南省昆明市五华区和谐广场C座二楼天空之城明日世界,,,maimai_dx,,wahlap
易游未尽广州从化金汇城店,广东省广州市从化区环市东路688号金汇城商业广场三层易游未尽,,,maimai_dx,,wahlap
星世纪九江浔阳步行街店,江西省九江市浔阳区湓浦街道大中路步行街444号信华广场1号楼,,,maimai_dx,,wahlap
星世纪动漫台球体验中心七星店,湖南省株洲市芦淞区建设街道钟鼓岭路118号七星潮流购物公园星世纪动漫台球中心,,,chunithm;maimai_dx,,wahlap
星世纪动漫游戏体验中心,"开福区黄兴中路87号万代大酒店1层 粉巢, Changsha Shi, Hunan Sheng, 410005",28.1965965,112.9758386,other,,ziv
星世纪动漫游戏体验中心邵阳店,湖南省邵阳市双清区友阿国际广场三楼星世纪动漫游戏体验中心,,,maimai_dx,,wahlap
星世纪合肥肥东吾悦店,安徽省合肥市肥东县桥头集路与吾悦路交叉口肥东吾悦广场4楼Z10铺,,,maimai_dx,,wahlap
星世纪咸宁游乐空间站店,湖北省咸宁市咸宁国家高新开发区温泉路35号金诚沃尔玛负一楼B-12号,,,maimai_dx,,wahlap
星世纪娄底娄星万豪店,湖南省娄底市娄星区氐星路万豪城市广场2楼星世纪动漫游戏体验中心,,,maimai_dx,,wahlap
星世纪宿迁远洋未来广场店,江苏省宿迁市宿城区河滨街道宿支路远洋未来广场3F星世纪,,,chunithm;maimai_dx,,wahlap
星世纪岳阳天虹店,湖南省岳阳市岳阳楼区东茅岭路42号天虹商场负一楼,,,chunithm;maimai_dx,,wahlap
星世纪常州溧阳吾悦店,江苏省常州市溧阳市溧城街道吾悦广场(溧阳店)3楼星世纪游乐空间站,,,maimai_dx,,wahlap
星世纪株洲天元神农城店,湖南省株洲市天元区珠江南路599号神农太阳城购物中心南座上层A305/A306号,,,maimai_dx,,wahlap
星世纪株洲荷塘万达店,湖南省株洲市荷塘区学林街道云龙大道万达广场3楼,,,maimai_dx,,wahlap
星世纪游乐空间站星耀城店,江苏省常州市新北区新桥街道星耀城吾悦广场星世纪2楼,,,maimai_dx,,wahlap
星世纪蚌埠蚌山吾悦店,安徽省蚌埠市蚌山区解放路吾悦广场二楼2023铺星世纪电玩娱乐中心,,,maimai_dx,,wahlap
星世纪蚌埠银泰百货店,安徽省蚌埠市蚌山区淮河社区行政事务管理中心东海大道4000号银泰百货(蚌埠店)负一层星世纪电玩,,,maimai_dx,,wahlap
星世纪铜陵铜官吾悦店,安徽铜陵市铜官区翠湖二路东段88号吾悦广场三楼星世纪,,,maimai_dx,,wahlap
星世纪长沙五一广场万代店,湖南省长沙市开福区通泰街道万代大酒店一楼,,,maimai_dx,,wahlap
星乐荟 happy & house (佘山宝乐汇店),"2F, Baolehui Mall, No.27 Sheyue Road, Sijing Town, Songjiang District, Shanghai, Shanghai, 201600",31.1065767,121.2262266,maimai_dx;taiko,,ziv
星乐荟 happy & house (浦乐汇广场店),"1F Area A, Pulehui Mall, No.2255 Huaxia East Road, Pudong New Ar, Pudong New Area, Shanghai, Shanghai, 201200",31.2025900,121.6907090,maimai_dx;other;taiko,,ziv
星乐荟上海松江店,上海市松江区佘月路27号宝乐汇生活广场2楼星乐荟,,,maimai_dx,,wahlap
星乐荟上海浦东金汇广场店,上海市浦东新区2255号金汇广场1楼星乐荟,,,maimai_dx,,wahlap
星光之城上饶鄱阳文和里店,江西省上饶市鄱阳县饶州街道文合里南街区一号楼/二层,,,maimai_dx,,wahlap
星光动漫临沂兰陵开元店,山东省临沂市兰陵县卞庄街道中兴路中段开元国际商城C区三楼302号,,,maimai_dx,,wahlap
星光动漫阜阳临泉大润发店,安徽省阜阳市临泉县大润发三楼星光动漫,,,maimai_dx,,wahlap
星光嘉年华潍坊高新店,山东省潍坊市高新区清池街道健康东街与惠贤路东北角谷德茂三楼,,,maimai_dx,,wahlap
星光联盟动漫潮玩体验中心阜阳临泉爱琴海购物公园店,安徽省阜阳市临泉县爱琴海购物公园二楼,,,maimai_dx,,wahlap
星动潮玩钦州钦南世贸广场店,广西省钦州市钦南区长融世贸广场3楼星动潮玩,,,maimai_dx,,wahlap
星卉乐大理泰业广场店,云南省大理白族自治州大理市下关街道 建设东路21号泰业广场三楼,,,maimai_dx,,wahlap
星地标长春朝阳店,吉林省长春市朝阳区西康路威宝大厦二楼星地标,,,maimai_dx,,wahlap
星城战记岳阳君山店,湖南省岳阳市君山区家宁城市广场二楼星城战记,,,maimai_dx,,wahlap
星城战记岳阳长安店,湖南省岳阳市临湘市长安街道长安西路新富食村广场一楼,,,maimai_dx,,wahlap
星城战记常德武陵万达店,湖南省常德市武陵区万达广场2楼,,,maimai_dx,,wahlap
星城战记常德石门兰园店,湖南省常德市石门县石门兰园百家超市,,,maimai_dx,,wahlap
星城战记泰州天虹购物中心店,江苏省泰州市医药高新技术产业开发区药城大道797号泰州天虹购物中心商场L3层L335铺,,,chunithm;maimai_dx,,wahlap
星城战记湖州吴兴店,浙江湖州市吴兴区湖州南太湖吾悦广场三楼星城战记,,,chunithm;maimai_dx,,wahlap
星城战记苏州吴江店,江苏省苏州市吴江区盛泽镇舜湖西路天虹商场L2层A001号商铺星城战记,,,chunithm,,wahlap
星城战记衡阳万达店,湖南省衡阳市珠晖区酃湖万达广场2楼星城战记,,,maimai_dx,,wahlap
星城战记衡阳蒸湘店,湖南衡阳蒸湘区华新步步高商场四楼,,,maimai_dx,,wahlap
星城战记衡阳衡山三宏店,湖南省衡阳市衡山县开云镇三宏商业广场一楼,,,maimai_dx,,wahlap
星城战记衡阳财富广场店,湖南省衡阳市衡东县万上财富广场,,,maimai_dx,,wahlap
星城战记郴州友阿店,湖南省郴州市北湖区友阿国际广场三楼星城战记电玩城,,,maimai_dx,,wahlap
星城战记长沙望城吾悦广场店,湖南省长沙市望城区吾悦广场3楼星城战记潮玩体验中心,,,chunithm;maimai_dx,,wahlap
星奇8茂名高州金港湾店,广东省茂名市高州市文明路金港湾商场3楼星奇8家庭娱乐中心,,,maimai_dx,,wahlap
星奇多六安万达二店,安徽省六安市霍邱县万达广场二楼星奇多潮玩世界,,,maimai_dx,,wahlap
星奇多合肥包河店,安徽省合肥市包河区融创茂一楼星奇多超级乐园,,,maimai_dx,,wahlap
星奇多合肥瑶海万达店,安徽省合肥市星奇多瑶海万达3F-B店铺,,,maimai_dx,,wahlap
星奇多合肥蜀山唯品会2店,安徽省合肥市蜀山区安粮唯品会三楼星奇多潮玩世界,,,maimai_dx,,wahlap
星奇多合肥蜀山银泰百货店,安徽省合肥市蜀山区高新技术产业开发区银泰百货(高新店)三楼星奇多潮玩世界,,,maimai_dx,,wahlap
星奇多合肥高新店,安徽省合肥市高新区龙湖天街三楼星奇多潮玩世界,,,maimai_dx,,wahlap
星奇多安徽阜阳颖泉万达店,安徽省阜阳市颖泉区太和路396号,,,chunithm;maimai_dx,,wahlap
星奇多潮玩合肥包河店,安徽省合肥市包河区徽州大道878号漫乐城2楼,,,maimai_dx,,wahlap
星奇多潮玩合肥蜀山店,安徽省合肥市蜀山区莲花社区正大广场四楼星奇多潮玩世界,,,maimai_dx,,wahlap
星奇多潮玩合肥长丰店,安徽省合肥市长丰县双墩镇北城世纪金源购物中心B座2楼2005铺星奇多潮玩世界,,,maimai_dx,,wahlap
星奇多芜湖弋江万达店,安徽省芜湖市弋江区万达3楼星奇多潮玩世界,,,maimai_dx,,wahlap
星奇多蚌埠万达店,安徽省蚌埠市淮上万达三楼星奇多,,,maimai_dx,,wahlap
星奇多蚌埠蚌山万达店,安徽省蚌埠市蚌山万达广场1号门2楼必胜客隔壁星奇多潮玩世界,,,chunithm;maimai_dx,,wahlap
星奇多铜陵铜官万达广场店,安徽省铜陵市铜官区官塘社区石城大道中段599号万达广场3楼星奇多,,,chunithm;maimai_dx,,wahlap
星奇添家庭娱乐中心重庆南岸店,重庆市南岸区弹子石中心泽科星泽汇B1层09号商铺,,,maimai_dx,,wahlap
星律StellaMellowdy珠海金湾店,广东省珠海市金湾区三灶镇敏德巷9号商铺,,,chunithm;maimai_dx,,wahlap
星悦乐玩城安阳内黄汇购店,河南省安阳市内黄县人民路汇购广场3楼,,,maimai_dx,,wahlap
星悦乐玩城濮阳华龙店,河南省濮阳市华龙区水秀街5号楼,,,maimai_dx,,wahlap
星悦时光无锡新吴区新之城店,江苏省无锡市新吴区新之城生活广场B区B2-02,,,maimai_dx,,wahlap
星悦时光无锡江阴店,江苏省无锡市江阴市申港红豆万花城二楼星悦时光家庭娱乐中心,,,maimai_dx,,wahlap
星悦潮玩无锡宜兴店,江苏省无锡市宜兴市宜城街道解放东路288号3楼F3046星悦潮玩,,,maimai_dx,,wahlap
星悦潮玩无锡店,江苏省无锡市锡山区锡东八佰伴3楼星悦潮玩,,,chunithm;maimai_dx,,wahlap
星悦蓝海无锡梁溪店,江苏省无锡市梁溪区崇安寺步行街一期负一楼78号,,,maimai_dx,,wahlap
星悦蓝海欢乐园苏州店,江苏省苏州市姑苏区石路街道广济南路219号天虹九楼星悦蓝海欢乐园,,,maimai_dx,,wahlap
星曜潮玩西安经开世纪金花A馆店,西安市经济技术开发区凤城五路赛高世纪金花A馆三层星曜潮玩室内俱乐部,,,maimai_dx,,wahlap
星月方舟肇庆敏捷广场店,广东省肇庆市端州区敏捷广场3楼3038号星月方舟,,,maimai_dx,,wahlap
星期六家庭娱乐中心武威凉州店,甘肃省武威市凉州区南广场负一层,,,maimai_dx,,wahlap
星核嘉年华清远顺盈时代店,广东省清远市顺盈时代广场3楼星核嘉年华,,,chunithm;maimai_dx,,wahlap
星河之城福州金融街万达店,福建省福州市台江区鳌峰街道金融街万达广场二楼,,,maimai_dx,,wahlap
星河奇迹 Galaxy Miracle（上海杨浦悠方店）,"1F, U-Fun Shopping Center, No.1388 Yinhang Road, Xinjiangwan Tow, Yangpu District, Shanghai, Shanghai, 200433",31.3319832,121.5040397,maimai_dx;other,,ziv
星河奇迹上海杨浦悠方店,上海杨浦区悠方购物中心一楼星河奇迹,,,maimai_dx,,wahlap
星河奇迹佛山王府井紫薇港店,广东省佛山市禅城区石湾街道季华四路68号王府井百货L3032-2,,,maimai_dx,,wahlap
星河奇迹汕尾信利店,广东省汕尾市城区信利城市广场4楼星河奇迹,,,maimai_dx,,wahlap
星河奇迹汕尾海丰店,广东省汕尾市海丰县蓝天广场三楼星河奇迹游乐体验馆,,,maimai_dx,,wahlap
星河奇迹深圳福田店,广东省深圳市福田区中洲湾二楼,,,chunithm;maimai_dx,,wahlap
星河奇迹漳州龙海万科店,福建省漳州市龙海区海澄镇万科广场四楼星河奇迹电子游艺厅,,,maimai_dx,,wahlap
星河奇迹珠海扬名广场店,广东省珠海市凤凰南路1066号扬名广场二期二层星河奇迹,,,maimai_dx,,wahlap
星河奇迹肇庆星湖店,广东省肇庆市端州区端州四路10号星湖国际广场北座2楼星河奇迹,,,maimai_dx,,wahlap
星河奇迹苏州昆山万达店,江苏省苏州市昆山市周市镇青阳路万达广场3楼星河奇迹,,,maimai_dx,,wahlap
星河奇迹韶关浈江店,广东省韶关市浈江区兴隆街28号首层C区星河奇迹电子游艺中心,,,maimai_dx,,wahlap
星河电玩俱乐部(Milky Way Game Club),"No. 39, Zhongshan Road, Ganqule Subdistrict, 中山路天昆国际酒店西40米处, Tumushuke City, Xinjiang Uygur Autonomous Region, 843900",39.8635649,79.0754217,taiko,,ziv
星河部落 GALAXY TRIBE (上海浦江店),"3F, Pujiang Huanlesong, No.2688 Chenxing Highway, Minhang District, Shanghai, Shanghai, 201100",31.0971079,121.4994872,maimai_dx;other,,ziv
星河部落 GALAXY TRIBE (川沙百联店),"3F, No.5398 Chuansha Road, Pudong New District, Shanghai, Shanghai, 201200",31.1872608,121.6937199,chunithm;maimai_dx;taiko,,ziv
星河部落 GALAXY TRIBE (海上世界店),"2F L2-019B, Shanghai Haishang World, No.58 Wusongkou Road, Youyi, Baoshan District, Shanghai, Shanghai, 201900",31.4073300,121.4975444,maimai_dx;other,,ziv
星河部落上海宝山海上世界店,宝山区吴淞口路58号海上世界2楼,,,maimai_dx,,wahlap
星河部落上海杨浦店,上海市杨浦区淞沪路 111 号 2 层,,,chunithm;maimai_dx,,wahlap
星河部落台州临海银泰店,浙江省台州市临海市东方大道1号银泰城三楼星河部落乐园,,,maimai_dx,,wahlap
星河部落嘉兴桐乡万象汇店,浙江省嘉兴市桐乡市梧桐街道新永丰路398号桐乡万象汇三层L361号星河部落电玩城,,,maimai_dx,,wahlap
星河部落川沙百联店,上海市浦东新区川沙路5398号川沙百联购物中心3楼星河部落电玩城,,,chunithm;maimai_dx,,wahlap
星河部落海宁长安奥特莱斯店,浙江省海宁市长安镇启潮路199号奥特莱斯二期1号楼3楼E301-E314星河部落电玩城,,,maimai_dx,,wahlap
星河部落远洋乐提港店,浙江省杭州市拱墅区大关路远洋乐提港二楼星河部落,,,maimai_dx,,wahlap
星河部落闵行浦江店,上海市闵行区浦江镇浦锦街道陈行公路2688号欢乐颂3L星河部落电玩城,,,maimai_dx,,wahlap
星河风云 GALAXY TRIBE (五角场店),"2F, Building E, Wanda Plaza, No.189 Zhengtong Road, Yangpu District, Shanghai, Shanghai, 200433",31.3040235,121.5093765,chunithm;maimai_dx;other;taiko,,ziv
星海英雄东莞南城时代城广场店,广东省东莞市南城街道西平社区宏伟路1号时代城广场负一楼星海英雄超乐场,,,maimai_dx,,wahlap
星漫传奇广州番禺钟村店,广东省广州市番禺区钟村街道雄峰城B1座3F星漫传奇,,,maimai_dx,,wahlap
星玩城家庭娱乐中心无锡店,江苏省无锡市梅村街道梅里古镇207-117号星玩城,,,maimai_dx,,wahlap
星环游昌吉长宁华洋广场店,新疆维吾尔自治区昌吉州昌吉市长宁南路111号华洋广场5楼,,,chunithm;maimai_dx,,wahlap
星球FUN (星城购物中心),"3rd Floor, Star City Shopping Center, No. 209 Baoshi East Road,, Bao'an District 宝安区, Shenzhen City 深圳市, Guangdong Province 广东省, 518101",22.6828707,113.9431091,taiko,,ziv
星球很忙衡阳弘阳广场店,湖南省衡阳市蒸湘区船山大道弘阳广场3楼,,,maimai_dx,,wahlap
星球派对南充高坪店,四川省南充市高坪区都京街道江东中路6号万达广场1A楼6号三号门星球派,,,maimai_dx,,wahlap
星球派对南宁兴宁店,广西壮族自治区南宁市兴宁区路桥融创茂三楼,,,maimai_dx,,wahlap
星球派对南宁青秀龙湖天街店,广西壮族自治区南宁市青秀区龙湖天街三楼星球派对,,,maimai_dx,,wahlap
星球派对广西防城港北仑大道店,广西壮族自治区防城港市东兴市东兴镇北仑大道星球派对,,,maimai_dx,,wahlap
星球派对德阳旌阳店,四川省德阳市旌阳区长江一路一段星球派对,,,maimai_dx,,wahlap
星球派对成都青羊店,四川省成都市青羊区西源集负一楼星球派对,,,maimai_dx,,wahlap
星球派对黔南州都匀万达店,贵州省黔南州都匀市斗篷山路万达广场1楼星球派对,,,maimai_dx,,wahlap
星界奇航佛山顺德店,广东省佛山市顺德区乐从镇供销大厦乐从新天地三楼星界奇航家庭娱乐中心,,,maimai_dx,,wahlap
星界奇航江门鹤山店,广东省江门市鹤山坚美广场3楼,,,maimai_dx,,wahlap
星界玩家广州番禺白云花园店,广州市番禺区东方白云花园56号铺,,,maimai_dx,,wahlap
星盛家庭娱乐中心郑州白沙八房井购物中心店,河南省郑州市中牟县白沙八房井购物中心,,,maimai_dx,,wahlap
星禾汇福州世欧广场店,福建省福州市晋安区晋连路18号世欧广场北区3楼星禾汇,,,chunithm;maimai_dx,,wahlap
星空之旅东莞天和city店,广东省东莞市樟木头永宁街天和city三楼星空之旅,,,chunithm,,wahlap
星空卫士四川宣汉店,四川省达州市宣汉县蒲江街道西华大道109号金鼓商业广场第3商业层,,,maimai_dx,,wahlap
星空潮玩忻州宁武供销商场店,山西省忻州市宁武县供销商场,,,maimai_dx,,wahlap
星空空间阳泉万象时代店,山西省阳泉市城区新建街万象时代2楼,,,maimai_dx,,wahlap
星空超乐场乳山九龙汇店,山东省乳山市九龙汇购物广场三楼星空超乐场,,,maimai_dx,,wahlap
星纪元赤峰众联时代城店,内蒙古赤峰市红山区众联时代城三楼星纪元,,,maimai_dx,,wahlap
星舰梦航荔湾广百店,广东省广州市荔湾区坑口地铁站荔胜广场3F-10,,,maimai_dx,,wahlap
星贝乐阜阳颍州店,安徽省阜阳市颍州区阜阳商厦中心三楼星贝乐园,,,maimai_dx,,wahlap
星贝尼常州星湖广场店,江苏省常州市武进区星湖广场二楼星贝尼家庭娱乐中心,,,maimai_dx,,wahlap
星贝尼苏州张家港万达店,江苏省苏州市张家港市杨舍镇人民东路万达广场三楼万达星贝尼家庭娱乐中心,,,maimai_dx,,wahlap
星趣时光佛山禅城南庄吉利沃达百货店,佛山市禅城区南庄镇吉利沃达百货3楼星趣时光,,,maimai_dx,,wahlap
星趣时光佛山顺德店,广东省佛山市顺德区伦教伦常路置富花园888号盛达广场2楼星趣时光,,,maimai_dx,,wahlap
星辉之城荆州购物公园店,荆州市洪湖市购物公园4楼星辉之城电玩,,,maimai_dx,,wahlap
星辰时光兴义康居广场店,贵州省黔西南布依族苗族自治州兴义市桔山街道神奇东路康居广场B区B1-1-2-3号门面,,,maimai_dx,,wahlap
星辰潮玩城宜春丰城市民中心店,江西省宜春市丰城市龙光东大道丰城市市民中心剑邑天街星辰潮玩城,,,maimai_dx,,wahlap
星酷悦玩眉山东坡店,四川省眉山市东坡区三苏路万达广场三层星酷悦玩,,,maimai_dx,,wahlap
星酷时代动漫,"昆明市官渡区双福路银海花园1号铺面, 昆明市(Kunming), 云南省(YunNan Province)",25.0079659,102.7379823,gitadora,,ziv
星际之城阜阳太和店,安徽省阜阳市太和县晶宫购物广场五楼,,,maimai_dx,,wahlap
星际乐迪吉林白山店,吉林省白山市浑江区 万达广场三楼星际乐迪,,,maimai_dx,,wahlap
星际乐迪营口鲅鱼圈万达店,辽宁省营口市鲅鱼圈区万达广场三楼星际乐迪家庭娱乐中心,,,maimai_dx,,wahlap
星际传奇 STAR LEGEND (上海中海环宇城店),"L3001, 3F, Zhonghai Huanyucheng MAX, No.1 Lane 699 Tongchuan Roa, Putuo District, Shanghai, Shanghai, 200333",31.2520765,121.4049109,chunithm;maimai_dx;taiko,,ziv
星际传奇 STAR LEGEND (上海浦东新嘉中心店),"L2 Floor, Xinjia Center, No.1188 Zhangyang North Road, Pudong Ne, Pudong New District, Shanghai, Shanghai, 200120",31.2795780,121.5810390,maimai_dx;other;taiko,,ziv
星际传奇 STAR LEGEND (上海西郊店),"仙霞西路88号百联西郊购物中心４楼, 88 Xian Xia Road, Bailian Xijiao Mall, 4F, 长宁区 (Changning District), 上海 (Shanghai), 200052",31.2106929,121.3653960,other;taiko,,ziv
星际传奇 STAR LEGEND (光环购物中心店),"L3, Halo Shopping Park, Jinzhou Avenue, Yubei District (Liangjiang New Area), Chongqing, Chongqing, 401122",29.6525171,106.5254767,maimai_dx,,ziv
星际传奇 Star Legend (宝安大仟里),"3rd Floor, Da Qian Li, Xixiang Subdistrict, Bao’an District,, Shenzhen, Guangdong Province, China, Shenzhen, Guangdong, 518108",22.5721652,113.8664353,maimai_dx;taiko,,ziv
星际传奇 STAR LEGEND (松江印象城店),"3F L337, Songjiang Impression City, Lane 1788 Guangfulin Road, Songjiang District, Shanghai, Shanghai, 201600",31.0634339,121.2181240,maimai_dx;other;taiko,,ziv
星际传奇 STAR LEGEND (瑞虹天地太阳宫店),"4F, No.181 Ruihong Road, Hongkou District, Shanghai, Shanghai, 200080",31.2652051,121.4942541,maimai_dx;taiko,,ziv
星际传奇 STAR LEGEND (静安大融城店),"3F, Building 1, Jing'an Darongcheng, Hutai Road, Jing'an District, Shanghai, Shanghai, 200435",31.2816738,121.4225863,other;taiko,,ziv
星际传奇 STAR LEGEND X meland (上海合生汇),"淞沪路77号上海合生汇3F, 杨浦区 (Yangpu District), 上海 (Shanghai), 200433",31.3017500,121.5136067,maimai_dx;taiko,,ziv
星际传奇 STAR LEGEND（七宝领展广场店）,"3F, Qibao Link Plaza, No.3366 Caobao Road, Minhang District, Shanghai, Shanghai, 201100",31.1565834,121.3457950,maimai_dx;taiko,,ziv
星际传奇 STAR LEGEND（呼和浩特万象城店）,"4th Floor, Hohhot MixC, South Xilingol Road, Yuquan District, Hohhot, Inner Mongolia, 010020",40.8035773,111.6678607,maimai_dx;other;taiko,,ziv
星际传奇 STAR LEGEND（虹桥万象城店）,"L4 Floor, The MixC Shanghai (Wuzhong Road), No.1799 Wuzhong Road, Minhang District, Shanghai, Shanghai, 201103",31.1713663,121.3632631,maimai_dx;taiko,,ziv
星际传奇 Star Lenged (BREW TOWN),"2nd Floor, Brew Town 啤酒小镇, No. 288 Chuangye 2nd Road,, Bao'an District 宝安区, Shenzhen City 深圳市, Guangdong Province 广东省, 518101",22.5848505,113.9176224,maimai_dx;other;taiko,,ziv
星际传奇 Star Lenged (光明大仟里),"3rd Floor, Guangming Maxland Shopping,, Guangming District 光明区, Shenzhen City 深圳市, Guangdong Province 广东省, 518107",22.7782292,113.8890732,maimai_dx;other,,ziv
星际传奇 Star Lenged (坂田万科),"3rd Floor, Vanke Plaza, Longgang District 龙岗区, Shenzhen City 深圳市, Guangdong Province 广东省, 518129",22.6272023,114.0457895,maimai_dx;other;taiko,,ziv
星际传奇 Star Lenged (坪山益田假日),"Shop L2-44, Yitian Holiday Plaza, No. 168 Shenshan Highway, Pingshan District 坪山新区, Shenzhen City 深圳市, Guangdong Province 广东省, 518118",22.6962882,114.3337834,other;taiko,,ziv
星际传奇 Star Lenged (布吉万象汇MixC),"4th Floor, Buji China Resources MixC One Shopping Center, Xiangg, Longgang District 龙岗区, Shenzhen City 深圳市, Guangdong Province 广东省, 518112",22.5968958,114.1260164,other;taiko,,ziv
星际传奇 Star Lenged (深圳大运天地),"L2 Floor, South Zone, Shenzhen Dayun Tiandi Shopping, Longgang District 龙岗区, Shenzhen City 深圳市, Guangdong Province 广东省, 518172",22.6977531,114.2153371,maimai_dx;other;taiko,,ziv
星际传奇 Star Lenged (观澜湖),"3rd Floor, MH Hall, No. 8 Golf Avenue, Guanlan Subdistrict, Loonghua New District 龙华新区, Shenzhen City 深圳市, Guangdong Province 广东省, 518110",22.7245738,114.0700794,other;taiko,,ziv
星际传奇 Star Lenged (龙华天虹),"[Temporary Closed] F3, Rainbow Shopping Center, No. 2020 Renmin, Longhua New District 龙华新区, Shenzhen City 深圳市, Guangdong Province 广东省, 518109",22.6303316,114.0161455,maimai_dx;other;taiko,,ziv
星际传奇 Star Lenged (龙岗万科),"3rd Floor, Vanke Plaza, No. 7188 Longxiang Avenue,, Longgang District 龙岗区, Shenzhen City 深圳市, Guangdong Province 广东省, 518172",22.7172803,114.2386083,chunithm;maimai_dx;other;taiko,,ziv
星际传奇(南昌铜锣湾店),"红谷滩区庐山南大道369号, Nanchang Shi, Jiangxi Sheng, 330000",28.7013994,115.8664409,other;taiko,,ziv
星际传奇STAR LEGEND电玩(北京五棵松店),"No.9 Fuxing Road, Wukesong Wanda Plaza, 3F, Haidian District, Be, Haidian District, Beijing, Beijing, 100039",39.9116753,116.2705098,maimai_dx,,ziv
星际传奇上海中海环宇城店,上海市普陀区铜川路699弄1号中海环宇城MAX三楼3001反斗乐园,,,chunithm;maimai_dx,,wahlap
星际传奇上海合生汇店,上海市杨浦区翔殷路1099号合生汇三楼星际传奇,,,maimai_dx,,wahlap
星际传奇上海松江印象城店,上海市松江区广富林路1788弄松江印象城3楼星际传奇L337,,,maimai_dx,,wahlap
星际传奇上海浦东新嘉中心店,上海市浦东新区张杨北路1188号新嘉中心L2层星际传奇,,,maimai_dx,,wahlap
星际传奇上海瑞虹天地太阳宫店,上海市虹口区嘉兴路街道瑞虹路181号太阳宫四楼L4-7星际传奇,,,maimai_dx,,wahlap
星际传奇上海闵行七宝店,上海市闵行区七宝镇漕宝路3366号L301星际传奇,,,maimai_dx,,wahlap
星际传奇上海闵行万象城店,上海市闵行区吴中路1599号4楼431b星际传奇,,,maimai_dx,,wahlap
星际传奇东莞万象汇店,广东省东莞市松山湖万象汇F314星际传奇,,,maimai_dx,,wahlap
星际传奇中山孙文东路店,广东省中山市孙文东路688号3楼星际传奇,,,maimai_dx,,wahlap
星际传奇乌鲁木齐吾悦广场店,新疆维吾尔自治区乌鲁木齐市水磨沟区会展吾悦广场三楼星际传奇,,,chunithm;maimai_dx,,wahlap
星际传奇佛山南海南宇广场店,广东省佛山市南海区桂城街道石龙南路6号南宇广场L3层D14单元,,,maimai_dx,,wahlap
星际传奇佛山禅城祖庙店,广东省佛山市禅城区祖庙街道祖庙路17号MELANDSPORT星际传奇,,,maimai_dx,,wahlap
星际传奇佛山顺德万象汇店,广东省佛山市顺德区大良街道华润万象汇L401星际传奇,,,maimai_dx,,wahlap
星际传奇兰州万象城店,甘肃省兰州市城关区庆阳路万象城L501,,,maimai_dx,,wahlap
星际传奇北京丽泽天地店,北京市丰台区丰台北路丽泽天地购物中心3层03-30,,,maimai_dx,,wahlap
星际传奇北京五棵松店,北京市海淀区五棵松万达广场3楼星际传奇MelandClub,,,chunithm;maimai_dx,,wahlap
星际传奇南京万象汇店,江苏省南京市栖霞区万象汇B馆三楼星际传奇,,,chunithm,,wahlap
星际传奇南京城北万象汇店,江苏省南京市栖霞区迈皋桥街道栖霞大道106号南京城北万象汇B馆L3118B星际传奇,,,maimai_dx,,wahlap
星际传奇南宁江南店,广西壮族自治区南宁市江南区金凯路8号,,,maimai_dx,,wahlap
星际传奇厦门思明磐基中心店,厦门市思明区磐基中心LG层星际传奇,,,maimai_dx,,wahlap
星际传奇厦门集美世贸店,福建省厦门市集美区侨英街道滨水中二里世茂广场32-33号2层2005号商铺,,,maimai_dx,,wahlap
星际传奇台州星悦城店,浙江省台州市椒江区中心大道555号2楼245商铺星际传奇,,,maimai_dx,,wahlap
星际传奇呼和浩特玉泉万象城店,内蒙古市呼和浩特市玉泉区锡林郭勒南路万象城L425星际传奇,,,maimai_dx,,wahlap
星际传奇成都天府大悦城店,四川省成都市双流区兴象街356号天府大悦城3楼11号,,,chunithm;maimai_dx,,wahlap
星际传奇成都天府新区店,四川省成都市天府新区万安街麓山大道199A馆和悦广场3F星际传奇,,,chunithm,,wahlap
星际传奇成都高新环球中心店,四川省成都市高新区天府大道北段1700号4FB02星际传奇,,,maimai_dx,,wahlap
星际传奇日照店,山东省日照市烟台路176号华润万象汇三楼,,,maimai_dx,,wahlap
星际传奇昆山万象汇店,江苏省苏州市昆山市玉山镇前进西路1266号昆山万象汇商业中心L3层315号星际传奇,,,maimai_dx,,wahlap
星际传奇昆明万象城店,云南省昆明市万象城星际传奇4F,,,chunithm,,wahlap
星际传奇杭州萧山万象汇店,浙江省杭州市萧山区金城路万象汇3楼星际传奇L341,,,maimai_dx,,wahlap
星际传奇杭州萧山奥体店,浙江省杭州市萧山区奥体印象城四楼星际传奇,,,chunithm;maimai_dx,,wahlap
星际传奇杭州萧山银泰店,浙江省杭州市萧山区新塘街道通惠南路667号银泰百货3楼星际传奇,,,maimai_dx,,wahlap
星际传奇武汉壹方南馆店,湖北省武汉市江岸区中山大道壹方南馆三楼星际传奇,,,maimai_dx,,wahlap
星际传奇武汉龙湖江宸天街店,湖北省武汉市江汉区航测村青年路与马场角小路交汇处武汉江宸天街A-4F-28，A-4F-29,,,maimai_dx,,wahlap
星际传奇汕头万象城店,广东省汕头市龙湖区长平路95号华润大厦万象城L5A08和L5A16号商铺,,,maimai_dx,,wahlap
星际传奇沈阳三台子万象汇店,辽宁省沈阳市三台子万象汇皇姑区黄河北大街33号万象汇星际传奇L348,,,maimai_dx,,wahlap
星际传奇沈阳中海环宇城店,上海市杨浦区五角场街道翔殷路1099号合生汇3楼17号星际传奇,,,maimai_dx,,wahlap
星际传奇沈阳吾悦广场店,辽宁省沈阳市沈北新区吾悦广场3楼星际传奇,,,maimai_dx,,wahlap
星际传奇沈阳铁西万象汇店,辽宁省沈阳市铁西万象汇3楼星际传奇,,,maimai_dx,,wahlap
星际传奇泰州万象城店,江苏省泰州市海陵区永定路华润国际社区3期万象城三楼星际传奇,,,maimai_dx,,wahlap
星际传奇济宁龙贵购物广场店,山东省济宁市任城区金宇路龙贵购物广场三楼星际传奇,,,maimai_dx,,wahlap
星际传奇淄博万象汇店,山东省淄博市张店区金晶大道68号华润万象汇3楼星际传奇,,,maimai_dx,,wahlap
星际传奇淮安清江浦店,江苏省淮安市清江浦区淮海北路49号华信mall三楼星际传奇,,,maimai_dx,,wahlap
星际传奇深圳光明店,广东省深圳市光明区公明街道天汇城一期商业裙楼三楼L323-325号商铺星际传奇,,,maimai_dx,,wahlap
星际传奇深圳光明星河cococity店,深圳市光明街道光明大道511号光明星河cococity A馆三楼星际传奇L3-010B,,,maimai_dx,,wahlap
星际传奇深圳前海欢乐港湾店,广东省深圳市宝安区新安街道海滨社区欢乐港湾2号东L1-027,,,maimai_dx,,wahlap
星际传奇深圳南山万象天地店,广东省深圳市南山区深南大道9668号万象天地4层SL435星际传奇,,,maimai_dx,,wahlap
星际传奇深圳南山新世界店,广东省深圳市南山区招商街道五湾社区太子湾路56号太子湾新世界亲子购物坊南馆3楼星际传奇,,,maimai_dx,,wahlap
星际传奇深圳坂田万科店,深圳市龙岗区坂田街道杨美社区东坡路3号万致天地商业中心1栋L3-17,,,maimai_dx,,wahlap
星际传奇深圳宝安壹方城店,广东省深圳市宝安区宝安中心壹方城购物中心三楼星际传奇,,,chunithm;maimai_dx,,wahlap
星际传奇深圳宝安大千里店,广东省深圳市宝安区坪洲大千里3楼,,,maimai_dx,,wahlap
星际传奇深圳宝安科创城店,广东省深圳市宝安区新安街道留仙三路与创业二路交汇处西南侧雪花科创城星际传奇,,,maimai_dx,,wahlap
星际传奇深圳深业上城店,广东省深圳市福田区华富街道皇岗路5001号深业上城,,,maimai_dx,,wahlap
星际传奇深圳福田卓悦汇店,广东省深圳市福田区梅林街道中康路与梅林路交汇处卓悦汇购物中心L3层17号,,,maimai_dx,,wahlap
星际传奇深圳罗湖KKMALL店,广东省深圳市罗湖区深南东路5016号京基百纳空间KKMALL三楼313A星际传奇,,,maimai_dx,,wahlap
星际传奇深圳罗湖金光华店,广东省深圳市罗湖区人民南路2028号金光华广场星际传奇,,,maimai_dx,,wahlap
星际传奇深圳龙岗万科店,广东省深圳市龙岗区龙翔大道7188号万科广场L3-11号星际传奇,,,chunithm;maimai_dx,,wahlap
星际传奇深圳龙岗大运天地店,广东省深圳市龙岗区龙城街道黄阁坑社区大运天地购物中心南区1栋SL202星际传奇,,,maimai_dx,,wahlap
星际传奇渝北光环商场店,重庆市渝北区鸳鸯街道光环购物公园L3楼26-27星际传奇,,,maimai_dx,,wahlap
星际传奇温州万象城店,浙江省温州市瓯海区温瑞大道万象城三楼,,,maimai_dx,,wahlap
星际传奇温州瓯海万象城店,浙江省温州市瓯海区温瑞大道万象城三楼,,,maimai_dx,,wahlap
星际传奇温州鹿城滨江万象城店,浙江省温州市鹿城区滨江街道瓯江路3999号温州滨江万象城L442星际传奇,,,maimai_dx,,wahlap
星际传奇漳州龙文店,福建省漳州市龙文区吾悦广场3层,,,maimai_dx,,wahlap
星际传奇珠海海韵城店,珠海海韵城星际传奇,,,maimai_dx,,wahlap
星际传奇珠海香洲优特汇店,广东省珠海市香洲区银桦路102号优特汇广场地上三层自编L303单元号商铺星际传奇,,,maimai_dx,,wahlap
星际传奇石家庄万象城店,河北省石家庄市桥西区中山西路华润万象城三楼L333星际传奇,,,maimai_dx,,wahlap
星际传奇罗湖益田御龙华府店,广东省深圳市罗湖区爱国路1009号益田御龙华府1栋L2-17,,,maimai_dx,,wahlap
星际传奇苏州吴江万象汇店,江苏省苏州市吴江区开平路华润万象汇三楼星际传奇,,,maimai_dx,,wahlap
星际传奇苏州悠方店,江苏省苏州市吴中区木渎镇悠方购物中心三楼,,,maimai_dx,,wahlap
星际传奇贵阳观山湖华润店,贵州省贵阳市观山湖区华润万象汇星际传奇,,,maimai_dx,,wahlap
星际传奇赣州章贡万象城店,江西省赣州市章贡区万象城三楼星际传奇,,,chunithm;maimai_dx,,wahlap
星际传奇郑州郑东万象城店,河南省郑州市金水区金水东路67号郑东万象城6楼星际传奇,,,chunithm;maimai_dx,,wahlap
星际传奇长春万象城店,吉林省长春市南关区解放大路万象城五楼星际传奇,,,maimai_dx,,wahlap
星际动漫天门印象西江店,湖北省天门市印象西江天街二楼,,,maimai_dx,,wahlap
星际反斗蛙大理昆百大泰业城店,云南省大理白族自治州大理市下关镇建设路泰业昆百大5楼,,,maimai_dx,,wahlap
星际嗨玩城徐州店,江苏省徐州沛县城投国际b座,,,maimai_dx,,wahlap
星际嘉年华沈阳沈辽万达店,辽宁省沈阳市沈辽路铁西万达广场二楼星际嘉年华家庭娱乐中心,,,chunithm;maimai_dx,,wahlap
星际小镇河南原阳店,河南省原阳县香港城四楼星际小镇,,,chunithm;maimai_dx,,wahlap
星际小镇焦作温县店,河南省焦作市温县子夏大街与黄河路交叉口新胖发祥四楼星际小镇,,,maimai_dx,,wahlap
星际幻想青浦淀山万达店,上海市青浦区淀山湖大道万达茂B区二楼星际幻想,,,maimai_dx,,wahlap
星际战城邓州建业店,河南省邓州市建业360广场楼星际战城动漫竞技馆,,,maimai_dx,,wahlap
星际梦乐城清远清城店,广东省清远市清城区城市广场3楼星际梦乐城,,,maimai_dx,,wahlap
星际梦想城周口鹿邑顺达广场店,河南省周口市鹿邑县万顺达广场五楼01号星际梦想城,,,maimai_dx,,wahlap
星际梦想城嘉兴南湖广益万达店,浙江省嘉兴市南湖区广益路万达广场三楼3001铺,,,maimai_dx,,wahlap
星际梦想城嘉兴南湖龙鼎万达店,浙江省嘉兴市南湖区龙鼎万达三楼星际梦想城,,,maimai_dx,,wahlap
星际梦想城天津河东万达店,天津市河东区万达广场3楼,,,chunithm,,wahlap
星际梦想城宿州埇桥万达店,安徽省宿州市埇桥区银河三路万达广场三楼星际梦想电玩城,,,chunithm;maimai_dx,,wahlap
星际梦想城济源宝龙广场店,河南省济源市济源大道宝龙广场2楼星际梦想城,,,maimai_dx,,wahlap
星际梦想城湖州长兴万达店,浙江省湖州市长兴县龙山街道 画溪大道与析湖路交叉口万达广场3楼,,,maimai_dx,,wahlap
星际梦想城盐城东台店,江苏省盐城市东台市八佰伴3楼,,,maimai_dx,,wahlap
星际梦想城舟山定海宝龙店,浙江省舟山市定海区宝龙广场 B 馆二楼星际梦想城,,,maimai_dx,,wahlap
星际梦想城辛集万达广场店,河北省辛集市教育路万达广场3F星际梦想城,,,maimai_dx,,wahlap
星际梦想城郑州二七万达广场店,河南省郑州市二七区万达广场3楼星际梦想城,,,maimai_dx,,wahlap
星际游艺岳阳湘阴店,岳阳市湘阴县文星镇滨湖路星际游艺2口,,,maimai_dx,,wahlap
星际潮玩宿州砀山万达店,安徽省宿州市砀山县万达广场三楼星际潮玩,,,maimai_dx,,wahlap
星际潮玩广安吾悦店,四川省广安市广安区吾悦新印巷星际潮玩,,,maimai_dx,,wahlap
星际潮玩社金华万达店,浙江省金华市金东区李渔东路300号万达广场金华店2F层星际潮玩社,,,maimai_dx,,wahlap
星际潮玩衡水桃城爱特店,河北省衡水市桃城区大庆西路爱特生活广场二楼创新超玩,,,maimai_dx,,wahlap
星际潮玩西安曲江正荣彩虹谷店,西安市曲江新区紫云路正荣彩虹谷7号楼B1-3,,,maimai_dx,,wahlap
星际玩家,"Shop 2052, 2F, Wanda Plaza, Chengqiao Town, Chongming District, Shanghai, Shanghai, 202150",31.6278873,121.4132299,maimai_dx;other,,ziv
星际玩家 Star Player (海口龙湖天街),"Unit C-3F-34/35, 3rd Floor, Phase II, Paradise Walk, No. 15 Nanh, Jinyu Subdistrict 金宇街道, Haikou City 海口市, Hainan Province 海南省, 570311",19.9996847,110.3290202,maimai_dx;other;taiko,,ziv
星际玩家(望京万象汇店),北京市朝阳区望京万象汇2层L212B星际玩家,40.0091220,116.4616630,maimai_dx;taiko,,wahlap;ziv
星际玩家上海崇明万达广场店,上海崇明区万达广场二楼2052,,,maimai_dx,,wahlap
星际玩家北京西城凯德MALL店,北京市西城区西直门凯德MALL3楼星际玩家,,,maimai_dx,,wahlap
星际玩家北京通州万象汇店,北京市通州区运河东大街51号4层L419,39.9030000,116.7280000,maimai_dx;other;taiko,,wahlap;ziv
星际玩家宜春润达国际店,江西省宜春市袁州区宜春南路136号润达国际购物中心贰层L2-031号,,,maimai_dx,,wahlap
星际玩家广州天河君超店,广东省广州市天河区君超商场三楼星际玩家店,,,maimai_dx,,wahlap
星际玩家枣庄台儿庄贵诚店,山东省枣庄市台儿庄运河街道金光路贵诚超市正门东侧星际玩家,,,maimai_dx,,wahlap
星际玩家济南起步店,山东省济南市起步区大桥街道鹊华生态文化区一期泉韵水坊L1-37星际玩家,,,maimai_dx,,wahlap
星际玩家海口龙华海口天街店,海南省海口市龙华区南海大道15号海口天街C区三楼星际玩家,,,maimai_dx,,wahlap
星际玩家潮玩 Star Player (海口龙湖天街),"Unit A-5F-05, 5th Floor, Phase II, Paradise Walk, No. 15 Nanhai, Jinyu Subdistrict 金宇街道, Haikou City 海口市, Hainan Province 海南省, 570311",19.9989992,110.3272397,maimai_dx;other,,ziv
星际玩家石家庄勒泰店,河北省石家庄市长安区中山东路39号勒泰中心5层F5-0SA星际玩家,,,chunithm;maimai_dx,,wahlap
星际玩家西直门凯德MALL店,"3F Kaide MALL, Xizhimenwai Av., Xicheng District, Beijing, 100010",39.9403683,116.3464273,maimai_dx;taiko,,ziv
星际玩家郑州百年德化购物公园店,河南省郑州市二七区德化街100号百年德化购物公园1层B151号星际玩家,,,maimai_dx,,wahlap
星际第三区嘉兴嘉善万联店,浙江省嘉兴市嘉善县万联购物中心（东区）三楼,,,maimai_dx,,wahlap
星际锋暴［原 新世界电玩］,"B1 Floor, Phase II, New World Department Store, No. 3 Chongwenme, Beijing, Beijing, 100010",39.8967487,116.4116499,chunithm;maimai_dx;taiko,,ziv
星骏潮玩东莞天虹店,广东省东莞市黄江镇天虹五楼星骏潮玩家庭娱乐中心,,,maimai_dx,,wahlap
晓地球潮玩空间沧州店,河北省沧州市任丘市蕾莎城市广场晓地球潮玩空间,,,maimai_dx,,wahlap
晧轩快乐星球,"3F, Building A, Lujin Yudongcheng, intersection of Longshan Road, Hedong District, Tianjin, Tianjin, 300171",39.1472080,117.2746690,maimai_dx,,ziv
晴天G-BOX潮玩社佛山南海店,佛山市南海区桂城街道季华东路27号丽日广场七座101第三层商务7-310、312,,,maimai_dx,,wahlap
晴空乐园广州白云云门店,广东省广州市白云区永平街道百顺北路1号云门nwepark3楼晴空乐园,,,maimai_dx,,wahlap
晴空乐园汕头F16购物中心店,广东省汕头市黄山路F16购物中心三楼晴空乐园电玩城,,,maimai_dx,,wahlap
晴空乐园汕头金平万达店,广东省汕头市金平区潮汕路万达广场3层晴空乐园,,,maimai_dx,,wahlap
晴空超乐场东厦100店,广东省汕头市东厦100购物商场二楼,,,maimai_dx,,wahlap
晴空超乐场揭阳揭东君和店,广东揭阳市揭东区君和广场三楼晴空超乐场,,,maimai_dx,,wahlap
晴空超乐场汕头峡山店,广东省汕头市潮南区合胜广场3楼晴空超乐场,,,maimai_dx,,wahlap
晴空超乐场汕头龙湖合胜百货店,广东省汕头市龙湖区长江路合胜百货负一层晴空超乐场,,,maimai_dx,,wahlap
晴空超乐场汕头龙湖苏宁店,广东省汕头市龙湖区长平路90苏宁广场第3F层302号商铺,,,maimai_dx,,wahlap
晴空超乐场潮州左一城店,广东省潮州市枫溪镇万泰左一城2楼,,,maimai_dx,,wahlap
晴空超乐场潮州店,广东省潮州市南风里B区3楼晴空超乐场,,,maimai_dx,,wahlap
晴空超乐场潮州枫溪南风里A区店,广东省潮州市枫溪镇财富中心A区3层晴空超乐场,,,maimai_dx,,wahlap
晴空进击社广州嘉裕太阳城店,广东省广州市白云区广州大道北1811号嘉裕太阳城二楼晴空进击社,,,maimai_dx,,wahlap
晴空进击社广州白云店,广东省广州市白云区黄边北路152号时光汇3楼,,,maimai_dx,,wahlap
晴空进击社广州荔湾店,广东省广州市荔湾区西湾路150号悦汇城三楼晴空进击社,,,maimai_dx,,wahlap
晴空进击社汕头龙湖万象汇店,广东省汕头市龙湖区东海岸万象汇409晴空进击社,,,maimai_dx,,wahlap
晴空进击社汕头龙湖长平合胜店,汕头市龙湖区长平路98号长平合胜广场三楼晴空进击社,,,maimai_dx,,wahlap
晴空进击社龙湖万象广场店,广东省汕头市龙湖区金环路万象广场负一楼B101,,,chunithm;maimai_dx,,wahlap
晶灵玩家广州花都店,广东省广州市花都区永发路14号雅乐城晶灵玩家,,,maimai_dx,,wahlap
智游娱乐郑州航空港锦荣店,河南郑州市航空港区雍州路锦荣悦汇城 2 楼智游娱乐,,,maimai_dx,,wahlap
智游星期六郑州白沙店,郑州市中牟县白沙镇双宇百货四楼智游星期六,,,chunithm;maimai_dx,,wahlap
智玩空间北京怀柔店,北京市怀柔区府前街14号,,,chunithm;maimai_dx,,wahlap
智趣乐园 (客都汇店),"广东省梅州市梅江区梅水路16号客都汇, 梅州市 Meizhou, 广东省 Guangdong Province, 514021",24.3020176,116.1276877,maimai_dx;other,,ziv
智趣乐园中山石岐大信二期店,广东省中山市石岐区大信南路大信二期三栋智趣乐园,,,maimai_dx,,wahlap
智趣乐园中山石岐店,广东省中山市石岐区大信南路大信二期三栋智趣乐园,,,maimai_dx,,wahlap
智趣乐园梅州梅江客都汇店,广东省梅州市梅江区梅水路客都汇三楼智趣乐园,,,maimai_dx,,wahlap
智趣学乐园娄底娄星吾悦店,湖南省娄底市娄星区大科街道大科社区吾悦广场42幢智趣学乐园,,,maimai_dx,,wahlap
朗玩 Round1 Bowling & Arcade (Xintang AEON Mall),"増城区宁西街创新大道15号, 永旺梦乐城广州新塘, 广州市, Guangdong Province, 511338",23.1621958,113.6198759,chunithm;dance_around;drs;gitadora;maimai_dx;other;sdvx;taiko,,ziv
朗玩 Round1 Bowling & Arcade (龙华店),"壹成中心花园三区E座 壹方天地C区, 龙华区龙华街道景龙社区, 深圳市, 广东省, 518131",22.6477792,114.0244816,dance_around;drs;gitadora;maimai_dx;other;sdvx;taiko,,ziv
朗玩广州新塘永旺店,广东省广州市增城区宁西街创新大道15号永旺梦乐城1栋3084朗玩文化,,,chunithm;maimai_dx,,wahlap
朗玩深圳壹方天地店,广东省深圳市龙华区龙华街道景龙社区壹成中心花园三区E座壹方天地C区L1-001A~L4-001,,,chunithm;maimai_dx,,wahlap
朗玩深圳福田iN城市广场店,广东省深圳市福田区深南中路1095号iN城市广场L3-01朗玩,,,chunithm;maimai_dx,,wahlap
木马王国上城丁桥龙湖天街店,杭州市上城区丁称515号丁桥龙湖天街3楼木马王国,,,maimai_dx,,wahlap
木马王国成都成华滨江店,四川省成都市成华区杉板桥路滨江天街3L木马王国,,,maimai_dx,,wahlap
木马王国杭州临平银泰城店,浙江省杭州市临平区南苑街道世纪大道1号临平银泰城3楼木马王国,,,chunithm;maimai_dx,,wahlap
木马王国杭州五福天虹店,浙江省杭州市上城区新塘路108号天虹购物中心B座3楼木马王国,,,maimai_dx,,wahlap
木马王国杭州余杭印象城店,浙江省杭州市余杭区五常大道一号西溪印象城三楼木马王国,,,maimai_dx,,wahlap
木马王国杭州西溪龙湖天街店,浙江省杭州市西湖区蒋村街道西溪龙湖天街3楼木马王国店,,,maimai_dx,,wahlap
木马王国湖州德清银泰城店,浙江省湖州市德清县舞阳街道德清银泰城3楼木马王国,,,maimai_dx,,wahlap
未来不二太原迎泽店,山西省太原市迎泽区桥头街160号未来不二电玩城,,,maimai_dx,,wahlap
未来世界梦想王国,"Zichang Road, Baota District, Yan'an 延安市, Shannxi 陕西省, 716000",36.6455847,109.4902492,drs,,ziv
未来之影电玩城广州天河天娱广场店,广州市天河区天河路625号天娱广场3楼,,,maimai_dx,,wahlap
未来之星辛集清河湾店,河北省辛集市清河湾北国超市二楼,,,maimai_dx,,wahlap
未来妙觅青岛万象城店,山东省青岛市市南区山东路6号甲万象城二期4楼L488未来妙觅,,,maimai_dx,,wahlap
未来妙觅青岛凯德MALL店,山东省青岛市市北区黑龙江南路凯德MALL4层-16号未来妙觅电玩城,,,maimai_dx,,wahlap
未来妙觅青岛融创茂店,山东省青岛市黄岛区滨海大道2777号青岛东方影都融创茂二楼最东侧 未来妙觅,,,maimai_dx,,wahlap
未来狂想茂名茂悦东荟城店,广东省茂名市茂南区油城十路1号大院茂悦东荟城负一楼,,,maimai_dx,,wahlap
未来玩家南昌梦时代店,江西省南昌市青山湖区梦时代广场1号楼2楼,28.6724533,115.9400140,chunithm;maimai_dx;other;taiko,,wahlap;ziv
本站电玩绵阳涪城店,四川省绵阳市涪城区科技城新区新投美学生活中心1号楼3楼本站电玩,,,maimai_dx,,wahlap
机动侠吕梁万达广场店,山西省吕梁市孝义市万达广场二楼机动侠,,,chunithm;maimai_dx,,wahlap
机动侠大同平城星茂汇店,山西省大同市平城区永泰街道星茂汇三楼机动侠,,,chunithm;maimai_dx,,wahlap
机喳森林深圳龙华百佳华佳漾邻店,广东省深圳市龙华区 龙华街道人民北路4243号百佳华佳漾邻3楼机喳森林,,,maimai_dx,,wahlap
杭州大悦城木马王国店,杭州市拱墅区隐秀中粮大悦城三楼,,,maimai_dx,,wahlap
松岗联投东方梦幻之城,"Liantou Dongfang New World, Songgang Subdistrict,, Bao’an District 宝安区, Shenzhen City 深圳市, Guangdong Province 广东省, 518105",22.7637167,113.8538725,maimai_dx,,ziv
极力特广州海珠万达店,广东省广州市海珠区万达广场3楼极力特,,,maimai_dx,,wahlap
极力特广州番禺南村万达店,广东省广州市番禺区南村万达二楼极力特,,,maimai_dx,,wahlap
极力特梦幻城惠州惠东天虹店,广东省惠州市惠东县华侨城大道15号天虹商场三楼,,,maimai_dx,,wahlap
极客引力台州路桥吾悦店,浙江省台州市路桥区吾悦广场3楼,,,maimai_dx,,wahlap
极客森厦门海沧招商花园城店,福建省厦门市海沧区招商花园城3楼极客森,,,maimai_dx,,wahlap
极客森宁夏银川店,宁夏回族自治区银川市金凤区悠阅城3楼,,,maimai_dx,,wahlap
极客森广州南沙星河店,广东省广州市南沙区 番中公路黄阁段37号之一南沙星河COCO ParkF3极客森超乐场,,,maimai_dx,,wahlap
极客森泰安泰山吾悦广场店,山东省泰安市泰山区泰山吾悦广场z302,,,maimai_dx,,wahlap
极客森深圳万科里店,广东省深圳市龙岗区龙城万科里负一楼极客森,,,maimai_dx,,wahlap
极客森深圳南山宝能城店,广东省深圳市南山区西丽留仙大道塘朗地铁站C出口宝能城三楼极客森超乐场,,,maimai_dx,,wahlap
极客森深圳福田卓悦汇店,广东省深圳市福田街道岗夏社区深南大道2005号卓悦汇深圳中心天元1期负一楼,,,maimai_dx,,wahlap
极客森超乐场 GEEK WORLD (东部星悦天地),"3rd Floor, Eastern Star Yue World (Dongbu Xingyue Tiandi), Longg, Longgang District 龙岗区, Shenzhen City 深圳市, Guangdong Province 广东省, 518172",22.6217258,114.1451061,maimai_dx,,ziv
极客森超乐场 GEEK WORLD (光明蓝鲸汇),"3rd Floor, Blue Whale World ‘’蓝鲸汇‘’, No. 120 Guangming Avenue,, Guangming District 光明区, Shenzhen City 深圳市, Guangdong Province 广东省, 518107",22.7495094,113.9285660,maimai_dx;other,,ziv
极客森超乐场 GEEK WORLD (宝能环球汇),"3rd Floor, ALL City(宝能城),Av.LIUXIAN,Xili Subdistrict, Nanshan District, Shenzhen, Guangdong, 518000",22.5936744,113.9946708,chunithm;maimai_dx;other;taiko,,ziv
极客森超乐场 GEEK WORLD (星河iCO),"3rd Floor, Galaxy iCO Mall, No. 8 Longhuan 2nd Road, Longhua Sub, Longhua New District 龙华新区, Shenzhen City 深圳市, Guangdong Province 广东省, 518109",22.6592843,114.0320241,maimai_dx;other,,ziv
极客森超乐场 GEEK WORLD (沙井佳漾汇),"3rd Floor, Jiayanghui Shopping Center, Southwest of the Intersec, Bao'an District 宝安区, Shenzhen City 深圳市, Guangdong Province 广东省, 518104",22.7366266,113.8235092,maimai_dx;other,,ziv
极客森超乐场 GEEK WORLD (深圳万科里),"B1, Vanke Li Shopping Center, No. 3999 Longgang Avenue, Longgang District 龙岗区, Shenzhen City 深圳市, Guangdong Province 广东省, 518172",22.7198137,114.2459571,maimai_dx;other;taiko,,ziv
极客森超乐场 GEEK WORLD (深圳松岗),"6th Floor, MOOFUN 满纷天地 No. 8 Yizhan 3rd Road, Songgang Subdistri, Bao'an District 宝安区, Shenzhen City 深圳市, Guangdong Province 广东省, 518105",22.7864888,113.8317919,maimai_dx,,ziv
极客森超乐场 GEEK WORLD (龙岗万达),"B1 Floor, Wanda Plaza, No. 1 South China 2nd Road, Hehua Communi, Longgang District 龙岗区, Shenzhen City 深圳市, Guangdong Province 广东省, 518111",22.6754809,114.1260839,maimai_dx;other;taiko,,ziv
极客森超乐场厦门湖里店,厦门市湖里区建发湾悦城1楼016,,,maimai_dx,,wahlap
极客森邯郸万象汇店,河北省邯郸市丛台区兼庄乡廉颇北大街277号邯郸万象汇二楼L232极客森,,,maimai_dx,,wahlap
极客森银川市金凤区阅彩城店,宁夏银川市金凤区阅彩城4楼极客森,,,maimai_dx,,wahlap
极客玩家佛山悦汇广场店,广东省佛山市南海区南海大道北81号悦汇广场A座3楼,,,chunithm;maimai_dx,,wahlap
极客玩家广州萝岗店,广州市黄埔区萝岗奥园广场2层L213铺极客玩家,,,maimai_dx,,wahlap
极核电玩城清远清城中环店,广东省清远市清城区凤凰春天花园旁商业中环广场西区3楼极刻电玩城（赵一鸣对上3楼,,,maimai_dx,,wahlap
极趣潮玩福安东百店,福建省福安富春大道17号1061D,,,maimai_dx,,wahlap
极速·火力全开电玩城 Speed & Full Firepower Arcade,"F1, Wumei Supermarket, Yanggong Road, Xiqing District, Tianjin, Tianjin, 300130",39.1250998,117.0834011,other,,ziv
极速动漫公主岭华生店,吉林省公主岭市华生购物中心4楼,,,maimai_dx,,wahlap
极速地带福田绿景店,广东省深圳市福田区绿景佐阾虹湾购物中心三层L3017B,,,maimai_dx,,wahlap
极速时代 Speed Era  (丰西吾悦),"3rd Floor, WUYUE Plaza, Tongyi West Road,, (丰西新城统一西路吾悦广场3楼), Xianyang 咸阳市, Shannxi 陕西省, 712000",34.3034305,108.7248659,other,,ziv
极速时代上海江桥万达店,上海市嘉定区金沙江西路江桥万达广场2楼极速时代,,,chunithm;maimai_dx,,wahlap
极速时代南通如皋万达店,江苏省南通市如皋万达二楼极速时代,,,maimai_dx,,wahlap
极速时代淮安新亚广场店,江苏省淮安市清江浦区淮海街道新亚广场7楼极速时代动漫城,,,maimai_dx,,wahlap
极速时代淮安楚州万达广场二楼店,江苏省淮安市淮安区翔宇大道与楚州大道交叉口淮安区万达广场2楼极速时代,,,maimai_dx,,wahlap
极速时代淮安盱眙中央商场店,江苏省淮安市盱眙县金源北路20号中央商城3楼极速时代,,,maimai_dx,,wahlap
极速时代淮安金湖店,江苏省淮安市金湖县健康路38号时代超市一楼极速时代,,,maimai_dx,,wahlap
极速玩家长春绿园吾悦二期店,长春市绿园区吾悦广场项目二期,,,maimai_dx,,wahlap
极速空间南昌中悦广场店,江西省南昌市南昌县中悦广场极速空间C区二楼,,,maimai_dx,,wahlap
极速翼丹东振兴万达店,辽宁省丹东市振兴区锦山大街万达广场大玩家超乐场,,,maimai_dx,,wahlap
极速翼大连甘井子万达广场店,辽宁省大连市甘井子区周水子万达广场极速翼,,,maimai_dx,,wahlap
极速翼庄河万达店,辽宁省庄河市延安路万达广场一楼极速翼,,,maimai_dx,,wahlap
极速翼电玩盘锦兴隆台店,辽宁省盘锦市兴隆台区鹏欣水游城负一楼旺和超市旁边极速翼电玩娱乐中心,,,maimai_dx,,wahlap
极限主场中山市大信店,广东省中山市莲塘北路大信新都汇一期三楼极限主场,,,maimai_dx,,wahlap
极限主场惠州惠城新天地店,广东省惠州市惠城区港惠新天地负一楼极限主场,,,chunithm;maimai_dx,,wahlap
极限主场普宁万泰汇店,广东省普宁市万泰汇购物中心负一楼极限主场,,,maimai_dx,,wahlap
极限动漫延吉百利城店,吉林省延吉市百利城九楼极限动漫,,,maimai_dx,,wahlap
极限派对江门恩平金沙时代广场店,广东省江门市恩平市恩平恩新平中路18号金沙时代广场三楼极限派对,,,maimai_dx,,wahlap
构想星球揭阳榕城万达店,广东省揭阳市榕城区万达广场三楼构想星球,,,maimai_dx,,wahlap
构想星球綦江万达店,重庆市綦江区滨河大道万达广场三楼3070-3073构想星球,,,maimai_dx,,wahlap
柒彩大玩家上饶余干店,江西省上饶市余干县城市社区管委会德胜大街鹏颂百货超市一楼012铺位,,,maimai_dx,,wahlap
柒彩大玩家吉安吉州店,江西省吉安市吉州区习溪桥街道柒彩大玩家三楼(莱斯百货店),,,maimai_dx,,wahlap
柒彩大玩家吉安店,江西省吉安市吉州区广场北路莱斯百货3-253号,,,chunithm,,wahlap
柒彩大玩家宜春高安店,江西省宜春市高安市高安大道456号鹏泰百货三楼柒彩大玩家前台,,,maimai_dx,,wahlap
柒彩大玩家珠海三灶店,广东省珠海市三灶镇鹏泰百货三楼柒彩大玩家,,,maimai_dx,,wahlap
柒彩大玩家珠海金湾南水店,广东省珠海市金湾区南水镇泰百货三楼柒彩大玩家,,,maimai_dx,,wahlap
柒彩大玩家珠海香洲中安广场店,广东省珠海市香洲区港一路中安广场二楼柒彩大玩家,,,maimai_dx,,wahlap
柒彩大玩家瑞金鹏泰店,江西省赣州市瑞金市红都大道红都广场鹏泰百货柒彩大玩家,,,maimai_dx,,wahlap
柒彩大玩家赣州上犹店,江西省赣州市上犹县东山镇建设一路正和广场0A0005号柒彩大玩家,,,maimai_dx,,wahlap
柒彩大玩家赣州宁都鹏泰店,江西省赣州市宁都县梅江镇龙溪湾鹏泰百货二楼七彩大玩家,,,maimai_dx,,wahlap
柒彩大玩家黄梅鹏泰百货店,湖北省黄冈市黄梅县正街鑫城鹏泰百货柒彩大玩家,,,maimai_dx,,wahlap
柠萌果动漫临沂临沭万达店,山东省临沂市临沭县万达广场3楼柠萌果动漫,,,maimai_dx,,wahlap
柿柿潮玩云浮罗定客都汇店,云浮市罗定市龙园路客都汇负一楼柿柿潮玩,,,chunithm,,wahlap
树屋音游无锡梁溪店,江苏省无锡市梁溪区人民中路100号锡上MONO三楼树屋音游,,,chunithm;maimai_dx,,wahlap
栗子星球石家庄鹿泉北国奥特莱斯店,石家庄市鹿泉区北国奥特莱斯栗子星球,,,maimai_dx,,wahlap
核客电玩城深圳罗湖店,广东省深圳市罗湖区深南东路3020号百货广场大厦西座一楼,,,chunithm;maimai_dx,,wahlap
桂满园上海崇明万达店,上海市崇明区城桥镇崇明大道8388号二层2007、2008A、2008B、2009、2010,31.6275291,121.4128538,maimai_dx;other,,wahlap;ziv
桂满园苏州常熟店,江苏省苏州市常熟市万达广场2楼桂满园,,,maimai_dx,,wahlap
桔钓沙莱华度假酒店 (Lavenna Resort Judiaosha Shenzhen),"B1, Lavenna Resort Hotel, No. 28 Xindong Road, Nan’ao Subdistric, Longgang District 龙岗区, Shenzhen City 深圳市, Guangdong Province 广东省, 518121",22.5598454,114.5477385,drs;sdvx,,ziv
梓木超级英雄呼和浩特回民店,内蒙古自治区呼和浩特市回民区振华广场西120米梓木超级英雄电玩城,,,maimai_dx,,wahlap
梓木超级英雄电玩城 Zimu Super Hero Arcade,"West side of Zhenhua Plaza Parking lot, Huimin District, Hohhot, Inner Mongolia, 010020",40.8161802,111.6596532,maimai_dx;other,,ziv
梦之超玩绍兴上虞店,浙江省绍兴市上虞区市民大道621号时代潮城二楼梦之超玩场,,,chunithm;maimai_dx,,wahlap
梦享玩动漫城宁德天茂店,福建省宁德市蕉城区东侨经济技术开发区万安东路8号天茂城市广场2层,,,maimai_dx,,wahlap
梦哆哆星球福州仓山世纪金源店,福建省福州市仓山区潘墩路188号世纪金源购物中心二楼梦哆哆星球,,,maimai_dx,,wahlap
梦境奇纪广元利州金橄榄店,四川省广元市利州区东坝街道苴国路576号金橄榄广场二期三楼梦境奇纪,,,maimai_dx,,wahlap
梦多拉湛江赤坎兴华广场店,湛江市赤坎区海北路11-31号兴华广场三层,,,maimai_dx,,wahlap
梦幻之城中山店,广东省中山市中山古镇华丰汇三楼梦幻之城,,,maimai_dx,,wahlap
梦幻之城南昌青云谱店,江西省南昌市青云谱区井冈山大道300号朗贤广场二楼梦幻之城,,,maimai_dx,,wahlap
梦幻之城海口日月广场店,海南省海口市日月广场东4白羊座2楼,20.0172261,110.3460879,maimai_dx,,wahlap;ziv
梦幻之城深圳宝安店,广东省深圳市宝安区松岗街道东方大道36号东方新天地二层梦幻之城,,,maimai_dx,,wahlap
梦幻乐园广州天河店,广东省广州市天河区天河大道北980号兴达金茂广场三层梦幻乐园,,,maimai_dx,,wahlap
梦幻嘻游黄冈黄州店,湖北省黄冈市黄州区赤壁街道居然之家三楼梦幻嘻游潮玩娱乐,,,maimai_dx,,wahlap
梦幻地带游乐园 Fantasy Zone (沙井京基百纳),"Kingkey Banner Center, Chuangxin Road, 3th floor, Shenzhen, Guangdong, 511700",22.7311050,113.8008285,other,,ziv
梦幻猩球揭阳揭东博和城店,广东省揭阳市揭东区磐东街道乔南博和城一楼梦幻猩球动漫城,,,maimai_dx,,wahlap
梦幻猩球茂名茂南店,广东省茂名市茂南区羊角镇油城十路1号大院3楼2号房01.02室梦幻猩球,,,maimai_dx,,wahlap
梦幻空间广州花都店,广东省广州市花都区花港大道30号之二十五梦幻空间,,,maimai_dx,,wahlap
梦幻谷游艺佛山禅城东方店,广东省佛山市禅城区东方广场翡翠城负一楼梦幻谷,,,maimai_dx,,wahlap
梦幻谷游艺城,"汾宁路东方广场翡翠城南侧, 佛山市(FoShan), 广东省 (Guangdong Province), 528000",23.0369874,113.1197881,iidx;jubeat;maimai_dx;other,,ziv
梦幻雨林江门恩平金沙店,江门市恩平市新平中路18号金沙时代广场四楼D-07号商铺梦幻雨林主题乐园,,,maimai_dx,,wahlap
梦幻雨林铜仁大十字店,贵州省铜仁市大十字西门悦萃城二楼梦幻雨林娱乐中心,,,maimai_dx,,wahlap
梦想之城周口沈丘店,河南省周口市沈丘县快乐小镇三楼梦想之城家庭游乐中心,,,maimai_dx,,wahlap
梦想之城家庭游乐中心鹿邑店,河南省周口市鹿邑县信十里商场3楼,,,maimai_dx,,wahlap
梦想之城郑州金水店,郑州市金水区国基路信万广场5楼梦想之城家庭亲子游乐中心,,,maimai_dx,,wahlap
梦想街区大连甘井子万达广场店,辽宁省大连市甘井子区万达广场2F,,,maimai_dx,,wahlap
梦想街区大连金州佰都荟购物广场店,辽宁省大连市金州区胜利路佰都荟购物广场2楼,,,maimai_dx,,wahlap
梦想赛道北海银海万达店,广西省北海市银海区万达广场三楼3007,,,chunithm;maimai_dx,,wahlap
梦时代电玩城凯里国贸店,贵州省凯里市清江岗亭国贸购物中心广场三楼梦时代电玩城,,,maimai_dx,,wahlap
梦时代电玩城安顺国贸店,贵州省安顺市西秀区国贸购物中心负一层梦时代电玩城,,,maimai_dx,,wahlap
梦时代电玩城贵阳CCpark店,贵州省贵阳市观山湖CCpark B馆,,,maimai_dx,,wahlap
梦时代电玩城贵阳新印1950店,贵州省贵阳市云岩区国贸新印19503A层,,,chunithm;maimai_dx,,wahlap
梦时代电玩城贵阳玖福城店,贵州省贵阳市观山湖区观山西路3号玖福城购物中心4楼,,,maimai_dx,,wahlap
梦时代电玩城贵阳逸天城店,贵州省贵阳市南明区市南路42号国贸逸天城4楼梦时代电玩城,,,chunithm;maimai_dx,,wahlap
梦时代电玩城遵义国贸店,贵州省遵义市汇川区珠海路国贸购物中心负一楼梦时代,,,maimai_dx,,wahlap
梦次元潮玩空间站顺德容桂店,广东省佛山市顺德区容桂街道天佑城3楼梦次元潮玩空间站,,,maimai_dx,,wahlap
梦次元珠海斗门万达店,广东省珠海市斗门区万达广场二楼梦次元潮玩站,,,maimai_dx,,wahlap
梦游仙境游乐园(岗顶店),"天河区天河路岗顶百脑汇4楼, Guangzhou Shi, Guangdong Sheng, 510640",23.1341642,113.3394428,gitadora;maimai_dx;other;taiko,,ziv
梦空间三门峡湖滨梦之城店,河南省三门峡市湖滨区梦之城购物中心五楼506,,,maimai_dx,,wahlap
棒多多家庭娱乐中心长沙浏阳店,湖南省长沙市浏阳市淮川街道北正西购物中心三楼棒多多家庭娱乐中心浏阳店,,,maimai_dx,,wahlap
棕泉酒店珠海香洲店,广东省珠海市香洲区拱北街道侨光路222号,,,maimai_dx,,wahlap
椰城小鹿海口秀英万达店,海南省海口市秀英区万达广场3楼椰城小鹿,,,maimai_dx,,wahlap
榜上英雄定州北城万达店,河北省定州市北城区定州万达广场三楼,,,maimai_dx,,wahlap
榜上英雄石家庄裕华店,河北省石家庄市裕华区裕华万达火车头步行街榜上英雄,,,maimai_dx,,wahlap
次元奥义株洲天元奥特莱斯店,湖南株洲天元区天台路80号润鲨奥特莱斯负一楼次元奥义,,,maimai_dx,,wahlap
次元奥义长沙雨花店,湖南省长沙市雨花区洞井街道湘府中路48号高升大汉悦中心1栋1层1002号次元奥义电玩潮玩,,,maimai_dx,,wahlap
次元风暴湖州吴兴万达店,浙江省湖州市吴兴区万达广场三楼次元风暴电玩城,,,maimai_dx,,wahlap
次元骇客遂宁银丰国际商业中心店,遂宁市银丰国际商业中心5楼次元骇客,,,maimai_dx,,wahlap
欢乐世界娄底娄星吾悦广场店,湖南省娄底市娄星区吾悦广场四楼嗨倍堂欢乐世界,,,maimai_dx,,wahlap
欢乐世界黄冈大中华店,湖北省黄冈市蕲春县大中华购物广场4层大中华欢乐世界,,,maimai_dx,,wahlap
欢乐代码葫芦岛龙港财富街店,辽宁省葫芦岛市龙港区龙湾大街45号富尔沃财富街3F欢乐代码,,,maimai_dx,,wahlap
欢乐哆贺州八步财富中心店,广西壮族自治区贺州市八步区城东街道远东财富中心欢乐哆游乐场,,,maimai_dx,,wahlap
欢乐哆贺州八步麒麟广场店,广西壮族自治区贺州市八步区城东麒麟广场二楼欢乐哆,,,maimai_dx,,wahlap
欢乐嘉时光绵阳茂业店,四川省绵阳市涪城区茂业百货三楼欢乐嘉时光电玩城,,,maimai_dx,,wahlap
欢乐城市嘉年华沈阳沈河店,辽宁省沈阳市沈河区中街路268号益田假日世界一楼欢乐城市嘉年华,,,chunithm;maimai_dx,,wahlap
欢乐天地北京新世界店,北京市东城区崇文门外大街5号新世界商场地下一层,,,chunithm,,wahlap
欢乐奥秘眉山东坡店,四川省眉山市东坡区苏祠街道永寿街宏远盖丽广场欢乐奥秘,,,maimai_dx,,wahlap
欢乐季动漫城毕节织金店,贵州省毕节市织金县文腾街道新华南路31号一楼欢乐季动漫城,,,maimai_dx,,wahlap
欢乐岛东山西埔店,东山县西埔镇立信路1-1号201室,,,maimai_dx,,wahlap
欢乐岛广州从化从城大道店,广东省广州市从化区江埔街从城大道113号304铺,,,maimai_dx,,wahlap
欢乐工坊电玩城,贵州省贵阳市花溪区清溪路111号万宜广场负一楼,,,maimai_dx,,wahlap
欢乐战纪成都印象城店,成都市成华区建设北二段133号印象城1栋2楼5号欢乐战记电玩城,,,maimai_dx,,wahlap
欢乐拾光韶关乐昌店,广东省韶关乐昌市乐城街道盐围街9号悦购时代广场欢乐拾光,,,maimai_dx,,wahlap
欢乐有约延安万达店,延安市宝塔区中心街万达广场三楼,,,maimai_dx,,wahlap
欢乐梦工场长治潞州店,山西省长治市潞州区东大街90号欢乐梦工场,,,chunithm;maimai_dx,,wahlap
欢乐海洋,"北京市东城区东直门外大街46号(天恒大厦B1层), 东城/西城区 Dongcheng/Xicheng District, 北京 (Beijing)",39.9404320,116.4368579,iidx;jubeat;other;taiko,,ziv
欢乐潮玩东莞凤深店,广东省东莞市凤深大道126号256室,,,maimai_dx,,wahlap
欢乐猩球沈阳沈河万达店,辽宁省沈阳市沈河区文化路81号万达广场三楼,,,maimai_dx,,wahlap
欢乐猩球沈阳浑南奥体店,辽宁省沈阳市浑南区营盘西街17号奥体万达广场二楼欢乐猩球,,,maimai_dx,,wahlap
欢乐猩球沈阳浑南龙湖天街,辽宁省沈阳市浑南区智慧四街5-24号A栋龙湖天街二楼欢乐猩球嘉年华(龙湖天街店),,,maimai_dx,,wahlap
欢乐猩球沈阳铁西万达店,沈阳市铁西区沈辽路兴华街万达广场1楼欢乐猩球,,,maimai_dx,,wahlap
欢乐玩国岳阳岳阳楼店,湖南省岳阳市岳阳楼区五里牌街道花板桥社区金虹大厦1552号一楼欢乐玩国花板桥店,,,maimai_dx,,wahlap
欢乐集合地哈尔滨道里万达店,黑龙江省哈尔滨市道里区友谊路232号万达广场二楼欢乐集合地电玩城,,,maimai_dx,,wahlap
欢喜莲莲南充顺庆美宇店,四川省南充市顺庆区美宇1227购物广场9栋201号欢喜莲莲家庭娱乐中心,,,maimai_dx,,wahlap
欢喜莲莲德阳万达广场店,四川省德阳市旌阳区庐山北路一段8号德阳万达广场13楼室内步行街3楼3063一3065,,,maimai_dx,,wahlap
欢喜莲莲成都新都苏宁广场店,四川省成都市新都区蜀龙大道中段1333号苏宁易购广场3楼326号欢喜莲莲,,,maimai_dx,,wahlap
欢喜莲莲成都武侯店,四川省成都市武侯区桂溪街道天府大道1700号环球中心B馆B1层20-2(达美乐旁)欢喜莲莲,,,maimai_dx,,wahlap
欢喜莲莲成都龙泉吾悦店,四川省成都市龙泉驿区吾悦广场三楼欢喜莲莲,,,maimai_dx,,wahlap
欢喜莲莲绵阳梓潼兴发广场店,四川省绵阳市梓潼县兴发广场三楼,,,maimai_dx,,wahlap
欢喜莲莲重庆九龙坡润璟广场店,重庆市九龙坡区九龙镇彩云大道10号聚源润璟广场裙楼2层欢喜莲莲,,,maimai_dx,,wahlap
欢天乐地,"成都 (Chengdu), 四川省 (Sichuan Province)",30.6514201,104.0687931,gitadora,,ziv
欢心谷合肥巢湖万达店,安徽省合肥市巢湖市太湖山路与东塘路交叉口万达二楼欢心谷,,,chunithm;maimai_dx,,wahlap
欢悦天堂仙桃宏达新天地,湖北省仙桃市宏达路新天地国际广场3楼欢悦天堂,,,maimai_dx,,wahlap
欢悦天堂孝感乾坤新城店,湖北省孝感市乾坤新城二楼欢悦天堂,,,maimai_dx,,wahlap
欢悦天堂武汉东湖光谷天地店,湖北省武汉市东湖高新区关山大道光谷天地2楼欢悦天堂,,,maimai_dx,,wahlap
欢悦天堂武汉江岸城市广场店,湖北省武汉市江岸区后湖大道汉口城市广场A区2楼欢悦天堂,,,maimai_dx,,wahlap
欢悦天堂武汉江汉南国北都泛悦店,湖北省武汉市江汉区姑嫂路南国北都泛悦城市广场三楼欢悦天堂南国店,,,maimai_dx,,wahlap
欢悦天堂武汉泛悦南湖店,湖北省武汉市武昌区丁字桥南路范悦mall南湖欢悦天堂动漫体验中心,,,chunithm,,wahlap
欢悦天堂武汉范湖万达店,湖北省武汉市江汉区范湖万达广场B区2F,,,chunithm;maimai_dx,,wahlap
欢悦天堂武汉青山奥莱店,湖北省武汉市青山区武商城市奥5楼A馆,,,maimai_dx,,wahlap
欢悦天堂荆州美佳华店,湖北省荆州市沙市中路美佳华商业广场三楼,,,chunithm;maimai_dx,,wahlap
欢悦游艺武汉江夏店,湖北省武汉市江夏区藏龙岛光谷青年汇5号楼二楼欢悦游艺互动体验中心,,,maimai_dx,,wahlap
欢派大玩家河源龙川泰华城店,广东省河源市龙川县泰华城欢派大玩家店,,,maimai_dx,,wahlap
欢聚嘉年华宁波北仑银泰店,浙江省宁波市北仑区新碶街道中河路399号银泰城2幢3-4号3F欢聚嘉年华,,,maimai_dx,,wahlap
欢鹿甄选厦门思明店,福建省厦门市思明区莲前街道蓬前东路288号D区207号欢鹿甄选,,,maimai_dx,,wahlap
欣动空间武汉东西湖中百店,武汉市东西湖区吴家山田园街中百百货2楼欣动空间,,,maimai_dx,,wahlap
欣潮玩家宜昌西陵泰富广场店,宜昌市西陵区泰富广场三楼103号,,,maimai_dx,,wahlap
欧乐家庭成长中心本溪万达店,辽宁省本溪市万达广场一号门3楼欧乐家庭成长中心,,,maimai_dx,,wahlap
武义魔玩星球电玩城金华寿仙谷灵芝里店,浙江省金华市武义县壶山街道寿仙谷灵芝里3楼,,,maimai_dx,,wahlap
比特王丽水石锦路店,浙江省丽水市青田县油竹街道石锦路399号3楼L-320号,,,maimai_dx,,wahlap
比特王台州温岭宝龙店,浙江省台州市温岭市中心大道宝龙广场3楼比特王欢乐世界,,,maimai_dx,,wahlap
比特王湖州德清店,浙江省湖州市德清县舞阳街道中兴南路899号银泰城比特王,,,maimai_dx,,wahlap
永利电玩城南宁正恒国际广场店,广西壮族自治区南宁市西乡塘区明秀西路111号正恒国际广场3号楼,,,maimai_dx,,wahlap
永利电玩城钦州灵山店,广西壮族自治区钦州市灵山县六峰路地下街30号口永利电玩城,,,maimai_dx,,wahlap
永利电玩河池宜州店,广西壮族自治区河池市宜州城中中路地下商业街,,,maimai_dx,,wahlap
汇嘻熊徐州云龙店,江苏省徐州市云龙区万科新淮中心2楼嘻嘻熊游乐场,,,maimai_dx,,wahlap
汇嘻熊徐州鼓楼大润发店,江苏省徐州市鼓楼区中山北路6号金地商都一期大润发负一层,,,maimai_dx,,wahlap
汇嘻熊潮玩徐州泉山生活广场店,江苏徐州市泉山区徐宝生活广场地铁站4号口汇嘻熊潮玩,,,maimai_dx,,wahlap
汤姆浦东熊啦啦宝都店,上海市浦东新区新金桥路738号320室汤姆熊啦啦宝都店,,,maimai_dx,,wahlap
汤姆熊上海中山公园店,上海市长宁区长宁路1018号中山公园龙之梦购物中心6楼汤姆熊,,,chunithm;maimai_dx,,wahlap
汤姆熊上海大悦城店,上海市静安区西藏北路166号大悦城南座601-605室,,,maimai_dx,,wahlap
汤姆熊上海打浦桥日月光店,上海市黄浦区徐家汇路618号2楼徐家汇10室,,,maimai_dx,,wahlap
汤姆熊上海旭辉广场店,上海市浦东新区张扬路2389弄2号旭辉广场4F-1B汤姆熊,,,maimai_dx,,wahlap
汤姆熊上海正大广场店,上海市浦东新区陆家嘴西路168号正大广场2楼汤姆熊,,,maimai_dx,,wahlap
汤姆熊上海百联又一城店,上海市杨浦区淞沪路8号百联又一城购物中心8楼汤姆熊欢乐世界,,,maimai_dx,,wahlap
汤姆熊上海虹口店,上海市虹口区西江湾路388号B座五楼汤姆熊,,,maimai_dx,,wahlap
汤姆熊上海长宁南丰城店,上海市长宁区虹桥南丰城汤姆熊,,,maimai_dx,,wahlap
汤姆熊上海长宁宜家荟聚店,上海长宁金钟路788号L3层汤姆熊,,,maimai_dx,,wahlap
汤姆熊上海闵行前湾印象城店,上海市闵行区联友路388号2层L227,,,maimai_dx,,wahlap
汤姆熊上海闵行南方店,上海市闵行区沪闵路7388号南方商城一区五楼汤姆熊,,,chunithm;maimai_dx,,wahlap
汤姆熊上海闵行宝龙店,上海市闵行区七宝镇七宝宝龙广场3楼汤姆熊欢乐世界,,,maimai_dx,,wahlap
汤姆熊上海闵行虹桥天地店,上海市闵行区新虹街道申长路688号虹桥天地购物中心3楼汤姆熊,,,maimai_dx,,wahlap
汤姆熊上海静安久光中心店,上海市静安区共和新路2188号久光中心m317-3汤姆熊,,,maimai_dx,,wahlap
汤姆熊上海黄浦新世界城店,上海市黄浦区南京西路新世界城 8 楼汤姆熊,,,maimai_dx,,wahlap
汤姆熊临沂兰山和谐广场店,山东省临沂市兰山区解放路158号三楼汤姆熊欢乐世界,,,maimai_dx,,wahlap
汤姆熊哈尔滨南岗中央公园店,黑龙江省哈尔滨市南岗区红旗大街339号红博中央公园B1层上区2号,,,maimai_dx,,wahlap
汤姆熊嘉定南翔店,上海市嘉定区南翔镇陈翔公路2299号03-14汤姆熊,,,maimai_dx,,wahlap
汤姆熊大连开发区亿合城店,辽宁省大连市金州区马桥子街道金马路208号亿合城4楼汤姆熊,,,maimai_dx,,wahlap
汤姆熊大连甘井子亿合城店,辽宁省大连市甘井子区山东路235号亿合城三楼,,,maimai_dx,,wahlap
汤姆熊大连罗斯福店,辽宁省大连市沙河口区西安路139号天兴罗斯福购物广场四楼,,,maimai_dx,,wahlap
汤姆熊大连金州安盛店,辽宁省大连市金州区安盛购物广场5楼汤姆熊,,,maimai_dx,,wahlap
汤姆熊天津和平路天河城店,天津市和平区和平路263号天河城购物中心5楼501-504 汤姆熊欢乐世界,,,maimai_dx,,wahlap
汤姆熊天津恒隆广场店,天津市和平区小白楼街兴安路166号3030室恒隆广场汤姆熊欢乐世界,,,maimai_dx,,wahlap
汤姆熊延吉百货店,吉林省延吉市光明街608号百货大楼八楼汤姆熊欢乐世界,,,maimai_dx,,wahlap
汤姆熊德阳广汉店,四川省德阳市广汉市中山大道南一段10号百伦广场4楼,,,maimai_dx,,wahlap
汤姆熊惠州惠东大润发店,广东省惠州市惠东县平山街道华侨城大润发一楼汤姆熊王国,,,maimai_dx,,wahlap
汤姆熊成都成华建设路店,四川省成都市成华区建设路2号伊藤洋华堂3楼汤姆熊欢乐世界,,,maimai_dx,,wahlap
汤姆熊成都武侯王府井店,四川省成都市武侯区科华中路2号王府井购物中心3楼L03079,,,maimai_dx,,wahlap
汤姆熊成都温江珠江广场店,四川省成都市温江区光华大道三段1588号合生汇广场4楼汤姆熊,,,maimai_dx,,wahlap
汤姆熊成都蜀都万达店,四川省成都市郫都区望丛东路139号蜀都万达广场2楼汤姆熊欢乐世界,,,maimai_dx,,wahlap
汤姆熊成都锦江群光店,四川省成都市锦江区春熙南路南段8号群光广场7楼,,,maimai_dx,,wahlap
汤姆熊欢乐世界 Tom's World  (正大广场店),"浦东新区陆家嘴西路168号六楼(6F14-15), 168 Lujiazui Road, 6F, 陆家嘴 (Pudong New Area), 上海 (Shanghai), 200120",31.2386560,121.4950071,maimai_dx;taiko,,ziv
汤姆熊欢乐世界 Tom's World (上海南方店),"5F, Balian Nanfang Shopping Center, 闵行區沪闵路7388號, 闵行区 (Minhang District), 上海 (Shanghai), 201102",31.1338496,121.3955631,chunithm;maimai_dx;other;taiko,,ziv
汤姆熊欢乐世界 Tom's World (上海南翔印象城店),"Nanxiang Impression City, No.369 Lianyou Road, Nanxiang Town, Jiading District, Shanghai, Shanghai, 201802",31.3063051,121.3028768,maimai_dx;other;taiko,,ziv
汤姆熊欢乐世界 Tom's World (上海南翔印象城店),"Shop 03-14, 3F, Nanxiang Impression City MEGA, No.2299 Chenxiang, Nanxiang Town, Jiading District, Shanghai, Shanghai, 201800",31.3070672,121.3008478,maimai_dx;taiko,,ziv
汤姆熊欢乐世界 Tom's World (上海大悦城店),"6F, Jing'an JOY CITY Mall (South Towel), Xizang North Road No.116, Minxing District, Shanghai, 上海 (Shanghai), 200085",31.2450130,121.4676754,maimai_dx;other;taiko,,ziv
汤姆熊欢乐世界 Tom's World (上海荟聚店),"L3-03A02, 3F West, Livat Shanghai, No.788 Jinzhong Road, Changning District, Shanghai, Shanghai, 200335",31.2230199,121.3530134,maimai_dx;other;taiko,,ziv
汤姆熊欢乐世界 Tom's World (上海龙之梦店),"长宁路1018号红中庭6202, 长宁区 (Changning District), Shanghai, Shanghai, 200042",31.2210865,121.4119288,chunithm;jubeat;maimai_dx;other;taiko,,ziv
汤姆熊欢乐世界 Tom's World (啦啦宝都店),"Shop 320, 3F, LaLaport Shanghai Jinqiao, No.738 Xinjinqiao Road, Pudong New District, Shanghai, Shanghai, 201206",31.2547465,121.5993249,maimai_dx;other;taiko,,ziv
汤姆熊欢乐世界 Tom's World (国华店),"2F Room 201-204, No.1555 Zhayin Road, Yangpu District, Shanghai, Yangpu District, Shanghai, Shanghai, 200090",31.3133760,121.5044890,other;taiko,,ziv
汤姆熊欢乐世界 Tom's World (天河城店),"5F, Shop 501, Tianhecheng Shopping Center, No.263 Heping Road, Heping District, Tianjin, Tianjin, 300010",39.1263410,117.1970920,maimai_dx;other;taiko,,ziv
汤姆熊欢乐世界 Tom's World (天津恒隆店),"3F, Shops 3006-3008, Hang Lung Plaza, No.166 Xing'an Road, Heping District, Tianjin, Tianjin, 300010",39.1268976,117.1929855,maimai_dx;other;taiko,,ziv
汤姆熊欢乐世界 Tom's World (成都王府井科华店),"3rd Floor, Wangfujing Shopping Center (Ke Hua Branch), No. 9 Kehua Middle Road, Wuhou District 武侯区, Chengdu City 成都市, Sichuan Province 四川省, 610041",30.6210914,104.0733368,ddr;iidx;jubeat;maimai_dx;sdvx;taiko,,ziv
汤姆熊欢乐世界 Tom's World (打浦桥日月光店),"Room 2F-XJH10, 2F, SML Center, No.618 Xujiahui Road, Huangpu District, Shanghai, Shanghai, 200023",31.2086255,121.4633265,maimai_dx;taiko,,ziv
汤姆熊欢乐世界 Tom's World (新世界店),"南京西路2-68号新世界城8F, 黄浦区 (Huangpu District), 上海 (Shanghai), 200010",31.2375309,121.4692500,maimai_dx;taiko,,ziv
汤姆熊欢乐世界 Tom's World (森兰花园城店),"3F, Senlan Garden City, No.517 Qifan Road, Pudong New District, Shanghai, Shanghai, 200120",31.3165608,121.5868693,maimai_dx;taiko,,ziv
汤姆熊欢乐世界 Tom's World (正大乐城店),"Shop F2-7-203, Zhengda Lecheng, No.699 Zhongshan South 2nd Road, Xuhui District, Shanghai, Shanghai, 200232",31.1883078,121.4535612,maimai_dx;taiko,,ziv
汤姆熊欢乐世界 Tom's World (百联又一城店),"上海市杨浦区五角场淞沪路8号5楼, 杨浦区 (Yangpu District), 上海 (Shanghai), 200433",31.3041681,121.5110317,maimai_dx;other;taiko,,ziv
汤姆熊欢乐世界 Tom's World (百联滨江店),"3F, Bailian Binjiang Shopping Center, No.1399 Pingliang Road, Yangpu District, Shanghai, Shanghai, 200090",31.2670668,121.5333680,taiko,,ziv
汤姆熊欢乐世界 Tom's World (站前新玛特店),"4F, New Mart Shopping Plaza, 30 Youhao St., Zhongshan District, 大连 (Dalian), 辽宁省（Liaoning Province）, 116010",38.9159094,121.6293219,other;taiko,,ziv
汤姆熊欢乐世界 Tom's World (罗斯福店),"4F, Roosevelt Tianxing International Center, 677 Huanghe Rd., Shahekou District, 大连 (Dalian), 辽宁省（Liaoning Province）, 116021",38.9122213,121.5816421,jubeat;maimai_dx;other;taiko,,ziv
汤姆熊欢乐世界 Tom's World (群光广场),"7th Floor, Chunxi Road South Section No. 8, Qunguang Plaza, Jinjiang District 锦江区, 成都 (Chengdu), 四川省 (Sichuan Province), 610021",30.6565525,104.0740862,maimai_dx;other;taiko,,ziv
汤姆熊欢乐世界 Tom's World (苏州绿宝店),"3F, Phase 2, Green Gem Plaza, No. 436 Changjiang Road, Huqin District, Suzhou, Jiangsu Province, 215004",31.3032275,120.5451385,maimai_dx;other;taiko,,ziv
汤姆熊欢乐世界 Tom's World (虹口店),"5F, Block B, 388 West jiangwan road, Hongkou District 虹口区, shanghai, 上海 (Shanghai), 210010",31.2725565,121.4735825,maimai_dx;other;taiko,,ziv
汤姆熊欢乐世界 Tom's World (虹桥南丰城),"遵义路100号虹桥南丰城购物中心L3, 长宁区 (Changning District), Shanghai, 上海 (Shanghai), 200051",31.2090393,121.4038717,maimai_dx;other;taiko,,ziv
汤姆熊欢乐世界 Tom's World (虹桥天地店),"L3-03&05, Hongqiao Tiandi Mall, Minhang District, Shanghai, Shanghai, 201100",31.1942959,121.3108138,maimai_dx;taiko,,ziv
汤姆熊欢乐世界 Tom's World (金山店),"2F, 上海市金山区卫清西路188号金山百联C片区2楼201, 金山区 (Jinshan District), 上海 (Shanghai), 200540",30.7334633,121.3432768,maimai_dx;other;taiko,,ziv
汤姆熊欢乐世界 Tom's World（七宝宝龙城市广场店）,"3F, Powerlong City Plaza, No.3299 Caobao Road, Minhang District, Shanghai, Shanghai, 201100",31.1607525,121.3496266,maimai_dx;taiko,,ziv
汤姆熊欢乐世界 Tom's World（久光店）,"3F, Jiuguang Center, No.2188 Gonghexin Road, Jing'an District, Shanghai, Shanghai, 200072",31.2781496,121.4466797,maimai_dx;other;taiko,,ziv
汤姆熊欢乐世界 Tom‘s World (上海嘉定),"四川北路1885号多伦生活广场3楼, Jiading District, 上海 (Shanghai), 200420",31.3894174,121.2734631,other;taiko,,ziv
汤姆熊欢乐世界(Tom's World) 苏州 富仁坊店,"苏州市姑苏区富仁坊68号1楼, 苏州 (Suzhou), 江苏省 (Jiangsu Province)",31.3084129,120.6231968,other;taiko,,ziv
汤姆熊欢乐世界上海日月光店,上海市徐汇区漕宝路33号徐汇日月光中心L4-51号,,,maimai_dx,,wahlap
汤姆熊武汉销品茂店,湖北省武汉市徐东大街18号销品茂4楼汤姆熊,,,maimai_dx,,wahlap
汤姆熊济南槐荫和谐广场店,山东省济南市槐荫区经七纬十二路和谐广场3楼汤姆熊,,,chunithm;maimai_dx,,wahlap
汤姆熊济南西城天街店,山东省济南市槐荫区经十路29299号经十路与腊山河东路交叉口西城天街4楼,,,maimai_dx,,wahlap
汤姆熊浦东高行森兰店,上海市浦东新区高行镇启帆路517号汤姆熊森兰店,,,maimai_dx,,wahlap
汤姆熊王国惠州惠城店,广东省惠州市惠城区华贸天地负一楼汤姆熊王国,,,chunithm;maimai_dx,,wahlap
汤姆熊苏州大悦城店,江苏省苏州市相城区元和街道御窑路1999号大悦春风里购物中心三楼,,,maimai_dx,,wahlap
汤姆熊苏州绿宝店,江苏省苏州市高新区长江路436号绿宝广场3层汤姆熊,,,maimai_dx,,wahlap
汤姆猫淄博博山店,山东省淄博市博山区青年路1号三楼最西头汤姆猫儿童娱乐城,,,maimai_dx,,wahlap
汤崎生活福田港城华庭裙楼店,广东省深圳市福田区国花路港城华庭裙楼一至五楼,,,maimai_dx,,wahlap
沁庐汇保龄球运动娱乐馆,"学府大道, 嘉莱特沁庐国际酒店二楼, Nan Chang Shi, Jiang Xi Sheng, 330038",28.6573269,115.8501408,drs;other,,ziv
沃克公园大同爱琴海店,山西省大同市城区武定北路爱琴海3层沃克公园,,,maimai_dx,,wahlap
沃克公园温州乐清虹桥店,浙江省温州市乐清市虹桥镇天元广场2楼沃克公园,,,maimai_dx,,wahlap
沃的世界潮玩焦作武陟世博商厦店,河南省焦作市武陟县龙源街道迎宾大道868号世博商厦二层沃的世界,,,maimai_dx,,wahlap
泛娱乐世界宁波鄞州店,宁波鄞州区聚贤街道高新宝龙2号门2楼,,,maimai_dx,,wahlap
泛时空 FUNSPACE BEIJING (北京荟聚西红门Livat) ★,"Second Floor, Livat，No. 15, Xinning Street, Daxing District, Bei, 大兴区, Beijing, Beijing, 102600",39.7875739,116.3211018,chunithm;ddr;gitadora;iidx;jubeat;maimai_dx;other;sdvx;taiko,,ziv
泛时空 FUNSPACE XI'AN (西安荟萃Livat),"Second Floor,Shopping Livat(西安宜家荟萃购物中心), Ziwu Avenue No.6,Yanta District, Xi'an(西安), Shannxi(陕西), 710000",34.1737133,108.8983934,chunithm;jubeat;maimai_dx;other;taiko,,ziv
泛时空北京大兴店,北京市大兴区欣宁街15号院1号楼2层02B50泛时空,,,chunithm;maimai_dx,,wahlap
泛时空合肥庐阳店,安徽省合肥市庐阳区宜家家居二楼泛时空,,,chunithm;maimai_dx,,wahlap
泛时空西安雁塔荟聚店,陕西省西安市雁塔区子午大道6号西安荟聚,,,chunithm;maimai_dx,,wahlap
泛时空赣州章贡店,江西省赣州市章贡区长征大道1号赣州中航城二层L229-231商铺,,,maimai_dx,,wahlap
泡泡星球锦州古塔店,辽宁省锦州市古塔区辽西郡三楼泡泡星球,,,maimai_dx,,wahlap
波卡猫super南充仁和广场店,四川省南充市顺庆区潆华南路一段九号仁和广场购物中心3F-312、313波卡猫super游乐场,,,maimai_dx,,wahlap
波卡猫欢乐世界雅安雨城卓达广场店,四川省雅安市雨城区东大街38号大院卓达广场三楼波卡猫欢乐世界,,,maimai_dx,,wahlap
波卡猫绵阳三台宏瑞店,四川省绵阳市三台县潼川镇绵阳市三台县宏瑞广场3楼游戏厅,,,maimai_dx,,wahlap
泰格本色,"康王·柏德来商业城1区, 903 Kangwang North Road, Guangzhou Shi, Guangdong Sheng, 510000",23.1252079,113.2465339,gitadora;jubeat;maimai_dx;sdvx,,ziv
泰迪熊台州椒江万达店,浙江省台州市椒江区万达广场二楼泰迪熊,,,maimai_dx,,wahlap
泰迪熊杭州拱墅万达店,浙江省杭州市拱墅区拱墅万达二楼泰迪熊家庭世界,,,maimai_dx,,wahlap
泷威嘉年华西安雁塔店,陕西省西安市雁塔区崇业路凯德广场三楼泷威嘉年华,,,maimai_dx,,wahlap
洋灿灿秦皇岛卢龙店,河北省秦皇岛市卢龙县塞北福满家卢龙生活购物广场三楼,,,maimai_dx,,wahlap
洛克公园潜江万达店,湖北省潜江市万达广场2楼洛克公园,,,maimai_dx,,wahlap
洛克帝国南昌天虹商场店,江西省南昌市红谷滩区地铁大厦天虹商场4楼洛克帝国,,,maimai_dx,,wahlap
派对街区黄石阳新城市广场店,湖北省黄石市阳新县兴国镇城市广场三楼派对街区,,,maimai_dx,,wahlap
浪骄·家庭娱乐中心,"3rd Floor, Building H, Fenxiang City, Dalang Commercial Center,, Longhua District, Shenzhen City, Guangdong, 518110",22.6783716,113.9898484,maimai_dx;taiko,,ziv
浪骄动漫深圳龙华纷享城店,广东省深圳市龙华区大浪商业中心纷享城三楼浪骄动漫,,,maimai_dx,,wahlap
浴兰汤锦州太和店,辽宁省锦州市太和区209省道瑞盛晶座,,,chunithm;maimai_dx,,wahlap
海乐儿重庆荣昌店,重庆市荣昌区昌元街道人民路12号海乐儿,,,maimai_dx,,wahlap
海奥华星长春远大购物广场店,吉林省长春市南关区远大购物广场C座3F,,,chunithm;maimai_dx,,wahlap
海心沙嘉年华广州天河海心沙亚运公园店,广州市天河区海心沙亚运公园海心沙嘉年华,,,maimai_dx,,wahlap
海洋联萌化州店,广东省茂名市化州市鉴江街道北京东三路茂和购物中心三楼海洋联萌,,,chunithm;maimai_dx,,wahlap
海洋联萌揭阳榕城店,广东省揭阳市榕城区榕华街道江南新城惠丰生活广场一楼海洋海洋联萌,,,maimai_dx,,wahlap
海绵动物郑州金水印象汇店,河南省郑州市金水区中州大道1188号印象汇四楼购物中心四楼海绵动物家庭游乐中心,,,maimai_dx,,wahlap
润宝梦六安山水奥莱店,安徽省六安市金安区望城街道佛子岭中路永康路交叉口山水奥莱星河3楼润宝梦,,,maimai_dx,,wahlap
润宝梦南阳宛城万达店,河南省南阳市宛城区仲景街道孔明路万达广场3楼润宝梦潮玩娱乐,,,chunithm;maimai_dx,,wahlap
润宝梦唐山路南万达店,河北省唐山市路南区万达广场2楼润宝梦,,,maimai_dx,,wahlap
润宝梦商丘万达店,河南省商丘港汇万达二楼润宝梦,,,maimai_dx,,wahlap
润宝梦四川泸州万达店,四川省泸州市龙马潭区万达广场3楼润宝梦,,,maimai_dx,,wahlap
润宝梦想内江东兴万达店,四川省内江市东兴区万达广场三楼润宝梦想,,,maimai_dx,,wahlap
润宝梦想无锡江阴店,江苏无锡市江阴市滨江东路18号江阴星河COCOCity3楼润宝梦,,,maimai_dx,,wahlap
润宝梦想晋江万达店,福建省泉州市晋江万达1号门二楼润宝梦想,,,maimai_dx,,wahlap
润宝梦想樟树时代广场店,江西省樟树市杏佛路时代广场三楼,,,maimai_dx,,wahlap
润宝梦想泉州浦西万达广场店,福建省泉州市丰泽区宝洲路浦西万达广场二楼,,,maimai_dx,,wahlap
润宝梦想潮玩信阳点美店,河南省信阳市商城县点美广场3F润宝梦想潮玩娱乐,,,maimai_dx,,wahlap
润宝梦想潮玩娱乐厦门湖里店,福建省厦门市湖里区吕岭路蔡塘爱琴海购物中心2F润宝梦想潮玩娱乐,,,chunithm,,wahlap
润宝梦想潮玩当涂安德利店,安徽省马鞍山市当涂县安德利广场3楼润宝梦想潮玩,,,maimai_dx,,wahlap
润宝梦想潮玩枣阳店,湖北省枣阳市书院街汇聚广场三楼润宝梦,,,maimai_dx,,wahlap
润宝梦想潮玩泉州丰泽店,福建省泉州市丰泽区安吉南路972号城东万达2F-B润宝梦想潮玩,,,maimai_dx,,wahlap
润宝梦想潮玩资阳雁江万达店,四川省资阳市雁江区万达广场三楼中庭,,,maimai_dx,,wahlap
润宝梦湖州万达广场店,浙江省湖州市万达广场三楼润宝梦,,,chunithm,,wahlap
润宝梦潮玩乐园安庆店,安徽省安庆市宜秀区弘阳广场3楼润宝梦潮玩乐园,,,maimai_dx,,wahlap
润宝梦潮玩监利时代广场店,湖北省荆州市监利市时代广场二楼2-001,,,maimai_dx,,wahlap
润宝梦自贡流井万达店,四川省自贡市自流井区自贡万达广场润宝梦,,,maimai_dx,,wahlap
润宝梦西安未央龙湖天街店,陕西省西安市未央区景云路与凤城八路交叉口东北方向龙湖天街4F润宝梦,,,chunithm;maimai_dx,,wahlap
润宝梦资阳雁江万达店,四川省资阳市雁江区万达广场3F润宝梦,,,maimai_dx,,wahlap
润宝梦邯郸万达广场店,河北省邯郸市邯山区陵园路万达广场三楼润宝梦,,,maimai_dx,,wahlap
淘乐淘天津滨海新区店,天津市滨海新区万达巷永利街41号淘乐淘电玩娱乐城,,,maimai_dx,,wahlap
淘乐淘电玩娱乐城 Taoletao Carnival,"No.41 Yongli Street, Wanda Li Shopping Mall, Binhai New Area, Tianjin, Tianjin, 300450",39.0128275,117.6743945,maimai_dx;other;taiko,,ziv
淘乐街区中山西区天悦店,中山市西区街道长洲社区富华道32号天悦广场综合楼四层【L4001-L4003】,,,maimai_dx,,wahlap
淘气熊双桥金龙店,河北省承德市双桥区都统府大街金龙购物广场B座6楼淘气熊电玩城,,,maimai_dx,,wahlap
淘气狗德州宁津德百店,山东省德州市宁津县正阳路与黄河大街交叉口宁津德百西区三楼淘气狗家庭娱乐中心,,,maimai_dx,,wahlap
淘气狗德州齐河德百广场店,德州市齐河县齐河德百广场三楼淘气狗,,,maimai_dx,,wahlap
淘气狗禹城道德百广场店,山东省德州市禹城市迎宾大饭店道德百广场三楼淘气狗家庭娱乐中心,,,maimai_dx,,wahlap
淘气贝比开封龙亭店,河南省开封市龙亭区黄河大街北段星光天地A管2楼,,,maimai_dx,,wahlap
淘淘兔武穴永宁万达店,湖北省武穴市永宁大道123号万达广场四楼,,,chunithm;maimai_dx,,wahlap
深圳BitCity次元小镇,广东省深圳市福田区金田南路大中华国际交易广场G层,,,chunithm;maimai_dx,,wahlap
渔乐玩家湛江霞山店,广东省湛江市霞山区东新路6号银地上悦广场二层2-2124号商铺,,,maimai_dx,,wahlap
游亿斯广州天河龙泰广场店,广东省广州市天河区龙洞龙泰广场二楼游亿斯动漫,,,chunithm;maimai_dx,,wahlap
游戏大魔方,"88 Jinfeng N. Rd., Tangjiawan Township (高新区唐家湾镇金峰北路88号), L3-032, 3rd Floor, Zhuhai Powerlong Mall (珠海宝龙城3楼 L3-032), Zhuhai, Guangdong, 519087",22.3848164,113.5457397,maimai_dx;other,,ziv
游戏大魔方南宁安吉万达店,广西壮族自治区南宁市安吉万达3楼游戏大魔方,,,maimai_dx,,wahlap
游戏大魔方咸阳泾阳万达店,陕西省咸阳市泾阳县泾干大街178号泾阳万达广场3楼游戏大魔方,,,maimai_dx,,wahlap
游戏大魔方宜宾叙州店,四川省宜宾市叙州区莱茵春天3楼游戏大魔方,,,maimai_dx,,wahlap
游戏大魔方宜宾翠屏吾悦广场店,四川省宜宾市翠屏区岷江新区学院路499号新城吾悦广场3楼游戏大魔方,,,maimai_dx,,wahlap
游戏大魔方宝鸡渭滨吾悦店,陕西省宝鸡市渭滨区马营镇吾悦广场2楼游戏大魔方,,,maimai_dx,,wahlap
游戏大魔方崇州万达店,四川省成都市崇州市万达广场三楼游戏大魔方,,,maimai_dx,,wahlap
游戏大魔方常州星耀城吾悦广场店,江苏省常州市新北区星耀城吾悦广场三楼,,,maimai_dx,,wahlap
游戏大魔方成都天府新区爱琴海店,四川省成都市天府新区海昌路三利爱琴海5楼游戏大魔方,,,maimai_dx,,wahlap
游戏大魔方成都彭州万达店,四川省成都市彭州市天彭街道玉垒西路8号万达广二楼游戏大魔方,,,maimai_dx,,wahlap
游戏大魔方攀枝花万达店,四川省攀枝花市东区三线大道北段123号万达广场3楼游戏大魔方,,,maimai_dx,,wahlap
游戏大魔方昆明西山万达店,云南省昆明市西山区前卫街道办事处前兴路西山万达广场3幢购物中心2层201号游戏大魔方,,,maimai_dx,,wahlap
游戏大魔方柳州城中万达店,广西壮族自治区柳州市城中区 万达广场三楼游戏大魔方,,,maimai_dx,,wahlap
游戏大魔方桂林叠彩万达店,广西壮族自治区桂林市叠彩区万达广场2楼,,,maimai_dx,,wahlap
游戏大魔方汉中汉台吾悦店,陕西省汉中市汉台区新城吾悦广场三楼游戏大魔方,,,maimai_dx,,wahlap
游戏大魔方济宁任城爱琴海店,山东省济宁市任城区柳行街道爱琴海购物公园三楼F3003游戏大魔方,,,maimai_dx,,wahlap
游戏大魔方济宁吾悦店,山东省济宁市任城区吾悅广场二楼游戏大魔方,,,maimai_dx,,wahlap
游戏大魔方渭南临渭万达店,陕西省渭南市临渭区渭河大街与仓程路十字西北角万达广场三楼游戏大魔方,,,maimai_dx,,wahlap
游戏大魔方滨州吾悦店,山东省滨州市滨城区市西街道长江三路渤海十八路吾悦广场Z207铺游戏大魔方,,,maimai_dx,,wahlap
游戏大魔方珠海香洲宝龙店,广东省珠海市香洲区唐家湾镇金峰北路88号宝龙广场三楼L3032游戏大魔方,,,maimai_dx,,wahlap
游戏大魔方绵阳涪城万达店,绵阳市涪城区万达广场3楼游戏大魔方,,,maimai_dx,,wahlap
游戏大魔方西安店,陕西省西安市朱雀南路乐荟中心3楼游戏大魔方,,,maimai_dx,,wahlap
游戏大魔方贵州遵义习水店,贵州省遵义市习水县绿洲东路与岷山路交叉口东南100米万达广场,,,maimai_dx,,wahlap
游戏大魔方运城吾悦店,山西省运城市北路与大禹街交汇处吾悦广场3楼312,,,maimai_dx,,wahlap
游戏大魔方郑州中原万达店,河南省郑州市中原区高新万达广场2楼游戏大魔方,,,maimai_dx,,wahlap
游戏大魔方郑州荥阳吾悦广场,河南省郑州市荥阳市荥泽大道与文博路交叉口吾悦广场L1B游戏大魔方,,,maimai_dx,,wahlap
游戏大魔方重庆璧山店,重庆市璧山区璧泉街道中央大街3楼游戏大魔方,,,maimai_dx,,wahlap
游戏大魔方银川兴庆吾悦广场,宁夏银川市兴庆区友爱街与北京路交叉口吾悦广场二楼Z202游戏大魔方,,,maimai_dx,,wahlap
游戏大魔方银川西夏万达店,银川西夏区万达广场二楼游戏大魔方,,,maimai_dx,,wahlap
游戏童年PLAYGROW佛山顺德店,广东省佛山市顺德区裕和路109号东平保利广场3楼游戏童年PLAYGROW家庭娱乐中心,,,maimai_dx,,wahlap
游梦岛佛山南海富弘店,广东省佛山市南海区沿江1路富弘广场二楼游梦岛,,,maimai_dx,,wahlap
游梦岛佛山禅城兆阳店,广东省佛山市禅城区兆阳广场3楼游梦岛家庭娱乐中心,,,maimai_dx,,wahlap
游梦岛佛山禅城同心荟广场店,广东省佛山市禅城区同心荟广场三楼游梦岛,,,maimai_dx,,wahlap
游梦岛佛山禅城店,广东省佛山市禅城区南庄镇南庄二马路吉利购物广场三楼A08号商铺,,,maimai_dx,,wahlap
游漫岛东莞南城宏二路1号蜂汇广场1店,广东省东莞市宏二路1号蜂汇广场三楼游漫岛,,,maimai_dx,,wahlap
源盛玩家湛江霞山爱琴海购物中心店,湛江市霞山区东新路2号爱琴海购物中心二楼,,,maimai_dx,,wahlap
满载客丹东宽甸新世纪店,辽宁省丹东市宽甸县新世纪三楼满载客电玩台球俱乐部,,,maimai_dx,,wahlap
满载客保定高碑富民大街店,河北省保定市高碑市白沟新城富民大街电子大厦三楼满载客娱乐中心,,,maimai_dx,,wahlap
满载客舟山百悦店,浙江省舟山市百悦生活广场三楼满载客,,,maimai_dx,,wahlap
滨汾热店宜春袁州润达国际店,江西省宜春市袁州区润达国际购物中心三楼,,,maimai_dx,,wahlap
漫卡生活佛山万民金海城店,广东省佛山市顺德区万民金海城负一层漫卡生活,,,maimai_dx,,wahlap
漫卡肇庆端州合百利店,广东省肇庆市端州区合百利广场三楼漫卡动漫店,,,maimai_dx,,wahlap
漫奈斯佛山金铂中心店,广东省佛山市南海区桂城街道桂业路88号金铂中心301,,,maimai_dx,,wahlap
漫奈斯广州南沙万达店,广东省广州市南沙区双山大道万达广场二楼漫奈斯,,,maimai_dx,,wahlap
漫奈斯广州嘉禾金铂天地店,广州市白云区鹤龙二路85号嘉禾金铂天地2楼249号漫奈斯,,,chunithm;maimai_dx,,wahlap
漫奈斯广州天河广百广场店,广东省广州市天河区华观路1932号广百广场三楼漫奈斯,,,maimai_dx,,wahlap
漫奈斯广州白云金铂店,广州市白云区广州大道北同和金铂天地A座二楼漫奈斯前台,,,maimai_dx,,wahlap
漫奈斯白云湖金铂天地店,广东省广州市白云区白云湖街机场路2829号金铂天地3楼301,,,maimai_dx,,wahlap
漫时光达州渠县店,四川省达州市渠县渠江街道后溪社区华中路81号,,,maimai_dx,,wahlap
漫游胖达广州时尚天河店,广东省广州市天河区时尚天河中五街046-046A,,,chunithm;maimai_dx,,wahlap
漫炫时空玉林玉州店,玉林市玉州区万花楼文旅综合城A区2层09-17号,,,maimai_dx,,wahlap
漫谷拾光深圳宝安万达店,广东省深圳市宝安区万达广场A馆二楼,,,maimai_dx,,wahlap
潘多拉山西晋城时光里店,山西省晋城市城区凤展时光里商场三楼,,,chunithm,,wahlap
潘多拉晋城时代广场店,山西省晋城市城区凤展新时代广场7楼潘多拉电玩城,,,maimai_dx,,wahlap
潘朵拉动漫乐园连云港灌云九龙港店,江苏省连云港市灌云县九龙港广场,,,maimai_dx,,wahlap
潮之屿济南历城龙湖北城天街店,山东省济南市历城区龙湖北宸天街三楼东头潮之屿,,,maimai_dx,,wahlap
潮乐时空汉中汉台国际广场店,陕西省汉中市汉台区北大街88号现代国际广场4楼潮乐时空家庭娱乐中心,,,maimai_dx,,wahlap
潮乐汇惠州天虹商场店,广东省惠州市惠东华侨城天虹商场3楼,,,maimai_dx,,wahlap
潮乐潮上海颛桥万达店,上海市闵行区都市路2700号颛桥万达广场3楼潮乐潮,,,chunithm,,wahlap
潮乐潮（上海颛桥万达广场店),"3F, Zhuanqiao Wanda Plaza, No.2700 Dushi Road, Minhang District, Shanghai, Shanghai, 201108",31.0730343,121.4015012,chunithm;other,,ziv
潮乐街区武汉洪山店,湖北省武汉市洪山区潮乐街区娱乐中心,,,maimai_dx,,wahlap
潮乐里佛山南海云峰店,广东省佛山市南海区丹灶镇云峰路8号,,,chunithm;maimai_dx,,wahlap
潮人电玩,"鹿城区纱帽河商城一层, Wenzhou Shi, Zhejiang Sheng, 325000",28.0113463,120.6618186,maimai_dx;other;taiko,,ziv
潮人电玩温州店,浙江省温州市鹿城区第一桥纱帽河商城二楼潮人电玩,,,maimai_dx,,wahlap
潮光年三亚三亚湾壹号店,海南省三亚市三亚湾壹号潮光年电玩城,,,chunithm;maimai_dx,,wahlap
潮光年茂名茂南店,广东省茂名市茂南区油城十路1号大院67 8号三层910号铺,,,maimai_dx,,wahlap
潮可爱南通通州万达店,江苏省南通市通州区万达广场二楼潮可爱,,,maimai_dx,,wahlap
潮可爱安阳文峰万达广场店,河南省安阳市文峰区安阳万达广场三楼潮可爱,,,maimai_dx,,wahlap
潮可爱安阳文峰万达店,河南省安阳市文峰区万达三楼潮可爱店,,,chunithm;maimai_dx,,wahlap
潮可爱平顶山叶县新大新店,河南省平顶山市叶县新大新商场5楼潮可爱,,,maimai_dx,,wahlap
潮可爱广元利州万达店,四川省广元市利州区万达广场三楼潮可爱,,,maimai_dx,,wahlap
潮可爱成都金牛万达店,四川省成都市金牛区金牛万达广场3号门2楼潮可爱,,,maimai_dx,,wahlap
潮可爱新乡延津悦汇店,河南省新乡市延津县文岩街道永安大道延津悦汇365购物中心4楼潮可爱,,,maimai_dx,,wahlap
潮可爱电玩城驻马店上蔡店,河南省驻马店市上蔡县伟业城四楼潮可爱电玩城,,,maimai_dx,,wahlap
潮可爱贵阳中京广场店,贵阳市云峰大道中京广场方圆荟三楼潮可爱,,,maimai_dx,,wahlap
潮可爱随州曾都万达店,湖北省随州市曾都区经济开发区万达广场,,,maimai_dx,,wahlap
潮可爱驻马店平舆爱家店,河南省驻马店市平舆县爱家购物中心五楼潮可爱,,,maimai_dx,,wahlap
潮可爱驻马店西平国贸店,河南省驻马店市西平县护城河路御都汇国贸三楼潮可爱,,,maimai_dx,,wahlap
潮可爱鹤壁淇滨万达店,河南省鹤壁市淇滨区万达四楼潮可爱运动馆,,,maimai_dx,,wahlap
潮好玩周口市川汇店,河南省周口市川汇区陈州街回族街道五一文化广场潮好玩潮人娱乐中心果果茂店,,,maimai_dx,,wahlap
潮好玩郑州高新公园茂店,郑州市高新区公园茂2号馆三楼,,,maimai_dx,,wahlap
潮棱镜·潮玩街区 Prism Trend Play Zone (Tibet),"1F, Lahsa IN Shopping Mall, Shiji Avenue, Liuwu District, Lhasa, Tibet, 850030",29.6364153,91.0808718,other,,ziv
潮棱镜乌鲁木齐新市花田店,新疆维吾尔自治区乌鲁木齐市新市区花田小镇负一楼潮棱镜潮玩街区,,,maimai_dx,,wahlap
潮棱镜乌鲁木齐沙依巴克德汇店,新疆维吾尔自治区乌鲁木齐市沙依巴克区奇台路德汇中心负一楼,,,maimai_dx,,wahlap
潮棱镜昌吉东方广场店,新疆昌吉回族自治州昌吉市延安北路街道广场社区延安北路198号东方广场裙楼三层（5区3丘3栋）,,,maimai_dx,,wahlap
潮气冲天株洲芦淞店,湖南省株洲市芦淞区车站路荣时代商场二楼潮气冲天电玩,,,maimai_dx,,wahlap
潮流电玩上海长宁龙之梦店,上海市长宁区龙之梦城市生活中心五楼,,,maimai_dx,,wahlap
潮漫娱乐场临沧临翔强力店,云南省临沧市临翔区凤翔街道办事处章嘎社区汀旗路市公安局对面强力广场S1号楼3层,,,maimai_dx,,wahlap
潮漫栋心青岛即墨宝龙店,山东省青岛市即墨区通济街道蓝鳌路1137号宝龙广场M1,,,maimai_dx,,wahlap
潮玩世界太原万柏林店,山西省太原市万柏林区公元时代购物中心2楼潮玩世界,,,maimai_dx,,wahlap
潮玩世纪娄底华海荟店,湖南省娄底市双峰县永丰街道国藩路华海荟2楼潮玩世纪,,,maimai_dx,,wahlap
潮玩世纪娄底娄星店,湖南省娄底市娄星区氐星路春园步行街时尚春天一楼潮玩世纪家庭娱乐中心,,,maimai_dx,,wahlap
潮玩世纪家庭娱乐中心,湖南省娄底市涟钢袄尔玛店,,,maimai_dx,,wahlap
潮玩世纪怀化鹤城店,湖南省怀化市鹤城区天星东路锦绣五溪商业广场8栋一层潮玩世纪家庭娱乐中心,,,chunithm;maimai_dx,,wahlap
潮玩世纪溆浦店,湖南省怀化市溆浦县卢峰镇胜利街张家湾路126号城北壹号佳惠生活广场二楼商管办公室,,,maimai_dx,,wahlap
潮玩世纪绵阳涪城乐荟城店,四川省绵阳市涪城区剑南路西段乐荟城二楼潮玩世纪乐汇娱乐中,,,maimai_dx,,wahlap
潮玩世纪长沙开福润和广场店,湖南省长沙市开福区润和广场1栋潮玩世纪,,,maimai_dx,,wahlap
潮玩世纪长沙鸿福汇店,湖南省长沙市长沙县人民东路与黄兴大道交汇处东方美地鸿福汇二楼潮玩世纪,,,maimai_dx,,wahlap
潮玩会唐山唐海名都广场店,河北省唐山市唐海镇大通路兴海名都广场三层潮玩会,,,maimai_dx,,wahlap
潮玩嘉年华漯河丹尼斯店,河南省漯河市人民路丹尼斯2楼潮玩嘉年华,,,chunithm;maimai_dx,,wahlap
潮玩坐标石首城市广场店,石首市笔架山街道城市广场5栋107商铺,,,maimai_dx,,wahlap
潮玩宝贝湛江徐闻龙达店,广东省湛江市徐闻县龙达广场C栋一层潮玩宝贝,,,maimai_dx,,wahlap
潮玩宝贝肇庆端州益华店,肇庆市端州区黄岗街道信安五路益华广场,,,maimai_dx,,wahlap
潮玩宣言连州顺盈广场店,广东省连州市顺盈广场3楼30001号潮玩宣言,,,maimai_dx,,wahlap
潮玩无界万象宜宾天地店,四川省宜宾市叙州区万象宜宾天地SL313潮玩无界,,,chunithm;maimai_dx,,wahlap
潮玩无界南昌万象城店,江西省南昌市万象城3楼潮玩无界,,,maimai_dx,,wahlap
潮玩无界杭州西投银泰城店,浙江省杭州市西湖区西投银泰城F3-3006室潮玩无界,,,maimai_dx,,wahlap
潮玩无界贵阳观山店,贵州省贵阳市观山湖区世纪金源c馆负一楼,,,maimai_dx,,wahlap
潮玩无界重庆九龙坡迎宾店,重庆市九龙坡区迎宾大道37号5楼-04号商铺A馆潮玩无界,,,maimai_dx,,wahlap
潮玩无界重庆北碚吾悦广场店,重庆市北碚区天生街道梨园村60号吾悦广场4楼潮玩无界,,,maimai_dx,,wahlap
潮玩无界重庆高新龙湖天街店,重庆市沙坪坝区高新龙湖天街A馆4楼,,,maimai_dx,,wahlap
潮玩时光吉林船营时代广场店,吉林市船营区时代广场三楼潮玩时光运动街区,,,maimai_dx,,wahlap
潮玩星球 (Chaowan Planet,"84 Xihu Road, Floors 1-3, Guangzhou Shi, Guangdong Sheng, 510063",23.1230724,113.2651377,gitadora;jubeat;other;sdvx,,ziv
潮玩星球汕头龙湖充耀号店,汕头市龙湖区华山路57号充耀号商住中心一楼,,,maimai_dx,,wahlap
潮玩派对合肥蜀山店,合肥市蜀山区天鹅湖万达广场2楼潮玩派对,,,maimai_dx,,wahlap
潮玩派对惠州惠城瑞峰广场店,广东省惠州市惠城区河南岸三环天虹瑞峰广场店,,,chunithm;maimai_dx,,wahlap
潮玩派对电玩厅钦州钦北仟仟万家店,钦州市钦北区仟仟万家四楼,,,maimai_dx,,wahlap
潮玩炫酷保定莲池华创国际广场店,河北省保定市莲池区裕华路华创国际广场3楼潮玩炫酷,,,maimai_dx,,wahlap
潮玩炫酷沧州新华店,河北省沧州市新华区解放东路华北商厦城市广场3楼东区20号潮玩炫酷,,,maimai_dx,,wahlap
潮玩炫酷沧州运河华北商厦店,河北省沧州市运河区水月寺街道华北商厦9F潮玩炫酷,,,maimai_dx,,wahlap
潮玩炫酷石家庄裕华欢乐汇店,河北省石家庄市裕华区建华南街道裕泰路77号欢乐汇商场4楼潮玩炫酷,,,maimai_dx,,wahlap
潮玩社(西安万象城),"4th Floor, Shopping MixC, Chang'an South Road, Yanta, (长安南路西安万象城L435A), Xi'an, Shannxi, 710065",34.1968953,108.9446783,chunithm;maimai_dx;taiko,,ziv
潮玩社临沂兰陵万达店,山东省临沂市兰陵县万达广场3楼潮玩社,,,maimai_dx,,wahlap
潮玩社唐冶新辰店,山东省济南市唐冶银座新辰天地潮玩社l3,,,maimai_dx,,wahlap
潮玩社德州宁津利客来店,山东省德州市宁津县利客来3楼,,,maimai_dx,,wahlap
潮玩社德州德城银座店,德州市德城区大学路银座3楼,,,maimai_dx,,wahlap
潮玩社济南万象城店,山东省济南市历下区经十东路11111号济南万象城三楼365铺潮玩社,,,chunithm;maimai_dx,,wahlap
潮玩社济南历下玉函银座店,山东省济南市历下区玉函银座负一潮玩社,,,maimai_dx,,wahlap
潮玩社济南槐荫万象里店,山东省济南槐荫区万象里三楼潮玩社,,,maimai_dx,,wahlap
潮玩社济南槐荫和谐广场店,山东省济南市槐荫区和谐广场五楼潮玩社,,,chunithm;maimai_dx,,wahlap
潮玩社济南章丘和谐广场店,山东省济南市章丘区双山大街章丘和谐广场三楼潮玩社,,,maimai_dx,,wahlap
潮玩社济南莱芜茂业天地店,山东省济南市莱芜区茂业天地三楼潮玩社,,,chunithm;maimai_dx,,wahlap
潮玩社济南钢城京昇MALL店,山东省济南市钢城区艾山街道京昇mall3楼潮玩,,,maimai_dx,,wahlap
潮玩社温州乐清宝龙广场店,浙江省温州市乐清市柳市镇宝龙广场二楼潮玩社,,,maimai_dx,,wahlap
潮玩社滨州银座茂店,山东省滨州市黄五渤十八路银座茂6楼潮玩社,,,maimai_dx,,wahlap
潮玩社潍坊临朐万达店,山东省潍坊市临朐县万达广场2楼潮玩社,,,maimai_dx,,wahlap
潮玩社潍坊坊子泰华城店,山东省潍坊市坊子区凤凰街泰华城潮玩社,,,maimai_dx,,wahlap
潮玩社潍坊奎文店,山东省潍坊市奎文区胜利东街4000号银座商城三层Z3001号商铺,,,maimai_dx,,wahlap
潮玩社潍坊青州泰华城店,山东省青州市泰华城三楼潮玩社,,,maimai_dx,,wahlap
潮玩社潍坊青州青群广场店,山东省潍坊市青州市尧王山西路118号青群广场B馆潮玩社,,,maimai_dx,,wahlap
潮玩社烟台蓬莱海情广场店,山东省烟台市蓬莱店海情广场二楼潮玩社,,,chunithm;maimai_dx,,wahlap
潮玩社莱西万达店,山东省莱西市万达广场3楼潮玩社,,,maimai_dx,,wahlap
潮玩社菏泽巨野店,山东省菏泽市巨野县麒麟大道中段新佳和购物广场3楼潮玩社,,,maimai_dx,,wahlap
潮玩社西安华阳城店,陕西省西安市华阳城三楼潮玩社,,,maimai_dx,,wahlap
潮玩社西安雁塔店,陕西省西安市雁塔区万象城四楼潮玩社,,,chunithm;maimai_dx,,wahlap
潮玩社诸城百盛店,山东省诸城市百盛广场二楼潮玩社,,,maimai_dx,,wahlap
潮玩社邹城新百乐店,山东省济宁市邹城市钢山街道太平西路1052、1070、1074、1082号一层,,,maimai_dx,,wahlap
潮玩社郑州二七店,河南省郑州市二七区万象城6楼潮玩社,,,maimai_dx,,wahlap
潮玩社黄石万达店,湖北省黄石市黄石港区万达广场三楼,,,chunithm,,wahlap
潮玩空间丽水青田店,浙江省丽水市青田县龙津路135号香溢广场c001,,,maimai_dx,,wahlap
潮玩空间佛山三水店,广东省佛山市三水区西南街道三水广场二楼2653号店,,,chunithm,,wahlap
潮玩空间站珠海斗门去万达店,广东省珠海市斗门去万达二楼梦次元潮玩空间站,,,chunithm,,wahlap
潮玩空间黄石时代广场店,湖北省黄石市阳新县华联时代广场3楼,,,maimai_dx,,wahlap
潮玩英雄唐山玉田北购店,河北省唐山市玉田县北环路北方购物4楼东侧潮玩英雄,,,maimai_dx,,wahlap
潮玩英雄唐山遵化店,河北省唐山市遵化市文化北路金缘购物四楼潮玩英雄电玩城,,,maimai_dx,,wahlap
潮玩萌兽乐山市中万达店,四川省乐山市市中区乐青路万达广场3楼潮玩萌兽,,,maimai_dx,,wahlap
潮玩萌兽六盘水钟山万达店,贵州省六盘水市钟山区万达广场二楼潮玩萌兽,,,maimai_dx,,wahlap
潮玩萌兽安康汉滨吾悦店,陕西省安康市汉滨区吾悦广场三楼潮玩萌兽综合馆,,,maimai_dx,,wahlap
潮玩萌兽曲靖万达店,云南省曲靖市万达广场3楼,,,maimai_dx,,wahlap
潮玩街区东台德润店,江苏省东台市海陵北路9号德润广场L5-010商铺潮玩街区,,,maimai_dx,,wahlap
潮玩街区保定莲池万达店,河北省保定市莲池区东金庄乡七一路1999号负一层潮玩街区,,,maimai_dx,,wahlap
潮玩街区南充高坪王府井店,四川省南充市高坪区王府井负一层潮玩街区,,,maimai_dx,,wahlap
潮玩街区如皋吾悦店,江苏省如皋市吾悦广场2楼潮玩街区,,,maimai_dx,,wahlap
潮玩街区宝鸡金台万达店,陕西省宝鸡市金台区万达广场五楼潮玩街区,,,maimai_dx,,wahlap
潮玩街区成都武侯来福士广场店,四川省成都市武侯区玉林街道人民南路四段3号来福士广场负一楼潮玩街区名创优品旁,,,maimai_dx,,wahlap
潮玩街区枣庄薛城万达店,山东省枣庄市薛城区万达广场三楼南端潮玩街区,,,maimai_dx,,wahlap
潮玩街区潍坊新辰店,山东省潍坊市奎文区新辰天地二楼潮玩街区,,,maimai_dx,,wahlap
潮玩街区盐城财富广场店,江苏省盐城市建湖县塘河街道湖中路与严桥路交叉口西南120米广益来财富广场3楼潮玩街区,,,maimai_dx,,wahlap
潮玩街区运城盐湖苏宁广场店,山西省运城市盐湖区禹都大街苏宁广场三楼潮玩街区,,,maimai_dx,,wahlap
潮玩谷南宁相思湖店,广西壮族自治区南宁市西乡塘区相思湖购物公园负一楼,,,maimai_dx,,wahlap
潮玩谷广西崇左中都新世界店,广西壮族自治区崇左市扶绥县新宁镇空港大道2号中都新世界三楼,,,maimai_dx,,wahlap
潮玩里ChaowanLi(中贸国际),"B-3-2, 3rd Floor, Zone B, Zhongmao Plaza Shopping, No.118 Chang', 5号线南稍门地铁站G出口, Xi'an, Shannxi Province, 710061",34.2431291,108.9402848,maimai_dx;other,,ziv
潮玩里西安碑林店,陕西省西安市碑林区长安路中贸广场B区三楼潮玩里,,,maimai_dx,,wahlap
潮玩魔都南京桥北新店,江苏省南京市江北新区金像城购物中心2楼街区J-2F-03-05-06,,,maimai_dx,,wahlap
潮白大玩家廊坊谭台生活广场店,河北省廊坊市大厂回族自治县谭台生活广场3楼潮白大玩家,,,maimai_dx,,wahlap
潮能空间厦门湖里万达店,福建省厦门市湖里区万达广场二楼,,,maimai_dx,,wahlap
潮能空间广州增城店,广东省广州市增城区荔城街观翠路21号东汇城2楼潮能空间,,,maimai_dx,,wahlap
潮范儿呼和浩特新华MALL店,内蒙古呼和浩特市回民区新华MALL潮范儿电玩城,,,maimai_dx,,wahlap
潮范儿琼海嘉积宝真广场店,海南省琼海市嘉积镇东风路6号宝真广场广百家1F012-1F047铺潮范儿,,,maimai_dx,,wahlap
潮范儿电玩海南儋州店,海南省儋州市潮范儿电玩,,,maimai_dx,,wahlap
潮范儿赤峰众联时代城店,赤峰市红山区桥北街道众联时代城三楼A05,,,maimai_dx,,wahlap
潮范动漫城许昌建安新合作广场店,许昌市建安区新合作广场3楼潮范动漫城,,,maimai_dx,,wahlap
潮越时空沧州黄骅金宝店,河北省沧州市黄骅市金宝方圆荟二楼,,,chunithm,,wahlap
潮趣堂常州吾悦广场店,江苏省常州市钟楼区延陵西路123号常州吾悦广场A座3楼,,,maimai_dx,,wahlap
潮趣堂常州新北万达店,常州市新北区通江中路万达广场4楼,,,maimai_dx,,wahlap
潮趣堂常州新北环球港店,江苏省常州市新北区通江中路江南环球港太阳大厅4楼L4111潮趣堂,,,chunithm;maimai_dx,,wahlap
潮趣堂常州武进万达,江苏省常州市武进万达二楼潮趣堂,,,chunithm;maimai_dx,,wahlap
潮趣堂常州溧阳万达店,江苏省常州市溧阳市南大街199号万达广场三层3015商铺潮趣堂,,,chunithm;maimai_dx,,wahlap
潮酷潮玩潍坊潍城店,山东省潍坊市潍城区北宫街清平路中百奥莱一楼潮酷潮玩电玩城,,,chunithm;maimai_dx,,wahlap
潮酷王国宿迁沭阳吾悦店,江苏省宿迁市沭阳县吾悦广场潮酷王国,,,maimai_dx,,wahlap
潮酷魔玩兖州龙贵店,济宁市兖州区建设东路399号龙贵购物广场负一,,,maimai_dx,,wahlap
潮鹿星球南京鼓楼能悦坊店,南京市鼓楼区和燕路49号能悦坊f207号,,,maimai_dx,,wahlap
火星局石河子万达店,新疆石河子市万达广场3楼火星局,,,chunithm;maimai_dx,,wahlap
火星工厂杭州拱墅大悦城店,浙江省杭州市拱墅区隐秀路1号大悦城购物中心4楼火星工厂店,,,chunithm,,wahlap
火星计划双鸭山宝清店,黑龙江省双鸭山市宝清县谷兴商厦家乐购三楼火星计划家庭娱乐中心,,,maimai_dx,,wahlap
火火联盟长春万达店,吉林省长春市上海路万达广场3F,,,maimai_dx,,wahlap
火车头英雄联盟临湘白云湖店,湖南省临湘市白云湖公馆6栋商业栋1层118..119门火车头英雄联盟,,,maimai_dx,,wahlap
灵漫家庭娱乐广场山西晋中店,山西省晋中市榆次区龙湖大街天美杉杉奥特莱斯广场室内馆二层H-232,,,maimai_dx,,wahlap
炫e潮玩扬州宝应购物中心店,江苏省扬州市宝应县新亚细亚购物中心三楼,,,maimai_dx,,wahlap
炫e潮玩泗洪泗州吾悦店,江苏省泗洪县泗州吾悦广场三楼最东侧炫e潮玩,,,maimai_dx,,wahlap
炫动乐园成都双流店,成都市双流区九江街道海滨城天街一楼169号,,,maimai_dx,,wahlap
炫动四方 (阳光城),"L3, Youyi Sunshine City, Jinlong Road, Longhua District 龙华区, Haikou City 海口市, Hainan Province  海南省, 570125",20.0258197,110.3198413,chunithm;maimai_dx;other;taiko,,ziv
炫动四方三亚大悦城店,海南省三亚市吉阳区迎宾路三亚大悦城购物中心3楼炫动四方,,,maimai_dx,,wahlap
炫动四方三亚天悦城店,海南省三亚市吉阳区月川中路8号天悦城三楼炫动四方,,,chunithm;maimai_dx,,wahlap
炫动四方海口友谊阳光城店,海南省海口市龙华区友谊阳光城3楼炫动四方,,,chunithm;maimai_dx,,wahlap
炫动四方长春居然世界里店,吉林省长春市高新区居然世界里三楼炫动四方电玩城,,,chunithm;maimai_dx,,wahlap
炫动四方长春摩天活力城店,吉林省长春市经开区摩天活力城三楼炫动四方,,,chunithm;maimai_dx,,wahlap
炫动四方长沙县永旺梦乐城店,湖南省长沙市长沙县东九路永旺梦乐城4楼410炫动四方,,,maimai_dx,,wahlap
炫动星球盘锦兴隆台万达店,辽宁省盘锦市兴隆台区兴盛街道万达社区万达商业广场室内步行街3F层3F-A号商铺,,,chunithm;maimai_dx,,wahlap
炫动魔方南昌东湖店,江西省南昌市东湖区青山北路18号life青山汇3F-11炫动魔方家庭娱乐中心,,,chunithm;maimai_dx,,wahlap
炫动魔方成都双流店,四川省成都市双流区西航港街道韩国城喜乐齐超市二楼炫动魔方电玩城,,,chunithm;maimai_dx,,wahlap
炫彩大玩家,"90 Jinfeng N. Rd., Tangjiawan Township (高新区唐家湾镇金峰北路90号), L3-020, 3rd Floor, Zhuhai Powerlong Mall (珠海宝龙城3楼 L3-020), Zhuhai, Guangdong, 519087",22.3848561,113.5458413,maimai_dx,,ziv
炫彩大玩家宝龙城珠海店,广东省珠海市香洲区金峰北路高新宝龙城3楼L3-020,,,maimai_dx,,wahlap
炫技星空金华世贸城市店,浙江省金华市婺城区金华世贸城市广场负一楼炫技星空,,,maimai_dx,,wahlap
炫技星空金华义乌之心店,浙江省金华市义乌市稠城街道工人西路9号义乌之心城市生活广场6楼炫技星空,,,maimai_dx,,wahlap
炫技星空金华婺城永盛店,浙江省金华市婺城区城中街道永盛购物广场四层402室-31号,,,maimai_dx,,wahlap
炫次方广州天河正佳店,广东省广州市天河区正佳广场5楼5D113-114铺炫次方,,,maimai_dx,,wahlap
炫次方深圳南山宝能太古城店,深圳市南山区蛇口街道深圳湾社区中心路2233号宝能太古城花园南区二楼SL211炫次方,,,maimai_dx,,wahlap
炫次方深圳宝安海岸城店,广东省深圳市宝安区新桥街道万丰社区万丰海岸城A馆E515五楼炫次方,,,chunithm;maimai_dx,,wahlap
炫烽超级电玩(步行街店),"合肥市庐阳区逍遥津街道寿春路93号美林美妆负1楼, Hefei Shi, Anhui Sheng, 230000",31.8655253,117.2952909,other,,ziv
炫舞星河电玩城铁岭新城铁岭市总工会店,铁岭市新城区铁岭市总工会职工之家综合楼B区主003号,,,maimai_dx,,wahlap
炫酷地带广安岳池店,四川省广安市岳池县瑞鼎星都会1-1炫酷地带,,,maimai_dx,,wahlap
炫酷地带广安武胜店,四川省广安市武胜县沿口镇融恒时代广场,,,maimai_dx,,wahlap
炫酷地带重庆江津店,重庆市江津区双福街道南北大道北段602号附88号2-41双福星街3栋2-1炫酷地带,,,maimai_dx,,wahlap
炫酷游艺嘉兴嘉善店,浙江省嘉兴市嘉善县嘉善大道601号3楼炫酷游艺,,,maimai_dx,,wahlap
炫酷空间天长店,安徽省天长市天康大道天发购物广场一楼炫酷空间游乐场,,,maimai_dx,,wahlap
炫酷空间蚌埠万达店,安徽省蚌埠市湖滨社区东海大道4399号万达广场百货楼2楼炫酷空间,,,maimai_dx,,wahlap
炫酷风连云港灌云富园广场店,江苏省连云港市灌云县伊山镇富园广场步行街中间20号楼西首炫酷风游乐动漫城,,,maimai_dx,,wahlap
烈火游戏机娱乐,"Jiangning Road No. 77-4F, 美琪大剧院对面, 静安区 (Jing'an District), 上海 (Shanghai), 200041",31.2311100,121.4510035,chunithm;ddr;gitadora;iidx;jubeat;maimai_dx;nostalgia;ongeki;other;sdvx;taiko,,ziv
热带时光中山南头海雅缤纷天地店,中山市南头镇海雅缤纷天地3楼热带时光家庭娱乐中心,,,maimai_dx,,wahlap
热带时光佛山东基禅西环宇城店,佛山市禅城区张槎街道东基环宇城二楼热带时光家庭娱乐中心,,,maimai_dx,,wahlap
热带时光佛山西樵店,广东省佛山市南海区西樵镇轻纺城东区樵金南路215号星元汇大厦三层3019,,,maimai_dx,,wahlap
热带时光家庭娱乐中心 Tropical Time Games (深圳店),"3rd Floor, Zhongke Plaza, Fuyong Subdistrict,, Bao’an District 宝安区, Shenzhen City 深圳市, Guangdong Province 广东省, 518103",22.6694421,113.8226057,maimai_dx;other,,ziv
热带时光深圳宝安怀德广场店,广东省深圳市宝安区福永街道怀德生活广场3楼热带时光,,,maimai_dx,,wahlap
热带时光邯郸邯山店,河北省邯郸市邯山区未来石购物中心三层热带时光,,,maimai_dx,,wahlap
热带雨林丰台丰科万达店,北京市丰台区丰科万达3楼热带雨林,,,maimai_dx,,wahlap
热带雨林主题乐园清远清城壹悦城店,清远市清城区壹悦城三楼热带雨林,,,maimai_dx,,wahlap
热带雨林义乌市万达店,浙江义乌万达广场3楼热带雨林,,,maimai_dx,,wahlap
热带雨林宁波江北万达广场店,浙江省宁波市江北区江北大道 188 号万达广场 2 层娱乐楼 2F-A,,,maimai_dx,,wahlap
热带雨林广州增城店,广东省广州市增城区荔城增城大道69号万达广场二楼,,,maimai_dx,,wahlap
热带雨林泉州鲤城万达店,泉州市鲤城区鲤城万达,,,maimai_dx,,wahlap
热带雨林清远清城壹悦城店,广东省清远市清城区壹悦城三楼热带雨林,,,maimai_dx,,wahlap
热带雨林湛江赤坎店,广东省湛江市赤坎区世贸大厦三楼,,,maimai_dx,,wahlap
热带雨林珠海斗门店,广东省珠海市斗门区井岸镇大信新都汇热带雨林3～4楼,,,maimai_dx,,wahlap
热带雨林邯郸丛台店,河北省邯郸市丛台区人民东路环球中心美乐城五层热带雨林主题乐园,,,chunithm;maimai_dx,,wahlap
焕游星际,"2F, Lingang Wanda Plaza, No.2555 Hongyin Road, Pudong New Distri, Pudong New District, Shanghai, Shanghai, 200120",30.8942890,121.8102899,maimai_dx,,ziv
焕游星际 (宝鸡开元商城),"4F, Kaiyuan Shopping, Jinkai second road, (经开二路开元商城4楼西南角), Baoji, Shannxi, 721000",34.3709062,107.1458495,other,,ziv
焕游星际上海临港万达店,上海市浦东新区泥城镇临港万达广场二楼焕游星际,,,maimai_dx,,wahlap
焕游星际宁波奉化店,浙江省宁波市奉化区中山东路299号万达广场二楼焕游星际,,,chunithm;maimai_dx,,wahlap
焕游星际沙坪坝天陈路店,重庆市沙坪坝区天陈路1号炫地7街负一楼焕游星际,,,chunithm;maimai_dx,,wahlap
焕游星际西安雁塔立丰城店,陕西省西安市雁塔区丈八东路与子午大道西南角立丰城三楼焕游星际（3030商铺）,,,chunithm;maimai_dx,,wahlap
焕游星际郑州荥阳吾悦广场店,郑州市荥阳市荥泽大道与郑上路交叉口吾悦广场Z419,,,chunithm;maimai_dx,,wahlap
熊孩子乐园安庆望江店,安徽省安庆市望江县云珠国际广场三楼,,,maimai_dx,,wahlap
熊孩子游乐场池州东至新天地店,池州市东至县新天地二楼,,,maimai_dx,,wahlap
熊开心宜春润达国际店,江西省宜春市润达国际购物中心三楼,,,maimai_dx,,wahlap
熊开心福州台江店,福建省福州市台江区上海街道万象九宜城二楼熊开心家庭娱乐,,,maimai_dx,,wahlap
熊熊雀庄杭州拱墅店,浙江省杭州市拱墅区米市巷街道华龙商务大厦502室,,,maimai_dx,,wahlap
熠辉潮游昆明盘龙永和广场店,云南省昆明市盘龙区金辰街道办事处罗丰社区居委会北京路1126号永和广场三层B-L3-3号,,,maimai_dx,,wahlap
爱上潮玩游艺娱乐东营广饶店,东营市广饶县乐安大街鲁商城市广场3号楼二层,,,maimai_dx,,wahlap
爱吉乐中山石岐华发店,广东省中山市石岐区中山二路华发商都三楼爱吉乐,,,maimai_dx,,wahlap
爱吉乐广州白云店,广东省广州市白云区石沙路86号石井国际3楼爱吉乐,,,maimai_dx,,wahlap
爱吉乐广州花都茶园新天地店,广东省广州市花都区新华街道茶园路15号茶园新天地3楼爱吉乐潮玩游乐中心,,,maimai_dx,,wahlap
爱吉乐深圳罗湖喜荟城店,广东省深圳市罗湖区东湖街道喜荟城西区永旺2楼爱吉乐东湖店,,,maimai_dx,,wahlap
爱婴城堡福州长乐店,福建省福州市长乐区金峰镇胪东二路1号好莱钨商场二层爱婴城堡游乐场,,,maimai_dx,,wahlap
爱尚潮玩沧州黄骅店,河北省沧州市黄骅市学院西路信源购物广场4楼,,,maimai_dx,,wahlap
爱巴爱麻家庭娱乐中心江津爱琴海店,重庆市江津区双福街道爱琴海购物公园3楼,,,maimai_dx,,wahlap
爱巴爱麻黄冈浠水润达店,湖北省黄冈市浠水县润达国际三楼爱巴爱麻,,,maimai_dx,,wahlap
爱淘王国中山小榄时代店,广东省中山市小榄镇北秀路百汇时代广场3楼爱淘玩国潮玩游乐中心,,,maimai_dx,,wahlap
爱游乐第e玩家绍兴新昌店,浙江省绍兴市新昌县万达广场三楼第e玩+,,,maimai_dx,,wahlap
爱游乐第一玩家南京高淳店,江苏省南京市高淳区宝龙广场二楼爱游乐第一玩家,,,maimai_dx,,wahlap
爱游游乐园聊城振华店,山东省聊城经济技术开发区东城街道振华购物中心四层4-401,,,maimai_dx,,wahlap
爱玩嘉年华 iPlay World (西城天街),"3rd Floor, Longhu Xicheng Paradise Walk, Jiulongpo District, Chongqing, Chongqing, 400050",29.5136663,106.5138580,other,,ziv
爱玩嘉年华 iPlay World (金沙店),"L5, Building B, Jinsha Paradise Walk Mall, Sanxia Square, Shapingba District, Chongqing, Chongqing, 400030",29.5565041,106.4579581,maimai_dx;other,,ziv
爱玩嘉年华万州店,重庆市万州区北滨大道998号万达广场1号门2楼爱玩嘉年华,,,maimai_dx,,wahlap
爱玩嘉年华成都西宸天街店,四川省成都市金牛区龙湖西宸天街3楼爱玩嘉年华,,,maimai_dx,,wahlap
爱玩嘉年华杭州钱塘店,浙江省杭州市钱塘区金沙大道560号金沙龙湖天街3楼爱玩嘉年华,,,maimai_dx,,wahlap
爱玩嘉年华江北观音桥一店,重庆市两江新区观音桥天天尚街爱玩嘉年华江北一店,,,maimai_dx,,wahlap
爱玩嘉年华深圳龙华店,广东省深圳市龙华区壹方天地A区二楼爱玩嘉年华,,,maimai_dx,,wahlap
爱玩嘉年华西安新城长乐龙湖店,陕西省西安市新城区胡家庙街道万寿北路58号龙湖西安长乐天街 爱玩嘉年华,,,maimai_dx,,wahlap
爱玩嘉年华重庆合川店,重庆市合川区合阳城街道财富广场LG层,,,maimai_dx,,wahlap
爱玩嘉年华重庆江北二店,重庆重庆市两江新区观音桥街道,,,maimai_dx,,wahlap
爱玩嘉年华金沙店娱乐厅,重庆市沙坪坝区三峡广场金沙天街B馆五楼爱玩嘉年华,,,maimai_dx,,wahlap
爱玩星球洛阳西工店,河南省洛阳市西工区大卫天地九楼,,,maimai_dx,,wahlap
爱玩星球焦作解放店,河南省焦作市解放区万达广场三楼爱玩星球,,,maimai_dx,,wahlap
爱玩星球郑州正弘汇店,河南省郑州市高新区正弘汇5楼,,,maimai_dx,,wahlap
爱玩星球郑州金水店,河南省郑州市金水区东风路瀚海海尚mall-B146号爱玩星球,,,maimai_dx,,wahlap
爱玩星球驻马店,河南省驻马店市经济开发区乐山大道与置地大道交叉口爱克玖隆茂购物中心三楼爱玩星球,,,maimai_dx,,wahlap
爱玩荟北京朝阳新世界百货店,北京市朝阳区建国路93号万达广场A座新世界百货2楼,,,chunithm;maimai_dx,,wahlap
爱玩荟吕梁汾阳西府街店,山西省吕梁市汾阳市鼓楼南路西府街5号一楼爱玩荟,,,maimai_dx,,wahlap
爱玩荟家庭娱乐中心 Love the game together（望京店）,"3F, New World Shopping Center (新世界百货望京店), Guang Shunnan Avenue N, Chaoyang District, Beijing, Beijing, 100020",39.9856638,116.4740495,chunithm;maimai_dx;taiko,,ziv
爱玩荟家庭游乐中心 Love the game together（大望路店）,"2F, New world shopping mall, Wanda Plaza CBD Block A, No.93 Jianguo Road, Chaoyang District, Beijing, Chaoyang, 100025",39.9079133,116.4663541,chunithm;jubeat;maimai_dx;other,,ziv
爱玩荟家庭游乐中心北京望京店,北京市朝阳区广顺南大街16号院1号楼3层301内044号,,,chunithm;maimai_dx,,wahlap
爱玩荟朔州朔城爱琴海店,山西省朔州市朔城区爱琴海购物公园1楼,,,maimai_dx,,wahlap
爱玩街区柘城新天地店,河南省商丘市柘城县华景广场新天地中心北门对面106号,,,maimai_dx,,wahlap
牛玩牛叫 Cow Play Cow Moo (新六百店),"4F-07, NEO YOUNG 600 Mall, No.932 Hengshan Road, Xuhui District, Shanghai, Shanghai, 200100",31.1969305,121.4339662,maimai_dx;other;taiko,,ziv
牛玩牛叫 Cow Play Cow Moo (龙之梦店),"5F, Longemont City Life Center, No.1018 Changning Road, Changning District, Shanghai, Shanghai, 200042",31.2209176,121.4119810,chunithm;maimai_dx;other;taiko,,ziv
牧童乐园威海环翠店,山东省威海市环翠区威高广场生活汇2楼牧童乐园家庭娱乐中心,,,chunithm;maimai_dx,,wahlap
特爱玩电玩城天河新天地店,广东省广州市天河区天源路5号天河新天地3楼,,,maimai_dx,,wahlap
独山子美美影城克拉玛依店,新疆维吾尔自治区克拉玛依市独山子区西宁路街道大庆东路34号文化中心影院,,,maimai_dx,,wahlap
猩派玩家宝能新都荟店,广东省汕头市潮阳区城南街道宝能新都荟2F猩派玩家,,,maimai_dx,,wahlap
猩派玩家汕头潮阳和平广场店,广东省汕头市潮阳区和平镇和平广场卜蜂莲花一楼猩派潮玩社,,,maimai_dx,,wahlap
猩派玩家汕头潮阳壹品店,广东汕头市潮阳区文光街道新河湾壹品购物广场一楼猩派玩家,,,maimai_dx,,wahlap
猩派玩家汕头潮阳店,广东省汕头市潮阳区谷饶镇阳光百汇购物广场猩派玩家,,,maimai_dx,,wahlap
猩际争霸 ApeCraft (中北永旺店),"AEON Mall (Zhongbei), Fucheng Road, Xiqing District, Tianjin, Tianjin, 300380",39.1415130,117.0849060,maimai_dx;taiko,,ziv
猩际争霸 ApeCraft (吾悦广场云山道店),"2F, Binhai Wuyue Plaza, No.819 Yunshan Road, Binhai New Area, Tianjin, Tianjin, 300457",39.0651720,117.6159480,maimai_dx;taiko,,ziv
猩际争霸 ApeCraft (武清万达店),"Shop 3056, Wanda Plaza, Fuyuan Road, Wuqing District, Tianjin, Tianjin, 301724",39.4041770,117.0511270,maimai_dx;other,,ziv
猩际争霸天津武清万达店,天津市武清区福源道万达广场三楼猩际争霸3056猩际争霸,,,maimai_dx,,wahlap
猩际争霸天津西青滨海永旺购物中心店,天津市西青区中北工业园阜盛道1号永旺购物中心(中北店)2F层猩际争霸,,,maimai_dx,,wahlap
猩际争霸滨海新区吾悦店,天津市滨海新区吾悦广场2楼Z202猩际争霸,,,maimai_dx,,wahlap
猫窝布吉店,广东省深圳市龙岗区鸿冠实业5栋,,,chunithm,,wahlap
猫鼓旗舰店 Taiko Catz,"B2 Floor, Pingjin Center, No.1599 Qixin Road, Minhang District,, Minhang District, Shanghai, Shanghai, 201100",31.1345177,121.3578122,taiko,,ziv
猿计划游艺mall南海万科店,广东省佛山市南海区桂澜中路23号南海万科广场3楼猿计划游艺MALL,,,maimai_dx,,wahlap
猿计划游艺MALL顺德万民金海城店,广东省佛山市顺德区乐从镇裕和路110万民金海城二楼猿计划游艺MALL,,,maimai_dx,,wahlap
王者之风 KING'S Arcade (AEON梦乐城购物中心店),"2F, AEON Mall, No.29 TEDA Fashion East Road, TEDA Street, Binhai New Area, Tianjin, Tianjin, 300457",39.0304359,117.7228620,maimai_dx;other,,ziv
王者之风塘沽区金街店,天津市滨海新区解放路777王者之风,,,maimai_dx,,wahlap
王者之风天津南开鲁能城店,天津市南开区鲁能城购物中心b1王者之风电玩城（麦当劳对面）,,,maimai_dx,,wahlap
王者之风天津大悦城店,天津市和平区南京路大悦城王者之风3f-1,,,chunithm;maimai_dx,,wahlap
王者之风天津滨海新永旺店,天津市滨海新区时尚东路29号永旺梦乐城2楼王者之风,,,maimai_dx,,wahlap
王者之风宁波北仑银泰店,浙江省宁波市北仑区北仑银泰城四楼王者之风,,,maimai_dx,,wahlap
王者之风宁波海曙店,浙江省宁波市海曙区海曙印象城3楼王者之风电玩城,,,maimai_dx,,wahlap
王者之风宁波鄞州店,浙江省宁波市鄞州区印象城3楼王者之风,,,maimai_dx,,wahlap
王者之风慈溪爱琴海店,浙江省慈溪市北三环东路1888号爱琴海购物公园二楼C区王者之风,,,maimai_dx,,wahlap
王者之风杭州临平店,浙江省杭州市临平区世纪大道银泰城3楼王者之风,,,maimai_dx,,wahlap
王者之风杭州招商花园城店,浙江省杭州市临平区崇贤街道崇杭街招商花园城3楼王者之风,,,maimai_dx,,wahlap
王者之风游乐体验中心 KING'S Arcade (大悦城店),"3F, Shop 3F-01, Heping Joy City, No.189 Nanjing Road, Heping District, Tianjin, Tianjin, 300051",39.1166680,117.1915800,chunithm;maimai_dx;other,,ziv
王者之风游乐体验中心 KING'S Arcade (滨海万达店),"2F, Shop 2F-A, Wanda Plaza, Binhai New Area, Binhai New Area, Tianjin, Tianjin, 300450",39.0136700,117.6744150,maimai_dx;other;taiko,,ziv
王者之风游乐体验中心 KING'S Arcade (鲁能城店),"B1 Floor, Shop B1F-B40, Luneng City Shopping Center, Nankai District, Tianjin, Tianjin, 300381",39.0939880,117.1693690,maimai_dx;other,,ziv
王者之风滨海万达店,天津市滨海新区洞庭路万达广场2F-A王者之风,,,maimai_dx,,wahlap
王者之风潍坊诸城爱琴海店,山东省潍坊市诸城市和平路80号爱琴海购物中心2楼王者之风,,,maimai_dx,,wahlap
王者之风石家庄勒泰店,河北省石家庄市勒泰商场三楼王者之风电玩城,,,maimai_dx,,wahlap
王者之风石家庄桥西店,河北省石家庄市桥西区天元名品商城一层,,,maimai_dx,,wahlap
王者之风石家庄长安万达店,河北省石家庄市长安区万达广场3楼,,,maimai_dx,,wahlap
王者之风衢州衢江店,浙江省衢州市衢江区衢州银泰城3楼王者之风,,,maimai_dx,,wahlap
王者之风运河城店,山东省济宁市任城区阜桥街道运河城负一层王者之风游客体验中心,,,maimai_dx,,wahlap
王者之风邢台信都店,河北省邢台市信都区中华大街街道逗号立方广场四楼王者之风,,,maimai_dx,,wahlap
王者宇宙郑州福都百货店,郑州市航海路与银莺路交叉口福都百货四楼王者宇宙,,,maimai_dx,,wahlap
玖号玩家动漫城苏州相城永金广场店,江苏省苏州市相城区永金广场负一楼玖号玩家动漫城,,,maimai_dx,,wahlap
玖号玩家苏州吴中海星广场店,江苏省苏州市吴中区城南街道海星生活广场2幢02-90、玖号玩家海星店,,,maimai_dx,,wahlap
玛丽奥电玩南宁兴宁店,广西南宁市兴宁区步行街红星金逸影城1楼玛丽奥电玩城,,,maimai_dx,,wahlap
玩乐兽西安灞桥龙湖店,陕西省西安市灞桥区龙湖香醍天街3楼玩乐兽,,,maimai_dx,,wahlap
玩乐猩球 Game Planet of the Apes  (坪山悦邻SPACE),"3rd Floor, Yuelong SPACE Shopping Center, No. 4045 BYD Road, Pingshan New District, Shenzhen City, Guangdong, 518118",22.6826579,114.3360359,maimai_dx,,ziv
玩乐猩球深圳坪山店,广东省深圳市坪山区马峦街道比亚迪路4045号悦阾SPACE购物中心三楼玩乐猩球电玩城,,,maimai_dx,,wahlap
玩力湃通辽壹方城店,内蒙古自治区通辽市科尔沁区团结街道平安路与红胜大街交汇处天赐良缘（水晶郦湾）小区F2商业二层208铺位玩力湃,,,chunithm;maimai_dx,,wahlap
玩咖星球 (大鹏佳兆业),"2nd Floor, Jiazhaoye Shopping, Lingnan Road, Dapeng New District, Longgang District 龙岗区, Shenzhen City 深圳市, Guangdong Province 广东省, 518119",22.5964797,114.4698462,other,,ziv
玩咖星球大鹏花生唐店,广东省深圳市大鹏新区葵涌花生唐购物中心2楼玩咖星球,22.6273608,114.4155691,maimai_dx;other,,wahlap;ziv
玩咖联萌南充北湖广场店,四川省南充市顺庆文法路164号北湖广场1幢3层2号3号,,,chunithm;maimai_dx,,wahlap
玩咖部落南宁安吉万达店,南宁市西乡塘区安吉万达广场2楼,,,maimai_dx,,wahlap
玩嘉来了东莞虎门天虹店,广东省东莞市虎门镇连升路天虹购物中心二楼玩嘉来了电玩城,,,chunithm;maimai_dx,,wahlap
玩嘉来了荆州松滋万达店,湖北省荆州市滋市新江口街道万达广场1F玩嘉来了,,,maimai_dx,,wahlap
玩宙电玩世界 W/Z GAME WORLD,"Tuanjie Xinli Cultural Park, No.3-5 Tuanjiehu Dongli, Chaoyang D, Chaoyang District, Tuanjiehu, Beijing, Beijing, 100020",39.9286990,116.4639960,maimai_dx,,ziv
玩宙电玩世界北京团结新里店,北京市朝阳区团结湖团结心里玩宙电玩世界,,,maimai_dx,,wahlap
玩客超乐场长沙宁乡翡翠湖店,湖南长沙宁乡翡翠湖国际广场三楼,,,maimai_dx,,wahlap
玩家岛大连弘源购物广场店,辽宁省大连市瓦房店市弘源购物广场5层,,,maimai_dx,,wahlap
玩家搭档成都大邑店,四川省成都市大邑县润驰国际广场一楼玩家搭档动漫城,,,maimai_dx,,wahlap
玩家搭档赣州龙南店,江西省赣州市龙南市万达广场三楼玩家搭档,,,maimai_dx,,wahlap
玩家来也沈阳太原街万达店,辽宁省沈阳市和平区太原街万达广场三楼玩家来也,,,chunithm;maimai_dx,,wahlap
玩家来也沈阳铁西万达店,辽宁省沈阳市铁西区北一路万达广场3楼玩家来也,,,chunithm;maimai_dx,,wahlap
玩家来也锦州太和万达店,锦州市太和区万达广场3楼玩家来也电玩城,,,chunithm;maimai_dx,,wahlap
玩家森林青岛崂山店,山东省青岛市崂山区丽达购物中心东区一楼玩家森林E1F022玩家森林,,,chunithm;maimai_dx,,wahlap
玩家英雄珠海金湾华发商都店,广东省珠海市金湾区三灶镇金河东路720号金湾华发商都中心C馆C2002-C2003商铺,,,maimai_dx,,wahlap
玩家风暴南京雨花台紫荆广场店,江苏省南京市雨花台区雨花街道紫荆广场花漫里二楼玩家风暴,,,maimai_dx,,wahlap
玩派嘉年华西宁力盟店,青海省西宁市城西区力盟商业街6号楼一楼玩派嘉年华,,,chunithm,,wahlap
玩派嘉年华西宁城西力盟店,青海省西宁市城西区力盟商业街6号楼玩派嘉年华,,,maimai_dx,,wahlap
玩派嘉年华西宁海湖万达店,青海省西宁市城西区海湖万达广场三楼玩派嘉年华,,,maimai_dx,,wahlap
玩游引力广元利州老城图腾广场店,四川省广元市利州区老城图腾广场2楼,,,maimai_dx,,wahlap
玩熊街区江油地下商场店,四川省江油市纪念碑地下商城D区,,,maimai_dx,,wahlap
玩美世界e动城南阳店,河南省南阳市卧龙区建设中路摩根吾悦广场四楼玩美世界e动城,,,maimai_dx,,wahlap
玩美世界e动城郑州新都汇店,河南省郑州市郑东新区东风南路绿地新都汇A馆三楼玩美世界,,,maimai_dx,,wahlap
玩美世界信阳光山佳乐购物广场店,河南省信阳市光山县九龙中路佳乐购物广场(光山慧泉店）三楼玩美世界,,,maimai_dx,,wahlap
玩美世界南阳淯阳坊店,河南省南阳市长江中路淯阳坊,,,maimai_dx,,wahlap
玩美世界安阳文峰吾悦广场店,河南省安阳市文峰区光明路与同兴街交汇处吾悦广场三楼Z09,,,maimai_dx,,wahlap
玩美世界新乡大桥悦时代店,河南省新乡市高新区新飞大道大桥悦时代三楼西北角玩美世界,,,maimai_dx,,wahlap
玩美攻略济南历下店,山东省济南市历下区泉城路111号华典大厦玩美攻略潮玩街区（休闲娱乐）,,,maimai_dx,,wahlap
玩美攻略福田深南中路店,深圳市福田区深南中路3018号世纪玩美攻略WonderMeet,,,maimai_dx,,wahlap
玩者归来/企萌电玩 (上海新田360店),"3F-303, Xintian 360 Plaza Kangqiao, No.668 Xiupu Road, Pudong New District, Shanghai, Shanghai, 201315",31.1276996,121.5611044,maimai_dx,,ziv
玩者归来上海嘉定信业店,上海市嘉定区信业购物中心玩者归来,31.3775293,121.2608338,maimai_dx;other,,wahlap;ziv
玩者归来上海浦东康桥店,上海市浦东新区秀浦路668号新田360广场（上海康桥店）3楼303玩者归来,,,maimai_dx,,wahlap
玩者归来上海闵行爱琴海店,上海闵行区吴中路1588号爱琴海四楼F428-F435玩者归来(爱琴海店),,,maimai_dx,,wahlap
玩者归来游乐mall (上海爱琴海店),"4F, Aegean Shopping Park, No.1588 Wuzhong Road, Minhang District, Shanghai, Shanghai, 201103",31.1766528,121.3682216,maimai_dx;other,,ziv
玩者荣耀百色右江鼎盛店,广西壮族自治区百色市右江区龙景街道鼎盛中央城二期27栋地下停车场入口负一楼玩者荣耀,,,maimai_dx,,wahlap
玩计划沈阳和平K11店,辽宁省沈阳市和平区博览路2甲1号K11购物艺术中心2楼玩计划,,,maimai_dx,,wahlap
玩迪游艺贵阳花溪店,贵州省贵州市花溪区溪北街道花溪公园1号门旁乡贤里项目5号号楼1、2层,,,maimai_dx,,wahlap
玩里挑一漳州云霄云陵店,福建省漳州市云霄县云陵镇将军大道629-164号,,,chunithm;maimai_dx,,wahlap
玩里挑一漳浦店,福建省漳浦县绥安镇麦市街西183-114号,,,chunithm,,wahlap
玩里挑一漳浦绥安店,福建省漳浦县绥安镇麦市街西183-114号,,,maimai_dx,,wahlap
环游π超乐场,广西壮族自治区贵港市港北万达3楼3F-c环游π超乐场,,,maimai_dx,,wahlap
环游乐园北京丰台店,北京市丰台区马家堡东路101号银泰百货B1层环游电玩城,,,maimai_dx,,wahlap
环游乐园星力店,"番禺区大北路星力一号购物广场4楼, 广州市番禺区市桥繁华路1号, 广州市(CANTON), 广东省 (Guangdong Province)",22.9415931,113.3659780,gitadora;jubeat,,ziv
环游乐园永州零陵店,湖南省永州市零陵区芝山北路春天广场购物中心三楼环游乐园,,,maimai_dx,,wahlap
环游乐园淄博张店荣盛店,山东省淄博市张店区马尚街道荣盛广场二楼环游乐园,,,maimai_dx,,wahlap
环游乐园渭南临渭店,陕西省渭南市临渭区杜桥街道宏帆广场A馆1楼环游乐园,,,maimai_dx,,wahlap
环游乐园（北京银泰百货大红门店）,"B1 Floor, Intime Department Store, 101 Majiabao East Road., Fengtai District, Beijing, 100070",39.8429286,116.3793983,maimai_dx;other,,ziv
环游亲子嘉年华汇一城二店,广东省东莞市南城街道鸿福路200号汇一城三区A3313号铺,,,chunithm;maimai_dx,,wahlap
环游嘉年华 (龙华上邦百汇城),"2nd Floor, Building 3, Shangbang Baihui City, No. 5 Jinlong Road, Longhua District 龙华区, Haikou City 海口市, Hainan Province  海南省, 570125",20.0232744,110.3189783,jubeat;maimai_dx;other;taiko,,ziv
环游嘉年华 Funloop Land (上海环球港 Global Harbor) ★,"3F, 3300 Zhongshan North Road, Putuo District（普陀区）, Shanghai, 上海 (Shanghai), 200333",31.2338668,121.4074447,chunithm;jubeat;maimai_dx;taiko,,ziv
环游嘉年华(CCMall时代广场),"F3-037, CCMall, No. 39 Guangming Road, Tianshan District,, (天山区光明路39号), Ürümqi, Xinjiang Uygur Autonomous Region, 830002",43.8031130,87.6056081,chunithm;maimai_dx;other,,ziv
环游嘉年华(大学城),"广州大学城中大生活区GOGO新天地广场3楼, 大学城北一路与大学城中二横路交界(贝岗村旁), 广州市(CANTON), 广东省 (Guangdong Province)",23.0611451,113.3920276,jubeat;other;sdvx,,ziv
环游嘉年华(天河城),"天河城6楼, 广州市(CANTON), 广东省 (Guangdong Province)",23.1317223,113.3228320,gitadora;jubeat;maimai_dx;other;taiko,,ziv
环游嘉年华(广百店),"广州市海珠区宝岗大道498号6楼, 广州市(CANTON), 广东省 (Guangdong Province)",23.0933419,113.2663661,jubeat;other,,ziv
环游嘉年华(易发店),"易发商业中心(新大新百货5楼), 广州市番禺区市桥易发商业街新大新购物广场5楼, 广州市(CANTON), 广东省 (Guangdong Province)",22.9411139,113.3630651,gitadora;other;taiko,,ziv
环游嘉年华(永旺梦乐城店),"番禺区亚运大道1号永旺梦乐城广州番禺广场F3, Guangzhou, Guangdong",22.9363957,113.3877351,other;taiko,,ziv
环游嘉年华(江门汇悦城店),"Huiyuecheng, 166 Baishi Avenue, 蓬江区白石大道166号汇悦城三楼, Jiangmen Shi, Guangdong Sheng, 529030",22.6117979,113.0824735,jubeat;other;sdvx,,ziv
环游嘉年华上海环球港店,上海市普陀区中山北路3300号月星环球港3楼L3163,,,chunithm;maimai_dx,,wahlap
环游嘉年华东莞民盈国贸店,广东省东莞市东城街道东泰社区鸿福东路1号民盈国贸城5号楼L3001-3003,,,chunithm;maimai_dx,,wahlap
环游嘉年华东莞运动汇一城店,广东省东莞市南城街道鸿福路200号第一财富中心5栋103-202室,,,chunithm;maimai_dx,,wahlap
环游嘉年华东莞长安店,广东省东莞市长安镇长青南路1号7栋万科广场三楼3039室环游嘉年华,,,chunithm;maimai_dx,,wahlap
环游嘉年华乌鲁木齐天山万科店,新疆乌鲁木齐市天山区大湾南路299号天山万科广场5楼519商铺环游嘉年华超乐场,,,maimai_dx,,wahlap
环游嘉年华乌鲁木齐汇嘉店,新疆维吾尔自治区乌鲁木齐新市区北京中路汇嘉三楼环游嘉年华超乐场,,,maimai_dx,,wahlap
环游嘉年华乌鲁木齐沙依巴克德汇万达广场店,新疆乌鲁木齐沙依巴克区德汇万达3楼环游嘉年华,,,chunithm;maimai_dx,,wahlap
环游嘉年华佛山南海永旺店,佛山市南海区大沥联窖窖口路13号永旺梦乐城二楼201,,,maimai_dx,,wahlap
环游嘉年华北京朝阳店,北京市朝阳区朝阳北路101号楼8F环游嘉年华,,,chunithm;maimai_dx,,wahlap
环游嘉年华奥园店,广东省广州市番禺区福德路281号奥园广场三楼,,,maimai_dx,,wahlap
环游嘉年华广州中华广场店,广东省广州市越秀区中山三路33号中华广场三层3002A号环游嘉年华,,,chunithm;maimai_dx,,wahlap
环游嘉年华广州天河城店,广东省广州市天河区天河路208号天河城6楼,,,chunithm;maimai_dx,,wahlap
环游嘉年华广州天河领展店,广州市天河区马场路36号领展广场4楼401铺环游嘉年华,,,chunithm;maimai_dx,,wahlap
环游嘉年华广州海珠万达店,广东省广州市海珠区广州大道南万达广场978号301铺之二十九,,,chunithm;maimai_dx,,wahlap
环游嘉年华广州黄埔绿地店,广东省广州市黄埔区亿创大街3号绿地缤纷城3楼301铺,,,chunithm;maimai_dx,,wahlap
环游嘉年华库尔勒汇嘉时代店,新疆维吾尔自治区巴音郭楞蒙古自治州库尔勒市朝阳路9号汇嘉时代5楼,,,maimai_dx,,wahlap
环游嘉年华库尔勒领先领悦里店,库尔勒人民东路1号领先领悦里负一层,,,maimai_dx,,wahlap
环游嘉年华成都都江堰店,四川省成都市都江堰市融创文旅城融创茂3楼环游嘉年华,,,maimai_dx,,wahlap
环游嘉年华新疆阿图什店,新疆阿图什市和谐路万达智慧商业3楼环游嘉年华游艺厅,,,maimai_dx,,wahlap
环游嘉年华江门店,广东省江门市蓬江区白石大道166号汇悦城3楼,,,chunithm;maimai_dx,,wahlap
环游嘉年华珠海华发店,广东省珠海市香洲区珠海大道8号华发商都C馆三楼C3031号环游嘉年华,,,chunithm;maimai_dx,,wahlap
环游嘉年华瑞安新湖广场店,浙江省瑞安市万松东路1588号新湖广场2楼1218号环游嘉年华,,,maimai_dx,,wahlap
环游嘉年华番禺天河城店,广东省广州市番禺区汉溪大道东366号天河城广场3F-4F环游嘉年华,,,chunithm;maimai_dx,,wahlap
环游嘉年华番禺易发店,广东省广州市番禺区市桥街易发商业街新大新百货5楼,,,chunithm;maimai_dx,,wahlap
环游嘉年华番禺永旺店,广东省广州市番禺区亚运大道1号永旺梦乐城3楼3001铺环游嘉年华,,,maimai_dx,,wahlap
环游嘉年华白云万达店,广东省广州市白云区云城东路503号万达广场三楼358号环游嘉年华,,,chunithm;maimai_dx,,wahlap
环游嘉年华石河子店,新疆维吾尔自治区石河子市开发区北三路友好购物中心5楼环游嘉年华超乐场,,,chunithm,,wahlap
环游嘉年华维吾尔阿克苏店,阿克苏市新城街道迎宾路天百四楼环游嘉年华,,,chunithm;maimai_dx,,wahlap
环游嘉年华超乐场乌鲁木齐卡乐士店,乌鲁木齐长春南路环游嘉年华卡乐士店,,,chunithm;maimai_dx,,wahlap
环游嘉年华超乐场乌鲁木齐天山瑞悦街店,新疆乌鲁木齐市天山区碱泉二街80号和瑞悦街二层01.02.08.09商铺,,,maimai_dx,,wahlap
环游嘉年华超乐场乌鲁木齐时代广场店,新疆维吾尔自治区乌鲁木齐市天山区光明路39号时代广场3楼F3-037号环游嘉年华超乐场,,,chunithm;maimai_dx,,wahlap
环游嘉年华超乐场乌鲁木齐美美店,新疆维吾尔自治区乌鲁木齐市沙依巴克区友好北路689号美美购物中心6层S-610环游嘉年华,,,chunithm;maimai_dx,,wahlap
环游嘉年华超乐场乌鲁木齐高新万达店,新疆乌鲁木齐市新市区长春北路高新万达2楼环游嘉年华超乐场,,,maimai_dx,,wahlap
环游嘉年华超乐场克拉玛依汇嘉店,新疆维吾尔自治区克拉玛依市克拉玛依区幸福路戊1号汇嘉时代购物中心3层环游嘉年华超乐场,,,chunithm;maimai_dx,,wahlap
环游嘉年华超乐场博乐友好店,博州博乐市北京路友好时尚购物中心五楼环游嘉年华超乐场,,,maimai_dx,,wahlap
环游嘉年华超乐场友好时尚店,新疆维吾尔自治区奎屯市友好时尚购物中心四楼环游嘉年华超乐场,,,chunithm,,wahlap
环游嘉年华超乐场奎屯友好店,新疆奎屯市北京路友好购物中心4楼,,,maimai_dx,,wahlap
环游嘉年华超乐场德港万达店,新疆乌鲁木齐市经济技术开发区德港万达6楼环游嘉年华超乐场,,,maimai_dx,,wahlap
环游嘉年华超乐场新疆哈密伊州店,新疆哈密市伊州区中山北路与广场南路交汇处汇嘉时代一期5楼L5011,,,chunithm;maimai_dx,,wahlap
环游嘉年华超乐场昌吉新汇嘉店,新疆维吾尔自治区昌吉市中山南路新汇嘉三楼西侧环游嘉年华,,,maimai_dx,,wahlap
环游嘉年华超乐场沙依巴克钱塘江路店,新疆乌鲁木齐沙依巴克区钱塘江路168号友好购物中心6楼,,,maimai_dx,,wahlap
环游嘉年华郑州中原探十里店,河南省郑州市中原区陇海路桐柏路探十里三楼环游嘉年华,,,maimai_dx,,wahlap
环游嘉年华郑州二七店,河南省郑州市二七区德化街100号百年德化负一楼环游嘉年华游乐体验中心（百年德化店）,,,chunithm;maimai_dx,,wahlap
环游嘉年华阿克苏太百商场店,阿克苏市新华东路33-1号太百商场五层15号,,,chunithm;maimai_dx,,wahlap
环游嘉年华（北京朝阳大悦城店）,"8F, Chaoyang Joy City, No. 101 Chaoyang North Road, Chaoyang District, Beijing, Beijing, 100020",39.9233673,116.5127771,chunithm;jubeat;maimai_dx;other;taiko,,ziv
环游地平线 (Songjiang),"2F East, Kaiyuan Mediterranean Commercial Plaza, Xinsongjiang Ro, Songjiang District, Shanghai, Shanghai, 201620",31.0398699,121.2150442,chunithm;maimai_dx;other,,ziv
环游地平线 (大橘邻里店),"1F, Daju Linli Community Commercial Center, No.8 Rongle Middle R, Songjiang District, Shanghai, Shanghai, 201600",31.0203780,121.2369349,maimai_dx;other;taiko,,ziv
环游地平线上海大橘邻里西门店,上海荣乐中路8号大橘邻里西门一层环游地平线,,,maimai_dx,,wahlap
环游地平线上海新松江店,上海市松江区方松街道开元地中海商业广场北5门2楼,,,chunithm;maimai_dx,,wahlap
环游家族南通万达广场店,江苏省南通市崇川区深南路9号万达广场三楼环游家族,,,maimai_dx,,wahlap
环游家族惠山万达店,江苏省无锡市惠山区惠山万达广场2楼环游家族,,,maimai_dx,,wahlap
环游家族无锡江阴万达店,江苏省无锡市江阴市人民西路281号万达广场三号门二楼,,,maimai_dx,,wahlap
环游家族无锡滨湖万达店,江苏省无锡市滨湖区河埒接到万达广场1楼,,,maimai_dx,,wahlap
环游家族苏州吴江万宝店,江苏省苏州市吴江区松陵街道中山南路1088号万宝财富商业广场2楼环游家族店,,,maimai_dx,,wahlap
环游家族苏州太仓店,江苏省苏州市太仓市城厢镇上海东路188号商业02室（2F）层,,,chunithm;maimai_dx,,wahlap
环游家族金山龙皓店,上海市金山区龙皓路1088号环游家族,,,maimai_dx,,wahlap
环游家族（上海金山万达店）/酷玩巅峰,"2F/3F East, Jinshan Wanda Plaza, No.1088 Longhao Road, Jinshan District, Shanghai, Shanghai, 201508",30.7569217,121.3315455,maimai_dx;other;taiko,,ziv
环游时光南宁江南万达店,广西省南宁市江南区江南万达三楼环游时光,,,chunithm;maimai_dx,,wahlap
环游时光常德万达店,湖南省常德市武陵区南坪街道万达购物中心3楼3F-A（环游时光）,,,chunithm;maimai_dx,,wahlap
环游梦想城湘潭岳塘万达店,湖南湘潭市岳塘区万达广场三楼环游梦想城超乐场,,,maimai_dx,,wahlap
环游派超乐场贵港港北中山路地下商业街店,贵港市港北区地下商业街六区,,,maimai_dx,,wahlap
环游电玩城哈尔滨松北店,黑龙江省哈尔滨市松北区学院路志华地下商城C区1-8号环游电玩城,,,chunithm;maimai_dx,,wahlap
环游艺派南宁五象航洋城店,广西壮族自治区南宁市良庆区五象大道401号南宁五象航洋城2号楼3楼环游艺派娱乐馆,,,chunithm;maimai_dx,,wahlap
环游艺派柳州柳北店,广西柳州市柳北区大润发三楼环游艺派游艺中心,,,chunithm;maimai_dx,,wahlap
现代嘉年华珲春现代百货店,吉林省珲春市沿河西街1463号现代百货,,,chunithm;maimai_dx,,wahlap
玲珑锁电玩城Exquisite Locker GameCity(西安大茂城),"5th Floor, DaMaoCity Shopping, No. 466 Zhangba North Road, Yanta, (丈八北路466号大茂城5楼), Xi'an, Shannxi, 710065",34.2398431,108.8662612,chunithm;maimai_dx;other,,ziv
玲珑锁西安雁塔大茂城店,陕西省西安市雁塔区丈八北路大茂城5楼5012铺,,,chunithm;maimai_dx,,wahlap
珈宝梦幻城海口秀英珈宝广场店,海口市秀英区长滨西四街2号珈宝广场2层,,,maimai_dx,,wahlap
珠海富华里反斗乐园,广东省珠海市香洲区富华里商业街12栋201反斗乐园,,,maimai_dx,,wahlap
瓜瓜亲子家庭娱乐中心阳城县宇佳广场店,晋城市阳城县凤城镇金阳街5号宇佳购物广场一楼,,,maimai_dx,,wahlap
电动工坊安阳龙安万达店,河南省安阳市龙安区钢花路辅路安阳龙安万达广场3楼io电动工坊,,,maimai_dx,,wahlap
电动工坊洛阳涧西万达店,河南省洛阳市涧西区辽宁路万达广场二楼io电动工坊,,,chunithm;maimai_dx,,wahlap
电波屋合肥滨湖店,安徽省合肥市包河区滨湖世纪城世纪金源公寓,,,maimai_dx,,wahlap
电燃风云杭州萧山金帝店,杭州市萧山区北干街道建设四路189号金帝t-one mo 三层07号,,,maimai_dx,,wahlap
电玩帝国长春南关店,吉林省长春市南关区亚泰大街1138号中东城市购物广场4楼电玩帝国,,,maimai_dx,,wahlap
电玩柿合肥庐阳店,安徽省合肥市庐阳区淮河路步行街庐洲印象一楼电玩柿,,,maimai_dx,,wahlap
电玩森林 Arcade Forest (海口店),"L6A, Youyi Sunshine City, Jinlong Road, Longhua District 龙华区, Haikou City 海口市, Hainan Province  海南省, 570125",20.0255324,110.3192353,maimai_dx;other,,ziv
电玩森林廊坊天洋店,河北省廊坊市三河市燕郊镇天洋广场C馆B1层,,,maimai_dx,,wahlap
电玩森林成都锦江店,四川省成都市锦江区锦华路一段68号1栋3层365号附369-A号,,,maimai_dx,,wahlap
电玩森林海口龙华金茂友谊阳光店,海南省海口市龙华区金贸街道金龙路2号友谊阳光城商场6A层6A002号商铺,,,maimai_dx,,wahlap
电玩橙六盘水钟山店,贵州省六盘水市钟山区荷城街道大润发三楼电玩橙家庭娱乐中心,,,maimai_dx,,wahlap
电玩橙西安曲江银泰店,陕西省西安市曲江新区雁塔南路410号银泰城商业广场B1层B1-35号,,,maimai_dx,,wahlap
电玩橙西安雁塔大悦城店,陕西省西安市雁塔区曲江新区慈恩路777号曲江大悦城购物中心L3-48号商铺,,,chunithm;maimai_dx,,wahlap
电玩橙西安雁塔店,陕西省西安市雁塔区昆明路616号3楼电玩橙元谷mall店,,,maimai_dx,,wahlap
电玩橙超乐场西安小寨国贸店,西安市雁塔区小寨东路196号西安国际贸易中心众汇食代广场小寨国贸店二层L2-1-10号商铺,,,maimai_dx,,wahlap
电玩猩南京江宁义乌小商品市场店,江苏省南京市江宁区淳化街道义乌小商品市场A区1幢2楼电玩猩,,,maimai_dx,,wahlap
电玩猩合肥百盛店,安徽省合肥市庐阳区淮河路步行街百盛广场三楼电玩猩,,,maimai_dx,,wahlap
电玩猩徐州鼓楼南门广场店,江苏省徐州市鼓楼区彭城一号南门广场三楼电玩猩,,,maimai_dx,,wahlap
电电猫家庭娱乐中心北海老新力店,广西壮族自治区北海市海城区新力购物广场（老新力）三楼电电猫家庭娱乐中心,,,maimai_dx,,wahlap
电雀屋Cozyroom,"Room B619, Xueyuan No.8 Office Building (daytime: elevator next, Haidian District, Beijing, Beijing, 100083",39.9999309,116.3409709,chunithm;maimai_dx,,ziv
电雀屋北京海淀六道口店,北京市海淀区学院路20号石油共生大院院内电雀屋,,,maimai_dx,,wahlap
电顽橙子盘锦双台子店,辽宁省盘锦市双台子区久柏埠地下商业街F145电顽橙子,,,maimai_dx,,wahlap
町豆部落槐房万达店,北京市丰台区槐房南路6号院二层2F-B町豆部落,,,chunithm;maimai_dx,,wahlap
町豆部落（北京槐房万达2F）,"丰科路6号丰科万达广场3层, Fengtai District, Beijing, Beijing, 100070",39.8127887,116.3625915,chunithm;maimai_dx,,ziv
畅想城广州番禺亚运城店,广东省广州市番禺亚运城新华文化中心一楼F1012-F1015,,,chunithm;maimai_dx,,wahlap
畅想大玩家黑龙江伊春店,黑龙江省伊春市卓越万象城畅想大玩家电玩城,,,chunithm;maimai_dx,,wahlap
畅游电玩城徐州邳州店,江苏省徐州市邳州市中钰购物中心6楼畅游电玩城,,,maimai_dx,,wahlap
畅玩星际洛阳西工大卫城店,河南省洛阳市西工区中洲路421号丹尼斯大卫城八楼畅玩星际,,,maimai_dx,,wahlap
疯狂娃娃城（梅陇里店）,"2F, Meilongli NovaArk, Hongmei South Road, Minhang District, Sha, Minhang District, Shanghai, Shanghai, 201100",31.1263650,121.4042820,maimai_dx;other;taiko,,ziv
疯狂巴比特通辽壹方城店,内蒙古通辽市万达2号门星际玩家,,,maimai_dx,,wahlap
疯狂派对城万州长江之星店,重庆市万州长江之星二期A区S02商铺79,,,maimai_dx,,wahlap
疯狂牛仔城佛山三水广场店,广东省佛山市三水区西南街道三水广场三楼疯狂牛仔城,,,maimai_dx,,wahlap
疯狂牛仔城佛山南海保利店,广东省佛山市南海区桂城街道保利mall3楼疯狂牛仔城,,,chunithm;maimai_dx,,wahlap
疯狂牛仔城佛山南海南宇广场店,佛山市南海区桂城街道石龙南路6号南宇广场L3层L3-D5、L3-D9,,,maimai_dx,,wahlap
疯狂牛仔城嘉州广场店,广东省佛山市广佛一路98号嘉州广场三楼疯狂牛仔城,,,chunithm;maimai_dx,,wahlap
疯狂牛仔城广州增城东汇城店,广州市增城区荔城街府佑路98号东汇城三楼疯狂牛仔城,,,maimai_dx,,wahlap
疯狂牛仔城广州天河美林天地店,广东省广州市天河区前进街道美林天地三楼疯狂牛仔城,,,maimai_dx,,wahlap
疯狂牛仔城广州海珠万民星光城店,广东省广州市海珠区琶洲大道180号201铺疯狂牛仔城,,,maimai_dx,,wahlap
疯狂牛仔城广州番禺大石店,广东省广州市番禺区大石镇万民广场2层,,,maimai_dx,,wahlap
疯狂牛仔城广州白云凯德店,广东省广州市白云区云城西路880号缤纷天地三楼疯狂牛仔城,,,maimai_dx,,wahlap
疯狂牛仔城广州白云百信广场店,广东省广州市白云区机场路百信广场东区三楼,,,chunithm,,wahlap
疯狂牛仔城广州白云百信店,广东省广州市白云区新市街道百信广场东区3楼疯狂牛仔城百信店,,,maimai_dx,,wahlap
疯狂牛仔城广州荔湾上下九店,广东省广州市荔湾区下九路90号东急新天地购物广场三楼疯狂牛仔城,,,maimai_dx,,wahlap
疯狂牛仔城江门蓬江店,广东省江门市蓬江区万达广场二楼疯狂牛仔城,,,maimai_dx,,wahlap
疯狂牛仔城清远清城世纪荟店,远市清城区先锋东路3号宝银旺商业中心F1疯狂牛仔城,,,chunithm;maimai_dx,,wahlap
疯狂牛仔城肇庆敏捷广场店,广东省肇庆市端州区信安三路敏捷广场三楼疯狂牛仔城,,,maimai_dx,,wahlap
疯狂牛仔城花都万民店,广州市花都区新华街道建设北路万民广场3楼疯狂牛仔城,,,maimai_dx,,wahlap
疯狂牛仔城阳江东汇城店,广东省阳江市江城区东风三路123号东汇城2楼,,,maimai_dx,,wahlap
疯狂街区三明万达店,福建省三明市三元区万达商业广场三楼疯狂街区电玩城,,,maimai_dx,,wahlap
疯狂街区芜湖南陵店,安徽省芜湖市南陵县雄风购物中心二楼疯狂街区电玩城,,,maimai_dx,,wahlap
疯狂集玩社西安卜蜂中心长和店,陕西省西安市未央区张家堡街道卜蜂中心长和店(西北门)三楼疯狂集玩社,,,maimai_dx,,wahlap
疯玩乐动临沂兰山万达广场店,临沂市兰山区万达广场三楼疯玩乐动,,,maimai_dx,,wahlap
百信广场4楼,"广州市新市墟百信广场4楼, 广州市(CANTON), 广东省 (Guangdong Province)",23.1940923,113.2620826,jubeat;taiko,,ziv
百盛电玩,"芝罘区南大街百盛五楼, 烟台市 (Yantai), 山东省 (Shandong Province)",37.5434417,121.3781118,jubeat;maimai_dx;other;taiko,,ziv
皇上快点泰安泰山吾悦广场店,山东省泰安市泰山区上高街道吾悦广场3楼皇上快点,,,maimai_dx,,wahlap
皇者之风南阳吾悦广场,南阳市高新区吾悦广场,,,maimai_dx,,wahlap
皮皮熊 PP Bear (宝坻店),"2F, Yigou Baoxin Shopping Mall, No.26 Huancheng South Road, Baodi District, Tianjin, Tianjin, 301800",39.7039570,117.2907580,maimai_dx;other,,ziv
皮皮熊天津宝坻店,天津市宝坻区环城南路26号怡购宝鑫商场二楼皮皮熊主题乐园,,,maimai_dx,,wahlap
盈兴汇亲子乐园黄石大冶店,湖北省黄石市大冶市乾塔路雨润喜润荟3楼,,,maimai_dx,,wahlap
盈玩三门峡湖滨万达店,河南省三门峡市湖滨区前进街道三门峡万达广场三楼盈玩,,,maimai_dx,,wahlap
益启趣玩南宁宾阳宾州店,广西壮族自治区南宁市宾阳县宾州镇临浦路华莱士店门口地下街电玩城益启趣玩,,,maimai_dx,,wahlap
益启趣玩南宁青秀凤岭万达广场店,广西壮族自治区南宁市青秀区凤岭万达广场负一楼环游艺派娱乐馆,,,chunithm,,wahlap
益启趣玩柳州天禾广场店,广西壮族自治区柳州市鹿寨县建中东路天禾广场广百汇超市一楼游乐场,,,maimai_dx,,wahlap
益启趣玩河池宜州店,广西壮族自治区河池市宜州区万象地下街1号入口益启趣玩娱乐中心,,,maimai_dx,,wahlap
益启趣玩河池都安店,广西壮族自治区河池市都安瑶族自治县屏山中路人防商业地下街A9-A3,,,maimai_dx,,wahlap
益启趣玩百色平果店,广西壮族自治区百色市平果市体育西路乐创星天地购物中心益启趣玩,,,maimai_dx,,wahlap
益启趣玩遵义桐梓店,贵州省遵义市桐梓县海校街道人名路益启趣玩游艺中心,,,maimai_dx,,wahlap
益启趣玩钦州钦南年年丰广场店,广西壮族自治区钦州市钦南区年年丰广场1号门负一楼益启趣玩娱乐中心,,,maimai_dx,,wahlap
益智乐园上饶鄱阳店,江西省上饶市鄱阳县丰跃名城四楼益智乐园动漫城,,,maimai_dx,,wahlap
盐城酷玩空间青岛胶州店,山东省青岛市胶州市香港路277号A栋F39,,,maimai_dx,,wahlap
盖世玩家无锡惠山店,江苏省无锡市惠山区悦尚奥莱A区1楼盖世玩家,,,maimai_dx,,wahlap
盖世玩家无锡梁溪店,江苏省无锡市梁溪区梁溪万达二楼盖世玩家,,,maimai_dx,,wahlap
盖世玩家苏州吴中万达店,江苏省苏州市吴中区吴中万达3F-A,,,maimai_dx,,wahlap
相遇潮玩梧州大润发店,广西壮族自治区梧州市万秀区大润发二楼相遇潮玩,,,maimai_dx,,wahlap
相遇潮玩罗定大润发店,广东省云浮市罗定市罗城街道龙园路133号二楼相遇潮玩,,,maimai_dx,,wahlap
真快活coohooMax武汉汉阳店,湖北省武汉市汉阳区汉阳大道408号万科未来中心3号门L4层真快活coohooMax,,,maimai_dx,,wahlap
真快活CoohooMax（Fangshan INCITY Mall）,"2F, Fangshan INCITY Mall, Changyang Road, Fangshan District, Beijing, Beijing, 102442",39.7522500,116.2045900,maimai_dx;other;taiko,,ziv
真快活三河燕郊永旺店,河北省三河市燕郊镇永旺梦乐城负一楼真快活美乐园,,,maimai_dx,,wahlap
真快活九江浔阳招商花园城,江西省九江市浔阳区长虹西大道101号招商花园城三楼真快活电玩城,,,maimai_dx,,wahlap
真快活九龙坡谢家湾万象城店,重庆市九龙坡区谢家湾万象城南区华润广场a座b1层真快活,,,maimai_dx,,wahlap
真快活亲橙万象汇店,湖北省武汉市武昌区徐东大街66号亲橙万象汇3层L329A商铺,,,maimai_dx,,wahlap
真快活仙桃武商店,湖北省仙桃市武商购物中心七楼真快活美乐园电玩城,,,maimai_dx,,wahlap
真快活北京房山店,北京市房山区长阳广阳新路9号院1号楼2层201-L2001真快活电玩,,,maimai_dx,,wahlap
真快活北京西单华威大厦店,北京市西城区西单北大街130号华威大厦五楼,,,maimai_dx,,wahlap
真快活十堰茅箭六堰人民商场店,湖北省十堰市茅箭区六堰人民商场8层8C-01号,,,maimai_dx,,wahlap
真快活合肥包河万象汇店,安徽省合肥市包河区包河大道与龙川路交汇处包河万象汇L401室,,,maimai_dx,,wahlap
真快活合肥银泰城店,安徽省合肥市包河区云谷路银泰城三楼真快活美乐园,,,maimai_dx,,wahlap
真快活嘉兴海宁银泰城店,浙江省嘉兴市海宁市海州街道海昌南路银泰城真快活coohoomax,,,maimai_dx,,wahlap
真快活宜昌西陵吾悦广场店,湖北省宜昌市西陵区窑湾街道东山四路吾悦广场2楼真快活电玩城,,,maimai_dx,,wahlap
真快活恩施九立方店,湖北省恩施土家族苗族自治州恩施市东风大道276号,,,maimai_dx,,wahlap
真快活成都武侯仁和新城店,四川省成都市武侯区府城大道西段505号仁和新城购物中心5楼真快活电玩,,,maimai_dx,,wahlap
真快活武汉光谷世界城店,湖北省武汉市洪山区珞瑜路726号光谷世界城4楼,,,chunithm;maimai_dx,,wahlap
真快活武汉梦时代店,湖北省武汉市武昌区武珞路628号武商梦时代B座801真快活电玩,,,chunithm;maimai_dx,,wahlap
真快活武汉武昌万象城店,湖北武汉市武昌区徐家棚武昌万象城5楼真快活电玩,,,maimai_dx,,wahlap
真快活武汉汉阳摩尔城店,湖北省武汉市汉阳区龙阳大道王家湾摩尔城B座5楼真快活动漫体验中心,,,maimai_dx,,wahlap
真快活武汉江夏永旺店,湖北省武汉市江夏区文化大道199号永旺梦乐城3楼3069真快活,,,maimai_dx,,wahlap
真快活武汉江岸万象城店,湖北省武汉市江岸区建设大道和台北路交汇处武汉万象城五层S518商铺真快活电玩城,,,maimai_dx,,wahlap
真快活武汉江岸新荣天街店,武汉市江岸区汉黄路新荣天街5楼真快活,,,maimai_dx,,wahlap
真快活武汉江汉国际广场店,湖北省武汉市江汉区解放大道690号武汉国际广场7楼,,,maimai_dx,,wahlap
真快活武汉洪山万科店,湖北武汉市洪山区张家湾街道白沙洲万科城市之光东(白沙二路西)3楼,,,maimai_dx,,wahlap
真快活武汉洪山佰港城店,湖北省武汉市洪山区丁字桥南路维佳佰港城3楼,,,maimai_dx,,wahlap
真快活武汉洪山银泰店,湖北省武汉市洪山区珞喻路35号银泰创意城3楼真快活电玩,,,maimai_dx,,wahlap
真快活武汉洪山鲁巷广场店,湖北省武汉市洪山区关东街道中商世界里原鲁巷广场负一楼真快活动漫体验中心,,,maimai_dx,,wahlap
真快活武汉白沙天街店,湖北省武汉市烽胜路龙湖天街A馆4楼真快活Coohoomax,,,maimai_dx,,wahlap
真快活武汉硚口荟聚店,湖北省武汉市硚口区荟聚中心3楼,,,maimai_dx,,wahlap
真快活武汉经开永旺店,湖北省武汉市经济开发区江城大道388号B馆3楼真快活动漫体验中心,,,maimai_dx,,wahlap
真快活武汉青山印象城店,湖北省武汉市青山区和平大道1278号印象城4楼真快活,,,maimai_dx,,wahlap
真快活洪山光谷大悦城,湖北省武汉市洪山区光谷大悦城真快活,,,maimai_dx,,wahlap
真快活电玩城无锡锡山开发无锡荟聚中心店,无锡市锡山开发区团结中路3号无锡荟聚中心L14 层05A01-01真快活电玩城,,,maimai_dx,,wahlap
真快活电玩城无锡锡山开发荟聚中心店,无锡市锡山开发区团结中路3号无锡荟聚中心L14 层05A01-01真快活电玩城,,,chunithm,,wahlap
真快活电玩城（珞珈创意城）,"27 Luo Yu Lu, 街道口珞珈创意城 7楼(地铁2号线街道口C出口), Wuhan Shi, Hubei Sheng, 430073",30.5262432,114.3558311,iidx;jubeat;maimai_dx;other;taiko,,ziv
真快活美乐园(光谷天地店),"洪山区关山大道光谷天地2楼(近永和大王), 武汉(Wuhan), 湖北(Hubei)",30.4784884,114.4101512,jubeat,,ziv
真快活美乐园(司门口店),"武汉市武昌区司门口ATM潮流百货7楼, 武汉(Wuhan), 湖北(Hubei)",30.5471819,114.2995898,iidx;jubeat;other,,ziv
真快活美乐园(王家湾店),"汉阳区王家湾龙阳大道特6号摩尔城C座3楼(近汉阳大道), 武汉(Wuhan), 湖北(Hubei)",30.5578307,114.2083607,jubeat;other;taiko,,ziv
真快活美乐园（国广店）,"江汉区解放大道690号武汉国际广场7楼, Wuhan Shi, Hubei Sheng, 430072",30.5802799,114.2712231,gitadora;jubeat;maimai_dx;other;sdvx;taiko,,ziv
真快活苏州相城店,江苏省苏州市相城区开发区相城大道1168号三层F317真快活商铺,,,maimai_dx,,wahlap
真快活苏州钟南永旺店,江苏省苏州市吴中区工业园区胜浦街道钟南街永旺梦乐城,,,maimai_dx,,wahlap
真快活苏州高新永旺梦乐园店,江苏省苏州市高新区城际路19号永旺梦乐园2楼真快活电玩,,,maimai_dx,,wahlap
真快活荆门东宝银泰城店,湖北省荆门市东宝区龙泉街道象山一路6号银泰城七楼真快活美乐园,,,maimai_dx,,wahlap
真快活鄂州鄂城吾悦店,湖北省鄂州市鄂城区临空经济区大桥路吾悦广场2楼Z202铺真快活电玩城,,,maimai_dx,,wahlap
真快活金银潭永旺店,湖北省武汉市东西湖区将军路街办事处金银潭大道1号金银潭永旺梦乐城4楼真快活电玩城,,,maimai_dx,,wahlap
神兽大玩家漯河郾城谷美店,河南省漯河市郾城区沙北街道嵩山路与辽河路交叉口向西200路北恒润城市广场北区谷美生活广场三楼,,,maimai_dx,,wahlap
神彩飞扬绥化肇东店,黑龙江省绥化市肇东市神彩飞扬电玩城,,,maimai_dx,,wahlap
神秘国度西宁西门王府井店,青海省西宁市城中区王府井百货B馆负一楼神秘国度动漫游艺城,,,maimai_dx,,wahlap
神话动漫新洲摩尔城店,武汉市新洲区摩尔城四楼神话动漫,,,maimai_dx,,wahlap
神采飞扬 Game Town (凯德广场店),"7F, Capital Plaza Wusheng Road, No. 238 Zhongshan Avenue, Qiaoku District, Wuhan, Hubei, 430033",30.5713775,114.2619327,maimai_dx;other;sdvx;taiko,,ziv
神采飞扬双鸭集贤店,黑龙江省双鸭山市集贤县福利泓晟生活广场三楼电玩城神采飞扬,,,maimai_dx,,wahlap
神采飞扬大连开发昌林大厦店,辽宁省大连市开发区昌林大厦二楼,,,maimai_dx,,wahlap
神采飞扬木马王国杭州萧山银隆店,浙江省杭州市萧山区市心中路268号银隆百货商场内主楼B楼三层B305-B308号商铺木马王国店,,,maimai_dx,,wahlap
神采飞扬武汉武胜凯德店,湖北省武汉市硚口区武胜路凯德广场7楼神采飞扬电竞俱乐部,,,maimai_dx,,wahlap
神采飞扬汉阳江腾店,湖北省武汉市汉阳区马鹦路江腾广场三楼,,,maimai_dx,,wahlap
神采飞扬第一回合义乌天地店,浙江省金华市义乌市园路2-1号3楼LA301-2第一回合·木马王国(义乌天地店),,,maimai_dx,,wahlap
神采飞扬第一回合绍兴天地店,浙江省绍兴市越城区马臻南路18号、28号C厂2楼232号第一回合,,,maimai_dx,,wahlap
神采飞扬绍兴柯桥万达第一回合店,浙江省绍兴市柯桥区柯桥街道钱陶路799号万达广场四幢三层百货楼-3f-c,,,maimai_dx,,wahlap
神采飞扬青岛伟东乐客城店,山东青岛市李沧区伟东乐客城三楼神采飞杨,,,maimai_dx,,wahlap
福州东二环星际传奇,福建省福州市晋安区岳峰镇竹屿路6号东二环泰禾广场商业中心22号楼第4层L410-3商铺,,,maimai_dx,,wahlap
福思特三明尤溪万达店,福建省三明市尤溪县万达广场二层福思特家庭游乐中心,,,maimai_dx,,wahlap
福思特嘉定宝龙广场店,上海市嘉定区菊园新区阿克苏路1099号嘉定宝龙广场福思特电玩,,,maimai_dx,,wahlap
福思特晋中新建路万达店,山西省晋中市新建路万达广场三楼福思特,,,chunithm;maimai_dx,,wahlap
福思特晋中榆次定阳万达店,山西省晋中市榆次区大学城定阳万达3号门2楼,,,chunithm;maimai_dx,,wahlap
福思特湖州吴兴银泰百货店,浙江省湖州市吴兴区爱山街道银泰百货东吴店三楼福思特电玩城,,,maimai_dx,,wahlap
福思特漯河源汇万达店,河南省漯河市源汇区阴阳赵镇万达三楼福思特电玩城,,,chunithm;maimai_dx,,wahlap
福思特珠海香洲印象城店,广东省珠海市香洲区凤山街道珠海印象城三楼福斯思电玩城,,,chunithm;maimai_dx,,wahlap
福斗星球珠海金湾店,广东省珠海市金湾区金海岸大道206号福斗星球,,,maimai_dx,,wahlap
福熊电玩城大连沙河口店,辽宁省大连市沙河口区冰山慧谷熊洞街,,,chunithm;maimai_dx,,wahlap
福爪爪上海浦东店,上海市浦东新区顾唐路99号招商花园城负一层福爪爪动漫娱乐,,,maimai_dx,,wahlap
福爪爪深圳南山店,广东省深圳市南山区招商街道四海社区蛇口招商花园城2楼福爪爪,,,maimai_dx,,wahlap
秀斗城邦绍兴越城店,浙江省绍兴市越城区金帝银泰城地下一层秀斗城邦,,,maimai_dx,,wahlap
秋叶原上海南京东路百联AKIBA店,上海市黄浦区南京东路340号百联ZX创趣场AKIBA秋叶原,,,maimai_dx,,wahlap
秘密艾游乐园武夷山店,福建省武夷山市百花路867-1号宝龙广场3楼秘密艾游乐园,,,maimai_dx,,wahlap
积木熊抚州南丰店,江西省抚州市南丰县琴城镇桔苑北路凯升购物广场2楼积木熊,,,maimai_dx,,wahlap
积木熊荆门东宝店,湖北省荆门市东宝区泉口街道大桥社区民主街历史文化街区B1F-001/B1F-045,,,maimai_dx,,wahlap
积木熊菏泽曹县大润发店,山东省菏泽市曹县大润发三楼积木熊家庭娱乐中心,,,maimai_dx,,wahlap
积木熊菏泽牡丹店,山东省菏泽市牡丹区长江路万达广场三楼东南角积木熊,,,maimai_dx,,wahlap
积木熊鹰潭月湖凯翔店,江西省鹰潭市月湖区凯翔购物广场三楼3035门面积木熊,,,maimai_dx,,wahlap
穿越时光连云港赣榆店,江苏省连云港市赣榆区吾悦繁华里南门二楼穿越时光电玩世界,,,maimai_dx,,wahlap
穿越星空温州瓯海店,浙江省温州市瓯海区中心东路商务中心203室穿越星空,,,maimai_dx,,wahlap
立方嘉年华恩施店,湖北省恩施市九立方商场二楼立方嘉年华,,,maimai_dx,,wahlap
竞体空间滨州滨城IFC购物中心店,山东省滨州市滨城区IFC购物中心3楼正彪会竞体空间,,,maimai_dx,,wahlap
竞卡天地太原贵都店,山西省太原市迎泽区贵都世纪广场2层竞卡天地,,,maimai_dx,,wahlap
竞趣大陆,"3F, Block B, Tencent WeStart, No.338 Huilongguan East Street,, Changping District,, Beijing, Beijing, 102200",39.9113657,116.5898328,maimai_dx,,ziv
竞趣大陆北京朝阳枫尚奥莱店,朝阳区京通苑30号楼枫尚奥莱三层,,,maimai_dx,,wahlap
童年搭档万州星乐汇店,重庆市万州区太白路97号摩登星乐汇三楼,,,maimai_dx,,wahlap
童年搭档南岸奥园店,重庆市南岸区天文大道159号3-10奥园广场3楼童年搭档,,,maimai_dx,,wahlap
童年搭档成都温江新光店,四川省成都市温江区光华大道新光天地三楼童年搭档,,,maimai_dx,,wahlap
童年搭档成都郫都店,四川省成都市郫都区郫筒街道望丛中路1199号龙湖蜀新天街A馆3F-26童年搭档,,,maimai_dx,,wahlap
童年搭档永川爱情广场店,重庆市永川区爱情广场二楼,,,maimai_dx,,wahlap
童年搭档渝北凯德广场店,重庆市渝北区龙山街道余松西路143号凯德九章二期童年搭档一楼,,,maimai_dx,,wahlap
童年搭档苏州姑苏龙湖天街店,江苏省苏州市姑苏区胥江龙湖天街北馆三楼童年搭档,,,maimai_dx,,wahlap
童年搭档重庆万州店,重庆市万州区牌楼街道体育路200号附20号,,,maimai_dx,,wahlap
童年搭档重庆江北店,重庆市江北区观音桥天天尚街童年搭档,,,chunithm,,wahlap
童幻王国儿童乐园九江瑞昌联盛购物广场店,江西省九江市瑞昌市湓城街道联盛购物广场三楼童幻王国儿童乐园,,,maimai_dx,,wahlap
童悦世界济南济阳大丰店,山东省济南市济阳区济北街道济阳区大丰城市之星三楼童悦世界,,,maimai_dx,,wahlap
童悦立方青岛黄岛吾悦店,山东省青岛市黄岛区滨海大道2888号新城吾悦广场三楼C区,,,chunithm;maimai_dx,,wahlap
童话王国百色田东店,广西百色市田东县中兴城二楼童话王国,,,maimai_dx,,wahlap
童趣玩国泸州龙马潭公园九街店,泸州市龙马潭区莲花池街道翠屏街2号公园九街14栋2层201、205,,,maimai_dx,,wahlap
第8街潮玩安顺西秀古城店,贵州省安顺市西秀区小十字安顺古城A2号楼一层商铺,,,maimai_dx,,wahlap
第e星球梧州长洲店,广西梧州市长洲区神冠购物广场二楼第e星球,,,maimai_dx,,wahlap
第e玩+台州黄岩吾悦广场店,浙江省台州市黄岩区西城街道大桥路1号吾悦广场（3楼3010号）第一玩家,,,chunithm;maimai_dx,,wahlap
第一回合,"Changbing Rd, Xiacheng, 3rd floor, No.1 Xingcheng Bulding, Hangzhou Shi, Zhejiang Sheng, 310000",30.3213255,120.1788236,maimai_dx,,ziv
第一回合 (ROUND ONE) in77店,"258 Yan'an Rd., Area C, B1, Hangzhou Shi, Zhejiang Sheng, 310025",30.2535753,120.1645027,maimai_dx,,ziv
第一回合 Round One (苏州中心),"6th floor of Suzhou Center North Area, Suzhou, Jiangsu Province, 215200",31.3197422,120.6733561,chunithm;maimai_dx;taiko,,ziv
第一回合南通中南城店,江苏省南通市桃园路12号中南城购物中心3楼第一回合,,,maimai_dx,,wahlap
第一回合厦门湖里海上世界店,福建省厦门市湖里区双狮西路海上世界购物中心2F-L222第一回合,,,maimai_dx,,wahlap
第一回合嘉兴八佰伴店,浙江省嘉兴市南湖区中山路1360号嘉兴八佰伴购物中心B1层,,,maimai_dx,,wahlap
第一回合宁波江北万象城店,浙江省宁波市江北区清河路265号万象城三楼K303第一回合店,,,chunithm;maimai_dx,,wahlap
第一回合宁波鄞州万达店,浙江省宁波市鄞州区四明中路999号万达广场二楼,,,chunithm;maimai_dx,,wahlap
第一回合成都郫都龙湖天街店,四川省成都市郫都区创智北环路创智公园东侧约100米蜀新龙湖天街4楼第一回合,,,chunithm;maimai_dx,,wahlap
第一回合成都银泰城店,四川省成都市武侯区益州大道1999号银泰城,,,maimai_dx,,wahlap
第一回合杭州湖滨银泰店,浙江省杭州市上城区延安路258号湖滨银泰C1区负一楼第一回合,,,chunithm,,wahlap
第一回合杭州滨江宝龙店,浙江省杭州市滨江区宝龙广场三楼第一回合,,,maimai_dx,,wahlap
第一回合杭州金沙印象城店,浙江省杭州经济技术开发区下沙街道金沙大道97号金沙印象城,,,maimai_dx,,wahlap
第一回合渝中龙湖天街店,重庆市渝中区龙湖天街E馆5楼第一回合,,,maimai_dx,,wahlap
第一回合湖州吴兴爱山银泰店,浙江省湖州市吴兴区南街558号爱山银泰城2楼第一回合,,,maimai_dx,,wahlap
第一回合苏州中心店,江苏省苏州市苏州中心六楼南区第一回合,,,maimai_dx,,wahlap
第一回合（温州印象城店）,"鹿城区府东路333号温州印象城负一层27号, Wen Zhou Shi, Zhe Jiang Sheng, 325011",27.9855880,120.7006221,maimai_dx,,ziv
第一玩家南京六合万达广场店,江苏省南京市六合区欢乐港万达广场三楼第一玩家家庭娱乐中心,,,maimai_dx,,wahlap
第一玩家温州银泰店,浙江省温州市平阳银泰城3楼第一玩家,,,maimai_dx,,wahlap
第一玩家金华银泰百货店,浙江省金华市婺城区金华之心银泰百货三层第e玩+家庭娱乐中心,,,maimai_dx,,wahlap
第一联盟杭州桐庐银泰城店,浙江省杭州市桐庐县环城南路555号桐庐银泰城三楼第一联盟,,,maimai_dx,,wahlap
第九区马鞍花山店,安徽省马鞍山市花山区星悦广场三楼01铺位第九区,,,maimai_dx,,wahlap
第五季潮玩洛阳涧西区王府井购物中心店,洛阳市涧西区南昌路王府井购物中心三楼第五季潮玩,,,maimai_dx,,wahlap
第五季潮玩洛阳涧西王府井购物中心店,洛阳市涧西区南昌路王府井购物中心三楼第五季潮玩,,,chunithm,,wahlap
第五季潮玩街区洛阳新都汇店,河南省洛阳市西工区新都汇购物公园一楼B区第五季潮玩,,,chunithm;maimai_dx,,wahlap
第五季潮玩街区洛阳洛宁店,河南省洛阳市洛宁县城关镇新都汇购物公园3层第五季潮玩,,,maimai_dx,,wahlap
第四元素深圳罗湖IBC店,广东省深圳市罗湖区布心路3008号IBC商场二楼201第四元素家庭娱乐中心,,,maimai_dx,,wahlap
筋斗云大连金普万达店,辽宁省大连市金普区经开万达广场3楼筋斗云,,,maimai_dx,,wahlap
米乐多邯郸丛台店,河北省邯郸市丛台区苏曹乡天虹广场米乐多家庭中心,,,maimai_dx,,wahlap
米其动漫东莞虎门店,广东省东莞市虎门镇连升中路44号地标广场（天虹商场）2号楼1层,,,chunithm;maimai_dx,,wahlap
米其动漫茂名店,广东省茂名市茂南区河东街道1959文创街米其动漫城,,,maimai_dx,,wahlap
米其漫惠州惠城印象购物中心店,广东省惠州市惠城区河南岸街道金山大道13号惠州印象城购物中心2楼米其漫游艺城,,,maimai_dx,,wahlap
米其漫深圳福田店,广东省深圳市福田区沙头街道绿景佐阾红树林购物中心2楼,,,maimai_dx,,wahlap
米其漫游艺城 MiQi Cartoon (红山6979),"Near Exits A and D, Hongshan Metro Station, Hongmu Street,, Longhua District 龙华区, Shenzhen City 深圳市, Guangdong 广东省, 518109",22.6252217,114.0204901,maimai_dx;other,,ziv
米其漫游艺城深圳龙华店,广东省深圳市龙华区民治街道红山社区红山六九七九二期7栋B117,,,maimai_dx,,wahlap
米吉姆宁波江北来福士店,浙江省宁波市江北区来福士广场二楼米吉姆,,,maimai_dx,,wahlap
米吉姆宁波鄞州银泰店,浙江省宁波市鄞州区首南街道天童南路1088号句章东路999号银泰环球城内购物中心3F层,,,chunithm;maimai_dx,,wahlap
米奇贝贝嘉年华营口大石桥店,辽宁省营口市大石桥市检查站真实惠购物广场3楼米奇贝贝嘉年华,,,maimai_dx,,wahlap
米奇贝贝嘉年华营口鲅鱼圈店,辽宁省营口市鲅鱼圈区义乌商贸城二期二楼米奇贝贝嘉年华,,,chunithm;maimai_dx,,wahlap
米奇贝贝嘉年华阜新蒙古族自治县店,辽宁省阜新市阜新蒙古族自治县人民大街42号国贸大厦2楼米奇贝贝嘉年华,,,maimai_dx,,wahlap
米奇贝贝嘉年华鞍山岫岩锦华广场店,鞍山市岫岩满族自治州锦华广场3F米奇贝贝嘉年华,,,maimai_dx,,wahlap
米洛克动漫城 Miracle Gaming（大兴鸿坤店）,"2F (near South Gate), No.8 Xinwang North Street, Xihongmen Town, Daxing District, Beijing, Beijing, 102600",39.7879968,116.3346795,maimai_dx;other,,ziv
米洛克动漫城（房山绿地店）,"4F, Greenland Colorful City, No.1 Tianxing Street, Fangshan District, Beijing, Beijing, 102488",39.7552350,116.1544500,jubeat;taiko,,ziv
米洛克大兴鸿坤店,北京市大兴区西红门镇欣旺北大街鸿坤广场8号米洛克动漫乐园,,,maimai_dx,,wahlap
精灵岛佛山三水新动力店,佛山市佛山市三水区新动力广场二楼精灵岛,,,chunithm;maimai_dx,,wahlap
精灵岛佛山佳明广场店,广东省佛山市南海区里水镇里水大道佳明广场三楼精灵岛,,,chunithm;maimai_dx,,wahlap
精灵岛佛山南海店,广东省佛山市南海区狮山镇和信广场一期3楼,,,maimai_dx,,wahlap
精灵岛广州从化流溪河店,广东省广州市从化区太平镇广从南路2231号流溪河奥莱小镇负一楼精灵岛,,,maimai_dx,,wahlap
精灵岛广州白云江高亿达方圆荟店,广东省广州市白云区塘贝东路与塘贝南路交叉口东南112米亿达方圆荟3楼精灵岛电玩城,,,chunithm;maimai_dx,,wahlap
精灵岛武汉保利店,湖北省武汉市洪山区关山大道330号保利广场二楼精灵岛,,,maimai_dx,,wahlap
精灵岛河源新天地店,广东省河源市紫金县紫城镇金山大道43号港盛新天地三楼精灵岛,,,maimai_dx,,wahlap
精灵岛深圳龙岗锦泰城店,深圳龙岗区龙岗大道6001号锦泰城二楼精灵岛电玩城,,,maimai_dx,,wahlap
精灵岛聚有引力家庭娱乐中心,"广东省佛山市南海区里水大道南29号 里水佳明广场三楼, 佛山, 528244",23.1732086,113.1423162,chunithm;maimai_dx;other,,ziv
精灵岛阳江阳春东湖公园店,广东省阳江市阳春市春城街道东湖公园二期会展中心综合楼2楼精灵岛,,,maimai_dx,,wahlap
精灵岛韶关翁源龙湖店,广东省韶关市翁源县龙湖广场二楼,,,maimai_dx,,wahlap
糖果乐园亳州涡阳青牛广场店,安徽省亳州市涡阳县青牛广场糖果乐园,,,maimai_dx,,wahlap
糖果怪兽济南中海环宇城店,山东省济南市二环南路6638号中海环宇城三楼糖果怪兽,,,maimai_dx,,wahlap
糖果怪兽济南华山环宇城店,山东省济南市历城区将军路1688号华山环宇城北头3楼,,,maimai_dx,,wahlap
索拉星球绵阳上马百盛店,四川省绵阳市涪城区科技城新区创业大道中段上马百盛3楼,,,chunithm;maimai_dx,,wahlap
紫光游戏广场,"北京市朝阳区朝外大街10号 蓝岛大厦西区 6层, Chaoyang, 北京 (Beijing)",39.9228270,116.4465400,popn,,ziv
纯玩世界 JOYONE (南昌大悦城),"L5-11, 5th Floor, Joy City, Fusheng South Road, Xihu District 西湖区, Nanchang City 南昌市, Jiangxi Province  江西省, 330009",28.6384626,115.8568704,maimai_dx,,ziv
纯玩世界南昌西湖大悦城店,江西省南昌市西湖区大悦城五楼纯玩世界,,,maimai_dx,,wahlap
纷享星球厦门集美IOI店,福建省厦门市集美区侨英街道IOI商场三楼纷享星球,,,maimai_dx,,wahlap
纷享星球泉州丰泽领秀店,福建省泉州市丰泽区刺桐路112号领SHOW天地综艺A馆107室,,,maimai_dx,,wahlap
纷享星球泉州晋江SM国际广场店,泉州市晋江市罗山街道SM国际广场3楼纷享星球,,,maimai_dx,,wahlap
纷享星球泉州池店百捷上悦城店,福建省泉州市池店镇百捷上悦城LI-76-79,,,maimai_dx,,wahlap
纷享星球泉州石狮店,福建省泉州市石狮市九二路长银路交叉口泰禾广场2楼L211纷享星球电玩,,,maimai_dx,,wahlap
纷享星球福州仓山万达店,福州市仓山区浦上大道272号仓山万达三楼纷享星球,,,maimai_dx,,wahlap
纷纷乐园泰兴国庆路店,江苏省泰兴市国庆路纷纷乐园鼓楼新天地3楼纷纷乐园,,,maimai_dx,,wahlap
终极梦想大连沙河口吾悦广场店,辽宁省大连市沙河口区中央大道吾悦广场3楼,,,chunithm;maimai_dx,,wahlap
终极梦想大连西岗店,辽宁省大连市西岗区恒隆广场四楼终极梦想,,,maimai_dx,,wahlap
终爵游乐成都郫都店,四川省成都市郫都区蜀都太平洋四楼终爵游乐,,,maimai_dx,,wahlap
维京传奇哈尔滨道里店,黑龙江省哈尔滨市道里区石头道街118号五层F5S01号,,,maimai_dx,,wahlap
维京传奇孝感云梦雅斯广场店,湖北省孝感市云梦县城关镇雅斯广场3楼维京传奇家体娱乐中心,,,maimai_dx,,wahlap
维京传奇宜昌当阳雅斯国际广场店,湖北省宜昌市当阳市玉阳街道南正街16号当阳雅斯国际广场3楼维京传奇,,,maimai_dx,,wahlap
维京传奇延吉店,吉林省延吉市沿河西路万达广场店,,,chunithm,,wahlap
维京传奇荆州洪湖雅斯广场店,湖北省荆州市洪湖市新堤镇天远时代雅斯广场A区三楼维京传奇家庭娱乐中心,,,maimai_dx,,wahlap
维京传奇资阳万达店,四川省资阳市雁江区万达广场三楼3031维京传奇卡牌动漫馆,,,maimai_dx,,wahlap
维京传奇鄂州鄂城店,湖北省鄂州市鄂城区南浦国际广场二楼维京传奇家庭娱乐中心,,,maimai_dx,,wahlap
维京传奇长春绿园吾悦广场店,吉林省长春市绿园区吾悦广场2楼西侧维京传奇2057,,,chunithm;maimai_dx,,wahlap
维鲸传奇渭南大荔悦荟店,陕西省渭南市大荔县悦荟广场二楼维鲸传奇家庭娱乐中心,,,maimai_dx,,wahlap
绿蜻蜓美吉熊(天通苑),"3F, Guotai Department Store, Building 2, Tiantongyuan East Zone, Beijing, China, Beijing, Beijing, 102218",40.0717668,116.4292358,maimai_dx;other,,ziv
绿野清风 (汉中万邦),"5th Floor, No.999 Tianhan Road,, (汉中天汉大道999号五楼), Hanzhong City 汉中市, Shannxi 陕西省, 723000",33.0772665,107.0212806,other;taiko,,ziv
缤纷动漫城贵阳时光贵州店,贵州省贵阳市清镇市滨湖街道时光贵州缤纷动漫城,,,maimai_dx,,wahlap
缤纷幻想城大连中山银泰城店,辽宁省大连市中山区青泥洼桥街道银泰城2楼缤纷幻想电玩城,,,maimai_dx,,wahlap
缤纷幻想城广安广门路店,广安市广安区广门路2号2栋1层1-21号,,,maimai_dx,,wahlap
缤纷幻想大连甘井子奥莱店,辽宁省大连市甘井子区高新园锦辉奥莱店二楼缤纷幻想电玩城,,,maimai_dx,,wahlap
美乐彼成都金牛店,四川省成都市金牛区一环路北三段1号1栋3层3015、3016号,,,maimai_dx,,wahlap
美吉熊儿童乐园密云店,北京市密云区鼓楼南大街16号国泰百货三层美吉熊儿童乐园,,,maimai_dx,,wahlap
美吉熊儿童乐园昌平店,北京市昌平区天通苑东三区2号楼国泰百货三层,,,maimai_dx,,wahlap
美迪乐乌鲁木齐米东店,新疆维吾尔自治区乌鲁木齐市米东区永丰南路米古里水游城美迪乐电玩城,,,maimai_dx,,wahlap
翡尔堡烟台万象汇店,山东省烟台市莱山区观海路228号万象汇2L201号翡尔堡,,,maimai_dx,,wahlap
翡尔堡郑州二七万象城店,河南省郑州市二七区万象城3楼翡尔堡,,,chunithm;maimai_dx,,wahlap
聚乐街区周口商水店,河南省周口市商水县仟业广场负一层,,,maimai_dx,,wahlap
聚乐街区周口项城店,河南省周口市项城市市标太格里购物中心4F001聚乐街区,,,maimai_dx,,wahlap
聚玩堂益阳安化店,湖南省益阳市安化县东坪镇城南区元畅恒太城5楼聚玩堂,,,maimai_dx,,wahlap
肥猫乐园永康永康之芯店,浙江省永康市溪心街308号永康之芯3楼肥猫乐园,,,maimai_dx,,wahlap
肥猫电玩洛阳西工百脑汇店,洛阳市西工区中州路与王城大道路口百脑汇F3层,,,maimai_dx,,wahlap
肥猫酷玩温州鹿城店,浙江省温州市鹿城区五马街道公园路商业街区沿街区B19,,,maimai_dx,,wahlap
胖东来动漫乐园魏都时代广场店,河南省许昌市魏都区七一路胖东来时代广场五楼动漫乐园,,,maimai_dx,,wahlap
胖东来电玩天使城店,河南省许昌市魏都区半截河街道建安大道与八龙路交叉口天使城三楼电玩城,,,chunithm;maimai_dx,,wahlap
胖东来许昌魏都时代广场店,河南省许昌市魏都区七一路胖东来时代广场五楼动漫乐园,,,maimai_dx,,wahlap
自游星空园区印象城店,江苏省苏州市工业园区现在大道1699号印象城3楼自游星空,,,maimai_dx,,wahlap
自游星空无锡锡澄圆融购物中心店,江苏省无锡市锡澄路262号圆融购物中心4030室自游星空,,,maimai_dx,,wahlap
自游星空苏州相城店,江苏省苏州市相城区相城大道龙湖天街自游星空,,,maimai_dx,,wahlap
自由者影城齐齐哈尔新天地店,黑龙江省齐齐哈尔市龙沙区卜奎南大街18号北方新天地四层,,,maimai_dx,,wahlap
至尊玩家杭州千岛湖店,浙江省杭州市淳安县千岛湖镇新安大街125号千岛湖银泰城L3001,,,maimai_dx,,wahlap
舞彩缤纷电玩,"洪山区珞喻路889号光谷国际广场B1楼(近鲁巷转盘), 武汉(Wuhan), 湖北(Hubei)",30.5072032,114.3979794,jubeat;other;taiko,,ziv
舞玩伏特 Wuwan Ford Arcade（莘庄点店）,"3F, CapitaLand Minhang Commercial Center, Xinzhuang Town, Minhang District, Shanghai, Shanghai, 201199",31.1097017,121.3736617,maimai_dx;other;taiko,,ziv
舞玩伏特闵行凯德龙之梦店,上海市闵行区凯德龙之梦三楼舞玩伏特,,,maimai_dx,,wahlap
航天动漫安顺南马广场店,贵州省安顺市经济技术开发区南马广场王府商城一层航天动漫,,,maimai_dx,,wahlap
艺珑传奇三亚天涯店,海南省三亚市天涯区解放路明珠广场3层艺珑传奇,,,maimai_dx,,wahlap
艺珑传奇临沂河东店,山东省临沂市河东区东兴路与安居街交汇吾悦广场艺珑传奇,,,maimai_dx,,wahlap
艺珑传奇亲子游乐中心,辽宁省辽阳市白塔区民主路75-4A-207友谊商场二店C座2楼,,,maimai_dx,,wahlap
艺珑传奇吉林昌邑店,吉林省吉林市昌邑区吉林东市商贸示范区财富购物广场店6楼艺珑传奇,,,maimai_dx,,wahlap
艺珑传奇延吉万达店,吉林省延吉市公园街道万达广场二楼2FC艺珑传奇俱乐部,,,maimai_dx,,wahlap
艺珑传奇昌邑吉林大街万达店,吉林市昌邑区吉林大街万达广场三楼,,,maimai_dx,,wahlap
艺珑传奇榆树长白山店,吉林省榆树市榆树大街长白山一楼,,,maimai_dx,,wahlap
艺珑传奇长春北湖吾悦广场店,吉林省长春市北湖吾悦广场4楼4092艺珑传奇,,,maimai_dx,,wahlap
艾妮达烟台丽悦广场店,山东省烟台市招远市温泉路295号金都宋华3楼艾妮达家庭娱乐中心,,,maimai_dx,,wahlap
芒果乐园玉溪红塔青花店,云南省玉溪市红塔区红塔大道95号玉溪青花街GS7GS8GS9号,,,maimai_dx,,wahlap
英雄汇 Heroes’ Gathering,"2nd Floor, Building 7, Houlang New World,, Longhua District, Shenzhen City, Guangdong, 518110",22.6810047,113.9899347,other;taiko,,ziv
英雄联萌游乐聊城东昌店,山东省聊城市东昌府区东城街道东昌路当代购物中心二楼212,,,maimai_dx,,wahlap
荟乐达潮乐场武汉汉阳万达广场店,武汉市汉阳区龙阳街道万达广场,,,maimai_dx,,wahlap
荣大电玩城唐山丰南荣大店,河北省唐山市丰南区荣大购物广场b座5层荣大电玩城,,,maimai_dx,,wahlap
莫比悠悠北京朝阳店,北京市朝阳区朝阳北路星悦广场3层莫比悠悠儿童乐园,,,maimai_dx,,wahlap
菲克斯巴彦淖尔临河摩尔城店,内蒙古巴彦淖尔市临河区摩尔城南区（原国泰）三层菲克斯儿童乐园,,,maimai_dx,,wahlap
菲游乐 FEFE SHEEP (上海奉贤宝龙店),"3F, Baolong Plaza Nanqiao, Fengxian District, Shanghai, Shanghai, 201400",30.9316821,121.4573604,maimai_dx;other,,ziv
菲游乐 FEFE SHEEP (上海浦东禹悦汇店),"2F, Yuyuehui Plaza, No.9968 Hunan Highway, Huinan Town, Pudong New District, Shanghai, Shanghai, 201300",31.0421796,121.7366639,maimai_dx;other,,ziv
菲游乐 FEFE SHEEP (奉贤龙湖天街店),"3F A-3F-44b, Longfor Tianjie, No.3800 Jinhai Highway, Nanqiao To, Fengxian District, Shanghai, Shanghai, 201400",30.9152330,121.4906010,chunithm;maimai_dx;other,,ziv
菲游乐 FEFE SHEEP（宝杨宝龙广场）,"3F, Block 1, Baolong Plaza, Tongji Road 669, Baoshan District, Shanghai, Shanghai, 201999",31.3963181,121.4773772,maimai_dx;other,,ziv
菲游乐上海奉贤宝龙店,上海市奉贤区南桥宝龙广场三楼菲游乐,,,maimai_dx,,wahlap
菲游乐上海奉贤新城龙湖店,上海市奉贤区奉贤新城龙湖天街3楼,,,chunithm;maimai_dx,,wahlap
菲游乐上海宝山店,上海市宝山区同济路669号宝龙广场3楼菲游乐,,,maimai_dx,,wahlap
菲游乐上海禹州广场店,上海市浦东新区惠南镇禹州商业广场一楼菲游乐,,,maimai_dx,,wahlap
菲游乐东阳银泰城店,浙江省金华市东阳市白云街道银泰城三楼菲游乐,,,maimai_dx,,wahlap
菲游乐南京建邺金陵天地店,江苏省南京市建邺区中和路金陵天地三楼菲游乐电玩城,,,maimai_dx,,wahlap
菲游乐孝感银泰城店,湖北省孝感市银泰城3F银泰城菲游乐,,,maimai_dx,,wahlap
菲游乐宁波鄞州天街店,浙江省宁波市鄞州天街4楼菲游乐,,,maimai_dx,,wahlap
菲游乐杭州丁桥龙湖天街店,浙江省杭州市江干区丁兰街道丁城路515号A幢4楼02号,,,maimai_dx,,wahlap
菲游乐武汉江岸汉口万象城店,湖北省武汉市江岸区汉口万象城3楼菲游乐,,,maimai_dx,,wahlap
菲游乐浙江台州店,浙江省玉环经济开发区银湖大道22号玉环万达广场 2F,,,maimai_dx,,wahlap
菲游乐淮安清浦万象城店,江苏省淮安市清江浦区淮海东路万象城城3楼,,,maimai_dx,,wahlap
菲游乐湖北武汉万象城店,湖北省武汉市江岸区汉口万象城3楼菲游乐,,,maimai_dx,,wahlap
菲游乐潮玩派对常熟印象城店,江苏省常熟市海虞南路88号印象城三楼菲游乐电玩城,,,maimai_dx,,wahlap
菲游乐电玩城济南历城万达店,山东省济南市历城区唐冶街道世纪大道万达广场2F 菲游乐电玩城,,,maimai_dx,,wahlap
菲游乐苏州狮山龙湖天街店,江苏苏州市狮山龙湖天街4楼,,,maimai_dx,,wahlap
菲游乐菏泽牡丹佳和里店,山东省菏泽市牡丹区佳和里菲游乐,,,maimai_dx,,wahlap
菲游乐闵行剑川路店,上海市闵行区剑川路1000号3楼,,,maimai_dx,,wahlap
菲游乐青岛市南万象城店,山东省青岛市市南区五四广场万象城4楼菲游乐电玩城,,,maimai_dx,,wahlap
菲玩不可昆明嵩明莱雅广场店,云南省昆明市嵩明县杨林镇文苑路莱雅广场1栋3层20到22号,,,maimai_dx,,wahlap
菲菲羊乐园 FEFE SHEEP (上海江桥万达店),"3F, Wanda Plaza Jiangqiao, No.1051 Jinshajiang West Road, Jiading District, Shanghai, Shanghai, 201803",31.2407410,121.3194277,maimai_dx;other,,ziv
菲菲羊乐园 FEFE SHEEP (周浦万达店),"2F Entertainment Building, Shop F-01, Wanda Plaza, No.518 Nianji, Pudong New District, Shanghai, Shanghai, 200120",31.1167002,121.5650073,maimai_dx;other,,ziv
菲菲羊乐园上海嘉定万达店,上海市嘉定江桥万达广场三楼菲菲羊乐园,,,maimai_dx,,wahlap
菲菲羊乐园东莞东城万达店,广东省东莞市东城街道东城区东纵大道208号万达广场2层菲菲羊乐园,,,maimai_dx,,wahlap
菲菲羊乐园东莞虎门店,广东省东莞市虎门镇连升路82号2060室菲菲羊乐园,,,maimai_dx,,wahlap
菲菲羊乐园东莞长安万达店,广东省东莞市长安万达广场二楼菲菲羊乐园,,,maimai_dx,,wahlap
菲菲羊乐园台州温岭银泰城店,浙江省台州市温岭市城西街道中华路728号银泰城1幢101室(3F016)菲菲羊乐园(温岭银泰百货店),,,maimai_dx,,wahlap
菲菲羊乐园温州苍南银泰城店,浙江省温州市苍南县玉苍路1088号银泰城3楼菲菲羊乐园,,,maimai_dx,,wahlap
菲菲羊儿童乐园上海浦东店,上海市浦东新区周浦镇万达广场二楼,,,maimai_dx,,wahlap
萌主天门万达店,湖北省天门市竟陵街道天门万达广场二楼玩家萌主,,,maimai_dx,,wahlap
萌兽综合馆宜宾叙州万达店,四川省宜宾市叙州区万达广场4楼潮玩萌兽综合馆,,,maimai_dx,,wahlap
萌动洛克哈尔滨道外店,黑龙江省哈尔滨市道外区南勋街333号青龙商厦B座,,,maimai_dx,,wahlap
萌动潮玩广州天河佳兆业店,广州市天河区体育西路191号101佳兆业广场一层自编106A、106B、107、108,,,maimai_dx,,wahlap
萌可力杭州拱墅万达店,浙江省杭州市拱墅区拱墅万达广场2楼萌可力,,,chunithm,,wahlap
萌可力潮玩大冶吾悦广场店,湖北省黄石市大冶市吾悦广场三楼萌可力潮玩,,,maimai_dx,,wahlap
萌可力潮玩襄阳谷城店,湖北省襄阳市谷城县天成购物广场3楼3002,,,maimai_dx,,wahlap
萌可力荆门掇刀万达店,湖北省荆门市掇刀区漳河万达广场二楼萌可力,,,maimai_dx,,wahlap
萌吉拉广州番禺南村店,广东省广州市番禺区南村镇南华路66号303铺,,,maimai_dx,,wahlap
萌吉拉广州花都炭步店,广东省广州市花都区炭步镇繁华路与花都大道辅路交叉口东100米炭步永利广场三楼萌吉拉,,,maimai_dx,,wahlap
萌吉拉广州花都狮岭店,广东省广州市花都区狮岭大道中1号合成广场二期狮岭新天地二楼,,,maimai_dx,,wahlap
萌吉拉广州花都花东店,广东省广州市花都区花东镇花都大道花东商业广场二楼萌吉拉,,,maimai_dx,,wahlap
萌吉拉广州花都街汇店,广东省广州市花都区花都区新华街新街大道5号之一新街汇广场三楼萌吉拉,,,maimai_dx,,wahlap
萌多啦上海嘉定店,上海市嘉定区环城路762弄1号萌多啦动漫,,,chunithm,,wahlap
萌多拉 Moedora (上海奉贤港嘉店),"2F, Fengfa Baolong Plaza, No.518 Gangjia Road, Situan Town, Fengxian District, Shanghai, Shanghai, 201412",30.9357556,121.7291489,chunithm;maimai_dx;other,,ziv
萌多拉上海奉贤港嘉店,上海市奉贤区四团镇港嘉路277号奉发宝龙1号门2楼萌多拉,,,maimai_dx,,wahlap
萌多拉南平建发悦城店,福建省南平市建瓯市建发悦城负一楼萌多拉,,,maimai_dx,,wahlap
萌多拉张家港金港店,江苏省张家港市金港镇崇真路中骏世界城东门2楼萌多拉,,,maimai_dx,,wahlap
萌多拉扬州SM广场店,江苏省扬州市广陵区曲江街道运河北路77号SM广场3楼萌多拉A3008铺,,,chunithm;maimai_dx,,wahlap
萌多拉泰州海陵万达广场店,江苏省泰州市海陵区万达广场,,,chunithm;maimai_dx,,wahlap
萌多拉福建南安世界城店,福建省南安市美林街道中骏世界城二楼萌多拉都市幻想,,,chunithm;maimai_dx,,wahlap
萌太极定州北门街万达店,河北省定州市北门街万达广场三楼萌太极家庭娱乐中心,,,maimai_dx,,wahlap
萌宝熊六安霍山店,安徽省六安市霍山县中兴路居然之家,,,maimai_dx,,wahlap
萌宝熊合肥包河悦方店,安徽省合肥市包河区悦方店3楼,,,chunithm,,wahlap
萌宝熊合肥坝上吾悦店,安徽省合肥市滁州路坝上吾悦广场三楼萌宝熊家庭娱乐,,,maimai_dx,,wahlap
萌宝熊合肥悦方店,安徽省合肥市包河区悦方店3楼,,,maimai_dx,,wahlap
萌宝熊芜湖弋江万达店,安徽省芜湖市弋江区九华南路与大工山路交叉口万达广场3层-2号萌宝熊儿童乐园,,,maimai_dx,,wahlap
萌宝熊金寨港荣广场店,安徽省金寨县港荣广场三楼萌宝熊游乐园,,,maimai_dx,,wahlap
萌趣潮玩黑河爱辉华富店,黑龙江省黑河市爱辉区华富商城五层A39-41、B61-81号,,,maimai_dx,,wahlap
萌趣童堡游乐场乌兰浩特店,内蒙古自治区乌兰浩特市欧亚购物广场二楼萌趣童堡游乐场,,,maimai_dx,,wahlap
萌趣童堡白城欧亚店,吉林省白城市欧亚购物中心3层萌趣童堡游乐场,,,maimai_dx,,wahlap
葩菈蒂潮玩岳阳湘阴店,湖南省岳阳市湘阴县葩菈蒂潮玩体验中心,,,maimai_dx,,wahlap
蓝梦日记东营东城万达店,山东省东营市东营区东城万达广场3楼蓝梦日记,,,maimai_dx,,wahlap
蓝梦日记东营吾悦广场店,山东省东营市吾悦广场三楼蓝梦日记,,,maimai_dx,,wahlap
蓝梦日记济南历下万达店,山东省济南市历下区高新万达广场二楼蓝梦日记,,,maimai_dx,,wahlap
蓝梦日记石家庄栖栖谷,河北省石家庄市裕华区峨眉街与槐安东路交叉口栖栖谷二层A区,,,maimai_dx,,wahlap
蓝猫精灵沈阳沈河万达店,辽宁省沈阳市沈河区文化路81号万达广场5楼蓝猫精灵潮玩中心,,,maimai_dx,,wahlap
蓝皮猫游乐园漳州芗城店,漳州市芗城区丹霞路122号印象汇三楼02～09铺,,,maimai_dx,,wahlap
蓝鲸乐园宁德东侨店,福建省宁德市东侨经济开发区万安东路6号德润二期9号楼德润尚街商业广场2层,,,maimai_dx,,wahlap
蓝鲸乐园莆田仙游店,福建省莆田市仙游县方圆荟二楼蓝鲸乐园,,,maimai_dx,,wahlap
蓝鲸纵队超乐场深圳天虹商场新沙店,深圳市保安区沙井街道西环路2015号天虹商场4楼蓝鲸纵队超乐场,,,maimai_dx,,wahlap
蓝鲸纵队银川兴庆新百中心店,宁夏回族自治区银川市兴庆区新华东街97号新百中心5楼蓝鲸纵队超乐场,,,maimai_dx,,wahlap
虎阿游咸阳秦都店,陕西省咸阳市秦都区人民路29号秦都万达广场3楼3F-A虎阿游,,,maimai_dx,,wahlap
虎阿游渭南高新万达店,陕西省渭南市高新技术产业开发区新区东路28号渭南高新万达2F-A虎阿游家庭游乐中心,,,maimai_dx,,wahlap
蚂蚁特工队汕尾海丰店,广东省汕尾市海丰县海城镇世纪广场三楼蚂蚁特工队,,,maimai_dx,,wahlap
蜜享乐园启东吾悦店,江苏省南通市启东市吾悦广场一号门三水街2楼蜜享乐园,,,maimai_dx,,wahlap
蜜享乐园开封星光天地店,河南省开封龙亭区星光天地4楼蜜享乐园,,,maimai_dx,,wahlap
蜜享乐园徐州贾汪店,江苏省徐州市贾汪区开发区徐海路8号淮海环球港2楼蜜享乐园,,,maimai_dx,,wahlap
蜜享乐园扬州仪征店,江苏省扬州市仪征市宝能城市广场蜜享乐园,,,maimai_dx,,wahlap
蜜享乐园运城盐湖店,山西省运城市盐湖区吾悦广场二楼蜜享乐园,,,maimai_dx,,wahlap
蜜思迪天津大悦城店,天津市南开区大悦城南区3楼蜜思迪尔家庭娱乐中心,,,maimai_dx,,wahlap
衡水MUG,"中华北大街与大庆西路交叉口铁路六宿舍, 衡水, 河北省, 053000",37.7525975,115.6774719,maimai_dx;sdvx,,ziv
裕隆动漫城鹤壁店,河南省鹤壁市淇滨区鹤煤大道与兴鹤大街交叉口裕隆爱之城动漫城,,,maimai_dx,,wahlap
裕隆动漫城鹤壁淇滨裕隆爱之城店,河南省鹤壁市淇滨区鹤煤大道与兴鹤大街交叉口裕隆爱之城动漫城,,,chunithm;maimai_dx,,wahlap
西亚和美电玩城,河南省信阳光山西亚和美广场5楼电玩城,,,chunithm,,wahlap
西亚城信阳平桥店,河南省信阳市平桥区行政路与龙东路交叉口东北140米,,,chunithm;maimai_dx,,wahlap
西安市酷顽码头电玩城,陕西省西安市未央区艾斯广场一楼酷顽码头电玩城,,,maimai_dx,,wahlap
西瓜雀庄北京房山店,北京市房山区卓秀北街绿地诺亚方舟北区2号楼804,,,chunithm;maimai_dx,,wahlap
西部城市英雄南充高坪店,"四川省南充市高坪区江东中路王府井广场五国风情街第LG层第28,29号西部城市英雄游乐场",,,maimai_dx,,wahlap
视界游乐中心新乡辉县店,河南省新乡市辉县市百泉路中段路西9号新田360广场B115号商铺,,,maimai_dx,,wahlap
识光机潮玩西安未央印象城店,陕西省西安市未央区辛家庙铲灞印象城店4楼识光机潮玩,,,maimai_dx,,wahlap
谷噜谷子台州店,浙江省台州市天台县赤城街道百花路24号,,,maimai_dx,,wahlap
豆丁星球吕梁临县店,山西省吕梁市临县临泉镇太和北路恒圆丽都购物中心一层,,,chunithm;maimai_dx,,wahlap
贝乐童话 Happy Go  (怀柔万达3F),"3F, Wanda Plaza Beijing Huairou, Fuqian West Street No. 1, Huairou District, Beijing, Beijing, 101400",40.3155670,116.6238427,taiko,,ziv
贝乐谷安庆桐城梧桐店,安徽省安庆市桐城市龙腾街道梧桐国际购物中心二楼贝乐谷,,,chunithm;maimai_dx,,wahlap
贝塔潮玩 Beta Gaming,"Room 310, No.3386 Baoan Highway, Malu Town, Jiading District, Sh, Jiading District, Shanghai, Shanghai, 201800",31.3320280,121.2729080,maimai_dx;other,,ziv
贝塔潮玩上海嘉定大融城店,上海市嘉定区马陆镇宝安公路3386号310室,,,maimai_dx,,wahlap
贝芘熊盐城阜宁店,江苏省盐城市阜宁县香港路久悦广场二楼,,,maimai_dx,,wahlap
贝贝侠武汉菱角湖万达店,湖北省武汉市江汉区菱角湖万达广场二楼贝贝侠,,,maimai_dx,,wahlap
贝贝侠湖北黄石港万达店,湖北省黄石市黄石港区花湖大道30号万达广场负一楼,,,maimai_dx,,wahlap
贝贝侠潜江金桥店,湖北省潜江市园林路金桥广场1楼贝贝侠,,,maimai_dx,,wahlap
贝贝侠黄冈红安万达广场店,湖北省黄冈市红安县万达四楼贝贝侠,,,maimai_dx,,wahlap
贝贝侠黄石沃尔玛店,湖北省黄石市黄石港区武汉路沃尔玛负一楼8007贝贝侠家庭娱乐中心Party,,,maimai_dx,,wahlap
贪吃夹松原宁江店,吉林省松原市宁江区江南秀一楼贪吃夹,,,maimai_dx,,wahlap
赛乐联盟广州海珠合生广场店,广东省广州市海珠区叠景路168号合生广场L3-04/05,,,maimai_dx,,wahlap
赛博云电玩霸州未来城店,河北省霸州市胜芳镇未来城负一层B1-30号，赛博云电玩,,,maimai_dx,,wahlap
赛博时空 Cyber Space-time（天津蓟州万达店）,"3F, Jizhou Wanda Plaza (formerly Dayawanjia), Jizhou District, Tianjin, Tianjin, 301900",40.0227590,117.3716180,maimai_dx;taiko,,ziv
赛博时空周口川汇万达店,河南省周口市川汇区文昌万达三楼3020-3022商铺赛博时空,,,maimai_dx,,wahlap
赛博时空徐州丰县店,江苏省徐州市丰县中阳里街道欢乐城一楼117号赛博时空,,,maimai_dx,,wahlap
赛博时空承德万达广场店,河北省承德市万达广场负一楼1-1赛博时空,,,maimai_dx,,wahlap
赛博时空枣庄市中店,山东省枣庄市市中区吾悦广场广场二楼Z201赛博时空,,,maimai_dx,,wahlap
赛博时空淄博张店吾悦广场店,山东省淄博市张店区鑫马吾悦广场二楼Z203商铺赛博时空,,,maimai_dx,,wahlap
赛博时空青岛即墨吾悦广场店,山东省青岛市即墨区鹤山路即墨吾悦广场三楼,,,maimai_dx,,wahlap
赛博浪潮蒙自南湖荟店,云南省红河哈尼族彝族自治州蒙自市南湖荟C栋赛博浪潮电玩城,,,maimai_dx,,wahlap
赛博猩球贵阳云岩店,贵州省贵阳市云岩区星悦茂地铁商业街a区赛博猩球,,,maimai_dx,,wahlap
赛博矩阵 Cyber Matrix Game Station (赛罕万达店),"3rd Floor, Saihan Wanda Plaza, Saihan District, Hohhot, Inner Mongolia, 010050",40.8345160,111.7277625,chunithm;maimai_dx;other;taiko,,ziv
赛博矩阵呼和浩特赛罕万达店,内蒙古自治区呼和浩特市赛罕区东万达3楼赛博矩阵,,,chunithm;maimai_dx,,wahlap
赛博矩阵赤峰摩尔城店,赤峰市红山区桥北摩尔城四楼赛博矩阵电玩城,,,maimai_dx,,wahlap
赛博矩阵锡林浩特维多利店,内蒙古锡林浩特额尔敦路41号维多利广场赛博矩阵(锡盟维多利店),,,maimai_dx,,wahlap
赛尔之城沌口经开万达店,武汉市沌口经济开发区万达广场三楼赛尔之城,,,maimai_dx,,wahlap
赛尔之城潮玩街区孝感吾悦店,湖北省孝感市孝南区复兴大道7号吾悦广场三楼赛尔之城,,,maimai_dx,,wahlap
超乐玩家娱乐中心东胜区万达广场店,内蒙古自治区鄂尔多斯市东胜区鄂托克西街30号万达广场3F,,,maimai_dx,,wahlap
超乐玩家福清店,福建省福清市江滨路东百利桥古街B1区负一层超乐玩家,,,maimai_dx,,wahlap
超乐空间内蒙古乌兰浩特万达店,内蒙古乌兰浩特市万达广场二楼2FA,,,chunithm;maimai_dx,,wahlap
超乐趣玩堂常州月季店,江苏省常州市钟楼区怀德南路与月季路交汇中吴广场1楼超乐趣玩堂,,,chunithm;maimai_dx,,wahlap
超乐趣玩堂常州武进店,江苏省常州市武进区湖塘镇星河COCO City2楼超乐趣玩堂,,,chunithm;maimai_dx,,wahlap
超凡部落贵州兴义梦乐城店,贵州省黔西南布依族苗族自治州兴义市桔山街道兴义大道梦乐城购物中心1区3楼超凡部落,,,maimai_dx,,wahlap
超吉乐宁德店,福建省宁德市蕉城区宝信广场负一楼超吉乐,,,chunithm;maimai_dx,,wahlap
超吉乐福清东百利店,福建省福清市江滨路东百利桥古街B1区负一层超吉乐,,,maimai_dx,,wahlap
超吉乐福清店,福建省福清市江滨路东百利桥古街B1区负一层超吉乐,,,maimai_dx,,wahlap
超吉好玩十堰茅箭永乐风尚店,十堰市茅箭区五堰北街7号永乐风尚二楼超吉好玩娱乐中心,,,maimai_dx,,wahlap
超时空惠州惠城佳兆业店,广东省惠州市惠城区江北街道佳兆业广场3楼超时空乐场,,,maimai_dx,,wahlap
超核游戏站 Power Core Play Zone (Tibet),"3F, Galin Plaza, Chengguan District, Lhasa, Tibet, 850032",29.6693888,91.1652446,other,,ziv
超次方潮玩南宁亭子码头店,广西壮族自治区南宁市江南区江南大道亭子段16号超次方潮玩（亭子码头店）,,,chunithm;maimai_dx,,wahlap
超次方潮玩南宁兴宁店,广西南宁市兴宁区金川路7号南宁吾悦广场9号楼10号楼1001,,,maimai_dx,,wahlap
超爱顽唐山路南万达店,河北省唐山市路南区万达广场三号门二楼,,,chunithm;maimai_dx,,wahlap
超爱顽洛阳瀍河店,河南省洛阳市瀍河区洛城中街三楼,,,maimai_dx,,wahlap
超爱顽烟台龙口店,山东省烟台市港城大道与建设路之莱山路交汇口龙口龙湖天街3F西侧超爱顽家庭娱乐中心,,,maimai_dx,,wahlap
超玩猩球杭州滨江开元店,浙江省杭州市滨江区开元广场3楼超玩猩球,,,maimai_dx,,wahlap
超玩猩球杭州滨江银泰店,浙江省杭州市滨江区滨江银泰A区3楼超玩猩球,,,maimai_dx,,wahlap
超玩空间天津西青万达店,天津市西青区万达广场2楼2F-3超玩空间游艺场,,,maimai_dx,,wahlap
超级乐园杭州亚奥万象天地店,浙江省杭州市萧山区亚运村万象天地327号,,,chunithm;maimai_dx,,wahlap
超级伙伴南京仙林万达茂店,南京市仙林万达茂2楼,,,maimai_dx,,wahlap
超级兔宿迁泓宇广场店,江苏省宿迁市苏宿大道宏宇广场一楼,,,chunithm;maimai_dx,,wahlap
超级星座 Super Constellation (恒盛广场店),"No.16, 3rd Floor, Block A & B, Hengsheng Guanyi Commercial Stree, Yuquan District, Hohhot, Inner Mongolia, 010090",40.7545394,111.6891575,other,,ziv
超级星座乌鲁木齐天山店,新疆乌鲁木齐市天山区万宴城3层超级星座,,,maimai_dx,,wahlap
超级星座动漫体验中心,"厦门市思明区嘉禾路明发商业广场摩天轮下负一层76-431, Mingfa Commercial Palace B1 Flooor 76-431, Jiahe Road, Siming Di, Xiamen Shi, Fujian Sheng",24.4783569,118.1242731,other,,ziv
超级星座哈尔滨南岗万象店,黑龙江省哈尔滨市南岗区中兴左街2号金爵万象商业广场B1层B017号超级星座,,,maimai_dx,,wahlap
超级星座哈尔滨双城店,黑龙江省哈尔滨市双城区百悦城-超级星座,,,maimai_dx,,wahlap
超级星座哈尔滨香坊店,黑龙江省哈尔滨市香坊区哈平路凯旋新生活购物广场三楼超级星座,,,maimai_dx,,wahlap
超级星座四平万达广场店,吉林省四平市铁东区万达广场D区三楼超级星座,,,maimai_dx,,wahlap
超级星座大庆星耀天地生活中心店,黑龙江省大庆市龙凤区星耀天地生活中心三楼超级星座电玩城,,,maimai_dx,,wahlap
超级星座抚顺顺城万达店,辽宁省抚顺市顺城万达广场3F-BA商铺超级星座,,,maimai_dx,,wahlap
超级星座昆明官渡海乐店,云南省昆明市官渡区永中路海乐世界购物中心3层超级星座游戏体验中心,,,maimai_dx,,wahlap
超级星座昆明盘龙七彩店,云南省昆明市盘龙区白塔路399号七彩me town购物中心F3超级星座家庭娱乐中心,,,maimai_dx,,wahlap
超级星座普洱思茅店,云南省普洱市思茅区阳光悦城购物中心B2座超级星座,,,maimai_dx,,wahlap
超级星座玉溪红塔店,云南省玉溪市红塔区玉兴街道办事处右所社区居委会三千城购物公园二楼2013号,,,maimai_dx,,wahlap
超级星座秦皇岛太阳城店,秦皇岛市海港区建设大街太阳城五兴图书广场三楼,,,maimai_dx,,wahlap
超级星座西双版纳景洪店,云南省西双版纳州景洪市金版纳尚鼎城,,,maimai_dx,,wahlap
超级星座锦州解放路碧乐城店,辽宁省锦州市解放路33号碧乐城2楼超级星座家庭娱乐中心,,,maimai_dx,,wahlap
超级玩咖沈阳沈北万达店,辽宁省沈阳市沈北新区蒲昌路万达广场二楼超级玩咖,,,maimai_dx,,wahlap
超级玩家(新会美吉特广场),"新会区会城启超大道9号美吉特广场三楼, Jiangmen Shi",22.4978998,113.0537040,other;taiko,,ziv
超级玩家七台河桃山店,黑龙江省七台河市桃山区东北亚购物广场超级玩家,,,maimai_dx,,wahlap
超级玩家佳木斯前进店,黑龙江省佳木斯市前进区长安东路671号大商·新玛特F6层超级玩家游戏体验中心,,,maimai_dx,,wahlap
超级玩家双鸭山尖山店,黑龙江省双鸭山市尖山区大润发时代广场一期购物中心202商铺超级玩家,,,maimai_dx,,wahlap
超级玩家湛江徐闻政诚大厦店,湛江市徐闻县徐城镇东方一路100号政诚大厦一楼至二楼,,,maimai_dx,,wahlap
超级玩家福清福和万达店,福建省福州市福清市福和万达广场四楼超级玩家,,,maimai_dx,,wahlap
超级玩家莆田九华广场店,福建省莆田市荔城区西天尾镇九华西大道633号九华广场1号楼二楼超级玩家,,,maimai_dx,,wahlap
超级玩家赣州兴国店,江西省赣州市兴国县潋江镇平固街文化街区2号地16号建筑2层201号铺,,,maimai_dx,,wahlap
超级玩家通辽维多利店,内蒙古通辽市科尔沁区永清大街维多利广场四楼超级玩家超乐场,,,maimai_dx,,wahlap
超级英雄石家庄新华店,河北省石家庄市新华区华强电子通讯城1楼超级英雄,,,maimai_dx,,wahlap
超级英雄衡阳蒸湘店,湖南省衡阳市蒸湘区船山西路49号金钟大雁城L1-02-05超级英雄,,,maimai_dx,,wahlap
超级英雄衡阳蒸湘银泰城店,湖南衡阳市蒸湘区华兴街道银泰城 9 期银泰城购物中心二楼 2106超级英雄,,,maimai_dx,,wahlap
超级英雄赣州章贡永信店,江西省赣州市章贡区赣江街道文清路13号永信广场一楼,,,maimai_dx,,wahlap
超级银河桂林秀峰店,广西桂林市秀峰区依仁路122号B栋海鲜仔第一层2号房屋,,,maimai_dx,,wahlap
超能地带石家庄店,河北省石家庄新华区赵陵铺路街道兴街21号金象城2号楼3层18号,,,maimai_dx,,wahlap
超能星客广州白云店,广州市白云区云城西路890号凯德云尚广场三楼超能星客,,,chunithm;maimai_dx,,wahlap
超能星客惠州惠阳蓝鲸世界店,广东省惠州市惠阳区大亚湾蓝鲸世界二楼超能星客,,,maimai_dx,,wahlap
超能玩家 Super Player（茂业摩尔城店）,"8th Floor, Block A, Maoye Moore City, Xinhua East Street, Saihan District, Hohhot, Inner Mongolia, 010011",40.8288051,111.7031586,chunithm;maimai_dx;other,,ziv
超能玩家台山台城昌大昌店,广东省江门市台山市台城街道昌大昌广场三楼超能玩家电玩城,,,maimai_dx,,wahlap
超能玩家呼和浩特赛店,内蒙古自治区呼和浩特市赛罕区摩尔城A座8楼超能玩家电玩体验中心,,,chunithm;maimai_dx,,wahlap
趣乐玩国YD潮玩街区衢州柯城恒太城店,浙江省衢州市柯城区府山街道劳动路125号南湖恒太城1楼趣乐玩国,,,maimai_dx,,wahlap
趣乐玩国威海环翠海港湾店,山东省威海市环翠区鲸园街道昆明路1号威至海港湾1F045,,,chunithm;maimai_dx,,wahlap
趣动空间银川金凤店,宁夏银川市金凤区新华百货ccpark一楼趣动空间家庭娱乐中心,,,maimai_dx,,wahlap
趣哆哆郑州巩义店,河南省郑州市巩义市滨河路正上豪布斯卡三楼趣哆哆,,,maimai_dx,,wahlap
趣多多宿州泗县绿城深蓝店,安徽省宿州市泗县绿城深蓝中心商业楼三楼趣多多超乐空间,,,chunithm;maimai_dx,,wahlap
趣彗星新余渝水地王广场店,江西省新余市渝水区胜利路地王广场二楼趣彗星,,,maimai_dx,,wahlap
趣玩乐园罗田县义水广场店,湖北省罗田县义水广场三楼趣玩乐园,,,maimai_dx,,wahlap
趣玩国度重庆潼南巴渝大道店,重庆市潼南区巴渝大道288号9幢2-11,,,maimai_dx,,wahlap
趣玩家嘉兴南湖店,浙江省嘉兴市南湖区长水街道星河coco city2楼趣玩家,,,maimai_dx,,wahlap
趣玩时光冷水江步步高店,湖南省冷水江市步步高广场三楼,,,maimai_dx,,wahlap
趣玩时光吉首花垣店,湖南省吉首市花垣县兴鹏商业广场2楼,,,maimai_dx,,wahlap
趣玩时光娄底五江城市广场店,湖南省娄底市娄星区五江城市广场3 楼,,,maimai_dx,,wahlap
趣玩时光娄底新化店,湖南省娄底市新化县上渡街道新化世贸广场一楼趣玩时光,,,maimai_dx,,wahlap
趣玩时光益阳桃江假日广场店,湖南省益阳市桃江县大汉假日广场一楼趣玩时光,,,maimai_dx,,wahlap
趣玩时光益阳赫山店,湖南省益阳市赫山区梓山社区益阳万达广场二F-B区 趣玩时光,,,maimai_dx,,wahlap
趣玩机地金华义乌店,浙江省金华市义乌市稠城街道宾王商贸区六街宾王印象二楼趣玩机地,,,maimai_dx,,wahlap
趣玩汇Games,"3F, Bailian Quyang Shopping Center, No.800 Quyang Road, Hongkou District, Shanghai, Shanghai, 200081",31.2884228,121.4876596,jubeat;maimai_dx;other;taiko,,ziv
趣玩汇上海百联曲阳店,上海市虹口区曲阳购物中心3楼趣玩汇,,,maimai_dx,,wahlap
趣玩汇南京新街口店,南京市秦淮区洪武路38号正洪大厦趣玩汇,,,chunithm;maimai_dx,,wahlap
趣玩汇南京湖北路店,江苏省南京市鼓楼区湖北路68号天狮百盛1楼,,,maimai_dx,,wahlap
趣玩汇电玩 Quwanhui Games (南京洪武路店),"1st Floor, Tianfeng Building, No.26 Hongwu Road, Qinhuai District, Nanjing Shi, Jiangsu Sheng, 210029",32.0416487,118.7819651,chunithm;jubeat;maimai_dx;other;taiko,,ziv
趣玩猩球潍坊寿光万达广场店,潍坊市寿光市圣城街道万达广场2F-B-B,,,chunithm;maimai_dx,,wahlap
趣玩空间临汾尧都王府井店,山西省临汾市尧都区汾河路王府井尚城s区三层趣玩空间,,,maimai_dx,,wahlap
趣玩空间侯马新田地店,山西省侯马市新田地下街趣玩空间潮玩街区,,,maimai_dx,,wahlap
趣玩空间山西晋中太谷店,山西省晋中市太谷区御锦新天地购物广场二楼东边趣玩空间,,,maimai_dx,,wahlap
趣玩空间山西霍州香江广场店,山西省霍州市东大街香江广场二期三楼趣玩空间,,,maimai_dx,,wahlap
趣玩空间运城盐湖店,山西省运城市盐湖区华䂀广场三楼趣玩空间游乐场,,,maimai_dx,,wahlap
趣玩趣乐银川金凤新华联店,宁夏回族自治区银川市金凤区新华百货E馆1楼,,,maimai_dx,,wahlap
跃时光潮玩南宁青秀万象城店,广西壮族自治区南宁市青秀区民族大道华润万象城里巷跃时光潮玩,,,maimai_dx,,wahlap
跑跑太空熊嘉兴南湖天地店,浙江省嘉兴市南湖区南湖天地跑跑太空熊 LG30,,,maimai_dx,,wahlap
跨特世界北京长阳龙湖店,北京市长阳镇熙悦龙湖天街B馆4F,,,maimai_dx,,wahlap
路桥博鑫台州中盛店,浙江省台州市路桥区中盛城市广场负一楼盒马旁酷玩派,,,maimai_dx,,wahlap
跳动西游南昌红谷滩万达店,江西省南昌市红谷滩区万达广场3楼,,,maimai_dx,,wahlap
跳动西游南昌西湖朝阳天虹店,江西省南昌市西湖区朝阳天虹购物中心,,,maimai_dx,,wahlap
跳动西游南昌青山龙湖天街店,江西省南昌市青山湖区解放东路1999号南昌青山龙湖天街A-4F-02号商铺跳动西游,,,maimai_dx,,wahlap
蹦蹦乐园 Family Park,"3F, Bailian Nanqiao Shopping Center, No.588 Baiqi Road, Fengxian District, Shanghai, Shanghai, 201400",30.9179280,121.4793313,maimai_dx;other;taiko,,ziv
蹦蹦乐园上海奉贤百联店,上海市奉贤区南桥镇百齐路288号百联购物中心二期,,,maimai_dx,,wahlap
轻舞飞扬游乐场,"福山区福海路振华购物广场4楼, 烟台市 (Yantai), 山东省 (Shandong Province)",37.5058038,121.2593108,jubeat;other;taiko,,ziv
辰瑞浙江衢州吾悦广场店,浙江省衢州市柯城区白云街道白云中大道99号新城吾悦广场1幢354-16号 三楼POP BEAR,,,maimai_dx,,wahlap
迅驰嘉年华长春南关迅驰广场店,吉林省长春市南关区博学路1555号迅驰广场三楼迅驰嘉年华电玩城,,,chunithm;maimai_dx,,wahlap
运动星球杭州上城店,浙江省杭州市上城区富春路80号全民健身中心,,,maimai_dx,,wahlap
进珠游乐城三明三元店,福建省三明市三元区和仁新村44栋梅列大厦地下城进珠游乐城,,,chunithm;maimai_dx,,wahlap
迪卡丘佳木斯万达店,黑龙江省佳木斯市万达广场二楼迪卡丘,,,maimai_dx,,wahlap
迪卡丘嘉年华济南印象城卡通尼加盟店,山东省济南市历城区花园路与洪家楼西路交口印象城三楼迪卡丘电玩城,,,chunithm;maimai_dx,,wahlap
迪卡丘烟台芝罘万达店,山东省烟台市芝罘区向阳街道芝罘万达广场负一层罘古巷迪卡丘,,,chunithm,,wahlap
迪卡丘菏泽定陶店,山东省菏泽市定陶区青年路和美星悦城三楼迪卡丘,,,maimai_dx,,wahlap
迪卡丘菏泽曹县大润发店,山东省菏泽市曹县大润发三楼迪卡丘,,,maimai_dx,,wahlap
迪卡丘菏泽牡丹佳和城店,山东省菏泽市牡丹区中华路佳和城二楼迪卡丘,,,chunithm;maimai_dx,,wahlap
迪咔嗨玩嘉年华贵阳店,贵州省贵阳市白云区趣玩云集购物中心三楼迪咔嗨玩嘉年华,,,maimai_dx,,wahlap
迪咔嗨玩嘉年华长垣店,河南省长垣市银河新天地二楼,,,maimai_dx,,wahlap
迪芝尼云浮盈信广场店,云浮市郁南县都城镇城中路10号盈信广场二层,,,maimai_dx,,wahlap
迪芝尼南宁南百ngs店,广西南宁市西乡塘区大学东路98号南百NGS三楼迪芝尼电玩城,,,maimai_dx,,wahlap
迪芝尼梧州金苑梦之岛店,广西壮族自治区梧州市长洲区新兴三路3号梦之岛购物广场市政广场店3楼迪芝尼主题乐园,,,maimai_dx,,wahlap
迪芝尼梧州龙圩店,广西壮族自治区梧州市龙圩镇龙圩一路67号龙湖国际商业城三楼,,,maimai_dx,,wahlap
迪迪冒险乐园鄂州鄂城店,湖北省鄂州市鄂城区南浦国际广场56号迪迪冒险乐园,,,maimai_dx,,wahlap
迪迪玛特贵阳南明花果园店,贵州省贵阳市南明区花果园购物中心迪迪玛特超乐场,,,maimai_dx,,wahlap
速翼电玩锦州古塔店,辽宁省锦州市古塔区锦绣前程商场三楼极速翼电玩娱乐中心,,,maimai_dx,,wahlap
遇见未来临沂兰山万象汇店,山东省临沂市兰山区万象汇L-301遇见未来,,,maimai_dx,,wahlap
遇见王国成都金牛店,四川省成都市金牛区华侨城欢乐谷儿童馆一楼遇见王国,,,maimai_dx,,wahlap
遇见王国达州财富中心店,四川省达州市渠县渠江街道财富中心三楼遇见王国,,,maimai_dx,,wahlap
邢台信都知止商城,河北省邢台市信都区冶金南路物兴广场知止商城,,,maimai_dx,,wahlap
部落酷玩义乌众安店,浙江省金华市义乌市城西街道雪峰西路1668号2楼201-202,,,maimai_dx,,wahlap
部落酷玩厦门同安店,福建省厦门市同安区环城南路厦门同安宝龙广场二楼部落酷玩,,,maimai_dx,,wahlap
部落酷玩厦门集美店,福建省厦门市集美区侨英街道同集南路68号集美银泰301室部落酷玩,,,maimai_dx,,wahlap
部落酷玩台州临海宝龙广场店,浙江省台州市临海市杜桥镇宝龙广场3楼部落酷玩,,,maimai_dx,,wahlap
部落酷玩台州椒江宝龙城店,浙江省台州市椒江区黄海公路宝龙城二楼部落酷玩,,,maimai_dx,,wahlap
部落酷玩台州温岭店,浙江省台州市温岭市城东街道横湖东路北侧万达广场二楼部落酷玩,,,maimai_dx,,wahlap
部落酷玩温州平阳万达店,浙江省温州市平阳县鳌江镇车站大道万达商业广场3楼部落酷玩,,,maimai_dx,,wahlap
部落酷玩温州瓯海店,浙江省温州市瓯海区娄桥街道瓯海大道1299号三楼3010-3013,,,maimai_dx,,wahlap
部落酷玩金华武义店,浙江省金华市武义县壶山街道温泉北路6号金湖商业中心1楼L3025L3026,,,maimai_dx,,wahlap
部落酷玩金华永康店,浙江省金华市永康市西城街道解放街188号宝龙广场A馆3楼部落酷玩,,,maimai_dx,,wahlap
都市乐园游艺中心,"天河区员村二横路兰亭街2号天河都市广场(百佳)4层, 广州市(CANTON), 广东省 (Guangdong Province)",23.1196529,113.3628244,taiko,,ziv
都市幻想昆山花桥中骏世界城店,江苏昆山市花桥镇俞巷路19号花桥中骏世界城4楼都市幻想,,,maimai_dx,,wahlap
都市玩家上海闵行万达店,上海市闵行区都市路2700号颛桥万达3楼都市玩家,,,maimai_dx,,wahlap
都市玩家利川店,湖北省利川市东城路88号三合嘉百货五楼都市玩家,,,maimai_dx,,wahlap
都市玩家南通海安店,江苏省南通市海安市黄海大道29号星湖001商业广场二楼都市玩家,,,maimai_dx,,wahlap
都市玩家武汉武昌司门口店,湖北省武汉市武昌区解放路389号一楼F1-F14室都市玩家,,,maimai_dx,,wahlap
都市玩家武汉洪山店,湖北省武汉市洪山区珞喻路4号乐天城负一楼,,,maimai_dx,,wahlap
都市玩家江汉路大润发店,湖北省武汉市江汉区江汉路大润发一楼都市玩家,,,maimai_dx,,wahlap
都市玩家荆门掇刀万达店,湖北省荆门市掇刀区万达广场4楼都市玩家,,,maimai_dx,,wahlap
都市玩家西安太白印象城店,陕西省西安市碑林区太白印象城负一楼,,,maimai_dx,,wahlap
都市英雄株洲醴陵奥特莱斯店,湖南省株洲市醴陵市润鲨奥特莱斯二楼,,,maimai_dx,,wahlap
都市酷炫电玩城朔州怀仁元盛店,朔州市怀仁市云中大街元盛购物广场二楼,,,maimai_dx,,wahlap
酷乐光年沈阳和平店,辽宁省沈阳市和平区玖伍文化城一楼酷乐光年家庭游乐中心,,,maimai_dx,,wahlap
酷乐光年沈阳浑南店,辽宁省沈阳市浑南区营盘街7号花园城购物中心3楼321.322档酷乐光年家庭娱乐中心,,,maimai_dx,,wahlap
酷乐光年辽阳友谊商场店,辽宁省辽阳市白塔区新运大街73号友谊商城一部,,,maimai_dx,,wahlap
酷乐多龙岩上杭万达店,福建省龙岩市上杭万达广场二楼酷乐多,,,maimai_dx,,wahlap
酷乐大玩家鄂尔多斯店,内蒙古鄂尔多斯市东胜区星河COCO City二期二楼,,,chunithm;maimai_dx,,wahlap
酷乐思池州贵池同晖城市广场店,安徽省池州市贵池区同晖城市广场1楼106酷乐思电玩城,,,maimai_dx,,wahlap
酷乐星球太原富力广场店,山西省太原市杏花岭区北中环富力广场三层西区,,,maimai_dx,,wahlap
酷乐王国廊坊固安万汇广场店,河北省廊坊市固安县万汇广场二期二楼酷乐王国,,,maimai_dx,,wahlap
酷乐王国沧州河间店,河北省沧州市河间市嘉浩城市广场二楼酷乐王国,,,maimai_dx,,wahlap
酷乐电玩城 Kule Arcade,"Qinghe Building, No.60 Qingyuan Road, Xiqing District, Tianjin, Tianjin, 300380",39.1373762,117.0018635,maimai_dx,,ziv
酷乐街区兴化临城吾悦店,江苏省兴化市临城街道中和西路99号吾悦广场二楼Z18号,,,maimai_dx,,wahlap
酷乐迪 Coolerdy,"5th Floor, Xing Wanda Plaza, No. 419 Guanlan Avenue,, Longhua District, Shenzhen City, Guangdong, 518110",22.7216545,114.0532883,jubeat;other,,ziv
酷力酷淮北杜集吾悦广场店,安徽省淮北市杜集区高岳街道吾悦广场四楼酷力酷家庭娱乐中心,,,maimai_dx,,wahlap
酷力酷电玩城萧县龙城国购店,安徽省萧县中山路与淮海路交叉口龙城国购负一楼万尚城商场酷力酷电玩城,,,maimai_dx,,wahlap
酷动乐园德州夏津德百广场店,山东省德州市夏津县德百广场4楼酷动乐园,,,maimai_dx,,wahlap
酷动乐园德州澳德乐店,山东省德州市经济开发区澳德乐时代广场酷动乐园,,,maimai_dx,,wahlap
酷卡贝宣城宣州星隆店,安徽省宣城市宣州区星隆国际2楼酷卡贝,,,maimai_dx,,wahlap
酷咔库潮玩街区济宁兖州店,山东省济宁市兖州区万象汇购物广场三楼,,,maimai_dx,,wahlap
酷哆啦长沙天心万家丽店,湖南省长沙市天心区万家丽南路暮云街道步步高广场二F酷哆啦家庭娱乐中心,,,maimai_dx,,wahlap
酷奇科幻城义乌店,浙江省义乌市稠城街道朝阳门五区2-025,,,maimai_dx,,wahlap
酷奇绍兴越城店,浙江省绍兴市越城区塔山街道金帝银泰城1幢3F202,,,maimai_dx,,wahlap
酷客领域太原龙湖万达店,山西省太原市龙湖万达广场三楼酷客领域,,,maimai_dx,,wahlap
酷客领域廊坊广阳店,河北省廊坊市广阳区解放道街道新朝阳购物中心四楼酷客领域,,,maimai_dx,,wahlap
酷客领域徐州万达广场店,江苏省徐州市万达广场2楼2F-A,,,maimai_dx,,wahlap
酷客领域沧州吾悦店,河北省沧州市运河区吾悦广场二楼酷客领域电玩城,,,maimai_dx,,wahlap
酷洛潮漫湘潭岳塘店,湖南省湘潭市岳塘区建设路102号八楼酷洛潮漫,,,chunithm;maimai_dx,,wahlap
酷洛潮漫郴州北湖店,湖南省郴州市北湖区人民路街道国庆北路步步高置业新天地1200一楼B馆1002A商铺,,,maimai_dx,,wahlap
酷游猩球阜新细河万达广场店,辽宁省阜新市细河区解放大街甲17号万达广场三楼酷游猩球,,,maimai_dx,,wahlap
酷漫地带德阳旌阳店,四川省德阳市旌阳区洋洋百货五楼,,,maimai_dx,,wahlap
酷漫地带成都新都苏宁店,四川省成都市新都区蜀龙大道中段1333号苏宁易购广场三楼酷漫地带,,,maimai_dx,,wahlap
酷漫地带成都金牛龙湖天街店,四川省成都市金牛区龙湖上城天街三楼酷漫地带,,,chunithm;maimai_dx,,wahlap
酷漫地带泸州龙马潭步步高店,四川省泸州市龙马潭区步步高新天地商场2楼,,,maimai_dx,,wahlap
酷漫地带自贡爱琴海店,四川省自贡市高新区华商爱琴海A馆4楼酷漫地带F4019B号铺,,,maimai_dx,,wahlap
酷漫总动员成都郫都店,四川省成都市郫都区犀浦镇双铁路69号负一层47、48、49、51号酷漫总动员,,,maimai_dx,,wahlap
酷漫潮玩勇士南宁青秀店,广西壮族自治区南宁市青秀区民族大道131号会展航航城三楼酷漫潮玩勇士,,,maimai_dx,,wahlap
酷潮星空金华金东万达店,浙江省金华市金东区万达广场二楼酷潮星空,,,maimai_dx,,wahlap
酷炫娱乐中心东莞樟木头店,广东省东莞市樟木头镇石新东城街1号汇景香樟公馆13栋201室酷炫娱乐中心,,,chunithm;maimai_dx,,wahlap
酷炫电玩安阳华强新天地店,河南省安阳市文峰区华强新天地酷炫电玩,,,maimai_dx,,wahlap
酷炫缤纷佛山高明盈信店,广东省佛山市高明区盈信广场2楼酷炫缤纷,,,maimai_dx,,wahlap
酷熊电玩呼伦贝尔友谊北方店,内蒙古自治区呼伦贝尔市满洲里市兴华街道五道街友谊北方商厦三楼酷熊电玩,,,maimai_dx,,wahlap
酷熊酷玩 Cool bear,"3F, Jinzeyuan Shiguangli, Lane 99 Hongwan Road, Jiangwan Town, H, Hongkou District, Shanghai, Shanghai, 200080",31.3140130,121.4662710,other;taiko,,ziv
酷猫电玩城韶关翁源新都汇店,韶关市翁源县龙仙镇锦绣路46号锦绣新都汇二楼,,,maimai_dx,,wahlap
酷玩 e 族淮北相山万达店,淮北市相山区万达广场二楼酷玩 e 族,,,maimai_dx,,wahlap
酷玩E族丹江口丹传公司店,湖北省十堰市丹江口市丹江大道46号丹传公司4号楼2层,,,maimai_dx,,wahlap
酷玩e族宝贝王绍兴店,浙江省绍兴市上虞万达达广州一楼,,,maimai_dx,,wahlap
酷玩e族宿州埇桥万达店,安徽省宿州市埇桥区CBD万达广场4楼酷玩e族,,,maimai_dx,,wahlap
酷玩e族昆山碧乐时光店,江苏省昆山市前进西路300号昆山碧乐时光三层3006铺,,,maimai_dx,,wahlap
酷玩e族杭州拱墅吾悦广场店,浙江省杭州市拱墅区吾悦广场负一楼酷玩e族,,,maimai_dx,,wahlap
酷玩e族淮北相山碧乐城,安徽省淮北市相山区桓谭路碧乐城三楼酷玩e族,,,chunithm;maimai_dx,,wahlap
酷玩e族绍兴嵊州和悦时代广场店,浙江省绍兴市嵊州市和悦时代广场三楼酷玩e族,,,maimai_dx,,wahlap
酷玩E族老河口武商店,湖北省襄阳市老河口市胜利路武商汇四楼酷玩翼族电玩城,,,maimai_dx,,wahlap
酷玩e族襄阳谷城旺恒国际广场店,襄阳市谷城县谷丰街16号旺恒国际广场金座3楼酷玩e族,,,maimai_dx,,wahlap
酷玩嘉年华上饶信州万力时代店,江西省上饶市信州区滨江东路万力时代三楼酷玩,,,maimai_dx,,wahlap
酷玩嘉年华宜春丰城店,江西省宜春市丰城市孙渡街道丰跃名城三楼酷玩嘉年华,,,maimai_dx,,wahlap
酷玩地带呼伦贝尔海拉尔店,内蒙古自治区呼伦贝尔市海拉尔区胜利街道龙凤新天地购物广场四层F4-045号,,,maimai_dx,,wahlap
酷玩常德武陵店,湖南省常德市武陵区步行街25号酷玩超乐场,,,maimai_dx,,wahlap
酷玩时代兰州城关店,甘肃省兰州市城关区雁滩路3113号欣大购物广场三楼,,,maimai_dx,,wahlap
酷玩时代海口吾悦广场店,海南省海口市新城吾悦广场3楼3020号商铺,,,chunithm,,wahlap
酷玩时代海口新城吾悦广场店,海口市龙华区椰海大道吾悦广场商场内三层酷玩时代电玩城,,,maimai_dx,,wahlap
酷玩时代肇庆四会吾悦广场店,广东省肇庆市四会市商业大道吾悦广场三层酷玩时代电玩城,,,chunithm;maimai_dx,,wahlap
酷玩猩球保定曲阳永宁店,河北省保定市曲阳县永宁广场三楼酷玩猩球电玩城,,,maimai_dx,,wahlap
酷玩猩球廊坊大城明珠店,河北省廊坊市大城县明珠商厦,,,maimai_dx,,wahlap
酷玩猩球沈阳吾悅广场店,辽宁省沈阳市大东区吾悅广场三楼酷玩猩球游乐场,,,chunithm;maimai_dx,,wahlap
酷玩猩球沧州黄骅华贸店,河北省沧州市黄骅市华贸商厦负一酷玩猩球,,,maimai_dx,,wahlap
酷玩猩球沧州黄骅金宝城市店,河北省沧州市黄骅市金宝城市广场二楼,,,maimai_dx,,wahlap
酷玩猩球济宁吾悦店,山东省济宁市任城区吾悦广场三楼酷玩猩球,,,chunithm;maimai_dx,,wahlap
酷玩猩球青岛万达广场店,山东省青岛市万达广场二楼酷玩猩球,,,maimai_dx,,wahlap
酷玩空间 Coolplay Space (SHANGHAI LEGOLAND),"Lefen Road (LEGOLAND area), Jinshan District, Shanghai, Jinshan District, Shanghai, Shanghai, 201500",30.8868682,121.0909216,chunithm;maimai_dx,,ziv
酷玩空间 Coolplay Space (上海世纪汇店) ★,"B1 (LG1), Century Link Plaza, No.1192 Century Avenue, Pudong New District, Shanghai, Shanghai, 200120",31.2295323,121.5228398,chunithm;jubeat;maimai_dx;taiko,,ziv
酷玩空间 Coolplay Space (上海环球港 Global Harbor) ★,"B1 Floor, Global Harbor, No.3300 Zhongshan North Road, Putuo District, Shanghai, Shanghai, 200062",31.2363987,121.4085386,chunithm;jubeat;maimai_dx;other;sdvx;taiko,,ziv
酷玩空间上海世纪汇店,上海市浦东新区世纪大道1192号世纪汇负一楼酷玩空间,,,chunithm;maimai_dx,,wahlap
酷玩空间上海普陀环球港店,上海市普陀区环球港负一楼酷玩空间,,,chunithm;maimai_dx,,wahlap
酷玩空间东营吾悦广场店,山东省东营市东营区黄河路吾悦广场三楼酷玩空间,,,chunithm;maimai_dx,,wahlap
酷玩空间佛山顺德印象城店,广东省佛山市顺德区东乐路268号印象城购物中心3楼,,,chunithm;maimai_dx,,wahlap
酷玩空间宿迁宝龙广场店,江苏省宿迁市宿城区宝龙广场四楼酷玩空间,,,chunithm;maimai_dx,,wahlap
酷玩空间烟台吾悦广场店,山东省烟台市芝罘区芝罘屯路吾悦广场3楼酷玩空间,,,chunithm;maimai_dx,,wahlap
酷玩空间盐城盐都店,江苏省盐城市盐都区西环路88号万达广场三楼酷玩空间,,,maimai_dx,,wahlap
酷玩空间绍兴大悦城店,浙江省绍兴市越城区国金大悦城三楼酷玩空间,,,chunithm;maimai_dx,,wahlap
酷玩竞界郑州郑东新区店,河南省郑州市郑东新区太格茂购物中心三层酷玩竞界,,,maimai_dx,,wahlap
酷玩联盟哈尔滨南岗黑域店,黑龙江省哈尔滨市南岗区哈西西城红场三楼,,,maimai_dx,,wahlap
酷玩街区合肥蜀山店,安徽省合肥市蜀山区望江西路大唐国际购物广场2号门一楼酷玩街区,,,maimai_dx,,wahlap
酷豆番荆州沙市店,湖北省荆州市沙市区人信汇负一楼酷豆番电玩公社,,,maimai_dx,,wahlap
酷豆番襄阳襄城店,湖北省襄阳市襄城区檀溪路306号美联购物中心一楼酷豆番电玩公社,,,maimai_dx,,wahlap
酷迪炫乌海海勃湾万达店,内蒙古自治区乌海市海勃湾区万达3F-C-A-B,,,chunithm;maimai_dx,,wahlap
酷顽码头动漫娱乐城(市图),"艾斯广场1层，未央路(R.Weiyang)，未央区, Weiyang District, Xi'an, 710000",34.3219808,108.9419022,maimai_dx,,ziv
酷风游乐场绍兴越城颐高广场店,绍兴市越城区颐高广场 3 楼酷风游乐场,,,maimai_dx,,wahlap
酷龙奇纪临沂沂水银座店,山东省临沂市沂水县银座商城三楼酷龙奇纪,,,maimai_dx,,wahlap
酷龙奇纪日照莒县店,山东省日照市莒县正基时代广场正基商场5楼酷龙奇纪家庭娱乐中心,,,maimai_dx,,wahlap
酷龙奇纪淄博桓台店,山东省淄博市桓台县城区街道中心大街1650号惠仟佳商场四楼南部东区,,,maimai_dx,,wahlap
量子攻略北京大兴旧宫店,北京市大兴旧宫住总万科广场五楼量子攻略,,,maimai_dx,,wahlap
量子攻略北京新奥店,北京市朝阳区湖景东路新奥购物中心,,,chunithm;maimai_dx,,wahlap
量子攻略北京朝阳金隅嘉品店,北京市朝阳区东坝中路金隅嘉品mall3层量子攻略游戏体验中心,,,maimai_dx,,wahlap
量子攻略大兴龙湖天街店,北京市大兴区永兴路7号院1号楼2F-23,,,maimai_dx,,wahlap
量子攻略游戏体验中心(新奥购物中心店),"湖景东路9号新奥购物中心B1层H1-01, Chaoyang District, Beijing, Beijing, 100120",39.9988540,116.3902330,chunithm;maimai_dx,,ziv
量子攻略（龙湖大兴天街店）,"No.7 Yongxing Road, Longfor Daxing Paradise Walk, 2F, Daxing Dis, Daxing District, Beijing, Beijing, 102600",39.6850302,116.3142797,maimai_dx,,ziv
量子时空舱长沙店,湖南省长沙市万家丽北路19号蟠龙时代广场,,,maimai_dx,,wahlap
量子空间杭州东站西广场C座店,浙江省杭州市江干区火车东站西广场C座一层量子空间未来主题乐园,,,maimai_dx,,wahlap
量子风爆泉州南安店,福建省泉州市南安市水头镇时代新城悦好惠客多超市（水头店）二楼量子风爆电玩城,,,maimai_dx,,wahlap
金乐汇北安大润发店,黑龙江省北安市上海路88号大润发超市二楼金乐汇电玩城,,,maimai_dx,,wahlap
金太阳六安金安海心沙店,安徽省六安市金安区兴隆路海心沙广场3号门二楼金太阳儿童乐园,,,maimai_dx,,wahlap
金太阳芜湖南陵雄风店,安徽省芜湖市南陵县雄风购物中心,,,maimai_dx,,wahlap
金思乐海淀U悦店,河北省三河市燕郊开发区鑫乐汇肯德基楼上三楼金思乐,,,maimai_dx,,wahlap
金木一郎动漫游戏体验馆,"广东省东莞市莞城新风路8号新干线商场3楼, 东莞市(Dongguan), 广东省 (Guangdong Province)",23.0449011,113.7537396,jubeat;other,,ziv
金满家天津宝坻天赋源店,天津市宝坻区天赋源A座三楼金满家电玩城,,,chunithm;maimai_dx,,wahlap
金满家电玩城,"Building A, Tianfuyuan Commercial Plaza, Baoping Street, Baodi District, Tianjin, Tianjin, 301800",39.7146770,117.3043900,chunithm;maimai_dx;other,,ziv
金满贯电玩城宿州萧县学府花园店,宿州市萧县龙河街道学府花园4-101铺二楼,,,maimai_dx,,wahlap
金碧辉煌电玩哈尔滨南岗店,黑龙江省哈尔滨市南岗区学府路53号哈西综合批发市场负一层1厅282930号商铺,,,maimai_dx,,wahlap
金色年华中街新玛特店,辽宁省沈阳市大东区小东路1号中街新玛特7F,,,chunithm;maimai_dx,,wahlap
金色年华于洪新玛特店,辽宁省沈阳市于洪区黄海路45号新玛特7楼金色年华电玩,,,maimai_dx,,wahlap
金色年华市府恒隆店,沈阳市沈河区青年大街1号 市府恒隆广场负一层 B127,,,chunithm;maimai_dx,,wahlap
金色年华沈阳大东大悦城店,辽宁省沈阳市大东区小东路5号大悦城B座4楼金色年华,,,maimai_dx,,wahlap
金色年华皇城恒隆广场店,辽宁省沈阳市沈河区中街路128号恒隆广场3楼,,,chunithm;maimai_dx,,wahlap
金钻潮玩运动馆松原宁江店,吉林省松原市宁江区铂金路金钻百货大楼六楼,,,maimai_dx,,wahlap
金银岛电玩游戏中心,"101 Chaoyang North Road (Qingnian Road intersection) Chaoyang Da, 朝阳北路101号（青年路口）朝阳大悦城F8层8FDD01, Beijing, Chaoyang District, 100123",39.9239219,116.5194438,other,,ziv
鑫乐迪家庭娱乐中心通化东昌万达广场店,通化市东昌区万达广场二楼A号鑫乐迪家庭娱乐中心,,,maimai_dx,,wahlap
鑫乐迪梅河口维港城店,吉林省梅河口市维港城三楼鑫乐迪家庭娱乐中心,,,maimai_dx,,wahlap
鑫动空间常州新北区万达广场店,常州市新北区万达广场三楼,,,maimai_dx,,wahlap
鑫天空之城哈尔滨阿城区店,黑龙江省哈尔滨市阿城区鑫城街道印象城5楼鑫天空之城,,,maimai_dx,,wahlap
鑫汇动漫城,"新会区大新路50号星汇广场二楼, Jiangmen Shi, Guangdong Sheng, 529100",22.5199279,113.0371953,jubeat;other,,ziv
鑫鑫游乐,"2F, Liaosheng Life Plaza, No.2325 Dongchuan Road, Minhang District, Shanghai, Shanghai, 200241",31.0129486,121.4072031,drs;other,,ziv
银川金凤万达大玩家,宁夏回族自治区银川市金凤区正源北街金凤万达广场三号门二楼大玩家,,,maimai_dx,,wahlap
银度星空成都武侯店,四川省成都市武侯区洗面桥街20号1栋3层23号银度星空家庭潮玩中心,,,maimai_dx,,wahlap
银河壹号济南槐荫西美广场店,济南市槐荫区兴福街道青岛路西美广场印象济南泉世界4区6号楼二层201,,,maimai_dx,,wahlap
银河大冒险淮安清江浦万达广场店,江苏省淮安市清江浦万达广场2楼,,,maimai_dx,,wahlap
银河潮玩伊犁环球港店,新疆维吾尔自治区伊犁哈萨克自治州环球港7楼,,,maimai_dx,,wahlap
银河系大连恒隆广场店,辽宁省大连市西岗区中山路281号印象城A栋二楼,,,chunithm;maimai_dx,,wahlap
银泰城哈尔滨群里银泰城店,黑龙江省哈尔滨市群里银泰城大玩家,,,maimai_dx,,wahlap
长乐门欢乐汇石家庄勒泰中心店,河北省石家庄市勒泰中心D座1楼,,,maimai_dx,,wahlap
闪动联萌六安金安万达店,安徽省六安市金安区中市街道皋城路与球拍路交叉口万达广场2F-AA号商铺闪动联萌电玩城,,,maimai_dx,,wahlap
闪电部落(华东·万和城),"4th floor, Shopping Wanhe city(华东万和城购物中心), R. Changying, Xi'an, Shannxi, 710000",34.2797726,108.9898039,maimai_dx;other;taiko,,ziv
闪电部落·欢乐世界(西市城),"西安市碑林区劳动南路1号大润发3楼, 西安市, 陕西省(Shaanxi Province), 710000",34.2465037,108.9044579,gitadora;maimai_dx;other;taiko,,ziv
闪电部落西安新城益田假日店,陕西省西安市新城区长乐东路益田假日广场F3,,,maimai_dx,,wahlap
阳光狮乐园信阳光山店,河南省信阳市光山县二环路与健康路交叉口西亚城市广场五楼阳光狮乐园,,,maimai_dx,,wahlap
阳光狮乐园信阳息县丽宝店,河南省信阳市息县西亚丽宝广场四楼阳光狮乐园,,,chunithm,,wahlap
阳光狮乐园信阳淮滨店,河南省信阳市淮滨县淮滨美悦广场四楼阳光狮乐园,,,chunithm,,wahlap
阳光狮乐园信阳西亚和悦店,河南省信阳潢川县南城弋阳路西亚和悦广场,,,chunithm,,wahlap
阳光狮乐园固始丽宝广场店,河南省信阳市固始县蓼北路与民主路交叉口,,,chunithm;maimai_dx,,wahlap
阳光狮乐园罗山西亚美悦广场,河南省信阳市罗山县城关镇西亚美悦广场六楼阳光狮,,,chunithm,,wahlap
阿凡达&快乐荟太原锦熙广场店,山西省太原市小店区学府东街与许东路交叉口锦熙广场快乐购超市对面阿凡达&快乐荟动漫游乐中心,,,maimai_dx,,wahlap
阿凡达&爱悦荟太原迎泽星悦茂店,山西省太原市迎泽区东岗路22号星悦茂1号门阿凡达&爱悦荟家庭游乐中心,,,maimai_dx,,wahlap
阿凡达&爱玩荟太原清徐店,山西省太原市清徐县徐沟镇民乐街供电南侧一号七彩生活购物广场三层阿凡达&爱玩荟,,,chunithm;maimai_dx,,wahlap
阿凡达&爱玩荟昆明店,云南省昆明市西山区南坝路昆明大悦城D区三楼,,,chunithm;maimai_dx,,wahlap
阿凡达&爱玩荟晋中店,山西省晋中市平遥县城西街道顺城路599号平遥漫乐城购物中心一层内街中区阿凡达&爱玩荟电玩城,,,maimai_dx,,wahlap
阿凡达&爱玩荟朝阳华腾新天地店,北京市朝阳区东四环中路195号阿凡达&爱玩荟北京华腾新天地店,39.8842526,116.4821992,chunithm;jubeat;maimai_dx;other;taiko,,wahlap;ziv
阿凡达晋中榆次店,山西省晋中市榆次区校园驿站漫乐城店北秀城区二楼阿凡达潮玩荟,,,maimai_dx,,wahlap
阿凡达潮玩荟吕梁交城店,山西省吕梁市交城县天宁镇千禧购物广场阿凡达潮玩荟,,,maimai_dx,,wahlap
阿凡达潮玩荟吕梁文水茂盛鑫都店,山西省吕梁市文水县则天大街茂盛鑫都,,,maimai_dx,,wahlap
阿凡达潮玩荟太原杏花岭全德隆购物广场店,山西省太原市杏花岭区迎春街全德隆购物广场一层阿凡达潮玩荟,,,maimai_dx,,wahlap
阿凡达潮玩荟忻州泛华奥莱广场店,山西省忻州泛华奥莱广场1层阿凡达潮玩荟,,,maimai_dx,,wahlap
阿凡达潮玩荟阳泉万达店,阳泉市郊区阳泉万达广场室内步行街2F层2033-2034号商铺阿凡达潮玩荟,,,maimai_dx,,wahlap
阿凡达爱玩荟北京北苑路店,北京市朝阳区奥运村街道北苑路42号K酷时尚广场四楼,,,chunithm;maimai_dx,,wahlap
阿凡达爱玩荟吕梁孝义店,山西省吕梁市孝义新义街道新义街255号华美新天地三层北片,,,maimai_dx,,wahlap
阿凡达爱玩荟太原国金店,山西省太原市综改区南中环街426号国际金融中心G座地下一层G132号商铺,,,maimai_dx,,wahlap
阿凡达爱玩荟太原小店乐都店,山西省太原市小店区坞城南路和康宁街交叉口乐都商贸二层,,,maimai_dx,,wahlap
阿凡达电玩山西太原柳巷店,山西省太原市迎泽区柳巷商业街工贸大厦四楼阿凡达电玩嘉年华,,,chunithm;maimai_dx,,wahlap
阿尔法Game Station,"中山路282号, Nanchang Shi, Jiangxi Sheng, 330000",28.6756457,115.8926886,maimai_dx;other;taiko,,ziv
阿尔法南昌西湖商夏店,江西省南昌市西湖区中山路282号西湖商厦负一楼阿尔法游艺中心,,,maimai_dx,,wahlap
阿岚电玩合肥蜀山店,安徽省合肥市蜀山区之心城商厦阿岚电玩,,,maimai_dx,,wahlap
阿布乐抓晋中榆次万达店,山西晋中市榆次区定阳路万达二楼  阿布乐抓B~2502,,,maimai_dx,,wahlap
阿拉丁绥化北林春天店,黑龙江省绥化市北林区中兴春天购物广场4层阿拉丁电玩城,,,chunithm;maimai_dx,,wahlap
陆地游轮第一江南成都成华店,成都市成华区昭觉横路80号,,,maimai_dx,,wahlap
雄霸风云丽水莲都店,浙江省丽水市莲都区中广未来城雄霸风云,,,maimai_dx,,wahlap
集潮时光昆明奥斯迪店,云南省昆明市盘龙区奥斯迪商务中心A座,,,maimai_dx,,wahlap
零点潮玩杭州滨江店,浙江省杭州市滨江区浦沿街道浦沿路773号,,,maimai_dx,,wahlap
雷庭电玩城,"Shehuishan Plaza, Xiqing District, Tianjin, Tianjin, 300800",39.0516680,117.0438290,maimai_dx,,ziv
雷霆1号临沂兰山店,山东省临沂市兰山区洗砚池街泰盛广场二期负一楼雷霆1号,,,maimai_dx,,wahlap
電波雀莊 Denpa Mahjong House,"Room 627, 6F, Jiacheng Center, Chengbei Subdistrict, Changping D, Changping District, Chengbei Subdistrict, Beijing, Beijing, 102200",40.2152330,116.2282640,chunithm;maimai_dx,,ziv
霸王潮玩阜南万宇店,安徽省阜阳市阜南县鹿城镇万宇步行街51号2霸王潮玩电玩城楼,,,maimai_dx,,wahlap
青云部落贵阳南明店,贵州省贵阳市南明区青云市集酒吧街青云部落电玩城,,,maimai_dx,,wahlap
青岛探索空间电玩城,"青岛市市北区台东商业步行街, 青岛市 (Qingdao), 山东省 (Shandong Province)",36.0833727,120.3553802,iidx;jubeat;other;popn;taiko,,ziv
青特万达广场二楼天空之城,山东省青岛市城阳区城阳街道正阳中路117号56号楼青岛青特万达广场2F-A号,,,maimai_dx,,wahlap
青芒游乐温州鹿城店,浙江省温州市鹿城区南汇街道府东路333号温印商业中心,,,maimai_dx,,wahlap
青鸾动漫郑州金水店,河南省郑州市金水区中方园路86号翰宇天悦城3号楼1单元二楼,,,maimai_dx,,wahlap
鞍山四隆广场主题公园,辽宁省鞍山市铁东区东山街55号,,,maimai_dx,,wahlap
韩城潮玩运动 Chaowan Sports（阳光）,"Chaowan Sports, 1st Floor, Sunshine Supermarket,, Cultural Center (文化中心阳光超市1楼潮玩运动), Hancheng, Weinan 韩城市 渭南市, Shannxi, 715400",35.4796265,110.4608399,maimai_dx,,ziv
韩多多梦幻城威海店,山东省威海市经区韩乐坊南首一层韩多多梦幻城,,,maimai_dx,,wahlap
顽乐引擎西安大明宫店,陕西省西安市未央区太华北路369号大明宫万达广场二楼,,,maimai_dx,,wahlap
顽楽引擎益阳万达店,湖南省益阳市赫山区万达广场三楼顽楽引擎,,,maimai_dx,,wahlap
顽樂引擎西安店,陕西省西安市未央区大明宫万达广场娱乐楼Z-2F-AA号顽楽引擎,,,chunithm;maimai_dx,,wahlap
顽猩超乐场惠州惠城华贸天地店,广东省惠州市惠城区华贸天地3楼3150乐顽猩超乐场,,,maimai_dx,,wahlap
顿雷电玩城呼伦贝尔伊仕丹商场店,内蒙古自治区呼伦贝尔市海拉尔区正阳街道伊仕丹商场内六层6F01.02.04,,,maimai_dx,,wahlap
领尚环游乐园营口鲅鱼圈店,辽宁省营口市鲅鱼圈区商业大厦三楼,,,maimai_dx,,wahlap
风之谷电玩娱乐中心邯郸涉县龙山广场店,邯郸市涉县龙山广场三楼,,,maimai_dx,,wahlap
风云再起,"昆明市五华区威远街168号金鹰购物广场B座F7层, Kunming Shi, Yunnan Sheng, 650000",25.0403161,102.7141401,other,,ziv
风云再起 (咸阳正兴广场),"3rd Floor, Zhengxing Plaza, No. 11 Renmin Middle Road, Cinema Cr, (电影院十字人民中路11号正兴广场3层), Xianyang (咸阳市), Shannxi (陕西省), 712000",34.3368407,108.7096041,maimai_dx;other;taiko,,ziv
风云再起 Fengyun Arcade (上海宝山日月光店),"3F C-301, Baoshan Riyueguang Center, No.1933 Hutai Road, Baoshan District, Shanghai, Shanghai, 200436",31.2966693,121.4132211,chunithm;maimai_dx;taiko,,ziv
风云再起 Fengyun Arcade (百联中环购物广场),"3F, Bailian Zhonghuan Shopping Plaza, No.1288 Zhenguang Road, Putuo District, Shanghai, Shanghai, 200333",31.2472359,121.3790792,maimai_dx;taiko,,ziv
风云再起 Fengyun Arcade (莘庄维璟印象城店),"L4, Xinzhuang Weijing INCITY, No.1507 Qixin Road, Minhang Distri, Minhang District, Shanghai, Shanghai, 201100",31.1324510,121.3584910,maimai_dx;taiko,,ziv
风云再起(华润苏果店),"花山区雨山西路499号华润苏果1楼161号商铺, Maanshan Shi, Anhui Sheng, 243000",31.6688070,118.4984656,other,,ziv
风云再起(合肥店),"合肥市庐阳区淮河路步行街99号, Hefei Shi, Anhui Sheng, 230000",31.8643031,117.2934012,maimai_dx;other,,ziv
风云再起(昆明官渡古镇店),"官渡区官渡古镇仿古新大街16-17号2F, Kunming Shi, Yunnan Sheng",24.9569050,102.7576004,other,,ziv
风云再起(武汉大汉口城店),"2 Qianjin 5th Road, Wuhan Shi, Hubei Sheng, 430014",30.5790952,114.2901671,other,,ziv
风云再起(武汉店),"江汉区地铁二号线江汉路站JH2-009, Wuhan Shi, Hubei Sheng, 430072",30.5795493,114.2927226,maimai_dx;other,,ziv
风云再起(福州店),"台江区工业路199号中防万宝龙城L1层2-001商铺, Fuzhou, Fujian, 350001",26.0621280,119.2903483,other,,ziv
风云再起(苏州韩国城店),"姑苏区观前街碧凤坊41号韩国城3楼, Suzhou Shi, Jiangsu Sheng, 215000",31.3106716,120.6285656,other,,ziv
风云再起(长沙宁乡店),"宁乡市春城万象广场4#2F, Changsha Shi, Hunan Sheng, 410600",28.2515345,112.5496648,other,,ziv
风云再起(长沙店),"长沙市天心区黄兴南路步行商业街E区4层, Changsha Shi, Hunan Sheng",28.1887469,112.9760814,maimai_dx;other,,ziv
风云再起上海中环百联店,上海市普陀区真光路1288号中环百联3楼风云再起,,,maimai_dx,,wahlap
风云再起上海人民广场店,上海市黄浦区人民大道221号迪美广场负一楼227-229#,,,chunithm;maimai_dx,,wahlap
风云再起上海宝山日月光店,上海市宝山区沪太路1933号日月光中心三层,,,chunithm;maimai_dx,,wahlap
风云再起上海文峰广场店,上海市浦东新区张杨北路801号文峰广场4楼风云再起,,,maimai_dx,,wahlap
风云再起上海维璟广场店,上海市闵行区维璟广场四楼风云再起,,,maimai_dx,,wahlap
风云再起上海长泰广场店,上海市浦东新区外高桥保税区自由贸易试验区祖冲之路1239弄长泰广场地下一层59-1室风云再起,,,maimai_dx,,wahlap
风云再起上海龙阳广场店,上海市浦东新区龙阳路2000号2楼201室风云再起,,,maimai_dx,,wahlap
风云再起动漫体验中心,"江西省宜春市袁州区东风路, 宜春市, 江西省（Jiangxi Province）",27.7929566,114.3863004,jubeat,,ziv
风云再起动漫体验中心,"河南省郑州市管城区东太康路, 郑州(Zhengzhou), 河南 (Henan), 450001",34.7558186,113.6692393,jubeat;other;taiko,,ziv
风云再起动漫娱乐中心(北京店),"6F, New Generation Mall, No. 9 Zhongtangzi Hutong, Xicheng District, Beijing, Beijing, 100031",39.9128293,116.3665626,chunithm;maimai_dx;other,,ziv
风云再起北京北投爱琴海店,北京市通州区新华东街289号院1号楼北京北投爱琴海购物公园M层,,,maimai_dx,,wahlap
风云再起北京北投爱琴海店（通爱）,"新华东街289号院1号楼北京北投爱琴海购物公园M层, Beijing, China, Beijing, Beijing, 100000",39.9078323,116.6526429,maimai_dx;taiko,,ziv
风云再起北京西单明珠店,北京市西城区横二条59号楼7层1－263号7025风云再起,,,maimai_dx,,wahlap
风云再起北京西西友谊店,北京市西城区二环西单北大街109号西西友谊商城2层,,,chunithm;maimai_dx,,wahlap
风云再起北京西长安中骏世界城店,北京市门头沟区石龙东路与新城东街交叉口北京西长安中骏世界城4层M456B风云再起,,,maimai_dx,,wahlap
风云再起南京大观天地店,江苏省南京市鼓楼区建宁路300号大观天地2F-138号风云再起,,,maimai_dx,,wahlap
风云再起南京弘阳广场店,江苏省南京市浦口区泰山街道弘阳广场C馆3楼风云再起,,,maimai_dx,,wahlap
风云再起南京浦口弘扬广场店,江苏省南京市江北新区大桥北路48号弘阳广场C3区三层c3-314铺位,,,maimai_dx,,wahlap
风云再起南京软件谷店,江苏省南京市雨花台区中国南京软件谷软件大道109号雨花客厅EPARK购物中心3楼,,,maimai_dx,,wahlap
风云再起南京金茂览秀城店,江苏省南京市鼓楼区中央路201号金茂览秀城3楼,,,maimai_dx,,wahlap
风云再起南京金鹰店,江苏省南京市建邺区应天大街888号河西金鹰3楼,,,maimai_dx,,wahlap
风云再起南宁青秀爱琴海店,广西壮族自治区南宁市青秀区南湖街道民族大道181号爱琴海城市广场二楼,,,maimai_dx,,wahlap
风云再起合肥淮河路店,安徽省合肥市庐阳区淮河路步行街99号风云再起电玩城,,,chunithm;maimai_dx,,wahlap
风云再起咸阳店,咸阳市秦都区正兴广场三楼风云再起,,,maimai_dx,,wahlap
风云再起四川成都天府广场店,四川省成都市青羊区天府广场负一楼今站购物中心B50商铺,,,maimai_dx,,wahlap
风云再起大连胜利广场店,辽宁省大连市中山区青泥洼桥街道胜利广场28号夹层D102风云再起,,,maimai_dx,,wahlap
风云再起天津南京路店,天津市和平区南京路209号吉利大厦四楼,,,chunithm;maimai_dx,,wahlap
风云再起天津和平路店,天津市和平区和平路印象城A座一层风云再起游乐汇,,,chunithm;maimai_dx,,wahlap
风云再起太原东方商夏店,山西省太原市迎泽区钟楼街10号东方商夏风云再起,,,chunithm;maimai_dx,,wahlap
风云再起太原老鼠街店,山西省太原市迎泽区铜锣湾老鼠街尚品购物中心三层风云再起,,,maimai_dx,,wahlap
风云再起太原茂业店,山西省太原市小店区亲贤北街茂业天地三楼风云再起,,,maimai_dx,,wahlap
风云再起宿州苏宁广场店,安徽省宿州市埇桥区苏宁广场三层风云再起,,,maimai_dx,,wahlap
风云再起广州海珠富力店,广东省广州市海珠区富力海珠城B区6楼风云再起,,,chunithm;maimai_dx,,wahlap
风云再起徐州苏宁广场店,江苏省徐州市鼓楼区淮海西路29号苏宁广场3F326,,,maimai_dx,,wahlap
风云再起徐州鼓楼苏宁广场店,江苏省徐州市鼓楼区淮海东路29号苏宁广场3F326,,,chunithm,,wahlap
风云再起成都凯德店,四川省成都市金牛区凯德广场负一楼,,,maimai_dx,,wahlap
风云再起无锡清扬茂业天地店,江苏省无锡市梁溪区清扬路128号茂业天地3楼风云再起,,,chunithm;maimai_dx,,wahlap
风云再起无锡苏宁广场店,无锡市梁溪区人民中路111号无锡苏宁广场三层309E号商铺,,,maimai_dx,,wahlap
风云再起昆明瑞鼎城店,云南省昆明市盘龙区瑞鼎城悦容匯购物公园A馆4楼风云再起,,,maimai_dx,,wahlap
风云再起昆明金鹰店,云南省昆明市威远街168号金鹰B座7楼风云再起,,,maimai_dx,,wahlap
风云再起杭州店,浙江省杭州市下城区新天地购物中心五楼风云再起,30.3227193,120.1794903,maimai_dx;other,,wahlap;ziv
风云再起武汉江汉路站店,湖北省武汉市江汉区地铁二号线江汉路站JH2-009风云再起,,,maimai_dx,,wahlap
风云再起沈阳沈北华强广场店,辽宁省沈阳市沈北新区道义街道华强广场三楼风云再起,,,maimai_dx,,wahlap
风云再起浙江丽水银泰城店,浙江省丽水市莲都区宇雷路789号丽水银泰城店地上2层L2002室,,,maimai_dx,,wahlap
风云再起游乐汇 Fengyun Arcade (上海人民广场店) ★,"B1F, D Mall(迪美购物中心), Wusheng Road No.288, Huangpu District, Shanghai, Shanghai, 200003",31.2306146,121.4689314,chunithm;gitadora;maimai_dx;other;taiko,,ziv
风云再起游乐汇 Fengyun Arcade (南京常发广场),"3rd floor of Changfa Plaza., Xuanwu District, Nanjing, Jiangsu, 210008",32.0881672,118.8050585,maimai_dx;other;taiko,,ziv
风云再起游乐汇 Fengyun Arcade (南京弘阳广场),"3F, Building C3, Hongyang Plaza, No. 48 Daqiao North Road, Pukou District, Nanjing, Jiangsu, 210031",32.1404201,118.7212295,maimai_dx;other;taiko,,ziv
风云再起游乐汇 Fengyun Arcade (天津吉利大厦店),"4F, Milaiou Department Store, No.209 Nanjing Road (Jili Building, Heping District, Tianjin, Tianjin, 300051",39.1175410,117.1895940,chunithm;maimai_dx;other;taiko,,ziv
风云再起游乐汇 Fengyun Arcade (天津和平路店),"1st Floor, INCITY Mall Zone A, Heping Road, Heping District, Tianjin, Tianjin, 300041",39.1307760,117.1866592,chunithm;maimai_dx;other;sdvx;taiko,,ziv
风云再起游乐汇 Fengyun Arcade (天津远洋乐堤港店),"B1F, Tianjin Grand Canal Place（天津远洋乐堤港）,Jinbin Avenue No.160, Hedong District, Tianjin, Tianjin, 300161",39.1203389,117.2485399,maimai_dx;other,,ziv
风云再起游乐汇 Fengyun Arcade (文峰广场店),"4F, Wenfeng Plaza, No.801 Zhangyang North Road, Pudong New Area,, Pudong New Area 浦东新区, Shanghai 上海, Shanghai 上海, 201200",31.2736920,121.5830120,maimai_dx;taiko,,ziv
风云再起游乐汇 Fengyun Arcade (苏州观前街店),"No. 24 Shixianggong Lane,, Pingjiang District, Suzhou, Jiangsu, 215200",31.3137909,120.6202824,chunithm;maimai_dx;other;taiko,,ziv
风云再起游乐汇 Fengyun Arcade (长泰广场店),"金科路2889弄 (地铁2号线金科路站) Jinke Rd Station, Subway Line 2, 浦东新区, Shanghai, Shang Hai Shi, 201315",31.2081812,121.5976303,maimai_dx;other;sdvx;taiko,,ziv
风云再起游乐汇 Fengyun Arcade (龙阳广场店),"2F, Longyang Plaza, No.2000 Longyang Road, Pudong New District, Shanghai, Shanghai, 200120",31.2053120,121.5533448,maimai_dx;other;taiko,,ziv
风云再起电玩(二七广场店),"二七区德化街100号B1层尚潮汇A002号, Zhengzhou Shi, Henan Sheng, 450000",34.7506596,113.6652750,other,,ziv
风云再起秦皇岛店,河北省秦皇岛市海港区白塔岭街道河北大街西段368号茂业天地4楼风云再起,,,maimai_dx,,wahlap
风云再起芜湖镜湖苏宁广场店,安徽省芜湖市镜湖区中和路11号芜湖苏宁广场3楼风云再起,,,maimai_dx,,wahlap
风云再起苏州观前街店,江苏省苏州市姑苏区观前街粤海广场1号楼2层风云再起,,,chunithm;maimai_dx,,wahlap
风云再起贵州云岩店,贵州省贵阳市云岩区中山东路2号智诚百货大楼负一楼,,,maimai_dx,,wahlap
风云再起郑州七天地店,河南省郑州市郑东新区商务内环众意西路丹尼斯7天地BF层,,,maimai_dx,,wahlap
风云再起郑州大上海城店,河南省郑州市管城回族区东太康路大上海城1楼风云再起,,,chunithm;maimai_dx,,wahlap
风云再起郑州大卫城店,河南省郑州市金水区二七路西泰康路大卫城6楼风云再起,,,maimai_dx,,wahlap
风云再起钦州店,广西钦州市钦南区金海湾东大街1号新城吾悦广场第四层Z12风云再起,,,maimai_dx,,wahlap
风云再起镇江苏宁广场店,江苏省镇江市京口区解放路111号苏宁广场三楼风云再起,,,maimai_dx,,wahlap
风云再起长沙黄兴南路店,湖南省长沙市天心区黄兴广场E区四楼,,,maimai_dx,,wahlap
风云再起青岛金狮广场店,山东省青岛市崂山区香港东路195号天狮广场乙L2-01B风云再起,,,maimai_dx,,wahlap
风云再起（北京门头沟中骏世界城店）,"Xichang'an Zhongjun World City, 4th Floor, Mentougou District, B, Mentougou District, Beijing, Beijing, 102308",39.9102604,116.1192379,maimai_dx;taiko,,ziv
风云在线晋城白水东街万达广场店,晋城市城区白水东街万达广场3F-B,,,maimai_dx,,wahlap
风云星辰常州龙湖天街店,江苏省常州市钟楼区勤业路295号龙城天街01-3F-19b,,,maimai_dx,,wahlap
风云潮玩社揭阳揭东晟旺家购物广场店,广东省揭阳市揭东区磐东街道乔东村(环市北路北侧)乔兴路东一座10-11号晟旺家购物广场,,,maimai_dx,,wahlap
风云潮玩社潮州饶平康德广场店,广东省潮州市饶平县黄冈镇康德广场一楼风云潮玩社,,,maimai_dx,,wahlap
飞影传奇遂宁射洪店,四川省射洪市大榆镇万达广场三楼,,,maimai_dx,,wahlap
飞翔乐园南昌锦尚汇店,江西省南昌市南昌县东岳大道锦尚汇购物中心3楼飞翔乐园,,,maimai_dx,,wahlap
飞翔乐园驻马店环球港店,河南省驻马店市天中环球港3楼,,,maimai_dx,,wahlap
飞翔动漫周口沈丘店,河南省周口市沈丘县360广场三楼飞翔动漫,,,chunithm;maimai_dx,,wahlap
飞象动漫商丘梁园正弘汇店,河南省商丘市梁园区神火大道与凯四街交叉口正弘汇五楼飞象动漫,,,chunithm;maimai_dx,,wahlap
飞象动漫城河南周口店,河南省周口市川汇区七一路与五一路交叉路口好吃城四楼飞象家庭娱乐中心,,,maimai_dx,,wahlap
飞象动漫郑州金融岛店,河南省郑州市金融岛四区3楼3017,,,chunithm;maimai_dx,,wahlap
飞象家庭娱乐中心南阳豪盛百货店,南阳市中州路与人民路交叉口豪盛百货三楼东区飞象家庭娱乐中心,,,chunithm;maimai_dx,,wahlap
飞马王国宿迁泗洪店,江苏省宿迁市泗洪县泗洲吾悅三楼飞马王国,,,maimai_dx,,wahlap
饕餮游戏张家口中泰万和店,河北省张家口市中泰万和奥特莱斯e座3楼饕餮游戏俱乐部,,,maimai_dx,,wahlap
饭町音游上海金山店,上海市金山区张堰镇鲁堰村6组6038号,,,maimai_dx,,wahlap
骇客码头七彩云南第壹城店,云南省昆明市呈贡区乌龙街道七彩云南第壹城购物中心4楼,,,maimai_dx,,wahlap
骇客码头保山隆阳吾悦广场店,云南省保山市隆阳区吾悦广场三楼,,,maimai_dx,,wahlap
骇客码头合肥蜀山国购广场店,安徽省合肥市蜀山区三里庵街道国购广场三楼骇客码头,,,maimai_dx,,wahlap
骇客码头成都天府红店,四川省成都市锦江区春熙路街道染房街天府红8楼,,,chunithm;maimai_dx,,wahlap
骇客码头昆明五华吾悦店,云南省昆明市五华区王筇路吾悦广场三楼3037商铺,,,maimai_dx,,wahlap
骇客码头昆明五华百大店,云南省昆明市五华区护国街道东风西路2号百大新天地6A层骇客码头,,,maimai_dx,,wahlap
骇客码头昆明西山爱琴海店,云南省昆明市西山区福海街道金科爱琴海购物公园三楼骇客码头,,,maimai_dx,,wahlap
骇客码头昆明西山第壹城店,云南省昆明市西山区滇池路569号南亚风情第壹城A1栋3楼,,,maimai_dx,,wahlap
骇客码头昭通昭阳吾悦广场店,云南省昭通市昭阳区凤凰街道二环南路吾悦广场三楼骇客码头,,,maimai_dx,,wahlap
骇客码头昭通金池店,云南省昭通市金池购物中心二楼骇客码头,,,maimai_dx,,wahlap
骇客码头普洱思茅创基尚城店,云南省普洱市思茅区创基尚城3楼骇客码头,,,maimai_dx,,wahlap
骇客码头楚雄鹿城店,云南省楚雄彝族自治州楚雄市鹿城镇昆百大三楼骇客码头,,,maimai_dx,,wahlap
骇客码头西双版纳景洪店,西双版纳傣族自治州景洪市勐泐大道金版纳尚城爱琴海购物中心,,,maimai_dx,,wahlap
骑士玩国长开福大悦城店,湖南省长沙市开福区新河街道大悦城LG层南馆骑士玩国店,,,maimai_dx,,wahlap
骑士玩国长沙万家丽店,湖南省长沙市芙蓉区万家丽中路万家丽国际购物广场8楼,,,chunithm;maimai_dx,,wahlap
骑士玩国长沙天心悦方mall店,湖南省长沙市天心区坡子街街道悦方mall负一层骑士玩国,,,maimai_dx,,wahlap
骑士玩国长沙开福富兴店,湖南省长沙市开福区芙蓉中路311号CFC富兴时代商场钻石庭3楼骑士玩国,,,maimai_dx,,wahlap
骑士玩国长沙旭辉里店,湖南省长沙市雨花区旭辉里商场1B层,,,maimai_dx,,wahlap
骑士玩国长沙星沙万象汇店,湖南省长沙市长沙县星沙街道万象汇骑士玩国,,,maimai_dx,,wahlap
骑士玩国长沙运达店,长沙市雨花区长沙大道运达中央广场负一楼,,,maimai_dx,,wahlap
骑士玩国长沙雨花吉联店,湖南省长沙市雨花区劳动东路268号吉联mall三楼骑士玩国,,,maimai_dx,,wahlap
骑趣乐园广州海珠燕汇旗舰店,广东省广州市海珠区江燕路108号燕汇广场3楼骑趣乐园,,,chunithm;maimai_dx,,wahlap
骑趣乐园广州花都花邻荟店,广东省广州市花都区花山镇花山市场花邻荟广场2楼,,,maimai_dx,,wahlap
骑趣乐园贺州八步缤纷环球城店,广西壮族自治区贺州市八步区鞍山西路66号缤纷环球城2A栋2层骑趣乐园,,,chunithm;maimai_dx,,wahlap
骑趣乐园邵东缤纷环球城店,湖南省邵东市缤纷环球城三楼骑趣乐园,,,maimai_dx,,wahlap
魅影苍穹 (坂田百佳华),"3rd Floor, Jiahua Link Plaza, No. 635 Jihua Road,, Longgang District, Shenzhen City, Guangdong, 518112",22.6352829,114.0546192,chunithm;maimai_dx;other,,ziv
魅影苍穹东莞东城万达店,广东省东莞市东城区万达广场三楼魅影苍穹,,,chunithm;maimai_dx,,wahlap
魅影苍穹深圳宝安店,深圳市宝安区福海街道塘尾社区华强时代广场L3-06,,,chunithm;maimai_dx,,wahlap
魅影苍穹深圳龙岗店,广东省深圳市龙岗区坂田街道吉华路635号百佳华领汇广场三楼魅影苍穹,,,chunithm;maimai_dx,,wahlap
魅影苍穹潮玩城（宝安华强广场店）,"L3-06, Huaqiang Times Square, Tangwei Community, Fuhai Subdistri, Bao’an District 宝安区, Shenzhen City 深圳市, Guangdong Province 广东省, 518103",22.7028306,113.8111391,chunithm;maimai_dx;other,,ziv
魅影苍穹许昌长葛宇龙广场店,河南省许昌市长葛市长社路街道宇龙广场三楼3107-3109号,,,maimai_dx,,wahlap
魔兜欢乐岛台州椒江店,浙江省台州市椒江区黄海路5号宝龙城,,,maimai_dx,,wahlap
魔力嘉年华阜阳太和翰林店,安徽省阜阳市太和县第五街区14栋2层,,,maimai_dx,,wahlap
魔力嘟嘟城绍兴上虞店,浙江省绍兴市上虞区上百万悦城三楼魔力嘟嘟城,,,maimai_dx,,wahlap
魔力嘟嘟城绍兴上虞店,浙江省绍兴市上虞区曹娥街道上百万悦城购物中心3F,,,maimai_dx,,wahlap
魔力季（旧宫万科3F）,"3F L3025, Zhuzong Vanke Plaza, Building 1, Yard No.1 Zhongliang, Daxing District, Beijing, Beijing, 102600",39.8043289,116.4545024,maimai_dx,,ziv
魔力空间临平万达店,浙江省杭州市临平区临平万达3F魔力空间,,,chunithm;maimai_dx,,wahlap
魔力空间杭州龙湖天街店,浙江省杭州市上城区科城街龙湖天街368号3F-09/10_11_12,,,chunithm;maimai_dx,,wahlap
魔力空间潮玩社绍兴上虞店,浙江省绍兴市上虞区上百万和城二楼魔力空间潮玩社,,,chunithm,,wahlap
魔幻之城丽水青田店,浙江省丽水市青田县宝幢街49号魔幻之城,,,maimai_dx,,wahlap
魔方MIX北京亦庄华联店,北京市亦庄开发区荣华中路力宝华联购物中心3楼魔方MIX家庭娱乐中心,,,maimai_dx,,wahlap
魔方MIX北京海淀万象汇店,北京市海淀区西三旗万象汇四层魔方MIX,,,maimai_dx,,wahlap
魔方MIX北京顺义华联店,北京市顺义区新顺南大街8号华联购物中心3楼魔方MIX家庭娱乐中心,40.1268397,116.6466154,chunithm;maimai_dx;taiko,,wahlap;ziv
魔法奇缘福州万星广场店,福建省福州市长乐区吴航路988号万星广场二楼B019,,,maimai_dx,,wahlap
魔豆潮玩社利川都亭置地广场店,湖北省利川市都亭街道置地广场东区三楼魔豆潮玩社,,,maimai_dx,,wahlap
魔逗潮玩社建始店,湖北省恩施土家族苗族自治州建始县业州大道京桥国际城3楼,,,maimai_dx,,wahlap
魔逗潮玩社恩施和润城店,湖北省恩施土家族苗族自治州恩施市和润城A馆四楼,,,chunithm;maimai_dx,,wahlap
魔逗潮玩社荆州万达店,湖北省荆州市荆州区东城街道北京西路508号万达广场A坐二楼魔逗潮玩社,,,maimai_dx,,wahlap
魔逗潮玩社重庆江津店,重庆市江津区紫荆广场1楼魔逗潮玩社,,,maimai_dx,,wahlap
鱼乐游艺馆杭州临安人民广场店,浙江省杭州市临安区锦城街临安人民广场102号,,,maimai_dx,,wahlap
鲁卡奇乐园岳阳店,湖南省岳阳市岳阳楼区洛王新天地鲁卡奇乐园,,,maimai_dx,,wahlap
鲁比猩球长沙星沙吾悅广场店,湖南省长沙县星沙经济开发区吾悅广场三楼鲁比猩球,,,maimai_dx,,wahlap
鲸喜潮玩洛阳偃师万达店,河南省洛阳市偃师区杜甫大道万达广场四楼,,,maimai_dx,,wahlap
鸽屋咕咕咕南京金銮店,江苏省南京市秦淮区中山南路101号金銮大厦24楼c座鸽屋咕咕咕,,,maimai_dx,,wahlap
鸿艺忻州原平京原北路店,山西省忻州市原平市北城街道京原北路105号,,,maimai_dx,,wahlap
鹿鹿很忙电玩城绥化万达店,黑龙江省绥化市万达广场鹿鹿很忙电玩城二楼,,,maimai_dx,,wahlap
麦兜熊嘉峪关名嘉汇店,甘肃省嘉峪关市名嘉汇时尚中心二楼麦兜熊潮玩空间,,,maimai_dx,,wahlap
麦兜熊宣城缤纷环球城店,安徽省宣城市泾县缤纷环球城二楼麦兜熊潮玩空间,,,maimai_dx,,wahlap
麦秸星宁波余姚众安店,浙江省宁波市余姚新建北路217号众安时代广场三楼3045/3046麦秸星游艺中心,,,maimai_dx,,wahlap
麦趣熊 (梅江印象城店),"2F, Shop L2-19, Impression City, No.111 Youyi South Road, Xiqing District, Tianjin, Tianjin, 300380",39.0245190,117.2114950,taiko,,ziv
麦酷潮玩山东安丘店,山东省安丘市新安路与世贸大街交叉口茂街新天地3楼麦酷潮玩,,,maimai_dx,,wahlap
麦酷潮玩杭州拱墅银泰店,浙江省杭州市拱墅区祥符街道丰潭路380号城西银泰城2L麦酷潮玩空间,,,chunithm,,wahlap
麦酷电玩城廊坊广阳万向城店,河北省廊坊市广阳区裕华路交口万向城购物中心三楼麦酷电玩城,,,maimai_dx,,wahlap
黑桃国王福州闽侯正荣财富中心店,福州市闽侯县上街镇正荣财富中心,,,maimai_dx,,wahlap
黑桃国王福州闽侯永嘉天地店,福州市闽侯县上街镇永嘉天地永辉超市入口,,,maimai_dx,,wahlap
鼎顺电玩城福鼎水北店,福建省福鼎市水北村双架山1-5号,,,maimai_dx,,wahlap
齐悦儿家庭娱乐中心 (客都汇店),"广东省梅州市梅江区梅水路16号客都汇, 梅州市 Meizhou, 广东省 Guangdong Province, 514021",24.3019736,116.1276340,maimai_dx,,ziv
齐悦儿梅州客都汇店,广东省梅州市梅水路客都汇二楼齐悦儿家庭娱乐中心,,,maimai_dx,,wahlap
龙信体育世界南通店,江苏省南通市崇川区深南路8号龙信广场三楼龙信体育世界,,,maimai_dx,,wahlap
